VENDOR_SK,SOURCE_SYSTEM,SOURCE_VENDOR_ID,VENDOR_NAME,REGION,RATING,ONBOARDING_DATE,INSERT_DT,UPDATE_DT
1,Oracle Fusion,1,Vendor 1,EMEA,4.6,2023-04-16T00:00:00Z,2026-03-29T02:30:28.483044Z,2026-03-29T02:30:28.483044Z
2,Oracle Fusion,2,Vendor 2,NA,4,2025-09-15T00:00:00Z,2026-03-29T02:30:28.483044Z,2026-03-29T02:30:28.483044Z
3,Oracle Fusion,3,Vendor 3,EMEA,3.5,2023-07-23T00:00:00Z,2026-03-29T02:30:28.483044Z,2026-03-29T02:30:28.483044Z
4,Oracle Fusion,4,Vendor 4,NA,3.2,2023-06-19T00:00:00Z,2026-03-29T02:30:28.483044Z,2026-03-29T02:30:28.483044Z
5,Oracle Fusion,5,Vendor 5,EMEA,4.5,2023-02-13T00:00:00Z,2026-03-29T02:30:28.483044Z,2026-03-29T02:30:28.483044Z
6,Oracle Fusion,6,Vendor 6,APAC,4.9,2023-01-27T00:00:00Z,2026-03-29T02:30:28.483044Z,2026-03-29T02:30:28.483044Z
7,Oracle Fusion,7,Vendor 7,NA,4.3,2022-01-20T00:00:00Z,2026-03-29T02:30:28.483044Z,2026-03-29T02:30:28.483044Z
8,Oracle Fusion,8,Vendor 8,NA,3,2023-08-25T00:00:00Z,2026-03-29T02:30:28.483044Z,2026-03-29T02:30:28.483044Z
9,Oracle Fusion,9,Vendor 9,EMEA,2.8,2021-09-10T00:00:00Z,2026-03-29T02:30:28.483044Z,2026-03-29T02:30:28.483044Z
10,Oracle Fusion,10,Vendor 10,LATAM,4.6,2021-10-21T00:00:00Z,2026-03-29T02:30:28.483044Z,2026-03-29T02:30:28.483044Z
11,Oracle Fusion,11,Vendor 11,EMEA,4.4,2022-07-24T00:00:00Z,2026-03-29T02:30:28.483044Z,2026-03-29T02:30:28.483044Z
12,Oracle Fusion,12,Vendor 12,NA,4.8,2022-05-12T00:00:00Z,2026-03-29T02:30:28.483044Z,2026-03-29T02:30:28.483044Z
13,Oracle Fusion,13,Vendor 13,NA,3.9,2023-05-28T00:00:00Z,2026-03-29T02:30:28.483044Z,2026-03-29T02:30:28.483044Z
14,Oracle Fusion,14,Vendor 14,NA,3.4,2025-07-17T00:00:00Z,2026-03-29T02:30:28.483044Z,2026-03-29T02:30:28.483044Z
15,Oracle Fusion,15,Vendor 15,EMEA,3.9,2024-10-26T00:00:00Z,2026-03-29T02:30:28.483044Z,2026-03-29T02:30:28.483044Z
16,Oracle Fusion,16,Vendor 16,NA,4.4,2022-10-19T00:00:00Z,2026-03-29T02:30:28.483044Z,2026-03-29T02:30:28.483044Z
17,Oracle Fusion,17,Vendor 17,NA,4,2022-10-08T00:00:00Z,2026-03-29T02:30:28.483044Z,2026-03-29T02:30:28.483044Z
18,Oracle Fusion,18,Vendor 18,APAC,4,2022-02-04T00:00:00Z,2026-03-29T02:30:28.483044Z,2026-03-29T02:30:28.483044Z
19,Oracle Fusion,19,Vendor 19,LATAM,5,2022-06-26T00:00:00Z,2026-03-29T02:30:28.483044Z,2026-03-29T02:30:28.483044Z
20,Oracle Fusion,20,Vendor 20,NA,4.8,2021-07-12T00:00:00Z,2026-03-29T02:30:28.483044Z,2026-03-29T02:30:28.483044Z
21,Oracle Fusion,21,Vendor 21,EMEA,4.1,2021-08-10T00:00:00Z,2026-03-29T02:30:28.483044Z,2026-03-29T02:30:28.483044Z
22,Oracle Fusion,22,Vendor 22,EMEA,4.8,2025-02-23T00:00:00Z,2026-03-29T02:30:28.483044Z,2026-03-29T02:30:28.483044Z
23,Oracle Fusion,23,Vendor 23,EMEA,2.9,2023-12-28T00:00:00Z,2026-03-29T02:30:28.483044Z,2026-03-29T02:30:28.483044Z
24,Oracle Fusion,24,Vendor 24,NA,4.5,2022-03-13T00:00:00Z,2026-03-29T02:30:28.483044Z,2026-03-29T02:30:28.483044Z
25,Oracle Fusion,25,Vendor 25,NA,3.6,2024-04-29T00:00:00Z,2026-03-29T02:30:28.483044Z,2026-03-29T02:30:28.483044Z
26,Oracle Fusion,26,Vendor 26,EMEA,3.6,2022-11-17T00:00:00Z,2026-03-29T02:30:28.483044Z,2026-03-29T02:30:28.483044Z
27,Oracle Fusion,27,Vendor 27,NA,3.6,2021-12-07T00:00:00Z,2026-03-29T02:30:28.483044Z,2026-03-29T02:30:28.483044Z
28,Oracle Fusion,28,Vendor 28,NA,2.8,2021-08-06T00:00:00Z,2026-03-29T02:30:28.483044Z,2026-03-29T02:30:28.483044Z
29,Oracle Fusion,29,Vendor 29,APAC,3,2021-08-24T00:00:00Z,2026-03-29T02:30:28.483044Z,2026-03-29T02:30:28.483044Z
30,Oracle Fusion,30,Vendor 30,EMEA,2.9,2022-07-23T00:00:00Z,2026-03-29T02:30:28.483044Z,2026-03-29T02:30:28.483044Z
31,Oracle Fusion,31,Vendor 31,NA,3.4,2025-01-14T00:00:00Z,2026-03-29T02:30:28.483044Z,2026-03-29T02:30:28.483044Z
32,Oracle Fusion,32,Vendor 32,NA,4,2023-04-02T00:00:00Z,2026-03-29T02:30:28.483044Z,2026-03-29T02:30:28.483044Z
33,Oracle Fusion,33,Vendor 33,EMEA,3.9,2023-02-15T00:00:00Z,2026-03-29T02:30:28.483044Z,2026-03-29T02:30:28.483044Z
34,Oracle Fusion,34,Vendor 34,EMEA,4.4,2022-11-19T00:00:00Z,2026-03-29T02:30:28.483044Z,2026-03-29T02:30:28.483044Z
35,Oracle Fusion,35,Vendor 35,NA,3.2,2022-09-02T00:00:00Z,2026-03-29T02:30:28.483044Z,2026-03-29T02:30:28.483044Z
36,Oracle Fusion,36,Vendor 36,APAC,4.9,2021-05-15T00:00:00Z,2026-03-29T02:30:28.483044Z,2026-03-29T02:30:28.483044Z
37,Oracle Fusion,37,Vendor 37,APAC,4.8,2025-06-09T00:00:00Z,2026-03-29T02:30:28.483044Z,2026-03-29T02:30:28.483044Z
38,Oracle Fusion,38,Vendor 38,NA,4,2021-06-16T00:00:00Z,2026-03-29T02:30:28.483044Z,2026-03-29T02:30:28.483044Z
39,Oracle Fusion,39,Vendor 39,NA,4,2024-01-28T00:00:00Z,2026-03-29T02:30:28.483044Z,2026-03-29T02:30:28.483044Z
40,Oracle Fusion,40,Vendor 40,NA,4.8,2022-12-20T00:00:00Z,2026-03-29T02:30:28.483044Z,2026-03-29T02:30:28.483044Z
41,Oracle Fusion,41,Vendor 41,NA,3,2023-01-08T00:00:00Z,2026-03-29T02:30:28.483044Z,2026-03-29T02:30:28.483044Z
42,Oracle Fusion,42,Vendor 42,NA,2.9,2024-02-25T00:00:00Z,2026-03-29T02:30:28.483044Z,2026-03-29T02:30:28.483044Z
43,Oracle Fusion,43,Vendor 43,NA,3.9,2023-04-09T00:00:00Z,2026-03-29T02:30:28.483044Z,2026-03-29T02:30:28.483044Z
44,Oracle Fusion,44,Vendor 44,APAC,3.4,2025-10-03T00:00:00Z,2026-03-29T02:30:28.483044Z,2026-03-29T02:30:28.483044Z
45,Oracle Fusion,45,Vendor 45,APAC,3.7,2025-11-16T00:00:00Z,2026-03-29T02:30:28.483044Z,2026-03-29T02:30:28.483044Z
46,Oracle Fusion,46,Vendor 46,APAC,4.8,2025-11-03T00:00:00Z,2026-03-29T02:30:28.483044Z,2026-03-29T02:30:28.483044Z
47,Oracle Fusion,47,Vendor 47,EMEA,3.4,2024-01-02T00:00:00Z,2026-03-29T02:30:28.483044Z,2026-03-29T02:30:28.483044Z
48,Oracle Fusion,48,Vendor 48,APAC,3.9,2023-01-08T00:00:00Z,2026-03-29T02:30:28.483044Z,2026-03-29T02:30:28.483044Z
49,Oracle Fusion,49,Vendor 49,EMEA,4.1,2022-06-16T00:00:00Z,2026-03-29T02:30:28.483044Z,2026-03-29T02:30:28.483044Z
50,Oracle Fusion,50,Vendor 50,NA,4.2,2024-10-08T00:00:00Z,2026-03-29T02:30:28.483044Z,2026-03-29T02:30:28.483044Z
51,Oracle Fusion,51,Vendor 51,APAC,3.3,2023-05-27T00:00:00Z,2026-03-29T02:30:28.483044Z,2026-03-29T02:30:28.483044Z
52,Oracle Fusion,52,Vendor 52,NA,3.4,2021-04-08T00:00:00Z,2026-03-29T02:30:28.483044Z,2026-03-29T02:30:28.483044Z
53,Oracle Fusion,53,Vendor 53,NA,4.2,2024-11-24T00:00:00Z,2026-03-29T02:30:28.483044Z,2026-03-29T02:30:28.483044Z
54,Oracle Fusion,54,Vendor 54,APAC,4.8,2023-03-02T00:00:00Z,2026-03-29T02:30:28.483044Z,2026-03-29T02:30:28.483044Z
55,Oracle Fusion,55,Vendor 55,APAC,3.2,2023-11-28T00:00:00Z,2026-03-29T02:30:28.483044Z,2026-03-29T02:30:28.483044Z
56,Oracle Fusion,56,Vendor 56,NA,4.2,2025-10-12T00:00:00Z,2026-03-29T02:30:28.483044Z,2026-03-29T02:30:28.483044Z
57,Oracle Fusion,57,Vendor 57,APAC,3,2024-11-25T00:00:00Z,2026-03-29T02:30:28.483044Z,2026-03-29T02:30:28.483044Z
58,Oracle Fusion,58,Vendor 58,NA,4.4,2025-06-05T00:00:00Z,2026-03-29T02:30:28.483044Z,2026-03-29T02:30:28.483044Z
59,Oracle Fusion,59,Vendor 59,NA,4.2,2022-03-17T00:00:00Z,2026-03-29T02:30:28.483044Z,2026-03-29T02:30:28.483044Z
60,Oracle Fusion,60,Vendor 60,NA,4.5,2021-08-17T00:00:00Z,2026-03-29T02:30:28.483044Z,2026-03-29T02:30:28.483044Z
61,Oracle Fusion,61,Vendor 61,APAC,4.7,2024-06-06T00:00:00Z,2026-03-29T02:30:28.483044Z,2026-03-29T02:30:28.483044Z
62,Oracle Fusion,62,Vendor 62,APAC,4.8,2024-05-26T00:00:00Z,2026-03-29T02:30:28.483044Z,2026-03-29T02:30:28.483044Z
63,Oracle Fusion,63,Vendor 63,APAC,3.2,2024-11-07T00:00:00Z,2026-03-29T02:30:28.483044Z,2026-03-29T02:30:28.483044Z
64,Oracle Fusion,64,Vendor 64,NA,4,2023-02-20T00:00:00Z,2026-03-29T02:30:28.483044Z,2026-03-29T02:30:28.483044Z
65,Oracle Fusion,65,Vendor 65,EMEA,4.7,2021-08-15T00:00:00Z,2026-03-29T02:30:28.483044Z,2026-03-29T02:30:28.483044Z
66,Oracle Fusion,66,Vendor 66,NA,4,2025-03-26T00:00:00Z,2026-03-29T02:30:28.483044Z,2026-03-29T02:30:28.483044Z
67,Oracle Fusion,67,Vendor 67,NA,3.5,2024-05-22T00:00:00Z,2026-03-29T02:30:28.483044Z,2026-03-29T02:30:28.483044Z
68,Oracle Fusion,68,Vendor 68,APAC,4.9,2023-08-17T00:00:00Z,2026-03-29T02:30:28.483044Z,2026-03-29T02:30:28.483044Z
69,Oracle Fusion,69,Vendor 69,NA,3.5,2024-03-02T00:00:00Z,2026-03-29T02:30:28.483044Z,2026-03-29T02:30:28.483044Z
70,Oracle Fusion,70,Vendor 70,EMEA,4.2,2022-08-01T00:00:00Z,2026-03-29T02:30:28.483044Z,2026-03-29T02:30:28.483044Z
71,Oracle Fusion,71,Vendor 71,NA,4,2024-02-20T00:00:00Z,2026-03-29T02:30:28.483044Z,2026-03-29T02:30:28.483044Z
72,Oracle Fusion,72,Vendor 72,EMEA,4.6,2024-08-19T00:00:00Z,2026-03-29T02:30:28.483044Z,2026-03-29T02:30:28.483044Z
73,Oracle Fusion,73,Vendor 73,NA,4.4,2022-10-03T00:00:00Z,2026-03-29T02:30:28.483044Z,2026-03-29T02:30:28.483044Z
74,Oracle Fusion,74,Vendor 74,EMEA,2.9,2023-05-07T00:00:00Z,2026-03-29T02:30:28.483044Z,2026-03-29T02:30:28.483044Z
75,Oracle Fusion,75,Vendor 75,NA,4.8,2023-02-08T00:00:00Z,2026-03-29T02:30:28.483044Z,2026-03-29T02:30:28.483044Z
76,Oracle Fusion,76,Vendor 76,EMEA,4.5,2024-06-21T00:00:00Z,2026-03-29T02:30:28.483044Z,2026-03-29T02:30:28.483044Z
77,Oracle Fusion,77,Vendor 77,NA,4.6,2024-12-09T00:00:00Z,2026-03-29T02:30:28.483044Z,2026-03-29T02:30:28.483044Z
78,Oracle Fusion,78,Vendor 78,EMEA,3.2,2021-10-05T00:00:00Z,2026-03-29T02:30:28.483044Z,2026-03-29T02:30:28.483044Z
79,Oracle Fusion,79,Vendor 79,NA,4.8,2021-04-08T00:00:00Z,2026-03-29T02:30:28.483044Z,2026-03-29T02:30:28.483044Z
80,Oracle Fusion,80,Vendor 80,NA,3.6,2023-08-01T00:00:00Z,2026-03-29T02:30:28.483044Z,2026-03-29T02:30:28.483044Z
81,Oracle Fusion,81,Vendor 81,LATAM,2.9,2023-11-28T00:00:00Z,2026-03-29T02:30:28.483044Z,2026-03-29T02:30:28.483044Z
82,Oracle Fusion,82,Vendor 82,NA,3.6,2025-11-16T00:00:00Z,2026-03-29T02:30:28.483044Z,2026-03-29T02:30:28.483044Z
83,Oracle Fusion,83,Vendor 83,NA,3.4,2021-01-18T00:00:00Z,2026-03-29T02:30:28.483044Z,2026-03-29T02:30:28.483044Z
84,Oracle Fusion,84,Vendor 84,NA,4.8,2023-04-07T00:00:00Z,2026-03-29T02:30:28.483044Z,2026-03-29T02:30:28.483044Z
85,Oracle Fusion,85,Vendor 85,EMEA,3.5,2024-12-20T00:00:00Z,2026-03-29T02:30:28.483044Z,2026-03-29T02:30:28.483044Z
86,Oracle Fusion,86,Vendor 86,NA,4.2,2025-09-25T00:00:00Z,2026-03-29T02:30:28.483044Z,2026-03-29T02:30:28.483044Z
87,Oracle Fusion,87,Vendor 87,EMEA,4.9,2025-06-12T00:00:00Z,2026-03-29T02:30:28.483044Z,2026-03-29T02:30:28.483044Z
88,Oracle Fusion,88,Vendor 88,LATAM,4.1,2021-08-09T00:00:00Z,2026-03-29T02:30:28.483044Z,2026-03-29T02:30:28.483044Z
89,Oracle Fusion,89,Vendor 89,EMEA,2.9,2025-05-20T00:00:00Z,2026-03-29T02:30:28.483044Z,2026-03-29T02:30:28.483044Z
90,Oracle Fusion,90,Vendor 90,APAC,3.7,2024-08-17T00:00:00Z,2026-03-29T02:30:28.483044Z,2026-03-29T02:30:28.483044Z
91,Oracle Fusion,91,Vendor 91,NA,4.3,2023-09-24T00:00:00Z,2026-03-29T02:30:28.483044Z,2026-03-29T02:30:28.483044Z
92,Oracle Fusion,92,Vendor 92,APAC,3.2,2022-10-15T00:00:00Z,2026-03-29T02:30:28.483044Z,2026-03-29T02:30:28.483044Z
93,Oracle Fusion,93,Vendor 93,LATAM,3.7,2022-10-06T00:00:00Z,2026-03-29T02:30:28.483044Z,2026-03-29T02:30:28.483044Z
94,Oracle Fusion,94,Vendor 94,NA,3.8,2023-02-06T00:00:00Z,2026-03-29T02:30:28.483044Z,2026-03-29T02:30:28.483044Z
95,Oracle Fusion,95,Vendor 95,NA,3.6,2022-12-18T00:00:00Z,2026-03-29T02:30:28.483044Z,2026-03-29T02:30:28.483044Z
96,Oracle Fusion,96,Vendor 96,EMEA,4,2024-02-11T00:00:00Z,2026-03-29T02:30:28.483044Z,2026-03-29T02:30:28.483044Z
97,Oracle Fusion,97,Vendor 97,EMEA,3.9,2021-03-06T00:00:00Z,2026-03-29T02:30:28.483044Z,2026-03-29T02:30:28.483044Z
98,Oracle Fusion,98,Vendor 98,NA,4.9,2025-08-19T00:00:00Z,2026-03-29T02:30:28.483044Z,2026-03-29T02:30:28.483044Z
99,Oracle Fusion,99,Vendor 99,EMEA,3.5,2021-10-26T00:00:00Z,2026-03-29T02:30:28.483044Z,2026-03-29T02:30:28.483044Z
100,Oracle Fusion,100,Vendor 100,NA,3.1,2025-07-24T00:00:00Z,2026-03-29T02:30:28.483044Z,2026-03-29T02:30:28.483044Z
101,Oracle Fusion,101,Vendor 101,LATAM,3.3,2025-12-19T00:00:00Z,2026-03-29T02:30:28.483044Z,2026-03-29T02:30:28.483044Z
102,Oracle Fusion,102,Vendor 102,NA,4.6,2021-07-04T00:00:00Z,2026-03-29T02:30:28.483044Z,2026-03-29T02:30:28.483044Z
103,Oracle Fusion,103,Vendor 103,EMEA,3.8,2024-11-27T00:00:00Z,2026-03-29T02:30:28.483044Z,2026-03-29T02:30:28.483044Z
104,Oracle Fusion,104,Vendor 104,NA,4.4,2024-11-14T00:00:00Z,2026-03-29T02:30:28.483044Z,2026-03-29T02:30:28.483044Z
105,Oracle Fusion,105,Vendor 105,LATAM,4.9,2024-09-11T00:00:00Z,2026-03-29T02:30:28.483044Z,2026-03-29T02:30:28.483044Z
106,Oracle Fusion,106,Vendor 106,NA,3.2,2025-09-07T00:00:00Z,2026-03-29T02:30:28.483044Z,2026-03-29T02:30:28.483044Z
107,Oracle Fusion,107,Vendor 107,NA,3.5,2021-09-02T00:00:00Z,2026-03-29T02:30:28.483044Z,2026-03-29T02:30:28.483044Z
108,Oracle Fusion,108,Vendor 108,LATAM,4.2,2021-02-20T00:00:00Z,2026-03-29T02:30:28.483044Z,2026-03-29T02:30:28.483044Z
109,Oracle Fusion,109,Vendor 109,APAC,4.8,2025-12-28T00:00:00Z,2026-03-29T02:30:28.483044Z,2026-03-29T02:30:28.483044Z
110,Oracle Fusion,110,Vendor 110,EMEA,4.7,2025-07-18T00:00:00Z,2026-03-29T02:30:28.483044Z,2026-03-29T02:30:28.483044Z
111,Oracle Fusion,111,Vendor 111,EMEA,4.5,2022-01-07T00:00:00Z,2026-03-29T02:30:28.483044Z,2026-03-29T02:30:28.483044Z
112,Oracle Fusion,112,Vendor 112,APAC,4.4,2021-01-08T00:00:00Z,2026-03-29T02:30:28.483044Z,2026-03-29T02:30:28.483044Z
113,Oracle Fusion,113,Vendor 113,NA,4.2,2021-12-13T00:00:00Z,2026-03-29T02:30:28.483044Z,2026-03-29T02:30:28.483044Z
114,Oracle Fusion,114,Vendor 114,APAC,3.2,2024-11-12T00:00:00Z,2026-03-29T02:30:28.483044Z,2026-03-29T02:30:28.483044Z
115,Oracle Fusion,115,Vendor 115,LATAM,4.7,2023-09-24T00:00:00Z,2026-03-29T02:30:28.483044Z,2026-03-29T02:30:28.483044Z
116,Oracle Fusion,116,Vendor 116,NA,4.4,2022-12-20T00:00:00Z,2026-03-29T02:30:28.483044Z,2026-03-29T02:30:28.483044Z
117,Oracle Fusion,117,Vendor 117,NA,3.5,2024-08-22T00:00:00Z,2026-03-29T02:30:28.483044Z,2026-03-29T02:30:28.483044Z
118,Oracle Fusion,118,Vendor 118,EMEA,4.2,2023-10-31T00:00:00Z,2026-03-29T02:30:28.483044Z,2026-03-29T02:30:28.483044Z
119,Oracle Fusion,119,Vendor 119,APAC,4.5,2022-02-20T00:00:00Z,2026-03-29T02:30:28.483044Z,2026-03-29T02:30:28.483044Z
120,Oracle Fusion,120,Vendor 120,NA,3.5,2023-08-04T00:00:00Z,2026-03-29T02:30:28.483044Z,2026-03-29T02:30:28.483044Z
121,Oracle Fusion,121,Vendor 121,NA,3.8,2022-06-07T00:00:00Z,2026-03-29T02:30:28.483044Z,2026-03-29T02:30:28.483044Z
122,Oracle Fusion,122,Vendor 122,NA,4.2,2022-05-22T00:00:00Z,2026-03-29T02:30:28.483044Z,2026-03-29T02:30:28.483044Z
123,Oracle Fusion,123,Vendor 123,NA,4,2022-10-03T00:00:00Z,2026-03-29T02:30:28.483044Z,2026-03-29T02:30:28.483044Z
124,Oracle Fusion,124,Vendor 124,APAC,4.7,2022-02-12T00:00:00Z,2026-03-29T02:30:28.483044Z,2026-03-29T02:30:28.483044Z
125,Oracle Fusion,125,Vendor 125,APAC,3.4,2024-01-20T00:00:00Z,2026-03-29T02:30:28.483044Z,2026-03-29T02:30:28.483044Z
126,Oracle Fusion,126,Vendor 126,NA,4.6,2025-11-14T00:00:00Z,2026-03-29T02:30:28.483044Z,2026-03-29T02:30:28.483044Z
127,Oracle Fusion,127,Vendor 127,EMEA,3.5,2024-03-02T00:00:00Z,2026-03-29T02:30:28.483044Z,2026-03-29T02:30:28.483044Z
128,Oracle Fusion,128,Vendor 128,LATAM,4.3,2022-11-22T00:00:00Z,2026-03-29T02:30:28.483044Z,2026-03-29T02:30:28.483044Z
129,Oracle Fusion,129,Vendor 129,APAC,4.2,2025-09-25T00:00:00Z,2026-03-29T02:30:28.483044Z,2026-03-29T02:30:28.483044Z
130,Oracle Fusion,130,Vendor 130,APAC,2.8,2023-02-09T00:00:00Z,2026-03-29T02:30:28.483044Z,2026-03-29T02:30:28.483044Z
131,Oracle Fusion,131,Vendor 131,NA,3.2,2021-07-08T00:00:00Z,2026-03-29T02:30:28.483044Z,2026-03-29T02:30:28.483044Z
132,Oracle Fusion,132,Vendor 132,NA,3.9,2022-12-02T00:00:00Z,2026-03-29T02:30:28.483044Z,2026-03-29T02:30:28.483044Z
133,Oracle Fusion,133,Vendor 133,NA,4.9,2021-06-22T00:00:00Z,2026-03-29T02:30:28.483044Z,2026-03-29T02:30:28.483044Z
134,Oracle Fusion,134,Vendor 134,APAC,3.3,2023-01-26T00:00:00Z,2026-03-29T02:30:28.483044Z,2026-03-29T02:30:28.483044Z
135,Oracle Fusion,135,Vendor 135,APAC,3.3,2024-04-16T00:00:00Z,2026-03-29T02:30:28.483044Z,2026-03-29T02:30:28.483044Z
136,Oracle Fusion,136,Vendor 136,APAC,3,2023-12-09T00:00:00Z,2026-03-29T02:30:28.483044Z,2026-03-29T02:30:28.483044Z
137,Oracle Fusion,137,Vendor 137,NA,3.5,2025-02-06T00:00:00Z,2026-03-29T02:30:28.483044Z,2026-03-29T02:30:28.483044Z
138,Oracle Fusion,138,Vendor 138,NA,3.2,2024-05-12T00:00:00Z,2026-03-29T02:30:28.483044Z,2026-03-29T02:30:28.483044Z
139,Oracle Fusion,139,Vendor 139,EMEA,4.8,2021-03-31T00:00:00Z,2026-03-29T02:30:28.483044Z,2026-03-29T02:30:28.483044Z
140,Oracle Fusion,140,Vendor 140,NA,4.4,2025-08-16T00:00:00Z,2026-03-29T02:30:28.483044Z,2026-03-29T02:30:28.483044Z
141,Oracle Fusion,141,Vendor 141,LATAM,5,2021-09-13T00:00:00Z,2026-03-29T02:30:28.483044Z,2026-03-29T02:30:28.483044Z
142,Oracle Fusion,142,Vendor 142,APAC,3.1,2025-02-10T00:00:00Z,2026-03-29T02:30:28.483044Z,2026-03-29T02:30:28.483044Z
143,Oracle Fusion,143,Vendor 143,NA,4.2,2021-01-28T00:00:00Z,2026-03-29T02:30:28.483044Z,2026-03-29T02:30:28.483044Z
144,Oracle Fusion,144,Vendor 144,APAC,4.3,2025-05-28T00:00:00Z,2026-03-29T02:30:28.483044Z,2026-03-29T02:30:28.483044Z
145,Oracle Fusion,145,Vendor 145,LATAM,3.5,2023-07-10T00:00:00Z,2026-03-29T02:30:28.483044Z,2026-03-29T02:30:28.483044Z
146,Oracle Fusion,146,Vendor 146,APAC,4.8,2025-10-25T00:00:00Z,2026-03-29T02:30:28.483044Z,2026-03-29T02:30:28.483044Z
147,Oracle Fusion,147,Vendor 147,EMEA,4.9,2022-11-01T00:00:00Z,2026-03-29T02:30:28.483044Z,2026-03-29T02:30:28.483044Z
148,Oracle Fusion,148,Vendor 148,EMEA,4.9,2022-03-24T00:00:00Z,2026-03-29T02:30:28.483044Z,2026-03-29T02:30:28.483044Z
149,Oracle Fusion,149,Vendor 149,NA,3.5,2021-08-05T00:00:00Z,2026-03-29T02:30:28.483044Z,2026-03-29T02:30:28.483044Z
150,Oracle Fusion,150,Vendor 150,EMEA,3,2024-03-07T00:00:00Z,2026-03-29T02:30:28.483044Z,2026-03-29T02:30:28.483044Z
151,Oracle Fusion,151,Vendor 151,NA,4.4,2025-09-30T00:00:00Z,2026-03-29T02:30:28.483044Z,2026-03-29T02:30:28.483044Z
152,Oracle Fusion,152,Vendor 152,NA,4.8,2024-06-11T00:00:00Z,2026-03-29T02:30:28.483044Z,2026-03-29T02:30:28.483044Z
153,Oracle Fusion,153,Vendor 153,NA,3.2,2025-06-07T00:00:00Z,2026-03-29T02:30:28.483044Z,2026-03-29T02:30:28.483044Z
154,Oracle Fusion,154,Vendor 154,EMEA,4.7,2025-08-19T00:00:00Z,2026-03-29T02:30:28.483044Z,2026-03-29T02:30:28.483044Z
155,Oracle Fusion,155,Vendor 155,NA,2.9,2024-04-29T00:00:00Z,2026-03-29T02:30:28.483044Z,2026-03-29T02:30:28.483044Z
156,Oracle Fusion,156,Vendor 156,NA,3.8,2024-04-28T00:00:00Z,2026-03-29T02:30:28.483044Z,2026-03-29T02:30:28.483044Z
157,Oracle Fusion,157,Vendor 157,EMEA,3.1,2025-05-13T00:00:00Z,2026-03-29T02:30:28.483044Z,2026-03-29T02:30:28.483044Z
158,Oracle Fusion,158,Vendor 158,NA,4.1,2022-09-15T00:00:00Z,2026-03-29T02:30:28.483044Z,2026-03-29T02:30:28.483044Z
159,Oracle Fusion,159,Vendor 159,NA,2.8,2021-12-23T00:00:00Z,2026-03-29T02:30:28.483044Z,2026-03-29T02:30:28.483044Z
160,Oracle Fusion,160,Vendor 160,NA,3.6,2022-12-07T00:00:00Z,2026-03-29T02:30:28.483044Z,2026-03-29T02:30:28.483044Z
161,Oracle Fusion,161,Vendor 161,APAC,3.4,2022-07-21T00:00:00Z,2026-03-29T02:30:28.483044Z,2026-03-29T02:30:28.483044Z
162,Oracle Fusion,162,Vendor 162,LATAM,3.4,2022-06-23T00:00:00Z,2026-03-29T02:30:28.483044Z,2026-03-29T02:30:28.483044Z
163,Oracle Fusion,163,Vendor 163,APAC,4.2,2021-09-25T00:00:00Z,2026-03-29T02:30:28.483044Z,2026-03-29T02:30:28.483044Z
164,Oracle Fusion,164,Vendor 164,EMEA,4.9,2025-12-13T00:00:00Z,2026-03-29T02:30:28.483044Z,2026-03-29T02:30:28.483044Z
165,Oracle Fusion,165,Vendor 165,EMEA,3.9,2021-04-10T00:00:00Z,2026-03-29T02:30:28.483044Z,2026-03-29T02:30:28.483044Z
166,Oracle Fusion,166,Vendor 166,NA,4.8,2023-09-15T00:00:00Z,2026-03-29T02:30:28.483044Z,2026-03-29T02:30:28.483044Z
167,Oracle Fusion,167,Vendor 167,EMEA,3.4,2025-10-05T00:00:00Z,2026-03-29T02:30:28.483044Z,2026-03-29T02:30:28.483044Z
168,Oracle Fusion,168,Vendor 168,NA,2.9,2023-12-25T00:00:00Z,2026-03-29T02:30:28.483044Z,2026-03-29T02:30:28.483044Z
169,Oracle Fusion,169,Vendor 169,EMEA,4.6,2025-04-13T00:00:00Z,2026-03-29T02:30:28.483044Z,2026-03-29T02:30:28.483044Z
170,Oracle Fusion,170,Vendor 170,EMEA,3.8,2024-08-31T00:00:00Z,2026-03-29T02:30:28.483044Z,2026-03-29T02:30:28.483044Z
171,Oracle Fusion,171,Vendor 171,APAC,4.5,2021-04-13T00:00:00Z,2026-03-29T02:30:28.483044Z,2026-03-29T02:30:28.483044Z
172,Oracle Fusion,172,Vendor 172,NA,3.2,2025-09-11T00:00:00Z,2026-03-29T02:30:28.483044Z,2026-03-29T02:30:28.483044Z
173,Oracle Fusion,173,Vendor 173,NA,2.9,2024-11-14T00:00:00Z,2026-03-29T02:30:28.483044Z,2026-03-29T02:30:28.483044Z
174,Oracle Fusion,174,Vendor 174,NA,4,2023-10-21T00:00:00Z,2026-03-29T02:30:28.483044Z,2026-03-29T02:30:28.483044Z
175,Oracle Fusion,175,Vendor 175,NA,4.7,2022-07-27T00:00:00Z,2026-03-29T02:30:28.483044Z,2026-03-29T02:30:28.483044Z
176,Oracle Fusion,176,Vendor 176,APAC,3,2022-07-18T00:00:00Z,2026-03-29T02:30:28.483044Z,2026-03-29T02:30:28.483044Z
177,Oracle Fusion,177,Vendor 177,NA,2.8,2023-12-22T00:00:00Z,2026-03-29T02:30:28.483044Z,2026-03-29T02:30:28.483044Z
178,Oracle Fusion,178,Vendor 178,NA,4.8,2021-09-04T00:00:00Z,2026-03-29T02:30:28.483044Z,2026-03-29T02:30:28.483044Z
179,Oracle Fusion,179,Vendor 179,NA,3.4,2021-08-19T00:00:00Z,2026-03-29T02:30:28.483044Z,2026-03-29T02:30:28.483044Z
180,Oracle Fusion,180,Vendor 180,NA,4.3,2022-10-22T00:00:00Z,2026-03-29T02:30:28.483044Z,2026-03-29T02:30:28.483044Z
181,Oracle Fusion,181,Vendor 181,APAC,3.8,2024-04-16T00:00:00Z,2026-03-29T02:30:28.483044Z,2026-03-29T02:30:28.483044Z
182,Oracle Fusion,182,Vendor 182,NA,3.4,2022-04-27T00:00:00Z,2026-03-29T02:30:28.483044Z,2026-03-29T02:30:28.483044Z
183,Oracle Fusion,183,Vendor 183,APAC,4.7,2024-12-08T00:00:00Z,2026-03-29T02:30:28.483044Z,2026-03-29T02:30:28.483044Z
184,Oracle Fusion,184,Vendor 184,NA,3.2,2022-03-03T00:00:00Z,2026-03-29T02:30:28.483044Z,2026-03-29T02:30:28.483044Z
185,Oracle Fusion,185,Vendor 185,EMEA,4.6,2025-09-18T00:00:00Z,2026-03-29T02:30:28.483044Z,2026-03-29T02:30:28.483044Z
186,Oracle Fusion,186,Vendor 186,EMEA,4.7,2025-05-26T00:00:00Z,2026-03-29T02:30:28.483044Z,2026-03-29T02:30:28.483044Z
187,Oracle Fusion,187,Vendor 187,APAC,3.3,2024-06-26T00:00:00Z,2026-03-29T02:30:28.483044Z,2026-03-29T02:30:28.483044Z
188,Oracle Fusion,188,Vendor 188,NA,3.4,2022-08-31T00:00:00Z,2026-03-29T02:30:28.483044Z,2026-03-29T02:30:28.483044Z
189,Oracle Fusion,189,Vendor 189,APAC,4.2,2021-09-24T00:00:00Z,2026-03-29T02:30:28.483044Z,2026-03-29T02:30:28.483044Z
190,Oracle Fusion,190,Vendor 190,LATAM,3.3,2021-10-03T00:00:00Z,2026-03-29T02:30:28.483044Z,2026-03-29T02:30:28.483044Z
191,Oracle Fusion,191,Vendor 191,APAC,2.8,2021-08-06T00:00:00Z,2026-03-29T02:30:28.483044Z,2026-03-29T02:30:28.483044Z
192,Oracle Fusion,192,Vendor 192,NA,3.1,2022-12-13T00:00:00Z,2026-03-29T02:30:28.483044Z,2026-03-29T02:30:28.483044Z
193,Oracle Fusion,193,Vendor 193,NA,4.2,2024-08-01T00:00:00Z,2026-03-29T02:30:28.483044Z,2026-03-29T02:30:28.483044Z
194,Oracle Fusion,194,Vendor 194,EMEA,4.1,2022-10-08T00:00:00Z,2026-03-29T02:30:28.483044Z,2026-03-29T02:30:28.483044Z
195,Oracle Fusion,195,Vendor 195,EMEA,2.9,2023-09-07T00:00:00Z,2026-03-29T02:30:28.483044Z,2026-03-29T02:30:28.483044Z
196,Oracle Fusion,196,Vendor 196,EMEA,3.4,2024-10-19T00:00:00Z,2026-03-29T02:30:28.483044Z,2026-03-29T02:30:28.483044Z
197,Oracle Fusion,197,Vendor 197,NA,4,2022-08-07T00:00:00Z,2026-03-29T02:30:28.483044Z,2026-03-29T02:30:28.483044Z
198,Oracle Fusion,198,Vendor 198,EMEA,3.3,2025-11-05T00:00:00Z,2026-03-29T02:30:28.483044Z,2026-03-29T02:30:28.483044Z
199,Oracle Fusion,199,Vendor 199,EMEA,4.7,2025-06-02T00:00:00Z,2026-03-29T02:30:28.483044Z,2026-03-29T02:30:28.483044Z
200,Oracle Fusion,200,Vendor 200,APAC,3.7,2025-09-25T00:00:00Z,2026-03-29T02:30:28.483044Z,2026-03-29T02:30:28.483044Z
201,Oracle Fusion,201,Vendor 201,EMEA,4.3,2024-03-30T00:00:00Z,2026-03-29T02:30:28.483044Z,2026-03-29T02:30:28.483044Z
202,Oracle Fusion,202,Vendor 202,EMEA,3.3,2022-04-20T00:00:00Z,2026-03-29T02:30:28.483044Z,2026-03-29T02:30:28.483044Z
203,Oracle Fusion,203,Vendor 203,EMEA,4.2,2022-09-20T00:00:00Z,2026-03-29T02:30:28.483044Z,2026-03-29T02:30:28.483044Z
204,Oracle Fusion,204,Vendor 204,EMEA,3.1,2022-10-27T00:00:00Z,2026-03-29T02:30:28.483044Z,2026-03-29T02:30:28.483044Z
205,Oracle Fusion,205,Vendor 205,NA,4.2,2021-09-02T00:00:00Z,2026-03-29T02:30:28.483044Z,2026-03-29T02:30:28.483044Z
206,Oracle Fusion,206,Vendor 206,EMEA,4.6,2025-10-25T00:00:00Z,2026-03-29T02:30:28.483044Z,2026-03-29T02:30:28.483044Z
207,Oracle Fusion,207,Vendor 207,NA,3.2,2025-07-05T00:00:00Z,2026-03-29T02:30:28.483044Z,2026-03-29T02:30:28.483044Z
208,Oracle Fusion,208,Vendor 208,NA,4.5,2022-11-25T00:00:00Z,2026-03-29T02:30:28.483044Z,2026-03-29T02:30:28.483044Z
209,Oracle Fusion,209,Vendor 209,EMEA,4.5,2025-10-06T00:00:00Z,2026-03-29T02:30:28.483044Z,2026-03-29T02:30:28.483044Z
210,Oracle Fusion,210,Vendor 210,EMEA,3.8,2021-09-08T00:00:00Z,2026-03-29T02:30:28.483044Z,2026-03-29T02:30:28.483044Z
211,Oracle Fusion,211,Vendor 211,EMEA,4.9,2022-07-08T00:00:00Z,2026-03-29T02:30:28.483044Z,2026-03-29T02:30:28.483044Z
212,Oracle Fusion,212,Vendor 212,NA,3.6,2025-10-08T00:00:00Z,2026-03-29T02:30:28.483044Z,2026-03-29T02:30:28.483044Z
213,Oracle Fusion,213,Vendor 213,NA,3,2022-10-02T00:00:00Z,2026-03-29T02:30:28.483044Z,2026-03-29T02:30:28.483044Z
214,Oracle Fusion,214,Vendor 214,NA,4.4,2023-01-13T00:00:00Z,2026-03-29T02:30:28.483044Z,2026-03-29T02:30:28.483044Z
215,Oracle Fusion,215,Vendor 215,APAC,4.3,2024-04-24T00:00:00Z,2026-03-29T02:30:28.483044Z,2026-03-29T02:30:28.483044Z
216,Oracle Fusion,216,Vendor 216,EMEA,3.6,2025-08-30T00:00:00Z,2026-03-29T02:30:28.483044Z,2026-03-29T02:30:28.483044Z
217,Oracle Fusion,217,Vendor 217,NA,4.4,2024-01-02T00:00:00Z,2026-03-29T02:30:28.483044Z,2026-03-29T02:30:28.483044Z
218,Oracle Fusion,218,Vendor 218,APAC,4.6,2022-03-01T00:00:00Z,2026-03-29T02:30:28.483044Z,2026-03-29T02:30:28.483044Z
219,Oracle Fusion,219,Vendor 219,NA,3.6,2024-11-14T00:00:00Z,2026-03-29T02:30:28.483044Z,2026-03-29T02:30:28.483044Z
220,Oracle Fusion,220,Vendor 220,EMEA,3.2,2024-04-01T00:00:00Z,2026-03-29T02:30:28.483044Z,2026-03-29T02:30:28.483044Z
221,Oracle Fusion,221,Vendor 221,APAC,2.8,2025-01-11T00:00:00Z,2026-03-29T02:30:28.483044Z,2026-03-29T02:30:28.483044Z
222,Oracle Fusion,222,Vendor 222,APAC,4.3,2023-04-03T00:00:00Z,2026-03-29T02:30:28.483044Z,2026-03-29T02:30:28.483044Z
223,Oracle Fusion,223,Vendor 223,EMEA,4.1,2023-12-07T00:00:00Z,2026-03-29T02:30:28.483044Z,2026-03-29T02:30:28.483044Z
224,Oracle Fusion,224,Vendor 224,APAC,3.5,2025-10-24T00:00:00Z,2026-03-29T02:30:28.483044Z,2026-03-29T02:30:28.483044Z
225,Oracle Fusion,225,Vendor 225,EMEA,4.5,2024-10-28T00:00:00Z,2026-03-29T02:30:28.483044Z,2026-03-29T02:30:28.483044Z
226,Oracle Fusion,226,Vendor 226,NA,3.3,2021-01-10T00:00:00Z,2026-03-29T02:30:28.483044Z,2026-03-29T02:30:28.483044Z
227,Oracle Fusion,227,Vendor 227,NA,4,2021-02-20T00:00:00Z,2026-03-29T02:30:28.483044Z,2026-03-29T02:30:28.483044Z
228,Oracle Fusion,228,Vendor 228,EMEA,2.8,2024-11-25T00:00:00Z,2026-03-29T02:30:28.483044Z,2026-03-29T02:30:28.483044Z
229,Oracle Fusion,229,Vendor 229,NA,4.3,2022-11-12T00:00:00Z,2026-03-29T02:30:28.483044Z,2026-03-29T02:30:28.483044Z
230,Oracle Fusion,230,Vendor 230,NA,4.4,2021-10-15T00:00:00Z,2026-03-29T02:30:28.483044Z,2026-03-29T02:30:28.483044Z
231,Oracle Fusion,231,Vendor 231,NA,2.8,2025-10-10T00:00:00Z,2026-03-29T02:30:28.483044Z,2026-03-29T02:30:28.483044Z
232,Oracle Fusion,232,Vendor 232,NA,3,2021-10-05T00:00:00Z,2026-03-29T02:30:28.483044Z,2026-03-29T02:30:28.483044Z
233,Oracle Fusion,233,Vendor 233,EMEA,3.2,2023-03-29T00:00:00Z,2026-03-29T02:30:28.483044Z,2026-03-29T02:30:28.483044Z
234,Oracle Fusion,234,Vendor 234,LATAM,4.5,2021-01-15T00:00:00Z,2026-03-29T02:30:28.483044Z,2026-03-29T02:30:28.483044Z
235,Oracle Fusion,235,Vendor 235,APAC,3.8,2023-06-10T00:00:00Z,2026-03-29T02:30:28.483044Z,2026-03-29T02:30:28.483044Z
236,Oracle Fusion,236,Vendor 236,EMEA,4.5,2025-06-05T00:00:00Z,2026-03-29T02:30:28.483044Z,2026-03-29T02:30:28.483044Z
237,Oracle Fusion,237,Vendor 237,NA,4.9,2024-04-09T00:00:00Z,2026-03-29T02:30:28.483044Z,2026-03-29T02:30:28.483044Z
238,Oracle Fusion,238,Vendor 238,NA,4.8,2025-12-26T00:00:00Z,2026-03-29T02:30:28.483044Z,2026-03-29T02:30:28.483044Z
239,Oracle Fusion,239,Vendor 239,EMEA,4.9,2022-04-27T00:00:00Z,2026-03-29T02:30:28.483044Z,2026-03-29T02:30:28.483044Z
240,Oracle Fusion,240,Vendor 240,APAC,4.9,2024-02-17T00:00:00Z,2026-03-29T02:30:28.483044Z,2026-03-29T02:30:28.483044Z
241,Oracle Fusion,241,Vendor 241,EMEA,5,2025-05-24T00:00:00Z,2026-03-29T02:30:28.483044Z,2026-03-29T02:30:28.483044Z
242,Oracle Fusion,242,Vendor 242,NA,4.4,2022-07-19T00:00:00Z,2026-03-29T02:30:28.483044Z,2026-03-29T02:30:28.483044Z
243,Oracle Fusion,243,Vendor 243,NA,4,2021-12-19T00:00:00Z,2026-03-29T02:30:28.483044Z,2026-03-29T02:30:28.483044Z
244,Oracle Fusion,244,Vendor 244,APAC,4.3,2025-09-23T00:00:00Z,2026-03-29T02:30:28.483044Z,2026-03-29T02:30:28.483044Z
245,Oracle Fusion,245,Vendor 245,EMEA,4.1,2024-07-02T00:00:00Z,2026-03-29T02:30:28.483044Z,2026-03-29T02:30:28.483044Z
246,Oracle Fusion,246,Vendor 246,NA,4.2,2022-08-03T00:00:00Z,2026-03-29T02:30:28.483044Z,2026-03-29T02:30:28.483044Z
247,Oracle Fusion,247,Vendor 247,NA,4.7,2021-01-02T00:00:00Z,2026-03-29T02:30:28.483044Z,2026-03-29T02:30:28.483044Z
248,Oracle Fusion,248,Vendor 248,LATAM,3,2022-11-24T00:00:00Z,2026-03-29T02:30:28.483044Z,2026-03-29T02:30:28.483044Z
249,Oracle Fusion,249,Vendor 249,APAC,3.8,2024-03-06T00:00:00Z,2026-03-29T02:30:28.483044Z,2026-03-29T02:30:28.483044Z
250,Oracle Fusion,250,Vendor 250,EMEA,3.2,2022-07-31T00:00:00Z,2026-03-29T02:30:28.483044Z,2026-03-29T02:30:28.483044Z
251,Oracle Fusion,251,Vendor 251,NA,4,2023-06-13T00:00:00Z,2026-03-29T02:30:28.483044Z,2026-03-29T02:30:28.483044Z
252,Oracle Fusion,252,Vendor 252,NA,4.1,2021-12-20T00:00:00Z,2026-03-29T02:30:28.483044Z,2026-03-29T02:30:28.483044Z
253,Oracle Fusion,253,Vendor 253,EMEA,4.6,2021-02-03T00:00:00Z,2026-03-29T02:30:28.483044Z,2026-03-29T02:30:28.483044Z
254,Oracle Fusion,254,Vendor 254,NA,4.2,2025-08-12T00:00:00Z,2026-03-29T02:30:28.483044Z,2026-03-29T02:30:28.483044Z
255,Oracle Fusion,255,Vendor 255,NA,5,2021-08-09T00:00:00Z,2026-03-29T02:30:28.483044Z,2026-03-29T02:30:28.483044Z
256,Oracle Fusion,256,Vendor 256,LATAM,3.6,2021-06-02T00:00:00Z,2026-03-29T02:30:28.483044Z,2026-03-29T02:30:28.483044Z
257,Oracle Fusion,257,Vendor 257,APAC,4.2,2022-02-25T00:00:00Z,2026-03-29T02:30:28.483044Z,2026-03-29T02:30:28.483044Z
258,Oracle Fusion,258,Vendor 258,NA,4.8,2022-01-21T00:00:00Z,2026-03-29T02:30:28.483044Z,2026-03-29T02:30:28.483044Z
259,Oracle Fusion,259,Vendor 259,NA,3.5,2023-08-15T00:00:00Z,2026-03-29T02:30:28.483044Z,2026-03-29T02:30:28.483044Z
260,Oracle Fusion,260,Vendor 260,NA,4.5,2025-03-24T00:00:00Z,2026-03-29T02:30:28.483044Z,2026-03-29T02:30:28.483044Z
261,Oracle Fusion,261,Vendor 261,NA,3.9,2023-01-26T00:00:00Z,2026-03-29T02:30:28.483044Z,2026-03-29T02:30:28.483044Z
262,Oracle Fusion,262,Vendor 262,EMEA,3.2,2024-02-16T00:00:00Z,2026-03-29T02:30:28.483044Z,2026-03-29T02:30:28.483044Z
263,Oracle Fusion,263,Vendor 263,EMEA,3.3,2024-11-05T00:00:00Z,2026-03-29T02:30:28.483044Z,2026-03-29T02:30:28.483044Z
264,Oracle Fusion,264,Vendor 264,EMEA,3.4,2025-08-06T00:00:00Z,2026-03-29T02:30:28.483044Z,2026-03-29T02:30:28.483044Z
265,Oracle Fusion,265,Vendor 265,NA,4.8,2021-01-08T00:00:00Z,2026-03-29T02:30:28.483044Z,2026-03-29T02:30:28.483044Z
266,Oracle Fusion,266,Vendor 266,APAC,3.8,2022-09-30T00:00:00Z,2026-03-29T02:30:28.483044Z,2026-03-29T02:30:28.483044Z
267,Oracle Fusion,267,Vendor 267,NA,4.1,2022-07-23T00:00:00Z,2026-03-29T02:30:28.483044Z,2026-03-29T02:30:28.483044Z
268,Oracle Fusion,268,Vendor 268,EMEA,4.9,2023-11-25T00:00:00Z,2026-03-29T02:30:28.483044Z,2026-03-29T02:30:28.483044Z
269,Oracle Fusion,269,Vendor 269,APAC,4.4,2023-11-02T00:00:00Z,2026-03-29T02:30:28.483044Z,2026-03-29T02:30:28.483044Z
270,Oracle Fusion,270,Vendor 270,LATAM,3,2022-08-08T00:00:00Z,2026-03-29T02:30:28.483044Z,2026-03-29T02:30:28.483044Z
271,Oracle Fusion,271,Vendor 271,NA,3.8,2022-06-10T00:00:00Z,2026-03-29T02:30:28.483044Z,2026-03-29T02:30:28.483044Z
272,Oracle Fusion,272,Vendor 272,LATAM,4.7,2025-12-09T00:00:00Z,2026-03-29T02:30:28.483044Z,2026-03-29T02:30:28.483044Z
273,Oracle Fusion,273,Vendor 273,NA,2.8,2021-08-25T00:00:00Z,2026-03-29T02:30:28.483044Z,2026-03-29T02:30:28.483044Z
274,Oracle Fusion,274,Vendor 274,NA,3.8,2024-06-24T00:00:00Z,2026-03-29T02:30:28.483044Z,2026-03-29T02:30:28.483044Z
275,Oracle Fusion,275,Vendor 275,LATAM,4,2021-07-19T00:00:00Z,2026-03-29T02:30:28.483044Z,2026-03-29T02:30:28.483044Z
276,Oracle Fusion,276,Vendor 276,NA,2.8,2023-12-23T00:00:00Z,2026-03-29T02:30:28.483044Z,2026-03-29T02:30:28.483044Z
277,Oracle Fusion,277,Vendor 277,APAC,3.2,2025-02-21T00:00:00Z,2026-03-29T02:30:28.483044Z,2026-03-29T02:30:28.483044Z
278,Oracle Fusion,278,Vendor 278,NA,3.4,2023-05-26T00:00:00Z,2026-03-29T02:30:28.483044Z,2026-03-29T02:30:28.483044Z
279,Oracle Fusion,279,Vendor 279,NA,4.8,2023-02-08T00:00:00Z,2026-03-29T02:30:28.483044Z,2026-03-29T02:30:28.483044Z
280,Oracle Fusion,280,Vendor 280,EMEA,3.9,2023-08-30T00:00:00Z,2026-03-29T02:30:28.483044Z,2026-03-29T02:30:28.483044Z
281,Oracle Fusion,281,Vendor 281,NA,4.7,2023-04-15T00:00:00Z,2026-03-29T02:30:28.483044Z,2026-03-29T02:30:28.483044Z
282,Oracle Fusion,282,Vendor 282,NA,3.3,2023-07-21T00:00:00Z,2026-03-29T02:30:28.483044Z,2026-03-29T02:30:28.483044Z
283,Oracle Fusion,283,Vendor 283,APAC,4.4,2025-04-24T00:00:00Z,2026-03-29T02:30:28.483044Z,2026-03-29T02:30:28.483044Z
284,Oracle Fusion,284,Vendor 284,NA,5,2025-10-17T00:00:00Z,2026-03-29T02:30:28.483044Z,2026-03-29T02:30:28.483044Z
285,Oracle Fusion,285,Vendor 285,EMEA,4.8,2024-03-13T00:00:00Z,2026-03-29T02:30:28.483044Z,2026-03-29T02:30:28.483044Z
286,Oracle Fusion,286,Vendor 286,APAC,4.9,2022-04-18T00:00:00Z,2026-03-29T02:30:28.483044Z,2026-03-29T02:30:28.483044Z
287,Oracle Fusion,287,Vendor 287,NA,3.4,2023-09-25T00:00:00Z,2026-03-29T02:30:28.483044Z,2026-03-29T02:30:28.483044Z
288,Oracle Fusion,288,Vendor 288,EMEA,2.8,2022-08-28T00:00:00Z,2026-03-29T02:30:28.483044Z,2026-03-29T02:30:28.483044Z
289,Oracle Fusion,289,Vendor 289,EMEA,4.7,2023-06-19T00:00:00Z,2026-03-29T02:30:28.483044Z,2026-03-29T02:30:28.483044Z
290,Oracle Fusion,290,Vendor 290,APAC,3.5,2021-04-23T00:00:00Z,2026-03-29T02:30:28.483044Z,2026-03-29T02:30:28.483044Z
291,Oracle Fusion,291,Vendor 291,EMEA,3.2,2023-04-01T00:00:00Z,2026-03-29T02:30:28.483044Z,2026-03-29T02:30:28.483044Z
292,Oracle Fusion,292,Vendor 292,EMEA,4,2025-07-02T00:00:00Z,2026-03-29T02:30:28.483044Z,2026-03-29T02:30:28.483044Z
293,Oracle Fusion,293,Vendor 293,NA,3.2,2021-07-12T00:00:00Z,2026-03-29T02:30:28.483044Z,2026-03-29T02:30:28.483044Z
294,Oracle Fusion,294,Vendor 294,NA,3.8,2024-01-09T00:00:00Z,2026-03-29T02:30:28.483044Z,2026-03-29T02:30:28.483044Z
295,Oracle Fusion,295,Vendor 295,APAC,4.7,2021-01-02T00:00:00Z,2026-03-29T02:30:28.483044Z,2026-03-29T02:30:28.483044Z
296,Oracle Fusion,296,Vendor 296,EMEA,4.8,2024-09-14T00:00:00Z,2026-03-29T02:30:28.483044Z,2026-03-29T02:30:28.483044Z
297,Oracle Fusion,297,Vendor 297,NA,4.6,2023-09-16T00:00:00Z,2026-03-29T02:30:28.483044Z,2026-03-29T02:30:28.483044Z
298,Oracle Fusion,298,Vendor 298,APAC,3.9,2021-08-01T00:00:00Z,2026-03-29T02:30:28.483044Z,2026-03-29T02:30:28.483044Z
299,Oracle Fusion,299,Vendor 299,APAC,4.7,2021-11-26T00:00:00Z,2026-03-29T02:30:28.483044Z,2026-03-29T02:30:28.483044Z
300,Oracle Fusion,300,Vendor 300,NA,3.6,2025-01-13T00:00:00Z,2026-03-29T02:30:28.483044Z,2026-03-29T02:30:28.483044Z
301,Oracle Fusion,301,Vendor 301,NA,4.9,2024-05-11T00:00:00Z,2026-03-29T02:30:28.483044Z,2026-03-29T02:30:28.483044Z
302,Oracle Fusion,302,Vendor 302,NA,3.3,2022-06-27T00:00:00Z,2026-03-29T02:30:28.483044Z,2026-03-29T02:30:28.483044Z
303,Oracle Fusion,303,Vendor 303,APAC,4.7,2025-11-25T00:00:00Z,2026-03-29T02:30:28.483044Z,2026-03-29T02:30:28.483044Z
304,Oracle Fusion,304,Vendor 304,LATAM,2.8,2022-11-17T00:00:00Z,2026-03-29T02:30:28.483044Z,2026-03-29T02:30:28.483044Z
305,Oracle Fusion,305,Vendor 305,NA,4.4,2023-05-06T00:00:00Z,2026-03-29T02:30:28.483044Z,2026-03-29T02:30:28.483044Z
306,Oracle Fusion,306,Vendor 306,LATAM,4.9,2025-10-04T00:00:00Z,2026-03-29T02:30:28.483044Z,2026-03-29T02:30:28.483044Z
307,Oracle Fusion,307,Vendor 307,APAC,3.9,2023-06-26T00:00:00Z,2026-03-29T02:30:28.483044Z,2026-03-29T02:30:28.483044Z
308,Oracle Fusion,308,Vendor 308,EMEA,4.1,2025-12-24T00:00:00Z,2026-03-29T02:30:28.483044Z,2026-03-29T02:30:28.483044Z
309,Oracle Fusion,309,Vendor 309,NA,4.3,2021-11-04T00:00:00Z,2026-03-29T02:30:28.483044Z,2026-03-29T02:30:28.483044Z
310,Oracle Fusion,310,Vendor 310,NA,4,2023-04-08T00:00:00Z,2026-03-29T02:30:28.483044Z,2026-03-29T02:30:28.483044Z
311,Oracle Fusion,311,Vendor 311,EMEA,3.2,2022-04-29T00:00:00Z,2026-03-29T02:30:28.483044Z,2026-03-29T02:30:28.483044Z
312,Oracle Fusion,312,Vendor 312,NA,4.3,2023-01-31T00:00:00Z,2026-03-29T02:30:28.483044Z,2026-03-29T02:30:28.483044Z
313,Oracle Fusion,313,Vendor 313,EMEA,2.9,2022-09-16T00:00:00Z,2026-03-29T02:30:28.483044Z,2026-03-29T02:30:28.483044Z
314,Oracle Fusion,314,Vendor 314,NA,4.7,2024-07-02T00:00:00Z,2026-03-29T02:30:28.483044Z,2026-03-29T02:30:28.483044Z
315,Oracle Fusion,315,Vendor 315,EMEA,4.5,2023-03-13T00:00:00Z,2026-03-29T02:30:28.483044Z,2026-03-29T02:30:28.483044Z
316,Oracle Fusion,316,Vendor 316,LATAM,4.3,2022-11-23T00:00:00Z,2026-03-29T02:30:28.483044Z,2026-03-29T02:30:28.483044Z
317,Oracle Fusion,317,Vendor 317,NA,3,2022-07-02T00:00:00Z,2026-03-29T02:30:28.483044Z,2026-03-29T02:30:28.483044Z
318,Oracle Fusion,318,Vendor 318,NA,4.9,2022-07-02T00:00:00Z,2026-03-29T02:30:28.483044Z,2026-03-29T02:30:28.483044Z
319,Oracle Fusion,319,Vendor 319,APAC,4.2,2024-02-16T00:00:00Z,2026-03-29T02:30:28.483044Z,2026-03-29T02:30:28.483044Z
320,Oracle Fusion,320,Vendor 320,APAC,4.1,2023-12-26T00:00:00Z,2026-03-29T02:30:28.483044Z,2026-03-29T02:30:28.483044Z
321,Oracle Fusion,321,Vendor 321,NA,3.3,2021-12-26T00:00:00Z,2026-03-29T02:30:28.483044Z,2026-03-29T02:30:28.483044Z
322,Oracle Fusion,322,Vendor 322,EMEA,3.8,2025-07-12T00:00:00Z,2026-03-29T02:30:28.483044Z,2026-03-29T02:30:28.483044Z
323,Oracle Fusion,323,Vendor 323,APAC,3,2021-09-03T00:00:00Z,2026-03-29T02:30:28.483044Z,2026-03-29T02:30:28.483044Z
324,Oracle Fusion,324,Vendor 324,NA,4.9,2025-10-04T00:00:00Z,2026-03-29T02:30:28.483044Z,2026-03-29T02:30:28.483044Z
325,Oracle Fusion,325,Vendor 325,NA,3.4,2023-07-31T00:00:00Z,2026-03-29T02:30:28.483044Z,2026-03-29T02:30:28.483044Z
326,Oracle Fusion,326,Vendor 326,EMEA,4.3,2022-08-16T00:00:00Z,2026-03-29T02:30:28.483044Z,2026-03-29T02:30:28.483044Z
327,Oracle Fusion,327,Vendor 327,NA,4.7,2021-10-12T00:00:00Z,2026-03-29T02:30:28.483044Z,2026-03-29T02:30:28.483044Z
328,Oracle Fusion,328,Vendor 328,LATAM,4.6,2024-03-13T00:00:00Z,2026-03-29T02:30:28.483044Z,2026-03-29T02:30:28.483044Z
329,Oracle Fusion,329,Vendor 329,NA,3.1,2024-07-13T00:00:00Z,2026-03-29T02:30:28.483044Z,2026-03-29T02:30:28.483044Z
330,Oracle Fusion,330,Vendor 330,NA,4.4,2021-03-07T00:00:00Z,2026-03-29T02:30:28.483044Z,2026-03-29T02:30:28.483044Z
331,Oracle Fusion,331,Vendor 331,APAC,3.5,2021-03-01T00:00:00Z,2026-03-29T02:30:28.483044Z,2026-03-29T02:30:28.483044Z
332,Oracle Fusion,332,Vendor 332,NA,3.1,2023-11-10T00:00:00Z,2026-03-29T02:30:28.483044Z,2026-03-29T02:30:28.483044Z
333,Oracle Fusion,333,Vendor 333,APAC,3.9,2023-09-02T00:00:00Z,2026-03-29T02:30:28.483044Z,2026-03-29T02:30:28.483044Z
334,Oracle Fusion,334,Vendor 334,APAC,4.6,2021-05-04T00:00:00Z,2026-03-29T02:30:28.483044Z,2026-03-29T02:30:28.483044Z
335,Oracle Fusion,335,Vendor 335,EMEA,3.5,2023-01-14T00:00:00Z,2026-03-29T02:30:28.483044Z,2026-03-29T02:30:28.483044Z
336,Oracle Fusion,336,Vendor 336,EMEA,4.8,2024-08-29T00:00:00Z,2026-03-29T02:30:28.483044Z,2026-03-29T02:30:28.483044Z
337,Oracle Fusion,337,Vendor 337,EMEA,2.8,2022-09-15T00:00:00Z,2026-03-29T02:30:28.483044Z,2026-03-29T02:30:28.483044Z
338,Oracle Fusion,338,Vendor 338,EMEA,4.8,2021-01-28T00:00:00Z,2026-03-29T02:30:28.483044Z,2026-03-29T02:30:28.483044Z
339,Oracle Fusion,339,Vendor 339,EMEA,4.7,2025-11-18T00:00:00Z,2026-03-29T02:30:28.483044Z,2026-03-29T02:30:28.483044Z
340,Oracle Fusion,340,Vendor 340,NA,3.9,2024-03-23T00:00:00Z,2026-03-29T02:30:28.483044Z,2026-03-29T02:30:28.483044Z
341,Oracle Fusion,341,Vendor 341,EMEA,3.3,2024-11-05T00:00:00Z,2026-03-29T02:30:28.483044Z,2026-03-29T02:30:28.483044Z
342,Oracle Fusion,342,Vendor 342,EMEA,4.2,2021-11-08T00:00:00Z,2026-03-29T02:30:28.483044Z,2026-03-29T02:30:28.483044Z
343,Oracle Fusion,343,Vendor 343,NA,3,2023-06-05T00:00:00Z,2026-03-29T02:30:28.483044Z,2026-03-29T02:30:28.483044Z
344,Oracle Fusion,344,Vendor 344,EMEA,4.5,2022-11-06T00:00:00Z,2026-03-29T02:30:28.483044Z,2026-03-29T02:30:28.483044Z
345,Oracle Fusion,345,Vendor 345,NA,3.3,2023-03-25T00:00:00Z,2026-03-29T02:30:28.483044Z,2026-03-29T02:30:28.483044Z
346,Oracle Fusion,346,Vendor 346,EMEA,4.2,2025-12-08T00:00:00Z,2026-03-29T02:30:28.483044Z,2026-03-29T02:30:28.483044Z
347,Oracle Fusion,347,Vendor 347,LATAM,3.6,2021-10-27T00:00:00Z,2026-03-29T02:30:28.483044Z,2026-03-29T02:30:28.483044Z
348,Oracle Fusion,348,Vendor 348,EMEA,3.8,2025-04-10T00:00:00Z,2026-03-29T02:30:28.483044Z,2026-03-29T02:30:28.483044Z
349,Oracle Fusion,349,Vendor 349,EMEA,4.2,2025-08-08T00:00:00Z,2026-03-29T02:30:28.483044Z,2026-03-29T02:30:28.483044Z
350,Oracle Fusion,350,Vendor 350,EMEA,4,2023-12-27T00:00:00Z,2026-03-29T02:30:28.483044Z,2026-03-29T02:30:28.483044Z
351,Oracle Fusion,351,Vendor 351,NA,3.1,2023-05-28T00:00:00Z,2026-03-29T02:30:28.483044Z,2026-03-29T02:30:28.483044Z
352,Oracle Fusion,352,Vendor 352,NA,4.6,2025-06-21T00:00:00Z,2026-03-29T02:30:28.483044Z,2026-03-29T02:30:28.483044Z
353,Oracle Fusion,353,Vendor 353,EMEA,4.5,2022-01-06T00:00:00Z,2026-03-29T02:30:28.483044Z,2026-03-29T02:30:28.483044Z
354,Oracle Fusion,354,Vendor 354,NA,4.2,2021-09-02T00:00:00Z,2026-03-29T02:30:28.483044Z,2026-03-29T02:30:28.483044Z
355,Oracle Fusion,355,Vendor 355,APAC,4.3,2021-03-23T00:00:00Z,2026-03-29T02:30:28.483044Z,2026-03-29T02:30:28.483044Z
356,Oracle Fusion,356,Vendor 356,NA,3.6,2023-04-08T00:00:00Z,2026-03-29T02:30:28.483044Z,2026-03-29T02:30:28.483044Z
357,Oracle Fusion,357,Vendor 357,NA,3.1,2022-02-10T00:00:00Z,2026-03-29T02:30:28.483044Z,2026-03-29T02:30:28.483044Z
358,Oracle Fusion,358,Vendor 358,APAC,3.3,2022-07-29T00:00:00Z,2026-03-29T02:30:28.483044Z,2026-03-29T02:30:28.483044Z
359,Oracle Fusion,359,Vendor 359,NA,3.7,2025-03-14T00:00:00Z,2026-03-29T02:30:28.483044Z,2026-03-29T02:30:28.483044Z
360,Oracle Fusion,360,Vendor 360,APAC,4.3,2022-07-20T00:00:00Z,2026-03-29T02:30:28.483044Z,2026-03-29T02:30:28.483044Z
361,Oracle Fusion,361,Vendor 361,NA,4.8,2024-11-14T00:00:00Z,2026-03-29T02:30:28.483044Z,2026-03-29T02:30:28.483044Z
362,Oracle Fusion,362,Vendor 362,APAC,4.1,2023-10-25T00:00:00Z,2026-03-29T02:30:28.483044Z,2026-03-29T02:30:28.483044Z
363,Oracle Fusion,363,Vendor 363,NA,4.6,2024-05-06T00:00:00Z,2026-03-29T02:30:28.483044Z,2026-03-29T02:30:28.483044Z
364,Oracle Fusion,364,Vendor 364,NA,4.3,2022-09-18T00:00:00Z,2026-03-29T02:30:28.483044Z,2026-03-29T02:30:28.483044Z
365,Oracle Fusion,365,Vendor 365,APAC,4.5,2021-01-18T00:00:00Z,2026-03-29T02:30:28.483044Z,2026-03-29T02:30:28.483044Z
366,Oracle Fusion,366,Vendor 366,NA,3.8,2024-03-18T00:00:00Z,2026-03-29T02:30:28.483044Z,2026-03-29T02:30:28.483044Z
367,Oracle Fusion,367,Vendor 367,APAC,3.9,2025-04-14T00:00:00Z,2026-03-29T02:30:28.483044Z,2026-03-29T02:30:28.483044Z
368,Oracle Fusion,368,Vendor 368,EMEA,3.2,2021-09-13T00:00:00Z,2026-03-29T02:30:28.483044Z,2026-03-29T02:30:28.483044Z
369,Oracle Fusion,369,Vendor 369,EMEA,4.4,2022-09-21T00:00:00Z,2026-03-29T02:30:28.483044Z,2026-03-29T02:30:28.483044Z
370,Oracle Fusion,370,Vendor 370,LATAM,5,2025-05-17T00:00:00Z,2026-03-29T02:30:28.483044Z,2026-03-29T02:30:28.483044Z
371,Oracle Fusion,371,Vendor 371,NA,4.3,2024-12-30T00:00:00Z,2026-03-29T02:30:28.483044Z,2026-03-29T02:30:28.483044Z
372,Oracle Fusion,372,Vendor 372,EMEA,4.4,2024-07-19T00:00:00Z,2026-03-29T02:30:28.483044Z,2026-03-29T02:30:28.483044Z
373,Oracle Fusion,373,Vendor 373,LATAM,2.9,2022-03-15T00:00:00Z,2026-03-29T02:30:28.483044Z,2026-03-29T02:30:28.483044Z
374,Oracle Fusion,374,Vendor 374,LATAM,3.5,2022-09-23T00:00:00Z,2026-03-29T02:30:28.483044Z,2026-03-29T02:30:28.483044Z
375,Oracle Fusion,375,Vendor 375,EMEA,3.7,2021-04-20T00:00:00Z,2026-03-29T02:30:28.483044Z,2026-03-29T02:30:28.483044Z
376,Oracle Fusion,376,Vendor 376,EMEA,4.7,2025-11-02T00:00:00Z,2026-03-29T02:30:28.483044Z,2026-03-29T02:30:28.483044Z
377,Oracle Fusion,377,Vendor 377,APAC,3.7,2024-11-18T00:00:00Z,2026-03-29T02:30:28.483044Z,2026-03-29T02:30:28.483044Z
378,Oracle Fusion,378,Vendor 378,APAC,4.7,2024-05-12T00:00:00Z,2026-03-29T02:30:28.483044Z,2026-03-29T02:30:28.483044Z
379,Oracle Fusion,379,Vendor 379,EMEA,4.6,2022-07-16T00:00:00Z,2026-03-29T02:30:28.483044Z,2026-03-29T02:30:28.483044Z
380,Oracle Fusion,380,Vendor 380,APAC,3.3,2023-05-20T00:00:00Z,2026-03-29T02:30:28.483044Z,2026-03-29T02:30:28.483044Z
381,Oracle Fusion,381,Vendor 381,NA,3,2025-01-25T00:00:00Z,2026-03-29T02:30:28.483044Z,2026-03-29T02:30:28.483044Z
382,Oracle Fusion,382,Vendor 382,EMEA,3.9,2023-01-14T00:00:00Z,2026-03-29T02:30:28.483044Z,2026-03-29T02:30:28.483044Z
383,Oracle Fusion,383,Vendor 383,NA,4.9,2024-08-10T00:00:00Z,2026-03-29T02:30:28.483044Z,2026-03-29T02:30:28.483044Z
384,Oracle Fusion,384,Vendor 384,APAC,4.3,2021-04-05T00:00:00Z,2026-03-29T02:30:28.483044Z,2026-03-29T02:30:28.483044Z
385,Oracle Fusion,385,Vendor 385,NA,3.3,2023-05-30T00:00:00Z,2026-03-29T02:30:28.483044Z,2026-03-29T02:30:28.483044Z
386,Oracle Fusion,386,Vendor 386,NA,4.4,2023-04-29T00:00:00Z,2026-03-29T02:30:28.483044Z,2026-03-29T02:30:28.483044Z
387,Oracle Fusion,387,Vendor 387,APAC,3.2,2023-07-18T00:00:00Z,2026-03-29T02:30:28.483044Z,2026-03-29T02:30:28.483044Z
388,Oracle Fusion,388,Vendor 388,EMEA,4.5,2025-05-24T00:00:00Z,2026-03-29T02:30:28.483044Z,2026-03-29T02:30:28.483044Z
389,Oracle Fusion,389,Vendor 389,APAC,3.3,2022-11-22T00:00:00Z,2026-03-29T02:30:28.483044Z,2026-03-29T02:30:28.483044Z
390,Oracle Fusion,390,Vendor 390,NA,3.3,2022-07-16T00:00:00Z,2026-03-29T02:30:28.483044Z,2026-03-29T02:30:28.483044Z
391,Oracle Fusion,391,Vendor 391,EMEA,4,2023-08-06T00:00:00Z,2026-03-29T02:30:28.483044Z,2026-03-29T02:30:28.483044Z
392,Oracle Fusion,392,Vendor 392,NA,3.7,2021-12-20T00:00:00Z,2026-03-29T02:30:28.483044Z,2026-03-29T02:30:28.483044Z
393,Oracle Fusion,393,Vendor 393,LATAM,4.3,2023-08-27T00:00:00Z,2026-03-29T02:30:28.483044Z,2026-03-29T02:30:28.483044Z
394,Oracle Fusion,394,Vendor 394,NA,4.3,2024-06-02T00:00:00Z,2026-03-29T02:30:28.483044Z,2026-03-29T02:30:28.483044Z
395,Oracle Fusion,395,Vendor 395,NA,4.2,2025-03-26T00:00:00Z,2026-03-29T02:30:28.483044Z,2026-03-29T02:30:28.483044Z
396,Oracle Fusion,396,Vendor 396,NA,4,2023-07-05T00:00:00Z,2026-03-29T02:30:28.483044Z,2026-03-29T02:30:28.483044Z
397,Oracle Fusion,397,Vendor 397,NA,4,2021-12-05T00:00:00Z,2026-03-29T02:30:28.483044Z,2026-03-29T02:30:28.483044Z
398,Oracle Fusion,398,Vendor 398,NA,3.1,2022-11-02T00:00:00Z,2026-03-29T02:30:28.483044Z,2026-03-29T02:30:28.483044Z
399,Oracle Fusion,399,Vendor 399,NA,4.3,2024-01-15T00:00:00Z,2026-03-29T02:30:28.483044Z,2026-03-29T02:30:28.483044Z
400,Oracle Fusion,400,Vendor 400,NA,4.5,2023-03-03T00:00:00Z,2026-03-29T02:30:28.483044Z,2026-03-29T02:30:28.483044Z
401,Oracle Fusion,401,Vendor 401,EMEA,4.6,2021-02-06T00:00:00Z,2026-03-29T02:30:28.483044Z,2026-03-29T02:30:28.483044Z
402,Oracle Fusion,402,Vendor 402,APAC,3.8,2024-01-29T00:00:00Z,2026-03-29T02:30:28.483044Z,2026-03-29T02:30:28.483044Z
403,Oracle Fusion,403,Vendor 403,NA,3.7,2023-06-28T00:00:00Z,2026-03-29T02:30:28.483044Z,2026-03-29T02:30:28.483044Z
404,Oracle Fusion,404,Vendor 404,APAC,4.1,2021-09-12T00:00:00Z,2026-03-29T02:30:28.483044Z,2026-03-29T02:30:28.483044Z
405,Oracle Fusion,405,Vendor 405,LATAM,3.5,2022-03-27T00:00:00Z,2026-03-29T02:30:28.483044Z,2026-03-29T02:30:28.483044Z
406,Oracle Fusion,406,Vendor 406,LATAM,2.9,2021-01-29T00:00:00Z,2026-03-29T02:30:28.483044Z,2026-03-29T02:30:28.483044Z
407,Oracle Fusion,407,Vendor 407,NA,4.9,2021-03-22T00:00:00Z,2026-03-29T02:30:28.483044Z,2026-03-29T02:30:28.483044Z
408,Oracle Fusion,408,Vendor 408,EMEA,4.1,2024-09-22T00:00:00Z,2026-03-29T02:30:28.483044Z,2026-03-29T02:30:28.483044Z
409,Oracle Fusion,409,Vendor 409,NA,4.1,2021-09-17T00:00:00Z,2026-03-29T02:30:28.483044Z,2026-03-29T02:30:28.483044Z
410,Oracle Fusion,410,Vendor 410,NA,3.9,2025-11-01T00:00:00Z,2026-03-29T02:30:28.483044Z,2026-03-29T02:30:28.483044Z
411,Oracle Fusion,411,Vendor 411,NA,4,2023-01-18T00:00:00Z,2026-03-29T02:30:28.483044Z,2026-03-29T02:30:28.483044Z
412,Oracle Fusion,412,Vendor 412,LATAM,4.7,2025-05-20T00:00:00Z,2026-03-29T02:30:28.483044Z,2026-03-29T02:30:28.483044Z
413,Oracle Fusion,413,Vendor 413,EMEA,3.5,2024-08-17T00:00:00Z,2026-03-29T02:30:28.483044Z,2026-03-29T02:30:28.483044Z
414,Oracle Fusion,414,Vendor 414,NA,3.1,2025-03-22T00:00:00Z,2026-03-29T02:30:28.483044Z,2026-03-29T02:30:28.483044Z
415,Oracle Fusion,415,Vendor 415,APAC,3.2,2021-08-31T00:00:00Z,2026-03-29T02:30:28.483044Z,2026-03-29T02:30:28.483044Z
416,Oracle Fusion,416,Vendor 416,NA,3.5,2025-11-27T00:00:00Z,2026-03-29T02:30:28.483044Z,2026-03-29T02:30:28.483044Z
417,Oracle Fusion,417,Vendor 417,NA,4.6,2021-04-11T00:00:00Z,2026-03-29T02:30:28.483044Z,2026-03-29T02:30:28.483044Z
418,Oracle Fusion,418,Vendor 418,NA,3.1,2025-12-01T00:00:00Z,2026-03-29T02:30:28.483044Z,2026-03-29T02:30:28.483044Z
419,Oracle Fusion,419,Vendor 419,NA,4.2,2021-02-03T00:00:00Z,2026-03-29T02:30:28.483044Z,2026-03-29T02:30:28.483044Z
420,Oracle Fusion,420,Vendor 420,APAC,4.9,2021-01-15T00:00:00Z,2026-03-29T02:30:28.483044Z,2026-03-29T02:30:28.483044Z
421,Oracle Fusion,421,Vendor 421,EMEA,3.9,2022-01-25T00:00:00Z,2026-03-29T02:30:28.483044Z,2026-03-29T02:30:28.483044Z
422,Oracle Fusion,422,Vendor 422,NA,4.8,2023-06-22T00:00:00Z,2026-03-29T02:30:28.483044Z,2026-03-29T02:30:28.483044Z
423,Oracle Fusion,423,Vendor 423,NA,4.7,2021-07-30T00:00:00Z,2026-03-29T02:30:28.483044Z,2026-03-29T02:30:28.483044Z
424,Oracle Fusion,424,Vendor 424,NA,4.1,2021-07-24T00:00:00Z,2026-03-29T02:30:28.483044Z,2026-03-29T02:30:28.483044Z
425,Oracle Fusion,425,Vendor 425,EMEA,3.9,2021-03-08T00:00:00Z,2026-03-29T02:30:28.483044Z,2026-03-29T02:30:28.483044Z
426,Oracle Fusion,426,Vendor 426,APAC,4.8,2023-12-16T00:00:00Z,2026-03-29T02:30:28.483044Z,2026-03-29T02:30:28.483044Z
427,Oracle Fusion,427,Vendor 427,NA,3.2,2021-12-08T00:00:00Z,2026-03-29T02:30:28.483044Z,2026-03-29T02:30:28.483044Z
428,Oracle Fusion,428,Vendor 428,NA,3,2023-02-05T00:00:00Z,2026-03-29T02:30:28.483044Z,2026-03-29T02:30:28.483044Z
429,Oracle Fusion,429,Vendor 429,NA,3.8,2025-06-20T00:00:00Z,2026-03-29T02:30:28.483044Z,2026-03-29T02:30:28.483044Z
430,Oracle Fusion,430,Vendor 430,NA,4.1,2021-05-30T00:00:00Z,2026-03-29T02:30:28.483044Z,2026-03-29T02:30:28.483044Z
431,Oracle Fusion,431,Vendor 431,EMEA,2.9,2022-03-28T00:00:00Z,2026-03-29T02:30:28.483044Z,2026-03-29T02:30:28.483044Z
432,Oracle Fusion,432,Vendor 432,NA,4.8,2022-09-14T00:00:00Z,2026-03-29T02:30:28.483044Z,2026-03-29T02:30:28.483044Z
433,Oracle Fusion,433,Vendor 433,EMEA,2.9,2022-01-11T00:00:00Z,2026-03-29T02:30:28.483044Z,2026-03-29T02:30:28.483044Z
434,Oracle Fusion,434,Vendor 434,EMEA,3.3,2025-01-04T00:00:00Z,2026-03-29T02:30:28.483044Z,2026-03-29T02:30:28.483044Z
435,Oracle Fusion,435,Vendor 435,EMEA,3.9,2025-02-02T00:00:00Z,2026-03-29T02:30:28.483044Z,2026-03-29T02:30:28.483044Z
436,Oracle Fusion,436,Vendor 436,NA,3.4,2021-10-13T00:00:00Z,2026-03-29T02:30:28.483044Z,2026-03-29T02:30:28.483044Z
437,Oracle Fusion,437,Vendor 437,APAC,4.6,2025-07-09T00:00:00Z,2026-03-29T02:30:28.483044Z,2026-03-29T02:30:28.483044Z
438,Oracle Fusion,438,Vendor 438,NA,4.1,2025-07-15T00:00:00Z,2026-03-29T02:30:28.483044Z,2026-03-29T02:30:28.483044Z
439,Oracle Fusion,439,Vendor 439,NA,4,2025-05-17T00:00:00Z,2026-03-29T02:30:28.483044Z,2026-03-29T02:30:28.483044Z
440,Oracle Fusion,440,Vendor 440,EMEA,4.1,2021-07-12T00:00:00Z,2026-03-29T02:30:28.483044Z,2026-03-29T02:30:28.483044Z
441,Oracle Fusion,441,Vendor 441,NA,3.1,2022-12-19T00:00:00Z,2026-03-29T02:30:28.483044Z,2026-03-29T02:30:28.483044Z
442,Oracle Fusion,442,Vendor 442,LATAM,4.2,2022-04-11T00:00:00Z,2026-03-29T02:30:28.483044Z,2026-03-29T02:30:28.483044Z
443,Oracle Fusion,443,Vendor 443,APAC,4.5,2021-10-19T00:00:00Z,2026-03-29T02:30:28.483044Z,2026-03-29T02:30:28.483044Z
444,Oracle Fusion,444,Vendor 444,NA,3.9,2021-07-02T00:00:00Z,2026-03-29T02:30:28.483044Z,2026-03-29T02:30:28.483044Z
445,Oracle Fusion,445,Vendor 445,NA,3.3,2024-03-31T00:00:00Z,2026-03-29T02:30:28.483044Z,2026-03-29T02:30:28.483044Z
446,Oracle Fusion,446,Vendor 446,EMEA,3.3,2023-09-20T00:00:00Z,2026-03-29T02:30:28.483044Z,2026-03-29T02:30:28.483044Z
447,Oracle Fusion,447,Vendor 447,NA,3.8,2024-02-24T00:00:00Z,2026-03-29T02:30:28.483044Z,2026-03-29T02:30:28.483044Z
448,Oracle Fusion,448,Vendor 448,EMEA,3.7,2021-10-23T00:00:00Z,2026-03-29T02:30:28.483044Z,2026-03-29T02:30:28.483044Z
449,Oracle Fusion,449,Vendor 449,LATAM,4.7,2022-08-25T00:00:00Z,2026-03-29T02:30:28.483044Z,2026-03-29T02:30:28.483044Z
450,Oracle Fusion,450,Vendor 450,EMEA,2.9,2025-05-17T00:00:00Z,2026-03-29T02:30:28.483044Z,2026-03-29T02:30:28.483044Z
451,Oracle Fusion,451,Vendor 451,EMEA,4,2022-02-16T00:00:00Z,2026-03-29T02:30:28.483044Z,2026-03-29T02:30:28.483044Z
452,Oracle Fusion,452,Vendor 452,EMEA,3.8,2024-01-28T00:00:00Z,2026-03-29T02:30:28.483044Z,2026-03-29T02:30:28.483044Z
453,Oracle Fusion,453,Vendor 453,NA,3.4,2021-02-07T00:00:00Z,2026-03-29T02:30:28.483044Z,2026-03-29T02:30:28.483044Z
454,Oracle Fusion,454,Vendor 454,NA,3.1,2022-04-03T00:00:00Z,2026-03-29T02:30:28.483044Z,2026-03-29T02:30:28.483044Z
455,Oracle Fusion,455,Vendor 455,NA,3.9,2022-12-18T00:00:00Z,2026-03-29T02:30:28.483044Z,2026-03-29T02:30:28.483044Z
456,Oracle Fusion,456,Vendor 456,APAC,2.8,2022-04-09T00:00:00Z,2026-03-29T02:30:28.483044Z,2026-03-29T02:30:28.483044Z
457,Oracle Fusion,457,Vendor 457,LATAM,4.9,2025-02-25T00:00:00Z,2026-03-29T02:30:28.483044Z,2026-03-29T02:30:28.483044Z
458,Oracle Fusion,458,Vendor 458,APAC,3.4,2025-04-07T00:00:00Z,2026-03-29T02:30:28.483044Z,2026-03-29T02:30:28.483044Z
459,Oracle Fusion,459,Vendor 459,NA,2.9,2023-10-09T00:00:00Z,2026-03-29T02:30:28.483044Z,2026-03-29T02:30:28.483044Z
460,Oracle Fusion,460,Vendor 460,APAC,3,2023-01-14T00:00:00Z,2026-03-29T02:30:28.483044Z,2026-03-29T02:30:28.483044Z
461,Oracle Fusion,461,Vendor 461,EMEA,4.4,2024-10-30T00:00:00Z,2026-03-29T02:30:28.483044Z,2026-03-29T02:30:28.483044Z
462,Oracle Fusion,462,Vendor 462,APAC,4.8,2023-10-05T00:00:00Z,2026-03-29T02:30:28.483044Z,2026-03-29T02:30:28.483044Z
463,Oracle Fusion,463,Vendor 463,LATAM,3.7,2024-03-23T00:00:00Z,2026-03-29T02:30:28.483044Z,2026-03-29T02:30:28.483044Z
464,Oracle Fusion,464,Vendor 464,EMEA,4.5,2022-12-25T00:00:00Z,2026-03-29T02:30:28.483044Z,2026-03-29T02:30:28.483044Z
465,Oracle Fusion,465,Vendor 465,NA,4.8,2022-10-08T00:00:00Z,2026-03-29T02:30:28.483044Z,2026-03-29T02:30:28.483044Z
466,Oracle Fusion,466,Vendor 466,NA,2.8,2021-11-24T00:00:00Z,2026-03-29T02:30:28.483044Z,2026-03-29T02:30:28.483044Z
467,Oracle Fusion,467,Vendor 467,NA,4.4,2025-01-28T00:00:00Z,2026-03-29T02:30:28.483044Z,2026-03-29T02:30:28.483044Z
468,Oracle Fusion,468,Vendor 468,EMEA,4.7,2025-10-29T00:00:00Z,2026-03-29T02:30:28.483044Z,2026-03-29T02:30:28.483044Z
469,Oracle Fusion,469,Vendor 469,NA,3.8,2025-12-18T00:00:00Z,2026-03-29T02:30:28.483044Z,2026-03-29T02:30:28.483044Z
470,Oracle Fusion,470,Vendor 470,NA,4.2,2023-02-11T00:00:00Z,2026-03-29T02:30:28.483044Z,2026-03-29T02:30:28.483044Z
471,Oracle Fusion,471,Vendor 471,NA,4,2023-02-03T00:00:00Z,2026-03-29T02:30:28.483044Z,2026-03-29T02:30:28.483044Z
472,Oracle Fusion,472,Vendor 472,EMEA,3.8,2022-08-25T00:00:00Z,2026-03-29T02:30:28.483044Z,2026-03-29T02:30:28.483044Z
473,Oracle Fusion,473,Vendor 473,APAC,3.8,2023-08-15T00:00:00Z,2026-03-29T02:30:28.483044Z,2026-03-29T02:30:28.483044Z
474,Oracle Fusion,474,Vendor 474,NA,4.5,2024-04-23T00:00:00Z,2026-03-29T02:30:28.483044Z,2026-03-29T02:30:28.483044Z
475,Oracle Fusion,475,Vendor 475,EMEA,3.7,2025-12-24T00:00:00Z,2026-03-29T02:30:28.483044Z,2026-03-29T02:30:28.483044Z
476,Oracle Fusion,476,Vendor 476,EMEA,3.3,2021-02-04T00:00:00Z,2026-03-29T02:30:28.483044Z,2026-03-29T02:30:28.483044Z
477,Oracle Fusion,477,Vendor 477,APAC,4,2025-04-20T00:00:00Z,2026-03-29T02:30:28.483044Z,2026-03-29T02:30:28.483044Z
478,Oracle Fusion,478,Vendor 478,APAC,5,2025-08-08T00:00:00Z,2026-03-29T02:30:28.483044Z,2026-03-29T02:30:28.483044Z
479,Oracle Fusion,479,Vendor 479,NA,3.8,2023-01-01T00:00:00Z,2026-03-29T02:30:28.483044Z,2026-03-29T02:30:28.483044Z
480,Oracle Fusion,480,Vendor 480,NA,4.4,2021-09-08T00:00:00Z,2026-03-29T02:30:28.483044Z,2026-03-29T02:30:28.483044Z
481,Oracle Fusion,481,Vendor 481,APAC,4.1,2021-09-04T00:00:00Z,2026-03-29T02:30:28.483044Z,2026-03-29T02:30:28.483044Z
482,Oracle Fusion,482,Vendor 482,NA,4.5,2022-10-19T00:00:00Z,2026-03-29T02:30:28.483044Z,2026-03-29T02:30:28.483044Z
483,Oracle Fusion,483,Vendor 483,EMEA,3.3,2025-12-06T00:00:00Z,2026-03-29T02:30:28.483044Z,2026-03-29T02:30:28.483044Z
484,Oracle Fusion,484,Vendor 484,NA,3.6,2025-11-27T00:00:00Z,2026-03-29T02:30:28.483044Z,2026-03-29T02:30:28.483044Z
485,Oracle Fusion,485,Vendor 485,NA,3.2,2025-04-05T00:00:00Z,2026-03-29T02:30:28.483044Z,2026-03-29T02:30:28.483044Z
486,Oracle Fusion,486,Vendor 486,NA,4.2,2025-07-22T00:00:00Z,2026-03-29T02:30:28.483044Z,2026-03-29T02:30:28.483044Z
487,Oracle Fusion,487,Vendor 487,NA,3.5,2022-04-20T00:00:00Z,2026-03-29T02:30:28.483044Z,2026-03-29T02:30:28.483044Z
488,Oracle Fusion,488,Vendor 488,APAC,4.7,2024-01-30T00:00:00Z,2026-03-29T02:30:28.483044Z,2026-03-29T02:30:28.483044Z
489,Oracle Fusion,489,Vendor 489,LATAM,4.6,2023-08-27T00:00:00Z,2026-03-29T02:30:28.483044Z,2026-03-29T02:30:28.483044Z
490,Oracle Fusion,490,Vendor 490,APAC,3.7,2025-04-29T00:00:00Z,2026-03-29T02:30:28.483044Z,2026-03-29T02:30:28.483044Z
491,Oracle Fusion,491,Vendor 491,EMEA,3.9,2023-08-10T00:00:00Z,2026-03-29T02:30:28.483044Z,2026-03-29T02:30:28.483044Z
492,Oracle Fusion,492,Vendor 492,NA,3.5,2025-07-13T00:00:00Z,2026-03-29T02:30:28.483044Z,2026-03-29T02:30:28.483044Z
493,Oracle Fusion,493,Vendor 493,NA,3,2025-06-28T00:00:00Z,2026-03-29T02:30:28.483044Z,2026-03-29T02:30:28.483044Z
494,Oracle Fusion,494,Vendor 494,APAC,3.6,2025-01-15T00:00:00Z,2026-03-29T02:30:28.483044Z,2026-03-29T02:30:28.483044Z
495,Oracle Fusion,495,Vendor 495,APAC,3.7,2023-10-04T00:00:00Z,2026-03-29T02:30:28.483044Z,2026-03-29T02:30:28.483044Z
496,Oracle Fusion,496,Vendor 496,LATAM,3.1,2022-08-04T00:00:00Z,2026-03-29T02:30:28.483044Z,2026-03-29T02:30:28.483044Z
497,Oracle Fusion,497,Vendor 497,NA,3,2024-04-30T00:00:00Z,2026-03-29T02:30:28.483044Z,2026-03-29T02:30:28.483044Z
498,Oracle Fusion,498,Vendor 498,NA,4.4,2022-02-01T00:00:00Z,2026-03-29T02:30:28.483044Z,2026-03-29T02:30:28.483044Z
499,Oracle Fusion,499,Vendor 499,NA,4.9,2023-05-18T00:00:00Z,2026-03-29T02:30:28.483044Z,2026-03-29T02:30:28.483044Z
500,Oracle Fusion,500,Vendor 500,APAC,4,2022-03-01T00:00:00Z,2026-03-29T02:30:28.483044Z,2026-03-29T02:30:28.483044Z
501,Oracle Fusion,501,Vendor 501,APAC,4.5,2021-01-26T00:00:00Z,2026-03-29T02:30:28.483044Z,2026-03-29T02:30:28.483044Z
502,Oracle Fusion,502,Vendor 502,NA,4.8,2023-11-28T00:00:00Z,2026-03-29T02:30:28.483044Z,2026-03-29T02:30:28.483044Z
503,Oracle Fusion,503,Vendor 503,NA,3,2021-05-31T00:00:00Z,2026-03-29T02:30:28.483044Z,2026-03-29T02:30:28.483044Z
504,Oracle Fusion,504,Vendor 504,APAC,5,2023-09-29T00:00:00Z,2026-03-29T02:30:28.483044Z,2026-03-29T02:30:28.483044Z
505,Oracle Fusion,505,Vendor 505,EMEA,4.2,2025-12-18T00:00:00Z,2026-03-29T02:30:28.483044Z,2026-03-29T02:30:28.483044Z
506,Oracle Fusion,506,Vendor 506,APAC,4.5,2024-07-05T00:00:00Z,2026-03-29T02:30:28.483044Z,2026-03-29T02:30:28.483044Z
507,Oracle Fusion,507,Vendor 507,LATAM,4.3,2022-02-03T00:00:00Z,2026-03-29T02:30:28.483044Z,2026-03-29T02:30:28.483044Z
508,Oracle Fusion,508,Vendor 508,LATAM,5,2021-12-27T00:00:00Z,2026-03-29T02:30:28.483044Z,2026-03-29T02:30:28.483044Z
509,Oracle Fusion,509,Vendor 509,EMEA,4.4,2024-11-11T00:00:00Z,2026-03-29T02:30:28.483044Z,2026-03-29T02:30:28.483044Z
510,Oracle Fusion,510,Vendor 510,EMEA,3.7,2023-06-07T00:00:00Z,2026-03-29T02:30:28.483044Z,2026-03-29T02:30:28.483044Z
511,Oracle Fusion,511,Vendor 511,LATAM,4.8,2021-09-30T00:00:00Z,2026-03-29T02:30:28.483044Z,2026-03-29T02:30:28.483044Z
512,Oracle Fusion,512,Vendor 512,APAC,3.4,2024-10-25T00:00:00Z,2026-03-29T02:30:28.483044Z,2026-03-29T02:30:28.483044Z
513,Oracle Fusion,513,Vendor 513,NA,2.8,2022-08-30T00:00:00Z,2026-03-29T02:30:28.483044Z,2026-03-29T02:30:28.483044Z
514,Oracle Fusion,514,Vendor 514,EMEA,2.8,2025-04-21T00:00:00Z,2026-03-29T02:30:28.483044Z,2026-03-29T02:30:28.483044Z
515,Oracle Fusion,515,Vendor 515,APAC,4.4,2025-06-03T00:00:00Z,2026-03-29T02:30:28.483044Z,2026-03-29T02:30:28.483044Z
516,Oracle Fusion,516,Vendor 516,NA,3.6,2022-04-07T00:00:00Z,2026-03-29T02:30:28.483044Z,2026-03-29T02:30:28.483044Z
517,Oracle Fusion,517,Vendor 517,NA,4.7,2024-10-21T00:00:00Z,2026-03-29T02:30:28.483044Z,2026-03-29T02:30:28.483044Z
518,Oracle Fusion,518,Vendor 518,NA,3.5,2021-07-17T00:00:00Z,2026-03-29T02:30:28.483044Z,2026-03-29T02:30:28.483044Z
519,Oracle Fusion,519,Vendor 519,EMEA,4.3,2024-12-06T00:00:00Z,2026-03-29T02:30:28.483044Z,2026-03-29T02:30:28.483044Z
520,Oracle Fusion,520,Vendor 520,LATAM,3.7,2021-12-28T00:00:00Z,2026-03-29T02:30:28.483044Z,2026-03-29T02:30:28.483044Z
521,Oracle Fusion,521,Vendor 521,NA,4,2022-09-30T00:00:00Z,2026-03-29T02:30:28.483044Z,2026-03-29T02:30:28.483044Z
522,Oracle Fusion,522,Vendor 522,NA,4.8,2025-03-23T00:00:00Z,2026-03-29T02:30:28.483044Z,2026-03-29T02:30:28.483044Z
523,Oracle Fusion,523,Vendor 523,NA,4.9,2022-06-06T00:00:00Z,2026-03-29T02:30:28.483044Z,2026-03-29T02:30:28.483044Z
524,Oracle Fusion,524,Vendor 524,NA,3,2021-03-09T00:00:00Z,2026-03-29T02:30:28.483044Z,2026-03-29T02:30:28.483044Z
525,Oracle Fusion,525,Vendor 525,NA,3.5,2022-09-01T00:00:00Z,2026-03-29T02:30:28.483044Z,2026-03-29T02:30:28.483044Z
526,Oracle Fusion,526,Vendor 526,NA,5,2022-06-19T00:00:00Z,2026-03-29T02:30:28.483044Z,2026-03-29T02:30:28.483044Z
527,Oracle Fusion,527,Vendor 527,APAC,3.2,2025-02-11T00:00:00Z,2026-03-29T02:30:28.483044Z,2026-03-29T02:30:28.483044Z
528,Oracle Fusion,528,Vendor 528,NA,4,2021-04-05T00:00:00Z,2026-03-29T02:30:28.483044Z,2026-03-29T02:30:28.483044Z
529,Oracle Fusion,529,Vendor 529,NA,4.4,2024-03-23T00:00:00Z,2026-03-29T02:30:28.483044Z,2026-03-29T02:30:28.483044Z
530,Oracle Fusion,530,Vendor 530,EMEA,3.3,2022-11-17T00:00:00Z,2026-03-29T02:30:28.483044Z,2026-03-29T02:30:28.483044Z
531,Oracle Fusion,531,Vendor 531,LATAM,4.5,2021-06-27T00:00:00Z,2026-03-29T02:30:28.483044Z,2026-03-29T02:30:28.483044Z
532,Oracle Fusion,532,Vendor 532,NA,3.1,2022-07-11T00:00:00Z,2026-03-29T02:30:28.483044Z,2026-03-29T02:30:28.483044Z
533,Oracle Fusion,533,Vendor 533,EMEA,4.4,2024-02-07T00:00:00Z,2026-03-29T02:30:28.483044Z,2026-03-29T02:30:28.483044Z
534,Oracle Fusion,534,Vendor 534,NA,4.6,2021-03-20T00:00:00Z,2026-03-29T02:30:28.483044Z,2026-03-29T02:30:28.483044Z
535,Oracle Fusion,535,Vendor 535,NA,4.5,2022-06-25T00:00:00Z,2026-03-29T02:30:28.483044Z,2026-03-29T02:30:28.483044Z
536,Oracle Fusion,536,Vendor 536,EMEA,4.4,2024-04-01T00:00:00Z,2026-03-29T02:30:28.483044Z,2026-03-29T02:30:28.483044Z
537,Oracle Fusion,537,Vendor 537,NA,4.5,2021-09-02T00:00:00Z,2026-03-29T02:30:28.483044Z,2026-03-29T02:30:28.483044Z
538,Oracle Fusion,538,Vendor 538,NA,3,2025-05-30T00:00:00Z,2026-03-29T02:30:28.483044Z,2026-03-29T02:30:28.483044Z
539,Oracle Fusion,539,Vendor 539,NA,2.9,2025-07-07T00:00:00Z,2026-03-29T02:30:28.483044Z,2026-03-29T02:30:28.483044Z
540,Oracle Fusion,540,Vendor 540,APAC,3.8,2025-03-08T00:00:00Z,2026-03-29T02:30:28.483044Z,2026-03-29T02:30:28.483044Z
541,Oracle Fusion,541,Vendor 541,LATAM,4.7,2024-04-08T00:00:00Z,2026-03-29T02:30:28.483044Z,2026-03-29T02:30:28.483044Z
542,Oracle Fusion,542,Vendor 542,NA,5,2021-04-08T00:00:00Z,2026-03-29T02:30:28.483044Z,2026-03-29T02:30:28.483044Z
543,Oracle Fusion,543,Vendor 543,NA,3.8,2021-12-15T00:00:00Z,2026-03-29T02:30:28.483044Z,2026-03-29T02:30:28.483044Z
544,Oracle Fusion,544,Vendor 544,EMEA,3.2,2023-10-23T00:00:00Z,2026-03-29T02:30:28.483044Z,2026-03-29T02:30:28.483044Z
545,Oracle Fusion,545,Vendor 545,NA,4.2,2023-06-19T00:00:00Z,2026-03-29T02:30:28.483044Z,2026-03-29T02:30:28.483044Z
546,Oracle Fusion,546,Vendor 546,NA,3.9,2023-06-20T00:00:00Z,2026-03-29T02:30:28.483044Z,2026-03-29T02:30:28.483044Z
547,Oracle Fusion,547,Vendor 547,NA,3.4,2025-01-04T00:00:00Z,2026-03-29T02:30:28.483044Z,2026-03-29T02:30:28.483044Z
548,Oracle Fusion,548,Vendor 548,NA,4.7,2023-04-30T00:00:00Z,2026-03-29T02:30:28.483044Z,2026-03-29T02:30:28.483044Z
549,Oracle Fusion,549,Vendor 549,NA,4.1,2022-09-26T00:00:00Z,2026-03-29T02:30:28.483044Z,2026-03-29T02:30:28.483044Z
550,Oracle Fusion,550,Vendor 550,EMEA,3.7,2021-07-13T00:00:00Z,2026-03-29T02:30:28.483044Z,2026-03-29T02:30:28.483044Z
551,Oracle Fusion,551,Vendor 551,NA,3.2,2024-10-01T00:00:00Z,2026-03-29T02:30:28.483044Z,2026-03-29T02:30:28.483044Z
552,Oracle Fusion,552,Vendor 552,NA,3.6,2021-03-03T00:00:00Z,2026-03-29T02:30:28.483044Z,2026-03-29T02:30:28.483044Z
553,Oracle Fusion,553,Vendor 553,NA,3.4,2022-10-03T00:00:00Z,2026-03-29T02:30:28.483044Z,2026-03-29T02:30:28.483044Z
554,Oracle Fusion,554,Vendor 554,EMEA,3.4,2023-11-13T00:00:00Z,2026-03-29T02:30:28.483044Z,2026-03-29T02:30:28.483044Z
555,Oracle Fusion,555,Vendor 555,NA,4.5,2021-02-15T00:00:00Z,2026-03-29T02:30:28.483044Z,2026-03-29T02:30:28.483044Z
556,Oracle Fusion,556,Vendor 556,NA,4.9,2024-01-20T00:00:00Z,2026-03-29T02:30:28.483044Z,2026-03-29T02:30:28.483044Z
557,Oracle Fusion,557,Vendor 557,EMEA,4.2,2021-01-22T00:00:00Z,2026-03-29T02:30:28.483044Z,2026-03-29T02:30:28.483044Z
558,Oracle Fusion,558,Vendor 558,EMEA,5,2023-06-14T00:00:00Z,2026-03-29T02:30:28.483044Z,2026-03-29T02:30:28.483044Z
559,Oracle Fusion,559,Vendor 559,EMEA,4.5,2022-04-01T00:00:00Z,2026-03-29T02:30:28.483044Z,2026-03-29T02:30:28.483044Z
560,Oracle Fusion,560,Vendor 560,NA,3.9,2024-04-04T00:00:00Z,2026-03-29T02:30:28.483044Z,2026-03-29T02:30:28.483044Z
561,Oracle Fusion,561,Vendor 561,EMEA,4,2024-02-20T00:00:00Z,2026-03-29T02:30:28.483044Z,2026-03-29T02:30:28.483044Z
562,Oracle Fusion,562,Vendor 562,NA,3.7,2021-09-26T00:00:00Z,2026-03-29T02:30:28.483044Z,2026-03-29T02:30:28.483044Z
563,Oracle Fusion,563,Vendor 563,NA,4.2,2024-03-22T00:00:00Z,2026-03-29T02:30:28.483044Z,2026-03-29T02:30:28.483044Z
564,Oracle Fusion,564,Vendor 564,LATAM,3.8,2022-12-31T00:00:00Z,2026-03-29T02:30:28.483044Z,2026-03-29T02:30:28.483044Z
565,Oracle Fusion,565,Vendor 565,NA,3.8,2023-10-04T00:00:00Z,2026-03-29T02:30:28.483044Z,2026-03-29T02:30:28.483044Z
566,Oracle Fusion,566,Vendor 566,NA,4.1,2025-08-09T00:00:00Z,2026-03-29T02:30:28.483044Z,2026-03-29T02:30:28.483044Z
567,Oracle Fusion,567,Vendor 567,NA,4.7,2022-04-25T00:00:00Z,2026-03-29T02:30:28.483044Z,2026-03-29T02:30:28.483044Z
568,Oracle Fusion,568,Vendor 568,EMEA,3,2023-11-05T00:00:00Z,2026-03-29T02:30:28.483044Z,2026-03-29T02:30:28.483044Z
569,Oracle Fusion,569,Vendor 569,APAC,3.7,2025-09-10T00:00:00Z,2026-03-29T02:30:28.483044Z,2026-03-29T02:30:28.483044Z
570,Oracle Fusion,570,Vendor 570,NA,4.7,2025-02-22T00:00:00Z,2026-03-29T02:30:28.483044Z,2026-03-29T02:30:28.483044Z
571,Oracle Fusion,571,Vendor 571,EMEA,4.7,2023-10-02T00:00:00Z,2026-03-29T02:30:28.483044Z,2026-03-29T02:30:28.483044Z
572,Oracle Fusion,572,Vendor 572,EMEA,4.4,2024-08-28T00:00:00Z,2026-03-29T02:30:28.483044Z,2026-03-29T02:30:28.483044Z
573,Oracle Fusion,573,Vendor 573,NA,4.9,2025-09-12T00:00:00Z,2026-03-29T02:30:28.483044Z,2026-03-29T02:30:28.483044Z
574,Oracle Fusion,574,Vendor 574,EMEA,3.7,2021-02-26T00:00:00Z,2026-03-29T02:30:28.483044Z,2026-03-29T02:30:28.483044Z
575,Oracle Fusion,575,Vendor 575,NA,4.4,2024-10-16T00:00:00Z,2026-03-29T02:30:28.483044Z,2026-03-29T02:30:28.483044Z
576,Oracle Fusion,576,Vendor 576,NA,3.2,2022-09-21T00:00:00Z,2026-03-29T02:30:28.483044Z,2026-03-29T02:30:28.483044Z
577,Oracle Fusion,577,Vendor 577,EMEA,4.2,2022-04-30T00:00:00Z,2026-03-29T02:30:28.483044Z,2026-03-29T02:30:28.483044Z
578,Oracle Fusion,578,Vendor 578,NA,4.7,2021-11-12T00:00:00Z,2026-03-29T02:30:28.483044Z,2026-03-29T02:30:28.483044Z
579,Oracle Fusion,579,Vendor 579,NA,4.5,2023-06-30T00:00:00Z,2026-03-29T02:30:28.483044Z,2026-03-29T02:30:28.483044Z
580,Oracle Fusion,580,Vendor 580,EMEA,3.2,2025-03-17T00:00:00Z,2026-03-29T02:30:28.483044Z,2026-03-29T02:30:28.483044Z
581,Oracle Fusion,581,Vendor 581,LATAM,4.9,2021-05-24T00:00:00Z,2026-03-29T02:30:28.483044Z,2026-03-29T02:30:28.483044Z
582,Oracle Fusion,582,Vendor 582,EMEA,3.4,2022-08-25T00:00:00Z,2026-03-29T02:30:28.483044Z,2026-03-29T02:30:28.483044Z
583,Oracle Fusion,583,Vendor 583,EMEA,4.8,2024-04-18T00:00:00Z,2026-03-29T02:30:28.483044Z,2026-03-29T02:30:28.483044Z
584,Oracle Fusion,584,Vendor 584,EMEA,3,2022-06-26T00:00:00Z,2026-03-29T02:30:28.483044Z,2026-03-29T02:30:28.483044Z
585,Oracle Fusion,585,Vendor 585,LATAM,3.2,2022-12-06T00:00:00Z,2026-03-29T02:30:28.483044Z,2026-03-29T02:30:28.483044Z
586,Oracle Fusion,586,Vendor 586,APAC,4.8,2024-08-10T00:00:00Z,2026-03-29T02:30:28.483044Z,2026-03-29T02:30:28.483044Z
587,Oracle Fusion,587,Vendor 587,APAC,3.3,2023-03-16T00:00:00Z,2026-03-29T02:30:28.483044Z,2026-03-29T02:30:28.483044Z
588,Oracle Fusion,588,Vendor 588,LATAM,4.7,2022-08-02T00:00:00Z,2026-03-29T02:30:28.483044Z,2026-03-29T02:30:28.483044Z
589,Oracle Fusion,589,Vendor 589,NA,4.1,2024-05-05T00:00:00Z,2026-03-29T02:30:28.483044Z,2026-03-29T02:30:28.483044Z
590,Oracle Fusion,590,Vendor 590,EMEA,4.4,2021-06-28T00:00:00Z,2026-03-29T02:30:28.483044Z,2026-03-29T02:30:28.483044Z
591,Oracle Fusion,591,Vendor 591,LATAM,4.9,2021-02-28T00:00:00Z,2026-03-29T02:30:28.483044Z,2026-03-29T02:30:28.483044Z
592,Oracle Fusion,592,Vendor 592,EMEA,3.7,2023-09-03T00:00:00Z,2026-03-29T02:30:28.483044Z,2026-03-29T02:30:28.483044Z
593,Oracle Fusion,593,Vendor 593,APAC,2.9,2025-09-04T00:00:00Z,2026-03-29T02:30:28.483044Z,2026-03-29T02:30:28.483044Z
594,Oracle Fusion,594,Vendor 594,NA,4,2023-09-11T00:00:00Z,2026-03-29T02:30:28.483044Z,2026-03-29T02:30:28.483044Z
595,Oracle Fusion,595,Vendor 595,APAC,3.8,2024-05-12T00:00:00Z,2026-03-29T02:30:28.483044Z,2026-03-29T02:30:28.483044Z
596,Oracle Fusion,596,Vendor 596,APAC,3.3,2024-01-20T00:00:00Z,2026-03-29T02:30:28.483044Z,2026-03-29T02:30:28.483044Z
597,Oracle Fusion,597,Vendor 597,LATAM,4.7,2021-04-16T00:00:00Z,2026-03-29T02:30:28.483044Z,2026-03-29T02:30:28.483044Z
598,Oracle Fusion,598,Vendor 598,LATAM,3.8,2024-01-22T00:00:00Z,2026-03-29T02:30:28.483044Z,2026-03-29T02:30:28.483044Z
599,Oracle Fusion,599,Vendor 599,APAC,2.9,2023-12-02T00:00:00Z,2026-03-29T02:30:28.483044Z,2026-03-29T02:30:28.483044Z
600,Oracle Fusion,600,Vendor 600,NA,3.5,2021-12-31T00:00:00Z,2026-03-29T02:30:28.483044Z,2026-03-29T02:30:28.483044Z
601,Oracle Fusion,601,Vendor 601,EMEA,4.3,2023-10-04T00:00:00Z,2026-03-29T02:30:28.483044Z,2026-03-29T02:30:28.483044Z
602,Oracle Fusion,602,Vendor 602,APAC,4.1,2023-05-11T00:00:00Z,2026-03-29T02:30:28.483044Z,2026-03-29T02:30:28.483044Z
603,Oracle Fusion,603,Vendor 603,EMEA,3.8,2021-03-07T00:00:00Z,2026-03-29T02:30:28.483044Z,2026-03-29T02:30:28.483044Z
604,Oracle Fusion,604,Vendor 604,LATAM,4.4,2025-08-15T00:00:00Z,2026-03-29T02:30:28.483044Z,2026-03-29T02:30:28.483044Z
605,Oracle Fusion,605,Vendor 605,NA,4.6,2022-09-15T00:00:00Z,2026-03-29T02:30:28.483044Z,2026-03-29T02:30:28.483044Z
606,Oracle Fusion,606,Vendor 606,EMEA,4,2023-10-15T00:00:00Z,2026-03-29T02:30:28.483044Z,2026-03-29T02:30:28.483044Z
607,Oracle Fusion,607,Vendor 607,NA,4.4,2022-03-26T00:00:00Z,2026-03-29T02:30:28.483044Z,2026-03-29T02:30:28.483044Z
608,Oracle Fusion,608,Vendor 608,APAC,2.9,2021-05-25T00:00:00Z,2026-03-29T02:30:28.483044Z,2026-03-29T02:30:28.483044Z
609,Oracle Fusion,609,Vendor 609,NA,3.7,2025-12-14T00:00:00Z,2026-03-29T02:30:28.483044Z,2026-03-29T02:30:28.483044Z
610,Oracle Fusion,610,Vendor 610,APAC,4.3,2023-11-10T00:00:00Z,2026-03-29T02:30:28.483044Z,2026-03-29T02:30:28.483044Z
611,Oracle Fusion,611,Vendor 611,EMEA,4.7,2021-01-12T00:00:00Z,2026-03-29T02:30:28.483044Z,2026-03-29T02:30:28.483044Z
612,Oracle Fusion,612,Vendor 612,NA,2.9,2023-03-03T00:00:00Z,2026-03-29T02:30:28.483044Z,2026-03-29T02:30:28.483044Z
613,Oracle Fusion,613,Vendor 613,NA,4.4,2021-03-18T00:00:00Z,2026-03-29T02:30:28.483044Z,2026-03-29T02:30:28.483044Z
614,Oracle Fusion,614,Vendor 614,EMEA,4.9,2025-11-24T00:00:00Z,2026-03-29T02:30:28.483044Z,2026-03-29T02:30:28.483044Z
615,Oracle Fusion,615,Vendor 615,LATAM,3.7,2024-06-07T00:00:00Z,2026-03-29T02:30:28.483044Z,2026-03-29T02:30:28.483044Z
616,Oracle Fusion,616,Vendor 616,APAC,3.5,2021-02-11T00:00:00Z,2026-03-29T02:30:28.483044Z,2026-03-29T02:30:28.483044Z
617,Oracle Fusion,617,Vendor 617,NA,3.8,2021-12-25T00:00:00Z,2026-03-29T02:30:28.483044Z,2026-03-29T02:30:28.483044Z
618,Oracle Fusion,618,Vendor 618,NA,3.7,2022-09-10T00:00:00Z,2026-03-29T02:30:28.483044Z,2026-03-29T02:30:28.483044Z
619,Oracle Fusion,619,Vendor 619,NA,3.4,2023-04-10T00:00:00Z,2026-03-29T02:30:28.483044Z,2026-03-29T02:30:28.483044Z
620,Oracle Fusion,620,Vendor 620,NA,4.2,2025-09-04T00:00:00Z,2026-03-29T02:30:28.483044Z,2026-03-29T02:30:28.483044Z
621,Oracle Fusion,621,Vendor 621,EMEA,3.1,2024-09-03T00:00:00Z,2026-03-29T02:30:28.483044Z,2026-03-29T02:30:28.483044Z
622,Oracle Fusion,622,Vendor 622,APAC,4.9,2023-02-20T00:00:00Z,2026-03-29T02:30:28.483044Z,2026-03-29T02:30:28.483044Z
623,Oracle Fusion,623,Vendor 623,NA,4.4,2021-10-23T00:00:00Z,2026-03-29T02:30:28.483044Z,2026-03-29T02:30:28.483044Z
624,Oracle Fusion,624,Vendor 624,LATAM,4.7,2024-10-10T00:00:00Z,2026-03-29T02:30:28.483044Z,2026-03-29T02:30:28.483044Z
625,Oracle Fusion,625,Vendor 625,NA,3.8,2025-05-16T00:00:00Z,2026-03-29T02:30:28.483044Z,2026-03-29T02:30:28.483044Z
626,Oracle Fusion,626,Vendor 626,EMEA,3.5,2022-08-10T00:00:00Z,2026-03-29T02:30:28.483044Z,2026-03-29T02:30:28.483044Z
627,Oracle Fusion,627,Vendor 627,EMEA,3.6,2024-05-31T00:00:00Z,2026-03-29T02:30:28.483044Z,2026-03-29T02:30:28.483044Z
628,Oracle Fusion,628,Vendor 628,NA,3.2,2023-04-21T00:00:00Z,2026-03-29T02:30:28.483044Z,2026-03-29T02:30:28.483044Z
629,Oracle Fusion,629,Vendor 629,EMEA,4.5,2022-12-25T00:00:00Z,2026-03-29T02:30:28.483044Z,2026-03-29T02:30:28.483044Z
630,Oracle Fusion,630,Vendor 630,NA,2.8,2022-01-11T00:00:00Z,2026-03-29T02:30:28.483044Z,2026-03-29T02:30:28.483044Z
631,Oracle Fusion,631,Vendor 631,EMEA,3.1,2021-09-08T00:00:00Z,2026-03-29T02:30:28.483044Z,2026-03-29T02:30:28.483044Z
632,Oracle Fusion,632,Vendor 632,APAC,3.7,2022-04-28T00:00:00Z,2026-03-29T02:30:28.483044Z,2026-03-29T02:30:28.483044Z
633,Oracle Fusion,633,Vendor 633,APAC,3,2025-01-10T00:00:00Z,2026-03-29T02:30:28.483044Z,2026-03-29T02:30:28.483044Z
634,Oracle Fusion,634,Vendor 634,APAC,3.9,2024-11-22T00:00:00Z,2026-03-29T02:30:28.483044Z,2026-03-29T02:30:28.483044Z
635,Oracle Fusion,635,Vendor 635,NA,2.9,2024-02-13T00:00:00Z,2026-03-29T02:30:28.483044Z,2026-03-29T02:30:28.483044Z
636,Oracle Fusion,636,Vendor 636,APAC,4.4,2024-06-29T00:00:00Z,2026-03-29T02:30:28.483044Z,2026-03-29T02:30:28.483044Z
637,Oracle Fusion,637,Vendor 637,EMEA,5,2024-12-06T00:00:00Z,2026-03-29T02:30:28.483044Z,2026-03-29T02:30:28.483044Z
638,Oracle Fusion,638,Vendor 638,EMEA,3.9,2025-03-25T00:00:00Z,2026-03-29T02:30:28.483044Z,2026-03-29T02:30:28.483044Z
639,Oracle Fusion,639,Vendor 639,NA,3.2,2025-10-07T00:00:00Z,2026-03-29T02:30:28.483044Z,2026-03-29T02:30:28.483044Z
640,Oracle Fusion,640,Vendor 640,NA,3.1,2025-08-26T00:00:00Z,2026-03-29T02:30:28.483044Z,2026-03-29T02:30:28.483044Z
641,Oracle Fusion,641,Vendor 641,NA,3.1,2024-09-24T00:00:00Z,2026-03-29T02:30:28.483044Z,2026-03-29T02:30:28.483044Z
642,Oracle Fusion,642,Vendor 642,NA,2.9,2024-07-20T00:00:00Z,2026-03-29T02:30:28.483044Z,2026-03-29T02:30:28.483044Z
643,Oracle Fusion,643,Vendor 643,APAC,3.2,2024-10-12T00:00:00Z,2026-03-29T02:30:28.483044Z,2026-03-29T02:30:28.483044Z
644,Oracle Fusion,644,Vendor 644,NA,3.7,2022-04-22T00:00:00Z,2026-03-29T02:30:28.483044Z,2026-03-29T02:30:28.483044Z
645,Oracle Fusion,645,Vendor 645,NA,4.3,2025-11-22T00:00:00Z,2026-03-29T02:30:28.483044Z,2026-03-29T02:30:28.483044Z
646,Oracle Fusion,646,Vendor 646,NA,3.8,2023-02-18T00:00:00Z,2026-03-29T02:30:28.483044Z,2026-03-29T02:30:28.483044Z
647,Oracle Fusion,647,Vendor 647,NA,4.4,2024-12-24T00:00:00Z,2026-03-29T02:30:28.483044Z,2026-03-29T02:30:28.483044Z
648,Oracle Fusion,648,Vendor 648,EMEA,4.7,2021-03-12T00:00:00Z,2026-03-29T02:30:28.483044Z,2026-03-29T02:30:28.483044Z
649,Oracle Fusion,649,Vendor 649,LATAM,3.7,2024-06-17T00:00:00Z,2026-03-29T02:30:28.483044Z,2026-03-29T02:30:28.483044Z
650,Oracle Fusion,650,Vendor 650,EMEA,4.4,2024-03-20T00:00:00Z,2026-03-29T02:30:28.483044Z,2026-03-29T02:30:28.483044Z
651,Oracle Fusion,651,Vendor 651,NA,3.9,2024-11-12T00:00:00Z,2026-03-29T02:30:28.483044Z,2026-03-29T02:30:28.483044Z
652,Oracle Fusion,652,Vendor 652,EMEA,4.7,2023-08-24T00:00:00Z,2026-03-29T02:30:28.483044Z,2026-03-29T02:30:28.483044Z
653,Oracle Fusion,653,Vendor 653,NA,3,2021-09-10T00:00:00Z,2026-03-29T02:30:28.483044Z,2026-03-29T02:30:28.483044Z
654,Oracle Fusion,654,Vendor 654,NA,3,2025-01-11T00:00:00Z,2026-03-29T02:30:28.483044Z,2026-03-29T02:30:28.483044Z
655,Oracle Fusion,655,Vendor 655,EMEA,3.7,2025-05-02T00:00:00Z,2026-03-29T02:30:28.483044Z,2026-03-29T02:30:28.483044Z
656,Oracle Fusion,656,Vendor 656,APAC,2.9,2025-03-30T00:00:00Z,2026-03-29T02:30:28.483044Z,2026-03-29T02:30:28.483044Z
657,Oracle Fusion,657,Vendor 657,APAC,3,2025-03-25T00:00:00Z,2026-03-29T02:30:28.483044Z,2026-03-29T02:30:28.483044Z
658,Oracle Fusion,658,Vendor 658,NA,4,2025-09-16T00:00:00Z,2026-03-29T02:30:28.483044Z,2026-03-29T02:30:28.483044Z
659,Oracle Fusion,659,Vendor 659,NA,4.7,2023-10-30T00:00:00Z,2026-03-29T02:30:28.483044Z,2026-03-29T02:30:28.483044Z
660,Oracle Fusion,660,Vendor 660,EMEA,4.7,2023-01-26T00:00:00Z,2026-03-29T02:30:28.483044Z,2026-03-29T02:30:28.483044Z
661,Oracle Fusion,661,Vendor 661,EMEA,4.6,2022-05-04T00:00:00Z,2026-03-29T02:30:28.483044Z,2026-03-29T02:30:28.483044Z
662,Oracle Fusion,662,Vendor 662,APAC,4.4,2024-07-11T00:00:00Z,2026-03-29T02:30:28.483044Z,2026-03-29T02:30:28.483044Z
663,Oracle Fusion,663,Vendor 663,EMEA,3.8,2024-02-25T00:00:00Z,2026-03-29T02:30:28.483044Z,2026-03-29T02:30:28.483044Z
664,Oracle Fusion,664,Vendor 664,NA,3.7,2025-04-21T00:00:00Z,2026-03-29T02:30:28.483044Z,2026-03-29T02:30:28.483044Z
665,Oracle Fusion,665,Vendor 665,APAC,4.1,2022-12-21T00:00:00Z,2026-03-29T02:30:28.483044Z,2026-03-29T02:30:28.483044Z
666,Oracle Fusion,666,Vendor 666,EMEA,3.5,2022-01-22T00:00:00Z,2026-03-29T02:30:28.483044Z,2026-03-29T02:30:28.483044Z
667,Oracle Fusion,667,Vendor 667,LATAM,4.2,2022-12-17T00:00:00Z,2026-03-29T02:30:28.483044Z,2026-03-29T02:30:28.483044Z
668,Oracle Fusion,668,Vendor 668,NA,3.1,2021-07-07T00:00:00Z,2026-03-29T02:30:28.483044Z,2026-03-29T02:30:28.483044Z
669,Oracle Fusion,669,Vendor 669,EMEA,3.3,2025-10-07T00:00:00Z,2026-03-29T02:30:28.483044Z,2026-03-29T02:30:28.483044Z
670,Oracle Fusion,670,Vendor 670,APAC,4.2,2024-01-18T00:00:00Z,2026-03-29T02:30:28.483044Z,2026-03-29T02:30:28.483044Z
671,Oracle Fusion,671,Vendor 671,NA,3.4,2024-09-02T00:00:00Z,2026-03-29T02:30:28.483044Z,2026-03-29T02:30:28.483044Z
672,Oracle Fusion,672,Vendor 672,APAC,4.8,2022-04-30T00:00:00Z,2026-03-29T02:30:28.483044Z,2026-03-29T02:30:28.483044Z
673,Oracle Fusion,673,Vendor 673,NA,3.6,2024-11-28T00:00:00Z,2026-03-29T02:30:28.483044Z,2026-03-29T02:30:28.483044Z
674,Oracle Fusion,674,Vendor 674,NA,4.3,2022-05-14T00:00:00Z,2026-03-29T02:30:28.483044Z,2026-03-29T02:30:28.483044Z
675,Oracle Fusion,675,Vendor 675,EMEA,4.2,2022-01-26T00:00:00Z,2026-03-29T02:30:28.483044Z,2026-03-29T02:30:28.483044Z
676,Oracle Fusion,676,Vendor 676,LATAM,3.7,2023-04-11T00:00:00Z,2026-03-29T02:30:28.483044Z,2026-03-29T02:30:28.483044Z
677,Oracle Fusion,677,Vendor 677,NA,4.8,2024-05-05T00:00:00Z,2026-03-29T02:30:28.483044Z,2026-03-29T02:30:28.483044Z
678,Oracle Fusion,678,Vendor 678,NA,3.8,2024-08-31T00:00:00Z,2026-03-29T02:30:28.483044Z,2026-03-29T02:30:28.483044Z
679,Oracle Fusion,679,Vendor 679,NA,4.5,2024-07-22T00:00:00Z,2026-03-29T02:30:28.483044Z,2026-03-29T02:30:28.483044Z
680,Oracle Fusion,680,Vendor 680,NA,4.4,2023-07-24T00:00:00Z,2026-03-29T02:30:28.483044Z,2026-03-29T02:30:28.483044Z
681,Oracle Fusion,681,Vendor 681,LATAM,3.4,2022-05-04T00:00:00Z,2026-03-29T02:30:28.483044Z,2026-03-29T02:30:28.483044Z
682,Oracle Fusion,682,Vendor 682,APAC,4.5,2023-07-23T00:00:00Z,2026-03-29T02:30:28.483044Z,2026-03-29T02:30:28.483044Z
683,Oracle Fusion,683,Vendor 683,NA,3.3,2023-06-09T00:00:00Z,2026-03-29T02:30:28.483044Z,2026-03-29T02:30:28.483044Z
684,Oracle Fusion,684,Vendor 684,NA,3.1,2024-08-23T00:00:00Z,2026-03-29T02:30:28.483044Z,2026-03-29T02:30:28.483044Z
685,Oracle Fusion,685,Vendor 685,APAC,4.3,2023-04-04T00:00:00Z,2026-03-29T02:30:28.483044Z,2026-03-29T02:30:28.483044Z
686,Oracle Fusion,686,Vendor 686,NA,4.5,2023-04-03T00:00:00Z,2026-03-29T02:30:28.483044Z,2026-03-29T02:30:28.483044Z
687,Oracle Fusion,687,Vendor 687,LATAM,4.1,2023-02-23T00:00:00Z,2026-03-29T02:30:28.483044Z,2026-03-29T02:30:28.483044Z
688,Oracle Fusion,688,Vendor 688,APAC,4,2021-07-20T00:00:00Z,2026-03-29T02:30:28.483044Z,2026-03-29T02:30:28.483044Z
689,Oracle Fusion,689,Vendor 689,NA,2.8,2025-03-01T00:00:00Z,2026-03-29T02:30:28.483044Z,2026-03-29T02:30:28.483044Z
690,Oracle Fusion,690,Vendor 690,EMEA,3.9,2023-01-23T00:00:00Z,2026-03-29T02:30:28.483044Z,2026-03-29T02:30:28.483044Z
691,Oracle Fusion,691,Vendor 691,NA,3.2,2025-09-05T00:00:00Z,2026-03-29T02:30:28.483044Z,2026-03-29T02:30:28.483044Z
692,Oracle Fusion,692,Vendor 692,LATAM,4.6,2024-05-22T00:00:00Z,2026-03-29T02:30:28.483044Z,2026-03-29T02:30:28.483044Z
693,Oracle Fusion,693,Vendor 693,APAC,3.1,2022-01-04T00:00:00Z,2026-03-29T02:30:28.483044Z,2026-03-29T02:30:28.483044Z
694,Oracle Fusion,694,Vendor 694,EMEA,3,2024-07-07T00:00:00Z,2026-03-29T02:30:28.483044Z,2026-03-29T02:30:28.483044Z
695,Oracle Fusion,695,Vendor 695,NA,3.7,2021-08-22T00:00:00Z,2026-03-29T02:30:28.483044Z,2026-03-29T02:30:28.483044Z
696,Oracle Fusion,696,Vendor 696,LATAM,4.2,2022-05-18T00:00:00Z,2026-03-29T02:30:28.483044Z,2026-03-29T02:30:28.483044Z
697,Oracle Fusion,697,Vendor 697,EMEA,3,2025-03-03T00:00:00Z,2026-03-29T02:30:28.483044Z,2026-03-29T02:30:28.483044Z
698,Oracle Fusion,698,Vendor 698,NA,3.7,2022-01-11T00:00:00Z,2026-03-29T02:30:28.483044Z,2026-03-29T02:30:28.483044Z
699,Oracle Fusion,699,Vendor 699,EMEA,3.6,2025-08-12T00:00:00Z,2026-03-29T02:30:28.483044Z,2026-03-29T02:30:28.483044Z
700,Oracle Fusion,700,Vendor 700,NA,3.3,2021-11-16T00:00:00Z,2026-03-29T02:30:28.483044Z,2026-03-29T02:30:28.483044Z
701,Oracle Fusion,701,Vendor 701,APAC,4.2,2024-11-16T00:00:00Z,2026-03-29T02:30:28.483044Z,2026-03-29T02:30:28.483044Z
702,Oracle Fusion,702,Vendor 702,APAC,3.4,2024-01-24T00:00:00Z,2026-03-29T02:30:28.483044Z,2026-03-29T02:30:28.483044Z
703,Oracle Fusion,703,Vendor 703,EMEA,5,2022-06-25T00:00:00Z,2026-03-29T02:30:28.483044Z,2026-03-29T02:30:28.483044Z
704,Oracle Fusion,704,Vendor 704,NA,4.7,2021-03-08T00:00:00Z,2026-03-29T02:30:28.483044Z,2026-03-29T02:30:28.483044Z
705,Oracle Fusion,705,Vendor 705,NA,2.9,2021-08-19T00:00:00Z,2026-03-29T02:30:28.483044Z,2026-03-29T02:30:28.483044Z
706,Oracle Fusion,706,Vendor 706,NA,4.1,2022-05-18T00:00:00Z,2026-03-29T02:30:28.483044Z,2026-03-29T02:30:28.483044Z
707,Oracle Fusion,707,Vendor 707,APAC,4.9,2022-11-23T00:00:00Z,2026-03-29T02:30:28.483044Z,2026-03-29T02:30:28.483044Z
708,Oracle Fusion,708,Vendor 708,NA,3.1,2022-07-31T00:00:00Z,2026-03-29T02:30:28.483044Z,2026-03-29T02:30:28.483044Z
709,Oracle Fusion,709,Vendor 709,EMEA,4.3,2025-12-25T00:00:00Z,2026-03-29T02:30:28.483044Z,2026-03-29T02:30:28.483044Z
710,Oracle Fusion,710,Vendor 710,NA,3.1,2025-12-18T00:00:00Z,2026-03-29T02:30:28.483044Z,2026-03-29T02:30:28.483044Z
711,Oracle Fusion,711,Vendor 711,EMEA,2.9,2024-09-24T00:00:00Z,2026-03-29T02:30:28.483044Z,2026-03-29T02:30:28.483044Z
712,Oracle Fusion,712,Vendor 712,APAC,3.1,2021-05-26T00:00:00Z,2026-03-29T02:30:28.483044Z,2026-03-29T02:30:28.483044Z
713,Oracle Fusion,713,Vendor 713,NA,3.4,2025-06-07T00:00:00Z,2026-03-29T02:30:28.483044Z,2026-03-29T02:30:28.483044Z
714,Oracle Fusion,714,Vendor 714,NA,3.3,2025-06-25T00:00:00Z,2026-03-29T02:30:28.483044Z,2026-03-29T02:30:28.483044Z
715,Oracle Fusion,715,Vendor 715,NA,3.9,2023-08-06T00:00:00Z,2026-03-29T02:30:28.483044Z,2026-03-29T02:30:28.483044Z
716,Oracle Fusion,716,Vendor 716,EMEA,3.1,2023-04-02T00:00:00Z,2026-03-29T02:30:28.483044Z,2026-03-29T02:30:28.483044Z
717,Oracle Fusion,717,Vendor 717,APAC,4.9,2025-05-12T00:00:00Z,2026-03-29T02:30:28.483044Z,2026-03-29T02:30:28.483044Z
718,Oracle Fusion,718,Vendor 718,LATAM,4.3,2021-06-28T00:00:00Z,2026-03-29T02:30:28.483044Z,2026-03-29T02:30:28.483044Z
719,Oracle Fusion,719,Vendor 719,APAC,2.9,2023-04-16T00:00:00Z,2026-03-29T02:30:28.483044Z,2026-03-29T02:30:28.483044Z
720,Oracle Fusion,720,Vendor 720,NA,3.2,2021-06-24T00:00:00Z,2026-03-29T02:30:28.483044Z,2026-03-29T02:30:28.483044Z
721,Oracle Fusion,721,Vendor 721,EMEA,3.8,2024-08-24T00:00:00Z,2026-03-29T02:30:28.483044Z,2026-03-29T02:30:28.483044Z
722,Oracle Fusion,722,Vendor 722,EMEA,3.5,2023-11-29T00:00:00Z,2026-03-29T02:30:28.483044Z,2026-03-29T02:30:28.483044Z
723,Oracle Fusion,723,Vendor 723,EMEA,4.8,2024-03-06T00:00:00Z,2026-03-29T02:30:28.483044Z,2026-03-29T02:30:28.483044Z
724,Oracle Fusion,724,Vendor 724,NA,3,2021-05-27T00:00:00Z,2026-03-29T02:30:28.483044Z,2026-03-29T02:30:28.483044Z
725,Oracle Fusion,725,Vendor 725,APAC,4.4,2022-09-17T00:00:00Z,2026-03-29T02:30:28.483044Z,2026-03-29T02:30:28.483044Z
726,Oracle Fusion,726,Vendor 726,NA,2.9,2022-03-13T00:00:00Z,2026-03-29T02:30:28.483044Z,2026-03-29T02:30:28.483044Z
727,Oracle Fusion,727,Vendor 727,APAC,4.3,2021-11-16T00:00:00Z,2026-03-29T02:30:28.483044Z,2026-03-29T02:30:28.483044Z
728,Oracle Fusion,728,Vendor 728,NA,4.8,2023-01-20T00:00:00Z,2026-03-29T02:30:28.483044Z,2026-03-29T02:30:28.483044Z
729,Oracle Fusion,729,Vendor 729,NA,3.9,2025-02-07T00:00:00Z,2026-03-29T02:30:28.483044Z,2026-03-29T02:30:28.483044Z
730,Oracle Fusion,730,Vendor 730,APAC,3.8,2021-12-11T00:00:00Z,2026-03-29T02:30:28.483044Z,2026-03-29T02:30:28.483044Z
731,Oracle Fusion,731,Vendor 731,APAC,4.6,2023-01-08T00:00:00Z,2026-03-29T02:30:28.483044Z,2026-03-29T02:30:28.483044Z
732,Oracle Fusion,732,Vendor 732,APAC,4.8,2021-03-06T00:00:00Z,2026-03-29T02:30:28.483044Z,2026-03-29T02:30:28.483044Z
733,Oracle Fusion,733,Vendor 733,APAC,3.8,2025-04-10T00:00:00Z,2026-03-29T02:30:28.483044Z,2026-03-29T02:30:28.483044Z
734,Oracle Fusion,734,Vendor 734,APAC,3.7,2023-09-19T00:00:00Z,2026-03-29T02:30:28.483044Z,2026-03-29T02:30:28.483044Z
735,Oracle Fusion,735,Vendor 735,APAC,3,2023-05-17T00:00:00Z,2026-03-29T02:30:28.483044Z,2026-03-29T02:30:28.483044Z
736,Oracle Fusion,736,Vendor 736,APAC,4.9,2024-11-09T00:00:00Z,2026-03-29T02:30:28.483044Z,2026-03-29T02:30:28.483044Z
737,Oracle Fusion,737,Vendor 737,EMEA,3.6,2023-12-04T00:00:00Z,2026-03-29T02:30:28.483044Z,2026-03-29T02:30:28.483044Z
738,Oracle Fusion,738,Vendor 738,NA,4.4,2024-08-28T00:00:00Z,2026-03-29T02:30:28.483044Z,2026-03-29T02:30:28.483044Z
739,Oracle Fusion,739,Vendor 739,LATAM,3,2025-06-17T00:00:00Z,2026-03-29T02:30:28.483044Z,2026-03-29T02:30:28.483044Z
740,Oracle Fusion,740,Vendor 740,NA,3.3,2025-04-06T00:00:00Z,2026-03-29T02:30:28.483044Z,2026-03-29T02:30:28.483044Z
741,Oracle Fusion,741,Vendor 741,EMEA,3.9,2022-03-04T00:00:00Z,2026-03-29T02:30:28.483044Z,2026-03-29T02:30:28.483044Z
742,Oracle Fusion,742,Vendor 742,NA,3.3,2025-03-06T00:00:00Z,2026-03-29T02:30:28.483044Z,2026-03-29T02:30:28.483044Z
743,Oracle Fusion,743,Vendor 743,NA,4.5,2022-07-12T00:00:00Z,2026-03-29T02:30:28.483044Z,2026-03-29T02:30:28.483044Z
744,Oracle Fusion,744,Vendor 744,APAC,3.2,2025-04-17T00:00:00Z,2026-03-29T02:30:28.483044Z,2026-03-29T02:30:28.483044Z
745,Oracle Fusion,745,Vendor 745,NA,3.3,2025-12-22T00:00:00Z,2026-03-29T02:30:28.483044Z,2026-03-29T02:30:28.483044Z
746,Oracle Fusion,746,Vendor 746,LATAM,4.9,2022-08-16T00:00:00Z,2026-03-29T02:30:28.483044Z,2026-03-29T02:30:28.483044Z
747,Oracle Fusion,747,Vendor 747,EMEA,4.1,2023-08-29T00:00:00Z,2026-03-29T02:30:28.483044Z,2026-03-29T02:30:28.483044Z
748,Oracle Fusion,748,Vendor 748,NA,5,2023-09-26T00:00:00Z,2026-03-29T02:30:28.483044Z,2026-03-29T02:30:28.483044Z
749,Oracle Fusion,749,Vendor 749,NA,3.2,2025-09-10T00:00:00Z,2026-03-29T02:30:28.483044Z,2026-03-29T02:30:28.483044Z
750,Oracle Fusion,750,Vendor 750,EMEA,4.1,2024-08-26T00:00:00Z,2026-03-29T02:30:28.483044Z,2026-03-29T02:30:28.483044Z
751,Oracle Fusion,751,Vendor 751,NA,3.3,2023-06-02T00:00:00Z,2026-03-29T02:30:28.483044Z,2026-03-29T02:30:28.483044Z
752,Oracle Fusion,752,Vendor 752,LATAM,3.6,2022-01-11T00:00:00Z,2026-03-29T02:30:28.483044Z,2026-03-29T02:30:28.483044Z
753,Oracle Fusion,753,Vendor 753,EMEA,3.9,2021-04-02T00:00:00Z,2026-03-29T02:30:28.483044Z,2026-03-29T02:30:28.483044Z
754,Oracle Fusion,754,Vendor 754,NA,3.6,2023-05-04T00:00:00Z,2026-03-29T02:30:28.483044Z,2026-03-29T02:30:28.483044Z
755,Oracle Fusion,755,Vendor 755,APAC,3.3,2021-03-02T00:00:00Z,2026-03-29T02:30:28.483044Z,2026-03-29T02:30:28.483044Z
756,Oracle Fusion,756,Vendor 756,APAC,4.7,2024-04-28T00:00:00Z,2026-03-29T02:30:28.483044Z,2026-03-29T02:30:28.483044Z
757,Oracle Fusion,757,Vendor 757,NA,3.3,2023-11-06T00:00:00Z,2026-03-29T02:30:28.483044Z,2026-03-29T02:30:28.483044Z
758,Oracle Fusion,758,Vendor 758,APAC,3.3,2025-03-25T00:00:00Z,2026-03-29T02:30:28.483044Z,2026-03-29T02:30:28.483044Z
759,Oracle Fusion,759,Vendor 759,EMEA,3.6,2021-04-24T00:00:00Z,2026-03-29T02:30:28.483044Z,2026-03-29T02:30:28.483044Z
760,Oracle Fusion,760,Vendor 760,EMEA,4.8,2022-07-24T00:00:00Z,2026-03-29T02:30:28.483044Z,2026-03-29T02:30:28.483044Z
761,Oracle Fusion,761,Vendor 761,APAC,3.1,2021-08-27T00:00:00Z,2026-03-29T02:30:28.483044Z,2026-03-29T02:30:28.483044Z
762,Oracle Fusion,762,Vendor 762,NA,3.6,2022-03-20T00:00:00Z,2026-03-29T02:30:28.483044Z,2026-03-29T02:30:28.483044Z
763,Oracle Fusion,763,Vendor 763,NA,3.2,2023-07-30T00:00:00Z,2026-03-29T02:30:28.483044Z,2026-03-29T02:30:28.483044Z
764,Oracle Fusion,764,Vendor 764,NA,3.6,2024-10-01T00:00:00Z,2026-03-29T02:30:28.483044Z,2026-03-29T02:30:28.483044Z
765,Oracle Fusion,765,Vendor 765,NA,4.7,2025-09-26T00:00:00Z,2026-03-29T02:30:28.483044Z,2026-03-29T02:30:28.483044Z
766,Oracle Fusion,766,Vendor 766,APAC,3.2,2024-02-06T00:00:00Z,2026-03-29T02:30:28.483044Z,2026-03-29T02:30:28.483044Z
767,Oracle Fusion,767,Vendor 767,EMEA,4,2023-03-25T00:00:00Z,2026-03-29T02:30:28.483044Z,2026-03-29T02:30:28.483044Z
768,Oracle Fusion,768,Vendor 768,NA,4.7,2023-01-25T00:00:00Z,2026-03-29T02:30:28.483044Z,2026-03-29T02:30:28.483044Z
769,Oracle Fusion,769,Vendor 769,NA,3,2023-10-03T00:00:00Z,2026-03-29T02:30:28.483044Z,2026-03-29T02:30:28.483044Z
770,Oracle Fusion,770,Vendor 770,EMEA,3.6,2024-09-29T00:00:00Z,2026-03-29T02:30:28.483044Z,2026-03-29T02:30:28.483044Z
771,Oracle Fusion,771,Vendor 771,APAC,4.1,2024-12-20T00:00:00Z,2026-03-29T02:30:28.483044Z,2026-03-29T02:30:28.483044Z
772,Oracle Fusion,772,Vendor 772,EMEA,3.3,2024-04-22T00:00:00Z,2026-03-29T02:30:28.483044Z,2026-03-29T02:30:28.483044Z
773,Oracle Fusion,773,Vendor 773,EMEA,2.8,2021-11-18T00:00:00Z,2026-03-29T02:30:28.483044Z,2026-03-29T02:30:28.483044Z
774,Oracle Fusion,774,Vendor 774,APAC,2.8,2022-04-23T00:00:00Z,2026-03-29T02:30:28.483044Z,2026-03-29T02:30:28.483044Z
775,Oracle Fusion,775,Vendor 775,EMEA,4.1,2025-11-07T00:00:00Z,2026-03-29T02:30:28.483044Z,2026-03-29T02:30:28.483044Z
776,Oracle Fusion,776,Vendor 776,NA,3.6,2024-02-08T00:00:00Z,2026-03-29T02:30:28.483044Z,2026-03-29T02:30:28.483044Z
777,Oracle Fusion,777,Vendor 777,EMEA,3.3,2023-01-08T00:00:00Z,2026-03-29T02:30:28.483044Z,2026-03-29T02:30:28.483044Z
778,Oracle Fusion,778,Vendor 778,APAC,3.1,2023-09-27T00:00:00Z,2026-03-29T02:30:28.483044Z,2026-03-29T02:30:28.483044Z
779,Oracle Fusion,779,Vendor 779,NA,3.4,2024-05-27T00:00:00Z,2026-03-29T02:30:28.483044Z,2026-03-29T02:30:28.483044Z
780,Oracle Fusion,780,Vendor 780,APAC,4.7,2023-03-31T00:00:00Z,2026-03-29T02:30:28.483044Z,2026-03-29T02:30:28.483044Z
781,Oracle Fusion,781,Vendor 781,EMEA,4.4,2022-08-28T00:00:00Z,2026-03-29T02:30:28.483044Z,2026-03-29T02:30:28.483044Z
782,Oracle Fusion,782,Vendor 782,NA,3.5,2025-12-22T00:00:00Z,2026-03-29T02:30:28.483044Z,2026-03-29T02:30:28.483044Z
783,Oracle Fusion,783,Vendor 783,NA,4.9,2023-07-31T00:00:00Z,2026-03-29T02:30:28.483044Z,2026-03-29T02:30:28.483044Z
784,Oracle Fusion,784,Vendor 784,NA,4.2,2022-10-17T00:00:00Z,2026-03-29T02:30:28.483044Z,2026-03-29T02:30:28.483044Z
785,Oracle Fusion,785,Vendor 785,EMEA,4.4,2024-10-02T00:00:00Z,2026-03-29T02:30:28.483044Z,2026-03-29T02:30:28.483044Z
786,Oracle Fusion,786,Vendor 786,NA,4.5,2025-01-12T00:00:00Z,2026-03-29T02:30:28.483044Z,2026-03-29T02:30:28.483044Z
787,Oracle Fusion,787,Vendor 787,EMEA,4.8,2022-06-30T00:00:00Z,2026-03-29T02:30:28.483044Z,2026-03-29T02:30:28.483044Z
788,Oracle Fusion,788,Vendor 788,EMEA,2.9,2025-12-26T00:00:00Z,2026-03-29T02:30:28.483044Z,2026-03-29T02:30:28.483044Z
789,Oracle Fusion,789,Vendor 789,NA,4.3,2025-02-19T00:00:00Z,2026-03-29T02:30:28.483044Z,2026-03-29T02:30:28.483044Z
790,Oracle Fusion,790,Vendor 790,NA,4.4,2021-10-30T00:00:00Z,2026-03-29T02:30:28.483044Z,2026-03-29T02:30:28.483044Z
791,Oracle Fusion,791,Vendor 791,NA,4.1,2021-01-27T00:00:00Z,2026-03-29T02:30:28.483044Z,2026-03-29T02:30:28.483044Z
792,Oracle Fusion,792,Vendor 792,LATAM,2.9,2024-10-31T00:00:00Z,2026-03-29T02:30:28.483044Z,2026-03-29T02:30:28.483044Z
793,Oracle Fusion,793,Vendor 793,NA,3.7,2023-11-01T00:00:00Z,2026-03-29T02:30:28.483044Z,2026-03-29T02:30:28.483044Z
794,Oracle Fusion,794,Vendor 794,NA,4.6,2021-08-24T00:00:00Z,2026-03-29T02:30:28.483044Z,2026-03-29T02:30:28.483044Z
795,Oracle Fusion,795,Vendor 795,APAC,4,2021-11-03T00:00:00Z,2026-03-29T02:30:28.483044Z,2026-03-29T02:30:28.483044Z
796,Oracle Fusion,796,Vendor 796,NA,3.9,2022-10-20T00:00:00Z,2026-03-29T02:30:28.483044Z,2026-03-29T02:30:28.483044Z
797,Oracle Fusion,797,Vendor 797,APAC,3.4,2022-10-19T00:00:00Z,2026-03-29T02:30:28.483044Z,2026-03-29T02:30:28.483044Z
798,Oracle Fusion,798,Vendor 798,NA,4.5,2022-08-11T00:00:00Z,2026-03-29T02:30:28.483044Z,2026-03-29T02:30:28.483044Z
799,Oracle Fusion,799,Vendor 799,APAC,4.6,2023-09-10T00:00:00Z,2026-03-29T02:30:28.483044Z,2026-03-29T02:30:28.483044Z
800,Oracle Fusion,800,Vendor 800,EMEA,4.3,2021-07-06T00:00:00Z,2026-03-29T02:30:28.483044Z,2026-03-29T02:30:28.483044Z
801,Oracle Fusion,801,Vendor 801,APAC,4.8,2021-06-05T00:00:00Z,2026-03-29T02:30:28.483044Z,2026-03-29T02:30:28.483044Z
802,Oracle Fusion,802,Vendor 802,APAC,4.9,2025-11-17T00:00:00Z,2026-03-29T02:30:28.483044Z,2026-03-29T02:30:28.483044Z
803,Oracle Fusion,803,Vendor 803,EMEA,3.7,2023-06-04T00:00:00Z,2026-03-29T02:30:28.483044Z,2026-03-29T02:30:28.483044Z
804,Oracle Fusion,804,Vendor 804,LATAM,4.7,2025-11-04T00:00:00Z,2026-03-29T02:30:28.483044Z,2026-03-29T02:30:28.483044Z
805,Oracle Fusion,805,Vendor 805,APAC,4.4,2023-01-04T00:00:00Z,2026-03-29T02:30:28.483044Z,2026-03-29T02:30:28.483044Z
806,Oracle Fusion,806,Vendor 806,NA,3.9,2021-05-07T00:00:00Z,2026-03-29T02:30:28.483044Z,2026-03-29T02:30:28.483044Z
807,Oracle Fusion,807,Vendor 807,NA,4.2,2021-03-09T00:00:00Z,2026-03-29T02:30:28.483044Z,2026-03-29T02:30:28.483044Z
808,Oracle Fusion,808,Vendor 808,NA,3.6,2023-05-08T00:00:00Z,2026-03-29T02:30:28.483044Z,2026-03-29T02:30:28.483044Z
809,Oracle Fusion,809,Vendor 809,LATAM,3.4,2021-07-03T00:00:00Z,2026-03-29T02:30:28.483044Z,2026-03-29T02:30:28.483044Z
810,Oracle Fusion,810,Vendor 810,NA,3.4,2022-03-09T00:00:00Z,2026-03-29T02:30:28.483044Z,2026-03-29T02:30:28.483044Z
811,Oracle Fusion,811,Vendor 811,NA,4.7,2023-09-25T00:00:00Z,2026-03-29T02:30:28.483044Z,2026-03-29T02:30:28.483044Z
812,Oracle Fusion,812,Vendor 812,NA,3.9,2021-08-30T00:00:00Z,2026-03-29T02:30:28.483044Z,2026-03-29T02:30:28.483044Z
813,Oracle Fusion,813,Vendor 813,EMEA,3.3,2024-04-25T00:00:00Z,2026-03-29T02:30:28.483044Z,2026-03-29T02:30:28.483044Z
814,Oracle Fusion,814,Vendor 814,NA,3,2024-08-18T00:00:00Z,2026-03-29T02:30:28.483044Z,2026-03-29T02:30:28.483044Z
815,Oracle Fusion,815,Vendor 815,EMEA,3,2023-11-29T00:00:00Z,2026-03-29T02:30:28.483044Z,2026-03-29T02:30:28.483044Z
816,Oracle Fusion,816,Vendor 816,NA,3.8,2021-07-26T00:00:00Z,2026-03-29T02:30:28.483044Z,2026-03-29T02:30:28.483044Z
817,Oracle Fusion,817,Vendor 817,NA,4.6,2025-08-12T00:00:00Z,2026-03-29T02:30:28.483044Z,2026-03-29T02:30:28.483044Z
818,Oracle Fusion,818,Vendor 818,NA,3.3,2022-06-30T00:00:00Z,2026-03-29T02:30:28.483044Z,2026-03-29T02:30:28.483044Z
819,Oracle Fusion,819,Vendor 819,EMEA,3.7,2023-11-15T00:00:00Z,2026-03-29T02:30:28.483044Z,2026-03-29T02:30:28.483044Z
820,Oracle Fusion,820,Vendor 820,NA,4.7,2025-05-20T00:00:00Z,2026-03-29T02:30:28.483044Z,2026-03-29T02:30:28.483044Z
821,Oracle Fusion,821,Vendor 821,EMEA,3.1,2022-08-29T00:00:00Z,2026-03-29T02:30:28.483044Z,2026-03-29T02:30:28.483044Z
822,Oracle Fusion,822,Vendor 822,NA,4.8,2023-04-16T00:00:00Z,2026-03-29T02:30:28.483044Z,2026-03-29T02:30:28.483044Z
823,Oracle Fusion,823,Vendor 823,APAC,4,2022-08-12T00:00:00Z,2026-03-29T02:30:28.483044Z,2026-03-29T02:30:28.483044Z
824,Oracle Fusion,824,Vendor 824,NA,2.9,2023-03-02T00:00:00Z,2026-03-29T02:30:28.483044Z,2026-03-29T02:30:28.483044Z
825,Oracle Fusion,825,Vendor 825,NA,3.4,2021-10-05T00:00:00Z,2026-03-29T02:30:28.483044Z,2026-03-29T02:30:28.483044Z
826,Oracle Fusion,826,Vendor 826,APAC,4.4,2022-09-28T00:00:00Z,2026-03-29T02:30:28.483044Z,2026-03-29T02:30:28.483044Z
827,Oracle Fusion,827,Vendor 827,EMEA,3.5,2025-06-03T00:00:00Z,2026-03-29T02:30:28.483044Z,2026-03-29T02:30:28.483044Z
828,Oracle Fusion,828,Vendor 828,EMEA,4.3,2022-06-14T00:00:00Z,2026-03-29T02:30:28.483044Z,2026-03-29T02:30:28.483044Z
829,Oracle Fusion,829,Vendor 829,NA,4.7,2023-06-16T00:00:00Z,2026-03-29T02:30:28.483044Z,2026-03-29T02:30:28.483044Z
830,Oracle Fusion,830,Vendor 830,EMEA,3.1,2022-08-21T00:00:00Z,2026-03-29T02:30:28.483044Z,2026-03-29T02:30:28.483044Z
831,Oracle Fusion,831,Vendor 831,APAC,3.9,2025-10-18T00:00:00Z,2026-03-29T02:30:28.483044Z,2026-03-29T02:30:28.483044Z
832,Oracle Fusion,832,Vendor 832,APAC,2.9,2023-12-08T00:00:00Z,2026-03-29T02:30:28.483044Z,2026-03-29T02:30:28.483044Z
833,Oracle Fusion,833,Vendor 833,LATAM,3.7,2025-10-23T00:00:00Z,2026-03-29T02:30:28.483044Z,2026-03-29T02:30:28.483044Z
834,Oracle Fusion,834,Vendor 834,NA,3.9,2025-01-31T00:00:00Z,2026-03-29T02:30:28.483044Z,2026-03-29T02:30:28.483044Z
835,Oracle Fusion,835,Vendor 835,NA,3.6,2024-03-26T00:00:00Z,2026-03-29T02:30:28.483044Z,2026-03-29T02:30:28.483044Z
836,Oracle Fusion,836,Vendor 836,NA,4.4,2025-08-12T00:00:00Z,2026-03-29T02:30:28.483044Z,2026-03-29T02:30:28.483044Z
837,Oracle Fusion,837,Vendor 837,LATAM,4.6,2021-08-14T00:00:00Z,2026-03-29T02:30:28.483044Z,2026-03-29T02:30:28.483044Z
838,Oracle Fusion,838,Vendor 838,NA,4.9,2021-12-08T00:00:00Z,2026-03-29T02:30:28.483044Z,2026-03-29T02:30:28.483044Z
839,Oracle Fusion,839,Vendor 839,EMEA,3.2,2025-12-05T00:00:00Z,2026-03-29T02:30:28.483044Z,2026-03-29T02:30:28.483044Z
840,Oracle Fusion,840,Vendor 840,EMEA,2.8,2023-01-29T00:00:00Z,2026-03-29T02:30:28.483044Z,2026-03-29T02:30:28.483044Z
841,Oracle Fusion,841,Vendor 841,APAC,3.9,2022-09-01T00:00:00Z,2026-03-29T02:30:28.483044Z,2026-03-29T02:30:28.483044Z
842,Oracle Fusion,842,Vendor 842,LATAM,3.2,2022-09-15T00:00:00Z,2026-03-29T02:30:28.483044Z,2026-03-29T02:30:28.483044Z
843,Oracle Fusion,843,Vendor 843,EMEA,4.9,2021-12-06T00:00:00Z,2026-03-29T02:30:28.483044Z,2026-03-29T02:30:28.483044Z
844,Oracle Fusion,844,Vendor 844,NA,4.6,2024-03-27T00:00:00Z,2026-03-29T02:30:28.483044Z,2026-03-29T02:30:28.483044Z
845,Oracle Fusion,845,Vendor 845,APAC,2.9,2022-05-07T00:00:00Z,2026-03-29T02:30:28.483044Z,2026-03-29T02:30:28.483044Z
846,Oracle Fusion,846,Vendor 846,LATAM,3.6,2025-09-19T00:00:00Z,2026-03-29T02:30:28.483044Z,2026-03-29T02:30:28.483044Z
847,Oracle Fusion,847,Vendor 847,NA,3.2,2024-10-31T00:00:00Z,2026-03-29T02:30:28.483044Z,2026-03-29T02:30:28.483044Z
848,Oracle Fusion,848,Vendor 848,EMEA,4.1,2023-02-08T00:00:00Z,2026-03-29T02:30:28.483044Z,2026-03-29T02:30:28.483044Z
849,Oracle Fusion,849,Vendor 849,EMEA,4.9,2021-12-01T00:00:00Z,2026-03-29T02:30:28.483044Z,2026-03-29T02:30:28.483044Z
850,Oracle Fusion,850,Vendor 850,APAC,4.5,2022-03-20T00:00:00Z,2026-03-29T02:30:28.483044Z,2026-03-29T02:30:28.483044Z
851,Oracle Fusion,851,Vendor 851,NA,3.7,2021-03-22T00:00:00Z,2026-03-29T02:30:28.483044Z,2026-03-29T02:30:28.483044Z
852,Oracle Fusion,852,Vendor 852,NA,4.7,2025-04-30T00:00:00Z,2026-03-29T02:30:28.483044Z,2026-03-29T02:30:28.483044Z
853,Oracle Fusion,853,Vendor 853,EMEA,3.6,2024-12-10T00:00:00Z,2026-03-29T02:30:28.483044Z,2026-03-29T02:30:28.483044Z
854,Oracle Fusion,854,Vendor 854,NA,4.2,2022-03-30T00:00:00Z,2026-03-29T02:30:28.483044Z,2026-03-29T02:30:28.483044Z
855,Oracle Fusion,855,Vendor 855,EMEA,5,2022-06-06T00:00:00Z,2026-03-29T02:30:28.483044Z,2026-03-29T02:30:28.483044Z
856,Oracle Fusion,856,Vendor 856,EMEA,2.9,2023-09-11T00:00:00Z,2026-03-29T02:30:28.483044Z,2026-03-29T02:30:28.483044Z
857,Oracle Fusion,857,Vendor 857,NA,3.6,2022-07-31T00:00:00Z,2026-03-29T02:30:28.483044Z,2026-03-29T02:30:28.483044Z
858,Oracle Fusion,858,Vendor 858,NA,4.1,2021-10-31T00:00:00Z,2026-03-29T02:30:28.483044Z,2026-03-29T02:30:28.483044Z
859,Oracle Fusion,859,Vendor 859,EMEA,4.8,2021-06-30T00:00:00Z,2026-03-29T02:30:28.483044Z,2026-03-29T02:30:28.483044Z
860,Oracle Fusion,860,Vendor 860,EMEA,4.2,2024-04-06T00:00:00Z,2026-03-29T02:30:28.483044Z,2026-03-29T02:30:28.483044Z
861,Oracle Fusion,861,Vendor 861,EMEA,3.8,2025-06-25T00:00:00Z,2026-03-29T02:30:28.483044Z,2026-03-29T02:30:28.483044Z
862,Oracle Fusion,862,Vendor 862,EMEA,3.4,2023-01-03T00:00:00Z,2026-03-29T02:30:28.483044Z,2026-03-29T02:30:28.483044Z
863,Oracle Fusion,863,Vendor 863,LATAM,3.8,2025-07-23T00:00:00Z,2026-03-29T02:30:28.483044Z,2026-03-29T02:30:28.483044Z
864,Oracle Fusion,864,Vendor 864,NA,4,2024-04-26T00:00:00Z,2026-03-29T02:30:28.483044Z,2026-03-29T02:30:28.483044Z
865,Oracle Fusion,865,Vendor 865,NA,3.3,2021-07-06T00:00:00Z,2026-03-29T02:30:28.483044Z,2026-03-29T02:30:28.483044Z
866,Oracle Fusion,866,Vendor 866,EMEA,3.9,2025-11-04T00:00:00Z,2026-03-29T02:30:28.483044Z,2026-03-29T02:30:28.483044Z
867,Oracle Fusion,867,Vendor 867,NA,4.4,2022-06-23T00:00:00Z,2026-03-29T02:30:28.483044Z,2026-03-29T02:30:28.483044Z
868,Oracle Fusion,868,Vendor 868,APAC,3.8,2023-10-30T00:00:00Z,2026-03-29T02:30:28.483044Z,2026-03-29T02:30:28.483044Z
869,Oracle Fusion,869,Vendor 869,APAC,3.2,2025-01-01T00:00:00Z,2026-03-29T02:30:28.483044Z,2026-03-29T02:30:28.483044Z
870,Oracle Fusion,870,Vendor 870,NA,4.4,2025-09-05T00:00:00Z,2026-03-29T02:30:28.483044Z,2026-03-29T02:30:28.483044Z
871,Oracle Fusion,871,Vendor 871,NA,4.9,2023-08-09T00:00:00Z,2026-03-29T02:30:28.483044Z,2026-03-29T02:30:28.483044Z
872,Oracle Fusion,872,Vendor 872,NA,2.8,2023-01-06T00:00:00Z,2026-03-29T02:30:28.483044Z,2026-03-29T02:30:28.483044Z
873,Oracle Fusion,873,Vendor 873,NA,3.7,2023-01-05T00:00:00Z,2026-03-29T02:30:28.483044Z,2026-03-29T02:30:28.483044Z
874,Oracle Fusion,874,Vendor 874,APAC,5,2021-03-29T00:00:00Z,2026-03-29T02:30:28.483044Z,2026-03-29T02:30:28.483044Z
875,Oracle Fusion,875,Vendor 875,APAC,4.9,2025-09-01T00:00:00Z,2026-03-29T02:30:28.483044Z,2026-03-29T02:30:28.483044Z
876,Oracle Fusion,876,Vendor 876,NA,3.8,2023-03-08T00:00:00Z,2026-03-29T02:30:28.483044Z,2026-03-29T02:30:28.483044Z
877,Oracle Fusion,877,Vendor 877,EMEA,3.2,2025-12-17T00:00:00Z,2026-03-29T02:30:28.483044Z,2026-03-29T02:30:28.483044Z
878,Oracle Fusion,878,Vendor 878,EMEA,3.1,2024-04-22T00:00:00Z,2026-03-29T02:30:28.483044Z,2026-03-29T02:30:28.483044Z
879,Oracle Fusion,879,Vendor 879,NA,4.1,2025-11-22T00:00:00Z,2026-03-29T02:30:28.483044Z,2026-03-29T02:30:28.483044Z
880,Oracle Fusion,880,Vendor 880,EMEA,3.4,2023-09-18T00:00:00Z,2026-03-29T02:30:28.483044Z,2026-03-29T02:30:28.483044Z
881,Oracle Fusion,881,Vendor 881,NA,3.4,2023-04-12T00:00:00Z,2026-03-29T02:30:28.483044Z,2026-03-29T02:30:28.483044Z
882,Oracle Fusion,882,Vendor 882,EMEA,4.6,2024-07-22T00:00:00Z,2026-03-29T02:30:28.483044Z,2026-03-29T02:30:28.483044Z
883,Oracle Fusion,883,Vendor 883,APAC,3.8,2021-01-29T00:00:00Z,2026-03-29T02:30:28.483044Z,2026-03-29T02:30:28.483044Z
884,Oracle Fusion,884,Vendor 884,NA,3.3,2025-02-28T00:00:00Z,2026-03-29T02:30:28.483044Z,2026-03-29T02:30:28.483044Z
885,Oracle Fusion,885,Vendor 885,APAC,2.9,2024-11-22T00:00:00Z,2026-03-29T02:30:28.483044Z,2026-03-29T02:30:28.483044Z
886,Oracle Fusion,886,Vendor 886,NA,4.4,2024-03-18T00:00:00Z,2026-03-29T02:30:28.483044Z,2026-03-29T02:30:28.483044Z
887,Oracle Fusion,887,Vendor 887,NA,4.7,2022-11-10T00:00:00Z,2026-03-29T02:30:28.483044Z,2026-03-29T02:30:28.483044Z
888,Oracle Fusion,888,Vendor 888,NA,3.8,2022-06-16T00:00:00Z,2026-03-29T02:30:28.483044Z,2026-03-29T02:30:28.483044Z
889,Oracle Fusion,889,Vendor 889,NA,3.9,2022-06-22T00:00:00Z,2026-03-29T02:30:28.483044Z,2026-03-29T02:30:28.483044Z
890,Oracle Fusion,890,Vendor 890,NA,4,2021-04-24T00:00:00Z,2026-03-29T02:30:28.483044Z,2026-03-29T02:30:28.483044Z
891,Oracle Fusion,891,Vendor 891,LATAM,3.7,2022-10-17T00:00:00Z,2026-03-29T02:30:28.483044Z,2026-03-29T02:30:28.483044Z
892,Oracle Fusion,892,Vendor 892,NA,3.5,2025-04-15T00:00:00Z,2026-03-29T02:30:28.483044Z,2026-03-29T02:30:28.483044Z
893,Oracle Fusion,893,Vendor 893,EMEA,3.2,2024-08-18T00:00:00Z,2026-03-29T02:30:28.483044Z,2026-03-29T02:30:28.483044Z
894,Oracle Fusion,894,Vendor 894,NA,4.9,2021-05-11T00:00:00Z,2026-03-29T02:30:28.483044Z,2026-03-29T02:30:28.483044Z
895,Oracle Fusion,895,Vendor 895,EMEA,4,2022-02-02T00:00:00Z,2026-03-29T02:30:28.483044Z,2026-03-29T02:30:28.483044Z
896,Oracle Fusion,896,Vendor 896,EMEA,3.5,2023-09-20T00:00:00Z,2026-03-29T02:30:28.483044Z,2026-03-29T02:30:28.483044Z
897,Oracle Fusion,897,Vendor 897,NA,3.7,2021-01-30T00:00:00Z,2026-03-29T02:30:28.483044Z,2026-03-29T02:30:28.483044Z
898,Oracle Fusion,898,Vendor 898,NA,4.2,2025-04-15T00:00:00Z,2026-03-29T02:30:28.483044Z,2026-03-29T02:30:28.483044Z
899,Oracle Fusion,899,Vendor 899,NA,3.5,2021-07-29T00:00:00Z,2026-03-29T02:30:28.483044Z,2026-03-29T02:30:28.483044Z
900,Oracle Fusion,900,Vendor 900,APAC,3.2,2023-01-11T00:00:00Z,2026-03-29T02:30:28.483044Z,2026-03-29T02:30:28.483044Z
901,Oracle Fusion,901,Vendor 901,LATAM,4.8,2022-04-23T00:00:00Z,2026-03-29T02:30:28.483044Z,2026-03-29T02:30:28.483044Z
902,Oracle Fusion,902,Vendor 902,NA,3.4,2025-12-19T00:00:00Z,2026-03-29T02:30:28.483044Z,2026-03-29T02:30:28.483044Z
903,Oracle Fusion,903,Vendor 903,EMEA,4,2023-07-03T00:00:00Z,2026-03-29T02:30:28.483044Z,2026-03-29T02:30:28.483044Z
904,Oracle Fusion,904,Vendor 904,NA,3.6,2023-09-09T00:00:00Z,2026-03-29T02:30:28.483044Z,2026-03-29T02:30:28.483044Z
905,Oracle Fusion,905,Vendor 905,APAC,3.7,2022-02-03T00:00:00Z,2026-03-29T02:30:28.483044Z,2026-03-29T02:30:28.483044Z
906,Oracle Fusion,906,Vendor 906,EMEA,4.4,2021-07-09T00:00:00Z,2026-03-29T02:30:28.483044Z,2026-03-29T02:30:28.483044Z
907,Oracle Fusion,907,Vendor 907,NA,3.2,2024-03-23T00:00:00Z,2026-03-29T02:30:28.483044Z,2026-03-29T02:30:28.483044Z
908,Oracle Fusion,908,Vendor 908,APAC,4.4,2023-01-19T00:00:00Z,2026-03-29T02:30:28.483044Z,2026-03-29T02:30:28.483044Z
909,Oracle Fusion,909,Vendor 909,NA,3.3,2022-06-16T00:00:00Z,2026-03-29T02:30:28.483044Z,2026-03-29T02:30:28.483044Z
910,Oracle Fusion,910,Vendor 910,APAC,4.6,2021-01-18T00:00:00Z,2026-03-29T02:30:28.483044Z,2026-03-29T02:30:28.483044Z
911,Oracle Fusion,911,Vendor 911,EMEA,4,2022-04-11T00:00:00Z,2026-03-29T02:30:28.483044Z,2026-03-29T02:30:28.483044Z
912,Oracle Fusion,912,Vendor 912,NA,4.8,2021-02-05T00:00:00Z,2026-03-29T02:30:28.483044Z,2026-03-29T02:30:28.483044Z
913,Oracle Fusion,913,Vendor 913,APAC,4.3,2025-03-26T00:00:00Z,2026-03-29T02:30:28.483044Z,2026-03-29T02:30:28.483044Z
914,Oracle Fusion,914,Vendor 914,LATAM,4.8,2023-01-05T00:00:00Z,2026-03-29T02:30:28.483044Z,2026-03-29T02:30:28.483044Z
915,Oracle Fusion,915,Vendor 915,NA,3.9,2025-01-20T00:00:00Z,2026-03-29T02:30:28.483044Z,2026-03-29T02:30:28.483044Z
916,Oracle Fusion,916,Vendor 916,EMEA,3,2023-03-14T00:00:00Z,2026-03-29T02:30:28.483044Z,2026-03-29T02:30:28.483044Z
917,Oracle Fusion,917,Vendor 917,EMEA,3,2022-03-08T00:00:00Z,2026-03-29T02:30:28.483044Z,2026-03-29T02:30:28.483044Z
918,Oracle Fusion,918,Vendor 918,EMEA,3.5,2021-03-29T00:00:00Z,2026-03-29T02:30:28.483044Z,2026-03-29T02:30:28.483044Z
919,Oracle Fusion,919,Vendor 919,EMEA,4.7,2025-03-02T00:00:00Z,2026-03-29T02:30:28.483044Z,2026-03-29T02:30:28.483044Z
920,Oracle Fusion,920,Vendor 920,NA,3.8,2021-10-03T00:00:00Z,2026-03-29T02:30:28.483044Z,2026-03-29T02:30:28.483044Z
921,Oracle Fusion,921,Vendor 921,EMEA,3,2024-12-17T00:00:00Z,2026-03-29T02:30:28.483044Z,2026-03-29T02:30:28.483044Z
922,Oracle Fusion,922,Vendor 922,NA,4.2,2023-05-27T00:00:00Z,2026-03-29T02:30:28.483044Z,2026-03-29T02:30:28.483044Z
923,Oracle Fusion,923,Vendor 923,EMEA,3.5,2025-10-06T00:00:00Z,2026-03-29T02:30:28.483044Z,2026-03-29T02:30:28.483044Z
924,Oracle Fusion,924,Vendor 924,APAC,3.8,2022-05-17T00:00:00Z,2026-03-29T02:30:28.483044Z,2026-03-29T02:30:28.483044Z
925,Oracle Fusion,925,Vendor 925,APAC,4.2,2022-11-23T00:00:00Z,2026-03-29T02:30:28.483044Z,2026-03-29T02:30:28.483044Z
926,Oracle Fusion,926,Vendor 926,EMEA,4.2,2025-06-10T00:00:00Z,2026-03-29T02:30:28.483044Z,2026-03-29T02:30:28.483044Z
927,Oracle Fusion,927,Vendor 927,APAC,4.8,2025-04-21T00:00:00Z,2026-03-29T02:30:28.483044Z,2026-03-29T02:30:28.483044Z
928,Oracle Fusion,928,Vendor 928,EMEA,4.9,2021-08-23T00:00:00Z,2026-03-29T02:30:28.483044Z,2026-03-29T02:30:28.483044Z
929,Oracle Fusion,929,Vendor 929,LATAM,3.1,2021-01-07T00:00:00Z,2026-03-29T02:30:28.483044Z,2026-03-29T02:30:28.483044Z
930,Oracle Fusion,930,Vendor 930,NA,3.2,2021-02-23T00:00:00Z,2026-03-29T02:30:28.483044Z,2026-03-29T02:30:28.483044Z
931,Oracle Fusion,931,Vendor 931,APAC,4.2,2022-10-29T00:00:00Z,2026-03-29T02:30:28.483044Z,2026-03-29T02:30:28.483044Z
932,Oracle Fusion,932,Vendor 932,NA,3.5,2023-02-14T00:00:00Z,2026-03-29T02:30:28.483044Z,2026-03-29T02:30:28.483044Z
933,Oracle Fusion,933,Vendor 933,EMEA,3,2022-07-19T00:00:00Z,2026-03-29T02:30:28.483044Z,2026-03-29T02:30:28.483044Z
934,Oracle Fusion,934,Vendor 934,NA,4.7,2024-06-06T00:00:00Z,2026-03-29T02:30:28.483044Z,2026-03-29T02:30:28.483044Z
935,Oracle Fusion,935,Vendor 935,APAC,4.3,2024-04-04T00:00:00Z,2026-03-29T02:30:28.483044Z,2026-03-29T02:30:28.483044Z
936,Oracle Fusion,936,Vendor 936,EMEA,3.7,2025-12-06T00:00:00Z,2026-03-29T02:30:28.483044Z,2026-03-29T02:30:28.483044Z
937,Oracle Fusion,937,Vendor 937,APAC,4.7,2021-10-06T00:00:00Z,2026-03-29T02:30:28.483044Z,2026-03-29T02:30:28.483044Z
938,Oracle Fusion,938,Vendor 938,NA,4.6,2025-03-17T00:00:00Z,2026-03-29T02:30:28.483044Z,2026-03-29T02:30:28.483044Z
939,Oracle Fusion,939,Vendor 939,NA,4.3,2023-03-04T00:00:00Z,2026-03-29T02:30:28.483044Z,2026-03-29T02:30:28.483044Z
940,Oracle Fusion,940,Vendor 940,NA,3.3,2024-06-01T00:00:00Z,2026-03-29T02:30:28.483044Z,2026-03-29T02:30:28.483044Z
941,Oracle Fusion,941,Vendor 941,NA,3.7,2024-07-22T00:00:00Z,2026-03-29T02:30:28.483044Z,2026-03-29T02:30:28.483044Z
942,Oracle Fusion,942,Vendor 942,EMEA,3.9,2021-01-17T00:00:00Z,2026-03-29T02:30:28.483044Z,2026-03-29T02:30:28.483044Z
943,Oracle Fusion,943,Vendor 943,EMEA,4,2024-11-06T00:00:00Z,2026-03-29T02:30:28.483044Z,2026-03-29T02:30:28.483044Z
944,Oracle Fusion,944,Vendor 944,APAC,4.9,2025-02-08T00:00:00Z,2026-03-29T02:30:28.483044Z,2026-03-29T02:30:28.483044Z
945,Oracle Fusion,945,Vendor 945,EMEA,3,2025-03-21T00:00:00Z,2026-03-29T02:30:28.483044Z,2026-03-29T02:30:28.483044Z
946,Oracle Fusion,946,Vendor 946,APAC,4.9,2023-11-06T00:00:00Z,2026-03-29T02:30:28.483044Z,2026-03-29T02:30:28.483044Z
947,Oracle Fusion,947,Vendor 947,NA,4.4,2021-08-10T00:00:00Z,2026-03-29T02:30:28.483044Z,2026-03-29T02:30:28.483044Z
948,Oracle Fusion,948,Vendor 948,LATAM,2.9,2025-01-05T00:00:00Z,2026-03-29T02:30:28.483044Z,2026-03-29T02:30:28.483044Z
949,Oracle Fusion,949,Vendor 949,EMEA,3.9,2025-02-19T00:00:00Z,2026-03-29T02:30:28.483044Z,2026-03-29T02:30:28.483044Z
950,Oracle Fusion,950,Vendor 950,EMEA,4.3,2021-07-18T00:00:00Z,2026-03-29T02:30:28.483044Z,2026-03-29T02:30:28.483044Z
951,Oracle Fusion,951,Vendor 951,LATAM,3.4,2022-08-30T00:00:00Z,2026-03-29T02:30:28.483044Z,2026-03-29T02:30:28.483044Z
952,Oracle Fusion,952,Vendor 952,APAC,3.9,2023-03-05T00:00:00Z,2026-03-29T02:30:28.483044Z,2026-03-29T02:30:28.483044Z
953,Oracle Fusion,953,Vendor 953,NA,3,2021-03-30T00:00:00Z,2026-03-29T02:30:28.483044Z,2026-03-29T02:30:28.483044Z
954,Oracle Fusion,954,Vendor 954,NA,3.6,2022-06-09T00:00:00Z,2026-03-29T02:30:28.483044Z,2026-03-29T02:30:28.483044Z
955,Oracle Fusion,955,Vendor 955,NA,4.2,2021-04-23T00:00:00Z,2026-03-29T02:30:28.483044Z,2026-03-29T02:30:28.483044Z
956,Oracle Fusion,956,Vendor 956,NA,4,2025-11-11T00:00:00Z,2026-03-29T02:30:28.483044Z,2026-03-29T02:30:28.483044Z
957,Oracle Fusion,957,Vendor 957,EMEA,3.4,2022-07-12T00:00:00Z,2026-03-29T02:30:28.483044Z,2026-03-29T02:30:28.483044Z
958,Oracle Fusion,958,Vendor 958,NA,4.7,2022-11-24T00:00:00Z,2026-03-29T02:30:28.483044Z,2026-03-29T02:30:28.483044Z
959,Oracle Fusion,959,Vendor 959,LATAM,4.3,2023-02-03T00:00:00Z,2026-03-29T02:30:28.483044Z,2026-03-29T02:30:28.483044Z
960,Oracle Fusion,960,Vendor 960,NA,4.5,2021-04-08T00:00:00Z,2026-03-29T02:30:28.483044Z,2026-03-29T02:30:28.483044Z
961,Oracle Fusion,961,Vendor 961,EMEA,4.6,2021-05-05T00:00:00Z,2026-03-29T02:30:28.483044Z,2026-03-29T02:30:28.483044Z
962,Oracle Fusion,962,Vendor 962,NA,3.4,2025-02-17T00:00:00Z,2026-03-29T02:30:28.483044Z,2026-03-29T02:30:28.483044Z
963,Oracle Fusion,963,Vendor 963,APAC,3,2022-06-15T00:00:00Z,2026-03-29T02:30:28.483044Z,2026-03-29T02:30:28.483044Z
964,Oracle Fusion,964,Vendor 964,NA,2.8,2024-11-03T00:00:00Z,2026-03-29T02:30:28.483044Z,2026-03-29T02:30:28.483044Z
965,Oracle Fusion,965,Vendor 965,NA,3.6,2021-06-09T00:00:00Z,2026-03-29T02:30:28.483044Z,2026-03-29T02:30:28.483044Z
966,Oracle Fusion,966,Vendor 966,EMEA,4,2024-07-04T00:00:00Z,2026-03-29T02:30:28.483044Z,2026-03-29T02:30:28.483044Z
967,Oracle Fusion,967,Vendor 967,APAC,4.8,2023-07-25T00:00:00Z,2026-03-29T02:30:28.483044Z,2026-03-29T02:30:28.483044Z
968,Oracle Fusion,968,Vendor 968,NA,3.7,2021-10-05T00:00:00Z,2026-03-29T02:30:28.483044Z,2026-03-29T02:30:28.483044Z
969,Oracle Fusion,969,Vendor 969,EMEA,4.8,2023-10-11T00:00:00Z,2026-03-29T02:30:28.483044Z,2026-03-29T02:30:28.483044Z
970,Oracle Fusion,970,Vendor 970,NA,3.8,2023-12-30T00:00:00Z,2026-03-29T02:30:28.483044Z,2026-03-29T02:30:28.483044Z
971,Oracle Fusion,971,Vendor 971,EMEA,4.2,2024-05-17T00:00:00Z,2026-03-29T02:30:28.483044Z,2026-03-29T02:30:28.483044Z
972,Oracle Fusion,972,Vendor 972,EMEA,4.1,2025-11-25T00:00:00Z,2026-03-29T02:30:28.483044Z,2026-03-29T02:30:28.483044Z
973,Oracle Fusion,973,Vendor 973,APAC,2.8,2023-05-15T00:00:00Z,2026-03-29T02:30:28.483044Z,2026-03-29T02:30:28.483044Z
974,Oracle Fusion,974,Vendor 974,APAC,3.6,2025-07-20T00:00:00Z,2026-03-29T02:30:28.483044Z,2026-03-29T02:30:28.483044Z
975,Oracle Fusion,975,Vendor 975,NA,4.2,2021-02-19T00:00:00Z,2026-03-29T02:30:28.483044Z,2026-03-29T02:30:28.483044Z
976,Oracle Fusion,976,Vendor 976,NA,2.9,2023-04-02T00:00:00Z,2026-03-29T02:30:28.483044Z,2026-03-29T02:30:28.483044Z
977,Oracle Fusion,977,Vendor 977,NA,3.3,2022-08-06T00:00:00Z,2026-03-29T02:30:28.483044Z,2026-03-29T02:30:28.483044Z
978,Oracle Fusion,978,Vendor 978,NA,3.4,2022-03-16T00:00:00Z,2026-03-29T02:30:28.483044Z,2026-03-29T02:30:28.483044Z
979,Oracle Fusion,979,Vendor 979,NA,2.8,2024-07-02T00:00:00Z,2026-03-29T02:30:28.483044Z,2026-03-29T02:30:28.483044Z
980,Oracle Fusion,980,Vendor 980,NA,4.3,2025-08-19T00:00:00Z,2026-03-29T02:30:28.483044Z,2026-03-29T02:30:28.483044Z
981,Oracle Fusion,981,Vendor 981,NA,3.8,2024-01-24T00:00:00Z,2026-03-29T02:30:28.483044Z,2026-03-29T02:30:28.483044Z
982,Oracle Fusion,982,Vendor 982,EMEA,4.8,2024-02-25T00:00:00Z,2026-03-29T02:30:28.483044Z,2026-03-29T02:30:28.483044Z
983,Oracle Fusion,983,Vendor 983,NA,4.8,2021-07-29T00:00:00Z,2026-03-29T02:30:28.483044Z,2026-03-29T02:30:28.483044Z
984,Oracle Fusion,984,Vendor 984,EMEA,5,2022-05-21T00:00:00Z,2026-03-29T02:30:28.483044Z,2026-03-29T02:30:28.483044Z
985,Oracle Fusion,985,Vendor 985,APAC,3.5,2021-11-12T00:00:00Z,2026-03-29T02:30:28.483044Z,2026-03-29T02:30:28.483044Z
986,Oracle Fusion,986,Vendor 986,NA,4.1,2021-01-19T00:00:00Z,2026-03-29T02:30:28.483044Z,2026-03-29T02:30:28.483044Z
987,Oracle Fusion,987,Vendor 987,EMEA,4,2025-08-26T00:00:00Z,2026-03-29T02:30:28.483044Z,2026-03-29T02:30:28.483044Z
988,Oracle Fusion,988,Vendor 988,APAC,3.4,2021-09-03T00:00:00Z,2026-03-29T02:30:28.483044Z,2026-03-29T02:30:28.483044Z
989,Oracle Fusion,989,Vendor 989,NA,3.5,2023-02-05T00:00:00Z,2026-03-29T02:30:28.483044Z,2026-03-29T02:30:28.483044Z
990,Oracle Fusion,990,Vendor 990,EMEA,4.2,2024-03-26T00:00:00Z,2026-03-29T02:30:28.483044Z,2026-03-29T02:30:28.483044Z
991,Oracle Fusion,991,Vendor 991,NA,4.3,2024-07-08T00:00:00Z,2026-03-29T02:30:28.483044Z,2026-03-29T02:30:28.483044Z
992,Oracle Fusion,992,Vendor 992,EMEA,3.2,2024-06-02T00:00:00Z,2026-03-29T02:30:28.483044Z,2026-03-29T02:30:28.483044Z
993,Oracle Fusion,993,Vendor 993,NA,3.6,2021-12-01T00:00:00Z,2026-03-29T02:30:28.483044Z,2026-03-29T02:30:28.483044Z
994,Oracle Fusion,994,Vendor 994,NA,4.3,2021-03-25T00:00:00Z,2026-03-29T02:30:28.483044Z,2026-03-29T02:30:28.483044Z
995,Oracle Fusion,995,Vendor 995,NA,3.9,2024-05-02T00:00:00Z,2026-03-29T02:30:28.483044Z,2026-03-29T02:30:28.483044Z
996,Oracle Fusion,996,Vendor 996,NA,3.2,2025-02-16T00:00:00Z,2026-03-29T02:30:28.483044Z,2026-03-29T02:30:28.483044Z
997,Oracle Fusion,997,Vendor 997,APAC,4.6,2025-04-18T00:00:00Z,2026-03-29T02:30:28.483044Z,2026-03-29T02:30:28.483044Z
998,Oracle Fusion,998,Vendor 998,EMEA,3.5,2021-10-09T00:00:00Z,2026-03-29T02:30:28.483044Z,2026-03-29T02:30:28.483044Z
999,Oracle Fusion,999,Vendor 999,APAC,4.1,2023-09-15T00:00:00Z,2026-03-29T02:30:28.483044Z,2026-03-29T02:30:28.483044Z
1000,Oracle Fusion,1000,Vendor 1000,LATAM,3,2024-07-30T00:00:00Z,2026-03-29T02:30:28.483044Z,2026-03-29T02:30:28.483044Z
