order_id,guest_id,order_status,order_total,shipping_cost,fulfillment_center_id,shipping_lat,shipping_lon,estimated_delivery,actual_delivery,social_source_id,demand_score,created_at,updated_at
22221,3888,confirmed,1139.93,7.99,249,,,,,,86.48,2026-08-21T13:45:17Z,2026-09-17T13:44:08Z
22222,2951,processing,429.9,7.99,240,,,,,,79.45,2026-08-13T08:41:56Z,2026-09-17T13:44:08Z
22223,3735,routed,539.97,7.99,241,,,,,,32.07,2026-08-14T11:47:49Z,2026-09-17T13:44:08Z
22224,2706,completed,179.99,0,222,,,,,,60.4,2026-08-24T00:14:18Z,2026-09-17T13:44:08Z
22225,3807,completed,209.97,7.99,230,,,,,25868,24.4,2026-08-06T01:54:20Z,2026-09-17T13:44:08Z
22226,3814,completed,982.94,0,223,,,,,22458,75.85,2026-08-31T10:28:52Z,2026-09-17T13:44:08Z
22227,3150,cancelled,986.94,0,228,,,,,,30.22,2026-08-13T14:27:37Z,2026-09-17T13:44:08Z
22228,4091,pending,8699.97,7.99,,,,,,22525,83.01,2026-07-24T04:18:59Z,2026-09-17T13:44:08Z
22229,2854,confirmed,878.98,14.99,234,,,,,,79.87,2026-09-06T12:14:18Z,2026-09-17T13:44:08Z
22230,2697,processing,149.99,0,247,,,,,,15.28,2026-08-30T14:02:15Z,2026-09-17T13:44:08Z
22231,3659,routed,1988.91,7.99,246,,,,,,67.13,2026-08-13T16:42:59Z,2026-09-17T13:44:08Z
22232,4091,completed,97.98,0,236,,,,,,19.64,2026-08-19T08:12:22Z,2026-09-17T13:44:08Z
22233,4056,completed,749.9,0,241,,,,,26433,30.33,2026-08-20T17:49:00Z,2026-09-17T13:44:08Z
22234,3860,completed,79.99,7.99,245,,,,,,27.55,2026-08-10T00:43:28Z,2026-09-17T13:44:08Z
22235,2801,cancelled,368.95,0,243,,,,,,90.02,2026-08-31T19:27:28Z,2026-09-17T13:44:08Z
22236,3418,pending,319.96,7.99,,,,,,,75.04,2026-08-08T02:10:05Z,2026-09-17T13:44:08Z
22237,4051,confirmed,620.92,7.99,245,,,,,,14.55,2026-08-06T23:05:49Z,2026-09-17T13:44:08Z
22238,3186,processing,2364.93,0,232,,,,,27080,70.04,2026-09-11T14:47:25Z,2026-09-17T13:44:08Z
22239,3373,routed,1072.89,7.99,246,,,,,23885,19.05,2026-08-11T20:59:58Z,2026-09-17T13:44:08Z
22240,2639,completed,899.97,14.99,221,,,,,,76.4,2026-07-25T14:57:14Z,2026-09-17T13:44:08Z
22241,3219,completed,1098.96,7.99,250,,,,,25999,21.68,2026-08-25T19:46:40Z,2026-09-17T13:44:08Z
22242,3444,completed,729.95,0,228,,,,,,73.7,2026-09-17T07:44:30Z,2026-09-17T13:44:08Z
22243,3343,cancelled,1079.94,7.99,241,,,,,,58.8,2026-08-09T22:48:11Z,2026-09-17T13:44:08Z
22244,2255,pending,1250.91,7.99,,,,,,25286,82.65,2026-08-18T19:06:23Z,2026-09-17T13:44:08Z
22245,2989,confirmed,929.95,7.99,247,,,,,,30.87,2026-09-14T02:41:48Z,2026-09-17T13:44:08Z
22246,4042,processing,369.95,14.99,237,,,,,,46.22,2026-09-13T17:30:34Z,2026-09-17T13:44:08Z
22247,2773,routed,653.93,14.99,246,,,,,,53.5,2026-08-23T23:53:58Z,2026-09-17T13:44:08Z
22248,2291,completed,1879.94,7.99,250,,,,,23612,61.44,2026-08-05T18:33:31Z,2026-09-17T13:44:08Z
22249,4077,completed,2359.9,0,229,,,,,23476,78.13,2026-07-25T08:23:29Z,2026-09-17T13:44:08Z
22250,3874,completed,409.96,7.99,245,,,,,,42.14,2026-08-27T14:36:09Z,2026-09-17T13:44:08Z
22251,3920,cancelled,582.96,14.99,246,,,,,,63.44,2026-09-09T11:16:07Z,2026-09-17T13:44:08Z
22252,3626,pending,359.97,14.99,,,,,,26478,20.05,2026-07-30T01:00:26Z,2026-09-17T13:44:08Z
22253,4120,confirmed,1999.96,14.99,224,,,,,,17.99,2026-09-16T19:36:44Z,2026-09-17T13:44:08Z
22254,3249,processing,2679.95,14.99,243,,,,,24444,52.74,2026-08-27T17:22:36Z,2026-09-17T13:44:08Z
22255,3820,routed,1124.96,0,250,,,,,,60.04,2026-08-05T05:08:59Z,2026-09-17T13:44:08Z
22256,2813,completed,219.96,7.99,230,,,,,22516,40.27,2026-08-04T10:50:57Z,2026-09-17T13:44:08Z
22257,2768,completed,187.97,0,238,,,,,22734,14,2026-08-14T11:38:01Z,2026-09-17T13:44:08Z
22258,3252,completed,1599.98,7.99,243,,,,,,18.35,2026-09-05T10:37:47Z,2026-09-17T13:44:08Z
22259,2579,cancelled,3109.88,7.99,239,,,,,22728,81.71,2026-08-26T23:23:39Z,2026-09-17T13:44:08Z
22260,2895,pending,74.97,7.99,,,,,,23670,11.22,2026-08-21T19:54:43Z,2026-09-17T13:44:08Z
22261,3002,confirmed,681.91,7.99,224,,,,,,35.96,2026-07-24T20:38:43Z,2026-09-17T13:44:08Z
22262,3673,processing,3094.95,0,234,,,,,,19.4,2026-08-05T00:06:14Z,2026-09-17T13:44:08Z
22263,2254,routed,308.96,7.99,239,,,,,22442,73.28,2026-09-15T00:47:28Z,2026-09-17T13:44:08Z
22264,2563,completed,1254.92,7.99,250,,,,,,10.97,2026-09-09T11:18:09Z,2026-09-17T13:44:08Z
22265,2386,completed,169.99,7.99,237,,,,,,68.2,2026-07-23T09:46:01Z,2026-09-17T13:44:08Z
22266,3981,completed,10049.91,0,224,,,,,,73.4,2026-09-11T00:30:15Z,2026-09-17T13:44:08Z
22267,2558,cancelled,298.96,7.99,235,,,,,23644,84,2026-09-10T09:13:35Z,2026-09-17T13:44:08Z
22268,2473,pending,8079.93,0,,,,,,23479,37.09,2026-08-27T22:25:25Z,2026-09-17T13:44:08Z
22269,3481,confirmed,1878.93,7.99,221,,,,,,55.15,2026-07-31T12:33:49Z,2026-09-17T13:44:08Z
22270,4095,processing,304.95,0,244,,,,,24083,75.84,2026-09-05T18:55:29Z,2026-09-17T13:44:08Z
22271,4172,routed,3649.92,7.99,243,,,,,,75.61,2026-07-29T14:05:18Z,2026-09-17T13:44:08Z
22272,3322,completed,1159.95,7.99,227,,,,,25458,34.62,2026-08-02T22:15:59Z,2026-09-17T13:44:08Z
22273,3806,completed,2269.9,7.99,222,,,,,,14.9,2026-09-12T20:56:58Z,2026-09-17T13:44:08Z
22274,4052,completed,244.95,7.99,231,,,,,,20.76,2026-08-29T01:44:09Z,2026-09-17T13:44:08Z
22275,3672,cancelled,6629.92,14.99,235,,,,,26880,44.03,2026-07-24T15:36:54Z,2026-09-17T13:44:08Z
22276,2868,pending,799.98,7.99,,,,,,22243,86.55,2026-08-21T21:58:31Z,2026-09-17T13:44:08Z
22277,2766,confirmed,899.98,0,236,,,,,,32.34,2026-08-16T04:25:39Z,2026-09-17T13:44:08Z
22278,2853,processing,118.97,7.99,223,,,,,23108,13.79,2026-08-12T00:22:05Z,2026-09-17T13:44:08Z
22279,3332,routed,329.97,14.99,247,,,,,,59.45,2026-07-26T09:38:11Z,2026-09-17T13:44:08Z
22280,2292,completed,448.94,7.99,233,,,,,23772,32.39,2026-08-11T17:55:39Z,2026-09-17T13:44:08Z
22281,2671,completed,1349.91,7.99,222,,,,,25694,74.06,2026-09-02T23:14:28Z,2026-09-17T13:44:08Z
22282,4037,completed,464.94,7.99,232,,,,,24468,89.79,2026-08-01T03:54:09Z,2026-09-17T13:44:08Z
22283,2684,cancelled,1049.96,7.99,239,,,,,,39.23,2026-08-06T12:20:35Z,2026-09-17T13:44:08Z
22284,3153,pending,94.97,14.99,,,,,,,50.33,2026-08-31T09:04:35Z,2026-09-17T13:44:08Z
22285,2723,confirmed,694.96,7.99,221,,,,,24859,59.09,2026-08-29T10:38:53Z,2026-09-17T13:44:08Z
22286,2739,processing,356.94,0,235,,,,,,79.2,2026-08-07T22:44:27Z,2026-09-17T13:44:08Z
22287,3701,routed,2499.99,7.99,250,,,,,26195,73.6,2026-08-10T20:46:03Z,2026-09-17T13:44:08Z
22288,3007,completed,957.91,0,223,,,,,24737,22.53,2026-08-05T01:14:23Z,2026-09-17T13:44:08Z
22289,2866,completed,199.99,14.99,242,,,,,,45.43,2026-09-02T22:08:41Z,2026-09-17T13:44:08Z
22290,4185,completed,949.97,0,238,,,,,26343,25.03,2026-09-01T19:06:38Z,2026-09-17T13:44:08Z
22291,3700,cancelled,299.97,7.99,234,,,,,,20.03,2026-09-02T17:56:00Z,2026-09-17T13:44:08Z
22292,2852,pending,869.93,14.99,,,,,,,72.89,2026-08-25T13:07:48Z,2026-09-17T13:44:08Z
22293,3363,confirmed,3682.88,14.99,232,,,,,,79.68,2026-08-08T12:11:35Z,2026-09-17T13:44:08Z
22294,3494,processing,629.95,7.99,249,,,,,27047,49.03,2026-08-05T06:29:06Z,2026-09-17T13:44:08Z
22295,2348,routed,3899.97,14.99,237,,,,,,36.59,2026-09-14T03:15:25Z,2026-09-17T13:44:08Z
22296,2516,completed,29.99,0,229,,,,,,81.29,2026-07-23T16:13:10Z,2026-09-17T13:44:08Z
22297,3505,completed,169.97,0,247,,,,,,25.43,2026-08-04T08:35:47Z,2026-09-17T13:44:08Z
22298,3540,completed,644.92,0,249,,,,,,19.6,2026-09-12T06:13:33Z,2026-09-17T13:44:08Z
22299,3117,cancelled,1169.91,0,222,,,,,,44.89,2026-08-09T20:10:09Z,2026-09-17T13:44:08Z
22300,2653,pending,1649.97,0,,,,,,22547,10.49,2026-09-05T09:37:49Z,2026-09-17T13:44:08Z
22301,4139,confirmed,689.95,14.99,244,,,,,,38.37,2026-07-23T09:43:18Z,2026-09-17T13:44:08Z
22302,3030,processing,158.97,14.99,242,,,,,,32.22,2026-09-04T18:40:04Z,2026-09-17T13:44:08Z
22303,2646,routed,74.97,7.99,223,,,,,,58.41,2026-08-24T02:56:01Z,2026-09-17T13:44:08Z
22304,2571,completed,749.91,0,230,,,,,,69.52,2026-07-27T04:08:54Z,2026-09-17T13:44:08Z
22305,3074,completed,777.92,14.99,244,,,,,,39.21,2026-08-04T05:38:13Z,2026-09-17T13:44:08Z
22306,3181,completed,209.97,7.99,224,,,,,,30.88,2026-08-19T18:12:38Z,2026-09-17T13:44:08Z
22307,3571,cancelled,1034.9,7.99,236,,,,,,15.68,2026-08-10T17:47:38Z,2026-09-17T13:44:08Z
22308,3143,pending,184.98,7.99,,,,,,,30.31,2026-08-17T05:15:47Z,2026-09-17T13:44:08Z
22309,2490,confirmed,974.97,0,221,,,,,,40.89,2026-08-01T13:40:15Z,2026-09-17T13:44:08Z
22310,4122,processing,129.98,7.99,234,,,,,,24.94,2026-07-21T09:55:33Z,2026-09-17T13:44:08Z
22311,2329,routed,3410.9,0,224,,,,,,70.87,2026-09-14T00:02:46Z,2026-09-17T13:44:08Z
22312,3436,completed,3854.92,7.99,233,,,,,,24.09,2026-08-30T19:00:23Z,2026-09-17T13:44:08Z
22313,3448,completed,57.98,7.99,243,,,,,24138,34.6,2026-08-01T17:34:21Z,2026-09-17T13:44:08Z
22314,2380,completed,74.97,0,245,,,,,23321,32.51,2026-08-01T20:33:35Z,2026-09-17T13:44:08Z
22315,3230,cancelled,53.98,0,225,,,,,,44.36,2026-08-31T04:34:34Z,2026-09-17T13:44:08Z
22316,4144,pending,1494.91,7.99,,,,,,,91.75,2026-08-04T09:08:37Z,2026-09-17T13:44:08Z
22317,2680,confirmed,2019.94,14.99,227,,,,,,85.37,2026-09-16T23:05:15Z,2026-09-17T13:44:08Z
22318,2907,processing,1488.92,0,232,,,,,26632,55.63,2026-08-24T19:19:40Z,2026-09-17T13:44:08Z
22319,3574,routed,2199.9,7.99,244,,,,,,92.63,2026-08-10T09:18:12Z,2026-09-17T13:44:08Z
22320,4049,completed,109.98,14.99,245,,,,,,57.16,2026-08-29T20:04:49Z,2026-09-17T13:44:08Z
22321,3817,completed,134.97,7.99,225,,,,,,48.28,2026-07-27T07:02:24Z,2026-09-17T13:44:08Z
22322,3122,completed,1548.9,7.99,239,,,,,,41.67,2026-09-10T14:09:25Z,2026-09-17T13:44:08Z
22323,3297,cancelled,1302.9,0,230,,,,,,61.53,2026-08-05T16:43:15Z,2026-09-17T13:44:08Z
22324,2902,pending,279.95,0,,,,,,,60.65,2026-09-15T13:02:45Z,2026-09-17T13:44:08Z
22325,4005,confirmed,514.94,14.99,249,,,,,,13.21,2026-08-02T01:29:09Z,2026-09-17T13:44:08Z
22326,3079,processing,3904.91,0,231,,,,,,15.51,2026-09-15T16:56:18Z,2026-09-17T13:44:08Z
22327,2880,routed,694.94,7.99,242,,,,,,16,2026-08-21T16:51:45Z,2026-09-17T13:44:08Z
22328,2276,completed,1339.89,0,233,,,,,22671,52.58,2026-07-20T17:57:41Z,2026-09-17T13:44:08Z
22329,2674,completed,589.95,7.99,229,,,,,,59.47,2026-08-17T15:28:33Z,2026-09-17T13:44:08Z
22330,3522,completed,771.94,14.99,234,,,,,,12.34,2026-08-30T13:55:34Z,2026-09-17T13:44:08Z
22331,2270,cancelled,287.92,7.99,231,,,,,,29.49,2026-07-28T13:56:12Z,2026-09-17T13:44:08Z
22332,2916,pending,3139.91,14.99,,,,,,,36.02,2026-08-06T09:45:58Z,2026-09-17T13:44:08Z
22333,4171,confirmed,117.98,7.99,225,,,,,,82.72,2026-08-20T12:26:21Z,2026-09-17T13:44:08Z
22334,3587,processing,599.93,7.99,236,,,,,,42.75,2026-08-29T18:21:13Z,2026-09-17T13:44:08Z
22335,3606,routed,279.99,0,221,,,,,,44.38,2026-09-01T04:04:52Z,2026-09-17T13:44:08Z
22336,4042,completed,339.97,0,248,,,,,,91.01,2026-08-28T11:44:52Z,2026-09-17T13:44:08Z
22337,2751,completed,2349.95,7.99,232,,,,,22727,38.62,2026-09-05T15:44:34Z,2026-09-17T13:44:08Z
22338,2848,completed,379.95,7.99,229,,,,,,21.63,2026-09-02T11:02:47Z,2026-09-17T13:44:08Z
22339,2328,cancelled,664.97,7.99,244,,,,,,38.96,2026-09-13T19:57:21Z,2026-09-17T13:44:08Z
22340,3753,pending,934.92,14.99,,,,,,,84.55,2026-07-28T14:22:11Z,2026-09-17T13:44:08Z
22341,2580,confirmed,179.96,0,232,,,,,,86.76,2026-07-26T09:59:22Z,2026-09-17T13:44:08Z
22342,3475,processing,6549.9,7.99,231,,,,,,13.3,2026-08-15T16:38:54Z,2026-09-17T13:44:08Z
22343,2418,routed,159.99,0,246,,,,,,70.74,2026-08-30T19:14:46Z,2026-09-17T13:44:08Z
22344,4022,completed,2229.97,7.99,239,,,,,,75.4,2026-09-07T12:34:20Z,2026-09-17T13:44:08Z
22345,2596,completed,299.99,7.99,248,,,,,,78.24,2026-07-24T03:44:11Z,2026-09-17T13:44:08Z
22346,3876,completed,299.99,7.99,239,,,,,,22.07,2026-08-05T09:27:27Z,2026-09-17T13:44:08Z
22347,2763,cancelled,669.96,0,245,,,,,,51.13,2026-08-20T13:35:16Z,2026-09-17T13:44:08Z
22348,3404,pending,827.94,7.99,,,,,,,66.99,2026-09-10T12:30:14Z,2026-09-17T13:44:08Z
22349,2953,confirmed,34.99,7.99,222,,,,,25205,27.4,2026-09-03T18:20:08Z,2026-09-17T13:44:08Z
22350,3877,processing,2794.98,0,230,,,,,,52.63,2026-09-02T12:37:00Z,2026-09-17T13:44:08Z
22351,2739,routed,49.98,0,242,,,,,,27.99,2026-08-27T18:04:53Z,2026-09-17T13:44:08Z
22352,2405,completed,1249.96,7.99,222,,,,,24525,45.7,2026-07-28T01:46:27Z,2026-09-17T13:44:08Z
22353,2356,completed,914.88,0,239,,,,,26426,83.02,2026-08-30T16:11:16Z,2026-09-17T13:44:08Z
22354,2489,completed,179.96,7.99,246,,,,,,26.84,2026-09-12T17:14:31Z,2026-09-17T13:44:08Z
22355,2597,cancelled,4539.96,7.99,234,,,,,,32.05,2026-07-25T14:52:41Z,2026-09-17T13:44:08Z
22356,2902,pending,2184.95,14.99,,,,,,,41.65,2026-09-09T02:23:11Z,2026-09-17T13:44:08Z
22357,2727,confirmed,24.99,0,223,,,,,,36.15,2026-09-12T21:37:22Z,2026-09-17T13:44:08Z
22358,2554,processing,169.96,0,243,,,,,26883,78.29,2026-08-12T10:33:37Z,2026-09-17T13:44:08Z
22359,4112,routed,1903.9,7.99,244,,,,,,15.31,2026-08-05T00:05:54Z,2026-09-17T13:44:08Z
22360,3256,completed,1253.92,7.99,233,,,,,,92.84,2026-09-13T00:24:07Z,2026-09-17T13:44:08Z
22361,3831,completed,799.95,0,245,,,,,,21.9,2026-08-05T08:18:32Z,2026-09-17T13:44:09Z
22362,2981,completed,959.95,14.99,231,,,,,,40,2026-08-03T07:44:06Z,2026-09-17T13:44:09Z
22363,4048,cancelled,138.98,0,229,,,,,,65.77,2026-08-14T07:43:59Z,2026-09-17T13:44:09Z
22364,2906,pending,225,7.99,,,,,,24864,53.07,2026-08-12T10:58:33Z,2026-09-17T13:44:09Z
22365,3955,confirmed,696.93,7.99,232,,,,,,25.09,2026-09-07T22:01:33Z,2026-09-17T13:44:09Z
22366,2447,processing,1859.94,7.99,224,,,,,,41.75,2026-07-22T03:35:19Z,2026-09-17T13:44:09Z
22367,2310,routed,393.95,7.99,229,,,,,25630,49.84,2026-09-06T02:03:00Z,2026-09-17T13:44:09Z
22368,3995,completed,1854.95,14.99,245,,,,,,83.98,2026-07-26T17:58:44Z,2026-09-17T13:44:09Z
22369,3578,completed,1209.96,7.99,242,,,,,,79.9,2026-08-21T12:07:05Z,2026-09-17T13:44:09Z
22370,3970,completed,1364.92,0,240,,,,,,69.12,2026-08-22T09:09:41Z,2026-09-17T13:44:09Z
22371,3206,cancelled,69.99,7.99,226,,,,,,72.59,2026-07-25T11:35:36Z,2026-09-17T13:44:09Z
22372,3387,pending,79.99,14.99,,,,,,,22.5,2026-09-04T17:03:21Z,2026-09-17T13:44:09Z
22373,3792,confirmed,959.88,14.99,226,,,,,,28.32,2026-07-26T14:11:59Z,2026-09-17T13:44:09Z
22374,3443,processing,639.9,14.99,248,,,,,,36.23,2026-08-13T14:42:48Z,2026-09-17T13:44:09Z
22375,3886,routed,450,7.99,229,,,,,,55.72,2026-07-26T00:50:42Z,2026-09-17T13:44:09Z
22376,3072,completed,2599.98,7.99,233,,,,,22250,90.65,2026-07-20T09:37:16Z,2026-09-17T13:44:09Z
22377,2305,completed,924.94,0,231,,,,,,20.23,2026-08-07T11:33:43Z,2026-09-17T13:44:09Z
22378,3479,completed,119.99,7.99,236,,,,,,42.05,2026-09-12T06:29:14Z,2026-09-17T13:44:09Z
22379,3919,cancelled,414.95,0,244,,,,,,93.98,2026-07-31T04:46:02Z,2026-09-17T13:44:09Z
22380,3349,pending,319.95,7.99,,,,,,,73.31,2026-09-15T03:06:48Z,2026-09-17T13:44:09Z
22381,2535,confirmed,1309.9,14.99,241,,,,,,28.82,2026-08-30T06:54:53Z,2026-09-17T13:44:09Z
22382,2575,processing,1429.91,7.99,249,,,,,,47.9,2026-07-29T13:58:01Z,2026-09-17T13:44:09Z
22383,3566,routed,1364.9,14.99,228,,,,,,47.48,2026-08-26T06:05:14Z,2026-09-17T13:44:09Z
22384,3250,completed,2274.96,7.99,230,,,,,,14.73,2026-08-11T09:25:30Z,2026-09-17T13:44:09Z
22385,2670,completed,1003.95,0,230,,,,,,74.18,2026-09-05T23:51:52Z,2026-09-17T13:44:09Z
22386,2609,completed,4198.96,0,226,,,,,,53.49,2026-07-19T21:05:09Z,2026-09-17T13:44:09Z
22387,3863,cancelled,1474.9,7.99,245,,,,,24748,79.26,2026-08-30T23:14:09Z,2026-09-17T13:44:09Z
22388,3613,pending,1319.95,7.99,,,,,,24878,40.95,2026-08-30T21:02:23Z,2026-09-17T13:44:09Z
22389,3696,confirmed,599.98,0,230,,,,,,81.23,2026-08-07T16:55:16Z,2026-09-17T13:44:09Z
22390,2857,processing,934.91,0,228,,,,,26782,52.63,2026-08-04T23:21:19Z,2026-09-17T13:44:09Z
22391,2917,routed,65.98,7.99,248,,,,,,86.92,2026-09-12T22:18:54Z,2026-09-17T13:44:09Z
22392,3556,completed,2147.9,0,230,,,,,,55.13,2026-07-26T09:31:33Z,2026-09-17T13:44:09Z
22393,3007,completed,1119.93,0,250,,,,,,28.97,2026-09-17T10:18:06Z,2026-09-17T13:44:09Z
22394,2270,completed,2264.91,7.99,243,,,,,,63.82,2026-09-09T08:14:23Z,2026-09-17T13:44:09Z
22395,3341,cancelled,1149.97,7.99,225,,,,,,62.2,2026-07-21T22:14:43Z,2026-09-17T13:44:09Z
22396,2938,pending,744.92,7.99,,,,,,,11.7,2026-09-15T23:55:09Z,2026-09-17T13:44:09Z
22397,3377,confirmed,5037.93,7.99,240,,,,,,40.37,2026-09-11T10:34:43Z,2026-09-17T13:44:09Z
22398,3212,processing,739.96,14.99,233,,,,,,21.54,2026-07-22T04:25:30Z,2026-09-17T13:44:09Z
22399,2930,routed,959.94,7.99,228,,,,,26898,45.23,2026-09-12T23:59:17Z,2026-09-17T13:44:09Z
22400,2661,completed,99.98,0,235,,,,,,59.7,2026-07-20T06:27:21Z,2026-09-17T13:44:09Z
22401,3644,completed,683.94,7.99,250,,,,,,47.91,2026-09-01T18:44:39Z,2026-09-17T13:44:09Z
22402,3094,completed,577.91,7.99,249,,,,,,38.14,2026-07-21T14:25:51Z,2026-09-17T13:44:09Z
22403,2551,cancelled,149.97,0,229,,,,,,33.61,2026-08-12T14:44:33Z,2026-09-17T13:44:09Z
22404,2903,pending,534.97,0,,,,,,,85.7,2026-08-30T14:58:54Z,2026-09-17T13:44:09Z
22405,3281,confirmed,628.96,7.99,232,,,,,,33.14,2026-07-23T04:54:22Z,2026-09-17T13:44:09Z
22406,3106,processing,504.95,14.99,223,,,,,,42.53,2026-07-20T06:31:35Z,2026-09-17T13:44:09Z
22407,3554,routed,2434.94,7.99,245,,,,,,10.55,2026-07-26T22:09:33Z,2026-09-17T13:44:09Z
22408,2651,completed,119.99,7.99,243,,,,,,34.44,2026-08-24T05:25:56Z,2026-09-17T13:44:09Z
22409,3182,completed,179.97,14.99,232,,,,,,71.53,2026-07-22T00:53:49Z,2026-09-17T13:44:09Z
22410,2406,completed,1796.91,14.99,246,,,,,,20.67,2026-09-09T12:40:05Z,2026-09-17T13:44:09Z
22411,2507,cancelled,217.96,7.99,226,,,,,25816,18.77,2026-09-14T02:48:14Z,2026-09-17T13:44:09Z
22412,2500,pending,599.98,7.99,,,,,,,70.69,2026-08-12T20:23:53Z,2026-09-17T13:44:09Z
22413,2922,confirmed,3564.97,14.99,229,,,,,,36.96,2026-09-10T23:43:04Z,2026-09-17T13:44:09Z
22414,2237,processing,699.99,7.99,244,,,,,24892,22.48,2026-08-15T00:36:21Z,2026-09-17T13:44:09Z
22415,2292,routed,527.97,7.99,240,,,,,26188,67.5,2026-07-23T13:56:34Z,2026-09-17T13:44:09Z
22416,3151,completed,519.96,7.99,246,,,,,,44.28,2026-07-21T20:13:42Z,2026-09-17T13:44:09Z
22417,3120,completed,1166.98,0,224,,,,,,75.73,2026-08-22T21:50:55Z,2026-09-17T13:44:09Z
22418,3103,completed,179.95,7.99,243,,,,,,64.93,2026-08-27T17:46:36Z,2026-09-17T13:44:09Z
22419,3367,cancelled,69.99,7.99,250,,,,,,62.08,2026-08-12T01:09:41Z,2026-09-17T13:44:09Z
22420,2651,pending,1414.9,7.99,,,,,,,14.72,2026-08-10T01:44:49Z,2026-09-17T13:44:09Z
22421,2639,confirmed,659.96,7.99,227,,,,,,39.47,2026-08-15T08:41:22Z,2026-09-17T13:44:09Z
22422,2767,processing,4499.88,7.99,237,,,,,25518,28.29,2026-08-24T23:16:03Z,2026-09-17T13:44:09Z
22423,2891,routed,155.96,7.99,222,,,,,,91.21,2026-09-02T12:34:51Z,2026-09-17T13:44:09Z
22424,2911,completed,959.96,14.99,246,,,,,22875,68.85,2026-07-24T11:44:00Z,2026-09-17T13:44:09Z
22425,3805,completed,10099.93,0,243,,,,,,55.85,2026-08-26T05:31:27Z,2026-09-17T13:44:09Z
22426,2489,completed,458.93,0,227,,,,,,88.19,2026-09-17T08:59:26Z,2026-09-17T13:44:09Z
22427,2636,cancelled,58.99,14.99,247,,,,,,47.37,2026-07-28T17:56:21Z,2026-09-17T13:44:09Z
22428,3700,pending,1124.94,0,,,,,,,94.72,2026-08-04T22:48:30Z,2026-09-17T13:44:09Z
22429,3838,confirmed,914.93,0,232,,,,,22997,53.88,2026-08-07T17:59:07Z,2026-09-17T13:44:09Z
22430,2406,processing,1179.92,7.99,222,,,,,,10.89,2026-07-19T13:46:58Z,2026-09-17T13:44:09Z
22431,3813,routed,899.97,0,234,,,,,25173,58.17,2026-08-31T07:41:53Z,2026-09-17T13:44:09Z
22432,4169,completed,4236.9,0,233,,,,,,17.61,2026-08-31T03:13:30Z,2026-09-17T13:44:09Z
22433,3478,completed,389.97,7.99,236,,,,,,18.27,2026-08-18T13:30:40Z,2026-09-17T13:44:09Z
22434,3816,completed,1129.9,0,234,,,,,22668,34.04,2026-08-27T16:36:57Z,2026-09-17T13:44:09Z
22435,2829,cancelled,69.99,7.99,244,,,,,26289,52.28,2026-08-26T22:47:30Z,2026-09-17T13:44:09Z
22436,2789,pending,1176.9,7.99,,,,,,26389,53.66,2026-07-22T16:58:11Z,2026-09-17T13:44:09Z
22437,2287,confirmed,299.97,7.99,237,,,,,,72.67,2026-07-31T00:54:48Z,2026-09-17T13:44:09Z
22438,3408,processing,1135.95,14.99,226,,,,,,34.49,2026-08-22T08:57:22Z,2026-09-17T13:44:09Z
22439,3378,routed,734.91,0,243,,,,,,77.62,2026-09-02T03:01:48Z,2026-09-17T13:44:09Z
22440,2891,completed,2309.9,7.99,221,,,,,22796,66.02,2026-09-16T00:36:59Z,2026-09-17T13:44:09Z
22441,3398,completed,2189.91,7.99,224,,,,,,36.17,2026-09-08T22:34:04Z,2026-09-17T13:44:09Z
22442,2563,completed,4322.9,0,234,,,,,,83.55,2026-09-09T10:44:26Z,2026-09-17T13:44:09Z
22443,3609,cancelled,646.91,7.99,248,,,,,,73.92,2026-08-24T23:41:36Z,2026-09-17T13:44:09Z
22444,2962,pending,939.95,0,,,,,,,59.89,2026-09-11T14:28:00Z,2026-09-17T13:44:09Z
22445,3421,confirmed,2396.89,7.99,239,,,,,27208,71.28,2026-09-13T19:53:56Z,2026-09-17T13:44:09Z
22446,4207,processing,4129.88,14.99,227,,,,,23898,93.09,2026-08-31T06:30:36Z,2026-09-17T13:44:09Z
22447,3396,routed,416.93,0,221,,,,,,84.77,2026-09-03T13:59:31Z,2026-09-17T13:44:09Z
22448,2319,completed,2519.98,0,231,,,,,,20.93,2026-07-23T23:20:23Z,2026-09-17T13:44:09Z
22449,2406,completed,2149.89,0,247,,,,,,36.79,2026-08-09T12:58:14Z,2026-09-17T13:44:09Z
22450,3473,completed,954.92,7.99,248,,,,,,57.29,2026-09-16T22:26:49Z,2026-09-17T13:44:09Z
22451,3713,cancelled,2519.9,7.99,237,,,,,23415,64.91,2026-08-08T05:58:40Z,2026-09-17T13:44:09Z
22452,2741,pending,1179.92,0,,,,,,,72.78,2026-09-17T02:48:26Z,2026-09-17T13:44:09Z
22453,3907,confirmed,1826.92,0,235,,,,,,40.81,2026-08-13T13:53:44Z,2026-09-17T13:44:09Z
22454,2867,processing,22.99,14.99,246,,,,,,84.65,2026-08-21T20:12:14Z,2026-09-17T13:44:09Z
22455,4049,routed,759.94,0,248,,,,,24834,11.16,2026-08-17T13:21:44Z,2026-09-17T13:44:09Z
22456,3523,completed,1199.89,0,239,,,,,23810,87.77,2026-07-26T10:24:58Z,2026-09-17T13:44:09Z
22457,2765,completed,969.91,0,240,,,,,,10.94,2026-08-27T21:12:17Z,2026-09-17T13:44:09Z
22458,3114,completed,99.99,0,233,,,,,,51.23,2026-08-11T10:27:13Z,2026-09-17T13:44:09Z
22459,2966,cancelled,946.91,0,221,,,,,25948,66.3,2026-09-09T22:25:37Z,2026-09-17T13:44:09Z
22460,2328,pending,452.94,0,,,,,,24010,17.76,2026-08-15T17:01:22Z,2026-09-17T13:44:09Z
22461,2959,confirmed,1856.95,0,236,,,,,,89.83,2026-08-05T16:35:00Z,2026-09-17T13:44:09Z
22462,3021,processing,359.98,7.99,244,,,,,,30.89,2026-08-03T11:15:00Z,2026-09-17T13:44:09Z
22463,3346,routed,513.9,7.99,245,,,,,,81.79,2026-08-13T05:43:00Z,2026-09-17T13:44:09Z
22464,3589,completed,489.96,7.99,249,,,,,,68.41,2026-07-24T11:37:44Z,2026-09-17T13:44:09Z
22465,3340,completed,1538.93,7.99,242,,,,,,63.57,2026-08-31T12:49:46Z,2026-09-17T13:44:09Z
22466,3445,completed,659.94,7.99,242,,,,,,89.24,2026-09-12T06:26:36Z,2026-09-17T13:44:09Z
22467,3877,cancelled,1595.9,7.99,250,,,,,,37.97,2026-08-21T11:27:23Z,2026-09-17T13:44:09Z
22468,3933,pending,3319.96,7.99,,,,,,,23.8,2026-08-11T17:52:35Z,2026-09-17T13:44:09Z
22469,3393,confirmed,2504.89,0,230,,,,,23101,45.57,2026-09-07T17:36:33Z,2026-09-17T13:44:09Z
22470,3067,processing,8894.95,14.99,221,,,,,,36.43,2026-08-07T19:19:22Z,2026-09-17T13:44:09Z
22471,3231,routed,639.94,0,226,,,,,,86.24,2026-08-18T03:59:50Z,2026-09-17T13:44:09Z
22472,3523,completed,679.94,7.99,226,,,,,,14.55,2026-08-20T23:05:25Z,2026-09-17T13:44:09Z
22473,3280,completed,599.98,0,244,,,,,,43.6,2026-08-25T06:30:42Z,2026-09-17T13:44:09Z
22474,2751,completed,799.95,7.99,241,,,,,,50.99,2026-09-02T13:43:53Z,2026-09-17T13:44:09Z
22475,2481,cancelled,4499.97,7.99,245,,,,,,60.15,2026-08-24T06:58:23Z,2026-09-17T13:44:09Z
22476,3789,pending,1201.96,7.99,,,,,,,45.06,2026-08-03T19:58:44Z,2026-09-17T13:44:09Z
22477,3860,confirmed,439.96,7.99,225,,,,,,35.66,2026-09-05T23:30:17Z,2026-09-17T13:44:09Z
22478,3993,processing,249.97,0,238,,,,,25965,86.21,2026-07-25T21:23:41Z,2026-09-17T13:44:09Z
22479,3559,routed,4028.93,14.99,239,,,,,,26.27,2026-08-11T02:20:56Z,2026-09-17T13:44:09Z
22480,2942,completed,379.97,0,230,,,,,,78.34,2026-09-02T00:49:38Z,2026-09-17T13:44:09Z
22481,4122,completed,1441.91,0,231,,,,,,51.93,2026-07-30T12:07:05Z,2026-09-17T13:44:09Z
22482,2866,completed,1109.94,7.99,248,,,,,,62.87,2026-07-31T18:18:54Z,2026-09-17T13:44:09Z
22483,3811,cancelled,1409.93,14.99,230,,,,,,54.28,2026-08-29T04:40:17Z,2026-09-17T13:44:09Z
22484,2736,pending,934.95,0,,,,,,,44.18,2026-09-08T01:10:52Z,2026-09-17T13:44:09Z
22485,3759,confirmed,578.94,0,244,,,,,,87.9,2026-07-21T06:11:57Z,2026-09-17T13:44:09Z
22486,3926,processing,139.95,7.99,238,,,,,,37.09,2026-08-16T17:18:54Z,2026-09-17T13:44:09Z
22487,3674,routed,474.94,0,227,,,,,25597,80.24,2026-09-10T06:44:38Z,2026-09-17T13:44:09Z
22488,4130,completed,509.97,0,234,,,,,,62.11,2026-07-24T09:08:07Z,2026-09-17T13:44:09Z
22489,3492,completed,12689.91,14.99,224,,,,,,36.04,2026-08-28T11:39:45Z,2026-09-17T13:44:09Z
22490,2767,completed,2259.87,7.99,244,,,,,,11.69,2026-09-05T09:25:59Z,2026-09-17T13:44:09Z
22491,3860,cancelled,499.98,0,247,,,,,,38.87,2026-09-02T15:02:06Z,2026-09-17T13:44:09Z
22492,2953,pending,83.97,7.99,,,,,,25906,12.79,2026-08-16T13:52:14Z,2026-09-17T13:44:09Z
22493,3478,confirmed,1074.96,0,244,,,,,,77.71,2026-08-23T17:19:35Z,2026-09-17T13:44:09Z
22494,3877,processing,139.98,0,243,,,,,26318,10.27,2026-07-31T00:48:20Z,2026-09-17T13:44:09Z
22495,3125,routed,441.93,7.99,246,,,,,23075,40.72,2026-09-11T19:48:51Z,2026-09-17T13:44:09Z
22496,3666,completed,1704.9,0,229,,,,,24471,50.91,2026-07-24T04:10:23Z,2026-09-17T13:44:09Z
22497,2446,completed,1229.93,7.99,227,,,,,,15.37,2026-08-30T09:07:14Z,2026-09-17T13:44:09Z
22498,2564,completed,1744.96,7.99,227,,,,,,41.82,2026-08-14T21:16:56Z,2026-09-17T13:44:09Z
22499,3735,cancelled,116.97,7.99,236,,,,,,60.9,2026-09-04T18:57:20Z,2026-09-17T13:44:09Z
22500,2620,pending,6679.89,14.99,,,,,,,44.85,2026-07-25T15:50:49Z,2026-09-17T13:44:09Z
22501,2685,confirmed,689.92,7.99,238,,,,,,68.81,2026-08-18T22:19:03Z,2026-09-17T13:44:09Z
22502,3384,processing,4369.96,0,230,,,,,,76.67,2026-08-20T23:23:36Z,2026-09-17T13:44:09Z
22503,4101,routed,104.97,7.99,230,,,,,,94.37,2026-09-07T11:16:41Z,2026-09-17T13:44:09Z
22504,2959,completed,179.98,14.99,227,,,,,24463,86.28,2026-08-12T05:45:14Z,2026-09-17T13:44:09Z
22505,2860,completed,89.99,7.99,225,,,,,,12.25,2026-09-10T22:00:37Z,2026-09-17T13:44:09Z
22506,3917,completed,5504.93,0,248,,,,,23599,43.72,2026-08-07T22:34:45Z,2026-09-17T13:44:09Z
22507,3127,cancelled,249.95,0,241,,,,,25716,11.62,2026-08-26T11:08:58Z,2026-09-17T13:44:09Z
22508,2814,pending,3264.92,0,,,,,,,79.59,2026-08-06T21:56:07Z,2026-09-17T13:44:09Z
22509,3389,confirmed,3027.89,7.99,235,,,,,24535,17.67,2026-07-21T00:43:33Z,2026-09-17T13:44:09Z
22510,2485,processing,1884.92,7.99,236,,,,,22548,44.48,2026-07-23T02:18:34Z,2026-09-17T13:44:09Z
22511,3821,routed,704.97,7.99,229,,,,,,28.81,2026-08-05T17:34:26Z,2026-09-17T13:44:09Z
22512,2705,completed,959.94,7.99,250,,,,,,45.92,2026-08-18T12:19:02Z,2026-09-17T13:44:09Z
22513,3146,completed,599.95,0,240,,,,,,90.64,2026-08-30T20:32:17Z,2026-09-17T13:44:09Z
22514,2710,completed,1031.89,7.99,231,,,,,23483,88.58,2026-09-12T17:41:11Z,2026-09-17T13:44:09Z
22515,4059,cancelled,3709.89,14.99,221,,,,,,70.69,2026-09-11T03:27:32Z,2026-09-17T13:44:09Z
22516,3782,pending,509.94,14.99,,,,,,23145,40.45,2026-08-15T16:16:32Z,2026-09-17T13:44:09Z
22517,3019,confirmed,992.93,0,226,,,,,,93.93,2026-09-10T21:08:27Z,2026-09-17T13:44:09Z
22518,3008,processing,899.98,0,241,,,,,22443,63.45,2026-09-05T11:09:49Z,2026-09-17T13:44:09Z
22519,2783,routed,843.91,0,245,,,,,,87.96,2026-08-27T08:00:37Z,2026-09-17T13:44:09Z
22520,3051,completed,399.98,7.99,237,,,,,,62.27,2026-09-13T08:14:19Z,2026-09-17T13:44:09Z
22521,4144,completed,1339.94,7.99,226,,,,,,60.73,2026-08-10T00:35:33Z,2026-09-17T13:44:09Z
22522,3641,completed,912.96,7.99,250,,,,,,76.14,2026-08-23T08:50:15Z,2026-09-17T13:44:09Z
22523,3065,cancelled,1154.88,0,238,,,,,,69.36,2026-07-28T11:56:38Z,2026-09-17T13:44:09Z
22524,3846,pending,359.97,7.99,,,,,,,86.49,2026-08-14T23:29:24Z,2026-09-17T13:44:09Z
22525,4008,confirmed,1419.91,0,241,,,,,,80.73,2026-08-22T21:27:16Z,2026-09-17T13:44:09Z
22526,3395,processing,1599.98,14.99,242,,,,,24465,93.46,2026-08-17T05:26:08Z,2026-09-17T13:44:09Z
22527,2241,routed,624.97,7.99,225,,,,,,37.38,2026-09-12T03:11:01Z,2026-09-17T13:44:09Z
22528,3266,completed,205.95,7.99,238,,,,,24757,24.27,2026-08-01T11:09:52Z,2026-09-17T13:44:09Z
22529,4086,completed,2479.94,14.99,227,,,,,,31.2,2026-09-08T05:28:56Z,2026-09-17T13:44:09Z
22530,3084,completed,464.95,7.99,241,,,,,,17.86,2026-09-17T06:10:01Z,2026-09-17T13:44:09Z
22531,3409,cancelled,1639.93,7.99,240,,,,,26082,45.49,2026-09-04T23:07:48Z,2026-09-17T13:44:09Z
22532,2618,pending,543.96,0,,,,,,,89.72,2026-08-29T21:43:10Z,2026-09-17T13:44:09Z
22533,2735,confirmed,624.94,14.99,233,,,,,26394,38.05,2026-08-24T03:11:48Z,2026-09-17T13:44:09Z
22534,2422,processing,2499.99,14.99,226,,,,,,53.26,2026-08-15T05:41:47Z,2026-09-17T13:44:09Z
22535,2696,routed,899.88,7.99,244,,,,,22890,18.92,2026-08-07T08:27:30Z,2026-09-17T13:44:09Z
22536,2870,completed,1716.9,0,224,,,,,,79.38,2026-09-14T15:39:12Z,2026-09-17T13:44:09Z
22537,3598,completed,879.97,0,235,,,,,,68.82,2026-07-20T08:03:09Z,2026-09-17T13:44:09Z
22538,2928,completed,883.88,14.99,226,,,,,,35.86,2026-07-31T16:17:50Z,2026-09-17T13:44:09Z
22539,2971,cancelled,7349.91,7.99,230,,,,,,24.64,2026-08-17T11:47:30Z,2026-09-17T13:44:09Z
22540,3236,pending,214.97,7.99,,,,,,,94.78,2026-09-12T13:02:12Z,2026-09-17T13:44:09Z
22541,2737,confirmed,5283.91,7.99,232,,,,,,31.72,2026-07-28T02:36:05Z,2026-09-17T13:44:09Z
22542,3911,processing,1629.96,0,225,,,,,,83.8,2026-09-12T20:12:18Z,2026-09-17T13:44:09Z
22543,4165,routed,1313.92,0,224,,,,,,86.6,2026-08-30T03:37:27Z,2026-09-17T13:44:09Z
22544,2289,completed,1136.9,7.99,223,,,,,27149,38.34,2026-08-24T00:11:35Z,2026-09-17T13:44:09Z
22545,3342,completed,854.92,0,227,,,,,,58.29,2026-09-04T07:47:00Z,2026-09-17T13:44:09Z
22546,2472,completed,4434.96,7.99,222,,,,,,88.04,2026-07-26T21:25:29Z,2026-09-17T13:44:09Z
22547,4099,cancelled,89.97,14.99,237,,,,,,28.33,2026-08-22T00:12:44Z,2026-09-17T13:44:09Z
22548,4054,pending,1956.93,7.99,,,,,,23821,80.49,2026-08-22T07:42:59Z,2026-09-17T13:44:09Z
22549,3997,confirmed,2467.9,7.99,222,,,,,,37.11,2026-07-28T05:04:55Z,2026-09-17T13:44:09Z
22550,4112,processing,1249.94,14.99,224,,,,,24608,34.54,2026-07-25T20:43:42Z,2026-09-17T13:44:09Z
22551,3946,routed,260.93,0,226,,,,,,74.66,2026-08-01T21:37:01Z,2026-09-17T13:44:09Z
22552,3913,completed,1338.92,7.99,247,,,,,,51.19,2026-08-03T15:27:32Z,2026-09-17T13:44:09Z
22553,2866,completed,699.95,14.99,250,,,,,,61.78,2026-08-23T18:34:58Z,2026-09-17T13:44:09Z
22554,4098,completed,12219.87,7.99,225,,,,,,79.92,2026-07-31T04:25:17Z,2026-09-17T13:44:09Z
22555,2665,cancelled,529.96,0,238,,,,,24499,21.9,2026-09-04T05:55:43Z,2026-09-17T13:44:09Z
22556,3539,pending,74.97,7.99,,,,,,,20.97,2026-08-11T20:30:07Z,2026-09-17T13:44:09Z
22557,2662,confirmed,2976.9,7.99,234,,,,,,14.97,2026-07-21T18:33:07Z,2026-09-17T13:44:09Z
22558,3788,processing,49.98,7.99,236,,,,,,61.53,2026-09-02T01:30:15Z,2026-09-17T13:44:09Z
22559,2333,routed,929.92,14.99,244,,,,,25797,83.2,2026-08-14T20:28:54Z,2026-09-17T13:44:09Z
22560,3218,completed,304.96,7.99,226,,,,,,55.88,2026-09-16T18:21:18Z,2026-09-17T13:44:09Z
22561,3552,completed,1819.97,7.99,233,,,,,,59.27,2026-08-24T23:53:21Z,2026-09-17T13:44:09Z
22562,2321,completed,2696.88,0,230,,,,,,32.69,2026-09-02T02:40:40Z,2026-09-17T13:44:09Z
22563,3779,cancelled,304.98,7.99,247,,,,,,57.82,2026-09-12T05:18:54Z,2026-09-17T13:44:09Z
22564,3184,pending,926.95,7.99,,,,,,,14.45,2026-09-15T07:35:34Z,2026-09-17T13:44:09Z
22565,2545,confirmed,849.97,7.99,221,,,,,,48.15,2026-09-17T08:21:00Z,2026-09-17T13:44:09Z
22566,2986,processing,269.94,7.99,228,,,,,,24.69,2026-07-28T08:58:20Z,2026-09-17T13:44:09Z
22567,2667,routed,119.98,7.99,223,,,,,,32.98,2026-08-04T10:34:35Z,2026-09-17T13:44:09Z
22568,3746,completed,387.95,14.99,234,,,,,,50.84,2026-08-12T18:33:34Z,2026-09-17T13:44:09Z
22569,4078,completed,1059.93,7.99,222,,,,,,92.38,2026-08-22T12:42:54Z,2026-09-17T13:44:09Z
22570,3862,completed,917.93,0,234,,,,,,12.99,2026-08-11T10:37:06Z,2026-09-17T13:44:09Z
22571,3743,cancelled,1503.89,0,240,,,,,23205,90.52,2026-07-29T11:40:13Z,2026-09-17T13:44:09Z
22572,2614,pending,645.92,7.99,,,,,,,33.06,2026-08-28T06:38:22Z,2026-09-17T13:44:09Z
22573,3221,confirmed,513.95,0,221,,,,,23085,54.94,2026-07-24T11:32:19Z,2026-09-17T13:44:09Z
22574,2314,processing,354.97,7.99,234,,,,,,18.44,2026-09-16T02:37:21Z,2026-09-17T13:44:09Z
22575,3512,routed,799.92,14.99,226,,,,,,90.82,2026-08-13T19:34:58Z,2026-09-17T13:44:09Z
22576,4051,completed,389.97,7.99,230,,,,,,23.32,2026-07-20T06:28:38Z,2026-09-17T13:44:09Z
22577,3984,completed,2849.91,14.99,235,,,,,,61.15,2026-07-22T02:34:38Z,2026-09-17T13:44:09Z
22578,4077,completed,2269.97,14.99,245,,,,,,10.14,2026-07-29T11:08:54Z,2026-09-17T13:44:09Z
22579,2241,cancelled,1289.94,0,232,,,,,,86.76,2026-08-14T19:57:37Z,2026-09-17T13:44:09Z
22580,4079,pending,2279.93,14.99,,,,,,24720,56.63,2026-07-23T02:42:59Z,2026-09-17T13:44:09Z
22581,3051,confirmed,485.96,0,226,,,,,23238,58.72,2026-08-06T07:10:45Z,2026-09-17T13:44:09Z
22582,3999,processing,4789.94,7.99,237,,,,,24444,92.01,2026-08-10T03:42:32Z,2026-09-17T13:44:09Z
22583,3978,routed,48.99,7.99,244,,,,,25816,75.1,2026-08-18T23:56:22Z,2026-09-17T13:44:09Z
22584,2662,completed,1289.93,7.99,231,,,,,26482,29.06,2026-08-29T02:42:38Z,2026-09-17T13:44:09Z
22585,2386,completed,749.94,14.99,229,,,,,,59.87,2026-08-27T23:47:59Z,2026-09-17T13:44:09Z
22586,2816,completed,1379.88,7.99,236,,,,,,82.61,2026-08-07T04:14:05Z,2026-09-17T13:44:09Z
22587,2506,cancelled,1489.91,7.99,221,,,,,,58.84,2026-09-06T11:08:20Z,2026-09-17T13:44:09Z
22588,3177,pending,2672.93,7.99,,,,,,,28.61,2026-08-12T11:07:55Z,2026-09-17T13:44:09Z
22589,3224,confirmed,89.98,7.99,231,,,,,26660,64.46,2026-08-01T15:51:33Z,2026-09-17T13:44:09Z
22590,2657,processing,2389.93,7.99,241,,,,,,32.47,2026-09-14T19:52:28Z,2026-09-17T13:44:09Z
22591,2673,routed,964.95,0,246,,,,,24982,75.9,2026-07-21T15:22:00Z,2026-09-17T13:44:09Z
22592,3023,completed,914.97,14.99,237,,,,,,84.46,2026-08-21T10:05:52Z,2026-09-17T13:44:09Z
22593,2846,completed,1641.9,7.99,243,,,,,,53.15,2026-07-31T09:48:19Z,2026-09-17T13:44:09Z
22594,2871,completed,1153.97,7.99,245,,,,,,31.82,2026-09-08T14:12:10Z,2026-09-17T13:44:09Z
22595,3780,cancelled,107.98,7.99,227,,,,,,67.52,2026-09-10T11:50:30Z,2026-09-17T13:44:09Z
22596,3044,pending,8929.91,7.99,,,,,,,80.57,2026-08-10T11:42:22Z,2026-09-17T13:44:09Z
22597,2360,confirmed,529.98,7.99,233,,,,,,62.17,2026-08-18T03:27:08Z,2026-09-17T13:44:09Z
22598,3254,processing,149.97,7.99,221,,,,,,82.19,2026-07-24T08:49:07Z,2026-09-17T13:44:09Z
22599,3882,routed,399.99,7.99,224,,,,,,15.06,2026-09-17T05:28:00Z,2026-09-17T13:44:09Z
22600,2430,completed,838.95,14.99,235,,,,,26738,18.32,2026-09-09T00:00:08Z,2026-09-17T13:44:09Z
22601,2243,completed,518.96,7.99,235,,,,,,15.44,2026-08-18T06:58:07Z,2026-09-17T13:44:09Z
22602,2816,completed,1767.94,7.99,224,,,,,,69.06,2026-08-26T17:09:19Z,2026-09-17T13:44:09Z
22603,3665,cancelled,44.99,0,234,,,,,24000,72.63,2026-07-30T00:07:18Z,2026-09-17T13:44:09Z
22604,4108,pending,429.98,7.99,,,,,,,18.64,2026-08-24T03:21:17Z,2026-09-17T13:44:09Z
22605,3424,confirmed,2049.91,0,240,,,,,,58.92,2026-08-07T06:38:08Z,2026-09-17T13:44:09Z
22606,2906,processing,1119.92,0,248,,,,,22639,77.67,2026-08-04T22:34:37Z,2026-09-17T13:44:09Z
22607,2337,routed,559.97,14.99,222,,,,,25437,85.51,2026-08-22T00:51:27Z,2026-09-17T13:44:09Z
22608,4078,completed,1139.94,7.99,224,,,,,,78.05,2026-08-28T19:57:00Z,2026-09-17T13:44:09Z
22609,3656,completed,179.98,14.99,232,,,,,,79.33,2026-08-26T16:15:44Z,2026-09-17T13:44:09Z
22610,2716,completed,468.94,0,224,,,,,,39.34,2026-08-28T16:10:36Z,2026-09-17T13:44:09Z
22611,3085,cancelled,599.97,14.99,225,,,,,,15.2,2026-08-05T17:40:46Z,2026-09-17T13:44:09Z
22612,2652,pending,939.95,14.99,,,,,,,60.66,2026-08-27T04:47:16Z,2026-09-17T13:44:09Z
22613,2527,confirmed,2934.99,7.99,232,,,,,,36.56,2026-08-23T23:13:11Z,2026-09-17T13:44:09Z
22614,3876,processing,5389.89,7.99,232,,,,,,65.3,2026-08-12T01:17:25Z,2026-09-17T13:44:09Z
22615,3931,routed,2539.95,7.99,244,,,,,23478,56.77,2026-08-18T20:36:39Z,2026-09-17T13:44:09Z
22616,3053,completed,969.93,0,242,,,,,27075,61.48,2026-08-11T07:46:52Z,2026-09-17T13:44:09Z
22617,3834,completed,344.94,7.99,223,,,,,,61.38,2026-09-10T04:11:38Z,2026-09-17T13:44:09Z
22618,3887,completed,369.95,14.99,239,,,,,23540,67.62,2026-08-17T23:12:40Z,2026-09-17T13:44:09Z
22619,2313,cancelled,79.99,7.99,241,,,,,,85.24,2026-08-20T03:35:05Z,2026-09-17T13:44:09Z
22620,3384,pending,243.93,0,,,,,,,70.9,2026-08-25T17:19:07Z,2026-09-17T13:44:09Z
22621,3448,confirmed,529.92,0,227,,,,,,93.13,2026-08-21T08:24:59Z,2026-09-17T13:44:09Z
22622,3658,processing,425,0,227,,,,,24928,79.09,2026-08-03T00:55:49Z,2026-09-17T13:44:09Z
22623,2954,routed,547.95,14.99,244,,,,,,85.94,2026-09-02T12:25:24Z,2026-09-17T13:44:09Z
22624,3398,completed,979.89,14.99,249,,,,,26619,45.6,2026-08-12T00:38:01Z,2026-09-17T13:44:09Z
22625,3106,completed,1729.97,7.99,228,,,,,,33.64,2026-09-06T10:16:20Z,2026-09-17T13:44:09Z
22626,3740,completed,729.96,7.99,239,,,,,,15.27,2026-08-19T23:12:03Z,2026-09-17T13:44:09Z
22627,3992,cancelled,1469.94,7.99,236,,,,,,15.56,2026-08-15T14:01:19Z,2026-09-17T13:44:09Z
22628,3386,pending,5726.92,0,,,,,,,36.62,2026-08-24T02:48:02Z,2026-09-17T13:44:09Z
22629,3373,confirmed,1644.87,7.99,233,,,,,25207,76.74,2026-09-09T15:47:42Z,2026-09-17T13:44:09Z
22630,4061,processing,5269.91,0,224,,,,,,80.89,2026-08-05T05:19:01Z,2026-09-17T13:44:09Z
22631,2396,routed,491.96,0,244,,,,,23802,70.92,2026-08-18T19:14:34Z,2026-09-17T13:44:09Z
22632,3047,completed,1134.89,0,223,,,,,,44.85,2026-08-13T03:52:11Z,2026-09-17T13:44:09Z
22633,3879,completed,747.93,7.99,235,,,,,,88.19,2026-09-07T21:01:05Z,2026-09-17T13:44:09Z
22634,4147,completed,689.93,7.99,233,,,,,27026,67.99,2026-08-12T21:10:02Z,2026-09-17T13:44:09Z
22635,2393,cancelled,1349.97,0,228,,,,,,91.63,2026-08-01T08:34:50Z,2026-09-17T13:44:09Z
22636,2459,pending,589.95,0,,,,,,,18.35,2026-08-12T17:52:38Z,2026-09-17T13:44:09Z
22637,2307,confirmed,1739.94,0,244,,,,,,85.32,2026-09-14T13:31:55Z,2026-09-17T13:44:09Z
22638,3250,processing,1514.92,14.99,234,,,,,25381,37.17,2026-07-23T10:42:55Z,2026-09-17T13:44:09Z
22639,3020,routed,179.97,7.99,246,,,,,,33.15,2026-08-30T06:33:16Z,2026-09-17T13:44:09Z
22640,3695,completed,1392.88,7.99,243,,,,,,94.82,2026-08-23T11:53:26Z,2026-09-17T13:44:09Z
22641,3428,completed,149.97,0,248,,,,,,55.04,2026-07-30T15:25:07Z,2026-09-17T13:44:09Z
22642,2821,completed,8466.87,7.99,232,,,,,,56.68,2026-08-27T21:11:42Z,2026-09-17T13:44:09Z
22643,4091,cancelled,8969.92,0,238,,,,,22672,87.53,2026-07-26T01:05:18Z,2026-09-17T13:44:09Z
22644,3163,pending,3450.91,7.99,,,,,,,39.71,2026-09-15T13:28:35Z,2026-09-17T13:44:09Z
22645,3890,confirmed,139.96,0,223,,,,,,75.82,2026-08-19T06:00:29Z,2026-09-17T13:44:09Z
22646,2403,processing,2329.89,7.99,234,,,,,23520,32.65,2026-08-02T13:58:03Z,2026-09-17T13:44:09Z
22647,2622,routed,179.98,7.99,231,,,,,22311,35.75,2026-08-27T05:29:26Z,2026-09-17T13:44:09Z
22648,2772,completed,319.97,0,234,,,,,25689,56.86,2026-07-19T15:14:05Z,2026-09-17T13:44:09Z
22649,2740,completed,1849.91,0,241,,,,,,37.14,2026-07-27T23:57:40Z,2026-09-17T13:44:09Z
22650,4123,completed,1273.92,7.99,244,,,,,,71.38,2026-08-22T12:54:27Z,2026-09-17T13:44:09Z
22651,2229,cancelled,1014.95,0,241,,,,,,59.72,2026-08-20T20:20:49Z,2026-09-17T13:44:09Z
22652,4176,pending,1074.92,0,,,,,,,20.48,2026-08-03T16:32:12Z,2026-09-17T13:44:09Z
22653,3967,confirmed,1319.9,0,237,,,,,,55.56,2026-09-02T20:51:42Z,2026-09-17T13:44:09Z
22654,2284,processing,254.96,7.99,241,,,,,23011,58.42,2026-08-25T22:08:35Z,2026-09-17T13:44:09Z
22655,2415,routed,849.96,14.99,221,,,,,,71.23,2026-08-15T11:07:48Z,2026-09-17T13:44:09Z
22656,3718,completed,1313.93,7.99,238,,,,,24671,25.61,2026-08-07T06:03:00Z,2026-09-17T13:44:09Z
22657,3374,completed,554.94,7.99,241,,,,,,27.33,2026-09-11T08:05:55Z,2026-09-17T13:44:09Z
22658,2259,completed,2282.91,14.99,224,,,,,,16.44,2026-09-13T11:37:50Z,2026-09-17T13:44:09Z
22659,4198,cancelled,2029.92,0,236,,,,,,34.73,2026-08-07T21:38:34Z,2026-09-17T13:44:09Z
22660,2468,pending,7599.95,7.99,,,,,,,40.39,2026-08-17T10:26:33Z,2026-09-17T13:44:09Z
22661,2636,confirmed,825,7.99,241,,,,,,55.18,2026-07-20T09:25:33Z,2026-09-17T13:44:09Z
22662,3225,processing,659.98,0,224,,,,,,68.51,2026-09-08T08:10:12Z,2026-09-17T13:44:09Z
22663,3247,routed,1299.96,14.99,243,,,,,,52.44,2026-08-30T00:23:27Z,2026-09-17T13:44:09Z
22664,3377,completed,717.92,7.99,224,,,,,,77.28,2026-08-05T06:04:07Z,2026-09-17T13:44:09Z
22665,3692,completed,1455.88,0,226,,,,,25490,72.95,2026-07-20T16:36:54Z,2026-09-17T13:44:09Z
22666,2992,completed,438.92,7.99,241,,,,,,58.79,2026-09-08T19:31:49Z,2026-09-17T13:44:09Z
22667,3306,cancelled,2859.91,14.99,249,,,,,,60.42,2026-08-12T08:03:05Z,2026-09-17T13:44:09Z
22668,2676,pending,1169.95,0,,,,,,,24.19,2026-08-16T08:47:05Z,2026-09-17T13:44:09Z
22669,3737,confirmed,507.96,7.99,236,,,,,,45.96,2026-09-01T18:56:06Z,2026-09-17T13:44:09Z
22670,4182,processing,442.95,0,229,,,,,23112,60.31,2026-08-13T12:51:14Z,2026-09-17T13:44:09Z
22671,4127,routed,459.95,7.99,243,,,,,,31.32,2026-08-15T00:34:53Z,2026-09-17T13:44:09Z
22672,3560,completed,542.98,7.99,236,,,,,23610,74.5,2026-09-10T07:54:10Z,2026-09-17T13:44:09Z
22673,2418,completed,284.97,7.99,240,,,,,26469,28.54,2026-08-16T23:42:48Z,2026-09-17T13:44:09Z
22674,4012,completed,149.98,7.99,229,,,,,,52.19,2026-09-13T03:33:40Z,2026-09-17T13:44:09Z
22675,2769,cancelled,460.95,7.99,236,,,,,,42.13,2026-07-20T12:05:45Z,2026-09-17T13:44:09Z
22676,2602,pending,19.99,7.99,,,,,,26736,11.4,2026-08-15T06:09:49Z,2026-09-17T13:44:09Z
22677,3450,confirmed,1909.92,0,244,,,,,,86.97,2026-07-21T17:09:13Z,2026-09-17T13:44:09Z
22678,4202,processing,3294.93,14.99,230,,,,,,42.09,2026-09-01T04:30:28Z,2026-09-17T13:44:09Z
22679,2793,routed,1891.95,7.99,223,,,,,,38.83,2026-07-20T13:53:03Z,2026-09-17T13:44:09Z
22680,3470,completed,1114.88,7.99,230,,,,,24615,65.3,2026-07-26T07:18:48Z,2026-09-17T13:44:09Z
22681,3426,completed,659.91,0,237,,,,,,68.22,2026-09-05T13:58:01Z,2026-09-17T13:44:09Z
22682,4161,completed,1019.96,7.99,229,,,,,,55.03,2026-09-03T22:48:57Z,2026-09-17T13:44:09Z
22683,2783,cancelled,199.99,7.99,221,,,,,,14.64,2026-07-27T02:08:45Z,2026-09-17T13:44:09Z
22684,2475,pending,1649.94,7.99,,,,,,,52.56,2026-08-10T21:04:40Z,2026-09-17T13:44:09Z
22685,3794,confirmed,1207.95,7.99,248,,,,,,12.82,2026-08-11T09:00:34Z,2026-09-17T13:44:09Z
22686,3025,processing,349.95,7.99,244,,,,,,82.7,2026-08-25T02:54:43Z,2026-09-17T13:44:09Z
22687,4154,routed,369.97,14.99,233,,,,,24796,68.32,2026-08-08T02:29:09Z,2026-09-17T13:44:09Z
22688,2640,completed,1349.97,7.99,248,,,,,,92.73,2026-09-07T15:48:30Z,2026-09-17T13:44:09Z
22689,3652,completed,1724.94,7.99,250,,,,,,67.38,2026-08-26T03:20:05Z,2026-09-17T13:44:09Z
22690,4195,completed,924.92,0,250,,,,,,43.59,2026-08-03T01:42:18Z,2026-09-17T13:44:09Z
22691,3289,cancelled,1178.88,7.99,239,,,,,,81.71,2026-09-10T19:20:43Z,2026-09-17T13:44:09Z
22692,3410,pending,1148.91,7.99,,,,,,,89.28,2026-08-04T02:10:07Z,2026-09-17T13:44:09Z
22693,3393,confirmed,774.93,14.99,223,,,,,,25.54,2026-08-29T02:59:06Z,2026-09-17T13:44:09Z
22694,2867,processing,830.93,0,231,,,,,23279,54.37,2026-09-14T16:16:07Z,2026-09-17T13:44:09Z
22695,2703,routed,574.99,14.99,248,,,,,25136,47.54,2026-09-09T17:41:02Z,2026-09-17T13:44:09Z
22696,2741,completed,134.97,0,234,,,,,,34.13,2026-09-11T01:36:06Z,2026-09-17T13:44:09Z
22697,3143,completed,944.91,14.99,229,,,,,,83.58,2026-08-15T15:48:30Z,2026-09-17T13:44:09Z
22698,2746,completed,1009.95,7.99,246,,,,,,42.65,2026-07-26T10:09:31Z,2026-09-17T13:44:09Z
22699,3061,cancelled,3049.9,14.99,226,,,,,,80.42,2026-08-05T17:53:54Z,2026-09-17T13:44:09Z
22700,4035,pending,2077.91,7.99,,,,,,,82.73,2026-09-06T22:28:53Z,2026-09-17T13:44:09Z
22701,2594,confirmed,959.93,0,236,,,,,22813,86.95,2026-09-01T02:47:36Z,2026-09-17T13:44:09Z
22702,2447,processing,4979.9,7.99,227,,,,,,55.66,2026-08-17T17:46:36Z,2026-09-17T13:44:09Z
22703,3645,routed,1439.95,0,244,,,,,,25.7,2026-09-12T09:33:51Z,2026-09-17T13:44:09Z
22704,4076,completed,1599.98,7.99,224,,,,,,44.95,2026-09-14T01:06:13Z,2026-09-17T13:44:09Z
22705,3440,completed,2889.93,0,222,,,,,,23.28,2026-08-04T16:45:09Z,2026-09-17T13:44:09Z
22706,2391,completed,409.95,14.99,227,,,,,,63.68,2026-07-30T01:35:56Z,2026-09-17T13:44:09Z
22707,4070,cancelled,314.95,0,227,,,,,,26.97,2026-08-06T17:17:52Z,2026-09-17T13:44:09Z
22708,2474,pending,4999.98,7.99,,,,,,26700,76.94,2026-08-18T13:29:45Z,2026-09-17T13:44:09Z
22709,2999,confirmed,1444.95,14.99,239,,,,,,42.48,2026-08-10T18:06:10Z,2026-09-17T13:44:09Z
22710,3923,processing,176.97,0,230,,,,,25061,61.26,2026-08-23T08:14:31Z,2026-09-17T13:44:09Z
22711,2676,routed,1160.87,0,247,,,,,,72.34,2026-08-16T13:44:50Z,2026-09-17T13:44:09Z
22712,2684,completed,139.96,7.99,242,,,,,,78.39,2026-08-18T06:35:19Z,2026-09-17T13:44:09Z
22713,3258,completed,464.95,0,234,,,,,,29.18,2026-08-04T19:39:47Z,2026-09-17T13:44:09Z
22714,2445,completed,1769.91,0,245,,,,,,21.69,2026-08-06T18:45:29Z,2026-09-17T13:44:09Z
22715,3736,cancelled,8804.94,14.99,223,,,,,,83.69,2026-08-12T10:20:32Z,2026-09-17T13:44:09Z
22716,2863,pending,1004.95,0,,,,,,,44.17,2026-07-30T16:25:34Z,2026-09-17T13:44:09Z
22717,3089,confirmed,419.96,7.99,231,,,,,,71.42,2026-08-19T08:19:54Z,2026-09-17T13:44:09Z
22718,3289,processing,4414.93,7.99,248,,,,,,76.83,2026-08-25T15:51:04Z,2026-09-17T13:44:09Z
22719,2261,routed,145,7.99,243,,,,,23181,37.03,2026-09-14T07:31:54Z,2026-09-17T13:44:09Z
22720,2899,completed,5199.93,7.99,222,,,,,,84.61,2026-07-27T17:45:50Z,2026-09-17T13:44:09Z
22721,2629,completed,1309.91,7.99,232,,,,,,12.14,2026-08-13T05:54:30Z,2026-09-17T13:44:09Z
22722,3788,completed,13949.9,14.99,230,,,,,,81.79,2026-09-09T20:30:38Z,2026-09-17T13:44:09Z
22723,2603,cancelled,959.93,0,228,,,,,,17.5,2026-08-23T09:14:29Z,2026-09-17T13:44:09Z
22724,2532,pending,146.97,7.99,,,,,,,30.6,2026-07-26T13:25:37Z,2026-09-17T13:44:09Z
22725,3915,confirmed,598.95,14.99,227,,,,,,25.85,2026-08-07T15:22:02Z,2026-09-17T13:44:09Z
22726,3249,processing,74.97,0,227,,,,,,60.19,2026-07-20T20:44:02Z,2026-09-17T13:44:09Z
22727,2888,routed,28.99,7.99,229,,,,,26327,87.67,2026-08-09T17:51:29Z,2026-09-17T13:44:09Z
22728,3761,completed,140.95,7.99,234,,,,,26826,38.37,2026-08-26T16:53:14Z,2026-09-17T13:44:09Z
22729,3422,completed,1029.9,7.99,229,,,,,25337,65.31,2026-07-21T03:12:21Z,2026-09-17T13:44:09Z
22730,4017,completed,2849.91,7.99,231,,,,,,13.85,2026-08-02T08:28:01Z,2026-09-17T13:44:09Z
22731,2302,cancelled,968.94,14.99,227,,,,,26919,31.07,2026-07-31T17:15:33Z,2026-09-17T13:44:09Z
22732,3008,pending,949.96,0,,,,,,,70.82,2026-07-26T18:28:36Z,2026-09-17T13:44:09Z
22733,3524,confirmed,1109.94,0,246,,,,,,86.52,2026-09-04T12:54:50Z,2026-09-17T13:44:09Z
22734,4180,processing,1369.9,0,243,,,,,,34.23,2026-08-11T21:37:06Z,2026-09-17T13:44:09Z
22735,3280,routed,247.95,0,232,,,,,,45.5,2026-07-30T07:58:28Z,2026-09-17T13:44:09Z
22736,3556,completed,633.94,7.99,236,,,,,,10.95,2026-08-23T22:33:40Z,2026-09-17T13:44:09Z
22737,3721,completed,5809.88,7.99,222,,,,,,66.99,2026-07-31T02:17:35Z,2026-09-17T13:44:09Z
22738,3136,completed,359.98,7.99,224,,,,,,60.11,2026-08-31T23:17:27Z,2026-09-17T13:44:09Z
22739,3662,cancelled,649.96,7.99,226,,,,,,52.12,2026-07-26T13:56:20Z,2026-09-17T13:44:09Z
22740,3329,pending,1697.93,7.99,,,,,,,78.21,2026-09-13T10:33:20Z,2026-09-17T13:44:09Z
22741,2360,confirmed,179.98,0,240,,,,,,39.13,2026-08-25T09:09:32Z,2026-09-17T13:44:09Z
22742,2869,processing,1349.92,0,246,,,,,,18.87,2026-08-19T17:25:47Z,2026-09-17T13:44:09Z
22743,2753,routed,379.96,7.99,245,,,,,,53.7,2026-07-27T07:59:16Z,2026-09-17T13:44:09Z
22744,2944,completed,1499.94,7.99,248,,,,,,73.97,2026-08-14T11:47:24Z,2026-09-17T13:44:09Z
22745,3388,completed,211.98,0,225,,,,,,43.86,2026-07-28T10:12:13Z,2026-09-17T13:44:09Z
22746,3389,completed,1117.93,0,250,,,,,23152,86.09,2026-09-12T10:29:50Z,2026-09-17T13:44:09Z
22747,3486,cancelled,716.93,0,227,,,,,23870,54.79,2026-09-04T20:25:00Z,2026-09-17T13:44:09Z
22748,3486,pending,459.95,14.99,,,,,,,29.09,2026-08-04T21:34:52Z,2026-09-17T13:44:09Z
22749,3591,confirmed,892.95,14.99,233,,,,,,55.71,2026-08-26T14:48:33Z,2026-09-17T13:44:09Z
22750,2704,processing,229.97,7.99,225,,,,,,39.57,2026-08-04T18:00:36Z,2026-09-17T13:44:09Z
22751,3475,routed,1199.97,7.99,234,,,,,,77.97,2026-08-05T05:59:38Z,2026-09-17T13:44:09Z
22752,2838,completed,1129.95,0,248,,,,,25671,70.81,2026-08-14T01:45:18Z,2026-09-17T13:44:09Z
22753,3621,completed,289.95,0,223,,,,,25024,85.7,2026-08-25T16:50:36Z,2026-09-17T13:44:09Z
22754,3691,completed,779.9,7.99,228,,,,,,35.95,2026-08-03T17:03:10Z,2026-09-17T13:44:09Z
22755,3303,cancelled,549.96,14.99,230,,,,,,84.89,2026-09-03T18:07:55Z,2026-09-17T13:44:09Z
22756,3709,pending,2149.95,0,,,,,,,94.07,2026-08-31T11:21:59Z,2026-09-17T13:44:09Z
22757,2709,confirmed,914.95,14.99,232,,,,,26719,56.92,2026-08-18T19:07:49Z,2026-09-17T13:44:09Z
22758,2225,processing,168.97,7.99,249,,,,,,51.27,2026-08-27T10:09:33Z,2026-09-17T13:44:09Z
22759,2793,routed,449.97,7.99,244,,,,,,11.6,2026-08-14T03:49:48Z,2026-09-17T13:44:09Z
22760,4038,completed,417.96,0,240,,,,,,22.14,2026-08-23T08:56:40Z,2026-09-17T13:44:09Z
22761,3057,completed,299.98,7.99,250,,,,,,33.24,2026-09-15T22:45:48Z,2026-09-17T13:44:09Z
22762,3096,completed,1379.91,0,233,,,,,,16.47,2026-08-11T07:50:19Z,2026-09-17T13:44:09Z
22763,2630,cancelled,1699.97,7.99,237,,,,,,70.26,2026-08-24T23:34:24Z,2026-09-17T13:44:09Z
22764,3151,pending,1009.94,7.99,,,,,,24359,67.6,2026-08-31T17:11:26Z,2026-09-17T13:44:09Z
22765,2990,confirmed,104.98,7.99,240,,,,,,57.32,2026-09-06T14:13:07Z,2026-09-17T13:44:09Z
22766,2601,processing,1129.93,7.99,247,,,,,,16.48,2026-07-25T19:41:47Z,2026-09-17T13:44:09Z
22767,4006,routed,219.97,14.99,249,,,,,26994,27.84,2026-08-11T01:57:28Z,2026-09-17T13:44:09Z
22768,3035,completed,164.97,7.99,225,,,,,23609,24.65,2026-08-28T04:53:39Z,2026-09-17T13:44:09Z
22769,3253,completed,3279.95,7.99,233,,,,,,79.34,2026-09-05T20:13:07Z,2026-09-17T13:44:09Z
22770,2289,completed,359.96,7.99,235,,,,,,42.2,2026-08-21T21:53:30Z,2026-09-17T13:44:09Z
22771,2335,cancelled,3549.94,7.99,234,,,,,,17.19,2026-09-04T05:43:03Z,2026-09-17T13:44:09Z
22772,3171,pending,259.98,0,,,,,,,13.69,2026-07-20T17:53:55Z,2026-09-17T13:44:09Z
22773,2367,confirmed,2027.89,7.99,234,,,,,,70,2026-08-06T23:28:57Z,2026-09-17T13:44:09Z
22774,4057,processing,1799.98,0,246,,,,,,63.11,2026-08-22T03:39:37Z,2026-09-17T13:44:09Z
22775,3605,routed,1179.94,7.99,226,,,,,,64.84,2026-07-22T23:13:17Z,2026-09-17T13:44:09Z
22776,3809,completed,585,0,232,,,,,,33.17,2026-08-18T08:25:14Z,2026-09-17T13:44:09Z
22777,3248,completed,2229.9,0,225,,,,,,73.25,2026-07-26T15:52:43Z,2026-09-17T13:44:09Z
22778,3924,completed,474.96,7.99,239,,,,,,59.46,2026-08-15T00:19:13Z,2026-09-17T13:44:09Z
22779,2248,cancelled,417.97,7.99,223,,,,,,27.38,2026-09-09T08:42:10Z,2026-09-17T13:44:09Z
22780,3462,pending,3829.9,0,,,,,,,71.08,2026-09-06T13:55:36Z,2026-09-17T13:44:09Z
22781,3644,confirmed,89.99,0,225,,,,,,69.23,2026-09-15T06:05:55Z,2026-09-17T13:44:09Z
22782,3802,processing,38.99,7.99,245,,,,,23245,58.61,2026-07-21T06:21:19Z,2026-09-17T13:44:09Z
22783,3113,routed,2086.91,7.99,229,,,,,,75.62,2026-08-30T09:45:39Z,2026-09-17T13:44:09Z
22784,3520,completed,2249.93,0,248,,,,,,90.98,2026-09-07T20:25:31Z,2026-09-17T13:44:09Z
22785,2598,completed,512.94,7.99,224,,,,,,55.85,2026-07-23T03:53:56Z,2026-09-17T13:44:09Z
22786,3143,completed,1769.86,0,223,,,,,,32.7,2026-08-03T22:38:43Z,2026-09-17T13:44:09Z
22787,3325,cancelled,1945.91,7.99,231,,,,,23114,11.71,2026-07-28T06:59:16Z,2026-09-17T13:44:09Z
22788,3809,pending,1588.92,0,,,,,,,81.15,2026-08-06T22:28:06Z,2026-09-17T13:44:09Z
22789,3869,confirmed,414.95,7.99,224,,,,,,87.95,2026-09-03T12:20:43Z,2026-09-17T13:44:09Z
22790,2587,processing,154.95,7.99,228,,,,,,30.94,2026-07-25T10:03:37Z,2026-09-17T13:44:09Z
22791,2527,routed,1252.93,0,237,,,,,23530,10.77,2026-09-12T19:49:19Z,2026-09-17T13:44:09Z
22792,4037,completed,549.98,7.99,222,,,,,,54.39,2026-09-16T08:17:41Z,2026-09-17T13:44:09Z
22793,2475,completed,664.91,0,228,,,,,,78.23,2026-08-28T02:28:09Z,2026-09-17T13:44:09Z
22794,2251,completed,11499.9,7.99,241,,,,,25951,70.48,2026-07-29T12:54:09Z,2026-09-17T13:44:09Z
22795,3147,cancelled,159.99,7.99,240,,,,,27106,24.89,2026-08-26T05:55:27Z,2026-09-17T13:44:09Z
22796,3373,pending,754.9,7.99,,,,,,,45.73,2026-08-30T07:35:12Z,2026-09-17T13:44:09Z
22797,3362,confirmed,379.95,0,230,,,,,,62.52,2026-09-01T19:24:17Z,2026-09-17T13:44:09Z
22798,2256,processing,1102.9,0,226,,,,,,13.81,2026-08-04T23:05:32Z,2026-09-17T13:44:09Z
22799,2847,routed,1999.89,0,238,,,,,,16.61,2026-09-08T09:25:28Z,2026-09-17T13:44:09Z
22800,3757,completed,1394.91,0,231,,,,,,86.48,2026-08-19T18:19:24Z,2026-09-17T13:44:09Z
22801,3786,completed,739.93,7.99,228,,,,,,37.41,2026-09-14T01:24:54Z,2026-09-17T13:44:09Z
22802,2838,completed,248.97,7.99,246,,,,,,25.9,2026-09-03T05:16:19Z,2026-09-17T13:44:09Z
22803,3444,cancelled,379.98,14.99,246,,,,,,54.97,2026-07-21T10:30:16Z,2026-09-17T13:44:09Z
22804,2804,pending,3099.98,14.99,,,,,,26182,23.87,2026-09-13T16:50:54Z,2026-09-17T13:44:09Z
22805,2842,confirmed,999.9,0,240,,,,,,60.95,2026-08-16T03:11:00Z,2026-09-17T13:44:09Z
22806,3705,processing,534.96,0,248,,,,,,10.19,2026-08-11T21:49:59Z,2026-09-17T13:44:09Z
22807,3135,routed,1432.89,0,236,,,,,22668,94.86,2026-09-03T01:40:49Z,2026-09-17T13:44:09Z
22808,3290,completed,59.99,0,223,,,,,,61.97,2026-08-08T02:00:31Z,2026-09-17T13:44:09Z
22809,3199,completed,299.99,14.99,222,,,,,,39.07,2026-08-20T22:05:30Z,2026-09-17T13:44:09Z
22810,2914,completed,389.97,0,221,,,,,,68.76,2026-08-17T17:31:08Z,2026-09-17T13:44:09Z
22811,3773,cancelled,3309.92,7.99,222,,,,,,36.76,2026-09-04T10:41:42Z,2026-09-17T13:44:09Z
22812,3607,pending,274.98,7.99,,,,,,,84.95,2026-08-26T14:34:47Z,2026-09-17T13:44:09Z
22813,3701,confirmed,1229.91,7.99,238,,,,,,83.63,2026-08-08T07:36:52Z,2026-09-17T13:44:09Z
22814,3210,processing,2149.95,0,233,,,,,24244,82.32,2026-08-28T08:29:38Z,2026-09-17T13:44:09Z
22815,2739,routed,38.99,7.99,237,,,,,,16.98,2026-07-27T05:30:45Z,2026-09-17T13:44:09Z
22816,2530,completed,299.98,0,232,,,,,,41.98,2026-07-25T17:00:56Z,2026-09-17T13:44:09Z
22817,2784,completed,539.97,7.99,224,,,,,,72.93,2026-09-15T11:09:56Z,2026-09-17T13:44:09Z
22818,3900,completed,1099.98,7.99,247,,,,,,40.79,2026-08-16T02:12:02Z,2026-09-17T13:44:09Z
22819,3623,cancelled,39.99,7.99,239,,,,,,32.31,2026-08-21T11:52:58Z,2026-09-17T13:44:09Z
22820,2873,pending,1961.91,14.99,,,,,,,68.15,2026-08-10T23:53:27Z,2026-09-17T13:44:09Z
22821,3687,confirmed,1561.94,7.99,224,,,,,,66.2,2026-08-01T11:29:34Z,2026-09-17T13:44:09Z
22822,4133,processing,789.91,7.99,243,,,,,25988,22.5,2026-08-17T11:58:13Z,2026-09-17T13:44:09Z
22823,2942,routed,1300,14.99,232,,,,,,69.39,2026-09-10T22:01:32Z,2026-09-17T13:44:09Z
22824,3980,completed,1629.97,7.99,240,,,,,,70.35,2026-08-24T15:37:57Z,2026-09-17T13:44:09Z
22825,3212,completed,79.98,7.99,225,,,,,24425,45.92,2026-09-06T06:20:54Z,2026-09-17T13:44:09Z
22826,2626,completed,4174.91,0,247,,,,,24460,85.9,2026-08-15T09:30:12Z,2026-09-17T13:44:09Z
22827,2733,cancelled,523.89,14.99,247,,,,,,83.63,2026-07-31T02:09:43Z,2026-09-17T13:44:09Z
22828,2304,pending,718.93,7.99,,,,,,25408,38.66,2026-09-06T01:28:21Z,2026-09-17T13:44:09Z
22829,2479,confirmed,959.96,7.99,241,,,,,,25.03,2026-08-01T05:47:15Z,2026-09-17T13:44:09Z
22830,3372,processing,2028.95,14.99,238,,,,,22837,60.46,2026-07-19T15:58:10Z,2026-09-17T13:44:09Z
22831,3686,routed,3254.95,7.99,225,,,,,,67.62,2026-08-12T21:20:57Z,2026-09-17T13:44:09Z
22832,3667,completed,1175.91,7.99,248,,,,,,32.17,2026-08-12T14:47:47Z,2026-09-17T13:44:09Z
22833,2457,completed,1179.95,14.99,247,,,,,23072,72.43,2026-08-25T04:07:06Z,2026-09-17T13:44:09Z
22834,4037,completed,3865.94,14.99,230,,,,,,46.94,2026-09-02T23:10:51Z,2026-09-17T13:44:09Z
22835,2921,cancelled,1279.93,7.99,238,,,,,,71.1,2026-07-26T12:25:47Z,2026-09-17T13:44:09Z
22836,4095,pending,679.95,7.99,,,,,,,74.05,2026-07-30T01:23:36Z,2026-09-17T13:44:09Z
22837,2223,confirmed,1849.92,7.99,238,,,,,,92.77,2026-08-11T04:46:20Z,2026-09-17T13:44:09Z
22838,3481,processing,265.95,7.99,235,,,,,22419,18.62,2026-07-30T10:03:30Z,2026-09-17T13:44:09Z
22839,3528,routed,639.93,7.99,240,,,,,,17.05,2026-07-30T04:30:23Z,2026-09-17T13:44:09Z
22840,2717,completed,5269.91,0,246,,,,,,36.41,2026-08-06T03:24:08Z,2026-09-17T13:44:09Z
22841,2619,completed,3799.9,7.99,250,,,,,,35.28,2026-07-24T01:13:44Z,2026-09-17T13:44:09Z
22842,2778,completed,639.94,7.99,232,,,,,,59.14,2026-08-20T10:22:50Z,2026-09-17T13:44:09Z
22843,3268,cancelled,59.98,14.99,235,,,,,,82.03,2026-08-18T09:05:13Z,2026-09-17T13:44:09Z
22844,2933,pending,1865.94,7.99,,,,,,27041,38.81,2026-07-26T19:35:18Z,2026-09-17T13:44:09Z
22845,3857,confirmed,4994.89,0,223,,,,,,81.5,2026-08-25T02:58:57Z,2026-09-17T13:44:09Z
22846,2320,processing,5979.87,7.99,238,,,,,,80.5,2026-08-31T21:00:55Z,2026-09-17T13:44:09Z
22847,3822,routed,769.96,0,229,,,,,,70.33,2026-08-12T08:38:49Z,2026-09-17T13:44:09Z
22848,3212,completed,269.96,14.99,233,,,,,,75.33,2026-09-11T18:32:34Z,2026-09-17T13:44:09Z
22849,2993,completed,489.96,0,243,,,,,26651,43.38,2026-08-26T06:16:10Z,2026-09-17T13:44:09Z
22850,4165,completed,534.92,0,231,,,,,,39.31,2026-08-05T07:27:55Z,2026-09-17T13:44:09Z
22851,3704,cancelled,619.94,7.99,234,,,,,,63.93,2026-09-08T14:52:14Z,2026-09-17T13:44:09Z
22852,3962,pending,1569.88,7.99,,,,,,,46.29,2026-08-14T08:01:27Z,2026-09-17T13:44:09Z
22853,3011,confirmed,1359.93,0,237,,,,,23331,61.56,2026-07-24T04:19:34Z,2026-09-17T13:44:09Z
22854,4013,processing,799.96,0,230,,,,,,42.58,2026-08-04T09:59:13Z,2026-09-17T13:44:09Z
22855,3310,routed,1884.9,7.99,233,,,,,,39.51,2026-07-31T22:35:20Z,2026-09-17T13:44:09Z
22856,3582,completed,1019.91,7.99,224,,,,,26266,40.97,2026-08-08T03:43:37Z,2026-09-17T13:44:09Z
22857,3929,completed,1304.95,14.99,222,,,,,,92.19,2026-08-12T01:49:11Z,2026-09-17T13:44:09Z
22858,3812,completed,479.94,0,250,,,,,,32.24,2026-07-25T16:45:39Z,2026-09-17T13:44:09Z
22859,3138,cancelled,909.95,7.99,234,,,,,24308,25.91,2026-08-13T19:00:38Z,2026-09-17T13:44:09Z
22860,2971,pending,9439.92,7.99,,,,,,,75.68,2026-09-04T07:14:50Z,2026-09-17T13:44:09Z
22861,3972,confirmed,574.97,0,221,,,,,,21.02,2026-08-30T18:02:22Z,2026-09-17T13:44:09Z
22862,3322,processing,153.93,0,223,,,,,24993,84.74,2026-07-24T03:43:29Z,2026-09-17T13:44:09Z
22863,3390,routed,697.93,7.99,224,,,,,,90.85,2026-08-20T10:24:47Z,2026-09-17T13:44:09Z
22864,2875,completed,335.95,0,226,,,,,,22.2,2026-09-06T06:15:32Z,2026-09-17T13:44:09Z
22865,3004,completed,1649.97,7.99,245,,,,,,49.74,2026-08-26T03:01:28Z,2026-09-17T13:44:09Z
22866,3655,completed,1599.98,0,237,,,,,,69.22,2026-08-13T19:28:10Z,2026-09-17T13:44:09Z
22867,3829,cancelled,2167.89,14.99,231,,,,,,28.29,2026-08-28T03:17:09Z,2026-09-17T13:44:09Z
22868,2917,pending,3649.89,14.99,,,,,,25767,57.87,2026-08-31T00:16:21Z,2026-09-17T13:44:09Z
22869,2818,confirmed,889.92,7.99,232,,,,,26083,11.91,2026-08-15T11:54:12Z,2026-09-17T13:44:09Z
22870,3688,processing,524.94,7.99,231,,,,,,65.98,2026-07-29T09:52:02Z,2026-09-17T13:44:09Z
22871,3429,routed,599.97,7.99,224,,,,,,87.3,2026-07-24T02:19:37Z,2026-09-17T13:44:09Z
22872,2387,completed,674.98,0,228,,,,,,80,2026-08-24T18:12:43Z,2026-09-17T13:44:09Z
22873,2683,completed,339.96,0,250,,,,,,63.25,2026-08-10T02:00:53Z,2026-09-17T13:44:09Z
22874,3011,completed,53.98,7.99,234,,,,,,16,2026-07-31T02:37:44Z,2026-09-17T13:44:09Z
22875,2700,cancelled,692.9,14.99,240,,,,,26871,25.56,2026-09-16T13:32:47Z,2026-09-17T13:44:09Z
22876,4085,pending,1790,0,,,,,,,50.41,2026-08-07T17:14:47Z,2026-09-17T13:44:09Z
22877,3196,confirmed,879.92,0,233,,,,,,15.17,2026-08-06T20:12:06Z,2026-09-17T13:44:09Z
22878,3137,processing,2706.89,0,237,,,,,23435,68.67,2026-09-01T07:20:16Z,2026-09-17T13:44:09Z
22879,3056,routed,133.96,0,233,,,,,23038,30.96,2026-07-27T17:15:56Z,2026-09-17T13:44:09Z
22880,2815,completed,8789.92,14.99,230,,,,,,58.77,2026-08-26T07:20:09Z,2026-09-17T13:44:09Z
22881,2840,completed,622.92,14.99,237,,,,,,94.51,2026-07-23T22:45:15Z,2026-09-17T13:44:09Z
22882,2529,completed,1067.89,7.99,238,,,,,,82.55,2026-08-20T05:58:34Z,2026-09-17T13:44:09Z
22883,2912,cancelled,239.97,0,250,,,,,,85.93,2026-07-23T10:43:44Z,2026-09-17T13:44:09Z
22884,3392,pending,185.95,14.99,,,,,,,30.26,2026-07-27T15:11:49Z,2026-09-17T13:44:09Z
22885,3912,confirmed,2779.89,14.99,225,,,,,,72.32,2026-07-27T20:53:33Z,2026-09-17T13:44:09Z
22886,3099,processing,1799.9,7.99,243,,,,,,89.84,2026-09-03T12:00:34Z,2026-09-17T13:44:09Z
22887,3869,routed,915.93,0,223,,,,,,94.33,2026-08-26T04:44:39Z,2026-09-17T13:44:09Z
22888,3815,completed,366.96,0,222,,,,,,58.17,2026-08-12T10:08:53Z,2026-09-17T13:44:09Z
22889,3965,completed,1299.95,14.99,233,,,,,22813,58.51,2026-07-31T02:44:58Z,2026-09-17T13:44:09Z
22890,4171,completed,704.92,0,250,,,,,,55.56,2026-08-07T03:07:08Z,2026-09-17T13:44:09Z
22891,3478,cancelled,749.96,7.99,221,,,,,26419,27.15,2026-08-10T08:23:56Z,2026-09-17T13:44:09Z
22892,3669,pending,329.97,0,,,,,,,27.08,2026-09-15T18:04:53Z,2026-09-17T13:44:09Z
22893,3036,confirmed,448.97,7.99,222,,,,,,51.82,2026-09-16T14:47:56Z,2026-09-17T13:44:09Z
22894,3064,processing,1058.94,0,239,,,,,22267,78.05,2026-09-08T09:12:25Z,2026-09-17T13:44:09Z
22895,2471,routed,1154.91,7.99,249,,,,,26484,23.05,2026-08-12T18:28:10Z,2026-09-17T13:44:09Z
22896,2600,completed,955.95,14.99,234,,,,,23138,20.97,2026-09-03T17:05:53Z,2026-09-17T13:44:09Z
22897,3971,completed,399.96,7.99,243,,,,,26489,55.12,2026-09-15T16:35:13Z,2026-09-17T13:44:09Z
22898,3435,completed,2613.95,0,233,,,,,22639,22.15,2026-08-13T00:03:10Z,2026-09-17T13:44:09Z
22899,3456,cancelled,199.99,0,250,,,,,,89.44,2026-08-07T17:19:11Z,2026-09-17T13:44:09Z
22900,2258,pending,648.96,7.99,,,,,,,13.95,2026-08-08T14:32:09Z,2026-09-17T13:44:09Z
22901,3932,confirmed,399.94,14.99,222,,,,,25537,41.25,2026-07-24T07:14:52Z,2026-09-17T13:44:09Z
22902,2532,processing,169.96,7.99,228,,,,,,85.93,2026-08-07T08:53:52Z,2026-09-17T13:44:09Z
22903,3813,routed,589.96,0,235,,,,,26370,82.74,2026-08-06T21:22:23Z,2026-09-17T13:44:09Z
22904,3581,completed,1209.92,7.99,245,,,,,,31.99,2026-08-31T01:22:06Z,2026-09-17T13:44:09Z
22905,2330,completed,1094.94,7.99,227,,,,,,44.21,2026-07-19T23:50:18Z,2026-09-17T13:44:09Z
22906,2993,completed,8769.89,7.99,241,,,,,,78.04,2026-07-20T23:59:30Z,2026-09-17T13:44:09Z
22907,3672,cancelled,3084.93,7.99,234,,,,,,93.98,2026-07-28T21:37:47Z,2026-09-17T13:44:09Z
22908,2370,pending,259.98,7.99,,,,,,25574,37.95,2026-08-20T19:32:38Z,2026-09-17T13:44:09Z
22909,3003,confirmed,409.94,7.99,225,,,,,,61.4,2026-08-10T15:39:10Z,2026-09-17T13:44:09Z
22910,2269,processing,39.98,0,230,,,,,27146,27.72,2026-09-09T11:47:02Z,2026-09-17T13:44:09Z
22911,3846,routed,2414.94,7.99,235,,,,,23141,42.72,2026-09-15T17:14:27Z,2026-09-17T13:44:09Z
22912,3315,completed,4599.93,0,229,,,,,,18.39,2026-08-27T01:25:58Z,2026-09-17T13:44:09Z
22913,3364,completed,339.96,7.99,238,,,,,,84.35,2026-09-15T12:29:35Z,2026-09-17T13:44:09Z
22914,3285,completed,7379.89,0,235,,,,,,89.96,2026-07-24T20:25:42Z,2026-09-17T13:44:09Z
22915,4202,cancelled,1469.89,7.99,232,,,,,,22.9,2026-08-06T03:36:46Z,2026-09-17T13:44:09Z
22916,3565,pending,379.92,0,,,,,,,54.72,2026-08-03T23:01:58Z,2026-09-17T13:44:09Z
22917,2513,confirmed,909.95,7.99,245,,,,,,87.74,2026-08-01T16:58:43Z,2026-09-17T13:44:09Z
22918,2822,processing,2669.88,7.99,243,,,,,,65.21,2026-07-29T13:31:45Z,2026-09-17T13:44:09Z
22919,2255,routed,469.97,7.99,248,,,,,25883,71.92,2026-08-05T21:59:58Z,2026-09-17T13:44:09Z
22920,2707,completed,1241.96,14.99,236,,,,,,62.89,2026-08-03T01:30:41Z,2026-09-17T13:44:09Z
22921,3525,completed,159.99,7.99,249,,,,,22278,60.6,2026-08-13T03:46:58Z,2026-09-17T13:44:09Z
22922,3510,completed,257.96,14.99,222,,,,,,64.3,2026-08-23T16:20:53Z,2026-09-17T13:44:09Z
22923,4199,cancelled,325.95,7.99,233,,,,,,72.7,2026-08-22T23:48:55Z,2026-09-17T13:44:09Z
22924,2468,pending,899.97,14.99,,,,,,,35.8,2026-08-14T00:09:59Z,2026-09-17T13:44:09Z
22925,3691,confirmed,958.89,7.99,242,,,,,,78.15,2026-08-21T07:40:03Z,2026-09-17T13:44:09Z
22926,3825,processing,299.95,7.99,244,,,,,,38.8,2026-08-16T01:51:06Z,2026-09-17T13:44:09Z
22927,4019,routed,49.99,0,237,,,,,22694,26.3,2026-08-25T07:19:19Z,2026-09-17T13:44:09Z
22928,2554,completed,74.97,7.99,240,,,,,,54.64,2026-09-05T06:38:02Z,2026-09-17T13:44:09Z
22929,4163,completed,48.99,14.99,223,,,,,,83.16,2026-09-16T05:55:07Z,2026-09-17T13:44:09Z
22930,2501,completed,1699.94,0,228,,,,,,15.8,2026-07-25T08:46:05Z,2026-09-17T13:44:09Z
22931,2877,cancelled,184.97,7.99,250,,,,,22907,86.53,2026-09-02T15:56:41Z,2026-09-17T13:44:09Z
22932,3330,pending,449.99,0,,,,,,22745,64.07,2026-08-15T17:31:56Z,2026-09-17T13:44:09Z
22933,3220,confirmed,519.95,0,232,,,,,,67.88,2026-08-22T23:28:30Z,2026-09-17T13:44:09Z
22934,3730,processing,1175.92,14.99,231,,,,,,48.77,2026-08-11T04:20:56Z,2026-09-17T13:44:09Z
22935,3620,routed,1124.93,7.99,232,,,,,26312,89.65,2026-08-20T23:36:52Z,2026-09-17T13:44:09Z
22936,2228,completed,674.89,14.99,225,,,,,23874,59.62,2026-08-16T11:34:17Z,2026-09-17T13:44:09Z
22937,4022,completed,569.94,7.99,248,,,,,,85.43,2026-08-21T02:59:04Z,2026-09-17T13:44:09Z
22938,2927,completed,12719.9,7.99,233,,,,,,94.7,2026-09-04T01:06:52Z,2026-09-17T13:44:09Z
22939,3353,cancelled,139.98,0,248,,,,,,34.23,2026-09-02T03:27:06Z,2026-09-17T13:44:09Z
22940,3016,pending,609.95,0,,,,,,,18.51,2026-09-14T07:11:54Z,2026-09-17T13:44:09Z
22941,4116,confirmed,1279.92,7.99,235,,,,,,81.54,2026-09-13T07:16:45Z,2026-09-17T13:44:09Z
22942,3767,processing,1077.92,0,230,,,,,,16.09,2026-07-20T14:48:28Z,2026-09-17T13:44:09Z
22943,4009,routed,689.97,0,233,,,,,,14.7,2026-08-08T06:57:45Z,2026-09-17T13:44:09Z
22944,2964,completed,3359.95,0,247,,,,,24429,41.74,2026-08-02T13:32:17Z,2026-09-17T13:44:09Z
22945,3620,completed,699.98,0,250,,,,,24752,56.27,2026-08-21T12:32:46Z,2026-09-17T13:44:09Z
22946,3236,completed,539.96,0,225,,,,,,41.55,2026-09-07T17:35:07Z,2026-09-17T13:44:09Z
22947,4022,cancelled,2143.95,14.99,222,,,,,,88.81,2026-08-03T21:20:12Z,2026-09-17T13:44:09Z
22948,2627,pending,964.93,7.99,,,,,,,84.91,2026-09-08T14:27:02Z,2026-09-17T13:44:09Z
22949,2524,confirmed,2589.91,7.99,242,,,,,,44.59,2026-08-25T19:41:49Z,2026-09-17T13:44:09Z
22950,2703,processing,294.97,14.99,240,,,,,,32.48,2026-08-02T04:55:04Z,2026-09-17T13:44:09Z
22951,3172,routed,543.95,7.99,229,,,,,24934,42.63,2026-09-15T01:25:26Z,2026-09-17T13:44:09Z
22952,2466,completed,439.96,14.99,222,,,,,,15.48,2026-09-09T18:51:11Z,2026-09-17T13:44:09Z
22953,4064,completed,1294.87,7.99,248,,,,,,87.18,2026-08-13T08:15:23Z,2026-09-17T13:44:09Z
22954,2657,completed,1339.91,7.99,221,,,,,,83.02,2026-08-19T20:02:19Z,2026-09-17T13:44:09Z
22955,2690,cancelled,2839.92,7.99,228,,,,,,22.27,2026-08-16T12:35:40Z,2026-09-17T13:44:09Z
22956,3183,pending,1071.89,7.99,,,,,,,71.55,2026-08-04T02:52:27Z,2026-09-17T13:44:09Z
22957,3268,confirmed,1172.91,7.99,242,,,,,24603,13.94,2026-08-19T08:43:49Z,2026-09-17T13:44:09Z
22958,4057,processing,1169.96,14.99,223,,,,,,61.09,2026-09-02T18:37:31Z,2026-09-17T13:44:09Z
22959,3425,routed,145.98,7.99,237,,,,,24985,49.48,2026-09-11T23:37:37Z,2026-09-17T13:44:09Z
22960,3870,completed,1619.92,14.99,225,,,,,,89.04,2026-07-27T05:27:49Z,2026-09-17T13:44:09Z
22961,3494,completed,59.99,7.99,222,,,,,22741,11.45,2026-08-28T14:56:59Z,2026-09-17T13:44:09Z
22962,2521,completed,684.95,7.99,248,,,,,,25,2026-07-25T09:47:16Z,2026-09-17T13:44:09Z
22963,2330,cancelled,136.97,14.99,233,,,,,25380,81.53,2026-07-24T02:10:38Z,2026-09-17T13:44:09Z
22964,2549,pending,1859.9,0,,,,,,,76.61,2026-07-22T18:22:31Z,2026-09-17T13:44:09Z
22965,2364,confirmed,502.92,7.99,241,,,,,,77.05,2026-07-20T01:41:35Z,2026-09-17T13:44:09Z
22966,2565,processing,1399.95,7.99,243,,,,,,40.6,2026-08-14T16:44:55Z,2026-09-17T13:44:09Z
22967,3591,routed,1589.9,14.99,235,,,,,,52.1,2026-08-01T16:25:12Z,2026-09-17T13:44:09Z
22968,4159,completed,449.93,7.99,225,,,,,,41.98,2026-08-23T19:07:35Z,2026-09-17T13:44:09Z
22969,4100,completed,429.91,7.99,226,,,,,,85.71,2026-09-04T02:29:33Z,2026-09-17T13:44:09Z
22970,3983,completed,509.97,0,242,,,,,,88.14,2026-08-11T11:44:08Z,2026-09-17T13:44:09Z
22971,3049,cancelled,1199.96,7.99,245,,,,,26333,28.16,2026-09-16T20:00:53Z,2026-09-17T13:44:09Z
22972,3278,pending,324.97,0,,,,,,22856,27.66,2026-09-01T09:49:04Z,2026-09-17T13:44:09Z
22973,3799,confirmed,69.98,7.99,249,,,,,25090,67.36,2026-07-29T07:02:17Z,2026-09-17T13:44:09Z
22974,3958,processing,1106.9,7.99,225,,,,,,28.71,2026-08-06T19:56:57Z,2026-09-17T13:44:09Z
22975,2767,routed,755.94,7.99,246,,,,,,57.17,2026-07-28T10:01:42Z,2026-09-17T13:44:09Z
22976,2756,completed,899.99,7.99,235,,,,,,51.34,2026-08-13T05:27:50Z,2026-09-17T13:44:09Z
22977,2778,completed,218.96,7.99,241,,,,,,61.07,2026-08-24T21:33:10Z,2026-09-17T13:44:09Z
22978,2407,completed,6046.9,14.99,227,,,,,25474,93.11,2026-08-23T19:58:17Z,2026-09-17T13:44:09Z
22979,3081,cancelled,77.98,0,225,,,,,,58.59,2026-09-10T09:05:30Z,2026-09-17T13:44:09Z
22980,4220,pending,1754.93,0,,,,,,,30.43,2026-08-19T08:47:05Z,2026-09-17T13:44:09Z
22981,3496,confirmed,779.97,14.99,227,,,,,,17.21,2026-09-14T12:23:30Z,2026-09-17T13:44:09Z
22982,2884,processing,44.99,0,250,,,,,,69.49,2026-09-11T11:23:37Z,2026-09-17T13:44:09Z
22983,2745,routed,74.97,7.99,247,,,,,26071,56.63,2026-08-11T21:13:45Z,2026-09-17T13:44:09Z
22984,2616,completed,1152.93,14.99,234,,,,,23372,76.86,2026-08-20T20:26:45Z,2026-09-17T13:44:09Z
22985,3627,completed,361.93,7.99,226,,,,,24459,51.53,2026-07-29T02:43:19Z,2026-09-17T13:44:09Z
22986,3194,completed,1036.93,0,242,,,,,25673,58.76,2026-07-23T04:07:19Z,2026-09-17T13:44:09Z
22987,2979,cancelled,574.99,14.99,242,,,,,,49.29,2026-09-01T20:05:34Z,2026-09-17T13:44:09Z
22988,4111,pending,299.99,14.99,,,,,,,35.3,2026-08-04T13:14:25Z,2026-09-17T13:44:09Z
22989,3030,confirmed,389.97,7.99,227,,,,,22361,19.1,2026-09-14T00:39:25Z,2026-09-17T13:44:09Z
22990,2558,processing,554.97,7.99,223,,,,,,73.64,2026-07-25T07:14:01Z,2026-09-17T13:44:09Z
22991,3598,routed,1024.94,0,239,,,,,,36.54,2026-09-16T07:20:58Z,2026-09-17T13:44:09Z
22992,3039,completed,3407.88,7.99,236,,,,,22807,37.52,2026-08-06T21:57:25Z,2026-09-17T13:44:09Z
22993,4139,completed,269.97,0,230,,,,,,32.31,2026-08-08T07:32:35Z,2026-09-17T13:44:09Z
22994,3952,completed,601.92,0,223,,,,,,71.24,2026-09-16T03:51:17Z,2026-09-17T13:44:09Z
22995,2297,cancelled,949.95,0,246,,,,,25875,31.02,2026-08-29T11:00:03Z,2026-09-17T13:44:09Z
22996,3858,pending,429.97,14.99,,,,,,25516,51.8,2026-07-20T05:10:32Z,2026-09-17T13:44:09Z
22997,3231,confirmed,505.93,7.99,234,,,,,,81.61,2026-08-06T17:41:10Z,2026-09-17T13:44:09Z
22998,3333,processing,599.97,7.99,229,,,,,26433,66.69,2026-07-25T01:15:59Z,2026-09-17T13:44:09Z
22999,3570,routed,2219.96,7.99,239,,,,,,70.06,2026-08-10T08:44:09Z,2026-09-17T13:44:09Z
23000,3563,completed,3039.93,14.99,221,,,,,,33.44,2026-09-15T04:23:57Z,2026-09-17T13:44:09Z
23001,2869,completed,739.95,7.99,227,,,,,,50.35,2026-08-10T10:45:12Z,2026-09-17T13:44:09Z
23002,4062,completed,515.88,7.99,249,,,,,,36.15,2026-07-22T20:17:55Z,2026-09-17T13:44:09Z
23003,2509,cancelled,989.94,0,248,,,,,25277,15.57,2026-08-31T23:03:27Z,2026-09-17T13:44:09Z
23004,3037,pending,149.97,7.99,,,,,,26448,81.4,2026-08-03T06:51:30Z,2026-09-17T13:44:09Z
23005,2633,confirmed,4499.97,0,225,,,,,,47.38,2026-08-26T04:40:56Z,2026-09-17T13:44:09Z
23006,2983,processing,334.96,7.99,244,,,,,24881,13.93,2026-09-09T06:47:03Z,2026-09-17T13:44:09Z
23007,3891,routed,239.96,0,234,,,,,,54.02,2026-09-08T02:06:34Z,2026-09-17T13:44:09Z
23008,2300,completed,1099.98,7.99,246,,,,,25199,74.86,2026-07-27T13:42:06Z,2026-09-17T13:44:09Z
23009,3816,completed,944.93,0,248,,,,,25188,13.76,2026-08-13T21:25:24Z,2026-09-17T13:44:09Z
23010,2366,completed,459.96,7.99,246,,,,,25102,78.04,2026-09-08T18:20:54Z,2026-09-17T13:44:09Z
23011,3920,cancelled,359.97,0,238,,,,,25748,30.09,2026-08-23T11:16:30Z,2026-09-17T13:44:09Z
23012,3705,pending,1776.9,7.99,,,,,,,74.21,2026-07-21T15:39:06Z,2026-09-17T13:44:09Z
23013,3213,confirmed,1333.9,14.99,238,,,,,,28.43,2026-08-28T12:54:58Z,2026-09-17T13:44:09Z
23014,2916,processing,1934.9,0,246,,,,,,84.08,2026-09-05T11:03:02Z,2026-09-17T13:44:09Z
23015,3254,routed,149.97,14.99,226,,,,,,40.95,2026-08-27T14:12:18Z,2026-09-17T13:44:09Z
23016,3066,completed,399.93,7.99,230,,,,,,26.81,2026-09-06T19:52:51Z,2026-09-17T13:44:09Z
23017,3972,completed,1019.94,7.99,231,,,,,26581,60.01,2026-07-26T22:17:11Z,2026-09-17T13:44:09Z
23018,3052,completed,879.96,7.99,222,,,,,,59.93,2026-08-23T14:28:17Z,2026-09-17T13:44:09Z
23019,3168,cancelled,1314.99,0,223,,,,,25418,40.26,2026-08-19T01:25:21Z,2026-09-17T13:44:09Z
23020,3107,pending,614.93,14.99,,,,,,23240,49.71,2026-07-29T14:44:55Z,2026-09-17T13:44:09Z
23021,2592,confirmed,2789.96,0,233,,,,,,37.39,2026-08-23T06:51:23Z,2026-09-17T13:44:09Z
23022,3685,processing,1189.9,0,242,,,,,26120,56.82,2026-08-21T22:30:31Z,2026-09-17T13:44:09Z
23023,3734,routed,1059.96,0,246,,,,,,43.68,2026-07-20T23:23:01Z,2026-09-17T13:44:09Z
23024,3648,completed,97.98,7.99,239,,,,,,57.78,2026-08-25T15:19:14Z,2026-09-17T13:44:09Z
23025,2822,completed,99.98,0,242,,,,,23706,57.72,2026-07-26T05:02:33Z,2026-09-17T13:44:09Z
23026,2635,completed,1799.88,14.99,225,,,,,,60.41,2026-08-25T18:13:08Z,2026-09-17T13:44:09Z
23027,3607,cancelled,3157.95,14.99,223,,,,,22404,43.25,2026-08-05T11:22:20Z,2026-09-17T13:44:09Z
23028,4100,pending,5009.94,14.99,,,,,,,28.02,2026-07-30T00:46:20Z,2026-09-17T13:44:09Z
23029,3645,confirmed,2409.93,14.99,227,,,,,27095,69.99,2026-08-21T04:48:57Z,2026-09-17T13:44:09Z
23030,2774,processing,1279.94,7.99,234,,,,,23045,50.69,2026-07-29T22:52:39Z,2026-09-17T13:44:09Z
23031,2943,routed,1344.92,14.99,234,,,,,26872,63.82,2026-09-04T04:23:54Z,2026-09-17T13:44:09Z
23032,3666,completed,1614.9,0,238,,,,,24687,29.69,2026-07-24T20:35:56Z,2026-09-17T13:44:09Z
23033,3506,completed,359.97,0,226,,,,,,94.81,2026-08-21T07:02:23Z,2026-09-17T13:44:09Z
23034,3361,completed,2144.96,0,227,,,,,,41.93,2026-08-25T15:09:41Z,2026-09-17T13:44:09Z
23035,3363,cancelled,49.99,0,221,,,,,,90.58,2026-09-06T18:13:58Z,2026-09-17T13:44:09Z
23036,2266,pending,2159.89,14.99,,,,,,24483,37.76,2026-09-02T12:15:16Z,2026-09-17T13:44:09Z
23037,3094,confirmed,389.97,14.99,222,,,,,,12.64,2026-08-29T10:17:51Z,2026-09-17T13:44:09Z
23038,3475,processing,354.98,7.99,228,,,,,24212,35.91,2026-09-01T02:02:55Z,2026-09-17T13:44:09Z
23039,3761,routed,1739.94,7.99,226,,,,,25166,73.5,2026-08-21T17:46:56Z,2026-09-17T13:44:09Z
23040,2524,completed,3614.94,0,239,,,,,,80.13,2026-08-07T00:12:21Z,2026-09-17T13:44:09Z
23041,2664,completed,458.97,7.99,243,,,,,26111,83.21,2026-07-25T05:16:36Z,2026-09-17T13:44:09Z
23042,2493,completed,3809.86,14.99,238,,,,,23455,60.17,2026-09-07T04:28:42Z,2026-09-17T13:44:09Z
23043,2726,cancelled,209.97,0,224,,,,,,27.19,2026-08-02T17:57:01Z,2026-09-17T13:44:09Z
23044,2495,pending,3489.92,7.99,,,,,,,40.84,2026-09-08T05:45:59Z,2026-09-17T13:44:09Z
23045,3423,confirmed,168.97,14.99,232,,,,,,51.18,2026-09-17T01:09:47Z,2026-09-17T13:44:09Z
23046,3617,processing,2993.9,7.99,225,,,,,,55.57,2026-07-27T18:11:41Z,2026-09-17T13:44:09Z
23047,4080,routed,624.97,7.99,233,,,,,,38.77,2026-08-21T10:15:50Z,2026-09-17T13:44:09Z
23048,3279,completed,1599.91,0,240,,,,,,59.12,2026-08-14T13:50:33Z,2026-09-17T13:44:09Z
23049,3452,completed,179.98,0,222,,,,,,84.28,2026-09-08T10:34:59Z,2026-09-17T13:44:09Z
23050,4218,completed,196.95,7.99,241,,,,,,92.01,2026-09-03T11:48:30Z,2026-09-17T13:44:09Z
23051,3936,cancelled,14758.92,7.99,234,,,,,,28.01,2026-09-11T16:11:48Z,2026-09-17T13:44:09Z
23052,3326,pending,349.94,14.99,,,,,,,47.46,2026-09-02T02:33:25Z,2026-09-17T13:44:09Z
23053,4010,confirmed,319.98,7.99,239,,,,,,35.43,2026-09-16T04:22:16Z,2026-09-17T13:44:09Z
23054,2343,processing,629.94,7.99,231,,,,,,77.99,2026-08-31T08:46:08Z,2026-09-17T13:44:09Z
23055,2449,routed,1272.96,7.99,236,,,,,22600,54.75,2026-08-25T17:59:45Z,2026-09-17T13:44:09Z
23056,2298,completed,619.96,0,244,,,,,,56.29,2026-08-15T03:51:03Z,2026-09-17T13:44:09Z
23057,2241,completed,99.98,0,241,,,,,22488,13.91,2026-09-02T12:37:34Z,2026-09-17T13:44:09Z
23058,3855,completed,292.95,0,225,,,,,,67.51,2026-08-29T06:49:41Z,2026-09-17T13:44:09Z
23059,3996,cancelled,1755.95,7.99,231,,,,,,80.24,2026-09-06T05:04:18Z,2026-09-17T13:44:09Z
23060,4179,pending,1009.94,7.99,,,,,,,88.44,2026-08-23T06:15:45Z,2026-09-17T13:44:09Z
23061,2437,confirmed,399.98,14.99,225,,,,,25129,17.16,2026-09-10T00:34:36Z,2026-09-17T13:44:09Z
23062,4076,processing,4974.91,0,245,,,,,,23.4,2026-08-19T04:06:43Z,2026-09-17T13:44:09Z
23063,2776,routed,464.94,7.99,234,,,,,,44.68,2026-08-28T21:50:39Z,2026-09-17T13:44:09Z
23064,3211,completed,339.98,7.99,235,,,,,,67.45,2026-08-20T18:57:02Z,2026-09-17T13:44:09Z
23065,3053,completed,1189.93,0,237,,,,,,68.86,2026-09-14T11:36:31Z,2026-09-17T13:44:09Z
23066,3172,completed,996.9,7.99,222,,,,,,47.97,2026-08-16T10:43:54Z,2026-09-17T13:44:09Z
23067,2803,cancelled,69.99,7.99,242,,,,,,65.41,2026-08-10T01:40:28Z,2026-09-17T13:44:09Z
23068,3509,pending,3814.91,7.99,,,,,,23218,22.01,2026-08-19T12:52:25Z,2026-09-17T13:44:09Z
23069,3755,confirmed,119.98,0,241,,,,,26108,30.15,2026-08-29T12:46:17Z,2026-09-17T13:44:09Z
23070,2773,processing,769.93,0,239,,,,,26349,63.41,2026-08-29T18:15:33Z,2026-09-17T13:44:09Z
23071,4183,routed,432.96,0,241,,,,,,67.85,2026-07-30T21:10:31Z,2026-09-17T13:44:09Z
23072,2227,completed,899.98,14.99,240,,,,,,92.26,2026-08-12T20:30:26Z,2026-09-17T13:44:09Z
23073,3644,completed,559.98,7.99,229,,,,,,94.82,2026-07-19T17:23:24Z,2026-09-17T13:44:09Z
23074,2454,completed,64.99,7.99,245,,,,,,28.75,2026-08-05T15:35:26Z,2026-09-17T13:44:09Z
23075,3648,cancelled,1399.98,0,229,,,,,,54.46,2026-08-18T17:53:37Z,2026-09-17T13:44:09Z
23076,2987,pending,209.97,14.99,,,,,,,15.95,2026-07-23T07:59:40Z,2026-09-17T13:44:09Z
23077,3983,confirmed,669.94,7.99,239,,,,,,32.65,2026-09-07T11:01:55Z,2026-09-17T13:44:09Z
23078,3570,processing,599.97,7.99,230,,,,,,16.48,2026-07-31T19:16:50Z,2026-09-17T13:44:09Z
23079,3348,routed,5394.91,7.99,242,,,,,,25.16,2026-07-31T22:45:43Z,2026-09-17T13:44:09Z
23080,2324,completed,3849.9,0,231,,,,,,41.6,2026-08-13T09:45:25Z,2026-09-17T13:44:09Z
23081,3473,completed,729.93,0,232,,,,,25107,16.09,2026-08-28T14:06:21Z,2026-09-17T13:44:09Z
23082,3602,completed,89.97,7.99,245,,,,,,94.57,2026-08-10T15:44:39Z,2026-09-17T13:44:09Z
23083,3300,cancelled,2979.93,7.99,241,,,,,25520,26.77,2026-07-25T12:59:08Z,2026-09-17T13:44:09Z
23084,3845,pending,419.97,7.99,,,,,,,57.11,2026-08-21T12:36:32Z,2026-09-17T13:44:09Z
23085,3764,confirmed,699.96,14.99,237,,,,,22974,83.78,2026-08-23T03:12:25Z,2026-09-17T13:44:09Z
23086,3763,processing,179.97,14.99,239,,,,,24048,81.86,2026-09-02T08:23:54Z,2026-09-17T13:44:09Z
23087,2892,routed,319.98,7.99,243,,,,,,13.24,2026-07-31T14:43:41Z,2026-09-17T13:44:09Z
23088,3354,completed,499.97,0,230,,,,,,21.62,2026-08-11T06:43:00Z,2026-09-17T13:44:09Z
23089,3211,completed,584.93,0,238,,,,,,92.5,2026-08-22T22:33:45Z,2026-09-17T13:44:09Z
23090,4102,completed,1029.94,0,235,,,,,,68.99,2026-08-24T01:18:00Z,2026-09-17T13:44:09Z
23091,2953,cancelled,1934.92,0,228,,,,,,85.5,2026-07-25T12:07:30Z,2026-09-17T13:44:09Z
23092,2257,pending,69.98,7.99,,,,,,,92.88,2026-07-25T08:19:06Z,2026-09-17T13:44:09Z
23093,4124,confirmed,719.94,7.99,234,,,,,,22.89,2026-07-20T00:27:08Z,2026-09-17T13:44:09Z
23094,3343,processing,146.97,0,227,,,,,,34.79,2026-07-20T11:11:43Z,2026-09-17T13:44:09Z
23095,3708,routed,2089.99,0,233,,,,,,70.21,2026-08-03T17:50:59Z,2026-09-17T13:44:09Z
23096,2842,completed,2129.9,0,223,,,,,,73.34,2026-08-28T00:37:13Z,2026-09-17T13:44:09Z
23097,2841,completed,1346.89,0,231,,,,,,24.38,2026-08-21T18:51:58Z,2026-09-17T13:44:09Z
23098,2752,completed,739.96,7.99,249,,,,,,87.37,2026-09-08T22:17:21Z,2026-09-17T13:44:09Z
23099,3089,cancelled,1419.88,7.99,235,,,,,,88.9,2026-07-19T17:32:23Z,2026-09-17T13:44:09Z
23100,3297,pending,1744.96,7.99,,,,,,,52.89,2026-08-11T10:20:42Z,2026-09-17T13:44:09Z
23101,3151,confirmed,209.97,7.99,243,,,,,22340,48.29,2026-08-13T05:44:36Z,2026-09-17T13:44:09Z
23102,3896,processing,1823.89,14.99,236,,,,,24659,81.88,2026-08-18T07:40:34Z,2026-09-17T13:44:09Z
23103,2559,routed,59.98,7.99,245,,,,,22936,73.05,2026-07-20T06:24:45Z,2026-09-17T13:44:09Z
23104,3874,completed,1936.92,14.99,233,,,,,,39.78,2026-09-10T04:17:07Z,2026-09-17T13:44:09Z
23105,3245,completed,879.94,0,237,,,,,,28.04,2026-07-29T16:55:47Z,2026-09-17T13:44:09Z
23106,3005,completed,450,7.99,224,,,,,,41.73,2026-09-04T13:36:55Z,2026-09-17T13:44:09Z
23107,3222,cancelled,49.99,7.99,223,,,,,,48.99,2026-08-28T17:44:08Z,2026-09-17T13:44:09Z
23108,2556,pending,3914.94,7.99,,,,,,,26.67,2026-09-01T07:14:34Z,2026-09-17T13:44:09Z
23109,3935,confirmed,99.99,14.99,246,,,,,25079,26.71,2026-08-15T02:01:00Z,2026-09-17T13:44:09Z
23110,2960,processing,539.97,7.99,224,,,,,23684,63.59,2026-08-02T20:35:00Z,2026-09-17T13:44:09Z
23111,3655,routed,514.95,7.99,242,,,,,,64.51,2026-08-15T18:27:27Z,2026-09-17T13:44:09Z
23112,3519,completed,1149.93,7.99,245,,,,,,49.56,2026-08-19T05:53:19Z,2026-09-17T13:44:09Z
23113,3436,completed,450,7.99,229,,,,,,25.51,2026-08-19T18:14:59Z,2026-09-17T13:44:09Z
23114,4101,completed,939.93,0,234,,,,,22337,52.9,2026-08-20T23:53:02Z,2026-09-17T13:44:09Z
23115,3167,cancelled,869.95,14.99,241,,,,,,92.97,2026-09-08T09:07:49Z,2026-09-17T13:44:09Z
23116,2524,pending,2826.93,7.99,,,,,,,77.97,2026-08-24T01:00:19Z,2026-09-17T13:44:09Z
23117,2408,confirmed,21.99,0,242,,,,,26528,79.19,2026-08-10T09:53:28Z,2026-09-17T13:44:09Z
23118,3829,processing,954.94,7.99,223,,,,,,79.51,2026-07-26T22:33:11Z,2026-09-17T13:44:09Z
23119,3406,routed,1784.93,7.99,223,,,,,25873,75.62,2026-08-05T03:05:46Z,2026-09-17T13:44:09Z
23120,4212,completed,226.95,14.99,229,,,,,,24.97,2026-07-31T05:53:47Z,2026-09-17T13:44:09Z
23121,4162,completed,1679.89,7.99,244,,,,,24967,64.09,2026-09-13T22:38:09Z,2026-09-17T13:44:09Z
23122,4051,completed,966.88,0,238,,,,,26890,49.55,2026-08-29T01:49:20Z,2026-09-17T13:44:09Z
23123,3017,cancelled,779.9,7.99,250,,,,,,66.82,2026-08-24T07:14:37Z,2026-09-17T13:44:09Z
23124,2695,pending,1984.9,14.99,,,,,,,16.69,2026-09-10T23:52:06Z,2026-09-17T13:44:09Z
23125,2566,confirmed,1079.91,14.99,229,,,,,,72.62,2026-08-12T20:58:46Z,2026-09-17T13:44:09Z
23126,3656,processing,169.96,7.99,229,,,,,24267,57.82,2026-08-23T21:53:07Z,2026-09-17T13:44:09Z
23127,2825,routed,1784.95,7.99,233,,,,,,52.44,2026-07-29T14:59:09Z,2026-09-17T13:44:09Z
23128,3309,completed,1919.93,7.99,243,,,,,,92.43,2026-08-24T03:55:55Z,2026-09-17T13:44:09Z
23129,2560,completed,24.99,7.99,240,,,,,,52.78,2026-08-25T20:50:23Z,2026-09-17T13:44:09Z
23130,4154,completed,12949.88,0,226,,,,,26553,64.81,2026-08-09T21:03:17Z,2026-09-17T13:44:09Z
23131,3462,cancelled,2022.93,7.99,230,,,,,,35.19,2026-07-27T18:27:10Z,2026-09-17T13:44:09Z
23132,2464,pending,49.99,14.99,,,,,,,94.6,2026-08-26T13:34:13Z,2026-09-17T13:44:09Z
23133,2953,confirmed,297.97,0,250,,,,,,58.25,2026-09-08T14:22:21Z,2026-09-17T13:44:09Z
23134,2347,processing,2863.9,7.99,226,,,,,26990,36.44,2026-07-25T02:33:11Z,2026-09-17T13:44:09Z
23135,2317,routed,479.91,0,231,,,,,,84.55,2026-08-30T10:16:55Z,2026-09-17T13:44:09Z
23136,3504,completed,1189.92,7.99,223,,,,,26433,90.24,2026-08-16T12:13:57Z,2026-09-17T13:44:09Z
23137,3280,completed,179.98,14.99,245,,,,,,10.1,2026-08-02T10:57:24Z,2026-09-17T13:44:09Z
23138,3695,completed,501.91,0,250,,,,,,84.43,2026-08-02T22:29:23Z,2026-09-17T13:44:09Z
23139,2273,cancelled,234.95,0,243,,,,,,70.38,2026-09-12T04:09:47Z,2026-09-17T13:44:09Z
23140,2274,pending,2194.92,7.99,,,,,,,26.13,2026-09-09T11:47:38Z,2026-09-17T13:44:09Z
23141,3105,confirmed,886.88,7.99,244,,,,,,81.97,2026-09-05T06:24:15Z,2026-09-17T13:44:09Z
23142,4114,processing,54.99,14.99,238,,,,,,40.1,2026-09-11T03:57:29Z,2026-09-17T13:44:09Z
23143,3637,routed,97.98,0,240,,,,,25262,27.2,2026-08-21T09:39:42Z,2026-09-17T13:44:09Z
23144,2603,completed,1899.9,0,249,,,,,25102,66.88,2026-08-12T04:54:57Z,2026-09-17T13:44:09Z
23145,3127,completed,249.99,7.99,248,,,,,26288,56.61,2026-07-30T05:17:45Z,2026-09-17T13:44:09Z
23146,2337,completed,1829.92,0,245,,,,,,59.92,2026-08-07T21:22:37Z,2026-09-17T13:44:09Z
23147,3358,cancelled,1009.97,7.99,223,,,,,22786,43.91,2026-09-01T07:26:39Z,2026-09-17T13:44:09Z
23148,2806,pending,1044.95,7.99,,,,,,22395,40.77,2026-08-12T00:36:22Z,2026-09-17T13:44:09Z
23149,3003,confirmed,8578.94,0,237,,,,,22358,71.03,2026-09-08T05:35:49Z,2026-09-17T13:44:09Z
23150,3622,processing,1314.89,7.99,235,,,,,,78.5,2026-09-01T06:35:32Z,2026-09-17T13:44:09Z
23151,3333,routed,1208.95,7.99,247,,,,,23084,64.69,2026-09-01T08:33:36Z,2026-09-17T13:44:09Z
23152,2615,completed,269.97,7.99,243,,,,,,80.77,2026-07-22T19:52:34Z,2026-09-17T13:44:09Z
23153,4014,completed,949.94,7.99,228,,,,,23649,18.04,2026-09-07T02:27:57Z,2026-09-17T13:44:09Z
23154,4195,completed,1374.98,14.99,231,,,,,,60.48,2026-09-10T23:16:54Z,2026-09-17T13:44:09Z
23155,3950,cancelled,1427.91,7.99,245,,,,,,69.73,2026-08-30T23:36:39Z,2026-09-17T13:44:09Z
23156,4086,pending,439.96,7.99,,,,,,,56.25,2026-08-19T03:09:31Z,2026-09-17T13:44:09Z
23157,2901,confirmed,626.89,0,226,,,,,23932,21.9,2026-08-17T07:49:12Z,2026-09-17T13:44:09Z
23158,2719,processing,1199.97,0,226,,,,,24248,55.08,2026-07-24T19:13:41Z,2026-09-17T13:44:09Z
23159,2721,routed,749.88,14.99,225,,,,,,13.82,2026-08-19T17:53:34Z,2026-09-17T13:44:09Z
23160,3026,completed,991.88,14.99,235,,,,,26188,13.13,2026-08-09T01:06:54Z,2026-09-17T13:44:09Z
23161,2634,completed,569.94,7.99,242,,,,,,91.78,2026-08-18T10:06:50Z,2026-09-17T13:44:09Z
23162,2328,completed,895,0,241,,,,,,88.02,2026-09-07T02:49:57Z,2026-09-17T13:44:09Z
23163,3887,cancelled,1429.94,7.99,241,,,,,,61.92,2026-07-23T11:39:28Z,2026-09-17T13:44:09Z
23164,3232,pending,1004.95,14.99,,,,,,,78.54,2026-09-10T16:04:08Z,2026-09-17T13:44:09Z
23165,3519,confirmed,939.94,0,242,,,,,,43.34,2026-08-15T09:52:45Z,2026-09-17T13:44:09Z
23166,2813,processing,794.92,7.99,245,,,,,,43.67,2026-08-03T06:56:20Z,2026-09-17T13:44:09Z
23167,2452,routed,554.94,7.99,224,,,,,,36.28,2026-07-26T16:18:29Z,2026-09-17T13:44:09Z
23168,3484,completed,1672.93,0,243,,,,,23499,22.84,2026-07-24T17:22:33Z,2026-09-17T13:44:09Z
23169,3182,completed,24.99,14.99,250,,,,,,44.38,2026-08-10T16:32:45Z,2026-09-17T13:44:09Z
23170,4118,completed,2139.94,14.99,229,,,,,,35.78,2026-08-13T22:50:21Z,2026-09-17T13:44:09Z
23171,3061,cancelled,384.97,7.99,222,,,,,,88.18,2026-08-08T23:12:20Z,2026-09-17T13:44:09Z
23172,3457,pending,89.97,7.99,,,,,,,75.86,2026-09-14T21:20:43Z,2026-09-17T13:44:09Z
23173,2476,confirmed,2169.92,0,245,,,,,,34.95,2026-09-06T20:08:47Z,2026-09-17T13:44:09Z
23174,2523,processing,679.96,7.99,239,,,,,26337,54.14,2026-08-28T16:06:47Z,2026-09-17T13:44:09Z
23175,2487,routed,599.99,0,228,,,,,,80.54,2026-07-24T14:30:14Z,2026-09-17T13:44:09Z
23176,2677,completed,1814.97,14.99,235,,,,,24825,44.31,2026-07-22T11:28:47Z,2026-09-17T13:44:09Z
23177,3379,completed,99.98,14.99,222,,,,,,59.11,2026-08-16T22:21:05Z,2026-09-17T13:44:09Z
23178,2927,completed,209.97,7.99,239,,,,,,17.93,2026-09-05T18:11:19Z,2026-09-17T13:44:09Z
23179,3056,cancelled,1379.94,14.99,234,,,,,,51.16,2026-09-08T12:48:25Z,2026-09-17T13:44:09Z
23180,2501,pending,1117.93,0,,,,,,,46.99,2026-08-16T17:57:26Z,2026-09-17T13:44:09Z
23181,3404,confirmed,760.98,14.99,223,,,,,,45.52,2026-07-26T07:16:41Z,2026-09-17T13:44:09Z
23182,3540,processing,1009.94,0,227,,,,,,24.84,2026-09-12T16:09:46Z,2026-09-17T13:44:09Z
23183,3986,routed,4854.92,7.99,231,,,,,,61.59,2026-07-26T09:55:13Z,2026-09-17T13:44:09Z
23184,3133,completed,1319.88,14.99,221,,,,,26036,92.41,2026-07-19T19:31:12Z,2026-09-17T13:44:09Z
23185,2673,completed,2124.86,14.99,225,,,,,,74.8,2026-08-09T06:18:28Z,2026-09-17T13:44:09Z
23186,3601,completed,829.93,7.99,222,,,,,26429,58.32,2026-08-05T21:19:41Z,2026-09-17T13:44:09Z
23187,3433,cancelled,1082.92,14.99,221,,,,,,85.06,2026-08-18T21:35:31Z,2026-09-17T13:44:09Z
23188,4047,pending,215.94,7.99,,,,,,24998,39.45,2026-07-27T10:31:48Z,2026-09-17T13:44:09Z
23189,3691,confirmed,2599.98,7.99,232,,,,,,14.16,2026-08-14T04:28:06Z,2026-09-17T13:44:09Z
23190,3573,processing,1924.92,0,226,,,,,,44.91,2026-07-28T23:21:02Z,2026-09-17T13:44:09Z
23191,4126,routed,3329.91,7.99,230,,,,,26021,67.13,2026-07-21T11:50:12Z,2026-09-17T13:44:09Z
23192,3233,completed,179.98,0,227,,,,,,91.78,2026-08-01T08:06:21Z,2026-09-17T13:44:09Z
23193,2481,completed,242.94,7.99,233,,,,,,26.28,2026-08-02T14:59:59Z,2026-09-17T13:44:09Z
23194,3259,completed,1469.92,7.99,231,,,,,,20.95,2026-08-28T16:00:56Z,2026-09-17T13:44:09Z
23195,2856,cancelled,994.91,7.99,235,,,,,,57.5,2026-09-13T00:06:31Z,2026-09-17T13:44:09Z
23196,2914,pending,1349.97,7.99,,,,,,,21.11,2026-07-30T10:09:02Z,2026-09-17T13:44:09Z
23197,2909,confirmed,1027.94,7.99,244,,,,,,71.02,2026-08-19T12:33:46Z,2026-09-17T13:44:09Z
23198,3124,processing,430.92,0,229,,,,,,75.09,2026-09-01T21:12:57Z,2026-09-17T13:44:09Z
23199,4119,routed,371.95,0,244,,,,,24147,77.5,2026-09-11T03:22:17Z,2026-09-17T13:44:09Z
23200,3394,completed,1219.95,0,238,,,,,,59.72,2026-08-30T03:54:00Z,2026-09-17T13:44:09Z
23201,2857,completed,2049.96,7.99,247,,,,,23343,91.81,2026-08-05T11:41:14Z,2026-09-17T13:44:09Z
23202,2920,completed,779.94,7.99,225,,,,,,17.43,2026-07-27T10:57:11Z,2026-09-17T13:44:09Z
23203,3864,cancelled,8857.93,14.99,230,,,,,25022,79.31,2026-08-14T18:57:07Z,2026-09-17T13:44:09Z
23204,3362,pending,481.95,7.99,,,,,,,80.49,2026-08-07T15:31:03Z,2026-09-17T13:44:09Z
23205,2391,confirmed,509.97,14.99,233,,,,,25268,76.56,2026-09-07T16:11:59Z,2026-09-17T13:44:09Z
23206,2862,processing,293.95,14.99,244,,,,,24654,19.68,2026-09-07T17:01:10Z,2026-09-17T13:44:09Z
23207,3560,routed,399.96,14.99,246,,,,,,93.71,2026-09-12T14:52:13Z,2026-09-17T13:44:09Z
23208,2585,completed,119.99,14.99,229,,,,,,68.66,2026-07-26T00:46:36Z,2026-09-17T13:44:09Z
23209,3781,completed,819.93,7.99,250,,,,,,82.59,2026-08-21T20:15:26Z,2026-09-17T13:44:09Z
23210,2959,completed,1388.91,0,228,,,,,,10.45,2026-07-22T07:19:06Z,2026-09-17T13:44:09Z
23211,3895,cancelled,449.97,7.99,227,,,,,,11.57,2026-09-14T16:50:57Z,2026-09-17T13:44:09Z
23212,4047,pending,1764.92,14.99,,,,,,22516,44.28,2026-08-08T12:55:11Z,2026-09-17T13:44:09Z
23213,3911,confirmed,39.98,14.99,236,,,,,,27.75,2026-08-30T15:17:03Z,2026-09-17T13:44:09Z
23214,4097,processing,404.96,7.99,221,,,,,,78.26,2026-09-03T18:55:31Z,2026-09-17T13:44:09Z
23215,3967,routed,354.96,14.99,242,,,,,22607,77.82,2026-08-31T12:56:09Z,2026-09-17T13:44:09Z
23216,2880,completed,179.98,0,228,,,,,,47.96,2026-08-31T21:28:55Z,2026-09-17T13:44:09Z
23217,2622,completed,1044.91,7.99,227,,,,,,11.21,2026-09-09T05:24:10Z,2026-09-17T13:44:09Z
23218,2880,completed,862.9,7.99,222,,,,,,24.16,2026-09-07T23:44:06Z,2026-09-17T13:44:09Z
23219,2918,cancelled,2084.94,7.99,240,,,,,26333,18.94,2026-08-05T13:54:51Z,2026-09-17T13:44:09Z
23220,4182,pending,926.97,0,,,,,,,60.18,2026-08-23T12:55:07Z,2026-09-17T13:44:09Z
23221,3658,confirmed,159.98,0,240,,,,,,56.62,2026-07-25T09:27:29Z,2026-09-17T13:44:09Z
23222,4188,processing,239.97,0,240,,,,,24354,69.2,2026-07-20T13:56:58Z,2026-09-17T13:44:09Z
23223,4126,routed,2345.89,7.99,234,,,,,24520,66.44,2026-08-26T14:33:11Z,2026-09-17T13:44:09Z
23224,3966,completed,224.95,0,223,,,,,22306,78.66,2026-07-30T11:34:13Z,2026-09-17T13:44:09Z
23225,2774,completed,539.97,7.99,247,,,,,,92.06,2026-07-24T22:53:44Z,2026-09-17T13:44:09Z
23226,2547,completed,3349.87,14.99,227,,,,,,51.9,2026-09-01T12:22:24Z,2026-09-17T13:44:09Z
23227,2806,cancelled,3214.89,7.99,244,,,,,24381,81.64,2026-09-15T06:50:54Z,2026-09-17T13:44:09Z
23228,3560,pending,487.95,7.99,,,,,,,89.82,2026-08-20T05:16:57Z,2026-09-17T13:44:09Z
23229,3737,confirmed,34.99,7.99,240,,,,,,79.09,2026-07-23T01:34:03Z,2026-09-17T13:44:09Z
23230,4121,processing,269.97,14.99,237,,,,,,11.1,2026-08-13T08:26:39Z,2026-09-17T13:44:09Z
23231,4011,routed,359.98,7.99,223,,,,,22420,42.47,2026-07-21T21:26:17Z,2026-09-17T13:44:09Z
23232,3711,completed,34.99,14.99,227,,,,,,94.56,2026-08-20T20:13:21Z,2026-09-17T13:44:09Z
23233,3766,completed,539.95,7.99,225,,,,,,13.67,2026-08-07T11:45:39Z,2026-09-17T13:44:09Z
23234,2746,completed,1394.98,0,224,,,,,23740,28.63,2026-09-07T17:46:19Z,2026-09-17T13:44:09Z
23235,2660,cancelled,577.9,14.99,236,,,,,24939,26.67,2026-09-02T12:08:21Z,2026-09-17T13:44:09Z
23236,3753,pending,635.92,0,,,,,,,28.99,2026-08-24T16:47:03Z,2026-09-17T13:44:09Z
23237,3525,confirmed,479.97,7.99,238,,,,,22649,19.38,2026-07-20T06:24:23Z,2026-09-17T13:44:09Z
23238,2254,processing,729.93,7.99,238,,,,,22237,35,2026-08-16T01:17:14Z,2026-09-17T13:44:09Z
23239,3731,routed,1613.9,7.99,244,,,,,24515,67.95,2026-08-12T06:28:26Z,2026-09-17T13:44:09Z
23240,2750,completed,64.99,14.99,247,,,,,26095,34.89,2026-08-15T01:18:51Z,2026-09-17T13:44:09Z
23241,3929,completed,1999.89,7.99,232,,,,,,88.78,2026-08-30T16:51:17Z,2026-09-17T13:44:09Z
23242,3430,completed,669.93,7.99,224,,,,,,14.99,2026-09-06T11:35:33Z,2026-09-17T13:44:09Z
23243,2747,cancelled,3746.89,7.99,226,,,,,,14.16,2026-09-03T07:30:36Z,2026-09-17T13:44:09Z
23244,3800,pending,2109.88,7.99,,,,,,,92.01,2026-08-04T00:30:40Z,2026-09-17T13:44:09Z
23245,3253,confirmed,1019.96,14.99,247,,,,,26434,79.53,2026-08-24T21:52:15Z,2026-09-17T13:44:09Z
23246,3975,processing,794.91,14.99,221,,,,,,68.94,2026-07-26T21:55:15Z,2026-09-17T13:44:09Z
23247,4211,routed,1749.92,7.99,249,,,,,,71.37,2026-08-12T02:30:56Z,2026-09-17T13:44:09Z
23248,2878,completed,409.95,14.99,240,,,,,,16.02,2026-08-24T08:49:24Z,2026-09-17T13:44:09Z
23249,3515,completed,446.96,0,226,,,,,,56.47,2026-09-16T01:14:09Z,2026-09-17T13:44:09Z
23250,3275,completed,1879.93,7.99,225,,,,,,43.11,2026-07-23T21:30:03Z,2026-09-17T13:44:09Z
23251,2805,cancelled,269.97,0,248,,,,,,27.87,2026-09-05T13:22:57Z,2026-09-17T13:44:09Z
23252,4194,pending,677.95,14.99,,,,,,,27.24,2026-09-01T21:28:23Z,2026-09-17T13:44:09Z
23253,2394,confirmed,888.92,7.99,226,,,,,,58.19,2026-08-11T19:51:46Z,2026-09-17T13:44:09Z
23254,3932,processing,423.92,7.99,234,,,,,,25.43,2026-08-19T09:46:20Z,2026-09-17T13:44:09Z
23255,2609,routed,7969.87,0,235,,,,,23076,61.53,2026-08-10T01:29:03Z,2026-09-17T13:44:09Z
23256,3631,completed,697.92,0,228,,,,,22508,29.28,2026-07-30T19:01:52Z,2026-09-17T13:44:09Z
23257,4066,completed,4047.91,0,228,,,,,,44.38,2026-08-06T07:18:02Z,2026-09-17T13:44:09Z
23258,2909,completed,374.93,0,228,,,,,24235,22.36,2026-09-16T12:00:38Z,2026-09-17T13:44:09Z
23259,3302,cancelled,2279.96,7.99,237,,,,,,65.1,2026-08-25T04:48:21Z,2026-09-17T13:44:09Z
23260,2555,pending,1199.98,7.99,,,,,,22800,72.04,2026-08-23T15:28:59Z,2026-09-17T13:44:09Z
23261,3752,confirmed,619.92,14.99,227,,,,,,54.73,2026-08-23T09:27:50Z,2026-09-17T13:44:09Z
23262,3543,processing,1599.9,0,237,,,,,,25.16,2026-08-09T19:26:30Z,2026-09-17T13:44:09Z
23263,2964,routed,1579.92,7.99,226,,,,,23788,85.92,2026-08-09T17:44:19Z,2026-09-17T13:44:09Z
23264,3408,completed,4534.94,7.99,225,,,,,,80.43,2026-09-01T02:49:37Z,2026-09-17T13:44:09Z
23265,3195,completed,1058.92,7.99,246,,,,,,48.02,2026-08-30T11:51:21Z,2026-09-17T13:44:09Z
23266,2909,completed,302.92,0,243,,,,,,54.8,2026-09-03T02:58:51Z,2026-09-17T13:44:09Z
23267,2749,cancelled,45.98,0,250,,,,,,32.76,2026-08-24T23:30:55Z,2026-09-17T13:44:09Z
23268,2614,pending,164.97,0,,,,,,,19.66,2026-09-12T07:12:49Z,2026-09-17T13:44:09Z
23269,2886,confirmed,1108.96,0,221,,,,,,42.17,2026-07-29T02:52:13Z,2026-09-17T13:44:09Z
23270,2684,processing,244.96,7.99,221,,,,,,82.63,2026-08-31T06:32:50Z,2026-09-17T13:44:09Z
23271,3684,routed,675.93,7.99,234,,,,,,31.79,2026-07-29T04:47:06Z,2026-09-17T13:44:09Z
23272,4003,completed,1068.9,7.99,236,,,,,24702,37.58,2026-08-31T19:19:51Z,2026-09-17T13:44:09Z
23273,2946,completed,3192.95,7.99,241,,,,,,81.59,2026-07-26T11:23:22Z,2026-09-17T13:44:09Z
23274,2243,completed,8469.95,7.99,236,,,,,,20.04,2026-08-23T05:52:50Z,2026-09-17T13:44:09Z
23275,2687,cancelled,1251.88,7.99,248,,,,,,84.8,2026-09-14T13:43:54Z,2026-09-17T13:44:09Z
23276,2777,pending,318.98,0,,,,,,,47.58,2026-09-15T03:58:15Z,2026-09-17T13:44:09Z
23277,3857,confirmed,1098.9,7.99,221,,,,,,35.47,2026-08-10T09:59:36Z,2026-09-17T13:44:09Z
23278,2690,processing,279.97,7.99,242,,,,,,15.91,2026-09-05T09:13:45Z,2026-09-17T13:44:09Z
23279,2554,routed,10799.9,0,243,,,,,,63.63,2026-09-10T10:40:07Z,2026-09-17T13:44:09Z
23280,2344,completed,59.99,14.99,233,,,,,,36.36,2026-07-31T07:16:20Z,2026-09-17T13:44:09Z
23281,3116,completed,879.93,0,249,,,,,24237,13.46,2026-07-27T08:21:18Z,2026-09-17T13:44:09Z
23282,3636,completed,2659.91,7.99,243,,,,,26620,60.35,2026-07-21T07:29:46Z,2026-09-17T13:44:09Z
23283,4055,cancelled,339.97,14.99,238,,,,,,77.17,2026-08-01T06:56:56Z,2026-09-17T13:44:09Z
23284,3089,pending,146.97,7.99,,,,,,,15.64,2026-09-15T03:41:29Z,2026-09-17T13:44:09Z
23285,2292,confirmed,2987.91,14.99,238,,,,,,59.84,2026-08-02T21:07:32Z,2026-09-17T13:44:09Z
23286,4199,processing,1517.92,7.99,239,,,,,,60.32,2026-07-26T08:44:10Z,2026-09-17T13:44:09Z
23287,3062,routed,699.98,0,245,,,,,,79.41,2026-08-21T22:31:50Z,2026-09-17T13:44:09Z
23288,2330,completed,1161.91,7.99,248,,,,,,81.6,2026-08-26T08:47:49Z,2026-09-17T13:44:09Z
23289,4201,completed,434.96,0,227,,,,,23871,51.18,2026-08-22T14:15:45Z,2026-09-17T13:44:09Z
23290,3345,completed,323.95,7.99,246,,,,,24627,85.32,2026-08-04T07:48:34Z,2026-09-17T13:44:09Z
23291,3089,cancelled,924.93,0,250,,,,,,32.59,2026-09-10T20:22:30Z,2026-09-17T13:44:09Z
23292,4121,pending,5339.92,0,,,,,,,89.14,2026-08-05T08:46:42Z,2026-09-17T13:44:09Z
23293,4119,confirmed,1199.96,14.99,246,,,,,,57.79,2026-09-02T11:37:49Z,2026-09-17T13:44:09Z
23294,3448,processing,1624.93,7.99,247,,,,,25034,81.11,2026-09-05T19:44:08Z,2026-09-17T13:44:09Z
23295,4090,routed,989.95,0,249,,,,,,83.11,2026-09-09T08:32:04Z,2026-09-17T13:44:09Z
23296,3400,completed,1079.91,7.99,248,,,,,,91.87,2026-08-29T10:49:38Z,2026-09-17T13:44:09Z
23297,3169,completed,1258.93,14.99,249,,,,,,43.6,2026-08-24T12:25:22Z,2026-09-17T13:44:09Z
23298,2285,completed,719.96,7.99,240,,,,,,16.66,2026-08-19T05:10:01Z,2026-09-17T13:44:09Z
23299,2348,cancelled,2564.9,14.99,248,,,,,,17.72,2026-09-14T21:20:44Z,2026-09-17T13:44:09Z
23300,3581,pending,987.93,0,,,,,,23674,61.65,2026-08-22T05:02:44Z,2026-09-17T13:44:09Z
23301,3818,confirmed,644.94,0,228,,,,,23274,14.23,2026-08-05T18:58:03Z,2026-09-17T13:44:09Z
23302,2386,processing,339.95,7.99,225,,,,,,56.93,2026-07-25T18:16:48Z,2026-09-17T13:44:09Z
23303,2227,routed,599.98,7.99,242,,,,,26559,22.7,2026-08-30T20:04:16Z,2026-09-17T13:44:09Z
23304,3785,completed,637.93,14.99,240,,,,,,41.77,2026-08-19T08:04:58Z,2026-09-17T13:44:09Z
23305,3594,completed,1299.9,14.99,223,,,,,24356,70.96,2026-07-27T19:51:58Z,2026-09-17T13:44:09Z
23306,3263,completed,149.97,7.99,241,,,,,26929,33.39,2026-07-19T14:56:07Z,2026-09-17T13:44:09Z
23307,2407,cancelled,519.93,7.99,231,,,,,,81.43,2026-09-16T18:34:16Z,2026-09-17T13:44:09Z
23308,2579,pending,1561.9,0,,,,,,,38.47,2026-07-26T01:21:05Z,2026-09-17T13:44:09Z
23309,3331,confirmed,5891.96,14.99,229,,,,,22954,89.85,2026-08-09T07:37:32Z,2026-09-17T13:44:09Z
23310,3479,processing,879.92,7.99,246,,,,,,53.91,2026-08-27T20:37:24Z,2026-09-17T13:44:09Z
23311,3362,routed,79.98,7.99,234,,,,,,43.97,2026-07-22T11:30:48Z,2026-09-17T13:44:09Z
23312,3630,completed,7999.98,0,241,,,,,,29.27,2026-08-13T02:07:12Z,2026-09-17T13:44:09Z
23313,2855,completed,479.95,0,232,,,,,,52.02,2026-08-10T08:29:01Z,2026-09-17T13:44:09Z
23314,2852,completed,49.99,7.99,238,,,,,,13.77,2026-08-23T22:59:58Z,2026-09-17T13:44:09Z
23315,4115,cancelled,604.94,14.99,241,,,,,,94.53,2026-08-09T07:24:22Z,2026-09-17T13:44:09Z
23316,3000,pending,1989.89,7.99,,,,,,23721,23.01,2026-08-28T07:08:02Z,2026-09-17T13:44:09Z
23317,2586,confirmed,1899.89,14.99,246,,,,,,38.87,2026-07-29T12:04:33Z,2026-09-17T13:44:09Z
23318,3856,processing,7199.94,7.99,240,,,,,,21.61,2026-08-07T21:11:38Z,2026-09-17T13:44:09Z
23319,4110,routed,8729.92,0,246,,,,,,72.01,2026-08-01T06:53:52Z,2026-09-17T13:44:09Z
23320,3436,completed,279.96,7.99,237,,,,,,37.13,2026-08-11T10:31:56Z,2026-09-17T13:44:09Z
23321,2926,completed,2499.99,7.99,226,,,,,,80.2,2026-09-02T02:28:44Z,2026-09-17T13:44:09Z
23322,2722,completed,1289.93,7.99,229,,,,,,36.34,2026-08-12T17:13:46Z,2026-09-17T13:44:09Z
23323,3834,cancelled,539.94,14.99,228,,,,,,93.78,2026-09-04T05:03:45Z,2026-09-17T13:44:09Z
23324,3265,pending,4173.92,14.99,,,,,,,86.92,2026-07-23T22:24:40Z,2026-09-17T13:44:09Z
23325,3927,confirmed,2899.99,0,236,,,,,,46.9,2026-07-23T19:30:51Z,2026-09-17T13:44:09Z
23326,3168,processing,626.87,14.99,223,,,,,,26.15,2026-08-13T22:44:08Z,2026-09-17T13:44:09Z
23327,3354,routed,129.99,7.99,228,,,,,,82.69,2026-08-02T08:53:29Z,2026-09-17T13:44:09Z
23328,2581,completed,4989.95,7.99,228,,,,,,59.33,2026-09-05T14:44:08Z,2026-09-17T13:44:09Z
23329,3428,completed,449.97,0,224,,,,,24469,64.98,2026-08-21T05:49:46Z,2026-09-17T13:44:09Z
23330,2281,completed,399.98,7.99,234,,,,,,75.23,2026-08-05T10:54:31Z,2026-09-17T13:44:09Z
23331,3615,cancelled,479.97,0,243,,,,,,83.17,2026-08-12T02:04:53Z,2026-09-17T13:44:09Z
23332,4178,pending,7129.9,0,,,,,,,80.06,2026-08-31T03:15:47Z,2026-09-17T13:44:09Z
23333,4214,confirmed,2179.95,0,239,,,,,,42.32,2026-07-29T11:55:58Z,2026-09-17T13:44:09Z
23334,3534,processing,639.96,0,245,,,,,22248,49.85,2026-08-03T23:07:52Z,2026-09-17T13:44:09Z
23335,3266,routed,350,7.99,229,,,,,,73.94,2026-09-15T04:37:38Z,2026-09-17T13:44:09Z
23336,2563,completed,599.95,14.99,229,,,,,26473,90.55,2026-09-13T13:15:17Z,2026-09-17T13:44:09Z
23337,2893,completed,699.99,0,222,,,,,22932,19.38,2026-08-13T19:35:58Z,2026-09-17T13:44:09Z
23338,2525,completed,3264.96,0,238,,,,,,82.76,2026-09-11T06:19:19Z,2026-09-17T13:44:09Z
23339,4019,cancelled,669.93,14.99,226,,,,,,78.49,2026-09-05T08:45:21Z,2026-09-17T13:44:09Z
23340,3818,pending,894.92,0,,,,,,,46.63,2026-08-05T16:23:24Z,2026-09-17T13:44:09Z
23341,2591,confirmed,2679.91,7.99,247,,,,,24613,80,2026-07-26T17:53:28Z,2026-09-17T13:44:09Z
23342,2754,processing,456.93,14.99,229,,,,,,63.83,2026-08-07T02:39:52Z,2026-09-17T13:44:09Z
23343,2254,routed,839.95,7.99,241,,,,,,47.51,2026-08-08T14:57:27Z,2026-09-17T13:44:09Z
23344,3739,completed,943.89,7.99,243,,,,,,17.34,2026-09-17T13:16:56Z,2026-09-17T13:44:09Z
23345,3775,completed,2059.96,0,249,,,,,,55.44,2026-08-20T17:30:39Z,2026-09-17T13:44:09Z
23346,2779,completed,1207.9,14.99,247,,,,,24967,62,2026-07-29T18:18:30Z,2026-09-17T13:44:09Z
23347,2713,cancelled,499.96,0,246,,,,,,43.38,2026-08-24T21:42:29Z,2026-09-17T13:44:09Z
23348,2796,pending,416.94,0,,,,,,,63.45,2026-08-30T18:58:14Z,2026-09-17T13:44:09Z
23349,2851,confirmed,499.95,14.99,228,,,,,,92.04,2026-07-23T08:33:22Z,2026-09-17T13:44:09Z
23350,3777,processing,3549.91,0,249,,,,,,50.88,2026-08-28T16:23:42Z,2026-09-17T13:44:09Z
23351,2679,routed,3059.97,7.99,234,,,,,22705,39.23,2026-07-31T09:24:00Z,2026-09-17T13:44:09Z
23352,2771,completed,319.93,14.99,221,,,,,,19.94,2026-08-03T02:24:41Z,2026-09-17T13:44:09Z
23353,2621,completed,7144.9,7.99,224,,,,,24471,47.25,2026-09-11T20:31:45Z,2026-09-17T13:44:09Z
23354,3166,completed,469.95,14.99,244,,,,,,45.5,2026-09-09T15:54:32Z,2026-09-17T13:44:09Z
23355,4173,cancelled,809.92,7.99,240,,,,,24261,82.28,2026-08-05T13:20:00Z,2026-09-17T13:44:09Z
23356,3074,pending,4389.94,7.99,,,,,,,55.88,2026-08-03T17:01:57Z,2026-09-17T13:44:09Z
23357,3744,confirmed,114.97,7.99,241,,,,,,16.42,2026-08-08T11:12:38Z,2026-09-17T13:44:09Z
23358,2667,processing,379.98,7.99,249,,,,,,37.01,2026-08-24T00:35:26Z,2026-09-17T13:44:09Z
23359,3498,routed,904.96,7.99,247,,,,,,81.54,2026-08-01T12:16:02Z,2026-09-17T13:44:09Z
23360,3608,completed,949.95,0,241,,,,,26020,32.72,2026-07-20T14:41:26Z,2026-09-17T13:44:09Z
23361,2955,completed,2365.9,0,222,,,,,,22.5,2026-08-13T13:16:55Z,2026-09-17T13:44:09Z
23362,2860,completed,2878.91,0,249,,,,,,67.22,2026-08-24T02:21:47Z,2026-09-17T13:44:09Z
23363,3939,cancelled,3124.94,7.99,221,,,,,,31.86,2026-07-23T09:23:10Z,2026-09-17T13:44:09Z
23364,3250,pending,79.99,0,,,,,,,34.6,2026-08-13T15:37:05Z,2026-09-17T13:44:09Z
23365,3826,confirmed,1249.93,7.99,245,,,,,27107,72.07,2026-08-09T14:55:42Z,2026-09-17T13:44:09Z
23366,3184,processing,644.91,7.99,229,,,,,,28.61,2026-09-11T06:47:27Z,2026-09-17T13:44:09Z
23367,2505,routed,56.97,7.99,234,,,,,,15.05,2026-08-17T22:41:07Z,2026-09-17T13:44:09Z
23368,4119,completed,1479.92,0,232,,,,,,17.31,2026-07-21T14:51:27Z,2026-09-17T13:44:09Z
23369,2620,completed,354.98,7.99,246,,,,,26993,23.62,2026-07-29T15:34:58Z,2026-09-17T13:44:09Z
23370,2602,completed,379.96,14.99,243,,,,,,61.79,2026-08-16T18:10:09Z,2026-09-17T13:44:09Z
23371,4211,cancelled,584.97,7.99,239,,,,,,17.31,2026-08-20T21:48:16Z,2026-09-17T13:44:09Z
23372,2374,pending,1490.92,0,,,,,,26280,30.96,2026-07-23T15:59:19Z,2026-09-17T13:44:09Z
23373,2962,confirmed,209.97,7.99,248,,,,,,57.51,2026-08-09T11:04:05Z,2026-09-17T13:44:09Z
23374,2759,processing,679.9,0,247,,,,,,82.97,2026-09-04T02:24:14Z,2026-09-17T13:44:09Z
23375,4096,routed,65.98,7.99,250,,,,,,59.83,2026-08-22T08:00:29Z,2026-09-17T13:44:09Z
23376,3870,completed,1909.91,7.99,250,,,,,,40.23,2026-08-01T03:46:15Z,2026-09-17T13:44:09Z
23377,3947,completed,1829.93,7.99,235,,,,,24991,70.04,2026-08-07T18:33:23Z,2026-09-17T13:44:09Z
23378,2529,completed,134.97,0,248,,,,,,93.19,2026-09-10T08:02:34Z,2026-09-17T13:44:09Z
23379,3078,cancelled,841.95,7.99,242,,,,,,69.56,2026-08-08T09:07:29Z,2026-09-17T13:44:09Z
23380,2321,pending,907.89,0,,,,,,26001,58.19,2026-09-13T00:20:54Z,2026-09-17T13:44:09Z
23381,2437,confirmed,2699.97,0,234,,,,,22490,81.51,2026-08-06T10:34:13Z,2026-09-17T13:44:09Z
23382,3269,processing,569.95,14.99,250,,,,,,37.49,2026-08-04T11:44:04Z,2026-09-17T13:44:09Z
23383,4027,routed,384.97,14.99,231,,,,,25999,24.32,2026-08-06T02:50:31Z,2026-09-17T13:44:09Z
23384,3522,completed,635.94,0,221,,,,,,45.82,2026-08-25T12:24:51Z,2026-09-17T13:44:09Z
23385,2686,completed,1949.96,0,250,,,,,,32.54,2026-08-15T15:24:32Z,2026-09-17T13:44:09Z
23386,3550,completed,1299.96,7.99,247,,,,,,57.12,2026-09-06T09:34:22Z,2026-09-17T13:44:09Z
23387,2968,cancelled,359.91,0,226,,,,,22344,26.1,2026-08-04T11:00:27Z,2026-09-17T13:44:09Z
23388,2411,pending,1619.95,14.99,,,,,,,88.46,2026-08-01T08:39:10Z,2026-09-17T13:44:09Z
23389,3062,confirmed,679.92,0,231,,,,,,94.54,2026-08-24T21:46:56Z,2026-09-17T13:44:09Z
23390,2864,processing,278.94,7.99,244,,,,,,94.98,2026-08-31T16:05:34Z,2026-09-17T13:44:09Z
23391,4091,routed,1194.92,7.99,239,,,,,22772,74.65,2026-08-05T02:39:35Z,2026-09-17T13:44:09Z
23392,3055,completed,2229.94,0,227,,,,,,25.87,2026-08-01T08:59:08Z,2026-09-17T13:44:09Z
23393,2315,completed,1214.91,7.99,233,,,,,,41.69,2026-07-26T14:16:50Z,2026-09-17T13:44:09Z
23394,3389,completed,139.98,14.99,229,,,,,,31.83,2026-09-16T18:11:12Z,2026-09-17T13:44:09Z
23395,3838,cancelled,1459.89,7.99,235,,,,,26170,84.94,2026-09-08T05:50:30Z,2026-09-17T13:44:09Z
23396,3601,pending,2409.92,14.99,,,,,,,83.48,2026-08-16T15:28:36Z,2026-09-17T13:44:09Z
23397,3373,confirmed,69.99,7.99,241,,,,,,90.5,2026-08-31T22:14:11Z,2026-09-17T13:44:09Z
23398,4101,processing,3049.95,7.99,247,,,,,23346,70,2026-09-14T15:44:30Z,2026-09-17T13:44:09Z
23399,2545,routed,646.96,14.99,229,,,,,,42.42,2026-08-21T23:29:35Z,2026-09-17T13:44:09Z
23400,2739,completed,4214.93,0,224,,,,,,16.34,2026-08-04T04:48:47Z,2026-09-17T13:44:09Z
23401,3833,completed,1098.92,7.99,221,,,,,,22.53,2026-07-19T19:55:28Z,2026-09-17T13:44:09Z
23402,3672,completed,4649.96,7.99,230,,,,,,84.77,2026-08-18T14:05:01Z,2026-09-17T13:44:09Z
23403,3352,cancelled,1032.95,7.99,235,,,,,,22.7,2026-08-12T19:46:37Z,2026-09-17T13:44:09Z
23404,3846,pending,2119.94,14.99,,,,,,,13.41,2026-08-13T10:23:18Z,2026-09-17T13:44:09Z
23405,2734,confirmed,2672.9,7.99,242,,,,,23666,27.1,2026-08-13T19:35:02Z,2026-09-17T13:44:09Z
23406,2856,processing,766.94,7.99,237,,,,,,50.12,2026-09-16T03:00:51Z,2026-09-17T13:44:09Z
23407,2868,routed,2269.95,0,235,,,,,,14.97,2026-08-13T06:56:47Z,2026-09-17T13:44:09Z
23408,2550,completed,1994.93,7.99,249,,,,,,50.36,2026-09-15T15:25:11Z,2026-09-17T13:44:09Z
23409,3381,completed,269.96,7.99,248,,,,,,35.28,2026-08-28T12:03:01Z,2026-09-17T13:44:09Z
23410,3574,completed,64.99,7.99,248,,,,,,75.87,2026-08-23T20:30:07Z,2026-09-17T13:44:09Z
23411,2248,cancelled,1539.88,14.99,225,,,,,,60.57,2026-08-23T08:35:04Z,2026-09-17T13:44:09Z
23412,3441,pending,4507.94,0,,,,,,26307,76.04,2026-08-10T15:54:12Z,2026-09-17T13:44:09Z
23413,4149,confirmed,1059.93,7.99,238,,,,,24602,16.42,2026-08-08T09:06:17Z,2026-09-17T13:44:09Z
23414,4140,processing,269.94,0,222,,,,,,64.87,2026-08-16T13:52:01Z,2026-09-17T13:44:09Z
23415,3780,routed,348.97,14.99,239,,,,,23083,28.29,2026-09-05T05:39:56Z,2026-09-17T13:44:09Z
23416,3942,completed,1647.91,7.99,232,,,,,,92.48,2026-09-11T11:00:32Z,2026-09-17T13:44:09Z
23417,2461,completed,49.99,7.99,221,,,,,23465,30.29,2026-08-05T15:59:18Z,2026-09-17T13:44:09Z
23418,2666,completed,1269.9,7.99,235,,,,,,94.52,2026-08-16T07:11:44Z,2026-09-17T13:44:09Z
23419,4171,cancelled,3479.93,0,248,,,,,,15.05,2026-09-01T06:22:58Z,2026-09-17T13:44:09Z
23420,2370,pending,974.97,7.99,,,,,,,61.79,2026-08-31T14:52:16Z,2026-09-17T13:44:09Z
23421,3324,confirmed,89.97,0,241,,,,,27073,22.84,2026-09-06T04:37:17Z,2026-09-17T13:44:09Z
23422,2991,processing,529.97,0,226,,,,,,29.43,2026-07-22T03:52:15Z,2026-09-17T13:44:09Z
23423,3819,routed,3842.91,0,224,,,,,,12.04,2026-07-22T18:05:20Z,2026-09-17T13:44:09Z
23424,2686,completed,1494.99,14.99,236,,,,,22610,58.13,2026-08-19T21:53:14Z,2026-09-17T13:44:09Z
23425,2809,completed,389.98,0,235,,,,,,65.67,2026-07-20T03:10:21Z,2026-09-17T13:44:09Z
23426,3027,completed,59.98,0,240,,,,,,74.64,2026-08-22T12:18:54Z,2026-09-17T13:44:09Z
23427,2567,cancelled,1009.91,7.99,221,,,,,,82.61,2026-08-06T17:49:42Z,2026-09-17T13:44:09Z
23428,2910,pending,534.97,0,,,,,,,74.22,2026-09-14T11:09:17Z,2026-09-17T13:44:09Z
23429,2756,confirmed,1369.95,0,223,,,,,,92.68,2026-08-07T17:28:44Z,2026-09-17T13:44:09Z
23430,3059,processing,1979.92,14.99,236,,,,,,20.02,2026-07-20T17:09:59Z,2026-09-17T13:44:09Z
23431,3224,routed,199.99,0,240,,,,,,76.94,2026-08-15T04:45:57Z,2026-09-17T13:44:09Z
23432,3657,completed,659.98,14.99,229,,,,,,71.35,2026-08-18T23:28:35Z,2026-09-17T13:44:09Z
23433,3527,completed,889.97,0,243,,,,,24591,12.47,2026-08-25T09:45:52Z,2026-09-17T13:44:09Z
23434,3268,completed,749.96,7.99,228,,,,,,74.71,2026-07-30T11:16:42Z,2026-09-17T13:44:09Z
23435,2464,cancelled,1065.89,0,238,,,,,,14.69,2026-08-04T05:01:04Z,2026-09-17T13:44:09Z
23436,3866,pending,79.99,0,,,,,,,71.23,2026-08-08T12:26:05Z,2026-09-17T13:44:09Z
23437,2428,confirmed,1505.89,14.99,241,,,,,23499,52.4,2026-07-22T16:28:35Z,2026-09-17T13:44:09Z
23438,3623,processing,611.95,7.99,236,,,,,,43.28,2026-08-21T07:11:19Z,2026-09-17T13:44:09Z
23439,3705,routed,909.93,7.99,223,,,,,,53.28,2026-09-01T06:00:37Z,2026-09-17T13:44:09Z
23440,3004,completed,349.95,0,236,,,,,27023,70.82,2026-07-28T20:12:29Z,2026-09-17T13:44:09Z
23441,2800,completed,6789.91,7.99,227,,,,,27198,93.29,2026-08-31T17:50:56Z,2026-09-17T13:44:09Z
23442,2489,completed,7799.88,7.99,238,,,,,,46.47,2026-08-12T23:42:49Z,2026-09-17T13:44:09Z
23443,3999,cancelled,449.99,7.99,241,,,,,,10.7,2026-08-14T21:31:45Z,2026-09-17T13:44:09Z
23444,3131,pending,1529.93,7.99,,,,,,24800,65.13,2026-08-25T23:15:01Z,2026-09-17T13:44:09Z
23445,4070,confirmed,239.98,0,241,,,,,23826,80.23,2026-08-10T19:08:15Z,2026-09-17T13:44:09Z
23446,2734,processing,374.97,7.99,222,,,,,,78.44,2026-08-12T19:51:51Z,2026-09-17T13:44:09Z
23447,2975,routed,490.93,7.99,237,,,,,,83.65,2026-08-03T09:45:00Z,2026-09-17T13:44:09Z
23448,3071,completed,4499.97,14.99,239,,,,,24096,16.42,2026-08-15T01:46:40Z,2026-09-17T13:44:09Z
23449,2645,completed,949.9,7.99,250,,,,,,32.64,2026-08-05T20:04:41Z,2026-09-17T13:44:09Z
23450,4220,completed,353.94,0,239,,,,,,51.04,2026-08-19T09:54:20Z,2026-09-17T13:44:09Z
23451,3911,cancelled,312.97,14.99,226,,,,,,74.21,2026-09-10T05:16:19Z,2026-09-17T13:44:09Z
23452,3585,pending,2537.9,7.99,,,,,,,35.66,2026-08-29T11:58:42Z,2026-09-17T13:44:09Z
23453,2386,confirmed,284.97,14.99,224,,,,,,93.48,2026-08-02T22:30:03Z,2026-09-17T13:44:09Z
23454,2753,processing,629.95,0,237,,,,,,88.7,2026-07-24T01:11:04Z,2026-09-17T13:44:09Z
23455,2396,routed,619.97,7.99,222,,,,,,22.31,2026-09-11T15:14:39Z,2026-09-17T13:44:09Z
23456,3357,completed,119.98,7.99,222,,,,,,18.85,2026-07-31T22:21:37Z,2026-09-17T13:44:09Z
23457,3136,completed,89.99,14.99,248,,,,,22703,65.06,2026-09-04T11:11:29Z,2026-09-17T13:44:09Z
23458,2293,completed,209.97,7.99,235,,,,,,74.65,2026-08-29T02:04:41Z,2026-09-17T13:44:09Z
23459,4013,cancelled,519.96,14.99,225,,,,,,30.96,2026-09-03T02:16:58Z,2026-09-17T13:44:09Z
23460,3023,pending,119.99,7.99,,,,,,,33.08,2026-09-12T06:10:26Z,2026-09-17T13:44:09Z
23461,3366,confirmed,1601.95,7.99,233,,,,,,80.97,2026-08-05T16:26:26Z,2026-09-17T13:44:09Z
23462,3482,processing,709.95,0,224,,,,,,25.26,2026-08-12T15:25:47Z,2026-09-17T13:44:09Z
23463,4109,routed,1114.95,7.99,244,,,,,,74.38,2026-08-01T21:57:48Z,2026-09-17T13:44:09Z
23464,2857,completed,427.97,14.99,229,,,,,,80.88,2026-08-13T21:35:19Z,2026-09-17T13:44:09Z
23465,4096,completed,1219.96,7.99,232,,,,,,71.54,2026-08-13T13:23:44Z,2026-09-17T13:44:09Z
23466,3583,completed,1874.97,7.99,240,,,,,,75.48,2026-08-08T11:56:45Z,2026-09-17T13:44:09Z
23467,2545,cancelled,2300.9,7.99,235,,,,,,86.64,2026-09-01T03:35:20Z,2026-09-17T13:44:09Z
23468,3036,pending,249.98,0,,,,,,26615,61.47,2026-08-12T09:03:28Z,2026-09-17T13:44:09Z
23469,2756,confirmed,4393.92,0,226,,,,,,55.58,2026-08-10T10:24:14Z,2026-09-17T13:44:09Z
23470,2477,processing,319.98,7.99,228,,,,,,93.81,2026-09-14T02:46:46Z,2026-09-17T13:44:09Z
23471,3705,routed,2514.9,0,247,,,,,,67.53,2026-09-01T02:49:16Z,2026-09-17T13:44:09Z
23472,2280,completed,449.96,7.99,232,,,,,23470,83.56,2026-09-06T04:58:04Z,2026-09-17T13:44:09Z
23473,3740,completed,139.98,14.99,230,,,,,,60.49,2026-08-07T13:54:58Z,2026-09-17T13:44:09Z
23474,2724,completed,1109.96,0,229,,,,,26208,47.06,2026-08-21T12:32:12Z,2026-09-17T13:44:09Z
23475,3865,cancelled,638.99,7.99,221,,,,,25940,75.56,2026-08-20T03:27:23Z,2026-09-17T13:44:09Z
23476,2424,pending,69.99,7.99,,,,,,,35.47,2026-09-01T18:20:33Z,2026-09-17T13:44:09Z
23477,3445,confirmed,59.98,14.99,245,,,,,26962,45.37,2026-09-06T17:47:18Z,2026-09-17T13:44:09Z
23478,3248,processing,1789.9,14.99,221,,,,,,62.09,2026-07-22T16:50:06Z,2026-09-17T13:44:09Z
23479,3095,routed,1734.92,7.99,225,,,,,,22.52,2026-08-07T00:55:49Z,2026-09-17T13:44:09Z
23480,2678,completed,1814.89,14.99,238,,,,,,16.43,2026-07-24T09:21:59Z,2026-09-17T13:44:09Z
23481,2908,completed,339.94,7.99,227,,,,,,75.97,2026-09-10T02:14:40Z,2026-09-17T13:44:09Z
23482,3566,completed,89.99,14.99,250,,,,,,16.63,2026-08-25T11:22:33Z,2026-09-17T13:44:09Z
23483,2628,cancelled,599.94,7.99,240,,,,,,44.38,2026-08-26T00:29:01Z,2026-09-17T13:44:09Z
23484,2412,pending,1095.95,7.99,,,,,,,42.13,2026-07-23T20:36:02Z,2026-09-17T13:44:09Z
23485,2370,confirmed,3599.94,7.99,249,,,,,,77.45,2026-09-01T20:26:28Z,2026-09-17T13:44:09Z
23486,2655,processing,1739.94,7.99,222,,,,,24606,29.75,2026-08-15T01:10:12Z,2026-09-17T13:44:09Z
23487,3558,routed,219.98,7.99,242,,,,,27077,39.29,2026-08-27T05:35:08Z,2026-09-17T13:44:09Z
23488,2247,completed,3268.91,7.99,223,,,,,,41.81,2026-07-24T04:51:08Z,2026-09-17T13:44:09Z
23489,3750,completed,1444.88,0,232,,,,,23864,87.48,2026-08-14T01:37:37Z,2026-09-17T13:44:09Z
23490,3217,completed,1739.94,14.99,221,,,,,,23.54,2026-07-22T08:21:50Z,2026-09-17T13:44:09Z
23491,4147,cancelled,819.95,7.99,233,,,,,,62.57,2026-08-01T23:38:51Z,2026-09-17T13:44:09Z
23492,4068,pending,389.97,14.99,,,,,,25813,92.98,2026-07-30T04:06:07Z,2026-09-17T13:44:09Z
23493,2977,confirmed,599.98,7.99,229,,,,,,48.64,2026-07-24T22:55:23Z,2026-09-17T13:44:09Z
23494,2900,processing,2137.88,0,227,,,,,,59.97,2026-09-02T15:02:57Z,2026-09-17T13:44:09Z
23495,3766,routed,39.99,7.99,231,,,,,22560,70.83,2026-09-11T14:17:36Z,2026-09-17T13:44:09Z
23496,2791,completed,719.94,7.99,243,,,,,,36.04,2026-08-04T11:30:08Z,2026-09-17T13:44:09Z
23497,4172,completed,1026.92,7.99,222,,,,,,54.41,2026-09-02T10:53:29Z,2026-09-17T13:44:09Z
23498,3107,completed,12569.92,7.99,232,,,,,,74.46,2026-08-13T23:01:14Z,2026-09-17T13:44:09Z
23499,4158,cancelled,174.98,7.99,250,,,,,,43.15,2026-09-01T09:46:31Z,2026-09-17T13:44:09Z
23500,3885,pending,1793.94,14.99,,,,,,,29.66,2026-07-30T10:21:09Z,2026-09-17T13:44:09Z
23501,4021,confirmed,247.97,0,241,,,,,,47.95,2026-07-27T14:19:06Z,2026-09-17T13:44:09Z
23502,2231,processing,564.95,7.99,233,,,,,,68.16,2026-09-15T09:14:10Z,2026-09-17T13:44:09Z
23503,2517,routed,7999.96,7.99,226,,,,,25790,63.43,2026-08-02T05:20:29Z,2026-09-17T13:44:09Z
23504,3637,completed,379.91,7.99,250,,,,,,31.56,2026-09-15T19:19:33Z,2026-09-17T13:44:09Z
23505,3351,completed,149.99,0,246,,,,,,50.93,2026-09-14T21:25:15Z,2026-09-17T13:44:09Z
23506,3710,completed,1199.93,14.99,244,,,,,25250,25.09,2026-07-27T22:40:08Z,2026-09-17T13:44:09Z
23507,3522,cancelled,1464.94,0,224,,,,,,81.08,2026-08-31T11:05:13Z,2026-09-17T13:44:09Z
23508,2477,pending,197.92,7.99,,,,,,25042,34.74,2026-09-05T09:30:20Z,2026-09-17T13:44:09Z
23509,2567,confirmed,4999.98,7.99,231,,,,,,89.45,2026-08-11T03:30:47Z,2026-09-17T13:44:09Z
23510,4173,processing,1269.93,0,249,,,,,,31.35,2026-08-06T18:06:56Z,2026-09-17T13:44:09Z
23511,2942,routed,218.95,0,246,,,,,,13.08,2026-09-17T00:10:09Z,2026-09-17T13:44:09Z
23512,3931,completed,539.97,0,224,,,,,,72.07,2026-08-17T14:39:46Z,2026-09-17T13:44:09Z
23513,3234,completed,1729.95,7.99,236,,,,,22529,11.25,2026-07-30T22:25:18Z,2026-09-17T13:44:09Z
23514,2533,completed,54.99,7.99,249,,,,,,77.29,2026-09-06T21:42:57Z,2026-09-17T13:44:09Z
23515,2664,cancelled,209.97,7.99,244,,,,,,55.76,2026-08-17T17:19:01Z,2026-09-17T13:44:09Z
23516,2926,pending,119.97,7.99,,,,,,25619,24.75,2026-08-11T04:42:02Z,2026-09-17T13:44:09Z
23517,2574,confirmed,1599.87,0,241,,,,,25127,15.11,2026-08-25T02:09:56Z,2026-09-17T13:44:09Z
23518,2515,processing,2574.91,7.99,247,,,,,,38.93,2026-08-22T10:00:25Z,2026-09-17T13:44:09Z
23519,2630,routed,3394.88,7.99,222,,,,,23410,62.63,2026-08-15T18:27:19Z,2026-09-17T13:44:09Z
23520,3215,completed,554.94,7.99,232,,,,,25177,90.84,2026-08-26T07:03:15Z,2026-09-17T13:44:09Z
23521,2996,completed,428.95,0,245,,,,,,32.05,2026-08-16T19:22:03Z,2026-09-17T13:44:09Z
23522,3367,completed,2229.89,14.99,229,,,,,,11.09,2026-09-14T05:24:10Z,2026-09-17T13:44:09Z
23523,2313,cancelled,209.94,0,228,,,,,,87.46,2026-08-07T12:55:34Z,2026-09-17T13:44:09Z
23524,3479,pending,3499.9,14.99,,,,,,25100,31.21,2026-09-02T02:12:13Z,2026-09-17T13:44:09Z
23525,3347,confirmed,719.94,7.99,246,,,,,25015,80.49,2026-09-17T06:56:55Z,2026-09-17T13:44:09Z
23526,3142,processing,29.99,7.99,227,,,,,,16.43,2026-07-29T11:00:04Z,2026-09-17T13:44:09Z
23527,2790,routed,2599.95,14.99,233,,,,,,45.94,2026-08-30T14:56:21Z,2026-09-17T13:44:09Z
23528,3488,completed,1179.95,0,246,,,,,,41.42,2026-09-02T13:47:25Z,2026-09-17T13:44:09Z
23529,2296,completed,1950,7.99,250,,,,,,55.75,2026-08-09T16:17:18Z,2026-09-17T13:44:09Z
23530,2516,completed,618.94,0,231,,,,,25300,38.21,2026-09-05T06:38:09Z,2026-09-17T13:44:09Z
23531,2662,cancelled,335.96,0,246,,,,,22637,45.88,2026-07-28T07:15:50Z,2026-09-17T13:44:09Z
23532,4002,pending,2839.9,7.99,,,,,,,29.2,2026-08-22T23:09:17Z,2026-09-17T13:44:09Z
23533,3103,confirmed,284.95,0,240,,,,,,41.71,2026-09-05T18:47:46Z,2026-09-17T13:44:09Z
23534,4183,processing,1016.93,0,248,,,,,,21.72,2026-08-23T15:56:48Z,2026-09-17T13:44:09Z
23535,3605,routed,236.96,7.99,248,,,,,,50.27,2026-08-09T18:05:04Z,2026-09-17T13:44:09Z
23536,2312,completed,449.95,7.99,249,,,,,,59.62,2026-07-30T21:07:53Z,2026-09-17T13:44:09Z
23537,2493,completed,119.97,0,224,,,,,23607,30.45,2026-09-06T02:46:52Z,2026-09-17T13:44:09Z
23538,3901,completed,675,7.99,222,,,,,,57.85,2026-09-15T09:17:44Z,2026-09-17T13:44:09Z
23539,2246,cancelled,699.98,14.99,236,,,,,,19.73,2026-07-20T22:16:53Z,2026-09-17T13:44:09Z
23540,2544,pending,9388.88,7.99,,,,,,22404,49.16,2026-09-08T07:24:48Z,2026-09-17T13:44:09Z
23541,2948,confirmed,2484.86,7.99,223,,,,,,77.25,2026-09-04T12:38:01Z,2026-09-17T13:44:09Z
23542,2608,processing,1094.9,7.99,234,,,,,,60.8,2026-08-12T13:54:56Z,2026-09-17T13:44:09Z
23543,2355,routed,852.95,0,249,,,,,,27.91,2026-08-02T01:30:28Z,2026-09-17T13:44:09Z
23544,4148,completed,404.95,7.99,239,,,,,,91.72,2026-08-14T14:44:31Z,2026-09-17T13:44:09Z
23545,3213,completed,1359.92,7.99,248,,,,,26727,64.39,2026-08-10T00:21:05Z,2026-09-17T13:44:09Z
23546,2824,completed,494.97,14.99,248,,,,,,27.1,2026-08-13T11:55:35Z,2026-09-17T13:44:09Z
23547,2315,cancelled,189.98,7.99,236,,,,,,23.87,2026-08-20T13:40:38Z,2026-09-17T13:44:09Z
23548,2378,pending,419.94,0,,,,,,,83.09,2026-09-15T06:49:43Z,2026-09-17T13:44:09Z
23549,2468,confirmed,459.97,0,248,,,,,,22,2026-08-19T04:01:05Z,2026-09-17T13:44:09Z
23550,3331,processing,539.97,7.99,250,,,,,24896,54.07,2026-08-21T21:34:50Z,2026-09-17T13:44:09Z
23551,2915,routed,294.98,7.99,234,,,,,,51.89,2026-07-27T16:46:09Z,2026-09-17T13:44:09Z
23552,3503,completed,569.95,0,229,,,,,24460,75.6,2026-09-05T23:39:41Z,2026-09-17T13:44:09Z
23553,3331,completed,1357.94,14.99,223,,,,,,55.65,2026-09-06T19:52:41Z,2026-09-17T13:44:09Z
23554,3749,completed,1399.96,7.99,245,,,,,,37.79,2026-09-06T19:50:46Z,2026-09-17T13:44:09Z
23555,3653,cancelled,1649.97,7.99,232,,,,,,31.72,2026-08-03T23:09:16Z,2026-09-17T13:44:09Z
23556,4056,pending,1036.92,14.99,,,,,,,76.49,2026-08-15T04:09:06Z,2026-09-17T13:44:09Z
23557,2458,confirmed,374.93,0,243,,,,,,57.74,2026-09-12T09:14:50Z,2026-09-17T13:44:09Z
23558,3460,processing,1749.95,7.99,238,,,,,,19.27,2026-08-04T10:15:43Z,2026-09-17T13:44:09Z
23559,3762,routed,79.99,0,228,,,,,,43.23,2026-08-18T23:42:56Z,2026-09-17T13:44:09Z
23560,2702,completed,1924.87,7.99,228,,,,,,92.92,2026-09-02T17:38:27Z,2026-09-17T13:44:09Z
23561,3903,completed,134.97,0,235,,,,,25734,50.49,2026-09-06T14:27:13Z,2026-09-17T13:44:09Z
23562,3792,completed,1399.95,7.99,231,,,,,24502,29.63,2026-09-09T12:14:26Z,2026-09-17T13:44:09Z
23563,3021,cancelled,174.96,7.99,221,,,,,22763,48.41,2026-08-04T23:54:17Z,2026-09-17T13:44:09Z
23564,3695,pending,724.96,7.99,,,,,,,30.09,2026-07-26T21:02:52Z,2026-09-17T13:44:09Z
23565,3121,confirmed,2239.93,0,233,,,,,,45.17,2026-07-28T15:06:39Z,2026-09-17T13:44:09Z
23566,2839,processing,2939.93,14.99,241,,,,,,76.94,2026-08-19T07:32:22Z,2026-09-17T13:44:09Z
23567,3288,routed,509.94,7.99,246,,,,,,44.62,2026-07-27T05:15:44Z,2026-09-17T13:44:09Z
23568,3442,completed,399.99,14.99,229,,,,,,10.36,2026-08-13T08:31:40Z,2026-09-17T13:44:09Z
23569,4060,completed,99.98,7.99,224,,,,,,48.31,2026-07-21T17:49:50Z,2026-09-17T13:44:09Z
23570,2954,completed,2099.91,0,225,,,,,,43.84,2026-08-08T01:19:53Z,2026-09-17T13:44:09Z
23571,2759,cancelled,1239.94,7.99,238,,,,,,40.67,2026-08-12T07:17:27Z,2026-09-17T13:44:09Z
23572,2419,pending,429.97,0,,,,,,,87.87,2026-09-05T04:10:54Z,2026-09-17T13:44:09Z
23573,4003,confirmed,3429.9,0,244,,,,,,24.36,2026-09-05T19:13:37Z,2026-09-17T13:44:09Z
23574,3291,processing,349.99,7.99,230,,,,,,75.82,2026-08-20T02:36:31Z,2026-09-17T13:44:09Z
23575,3400,routed,1459.95,0,222,,,,,,79.26,2026-09-07T23:13:04Z,2026-09-17T13:44:09Z
23576,3423,completed,712.92,14.99,239,,,,,,74.89,2026-09-02T23:08:22Z,2026-09-17T13:44:09Z
23577,4010,completed,479.89,0,227,,,,,24331,43.31,2026-08-14T12:06:28Z,2026-09-17T13:44:09Z
23578,3944,completed,5414.92,7.99,231,,,,,23403,16.62,2026-08-14T11:49:12Z,2026-09-17T13:44:09Z
23579,2565,cancelled,299.98,0,244,,,,,,47.87,2026-07-31T15:51:04Z,2026-09-17T13:44:09Z
23580,3239,pending,1389.93,7.99,,,,,,25507,37.95,2026-07-21T20:28:34Z,2026-09-17T13:44:09Z
23581,2574,confirmed,1388.93,14.99,231,,,,,,89.51,2026-07-20T03:28:52Z,2026-09-17T13:44:09Z
23582,3758,processing,279.96,14.99,222,,,,,26532,63.06,2026-08-27T15:26:23Z,2026-09-17T13:44:09Z
23583,2884,routed,129.99,0,230,,,,,,79.76,2026-08-25T17:15:14Z,2026-09-17T13:44:09Z
23584,3804,completed,119.97,7.99,235,,,,,,41.67,2026-08-26T10:01:44Z,2026-09-17T13:44:09Z
23585,4068,completed,1349.95,0,242,,,,,,75.55,2026-07-20T06:32:49Z,2026-09-17T13:44:09Z
23586,2365,completed,2339.92,7.99,234,,,,,,49.61,2026-07-24T22:26:21Z,2026-09-17T13:44:09Z
23587,2959,cancelled,179.97,0,242,,,,,23006,78.16,2026-09-04T06:15:07Z,2026-09-17T13:44:09Z
23588,2929,pending,939.97,0,,,,,,,89.25,2026-07-25T13:01:47Z,2026-09-17T13:44:09Z
23589,3704,confirmed,159.98,7.99,229,,,,,,80.57,2026-08-29T16:39:56Z,2026-09-17T13:44:09Z
23590,2772,processing,772.94,0,235,,,,,,59.03,2026-08-04T23:09:26Z,2026-09-17T13:44:09Z
23591,3272,routed,2919.91,0,221,,,,,23573,64.81,2026-07-27T10:41:06Z,2026-09-17T13:44:09Z
23592,3389,completed,1789.91,0,230,,,,,,46.24,2026-09-04T18:07:14Z,2026-09-17T13:44:09Z
23593,2510,completed,3489.91,7.99,235,,,,,,56.13,2026-08-28T18:19:33Z,2026-09-17T13:44:09Z
23594,3621,completed,1619.95,0,231,,,,,,67.05,2026-07-28T04:07:10Z,2026-09-17T13:44:09Z
23595,2619,cancelled,1309.93,7.99,249,,,,,,58.83,2026-09-13T05:38:52Z,2026-09-17T13:44:09Z
23596,3561,pending,353.94,7.99,,,,,,,61.35,2026-08-18T04:18:13Z,2026-09-17T13:44:09Z
23597,2490,confirmed,1519.95,7.99,221,,,,,,41.35,2026-08-12T05:56:40Z,2026-09-17T13:44:09Z
23598,2546,processing,199.99,7.99,249,,,,,,13.24,2026-09-08T19:30:56Z,2026-09-17T13:44:09Z
23599,3805,routed,559.95,7.99,227,,,,,,75.2,2026-08-17T09:09:38Z,2026-09-17T13:44:09Z
23600,4044,completed,3219.9,14.99,224,,,,,,12.42,2026-08-10T15:20:55Z,2026-09-17T13:44:09Z
23601,2410,completed,368.94,7.99,233,,,,,22847,47,2026-09-17T06:43:14Z,2026-09-17T13:44:09Z
23602,3846,completed,5942.91,7.99,223,,,,,22994,66.41,2026-09-03T18:57:06Z,2026-09-17T13:44:09Z
23603,2523,cancelled,1184.93,7.99,236,,,,,23435,65.87,2026-07-27T22:05:18Z,2026-09-17T13:44:09Z
23604,2952,pending,362.96,0,,,,,,,61.17,2026-07-21T17:49:19Z,2026-09-17T13:44:09Z
23605,3764,confirmed,65.98,0,221,,,,,24644,74.27,2026-08-06T10:33:39Z,2026-09-17T13:44:09Z
23606,2758,processing,599.98,7.99,239,,,,,,50.57,2026-09-15T16:14:07Z,2026-09-17T13:44:09Z
23607,3438,routed,2299.9,0,247,,,,,,15.32,2026-08-29T08:16:31Z,2026-09-17T13:44:09Z
23608,4076,completed,1263.9,7.99,235,,,,,,91.33,2026-09-06T04:00:51Z,2026-09-17T13:44:09Z
23609,2705,completed,519.95,7.99,235,,,,,,11.81,2026-08-17T13:17:30Z,2026-09-17T13:44:09Z
23610,3926,completed,337.95,14.99,248,,,,,,15.63,2026-07-30T08:58:22Z,2026-09-17T13:44:09Z
23611,3048,cancelled,726.9,14.99,249,,,,,,91.22,2026-07-29T15:55:52Z,2026-09-17T13:44:09Z
23612,3441,pending,1093.89,7.99,,,,,,,25.02,2026-07-25T01:20:10Z,2026-09-17T13:44:09Z
23613,3395,confirmed,68.97,7.99,238,,,,,23857,80.11,2026-08-23T08:48:53Z,2026-09-17T13:44:09Z
23614,4109,processing,149.99,7.99,233,,,,,,19.81,2026-08-21T17:31:58Z,2026-09-17T13:44:09Z
23615,2434,routed,1359.88,0,244,,,,,,27.11,2026-07-26T07:06:02Z,2026-09-17T13:44:09Z
23616,2327,completed,782.92,7.99,226,,,,,,34.66,2026-07-25T20:45:12Z,2026-09-17T13:44:09Z
23617,2453,completed,236.96,7.99,232,,,,,,17.29,2026-08-14T23:42:18Z,2026-09-17T13:44:09Z
23618,3088,completed,4969.92,14.99,225,,,,,,17.79,2026-09-10T19:31:27Z,2026-09-17T13:44:09Z
23619,3024,cancelled,949.94,7.99,239,,,,,22576,10.33,2026-08-08T06:22:36Z,2026-09-17T13:44:09Z
23620,3004,pending,765.97,7.99,,,,,,,37.65,2026-07-23T12:34:46Z,2026-09-17T13:44:09Z
23621,3586,confirmed,1267.91,7.99,234,,,,,24773,50.14,2026-07-22T02:36:21Z,2026-09-17T13:44:09Z
23622,3282,processing,509.97,7.99,235,,,,,,79.25,2026-09-13T14:40:26Z,2026-09-17T13:44:09Z
23623,3907,routed,409.95,7.99,227,,,,,,61.81,2026-08-17T16:59:27Z,2026-09-17T13:44:09Z
23624,3257,completed,438.96,7.99,238,,,,,26469,75.32,2026-08-25T22:38:29Z,2026-09-17T13:44:09Z
23625,3624,completed,1049.95,0,244,,,,,,32.33,2026-07-25T12:39:58Z,2026-09-17T13:44:09Z
23626,3347,completed,599.97,7.99,233,,,,,,80.93,2026-08-17T06:23:48Z,2026-09-17T13:44:09Z
23627,2340,cancelled,1636.94,7.99,247,,,,,,57.22,2026-08-27T10:24:59Z,2026-09-17T13:44:09Z
23628,4102,pending,816.91,0,,,,,,26130,30.77,2026-08-13T13:51:36Z,2026-09-17T13:44:09Z
23629,2891,confirmed,343.95,14.99,225,,,,,,49.82,2026-08-13T01:04:00Z,2026-09-17T13:44:09Z
23630,3145,processing,416.96,7.99,244,,,,,24259,29.02,2026-09-15T13:36:07Z,2026-09-17T13:44:09Z
23631,3111,routed,175,0,229,,,,,,57.51,2026-08-28T09:38:02Z,2026-09-17T13:44:09Z
23632,3728,completed,2919.95,0,231,,,,,,79.15,2026-07-20T16:53:45Z,2026-09-17T13:44:09Z
23633,3188,completed,464.95,7.99,221,,,,,,91.28,2026-09-09T16:46:19Z,2026-09-17T13:44:09Z
23634,3790,completed,146.97,0,247,,,,,25904,11.24,2026-09-08T18:00:38Z,2026-09-17T13:44:09Z
23635,2749,cancelled,4729.87,0,243,,,,,,87.62,2026-08-28T04:11:08Z,2026-09-17T13:44:09Z
23636,2577,pending,2064.89,14.99,,,,,,,40.99,2026-09-09T12:19:32Z,2026-09-17T13:44:09Z
23637,4009,confirmed,344.91,7.99,223,,,,,26693,14.64,2026-09-14T10:49:52Z,2026-09-17T13:44:09Z
23638,2313,processing,2259.95,7.99,227,,,,,26509,90.67,2026-08-16T03:42:04Z,2026-09-17T13:44:09Z
23639,2365,routed,8780.94,0,230,,,,,,34.85,2026-09-03T14:25:07Z,2026-09-17T13:44:09Z
23640,2274,completed,3217.93,7.99,242,,,,,,55.15,2026-08-01T12:14:48Z,2026-09-17T13:44:09Z
23641,2789,completed,599.99,7.99,223,,,,,24349,57.82,2026-08-20T18:59:03Z,2026-09-17T13:44:09Z
23642,3692,completed,199.99,0,221,,,,,25580,59.93,2026-09-12T18:25:28Z,2026-09-17T13:44:09Z
23643,2299,cancelled,49.99,0,238,,,,,,54.55,2026-09-10T11:41:49Z,2026-09-17T13:44:09Z
23644,2832,pending,899.97,14.99,,,,,,24945,36.9,2026-09-05T23:56:30Z,2026-09-17T13:44:09Z
23645,2751,confirmed,969.93,0,234,,,,,,43.47,2026-09-05T07:46:51Z,2026-09-17T13:44:09Z
23646,2607,processing,669.95,7.99,244,,,,,,59.09,2026-07-24T01:43:00Z,2026-09-17T13:44:09Z
23647,4048,routed,175.95,0,235,,,,,,80.01,2026-08-03T10:32:52Z,2026-09-17T13:44:09Z
23648,3822,completed,159.98,0,248,,,,,,57.74,2026-07-23T18:59:17Z,2026-09-17T13:44:09Z
23649,3589,completed,179.99,7.99,246,,,,,,75.71,2026-08-14T21:50:01Z,2026-09-17T13:44:09Z
23650,3263,completed,589.97,7.99,236,,,,,,60.22,2026-09-11T08:16:50Z,2026-09-17T13:44:09Z
23651,2590,cancelled,549.99,0,226,,,,,,43.77,2026-08-12T23:12:19Z,2026-09-17T13:44:09Z
23652,3624,pending,1259.91,7.99,,,,,,,29.87,2026-08-30T04:40:18Z,2026-09-17T13:44:09Z
23653,2265,confirmed,4262.92,7.99,243,,,,,,90.68,2026-08-12T06:55:24Z,2026-09-17T13:44:09Z
23654,3799,processing,739.92,14.99,241,,,,,,45.24,2026-08-29T23:14:43Z,2026-09-17T13:44:09Z
23655,3592,routed,1093.93,0,234,,,,,,46.83,2026-08-14T17:38:26Z,2026-09-17T13:44:09Z
23656,3128,completed,699.98,7.99,232,,,,,,44.17,2026-09-02T17:51:23Z,2026-09-17T13:44:09Z
23657,2916,completed,364.93,7.99,224,,,,,,19.91,2026-09-01T10:36:57Z,2026-09-17T13:44:09Z
23658,2251,completed,568.97,7.99,231,,,,,25440,68.63,2026-09-07T15:52:20Z,2026-09-17T13:44:09Z
23659,2395,cancelled,54.99,14.99,229,,,,,27007,30.43,2026-07-20T18:35:02Z,2026-09-17T13:44:09Z
23660,2242,pending,249.96,0,,,,,,,79.23,2026-08-21T05:31:58Z,2026-09-17T13:44:09Z
23661,2773,confirmed,1809.89,7.99,240,,,,,26787,53.89,2026-07-25T04:27:26Z,2026-09-17T13:44:09Z
23662,2617,processing,2919.95,7.99,232,,,,,,14.26,2026-09-16T20:35:11Z,2026-09-17T13:44:09Z
23663,3772,routed,569.97,14.99,242,,,,,,53.62,2026-09-07T14:35:39Z,2026-09-17T13:44:09Z
23664,4003,completed,14089.9,7.99,246,,,,,,29.95,2026-09-07T09:51:14Z,2026-09-17T13:44:09Z
23665,2538,completed,1719.91,7.99,221,,,,,,17.15,2026-07-21T16:46:56Z,2026-09-17T13:44:09Z
23666,2797,completed,1364.96,7.99,248,,,,,,24.01,2026-08-12T13:23:13Z,2026-09-17T13:44:09Z
23667,3679,cancelled,3459.95,14.99,235,,,,,,55.7,2026-07-28T14:30:19Z,2026-09-17T13:44:09Z
23668,2924,pending,169.99,0,,,,,,27146,17.71,2026-08-31T05:03:09Z,2026-09-17T13:44:09Z
23669,4045,confirmed,179.97,14.99,221,,,,,,69.09,2026-08-26T16:52:01Z,2026-09-17T13:44:09Z
23670,2991,processing,267,14.99,242,,,,,23820,66.17,2026-07-21T00:44:37Z,2026-09-17T13:44:09Z
23671,3029,routed,500.92,7.99,222,,,,,,91.35,2026-08-01T02:23:37Z,2026-09-17T13:44:09Z
23672,3310,completed,8699.97,7.99,248,,,,,,52.62,2026-08-31T13:04:41Z,2026-09-17T13:44:09Z
23673,4056,completed,499.99,14.99,240,,,,,,55.65,2026-08-14T22:11:21Z,2026-09-17T13:44:09Z
23674,3278,completed,69.98,14.99,227,,,,,,87.07,2026-09-05T10:27:47Z,2026-09-17T13:44:09Z
23675,2652,cancelled,1059.95,7.99,233,,,,,26711,51.23,2026-08-09T22:33:23Z,2026-09-17T13:44:09Z
23676,2859,pending,792.95,0,,,,,,,22.79,2026-09-04T07:16:40Z,2026-09-17T13:44:09Z
23677,2348,confirmed,869.92,0,230,,,,,,36.82,2026-07-25T00:13:00Z,2026-09-17T13:44:09Z
23678,3708,processing,808.93,0,237,,,,,,13.61,2026-09-14T15:12:23Z,2026-09-17T13:44:09Z
23679,2526,routed,2016.89,7.99,233,,,,,,70.24,2026-08-31T09:41:10Z,2026-09-17T13:44:09Z
23680,3585,completed,2966.91,0,240,,,,,22709,15.51,2026-09-15T16:04:39Z,2026-09-17T13:44:09Z
23681,3576,completed,6989.89,0,225,,,,,,50.54,2026-07-20T07:33:25Z,2026-09-17T13:44:09Z
23682,3637,completed,718.95,0,245,,,,,,45.91,2026-09-14T10:47:54Z,2026-09-17T13:44:09Z
23683,2264,cancelled,69.99,7.99,238,,,,,,94.41,2026-08-27T08:24:08Z,2026-09-17T13:44:09Z
23684,2526,pending,469.95,0,,,,,,,92.93,2026-08-07T13:17:12Z,2026-09-17T13:44:09Z
23685,3340,confirmed,27.99,7.99,247,,,,,23103,39.54,2026-09-16T16:56:23Z,2026-09-17T13:44:09Z
23686,2909,processing,134.97,0,247,,,,,22532,50.07,2026-08-18T12:57:08Z,2026-09-17T13:44:09Z
23687,3126,routed,328.98,7.99,244,,,,,,70.12,2026-08-27T16:00:08Z,2026-09-17T13:44:09Z
23688,3704,completed,244.98,0,235,,,,,,25.99,2026-08-04T02:13:38Z,2026-09-17T13:44:09Z
23689,4038,completed,2229.95,0,221,,,,,25940,40.11,2026-08-09T09:20:12Z,2026-09-17T13:44:09Z
23690,2392,completed,629.94,7.99,248,,,,,25009,88.45,2026-08-25T05:31:53Z,2026-09-17T13:44:09Z
23691,3963,cancelled,1199.97,7.99,232,,,,,,13.79,2026-09-08T20:30:51Z,2026-09-17T13:44:09Z
23692,3594,pending,89.99,0,,,,,,,33.7,2026-08-18T01:41:57Z,2026-09-17T13:44:09Z
23693,4170,confirmed,89.97,14.99,232,,,,,,73.36,2026-08-11T18:29:36Z,2026-09-17T13:44:09Z
23694,2828,processing,209.97,7.99,243,,,,,,18.9,2026-09-05T20:58:38Z,2026-09-17T13:44:09Z
23695,3586,routed,59.98,7.99,240,,,,,26757,51.78,2026-08-22T16:40:22Z,2026-09-17T13:44:09Z
23696,2707,completed,768.96,7.99,239,,,,,25101,31.21,2026-07-25T07:26:42Z,2026-09-17T13:44:09Z
23697,3993,completed,2153.92,14.99,237,,,,,,62.88,2026-08-26T17:18:16Z,2026-09-17T13:44:09Z
23698,3421,completed,254.97,7.99,238,,,,,24973,35.85,2026-08-06T15:08:19Z,2026-09-17T13:44:09Z
23699,3153,cancelled,1488.91,14.99,235,,,,,23103,23.87,2026-08-25T14:29:49Z,2026-09-17T13:44:09Z
23700,3259,pending,1009.95,0,,,,,,,62.65,2026-08-15T07:36:39Z,2026-09-17T13:44:09Z
23701,4068,confirmed,997.89,7.99,242,,,,,26206,25,2026-07-20T14:07:04Z,2026-09-17T13:44:09Z
23702,3985,processing,8828.93,0,241,,,,,,11.75,2026-08-18T21:16:08Z,2026-09-17T13:44:09Z
23703,3312,routed,361.94,7.99,242,,,,,,36.96,2026-07-21T23:31:03Z,2026-09-17T13:44:09Z
23704,4197,completed,1356.9,0,243,,,,,,47.51,2026-08-06T12:14:40Z,2026-09-17T13:44:09Z
23705,3905,completed,3099.98,14.99,238,,,,,25837,67.08,2026-07-31T15:14:55Z,2026-09-17T13:44:09Z
23706,3204,completed,469.95,0,242,,,,,,24.41,2026-07-22T06:41:13Z,2026-09-17T13:44:09Z
23707,2600,cancelled,48.99,7.99,232,,,,,,81.02,2026-09-05T02:08:26Z,2026-09-17T13:44:09Z
23708,2720,pending,1099.91,0,,,,,,,29.27,2026-08-05T17:52:06Z,2026-09-17T13:44:09Z
23709,2732,confirmed,1414.93,0,243,,,,,,87.21,2026-08-06T15:00:49Z,2026-09-17T13:44:09Z
23710,3704,processing,129.99,0,221,,,,,,85.08,2026-08-18T00:07:38Z,2026-09-17T13:44:09Z
23711,2330,routed,1774.98,7.99,221,,,,,,79.37,2026-07-21T16:47:02Z,2026-09-17T13:44:09Z
23712,3405,completed,1033.93,7.99,225,,,,,23846,31.03,2026-09-07T16:15:45Z,2026-09-17T13:44:09Z
23713,2247,completed,74.97,7.99,237,,,,,,50.13,2026-08-28T23:51:12Z,2026-09-17T13:44:09Z
23714,2791,completed,449.97,0,221,,,,,,60.41,2026-08-23T03:48:51Z,2026-09-17T13:44:09Z
23715,3552,cancelled,1226.92,0,244,,,,,23665,23.39,2026-08-16T16:57:37Z,2026-09-17T13:44:09Z
23716,4122,pending,1546.93,7.99,,,,,,,74.1,2026-07-26T17:05:52Z,2026-09-17T13:44:09Z
23717,2705,confirmed,2499.99,7.99,236,,,,,,35.48,2026-08-03T17:19:21Z,2026-09-17T13:44:09Z
23718,3888,processing,109.98,14.99,239,,,,,,18.47,2026-09-14T05:40:10Z,2026-09-17T13:44:09Z
23719,2570,routed,219.97,14.99,249,,,,,,78.75,2026-09-16T21:58:23Z,2026-09-17T13:44:09Z
23720,2278,completed,7243.89,14.99,228,,,,,,28.74,2026-09-10T21:41:13Z,2026-09-17T13:44:09Z
23721,2410,completed,839.95,7.99,239,,,,,,66.8,2026-08-21T17:02:24Z,2026-09-17T13:44:09Z
23722,2613,completed,104.97,7.99,227,,,,,24446,19.58,2026-09-16T13:01:01Z,2026-09-17T13:44:09Z
23723,2969,cancelled,479.97,7.99,240,,,,,,87.37,2026-08-25T06:41:36Z,2026-09-17T13:44:09Z
23724,3739,pending,534.96,14.99,,,,,,24439,45.62,2026-07-21T20:10:22Z,2026-09-17T13:44:09Z
23725,2773,confirmed,453.98,14.99,246,,,,,,56.6,2026-08-17T21:32:23Z,2026-09-17T13:44:09Z
23726,2503,processing,854.93,7.99,227,,,,,,63.23,2026-08-21T11:16:25Z,2026-09-17T13:44:09Z
23727,2541,routed,1809.94,0,243,,,,,,86.43,2026-08-30T04:47:04Z,2026-09-17T13:44:09Z
23728,3934,completed,8894.98,7.99,233,,,,,23505,62.58,2026-07-23T21:42:04Z,2026-09-17T13:44:09Z
23729,3118,completed,546.94,0,240,,,,,26390,48.05,2026-09-17T09:08:03Z,2026-09-17T13:44:09Z
23730,3835,completed,2509.92,0,226,,,,,,89.03,2026-07-22T02:47:39Z,2026-09-17T13:44:09Z
23731,2237,cancelled,2914.92,7.99,242,,,,,,29.14,2026-08-19T13:17:15Z,2026-09-17T13:44:09Z
23732,2978,pending,1529.92,0,,,,,,25295,25.88,2026-08-19T21:12:33Z,2026-09-17T13:44:09Z
23733,3105,confirmed,278.95,0,221,,,,,24154,21.83,2026-07-31T21:24:03Z,2026-09-17T13:44:09Z
23734,2741,processing,6132.92,14.99,229,,,,,,28.09,2026-08-15T19:24:32Z,2026-09-17T13:44:09Z
23735,3023,routed,572.96,7.99,222,,,,,,15,2026-07-31T00:59:20Z,2026-09-17T13:44:09Z
23736,2968,completed,249.97,7.99,240,,,,,,69.51,2026-08-18T04:06:30Z,2026-09-17T13:44:09Z
23737,2875,completed,1173.89,7.99,237,,,,,,36.75,2026-08-31T06:59:27Z,2026-09-17T13:44:09Z
23738,3586,completed,599.97,14.99,224,,,,,24831,90.47,2026-08-20T12:45:23Z,2026-09-17T13:44:09Z
23739,2780,cancelled,3794.91,7.99,233,,,,,,78.75,2026-08-19T14:32:39Z,2026-09-17T13:44:09Z
23740,3678,pending,399.98,14.99,,,,,,,92.97,2026-09-17T05:08:53Z,2026-09-17T13:44:09Z
23741,3573,confirmed,14669.9,7.99,246,,,,,23432,78.87,2026-08-20T09:09:28Z,2026-09-17T13:44:09Z
23742,3523,processing,439.97,7.99,223,,,,,25509,59.63,2026-07-25T14:51:59Z,2026-09-17T13:44:09Z
23743,2639,routed,2499.94,7.99,231,,,,,26903,34.55,2026-08-05T12:48:51Z,2026-09-17T13:44:09Z
23744,2297,completed,919.95,7.99,225,,,,,23460,91.29,2026-08-12T04:41:45Z,2026-09-17T13:44:09Z
23745,4148,completed,353.94,7.99,229,,,,,,67.97,2026-08-25T11:05:54Z,2026-09-17T13:44:09Z
23746,2385,completed,1369.92,7.99,231,,,,,,14.23,2026-09-08T13:44:23Z,2026-09-17T13:44:09Z
23747,4137,cancelled,380.96,14.99,235,,,,,22879,11.64,2026-09-04T14:27:42Z,2026-09-17T13:44:09Z
23748,3073,pending,694.92,0,,,,,,,81.79,2026-09-01T22:49:47Z,2026-09-17T13:44:09Z
23749,3810,confirmed,2229.93,14.99,221,,,,,,92.55,2026-09-11T11:46:05Z,2026-09-17T13:44:09Z
23750,2968,processing,189.98,14.99,229,,,,,,26,2026-09-09T05:48:21Z,2026-09-17T13:44:09Z
23751,2747,routed,797.95,14.99,238,,,,,,68.66,2026-07-24T08:30:14Z,2026-09-17T13:44:09Z
23752,4041,completed,139.98,7.99,227,,,,,23678,44.73,2026-09-13T15:24:06Z,2026-09-17T13:44:09Z
23753,3274,completed,567.92,14.99,240,,,,,,87.8,2026-08-29T17:21:31Z,2026-09-17T13:44:09Z
23754,2600,completed,829.95,7.99,239,,,,,22544,84.51,2026-08-17T07:22:24Z,2026-09-17T13:44:09Z
23755,2701,cancelled,7553.95,0,234,,,,,,54.55,2026-08-24T07:00:25Z,2026-09-17T13:44:09Z
23756,2581,pending,899.97,0,,,,,,,17.58,2026-08-29T07:46:33Z,2026-09-17T13:44:09Z
23757,4190,confirmed,869.94,7.99,225,,,,,26934,75.63,2026-09-10T03:14:53Z,2026-09-17T13:44:09Z
23758,3813,processing,625.91,7.99,223,,,,,,45.74,2026-07-27T20:03:39Z,2026-09-17T13:44:09Z
23759,3342,routed,899.97,14.99,235,,,,,,86.13,2026-09-08T20:42:29Z,2026-09-17T13:44:09Z
23760,4078,completed,266.94,0,246,,,,,,54.8,2026-09-02T13:12:18Z,2026-09-17T13:44:09Z
23761,3640,completed,3044.91,0,230,,,,,,94.47,2026-08-24T04:48:10Z,2026-09-17T13:44:09Z
23762,4000,completed,2149.92,7.99,235,,,,,,80.95,2026-07-25T01:36:15Z,2026-09-17T13:44:09Z
23763,3787,cancelled,89,0,230,,,,,,49.07,2026-09-02T06:57:52Z,2026-09-17T13:44:09Z
23764,3950,pending,735.96,0,,,,,,,61.87,2026-08-07T20:17:10Z,2026-09-17T13:44:09Z
23765,2397,confirmed,177.97,7.99,230,,,,,26058,83.82,2026-08-01T20:50:38Z,2026-09-17T13:44:09Z
23766,3580,processing,49.99,14.99,222,,,,,,33.7,2026-07-24T17:21:21Z,2026-09-17T13:44:09Z
23767,3439,routed,397.95,7.99,239,,,,,,71.16,2026-09-08T06:29:04Z,2026-09-17T13:44:09Z
23768,4055,completed,1032.94,7.99,225,,,,,,65.08,2026-08-22T09:01:54Z,2026-09-17T13:44:09Z
23769,2836,completed,1589.95,7.99,221,,,,,,85.47,2026-08-06T12:04:42Z,2026-09-17T13:44:09Z
23770,3686,completed,949.96,7.99,221,,,,,25563,19.09,2026-09-13T23:43:44Z,2026-09-17T13:44:09Z
23771,4105,cancelled,239.98,0,238,,,,,25221,50.3,2026-07-29T15:08:34Z,2026-09-17T13:44:09Z
23772,2422,pending,589.93,0,,,,,,,23.78,2026-09-13T07:57:14Z,2026-09-17T13:44:09Z
23773,3619,confirmed,1019.95,7.99,231,,,,,,45.88,2026-09-08T23:41:32Z,2026-09-17T13:44:09Z
23774,3859,processing,1484.91,7.99,230,,,,,,18.56,2026-09-15T02:51:35Z,2026-09-17T13:44:09Z
23775,3822,routed,784.91,0,234,,,,,,86.18,2026-07-21T01:05:57Z,2026-09-17T13:44:09Z
23776,3999,completed,2101.94,7.99,243,,,,,,11.97,2026-08-01T07:22:56Z,2026-09-17T13:44:09Z
23777,4044,completed,539.97,0,250,,,,,,16.26,2026-08-02T04:46:33Z,2026-09-17T13:44:09Z
23778,2892,completed,4859.94,0,233,,,,,,87.46,2026-07-21T02:26:37Z,2026-09-17T13:44:09Z
23779,3427,cancelled,2078.9,7.99,236,,,,,24331,18.53,2026-08-01T03:32:09Z,2026-09-17T13:44:09Z
23780,2468,pending,697.92,7.99,,,,,,,56.07,2026-08-20T20:57:26Z,2026-09-17T13:44:09Z
23781,3212,confirmed,799.97,0,233,,,,,24024,15.03,2026-08-30T15:26:52Z,2026-09-17T13:44:09Z
23782,3000,processing,159.98,7.99,244,,,,,,78.18,2026-09-06T22:46:24Z,2026-09-17T13:44:09Z
23783,4214,routed,4194.96,14.99,223,,,,,,45.03,2026-08-26T13:07:45Z,2026-09-17T13:44:09Z
23784,3066,completed,1564.93,0,234,,,,,,89.18,2026-08-16T00:38:50Z,2026-09-17T13:44:09Z
23785,2983,completed,839.92,0,236,,,,,26326,74.39,2026-08-14T15:41:33Z,2026-09-17T13:44:09Z
23786,2528,completed,999.97,7.99,243,,,,,25433,60.66,2026-09-01T05:31:54Z,2026-09-17T13:44:09Z
23787,2544,cancelled,249.98,0,234,,,,,23206,72.75,2026-07-22T02:45:50Z,2026-09-17T13:44:09Z
23788,3855,pending,929.94,7.99,,,,,,,73.27,2026-09-12T10:11:22Z,2026-09-17T13:44:09Z
23789,2407,confirmed,1244.96,7.99,237,,,,,,85.56,2026-08-08T10:26:44Z,2026-09-17T13:44:09Z
23790,3748,processing,899.98,7.99,233,,,,,,57.36,2026-07-30T07:13:30Z,2026-09-17T13:44:09Z
23791,3179,routed,2278.92,7.99,247,,,,,,76.99,2026-09-02T17:10:34Z,2026-09-17T13:44:09Z
23792,2614,completed,144.97,7.99,247,,,,,22953,52.72,2026-08-03T19:02:40Z,2026-09-17T13:44:09Z
23793,3097,completed,319.92,14.99,241,,,,,,30.56,2026-09-06T00:41:48Z,2026-09-17T13:44:09Z
23794,4105,completed,1619.96,7.99,229,,,,,23156,61.12,2026-09-12T03:40:30Z,2026-09-17T13:44:09Z
23795,3245,cancelled,1939.91,7.99,226,,,,,,19.41,2026-09-10T14:28:58Z,2026-09-17T13:44:09Z
23796,2895,pending,1485.96,0,,,,,,,55.97,2026-08-02T12:48:44Z,2026-09-17T13:44:09Z
23797,2448,confirmed,2659.92,7.99,226,,,,,24695,67.14,2026-09-11T04:53:43Z,2026-09-17T13:44:09Z
23798,2656,processing,224.96,0,235,,,,,,24.86,2026-09-09T13:37:37Z,2026-09-17T13:44:09Z
23799,2397,routed,3024.86,7.99,242,,,,,,81.52,2026-09-03T02:38:29Z,2026-09-17T13:44:09Z
23800,3461,completed,4664.94,14.99,228,,,,,,78.78,2026-07-25T16:59:02Z,2026-09-17T13:44:09Z
23801,2417,completed,66.98,14.99,248,,,,,,11.46,2026-09-10T20:42:37Z,2026-09-17T13:44:09Z
23802,2661,completed,534.96,14.99,245,,,,,23536,62.35,2026-08-12T04:21:08Z,2026-09-17T13:44:09Z
23803,4205,cancelled,326.94,14.99,229,,,,,,71.71,2026-08-11T07:53:54Z,2026-09-17T13:44:09Z
23804,3635,pending,116.98,0,,,,,,,22.57,2026-07-28T13:49:15Z,2026-09-17T13:44:09Z
23805,3278,confirmed,1779.96,14.99,231,,,,,,44.62,2026-08-26T00:41:08Z,2026-09-17T13:44:09Z
23806,2478,processing,1948.94,0,238,,,,,,65.32,2026-09-13T21:12:29Z,2026-09-17T13:44:09Z
23807,2907,routed,5198.92,7.99,234,,,,,24015,26.32,2026-09-07T17:37:07Z,2026-09-17T13:44:09Z
23808,2685,completed,479.97,7.99,229,,,,,,18.84,2026-08-07T12:50:57Z,2026-09-17T13:44:09Z
23809,2991,completed,1164.92,0,230,,,,,23557,80.5,2026-08-29T07:54:03Z,2026-09-17T13:44:09Z
23810,4148,completed,239.96,7.99,239,,,,,26813,49.36,2026-09-09T00:52:18Z,2026-09-17T13:44:09Z
23811,3296,cancelled,1137.93,0,227,,,,,,47.35,2026-09-15T18:33:30Z,2026-09-17T13:44:09Z
23812,3042,pending,2179.95,14.99,,,,,,,82.11,2026-08-06T07:01:47Z,2026-09-17T13:44:09Z
23813,3915,confirmed,26.99,0,241,,,,,,75.38,2026-08-02T15:52:42Z,2026-09-17T13:44:09Z
23814,3920,processing,166.95,7.99,241,,,,,,33.5,2026-08-26T00:38:47Z,2026-09-17T13:44:09Z
23815,4193,routed,1306.9,7.99,234,,,,,,75.77,2026-08-07T02:20:31Z,2026-09-17T13:44:09Z
23816,2246,completed,2089.9,14.99,245,,,,,,63.87,2026-08-29T09:38:43Z,2026-09-17T13:44:09Z
23817,4098,completed,459.99,0,228,,,,,,35.33,2026-07-22T12:06:10Z,2026-09-17T13:44:09Z
23818,2240,completed,444.94,0,250,,,,,,74.97,2026-08-23T12:11:02Z,2026-09-17T13:44:09Z
23819,3481,cancelled,1123.89,7.99,230,,,,,,29.18,2026-07-21T03:53:37Z,2026-09-17T13:44:09Z
23820,2333,pending,2426.88,14.99,,,,,,,20.74,2026-08-01T11:12:36Z,2026-09-17T13:44:09Z
23821,2671,confirmed,1271.95,7.99,231,,,,,25759,94.82,2026-08-19T04:56:39Z,2026-09-17T13:44:09Z
23822,2784,processing,1169.93,0,247,,,,,,45.3,2026-07-21T06:01:21Z,2026-09-17T13:44:09Z
23823,2644,routed,866.98,0,227,,,,,,22.45,2026-08-10T08:00:47Z,2026-09-17T13:44:09Z
23824,2751,completed,2164.91,7.99,227,,,,,,25.93,2026-08-18T19:16:39Z,2026-09-17T13:44:09Z
23825,2406,completed,3420.89,7.99,240,,,,,23619,72.04,2026-08-29T13:49:58Z,2026-09-17T13:44:09Z
23826,2648,completed,2789.93,7.99,230,,,,,,49.27,2026-08-19T17:21:14Z,2026-09-17T13:44:09Z
23827,3932,cancelled,688.9,7.99,250,,,,,,40.51,2026-08-31T19:05:07Z,2026-09-17T13:44:09Z
23828,3545,pending,592.93,7.99,,,,,,23315,47.12,2026-09-01T20:08:57Z,2026-09-17T13:44:09Z
23829,3617,confirmed,1094.97,14.99,221,,,,,,78.1,2026-08-05T08:19:07Z,2026-09-17T13:44:09Z
23830,2897,processing,699.99,7.99,231,,,,,23174,43.84,2026-09-05T04:41:33Z,2026-09-17T13:44:09Z
23831,3252,routed,1340.91,0,233,,,,,,46.26,2026-09-03T03:29:52Z,2026-09-17T13:44:09Z
23832,2903,completed,582.98,7.99,241,,,,,,56.68,2026-08-14T07:01:23Z,2026-09-17T13:44:09Z
23833,3935,completed,419.96,14.99,227,,,,,,85.81,2026-08-20T21:42:48Z,2026-09-17T13:44:09Z
23834,2260,completed,2629.89,7.99,247,,,,,,63.86,2026-08-25T05:56:16Z,2026-09-17T13:44:09Z
23835,3571,cancelled,179.99,0,238,,,,,24115,58.94,2026-07-31T23:00:51Z,2026-09-17T13:44:09Z
23836,3358,pending,317.96,7.99,,,,,,,67.27,2026-07-27T02:25:03Z,2026-09-17T13:44:09Z
23837,2496,confirmed,631.92,0,221,,,,,,36.51,2026-08-13T03:33:09Z,2026-09-17T13:44:09Z
23838,4009,processing,439.96,14.99,236,,,,,,89.03,2026-08-24T03:30:47Z,2026-09-17T13:44:09Z
23839,4150,routed,12549.92,7.99,227,,,,,,50.41,2026-09-15T16:59:02Z,2026-09-17T13:44:09Z
23840,4008,completed,3276.91,0,226,,,,,,53.48,2026-07-26T12:44:42Z,2026-09-17T13:44:09Z
23841,3815,completed,459.93,14.99,221,,,,,,41.51,2026-08-08T17:29:01Z,2026-09-17T13:44:09Z
23842,2488,completed,129.99,7.99,240,,,,,,87.6,2026-08-10T06:56:18Z,2026-09-17T13:44:09Z
23843,2346,cancelled,6334.95,14.99,233,,,,,24672,32.5,2026-08-23T14:20:00Z,2026-09-17T13:44:09Z
23844,4166,pending,625.95,14.99,,,,,,,50.75,2026-09-10T17:52:37Z,2026-09-17T13:44:09Z
23845,3473,confirmed,55.98,7.99,249,,,,,,29.65,2026-08-30T06:56:25Z,2026-09-17T13:44:09Z
23846,2951,processing,659.94,0,225,,,,,25098,29.88,2026-09-04T04:00:35Z,2026-09-17T13:44:09Z
23847,2305,routed,1064.89,0,224,,,,,,76,2026-08-14T03:25:56Z,2026-09-17T13:44:09Z
23848,3172,completed,735.94,7.99,238,,,,,,72.77,2026-09-07T20:45:53Z,2026-09-17T13:44:09Z
23849,3344,completed,769.97,0,242,,,,,24281,47.24,2026-08-01T08:57:15Z,2026-09-17T13:44:09Z
23850,2819,completed,859.92,7.99,231,,,,,22230,34.89,2026-07-24T13:53:07Z,2026-09-17T13:44:09Z
23851,4198,cancelled,173.95,7.99,234,,,,,,81.11,2026-08-15T16:05:15Z,2026-09-17T13:44:09Z
23852,3501,pending,359.98,0,,,,,,23162,57.49,2026-09-04T05:06:01Z,2026-09-17T13:44:09Z
23853,3651,confirmed,1199.97,0,244,,,,,,18.83,2026-07-20T02:54:35Z,2026-09-17T13:44:09Z
23854,2596,processing,759.93,0,223,,,,,,12.55,2026-08-19T21:34:48Z,2026-09-17T13:44:09Z
23855,3054,routed,4429.96,14.99,247,,,,,,58.71,2026-08-18T01:11:59Z,2026-09-17T13:44:09Z
23856,2269,completed,858.98,0,247,,,,,,61.65,2026-09-10T11:53:26Z,2026-09-17T13:44:09Z
23857,2733,completed,159.99,7.99,225,,,,,,82.98,2026-08-14T17:41:41Z,2026-09-17T13:44:09Z
23858,4111,completed,1717.9,0,226,,,,,26138,40.62,2026-07-20T04:38:05Z,2026-09-17T13:44:09Z
23859,3501,cancelled,1634.91,14.99,234,,,,,,11.26,2026-07-26T00:04:25Z,2026-09-17T13:44:09Z
23860,3096,pending,2685,7.99,,,,,,,23.77,2026-08-12T21:51:40Z,2026-09-17T13:44:09Z
23861,2294,confirmed,584.94,14.99,232,,,,,,68.83,2026-09-17T10:53:12Z,2026-09-17T13:44:09Z
23862,2602,processing,4461.91,7.99,228,,,,,,41.54,2026-08-01T06:22:14Z,2026-09-17T13:44:09Z
23863,2845,routed,909.94,0,228,,,,,,17.32,2026-07-24T19:02:40Z,2026-09-17T13:44:09Z
23864,4080,completed,1718.91,7.99,246,,,,,,33.03,2026-08-17T17:14:12Z,2026-09-17T13:44:09Z
23865,3573,completed,42.99,0,230,,,,,,60.78,2026-08-28T13:37:23Z,2026-09-17T13:44:09Z
23866,2672,completed,639.96,7.99,239,,,,,,56.01,2026-09-15T08:30:48Z,2026-09-17T13:44:09Z
23867,3597,cancelled,1034.89,14.99,242,,,,,24068,31.79,2026-07-22T15:07:54Z,2026-09-17T13:44:09Z
23868,2623,pending,99.99,0,,,,,,,34.06,2026-07-24T22:28:58Z,2026-09-17T13:44:09Z
23869,3071,confirmed,339.95,0,226,,,,,,11.87,2026-07-27T00:38:35Z,2026-09-17T13:44:09Z
23870,3817,processing,3079.94,14.99,230,,,,,,56.07,2026-07-20T07:54:35Z,2026-09-17T13:44:09Z
23871,2277,routed,2759.92,7.99,234,,,,,,19.69,2026-07-21T23:49:29Z,2026-09-17T13:44:09Z
23872,3989,completed,1057.94,0,236,,,,,24186,26.2,2026-08-14T22:55:38Z,2026-09-17T13:44:09Z
23873,3216,completed,934.94,7.99,226,,,,,23054,43.1,2026-08-12T11:03:27Z,2026-09-17T13:44:09Z
23874,3138,completed,3729.88,7.99,239,,,,,26138,18.3,2026-09-16T14:54:29Z,2026-09-17T13:44:09Z
23875,3071,cancelled,1349.97,14.99,221,,,,,27152,72.38,2026-09-08T14:55:24Z,2026-09-17T13:44:09Z
23876,3216,pending,429.98,14.99,,,,,,,55.58,2026-09-14T06:23:03Z,2026-09-17T13:44:09Z
23877,3773,confirmed,179.99,0,249,,,,,,23.97,2026-08-04T15:53:07Z,2026-09-17T13:44:09Z
23878,4137,processing,389.94,7.99,249,,,,,,41.62,2026-08-25T08:18:15Z,2026-09-17T13:44:09Z
23879,3737,routed,389.96,7.99,232,,,,,25758,11.6,2026-09-04T23:24:32Z,2026-09-17T13:44:09Z
23880,2730,completed,415.91,14.99,240,,,,,,78.28,2026-08-07T14:03:04Z,2026-09-17T13:44:09Z
23881,3463,completed,3129.96,0,249,,,,,,91.12,2026-08-17T12:50:01Z,2026-09-17T13:44:09Z
23882,3138,completed,49.98,14.99,240,,,,,22234,80.61,2026-07-31T13:24:35Z,2026-09-17T13:44:09Z
23883,3908,cancelled,1124.96,0,240,,,,,22691,71.06,2026-07-23T17:32:05Z,2026-09-17T13:44:09Z
23884,3526,pending,324.94,14.99,,,,,,,24.61,2026-09-02T08:24:58Z,2026-09-17T13:44:09Z
23885,3514,confirmed,759.96,7.99,245,,,,,,74.39,2026-08-29T12:37:15Z,2026-09-17T13:44:09Z
23886,2835,processing,2599.98,7.99,238,,,,,,35.65,2026-07-30T20:15:59Z,2026-09-17T13:44:09Z
23887,3637,routed,804.93,0,227,,,,,,38,2026-08-26T12:15:27Z,2026-09-17T13:44:09Z
23888,4184,completed,1149.96,0,222,,,,,24306,73.68,2026-08-17T12:28:41Z,2026-09-17T13:44:09Z
23889,3951,completed,1759.97,0,248,,,,,,36.94,2026-08-14T04:19:41Z,2026-09-17T13:44:09Z
23890,2561,completed,599.97,0,232,,,,,,60.72,2026-08-14T21:26:52Z,2026-09-17T13:44:09Z
23891,3082,cancelled,1369.95,0,235,,,,,,44.8,2026-09-14T19:39:05Z,2026-09-17T13:44:09Z
23892,3314,pending,914.95,14.99,,,,,,,47.11,2026-08-07T07:28:23Z,2026-09-17T13:44:09Z
23893,3121,confirmed,1689.94,14.99,246,,,,,,77.99,2026-07-27T05:17:38Z,2026-09-17T13:44:09Z
23894,3502,processing,1024.97,7.99,236,,,,,,45.19,2026-07-19T16:48:36Z,2026-09-17T13:44:09Z
23895,3515,routed,1766.87,7.99,243,,,,,,24.18,2026-08-22T23:10:52Z,2026-09-17T13:44:09Z
23896,3729,completed,1406.89,7.99,223,,,,,23419,84.1,2026-08-06T23:03:07Z,2026-09-17T13:44:09Z
23897,3116,completed,6249.95,7.99,232,,,,,25720,47.23,2026-08-08T22:15:16Z,2026-09-17T13:44:09Z
23898,3463,completed,2699.93,7.99,237,,,,,23641,48.07,2026-08-09T21:29:12Z,2026-09-17T13:44:09Z
23899,2601,cancelled,239.97,0,228,,,,,,66.14,2026-08-05T06:11:08Z,2026-09-17T13:44:09Z
23900,2471,pending,6589.92,7.99,,,,,,23637,47.65,2026-08-26T13:04:22Z,2026-09-17T13:44:09Z
23901,4084,confirmed,177.96,0,221,,,,,,21.48,2026-08-20T08:32:50Z,2026-09-17T13:44:09Z
23902,3044,processing,1149.89,7.99,247,,,,,22322,88.29,2026-08-07T02:54:29Z,2026-09-17T13:44:09Z
23903,4103,routed,2149.91,14.99,237,,,,,,81.98,2026-08-24T22:21:23Z,2026-09-17T13:44:09Z
23904,2248,completed,69.99,7.99,221,,,,,,70.66,2026-07-28T22:36:32Z,2026-09-17T13:44:09Z
23905,4139,completed,2719.89,14.99,249,,,,,25466,46.05,2026-09-07T12:26:28Z,2026-09-17T13:44:09Z
23906,2864,completed,2219.91,7.99,249,,,,,24188,51.04,2026-09-03T07:24:56Z,2026-09-17T13:44:09Z
23907,2637,cancelled,724.95,14.99,229,,,,,24433,22.1,2026-08-24T00:50:32Z,2026-09-17T13:44:09Z
23908,3208,pending,129.96,0,,,,,,24790,58.8,2026-08-18T00:21:15Z,2026-09-17T13:44:09Z
23909,3635,confirmed,872.9,0,245,,,,,,33.15,2026-09-04T00:12:03Z,2026-09-17T13:44:09Z
23910,3202,processing,734.96,0,240,,,,,,82.44,2026-08-17T16:40:20Z,2026-09-17T13:44:09Z
23911,3282,routed,5158.92,7.99,228,,,,,26323,23.23,2026-08-23T16:34:10Z,2026-09-17T13:44:09Z
23912,2584,completed,1014.97,7.99,244,,,,,,67.07,2026-08-07T03:52:08Z,2026-09-17T13:44:09Z
23913,3913,completed,194.96,7.99,231,,,,,25713,44.61,2026-08-12T15:50:30Z,2026-09-17T13:44:09Z
23914,2685,completed,314.94,7.99,250,,,,,22447,28.76,2026-08-01T01:48:37Z,2026-09-17T13:44:09Z
23915,4003,cancelled,509.97,14.99,229,,,,,27155,14.73,2026-07-24T08:06:57Z,2026-09-17T13:44:09Z
23916,3827,pending,144.96,14.99,,,,,,,47.92,2026-08-30T14:12:29Z,2026-09-17T13:44:09Z
23917,2222,confirmed,261.93,7.99,222,,,,,,10.89,2026-07-23T06:53:36Z,2026-09-17T13:44:09Z
23918,2547,processing,549.99,7.99,249,,,,,,63.34,2026-08-27T15:06:11Z,2026-09-17T13:44:09Z
23919,2921,routed,1074.89,14.99,245,,,,,,86.36,2026-09-05T16:09:05Z,2026-09-17T13:44:09Z
23920,2261,completed,4469.87,7.99,228,,,,,26336,56.22,2026-08-11T07:22:52Z,2026-09-17T13:44:09Z
23921,3355,completed,1709.93,7.99,242,,,,,,53.16,2026-07-23T01:48:29Z,2026-09-17T13:44:09Z
23922,2232,completed,307.94,0,241,,,,,26396,29.89,2026-08-03T16:16:13Z,2026-09-17T13:44:09Z
23923,2603,cancelled,1129.89,0,249,,,,,,55.22,2026-08-02T02:40:03Z,2026-09-17T13:44:09Z
23924,4153,pending,1309.89,7.99,,,,,,,61.17,2026-07-24T23:58:10Z,2026-09-17T13:44:09Z
23925,3641,confirmed,525,7.99,236,,,,,,64.05,2026-08-20T04:53:32Z,2026-09-17T13:44:09Z
23926,3701,processing,1289.9,7.99,245,,,,,26872,81.46,2026-07-24T08:53:06Z,2026-09-17T13:44:09Z
23927,3831,routed,157.96,0,236,,,,,25491,88.06,2026-07-21T19:34:30Z,2026-09-17T13:44:09Z
23928,3550,completed,1164.9,7.99,237,,,,,,33.28,2026-07-26T02:01:22Z,2026-09-17T13:44:09Z
23929,2767,completed,404.92,0,221,,,,,,31.97,2026-08-29T16:48:17Z,2026-09-17T13:44:09Z
23930,3702,completed,3049.94,0,223,,,,,24088,45.29,2026-08-28T21:07:03Z,2026-09-17T13:44:09Z
23931,3923,cancelled,2109.89,14.99,231,,,,,,30.67,2026-08-28T23:31:39Z,2026-09-17T13:44:09Z
23932,2933,pending,239.98,7.99,,,,,,,28.71,2026-08-20T13:39:49Z,2026-09-17T13:44:09Z
23933,2442,confirmed,2798.92,0,238,,,,,,39.05,2026-07-29T13:15:37Z,2026-09-17T13:44:09Z
23934,3301,processing,732.91,14.99,243,,,,,24392,12.78,2026-08-27T02:36:36Z,2026-09-17T13:44:09Z
23935,3893,routed,644.95,7.99,231,,,,,,26.34,2026-09-17T06:45:13Z,2026-09-17T13:44:09Z
23936,2652,completed,569.93,7.99,243,,,,,,78.7,2026-07-22T03:21:30Z,2026-09-17T13:44:09Z
23937,3821,completed,424.88,0,239,,,,,22467,71.15,2026-08-04T06:33:15Z,2026-09-17T13:44:09Z
23938,2479,completed,738.93,14.99,235,,,,,,28.41,2026-07-31T00:21:44Z,2026-09-17T13:44:09Z
23939,2457,cancelled,145,7.99,241,,,,,,43.12,2026-07-28T16:57:36Z,2026-09-17T13:44:09Z
23940,3665,pending,187.95,14.99,,,,,,,35.23,2026-07-31T16:05:04Z,2026-09-17T13:44:09Z
23941,3609,confirmed,2249.91,0,250,,,,,23357,86.87,2026-09-11T16:57:47Z,2026-09-17T13:44:09Z
23942,2400,processing,299.99,7.99,240,,,,,,87.26,2026-07-26T21:32:44Z,2026-09-17T13:44:09Z
23943,3569,routed,1174.91,14.99,235,,,,,23829,36.96,2026-07-27T12:33:17Z,2026-09-17T13:44:09Z
23944,2994,completed,3079.92,7.99,248,,,,,,73.21,2026-09-05T17:39:38Z,2026-09-17T13:44:09Z
23945,3497,completed,949.92,0,232,,,,,26187,34.3,2026-08-02T06:41:24Z,2026-09-17T13:44:09Z
23946,3128,completed,119.98,7.99,247,,,,,,92.61,2026-08-17T04:14:13Z,2026-09-17T13:44:09Z
23947,2660,cancelled,517.94,0,235,,,,,23488,74.86,2026-09-01T04:42:59Z,2026-09-17T13:44:09Z
23948,3823,pending,654.95,7.99,,,,,,22866,91,2026-08-29T06:48:39Z,2026-09-17T13:44:09Z
23949,2221,confirmed,259.98,7.99,225,,,,,,68.17,2026-09-14T18:25:40Z,2026-09-17T13:44:09Z
23950,3933,processing,1388.96,14.99,243,,,,,23888,67.37,2026-07-29T17:31:40Z,2026-09-17T13:44:09Z
23951,2853,routed,3199.97,7.99,222,,,,,,18.88,2026-09-17T09:07:15Z,2026-09-17T13:44:09Z
23952,2967,completed,308.95,7.99,240,,,,,24273,49.33,2026-08-24T22:59:45Z,2026-09-17T13:44:09Z
23953,3425,completed,22.99,14.99,241,,,,,24918,56.67,2026-08-07T07:37:02Z,2026-09-17T13:44:09Z
23954,2315,completed,1254.9,7.99,225,,,,,25836,83.44,2026-08-14T17:58:55Z,2026-09-17T13:44:09Z
23955,3951,cancelled,269.97,7.99,221,,,,,,83.42,2026-08-28T09:10:33Z,2026-09-17T13:44:09Z
23956,4055,pending,879.97,14.99,,,,,,24523,37.92,2026-07-25T07:49:29Z,2026-09-17T13:44:09Z
23957,2392,confirmed,6399.92,14.99,239,,,,,,31.75,2026-08-03T04:10:46Z,2026-09-17T13:44:09Z
23958,3756,processing,1277.89,7.99,229,,,,,24761,72.32,2026-09-15T12:52:59Z,2026-09-17T13:44:09Z
23959,2720,routed,1584.91,14.99,243,,,,,,24.25,2026-08-28T14:07:53Z,2026-09-17T13:44:09Z
23960,3961,completed,209.97,7.99,247,,,,,,21.38,2026-08-28T14:21:09Z,2026-09-17T13:44:09Z
23961,2713,completed,865.9,0,222,,,,,,59.72,2026-09-11T16:09:37Z,2026-09-17T13:44:09Z
23962,3374,completed,1969.9,0,248,,,,,,52.75,2026-08-25T13:18:32Z,2026-09-17T13:44:09Z
23963,2700,cancelled,1029.97,7.99,248,,,,,,74.11,2026-09-02T09:23:37Z,2026-09-17T13:44:09Z
23964,2717,pending,328.98,0,,,,,,22404,63.54,2026-08-09T19:00:01Z,2026-09-17T13:44:09Z
23965,4026,confirmed,1689.89,14.99,225,,,,,,26.31,2026-07-24T16:57:39Z,2026-09-17T13:44:09Z
23966,3360,processing,909.89,0,244,,,,,,75.08,2026-07-22T22:52:38Z,2026-09-17T13:44:09Z
23967,3733,routed,1054.97,7.99,241,,,,,,15.89,2026-09-08T23:53:13Z,2026-09-17T13:44:09Z
23968,3398,completed,932.98,7.99,223,,,,,,45.72,2026-08-22T14:24:12Z,2026-09-17T13:44:09Z
23969,3647,completed,742.92,0,245,,,,,,13.82,2026-07-22T18:11:38Z,2026-09-17T13:44:09Z
23970,2697,completed,444.99,7.99,223,,,,,,87.04,2026-07-21T01:43:05Z,2026-09-17T13:44:09Z
23971,3151,cancelled,1714.97,14.99,248,,,,,,54.28,2026-09-08T05:09:22Z,2026-09-17T13:44:09Z
23972,3705,pending,1049.9,0,,,,,,,86.64,2026-08-22T02:57:08Z,2026-09-17T13:44:09Z
23973,2852,confirmed,24.99,14.99,248,,,,,,80.84,2026-08-02T09:46:52Z,2026-09-17T13:44:09Z
23974,2310,processing,2733.89,14.99,233,,,,,24108,54.16,2026-07-24T04:55:22Z,2026-09-17T13:44:09Z
23975,4184,routed,739.97,14.99,229,,,,,,87.4,2026-08-20T14:49:52Z,2026-09-17T13:44:09Z
23976,3445,completed,2324.94,0,241,,,,,23802,29.47,2026-08-12T04:14:46Z,2026-09-17T13:44:09Z
23977,4007,completed,600.94,14.99,225,,,,,,19.27,2026-09-09T21:07:03Z,2026-09-17T13:44:09Z
23978,2395,completed,1255.88,7.99,224,,,,,,93.93,2026-08-05T20:34:06Z,2026-09-17T13:44:09Z
23979,3824,cancelled,479.94,14.99,228,,,,,,60.05,2026-09-03T03:29:59Z,2026-09-17T13:44:09Z
23980,2556,pending,4379.94,0,,,,,,,74.92,2026-08-12T06:01:19Z,2026-09-17T13:44:09Z
23981,4215,confirmed,303.94,7.99,246,,,,,,25.57,2026-08-20T09:53:19Z,2026-09-17T13:44:09Z
23982,3828,processing,5779.92,7.99,223,,,,,25771,21.02,2026-08-06T07:40:12Z,2026-09-17T13:44:09Z
23983,4033,routed,5354.9,7.99,230,,,,,25945,34.29,2026-09-03T15:07:29Z,2026-09-17T13:44:09Z
23984,2633,completed,129.98,7.99,248,,,,,,68.89,2026-09-09T16:40:26Z,2026-09-17T13:44:09Z
23985,2267,completed,662.93,7.99,221,,,,,,17.61,2026-07-29T14:26:25Z,2026-09-17T13:44:09Z
23986,2724,completed,798.95,0,229,,,,,,41.63,2026-09-02T00:27:42Z,2026-09-17T13:44:09Z
23987,3165,cancelled,1139.9,7.99,222,,,,,,18.8,2026-08-26T06:51:23Z,2026-09-17T13:44:09Z
23988,2517,pending,389.93,7.99,,,,,,,91.35,2026-08-20T13:38:05Z,2026-09-17T13:44:09Z
23989,2929,confirmed,2069.9,7.99,232,,,,,,72.05,2026-07-31T04:42:04Z,2026-09-17T13:44:09Z
23990,3522,processing,789.9,7.99,234,,,,,,44.69,2026-09-09T22:51:53Z,2026-09-17T13:44:09Z
23991,2464,routed,718.91,0,235,,,,,,41.17,2026-08-30T10:18:12Z,2026-09-17T13:44:09Z
23992,3745,completed,319.98,0,231,,,,,,26.14,2026-08-26T05:34:31Z,2026-09-17T13:44:09Z
23993,2865,completed,1034.88,7.99,245,,,,,,91.02,2026-09-08T20:56:55Z,2026-09-17T13:44:09Z
23994,4210,completed,1199.97,7.99,230,,,,,,16.34,2026-08-05T18:09:00Z,2026-09-17T13:44:09Z
23995,3459,cancelled,2998.95,7.99,241,,,,,,87.69,2026-08-29T13:49:28Z,2026-09-17T13:44:09Z
23996,3982,pending,1369.93,14.99,,,,,,,63.88,2026-08-31T20:16:45Z,2026-09-17T13:44:09Z
23997,3045,confirmed,271.92,0,229,,,,,,57.45,2026-09-02T09:06:55Z,2026-09-17T13:44:09Z
23998,2516,processing,3354.95,0,222,,,,,22654,55.22,2026-09-06T07:13:30Z,2026-09-17T13:44:09Z
23999,4084,routed,211.95,7.99,230,,,,,,67.51,2026-08-12T16:57:14Z,2026-09-17T13:44:09Z
24000,3026,completed,2849.94,0,230,,,,,25330,71.25,2026-08-28T00:51:01Z,2026-09-17T13:44:09Z
24001,2621,completed,1049.95,0,237,,,,,,82.87,2026-08-13T21:17:02Z,2026-09-17T13:44:09Z
24002,3814,completed,1969.88,7.99,245,,,,,26002,89.59,2026-08-24T08:03:38Z,2026-09-17T13:44:09Z
24003,3581,cancelled,372.96,7.99,226,,,,,,51.09,2026-07-31T01:45:48Z,2026-09-17T13:44:09Z
24004,2936,pending,682.93,7.99,,,,,,,52.27,2026-08-13T01:00:14Z,2026-09-17T13:44:09Z
24005,2513,confirmed,189.96,7.99,250,,,,,,35.93,2026-08-21T10:30:52Z,2026-09-17T13:44:09Z
24006,3477,processing,1199.94,7.99,221,,,,,,12.16,2026-07-26T02:41:10Z,2026-09-17T13:44:09Z
24007,2768,routed,5939.92,14.99,245,,,,,,77.32,2026-08-13T03:07:28Z,2026-09-17T13:44:09Z
24008,2527,completed,941.91,7.99,235,,,,,24637,17.75,2026-07-29T16:07:11Z,2026-09-17T13:44:09Z
24009,3717,completed,586.91,7.99,247,,,,,,37.71,2026-08-29T05:13:09Z,2026-09-17T13:44:09Z
24010,4019,completed,2187.94,7.99,228,,,,,,35.09,2026-08-09T19:49:09Z,2026-09-17T13:44:09Z
24011,3839,cancelled,7499.97,0,228,,,,,,32.74,2026-08-18T00:47:56Z,2026-09-17T13:44:09Z
24012,2697,pending,1939.94,14.99,,,,,,26623,15.88,2026-09-06T23:51:32Z,2026-09-17T13:44:09Z
24013,3358,confirmed,700.94,7.99,233,,,,,,61.25,2026-08-08T12:18:05Z,2026-09-17T13:44:09Z
24014,2422,processing,1034.97,7.99,235,,,,,,23.13,2026-09-16T09:39:55Z,2026-09-17T13:44:09Z
24015,2501,routed,1979.9,7.99,249,,,,,25531,75.94,2026-07-20T13:03:34Z,2026-09-17T13:44:09Z
24016,3015,completed,899.95,0,242,,,,,,17.49,2026-09-05T04:18:30Z,2026-09-17T13:44:09Z
24017,3588,completed,3484.98,7.99,223,,,,,,71.76,2026-08-17T02:06:02Z,2026-09-17T13:44:09Z
24018,2599,completed,12296.89,7.99,239,,,,,,26.91,2026-09-03T20:32:47Z,2026-09-17T13:44:09Z
24019,3096,cancelled,374.95,0,245,,,,,,62.2,2026-09-10T02:13:21Z,2026-09-17T13:44:09Z
24020,3016,pending,299.97,14.99,,,,,,25776,64.16,2026-08-01T19:48:28Z,2026-09-17T13:44:09Z
24021,3856,confirmed,399.97,0,250,,,,,,54.09,2026-08-09T10:19:46Z,2026-09-17T13:44:09Z
24022,3445,processing,724.92,14.99,244,,,,,25873,80.04,2026-07-28T18:01:08Z,2026-09-17T13:44:09Z
24023,3218,routed,659.97,0,229,,,,,,41.53,2026-09-08T21:04:06Z,2026-09-17T13:44:09Z
24024,2515,completed,277.93,7.99,245,,,,,24780,85.17,2026-08-20T21:41:48Z,2026-09-17T13:44:09Z
24025,3571,completed,12449.9,7.99,237,,,,,22930,44.26,2026-08-25T21:13:16Z,2026-09-17T13:44:09Z
24026,2804,completed,305.96,7.99,242,,,,,,83.87,2026-08-13T18:22:46Z,2026-09-17T13:44:09Z
24027,2901,cancelled,8713.94,7.99,246,,,,,,25.62,2026-07-21T08:48:41Z,2026-09-17T13:44:09Z
24028,2712,pending,5759.92,14.99,,,,,,23548,28.26,2026-07-27T09:54:49Z,2026-09-17T13:44:09Z
24029,3114,confirmed,1728.9,7.99,247,,,,,,86.26,2026-08-30T22:00:47Z,2026-09-17T13:44:09Z
24030,3090,processing,3507.89,7.99,237,,,,,,60.94,2026-08-18T07:37:06Z,2026-09-17T13:44:09Z
24031,2628,routed,219.97,7.99,228,,,,,,24.05,2026-07-28T08:51:20Z,2026-09-17T13:44:09Z
24032,2672,completed,22.99,7.99,249,,,,,,46.87,2026-09-11T06:18:09Z,2026-09-17T13:44:09Z
24033,2919,completed,685.92,7.99,238,,,,,,66.97,2026-07-22T09:07:29Z,2026-09-17T13:44:09Z
24034,3953,completed,1809.94,7.99,232,,,,,,51.36,2026-08-01T07:12:43Z,2026-09-17T13:44:09Z
24035,3275,cancelled,39.99,14.99,224,,,,,,11.38,2026-07-29T18:58:21Z,2026-09-17T13:44:09Z
24036,2963,pending,1309.91,7.99,,,,,,26690,52.81,2026-07-19T17:14:28Z,2026-09-17T13:44:09Z
24037,3479,confirmed,359.97,7.99,222,,,,,23347,62.38,2026-07-29T21:15:03Z,2026-09-17T13:44:09Z
24038,2973,processing,169.98,7.99,245,,,,,23004,42.99,2026-08-22T21:40:23Z,2026-09-17T13:44:09Z
24039,4091,routed,458.96,7.99,223,,,,,,35.06,2026-08-30T12:20:19Z,2026-09-17T13:44:09Z
24040,3618,completed,2178.97,7.99,241,,,,,,29.11,2026-07-25T02:11:08Z,2026-09-17T13:44:09Z
24041,2560,completed,2685,7.99,241,,,,,22750,37.07,2026-07-29T23:17:02Z,2026-09-17T13:44:09Z
24042,3744,completed,1104.92,7.99,223,,,,,,67.73,2026-08-09T08:07:45Z,2026-09-17T13:44:09Z
24043,3504,cancelled,1534.98,14.99,232,,,,,25681,11.11,2026-08-03T03:01:20Z,2026-09-17T13:44:09Z
24044,3708,pending,877.9,7.99,,,,,,,33.62,2026-08-30T16:16:44Z,2026-09-17T13:44:09Z
24045,3541,confirmed,1324.97,7.99,222,,,,,,43.4,2026-07-28T21:10:37Z,2026-09-17T13:44:09Z
24046,2229,processing,93.98,7.99,233,,,,,,44.27,2026-08-16T00:01:46Z,2026-09-17T13:44:09Z
24047,3563,routed,494.94,7.99,248,,,,,25957,69.09,2026-08-01T11:00:50Z,2026-09-17T13:44:09Z
24048,3910,completed,3514.89,7.99,248,,,,,,36.49,2026-08-10T01:26:13Z,2026-09-17T13:44:09Z
24049,3925,completed,1368.96,14.99,226,,,,,23539,11.42,2026-08-04T02:00:01Z,2026-09-17T13:44:09Z
24050,2845,completed,319.98,0,223,,,,,,63.71,2026-08-17T15:05:29Z,2026-09-17T13:44:09Z
24051,3610,cancelled,9108.92,0,223,,,,,,14.88,2026-09-15T22:09:34Z,2026-09-17T13:44:09Z
24052,3675,pending,312.94,7.99,,,,,,,89.26,2026-08-01T12:10:30Z,2026-09-17T13:44:09Z
24053,4213,confirmed,3949.95,7.99,221,,,,,,32.72,2026-08-17T01:13:55Z,2026-09-17T13:44:09Z
24054,3203,processing,49.98,0,227,,,,,,71.46,2026-09-06T19:10:40Z,2026-09-17T13:44:09Z
24055,3602,routed,89.99,0,227,,,,,23673,50.56,2026-08-25T00:10:00Z,2026-09-17T13:44:09Z
24056,3139,completed,1897.88,7.99,247,,,,,,11.45,2026-08-26T09:27:57Z,2026-09-17T13:44:09Z
24057,2879,completed,1099.98,7.99,235,,,,,,89.78,2026-08-29T00:27:49Z,2026-09-17T13:44:09Z
24058,3865,completed,489.97,0,234,,,,,,33.18,2026-08-17T20:16:21Z,2026-09-17T13:44:09Z
24059,3551,cancelled,279.99,14.99,235,,,,,,47.3,2026-08-16T05:24:34Z,2026-09-17T13:44:09Z
24060,4195,pending,139.98,7.99,,,,,,,78.4,2026-07-31T21:20:17Z,2026-09-17T13:44:09Z
24061,2873,confirmed,1099.96,7.99,227,,,,,,69.96,2026-09-09T15:28:16Z,2026-09-17T13:44:09Z
24062,4007,processing,69.99,14.99,227,,,,,,47.68,2026-08-17T02:00:06Z,2026-09-17T13:44:09Z
24063,3840,routed,154.97,0,226,,,,,,16.59,2026-08-30T03:52:29Z,2026-09-17T13:44:09Z
24064,2563,completed,176.97,7.99,236,,,,,,57.32,2026-08-19T04:57:38Z,2026-09-17T13:44:09Z
24065,2618,completed,68.97,7.99,221,,,,,,11.01,2026-09-04T12:40:03Z,2026-09-17T13:44:09Z
24066,3962,completed,434.98,0,249,,,,,26827,17.4,2026-07-31T17:55:43Z,2026-09-17T13:44:09Z
24067,4151,cancelled,899.98,7.99,231,,,,,22672,26.09,2026-07-29T00:32:23Z,2026-09-17T13:44:09Z
24068,2430,pending,339.95,0,,,,,,,41.21,2026-08-09T09:58:18Z,2026-09-17T13:44:09Z
24069,3098,confirmed,394.95,7.99,224,,,,,,82.05,2026-09-04T01:57:59Z,2026-09-17T13:44:09Z
24070,3435,processing,159.98,7.99,238,,,,,,48.22,2026-09-16T16:02:36Z,2026-09-17T13:44:09Z
24071,4118,routed,2244.94,0,241,,,,,,49.6,2026-07-23T13:25:46Z,2026-09-17T13:44:09Z
24072,2294,completed,224.97,7.99,242,,,,,,88.53,2026-09-12T04:12:31Z,2026-09-17T13:44:09Z
24073,2636,completed,799.96,14.99,249,,,,,,68.71,2026-09-12T18:42:14Z,2026-09-17T13:44:09Z
24074,3423,completed,376.96,0,246,,,,,,44.28,2026-08-17T19:06:45Z,2026-09-17T13:44:09Z
24075,4053,cancelled,3463.91,7.99,233,,,,,,64.12,2026-08-13T06:31:01Z,2026-09-17T13:44:09Z
24076,3280,pending,1539.97,7.99,,,,,,,44.79,2026-08-16T01:51:37Z,2026-09-17T13:44:09Z
24077,3216,confirmed,1179.96,14.99,223,,,,,,91.51,2026-08-22T08:24:23Z,2026-09-17T13:44:09Z
24078,3727,processing,399.98,7.99,242,,,,,22336,91.93,2026-08-13T02:59:13Z,2026-09-17T13:44:09Z
24079,2399,routed,3389.9,7.99,223,,,,,,14.76,2026-08-23T16:40:22Z,2026-09-17T13:44:09Z
24080,2474,completed,137.96,7.99,237,,,,,,83.18,2026-08-30T21:34:47Z,2026-09-17T13:44:09Z
24081,3019,completed,116.97,0,229,,,,,25412,61.9,2026-09-13T10:36:26Z,2026-09-17T13:44:09Z
24082,2970,completed,415.94,0,237,,,,,,39.8,2026-09-08T08:08:34Z,2026-09-17T13:44:09Z
24083,3423,cancelled,543.96,7.99,222,,,,,25417,53.92,2026-08-05T02:15:42Z,2026-09-17T13:44:09Z
24084,2574,pending,719.9,7.99,,,,,,,59.32,2026-07-22T17:05:27Z,2026-09-17T13:44:09Z
24085,2821,confirmed,654.95,0,250,,,,,26610,11.42,2026-08-14T23:39:57Z,2026-09-17T13:44:09Z
24086,3242,processing,269.97,7.99,248,,,,,23807,24.74,2026-09-12T17:56:31Z,2026-09-17T13:44:09Z
24087,3115,routed,1249.98,7.99,237,,,,,26452,90.39,2026-07-19T17:03:31Z,2026-09-17T13:44:09Z
24088,3057,completed,1739.91,7.99,226,,,,,23538,28.13,2026-08-07T00:21:29Z,2026-09-17T13:44:09Z
24089,2505,completed,62.98,14.99,225,,,,,24380,60.48,2026-09-05T05:08:34Z,2026-09-17T13:44:09Z
24090,2922,completed,609.94,7.99,247,,,,,,88.62,2026-08-19T14:29:25Z,2026-09-17T13:44:09Z
24091,3404,cancelled,588.96,0,225,,,,,22856,73.41,2026-08-03T16:34:55Z,2026-09-17T13:44:09Z
24092,2421,pending,1799.98,7.99,,,,,,23568,87.82,2026-09-05T16:55:04Z,2026-09-17T13:44:09Z
24093,4190,confirmed,1445.92,0,244,,,,,,69.86,2026-09-06T01:27:07Z,2026-09-17T13:44:09Z
24094,2953,processing,349.99,7.99,243,,,,,,46.96,2026-07-23T23:56:43Z,2026-09-17T13:44:09Z
24095,2665,routed,1413.95,7.99,247,,,,,22859,19,2026-09-13T04:54:49Z,2026-09-17T13:44:09Z
24096,2695,completed,384.91,7.99,243,,,,,,62.46,2026-08-06T04:22:41Z,2026-09-17T13:44:09Z
24097,3922,completed,899.97,7.99,226,,,,,,91.56,2026-07-26T16:58:45Z,2026-09-17T13:44:09Z
24098,2480,completed,539.97,14.99,222,,,,,23691,22.69,2026-07-29T17:50:42Z,2026-09-17T13:44:09Z
24099,2339,cancelled,86.97,0,233,,,,,,84.82,2026-09-05T04:53:32Z,2026-09-17T13:44:09Z
24100,3371,pending,5159.91,0,,,,,,,23.38,2026-08-29T17:20:23Z,2026-09-17T13:44:09Z
24101,3792,confirmed,149.97,7.99,249,,,,,,38.52,2026-08-03T19:30:49Z,2026-09-17T13:44:09Z
24102,3748,processing,1659.96,0,250,,,,,24096,65.61,2026-08-14T12:40:09Z,2026-09-17T13:44:09Z
24103,2979,routed,179.97,7.99,248,,,,,,16.29,2026-09-12T03:26:17Z,2026-09-17T13:44:09Z
24104,2987,completed,794.91,7.99,227,,,,,,68.22,2026-08-28T05:39:12Z,2026-09-17T13:44:09Z
24105,3047,completed,149.97,14.99,236,,,,,,49.74,2026-08-18T21:20:26Z,2026-09-17T13:44:09Z
24106,3402,completed,1818.88,14.99,231,,,,,,84.96,2026-09-15T18:15:06Z,2026-09-17T13:44:09Z
24107,4045,cancelled,944.97,14.99,241,,,,,,51.71,2026-08-19T09:30:36Z,2026-09-17T13:44:09Z
24108,3706,pending,288.96,7.99,,,,,,23865,35.93,2026-08-26T10:57:57Z,2026-09-17T13:44:09Z
24109,2876,confirmed,959.95,14.99,235,,,,,,31.82,2026-09-14T00:11:06Z,2026-09-17T13:44:09Z
24110,2557,processing,908.9,7.99,249,,,,,,69.97,2026-08-19T13:09:45Z,2026-09-17T13:44:09Z
24111,3079,routed,639.97,0,226,,,,,,18.81,2026-08-18T19:53:22Z,2026-09-17T13:44:09Z
24112,4042,completed,21.99,0,229,,,,,,51.85,2026-09-16T22:29:26Z,2026-09-17T13:44:09Z
24113,2989,completed,1159.95,0,233,,,,,,51.63,2026-08-07T09:46:29Z,2026-09-17T13:44:09Z
24114,4097,completed,279.94,0,242,,,,,,43.54,2026-08-17T16:37:18Z,2026-09-17T13:44:09Z
24115,4192,cancelled,453.91,7.99,244,,,,,,93.77,2026-08-22T13:29:23Z,2026-09-17T13:44:09Z
24116,3962,pending,475.92,0,,,,,,23280,78.12,2026-09-17T06:35:43Z,2026-09-17T13:44:09Z
24117,3564,confirmed,864.9,0,239,,,,,,71.87,2026-08-09T14:32:40Z,2026-09-17T13:44:09Z
24118,3332,processing,1144.96,0,226,,,,,,82.04,2026-08-17T09:53:50Z,2026-09-17T13:44:09Z
24119,3756,routed,1400.97,7.99,249,,,,,,72.91,2026-08-31T09:07:46Z,2026-09-17T13:44:09Z
24120,4181,completed,599.95,14.99,242,,,,,,19.88,2026-09-12T15:53:05Z,2026-09-17T13:44:09Z
24121,4055,completed,319.98,0,233,,,,,,60.15,2026-08-13T02:28:52Z,2026-09-17T13:44:09Z
24122,3001,completed,304.97,7.99,221,,,,,,69.38,2026-09-06T08:16:50Z,2026-09-17T13:44:09Z
24123,3895,cancelled,3649.92,7.99,233,,,,,,12.49,2026-08-14T21:05:17Z,2026-09-17T13:44:09Z
24124,3165,pending,5719.9,0,,,,,,26911,89.86,2026-07-23T17:53:48Z,2026-09-17T13:44:09Z
24125,2738,confirmed,246.93,0,221,,,,,,79.02,2026-09-11T10:21:55Z,2026-09-17T13:44:09Z
24126,3628,processing,954.9,7.99,238,,,,,,59.92,2026-08-25T09:11:00Z,2026-09-17T13:44:09Z
24127,3862,routed,2008.9,14.99,234,,,,,23654,39.96,2026-09-01T15:53:35Z,2026-09-17T13:44:09Z
24128,2525,completed,149.97,14.99,247,,,,,,28.57,2026-07-24T04:15:26Z,2026-09-17T13:44:09Z
24129,3843,completed,580.94,7.99,226,,,,,24795,29.19,2026-09-14T01:31:07Z,2026-09-17T13:44:09Z
24130,2895,completed,49.99,14.99,232,,,,,,71.37,2026-08-17T01:32:04Z,2026-09-17T13:44:09Z
24131,4074,cancelled,969.92,7.99,242,,,,,22221,52.19,2026-09-14T03:52:01Z,2026-09-17T13:44:09Z
24132,2392,pending,335.95,0,,,,,,23803,82.34,2026-08-28T06:24:53Z,2026-09-17T13:44:09Z
24133,3415,confirmed,116.98,7.99,226,,,,,,63.33,2026-07-29T19:59:26Z,2026-09-17T13:44:09Z
24134,2288,processing,719.95,14.99,243,,,,,23972,20.4,2026-08-10T06:54:03Z,2026-09-17T13:44:09Z
24135,3857,routed,11999.97,0,229,,,,,,94.8,2026-09-16T00:23:38Z,2026-09-17T13:44:09Z
24136,3751,completed,1010.93,0,236,,,,,,80.66,2026-09-11T00:16:58Z,2026-09-17T13:44:09Z
24137,2398,completed,2149.9,0,241,,,,,,63.13,2026-07-28T06:38:55Z,2026-09-17T13:44:09Z
24138,3727,completed,1059.91,7.99,228,,,,,,54.04,2026-08-05T17:57:14Z,2026-09-17T13:44:09Z
24139,4126,cancelled,319.98,7.99,233,,,,,,49.61,2026-08-18T12:04:19Z,2026-09-17T13:44:09Z
24140,2960,pending,639.96,0,,,,,,,24.94,2026-07-19T22:04:12Z,2026-09-17T13:44:09Z
24141,2993,confirmed,415.96,7.99,228,,,,,23025,75.14,2026-08-19T13:14:47Z,2026-09-17T13:44:09Z
24142,3757,processing,249.99,7.99,245,,,,,,26.86,2026-09-09T10:55:56Z,2026-09-17T13:44:09Z
24143,3104,routed,1459.93,14.99,230,,,,,,83.03,2026-09-13T05:54:24Z,2026-09-17T13:44:09Z
24144,4004,completed,5099.88,7.99,224,,,,,23915,65.08,2026-08-29T09:57:53Z,2026-09-17T13:44:09Z
24145,2683,completed,89.99,0,239,,,,,23987,22.88,2026-08-01T20:25:33Z,2026-09-17T13:44:09Z
24146,2844,completed,2229.97,7.99,244,,,,,,12.22,2026-08-18T03:29:19Z,2026-09-17T13:44:09Z
24147,3848,cancelled,419.96,0,221,,,,,,74.35,2026-08-26T16:48:47Z,2026-09-17T13:44:09Z
24148,2301,pending,1579.88,7.99,,,,,,,23.2,2026-08-09T11:40:15Z,2026-09-17T13:44:09Z
24149,2863,confirmed,339.96,7.99,221,,,,,27046,91.82,2026-08-13T03:16:10Z,2026-09-17T13:44:09Z
24150,3686,processing,779.9,0,242,,,,,,49.82,2026-08-17T22:23:01Z,2026-09-17T13:44:09Z
24151,3804,routed,1449.96,0,240,,,,,,25.7,2026-08-10T19:23:21Z,2026-09-17T13:44:09Z
24152,3536,completed,457.93,0,221,,,,,,89.75,2026-08-25T19:15:12Z,2026-09-17T13:44:09Z
24153,3361,completed,3304.97,0,247,,,,,,10.56,2026-07-31T07:51:50Z,2026-09-17T13:44:09Z
24154,4167,completed,264.92,0,226,,,,,,56.12,2026-09-06T01:35:14Z,2026-09-17T13:44:09Z
24155,3856,cancelled,1969.92,14.99,234,,,,,,18.54,2026-08-05T16:57:06Z,2026-09-17T13:44:09Z
24156,4004,pending,78.98,0,,,,,,,15.38,2026-07-30T12:12:02Z,2026-09-17T13:44:09Z
24157,3662,confirmed,249.99,0,228,,,,,,22.89,2026-09-08T21:00:00Z,2026-09-17T13:44:09Z
24158,2368,processing,2819.94,0,231,,,,,,63.42,2026-07-22T23:21:21Z,2026-09-17T13:44:09Z
24159,3624,routed,2076.92,7.99,242,,,,,27108,77.08,2026-07-31T21:19:37Z,2026-09-17T13:44:09Z
24160,2846,completed,1349.91,7.99,228,,,,,,34.37,2026-07-31T05:39:37Z,2026-09-17T13:44:09Z
24161,2528,completed,3177.98,0,233,,,,,25363,90.75,2026-08-22T00:57:41Z,2026-09-17T13:44:09Z
24162,2958,completed,12089.96,0,245,,,,,,85.63,2026-09-15T17:06:47Z,2026-09-17T13:44:09Z
24163,2845,cancelled,1319.94,14.99,226,,,,,,37.71,2026-07-31T11:08:03Z,2026-09-17T13:44:09Z
24164,2433,pending,1284.94,0,,,,,,,63.02,2026-09-01T00:21:44Z,2026-09-17T13:44:09Z
24165,4058,confirmed,99.99,7.99,246,,,,,,28.37,2026-07-23T19:20:06Z,2026-09-17T13:44:09Z
24166,2705,processing,1268.94,7.99,230,,,,,23013,62.45,2026-08-13T06:38:10Z,2026-09-17T13:44:09Z
24167,4160,routed,851.91,0,229,,,,,,78.25,2026-07-22T23:15:11Z,2026-09-17T13:44:09Z
24168,3446,completed,487.92,0,226,,,,,,75.98,2026-08-11T01:11:51Z,2026-09-17T13:44:09Z
24169,2892,completed,899.98,7.99,222,,,,,,59.1,2026-09-07T10:18:26Z,2026-09-17T13:44:09Z
24170,3996,completed,2407.88,0,235,,,,,,81.41,2026-08-01T06:57:33Z,2026-09-17T13:44:09Z
24171,2838,cancelled,4635,14.99,224,,,,,,76.14,2026-08-28T13:14:47Z,2026-09-17T13:44:09Z
24172,3641,pending,3409.91,14.99,,,,,,,58.29,2026-08-20T15:02:28Z,2026-09-17T13:44:09Z
24173,2941,confirmed,3389.94,7.99,231,,,,,,90.9,2026-08-06T16:16:38Z,2026-09-17T13:44:09Z
24174,2231,processing,9559.89,7.99,238,,,,,26909,34.78,2026-08-23T01:58:46Z,2026-09-17T13:44:09Z
24175,3153,routed,424.97,7.99,225,,,,,,85.47,2026-07-24T15:20:19Z,2026-09-17T13:44:09Z
24176,3367,completed,39.99,0,236,,,,,25013,32.7,2026-08-03T00:57:59Z,2026-09-17T13:44:09Z
24177,3271,completed,536.94,0,225,,,,,25046,25.12,2026-08-07T07:01:09Z,2026-09-17T13:44:09Z
24178,2852,completed,2512.9,7.99,239,,,,,26546,65.59,2026-09-11T21:46:08Z,2026-09-17T13:44:09Z
24179,2381,cancelled,839.91,14.99,247,,,,,,27.48,2026-08-18T21:50:06Z,2026-09-17T13:44:09Z
24180,4219,pending,2029.94,14.99,,,,,,25876,89.84,2026-08-21T20:57:58Z,2026-09-17T13:44:09Z
24181,2454,confirmed,239.98,7.99,221,,,,,22616,30.5,2026-08-27T00:11:40Z,2026-09-17T13:44:09Z
24182,2361,processing,574.92,14.99,225,,,,,25901,25.38,2026-09-08T14:46:07Z,2026-09-17T13:44:09Z
24183,3687,routed,2864.88,7.99,239,,,,,27202,54.27,2026-07-27T22:10:16Z,2026-09-17T13:44:09Z
24184,2741,completed,294.96,0,226,,,,,,92.54,2026-08-21T00:52:49Z,2026-09-17T13:44:09Z
24185,2707,completed,339.94,14.99,240,,,,,,10.6,2026-08-14T23:50:19Z,2026-09-17T13:44:09Z
24186,2342,completed,989.97,0,248,,,,,,28.08,2026-08-21T06:12:21Z,2026-09-17T13:44:09Z
24187,3789,cancelled,499.99,7.99,231,,,,,,72.89,2026-08-30T00:04:11Z,2026-09-17T13:44:09Z
24188,2783,pending,1251.94,0,,,,,,,73.01,2026-08-31T08:41:54Z,2026-09-17T13:44:09Z
24189,3065,confirmed,3064.91,7.99,226,,,,,26763,39.24,2026-08-25T08:17:16Z,2026-09-17T13:44:09Z
24190,3510,processing,908.93,14.99,235,,,,,,58.82,2026-09-09T16:56:41Z,2026-09-17T13:44:09Z
24191,4038,routed,1059.9,14.99,222,,,,,,93.88,2026-08-07T15:02:14Z,2026-09-17T13:44:09Z
24192,2649,completed,403.95,7.99,246,,,,,,47.5,2026-08-15T12:31:32Z,2026-09-17T13:44:09Z
24193,4180,completed,1458.94,7.99,240,,,,,,66.08,2026-08-03T18:53:15Z,2026-09-17T13:44:09Z
24194,2629,completed,1439.93,7.99,231,,,,,23417,27.85,2026-09-03T20:01:06Z,2026-09-17T13:44:09Z
24195,3051,cancelled,341.91,14.99,235,,,,,,51.77,2026-08-07T04:14:58Z,2026-09-17T13:44:09Z
24196,2659,pending,379.95,7.99,,,,,,26558,55.29,2026-08-07T16:59:38Z,2026-09-17T13:44:09Z
24197,3307,confirmed,419.94,7.99,242,,,,,,63.7,2026-08-29T22:09:36Z,2026-09-17T13:44:09Z
24198,2986,processing,389.97,7.99,240,,,,,,44.69,2026-09-12T18:31:25Z,2026-09-17T13:44:09Z
24199,2958,routed,3263.93,7.99,223,,,,,,32.25,2026-08-29T00:07:25Z,2026-09-17T13:44:09Z
24200,2434,completed,539.95,7.99,238,,,,,,80.98,2026-09-01T11:37:45Z,2026-09-17T13:44:09Z
24201,4008,completed,3799.91,0,236,,,,,,45.79,2026-09-10T04:35:10Z,2026-09-17T13:44:09Z
24202,2846,completed,989.98,0,231,,,,,,35.08,2026-08-03T00:02:18Z,2026-09-17T13:44:09Z
24203,4040,cancelled,734.92,7.99,229,,,,,,94.56,2026-09-12T04:09:47Z,2026-09-17T13:44:09Z
24204,2520,pending,509.97,0,,,,,,,73.35,2026-08-18T13:41:21Z,2026-09-17T13:44:09Z
24205,2371,confirmed,839.92,7.99,224,,,,,,11.96,2026-09-11T18:12:16Z,2026-09-17T13:44:09Z
24206,3430,processing,4725.91,0,249,,,,,,62.22,2026-09-09T09:29:12Z,2026-09-17T13:44:09Z
24207,3789,routed,1779.94,0,247,,,,,,41.32,2026-07-28T06:20:14Z,2026-09-17T13:44:09Z
24208,2252,completed,1949.91,0,224,,,,,26577,18.04,2026-08-18T03:11:43Z,2026-09-17T13:44:09Z
24209,3920,completed,752.95,0,231,,,,,,86.87,2026-07-31T05:35:08Z,2026-09-17T13:44:09Z
24210,4203,completed,1609.89,7.99,237,,,,,,75.35,2026-09-07T21:53:59Z,2026-09-17T13:44:09Z
24211,3398,cancelled,3929.91,0,242,,,,,24423,91.19,2026-08-05T09:23:15Z,2026-09-17T13:44:09Z
24212,3432,pending,9999.91,7.99,,,,,,,69.98,2026-09-01T19:01:29Z,2026-09-17T13:44:09Z
24213,2540,confirmed,954.94,7.99,240,,,,,,17.36,2026-07-23T20:38:45Z,2026-09-17T13:44:09Z
24214,3158,processing,964.98,0,237,,,,,,40.88,2026-08-31T22:41:05Z,2026-09-17T13:44:09Z
24215,2387,routed,429.97,7.99,229,,,,,,51.94,2026-08-07T09:49:30Z,2026-09-17T13:44:09Z
24216,3159,completed,508.96,0,243,,,,,,16.35,2026-08-30T13:46:57Z,2026-09-17T13:44:09Z
24217,3890,completed,1076.96,0,228,,,,,,51.71,2026-09-03T14:15:28Z,2026-09-17T13:44:09Z
24218,3792,completed,3819.92,7.99,225,,,,,26838,53.67,2026-09-02T13:40:06Z,2026-09-17T13:44:09Z
24219,2965,cancelled,2159.92,0,243,,,,,23444,55.52,2026-08-18T03:31:47Z,2026-09-17T13:44:09Z
24220,2954,pending,679.94,0,,,,,,23287,67.66,2026-07-27T09:21:05Z,2026-09-17T13:44:09Z
24221,3792,confirmed,1519.94,7.99,242,,,,,,76.32,2026-09-07T18:51:35Z,2026-09-17T13:44:09Z
24222,2936,processing,299.98,7.99,233,,,,,25001,32.26,2026-08-12T07:08:32Z,2026-09-17T13:44:09Z
24223,2630,routed,4168.95,14.99,238,,,,,,12.14,2026-09-17T13:05:10Z,2026-09-17T13:44:09Z
24224,2413,completed,1051.91,7.99,227,,,,,,63.27,2026-08-05T10:28:10Z,2026-09-17T13:44:09Z
24225,2597,completed,2824.93,0,231,,,,,,81.56,2026-08-04T23:58:15Z,2026-09-17T13:44:09Z
24226,3884,completed,749.95,0,230,,,,,,36.97,2026-08-20T19:03:31Z,2026-09-17T13:44:09Z
24227,3046,cancelled,2619.9,0,234,,,,,,22.27,2026-08-07T05:29:03Z,2026-09-17T13:44:09Z
24228,3303,pending,699.94,7.99,,,,,,,39.45,2026-07-24T06:31:50Z,2026-09-17T13:44:09Z
24229,2427,confirmed,386.91,7.99,248,,,,,,20.71,2026-08-10T00:04:13Z,2026-09-17T13:44:09Z
24230,2564,processing,39.99,7.99,222,,,,,,93.44,2026-07-24T12:21:45Z,2026-09-17T13:44:09Z
24231,2864,routed,898.94,7.99,248,,,,,,17.09,2026-07-24T16:57:01Z,2026-09-17T13:44:09Z
24232,3615,completed,449.94,7.99,236,,,,,,47.81,2026-08-29T16:40:08Z,2026-09-17T13:44:09Z
24233,3177,completed,994.92,0,242,,,,,,57.37,2026-08-31T12:59:12Z,2026-09-17T13:44:09Z
24234,4015,completed,337.95,14.99,249,,,,,,14.9,2026-09-07T16:08:40Z,2026-09-17T13:44:09Z
24235,3385,cancelled,104.97,0,226,,,,,23277,80.97,2026-09-01T06:22:18Z,2026-09-17T13:44:09Z
24236,3067,pending,1654.92,7.99,,,,,,,94.86,2026-07-20T07:08:40Z,2026-09-17T13:44:09Z
24237,3163,confirmed,799.99,7.99,236,,,,,,86.83,2026-07-27T21:08:22Z,2026-09-17T13:44:09Z
24238,2436,processing,1027.9,0,249,,,,,,87.29,2026-08-02T01:38:05Z,2026-09-17T13:44:09Z
24239,3818,routed,614.94,14.99,226,,,,,,25.13,2026-09-07T02:26:42Z,2026-09-17T13:44:09Z
24240,3522,completed,699.96,14.99,222,,,,,,11.24,2026-08-21T11:08:04Z,2026-09-17T13:44:09Z
24241,3386,completed,1799.98,14.99,229,,,,,,36.93,2026-08-23T08:54:56Z,2026-09-17T13:44:09Z
24242,3195,completed,374.96,0,240,,,,,,12.23,2026-08-30T04:05:40Z,2026-09-17T13:44:09Z
24243,3537,cancelled,372.96,0,228,,,,,,88.42,2026-09-11T23:00:48Z,2026-09-17T13:44:09Z
24244,2425,pending,104.97,7.99,,,,,,,65.44,2026-07-23T09:05:54Z,2026-09-17T13:44:09Z
24245,2508,confirmed,8724.96,7.99,250,,,,,23634,76.93,2026-08-18T23:11:15Z,2026-09-17T13:44:09Z
24246,3727,processing,337.94,0,239,,,,,26494,37.51,2026-08-29T16:04:00Z,2026-09-17T13:44:09Z
24247,3518,routed,2159.95,14.99,242,,,,,,22.14,2026-08-05T23:11:15Z,2026-09-17T13:44:09Z
24248,3445,completed,7279.9,7.99,228,,,,,,53.08,2026-08-15T03:12:18Z,2026-09-17T13:44:09Z
24249,2502,completed,119.97,7.99,249,,,,,,76.6,2026-07-27T01:20:03Z,2026-09-17T13:44:09Z
24250,3361,completed,223.96,14.99,231,,,,,,60.14,2026-09-11T02:20:43Z,2026-09-17T13:44:09Z
24251,3270,cancelled,5059.95,0,238,,,,,25764,13.74,2026-09-15T06:12:39Z,2026-09-17T13:44:09Z
24252,2278,pending,214.95,7.99,,,,,,,60.07,2026-09-13T02:37:47Z,2026-09-17T13:44:09Z
24253,2862,confirmed,1346.95,7.99,224,,,,,,36.22,2026-08-26T02:38:43Z,2026-09-17T13:44:09Z
24254,3415,processing,899.91,0,241,,,,,,41.98,2026-08-09T06:38:55Z,2026-09-17T13:44:09Z
24255,3860,routed,1114.94,0,248,,,,,25576,39.5,2026-08-08T16:07:08Z,2026-09-17T13:44:09Z
24256,2703,completed,824.93,0,227,,,,,,68.01,2026-08-05T03:57:43Z,2026-09-17T13:44:09Z
24257,2844,completed,4509.89,0,245,,,,,,33.81,2026-08-09T23:09:35Z,2026-09-17T13:44:09Z
24258,3162,completed,2599.97,7.99,245,,,,,,83.01,2026-08-09T14:51:08Z,2026-09-17T13:44:09Z
24259,2952,cancelled,149.99,7.99,237,,,,,,83.19,2026-09-12T08:21:50Z,2026-09-17T13:44:09Z
24260,3451,pending,1199.97,14.99,,,,,,26328,18.05,2026-07-24T09:26:53Z,2026-09-17T13:44:09Z
24261,2444,confirmed,614.98,7.99,235,,,,,,76.8,2026-09-03T16:58:04Z,2026-09-17T13:44:09Z
24262,2275,processing,1659.93,7.99,240,,,,,23099,88.76,2026-08-10T18:13:47Z,2026-09-17T13:44:09Z
24263,3918,routed,269.92,14.99,237,,,,,,79.97,2026-08-07T19:42:02Z,2026-09-17T13:44:09Z
24264,2994,completed,789.97,7.99,246,,,,,,72.29,2026-08-03T00:24:42Z,2026-09-17T13:44:09Z
24265,3922,completed,579.97,14.99,222,,,,,,65.33,2026-08-03T05:05:20Z,2026-09-17T13:44:09Z
24266,3457,completed,3466.93,0,235,,,,,,58.5,2026-09-06T01:16:30Z,2026-09-17T13:44:09Z
24267,3404,cancelled,238.94,7.99,234,,,,,,78.93,2026-07-26T05:03:47Z,2026-09-17T13:44:09Z
24268,3058,pending,1429.88,14.99,,,,,,,17.68,2026-09-14T23:11:41Z,2026-09-17T13:44:09Z
24269,2409,confirmed,1919.92,0,222,,,,,,60.97,2026-08-22T19:39:36Z,2026-09-17T13:44:09Z
24270,3370,processing,449.96,7.99,245,,,,,,57.3,2026-09-09T10:38:23Z,2026-09-17T13:44:09Z
24271,3928,routed,854.98,7.99,235,,,,,,33.65,2026-08-21T15:03:27Z,2026-09-17T13:44:09Z
24272,3897,completed,1764.95,0,226,,,,,,26.59,2026-08-04T17:36:03Z,2026-09-17T13:44:09Z
24273,4050,completed,6574.97,7.99,238,,,,,,86.81,2026-08-24T08:04:54Z,2026-09-17T13:44:09Z
24274,4204,completed,719.96,0,246,,,,,22356,80.6,2026-07-25T07:13:10Z,2026-09-17T13:44:09Z
24275,3220,cancelled,759.93,14.99,230,,,,,,16.04,2026-08-02T10:16:29Z,2026-09-17T13:44:09Z
24276,3042,pending,2829.94,14.99,,,,,,,84.49,2026-07-29T05:01:11Z,2026-09-17T13:44:09Z
24277,2357,confirmed,479.97,7.99,233,,,,,,42.79,2026-09-03T04:55:26Z,2026-09-17T13:44:09Z
24278,2710,processing,2322.91,7.99,234,,,,,,62.81,2026-08-14T12:24:52Z,2026-09-17T13:44:09Z
24279,2661,routed,409.94,14.99,238,,,,,,24.45,2026-08-18T21:51:49Z,2026-09-17T13:44:09Z
24280,2274,completed,375,7.99,221,,,,,,44.59,2026-09-09T11:59:12Z,2026-09-17T13:44:09Z
24281,2365,completed,959.93,14.99,250,,,,,,78.02,2026-09-14T14:14:25Z,2026-09-17T13:44:09Z
24282,3744,completed,712.91,7.99,249,,,,,,65.15,2026-08-10T06:02:40Z,2026-09-17T13:44:09Z
24283,4112,cancelled,159.98,0,238,,,,,,29.59,2026-07-20T18:42:31Z,2026-09-17T13:44:09Z
24284,3354,pending,4364.9,0,,,,,,,49.67,2026-09-10T17:49:53Z,2026-09-17T13:44:09Z
24285,2822,confirmed,2208.95,7.99,238,,,,,,54.62,2026-07-26T02:10:38Z,2026-09-17T13:44:09Z
24286,3858,processing,1242.9,7.99,234,,,,,23344,12.07,2026-08-12T19:02:41Z,2026-09-17T13:44:09Z
24287,4135,routed,1359.93,0,234,,,,,24770,15.51,2026-09-07T05:40:42Z,2026-09-17T13:44:09Z
24288,3701,completed,899.97,14.99,229,,,,,,56.26,2026-08-08T08:24:00Z,2026-09-17T13:44:09Z
24289,3558,completed,2139.93,7.99,226,,,,,,67.73,2026-08-21T00:46:50Z,2026-09-17T13:44:09Z
24290,3384,completed,984.9,0,240,,,,,,76.96,2026-08-21T23:53:36Z,2026-09-17T13:44:09Z
24291,2739,cancelled,329.96,7.99,232,,,,,,25.69,2026-08-26T19:23:26Z,2026-09-17T13:44:09Z
24292,3191,pending,3548.96,7.99,,,,,,,89.71,2026-08-03T18:46:40Z,2026-09-17T13:44:09Z
24293,2446,confirmed,1319.94,7.99,229,,,,,22286,79.82,2026-08-18T08:33:55Z,2026-09-17T13:44:09Z
24294,3354,processing,1457.9,7.99,245,,,,,27209,91.91,2026-07-26T19:53:00Z,2026-09-17T13:44:09Z
24295,2746,routed,627.92,7.99,226,,,,,25503,77.07,2026-09-12T23:06:38Z,2026-09-17T13:44:09Z
24296,4102,completed,2624.91,7.99,232,,,,,,71.74,2026-09-10T03:29:39Z,2026-09-17T13:44:09Z
24297,2932,completed,1038.9,0,244,,,,,,93.22,2026-08-25T21:15:23Z,2026-09-17T13:44:09Z
24298,3843,completed,234.96,7.99,222,,,,,,15.28,2026-08-24T06:55:49Z,2026-09-17T13:44:09Z
24299,3788,cancelled,423.93,7.99,243,,,,,26910,25.61,2026-08-18T09:34:38Z,2026-09-17T13:44:09Z
24300,2295,pending,1074.94,14.99,,,,,,,45.51,2026-09-06T18:38:05Z,2026-09-17T13:44:09Z
24301,4074,confirmed,145.97,7.99,240,,,,,23433,43.5,2026-08-22T06:17:43Z,2026-09-17T13:44:09Z
24302,3514,processing,919.95,7.99,242,,,,,,28.37,2026-08-28T13:04:49Z,2026-09-17T13:44:09Z
24303,4193,routed,135.96,0,249,,,,,,29.17,2026-07-23T02:14:29Z,2026-09-17T13:44:09Z
24304,4093,completed,2477.91,0,231,,,,,,88.94,2026-08-10T21:26:10Z,2026-09-17T13:44:09Z
24305,2676,completed,179.96,7.99,249,,,,,25209,83.39,2026-08-18T21:27:35Z,2026-09-17T13:44:09Z
24306,3997,completed,1439.93,0,229,,,,,27029,61.04,2026-08-29T15:59:05Z,2026-09-17T13:44:09Z
24307,3503,cancelled,119.98,0,230,,,,,,61.84,2026-09-14T22:22:20Z,2026-09-17T13:44:09Z
24308,2501,pending,269.97,7.99,,,,,,23995,20.16,2026-07-26T13:33:01Z,2026-09-17T13:44:09Z
24309,2570,confirmed,5644.9,14.99,245,,,,,,14.54,2026-09-03T16:15:39Z,2026-09-17T13:44:09Z
24310,3337,processing,703.91,0,223,,,,,,34.22,2026-09-12T12:03:48Z,2026-09-17T13:44:09Z
24311,3140,routed,42.99,7.99,229,,,,,24597,89.59,2026-09-05T16:55:56Z,2026-09-17T13:44:09Z
24312,2387,completed,895,0,240,,,,,,71.72,2026-08-07T09:34:33Z,2026-09-17T13:44:09Z
24313,3754,completed,1669.89,7.99,226,,,,,,68.78,2026-09-17T12:04:30Z,2026-09-17T13:44:09Z
24314,2585,completed,969.95,7.99,235,,,,,22373,89.3,2026-09-15T09:48:16Z,2026-09-17T13:44:09Z
24315,3560,cancelled,589.95,0,226,,,,,,19.96,2026-09-04T03:43:19Z,2026-09-17T13:44:09Z
24316,2766,pending,859.9,7.99,,,,,,,53.31,2026-09-16T03:51:15Z,2026-09-17T13:44:09Z
24317,2499,confirmed,899.99,7.99,248,,,,,24736,76.07,2026-07-19T17:55:57Z,2026-09-17T13:44:09Z
24318,3874,processing,169.97,0,234,,,,,23738,13.6,2026-08-28T13:38:09Z,2026-09-17T13:44:09Z
24319,3034,routed,1132.96,7.99,242,,,,,,37.16,2026-09-11T09:43:16Z,2026-09-17T13:44:09Z
24320,4192,completed,2169.93,7.99,227,,,,,,53.46,2026-08-19T21:39:55Z,2026-09-17T13:44:09Z
24321,3194,completed,649.91,7.99,245,,,,,22398,20.05,2026-08-20T08:13:04Z,2026-09-17T13:44:09Z
24322,2583,completed,4209.9,7.99,224,,,,,24728,45.15,2026-07-28T03:47:07Z,2026-09-17T13:44:09Z
24323,3950,cancelled,1283.88,7.99,224,,,,,,26.55,2026-08-17T13:46:44Z,2026-09-17T13:44:09Z
24324,3672,pending,1309.92,0,,,,,,,80.4,2026-08-04T11:53:21Z,2026-09-17T13:44:09Z
24325,4168,confirmed,2294.92,7.99,230,,,,,,86.96,2026-09-01T18:16:38Z,2026-09-17T13:44:09Z
24326,3982,processing,1729.97,7.99,227,,,,,,50.83,2026-08-20T02:57:06Z,2026-09-17T13:44:09Z
24327,3279,routed,737.92,0,233,,,,,24122,55.79,2026-08-18T18:03:44Z,2026-09-17T13:44:09Z
24328,2987,completed,574.92,14.99,246,,,,,,39.8,2026-07-25T13:50:06Z,2026-09-17T13:44:09Z
24329,3923,completed,2351.91,7.99,228,,,,,26780,88.69,2026-08-01T13:58:26Z,2026-09-17T13:44:09Z
24330,3307,completed,104.97,7.99,233,,,,,,85.99,2026-07-29T16:19:34Z,2026-09-17T13:44:09Z
24331,4039,cancelled,6434.89,0,230,,,,,,80.86,2026-08-11T06:18:50Z,2026-09-17T13:44:09Z
24332,2944,pending,1388.89,7.99,,,,,,,78.25,2026-08-10T15:00:55Z,2026-09-17T13:44:09Z
24333,4000,confirmed,2599.95,0,236,,,,,24785,71.23,2026-07-30T14:49:53Z,2026-09-17T13:44:09Z
24334,2732,processing,2699.94,7.99,231,,,,,,42.8,2026-07-27T10:13:56Z,2026-09-17T13:44:09Z
24335,4180,routed,1044.92,14.99,249,,,,,,62.48,2026-07-30T12:00:30Z,2026-09-17T13:44:09Z
24336,2829,completed,798.94,14.99,243,,,,,26193,56.42,2026-08-22T10:56:07Z,2026-09-17T13:44:09Z
24337,2858,completed,1389.93,14.99,247,,,,,,10.65,2026-08-18T23:59:39Z,2026-09-17T13:44:09Z
24338,3877,completed,416.97,14.99,246,,,,,23705,54.01,2026-08-03T12:22:13Z,2026-09-17T13:44:09Z
24339,4109,cancelled,149.97,0,238,,,,,,34.42,2026-09-06T03:56:15Z,2026-09-17T13:44:09Z
24340,3233,pending,2456.9,14.99,,,,,,,31.74,2026-08-16T21:29:11Z,2026-09-17T13:44:09Z
24341,2420,confirmed,799.92,0,237,,,,,,41.94,2026-09-05T14:37:02Z,2026-09-17T13:44:09Z
24342,2592,processing,109.98,0,236,,,,,,13.89,2026-08-12T21:48:05Z,2026-09-17T13:44:09Z
24343,3532,routed,299.97,0,249,,,,,26724,85.39,2026-08-05T06:43:45Z,2026-09-17T13:44:09Z
24344,3680,completed,49.98,14.99,228,,,,,22333,68.7,2026-08-31T05:35:56Z,2026-09-17T13:44:09Z
24345,3597,completed,1104.93,0,246,,,,,,74.21,2026-08-03T16:04:57Z,2026-09-17T13:44:09Z
24346,2637,completed,299.94,7.99,243,,,,,24777,86.5,2026-07-23T21:27:38Z,2026-09-17T13:44:09Z
24347,3174,cancelled,65.98,7.99,230,,,,,,28.59,2026-08-25T01:52:53Z,2026-09-17T13:44:09Z
24348,3553,pending,1624.97,0,,,,,,,54.01,2026-08-15T06:15:37Z,2026-09-17T13:44:09Z
24349,3708,confirmed,509.97,0,236,,,,,24653,81.37,2026-08-07T05:41:00Z,2026-09-17T13:44:09Z
24350,3208,processing,1549.89,7.99,245,,,,,,33.19,2026-08-09T14:39:36Z,2026-09-17T13:44:09Z
24351,2817,routed,837.95,7.99,248,,,,,22221,60.37,2026-08-14T20:32:39Z,2026-09-17T13:44:09Z
24352,3802,completed,724.97,0,246,,,,,,11.77,2026-08-04T12:28:00Z,2026-09-17T13:44:09Z
24353,3709,completed,513.93,0,232,,,,,,58.04,2026-09-11T02:33:52Z,2026-09-17T13:44:09Z
24354,3844,completed,2309.93,0,230,,,,,,27.76,2026-08-31T05:49:42Z,2026-09-17T13:44:09Z
24355,3301,cancelled,5339.93,7.99,250,,,,,,36.57,2026-07-25T22:27:26Z,2026-09-17T13:44:09Z
24356,2999,pending,2212.91,7.99,,,,,,24976,92.85,2026-08-18T16:07:03Z,2026-09-17T13:44:09Z
24357,3371,confirmed,977.96,7.99,240,,,,,,75.86,2026-08-21T15:38:31Z,2026-09-17T13:44:09Z
24358,3336,processing,1287.96,7.99,243,,,,,,90.1,2026-07-24T02:10:05Z,2026-09-17T13:44:09Z
24359,2861,routed,277.95,0,224,,,,,26333,36.12,2026-09-17T05:46:43Z,2026-09-17T13:44:09Z
24360,3742,completed,74.97,0,230,,,,,,17,2026-07-24T16:52:31Z,2026-09-17T13:44:09Z
24361,3203,completed,249.99,14.99,227,,,,,,17.32,2026-08-24T02:38:35Z,2026-09-17T13:44:09Z
24362,2399,completed,89.99,14.99,230,,,,,24639,11.18,2026-07-26T21:18:12Z,2026-09-17T13:44:09Z
24363,2370,cancelled,139.98,0,239,,,,,25412,20.22,2026-09-05T05:19:57Z,2026-09-17T13:44:09Z
24364,3060,pending,5929.9,7.99,,,,,,,23.07,2026-07-26T12:54:09Z,2026-09-17T13:44:09Z
24365,3381,confirmed,419.98,0,235,,,,,,79.59,2026-09-01T01:58:17Z,2026-09-17T13:44:09Z
24366,3163,processing,974.94,7.99,233,,,,,,67.37,2026-09-17T11:26:11Z,2026-09-17T13:44:09Z
24367,2437,routed,5449.94,14.99,243,,,,,,50.29,2026-07-28T23:51:44Z,2026-09-17T13:44:09Z
24368,3090,completed,259.98,14.99,233,,,,,,59.24,2026-08-23T15:12:17Z,2026-09-17T13:44:09Z
24369,3805,completed,68.99,0,224,,,,,,67.33,2026-07-26T19:31:04Z,2026-09-17T13:44:09Z
24370,2806,completed,49.98,7.99,228,,,,,,92.14,2026-08-09T08:57:02Z,2026-09-17T13:44:09Z
24371,2473,cancelled,1026.94,7.99,229,,,,,,70.25,2026-08-09T09:22:59Z,2026-09-17T13:44:09Z
24372,2870,pending,1489.88,7.99,,,,,,,22.89,2026-08-13T01:14:25Z,2026-09-17T13:44:09Z
24373,4204,confirmed,369.95,14.99,243,,,,,24651,32.47,2026-09-04T08:47:27Z,2026-09-17T13:44:09Z
24374,3970,processing,79.98,0,225,,,,,25305,52.86,2026-08-18T01:45:56Z,2026-09-17T13:44:09Z
24375,2364,routed,2999.98,7.99,223,,,,,,81.04,2026-08-29T03:48:48Z,2026-09-17T13:44:09Z
24376,3093,completed,485.95,7.99,248,,,,,27087,93.63,2026-08-14T17:40:39Z,2026-09-17T13:44:09Z
24377,3350,completed,729.94,7.99,246,,,,,26768,18.51,2026-08-15T22:52:06Z,2026-09-17T13:44:09Z
24378,2584,completed,194.97,7.99,230,,,,,,94.69,2026-08-22T06:47:19Z,2026-09-17T13:44:09Z
24379,3545,cancelled,699.95,7.99,223,,,,,,67.12,2026-07-26T13:30:49Z,2026-09-17T13:44:09Z
24380,3837,pending,239.97,7.99,,,,,,,61.71,2026-09-05T18:51:05Z,2026-09-17T13:44:09Z
24381,2482,confirmed,1049.94,7.99,246,,,,,,52.54,2026-08-17T14:38:00Z,2026-09-17T13:44:09Z
24382,3041,processing,1045.89,7.99,249,,,,,,14.56,2026-07-19T22:53:31Z,2026-09-17T13:44:09Z
24383,3060,routed,459.98,14.99,242,,,,,,60.57,2026-09-06T04:16:55Z,2026-09-17T13:44:09Z
24384,2264,completed,949.95,7.99,249,,,,,,85.9,2026-08-08T20:28:12Z,2026-09-17T13:44:09Z
24385,4185,completed,2079.94,7.99,248,,,,,25983,67.88,2026-09-12T17:15:28Z,2026-09-17T13:44:09Z
24386,2393,completed,79.99,14.99,229,,,,,,91.02,2026-08-28T02:24:50Z,2026-09-17T13:44:09Z
24387,3790,cancelled,1874.97,0,250,,,,,26257,87.82,2026-08-17T13:45:46Z,2026-09-17T13:44:09Z
24388,3616,pending,458.94,7.99,,,,,,,57.69,2026-08-07T07:26:22Z,2026-09-17T13:44:09Z
24389,3386,confirmed,8634.94,7.99,241,,,,,26257,70.72,2026-08-31T19:21:43Z,2026-09-17T13:44:09Z
24390,3917,processing,4709.92,0,221,,,,,,30.31,2026-08-17T17:23:06Z,2026-09-17T13:44:09Z
24391,4055,routed,429.94,14.99,236,,,,,,59.34,2026-09-11T15:44:40Z,2026-09-17T13:44:09Z
24392,3293,completed,289.97,0,225,,,,,,79.84,2026-08-18T22:28:38Z,2026-09-17T13:44:09Z
24393,3808,completed,1950,7.99,243,,,,,25751,12.05,2026-08-13T16:08:14Z,2026-09-17T13:44:09Z
24394,2381,completed,149.99,7.99,237,,,,,,22.8,2026-08-15T11:08:56Z,2026-09-17T13:44:09Z
24395,3567,cancelled,226.93,7.99,246,,,,,,64.12,2026-07-28T19:33:51Z,2026-09-17T13:44:09Z
24396,3269,pending,4769.89,0,,,,,,24686,94.82,2026-08-29T02:20:28Z,2026-09-17T13:44:09Z
24397,2980,confirmed,299.99,14.99,227,,,,,,83.05,2026-07-29T12:27:32Z,2026-09-17T13:44:09Z
24398,2322,processing,763.91,0,232,,,,,,68.15,2026-08-05T19:37:06Z,2026-09-17T13:44:09Z
24399,2504,routed,888.93,0,244,,,,,,85.42,2026-07-23T00:30:30Z,2026-09-17T13:44:09Z
24400,3610,completed,434.94,0,240,,,,,,20.54,2026-09-17T07:41:22Z,2026-09-17T13:44:09Z
24401,2340,completed,119.98,0,250,,,,,,13.85,2026-08-02T10:54:18Z,2026-09-17T13:44:09Z
24402,2277,completed,12074.92,0,230,,,,,,55.32,2026-09-15T23:10:00Z,2026-09-17T13:44:09Z
24403,3455,cancelled,349.96,7.99,229,,,,,,29.16,2026-08-09T08:43:05Z,2026-09-17T13:44:09Z
24404,2545,pending,1953.94,7.99,,,,,,25170,55.8,2026-08-24T18:36:40Z,2026-09-17T13:44:09Z
24405,3758,confirmed,1318.92,0,240,,,,,,71.89,2026-09-15T02:53:06Z,2026-09-17T13:44:09Z
24406,2599,processing,305.93,7.99,232,,,,,,51.39,2026-08-05T20:38:01Z,2026-09-17T13:44:09Z
24407,2405,routed,737.94,7.99,222,,,,,,86.73,2026-07-26T03:58:41Z,2026-09-17T13:44:09Z
24408,3111,completed,1099.97,7.99,234,,,,,,12,2026-08-18T15:47:29Z,2026-09-17T13:44:09Z
24409,4169,completed,3899.97,7.99,240,,,,,,76.88,2026-08-20T13:33:07Z,2026-09-17T13:44:09Z
24410,2333,completed,519.96,14.99,228,,,,,23800,24.46,2026-08-18T19:36:26Z,2026-09-17T13:44:09Z
24411,3490,cancelled,5539.92,0,228,,,,,26744,70.37,2026-09-06T16:51:30Z,2026-09-17T13:44:09Z
24412,3849,pending,49.99,7.99,,,,,,,75.82,2026-08-21T05:45:32Z,2026-09-17T13:44:09Z
24413,3284,confirmed,659.95,7.99,221,,,,,,64.54,2026-07-19T18:41:48Z,2026-09-17T13:44:09Z
24414,4170,processing,814.95,7.99,230,,,,,,25.01,2026-09-05T18:45:24Z,2026-09-17T13:44:09Z
24415,3079,routed,1384.94,7.99,236,,,,,,46.44,2026-07-24T18:08:38Z,2026-09-17T13:44:09Z
24416,3104,completed,377.88,0,225,,,,,,90.82,2026-08-09T10:46:47Z,2026-09-17T13:44:09Z
24417,3838,completed,939.97,0,240,,,,,,84.02,2026-09-07T12:12:29Z,2026-09-17T13:44:09Z
24418,2585,completed,1554.92,14.99,243,,,,,,16.45,2026-08-24T22:05:40Z,2026-09-17T13:44:09Z
24419,3665,cancelled,3934.88,0,243,,,,,,37.82,2026-07-22T04:36:51Z,2026-09-17T13:44:09Z
24420,2335,pending,1079.91,0,,,,,,24338,72.06,2026-08-12T00:17:37Z,2026-09-17T13:44:09Z
24421,2583,confirmed,899.97,7.99,225,,,,,,53.32,2026-08-07T19:22:04Z,2026-09-17T13:44:09Z
24422,2644,processing,3402.94,0,226,,,,,,29.4,2026-09-12T19:51:50Z,2026-09-17T13:44:09Z
24423,2590,routed,1736.92,7.99,237,,,,,,21.68,2026-08-17T15:22:24Z,2026-09-17T13:44:09Z
24424,2649,completed,293.98,14.99,233,,,,,,52.89,2026-08-26T05:47:04Z,2026-09-17T13:44:09Z
24425,3652,completed,2284.96,7.99,241,,,,,,42.92,2026-08-26T00:28:45Z,2026-09-17T13:44:09Z
24426,3918,completed,5357.93,7.99,243,,,,,26089,41.83,2026-07-28T22:54:27Z,2026-09-17T13:44:09Z
24427,4099,cancelled,89.99,0,248,,,,,,37.82,2026-09-05T09:58:28Z,2026-09-17T13:44:09Z
24428,2817,pending,889.96,0,,,,,,22307,75.19,2026-09-02T20:26:12Z,2026-09-17T13:44:09Z
24429,3310,confirmed,1474.94,7.99,243,,,,,,90.63,2026-07-20T03:18:38Z,2026-09-17T13:44:09Z
24430,3780,processing,1192.9,14.99,234,,,,,22641,30.11,2026-08-24T09:56:57Z,2026-09-17T13:44:09Z
24431,4137,routed,1519.94,7.99,230,,,,,,37.8,2026-08-01T20:38:48Z,2026-09-17T13:44:09Z
24432,3524,completed,929.94,14.99,249,,,,,24191,21.82,2026-08-17T06:08:17Z,2026-09-17T13:44:09Z
24433,3704,completed,1619.9,7.99,247,,,,,,10.9,2026-07-31T03:56:24Z,2026-09-17T13:44:09Z
24434,2616,completed,29.99,7.99,248,,,,,,43.69,2026-08-22T03:33:12Z,2026-09-17T13:44:09Z
24435,2995,cancelled,494.96,0,247,,,,,,15.26,2026-09-01T00:01:31Z,2026-09-17T13:44:09Z
24436,2987,pending,139.98,0,,,,,,,19.44,2026-08-26T19:22:27Z,2026-09-17T13:44:09Z
24437,2541,confirmed,3929.94,7.99,239,,,,,,29.39,2026-08-08T16:02:13Z,2026-09-17T13:44:09Z
24438,3544,processing,839.96,7.99,226,,,,,,30.81,2026-08-25T07:31:31Z,2026-09-17T13:44:09Z
24439,2362,routed,699.95,7.99,233,,,,,22820,57.82,2026-09-12T17:41:45Z,2026-09-17T13:44:09Z
24440,2515,completed,109.97,7.99,237,,,,,,77.18,2026-09-04T20:54:00Z,2026-09-17T13:44:09Z
24441,2704,completed,119.98,7.99,238,,,,,,67.82,2026-09-13T15:13:17Z,2026-09-17T13:44:09Z
24442,3005,completed,1578.89,7.99,249,,,,,,88.45,2026-09-10T22:27:57Z,2026-09-17T13:44:09Z
24443,3895,cancelled,4309.95,7.99,250,,,,,,38.01,2026-08-11T12:41:19Z,2026-09-17T13:44:09Z
24444,4062,pending,189.98,0,,,,,,,66.26,2026-08-04T23:39:38Z,2026-09-17T13:44:09Z
24445,3259,confirmed,1074.96,7.99,237,,,,,,94.32,2026-09-06T13:57:23Z,2026-09-17T13:44:09Z
24446,2487,processing,2152.94,0,244,,,,,,34.9,2026-09-04T05:00:13Z,2026-09-17T13:44:09Z
24447,2799,routed,899.97,7.99,250,,,,,,91.2,2026-07-27T11:53:46Z,2026-09-17T13:44:09Z
24448,2308,completed,379.93,7.99,222,,,,,27213,77.72,2026-07-31T10:21:54Z,2026-09-17T13:44:09Z
24449,4086,completed,770.93,0,241,,,,,24919,30.66,2026-09-05T12:13:22Z,2026-09-17T13:44:09Z
24450,3159,completed,1188.9,0,222,,,,,,66.95,2026-07-31T12:56:46Z,2026-09-17T13:44:09Z
24451,2794,cancelled,804.92,7.99,232,,,,,,91.27,2026-08-10T15:26:49Z,2026-09-17T13:44:09Z
24452,3937,pending,124.96,7.99,,,,,,,39.94,2026-09-02T18:31:37Z,2026-09-17T13:44:09Z
24453,3727,confirmed,569.95,0,242,,,,,,32.81,2026-09-13T13:14:46Z,2026-09-17T13:44:09Z
24454,2951,processing,689.97,7.99,229,,,,,,50.3,2026-09-17T11:11:17Z,2026-09-17T13:44:09Z
24455,2366,routed,834.9,7.99,234,,,,,,74.05,2026-09-15T19:04:14Z,2026-09-17T13:44:09Z
24456,3885,completed,919.96,7.99,231,,,,,,40.09,2026-08-31T00:06:55Z,2026-09-17T13:44:09Z
24457,2980,completed,149.99,0,242,,,,,22704,55.25,2026-09-11T03:04:20Z,2026-09-17T13:44:09Z
24458,2455,completed,2564.93,7.99,247,,,,,,81.82,2026-08-13T16:06:52Z,2026-09-17T13:44:09Z
24459,3232,cancelled,176.95,14.99,235,,,,,25437,13.36,2026-08-24T13:58:06Z,2026-09-17T13:44:09Z
24460,2563,pending,5677.93,14.99,,,,,,,71.89,2026-09-16T18:24:30Z,2026-09-17T13:44:09Z
24461,3094,confirmed,129.99,7.99,242,,,,,22358,10.98,2026-08-02T22:50:22Z,2026-09-17T13:44:09Z
24462,3656,processing,2239.97,0,250,,,,,,87.92,2026-07-22T03:45:41Z,2026-09-17T13:44:09Z
24463,2706,routed,104.97,14.99,222,,,,,25065,67,2026-08-08T20:42:01Z,2026-09-17T13:44:09Z
24464,3526,completed,179.98,0,227,,,,,,85.54,2026-09-13T06:16:08Z,2026-09-17T13:44:09Z
24465,3220,completed,89.98,7.99,224,,,,,,67.78,2026-09-11T15:51:54Z,2026-09-17T13:44:09Z
24466,3585,completed,419.96,0,248,,,,,,88.75,2026-08-31T07:20:44Z,2026-09-17T13:44:09Z
24467,2653,cancelled,504.96,7.99,223,,,,,,78.05,2026-09-13T00:32:57Z,2026-09-17T13:44:09Z
24468,2818,pending,507.91,14.99,,,,,,,24.99,2026-09-13T03:52:56Z,2026-09-17T13:44:09Z
24469,2625,confirmed,299.95,7.99,231,,,,,23646,34.59,2026-09-14T19:24:20Z,2026-09-17T13:44:09Z
24470,2682,processing,3933.96,7.99,224,,,,,,36.3,2026-09-07T06:53:44Z,2026-09-17T13:44:09Z
24471,2783,routed,377.93,0,234,,,,,26707,47.18,2026-09-02T23:12:53Z,2026-09-17T13:44:09Z
24472,3737,completed,959.95,0,228,,,,,22657,39.87,2026-08-09T14:04:52Z,2026-09-17T13:44:09Z
24473,3613,completed,1659.96,14.99,249,,,,,,33.67,2026-09-04T12:38:14Z,2026-09-17T13:44:09Z
24474,2520,completed,200.95,7.99,224,,,,,24826,43.27,2026-08-13T09:10:30Z,2026-09-17T13:44:09Z
24475,3801,cancelled,1599.98,7.99,248,,,,,,80.87,2026-07-21T00:43:50Z,2026-09-17T13:44:09Z
24476,2980,pending,3009.93,0,,,,,,,61.85,2026-09-11T07:38:26Z,2026-09-17T13:44:09Z
24477,3199,confirmed,4089.95,7.99,240,,,,,,24.99,2026-09-17T02:29:46Z,2026-09-17T13:44:09Z
24478,4018,processing,1799.97,0,241,,,,,22242,52.13,2026-08-21T17:13:39Z,2026-09-17T13:44:09Z
24479,3542,routed,134.97,14.99,227,,,,,,81.5,2026-09-16T23:05:58Z,2026-09-17T13:44:09Z
24480,3408,completed,539.95,14.99,243,,,,,,66.76,2026-07-24T18:45:13Z,2026-09-17T13:44:09Z
24481,3895,completed,82.97,7.99,227,,,,,,93.53,2026-08-15T16:18:28Z,2026-09-17T13:44:09Z
24482,3627,completed,149.97,14.99,222,,,,,22856,46.21,2026-08-14T11:51:32Z,2026-09-17T13:44:09Z
24483,2989,cancelled,244.95,14.99,229,,,,,,44.12,2026-09-07T10:14:26Z,2026-09-17T13:44:09Z
24484,2700,pending,942.92,0,,,,,,23975,45.53,2026-07-28T20:06:29Z,2026-09-17T13:44:09Z
24485,3650,confirmed,1052.93,7.99,236,,,,,,61.9,2026-09-04T13:38:04Z,2026-09-17T13:44:09Z
24486,2315,processing,1709.91,7.99,229,,,,,,16.01,2026-08-12T05:02:47Z,2026-09-17T13:44:09Z
24487,3256,routed,149.94,7.99,244,,,,,,70.9,2026-08-02T22:28:59Z,2026-09-17T13:44:09Z
24488,3909,completed,404.97,14.99,224,,,,,,59.38,2026-07-23T12:45:32Z,2026-09-17T13:44:09Z
24489,3896,completed,569.97,14.99,250,,,,,,80.64,2026-08-18T08:56:19Z,2026-09-17T13:44:09Z
24490,2457,completed,1202.94,0,241,,,,,,35.17,2026-07-28T22:12:08Z,2026-09-17T13:44:09Z
24491,2733,cancelled,1727.91,7.99,239,,,,,,66.1,2026-08-22T13:33:32Z,2026-09-17T13:44:09Z
24492,2681,pending,65.98,7.99,,,,,,,93.13,2026-07-31T20:54:55Z,2026-09-17T13:44:09Z
24493,3138,confirmed,249.97,14.99,249,,,,,,20.25,2026-08-31T13:08:17Z,2026-09-17T13:44:09Z
24494,3759,processing,119.97,7.99,227,,,,,24406,77.02,2026-08-04T02:41:16Z,2026-09-17T13:44:09Z
24495,4007,routed,629.92,0,221,,,,,,14.37,2026-08-15T02:01:11Z,2026-09-17T13:44:09Z
24496,2439,completed,1599.97,7.99,248,,,,,,25.18,2026-09-16T12:51:38Z,2026-09-17T13:44:09Z
24497,3686,completed,99.98,7.99,233,,,,,,27.97,2026-07-31T13:52:26Z,2026-09-17T13:44:09Z
24498,2659,completed,2949.96,0,241,,,,,,34.64,2026-08-16T00:48:50Z,2026-09-17T13:44:09Z
24499,2395,cancelled,2470.88,7.99,239,,,,,,10.38,2026-08-24T23:26:14Z,2026-09-17T13:44:09Z
24500,3365,pending,1014.9,0,,,,,,,10.76,2026-07-21T19:32:18Z,2026-09-17T13:44:09Z
24501,3718,confirmed,684.92,0,240,,,,,,44.41,2026-09-08T12:19:13Z,2026-09-17T13:44:09Z
24502,3785,processing,1527.89,7.99,226,,,,,,18.43,2026-08-24T15:50:52Z,2026-09-17T13:44:09Z
24503,2937,routed,325.92,0,223,,,,,22622,67.37,2026-08-12T10:16:13Z,2026-09-17T13:44:09Z
24504,2515,completed,89.99,7.99,229,,,,,,13.1,2026-09-17T01:24:09Z,2026-09-17T13:44:09Z
24505,2859,completed,364.93,7.99,234,,,,,24559,47.29,2026-08-31T19:17:54Z,2026-09-17T13:44:09Z
24506,2671,completed,1394.92,7.99,250,,,,,26181,17.55,2026-09-03T09:41:02Z,2026-09-17T13:44:09Z
24507,3083,cancelled,1744.91,7.99,244,,,,,22579,89.69,2026-07-26T05:06:46Z,2026-09-17T13:44:09Z
24508,3196,pending,909.97,7.99,,,,,,,10.4,2026-09-02T16:13:19Z,2026-09-17T13:44:09Z
24509,3318,confirmed,299.99,14.99,238,,,,,,35.85,2026-08-03T18:26:25Z,2026-09-17T13:44:09Z
24510,3027,processing,728.93,14.99,224,,,,,26050,49.22,2026-08-22T18:19:53Z,2026-09-17T13:44:09Z
24511,2920,routed,149.99,0,222,,,,,27076,24.66,2026-07-28T01:46:36Z,2026-09-17T13:44:09Z
24512,4084,completed,1422.97,0,231,,,,,24196,20.46,2026-07-30T00:17:15Z,2026-09-17T13:44:09Z
24513,2502,completed,1579.91,0,243,,,,,,33.39,2026-07-31T01:02:53Z,2026-09-17T13:44:09Z
24514,3338,completed,49.98,7.99,226,,,,,,76.86,2026-08-17T12:11:42Z,2026-09-17T13:44:09Z
24515,3836,cancelled,1268.92,14.99,224,,,,,23751,33.61,2026-09-06T18:41:38Z,2026-09-17T13:44:09Z
24516,3341,pending,567.94,14.99,,,,,,22415,31.85,2026-08-09T02:01:57Z,2026-09-17T13:44:09Z
24517,2550,confirmed,134.97,0,221,,,,,,74.19,2026-09-17T06:20:49Z,2026-09-17T13:44:09Z
24518,2420,processing,185.96,14.99,235,,,,,24517,59.7,2026-09-05T11:11:50Z,2026-09-17T13:44:09Z
24519,3705,routed,59.99,7.99,234,,,,,,80.08,2026-08-12T13:53:37Z,2026-09-17T13:44:09Z
24520,2267,completed,2129.88,7.99,226,,,,,22435,61.01,2026-08-16T15:05:19Z,2026-09-17T13:44:09Z
24521,2455,completed,3999.96,0,223,,,,,,80.52,2026-07-31T06:14:40Z,2026-09-17T13:44:09Z
24522,2545,completed,299.92,7.99,249,,,,,,91.49,2026-08-12T10:52:52Z,2026-09-17T13:44:09Z
24523,3850,cancelled,504.96,0,250,,,,,24371,38.31,2026-08-06T04:01:51Z,2026-09-17T13:44:09Z
24524,3717,pending,1997.93,7.99,,,,,,27069,53.45,2026-07-26T20:51:09Z,2026-09-17T13:44:09Z
24525,2348,confirmed,343.94,7.99,231,,,,,,73.9,2026-08-12T01:50:21Z,2026-09-17T13:44:09Z
24526,3891,processing,162.97,7.99,221,,,,,,56.73,2026-08-11T00:01:32Z,2026-09-17T13:44:09Z
24527,3972,routed,2399.97,0,246,,,,,23167,44.9,2026-09-16T08:55:52Z,2026-09-17T13:44:09Z
24528,3691,completed,478.92,7.99,247,,,,,,88.94,2026-09-05T23:26:00Z,2026-09-17T13:44:09Z
24529,4145,completed,1498.96,7.99,222,,,,,,21.63,2026-09-15T16:54:52Z,2026-09-17T13:44:09Z
24530,3377,completed,599.98,7.99,239,,,,,26507,58.26,2026-08-11T22:18:27Z,2026-09-17T13:44:09Z
24531,3262,cancelled,1257.93,0,244,,,,,,39.09,2026-09-12T09:44:32Z,2026-09-17T13:44:09Z
24532,3410,pending,5899.89,7.99,,,,,,,45.72,2026-08-29T21:21:01Z,2026-09-17T13:44:09Z
24533,2249,confirmed,867.95,7.99,221,,,,,23355,33.16,2026-08-01T19:24:46Z,2026-09-17T13:44:09Z
24534,2932,processing,404.97,7.99,242,,,,,26878,38.22,2026-09-17T09:14:11Z,2026-09-17T13:44:09Z
24535,2978,routed,489.94,7.99,239,,,,,,12.16,2026-09-11T12:56:43Z,2026-09-17T13:44:09Z
24536,3567,completed,449.97,7.99,229,,,,,,56.51,2026-09-03T17:30:51Z,2026-09-17T13:44:09Z
24537,2938,completed,1703.93,14.99,242,,,,,,50.91,2026-08-08T17:07:17Z,2026-09-17T13:44:09Z
24538,3911,completed,1029.99,14.99,229,,,,,,25.47,2026-07-19T21:18:03Z,2026-09-17T13:44:09Z
24539,3494,cancelled,1599.94,7.99,250,,,,,,79.13,2026-09-12T00:44:29Z,2026-09-17T13:44:09Z
24540,2569,pending,2460.89,0,,,,,,,19.64,2026-07-27T16:47:33Z,2026-09-17T13:44:09Z
24541,3954,confirmed,87.98,14.99,229,,,,,,27.49,2026-08-31T20:37:09Z,2026-09-17T13:44:09Z
24542,3471,processing,2237.9,0,250,,,,,,48.78,2026-08-29T11:07:51Z,2026-09-17T13:44:09Z
24543,2221,routed,3004.97,14.99,233,,,,,,57.87,2026-09-10T20:38:24Z,2026-09-17T13:44:09Z
24544,3216,completed,1199.97,0,246,,,,,,26.23,2026-09-08T16:44:38Z,2026-09-17T13:44:09Z
24545,3670,completed,389.97,7.99,240,,,,,26460,20.18,2026-08-29T13:55:45Z,2026-09-17T13:44:09Z
24546,2276,completed,1094.96,14.99,222,,,,,,79.01,2026-08-29T23:15:04Z,2026-09-17T13:44:09Z
24547,3076,cancelled,519.98,14.99,223,,,,,,47.88,2026-09-08T17:18:55Z,2026-09-17T13:44:09Z
24548,3172,pending,869.91,7.99,,,,,,22434,85.95,2026-09-02T12:28:13Z,2026-09-17T13:44:09Z
24549,2751,confirmed,161.97,7.99,240,,,,,,55.36,2026-08-01T04:09:46Z,2026-09-17T13:44:09Z
24550,3612,processing,978.9,7.99,240,,,,,25011,81.65,2026-07-28T06:55:32Z,2026-09-17T13:44:09Z
24551,4091,routed,459.96,7.99,239,,,,,,59.07,2026-07-24T08:59:45Z,2026-09-17T13:44:09Z
24552,2259,completed,2084.93,0,244,,,,,,59.29,2026-08-20T21:34:23Z,2026-09-17T13:44:09Z
24553,3682,completed,479.97,7.99,227,,,,,22259,24.27,2026-08-30T17:46:37Z,2026-09-17T13:44:09Z
24554,3558,completed,689.94,14.99,228,,,,,,36.6,2026-08-31T01:37:14Z,2026-09-17T13:44:09Z
24555,2946,cancelled,409.93,7.99,245,,,,,,92.54,2026-08-20T06:20:26Z,2026-09-17T13:44:09Z
24556,2341,pending,179.97,7.99,,,,,,,87.09,2026-09-05T06:31:07Z,2026-09-17T13:44:09Z
24557,3655,confirmed,949.97,7.99,249,,,,,,83.58,2026-08-05T04:28:45Z,2026-09-17T13:44:09Z
24558,3332,processing,819.95,0,227,,,,,25159,36.27,2026-09-14T02:36:41Z,2026-09-17T13:44:09Z
24559,3473,routed,86.97,7.99,237,,,,,,16.31,2026-08-26T19:33:37Z,2026-09-17T13:44:09Z
24560,2261,completed,259.98,7.99,233,,,,,,49.71,2026-08-05T08:16:25Z,2026-09-17T13:44:09Z
24561,2329,completed,919.94,7.99,241,,,,,,59.11,2026-08-18T12:56:17Z,2026-09-17T13:44:09Z
24562,3486,completed,89.99,14.99,243,,,,,23016,71.8,2026-08-07T23:38:58Z,2026-09-17T13:44:09Z
24563,3437,cancelled,1839.92,7.99,243,,,,,,30.9,2026-07-24T09:23:36Z,2026-09-17T13:44:09Z
24564,2774,pending,478.97,7.99,,,,,,23283,44.41,2026-08-21T03:02:26Z,2026-09-17T13:44:09Z
24565,4080,confirmed,1789.88,7.99,232,,,,,,32.36,2026-08-01T23:13:14Z,2026-09-17T13:44:09Z
24566,3969,processing,259.98,0,249,,,,,22595,66.28,2026-08-11T19:57:07Z,2026-09-17T13:44:09Z
24567,3459,routed,2249.95,7.99,228,,,,,,50.4,2026-08-12T14:02:11Z,2026-09-17T13:44:09Z
24568,3676,completed,947.92,7.99,224,,,,,23927,33.72,2026-08-19T12:21:13Z,2026-09-17T13:44:09Z
24569,2291,completed,455.95,7.99,239,,,,,25990,34.63,2026-07-27T01:41:40Z,2026-09-17T13:44:09Z
24570,3342,completed,960.89,0,229,,,,,,55.69,2026-09-10T23:10:59Z,2026-09-17T13:44:09Z
24571,2911,cancelled,1199.94,0,250,,,,,,76.09,2026-07-26T17:30:03Z,2026-09-17T13:44:09Z
24572,4028,pending,498.95,7.99,,,,,,,53.41,2026-08-12T01:52:20Z,2026-09-17T13:44:09Z
24573,2370,confirmed,341.93,7.99,225,,,,,,90.03,2026-09-07T09:55:22Z,2026-09-17T13:44:09Z
24574,3388,processing,2536.91,0,247,,,,,,42.63,2026-08-18T04:16:36Z,2026-09-17T13:44:09Z
24575,3061,routed,638.92,14.99,243,,,,,22989,50.59,2026-09-16T14:07:45Z,2026-09-17T13:44:09Z
24576,3461,completed,339.95,14.99,222,,,,,23269,51.05,2026-07-25T09:16:50Z,2026-09-17T13:44:09Z
24577,3874,completed,539.96,7.99,239,,,,,,88.32,2026-08-31T19:37:52Z,2026-09-17T13:44:09Z
24578,3809,completed,1715.93,0,249,,,,,,29.54,2026-07-30T18:54:42Z,2026-09-17T13:44:09Z
24579,2692,cancelled,1043.98,14.99,239,,,,,,72.51,2026-07-28T20:12:56Z,2026-09-17T13:44:09Z
24580,2592,pending,939.95,14.99,,,,,,,20.9,2026-09-16T00:35:59Z,2026-09-17T13:44:09Z
24581,3049,confirmed,100.97,7.99,224,,,,,,39,2026-09-01T06:15:17Z,2026-09-17T13:44:09Z
24582,3351,processing,239.97,0,227,,,,,,56.69,2026-08-31T08:19:00Z,2026-09-17T13:44:09Z
24583,2816,routed,1118.91,14.99,240,,,,,,54.26,2026-09-16T00:26:30Z,2026-09-17T13:44:09Z
24584,2342,completed,649.96,7.99,241,,,,,,78.91,2026-07-23T17:31:51Z,2026-09-17T13:44:09Z
24585,3872,completed,1939.92,14.99,247,,,,,,35,2026-07-24T22:26:17Z,2026-09-17T13:44:09Z
24586,2441,completed,650,0,245,,,,,,89.18,2026-09-16T20:15:45Z,2026-09-17T13:44:09Z
24587,3573,cancelled,229.97,7.99,239,,,,,,18.95,2026-07-21T06:46:10Z,2026-09-17T13:44:09Z
24588,2666,pending,2874.87,7.99,,,,,,,78.93,2026-09-05T19:46:21Z,2026-09-17T13:44:09Z
24589,3395,confirmed,235.96,14.99,245,,,,,,51.22,2026-09-01T18:26:14Z,2026-09-17T13:44:09Z
24590,4120,processing,769.91,0,230,,,,,,12.73,2026-08-30T00:20:10Z,2026-09-17T13:44:09Z
24591,2848,routed,2788.96,7.99,245,,,,,,68.47,2026-07-30T18:33:18Z,2026-09-17T13:44:09Z
24592,2618,completed,459.94,14.99,223,,,,,,37.22,2026-09-12T18:40:04Z,2026-09-17T13:44:09Z
24593,3864,completed,659.92,14.99,237,,,,,,92.77,2026-08-22T10:30:54Z,2026-09-17T13:44:09Z
24594,2588,completed,276.93,0,229,,,,,,59.21,2026-08-24T06:31:39Z,2026-09-17T13:44:09Z
24595,4155,cancelled,79.98,7.99,237,,,,,,54.74,2026-08-29T21:28:04Z,2026-09-17T13:44:09Z
24596,3523,pending,649.95,7.99,,,,,,,92.95,2026-08-24T12:29:49Z,2026-09-17T13:44:09Z
24597,3948,confirmed,1049.95,7.99,250,,,,,,85.53,2026-08-16T01:37:30Z,2026-09-17T13:44:09Z
24598,2817,processing,1329.93,0,224,,,,,,47.8,2026-08-18T03:52:48Z,2026-09-17T13:44:09Z
24599,3281,routed,794.91,14.99,223,,,,,,88.27,2026-09-10T11:15:33Z,2026-09-17T13:44:09Z
24600,3593,completed,717.94,7.99,227,,,,,22488,27.89,2026-08-21T10:27:20Z,2026-09-17T13:44:09Z
24601,2866,completed,675,0,248,,,,,24547,60.89,2026-07-27T17:40:36Z,2026-09-17T13:44:09Z
24602,2805,completed,619.97,7.99,233,,,,,,87.92,2026-08-31T14:41:09Z,2026-09-17T13:44:09Z
24603,2353,cancelled,1429.9,14.99,231,,,,,22559,20.09,2026-08-31T02:18:21Z,2026-09-17T13:44:09Z
24604,3498,pending,779.93,7.99,,,,,,27202,71.21,2026-09-01T18:22:51Z,2026-09-17T13:44:09Z
24605,3626,confirmed,899.97,7.99,223,,,,,,62.08,2026-09-12T14:21:51Z,2026-09-17T13:44:09Z
24606,3710,processing,2038.92,14.99,236,,,,,,76.1,2026-08-21T16:23:13Z,2026-09-17T13:44:09Z
24607,3028,routed,1978.9,7.99,225,,,,,,49.4,2026-07-28T09:03:09Z,2026-09-17T13:44:09Z
24608,3824,completed,924.91,14.99,230,,,,,,44.38,2026-08-23T08:10:09Z,2026-09-17T13:44:09Z
24609,3760,completed,970.94,0,232,,,,,,76.15,2026-09-08T05:23:30Z,2026-09-17T13:44:09Z
24610,3661,completed,259.95,0,239,,,,,22280,56.64,2026-09-04T05:49:13Z,2026-09-17T13:44:09Z
24611,3309,cancelled,569.97,7.99,235,,,,,23966,15.09,2026-07-23T04:24:05Z,2026-09-17T13:44:09Z
24612,3391,pending,1537.94,7.99,,,,,,25462,88.67,2026-07-29T04:55:06Z,2026-09-17T13:44:09Z
24613,3220,confirmed,15339.91,7.99,249,,,,,26028,68.72,2026-09-06T17:20:19Z,2026-09-17T13:44:09Z
24614,3797,processing,1879.91,7.99,233,,,,,22477,68.79,2026-08-10T14:13:52Z,2026-09-17T13:44:09Z
24615,3482,routed,259.97,0,235,,,,,,27.5,2026-08-22T20:57:27Z,2026-09-17T13:44:09Z
24616,4016,completed,844.98,7.99,229,,,,,,73.53,2026-08-24T21:44:14Z,2026-09-17T13:44:09Z
24617,2300,completed,299.98,14.99,233,,,,,,94.49,2026-08-30T15:24:24Z,2026-09-17T13:44:09Z
24618,4008,completed,578.92,7.99,238,,,,,,46.82,2026-09-08T10:27:15Z,2026-09-17T13:44:09Z
24619,2852,cancelled,484.96,0,226,,,,,,74.43,2026-09-06T05:53:03Z,2026-09-17T13:44:09Z
24620,2854,pending,1118.94,7.99,,,,,,,34.46,2026-08-18T09:12:25Z,2026-09-17T13:44:09Z
24621,3339,confirmed,238.97,7.99,230,,,,,,70.32,2026-09-14T11:36:08Z,2026-09-17T13:44:09Z
24622,3937,processing,2649.9,7.99,243,,,,,25399,80.31,2026-07-31T20:40:03Z,2026-09-17T13:44:09Z
24623,3505,routed,699.94,7.99,223,,,,,,91.89,2026-09-04T16:34:34Z,2026-09-17T13:44:09Z
24624,2802,completed,49.98,7.99,232,,,,,,16.69,2026-09-14T10:15:39Z,2026-09-17T13:44:09Z
24625,4038,completed,179.99,14.99,226,,,,,,63.4,2026-08-12T19:55:36Z,2026-09-17T13:44:09Z
24626,2618,completed,1719.94,7.99,222,,,,,25609,70.74,2026-09-09T01:56:52Z,2026-09-17T13:44:09Z
24627,3049,cancelled,269.97,7.99,249,,,,,,16.55,2026-08-28T22:41:06Z,2026-09-17T13:44:09Z
24628,3512,pending,1234.92,7.99,,,,,,25332,70.19,2026-09-09T18:24:10Z,2026-09-17T13:44:09Z
24629,2298,confirmed,474.98,0,242,,,,,,10.84,2026-08-01T02:19:34Z,2026-09-17T13:44:09Z
24630,2772,processing,3778.9,7.99,239,,,,,,68.45,2026-08-28T08:40:59Z,2026-09-17T13:44:09Z
24631,2221,routed,1414.92,7.99,236,,,,,23127,38.64,2026-09-09T11:14:40Z,2026-09-17T13:44:09Z
24632,4147,completed,927.91,7.99,245,,,,,,50.4,2026-08-12T18:24:33Z,2026-09-17T13:44:09Z
24633,2599,completed,7024.91,0,241,,,,,,78.55,2026-09-03T11:35:18Z,2026-09-17T13:44:09Z
24634,2490,completed,1318.91,14.99,231,,,,,,39.51,2026-08-13T10:07:43Z,2026-09-17T13:44:09Z
24635,3977,cancelled,929.98,7.99,221,,,,,23067,63.46,2026-08-06T14:53:05Z,2026-09-17T13:44:09Z
24636,3538,pending,235.96,7.99,,,,,,26442,33.93,2026-08-13T08:07:11Z,2026-09-17T13:44:09Z
24637,3775,confirmed,1699.96,0,224,,,,,,34.71,2026-07-26T01:51:19Z,2026-09-17T13:44:09Z
24638,2469,processing,918.93,0,222,,,,,,34.63,2026-08-03T10:55:08Z,2026-09-17T13:44:09Z
24639,3149,routed,516.91,7.99,239,,,,,,57.09,2026-07-28T05:39:53Z,2026-09-17T13:44:09Z
24640,3679,completed,629.97,0,242,,,,,,48.5,2026-09-01T15:54:56Z,2026-09-17T13:44:09Z
24641,3759,completed,119.98,0,234,,,,,,11.11,2026-07-30T23:48:35Z,2026-09-17T13:44:09Z
24642,3890,completed,747.94,0,247,,,,,,53.34,2026-08-22T15:00:04Z,2026-09-17T13:44:09Z
24643,2233,cancelled,1994.92,0,250,,,,,23834,69.66,2026-09-07T14:27:22Z,2026-09-17T13:44:09Z
24644,3092,pending,1722.92,0,,,,,,,14.12,2026-07-23T20:46:07Z,2026-09-17T13:44:09Z
24645,3241,confirmed,477.91,0,248,,,,,,55.61,2026-07-30T19:48:01Z,2026-09-17T13:44:09Z
24646,3999,processing,79.99,0,250,,,,,25105,46.09,2026-07-28T05:32:02Z,2026-09-17T13:44:09Z
24647,2721,routed,2629.9,14.99,245,,,,,,88.23,2026-08-06T16:33:29Z,2026-09-17T13:44:09Z
24648,2886,completed,279.99,7.99,245,,,,,,57.9,2026-08-31T23:19:25Z,2026-09-17T13:44:09Z
24649,3973,completed,399.98,0,248,,,,,,77.55,2026-07-24T22:03:49Z,2026-09-17T13:44:09Z
24650,2519,completed,877.92,7.99,239,,,,,27003,42.84,2026-09-10T06:50:20Z,2026-09-17T13:44:09Z
24651,3608,cancelled,939.95,14.99,228,,,,,22385,75.44,2026-07-23T05:26:59Z,2026-09-17T13:44:09Z
24652,4210,pending,5442.88,7.99,,,,,,,27.87,2026-09-05T02:04:32Z,2026-09-17T13:44:09Z
24653,2672,confirmed,799.95,7.99,228,,,,,,33.57,2026-09-10T14:28:20Z,2026-09-17T13:44:09Z
24654,3558,processing,1014.93,7.99,227,,,,,,20.23,2026-07-25T02:42:07Z,2026-09-17T13:44:09Z
24655,2969,routed,89.99,0,235,,,,,23247,43.71,2026-08-19T16:26:40Z,2026-09-17T13:44:09Z
24656,2883,completed,1115.9,0,225,,,,,,89.29,2026-07-24T09:29:52Z,2026-09-17T13:44:09Z
24657,2782,completed,837.93,0,243,,,,,25280,78.61,2026-08-01T19:05:54Z,2026-09-17T13:44:09Z
24658,2587,completed,1799.94,0,241,,,,,22446,13.91,2026-08-09T07:54:49Z,2026-09-17T13:44:09Z
24659,3666,cancelled,327.99,14.99,248,,,,,22552,31.33,2026-08-20T07:18:16Z,2026-09-17T13:44:09Z
24660,3361,pending,59.97,14.99,,,,,,,79.55,2026-08-26T10:02:59Z,2026-09-17T13:44:09Z
24661,3616,confirmed,1424.87,7.99,222,,,,,,12.75,2026-07-23T03:46:32Z,2026-09-17T13:44:09Z
24662,3947,processing,2958.96,0,240,,,,,,34.71,2026-08-05T12:35:18Z,2026-09-17T13:44:09Z
24663,3662,routed,219.97,7.99,238,,,,,,17.58,2026-07-20T12:35:15Z,2026-09-17T13:44:09Z
24664,3912,completed,29.99,7.99,238,,,,,,69.28,2026-09-16T08:34:16Z,2026-09-17T13:44:09Z
24665,3670,completed,4789.93,7.99,235,,,,,,50.69,2026-08-21T04:54:24Z,2026-09-17T13:44:09Z
24666,3940,completed,2054.96,14.99,227,,,,,24446,30.91,2026-08-13T06:19:44Z,2026-09-17T13:44:09Z
24667,3393,cancelled,1339.94,14.99,250,,,,,,34.53,2026-08-19T14:46:40Z,2026-09-17T13:44:09Z
24668,3501,pending,294.96,7.99,,,,,,22654,67.82,2026-08-03T07:20:19Z,2026-09-17T13:44:09Z
24669,2918,confirmed,388.93,14.99,241,,,,,24077,48.98,2026-08-28T10:05:23Z,2026-09-17T13:44:09Z
24670,2544,processing,1275,0,225,,,,,,67.3,2026-09-09T20:24:14Z,2026-09-17T13:44:09Z
24671,2893,routed,1026.93,7.99,240,,,,,23351,69.77,2026-08-22T08:37:14Z,2026-09-17T13:44:09Z
24672,2297,completed,1199.97,7.99,244,,,,,,71.56,2026-08-06T23:49:35Z,2026-09-17T13:44:09Z
24673,4195,completed,719.97,7.99,230,,,,,,23.75,2026-08-02T04:58:28Z,2026-09-17T13:44:09Z
24674,3004,completed,3968.88,7.99,239,,,,,,43.17,2026-08-20T15:39:35Z,2026-09-17T13:44:09Z
24675,2823,cancelled,7859.94,0,229,,,,,23660,11.73,2026-08-19T15:13:53Z,2026-09-17T13:44:09Z
24676,3579,pending,435,7.99,,,,,,,70.57,2026-08-05T16:24:12Z,2026-09-17T13:44:09Z
24677,2495,confirmed,314.96,0,237,,,,,22556,72.1,2026-08-06T09:14:30Z,2026-09-17T13:44:09Z
24678,4110,processing,209.95,7.99,239,,,,,25124,28.83,2026-08-13T16:23:41Z,2026-09-17T13:44:09Z
24679,2252,routed,874.92,7.99,232,,,,,,77.21,2026-08-20T02:03:22Z,2026-09-17T13:44:09Z
24680,3486,completed,1316.92,14.99,229,,,,,25941,59.19,2026-08-20T15:15:18Z,2026-09-17T13:44:09Z
24681,3059,completed,279.94,14.99,236,,,,,24761,94.77,2026-08-25T22:17:41Z,2026-09-17T13:44:09Z
24682,3159,completed,174.96,7.99,234,,,,,,34.22,2026-09-06T17:22:10Z,2026-09-17T13:44:09Z
24683,2508,cancelled,89.99,7.99,243,,,,,,45.46,2026-07-30T01:36:51Z,2026-09-17T13:44:09Z
24684,3830,pending,574.99,7.99,,,,,,22732,71.42,2026-07-27T16:28:47Z,2026-09-17T13:44:09Z
24685,3310,confirmed,2444.95,7.99,228,,,,,,84.07,2026-07-29T16:33:03Z,2026-09-17T13:44:09Z
24686,2540,processing,698.96,0,225,,,,,,62.33,2026-08-01T04:33:30Z,2026-09-17T13:44:09Z
24687,2824,routed,3105.92,0,234,,,,,,44.58,2026-08-28T06:34:03Z,2026-09-17T13:44:09Z
24688,3039,completed,1179.91,0,226,,,,,,41.81,2026-09-16T00:07:55Z,2026-09-17T13:44:09Z
24689,2554,completed,7359.91,0,234,,,,,,41.85,2026-08-26T09:05:00Z,2026-09-17T13:44:09Z
24690,4053,completed,259.98,7.99,245,,,,,25720,48.48,2026-08-18T20:11:44Z,2026-09-17T13:44:09Z
24691,2590,cancelled,5699.91,14.99,230,,,,,,25.57,2026-08-25T19:20:47Z,2026-09-17T13:44:09Z
24692,3281,pending,711.94,14.99,,,,,,,70.84,2026-08-27T19:42:06Z,2026-09-17T13:44:09Z
24693,2833,confirmed,976.94,14.99,240,,,,,,61.7,2026-09-11T00:18:45Z,2026-09-17T13:44:09Z
24694,3700,processing,12836.91,14.99,224,,,,,,36.52,2026-08-25T10:51:43Z,2026-09-17T13:44:09Z
24695,3020,routed,39.99,14.99,225,,,,,,72.83,2026-08-18T16:54:55Z,2026-09-17T13:44:09Z
24696,4159,completed,687.89,7.99,225,,,,,,75.09,2026-08-29T16:12:00Z,2026-09-17T13:44:09Z
24697,3072,completed,254.96,7.99,221,,,,,24004,13.74,2026-08-28T22:27:11Z,2026-09-17T13:44:09Z
24698,3291,completed,989.95,14.99,248,,,,,25555,66.48,2026-09-11T06:57:39Z,2026-09-17T13:44:09Z
24699,3882,cancelled,1064.92,7.99,221,,,,,,61.23,2026-08-01T14:50:57Z,2026-09-17T13:44:09Z
24700,2761,pending,146.97,0,,,,,,,77.56,2026-08-15T15:18:45Z,2026-09-17T13:44:09Z
24701,3511,confirmed,1379.96,7.99,250,,,,,,20.12,2026-07-26T01:35:25Z,2026-09-17T13:44:09Z
24702,3280,processing,832.94,7.99,222,,,,,,44.21,2026-07-28T00:50:36Z,2026-09-17T13:44:09Z
24703,2400,routed,6102.95,0,228,,,,,,29.88,2026-08-16T15:53:56Z,2026-09-17T13:44:09Z
24704,3146,completed,299.97,7.99,225,,,,,,26.76,2026-08-24T02:25:12Z,2026-09-17T13:44:09Z
24705,3249,completed,588.91,0,225,,,,,25070,43.3,2026-07-29T03:47:10Z,2026-09-17T13:44:09Z
24706,4042,completed,149.97,14.99,243,,,,,,47.52,2026-08-09T03:05:18Z,2026-09-17T13:44:09Z
24707,2429,cancelled,566.95,7.99,230,,,,,,19.82,2026-08-11T01:10:45Z,2026-09-17T13:44:09Z
24708,3246,pending,2899.92,7.99,,,,,,,43.26,2026-08-14T10:50:29Z,2026-09-17T13:44:09Z
24709,2356,confirmed,199.99,0,230,,,,,,86.13,2026-08-16T04:13:22Z,2026-09-17T13:44:09Z
24710,4102,processing,2208.92,14.99,234,,,,,,66.09,2026-09-02T13:04:00Z,2026-09-17T13:44:09Z
24711,3302,routed,199.99,7.99,239,,,,,26747,30.52,2026-08-22T01:11:19Z,2026-09-17T13:44:09Z
24712,4130,completed,1317.89,7.99,232,,,,,,31.45,2026-09-03T10:50:02Z,2026-09-17T13:44:09Z
24713,2533,completed,2069.91,7.99,235,,,,,24576,13.13,2026-07-31T10:23:49Z,2026-09-17T13:44:09Z
24714,3616,completed,2999.91,7.99,249,,,,,,32.97,2026-08-25T10:02:56Z,2026-09-17T13:44:09Z
24715,3554,cancelled,1064.96,7.99,222,,,,,25974,36.39,2026-08-31T22:32:41Z,2026-09-17T13:44:09Z
24716,3424,pending,959.94,14.99,,,,,,,80.14,2026-08-23T14:33:13Z,2026-09-17T13:44:09Z
24717,2670,confirmed,59.99,7.99,228,,,,,,93.16,2026-09-09T14:10:47Z,2026-09-17T13:44:09Z
24718,3653,processing,284.94,14.99,222,,,,,,71.04,2026-09-10T19:20:38Z,2026-09-17T13:44:09Z
24719,3777,routed,988.94,7.99,246,,,,,,90.91,2026-07-24T22:44:53Z,2026-09-17T13:44:09Z
24720,3414,completed,359.98,7.99,247,,,,,,68.92,2026-09-07T22:31:12Z,2026-09-17T13:44:09Z
24721,3109,completed,869.96,0,239,,,,,,92.86,2026-09-09T11:04:46Z,2026-09-17T13:44:09Z
24722,2806,completed,2858.92,14.99,230,,,,,22361,94.72,2026-08-29T04:22:07Z,2026-09-17T13:44:09Z
24723,4176,cancelled,5244.91,14.99,232,,,,,26933,62.72,2026-08-03T22:55:17Z,2026-09-17T13:44:09Z
24724,2291,pending,229.96,7.99,,,,,,,71.38,2026-08-27T21:05:59Z,2026-09-17T13:44:09Z
24725,3657,confirmed,759.94,7.99,231,,,,,,85.72,2026-08-29T09:17:07Z,2026-09-17T13:44:09Z
24726,3261,processing,89.99,0,249,,,,,26703,68.92,2026-08-08T03:21:01Z,2026-09-17T13:44:09Z
24727,3749,routed,709.91,7.99,237,,,,,23186,70.13,2026-09-06T19:15:55Z,2026-09-17T13:44:09Z
24728,3327,completed,100.97,7.99,225,,,,,,68.38,2026-08-27T02:28:18Z,2026-09-17T13:44:09Z
24729,3304,completed,1339.95,0,226,,,,,,68.09,2026-07-29T16:10:07Z,2026-09-17T13:44:09Z
24730,3411,completed,139.98,7.99,222,,,,,,20.36,2026-09-11T15:38:26Z,2026-09-17T13:44:09Z
24731,4002,cancelled,267,0,228,,,,,,76.81,2026-08-14T08:09:47Z,2026-09-17T13:44:09Z
24732,3865,pending,449.91,7.99,,,,,,,33.14,2026-09-03T23:20:55Z,2026-09-17T13:44:09Z
24733,3921,confirmed,949.99,7.99,238,,,,,,58.03,2026-09-07T10:37:12Z,2026-09-17T13:44:09Z
24734,2372,processing,1229.92,0,242,,,,,24759,20.66,2026-08-17T20:23:22Z,2026-09-17T13:44:09Z
24735,2696,routed,1184.95,7.99,241,,,,,,75.55,2026-09-12T13:03:18Z,2026-09-17T13:44:09Z
24736,2546,completed,824.87,7.99,250,,,,,,45.66,2026-07-24T04:48:51Z,2026-09-17T13:44:09Z
24737,4197,completed,574.99,0,232,,,,,,89.51,2026-08-15T07:38:46Z,2026-09-17T13:44:09Z
24738,2605,completed,525.94,7.99,249,,,,,,16.78,2026-08-28T22:22:54Z,2026-09-17T13:44:09Z
24739,2307,cancelled,79.98,0,237,,,,,,89.36,2026-08-16T11:55:41Z,2026-09-17T13:44:09Z
24740,3304,pending,539.97,14.99,,,,,,22401,67.4,2026-09-04T23:25:02Z,2026-09-17T13:44:09Z
24741,3119,confirmed,3539.96,7.99,223,,,,,24100,45.77,2026-08-19T05:00:28Z,2026-09-17T13:44:09Z
24742,3652,processing,1126.92,7.99,245,,,,,,94.2,2026-09-15T18:23:17Z,2026-09-17T13:44:09Z
24743,2423,routed,1825.89,7.99,231,,,,,,37.38,2026-07-31T14:03:04Z,2026-09-17T13:44:09Z
24744,2834,completed,938.91,14.99,227,,,,,,92.97,2026-09-11T16:42:57Z,2026-09-17T13:44:09Z
24745,3303,completed,899.95,7.99,240,,,,,,69.64,2026-09-15T16:22:07Z,2026-09-17T13:44:09Z
24746,3809,completed,1049.97,7.99,223,,,,,,29.61,2026-09-01T19:24:50Z,2026-09-17T13:44:09Z
24747,2909,cancelled,378.95,7.99,246,,,,,,84.26,2026-09-03T12:37:33Z,2026-09-17T13:44:09Z
24748,3134,pending,10749.89,14.99,,,,,,,34.02,2026-08-19T23:31:07Z,2026-09-17T13:44:09Z
24749,2976,confirmed,719.94,7.99,233,,,,,,29.33,2026-09-15T20:54:54Z,2026-09-17T13:44:09Z
24750,3190,processing,879.96,14.99,238,,,,,,11.83,2026-09-03T12:03:34Z,2026-09-17T13:44:09Z
24751,2632,routed,9259.92,7.99,239,,,,,,78.07,2026-08-02T04:09:56Z,2026-09-17T13:44:09Z
24752,4117,completed,526.93,14.99,238,,,,,,81.39,2026-08-20T14:51:42Z,2026-09-17T13:44:09Z
24753,3722,completed,584.95,14.99,229,,,,,,27.41,2026-08-26T16:14:39Z,2026-09-17T13:44:09Z
24754,3129,completed,149.97,14.99,247,,,,,24805,67.98,2026-08-06T18:28:04Z,2026-09-17T13:44:09Z
24755,3313,cancelled,819.87,14.99,245,,,,,,84.18,2026-08-28T05:09:15Z,2026-09-17T13:44:09Z
24756,4158,pending,574.95,7.99,,,,,,,60.7,2026-08-22T14:18:46Z,2026-09-17T13:44:09Z
24757,4115,confirmed,108.98,7.99,248,,,,,,59.56,2026-08-24T19:23:45Z,2026-09-17T13:44:09Z
24758,4175,processing,537.88,0,222,,,,,24453,79.08,2026-09-16T12:23:47Z,2026-09-17T13:44:09Z
24759,3259,routed,3809.9,14.99,238,,,,,23473,46.09,2026-08-26T10:15:32Z,2026-09-17T13:44:09Z
24760,3945,completed,275,7.99,242,,,,,,85.68,2026-07-24T15:09:32Z,2026-09-17T13:44:09Z
24761,3297,completed,749.97,7.99,247,,,,,,24.51,2026-08-15T19:45:23Z,2026-09-17T13:44:09Z
24762,3122,completed,5279.96,7.99,233,,,,,22875,22.94,2026-09-02T23:03:13Z,2026-09-17T13:44:09Z
24763,2262,cancelled,2729.91,0,226,,,,,,22.19,2026-09-01T18:33:52Z,2026-09-17T13:44:09Z
24764,2861,pending,1047.92,7.99,,,,,,,51.16,2026-09-02T11:19:02Z,2026-09-17T13:44:09Z
24765,4054,confirmed,8859.91,0,241,,,,,,70.69,2026-08-01T09:34:38Z,2026-09-17T13:44:09Z
24766,3095,processing,789.97,7.99,234,,,,,24511,92.7,2026-08-06T13:48:00Z,2026-09-17T13:44:09Z
24767,3899,routed,3019.91,0,230,,,,,,38.51,2026-08-17T22:42:56Z,2026-09-17T13:44:09Z
24768,2501,completed,6029.86,7.99,233,,,,,,83.52,2026-09-01T14:04:26Z,2026-09-17T13:44:09Z
24769,3232,completed,1141.94,14.99,230,,,,,27178,69.49,2026-08-21T09:33:40Z,2026-09-17T13:44:09Z
24770,2318,completed,2104.94,7.99,246,,,,,26050,50.09,2026-07-29T02:45:02Z,2026-09-17T13:44:09Z
24771,3043,cancelled,1618.89,7.99,224,,,,,,35.82,2026-08-23T22:13:51Z,2026-09-17T13:44:09Z
24772,3898,pending,299.99,0,,,,,,26486,66.58,2026-07-21T00:46:06Z,2026-09-17T13:44:09Z
24773,2981,confirmed,249.96,14.99,232,,,,,,20.86,2026-09-01T12:24:40Z,2026-09-17T13:44:09Z
24774,2854,processing,58.99,7.99,229,,,,,,81.83,2026-08-13T17:39:08Z,2026-09-17T13:44:09Z
24775,3398,routed,386.92,0,237,,,,,,80.68,2026-08-08T04:59:09Z,2026-09-17T13:44:09Z
24776,3298,completed,729.97,14.99,249,,,,,,82.08,2026-09-01T21:38:10Z,2026-09-17T13:44:09Z
24777,4175,completed,179.98,7.99,231,,,,,,29.23,2026-08-14T09:24:50Z,2026-09-17T13:44:09Z
24778,3226,completed,3356.91,0,242,,,,,,69.98,2026-08-29T03:42:08Z,2026-09-17T13:44:09Z
24779,3521,cancelled,1243.95,7.99,233,,,,,,22.81,2026-08-16T17:50:30Z,2026-09-17T13:44:09Z
24780,4173,pending,9262.96,7.99,,,,,,,39.69,2026-09-14T13:44:21Z,2026-09-17T13:44:09Z
24781,3293,confirmed,1857.94,0,240,,,,,24788,78.74,2026-07-30T01:09:09Z,2026-09-17T13:44:09Z
24782,3242,processing,5355.92,14.99,239,,,,,,36.02,2026-08-20T08:47:04Z,2026-09-17T13:44:09Z
24783,3715,routed,359.95,14.99,221,,,,,,43.35,2026-08-23T13:41:53Z,2026-09-17T13:44:09Z
24784,3762,completed,2379.93,7.99,236,,,,,,82.21,2026-09-04T10:14:49Z,2026-09-17T13:44:09Z
24785,3158,completed,1574.92,0,229,,,,,,24.53,2026-08-16T02:06:36Z,2026-09-17T13:44:09Z
24786,2383,completed,5189.91,7.99,231,,,,,,86.97,2026-08-26T22:13:41Z,2026-09-17T13:44:09Z
24787,2548,cancelled,5209.88,0,221,,,,,,35.88,2026-07-20T16:43:44Z,2026-09-17T13:44:09Z
24788,3765,pending,3694.9,14.99,,,,,,25933,11.79,2026-09-10T23:41:30Z,2026-09-17T13:44:09Z
24789,2929,confirmed,1679.97,7.99,229,,,,,,66.22,2026-09-04T01:19:53Z,2026-09-17T13:44:09Z
24790,3117,processing,1929.95,7.99,233,,,,,,24.53,2026-08-03T16:57:26Z,2026-09-17T13:44:09Z
24791,3528,routed,9469.89,14.99,241,,,,,,92.03,2026-08-28T16:15:57Z,2026-09-17T13:44:09Z
24792,3264,completed,149.99,7.99,237,,,,,,37.14,2026-08-09T12:47:49Z,2026-09-17T13:44:09Z
24793,4198,completed,791.91,7.99,229,,,,,,28.29,2026-09-06T10:29:58Z,2026-09-17T13:44:09Z
24794,3749,completed,599.97,7.99,240,,,,,,23.03,2026-08-21T06:25:35Z,2026-09-17T13:44:09Z
24795,3126,cancelled,2649.93,0,241,,,,,,36.58,2026-08-16T00:29:50Z,2026-09-17T13:44:09Z
24796,2350,pending,1199.98,7.99,,,,,,,31.6,2026-09-13T21:39:00Z,2026-09-17T13:44:09Z
24797,2668,confirmed,1728.93,14.99,230,,,,,,61.66,2026-07-21T18:13:41Z,2026-09-17T13:44:09Z
24798,3641,processing,1416.91,14.99,244,,,,,,77.43,2026-08-26T11:23:42Z,2026-09-17T13:44:09Z
24799,3737,routed,268.96,0,240,,,,,,22.58,2026-07-26T00:57:12Z,2026-09-17T13:44:09Z
24800,3532,completed,898.93,14.99,222,,,,,,75.29,2026-08-20T07:23:57Z,2026-09-17T13:44:09Z
24801,2482,completed,4609.94,0,245,,,,,,40.44,2026-07-29T02:46:20Z,2026-09-17T13:44:09Z
24802,3029,completed,599.98,14.99,236,,,,,,80.66,2026-07-31T13:20:06Z,2026-09-17T13:44:09Z
24803,2358,cancelled,964.91,7.99,221,,,,,,45.62,2026-09-16T18:09:45Z,2026-09-17T13:44:09Z
24804,3001,pending,1019.91,0,,,,,,,68.31,2026-09-05T23:36:55Z,2026-09-17T13:44:09Z
24805,2535,confirmed,324.96,7.99,233,,,,,,29.92,2026-07-19T17:57:18Z,2026-09-17T13:44:09Z
24806,3450,processing,2212.92,0,222,,,,,,51.73,2026-07-30T05:50:35Z,2026-09-17T13:44:09Z
24807,3929,routed,479.97,7.99,233,,,,,,12.32,2026-07-28T03:16:40Z,2026-09-17T13:44:09Z
24808,3156,completed,473.94,14.99,246,,,,,24099,68.14,2026-08-20T03:49:30Z,2026-09-17T13:44:09Z
24809,2317,completed,179.98,14.99,234,,,,,26476,93.38,2026-08-20T05:59:50Z,2026-09-17T13:44:09Z
24810,2712,completed,319.98,7.99,223,,,,,,26.76,2026-08-06T13:26:19Z,2026-09-17T13:44:09Z
24811,3269,cancelled,899.98,14.99,223,,,,,26937,81.72,2026-08-29T21:46:48Z,2026-09-17T13:44:09Z
24812,3029,pending,319.95,0,,,,,,,28.01,2026-08-21T20:34:22Z,2026-09-17T13:44:09Z
24813,2673,confirmed,1222.89,7.99,249,,,,,,22.04,2026-08-21T00:00:13Z,2026-09-17T13:44:09Z
24814,2965,processing,1739.93,7.99,234,,,,,,51.22,2026-07-29T04:04:49Z,2026-09-17T13:44:09Z
24815,4205,routed,1672.91,0,224,,,,,,28.65,2026-08-01T08:07:15Z,2026-09-17T13:44:09Z
24816,3234,completed,12599.94,7.99,242,,,,,,52.71,2026-08-22T15:59:10Z,2026-09-17T13:44:09Z
24817,3379,completed,304.97,0,221,,,,,,67.32,2026-09-10T22:21:56Z,2026-09-17T13:44:09Z
24818,2820,completed,49.99,0,225,,,,,24439,17.14,2026-08-10T01:31:37Z,2026-09-17T13:44:09Z
24819,3445,cancelled,269.97,0,236,,,,,23447,89.14,2026-08-23T01:34:58Z,2026-09-17T13:44:09Z
24820,3180,pending,89.97,14.99,,,,,,,53.51,2026-08-14T19:18:37Z,2026-09-17T13:44:09Z
24821,3465,confirmed,776.94,14.99,222,,,,,,54.18,2026-09-07T00:56:53Z,2026-09-17T13:44:09Z
24822,2328,processing,1158.93,0,221,,,,,,56.3,2026-09-01T11:55:49Z,2026-09-17T13:44:09Z
24823,3435,routed,749.95,0,225,,,,,26609,82.62,2026-08-17T07:22:27Z,2026-09-17T13:44:09Z
24824,3114,completed,1309.91,7.99,222,,,,,23509,19.14,2026-08-01T02:09:58Z,2026-09-17T13:44:09Z
24825,2487,completed,2051.94,7.99,237,,,,,24949,15.38,2026-08-14T18:40:38Z,2026-09-17T13:44:09Z
24826,2611,completed,419.95,0,232,,,,,,66.87,2026-08-21T12:05:36Z,2026-09-17T13:44:09Z
24827,2983,cancelled,794.93,0,250,,,,,23037,18.42,2026-07-25T21:01:16Z,2026-09-17T13:44:09Z
24828,3816,pending,139.98,7.99,,,,,,,24.52,2026-08-30T18:01:38Z,2026-09-17T13:44:09Z
24829,2565,confirmed,98.97,7.99,228,,,,,,51.22,2026-08-25T05:43:41Z,2026-09-17T13:44:09Z
24830,2751,processing,1169.93,0,229,,,,,,45.35,2026-09-07T16:46:53Z,2026-09-17T13:44:09Z
24831,2279,routed,908.91,7.99,231,,,,,,89.02,2026-07-23T05:59:58Z,2026-09-17T13:44:09Z
24832,2558,completed,284.96,7.99,226,,,,,23287,41.03,2026-09-10T04:06:11Z,2026-09-17T13:44:09Z
24833,4117,completed,521.97,14.99,230,,,,,,51.73,2026-08-26T14:05:50Z,2026-09-17T13:44:09Z
24834,3925,completed,57.98,0,234,,,,,,81.6,2026-08-04T21:46:09Z,2026-09-17T13:44:09Z
24835,2313,cancelled,574.92,14.99,244,,,,,26228,72.15,2026-07-20T01:16:10Z,2026-09-17T13:44:09Z
24836,2656,pending,4799.95,0,,,,,,,77.82,2026-07-21T12:18:55Z,2026-09-17T13:44:09Z
24837,2279,confirmed,1110.95,7.99,239,,,,,,22.27,2026-08-26T23:57:26Z,2026-09-17T13:44:09Z
24838,2904,processing,1179.9,7.99,249,,,,,,79.96,2026-08-29T04:25:11Z,2026-09-17T13:44:09Z
24839,3013,routed,89.98,7.99,231,,,,,,62.96,2026-08-28T12:56:05Z,2026-09-17T13:44:09Z
24840,3268,completed,1599.98,14.99,240,,,,,,68.09,2026-07-28T10:23:33Z,2026-09-17T13:44:09Z
24841,2764,completed,219.96,7.99,228,,,,,23499,39.07,2026-08-24T22:11:30Z,2026-09-17T13:44:09Z
24842,2377,completed,9007.93,14.99,234,,,,,,71.24,2026-08-10T13:19:09Z,2026-09-17T13:44:09Z
24843,3829,cancelled,1844.93,7.99,222,,,,,23412,45.42,2026-09-11T07:52:09Z,2026-09-17T13:44:09Z
24844,3690,pending,579.96,14.99,,,,,,,17.01,2026-09-08T21:07:19Z,2026-09-17T13:44:09Z
24845,2625,confirmed,2339.91,0,250,,,,,,69.27,2026-08-20T14:02:35Z,2026-09-17T13:44:09Z
24846,3559,processing,799.98,0,226,,,,,,74.51,2026-08-05T21:41:24Z,2026-09-17T13:44:09Z
24847,2821,routed,1209.93,7.99,246,,,,,,56.05,2026-09-05T03:57:32Z,2026-09-17T13:44:09Z
24848,2288,completed,1325.94,7.99,249,,,,,,30.49,2026-08-12T15:16:44Z,2026-09-17T13:44:09Z
24849,3797,completed,179.98,7.99,232,,,,,24457,74.89,2026-07-26T22:03:21Z,2026-09-17T13:44:09Z
24850,3664,completed,1709.89,0,226,,,,,26989,58.57,2026-08-08T08:49:08Z,2026-09-17T13:44:09Z
24851,3646,cancelled,1599.93,7.99,246,,,,,23746,31.08,2026-08-04T09:23:36Z,2026-09-17T13:44:09Z
24852,4125,pending,119.99,7.99,,,,,,,86.2,2026-09-10T23:26:49Z,2026-09-17T13:44:09Z
24853,2930,confirmed,49.99,7.99,224,,,,,22935,71.16,2026-08-15T16:04:11Z,2026-09-17T13:44:09Z
24854,3863,processing,355.97,7.99,233,,,,,,65.63,2026-08-04T21:01:37Z,2026-09-17T13:44:09Z
24855,3211,routed,359.94,7.99,245,,,,,23961,61.53,2026-08-30T11:49:31Z,2026-09-17T13:44:09Z
24856,3912,completed,91.98,7.99,238,,,,,,90.24,2026-09-11T16:35:27Z,2026-09-17T13:44:09Z
24857,3094,completed,2579.94,7.99,231,,,,,25672,55.99,2026-09-12T22:35:00Z,2026-09-17T13:44:09Z
24858,3011,completed,1036.93,14.99,224,,,,,26624,65.98,2026-09-06T18:54:41Z,2026-09-17T13:44:09Z
24859,3706,cancelled,1274.97,7.99,227,,,,,24991,18.36,2026-09-10T13:06:51Z,2026-09-17T13:44:09Z
24860,2624,pending,434.98,14.99,,,,,,22609,92.07,2026-07-23T14:33:30Z,2026-09-17T13:44:09Z
24861,2515,confirmed,1064.89,14.99,225,,,,,,55.93,2026-08-22T08:28:35Z,2026-09-17T13:44:09Z
24862,3637,processing,659.94,7.99,246,,,,,,52.37,2026-08-03T16:45:38Z,2026-09-17T13:44:09Z
24863,4101,routed,359.94,7.99,249,,,,,25726,55.41,2026-07-29T01:59:20Z,2026-09-17T13:44:09Z
24864,3296,completed,684.91,7.99,229,,,,,,34.35,2026-09-01T21:22:31Z,2026-09-17T13:44:09Z
24865,2673,completed,1609.95,7.99,245,,,,,,74.55,2026-08-25T23:34:40Z,2026-09-17T13:44:09Z
24866,2305,completed,79.99,7.99,248,,,,,24321,66.04,2026-09-05T21:35:05Z,2026-09-17T13:44:09Z
24867,4010,cancelled,1794.92,7.99,229,,,,,22242,14.25,2026-09-16T14:00:56Z,2026-09-17T13:44:09Z
24868,2868,pending,159.98,7.99,,,,,,,67.22,2026-07-29T11:58:56Z,2026-09-17T13:44:09Z
24869,3107,confirmed,1164.9,7.99,231,,,,,,54.87,2026-08-12T16:46:57Z,2026-09-17T13:44:09Z
24870,3024,processing,1199.97,7.99,232,,,,,,51.44,2026-07-28T04:09:11Z,2026-09-17T13:44:09Z
24871,2325,routed,779.94,7.99,237,,,,,,88.12,2026-08-26T04:57:36Z,2026-09-17T13:44:09Z
24872,3335,completed,2429.88,7.99,224,,,,,,28.07,2026-07-27T10:28:22Z,2026-09-17T13:44:09Z
24873,3806,completed,374.95,7.99,234,,,,,,87.71,2026-08-01T21:19:30Z,2026-09-17T13:44:09Z
24874,3520,completed,364.97,7.99,244,,,,,,44.18,2026-08-26T03:56:43Z,2026-09-17T13:44:09Z
24875,2847,cancelled,219.97,0,243,,,,,23631,55.18,2026-09-09T16:40:48Z,2026-09-17T13:44:09Z
24876,3809,pending,1369.94,7.99,,,,,,23692,65.94,2026-08-02T02:30:29Z,2026-09-17T13:44:09Z
24877,2682,confirmed,322.93,14.99,237,,,,,,10.85,2026-07-23T00:53:05Z,2026-09-17T13:44:09Z
24878,2865,processing,459.94,7.99,223,,,,,,93.3,2026-08-19T04:42:35Z,2026-09-17T13:44:09Z
24879,3928,routed,146.97,7.99,243,,,,,,91.16,2026-08-09T19:54:59Z,2026-09-17T13:44:09Z
24880,2276,completed,974.9,7.99,227,,,,,,78.81,2026-09-17T11:14:05Z,2026-09-17T13:44:09Z
24881,2971,completed,2089.89,14.99,242,,,,,,11.16,2026-09-14T22:24:09Z,2026-09-17T13:44:09Z
24882,4108,completed,1401.94,7.99,243,,,,,26795,35.78,2026-09-16T23:51:16Z,2026-09-17T13:44:09Z
24883,3578,cancelled,3089.89,14.99,223,,,,,,92.19,2026-09-10T07:31:55Z,2026-09-17T13:44:09Z
24884,3797,pending,539.96,7.99,,,,,,,15.5,2026-08-27T12:52:16Z,2026-09-17T13:44:09Z
24885,3439,confirmed,1148.92,7.99,243,,,,,22567,89.66,2026-07-29T23:38:15Z,2026-09-17T13:44:09Z
24886,3258,processing,744.91,14.99,221,,,,,,69.32,2026-09-13T17:03:46Z,2026-09-17T13:44:09Z
24887,2665,routed,1330.89,7.99,248,,,,,,48.8,2026-07-21T00:19:22Z,2026-09-17T13:44:09Z
24888,3334,completed,314.93,14.99,221,,,,,24054,62.98,2026-08-13T13:34:38Z,2026-09-17T13:44:09Z
24889,3494,completed,863.9,7.99,234,,,,,,76.17,2026-09-13T04:06:37Z,2026-09-17T13:44:09Z
24890,2402,completed,119.99,7.99,227,,,,,23326,48.2,2026-07-26T06:44:10Z,2026-09-17T13:44:09Z
24891,4017,cancelled,199.99,0,240,,,,,,26.28,2026-08-06T11:53:34Z,2026-09-17T13:44:09Z
24892,3952,pending,1054.91,7.99,,,,,,25716,39.78,2026-09-03T06:43:50Z,2026-09-17T13:44:09Z
24893,2391,confirmed,919.96,7.99,232,,,,,24892,92.86,2026-09-02T08:59:55Z,2026-09-17T13:44:09Z
24894,4206,processing,949.95,0,246,,,,,,53.01,2026-08-05T12:07:21Z,2026-09-17T13:44:09Z
24895,2942,routed,699.91,0,235,,,,,,47,2026-08-03T04:19:19Z,2026-09-17T13:44:09Z
24896,2669,completed,6279.88,7.99,222,,,,,,44.23,2026-08-03T23:01:59Z,2026-09-17T13:44:09Z
24897,3380,completed,1426.88,7.99,222,,,,,,25.14,2026-09-04T12:32:12Z,2026-09-17T13:44:09Z
24898,3558,completed,349.99,14.99,232,,,,,,41.78,2026-09-07T19:52:55Z,2026-09-17T13:44:09Z
24899,2763,cancelled,1099.98,0,224,,,,,23434,90.26,2026-08-07T10:33:24Z,2026-09-17T13:44:09Z
24900,4130,pending,3299.97,0,,,,,,,13.65,2026-08-25T01:39:33Z,2026-09-17T13:44:09Z
24901,2778,confirmed,578.9,7.99,242,,,,,,24.52,2026-08-20T12:00:19Z,2026-09-17T13:44:09Z
24902,3800,processing,594.95,7.99,237,,,,,,58.99,2026-08-23T01:20:54Z,2026-09-17T13:44:09Z
24903,4154,routed,497.95,7.99,249,,,,,,69.22,2026-09-03T15:44:43Z,2026-09-17T13:44:09Z
24904,2468,completed,529.95,7.99,245,,,,,,26.34,2026-08-26T02:52:04Z,2026-09-17T13:44:09Z
24905,2496,completed,449.99,7.99,229,,,,,22515,14.47,2026-07-30T15:05:50Z,2026-09-17T13:44:09Z
24906,3725,completed,5024.96,0,225,,,,,22296,72.71,2026-07-19T18:21:34Z,2026-09-17T13:44:09Z
24907,2960,cancelled,689.91,14.99,227,,,,,,26.73,2026-08-21T02:25:53Z,2026-09-17T13:44:09Z
24908,3001,pending,2219.91,7.99,,,,,,,44.67,2026-08-07T20:24:25Z,2026-09-17T13:44:09Z
24909,3319,confirmed,1199.95,0,235,,,,,,27.87,2026-08-20T10:04:42Z,2026-09-17T13:44:09Z
24910,3099,processing,279.99,14.99,238,,,,,24265,64.32,2026-08-16T04:33:58Z,2026-09-17T13:44:09Z
24911,2776,routed,141.96,0,242,,,,,,82.84,2026-08-09T11:34:00Z,2026-09-17T13:44:09Z
24912,3914,completed,979.95,7.99,227,,,,,25779,64.95,2026-08-21T03:27:01Z,2026-09-17T13:44:09Z
24913,3975,completed,739.95,14.99,244,,,,,,80.49,2026-08-27T12:54:18Z,2026-09-17T13:44:09Z
24914,2751,completed,435,7.99,221,,,,,,94.73,2026-08-17T17:19:54Z,2026-09-17T13:44:09Z
24915,2422,cancelled,269.95,0,227,,,,,25122,62.62,2026-07-21T13:08:15Z,2026-09-17T13:44:09Z
24916,4085,pending,409.9,7.99,,,,,,,85.91,2026-08-05T19:02:06Z,2026-09-17T13:44:09Z
24917,4081,confirmed,32.99,0,241,,,,,,38.76,2026-08-09T03:59:46Z,2026-09-17T13:44:09Z
24918,4080,processing,5831.95,0,221,,,,,,40.77,2026-08-12T21:12:57Z,2026-09-17T13:44:09Z
24919,2296,routed,179.99,7.99,222,,,,,22494,86.26,2026-08-21T12:51:10Z,2026-09-17T13:44:09Z
24920,4042,completed,179.99,7.99,246,,,,,,69.92,2026-08-26T23:32:38Z,2026-09-17T13:44:09Z
24921,2902,completed,649.92,0,227,,,,,,92.26,2026-09-04T23:30:25Z,2026-09-17T13:44:09Z
24922,3631,completed,328.98,7.99,233,,,,,,26.98,2026-07-28T12:27:23Z,2026-09-17T13:44:09Z
24923,3251,cancelled,666.93,14.99,244,,,,,,66.14,2026-08-09T14:33:46Z,2026-09-17T13:44:09Z
24924,2396,pending,1034.93,7.99,,,,,,,70.61,2026-07-25T10:06:53Z,2026-09-17T13:44:09Z
24925,2349,confirmed,1304.92,0,235,,,,,,21.78,2026-08-22T07:46:29Z,2026-09-17T13:44:09Z
24926,4079,processing,1514.94,7.99,233,,,,,,69.17,2026-07-28T18:47:58Z,2026-09-17T13:44:09Z
24927,3255,routed,3099.92,0,225,,,,,,51.64,2026-08-14T23:27:27Z,2026-09-17T13:44:09Z
24928,3439,completed,549.97,7.99,234,,,,,,79.01,2026-09-05T19:53:20Z,2026-09-17T13:44:09Z
24929,2675,completed,507.95,0,247,,,,,,29.97,2026-09-12T19:54:05Z,2026-09-17T13:44:09Z
24930,4049,completed,1446.88,7.99,243,,,,,26841,55.08,2026-08-10T09:13:03Z,2026-09-17T13:44:09Z
24931,3211,cancelled,989.87,7.99,232,,,,,,30.11,2026-08-15T01:21:44Z,2026-09-17T13:44:09Z
24932,3261,pending,959.94,14.99,,,,,,,19.11,2026-08-04T15:40:44Z,2026-09-17T13:44:09Z
24933,3424,confirmed,269.98,7.99,228,,,,,,93.59,2026-09-01T15:50:47Z,2026-09-17T13:44:09Z
24934,2834,processing,89.98,7.99,250,,,,,23570,37.62,2026-08-19T03:58:24Z,2026-09-17T13:44:09Z
24935,4103,routed,749.95,7.99,229,,,,,,26.43,2026-08-23T14:29:03Z,2026-09-17T13:44:09Z
24936,3937,completed,111.96,0,240,,,,,,72.36,2026-08-14T00:44:38Z,2026-09-17T13:44:09Z
24937,2784,completed,896.93,0,245,,,,,22825,80.89,2026-07-31T01:21:18Z,2026-09-17T13:44:09Z
24938,2977,completed,1354.96,7.99,227,,,,,,65.84,2026-08-11T08:55:29Z,2026-09-17T13:44:09Z
24939,3691,cancelled,1744.95,7.99,228,,,,,,60.67,2026-08-26T11:13:57Z,2026-09-17T13:44:09Z
24940,3253,pending,919.93,7.99,,,,,,23784,35.33,2026-09-10T18:50:52Z,2026-09-17T13:44:09Z
24941,2701,confirmed,1469.91,7.99,242,,,,,,83.18,2026-08-25T05:20:23Z,2026-09-17T13:44:09Z
24942,2514,processing,339.98,0,246,,,,,,90.96,2026-08-19T06:58:55Z,2026-09-17T13:44:09Z
24943,2633,routed,1039.92,7.99,231,,,,,,45.48,2026-09-01T01:54:11Z,2026-09-17T13:44:09Z
24944,3515,completed,1109.93,14.99,245,,,,,,54.03,2026-09-09T07:44:08Z,2026-09-17T13:44:09Z
24945,3228,completed,2084.97,7.99,223,,,,,,22.32,2026-07-20T19:07:36Z,2026-09-17T13:44:09Z
24946,4177,completed,609.94,7.99,242,,,,,,68.21,2026-08-31T16:43:19Z,2026-09-17T13:44:09Z
24947,2639,cancelled,2729.92,7.99,239,,,,,22514,25.97,2026-08-14T07:24:30Z,2026-09-17T13:44:09Z
24948,2678,pending,1328.95,14.99,,,,,,23893,76.73,2026-08-05T05:25:33Z,2026-09-17T13:44:09Z
24949,3266,confirmed,368.98,7.99,240,,,,,,29.25,2026-07-27T13:21:27Z,2026-09-17T13:44:09Z
24950,2738,processing,327.93,0,226,,,,,,56.52,2026-08-15T23:00:15Z,2026-09-17T13:44:09Z
24951,2884,routed,1164.92,7.99,242,,,,,24200,68.4,2026-08-02T11:57:59Z,2026-09-17T13:44:09Z
24952,2320,completed,2609.87,14.99,232,,,,,22325,11.32,2026-08-26T06:47:33Z,2026-09-17T13:44:09Z
24953,3233,completed,889.94,0,245,,,,,22383,11.53,2026-08-16T12:49:39Z,2026-09-17T13:44:09Z
24954,2471,completed,989.95,7.99,223,,,,,,85.86,2026-08-14T02:08:06Z,2026-09-17T13:44:09Z
24955,3936,cancelled,184.98,7.99,230,,,,,,73.89,2026-08-22T06:22:58Z,2026-09-17T13:44:09Z
24956,3341,pending,39.98,0,,,,,,,32.6,2026-08-12T04:46:39Z,2026-09-17T13:44:09Z
24957,4070,confirmed,334.95,7.99,227,,,,,,65.35,2026-07-29T05:48:02Z,2026-09-17T13:44:09Z
24958,3421,processing,3407.89,7.99,250,,,,,,87.85,2026-08-17T12:27:38Z,2026-09-17T13:44:09Z
24959,3400,routed,724.94,14.99,239,,,,,,92,2026-09-12T23:03:56Z,2026-09-17T13:44:09Z
24960,3212,completed,179.98,7.99,222,,,,,25992,79.01,2026-08-08T00:21:09Z,2026-09-17T13:44:09Z
24961,2555,completed,424.97,14.99,227,,,,,23881,14.73,2026-08-23T11:21:33Z,2026-09-17T13:44:09Z
24962,4163,completed,1167.9,7.99,224,,,,,,79.06,2026-07-25T08:38:47Z,2026-09-17T13:44:09Z
24963,3165,cancelled,239.97,0,232,,,,,,75.48,2026-08-09T00:30:18Z,2026-09-17T13:44:09Z
24964,2705,pending,609.95,7.99,,,,,,,42.98,2026-07-25T17:50:35Z,2026-09-17T13:44:09Z
24965,3950,confirmed,1299.9,14.99,238,,,,,,20.21,2026-08-22T09:48:58Z,2026-09-17T13:44:09Z
24966,2386,processing,1859.94,14.99,224,,,,,23578,11.43,2026-09-04T15:58:30Z,2026-09-17T13:44:09Z
24967,3129,routed,847.95,7.99,242,,,,,26692,32.39,2026-07-21T08:19:15Z,2026-09-17T13:44:09Z
24968,3808,completed,12869.93,0,236,,,,,,71.59,2026-09-07T07:44:36Z,2026-09-17T13:44:09Z
24969,4115,completed,844.94,7.99,241,,,,,,69.83,2026-08-07T22:06:39Z,2026-09-17T13:44:09Z
24970,3892,completed,1299.99,7.99,234,,,,,,26.86,2026-07-28T14:47:32Z,2026-09-17T13:44:09Z
24971,3477,cancelled,414.93,7.99,240,,,,,,44.95,2026-08-16T08:31:33Z,2026-09-17T13:44:09Z
24972,2886,pending,739.96,0,,,,,,,80.17,2026-08-01T06:10:03Z,2026-09-17T13:44:09Z
24973,3997,confirmed,1379.94,7.99,244,,,,,24037,73.77,2026-09-15T12:08:26Z,2026-09-17T13:44:09Z
24974,3639,processing,9979.9,14.99,222,,,,,,32.82,2026-08-25T09:43:16Z,2026-09-17T13:44:09Z
24975,2819,routed,2655.89,14.99,233,,,,,26098,32.1,2026-09-11T13:00:25Z,2026-09-17T13:44:09Z
24976,3382,completed,539.96,7.99,228,,,,,,48.83,2026-09-13T18:17:03Z,2026-09-17T13:44:09Z
24977,3902,completed,2939.93,14.99,221,,,,,25356,58.41,2026-08-25T03:35:28Z,2026-09-17T13:44:09Z
24978,3750,completed,744.95,0,224,,,,,24704,36.32,2026-09-14T23:04:49Z,2026-09-17T13:44:09Z
24979,3582,cancelled,209.97,7.99,229,,,,,,40.58,2026-09-14T13:11:47Z,2026-09-17T13:44:09Z
24980,4090,pending,1084.89,14.99,,,,,,,36.61,2026-07-20T07:10:41Z,2026-09-17T13:44:09Z
24981,3643,confirmed,27.99,7.99,226,,,,,,84.34,2026-08-20T23:19:01Z,2026-09-17T13:44:09Z
24982,2359,processing,5994.91,0,245,,,,,,91.5,2026-08-22T16:31:00Z,2026-09-17T13:44:09Z
24983,3446,routed,519.98,7.99,240,,,,,,91.78,2026-08-04T09:25:29Z,2026-09-17T13:44:09Z
24984,3754,completed,414.98,14.99,236,,,,,,80.07,2026-08-01T07:50:18Z,2026-09-17T13:44:09Z
24985,3335,completed,49.99,0,250,,,,,,55.95,2026-09-05T12:04:51Z,2026-09-17T13:44:09Z
24986,3701,completed,1114.96,14.99,236,,,,,,49.32,2026-09-01T02:29:50Z,2026-09-17T13:44:09Z
24987,2338,cancelled,989.95,0,237,,,,,22933,29.23,2026-08-20T15:13:35Z,2026-09-17T13:44:09Z
24988,2747,pending,789.89,7.99,,,,,,,46.03,2026-07-25T07:52:32Z,2026-09-17T13:44:09Z
24989,3419,confirmed,1258.92,14.99,228,,,,,,25.87,2026-09-05T05:17:56Z,2026-09-17T13:44:09Z
24990,3163,processing,1694.92,7.99,246,,,,,23988,51.89,2026-08-07T14:05:13Z,2026-09-17T13:44:09Z
24991,2351,routed,119.99,7.99,234,,,,,,68.3,2026-08-20T10:06:42Z,2026-09-17T13:44:09Z
24992,3444,completed,1079.91,0,234,,,,,26450,93.66,2026-07-29T03:52:36Z,2026-09-17T13:44:09Z
24993,2759,completed,74.97,0,240,,,,,23658,33.02,2026-08-18T13:47:36Z,2026-09-17T13:44:09Z
24994,2745,completed,1824.89,7.99,228,,,,,,92.83,2026-08-12T00:41:47Z,2026-09-17T13:44:09Z
24995,4019,cancelled,2784.93,14.99,249,,,,,22804,78.46,2026-08-08T00:51:04Z,2026-09-17T13:44:09Z
24996,3717,pending,803.91,0,,,,,,,62.56,2026-09-15T12:58:45Z,2026-09-17T13:44:09Z
24997,3973,confirmed,388.94,0,227,,,,,,42.22,2026-07-24T12:41:46Z,2026-09-17T13:44:09Z
24998,2707,processing,299.95,7.99,249,,,,,,69.79,2026-07-19T15:02:25Z,2026-09-17T13:44:09Z
24999,4124,routed,1101.93,7.99,243,,,,,,66.94,2026-07-25T14:46:19Z,2026-09-17T13:44:09Z
25000,2766,completed,6449.89,0,234,,,,,22660,54.38,2026-08-22T21:14:41Z,2026-09-17T13:44:09Z
25001,2822,completed,218.98,7.99,225,,,,,,68.14,2026-08-21T12:47:00Z,2026-09-17T13:44:09Z
25002,2408,completed,1139.96,7.99,222,,,,,27133,90.47,2026-08-17T09:39:21Z,2026-09-17T13:44:09Z
25003,2750,cancelled,2299.93,7.99,244,,,,,26253,64.69,2026-08-28T17:04:32Z,2026-09-17T13:44:09Z
25004,3952,pending,719.94,14.99,,,,,,,28.44,2026-09-15T07:12:07Z,2026-09-17T13:44:09Z
25005,2586,confirmed,99.97,7.99,230,,,,,24149,22.21,2026-08-31T22:15:15Z,2026-09-17T13:44:09Z
25006,3033,processing,319.96,7.99,228,,,,,,71.14,2026-07-24T02:48:24Z,2026-09-17T13:44:09Z
25007,3797,routed,4399.96,0,243,,,,,,91.87,2026-07-22T06:43:17Z,2026-09-17T13:44:09Z
25008,3548,completed,789.92,14.99,222,,,,,,71.01,2026-09-08T06:32:18Z,2026-09-17T13:44:09Z
25009,2395,completed,799.93,7.99,223,,,,,,26.24,2026-09-07T07:33:20Z,2026-09-17T13:44:09Z
25010,2587,completed,1194.91,7.99,240,,,,,,32.42,2026-07-28T13:15:21Z,2026-09-17T13:44:09Z
25011,3914,cancelled,44.99,7.99,240,,,,,,16.88,2026-07-21T16:15:12Z,2026-09-17T13:44:09Z
25012,2361,pending,3649.92,7.99,,,,,,,28.92,2026-07-25T19:08:15Z,2026-09-17T13:44:09Z
25013,3750,confirmed,1764.92,7.99,242,,,,,,51.53,2026-08-28T15:13:49Z,2026-09-17T13:44:09Z
25014,4062,processing,217.96,0,242,,,,,,91.75,2026-08-11T17:09:52Z,2026-09-17T13:44:09Z
25015,3252,routed,599.93,7.99,221,,,,,,22.62,2026-08-10T11:30:41Z,2026-09-17T13:44:09Z
25016,3430,completed,1098.91,0,226,,,,,,23.22,2026-07-22T15:52:34Z,2026-09-17T13:44:09Z
25017,3303,completed,5639.87,0,227,,,,,,44.37,2026-08-15T06:52:51Z,2026-09-17T13:44:09Z
25018,2896,completed,1324.89,0,227,,,,,,12.92,2026-07-27T15:02:57Z,2026-09-17T13:44:09Z
25019,2527,cancelled,1067.91,7.99,243,,,,,24626,94.3,2026-07-21T17:50:33Z,2026-09-17T13:44:09Z
25020,3086,pending,929.97,14.99,,,,,,,23.2,2026-08-10T21:15:40Z,2026-09-17T13:44:09Z
25021,2682,confirmed,2094.9,7.99,233,,,,,,59.56,2026-09-12T18:52:43Z,2026-09-17T13:44:09Z
25022,3352,processing,179.97,7.99,225,,,,,25987,36.21,2026-08-16T10:48:51Z,2026-09-17T13:44:09Z
25023,2329,routed,1123.9,7.99,246,,,,,,53.17,2026-08-23T12:56:16Z,2026-09-17T13:44:09Z
25024,3663,completed,629.92,0,234,,,,,23433,87.88,2026-09-08T09:47:49Z,2026-09-17T13:44:09Z
25025,4003,completed,512.91,14.99,225,,,,,25181,82.47,2026-07-20T21:13:26Z,2026-09-17T13:44:09Z
25026,3935,completed,1525.92,7.99,250,,,,,,91.51,2026-07-25T06:16:06Z,2026-09-17T13:44:09Z
25027,2662,cancelled,1499.89,0,230,,,,,,32.37,2026-08-05T23:28:42Z,2026-09-17T13:44:09Z
25028,3860,pending,22.99,0,,,,,,,84.28,2026-08-02T21:55:13Z,2026-09-17T13:44:09Z
25029,2271,confirmed,1289.92,0,245,,,,,25817,46.85,2026-08-23T23:28:14Z,2026-09-17T13:44:09Z
25030,3813,processing,4089.9,0,228,,,,,26465,57.6,2026-07-26T05:42:14Z,2026-09-17T13:44:09Z
25031,2434,routed,1799.96,14.99,223,,,,,,14.45,2026-08-04T04:43:29Z,2026-09-17T13:44:09Z
25032,3864,completed,2469.95,0,225,,,,,,18.04,2026-07-23T09:23:21Z,2026-09-17T13:44:09Z
25033,3989,completed,1759.95,0,228,,,,,,73.89,2026-07-20T01:58:48Z,2026-09-17T13:44:09Z
25034,3625,completed,889.97,7.99,227,,,,,,76.09,2026-09-06T12:08:28Z,2026-09-17T13:44:09Z
25035,2609,cancelled,1449.88,7.99,245,,,,,24057,25.54,2026-09-16T09:49:23Z,2026-09-17T13:44:09Z
25036,2320,pending,720.96,7.99,,,,,,23069,62.82,2026-08-29T20:04:59Z,2026-09-17T13:44:09Z
25037,2365,confirmed,834.94,7.99,235,,,,,23866,41.34,2026-08-09T20:17:05Z,2026-09-17T13:44:09Z
25038,3300,processing,1596.9,14.99,236,,,,,23756,17.47,2026-08-27T18:55:24Z,2026-09-17T13:44:09Z
25039,2786,routed,998.93,7.99,241,,,,,,17.41,2026-08-02T12:21:55Z,2026-09-17T13:44:09Z
25040,2990,completed,2342.93,14.99,231,,,,,,36.06,2026-08-28T12:32:09Z,2026-09-17T13:44:09Z
25041,3252,completed,3363.9,0,244,,,,,,46.89,2026-09-05T08:55:18Z,2026-09-17T13:44:09Z
25042,3410,completed,397.96,7.99,241,,,,,,17.62,2026-09-11T07:01:00Z,2026-09-17T13:44:09Z
25043,3986,cancelled,2609.92,0,230,,,,,24869,61.02,2026-07-23T10:51:15Z,2026-09-17T13:44:09Z
25044,3235,pending,749.95,7.99,,,,,,26703,74,2026-08-31T00:01:55Z,2026-09-17T13:44:09Z
25045,3929,confirmed,1799.89,7.99,247,,,,,,55.06,2026-08-23T13:31:57Z,2026-09-17T13:44:09Z
25046,2650,processing,1417.92,0,234,,,,,,64.05,2026-09-05T15:50:56Z,2026-09-17T13:44:09Z
25047,3742,routed,1227.92,7.99,223,,,,,,49.27,2026-09-12T16:20:15Z,2026-09-17T13:44:09Z
25048,4017,completed,2049.92,0,250,,,,,,22.07,2026-09-14T09:58:55Z,2026-09-17T13:44:09Z
25049,3454,completed,189.95,7.99,227,,,,,,56.27,2026-07-26T02:30:42Z,2026-09-17T13:44:09Z
25050,3860,completed,659.94,0,242,,,,,,40.9,2026-07-23T20:58:45Z,2026-09-17T13:44:09Z
25051,2312,cancelled,1224.92,0,221,,,,,,88.82,2026-09-03T00:15:53Z,2026-09-17T13:44:09Z
25052,4203,pending,2639.91,7.99,,,,,,,18.24,2026-07-23T15:42:59Z,2026-09-17T13:44:09Z
25053,2312,confirmed,159.99,7.99,231,,,,,,35.73,2026-07-26T08:06:10Z,2026-09-17T13:44:09Z
25054,3725,processing,984.9,0,250,,,,,,33.46,2026-08-21T11:12:11Z,2026-09-17T13:44:09Z
25055,2658,routed,2865.87,0,246,,,,,,81.59,2026-08-02T01:38:39Z,2026-09-17T13:44:09Z
25056,4074,completed,1119.92,0,237,,,,,,38.85,2026-07-28T00:43:56Z,2026-09-17T13:44:09Z
25057,3740,completed,1089.91,7.99,224,,,,,,82.87,2026-09-15T23:54:13Z,2026-09-17T13:44:09Z
25058,4112,completed,353.94,0,248,,,,,,34.33,2026-09-15T13:26:09Z,2026-09-17T13:44:09Z
25059,3754,cancelled,389.94,7.99,228,,,,,,59.78,2026-08-11T04:04:16Z,2026-09-17T13:44:09Z
25060,3592,pending,1804.91,7.99,,,,,,23257,36.01,2026-08-31T06:59:10Z,2026-09-17T13:44:09Z
25061,4063,confirmed,129.99,0,227,,,,,,29.01,2026-09-07T20:02:45Z,2026-09-17T13:44:09Z
25062,3406,processing,279.98,14.99,227,,,,,,43.78,2026-08-18T23:02:47Z,2026-09-17T13:44:09Z
25063,4072,routed,664.92,0,239,,,,,23995,36.11,2026-08-18T03:22:05Z,2026-09-17T13:44:09Z
25064,3917,completed,149.98,0,240,,,,,26221,55.52,2026-07-24T12:10:14Z,2026-09-17T13:44:09Z
25065,2609,completed,455.94,7.99,240,,,,,23600,65.43,2026-08-25T13:25:34Z,2026-09-17T13:44:09Z
25066,3176,completed,1349.97,0,229,,,,,,20.46,2026-08-04T23:16:00Z,2026-09-17T13:44:09Z
25067,3272,cancelled,459.94,14.99,234,,,,,25727,38.21,2026-08-01T07:56:17Z,2026-09-17T13:44:09Z
25068,3432,pending,12489.93,14.99,,,,,,26816,82.45,2026-07-29T13:49:23Z,2026-09-17T13:44:09Z
25069,2588,confirmed,290,7.99,231,,,,,,61.69,2026-09-06T08:01:43Z,2026-09-17T13:44:09Z
25070,4099,processing,730.89,14.99,246,,,,,22388,34.94,2026-08-09T19:50:36Z,2026-09-17T13:44:09Z
25071,3323,routed,724.97,0,246,,,,,,24.24,2026-08-27T01:50:01Z,2026-09-17T13:44:09Z
25072,3685,completed,2309.98,0,238,,,,,,46.74,2026-08-10T20:13:24Z,2026-09-17T13:44:09Z
25073,2499,completed,63.98,7.99,233,,,,,,33.73,2026-08-26T12:28:19Z,2026-09-17T13:44:09Z
25074,2927,completed,2534.96,7.99,248,,,,,24265,13.96,2026-09-11T23:43:58Z,2026-09-17T13:44:09Z
25075,2976,cancelled,1524.88,0,221,,,,,25364,20.13,2026-07-26T01:26:22Z,2026-09-17T13:44:09Z
25076,2992,pending,1594.91,7.99,,,,,,,42.14,2026-07-24T20:55:41Z,2026-09-17T13:44:09Z
25077,2671,confirmed,929.97,14.99,239,,,,,,82.65,2026-09-06T18:56:53Z,2026-09-17T13:44:09Z
25078,2346,processing,334.94,0,247,,,,,,11.82,2026-08-31T04:40:10Z,2026-09-17T13:44:09Z
25079,4204,routed,3049.95,7.99,222,,,,,,46.21,2026-08-20T20:20:36Z,2026-09-17T13:44:09Z
25080,2315,completed,2064.95,14.99,248,,,,,,12.99,2026-08-16T09:01:07Z,2026-09-17T13:44:09Z
25081,3164,completed,179.98,0,236,,,,,,29.84,2026-08-16T00:05:14Z,2026-09-17T13:44:09Z
25082,3865,completed,2529.91,7.99,250,,,,,,39.2,2026-08-10T07:33:59Z,2026-09-17T13:44:09Z
25083,3621,cancelled,1979.93,7.99,234,,,,,25721,45.5,2026-08-17T22:07:34Z,2026-09-17T13:44:09Z
25084,3448,pending,2037.91,7.99,,,,,,24381,78.83,2026-09-12T21:31:43Z,2026-09-17T13:44:09Z
25085,2386,confirmed,634.92,0,233,,,,,24832,39.75,2026-09-12T03:55:49Z,2026-09-17T13:44:09Z
25086,3625,processing,149.97,7.99,249,,,,,23272,74.51,2026-08-24T19:33:07Z,2026-09-17T13:44:09Z
25087,2510,routed,2114.93,7.99,230,,,,,,22.59,2026-08-23T00:03:36Z,2026-09-17T13:44:09Z
25088,3309,completed,2867.91,0,241,,,,,23340,70.32,2026-07-19T17:23:15Z,2026-09-17T13:44:09Z
25089,4079,completed,2784.91,7.99,225,,,,,,53.33,2026-09-04T03:53:05Z,2026-09-17T13:44:09Z
25090,2407,completed,1799.97,14.99,246,,,,,25444,71.19,2026-08-15T12:06:52Z,2026-09-17T13:44:09Z
25091,3780,cancelled,699.98,7.99,248,,,,,,60.26,2026-08-17T18:53:22Z,2026-09-17T13:44:09Z
25092,3221,pending,799.93,7.99,,,,,,,48,2026-08-24T18:53:30Z,2026-09-17T13:44:09Z
25093,3983,confirmed,3599.89,0,245,,,,,,73.03,2026-07-20T12:12:10Z,2026-09-17T13:44:09Z
25094,3026,processing,1649.97,7.99,239,,,,,25189,37.78,2026-08-22T10:10:30Z,2026-09-17T13:44:09Z
25095,2349,routed,864.91,0,229,,,,,,57.73,2026-08-20T19:47:56Z,2026-09-17T13:44:09Z
25096,3968,completed,1659.89,7.99,239,,,,,,15.58,2026-09-06T02:46:45Z,2026-09-17T13:44:09Z
25097,3799,completed,1439.88,7.99,245,,,,,26055,81.32,2026-07-26T00:38:14Z,2026-09-17T13:44:09Z
25098,3106,completed,479.99,14.99,229,,,,,,76.52,2026-09-14T05:08:29Z,2026-09-17T13:44:09Z
25099,3894,cancelled,737.93,7.99,241,,,,,25577,75.81,2026-07-25T15:28:08Z,2026-09-17T13:44:09Z
25100,2804,pending,1889.86,7.99,,,,,,,81.88,2026-08-20T11:41:31Z,2026-09-17T13:44:09Z
25101,4078,confirmed,169.96,7.99,231,,,,,,40.5,2026-07-30T02:05:53Z,2026-09-17T13:44:09Z
25102,3401,processing,4499.97,7.99,237,,,,,27162,27.63,2026-09-11T01:05:00Z,2026-09-17T13:44:09Z
25103,2620,routed,529.99,0,245,,,,,25415,43.44,2026-08-26T19:58:36Z,2026-09-17T13:44:09Z
25104,3779,completed,116.97,7.99,232,,,,,24640,60.13,2026-08-07T23:52:14Z,2026-09-17T13:44:09Z
25105,2702,completed,526.96,0,244,,,,,,45.35,2026-08-30T03:16:41Z,2026-09-17T13:44:09Z
25106,3401,completed,922.87,0,248,,,,,,33.33,2026-09-14T18:13:10Z,2026-09-17T13:44:09Z
25107,2521,cancelled,11999.97,7.99,242,,,,,,45.41,2026-08-18T13:09:48Z,2026-09-17T13:44:09Z
25108,4137,pending,1579.92,0,,,,,,,51.71,2026-07-27T12:38:59Z,2026-09-17T13:44:09Z
25109,2660,confirmed,39.99,14.99,240,,,,,24580,17.09,2026-09-05T14:34:16Z,2026-09-17T13:44:09Z
25110,4202,processing,554.94,0,223,,,,,,83.25,2026-08-29T11:30:52Z,2026-09-17T13:44:09Z
25111,4031,routed,3273.95,7.99,240,,,,,,22.14,2026-08-01T00:43:39Z,2026-09-17T13:44:09Z
25112,2223,completed,1029.95,7.99,221,,,,,,45.69,2026-08-20T06:59:48Z,2026-09-17T13:44:09Z
25113,2312,completed,1619.96,7.99,222,,,,,,90.88,2026-09-07T19:17:38Z,2026-09-17T13:44:09Z
25114,2427,completed,199.99,0,225,,,,,,20.08,2026-07-24T12:46:03Z,2026-09-17T13:44:09Z
25115,3148,cancelled,318.95,0,239,,,,,26353,66.55,2026-08-28T14:37:17Z,2026-09-17T13:44:09Z
25116,2398,pending,74.99,7.99,,,,,,,81.59,2026-08-31T03:17:51Z,2026-09-17T13:44:09Z
25117,3807,confirmed,763.9,0,236,,,,,,16.9,2026-07-21T10:28:26Z,2026-09-17T13:44:09Z
25118,2655,processing,699.96,7.99,227,,,,,,25.18,2026-09-07T15:10:15Z,2026-09-17T13:44:09Z
25119,3479,routed,3804.96,14.99,236,,,,,,54.17,2026-09-09T21:44:18Z,2026-09-17T13:44:09Z
25120,4133,completed,1219.95,7.99,230,,,,,,17.2,2026-08-08T07:07:44Z,2026-09-17T13:44:09Z
25121,2734,completed,769.95,0,250,,,,,,51.89,2026-08-30T00:07:40Z,2026-09-17T13:44:09Z
25122,3331,completed,1089.93,7.99,244,,,,,,86.15,2026-07-20T23:18:36Z,2026-09-17T13:44:09Z
25123,4064,cancelled,1604.93,7.99,247,,,,,24694,42.61,2026-09-15T18:36:56Z,2026-09-17T13:44:09Z
25124,4130,pending,734.93,0,,,,,,,74.78,2026-07-25T13:11:08Z,2026-09-17T13:44:09Z
25125,4078,confirmed,1789.94,14.99,250,,,,,,25.76,2026-07-23T05:32:01Z,2026-09-17T13:44:09Z
25126,2223,processing,239.97,7.99,240,,,,,,34.12,2026-07-26T07:28:27Z,2026-09-17T13:44:09Z
25127,3997,routed,2158.87,0,243,,,,,,17.64,2026-09-10T14:05:26Z,2026-09-17T13:44:09Z
25128,3771,completed,112.98,7.99,222,,,,,,73.36,2026-08-03T00:09:06Z,2026-09-17T13:44:09Z
25129,3656,completed,599.97,0,230,,,,,,92.95,2026-07-27T03:55:20Z,2026-09-17T13:44:09Z
25130,2822,completed,659.91,0,248,,,,,,62.9,2026-08-09T12:11:57Z,2026-09-17T13:44:09Z
25131,2579,cancelled,1249.92,0,227,,,,,,46.72,2026-09-02T02:52:29Z,2026-09-17T13:44:09Z
25132,4133,pending,670.93,0,,,,,,,71.3,2026-08-01T08:41:49Z,2026-09-17T13:44:09Z
25133,2981,confirmed,642.92,14.99,221,,,,,23253,25.28,2026-08-22T21:15:04Z,2026-09-17T13:44:09Z
25134,3171,processing,1489.97,7.99,247,,,,,24296,49.52,2026-08-03T14:06:03Z,2026-09-17T13:44:09Z
25135,2881,routed,524.92,7.99,239,,,,,,21.63,2026-09-13T05:07:42Z,2026-09-17T13:44:09Z
25136,2689,completed,1045.91,7.99,228,,,,,,16.58,2026-09-07T06:45:20Z,2026-09-17T13:44:09Z
25137,2314,completed,334.97,0,249,,,,,,29.14,2026-09-10T11:03:56Z,2026-09-17T13:44:09Z
25138,2773,completed,775.92,0,234,,,,,27177,44.54,2026-08-22T04:00:52Z,2026-09-17T13:44:09Z
25139,2996,cancelled,439.95,0,245,,,,,,33.68,2026-07-29T04:57:34Z,2026-09-17T13:44:09Z
25140,3801,pending,2239.9,7.99,,,,,,,74.38,2026-08-13T14:57:40Z,2026-09-17T13:44:09Z
25141,3051,confirmed,409.97,0,224,,,,,22371,52.59,2026-07-29T17:30:09Z,2026-09-17T13:44:09Z
25142,4105,processing,394.91,14.99,238,,,,,24177,83.59,2026-08-10T02:10:46Z,2026-09-17T13:44:09Z
25143,2772,routed,1254.95,7.99,227,,,,,24283,76.13,2026-08-09T23:46:30Z,2026-09-17T13:44:09Z
25144,4116,completed,1005.89,14.99,235,,,,,26314,57.6,2026-08-05T09:33:48Z,2026-09-17T13:44:09Z
25145,3722,completed,1765.92,7.99,237,,,,,25590,88.34,2026-08-12T06:13:38Z,2026-09-17T13:44:09Z
25146,3719,completed,479.97,0,242,,,,,,64.57,2026-08-20T09:04:33Z,2026-09-17T13:44:09Z
25147,3304,cancelled,1656.89,7.99,243,,,,,,65.46,2026-07-22T20:12:10Z,2026-09-17T13:44:09Z
25148,3210,pending,1064.97,7.99,,,,,,23325,40.39,2026-08-14T14:21:24Z,2026-09-17T13:44:09Z
25149,2493,confirmed,1148.93,14.99,235,,,,,,12.31,2026-08-20T13:06:34Z,2026-09-17T13:44:09Z
25150,3075,processing,1214.94,14.99,245,,,,,24506,37.23,2026-08-11T22:58:02Z,2026-09-17T13:44:09Z
25151,2453,routed,659.94,0,232,,,,,,19.62,2026-08-16T02:57:04Z,2026-09-17T13:44:09Z
25152,3282,completed,1739.95,14.99,229,,,,,,85.5,2026-08-03T18:25:58Z,2026-09-17T13:44:09Z
25153,3802,completed,194.97,14.99,226,,,,,23774,50.35,2026-08-16T03:23:30Z,2026-09-17T13:44:09Z
25154,2880,completed,89.99,14.99,226,,,,,22750,36.89,2026-07-25T20:34:01Z,2026-09-17T13:44:09Z
25155,3244,cancelled,3344.9,0,248,,,,,,74.27,2026-09-15T05:21:46Z,2026-09-17T13:44:09Z
25156,2473,pending,1112.9,14.99,,,,,,,25.15,2026-08-19T15:07:11Z,2026-09-17T13:44:09Z
25157,3020,confirmed,809.93,7.99,235,,,,,26532,25.29,2026-08-22T17:50:15Z,2026-09-17T13:44:09Z
25158,4036,processing,249.99,7.99,222,,,,,23808,92.7,2026-08-07T15:00:56Z,2026-09-17T13:44:09Z
25159,3767,routed,699.98,0,228,,,,,,35.35,2026-09-16T16:11:29Z,2026-09-17T13:44:09Z
25160,3068,completed,2685,7.99,242,,,,,,94.13,2026-07-30T11:42:52Z,2026-09-17T13:44:09Z
25161,3699,completed,264.95,0,234,,,,,24083,14.03,2026-09-02T18:13:55Z,2026-09-17T13:44:09Z
25162,4152,completed,439.97,14.99,230,,,,,,72.15,2026-08-02T17:06:45Z,2026-09-17T13:44:09Z
25163,3518,cancelled,424.92,7.99,238,,,,,,42.07,2026-09-13T19:58:13Z,2026-09-17T13:44:09Z
25164,2585,pending,799.99,14.99,,,,,,,21.1,2026-08-06T07:08:12Z,2026-09-17T13:44:09Z
25165,3920,confirmed,209.97,7.99,221,,,,,,60.96,2026-07-20T15:41:32Z,2026-09-17T13:44:09Z
25166,3985,processing,13199.94,14.99,246,,,,,22790,78.52,2026-08-01T00:30:41Z,2026-09-17T13:44:09Z
25167,3078,routed,3659.92,7.99,231,,,,,,73.97,2026-07-31T17:41:31Z,2026-09-17T13:44:09Z
25168,3794,completed,119.97,7.99,236,,,,,,55.54,2026-09-04T03:49:45Z,2026-09-17T13:44:09Z
25169,3375,completed,1249.95,0,250,,,,,,87.81,2026-08-04T11:57:03Z,2026-09-17T13:44:09Z
25170,3278,completed,1167.93,7.99,233,,,,,23984,93.47,2026-07-21T17:05:58Z,2026-09-17T13:44:09Z
25171,2400,cancelled,79.99,14.99,222,,,,,24038,41.04,2026-08-12T03:28:55Z,2026-09-17T13:44:09Z
25172,2302,pending,3359.95,7.99,,,,,,,34.38,2026-08-12T00:25:43Z,2026-09-17T13:44:09Z
25173,2314,confirmed,599.96,7.99,247,,,,,26256,86.22,2026-07-25T14:48:53Z,2026-09-17T13:44:09Z
25174,2287,processing,5149.92,0,242,,,,,22863,27.51,2026-08-18T05:02:33Z,2026-09-17T13:44:09Z
25175,2691,routed,356.94,0,224,,,,,26725,62.98,2026-08-17T11:30:44Z,2026-09-17T13:44:09Z
25176,3359,completed,4429.95,7.99,226,,,,,,37.57,2026-08-03T17:14:38Z,2026-09-17T13:44:09Z
25177,2484,completed,408.97,14.99,227,,,,,,27.54,2026-07-28T20:05:21Z,2026-09-17T13:44:09Z
25178,2289,completed,454.96,0,226,,,,,,69.37,2026-08-08T18:02:58Z,2026-09-17T13:44:09Z
25179,3521,cancelled,3649.91,7.99,224,,,,,,80.55,2026-08-23T16:42:14Z,2026-09-17T13:44:09Z
25180,3027,pending,1609.95,14.99,,,,,,,88.33,2026-08-09T21:12:11Z,2026-09-17T13:44:09Z
25181,3260,confirmed,1643.91,7.99,240,,,,,,53.2,2026-08-05T14:14:35Z,2026-09-17T13:44:09Z
25182,2593,processing,652.92,0,227,,,,,,59.18,2026-07-21T20:45:05Z,2026-09-17T13:44:09Z
25183,4082,routed,464.93,7.99,247,,,,,,10.83,2026-08-27T13:34:49Z,2026-09-17T13:44:09Z
25184,3488,completed,1999.91,7.99,246,,,,,,31.34,2026-08-05T12:23:19Z,2026-09-17T13:44:09Z
25185,2525,completed,3619.89,0,226,,,,,,86.36,2026-09-13T21:11:59Z,2026-09-17T13:44:09Z
25186,3542,completed,6069.95,14.99,242,,,,,24130,67.98,2026-08-30T03:01:19Z,2026-09-17T13:44:09Z
25187,3285,cancelled,3859.91,0,231,,,,,,28.62,2026-08-02T21:08:53Z,2026-09-17T13:44:09Z
25188,3701,pending,439.96,7.99,,,,,,,48.35,2026-07-20T01:42:23Z,2026-09-17T13:44:09Z
25189,2358,confirmed,463.97,0,249,,,,,,53.86,2026-07-21T21:51:06Z,2026-09-17T13:44:09Z
25190,3275,processing,1399.98,0,244,,,,,,79.65,2026-09-10T20:12:27Z,2026-09-17T13:44:09Z
25191,3447,routed,449.97,7.99,243,,,,,24647,30.61,2026-09-01T20:05:23Z,2026-09-17T13:44:09Z
25192,4093,completed,234.97,7.99,221,,,,,,31.07,2026-08-14T23:52:05Z,2026-09-17T13:44:09Z
25193,2428,completed,782.93,0,239,,,,,23838,94.9,2026-08-11T02:50:36Z,2026-09-17T13:44:09Z
25194,2308,completed,499.96,0,224,,,,,,12.13,2026-09-13T23:18:24Z,2026-09-17T13:44:09Z
25195,3980,cancelled,688.91,7.99,237,,,,,,92.96,2026-08-11T11:17:01Z,2026-09-17T13:44:09Z
25196,3284,pending,1169.94,7.99,,,,,,,88.76,2026-09-07T08:01:17Z,2026-09-17T13:44:09Z
25197,3184,confirmed,404.93,0,230,,,,,,78.32,2026-09-05T17:17:21Z,2026-09-17T13:44:09Z
25198,4042,processing,539.97,7.99,226,,,,,,69.92,2026-07-23T20:58:00Z,2026-09-17T13:44:09Z
25199,4119,routed,1150.88,14.99,222,,,,,25251,35.53,2026-08-05T06:45:52Z,2026-09-17T13:44:09Z
25200,3809,completed,34.99,7.99,250,,,,,,23.59,2026-08-14T10:55:31Z,2026-09-17T13:44:09Z
25201,3828,completed,134.96,0,242,,,,,24621,11.93,2026-07-28T12:18:11Z,2026-09-17T13:44:09Z
25202,2925,completed,3516.92,7.99,224,,,,,,48.1,2026-08-02T14:44:20Z,2026-09-17T13:44:09Z
25203,2723,cancelled,299.97,0,244,,,,,,14.29,2026-08-05T03:42:51Z,2026-09-17T13:44:09Z
25204,3785,pending,571.94,7.99,,,,,,,26.85,2026-08-19T18:29:10Z,2026-09-17T13:44:09Z
25205,4096,confirmed,8219.91,14.99,238,,,,,,90.75,2026-07-24T06:32:53Z,2026-09-17T13:44:09Z
25206,2681,processing,256.95,7.99,224,,,,,22224,28.09,2026-08-27T06:14:37Z,2026-09-17T13:44:09Z
25207,4084,routed,533.97,7.99,242,,,,,,22.79,2026-07-21T05:54:37Z,2026-09-17T13:44:09Z
25208,2400,completed,2881.9,0,246,,,,,,70.35,2026-08-16T18:20:46Z,2026-09-17T13:44:09Z
25209,3717,completed,124.97,0,228,,,,,,63.97,2026-08-26T13:42:07Z,2026-09-17T13:44:09Z
25210,2626,completed,799.99,0,247,,,,,27017,54.03,2026-07-26T18:38:41Z,2026-09-17T13:44:09Z
25211,3420,cancelled,12089.94,7.99,232,,,,,23964,32.56,2026-09-06T01:41:48Z,2026-09-17T13:44:09Z
25212,3669,pending,926.93,0,,,,,,,85.78,2026-09-05T21:29:22Z,2026-09-17T13:44:09Z
25213,3055,confirmed,1189.91,14.99,246,,,,,23618,70.81,2026-08-30T01:32:20Z,2026-09-17T13:44:09Z
25214,3820,processing,4619.94,7.99,225,,,,,,85.73,2026-08-10T22:27:48Z,2026-09-17T13:44:09Z
25215,4053,routed,3359.92,7.99,234,,,,,25400,13.71,2026-09-05T04:13:10Z,2026-09-17T13:44:09Z
25216,2418,completed,599.98,14.99,243,,,,,22444,22.47,2026-07-31T16:51:40Z,2026-09-17T13:44:09Z
25217,3239,completed,459.93,7.99,222,,,,,24928,64.96,2026-08-03T20:58:07Z,2026-09-17T13:44:09Z
25218,3842,completed,1832.93,0,242,,,,,,46.86,2026-09-16T09:18:03Z,2026-09-17T13:44:09Z
25219,3196,cancelled,539.97,7.99,227,,,,,,85.97,2026-08-04T23:11:23Z,2026-09-17T13:44:09Z
25220,3288,pending,169.96,0,,,,,,,21.03,2026-07-25T15:41:59Z,2026-09-17T13:44:09Z
