shipment_id,order_id,center_id,carrier,tracking_number,ship_status,distance_km,estimated_hours,ship_cost,shipped_at,delivered_at,created_at
7445,50455,80,FieldRoute,TRK000000050455,in_transit,,,20.09,2026-05-20T12:21:50Z,,2026-05-22T14:21:33Z
7446,50456,87,GridCourier,TRK000000050456,delivered,,,5.31,2026-05-13T18:21:03Z,2026-05-14T00:16:38Z,2026-05-22T14:21:33Z
7447,50457,86,MobileCrew,TRK000000050457,delivered,,,23.72,2026-05-14T02:34:19Z,2026-05-15T04:46:27Z,2026-05-22T14:21:33Z
7448,50458,85,UtilityFleet,TRK000000050458,delivered,,,17.14,2026-05-15T07:03:30Z,2026-05-16T12:35:59Z,2026-05-22T14:21:33Z
7449,50463,82,FieldRoute,TRK000000050463,in_transit,,,21.24,2026-05-20T10:56:24Z,,2026-05-22T14:21:33Z
7450,50464,82,GridCourier,TRK000000050464,delivered,,,9.15,2026-05-16T07:10:04Z,2026-05-16T12:15:39Z,2026-05-22T14:21:33Z
7451,50465,82,MobileCrew,TRK000000050465,delivered,,,16.47,2026-05-19T16:24:28Z,2026-05-20T02:54:23Z,2026-05-22T14:21:33Z
7452,50466,81,UtilityFleet,TRK000000050466,delivered,,,7.14,2026-05-19T16:39:50Z,2026-05-20T23:42:02Z,2026-05-22T14:21:33Z
7453,50471,81,FieldRoute,TRK000000050471,in_transit,,,6.94,2026-05-16T06:36:36Z,,2026-05-22T14:21:33Z
7454,50472,79,GridCourier,TRK000000050472,delivered,,,11.68,2026-05-16T18:41:24Z,2026-05-17T02:46:19Z,2026-05-22T14:21:33Z
7455,50473,84,MobileCrew,TRK000000050473,delivered,,,7.94,2026-05-13T09:57:12Z,2026-05-14T04:59:01Z,2026-05-22T14:21:33Z
7456,50474,83,UtilityFleet,TRK000000050474,delivered,,,17.63,2026-05-16T04:59:49Z,2026-05-17T00:14:49Z,2026-05-22T14:21:33Z
7457,50479,84,FieldRoute,TRK000000050479,in_transit,,,17.61,2026-05-19T18:18:09Z,,2026-05-22T14:21:33Z
7458,50480,82,GridCourier,TRK000000050480,delivered,,,22.9,2026-05-17T08:38:04Z,2026-05-18T16:28:53Z,2026-05-22T14:21:33Z
7459,50481,84,MobileCrew,TRK000000050481,delivered,,,17.71,2026-05-18T23:25:06Z,2026-05-20T10:14:08Z,2026-05-22T14:21:33Z
7460,50482,78,UtilityFleet,TRK000000050482,delivered,,,12.04,2026-05-16T14:17:16Z,2026-05-17T08:40:24Z,2026-05-22T14:21:33Z
7461,50487,86,FieldRoute,TRK000000050487,in_transit,,,24.49,2026-05-13T13:48:57Z,,2026-05-22T14:21:33Z
7462,50488,83,GridCourier,TRK000000050488,delivered,,,24.41,2026-05-14T15:53:15Z,2026-05-15T18:54:37Z,2026-05-22T14:21:33Z
7463,50489,88,MobileCrew,TRK000000050489,delivered,,,8.34,2026-05-14T07:29:46Z,2026-05-14T22:13:35Z,2026-05-22T14:21:33Z
7464,50490,82,UtilityFleet,TRK000000050490,delivered,,,11.33,2026-05-17T11:48:35Z,2026-05-17T16:09:04Z,2026-05-22T14:21:33Z
7465,50495,83,FieldRoute,TRK000000050495,in_transit,,,22.9,2026-05-13T19:01:31Z,,2026-05-22T14:21:33Z
7466,50496,81,GridCourier,TRK000000050496,delivered,,,10.88,2026-05-15T10:01:28Z,2026-05-16T04:16:34Z,2026-05-22T14:21:33Z
7467,50497,82,MobileCrew,TRK000000050497,delivered,,,22.37,2026-05-13T04:30:02Z,2026-05-14T16:17:12Z,2026-05-22T14:21:33Z
7468,50498,88,UtilityFleet,TRK000000050498,delivered,,,19.52,2026-05-12T22:13:13Z,2026-05-13T05:33:00Z,2026-05-22T14:21:33Z
7469,50503,85,FieldRoute,TRK000000050503,in_transit,,,15.49,2026-05-18T13:59:18Z,,2026-05-22T14:21:33Z
7470,50504,86,GridCourier,TRK000000050504,delivered,,,5.91,2026-05-18T20:11:34Z,2026-05-20T04:53:07Z,2026-05-22T14:21:33Z
7471,50505,86,MobileCrew,TRK000000050505,delivered,,,8.95,2026-05-13T12:44:34Z,2026-05-14T22:10:26Z,2026-05-22T14:21:33Z
7472,50506,85,UtilityFleet,TRK000000050506,delivered,,,24.63,2026-05-19T21:25:23Z,2026-05-21T08:51:18Z,2026-05-22T14:21:33Z
7473,50511,82,FieldRoute,TRK000000050511,in_transit,,,8.84,2026-05-15T10:16:18Z,,2026-05-22T14:21:33Z
7474,50512,82,GridCourier,TRK000000050512,delivered,,,22.52,2026-05-15T21:51:37Z,2026-05-16T13:58:39Z,2026-05-22T14:21:33Z
7475,50513,88,MobileCrew,TRK000000050513,delivered,,,21.84,2026-05-13T15:30:06Z,2026-05-14T23:28:30Z,2026-05-22T14:21:33Z
7476,50514,87,UtilityFleet,TRK000000050514,delivered,,,8.27,2026-05-18T08:10:03Z,2026-05-19T05:05:11Z,2026-05-22T14:21:33Z
7477,50519,81,FieldRoute,TRK000000050519,in_transit,,,17.37,2026-05-19T17:01:19Z,,2026-05-22T14:21:33Z
7478,50520,77,GridCourier,TRK000000050520,delivered,,,21.09,2026-05-15T06:44:43Z,2026-05-16T18:25:56Z,2026-05-22T14:21:33Z
7479,50521,85,MobileCrew,TRK000000050521,delivered,,,23.62,2026-05-13T16:02:59Z,2026-05-15T02:17:57Z,2026-05-22T14:21:33Z
7480,50522,80,UtilityFleet,TRK000000050522,delivered,,,7.5,2026-05-17T21:00:01Z,2026-05-18T10:06:56Z,2026-05-22T14:21:33Z
7481,50527,79,FieldRoute,TRK000000050527,in_transit,,,17.36,2026-05-20T01:53:44Z,,2026-05-22T14:21:33Z
7482,50528,78,GridCourier,TRK000000050528,delivered,,,8.29,2026-05-16T19:26:17Z,2026-05-17T04:16:23Z,2026-05-22T14:21:33Z
7483,50529,77,MobileCrew,TRK000000050529,delivered,,,11.42,2026-05-16T17:16:48Z,2026-05-17T17:52:20Z,2026-05-22T14:21:33Z
7484,50530,83,UtilityFleet,TRK000000050530,delivered,,,24.38,2026-05-16T01:54:24Z,2026-05-16T08:16:09Z,2026-05-22T14:21:33Z
7485,50535,80,FieldRoute,TRK000000050535,in_transit,,,21.49,2026-05-20T04:23:21Z,,2026-05-22T14:21:33Z
7486,50536,85,GridCourier,TRK000000050536,delivered,,,5.65,2026-05-14T03:04:33Z,2026-05-15T10:36:43Z,2026-05-22T14:21:33Z
7487,50537,83,MobileCrew,TRK000000050537,delivered,,,6.24,2026-05-18T01:29:45Z,2026-05-19T00:49:37Z,2026-05-22T14:21:33Z
7488,50538,88,UtilityFleet,TRK000000050538,delivered,,,8.92,2026-05-14T08:15:56Z,2026-05-15T02:55:33Z,2026-05-22T14:21:33Z
7489,50543,79,FieldRoute,TRK000000050543,in_transit,,,15.05,2026-05-19T22:58:51Z,,2026-05-22T14:21:33Z
7490,50544,87,GridCourier,TRK000000050544,delivered,,,22.1,2026-05-18T23:50:04Z,2026-05-20T09:20:11Z,2026-05-22T14:21:33Z
7491,50545,85,MobileCrew,TRK000000050545,delivered,,,24.71,2026-05-17T04:17:09Z,2026-05-17T08:18:10Z,2026-05-22T14:21:33Z
7492,50546,83,UtilityFleet,TRK000000050546,delivered,,,24.65,2026-05-16T23:16:58Z,2026-05-17T16:48:19Z,2026-05-22T14:21:33Z
7493,50551,81,FieldRoute,TRK000000050551,in_transit,,,19.96,2026-05-16T20:47:35Z,,2026-05-22T14:21:33Z
7494,50552,88,GridCourier,TRK000000050552,delivered,,,19.94,2026-05-14T17:36:53Z,2026-05-15T08:16:58Z,2026-05-22T14:21:33Z
7495,50553,86,MobileCrew,TRK000000050553,delivered,,,15.63,2026-05-18T23:52:26Z,2026-05-19T15:19:33Z,2026-05-22T14:21:33Z
7496,50554,77,UtilityFleet,TRK000000050554,delivered,,,17.46,2026-05-17T12:28:45Z,2026-05-18T04:16:07Z,2026-05-22T14:21:33Z
7497,50559,86,FieldRoute,TRK000000050559,in_transit,,,22.99,2026-05-15T14:44:35Z,,2026-05-22T14:21:33Z
7498,50560,80,GridCourier,TRK000000050560,delivered,,,20.49,2026-05-19T00:19:46Z,2026-05-20T07:16:45Z,2026-05-22T14:21:33Z
7499,50561,80,MobileCrew,TRK000000050561,delivered,,,16.65,2026-05-14T21:14:22Z,2026-05-16T04:21:34Z,2026-05-22T14:21:33Z
7500,50562,86,UtilityFleet,TRK000000050562,delivered,,,24.41,2026-05-17T22:21:14Z,2026-05-19T06:06:46Z,2026-05-22T14:21:33Z
7501,50567,79,FieldRoute,TRK000000050567,in_transit,,,16.51,2026-05-14T03:19:16Z,,2026-05-22T14:21:33Z
7502,50568,85,GridCourier,TRK000000050568,delivered,,,20.03,2026-05-14T18:03:12Z,2026-05-15T18:06:05Z,2026-05-22T14:21:33Z
7503,50569,87,MobileCrew,TRK000000050569,delivered,,,5.89,2026-05-13T15:38:44Z,2026-05-15T00:17:44Z,2026-05-22T14:21:33Z
7504,50570,83,UtilityFleet,TRK000000050570,delivered,,,7.79,2026-05-13T02:40:55Z,2026-05-13T13:41:11Z,2026-05-22T14:21:33Z
7505,50575,85,FieldRoute,TRK000000050575,in_transit,,,8.22,2026-05-14T14:12:42Z,,2026-05-22T14:21:33Z
7506,50576,86,GridCourier,TRK000000050576,delivered,,,17.31,2026-05-15T13:20:41Z,2026-05-16T23:39:47Z,2026-05-22T14:21:33Z
7507,50577,88,MobileCrew,TRK000000050577,delivered,,,8.57,2026-05-17T03:42:54Z,2026-05-18T12:16:34Z,2026-05-22T14:21:33Z
7508,50578,85,UtilityFleet,TRK000000050578,delivered,,,14.35,2026-05-15T18:12:21Z,2026-05-17T04:48:38Z,2026-05-22T14:21:33Z
7509,50583,82,FieldRoute,TRK000000050583,in_transit,,,12.41,2026-05-14T09:47:34Z,,2026-05-22T14:21:33Z
7510,50584,87,GridCourier,TRK000000050584,delivered,,,6.89,2026-05-12T14:39:50Z,2026-05-13T20:47:06Z,2026-05-22T14:21:33Z
7511,50585,87,MobileCrew,TRK000000050585,delivered,,,23.63,2026-05-16T02:28:04Z,2026-05-16T19:14:45Z,2026-05-22T14:21:33Z
7512,50586,87,UtilityFleet,TRK000000050586,delivered,,,24.26,2026-05-15T19:02:48Z,2026-05-16T15:48:16Z,2026-05-22T14:21:33Z
7513,50591,81,FieldRoute,TRK000000050591,in_transit,,,17.24,2026-05-14T02:31:00Z,,2026-05-22T14:21:33Z
7514,50592,77,GridCourier,TRK000000050592,delivered,,,7.54,2026-05-13T14:55:48Z,2026-05-13T17:29:39Z,2026-05-22T14:21:33Z
7515,50593,83,MobileCrew,TRK000000050593,delivered,,,13.87,2026-05-19T01:43:32Z,2026-05-19T05:31:51Z,2026-05-22T14:21:33Z
7516,50594,83,UtilityFleet,TRK000000050594,delivered,,,9.49,2026-05-17T21:03:59Z,2026-05-18T07:33:44Z,2026-05-22T14:21:33Z
7517,50599,85,FieldRoute,TRK000000050599,in_transit,,,8.49,2026-05-15T10:01:40Z,,2026-05-22T14:21:33Z
7518,50600,84,GridCourier,TRK000000050600,delivered,,,7.82,2026-05-19T15:09:57Z,2026-05-20T05:04:46Z,2026-05-22T14:21:33Z
7519,50601,87,MobileCrew,TRK000000050601,delivered,,,16.69,2026-05-13T01:57:35Z,2026-05-14T04:23:04Z,2026-05-22T14:21:33Z
7520,50602,77,UtilityFleet,TRK000000050602,delivered,,,22.55,2026-05-13T16:22:21Z,2026-05-15T00:38:57Z,2026-05-22T14:21:33Z
7521,50607,79,FieldRoute,TRK000000050607,in_transit,,,9.23,2026-05-17T20:53:18Z,,2026-05-22T14:21:33Z
7522,50608,77,GridCourier,TRK000000050608,delivered,,,15.86,2026-05-17T06:33:07Z,2026-05-18T16:18:28Z,2026-05-22T14:21:33Z
7523,50609,80,MobileCrew,TRK000000050609,delivered,,,23.09,2026-05-13T09:53:15Z,2026-05-13T16:02:03Z,2026-05-22T14:21:33Z
7524,50610,87,UtilityFleet,TRK000000050610,delivered,,,6.46,2026-05-19T15:23:47Z,2026-05-20T03:01:23Z,2026-05-22T14:21:33Z
7525,50615,88,FieldRoute,TRK000000050615,in_transit,,,17.52,2026-05-15T10:53:25Z,,2026-05-22T14:21:33Z
7526,50616,82,GridCourier,TRK000000050616,delivered,,,19.99,2026-05-18T02:31:31Z,2026-05-18T08:18:03Z,2026-05-22T14:21:33Z
7527,50617,81,MobileCrew,TRK000000050617,delivered,,,9.88,2026-05-15T06:59:17Z,2026-05-15T23:53:53Z,2026-05-22T14:21:33Z
7528,50618,84,UtilityFleet,TRK000000050618,delivered,,,10.7,2026-05-17T09:17:41Z,2026-05-18T13:48:15Z,2026-05-22T14:21:33Z
7529,50623,81,FieldRoute,TRK000000050623,in_transit,,,14.8,2026-05-14T11:53:13Z,,2026-05-22T14:21:33Z
7530,50624,78,GridCourier,TRK000000050624,delivered,,,10.7,2026-05-15T03:11:35Z,2026-05-16T00:46:42Z,2026-05-22T14:21:33Z
7531,50625,83,MobileCrew,TRK000000050625,delivered,,,6.76,2026-05-19T18:54:51Z,2026-05-20T10:44:27Z,2026-05-22T14:21:33Z
7532,50626,81,UtilityFleet,TRK000000050626,delivered,,,24.94,2026-05-20T11:40:09Z,2026-05-21T06:22:13Z,2026-05-22T14:21:33Z
7533,50631,81,FieldRoute,TRK000000050631,in_transit,,,21.4,2026-05-19T14:09:32Z,,2026-05-22T14:21:33Z
7534,50632,87,GridCourier,TRK000000050632,delivered,,,12.4,2026-05-12T21:10:05Z,2026-05-13T09:04:48Z,2026-05-22T14:21:33Z
7535,50633,80,MobileCrew,TRK000000050633,delivered,,,13.08,2026-05-14T22:15:47Z,2026-05-15T14:19:38Z,2026-05-22T14:21:33Z
7536,50634,83,UtilityFleet,TRK000000050634,delivered,,,22.61,2026-05-19T14:30:53Z,2026-05-20T14:17:40Z,2026-05-22T14:21:33Z
7537,50639,85,FieldRoute,TRK000000050639,in_transit,,,10.97,2026-05-19T21:47:33Z,,2026-05-22T14:21:33Z
7538,50640,82,GridCourier,TRK000000050640,delivered,,,11.24,2026-05-13T04:24:10Z,2026-05-14T14:27:02Z,2026-05-22T14:21:33Z
7539,50641,88,MobileCrew,TRK000000050641,delivered,,,8.74,2026-05-18T09:04:44Z,2026-05-19T05:27:15Z,2026-05-22T14:21:33Z
7540,50642,88,UtilityFleet,TRK000000050642,delivered,,,5.01,2026-05-16T17:49:52Z,2026-05-17T17:52:00Z,2026-05-22T14:21:33Z
7541,50647,81,FieldRoute,TRK000000050647,in_transit,,,18.29,2026-05-18T08:26:38Z,,2026-05-22T14:21:33Z
7542,50648,79,GridCourier,TRK000000050648,delivered,,,8.45,2026-05-12T17:40:05Z,2026-05-13T09:13:38Z,2026-05-22T14:21:33Z
7543,50649,78,MobileCrew,TRK000000050649,delivered,,,5.77,2026-05-20T05:35:44Z,2026-05-21T02:34:59Z,2026-05-22T14:21:33Z
7544,50650,88,UtilityFleet,TRK000000050650,delivered,,,21.29,2026-05-13T05:49:03Z,2026-05-13T21:47:02Z,2026-05-22T14:21:33Z
7545,50655,79,FieldRoute,TRK000000050655,in_transit,,,11.49,2026-05-12T16:34:04Z,,2026-05-22T14:21:33Z
7546,50656,82,GridCourier,TRK000000050656,delivered,,,9.62,2026-05-13T08:14:45Z,2026-05-13T17:08:17Z,2026-05-22T14:21:33Z
7547,50657,79,MobileCrew,TRK000000050657,delivered,,,17.43,2026-05-13T19:24:41Z,2026-05-14T07:21:53Z,2026-05-22T14:21:33Z
7548,50658,80,UtilityFleet,TRK000000050658,delivered,,,17.12,2026-05-16T19:32:58Z,2026-05-18T02:11:17Z,2026-05-22T14:21:33Z
7549,50663,84,FieldRoute,TRK000000050663,in_transit,,,5.3,2026-05-13T06:55:38Z,,2026-05-22T14:21:33Z
7550,50664,78,GridCourier,TRK000000050664,delivered,,,16.38,2026-05-15T23:10:59Z,2026-05-17T09:23:04Z,2026-05-22T14:21:33Z
7551,50665,82,MobileCrew,TRK000000050665,delivered,,,6.57,2026-05-19T22:44:21Z,2026-05-21T02:22:26Z,2026-05-22T14:21:33Z
7552,50666,87,UtilityFleet,TRK000000050666,delivered,,,9.93,2026-05-18T11:25:26Z,2026-05-19T14:58:21Z,2026-05-22T14:21:33Z
7553,50671,82,FieldRoute,TRK000000050671,in_transit,,,20.34,2026-05-14T10:48:43Z,,2026-05-22T14:21:33Z
7554,50672,85,GridCourier,TRK000000050672,delivered,,,13.9,2026-05-19T09:48:36Z,2026-05-20T12:19:57Z,2026-05-22T14:21:33Z
7555,50673,87,MobileCrew,TRK000000050673,delivered,,,9.2,2026-05-19T08:15:52Z,2026-05-20T10:09:10Z,2026-05-22T14:21:33Z
7556,50674,87,UtilityFleet,TRK000000050674,delivered,,,23.72,2026-05-13T11:24:06Z,2026-05-13T21:56:45Z,2026-05-22T14:21:33Z
7557,50679,80,FieldRoute,TRK000000050679,in_transit,,,5.52,2026-05-16T03:56:01Z,,2026-05-22T14:21:33Z
7558,50680,84,GridCourier,TRK000000050680,delivered,,,18.67,2026-05-16T09:05:40Z,2026-05-16T21:51:05Z,2026-05-22T14:21:33Z
7559,50681,86,MobileCrew,TRK000000050681,delivered,,,23.56,2026-05-16T09:48:45Z,2026-05-17T03:19:32Z,2026-05-22T14:21:33Z
7560,50682,77,UtilityFleet,TRK000000050682,delivered,,,5.87,2026-05-15T08:15:10Z,2026-05-16T09:23:52Z,2026-05-22T14:21:33Z
7561,50687,86,FieldRoute,TRK000000050687,in_transit,,,20.79,2026-05-20T07:40:47Z,,2026-05-22T14:21:33Z
7562,50688,79,GridCourier,TRK000000050688,delivered,,,16.31,2026-05-19T20:47:34Z,2026-05-21T04:47:44Z,2026-05-22T14:21:33Z
7563,50689,80,MobileCrew,TRK000000050689,delivered,,,7.64,2026-05-18T19:48:11Z,2026-05-20T02:59:19Z,2026-05-22T14:21:33Z
7564,50690,80,UtilityFleet,TRK000000050690,delivered,,,13.99,2026-05-19T16:48:11Z,2026-05-20T13:23:27Z,2026-05-22T14:21:33Z
7565,50695,88,FieldRoute,TRK000000050695,in_transit,,,13.04,2026-05-15T03:10:10Z,,2026-05-22T14:21:33Z
7566,50696,85,GridCourier,TRK000000050696,delivered,,,5.6,2026-05-16T15:05:01Z,2026-05-17T11:47:48Z,2026-05-22T14:21:33Z
7567,50697,87,MobileCrew,TRK000000050697,delivered,,,23.15,2026-05-20T10:15:59Z,2026-05-21T11:27:17Z,2026-05-22T14:21:33Z
7568,50698,78,UtilityFleet,TRK000000050698,delivered,,,17.37,2026-05-18T00:03:06Z,2026-05-18T08:59:04Z,2026-05-22T14:21:33Z
7569,50703,85,FieldRoute,TRK000000050703,in_transit,,,6.21,2026-05-18T22:05:41Z,,2026-05-22T14:21:33Z
7570,50704,84,GridCourier,TRK000000050704,delivered,,,23.2,2026-05-20T04:57:00Z,2026-05-20T10:52:12Z,2026-05-22T14:21:33Z
7571,50705,83,MobileCrew,TRK000000050705,delivered,,,8.32,2026-05-12T19:14:56Z,2026-05-13T01:00:19Z,2026-05-22T14:21:33Z
7572,50706,81,UtilityFleet,TRK000000050706,delivered,,,22.54,2026-05-15T17:28:02Z,2026-05-15T21:49:11Z,2026-05-22T14:21:33Z
7573,50711,80,FieldRoute,TRK000000050711,in_transit,,,22.57,2026-05-15T09:14:22Z,,2026-05-22T14:21:33Z
7574,50712,87,GridCourier,TRK000000050712,delivered,,,10.51,2026-05-16T12:07:21Z,2026-05-17T04:09:24Z,2026-05-22T14:21:33Z
7575,50713,80,MobileCrew,TRK000000050713,delivered,,,7.56,2026-05-12T23:02:04Z,2026-05-13T17:32:04Z,2026-05-22T14:21:33Z
7576,50714,85,UtilityFleet,TRK000000050714,delivered,,,17.08,2026-05-20T01:19:32Z,2026-05-21T02:41:48Z,2026-05-22T14:21:33Z
7577,50719,84,FieldRoute,TRK000000050719,in_transit,,,8.35,2026-05-14T06:33:54Z,,2026-05-22T14:21:33Z
7578,50720,79,GridCourier,TRK000000050720,delivered,,,7.78,2026-05-17T09:18:47Z,2026-05-17T22:08:16Z,2026-05-22T14:21:33Z
7579,50721,77,MobileCrew,TRK000000050721,delivered,,,8,2026-05-17T18:03:39Z,2026-05-18T05:41:41Z,2026-05-22T14:21:33Z
7580,50722,83,UtilityFleet,TRK000000050722,delivered,,,5.62,2026-05-18T05:59:47Z,2026-05-19T00:19:11Z,2026-05-22T14:21:33Z
7581,50727,86,FieldRoute,TRK000000050727,in_transit,,,20.28,2026-05-20T10:00:04Z,,2026-05-22T14:21:33Z
7582,50728,84,GridCourier,TRK000000050728,delivered,,,11.55,2026-05-14T14:06:31Z,2026-05-15T03:35:02Z,2026-05-22T14:21:33Z
7583,50729,88,MobileCrew,TRK000000050729,delivered,,,19.45,2026-05-15T05:36:08Z,2026-05-15T22:16:41Z,2026-05-22T14:21:33Z
7584,50730,84,UtilityFleet,TRK000000050730,delivered,,,22.79,2026-05-16T01:35:00Z,2026-05-16T13:23:39Z,2026-05-22T14:21:33Z
7585,50735,85,FieldRoute,TRK000000050735,in_transit,,,23.68,2026-05-16T03:12:19Z,,2026-05-22T14:21:33Z
7586,50736,86,GridCourier,TRK000000050736,delivered,,,20.28,2026-05-14T03:57:54Z,2026-05-14T13:19:33Z,2026-05-22T14:21:33Z
7587,50737,80,MobileCrew,TRK000000050737,delivered,,,20.05,2026-05-16T20:21:04Z,2026-05-18T01:12:34Z,2026-05-22T14:21:33Z
7588,50738,86,UtilityFleet,TRK000000050738,delivered,,,19.45,2026-05-16T04:19:32Z,2026-05-16T14:26:57Z,2026-05-22T14:21:33Z
7589,50743,82,FieldRoute,TRK000000050743,in_transit,,,21.13,2026-05-17T03:10:07Z,,2026-05-22T14:21:33Z
7590,50744,87,GridCourier,TRK000000050744,delivered,,,11.87,2026-05-19T23:37:08Z,2026-05-21T08:25:58Z,2026-05-22T14:21:33Z
7591,50745,88,MobileCrew,TRK000000050745,delivered,,,11.58,2026-05-15T10:31:32Z,2026-05-16T09:43:12Z,2026-05-22T14:21:33Z
7592,50746,83,UtilityFleet,TRK000000050746,delivered,,,24.02,2026-05-14T00:40:46Z,2026-05-15T09:21:11Z,2026-05-22T14:21:33Z
7593,50751,83,FieldRoute,TRK000000050751,in_transit,,,10.36,2026-05-18T16:44:11Z,,2026-05-22T14:21:33Z
7594,50752,81,GridCourier,TRK000000050752,delivered,,,22.86,2026-05-16T16:36:31Z,2026-05-18T01:27:25Z,2026-05-22T14:21:33Z
7595,50753,85,MobileCrew,TRK000000050753,delivered,,,14.45,2026-05-14T11:21:08Z,2026-05-14T18:47:23Z,2026-05-22T14:21:33Z
7596,50754,84,UtilityFleet,TRK000000050754,delivered,,,22.93,2026-05-15T14:30:00Z,2026-05-16T23:16:16Z,2026-05-22T14:21:33Z
7597,50759,81,FieldRoute,TRK000000050759,in_transit,,,14.97,2026-05-18T00:46:34Z,,2026-05-22T14:21:33Z
7598,50760,80,GridCourier,TRK000000050760,delivered,,,20.58,2026-05-12T22:07:12Z,2026-05-13T12:19:01Z,2026-05-22T14:21:33Z
7599,50761,81,MobileCrew,TRK000000050761,delivered,,,14.44,2026-05-19T20:36:19Z,2026-05-20T02:21:03Z,2026-05-22T14:21:33Z
7600,50762,85,UtilityFleet,TRK000000050762,delivered,,,18.55,2026-05-13T03:57:34Z,2026-05-14T09:59:09Z,2026-05-22T14:21:33Z
7601,50767,77,FieldRoute,TRK000000050767,in_transit,,,12.56,2026-05-16T15:05:32Z,,2026-05-22T14:21:33Z
7602,50768,85,GridCourier,TRK000000050768,delivered,,,22.03,2026-05-18T16:04:21Z,2026-05-19T07:42:16Z,2026-05-22T14:21:33Z
7603,50769,78,MobileCrew,TRK000000050769,delivered,,,10.64,2026-05-16T17:46:17Z,2026-05-17T13:27:01Z,2026-05-22T14:21:33Z
7604,50770,86,UtilityFleet,TRK000000050770,delivered,,,13.38,2026-05-19T21:47:49Z,2026-05-20T03:15:32Z,2026-05-22T14:21:33Z
7605,50775,78,FieldRoute,TRK000000050775,in_transit,,,10.82,2026-05-17T02:30:46Z,,2026-05-22T14:21:33Z
7606,50776,87,GridCourier,TRK000000050776,delivered,,,5.42,2026-05-15T23:35:17Z,2026-05-16T22:04:43Z,2026-05-22T14:21:33Z
7607,50777,86,MobileCrew,TRK000000050777,delivered,,,6.28,2026-05-15T22:58:56Z,2026-05-16T06:47:09Z,2026-05-22T14:21:33Z
7608,50778,78,UtilityFleet,TRK000000050778,delivered,,,22.45,2026-05-18T21:38:55Z,2026-05-19T18:09:40Z,2026-05-22T14:21:33Z
7609,50783,77,FieldRoute,TRK000000050783,in_transit,,,7.19,2026-05-13T00:26:25Z,,2026-05-22T14:21:33Z
7610,50784,78,GridCourier,TRK000000050784,delivered,,,23.48,2026-05-13T10:09:22Z,2026-05-14T18:01:42Z,2026-05-22T14:21:33Z
7611,50785,81,MobileCrew,TRK000000050785,delivered,,,21.26,2026-05-15T21:31:49Z,2026-05-17T01:12:55Z,2026-05-22T14:21:33Z
7612,50786,86,UtilityFleet,TRK000000050786,delivered,,,7.53,2026-05-19T00:41:10Z,2026-05-19T03:18:12Z,2026-05-22T14:21:33Z
7613,50791,85,FieldRoute,TRK000000050791,in_transit,,,16.56,2026-05-14T20:34:05Z,,2026-05-22T14:21:33Z
7614,50792,85,GridCourier,TRK000000050792,delivered,,,8.32,2026-05-19T22:18:42Z,2026-05-20T03:11:56Z,2026-05-22T14:21:33Z
7615,50793,79,MobileCrew,TRK000000050793,delivered,,,15.8,2026-05-13T21:57:38Z,2026-05-14T03:54:50Z,2026-05-22T14:21:33Z
7616,50794,84,UtilityFleet,TRK000000050794,delivered,,,8.53,2026-05-20T11:00:35Z,2026-05-20T19:48:31Z,2026-05-22T14:21:33Z
7617,50799,80,FieldRoute,TRK000000050799,in_transit,,,16.35,2026-05-20T09:29:39Z,,2026-05-22T14:21:33Z
7618,50800,79,GridCourier,TRK000000050800,delivered,,,11.65,2026-05-13T13:41:57Z,2026-05-14T02:15:21Z,2026-05-22T14:21:33Z
7619,50801,81,MobileCrew,TRK000000050801,delivered,,,15.19,2026-05-17T14:27:07Z,2026-05-18T15:14:24Z,2026-05-22T14:21:33Z
7620,50802,87,UtilityFleet,TRK000000050802,delivered,,,9.1,2026-05-13T07:53:10Z,2026-05-13T15:10:18Z,2026-05-22T14:21:33Z
7621,50807,88,FieldRoute,TRK000000050807,in_transit,,,17.31,2026-05-17T06:07:14Z,,2026-05-22T14:21:33Z
7622,50808,86,GridCourier,TRK000000050808,delivered,,,23.39,2026-05-15T05:03:07Z,2026-05-15T23:31:02Z,2026-05-22T14:21:33Z
7623,50809,79,MobileCrew,TRK000000050809,delivered,,,22.84,2026-05-16T23:46:42Z,2026-05-17T13:01:37Z,2026-05-22T14:21:33Z
7624,50810,87,UtilityFleet,TRK000000050810,delivered,,,19.26,2026-05-13T07:01:55Z,2026-05-14T15:16:26Z,2026-05-22T14:21:33Z
7625,50815,86,FieldRoute,TRK000000050815,in_transit,,,24.9,2026-05-13T14:58:56Z,,2026-05-22T14:21:33Z
7626,50816,78,GridCourier,TRK000000050816,delivered,,,15.06,2026-05-14T19:13:13Z,2026-05-16T04:36:27Z,2026-05-22T14:21:33Z
7627,50817,77,MobileCrew,TRK000000050817,delivered,,,6.07,2026-05-17T10:50:53Z,2026-05-17T18:03:58Z,2026-05-22T14:21:33Z
7628,50818,86,UtilityFleet,TRK000000050818,delivered,,,8.58,2026-05-13T12:18:10Z,2026-05-14T13:32:06Z,2026-05-22T14:21:33Z
7629,50823,78,FieldRoute,TRK000000050823,in_transit,,,10.21,2026-05-15T02:32:25Z,,2026-05-22T14:21:33Z
7630,50824,87,GridCourier,TRK000000050824,delivered,,,24.19,2026-05-13T22:34:54Z,2026-05-14T04:06:14Z,2026-05-22T14:21:33Z
7631,50825,87,MobileCrew,TRK000000050825,delivered,,,17.92,2026-05-17T15:17:07Z,2026-05-18T03:30:12Z,2026-05-22T14:21:33Z
7632,50826,78,UtilityFleet,TRK000000050826,delivered,,,21.98,2026-05-16T12:27:30Z,2026-05-16T14:52:25Z,2026-05-22T14:21:33Z
7633,50831,78,FieldRoute,TRK000000050831,in_transit,,,14.26,2026-05-17T02:22:53Z,,2026-05-22T14:21:33Z
7634,50832,86,GridCourier,TRK000000050832,delivered,,,20.4,2026-05-15T06:51:49Z,2026-05-15T19:43:48Z,2026-05-22T14:21:33Z
7635,50833,80,MobileCrew,TRK000000050833,delivered,,,20.03,2026-05-20T04:36:07Z,2026-05-21T07:56:25Z,2026-05-22T14:21:33Z
7636,50834,88,UtilityFleet,TRK000000050834,delivered,,,10.78,2026-05-19T12:59:47Z,2026-05-20T01:06:10Z,2026-05-22T14:21:33Z
7637,50839,83,FieldRoute,TRK000000050839,in_transit,,,12.06,2026-05-19T01:57:18Z,,2026-05-22T14:21:33Z
7638,50840,84,GridCourier,TRK000000050840,delivered,,,8.29,2026-05-13T00:29:17Z,2026-05-13T02:37:58Z,2026-05-22T14:21:33Z
7639,50841,87,MobileCrew,TRK000000050841,delivered,,,10.82,2026-05-16T02:20:22Z,2026-05-16T14:38:25Z,2026-05-22T14:21:33Z
7640,50842,83,UtilityFleet,TRK000000050842,delivered,,,6.19,2026-05-16T12:36:49Z,2026-05-17T04:55:08Z,2026-05-22T14:21:33Z
7641,50847,84,FieldRoute,TRK000000050847,in_transit,,,15.63,2026-05-18T09:04:36Z,,2026-05-22T14:21:33Z
7642,50848,77,GridCourier,TRK000000050848,delivered,,,10.95,2026-05-19T06:11:28Z,2026-05-20T13:41:10Z,2026-05-22T14:21:33Z
7643,50849,87,MobileCrew,TRK000000050849,delivered,,,7.21,2026-05-19T05:02:15Z,2026-05-19T08:23:02Z,2026-05-22T14:21:33Z
7644,50850,80,UtilityFleet,TRK000000050850,delivered,,,12.78,2026-05-20T14:13:39Z,2026-05-21T20:48:34Z,2026-05-22T14:21:33Z
7645,50855,81,FieldRoute,TRK000000050855,in_transit,,,11.53,2026-05-16T22:28:39Z,,2026-05-22T14:21:33Z
7646,50856,88,GridCourier,TRK000000050856,delivered,,,19.33,2026-05-15T23:55:18Z,2026-05-17T05:02:13Z,2026-05-22T14:21:33Z
7647,50857,87,MobileCrew,TRK000000050857,delivered,,,18.74,2026-05-17T12:58:45Z,2026-05-18T15:13:58Z,2026-05-22T14:21:33Z
7648,50858,79,UtilityFleet,TRK000000050858,delivered,,,13.04,2026-05-18T15:20:26Z,2026-05-18T22:39:19Z,2026-05-22T14:21:33Z
7649,50863,83,FieldRoute,TRK000000050863,in_transit,,,15.39,2026-05-17T12:11:42Z,,2026-05-22T14:21:33Z
7650,50864,78,GridCourier,TRK000000050864,delivered,,,22.38,2026-05-16T19:10:53Z,2026-05-18T02:23:17Z,2026-05-22T14:21:33Z
7651,50865,77,MobileCrew,TRK000000050865,delivered,,,13.73,2026-05-17T23:04:37Z,2026-05-19T07:50:44Z,2026-05-22T14:21:33Z
7652,50866,83,UtilityFleet,TRK000000050866,delivered,,,16.8,2026-05-13T05:02:58Z,2026-05-13T08:02:51Z,2026-05-22T14:21:33Z
7653,50871,83,FieldRoute,TRK000000050871,in_transit,,,15.47,2026-05-15T19:54:06Z,,2026-05-22T14:21:33Z
7654,50872,80,GridCourier,TRK000000050872,delivered,,,8.91,2026-05-12T14:52:42Z,2026-05-12T18:16:41Z,2026-05-22T14:21:33Z
7655,50873,81,MobileCrew,TRK000000050873,delivered,,,17.28,2026-05-16T07:23:30Z,2026-05-16T13:45:58Z,2026-05-22T14:21:33Z
7656,50874,78,UtilityFleet,TRK000000050874,delivered,,,16.04,2026-05-13T11:39:54Z,2026-05-14T19:06:52Z,2026-05-22T14:21:33Z
7657,50879,77,FieldRoute,TRK000000050879,in_transit,,,23.83,2026-05-13T14:57:04Z,,2026-05-22T14:21:33Z
7658,50880,86,GridCourier,TRK000000050880,delivered,,,7.02,2026-05-12T19:18:32Z,2026-05-13T04:22:05Z,2026-05-22T14:21:33Z
7659,50881,82,MobileCrew,TRK000000050881,delivered,,,24.88,2026-05-20T10:27:04Z,2026-05-20T15:47:57Z,2026-05-22T14:21:33Z
7660,50882,85,UtilityFleet,TRK000000050882,delivered,,,9.43,2026-05-15T06:23:23Z,2026-05-16T11:22:33Z,2026-05-22T14:21:33Z
7661,50887,78,FieldRoute,TRK000000050887,in_transit,,,17.79,2026-05-18T08:18:10Z,,2026-05-22T14:21:33Z
7662,50888,85,GridCourier,TRK000000050888,delivered,,,11.91,2026-05-13T03:09:27Z,2026-05-13T17:55:53Z,2026-05-22T14:21:33Z
7663,50889,79,MobileCrew,TRK000000050889,delivered,,,6.97,2026-05-19T03:56:55Z,2026-05-19T09:43:13Z,2026-05-22T14:21:33Z
7664,50890,86,UtilityFleet,TRK000000050890,delivered,,,8.99,2026-05-17T02:41:57Z,2026-05-17T16:24:04Z,2026-05-22T14:21:33Z
7665,50895,82,FieldRoute,TRK000000050895,in_transit,,,21.43,2026-05-17T11:12:21Z,,2026-05-22T14:21:33Z
7666,50896,77,GridCourier,TRK000000050896,delivered,,,20.52,2026-05-17T13:24:26Z,2026-05-18T23:39:31Z,2026-05-22T14:21:33Z
7667,50897,86,MobileCrew,TRK000000050897,delivered,,,7.83,2026-05-19T09:30:28Z,2026-05-20T12:37:03Z,2026-05-22T14:21:33Z
7668,50898,77,UtilityFleet,TRK000000050898,delivered,,,19.38,2026-05-17T08:40:46Z,2026-05-18T15:11:23Z,2026-05-22T14:21:33Z
7669,50903,85,FieldRoute,TRK000000050903,in_transit,,,21.53,2026-05-19T18:15:25Z,,2026-05-22T14:21:33Z
7670,50904,86,GridCourier,TRK000000050904,delivered,,,5.35,2026-05-16T13:04:36Z,2026-05-17T01:47:04Z,2026-05-22T14:21:33Z
7671,50905,84,MobileCrew,TRK000000050905,delivered,,,18.41,2026-05-19T15:15:46Z,2026-05-20T20:18:18Z,2026-05-22T14:21:33Z
7672,50906,87,UtilityFleet,TRK000000050906,delivered,,,16.59,2026-05-16T06:52:16Z,2026-05-17T11:40:05Z,2026-05-22T14:21:33Z
7673,50911,84,FieldRoute,TRK000000050911,in_transit,,,6.71,2026-05-17T00:16:59Z,,2026-05-22T14:21:33Z
7674,50912,80,GridCourier,TRK000000050912,delivered,,,8.46,2026-05-16T10:01:44Z,2026-05-16T17:53:22Z,2026-05-22T14:21:33Z
7675,50913,82,MobileCrew,TRK000000050913,delivered,,,18.63,2026-05-20T02:56:10Z,2026-05-20T18:01:02Z,2026-05-22T14:21:33Z
7676,50914,85,UtilityFleet,TRK000000050914,delivered,,,6.42,2026-05-20T05:35:22Z,2026-05-20T14:41:47Z,2026-05-22T14:21:33Z
7677,50919,87,FieldRoute,TRK000000050919,in_transit,,,11.12,2026-05-17T09:38:58Z,,2026-05-22T14:21:33Z
7678,50920,79,GridCourier,TRK000000050920,delivered,,,5.7,2026-05-17T13:02:23Z,2026-05-18T15:22:40Z,2026-05-22T14:21:33Z
7679,50921,83,MobileCrew,TRK000000050921,delivered,,,6.37,2026-05-14T01:09:15Z,2026-05-15T03:49:30Z,2026-05-22T14:21:33Z
7680,50922,82,UtilityFleet,TRK000000050922,delivered,,,22.87,2026-05-14T17:47:10Z,2026-05-15T07:08:13Z,2026-05-22T14:21:33Z
7681,50927,78,FieldRoute,TRK000000050927,in_transit,,,9.91,2026-05-14T16:37:31Z,,2026-05-22T14:21:33Z
7682,50928,79,GridCourier,TRK000000050928,delivered,,,22.94,2026-05-14T06:19:02Z,2026-05-14T10:40:20Z,2026-05-22T14:21:33Z
7683,50929,78,MobileCrew,TRK000000050929,delivered,,,12.93,2026-05-15T00:15:27Z,2026-05-15T14:56:32Z,2026-05-22T14:21:33Z
7684,50930,79,UtilityFleet,TRK000000050930,delivered,,,17.09,2026-05-17T18:26:17Z,2026-05-18T04:26:01Z,2026-05-22T14:21:33Z
7685,50935,88,FieldRoute,TRK000000050935,in_transit,,,7.25,2026-05-18T11:59:52Z,,2026-05-22T14:21:33Z
7686,50936,83,GridCourier,TRK000000050936,delivered,,,9.38,2026-05-15T19:25:25Z,2026-05-16T17:30:32Z,2026-05-22T14:21:33Z
7687,50937,84,MobileCrew,TRK000000050937,delivered,,,13.39,2026-05-13T14:22:58Z,2026-05-14T08:50:01Z,2026-05-22T14:21:33Z
7688,50938,86,UtilityFleet,TRK000000050938,delivered,,,15.87,2026-05-14T08:54:29Z,2026-05-15T04:51:09Z,2026-05-22T14:21:33Z
7689,50943,85,FieldRoute,TRK000000050943,in_transit,,,5.44,2026-05-14T08:03:19Z,,2026-05-22T14:21:33Z
7690,50944,88,GridCourier,TRK000000050944,delivered,,,6.22,2026-05-13T18:04:43Z,2026-05-14T23:29:16Z,2026-05-22T14:21:33Z
7691,50945,79,MobileCrew,TRK000000050945,delivered,,,16.64,2026-05-19T10:24:19Z,2026-05-19T17:06:33Z,2026-05-22T14:21:33Z
7692,50946,87,UtilityFleet,TRK000000050946,delivered,,,23.76,2026-05-16T21:44:02Z,2026-05-17T13:01:22Z,2026-05-22T14:21:33Z
7693,50951,88,FieldRoute,TRK000000050951,in_transit,,,8.31,2026-05-17T09:52:39Z,,2026-05-22T14:21:33Z
7694,50952,77,GridCourier,TRK000000050952,delivered,,,21.41,2026-05-19T13:50:38Z,2026-05-20T07:26:35Z,2026-05-22T14:21:33Z
7695,50953,84,MobileCrew,TRK000000050953,delivered,,,19.23,2026-05-13T13:07:39Z,2026-05-13T15:48:09Z,2026-05-22T14:21:33Z
7696,50954,82,UtilityFleet,TRK000000050954,delivered,,,20.68,2026-05-13T07:11:12Z,2026-05-14T06:38:46Z,2026-05-22T14:21:33Z
7697,50959,86,FieldRoute,TRK000000050959,in_transit,,,20.12,2026-05-14T14:01:26Z,,2026-05-22T14:21:33Z
7698,50960,79,GridCourier,TRK000000050960,delivered,,,22.44,2026-05-19T12:18:11Z,2026-05-20T17:05:53Z,2026-05-22T14:21:33Z
7699,50961,78,MobileCrew,TRK000000050961,delivered,,,11.76,2026-05-14T20:14:32Z,2026-05-15T17:15:08Z,2026-05-22T14:21:33Z
7700,50962,83,UtilityFleet,TRK000000050962,delivered,,,19.07,2026-05-15T06:49:43Z,2026-05-16T00:36:15Z,2026-05-22T14:21:33Z
7701,50967,83,FieldRoute,TRK000000050967,in_transit,,,24.24,2026-05-20T01:09:43Z,,2026-05-22T14:21:33Z
7702,50968,82,GridCourier,TRK000000050968,delivered,,,7.83,2026-05-13T11:09:45Z,2026-05-13T15:31:51Z,2026-05-22T14:21:33Z
7703,50969,86,MobileCrew,TRK000000050969,delivered,,,12.01,2026-05-12T18:23:37Z,2026-05-13T19:29:45Z,2026-05-22T14:21:33Z
7704,50970,78,UtilityFleet,TRK000000050970,delivered,,,14,2026-05-19T02:42:21Z,2026-05-20T00:50:36Z,2026-05-22T14:21:33Z
7705,50975,79,FieldRoute,TRK000000050975,in_transit,,,21.91,2026-05-14T00:30:09Z,,2026-05-22T14:21:33Z
7706,50976,86,GridCourier,TRK000000050976,delivered,,,21.27,2026-05-13T10:16:25Z,2026-05-14T13:40:40Z,2026-05-22T14:21:33Z
7707,50977,80,MobileCrew,TRK000000050977,delivered,,,13.8,2026-05-13T15:29:39Z,2026-05-14T06:06:50Z,2026-05-22T14:21:33Z
7708,50978,77,UtilityFleet,TRK000000050978,delivered,,,5.24,2026-05-18T10:22:20Z,2026-05-19T17:27:47Z,2026-05-22T14:21:33Z
7709,50983,84,FieldRoute,TRK000000050983,in_transit,,,21.67,2026-05-19T08:37:28Z,,2026-05-22T14:21:33Z
7710,50984,79,GridCourier,TRK000000050984,delivered,,,7.31,2026-05-18T08:26:43Z,2026-05-19T19:28:24Z,2026-05-22T14:21:33Z
7711,50985,83,MobileCrew,TRK000000050985,delivered,,,16.21,2026-05-14T11:00:46Z,2026-05-15T17:49:14Z,2026-05-22T14:21:33Z
7712,50986,81,UtilityFleet,TRK000000050986,delivered,,,13.55,2026-05-17T17:22:13Z,2026-05-18T09:07:21Z,2026-05-22T14:21:33Z
7713,50991,77,FieldRoute,TRK000000050991,in_transit,,,11.62,2026-05-15T20:27:20Z,,2026-05-22T14:21:33Z
7714,50992,81,GridCourier,TRK000000050992,delivered,,,7.18,2026-05-12T21:32:02Z,2026-05-13T05:20:24Z,2026-05-22T14:21:33Z
7715,50993,78,MobileCrew,TRK000000050993,delivered,,,22.53,2026-05-19T06:17:23Z,2026-05-19T22:48:14Z,2026-05-22T14:21:33Z
7716,50994,88,UtilityFleet,TRK000000050994,delivered,,,8.4,2026-05-18T03:14:39Z,2026-05-19T02:06:10Z,2026-05-22T14:21:33Z
7717,50999,80,FieldRoute,TRK000000050999,in_transit,,,20.99,2026-05-13T14:43:00Z,,2026-05-22T14:21:33Z
7718,51000,83,GridCourier,TRK000000051000,delivered,,,10.67,2026-05-13T16:55:40Z,2026-05-14T13:01:45Z,2026-05-22T14:21:33Z
7719,51001,82,MobileCrew,TRK000000051001,delivered,,,13.16,2026-05-12T19:02:30Z,2026-05-13T22:31:14Z,2026-05-22T14:21:33Z
7720,51002,84,UtilityFleet,TRK000000051002,delivered,,,15.24,2026-05-18T20:09:00Z,2026-05-19T05:32:37Z,2026-05-22T14:21:33Z
7721,51007,86,FieldRoute,TRK000000051007,in_transit,,,15.08,2026-05-17T17:00:46Z,,2026-05-22T14:21:33Z
7722,51008,80,GridCourier,TRK000000051008,delivered,,,9.72,2026-05-18T09:51:19Z,2026-05-19T01:24:46Z,2026-05-22T14:21:33Z
7723,51009,79,MobileCrew,TRK000000051009,delivered,,,19.03,2026-05-16T05:40:10Z,2026-05-17T16:42:33Z,2026-05-22T14:21:33Z
7724,51010,78,UtilityFleet,TRK000000051010,delivered,,,10.2,2026-05-19T22:28:59Z,2026-05-20T02:56:45Z,2026-05-22T14:21:33Z
7725,51015,82,FieldRoute,TRK000000051015,in_transit,,,15.84,2026-05-15T22:32:11Z,,2026-05-22T14:21:33Z
7726,51016,78,GridCourier,TRK000000051016,delivered,,,22.98,2026-05-13T12:29:41Z,2026-05-13T21:08:01Z,2026-05-22T14:21:33Z
7727,51017,81,MobileCrew,TRK000000051017,delivered,,,12.48,2026-05-14T06:25:49Z,2026-05-14T18:03:09Z,2026-05-22T14:21:33Z
7728,51018,87,UtilityFleet,TRK000000051018,delivered,,,5.71,2026-05-19T17:45:22Z,2026-05-21T03:06:30Z,2026-05-22T14:21:33Z
7729,51023,88,FieldRoute,TRK000000051023,in_transit,,,15.3,2026-05-14T08:11:01Z,,2026-05-22T14:21:33Z
7730,51024,84,GridCourier,TRK000000051024,delivered,,,17.32,2026-05-15T19:31:13Z,2026-05-16T20:50:25Z,2026-05-22T14:21:33Z
7731,51025,83,MobileCrew,TRK000000051025,delivered,,,23.64,2026-05-15T00:16:26Z,2026-05-16T04:30:12Z,2026-05-22T14:21:33Z
7732,51026,88,UtilityFleet,TRK000000051026,delivered,,,14.82,2026-05-12T15:57:29Z,2026-05-13T04:00:29Z,2026-05-22T14:21:33Z
7733,51031,77,FieldRoute,TRK000000051031,in_transit,,,21.3,2026-05-19T01:45:12Z,,2026-05-22T14:21:33Z
7734,51032,82,GridCourier,TRK000000051032,delivered,,,24.45,2026-05-15T09:59:53Z,2026-05-16T13:48:21Z,2026-05-22T14:21:33Z
7735,51033,87,MobileCrew,TRK000000051033,delivered,,,22.69,2026-05-18T06:51:59Z,2026-05-18T21:21:57Z,2026-05-22T14:21:33Z
7736,51034,84,UtilityFleet,TRK000000051034,delivered,,,14.53,2026-05-19T04:38:53Z,2026-05-20T10:22:06Z,2026-05-22T14:21:33Z
7737,51039,81,FieldRoute,TRK000000051039,in_transit,,,11.39,2026-05-17T06:31:17Z,,2026-05-22T14:21:33Z
7738,51040,80,GridCourier,TRK000000051040,delivered,,,14.04,2026-05-18T23:22:40Z,2026-05-19T20:55:02Z,2026-05-22T14:21:33Z
7739,51041,83,MobileCrew,TRK000000051041,delivered,,,14.47,2026-05-16T16:42:39Z,2026-05-17T21:05:09Z,2026-05-22T14:21:33Z
7740,51042,77,UtilityFleet,TRK000000051042,delivered,,,9.41,2026-05-17T10:11:11Z,2026-05-18T01:10:34Z,2026-05-22T14:21:33Z
7741,51047,81,FieldRoute,TRK000000051047,in_transit,,,14.56,2026-05-13T13:01:09Z,,2026-05-22T14:21:33Z
7742,51048,83,GridCourier,TRK000000051048,delivered,,,24.98,2026-05-15T18:39:00Z,2026-05-17T05:57:28Z,2026-05-22T14:21:33Z
7743,51049,83,MobileCrew,TRK000000051049,delivered,,,21.09,2026-05-12T17:27:13Z,2026-05-12T23:48:45Z,2026-05-22T14:21:33Z
7744,51050,81,UtilityFleet,TRK000000051050,delivered,,,12.13,2026-05-15T12:52:53Z,2026-05-16T03:55:54Z,2026-05-22T14:21:33Z
7745,51055,79,FieldRoute,TRK000000051055,in_transit,,,18.52,2026-05-18T06:17:43Z,,2026-05-22T14:21:33Z
7746,51056,87,GridCourier,TRK000000051056,delivered,,,18.02,2026-05-18T04:41:14Z,2026-05-19T01:46:41Z,2026-05-22T14:21:33Z
7747,51057,77,MobileCrew,TRK000000051057,delivered,,,22.05,2026-05-15T18:24:20Z,2026-05-16T10:08:40Z,2026-05-22T14:21:33Z
7748,51058,86,UtilityFleet,TRK000000051058,delivered,,,12.75,2026-05-18T09:36:59Z,2026-05-19T05:57:54Z,2026-05-22T14:21:33Z
7749,51063,78,FieldRoute,TRK000000051063,in_transit,,,12.52,2026-05-14T04:50:30Z,,2026-05-22T14:21:33Z
7750,51064,85,GridCourier,TRK000000051064,delivered,,,16.93,2026-05-13T21:13:19Z,2026-05-15T05:21:07Z,2026-05-22T14:21:33Z
7751,51065,79,MobileCrew,TRK000000051065,delivered,,,8.27,2026-05-14T09:59:12Z,2026-05-15T02:08:54Z,2026-05-22T14:21:33Z
7752,51066,85,UtilityFleet,TRK000000051066,delivered,,,13.45,2026-05-13T02:03:01Z,2026-05-14T12:22:38Z,2026-05-22T14:21:33Z
7753,51071,87,FieldRoute,TRK000000051071,in_transit,,,17.22,2026-05-19T18:30:53Z,,2026-05-22T14:21:33Z
7754,51072,88,GridCourier,TRK000000051072,delivered,,,22.29,2026-05-16T16:05:25Z,2026-05-17T23:50:34Z,2026-05-22T14:21:33Z
7755,51073,85,MobileCrew,TRK000000051073,delivered,,,21.69,2026-05-13T04:59:49Z,2026-05-14T00:30:26Z,2026-05-22T14:21:33Z
7756,51074,81,UtilityFleet,TRK000000051074,delivered,,,16.26,2026-05-13T17:18:14Z,2026-05-13T22:17:04Z,2026-05-22T14:21:33Z
7757,51079,78,FieldRoute,TRK000000051079,in_transit,,,8.57,2026-05-18T11:33:19Z,,2026-05-22T14:21:33Z
7758,51080,81,GridCourier,TRK000000051080,delivered,,,7.3,2026-05-13T03:28:10Z,2026-05-13T11:32:55Z,2026-05-22T14:21:33Z
7759,51081,83,MobileCrew,TRK000000051081,delivered,,,21.64,2026-05-14T22:44:57Z,2026-05-15T01:25:10Z,2026-05-22T14:21:33Z
7760,51082,84,UtilityFleet,TRK000000051082,delivered,,,16.14,2026-05-13T01:45:26Z,2026-05-13T18:18:32Z,2026-05-22T14:21:33Z
7761,51087,87,FieldRoute,TRK000000051087,in_transit,,,19.32,2026-05-14T23:41:32Z,,2026-05-22T14:21:33Z
7762,51088,85,GridCourier,TRK000000051088,delivered,,,10.55,2026-05-14T00:33:44Z,2026-05-15T02:22:32Z,2026-05-22T14:21:33Z
7763,51089,88,MobileCrew,TRK000000051089,delivered,,,23.13,2026-05-14T12:20:28Z,2026-05-15T13:21:04Z,2026-05-22T14:21:33Z
7764,51090,79,UtilityFleet,TRK000000051090,delivered,,,12.98,2026-05-17T01:45:32Z,2026-05-17T17:13:43Z,2026-05-22T14:21:33Z
7765,51095,87,FieldRoute,TRK000000051095,in_transit,,,9.85,2026-05-19T11:03:55Z,,2026-05-22T14:21:33Z
7766,51096,84,GridCourier,TRK000000051096,delivered,,,15.81,2026-05-12T20:40:48Z,2026-05-13T13:55:15Z,2026-05-22T14:21:33Z
7767,51097,78,MobileCrew,TRK000000051097,delivered,,,13.92,2026-05-13T08:53:29Z,2026-05-13T22:10:15Z,2026-05-22T14:21:33Z
7768,51098,81,UtilityFleet,TRK000000051098,delivered,,,6.72,2026-05-19T10:06:42Z,2026-05-20T00:27:26Z,2026-05-22T14:21:33Z
7769,51103,83,FieldRoute,TRK000000051103,in_transit,,,7.4,2026-05-16T12:23:51Z,,2026-05-22T14:21:33Z
7770,51104,84,GridCourier,TRK000000051104,delivered,,,16.05,2026-05-14T01:39:59Z,2026-05-14T23:14:26Z,2026-05-22T14:21:33Z
7771,51105,88,MobileCrew,TRK000000051105,delivered,,,22.63,2026-05-14T07:34:13Z,2026-05-15T19:30:46Z,2026-05-22T14:21:33Z
7772,51106,81,UtilityFleet,TRK000000051106,delivered,,,19.42,2026-05-16T19:26:40Z,2026-05-17T10:47:44Z,2026-05-22T14:21:33Z
7773,51111,85,FieldRoute,TRK000000051111,in_transit,,,21.88,2026-05-19T14:01:33Z,,2026-05-22T14:21:33Z
7774,51112,82,GridCourier,TRK000000051112,delivered,,,22.43,2026-05-14T20:21:46Z,2026-05-15T13:51:01Z,2026-05-22T14:21:33Z
7775,51113,84,MobileCrew,TRK000000051113,delivered,,,7.88,2026-05-16T23:55:12Z,2026-05-18T03:21:37Z,2026-05-22T14:21:33Z
7776,51114,78,UtilityFleet,TRK000000051114,delivered,,,16.83,2026-05-14T03:25:33Z,2026-05-15T02:43:10Z,2026-05-22T14:21:33Z
7777,51119,85,FieldRoute,TRK000000051119,in_transit,,,15.12,2026-05-13T20:46:10Z,,2026-05-22T14:21:33Z
7778,51120,82,GridCourier,TRK000000051120,delivered,,,19.08,2026-05-20T10:20:09Z,2026-05-21T09:14:00Z,2026-05-22T14:21:33Z
7779,51121,80,MobileCrew,TRK000000051121,delivered,,,9.33,2026-05-12T22:37:31Z,2026-05-13T06:22:46Z,2026-05-22T14:21:33Z
7780,51122,87,UtilityFleet,TRK000000051122,delivered,,,8.19,2026-05-14T03:01:34Z,2026-05-14T10:44:15Z,2026-05-22T14:21:33Z
7781,51127,87,FieldRoute,TRK000000051127,in_transit,,,22.05,2026-05-20T02:48:37Z,,2026-05-22T14:21:33Z
7782,51128,86,GridCourier,TRK000000051128,delivered,,,8.43,2026-05-16T15:30:00Z,2026-05-17T07:57:25Z,2026-05-22T14:21:33Z
7783,51129,80,MobileCrew,TRK000000051129,delivered,,,9.18,2026-05-16T16:55:59Z,2026-05-17T15:52:09Z,2026-05-22T14:21:33Z
7784,51130,83,UtilityFleet,TRK000000051130,delivered,,,23.25,2026-05-14T03:53:39Z,2026-05-15T02:43:30Z,2026-05-22T14:21:33Z
7785,51135,84,FieldRoute,TRK000000051135,in_transit,,,7.98,2026-05-19T20:47:00Z,,2026-05-22T14:21:33Z
7786,51136,80,GridCourier,TRK000000051136,delivered,,,11.56,2026-05-19T02:44:49Z,2026-05-19T14:58:11Z,2026-05-22T14:21:33Z
7787,51137,81,MobileCrew,TRK000000051137,delivered,,,23.11,2026-05-15T09:03:03Z,2026-05-16T10:43:28Z,2026-05-22T14:21:33Z
7788,51138,77,UtilityFleet,TRK000000051138,delivered,,,13.36,2026-05-18T08:21:19Z,2026-05-19T04:41:21Z,2026-05-22T14:21:33Z
7789,51143,85,FieldRoute,TRK000000051143,in_transit,,,10.19,2026-05-19T01:56:47Z,,2026-05-22T14:21:33Z
7790,51144,79,GridCourier,TRK000000051144,delivered,,,16.07,2026-05-17T14:20:49Z,2026-05-18T05:02:23Z,2026-05-22T14:21:33Z
7791,51145,81,MobileCrew,TRK000000051145,delivered,,,18.9,2026-05-19T08:09:50Z,2026-05-20T10:07:10Z,2026-05-22T14:21:33Z
7792,51146,78,UtilityFleet,TRK000000051146,delivered,,,16.96,2026-05-19T22:22:16Z,2026-05-20T23:17:15Z,2026-05-22T14:21:33Z
7793,51151,80,FieldRoute,TRK000000051151,in_transit,,,13.71,2026-05-20T01:44:39Z,,2026-05-22T14:21:33Z
7794,51152,86,GridCourier,TRK000000051152,delivered,,,14.5,2026-05-13T22:15:28Z,2026-05-14T01:41:46Z,2026-05-22T14:21:33Z
7795,51153,88,MobileCrew,TRK000000051153,delivered,,,8.64,2026-05-13T08:45:28Z,2026-05-14T19:52:02Z,2026-05-22T14:21:33Z
7796,51154,87,UtilityFleet,TRK000000051154,delivered,,,12.71,2026-05-14T13:04:56Z,2026-05-15T17:43:30Z,2026-05-22T14:21:33Z
7797,51159,84,FieldRoute,TRK000000051159,in_transit,,,15.93,2026-05-13T06:37:13Z,,2026-05-22T14:21:33Z
7798,51160,84,GridCourier,TRK000000051160,delivered,,,23.73,2026-05-16T22:35:28Z,2026-05-18T04:54:09Z,2026-05-22T14:21:33Z
7799,51161,88,MobileCrew,TRK000000051161,delivered,,,17.44,2026-05-18T09:46:47Z,2026-05-18T14:48:41Z,2026-05-22T14:21:33Z
7800,51162,78,UtilityFleet,TRK000000051162,delivered,,,14.19,2026-05-20T13:27:53Z,2026-05-22T00:53:31Z,2026-05-22T14:21:33Z
7801,51167,82,FieldRoute,TRK000000051167,in_transit,,,24.21,2026-05-18T11:09:01Z,,2026-05-22T14:21:33Z
7802,51168,87,GridCourier,TRK000000051168,delivered,,,11.11,2026-05-19T20:27:04Z,2026-05-20T01:24:33Z,2026-05-22T14:21:33Z
7803,51169,81,MobileCrew,TRK000000051169,delivered,,,5.93,2026-05-13T05:11:59Z,2026-05-14T09:51:27Z,2026-05-22T14:21:33Z
7804,51170,86,UtilityFleet,TRK000000051170,delivered,,,14.43,2026-05-18T09:40:44Z,2026-05-19T03:06:59Z,2026-05-22T14:21:33Z
7805,51175,87,FieldRoute,TRK000000051175,in_transit,,,8.83,2026-05-13T16:01:03Z,,2026-05-22T14:21:33Z
7806,51176,85,GridCourier,TRK000000051176,delivered,,,20.51,2026-05-13T14:11:04Z,2026-05-14T22:15:00Z,2026-05-22T14:21:33Z
7807,51177,87,MobileCrew,TRK000000051177,delivered,,,6.26,2026-05-14T15:40:14Z,2026-05-15T05:30:38Z,2026-05-22T14:21:33Z
7808,51178,78,UtilityFleet,TRK000000051178,delivered,,,7.08,2026-05-19T15:43:42Z,2026-05-20T11:13:30Z,2026-05-22T14:21:33Z
7809,51183,84,FieldRoute,TRK000000051183,in_transit,,,17.39,2026-05-19T22:47:39Z,,2026-05-22T14:21:33Z
7810,51184,79,GridCourier,TRK000000051184,delivered,,,5.21,2026-05-17T20:08:04Z,2026-05-18T03:25:24Z,2026-05-22T14:21:33Z
7811,51185,78,MobileCrew,TRK000000051185,delivered,,,17.69,2026-05-17T05:21:44Z,2026-05-18T11:57:33Z,2026-05-22T14:21:33Z
7812,51186,77,UtilityFleet,TRK000000051186,delivered,,,22.85,2026-05-16T09:45:01Z,2026-05-16T14:33:13Z,2026-05-22T14:21:33Z
7813,51191,87,FieldRoute,TRK000000051191,in_transit,,,15.8,2026-05-15T00:59:48Z,,2026-05-22T14:21:33Z
7814,51192,77,GridCourier,TRK000000051192,delivered,,,14.36,2026-05-13T17:03:39Z,2026-05-14T18:22:40Z,2026-05-22T14:21:33Z
7815,51193,80,MobileCrew,TRK000000051193,delivered,,,9.14,2026-05-18T17:24:49Z,2026-05-19T02:40:27Z,2026-05-22T14:21:33Z
7816,51194,84,UtilityFleet,TRK000000051194,delivered,,,6.29,2026-05-14T01:41:25Z,2026-05-14T03:41:58Z,2026-05-22T14:21:33Z
7817,51199,84,FieldRoute,TRK000000051199,in_transit,,,15.57,2026-05-17T07:47:11Z,,2026-05-22T14:21:33Z
7818,51200,83,GridCourier,TRK000000051200,delivered,,,6.81,2026-05-15T05:14:39Z,2026-05-16T12:15:03Z,2026-05-22T14:21:33Z
7819,51201,87,MobileCrew,TRK000000051201,delivered,,,24.87,2026-05-16T14:56:37Z,2026-05-18T01:06:50Z,2026-05-22T14:21:33Z
7820,51202,79,UtilityFleet,TRK000000051202,delivered,,,18.57,2026-05-15T01:02:19Z,2026-05-15T06:54:00Z,2026-05-22T14:21:33Z
7821,51207,88,FieldRoute,TRK000000051207,in_transit,,,20.59,2026-05-14T12:27:21Z,,2026-05-22T14:21:33Z
7822,51208,86,GridCourier,TRK000000051208,delivered,,,15.47,2026-05-17T15:33:10Z,2026-05-18T03:58:08Z,2026-05-22T14:21:33Z
7823,51209,82,MobileCrew,TRK000000051209,delivered,,,14.2,2026-05-19T20:41:19Z,2026-05-20T02:34:58Z,2026-05-22T14:21:33Z
7824,51210,82,UtilityFleet,TRK000000051210,delivered,,,20.82,2026-05-19T13:11:50Z,2026-05-20T11:47:56Z,2026-05-22T14:21:33Z
7825,51215,77,FieldRoute,TRK000000051215,in_transit,,,6,2026-05-20T05:13:57Z,,2026-05-22T14:21:33Z
7826,51216,85,GridCourier,TRK000000051216,delivered,,,20.72,2026-05-14T00:02:36Z,2026-05-15T11:55:12Z,2026-05-22T14:21:33Z
7827,51217,77,MobileCrew,TRK000000051217,delivered,,,23.67,2026-05-14T13:52:52Z,2026-05-15T14:50:59Z,2026-05-22T14:21:33Z
7828,51218,88,UtilityFleet,TRK000000051218,delivered,,,8.52,2026-05-19T12:31:34Z,2026-05-20T21:35:26Z,2026-05-22T14:21:33Z
7829,51223,85,FieldRoute,TRK000000051223,in_transit,,,12.89,2026-05-12T15:18:19Z,,2026-05-22T14:21:33Z
7830,51224,78,GridCourier,TRK000000051224,delivered,,,12.57,2026-05-13T03:39:55Z,2026-05-14T13:36:54Z,2026-05-22T14:21:33Z
7831,51225,81,MobileCrew,TRK000000051225,delivered,,,5.4,2026-05-19T20:26:43Z,2026-05-20T09:21:30Z,2026-05-22T14:21:33Z
7832,51226,88,UtilityFleet,TRK000000051226,delivered,,,5.42,2026-05-15T20:46:41Z,2026-05-16T17:24:33Z,2026-05-22T14:21:33Z
7833,51231,77,FieldRoute,TRK000000051231,in_transit,,,11.01,2026-05-15T05:24:10Z,,2026-05-22T14:21:33Z
7834,51232,78,GridCourier,TRK000000051232,delivered,,,21.01,2026-05-14T17:27:50Z,2026-05-15T18:02:19Z,2026-05-22T14:21:33Z
7835,51233,80,MobileCrew,TRK000000051233,delivered,,,10.35,2026-05-14T01:16:04Z,2026-05-15T07:58:22Z,2026-05-22T14:21:33Z
7836,51234,86,UtilityFleet,TRK000000051234,delivered,,,21.23,2026-05-12T22:46:22Z,2026-05-14T03:28:29Z,2026-05-22T14:21:33Z
7837,51239,83,FieldRoute,TRK000000051239,in_transit,,,19.17,2026-05-13T16:35:24Z,,2026-05-22T14:21:33Z
7838,51240,82,GridCourier,TRK000000051240,delivered,,,21.28,2026-05-14T09:53:39Z,2026-05-15T06:01:21Z,2026-05-22T14:21:33Z
7839,51241,78,MobileCrew,TRK000000051241,delivered,,,20.51,2026-05-12T21:34:22Z,2026-05-14T00:35:39Z,2026-05-22T14:21:33Z
7840,51242,78,UtilityFleet,TRK000000051242,delivered,,,9.47,2026-05-15T02:35:47Z,2026-05-15T17:22:42Z,2026-05-22T14:21:33Z
7841,51247,82,FieldRoute,TRK000000051247,in_transit,,,14.48,2026-05-15T03:35:28Z,,2026-05-22T14:21:33Z
7842,51248,84,GridCourier,TRK000000051248,delivered,,,11.29,2026-05-14T18:11:32Z,2026-05-16T04:44:49Z,2026-05-22T14:21:33Z
7843,51249,80,MobileCrew,TRK000000051249,delivered,,,19.55,2026-05-18T02:00:16Z,2026-05-19T12:21:46Z,2026-05-22T14:21:33Z
7844,51250,86,UtilityFleet,TRK000000051250,delivered,,,10.42,2026-05-19T18:21:59Z,2026-05-20T18:56:56Z,2026-05-22T14:21:33Z
7845,51255,85,FieldRoute,TRK000000051255,in_transit,,,17.36,2026-05-19T20:21:18Z,,2026-05-22T14:21:33Z
7846,51256,84,GridCourier,TRK000000051256,delivered,,,14.31,2026-05-14T16:10:41Z,2026-05-16T02:31:01Z,2026-05-22T14:21:33Z
7847,51257,81,MobileCrew,TRK000000051257,delivered,,,6.92,2026-05-18T23:31:18Z,2026-05-20T07:10:07Z,2026-05-22T14:21:33Z
7848,51258,88,UtilityFleet,TRK000000051258,delivered,,,12.19,2026-05-15T06:33:23Z,2026-05-15T19:42:25Z,2026-05-22T14:21:33Z
7849,51263,87,FieldRoute,TRK000000051263,in_transit,,,6.32,2026-05-13T12:32:58Z,,2026-05-22T14:21:33Z
7850,51264,79,GridCourier,TRK000000051264,delivered,,,15.09,2026-05-18T17:27:21Z,2026-05-19T19:50:41Z,2026-05-22T14:21:33Z
7851,51265,81,MobileCrew,TRK000000051265,delivered,,,5.76,2026-05-18T17:05:34Z,2026-05-18T19:05:46Z,2026-05-22T14:21:33Z
7852,51266,86,UtilityFleet,TRK000000051266,delivered,,,21.05,2026-05-17T03:19:12Z,2026-05-17T18:27:30Z,2026-05-22T14:21:33Z
7853,51271,78,FieldRoute,TRK000000051271,in_transit,,,14.54,2026-05-19T00:49:30Z,,2026-05-22T14:21:33Z
7854,51272,85,GridCourier,TRK000000051272,delivered,,,15.05,2026-05-15T09:16:03Z,2026-05-16T09:27:43Z,2026-05-22T14:21:33Z
7855,51273,80,MobileCrew,TRK000000051273,delivered,,,24.62,2026-05-17T01:38:41Z,2026-05-18T12:09:19Z,2026-05-22T14:21:33Z
7856,51274,85,UtilityFleet,TRK000000051274,delivered,,,21.62,2026-05-15T03:49:22Z,2026-05-15T07:42:18Z,2026-05-22T14:21:33Z
7857,51279,85,FieldRoute,TRK000000051279,in_transit,,,21.28,2026-05-13T10:26:19Z,,2026-05-22T14:21:33Z
7858,51280,78,GridCourier,TRK000000051280,delivered,,,16.82,2026-05-13T08:27:10Z,2026-05-13T18:39:59Z,2026-05-22T14:21:33Z
7859,51281,77,MobileCrew,TRK000000051281,delivered,,,9.71,2026-05-20T05:54:08Z,2026-05-21T07:12:55Z,2026-05-22T14:21:33Z
7860,51282,87,UtilityFleet,TRK000000051282,delivered,,,23.69,2026-05-18T05:35:49Z,2026-05-18T17:32:14Z,2026-05-22T14:21:33Z
7861,51287,84,FieldRoute,TRK000000051287,in_transit,,,5.43,2026-05-18T07:38:32Z,,2026-05-22T14:21:33Z
7862,51288,86,GridCourier,TRK000000051288,delivered,,,7.37,2026-05-19T08:40:32Z,2026-05-19T17:11:53Z,2026-05-22T14:21:33Z
7863,51289,79,MobileCrew,TRK000000051289,delivered,,,23.98,2026-05-18T14:57:11Z,2026-05-19T02:20:00Z,2026-05-22T14:21:33Z
7864,51290,86,UtilityFleet,TRK000000051290,delivered,,,5.22,2026-05-16T22:47:56Z,2026-05-17T18:18:18Z,2026-05-22T14:21:33Z
7865,51295,80,FieldRoute,TRK000000051295,in_transit,,,8.49,2026-05-17T18:52:16Z,,2026-05-22T14:21:33Z
7866,51296,79,GridCourier,TRK000000051296,delivered,,,9.46,2026-05-15T09:20:15Z,2026-05-16T09:04:20Z,2026-05-22T14:21:33Z
7867,51297,86,MobileCrew,TRK000000051297,delivered,,,5.43,2026-05-14T18:19:19Z,2026-05-15T23:04:50Z,2026-05-22T14:21:33Z
7868,51298,78,UtilityFleet,TRK000000051298,delivered,,,20.15,2026-05-16T21:24:33Z,2026-05-17T04:42:56Z,2026-05-22T14:21:33Z
7869,51303,87,FieldRoute,TRK000000051303,in_transit,,,24.54,2026-05-12T16:47:29Z,,2026-05-22T14:21:33Z
7870,51304,85,GridCourier,TRK000000051304,delivered,,,17.84,2026-05-17T02:30:55Z,2026-05-17T09:09:41Z,2026-05-22T14:21:33Z
7871,51305,88,MobileCrew,TRK000000051305,delivered,,,11.36,2026-05-16T07:38:18Z,2026-05-16T15:39:09Z,2026-05-22T14:21:33Z
7872,51306,80,UtilityFleet,TRK000000051306,delivered,,,24.54,2026-05-16T10:27:20Z,2026-05-17T15:10:33Z,2026-05-22T14:21:33Z
7873,51311,83,FieldRoute,TRK000000051311,in_transit,,,8.93,2026-05-19T18:43:22Z,,2026-05-22T14:21:33Z
7874,51312,83,GridCourier,TRK000000051312,delivered,,,5.76,2026-05-20T12:44:54Z,2026-05-21T21:12:42Z,2026-05-22T14:21:33Z
7875,51313,88,MobileCrew,TRK000000051313,delivered,,,5.85,2026-05-18T00:30:50Z,2026-05-18T11:08:25Z,2026-05-22T14:21:33Z
7876,51314,88,UtilityFleet,TRK000000051314,delivered,,,11.88,2026-05-16T14:40:31Z,2026-05-17T07:03:54Z,2026-05-22T14:21:33Z
7877,51319,80,FieldRoute,TRK000000051319,in_transit,,,12.04,2026-05-15T19:13:56Z,,2026-05-22T14:21:33Z
7878,51320,77,GridCourier,TRK000000051320,delivered,,,13.34,2026-05-15T09:42:56Z,2026-05-16T02:31:47Z,2026-05-22T14:21:33Z
7879,51321,87,MobileCrew,TRK000000051321,delivered,,,5.34,2026-05-20T00:13:13Z,2026-05-20T03:40:50Z,2026-05-22T14:21:33Z
7880,51322,81,UtilityFleet,TRK000000051322,delivered,,,21.38,2026-05-16T03:49:51Z,2026-05-16T09:32:53Z,2026-05-22T14:21:33Z
7881,51327,80,FieldRoute,TRK000000051327,in_transit,,,18.39,2026-05-18T22:19:43Z,,2026-05-22T14:21:33Z
7882,51328,86,GridCourier,TRK000000051328,delivered,,,11.78,2026-05-13T02:01:43Z,2026-05-13T18:14:15Z,2026-05-22T14:21:33Z
7883,51329,86,MobileCrew,TRK000000051329,delivered,,,5.93,2026-05-15T05:17:20Z,2026-05-16T16:06:36Z,2026-05-22T14:21:33Z
7884,51330,78,UtilityFleet,TRK000000051330,delivered,,,5.14,2026-05-16T02:21:17Z,2026-05-16T14:27:06Z,2026-05-22T14:21:33Z
7885,51335,77,FieldRoute,TRK000000051335,in_transit,,,23.9,2026-05-15T04:03:09Z,,2026-05-22T14:21:33Z
7886,51336,81,GridCourier,TRK000000051336,delivered,,,7.43,2026-05-20T05:26:13Z,2026-05-20T23:58:43Z,2026-05-22T14:21:33Z
7887,51337,78,MobileCrew,TRK000000051337,delivered,,,17.35,2026-05-20T03:07:06Z,2026-05-21T01:49:02Z,2026-05-22T14:21:33Z
7888,51338,82,UtilityFleet,TRK000000051338,delivered,,,23.62,2026-05-16T22:24:28Z,2026-05-17T22:56:00Z,2026-05-22T14:21:33Z
7889,51343,77,FieldRoute,TRK000000051343,in_transit,,,24.49,2026-05-14T22:34:29Z,,2026-05-22T14:21:33Z
7890,51344,87,GridCourier,TRK000000051344,delivered,,,5.81,2026-05-15T04:01:52Z,2026-05-15T21:32:19Z,2026-05-22T14:21:33Z
7891,51345,81,MobileCrew,TRK000000051345,delivered,,,5.24,2026-05-17T03:50:00Z,2026-05-18T13:15:03Z,2026-05-22T14:21:33Z
7892,51346,77,UtilityFleet,TRK000000051346,delivered,,,5.36,2026-05-19T03:12:10Z,2026-05-20T06:41:27Z,2026-05-22T14:21:33Z
7893,51351,86,FieldRoute,TRK000000051351,in_transit,,,10.94,2026-05-17T02:55:37Z,,2026-05-22T14:21:33Z
7894,51352,80,GridCourier,TRK000000051352,delivered,,,10.02,2026-05-13T05:41:28Z,2026-05-14T16:13:33Z,2026-05-22T14:21:33Z
7895,51353,82,MobileCrew,TRK000000051353,delivered,,,17.31,2026-05-19T00:12:43Z,2026-05-19T03:42:59Z,2026-05-22T14:21:33Z
7896,51354,77,UtilityFleet,TRK000000051354,delivered,,,5.28,2026-05-14T21:27:51Z,2026-05-16T04:42:19Z,2026-05-22T14:21:33Z
7897,51359,82,FieldRoute,TRK000000051359,in_transit,,,15.15,2026-05-12T18:24:13Z,,2026-05-22T14:21:33Z
7898,51360,86,GridCourier,TRK000000051360,delivered,,,15.9,2026-05-14T14:57:59Z,2026-05-15T01:20:20Z,2026-05-22T14:21:33Z
7899,51361,87,MobileCrew,TRK000000051361,delivered,,,7.6,2026-05-16T20:38:11Z,2026-05-17T15:33:44Z,2026-05-22T14:21:33Z
7900,51362,79,UtilityFleet,TRK000000051362,delivered,,,18.78,2026-05-19T09:33:23Z,2026-05-19T21:13:03Z,2026-05-22T14:21:33Z
7901,51367,82,FieldRoute,TRK000000051367,in_transit,,,7.43,2026-05-14T03:32:25Z,,2026-05-22T14:21:33Z
7902,51368,77,GridCourier,TRK000000051368,delivered,,,9.94,2026-05-19T07:09:28Z,2026-05-20T07:57:11Z,2026-05-22T14:21:33Z
7903,51369,78,MobileCrew,TRK000000051369,delivered,,,15.85,2026-05-19T03:21:30Z,2026-05-19T13:06:22Z,2026-05-22T14:21:33Z
7904,51370,77,UtilityFleet,TRK000000051370,delivered,,,20.49,2026-05-14T16:06:23Z,2026-05-16T03:54:56Z,2026-05-22T14:21:33Z
7905,51375,88,FieldRoute,TRK000000051375,in_transit,,,16.53,2026-05-16T07:25:38Z,,2026-05-22T14:21:33Z
7906,51376,84,GridCourier,TRK000000051376,delivered,,,11.31,2026-05-14T00:37:29Z,2026-05-15T06:47:39Z,2026-05-22T14:21:33Z
7907,51377,80,MobileCrew,TRK000000051377,delivered,,,21.76,2026-05-14T17:06:34Z,2026-05-15T00:37:40Z,2026-05-22T14:21:33Z
7908,51378,85,UtilityFleet,TRK000000051378,delivered,,,16.29,2026-05-18T00:01:34Z,2026-05-18T12:04:20Z,2026-05-22T14:21:33Z
7909,51383,86,FieldRoute,TRK000000051383,in_transit,,,12.55,2026-05-14T17:40:51Z,,2026-05-22T14:21:33Z
7910,51384,77,GridCourier,TRK000000051384,delivered,,,20.2,2026-05-16T04:36:51Z,2026-05-17T12:30:27Z,2026-05-22T14:21:33Z
7911,51385,88,MobileCrew,TRK000000051385,delivered,,,5.6,2026-05-14T20:22:45Z,2026-05-15T09:13:09Z,2026-05-22T14:21:33Z
7912,51386,83,UtilityFleet,TRK000000051386,delivered,,,16.83,2026-05-15T12:10:53Z,2026-05-16T01:32:02Z,2026-05-22T14:21:33Z
7913,51391,84,FieldRoute,TRK000000051391,in_transit,,,6.52,2026-05-12T18:09:11Z,,2026-05-22T14:21:33Z
7914,51392,85,GridCourier,TRK000000051392,delivered,,,22.55,2026-05-16T04:40:40Z,2026-05-17T04:38:58Z,2026-05-22T14:21:33Z
7915,51393,78,MobileCrew,TRK000000051393,delivered,,,24.01,2026-05-19T13:48:45Z,2026-05-20T07:13:01Z,2026-05-22T14:21:33Z
7916,51394,84,UtilityFleet,TRK000000051394,delivered,,,8.21,2026-05-15T17:12:36Z,2026-05-16T23:59:31Z,2026-05-22T14:21:33Z
7917,51399,84,FieldRoute,TRK000000051399,in_transit,,,5.34,2026-05-20T07:28:41Z,,2026-05-22T14:21:33Z
7918,51400,85,GridCourier,TRK000000051400,delivered,,,20.24,2026-05-19T11:08:44Z,2026-05-20T21:56:33Z,2026-05-22T14:21:33Z
7919,51401,80,MobileCrew,TRK000000051401,delivered,,,9.82,2026-05-19T00:03:32Z,2026-05-20T11:18:35Z,2026-05-22T14:21:33Z
7920,51402,85,UtilityFleet,TRK000000051402,delivered,,,11.32,2026-05-14T22:42:40Z,2026-05-16T00:17:38Z,2026-05-22T14:21:33Z
7921,51407,80,FieldRoute,TRK000000051407,in_transit,,,12.89,2026-05-12T20:20:09Z,,2026-05-22T14:21:33Z
7922,51408,77,GridCourier,TRK000000051408,delivered,,,23.63,2026-05-16T17:21:12Z,2026-05-16T23:45:06Z,2026-05-22T14:21:33Z
7923,51409,86,MobileCrew,TRK000000051409,delivered,,,16,2026-05-16T11:49:59Z,2026-05-16T23:25:13Z,2026-05-22T14:21:33Z
7924,51410,85,UtilityFleet,TRK000000051410,delivered,,,12.44,2026-05-14T20:33:20Z,2026-05-15T15:43:55Z,2026-05-22T14:21:33Z
7925,51415,79,FieldRoute,TRK000000051415,in_transit,,,20.16,2026-05-13T11:44:16Z,,2026-05-22T14:21:33Z
7926,51416,82,GridCourier,TRK000000051416,delivered,,,14.92,2026-05-17T14:50:41Z,2026-05-17T20:11:44Z,2026-05-22T14:21:33Z
7927,51417,78,MobileCrew,TRK000000051417,delivered,,,20.46,2026-05-13T09:30:09Z,2026-05-14T15:46:22Z,2026-05-22T14:21:33Z
7928,51418,85,UtilityFleet,TRK000000051418,delivered,,,13.57,2026-05-14T23:18:12Z,2026-05-15T20:21:57Z,2026-05-22T14:21:33Z
7929,51423,81,FieldRoute,TRK000000051423,in_transit,,,18.53,2026-05-15T07:58:25Z,,2026-05-22T14:21:33Z
7930,51424,83,GridCourier,TRK000000051424,delivered,,,24.17,2026-05-13T20:56:06Z,2026-05-15T07:24:07Z,2026-05-22T14:21:33Z
7931,51425,81,MobileCrew,TRK000000051425,delivered,,,5.51,2026-05-15T07:32:49Z,2026-05-16T04:04:17Z,2026-05-22T14:21:33Z
7932,51426,85,UtilityFleet,TRK000000051426,delivered,,,17.76,2026-05-18T07:38:19Z,2026-05-19T12:30:19Z,2026-05-22T14:21:33Z
7933,51431,86,FieldRoute,TRK000000051431,in_transit,,,6.85,2026-05-16T13:40:21Z,,2026-05-22T14:21:33Z
7934,51432,85,GridCourier,TRK000000051432,delivered,,,20.92,2026-05-18T17:56:04Z,2026-05-19T08:04:43Z,2026-05-22T14:21:33Z
7935,51433,88,MobileCrew,TRK000000051433,delivered,,,23.15,2026-05-17T13:06:13Z,2026-05-18T12:38:24Z,2026-05-22T14:21:33Z
7936,51434,87,UtilityFleet,TRK000000051434,delivered,,,12.75,2026-05-17T16:55:53Z,2026-05-18T10:35:51Z,2026-05-22T14:21:33Z
7937,51439,82,FieldRoute,TRK000000051439,in_transit,,,20.64,2026-05-18T00:34:15Z,,2026-05-22T14:21:33Z
7938,51440,87,GridCourier,TRK000000051440,delivered,,,23.12,2026-05-15T00:47:21Z,2026-05-16T12:15:35Z,2026-05-22T14:21:33Z
7939,51441,77,MobileCrew,TRK000000051441,delivered,,,23.79,2026-05-16T16:50:28Z,2026-05-17T00:08:28Z,2026-05-22T14:21:33Z
7940,51442,81,UtilityFleet,TRK000000051442,delivered,,,20.71,2026-05-18T20:23:29Z,2026-05-19T18:09:35Z,2026-05-22T14:21:33Z
7941,51447,80,FieldRoute,TRK000000051447,in_transit,,,18.03,2026-05-15T19:16:09Z,,2026-05-22T14:21:33Z
7942,51448,77,GridCourier,TRK000000051448,delivered,,,22.08,2026-05-15T07:08:31Z,2026-05-15T21:08:47Z,2026-05-22T14:21:33Z
7943,51449,83,MobileCrew,TRK000000051449,delivered,,,14.35,2026-05-14T06:46:09Z,2026-05-14T11:32:33Z,2026-05-22T14:21:33Z
7944,51450,82,UtilityFleet,TRK000000051450,delivered,,,18.43,2026-05-17T22:41:14Z,2026-05-18T19:33:48Z,2026-05-22T14:21:33Z
7945,51455,88,FieldRoute,TRK000000051455,in_transit,,,14.32,2026-05-15T17:41:16Z,,2026-05-22T14:21:33Z
7946,51456,77,GridCourier,TRK000000051456,delivered,,,7.74,2026-05-19T22:05:12Z,2026-05-20T18:31:24Z,2026-05-22T14:21:33Z
7947,51457,83,MobileCrew,TRK000000051457,delivered,,,16.91,2026-05-15T19:04:24Z,2026-05-16T23:22:29Z,2026-05-22T14:21:33Z
7948,51458,88,UtilityFleet,TRK000000051458,delivered,,,14.58,2026-05-17T02:02:00Z,2026-05-18T14:01:01Z,2026-05-22T14:21:33Z
7949,51463,77,FieldRoute,TRK000000051463,in_transit,,,23.65,2026-05-16T02:58:03Z,,2026-05-22T14:21:33Z
7950,51464,87,GridCourier,TRK000000051464,delivered,,,6.81,2026-05-19T20:25:48Z,2026-05-21T04:32:36Z,2026-05-22T14:21:33Z
7951,51465,83,MobileCrew,TRK000000051465,delivered,,,9.93,2026-05-16T11:41:47Z,2026-05-16T23:40:44Z,2026-05-22T14:21:33Z
7952,51466,86,UtilityFleet,TRK000000051466,delivered,,,14.07,2026-05-18T08:30:33Z,2026-05-18T17:27:41Z,2026-05-22T14:21:33Z
7953,51471,86,FieldRoute,TRK000000051471,in_transit,,,14.52,2026-05-16T17:23:14Z,,2026-05-22T14:21:33Z
7954,51472,83,GridCourier,TRK000000051472,delivered,,,13.44,2026-05-18T21:41:22Z,2026-05-19T23:34:16Z,2026-05-22T14:21:33Z
7955,51473,84,MobileCrew,TRK000000051473,delivered,,,20.91,2026-05-17T23:36:41Z,2026-05-18T17:21:13Z,2026-05-22T14:21:33Z
7956,51474,83,UtilityFleet,TRK000000051474,delivered,,,9.09,2026-05-17T06:45:38Z,2026-05-17T10:37:17Z,2026-05-22T14:21:33Z
7957,51479,78,FieldRoute,TRK000000051479,in_transit,,,10.48,2026-05-16T12:17:44Z,,2026-05-22T14:21:33Z
7958,51480,80,GridCourier,TRK000000051480,delivered,,,12.45,2026-05-16T13:56:10Z,2026-05-16T19:08:49Z,2026-05-22T14:21:33Z
7959,51481,83,MobileCrew,TRK000000051481,delivered,,,22.19,2026-05-16T17:46:35Z,2026-05-17T18:02:21Z,2026-05-22T14:21:33Z
7960,51482,82,UtilityFleet,TRK000000051482,delivered,,,24.11,2026-05-17T09:15:17Z,2026-05-17T14:28:14Z,2026-05-22T14:21:33Z
7961,51487,87,FieldRoute,TRK000000051487,in_transit,,,12.52,2026-05-20T00:19:52Z,,2026-05-22T14:21:33Z
7962,51488,84,GridCourier,TRK000000051488,delivered,,,17.35,2026-05-19T10:59:29Z,2026-05-19T14:14:21Z,2026-05-22T14:21:33Z
7963,51489,83,MobileCrew,TRK000000051489,delivered,,,18.5,2026-05-19T20:49:04Z,2026-05-20T16:49:09Z,2026-05-22T14:21:33Z
7964,51490,83,UtilityFleet,TRK000000051490,delivered,,,13.03,2026-05-14T00:04:07Z,2026-05-14T16:15:03Z,2026-05-22T14:21:33Z
7965,51495,84,FieldRoute,TRK000000051495,in_transit,,,17.18,2026-05-19T20:02:07Z,,2026-05-22T14:21:33Z
7966,51496,88,GridCourier,TRK000000051496,delivered,,,23.79,2026-05-14T12:04:26Z,2026-05-15T18:03:01Z,2026-05-22T14:21:33Z
7967,51497,78,MobileCrew,TRK000000051497,delivered,,,15.82,2026-05-17T12:57:48Z,2026-05-18T05:41:35Z,2026-05-22T14:21:33Z
7968,51498,85,UtilityFleet,TRK000000051498,delivered,,,17.45,2026-05-16T05:52:01Z,2026-05-17T12:57:08Z,2026-05-22T14:21:33Z
7969,51503,85,FieldRoute,TRK000000051503,in_transit,,,16.71,2026-05-15T14:35:02Z,,2026-05-22T14:21:33Z
7970,51504,82,GridCourier,TRK000000051504,delivered,,,22.09,2026-05-19T22:35:54Z,2026-05-21T05:33:18Z,2026-05-22T14:21:33Z
7971,51505,78,MobileCrew,TRK000000051505,delivered,,,16.5,2026-05-13T16:04:45Z,2026-05-14T04:27:36Z,2026-05-22T14:21:33Z
7972,51506,88,UtilityFleet,TRK000000051506,delivered,,,11.66,2026-05-13T01:46:41Z,2026-05-14T05:47:51Z,2026-05-22T14:21:33Z
7973,51511,86,FieldRoute,TRK000000051511,in_transit,,,19.21,2026-05-15T13:10:16Z,,2026-05-22T14:21:33Z
7974,51512,84,GridCourier,TRK000000051512,delivered,,,12.3,2026-05-12T18:15:02Z,2026-05-13T14:43:45Z,2026-05-22T14:21:33Z
7975,51513,79,MobileCrew,TRK000000051513,delivered,,,13.98,2026-05-17T12:48:37Z,2026-05-17T21:49:40Z,2026-05-22T14:21:33Z
7976,51514,86,UtilityFleet,TRK000000051514,delivered,,,12.52,2026-05-16T04:21:35Z,2026-05-17T08:07:43Z,2026-05-22T14:21:33Z
7977,51519,81,FieldRoute,TRK000000051519,in_transit,,,18.59,2026-05-16T18:56:02Z,,2026-05-22T14:21:33Z
7978,51520,84,GridCourier,TRK000000051520,delivered,,,21.37,2026-05-16T05:41:31Z,2026-05-17T05:17:37Z,2026-05-22T14:21:33Z
7979,51521,80,MobileCrew,TRK000000051521,delivered,,,9.55,2026-05-18T19:28:57Z,2026-05-19T22:52:54Z,2026-05-22T14:21:33Z
7980,51522,81,UtilityFleet,TRK000000051522,delivered,,,17.01,2026-05-20T12:18:36Z,2026-05-21T00:12:46Z,2026-05-22T14:21:33Z
7981,51527,78,FieldRoute,TRK000000051527,in_transit,,,18.99,2026-05-17T04:08:18Z,,2026-05-22T14:21:33Z
7982,51528,84,GridCourier,TRK000000051528,delivered,,,23.53,2026-05-19T23:15:58Z,2026-05-20T11:18:22Z,2026-05-22T14:21:33Z
7983,51529,86,MobileCrew,TRK000000051529,delivered,,,15.12,2026-05-17T16:03:05Z,2026-05-18T15:11:34Z,2026-05-22T14:21:33Z
7984,51530,86,UtilityFleet,TRK000000051530,delivered,,,16.91,2026-05-16T03:03:59Z,2026-05-16T16:43:44Z,2026-05-22T14:21:33Z
7985,51535,86,FieldRoute,TRK000000051535,in_transit,,,24.78,2026-05-18T13:09:35Z,,2026-05-22T14:21:33Z
7986,51536,79,GridCourier,TRK000000051536,delivered,,,19.11,2026-05-16T18:34:40Z,2026-05-17T12:44:21Z,2026-05-22T14:21:33Z
7987,51537,83,MobileCrew,TRK000000051537,delivered,,,17.98,2026-05-18T20:56:09Z,2026-05-19T10:22:23Z,2026-05-22T14:21:33Z
7988,51538,81,UtilityFleet,TRK000000051538,delivered,,,21.45,2026-05-18T02:23:00Z,2026-05-18T16:31:10Z,2026-05-22T14:21:33Z
7989,51543,78,FieldRoute,TRK000000051543,in_transit,,,8.09,2026-05-15T05:03:27Z,,2026-05-22T14:21:33Z
7990,51544,77,GridCourier,TRK000000051544,delivered,,,19.2,2026-05-14T11:01:43Z,2026-05-15T16:13:18Z,2026-05-22T14:21:33Z
7991,51545,83,MobileCrew,TRK000000051545,delivered,,,10.8,2026-05-15T02:54:13Z,2026-05-15T12:13:40Z,2026-05-22T14:21:33Z
7992,51546,81,UtilityFleet,TRK000000051546,delivered,,,23.17,2026-05-14T01:55:55Z,2026-05-14T22:37:29Z,2026-05-22T14:21:33Z
7993,51551,87,FieldRoute,TRK000000051551,in_transit,,,15.34,2026-05-14T06:18:55Z,,2026-05-22T14:21:33Z
7994,51552,80,GridCourier,TRK000000051552,delivered,,,16.02,2026-05-20T06:51:52Z,2026-05-21T05:24:42Z,2026-05-22T14:21:33Z
7995,51553,82,MobileCrew,TRK000000051553,delivered,,,21.14,2026-05-14T00:52:25Z,2026-05-14T21:19:29Z,2026-05-22T14:21:33Z
7996,51554,77,UtilityFleet,TRK000000051554,delivered,,,23.47,2026-05-17T04:46:23Z,2026-05-18T11:02:24Z,2026-05-22T14:21:33Z
7997,51559,79,FieldRoute,TRK000000051559,in_transit,,,6.35,2026-05-14T13:38:11Z,,2026-05-22T14:21:33Z
7998,51560,81,GridCourier,TRK000000051560,delivered,,,10.19,2026-05-12T14:46:31Z,2026-05-13T01:10:53Z,2026-05-22T14:21:33Z
7999,51561,87,MobileCrew,TRK000000051561,delivered,,,23.1,2026-05-18T11:59:24Z,2026-05-19T05:48:26Z,2026-05-22T14:21:33Z
8000,51562,79,UtilityFleet,TRK000000051562,delivered,,,6.2,2026-05-18T12:41:56Z,2026-05-19T00:33:41Z,2026-05-22T14:21:33Z
8001,51567,77,FieldRoute,TRK000000051567,in_transit,,,7.45,2026-05-14T10:12:13Z,,2026-05-22T14:21:33Z
8002,51568,85,GridCourier,TRK000000051568,delivered,,,12.48,2026-05-18T11:53:58Z,2026-05-19T22:11:45Z,2026-05-22T14:21:33Z
8003,51569,87,MobileCrew,TRK000000051569,delivered,,,24.49,2026-05-13T16:50:34Z,2026-05-14T16:42:19Z,2026-05-22T14:21:33Z
8004,51570,78,UtilityFleet,TRK000000051570,delivered,,,16.69,2026-05-15T01:23:24Z,2026-05-16T07:06:24Z,2026-05-22T14:21:33Z
8005,51575,83,FieldRoute,TRK000000051575,in_transit,,,6.5,2026-05-16T17:58:12Z,,2026-05-22T14:21:33Z
8006,51576,83,GridCourier,TRK000000051576,delivered,,,13.24,2026-05-14T07:35:50Z,2026-05-14T21:38:15Z,2026-05-22T14:21:33Z
8007,51577,78,MobileCrew,TRK000000051577,delivered,,,8.01,2026-05-18T00:12:40Z,2026-05-18T21:40:43Z,2026-05-22T14:21:33Z
8008,51578,88,UtilityFleet,TRK000000051578,delivered,,,17.1,2026-05-20T02:05:15Z,2026-05-20T14:02:54Z,2026-05-22T14:21:33Z
8009,51583,78,FieldRoute,TRK000000051583,in_transit,,,15.26,2026-05-18T22:30:30Z,,2026-05-22T14:21:33Z
8010,51584,78,GridCourier,TRK000000051584,delivered,,,21.17,2026-05-14T08:58:26Z,2026-05-15T14:11:18Z,2026-05-22T14:21:33Z
8011,51585,88,MobileCrew,TRK000000051585,delivered,,,9.15,2026-05-13T20:02:49Z,2026-05-14T10:26:16Z,2026-05-22T14:21:33Z
8012,51586,87,UtilityFleet,TRK000000051586,delivered,,,21.26,2026-05-20T11:12:34Z,2026-05-21T12:53:34Z,2026-05-22T14:21:33Z
8013,51591,87,FieldRoute,TRK000000051591,in_transit,,,17.01,2026-05-16T07:23:43Z,,2026-05-22T14:21:33Z
8014,51592,81,GridCourier,TRK000000051592,delivered,,,14.6,2026-05-19T22:38:01Z,2026-05-20T22:53:05Z,2026-05-22T14:21:33Z
8015,51593,78,MobileCrew,TRK000000051593,delivered,,,24.6,2026-05-17T15:15:58Z,2026-05-18T06:27:50Z,2026-05-22T14:21:33Z
8016,51594,79,UtilityFleet,TRK000000051594,delivered,,,15.76,2026-05-15T14:54:15Z,2026-05-15T18:59:49Z,2026-05-22T14:21:33Z
8017,51599,88,FieldRoute,TRK000000051599,in_transit,,,18.89,2026-05-14T07:40:54Z,,2026-05-22T14:21:33Z
8018,51600,83,GridCourier,TRK000000051600,delivered,,,10.65,2026-05-15T12:01:35Z,2026-05-16T17:22:24Z,2026-05-22T14:21:33Z
8019,51601,85,MobileCrew,TRK000000051601,delivered,,,9.98,2026-05-14T09:56:29Z,2026-05-15T19:19:42Z,2026-05-22T14:21:33Z
8020,51602,84,UtilityFleet,TRK000000051602,delivered,,,8.96,2026-05-15T00:19:55Z,2026-05-16T04:03:08Z,2026-05-22T14:21:33Z
8021,51607,80,FieldRoute,TRK000000051607,in_transit,,,19.56,2026-05-14T19:47:52Z,,2026-05-22T14:21:33Z
8022,51608,81,GridCourier,TRK000000051608,delivered,,,23.92,2026-05-20T10:21:29Z,2026-05-21T12:52:39Z,2026-05-22T14:21:33Z
8023,51609,85,MobileCrew,TRK000000051609,delivered,,,12.05,2026-05-17T05:06:43Z,2026-05-18T10:14:37Z,2026-05-22T14:21:33Z
8024,51610,84,UtilityFleet,TRK000000051610,delivered,,,19.57,2026-05-17T19:52:27Z,2026-05-18T03:12:56Z,2026-05-22T14:21:33Z
8025,51615,84,FieldRoute,TRK000000051615,in_transit,,,24.66,2026-05-12T15:06:30Z,,2026-05-22T14:21:33Z
8026,51616,82,GridCourier,TRK000000051616,delivered,,,22.02,2026-05-15T07:35:23Z,2026-05-15T22:35:52Z,2026-05-22T14:21:33Z
8027,51617,87,MobileCrew,TRK000000051617,delivered,,,7.91,2026-05-15T19:05:04Z,2026-05-17T00:22:41Z,2026-05-22T14:21:33Z
8028,51618,82,UtilityFleet,TRK000000051618,delivered,,,7.94,2026-05-13T16:34:45Z,2026-05-13T23:27:14Z,2026-05-22T14:21:33Z
8029,51623,85,FieldRoute,TRK000000051623,in_transit,,,6.93,2026-05-14T13:31:39Z,,2026-05-22T14:21:33Z
8030,51624,77,GridCourier,TRK000000051624,delivered,,,14.01,2026-05-20T10:47:16Z,2026-05-21T00:06:43Z,2026-05-22T14:21:33Z
8031,51625,82,MobileCrew,TRK000000051625,delivered,,,23.25,2026-05-13T09:13:53Z,2026-05-14T11:38:25Z,2026-05-22T14:21:33Z
8032,51626,77,UtilityFleet,TRK000000051626,delivered,,,10.79,2026-05-20T05:07:41Z,2026-05-21T05:03:26Z,2026-05-22T14:21:33Z
8033,51631,87,FieldRoute,TRK000000051631,in_transit,,,24.99,2026-05-20T06:16:54Z,,2026-05-22T14:21:33Z
8034,51632,80,GridCourier,TRK000000051632,delivered,,,7.19,2026-05-19T14:57:37Z,2026-05-21T00:55:32Z,2026-05-22T14:21:33Z
8035,51633,87,MobileCrew,TRK000000051633,delivered,,,22.13,2026-05-16T09:18:59Z,2026-05-16T11:42:54Z,2026-05-22T14:21:33Z
8036,51634,85,UtilityFleet,TRK000000051634,delivered,,,7.27,2026-05-14T06:48:39Z,2026-05-15T18:31:19Z,2026-05-22T14:21:33Z
8037,51639,88,FieldRoute,TRK000000051639,in_transit,,,15.64,2026-05-15T09:16:45Z,,2026-05-22T14:21:33Z
8038,51640,87,GridCourier,TRK000000051640,delivered,,,8.56,2026-05-13T10:43:01Z,2026-05-14T07:14:39Z,2026-05-22T14:21:33Z
8039,51641,82,MobileCrew,TRK000000051641,delivered,,,8.75,2026-05-17T23:38:47Z,2026-05-18T21:19:38Z,2026-05-22T14:21:33Z
8040,51642,77,UtilityFleet,TRK000000051642,delivered,,,11.82,2026-05-17T11:01:55Z,2026-05-18T13:22:55Z,2026-05-22T14:21:33Z
8041,51647,85,FieldRoute,TRK000000051647,in_transit,,,15.38,2026-05-18T22:23:49Z,,2026-05-22T14:21:33Z
8042,51648,85,GridCourier,TRK000000051648,delivered,,,8.82,2026-05-15T05:17:25Z,2026-05-15T16:23:22Z,2026-05-22T14:21:33Z
8043,51649,83,MobileCrew,TRK000000051649,delivered,,,16.32,2026-05-13T12:01:23Z,2026-05-14T13:53:57Z,2026-05-22T14:21:33Z
8044,51650,79,UtilityFleet,TRK000000051650,delivered,,,24.42,2026-05-19T07:50:43Z,2026-05-19T11:06:29Z,2026-05-22T14:21:33Z
8045,51655,81,FieldRoute,TRK000000051655,in_transit,,,9.74,2026-05-17T20:10:49Z,,2026-05-22T14:21:33Z
8046,51656,79,GridCourier,TRK000000051656,delivered,,,23.53,2026-05-14T09:49:41Z,2026-05-15T04:12:15Z,2026-05-22T14:21:33Z
8047,51657,81,MobileCrew,TRK000000051657,delivered,,,6.71,2026-05-20T11:56:31Z,2026-05-21T22:17:04Z,2026-05-22T14:21:33Z
8048,51658,86,UtilityFleet,TRK000000051658,delivered,,,15.68,2026-05-14T06:18:08Z,2026-05-14T13:22:55Z,2026-05-22T14:21:33Z
8049,51663,87,FieldRoute,TRK000000051663,in_transit,,,24.53,2026-05-13T10:00:43Z,,2026-05-22T14:21:33Z
8050,51664,79,GridCourier,TRK000000051664,delivered,,,24.66,2026-05-17T23:59:01Z,2026-05-19T04:25:03Z,2026-05-22T14:21:33Z
8051,51665,85,MobileCrew,TRK000000051665,delivered,,,23.38,2026-05-14T13:54:17Z,2026-05-14T18:05:36Z,2026-05-22T14:21:33Z
8052,51666,79,UtilityFleet,TRK000000051666,delivered,,,14.69,2026-05-16T08:15:05Z,2026-05-17T12:45:42Z,2026-05-22T14:21:33Z
8053,51671,82,FieldRoute,TRK000000051671,in_transit,,,24.67,2026-05-13T16:31:26Z,,2026-05-22T14:21:33Z
8054,51672,84,GridCourier,TRK000000051672,delivered,,,20.26,2026-05-13T02:36:33Z,2026-05-13T23:54:58Z,2026-05-22T14:21:33Z
8055,51673,78,MobileCrew,TRK000000051673,delivered,,,12.32,2026-05-17T14:27:23Z,2026-05-18T09:29:03Z,2026-05-22T14:21:33Z
8056,51674,84,UtilityFleet,TRK000000051674,delivered,,,24.71,2026-05-17T01:02:50Z,2026-05-17T08:27:19Z,2026-05-22T14:21:33Z
8057,51679,86,FieldRoute,TRK000000051679,in_transit,,,23.98,2026-05-15T11:12:02Z,,2026-05-22T14:21:33Z
8058,51680,77,GridCourier,TRK000000051680,delivered,,,19.14,2026-05-15T09:36:26Z,2026-05-16T17:00:42Z,2026-05-22T14:21:33Z
8059,51681,83,MobileCrew,TRK000000051681,delivered,,,14.79,2026-05-19T09:21:07Z,2026-05-19T16:16:00Z,2026-05-22T14:21:33Z
8060,51682,80,UtilityFleet,TRK000000051682,delivered,,,10.9,2026-05-16T06:55:07Z,2026-05-16T22:51:12Z,2026-05-22T14:21:33Z
8061,51687,83,FieldRoute,TRK000000051687,in_transit,,,5.82,2026-05-16T03:32:21Z,,2026-05-22T14:21:33Z
8062,51688,86,GridCourier,TRK000000051688,delivered,,,9.7,2026-05-17T09:30:27Z,2026-05-18T09:03:53Z,2026-05-22T14:21:33Z
8063,51689,86,MobileCrew,TRK000000051689,delivered,,,8.16,2026-05-15T04:22:41Z,2026-05-16T12:30:36Z,2026-05-22T14:21:33Z
8064,51690,80,UtilityFleet,TRK000000051690,delivered,,,16.65,2026-05-18T04:31:26Z,2026-05-18T18:36:27Z,2026-05-22T14:21:33Z
8065,51695,80,FieldRoute,TRK000000051695,in_transit,,,18.06,2026-05-16T12:47:40Z,,2026-05-22T14:21:33Z
8066,51696,80,GridCourier,TRK000000051696,delivered,,,14.86,2026-05-18T13:26:48Z,2026-05-19T20:55:04Z,2026-05-22T14:21:33Z
8067,51697,82,MobileCrew,TRK000000051697,delivered,,,22.77,2026-05-19T11:36:22Z,2026-05-20T22:29:49Z,2026-05-22T14:21:33Z
8068,51698,79,UtilityFleet,TRK000000051698,delivered,,,11.77,2026-05-19T23:16:16Z,2026-05-21T08:48:48Z,2026-05-22T14:21:33Z
8069,51703,79,FieldRoute,TRK000000051703,in_transit,,,16.67,2026-05-20T02:46:24Z,,2026-05-22T14:21:33Z
8070,51704,84,GridCourier,TRK000000051704,delivered,,,9.09,2026-05-15T10:58:21Z,2026-05-15T23:08:57Z,2026-05-22T14:21:33Z
8071,51705,83,MobileCrew,TRK000000051705,delivered,,,18.15,2026-05-19T21:44:29Z,2026-05-20T01:43:59Z,2026-05-22T14:21:33Z
8072,51706,82,UtilityFleet,TRK000000051706,delivered,,,24.37,2026-05-15T15:11:29Z,2026-05-16T08:20:06Z,2026-05-22T14:21:33Z
8073,51711,80,FieldRoute,TRK000000051711,in_transit,,,6.09,2026-05-19T06:14:47Z,,2026-05-22T14:21:33Z
8074,51712,80,GridCourier,TRK000000051712,delivered,,,9.14,2026-05-19T09:11:11Z,2026-05-20T13:31:32Z,2026-05-22T14:21:33Z
8075,51713,83,MobileCrew,TRK000000051713,delivered,,,8.45,2026-05-12T15:18:31Z,2026-05-13T07:45:07Z,2026-05-22T14:21:33Z
8076,51714,81,UtilityFleet,TRK000000051714,delivered,,,14.31,2026-05-14T02:43:38Z,2026-05-14T19:25:15Z,2026-05-22T14:21:33Z
8077,51719,78,FieldRoute,TRK000000051719,in_transit,,,17.41,2026-05-19T02:03:19Z,,2026-05-22T14:21:33Z
8078,51720,83,GridCourier,TRK000000051720,delivered,,,17.94,2026-05-19T05:15:12Z,2026-05-20T14:36:48Z,2026-05-22T14:21:33Z
8079,51721,88,MobileCrew,TRK000000051721,delivered,,,8.85,2026-05-13T23:30:17Z,2026-05-15T03:04:20Z,2026-05-22T14:21:33Z
8080,51722,88,UtilityFleet,TRK000000051722,delivered,,,15.24,2026-05-14T08:59:33Z,2026-05-14T22:17:00Z,2026-05-22T14:21:33Z
8081,51727,85,FieldRoute,TRK000000051727,in_transit,,,7.47,2026-05-19T06:04:36Z,,2026-05-22T14:21:33Z
8082,51728,88,GridCourier,TRK000000051728,delivered,,,23.96,2026-05-16T21:53:14Z,2026-05-18T09:38:43Z,2026-05-22T14:21:33Z
8083,51729,86,MobileCrew,TRK000000051729,delivered,,,17.24,2026-05-17T18:15:28Z,2026-05-18T18:59:03Z,2026-05-22T14:21:33Z
8084,51730,81,UtilityFleet,TRK000000051730,delivered,,,23.66,2026-05-16T14:24:29Z,2026-05-17T14:18:50Z,2026-05-22T14:21:33Z
8085,51735,86,FieldRoute,TRK000000051735,in_transit,,,18.49,2026-05-19T04:01:37Z,,2026-05-22T14:21:33Z
8086,51736,80,GridCourier,TRK000000051736,delivered,,,6.51,2026-05-15T00:00:55Z,2026-05-15T13:06:25Z,2026-05-22T14:21:33Z
8087,51737,80,MobileCrew,TRK000000051737,delivered,,,11.58,2026-05-19T05:22:49Z,2026-05-19T08:18:13Z,2026-05-22T14:21:33Z
8088,51738,87,UtilityFleet,TRK000000051738,delivered,,,21.44,2026-05-16T15:34:42Z,2026-05-16T23:11:15Z,2026-05-22T14:21:33Z
8089,51743,79,FieldRoute,TRK000000051743,in_transit,,,22.85,2026-05-17T10:32:24Z,,2026-05-22T14:21:33Z
8090,51744,86,GridCourier,TRK000000051744,delivered,,,21.05,2026-05-13T17:39:48Z,2026-05-14T03:27:02Z,2026-05-22T14:21:33Z
8091,51745,79,MobileCrew,TRK000000051745,delivered,,,22.27,2026-05-17T13:51:06Z,2026-05-17T20:53:09Z,2026-05-22T14:21:33Z
8092,51746,87,UtilityFleet,TRK000000051746,delivered,,,8.03,2026-05-17T03:21:28Z,2026-05-17T12:44:54Z,2026-05-22T14:21:33Z
8093,51751,86,FieldRoute,TRK000000051751,in_transit,,,5.58,2026-05-20T03:53:32Z,,2026-05-22T14:21:33Z
8094,51752,82,GridCourier,TRK000000051752,delivered,,,11.89,2026-05-19T22:21:18Z,2026-05-20T13:47:29Z,2026-05-22T14:21:33Z
8095,51753,84,MobileCrew,TRK000000051753,delivered,,,13.02,2026-05-13T07:11:29Z,2026-05-13T14:08:27Z,2026-05-22T14:21:33Z
8096,51754,84,UtilityFleet,TRK000000051754,delivered,,,20.31,2026-05-13T18:02:55Z,2026-05-14T19:53:44Z,2026-05-22T14:21:33Z
8097,51759,88,FieldRoute,TRK000000051759,in_transit,,,20.36,2026-05-17T22:56:41Z,,2026-05-22T14:21:33Z
8098,51760,82,GridCourier,TRK000000051760,delivered,,,25,2026-05-13T17:19:06Z,2026-05-14T13:49:23Z,2026-05-22T14:21:33Z
8099,51761,81,MobileCrew,TRK000000051761,delivered,,,8.54,2026-05-12T14:47:13Z,2026-05-13T16:29:13Z,2026-05-22T14:21:33Z
8100,51762,82,UtilityFleet,TRK000000051762,delivered,,,18.92,2026-05-16T18:51:36Z,2026-05-17T10:38:54Z,2026-05-22T14:21:33Z
8101,51767,77,FieldRoute,TRK000000051767,in_transit,,,19.26,2026-05-14T09:22:29Z,,2026-05-22T14:21:33Z
8102,51768,83,GridCourier,TRK000000051768,delivered,,,13.65,2026-05-13T17:58:59Z,2026-05-15T04:35:04Z,2026-05-22T14:21:33Z
8103,51769,85,MobileCrew,TRK000000051769,delivered,,,23.32,2026-05-20T03:56:50Z,2026-05-20T21:21:18Z,2026-05-22T14:21:33Z
8104,51770,78,UtilityFleet,TRK000000051770,delivered,,,19.51,2026-05-14T23:55:20Z,2026-05-15T06:09:50Z,2026-05-22T14:21:33Z
8105,51775,83,FieldRoute,TRK000000051775,in_transit,,,17.7,2026-05-14T04:48:51Z,,2026-05-22T14:21:33Z
8106,51776,83,GridCourier,TRK000000051776,delivered,,,11.69,2026-05-14T16:44:31Z,2026-05-14T22:43:26Z,2026-05-22T14:21:33Z
8107,51777,82,MobileCrew,TRK000000051777,delivered,,,10.42,2026-05-17T08:33:31Z,2026-05-17T12:20:55Z,2026-05-22T14:21:33Z
8108,51778,78,UtilityFleet,TRK000000051778,delivered,,,5.11,2026-05-13T10:03:07Z,2026-05-14T16:29:58Z,2026-05-22T14:21:33Z
8109,51783,81,FieldRoute,TRK000000051783,in_transit,,,14.53,2026-05-15T11:31:39Z,,2026-05-22T14:21:33Z
8110,51784,83,GridCourier,TRK000000051784,delivered,,,12.75,2026-05-19T18:02:07Z,2026-05-19T22:23:57Z,2026-05-22T14:21:33Z
8111,51785,84,MobileCrew,TRK000000051785,delivered,,,15.15,2026-05-16T04:49:40Z,2026-05-16T07:44:26Z,2026-05-22T14:21:33Z
8112,51786,80,UtilityFleet,TRK000000051786,delivered,,,15.43,2026-05-17T08:38:40Z,2026-05-18T16:48:44Z,2026-05-22T14:21:33Z
8113,51791,88,FieldRoute,TRK000000051791,in_transit,,,5.96,2026-05-17T18:14:54Z,,2026-05-22T14:21:33Z
8114,51792,77,GridCourier,TRK000000051792,delivered,,,9.21,2026-05-20T08:11:17Z,2026-05-21T12:08:08Z,2026-05-22T14:21:33Z
8115,51793,78,MobileCrew,TRK000000051793,delivered,,,18.12,2026-05-13T00:05:40Z,2026-05-13T21:29:20Z,2026-05-22T14:21:33Z
8116,51794,84,UtilityFleet,TRK000000051794,delivered,,,13.7,2026-05-13T06:22:27Z,2026-05-13T16:04:33Z,2026-05-22T14:21:33Z
8117,51799,85,FieldRoute,TRK000000051799,in_transit,,,17.03,2026-05-19T06:34:16Z,,2026-05-22T14:21:33Z
8118,51800,83,GridCourier,TRK000000051800,delivered,,,19.55,2026-05-13T05:30:46Z,2026-05-13T21:02:15Z,2026-05-22T14:21:33Z
8119,51801,83,MobileCrew,TRK000000051801,delivered,,,24.02,2026-05-18T00:18:53Z,2026-05-19T07:56:25Z,2026-05-22T14:21:33Z
8120,51802,80,UtilityFleet,TRK000000051802,delivered,,,5.26,2026-05-15T17:17:37Z,2026-05-16T21:29:16Z,2026-05-22T14:21:33Z
8121,51807,81,FieldRoute,TRK000000051807,in_transit,,,19.88,2026-05-15T19:47:29Z,,2026-05-22T14:21:33Z
8122,51808,81,GridCourier,TRK000000051808,delivered,,,7.55,2026-05-15T11:12:33Z,2026-05-16T19:28:16Z,2026-05-22T14:21:33Z
8123,51809,80,MobileCrew,TRK000000051809,delivered,,,9.52,2026-05-19T19:54:47Z,2026-05-19T23:59:49Z,2026-05-22T14:21:33Z
8124,51810,82,UtilityFleet,TRK000000051810,delivered,,,22.36,2026-05-17T03:58:20Z,2026-05-18T04:29:13Z,2026-05-22T14:21:33Z
8125,51815,77,FieldRoute,TRK000000051815,in_transit,,,23.47,2026-05-17T19:51:17Z,,2026-05-22T14:21:33Z
8126,51816,85,GridCourier,TRK000000051816,delivered,,,6.05,2026-05-20T07:50:41Z,2026-05-21T10:00:30Z,2026-05-22T14:21:33Z
8127,51817,77,MobileCrew,TRK000000051817,delivered,,,7.47,2026-05-15T05:27:03Z,2026-05-16T06:43:11Z,2026-05-22T14:21:33Z
8128,51818,82,UtilityFleet,TRK000000051818,delivered,,,21.16,2026-05-14T03:27:00Z,2026-05-14T09:02:30Z,2026-05-22T14:21:33Z
8129,51823,88,FieldRoute,TRK000000051823,in_transit,,,19.63,2026-05-16T22:13:02Z,,2026-05-22T14:21:33Z
8130,51824,86,GridCourier,TRK000000051824,delivered,,,13.17,2026-05-17T06:59:22Z,2026-05-18T01:27:53Z,2026-05-22T14:21:33Z
8131,51825,87,MobileCrew,TRK000000051825,delivered,,,21.09,2026-05-19T18:30:48Z,2026-05-20T16:27:58Z,2026-05-22T14:21:33Z
8132,51826,82,UtilityFleet,TRK000000051826,delivered,,,19.17,2026-05-16T06:29:02Z,2026-05-17T18:17:15Z,2026-05-22T14:21:33Z
8133,51831,83,FieldRoute,TRK000000051831,in_transit,,,10.18,2026-05-14T13:40:25Z,,2026-05-22T14:21:33Z
8134,51832,82,GridCourier,TRK000000051832,delivered,,,9.67,2026-05-17T13:38:45Z,2026-05-17T22:13:01Z,2026-05-22T14:21:33Z
8135,51833,84,MobileCrew,TRK000000051833,delivered,,,12.72,2026-05-19T10:56:44Z,2026-05-20T17:04:13Z,2026-05-22T14:21:33Z
8136,51834,88,UtilityFleet,TRK000000051834,delivered,,,15.48,2026-05-17T02:57:08Z,2026-05-18T09:29:30Z,2026-05-22T14:21:33Z
8137,51839,86,FieldRoute,TRK000000051839,in_transit,,,19.71,2026-05-14T14:28:25Z,,2026-05-22T14:21:33Z
8138,51840,79,GridCourier,TRK000000051840,delivered,,,14.36,2026-05-17T03:09:05Z,2026-05-18T02:46:13Z,2026-05-22T14:21:33Z
8139,51841,88,MobileCrew,TRK000000051841,delivered,,,24.42,2026-05-19T09:16:48Z,2026-05-20T17:33:50Z,2026-05-22T14:21:33Z
8140,51842,78,UtilityFleet,TRK000000051842,delivered,,,19.02,2026-05-14T22:37:28Z,2026-05-15T13:16:01Z,2026-05-22T14:21:33Z
8141,51847,87,FieldRoute,TRK000000051847,in_transit,,,11.75,2026-05-14T04:53:07Z,,2026-05-22T14:21:33Z
8142,51848,82,GridCourier,TRK000000051848,delivered,,,8.43,2026-05-15T17:26:42Z,2026-05-17T03:34:33Z,2026-05-22T14:21:33Z
8143,51849,79,MobileCrew,TRK000000051849,delivered,,,13.32,2026-05-19T10:18:22Z,2026-05-19T17:12:34Z,2026-05-22T14:21:33Z
8144,51850,80,UtilityFleet,TRK000000051850,delivered,,,15.8,2026-05-19T19:05:08Z,2026-05-21T02:19:21Z,2026-05-22T14:21:33Z
8145,51855,77,FieldRoute,TRK000000051855,in_transit,,,22.38,2026-05-13T14:27:31Z,,2026-05-22T14:21:33Z
8146,51856,88,GridCourier,TRK000000051856,delivered,,,10.67,2026-05-20T13:45:43Z,2026-05-20T16:05:07Z,2026-05-22T14:21:33Z
8147,51857,78,MobileCrew,TRK000000051857,delivered,,,13.02,2026-05-19T01:45:04Z,2026-05-19T12:24:30Z,2026-05-22T14:21:33Z
8148,51858,85,UtilityFleet,TRK000000051858,delivered,,,18.14,2026-05-16T09:24:41Z,2026-05-16T21:59:17Z,2026-05-22T14:21:33Z
8149,51863,84,FieldRoute,TRK000000051863,in_transit,,,20.94,2026-05-20T02:03:47Z,,2026-05-22T14:21:33Z
8150,51864,78,GridCourier,TRK000000051864,delivered,,,21.77,2026-05-13T20:24:02Z,2026-05-14T04:02:55Z,2026-05-22T14:21:33Z
8151,51865,81,MobileCrew,TRK000000051865,delivered,,,15.13,2026-05-17T15:45:49Z,2026-05-18T19:51:48Z,2026-05-22T14:21:33Z
8152,51866,80,UtilityFleet,TRK000000051866,delivered,,,22.53,2026-05-17T20:12:14Z,2026-05-18T21:49:54Z,2026-05-22T14:21:33Z
8153,51871,77,FieldRoute,TRK000000051871,in_transit,,,11.41,2026-05-19T17:26:32Z,,2026-05-22T14:21:33Z
8154,51872,83,GridCourier,TRK000000051872,delivered,,,10.27,2026-05-14T20:24:01Z,2026-05-16T07:59:45Z,2026-05-22T14:21:33Z
8155,51873,84,MobileCrew,TRK000000051873,delivered,,,14.7,2026-05-13T21:44:17Z,2026-05-14T09:36:28Z,2026-05-22T14:21:33Z
8156,51874,83,UtilityFleet,TRK000000051874,delivered,,,11.4,2026-05-13T02:25:30Z,2026-05-13T07:18:51Z,2026-05-22T14:21:33Z
8157,51879,85,FieldRoute,TRK000000051879,in_transit,,,5.84,2026-05-17T04:20:37Z,,2026-05-22T14:21:33Z
8158,51880,82,GridCourier,TRK000000051880,delivered,,,24.22,2026-05-20T04:11:36Z,2026-05-20T08:24:18Z,2026-05-22T14:21:33Z
8159,51881,87,MobileCrew,TRK000000051881,delivered,,,12.96,2026-05-19T14:59:34Z,2026-05-20T16:25:51Z,2026-05-22T14:21:33Z
8160,51882,81,UtilityFleet,TRK000000051882,delivered,,,19.16,2026-05-18T07:56:17Z,2026-05-19T06:47:14Z,2026-05-22T14:21:33Z
8161,51887,80,FieldRoute,TRK000000051887,in_transit,,,24.4,2026-05-18T17:46:22Z,,2026-05-22T14:21:33Z
8162,51888,85,GridCourier,TRK000000051888,delivered,,,12.98,2026-05-14T07:04:05Z,2026-05-15T18:43:17Z,2026-05-22T14:21:33Z
8163,51889,85,MobileCrew,TRK000000051889,delivered,,,7.68,2026-05-17T04:47:34Z,2026-05-17T14:55:10Z,2026-05-22T14:21:33Z
8164,51890,85,UtilityFleet,TRK000000051890,delivered,,,20.56,2026-05-19T12:42:04Z,2026-05-19T21:18:21Z,2026-05-22T14:21:33Z
8165,51895,84,FieldRoute,TRK000000051895,in_transit,,,18.01,2026-05-20T08:24:49Z,,2026-05-22T14:21:33Z
8166,51896,83,GridCourier,TRK000000051896,delivered,,,5.99,2026-05-19T13:14:26Z,2026-05-19T20:10:13Z,2026-05-22T14:21:33Z
8167,51897,77,MobileCrew,TRK000000051897,delivered,,,10.47,2026-05-19T14:26:20Z,2026-05-20T14:44:37Z,2026-05-22T14:21:33Z
8168,51898,77,UtilityFleet,TRK000000051898,delivered,,,5.44,2026-05-16T19:17:11Z,2026-05-17T12:17:22Z,2026-05-22T14:21:33Z
8169,51903,86,FieldRoute,TRK000000051903,in_transit,,,20.29,2026-05-18T17:42:09Z,,2026-05-22T14:21:33Z
8170,51904,81,GridCourier,TRK000000051904,delivered,,,5.97,2026-05-17T10:08:24Z,2026-05-17T21:55:59Z,2026-05-22T14:21:33Z
8171,51905,78,MobileCrew,TRK000000051905,delivered,,,15.5,2026-05-19T22:10:47Z,2026-05-20T04:17:23Z,2026-05-22T14:21:33Z
8172,51906,81,UtilityFleet,TRK000000051906,delivered,,,18.57,2026-05-15T23:20:23Z,2026-05-16T06:20:03Z,2026-05-22T14:21:33Z
8173,51911,88,FieldRoute,TRK000000051911,in_transit,,,20.33,2026-05-20T01:17:23Z,,2026-05-22T14:21:33Z
8174,51912,88,GridCourier,TRK000000051912,delivered,,,18.69,2026-05-18T10:58:04Z,2026-05-18T21:15:07Z,2026-05-22T14:21:33Z
8175,51913,86,MobileCrew,TRK000000051913,delivered,,,24.6,2026-05-13T18:05:25Z,2026-05-14T15:41:42Z,2026-05-22T14:21:33Z
8176,51914,84,UtilityFleet,TRK000000051914,delivered,,,24.39,2026-05-15T02:02:39Z,2026-05-15T09:20:55Z,2026-05-22T14:21:33Z
8177,51919,80,FieldRoute,TRK000000051919,in_transit,,,15.43,2026-05-14T19:27:46Z,,2026-05-22T14:21:33Z
8178,51920,87,GridCourier,TRK000000051920,delivered,,,12.57,2026-05-16T23:36:32Z,2026-05-17T23:47:06Z,2026-05-22T14:21:33Z
8179,51921,81,MobileCrew,TRK000000051921,delivered,,,11.75,2026-05-13T15:25:45Z,2026-05-14T19:08:34Z,2026-05-22T14:21:33Z
8180,51922,79,UtilityFleet,TRK000000051922,delivered,,,12.97,2026-05-17T14:15:14Z,2026-05-17T23:56:38Z,2026-05-22T14:21:33Z
8181,51927,83,FieldRoute,TRK000000051927,in_transit,,,6.24,2026-05-18T23:32:46Z,,2026-05-22T14:21:33Z
8182,51928,80,GridCourier,TRK000000051928,delivered,,,9.74,2026-05-17T22:56:25Z,2026-05-18T15:40:57Z,2026-05-22T14:21:33Z
8183,51929,79,MobileCrew,TRK000000051929,delivered,,,12.43,2026-05-14T13:26:22Z,2026-05-15T17:55:15Z,2026-05-22T14:21:33Z
8184,51930,83,UtilityFleet,TRK000000051930,delivered,,,19.76,2026-05-18T13:59:38Z,2026-05-19T13:33:52Z,2026-05-22T14:21:33Z
8185,51935,83,FieldRoute,TRK000000051935,in_transit,,,17.06,2026-05-20T09:36:43Z,,2026-05-22T14:21:33Z
8186,51936,80,GridCourier,TRK000000051936,delivered,,,16.83,2026-05-19T13:30:15Z,2026-05-20T01:33:33Z,2026-05-22T14:21:33Z
8187,51937,85,MobileCrew,TRK000000051937,delivered,,,7.44,2026-05-17T01:25:26Z,2026-05-17T16:08:52Z,2026-05-22T14:21:33Z
8188,51938,88,UtilityFleet,TRK000000051938,delivered,,,6.32,2026-05-19T22:05:02Z,2026-05-20T16:08:59Z,2026-05-22T14:21:33Z
8189,51943,77,FieldRoute,TRK000000051943,in_transit,,,6.2,2026-05-18T07:52:37Z,,2026-05-22T14:21:33Z
8190,51944,86,GridCourier,TRK000000051944,delivered,,,21.87,2026-05-13T20:30:06Z,2026-05-14T06:44:53Z,2026-05-22T14:21:33Z
8191,51945,79,MobileCrew,TRK000000051945,delivered,,,22.16,2026-05-15T05:09:13Z,2026-05-16T10:06:48Z,2026-05-22T14:21:33Z
8192,51946,85,UtilityFleet,TRK000000051946,delivered,,,7.21,2026-05-16T18:49:51Z,2026-05-17T18:51:44Z,2026-05-22T14:21:33Z
8193,51951,78,FieldRoute,TRK000000051951,in_transit,,,5.93,2026-05-12T16:55:49Z,,2026-05-22T14:21:33Z
8194,51952,80,GridCourier,TRK000000051952,delivered,,,18.85,2026-05-15T21:50:10Z,2026-05-17T04:20:57Z,2026-05-22T14:21:33Z
8195,51953,81,MobileCrew,TRK000000051953,delivered,,,17.04,2026-05-18T07:37:22Z,2026-05-18T16:02:48Z,2026-05-22T14:21:33Z
8196,51954,77,UtilityFleet,TRK000000051954,delivered,,,11.2,2026-05-18T14:58:27Z,2026-05-19T04:55:38Z,2026-05-22T14:21:33Z
8197,51959,77,FieldRoute,TRK000000051959,in_transit,,,17.9,2026-05-20T00:37:27Z,,2026-05-22T14:21:33Z
8198,51960,87,GridCourier,TRK000000051960,delivered,,,16.58,2026-05-20T02:53:19Z,2026-05-21T13:57:21Z,2026-05-22T14:21:33Z
8199,51961,77,MobileCrew,TRK000000051961,delivered,,,18.93,2026-05-16T21:19:40Z,2026-05-18T08:31:22Z,2026-05-22T14:21:33Z
8200,51962,80,UtilityFleet,TRK000000051962,delivered,,,15.51,2026-05-12T19:14:07Z,2026-05-13T09:44:21Z,2026-05-22T14:21:33Z
8201,51967,85,FieldRoute,TRK000000051967,in_transit,,,24.22,2026-05-17T11:47:59Z,,2026-05-22T14:21:33Z
8202,51968,85,GridCourier,TRK000000051968,delivered,,,18.05,2026-05-15T13:45:59Z,2026-05-16T06:44:37Z,2026-05-22T14:21:33Z
8203,51969,84,MobileCrew,TRK000000051969,delivered,,,9.96,2026-05-13T00:05:22Z,2026-05-14T04:43:03Z,2026-05-22T14:21:33Z
8204,51970,86,UtilityFleet,TRK000000051970,delivered,,,15.65,2026-05-20T05:10:03Z,2026-05-20T12:00:12Z,2026-05-22T14:21:33Z
8205,51975,84,FieldRoute,TRK000000051975,in_transit,,,8.81,2026-05-15T03:30:09Z,,2026-05-22T14:21:33Z
8206,51976,88,GridCourier,TRK000000051976,delivered,,,10.55,2026-05-20T03:22:24Z,2026-05-20T12:30:04Z,2026-05-22T14:21:33Z
8207,51977,81,MobileCrew,TRK000000051977,delivered,,,22.34,2026-05-18T23:32:17Z,2026-05-20T02:00:54Z,2026-05-22T14:21:33Z
8208,51978,78,UtilityFleet,TRK000000051978,delivered,,,21.44,2026-05-19T02:12:41Z,2026-05-19T17:21:16Z,2026-05-22T14:21:33Z
8209,51983,88,FieldRoute,TRK000000051983,in_transit,,,22.59,2026-05-18T19:06:57Z,,2026-05-22T14:21:33Z
8210,51984,88,GridCourier,TRK000000051984,delivered,,,17.44,2026-05-17T05:18:44Z,2026-05-18T16:44:18Z,2026-05-22T14:21:33Z
8211,51985,82,MobileCrew,TRK000000051985,delivered,,,20.85,2026-05-18T22:08:01Z,2026-05-19T23:54:41Z,2026-05-22T14:21:33Z
8212,51986,82,UtilityFleet,TRK000000051986,delivered,,,21.31,2026-05-15T20:38:35Z,2026-05-17T03:47:48Z,2026-05-22T14:21:33Z
8213,51991,78,FieldRoute,TRK000000051991,in_transit,,,23.24,2026-05-17T23:33:01Z,,2026-05-22T14:21:33Z
8214,51992,85,GridCourier,TRK000000051992,delivered,,,5.57,2026-05-19T11:20:57Z,2026-05-20T21:38:14Z,2026-05-22T14:21:33Z
8215,51993,87,MobileCrew,TRK000000051993,delivered,,,11.48,2026-05-14T07:40:46Z,2026-05-15T04:09:12Z,2026-05-22T14:21:33Z
8216,51994,79,UtilityFleet,TRK000000051994,delivered,,,8.94,2026-05-18T08:56:32Z,2026-05-18T22:24:16Z,2026-05-22T14:21:33Z
8217,51999,88,FieldRoute,TRK000000051999,in_transit,,,6.66,2026-05-14T19:45:55Z,,2026-05-22T14:21:33Z
8218,52000,82,GridCourier,TRK000000052000,delivered,,,23.52,2026-05-17T03:16:34Z,2026-05-18T11:39:21Z,2026-05-22T14:21:33Z
8219,52001,79,MobileCrew,TRK000000052001,delivered,,,21.8,2026-05-17T21:00:43Z,2026-05-18T21:52:11Z,2026-05-22T14:21:33Z
8220,52002,77,UtilityFleet,TRK000000052002,delivered,,,20.06,2026-05-15T06:14:44Z,2026-05-16T16:59:58Z,2026-05-22T14:21:33Z
8221,52007,86,FieldRoute,TRK000000052007,in_transit,,,13.27,2026-05-18T15:59:13Z,,2026-05-22T14:21:33Z
8222,52008,80,GridCourier,TRK000000052008,delivered,,,19.3,2026-05-14T08:21:52Z,2026-05-15T07:22:19Z,2026-05-22T14:21:33Z
8223,52009,81,MobileCrew,TRK000000052009,delivered,,,20.34,2026-05-14T22:40:37Z,2026-05-16T01:41:20Z,2026-05-22T14:21:33Z
8224,52010,87,UtilityFleet,TRK000000052010,delivered,,,22.47,2026-05-13T00:57:29Z,2026-05-13T11:57:57Z,2026-05-22T14:21:33Z
8225,52015,87,FieldRoute,TRK000000052015,in_transit,,,6.59,2026-05-16T14:54:47Z,,2026-05-22T14:21:33Z
8226,52016,86,GridCourier,TRK000000052016,delivered,,,8.5,2026-05-16T08:54:03Z,2026-05-16T11:30:23Z,2026-05-22T14:21:33Z
8227,52017,86,MobileCrew,TRK000000052017,delivered,,,20.09,2026-05-18T05:09:06Z,2026-05-19T13:13:16Z,2026-05-22T14:21:33Z
8228,52018,80,UtilityFleet,TRK000000052018,delivered,,,17.08,2026-05-17T18:37:13Z,2026-05-18T01:16:40Z,2026-05-22T14:21:33Z
8229,52023,84,FieldRoute,TRK000000052023,in_transit,,,15.86,2026-05-18T01:59:08Z,,2026-05-22T14:21:33Z
8230,52024,87,GridCourier,TRK000000052024,delivered,,,23.13,2026-05-15T07:48:05Z,2026-05-15T16:37:05Z,2026-05-22T14:21:33Z
8231,52025,78,MobileCrew,TRK000000052025,delivered,,,6.39,2026-05-17T02:34:10Z,2026-05-17T21:57:03Z,2026-05-22T14:21:33Z
8232,52026,86,UtilityFleet,TRK000000052026,delivered,,,8.81,2026-05-17T23:17:53Z,2026-05-18T13:12:42Z,2026-05-22T14:21:33Z
8233,52031,88,FieldRoute,TRK000000052031,in_transit,,,9.33,2026-05-13T10:58:34Z,,2026-05-22T14:21:33Z
8234,52032,79,GridCourier,TRK000000052032,delivered,,,14.16,2026-05-12T23:58:04Z,2026-05-13T22:50:10Z,2026-05-22T14:21:33Z
8235,52033,82,MobileCrew,TRK000000052033,delivered,,,5.45,2026-05-17T00:52:25Z,2026-05-17T04:37:53Z,2026-05-22T14:21:33Z
8236,52034,87,UtilityFleet,TRK000000052034,delivered,,,6.75,2026-05-13T15:23:55Z,2026-05-14T09:03:22Z,2026-05-22T14:21:33Z
8237,52039,79,FieldRoute,TRK000000052039,in_transit,,,12.68,2026-05-14T12:15:02Z,,2026-05-22T14:21:33Z
8238,52040,80,GridCourier,TRK000000052040,delivered,,,12.38,2026-05-14T22:35:05Z,2026-05-15T12:39:42Z,2026-05-22T14:21:33Z
8239,52041,82,MobileCrew,TRK000000052041,delivered,,,11.04,2026-05-16T03:57:28Z,2026-05-16T16:52:03Z,2026-05-22T14:21:33Z
8240,52042,77,UtilityFleet,TRK000000052042,delivered,,,14.08,2026-05-20T11:19:11Z,2026-05-20T13:42:59Z,2026-05-22T14:21:33Z
8241,52047,81,FieldRoute,TRK000000052047,in_transit,,,10.1,2026-05-18T15:43:30Z,,2026-05-22T14:21:33Z
8242,52048,78,GridCourier,TRK000000052048,delivered,,,7.79,2026-05-18T12:58:22Z,2026-05-19T02:18:12Z,2026-05-22T14:21:33Z
8243,52049,83,MobileCrew,TRK000000052049,delivered,,,10.9,2026-05-19T07:31:32Z,2026-05-20T12:02:13Z,2026-05-22T14:21:33Z
8244,52050,87,UtilityFleet,TRK000000052050,delivered,,,10.21,2026-05-20T07:03:30Z,2026-05-20T16:18:24Z,2026-05-22T14:21:33Z
8245,52055,86,FieldRoute,TRK000000052055,in_transit,,,16.75,2026-05-12T15:35:18Z,,2026-05-22T14:21:33Z
8246,52056,82,GridCourier,TRK000000052056,delivered,,,5.34,2026-05-13T18:34:57Z,2026-05-14T14:22:41Z,2026-05-22T14:21:33Z
8247,52057,83,MobileCrew,TRK000000052057,delivered,,,24.37,2026-05-18T00:41:33Z,2026-05-18T05:34:20Z,2026-05-22T14:21:33Z
8248,52058,79,UtilityFleet,TRK000000052058,delivered,,,21.81,2026-05-16T15:09:20Z,2026-05-17T09:09:23Z,2026-05-22T14:21:33Z
8249,52063,81,FieldRoute,TRK000000052063,in_transit,,,10.24,2026-05-20T05:59:15Z,,2026-05-22T14:21:33Z
8250,52064,81,GridCourier,TRK000000052064,delivered,,,13.56,2026-05-19T09:56:53Z,2026-05-19T14:38:25Z,2026-05-22T14:21:33Z
8251,52065,85,MobileCrew,TRK000000052065,delivered,,,24.32,2026-05-14T23:08:55Z,2026-05-15T17:49:57Z,2026-05-22T14:21:33Z
8252,52066,84,UtilityFleet,TRK000000052066,delivered,,,10.65,2026-05-15T06:59:36Z,2026-05-16T14:57:39Z,2026-05-22T14:21:33Z
8253,52071,86,FieldRoute,TRK000000052071,in_transit,,,15.38,2026-05-18T20:35:03Z,,2026-05-22T14:21:33Z
8254,52072,88,GridCourier,TRK000000052072,delivered,,,7.25,2026-05-17T04:23:47Z,2026-05-18T04:50:38Z,2026-05-22T14:21:33Z
8255,52073,88,MobileCrew,TRK000000052073,delivered,,,19.74,2026-05-19T03:33:35Z,2026-05-19T06:22:56Z,2026-05-22T14:21:33Z
8256,52074,88,UtilityFleet,TRK000000052074,delivered,,,21.42,2026-05-19T16:36:11Z,2026-05-20T07:06:23Z,2026-05-22T14:21:33Z
8257,52079,79,FieldRoute,TRK000000052079,in_transit,,,12.13,2026-05-15T09:02:09Z,,2026-05-22T14:21:33Z
8258,52080,80,GridCourier,TRK000000052080,delivered,,,10.85,2026-05-19T18:39:07Z,2026-05-21T04:06:20Z,2026-05-22T14:21:33Z
8259,52081,79,MobileCrew,TRK000000052081,delivered,,,23.14,2026-05-15T22:48:26Z,2026-05-17T07:16:57Z,2026-05-22T14:21:33Z
8260,52082,85,UtilityFleet,TRK000000052082,delivered,,,14.91,2026-05-13T06:45:10Z,2026-05-13T10:32:19Z,2026-05-22T14:21:33Z
8261,52087,87,FieldRoute,TRK000000052087,in_transit,,,10.85,2026-05-16T09:02:43Z,,2026-05-22T14:21:33Z
8262,52088,83,GridCourier,TRK000000052088,delivered,,,10.62,2026-05-13T03:07:21Z,2026-05-14T14:10:51Z,2026-05-22T14:21:33Z
8263,52089,85,MobileCrew,TRK000000052089,delivered,,,9.55,2026-05-17T08:27:30Z,2026-05-17T14:50:55Z,2026-05-22T14:21:33Z
8264,52090,81,UtilityFleet,TRK000000052090,delivered,,,11.62,2026-05-20T09:00:10Z,2026-05-20T21:26:50Z,2026-05-22T14:21:33Z
8265,52095,81,FieldRoute,TRK000000052095,in_transit,,,15.36,2026-05-17T21:35:00Z,,2026-05-22T14:21:33Z
8266,52096,77,GridCourier,TRK000000052096,delivered,,,8.41,2026-05-15T00:08:22Z,2026-05-16T01:33:14Z,2026-05-22T14:21:33Z
8267,52097,88,MobileCrew,TRK000000052097,delivered,,,19.48,2026-05-18T05:27:33Z,2026-05-19T09:42:02Z,2026-05-22T14:21:33Z
8268,52098,79,UtilityFleet,TRK000000052098,delivered,,,14.19,2026-05-17T23:30:31Z,2026-05-19T09:20:39Z,2026-05-22T14:21:33Z
8269,52103,83,FieldRoute,TRK000000052103,in_transit,,,13.44,2026-05-15T12:28:00Z,,2026-05-22T14:21:33Z
8270,52104,84,GridCourier,TRK000000052104,delivered,,,8.42,2026-05-16T17:21:07Z,2026-05-18T02:59:20Z,2026-05-22T14:21:33Z
8271,52105,84,MobileCrew,TRK000000052105,delivered,,,16.97,2026-05-15T05:31:06Z,2026-05-15T20:51:55Z,2026-05-22T14:21:33Z
8272,52106,88,UtilityFleet,TRK000000052106,delivered,,,20.61,2026-05-19T13:58:25Z,2026-05-20T14:22:06Z,2026-05-22T14:21:33Z
8273,52111,87,FieldRoute,TRK000000052111,in_transit,,,9.06,2026-05-18T10:02:24Z,,2026-05-22T14:21:33Z
8274,52112,88,GridCourier,TRK000000052112,delivered,,,20.28,2026-05-17T02:20:35Z,2026-05-17T07:30:54Z,2026-05-22T14:21:33Z
8275,52113,79,MobileCrew,TRK000000052113,delivered,,,13.41,2026-05-15T13:55:18Z,2026-05-15T16:42:55Z,2026-05-22T14:21:33Z
8276,52114,77,UtilityFleet,TRK000000052114,delivered,,,17.01,2026-05-13T19:28:48Z,2026-05-14T00:26:01Z,2026-05-22T14:21:33Z
8277,52119,86,FieldRoute,TRK000000052119,in_transit,,,20.28,2026-05-13T07:07:43Z,,2026-05-22T14:21:33Z
8278,52120,83,GridCourier,TRK000000052120,delivered,,,24.75,2026-05-17T03:12:57Z,2026-05-18T08:03:55Z,2026-05-22T14:21:33Z
8279,52121,83,MobileCrew,TRK000000052121,delivered,,,20.41,2026-05-15T09:14:32Z,2026-05-16T02:52:49Z,2026-05-22T14:21:33Z
8280,52122,87,UtilityFleet,TRK000000052122,delivered,,,13.14,2026-05-12T22:42:49Z,2026-05-14T02:32:44Z,2026-05-22T14:21:33Z
8281,52127,85,FieldRoute,TRK000000052127,in_transit,,,23.39,2026-05-15T04:51:37Z,,2026-05-22T14:21:33Z
8282,52128,81,GridCourier,TRK000000052128,delivered,,,13.78,2026-05-15T16:03:10Z,2026-05-16T23:26:14Z,2026-05-22T14:21:33Z
8283,52129,77,MobileCrew,TRK000000052129,delivered,,,14.86,2026-05-19T04:04:10Z,2026-05-19T09:41:21Z,2026-05-22T14:21:33Z
8284,52130,80,UtilityFleet,TRK000000052130,delivered,,,17.47,2026-05-16T10:36:29Z,2026-05-17T03:04:22Z,2026-05-22T14:21:33Z
8285,52135,82,FieldRoute,TRK000000052135,in_transit,,,14.48,2026-05-19T07:38:13Z,,2026-05-22T14:21:33Z
8286,52136,79,GridCourier,TRK000000052136,delivered,,,24.08,2026-05-19T15:54:54Z,2026-05-21T01:54:26Z,2026-05-22T14:21:33Z
8287,52137,77,MobileCrew,TRK000000052137,delivered,,,10.04,2026-05-15T17:36:04Z,2026-05-16T04:52:00Z,2026-05-22T14:21:33Z
8288,52138,86,UtilityFleet,TRK000000052138,delivered,,,13.52,2026-05-13T23:33:58Z,2026-05-14T22:06:24Z,2026-05-22T14:21:33Z
8289,52143,79,FieldRoute,TRK000000052143,in_transit,,,18.62,2026-05-14T11:13:17Z,,2026-05-22T14:21:33Z
8290,52144,87,GridCourier,TRK000000052144,delivered,,,7.23,2026-05-13T18:23:03Z,2026-05-14T07:32:05Z,2026-05-22T14:21:33Z
8291,52145,82,MobileCrew,TRK000000052145,delivered,,,13.83,2026-05-15T07:09:07Z,2026-05-16T03:00:24Z,2026-05-22T14:21:33Z
8292,52146,84,UtilityFleet,TRK000000052146,delivered,,,11.89,2026-05-20T05:32:05Z,2026-05-20T11:52:04Z,2026-05-22T14:21:33Z
8293,52151,88,FieldRoute,TRK000000052151,in_transit,,,17.44,2026-05-18T16:15:25Z,,2026-05-22T14:21:33Z
8294,52152,86,GridCourier,TRK000000052152,delivered,,,22.98,2026-05-18T08:47:06Z,2026-05-18T11:22:25Z,2026-05-22T14:21:33Z
8295,52153,78,MobileCrew,TRK000000052153,delivered,,,21.26,2026-05-20T00:34:00Z,2026-05-20T14:55:19Z,2026-05-22T14:21:33Z
8296,52154,79,UtilityFleet,TRK000000052154,delivered,,,17.57,2026-05-16T20:17:57Z,2026-05-17T07:47:32Z,2026-05-22T14:21:33Z
8297,52159,82,FieldRoute,TRK000000052159,in_transit,,,19.69,2026-05-12T19:32:39Z,,2026-05-22T14:21:33Z
8298,52160,84,GridCourier,TRK000000052160,delivered,,,19.54,2026-05-13T16:36:45Z,2026-05-14T04:48:41Z,2026-05-22T14:21:33Z
8299,52161,88,MobileCrew,TRK000000052161,delivered,,,5.94,2026-05-19T14:41:53Z,2026-05-20T07:43:28Z,2026-05-22T14:21:33Z
8300,52162,77,UtilityFleet,TRK000000052162,delivered,,,7.63,2026-05-13T09:05:47Z,2026-05-13T17:23:50Z,2026-05-22T14:21:33Z
8301,52167,78,FieldRoute,TRK000000052167,in_transit,,,22.9,2026-05-16T04:57:02Z,,2026-05-22T14:21:33Z
8302,52168,77,GridCourier,TRK000000052168,delivered,,,15.16,2026-05-18T07:52:37Z,2026-05-19T14:34:59Z,2026-05-22T14:21:33Z
8303,52169,85,MobileCrew,TRK000000052169,delivered,,,19.03,2026-05-18T13:54:48Z,2026-05-19T04:06:18Z,2026-05-22T14:21:33Z
8304,52170,84,UtilityFleet,TRK000000052170,delivered,,,7.82,2026-05-15T16:30:15Z,2026-05-16T07:01:48Z,2026-05-22T14:21:33Z
8305,52175,83,FieldRoute,TRK000000052175,in_transit,,,22.58,2026-05-18T10:34:30Z,,2026-05-22T14:21:33Z
8306,52176,87,GridCourier,TRK000000052176,delivered,,,15.38,2026-05-18T10:53:42Z,2026-05-19T04:48:21Z,2026-05-22T14:21:33Z
8307,52177,85,MobileCrew,TRK000000052177,delivered,,,8.85,2026-05-18T16:51:57Z,2026-05-19T06:41:51Z,2026-05-22T14:21:33Z
8308,52178,79,UtilityFleet,TRK000000052178,delivered,,,10.77,2026-05-15T08:50:24Z,2026-05-16T18:47:59Z,2026-05-22T14:21:33Z
8309,52183,84,FieldRoute,TRK000000052183,in_transit,,,7.28,2026-05-15T22:52:44Z,,2026-05-22T14:21:33Z
8310,52184,82,GridCourier,TRK000000052184,delivered,,,19.86,2026-05-18T06:43:57Z,2026-05-18T13:14:54Z,2026-05-22T14:21:33Z
8311,52185,88,MobileCrew,TRK000000052185,delivered,,,23.59,2026-05-17T16:10:17Z,2026-05-17T22:35:38Z,2026-05-22T14:21:33Z
8312,52186,78,UtilityFleet,TRK000000052186,delivered,,,24.5,2026-05-19T04:48:39Z,2026-05-19T19:31:53Z,2026-05-22T14:21:33Z
8313,52191,82,FieldRoute,TRK000000052191,in_transit,,,20.59,2026-05-16T02:02:24Z,,2026-05-22T14:21:33Z
8314,52192,84,GridCourier,TRK000000052192,delivered,,,6.83,2026-05-15T12:27:39Z,2026-05-16T15:21:32Z,2026-05-22T14:21:33Z
8315,52193,88,MobileCrew,TRK000000052193,delivered,,,19.98,2026-05-15T06:46:19Z,2026-05-16T18:32:19Z,2026-05-22T14:21:33Z
8316,52194,86,UtilityFleet,TRK000000052194,delivered,,,16.51,2026-05-18T14:12:40Z,2026-05-19T17:53:31Z,2026-05-22T14:21:33Z
8317,52199,78,FieldRoute,TRK000000052199,in_transit,,,19.53,2026-05-14T00:15:58Z,,2026-05-22T14:21:33Z
8318,52200,86,GridCourier,TRK000000052200,delivered,,,18.53,2026-05-16T07:37:28Z,2026-05-17T13:10:42Z,2026-05-22T14:21:33Z
8319,52201,80,MobileCrew,TRK000000052201,delivered,,,6.62,2026-05-18T23:57:12Z,2026-05-19T14:54:31Z,2026-05-22T14:21:33Z
8320,52202,84,UtilityFleet,TRK000000052202,delivered,,,7.19,2026-05-16T11:18:23Z,2026-05-17T02:55:07Z,2026-05-22T14:21:33Z
8321,52207,87,FieldRoute,TRK000000052207,in_transit,,,9.68,2026-05-13T10:18:22Z,,2026-05-22T14:21:33Z
8322,52208,82,GridCourier,TRK000000052208,delivered,,,17.78,2026-05-20T11:44:03Z,2026-05-21T22:37:30Z,2026-05-22T14:21:33Z
8323,52209,78,MobileCrew,TRK000000052209,delivered,,,7.86,2026-05-15T00:03:23Z,2026-05-15T20:29:41Z,2026-05-22T14:21:33Z
8324,52210,83,UtilityFleet,TRK000000052210,delivered,,,18.77,2026-05-16T21:46:09Z,2026-05-17T12:31:59Z,2026-05-22T14:21:33Z
8325,52215,88,FieldRoute,TRK000000052215,in_transit,,,9.38,2026-05-15T05:28:21Z,,2026-05-22T14:21:33Z
8326,52216,88,GridCourier,TRK000000052216,delivered,,,15,2026-05-19T03:26:17Z,2026-05-20T10:00:08Z,2026-05-22T14:21:33Z
8327,52217,84,MobileCrew,TRK000000052217,delivered,,,12.95,2026-05-14T15:40:13Z,2026-05-14T18:51:16Z,2026-05-22T14:21:33Z
8328,52218,82,UtilityFleet,TRK000000052218,delivered,,,11.56,2026-05-14T01:15:34Z,2026-05-14T12:27:56Z,2026-05-22T14:21:33Z
8329,52223,88,FieldRoute,TRK000000052223,in_transit,,,9.97,2026-05-13T12:46:46Z,,2026-05-22T14:21:33Z
8330,52224,82,GridCourier,TRK000000052224,delivered,,,14.76,2026-05-17T06:56:02Z,2026-05-18T06:59:21Z,2026-05-22T14:21:33Z
8331,52225,81,MobileCrew,TRK000000052225,delivered,,,17.1,2026-05-16T15:45:26Z,2026-05-17T10:36:01Z,2026-05-22T14:21:33Z
8332,52226,86,UtilityFleet,TRK000000052226,delivered,,,8.65,2026-05-13T10:10:18Z,2026-05-14T10:28:35Z,2026-05-22T14:21:33Z
8333,52231,84,FieldRoute,TRK000000052231,in_transit,,,22.63,2026-05-18T20:17:50Z,,2026-05-22T14:21:33Z
8334,52232,78,GridCourier,TRK000000052232,delivered,,,20.84,2026-05-14T09:15:58Z,2026-05-14T18:42:53Z,2026-05-22T14:21:33Z
8335,52233,85,MobileCrew,TRK000000052233,delivered,,,13.85,2026-05-14T14:19:34Z,2026-05-15T01:36:32Z,2026-05-22T14:21:33Z
8336,52234,88,UtilityFleet,TRK000000052234,delivered,,,11.6,2026-05-14T06:28:54Z,2026-05-15T14:58:48Z,2026-05-22T14:21:33Z
8337,52239,84,FieldRoute,TRK000000052239,in_transit,,,22.24,2026-05-13T21:50:48Z,,2026-05-22T14:21:33Z
8338,52240,88,GridCourier,TRK000000052240,delivered,,,8.86,2026-05-16T06:01:55Z,2026-05-17T16:43:33Z,2026-05-22T14:21:33Z
8339,52241,84,MobileCrew,TRK000000052241,delivered,,,20.57,2026-05-15T03:05:14Z,2026-05-15T22:16:44Z,2026-05-22T14:21:33Z
8340,52242,78,UtilityFleet,TRK000000052242,delivered,,,17.5,2026-05-13T13:56:52Z,2026-05-14T13:50:41Z,2026-05-22T14:21:33Z
8341,52247,82,FieldRoute,TRK000000052247,in_transit,,,6.69,2026-05-19T21:10:52Z,,2026-05-22T14:21:33Z
8342,52248,80,GridCourier,TRK000000052248,delivered,,,22.78,2026-05-20T00:00:51Z,2026-05-20T04:01:32Z,2026-05-22T14:21:33Z
8343,52249,86,MobileCrew,TRK000000052249,delivered,,,5.89,2026-05-18T02:54:35Z,2026-05-18T21:08:34Z,2026-05-22T14:21:33Z
8344,52250,84,UtilityFleet,TRK000000052250,delivered,,,16.09,2026-05-14T16:05:20Z,2026-05-16T02:23:56Z,2026-05-22T14:21:33Z
8345,52255,85,FieldRoute,TRK000000052255,in_transit,,,12.37,2026-05-18T01:19:20Z,,2026-05-22T14:21:33Z
8346,52256,84,GridCourier,TRK000000052256,delivered,,,20.3,2026-05-19T09:30:44Z,2026-05-19T11:33:13Z,2026-05-22T14:21:33Z
8347,52257,80,MobileCrew,TRK000000052257,delivered,,,7.71,2026-05-19T22:47:04Z,2026-05-21T05:23:32Z,2026-05-22T14:21:33Z
8348,52258,88,UtilityFleet,TRK000000052258,delivered,,,14.19,2026-05-20T10:42:14Z,2026-05-21T05:23:43Z,2026-05-22T14:21:33Z
8349,52263,87,FieldRoute,TRK000000052263,in_transit,,,5.1,2026-05-14T19:27:36Z,,2026-05-22T14:21:33Z
8350,52264,79,GridCourier,TRK000000052264,delivered,,,22.74,2026-05-17T19:15:04Z,2026-05-19T00:06:10Z,2026-05-22T14:21:33Z
8351,52265,84,MobileCrew,TRK000000052265,delivered,,,22.77,2026-05-15T19:19:56Z,2026-05-16T07:24:05Z,2026-05-22T14:21:33Z
8352,52266,80,UtilityFleet,TRK000000052266,delivered,,,17,2026-05-14T14:38:31Z,2026-05-15T08:25:38Z,2026-05-22T14:21:33Z
8353,52271,79,FieldRoute,TRK000000052271,in_transit,,,17.73,2026-05-20T12:03:50Z,,2026-05-22T14:21:33Z
8354,52272,80,GridCourier,TRK000000052272,delivered,,,18.44,2026-05-17T00:41:06Z,2026-05-17T16:07:21Z,2026-05-22T14:21:33Z
8355,52273,78,MobileCrew,TRK000000052273,delivered,,,12.39,2026-05-14T07:32:24Z,2026-05-15T14:00:12Z,2026-05-22T14:21:33Z
8356,52274,83,UtilityFleet,TRK000000052274,delivered,,,17.29,2026-05-19T21:31:08Z,2026-05-20T00:14:41Z,2026-05-22T14:21:33Z
8357,52279,85,FieldRoute,TRK000000052279,in_transit,,,5.05,2026-05-14T13:10:08Z,,2026-05-22T14:21:33Z
8358,52280,80,GridCourier,TRK000000052280,delivered,,,10.54,2026-05-20T02:49:41Z,2026-05-21T08:32:08Z,2026-05-22T14:21:33Z
8359,52281,85,MobileCrew,TRK000000052281,delivered,,,17.47,2026-05-16T16:04:09Z,2026-05-17T20:57:26Z,2026-05-22T14:21:33Z
8360,52282,87,UtilityFleet,TRK000000052282,delivered,,,12.72,2026-05-20T11:12:50Z,2026-05-20T23:29:21Z,2026-05-22T14:21:33Z
8361,52287,83,FieldRoute,TRK000000052287,in_transit,,,11.87,2026-05-19T19:58:35Z,,2026-05-22T14:21:33Z
8362,52288,86,GridCourier,TRK000000052288,delivered,,,13.94,2026-05-18T06:19:01Z,2026-05-19T09:46:51Z,2026-05-22T14:21:33Z
8363,52289,82,MobileCrew,TRK000000052289,delivered,,,24.72,2026-05-16T21:05:58Z,2026-05-17T02:37:46Z,2026-05-22T14:21:33Z
8364,52290,80,UtilityFleet,TRK000000052290,delivered,,,21.77,2026-05-12T15:24:32Z,2026-05-13T09:47:18Z,2026-05-22T14:21:33Z
8365,52295,79,FieldRoute,TRK000000052295,in_transit,,,17.09,2026-05-13T09:40:19Z,,2026-05-22T14:21:33Z
8366,52296,84,GridCourier,TRK000000052296,delivered,,,18.15,2026-05-18T08:07:06Z,2026-05-18T19:07:12Z,2026-05-22T14:21:33Z
8367,52297,79,MobileCrew,TRK000000052297,delivered,,,10.53,2026-05-15T15:23:30Z,2026-05-15T19:44:54Z,2026-05-22T14:21:33Z
8368,52298,84,UtilityFleet,TRK000000052298,delivered,,,13.8,2026-05-18T07:15:15Z,2026-05-19T15:50:03Z,2026-05-22T14:21:33Z
8369,52303,88,FieldRoute,TRK000000052303,in_transit,,,6.68,2026-05-12T17:56:49Z,,2026-05-22T14:21:33Z
8370,52304,87,GridCourier,TRK000000052304,delivered,,,20.29,2026-05-15T20:11:03Z,2026-05-16T13:59:15Z,2026-05-22T14:21:33Z
8371,52305,80,MobileCrew,TRK000000052305,delivered,,,24.63,2026-05-13T10:14:59Z,2026-05-14T11:35:24Z,2026-05-22T14:21:33Z
8372,52306,82,UtilityFleet,TRK000000052306,delivered,,,22.88,2026-05-15T19:46:58Z,2026-05-16T19:06:08Z,2026-05-22T14:21:33Z
8373,52311,86,FieldRoute,TRK000000052311,in_transit,,,24.48,2026-05-20T13:46:56Z,,2026-05-22T14:21:33Z
8374,52312,82,GridCourier,TRK000000052312,delivered,,,21.54,2026-05-17T01:17:39Z,2026-05-17T16:25:03Z,2026-05-22T14:21:33Z
8375,52313,88,MobileCrew,TRK000000052313,delivered,,,16.75,2026-05-13T10:58:14Z,2026-05-14T12:56:22Z,2026-05-22T14:21:33Z
8376,52314,87,UtilityFleet,TRK000000052314,delivered,,,15.27,2026-05-14T00:30:02Z,2026-05-15T03:10:03Z,2026-05-22T14:21:33Z
8377,52319,87,FieldRoute,TRK000000052319,in_transit,,,19.21,2026-05-14T08:09:54Z,,2026-05-22T14:21:33Z
8378,52320,79,GridCourier,TRK000000052320,delivered,,,11.41,2026-05-13T01:27:05Z,2026-05-14T08:03:08Z,2026-05-22T14:21:33Z
8379,52321,79,MobileCrew,TRK000000052321,delivered,,,22.92,2026-05-16T09:02:26Z,2026-05-16T16:36:05Z,2026-05-22T14:21:33Z
8380,52322,84,UtilityFleet,TRK000000052322,delivered,,,23.88,2026-05-13T08:13:12Z,2026-05-13T18:44:10Z,2026-05-22T14:21:33Z
8381,52327,77,FieldRoute,TRK000000052327,in_transit,,,16.4,2026-05-16T10:55:15Z,,2026-05-22T14:21:33Z
8382,52328,88,GridCourier,TRK000000052328,delivered,,,6.22,2026-05-12T21:15:52Z,2026-05-14T02:23:45Z,2026-05-22T14:21:33Z
8383,52329,86,MobileCrew,TRK000000052329,delivered,,,24.9,2026-05-19T21:48:46Z,2026-05-21T04:06:55Z,2026-05-22T14:21:33Z
8384,52330,85,UtilityFleet,TRK000000052330,delivered,,,22.34,2026-05-19T17:28:35Z,2026-05-20T08:33:09Z,2026-05-22T14:21:33Z
8385,52335,80,FieldRoute,TRK000000052335,in_transit,,,13.66,2026-05-15T23:00:24Z,,2026-05-22T14:21:33Z
8386,52336,86,GridCourier,TRK000000052336,delivered,,,24.46,2026-05-17T00:14:34Z,2026-05-17T19:18:34Z,2026-05-22T14:21:33Z
8387,52337,84,MobileCrew,TRK000000052337,delivered,,,11.85,2026-05-18T11:16:37Z,2026-05-18T23:29:38Z,2026-05-22T14:21:33Z
8388,52338,88,UtilityFleet,TRK000000052338,delivered,,,9.88,2026-05-16T01:46:29Z,2026-05-16T20:07:01Z,2026-05-22T14:21:33Z
8389,52343,78,FieldRoute,TRK000000052343,in_transit,,,7.43,2026-05-19T07:33:51Z,,2026-05-22T14:21:33Z
8390,52344,87,GridCourier,TRK000000052344,delivered,,,9.36,2026-05-16T08:50:13Z,2026-05-17T15:48:36Z,2026-05-22T14:21:33Z
8391,52345,82,MobileCrew,TRK000000052345,delivered,,,19.74,2026-05-20T12:17:03Z,2026-05-20T23:33:35Z,2026-05-22T14:21:33Z
8392,52346,85,UtilityFleet,TRK000000052346,delivered,,,11.37,2026-05-14T23:59:45Z,2026-05-15T03:10:09Z,2026-05-22T14:21:33Z
8393,52351,84,FieldRoute,TRK000000052351,in_transit,,,16.91,2026-05-19T05:42:42Z,,2026-05-22T14:21:33Z
8394,52352,80,GridCourier,TRK000000052352,delivered,,,15.61,2026-05-19T18:08:02Z,2026-05-20T08:11:45Z,2026-05-22T14:21:33Z
8395,52353,78,MobileCrew,TRK000000052353,delivered,,,23.07,2026-05-19T17:16:06Z,2026-05-20T06:00:28Z,2026-05-22T14:21:33Z
8396,52354,86,UtilityFleet,TRK000000052354,delivered,,,19.55,2026-05-17T18:05:39Z,2026-05-18T04:08:38Z,2026-05-22T14:21:33Z
8397,52359,88,FieldRoute,TRK000000052359,in_transit,,,8.17,2026-05-14T11:02:38Z,,2026-05-22T14:21:33Z
8398,52360,88,GridCourier,TRK000000052360,delivered,,,15.57,2026-05-18T13:06:57Z,2026-05-19T10:39:13Z,2026-05-22T14:21:33Z
8399,52361,80,MobileCrew,TRK000000052361,delivered,,,6.01,2026-05-12T16:29:00Z,2026-05-13T05:07:11Z,2026-05-22T14:21:33Z
8400,52362,84,UtilityFleet,TRK000000052362,delivered,,,10.3,2026-05-19T23:10:36Z,2026-05-20T17:03:04Z,2026-05-22T14:21:33Z
8401,52367,83,FieldRoute,TRK000000052367,in_transit,,,22.39,2026-05-18T12:11:51Z,,2026-05-22T14:21:33Z
8402,52368,82,GridCourier,TRK000000052368,delivered,,,17.94,2026-05-20T14:07:50Z,2026-05-21T04:49:41Z,2026-05-22T14:21:33Z
8403,52369,83,MobileCrew,TRK000000052369,delivered,,,15.52,2026-05-17T11:22:32Z,2026-05-18T12:23:19Z,2026-05-22T14:21:33Z
8404,52370,79,UtilityFleet,TRK000000052370,delivered,,,24.25,2026-05-13T06:04:44Z,2026-05-13T21:37:14Z,2026-05-22T14:21:33Z
8405,52375,82,FieldRoute,TRK000000052375,in_transit,,,13.55,2026-05-17T17:33:40Z,,2026-05-22T14:21:33Z
8406,52376,83,GridCourier,TRK000000052376,delivered,,,7.05,2026-05-16T04:59:13Z,2026-05-17T11:03:28Z,2026-05-22T14:21:33Z
8407,52377,87,MobileCrew,TRK000000052377,delivered,,,6.85,2026-05-19T21:00:31Z,2026-05-21T02:53:28Z,2026-05-22T14:21:33Z
8408,52378,85,UtilityFleet,TRK000000052378,delivered,,,6.47,2026-05-19T00:02:40Z,2026-05-19T10:45:10Z,2026-05-22T14:21:33Z
8409,52383,77,FieldRoute,TRK000000052383,in_transit,,,9.77,2026-05-15T13:27:21Z,,2026-05-22T14:21:33Z
8410,52384,79,GridCourier,TRK000000052384,delivered,,,11.04,2026-05-20T07:14:40Z,2026-05-20T13:37:40Z,2026-05-22T14:21:33Z
8411,52385,79,MobileCrew,TRK000000052385,delivered,,,9.65,2026-05-17T14:34:53Z,2026-05-18T08:36:06Z,2026-05-22T14:21:33Z
8412,52386,83,UtilityFleet,TRK000000052386,delivered,,,8.79,2026-05-19T01:10:17Z,2026-05-20T06:53:38Z,2026-05-22T14:21:33Z
8413,52391,83,FieldRoute,TRK000000052391,in_transit,,,11.55,2026-05-12T22:04:59Z,,2026-05-22T14:21:33Z
8414,52392,87,GridCourier,TRK000000052392,delivered,,,22.56,2026-05-14T14:35:27Z,2026-05-15T20:21:54Z,2026-05-22T14:21:33Z
8415,52393,83,MobileCrew,TRK000000052393,delivered,,,5.34,2026-05-16T02:50:26Z,2026-05-17T01:11:51Z,2026-05-22T14:21:33Z
8416,52394,81,UtilityFleet,TRK000000052394,delivered,,,18.07,2026-05-17T02:00:15Z,2026-05-17T16:26:48Z,2026-05-22T14:21:33Z
8417,52399,77,FieldRoute,TRK000000052399,in_transit,,,12.88,2026-05-13T07:56:21Z,,2026-05-22T14:21:33Z
8418,52400,79,GridCourier,TRK000000052400,delivered,,,11.79,2026-05-13T16:15:46Z,2026-05-15T02:21:58Z,2026-05-22T14:21:33Z
8419,52401,80,MobileCrew,TRK000000052401,delivered,,,7.8,2026-05-18T12:16:18Z,2026-05-19T19:27:26Z,2026-05-22T14:21:33Z
8420,52402,78,UtilityFleet,TRK000000052402,delivered,,,6.48,2026-05-16T11:42:06Z,2026-05-17T16:44:04Z,2026-05-22T14:21:33Z
8421,52407,85,FieldRoute,TRK000000052407,in_transit,,,17.77,2026-05-18T19:17:00Z,,2026-05-22T14:21:33Z
8422,52408,79,GridCourier,TRK000000052408,delivered,,,6.06,2026-05-19T07:59:11Z,2026-05-20T02:03:44Z,2026-05-22T14:21:33Z
8423,52409,79,MobileCrew,TRK000000052409,delivered,,,13.93,2026-05-12T20:16:14Z,2026-05-14T01:02:59Z,2026-05-22T14:21:33Z
8424,52410,87,UtilityFleet,TRK000000052410,delivered,,,22.91,2026-05-18T21:36:14Z,2026-05-19T18:18:40Z,2026-05-22T14:21:33Z
8425,52415,77,FieldRoute,TRK000000052415,in_transit,,,9.16,2026-05-18T16:19:11Z,,2026-05-22T14:21:33Z
8426,52416,86,GridCourier,TRK000000052416,delivered,,,19.05,2026-05-17T20:23:38Z,2026-05-18T15:27:59Z,2026-05-22T14:21:33Z
8427,52417,88,MobileCrew,TRK000000052417,delivered,,,16.83,2026-05-20T11:10:04Z,2026-05-21T11:06:11Z,2026-05-22T14:21:33Z
8428,52418,86,UtilityFleet,TRK000000052418,delivered,,,8.34,2026-05-19T08:39:12Z,2026-05-20T03:08:02Z,2026-05-22T14:21:33Z
8429,52423,88,FieldRoute,TRK000000052423,in_transit,,,18.8,2026-05-18T04:12:58Z,,2026-05-22T14:21:33Z
8430,52424,83,GridCourier,TRK000000052424,delivered,,,8.66,2026-05-19T09:39:11Z,2026-05-20T00:35:13Z,2026-05-22T14:21:33Z
8431,52425,85,MobileCrew,TRK000000052425,delivered,,,16.68,2026-05-14T23:22:11Z,2026-05-15T05:24:33Z,2026-05-22T14:21:33Z
8432,52426,84,UtilityFleet,TRK000000052426,delivered,,,7.14,2026-05-18T09:54:56Z,2026-05-18T12:02:29Z,2026-05-22T14:21:33Z
8433,52431,79,FieldRoute,TRK000000052431,in_transit,,,19.91,2026-05-13T10:49:50Z,,2026-05-22T14:21:33Z
8434,52432,79,GridCourier,TRK000000052432,delivered,,,21.87,2026-05-18T23:56:38Z,2026-05-19T05:39:32Z,2026-05-22T14:21:33Z
8435,52433,83,MobileCrew,TRK000000052433,delivered,,,14.55,2026-05-13T03:57:36Z,2026-05-14T13:08:08Z,2026-05-22T14:21:33Z
8436,52434,84,UtilityFleet,TRK000000052434,delivered,,,13.29,2026-05-20T11:21:03Z,2026-05-21T15:47:47Z,2026-05-22T14:21:33Z
8437,52439,78,FieldRoute,TRK000000052439,in_transit,,,18,2026-05-18T09:22:16Z,,2026-05-22T14:21:33Z
8438,52440,87,GridCourier,TRK000000052440,delivered,,,17.23,2026-05-13T03:20:39Z,2026-05-13T23:58:33Z,2026-05-22T14:21:33Z
8439,52441,78,MobileCrew,TRK000000052441,delivered,,,17.85,2026-05-19T16:01:24Z,2026-05-20T21:46:27Z,2026-05-22T14:21:33Z
8440,52442,81,UtilityFleet,TRK000000052442,delivered,,,13.5,2026-05-18T02:53:32Z,2026-05-18T21:55:38Z,2026-05-22T14:21:33Z
8441,52447,85,FieldRoute,TRK000000052447,in_transit,,,21.98,2026-05-15T16:38:21Z,,2026-05-22T14:21:33Z
8442,52448,81,GridCourier,TRK000000052448,delivered,,,17.07,2026-05-15T01:50:10Z,2026-05-15T20:27:07Z,2026-05-22T14:21:33Z
8443,52449,87,MobileCrew,TRK000000052449,delivered,,,24.35,2026-05-16T19:44:11Z,2026-05-17T15:44:06Z,2026-05-22T14:21:33Z
8444,52450,84,UtilityFleet,TRK000000052450,delivered,,,7.72,2026-05-20T11:15:03Z,2026-05-20T19:29:46Z,2026-05-22T14:21:33Z
8445,52455,77,FieldRoute,TRK000000052455,in_transit,,,21.19,2026-05-20T06:14:14Z,,2026-05-22T14:21:33Z
8446,52456,85,GridCourier,TRK000000052456,delivered,,,12.96,2026-05-13T16:48:19Z,2026-05-14T17:19:30Z,2026-05-22T14:21:33Z
8447,52457,87,MobileCrew,TRK000000052457,delivered,,,14.78,2026-05-14T18:08:41Z,2026-05-15T14:51:52Z,2026-05-22T14:21:33Z
8448,52458,79,UtilityFleet,TRK000000052458,delivered,,,6.07,2026-05-18T04:30:58Z,2026-05-19T02:22:42Z,2026-05-22T14:21:33Z
8449,52463,84,FieldRoute,TRK000000052463,in_transit,,,24.69,2026-05-17T18:59:01Z,,2026-05-22T14:21:33Z
8450,52464,84,GridCourier,TRK000000052464,delivered,,,10.16,2026-05-17T19:47:27Z,2026-05-18T09:10:11Z,2026-05-22T14:21:33Z
8451,52465,81,MobileCrew,TRK000000052465,delivered,,,20.6,2026-05-18T09:04:51Z,2026-05-18T13:22:24Z,2026-05-22T14:21:33Z
8452,52466,83,UtilityFleet,TRK000000052466,delivered,,,21.57,2026-05-16T15:18:17Z,2026-05-16T23:25:59Z,2026-05-22T14:21:33Z
8453,52471,84,FieldRoute,TRK000000052471,in_transit,,,15.99,2026-05-14T17:58:16Z,,2026-05-22T14:21:33Z
8454,52472,86,GridCourier,TRK000000052472,delivered,,,7.46,2026-05-15T06:23:54Z,2026-05-16T14:14:11Z,2026-05-22T14:21:33Z
8455,52473,77,MobileCrew,TRK000000052473,delivered,,,5.78,2026-05-14T07:43:00Z,2026-05-14T15:04:23Z,2026-05-22T14:21:33Z
8456,52474,79,UtilityFleet,TRK000000052474,delivered,,,6.33,2026-05-18T17:47:57Z,2026-05-19T20:40:44Z,2026-05-22T14:21:33Z
8457,52479,80,FieldRoute,TRK000000052479,in_transit,,,16.53,2026-05-13T02:23:07Z,,2026-05-22T14:21:33Z
8458,52480,77,GridCourier,TRK000000052480,delivered,,,11,2026-05-19T10:04:46Z,2026-05-19T14:46:05Z,2026-05-22T14:21:33Z
8459,52481,83,MobileCrew,TRK000000052481,delivered,,,5.06,2026-05-16T04:35:20Z,2026-05-16T18:04:14Z,2026-05-22T14:21:33Z
8460,52482,84,UtilityFleet,TRK000000052482,delivered,,,10.62,2026-05-12T19:48:13Z,2026-05-14T06:31:53Z,2026-05-22T14:21:33Z
8461,52487,86,FieldRoute,TRK000000052487,in_transit,,,13.02,2026-05-19T14:03:23Z,,2026-05-22T14:21:33Z
8462,52488,86,GridCourier,TRK000000052488,delivered,,,20.86,2026-05-13T20:46:33Z,2026-05-14T12:32:54Z,2026-05-22T14:21:33Z
8463,52489,83,MobileCrew,TRK000000052489,delivered,,,6.4,2026-05-13T14:39:52Z,2026-05-13T19:28:11Z,2026-05-22T14:21:33Z
8464,52490,83,UtilityFleet,TRK000000052490,delivered,,,13.04,2026-05-18T22:15:55Z,2026-05-19T10:35:23Z,2026-05-22T14:21:33Z
8465,52495,80,FieldRoute,TRK000000052495,in_transit,,,24.31,2026-05-15T21:18:20Z,,2026-05-22T14:21:33Z
8466,52496,84,GridCourier,TRK000000052496,delivered,,,24.22,2026-05-18T00:14:51Z,2026-05-18T16:46:23Z,2026-05-22T14:21:33Z
8467,52497,80,MobileCrew,TRK000000052497,delivered,,,23.27,2026-05-13T02:29:50Z,2026-05-14T05:05:33Z,2026-05-22T14:21:33Z
8468,52498,77,UtilityFleet,TRK000000052498,delivered,,,11.12,2026-05-16T13:05:14Z,2026-05-17T23:18:45Z,2026-05-22T14:21:33Z
8469,52503,77,FieldRoute,TRK000000052503,in_transit,,,19.1,2026-05-13T19:00:01Z,,2026-05-22T14:21:33Z
8470,52504,81,GridCourier,TRK000000052504,delivered,,,13.68,2026-05-16T20:35:26Z,2026-05-17T22:32:22Z,2026-05-22T14:21:33Z
8471,52505,86,MobileCrew,TRK000000052505,delivered,,,8.53,2026-05-13T12:14:52Z,2026-05-14T01:43:57Z,2026-05-22T14:21:33Z
8472,52506,86,UtilityFleet,TRK000000052506,delivered,,,9.34,2026-05-14T02:40:02Z,2026-05-15T07:43:57Z,2026-05-22T14:21:33Z
8473,52511,83,FieldRoute,TRK000000052511,in_transit,,,10.11,2026-05-12T21:53:40Z,,2026-05-22T14:21:33Z
8474,52512,84,GridCourier,TRK000000052512,delivered,,,19.39,2026-05-12T23:07:34Z,2026-05-13T09:55:37Z,2026-05-22T14:21:33Z
8475,52513,83,MobileCrew,TRK000000052513,delivered,,,11.46,2026-05-18T00:01:00Z,2026-05-19T01:47:40Z,2026-05-22T14:21:33Z
8476,52514,86,UtilityFleet,TRK000000052514,delivered,,,15.99,2026-05-16T11:40:22Z,2026-05-17T05:26:54Z,2026-05-22T14:21:33Z
8477,52519,77,FieldRoute,TRK000000052519,in_transit,,,22.63,2026-05-12T20:28:18Z,,2026-05-22T14:21:33Z
8478,52520,79,GridCourier,TRK000000052520,delivered,,,10.43,2026-05-17T21:42:44Z,2026-05-19T00:19:47Z,2026-05-22T14:21:33Z
8479,52521,82,MobileCrew,TRK000000052521,delivered,,,17.21,2026-05-12T17:54:58Z,2026-05-13T05:01:54Z,2026-05-22T14:21:33Z
8480,52522,77,UtilityFleet,TRK000000052522,delivered,,,21.49,2026-05-16T23:33:46Z,2026-05-18T03:16:38Z,2026-05-22T14:21:33Z
8481,52527,84,FieldRoute,TRK000000052527,in_transit,,,19.62,2026-05-13T20:45:30Z,,2026-05-22T14:21:33Z
8482,52528,79,GridCourier,TRK000000052528,delivered,,,10.18,2026-05-19T08:44:35Z,2026-05-20T10:15:22Z,2026-05-22T14:21:33Z
8483,52529,86,MobileCrew,TRK000000052529,delivered,,,15.76,2026-05-15T16:46:18Z,2026-05-17T00:07:26Z,2026-05-22T14:21:33Z
8484,52530,88,UtilityFleet,TRK000000052530,delivered,,,13.86,2026-05-16T12:06:57Z,2026-05-16T19:24:45Z,2026-05-22T14:21:33Z
8485,52535,85,FieldRoute,TRK000000052535,in_transit,,,14.55,2026-05-13T05:41:52Z,,2026-05-22T14:21:33Z
8486,52536,79,GridCourier,TRK000000052536,delivered,,,18.29,2026-05-16T04:07:34Z,2026-05-17T00:22:55Z,2026-05-22T14:21:33Z
8487,52537,77,MobileCrew,TRK000000052537,delivered,,,22.39,2026-05-14T23:54:17Z,2026-05-15T08:57:10Z,2026-05-22T14:21:33Z
8488,52538,85,UtilityFleet,TRK000000052538,delivered,,,7.8,2026-05-19T04:03:41Z,2026-05-19T10:16:34Z,2026-05-22T14:21:33Z
8489,52543,85,FieldRoute,TRK000000052543,in_transit,,,11.51,2026-05-13T02:58:06Z,,2026-05-22T14:21:33Z
8490,52544,77,GridCourier,TRK000000052544,delivered,,,15.86,2026-05-18T12:23:52Z,2026-05-18T20:55:07Z,2026-05-22T14:21:33Z
8491,52545,81,MobileCrew,TRK000000052545,delivered,,,15.62,2026-05-14T16:09:29Z,2026-05-15T07:25:29Z,2026-05-22T14:21:33Z
8492,52546,81,UtilityFleet,TRK000000052546,delivered,,,11.18,2026-05-12T22:15:07Z,2026-05-13T21:03:56Z,2026-05-22T14:21:33Z
8493,52551,86,FieldRoute,TRK000000052551,in_transit,,,18.83,2026-05-16T22:38:13Z,,2026-05-22T14:21:33Z
8494,52552,84,GridCourier,TRK000000052552,delivered,,,14.11,2026-05-19T18:59:25Z,2026-05-20T04:53:56Z,2026-05-22T14:21:33Z
8495,52553,77,MobileCrew,TRK000000052553,delivered,,,14.1,2026-05-19T10:56:25Z,2026-05-20T16:22:05Z,2026-05-22T14:21:33Z
8496,52554,88,UtilityFleet,TRK000000052554,delivered,,,11.47,2026-05-14T03:48:49Z,2026-05-15T13:40:27Z,2026-05-22T14:21:33Z
8497,52559,79,FieldRoute,TRK000000052559,in_transit,,,19.05,2026-05-17T21:37:57Z,,2026-05-22T14:21:33Z
8498,52560,85,GridCourier,TRK000000052560,delivered,,,16.68,2026-05-15T06:42:54Z,2026-05-15T14:47:48Z,2026-05-22T14:21:33Z
8499,52561,79,MobileCrew,TRK000000052561,delivered,,,14.3,2026-05-14T00:23:23Z,2026-05-15T11:55:11Z,2026-05-22T14:21:33Z
8500,52562,79,UtilityFleet,TRK000000052562,delivered,,,24.88,2026-05-19T04:57:08Z,2026-05-20T09:48:05Z,2026-05-22T14:21:33Z
8501,52567,77,FieldRoute,TRK000000052567,in_transit,,,24.03,2026-05-16T04:02:54Z,,2026-05-22T14:21:33Z
8502,52568,79,GridCourier,TRK000000052568,delivered,,,22.16,2026-05-16T07:22:47Z,2026-05-16T22:30:02Z,2026-05-22T14:21:33Z
8503,52569,81,MobileCrew,TRK000000052569,delivered,,,11.71,2026-05-12T14:45:46Z,2026-05-12T16:59:10Z,2026-05-22T14:21:33Z
8504,52570,83,UtilityFleet,TRK000000052570,delivered,,,23.34,2026-05-15T04:38:44Z,2026-05-15T23:30:15Z,2026-05-22T14:21:33Z
8505,52575,78,FieldRoute,TRK000000052575,in_transit,,,8.09,2026-05-19T10:41:57Z,,2026-05-22T14:21:33Z
8506,52576,79,GridCourier,TRK000000052576,delivered,,,16.64,2026-05-15T18:40:49Z,2026-05-16T19:34:30Z,2026-05-22T14:21:33Z
8507,52577,85,MobileCrew,TRK000000052577,delivered,,,17.86,2026-05-13T08:55:10Z,2026-05-14T06:23:33Z,2026-05-22T14:21:33Z
8508,52578,80,UtilityFleet,TRK000000052578,delivered,,,9.09,2026-05-13T05:26:52Z,2026-05-14T16:49:33Z,2026-05-22T14:21:33Z
8509,52583,84,FieldRoute,TRK000000052583,in_transit,,,17.83,2026-05-17T09:40:12Z,,2026-05-22T14:21:33Z
8510,52584,88,GridCourier,TRK000000052584,delivered,,,11.85,2026-05-14T00:47:31Z,2026-05-14T13:05:10Z,2026-05-22T14:21:33Z
8511,52585,79,MobileCrew,TRK000000052585,delivered,,,5.84,2026-05-13T10:53:56Z,2026-05-14T02:39:47Z,2026-05-22T14:21:33Z
8512,52586,79,UtilityFleet,TRK000000052586,delivered,,,12.71,2026-05-15T02:57:49Z,2026-05-15T20:18:00Z,2026-05-22T14:21:33Z
8513,52591,87,FieldRoute,TRK000000052591,in_transit,,,24.94,2026-05-15T02:48:31Z,,2026-05-22T14:21:33Z
8514,52592,80,GridCourier,TRK000000052592,delivered,,,23.07,2026-05-13T17:19:01Z,2026-05-13T23:46:47Z,2026-05-22T14:21:33Z
8515,52593,87,MobileCrew,TRK000000052593,delivered,,,11.53,2026-05-13T19:11:00Z,2026-05-14T01:22:43Z,2026-05-22T14:21:33Z
8516,52594,86,UtilityFleet,TRK000000052594,delivered,,,17.11,2026-05-14T15:00:07Z,2026-05-15T04:11:39Z,2026-05-22T14:21:33Z
8517,52599,78,FieldRoute,TRK000000052599,in_transit,,,9.23,2026-05-15T22:17:50Z,,2026-05-22T14:21:33Z
8518,52600,80,GridCourier,TRK000000052600,delivered,,,13.86,2026-05-19T01:40:18Z,2026-05-19T19:17:07Z,2026-05-22T14:21:33Z
8519,52601,87,MobileCrew,TRK000000052601,delivered,,,15.46,2026-05-17T16:56:27Z,2026-05-18T14:04:25Z,2026-05-22T14:21:33Z
8520,52602,79,UtilityFleet,TRK000000052602,delivered,,,16.08,2026-05-18T01:28:25Z,2026-05-19T06:57:36Z,2026-05-22T14:21:33Z
8521,52607,87,FieldRoute,TRK000000052607,in_transit,,,17.91,2026-05-17T19:10:27Z,,2026-05-22T14:21:33Z
8522,52608,81,GridCourier,TRK000000052608,delivered,,,13.31,2026-05-20T07:00:04Z,2026-05-20T10:34:44Z,2026-05-22T14:21:33Z
8523,52609,85,MobileCrew,TRK000000052609,delivered,,,17.35,2026-05-20T00:25:01Z,2026-05-21T07:29:40Z,2026-05-22T14:21:33Z
8524,52610,86,UtilityFleet,TRK000000052610,delivered,,,20.25,2026-05-13T06:45:49Z,2026-05-13T23:55:11Z,2026-05-22T14:21:33Z
8525,52615,82,FieldRoute,TRK000000052615,in_transit,,,5.47,2026-05-15T23:11:46Z,,2026-05-22T14:21:33Z
8526,52616,84,GridCourier,TRK000000052616,delivered,,,22.26,2026-05-12T15:34:20Z,2026-05-13T14:34:33Z,2026-05-22T14:21:33Z
8527,52617,86,MobileCrew,TRK000000052617,delivered,,,20.45,2026-05-19T16:00:36Z,2026-05-20T02:20:10Z,2026-05-22T14:21:33Z
8528,52618,78,UtilityFleet,TRK000000052618,delivered,,,14.94,2026-05-13T22:20:08Z,2026-05-14T08:07:20Z,2026-05-22T14:21:33Z
8529,52623,87,FieldRoute,TRK000000052623,in_transit,,,11.51,2026-05-17T08:15:24Z,,2026-05-22T14:21:33Z
8530,52624,81,GridCourier,TRK000000052624,delivered,,,19.41,2026-05-15T05:17:32Z,2026-05-16T05:49:00Z,2026-05-22T14:21:33Z
8531,52625,87,MobileCrew,TRK000000052625,delivered,,,20.18,2026-05-13T18:14:42Z,2026-05-15T00:34:07Z,2026-05-22T14:21:33Z
8532,52626,81,UtilityFleet,TRK000000052626,delivered,,,10.44,2026-05-19T10:18:43Z,2026-05-19T14:48:12Z,2026-05-22T14:21:33Z
8533,52631,79,FieldRoute,TRK000000052631,in_transit,,,23.41,2026-05-13T03:46:46Z,,2026-05-22T14:21:33Z
8534,52632,77,GridCourier,TRK000000052632,delivered,,,6.5,2026-05-12T14:56:22Z,2026-05-14T02:19:36Z,2026-05-22T14:21:33Z
8535,52633,87,MobileCrew,TRK000000052633,delivered,,,23.35,2026-05-19T14:34:47Z,2026-05-21T01:46:06Z,2026-05-22T14:21:33Z
8536,52634,82,UtilityFleet,TRK000000052634,delivered,,,8.92,2026-05-18T02:19:17Z,2026-05-18T19:14:10Z,2026-05-22T14:21:33Z
8537,52639,79,FieldRoute,TRK000000052639,in_transit,,,23.95,2026-05-15T02:21:34Z,,2026-05-22T14:21:33Z
8538,52640,79,GridCourier,TRK000000052640,delivered,,,12.6,2026-05-19T01:49:59Z,2026-05-19T20:17:18Z,2026-05-22T14:21:33Z
8539,52641,88,MobileCrew,TRK000000052641,delivered,,,16.15,2026-05-20T13:04:36Z,2026-05-20T17:02:23Z,2026-05-22T14:21:33Z
8540,52642,87,UtilityFleet,TRK000000052642,delivered,,,15.75,2026-05-14T15:15:22Z,2026-05-15T14:42:50Z,2026-05-22T14:21:33Z
8541,52647,84,FieldRoute,TRK000000052647,in_transit,,,10.06,2026-05-19T07:07:58Z,,2026-05-22T14:21:33Z
8542,52648,82,GridCourier,TRK000000052648,delivered,,,21.56,2026-05-18T19:58:06Z,2026-05-19T15:15:04Z,2026-05-22T14:21:33Z
8543,52649,79,MobileCrew,TRK000000052649,delivered,,,12.85,2026-05-16T19:22:41Z,2026-05-18T03:48:04Z,2026-05-22T14:21:33Z
8544,52650,79,UtilityFleet,TRK000000052650,delivered,,,16.15,2026-05-19T02:14:40Z,2026-05-19T06:38:07Z,2026-05-22T14:21:33Z
8545,52655,88,FieldRoute,TRK000000052655,in_transit,,,18.01,2026-05-14T09:41:42Z,,2026-05-22T14:21:33Z
8546,52656,84,GridCourier,TRK000000052656,delivered,,,15.41,2026-05-14T20:36:58Z,2026-05-15T18:17:18Z,2026-05-22T14:21:33Z
8547,52657,86,MobileCrew,TRK000000052657,delivered,,,22.5,2026-05-13T09:40:40Z,2026-05-13T17:16:46Z,2026-05-22T14:21:33Z
8548,52658,79,UtilityFleet,TRK000000052658,delivered,,,19.17,2026-05-18T08:15:55Z,2026-05-19T12:16:38Z,2026-05-22T14:21:33Z
8549,52663,79,FieldRoute,TRK000000052663,in_transit,,,17.09,2026-05-20T03:57:22Z,,2026-05-22T14:21:33Z
8550,52664,77,GridCourier,TRK000000052664,delivered,,,15.72,2026-05-17T15:04:00Z,2026-05-18T06:25:20Z,2026-05-22T14:21:33Z
8551,52665,82,MobileCrew,TRK000000052665,delivered,,,21.37,2026-05-19T20:49:51Z,2026-05-20T10:20:53Z,2026-05-22T14:21:33Z
8552,52666,81,UtilityFleet,TRK000000052666,delivered,,,9.14,2026-05-15T18:40:13Z,2026-05-16T21:25:51Z,2026-05-22T14:21:33Z
8553,52671,85,FieldRoute,TRK000000052671,in_transit,,,24.51,2026-05-17T12:01:16Z,,2026-05-22T14:21:33Z
8554,52672,86,GridCourier,TRK000000052672,delivered,,,22.02,2026-05-12T17:25:37Z,2026-05-13T05:58:49Z,2026-05-22T14:21:33Z
8555,52673,83,MobileCrew,TRK000000052673,delivered,,,19.84,2026-05-18T23:22:49Z,2026-05-19T13:18:45Z,2026-05-22T14:21:33Z
8556,52674,84,UtilityFleet,TRK000000052674,delivered,,,11.34,2026-05-15T05:03:30Z,2026-05-16T09:22:23Z,2026-05-22T14:21:33Z
8557,52679,82,FieldRoute,TRK000000052679,in_transit,,,5.21,2026-05-17T13:01:00Z,,2026-05-22T14:21:33Z
8558,52680,79,GridCourier,TRK000000052680,delivered,,,17.06,2026-05-18T06:51:03Z,2026-05-18T11:28:25Z,2026-05-22T14:21:33Z
8559,52681,84,MobileCrew,TRK000000052681,delivered,,,23.3,2026-05-13T00:30:54Z,2026-05-14T03:56:55Z,2026-05-22T14:21:33Z
8560,52682,81,UtilityFleet,TRK000000052682,delivered,,,24.89,2026-05-15T05:03:56Z,2026-05-16T00:10:31Z,2026-05-22T14:21:33Z
8561,52687,80,FieldRoute,TRK000000052687,in_transit,,,17.12,2026-05-14T14:28:05Z,,2026-05-22T14:21:33Z
8562,52688,85,GridCourier,TRK000000052688,delivered,,,5.41,2026-05-15T21:32:05Z,2026-05-15T23:36:52Z,2026-05-22T14:21:33Z
8563,52689,85,MobileCrew,TRK000000052689,delivered,,,6.17,2026-05-17T01:46:41Z,2026-05-17T16:04:01Z,2026-05-22T14:21:33Z
8564,52690,86,UtilityFleet,TRK000000052690,delivered,,,24.36,2026-05-16T18:28:31Z,2026-05-17T03:13:55Z,2026-05-22T14:21:33Z
8565,52695,78,FieldRoute,TRK000000052695,in_transit,,,17.39,2026-05-12T18:01:19Z,,2026-05-22T14:21:33Z
8566,52696,78,GridCourier,TRK000000052696,delivered,,,20.73,2026-05-19T01:16:08Z,2026-05-20T00:59:47Z,2026-05-22T14:21:33Z
8567,52697,80,MobileCrew,TRK000000052697,delivered,,,7.98,2026-05-13T10:25:09Z,2026-05-14T06:20:50Z,2026-05-22T14:21:33Z
8568,52698,85,UtilityFleet,TRK000000052698,delivered,,,6.34,2026-05-19T12:47:54Z,2026-05-20T15:38:40Z,2026-05-22T14:21:33Z
8569,52703,85,FieldRoute,TRK000000052703,in_transit,,,9.3,2026-05-13T04:51:24Z,,2026-05-22T14:21:33Z
8570,52704,80,GridCourier,TRK000000052704,delivered,,,6.5,2026-05-17T04:49:31Z,2026-05-18T14:25:48Z,2026-05-22T14:21:33Z
8571,52705,86,MobileCrew,TRK000000052705,delivered,,,10.8,2026-05-19T06:37:34Z,2026-05-20T02:42:10Z,2026-05-22T14:21:33Z
8572,52706,86,UtilityFleet,TRK000000052706,delivered,,,13.24,2026-05-18T10:56:24Z,2026-05-19T11:09:29Z,2026-05-22T14:21:33Z
8573,52711,84,FieldRoute,TRK000000052711,in_transit,,,21.05,2026-05-12T23:15:31Z,,2026-05-22T14:21:33Z
8574,52712,79,GridCourier,TRK000000052712,delivered,,,21.36,2026-05-19T06:10:28Z,2026-05-20T10:19:20Z,2026-05-22T14:21:33Z
8575,52713,81,MobileCrew,TRK000000052713,delivered,,,23.74,2026-05-19T23:04:17Z,2026-05-20T16:16:49Z,2026-05-22T14:21:33Z
8576,52714,81,UtilityFleet,TRK000000052714,delivered,,,23.66,2026-05-19T17:45:17Z,2026-05-20T05:04:24Z,2026-05-22T14:21:33Z
8577,52719,87,FieldRoute,TRK000000052719,in_transit,,,18.44,2026-05-13T04:33:13Z,,2026-05-22T14:21:33Z
8578,52720,78,GridCourier,TRK000000052720,delivered,,,24.43,2026-05-13T21:14:25Z,2026-05-14T13:17:24Z,2026-05-22T14:21:33Z
8579,52721,82,MobileCrew,TRK000000052721,delivered,,,23.02,2026-05-14T15:37:26Z,2026-05-15T05:03:57Z,2026-05-22T14:21:33Z
8580,52722,83,UtilityFleet,TRK000000052722,delivered,,,20.21,2026-05-19T10:47:18Z,2026-05-19T13:16:22Z,2026-05-22T14:21:33Z
8581,52727,81,FieldRoute,TRK000000052727,in_transit,,,18.26,2026-05-13T04:18:01Z,,2026-05-22T14:21:33Z
8582,52728,79,GridCourier,TRK000000052728,delivered,,,17.08,2026-05-14T03:55:58Z,2026-05-15T10:27:44Z,2026-05-22T14:21:33Z
8583,52729,80,MobileCrew,TRK000000052729,delivered,,,13.2,2026-05-15T12:55:54Z,2026-05-16T09:53:44Z,2026-05-22T14:21:33Z
8584,52730,85,UtilityFleet,TRK000000052730,delivered,,,15.21,2026-05-14T07:04:27Z,2026-05-14T20:21:11Z,2026-05-22T14:21:33Z
8585,52735,88,FieldRoute,TRK000000052735,in_transit,,,15.02,2026-05-14T10:39:21Z,,2026-05-22T14:21:33Z
8586,52736,82,GridCourier,TRK000000052736,delivered,,,18.97,2026-05-15T04:36:39Z,2026-05-15T19:06:26Z,2026-05-22T14:21:33Z
8587,52737,87,MobileCrew,TRK000000052737,delivered,,,12.26,2026-05-17T07:11:54Z,2026-05-17T20:05:55Z,2026-05-22T14:21:33Z
8588,52738,78,UtilityFleet,TRK000000052738,delivered,,,8.39,2026-05-15T21:28:37Z,2026-05-16T06:03:14Z,2026-05-22T14:21:33Z
8589,52743,81,FieldRoute,TRK000000052743,in_transit,,,22.42,2026-05-19T11:06:18Z,,2026-05-22T14:21:33Z
8590,52744,78,GridCourier,TRK000000052744,delivered,,,22.61,2026-05-18T14:16:02Z,2026-05-19T07:40:00Z,2026-05-22T14:21:33Z
8591,52745,78,MobileCrew,TRK000000052745,delivered,,,11.74,2026-05-18T02:25:35Z,2026-05-18T23:31:19Z,2026-05-22T14:21:33Z
8592,52746,88,UtilityFleet,TRK000000052746,delivered,,,9.8,2026-05-19T10:53:48Z,2026-05-20T11:47:34Z,2026-05-22T14:21:33Z
8593,52751,81,FieldRoute,TRK000000052751,in_transit,,,17.43,2026-05-14T08:35:37Z,,2026-05-22T14:21:33Z
8594,52752,83,GridCourier,TRK000000052752,delivered,,,5.99,2026-05-17T03:05:15Z,2026-05-17T22:34:19Z,2026-05-22T14:21:33Z
8595,52753,80,MobileCrew,TRK000000052753,delivered,,,12.76,2026-05-14T22:09:17Z,2026-05-15T19:07:21Z,2026-05-22T14:21:33Z
8596,52754,82,UtilityFleet,TRK000000052754,delivered,,,22.6,2026-05-16T23:34:13Z,2026-05-18T05:24:23Z,2026-05-22T14:21:33Z
8597,52759,87,FieldRoute,TRK000000052759,in_transit,,,18.8,2026-05-20T14:15:25Z,,2026-05-22T14:21:33Z
8598,52760,82,GridCourier,TRK000000052760,delivered,,,19.65,2026-05-16T15:24:51Z,2026-05-18T00:37:43Z,2026-05-22T14:21:33Z
8599,52761,85,MobileCrew,TRK000000052761,delivered,,,16.94,2026-05-15T16:12:41Z,2026-05-16T16:09:15Z,2026-05-22T14:21:33Z
8600,52762,85,UtilityFleet,TRK000000052762,delivered,,,9.99,2026-05-13T07:27:17Z,2026-05-14T15:10:54Z,2026-05-22T14:21:33Z
8601,52767,82,FieldRoute,TRK000000052767,in_transit,,,20.01,2026-05-14T02:56:55Z,,2026-05-22T14:21:33Z
8602,52768,78,GridCourier,TRK000000052768,delivered,,,12.75,2026-05-20T00:45:01Z,2026-05-20T13:11:17Z,2026-05-22T14:21:33Z
8603,52769,84,MobileCrew,TRK000000052769,delivered,,,13.78,2026-05-16T16:24:09Z,2026-05-17T20:43:46Z,2026-05-22T14:21:33Z
8604,52770,81,UtilityFleet,TRK000000052770,delivered,,,20.21,2026-05-14T08:20:20Z,2026-05-15T06:02:28Z,2026-05-22T14:21:33Z
8605,52775,79,FieldRoute,TRK000000052775,in_transit,,,22.31,2026-05-12T14:36:32Z,,2026-05-22T14:21:33Z
8606,52776,79,GridCourier,TRK000000052776,delivered,,,6.11,2026-05-18T09:17:14Z,2026-05-18T11:59:16Z,2026-05-22T14:21:33Z
8607,52777,79,MobileCrew,TRK000000052777,delivered,,,6.9,2026-05-20T01:19:03Z,2026-05-20T14:15:07Z,2026-05-22T14:21:33Z
8608,52778,80,UtilityFleet,TRK000000052778,delivered,,,19.22,2026-05-14T12:00:56Z,2026-05-15T16:40:57Z,2026-05-22T14:21:33Z
8609,52783,83,FieldRoute,TRK000000052783,in_transit,,,21.01,2026-05-12T18:28:06Z,,2026-05-22T14:21:33Z
8610,52784,77,GridCourier,TRK000000052784,delivered,,,17.39,2026-05-16T21:06:29Z,2026-05-17T18:29:01Z,2026-05-22T14:21:33Z
8611,52785,84,MobileCrew,TRK000000052785,delivered,,,17.69,2026-05-19T10:18:09Z,2026-05-19T13:56:36Z,2026-05-22T14:21:33Z
8612,52786,78,UtilityFleet,TRK000000052786,delivered,,,19.83,2026-05-13T00:35:17Z,2026-05-14T06:36:28Z,2026-05-22T14:21:33Z
8613,52791,83,FieldRoute,TRK000000052791,in_transit,,,17.01,2026-05-17T17:09:20Z,,2026-05-22T14:21:33Z
8614,52792,77,GridCourier,TRK000000052792,delivered,,,18.06,2026-05-13T20:23:42Z,2026-05-14T06:15:55Z,2026-05-22T14:21:33Z
8615,52793,88,MobileCrew,TRK000000052793,delivered,,,19.41,2026-05-18T16:21:13Z,2026-05-18T23:53:59Z,2026-05-22T14:21:33Z
8616,52794,78,UtilityFleet,TRK000000052794,delivered,,,20.53,2026-05-14T15:31:42Z,2026-05-14T20:17:03Z,2026-05-22T14:21:33Z
8617,52799,86,FieldRoute,TRK000000052799,in_transit,,,23.18,2026-05-19T16:48:47Z,,2026-05-22T14:21:33Z
8618,52800,80,GridCourier,TRK000000052800,delivered,,,22.36,2026-05-13T04:32:40Z,2026-05-13T21:11:47Z,2026-05-22T14:21:33Z
8619,52801,80,MobileCrew,TRK000000052801,delivered,,,13.14,2026-05-15T07:57:53Z,2026-05-16T07:38:30Z,2026-05-22T14:21:33Z
8620,52802,83,UtilityFleet,TRK000000052802,delivered,,,10.6,2026-05-14T19:43:18Z,2026-05-15T01:50:53Z,2026-05-22T14:21:33Z
8621,52807,86,FieldRoute,TRK000000052807,in_transit,,,20.88,2026-05-17T06:14:57Z,,2026-05-22T14:21:33Z
8622,52808,88,GridCourier,TRK000000052808,delivered,,,24.12,2026-05-20T04:34:06Z,2026-05-21T14:49:10Z,2026-05-22T14:21:33Z
8623,52809,83,MobileCrew,TRK000000052809,delivered,,,13.27,2026-05-18T12:35:53Z,2026-05-19T19:15:25Z,2026-05-22T14:21:33Z
8624,52810,88,UtilityFleet,TRK000000052810,delivered,,,11.24,2026-05-19T13:32:12Z,2026-05-20T23:08:26Z,2026-05-22T14:21:33Z
8625,52815,86,FieldRoute,TRK000000052815,in_transit,,,10.99,2026-05-19T09:54:30Z,,2026-05-22T14:21:33Z
8626,52816,88,GridCourier,TRK000000052816,delivered,,,18.24,2026-05-19T08:26:58Z,2026-05-19T19:20:20Z,2026-05-22T14:21:33Z
8627,52817,80,MobileCrew,TRK000000052817,delivered,,,21.2,2026-05-13T13:33:38Z,2026-05-13T16:45:04Z,2026-05-22T14:21:33Z
8628,52818,85,UtilityFleet,TRK000000052818,delivered,,,18.5,2026-05-17T05:29:00Z,2026-05-17T15:58:04Z,2026-05-22T14:21:33Z
8629,52823,80,FieldRoute,TRK000000052823,in_transit,,,18.63,2026-05-17T08:14:31Z,,2026-05-22T14:21:33Z
8630,52824,81,GridCourier,TRK000000052824,delivered,,,18.21,2026-05-12T16:12:32Z,2026-05-13T06:40:57Z,2026-05-22T14:21:33Z
8631,52825,77,MobileCrew,TRK000000052825,delivered,,,9.77,2026-05-15T04:25:43Z,2026-05-15T07:57:47Z,2026-05-22T14:21:33Z
8632,52826,82,UtilityFleet,TRK000000052826,delivered,,,13.11,2026-05-18T04:48:53Z,2026-05-19T01:11:33Z,2026-05-22T14:21:33Z
8633,52831,87,FieldRoute,TRK000000052831,in_transit,,,8.56,2026-05-19T01:26:18Z,,2026-05-22T14:21:33Z
8634,52832,83,GridCourier,TRK000000052832,delivered,,,15.01,2026-05-15T05:00:00Z,2026-05-16T06:44:08Z,2026-05-22T14:21:33Z
8635,52833,84,MobileCrew,TRK000000052833,delivered,,,8.7,2026-05-19T01:11:30Z,2026-05-20T13:00:28Z,2026-05-22T14:21:33Z
8636,52834,83,UtilityFleet,TRK000000052834,delivered,,,24.11,2026-05-19T08:00:18Z,2026-05-19T13:00:03Z,2026-05-22T14:21:33Z
8637,52839,80,FieldRoute,TRK000000052839,in_transit,,,19.11,2026-05-16T18:21:15Z,,2026-05-22T14:21:33Z
8638,52840,82,GridCourier,TRK000000052840,delivered,,,9.73,2026-05-16T23:00:30Z,2026-05-17T15:24:27Z,2026-05-22T14:21:33Z
8639,52841,87,MobileCrew,TRK000000052841,delivered,,,12.26,2026-05-17T17:13:55Z,2026-05-18T12:02:11Z,2026-05-22T14:21:33Z
8640,52842,82,UtilityFleet,TRK000000052842,delivered,,,24.43,2026-05-17T10:07:33Z,2026-05-17T13:32:36Z,2026-05-22T14:21:33Z
8641,52847,77,FieldRoute,TRK000000052847,in_transit,,,7.82,2026-05-13T21:41:27Z,,2026-05-22T14:21:33Z
8642,52848,78,GridCourier,TRK000000052848,delivered,,,20.69,2026-05-18T18:33:51Z,2026-05-19T09:41:05Z,2026-05-22T14:21:33Z
8643,52849,82,MobileCrew,TRK000000052849,delivered,,,7.98,2026-05-18T16:29:07Z,2026-05-19T01:25:01Z,2026-05-22T14:21:33Z
8644,52850,88,UtilityFleet,TRK000000052850,delivered,,,7.72,2026-05-19T08:05:59Z,2026-05-20T02:16:15Z,2026-05-22T14:21:33Z
8645,52855,87,FieldRoute,TRK000000052855,in_transit,,,18.9,2026-05-17T17:34:42Z,,2026-05-22T14:21:33Z
8646,52856,79,GridCourier,TRK000000052856,delivered,,,7.41,2026-05-18T14:57:22Z,2026-05-19T14:35:16Z,2026-05-22T14:21:33Z
8647,52857,87,MobileCrew,TRK000000052857,delivered,,,21.61,2026-05-15T20:57:38Z,2026-05-16T22:28:22Z,2026-05-22T14:21:33Z
8648,52858,78,UtilityFleet,TRK000000052858,delivered,,,5.03,2026-05-17T09:02:32Z,2026-05-17T15:17:26Z,2026-05-22T14:21:33Z
8649,52863,79,FieldRoute,TRK000000052863,in_transit,,,5.98,2026-05-18T12:48:26Z,,2026-05-22T14:21:33Z
8650,52864,82,GridCourier,TRK000000052864,delivered,,,13.6,2026-05-14T05:16:13Z,2026-05-15T06:26:13Z,2026-05-22T14:21:33Z
8651,52865,81,MobileCrew,TRK000000052865,delivered,,,19.59,2026-05-17T21:36:33Z,2026-05-18T22:57:59Z,2026-05-22T14:21:33Z
8652,52866,83,UtilityFleet,TRK000000052866,delivered,,,22.36,2026-05-15T00:45:25Z,2026-05-16T08:26:20Z,2026-05-22T14:21:33Z
8653,52871,81,FieldRoute,TRK000000052871,in_transit,,,9.46,2026-05-17T14:15:50Z,,2026-05-22T14:21:33Z
8654,52872,85,GridCourier,TRK000000052872,delivered,,,18.13,2026-05-20T09:39:21Z,2026-05-21T19:01:41Z,2026-05-22T14:21:33Z
8655,52873,80,MobileCrew,TRK000000052873,delivered,,,7.64,2026-05-15T07:37:35Z,2026-05-15T17:25:51Z,2026-05-22T14:21:33Z
8656,52874,87,UtilityFleet,TRK000000052874,delivered,,,10.22,2026-05-20T01:17:37Z,2026-05-20T06:32:11Z,2026-05-22T14:21:33Z
8657,52879,86,FieldRoute,TRK000000052879,in_transit,,,10.39,2026-05-19T04:34:55Z,,2026-05-22T14:21:33Z
8658,52880,77,GridCourier,TRK000000052880,delivered,,,20.43,2026-05-14T13:24:21Z,2026-05-15T15:42:12Z,2026-05-22T14:21:33Z
8659,52881,77,MobileCrew,TRK000000052881,delivered,,,15,2026-05-15T15:00:47Z,2026-05-16T09:03:11Z,2026-05-22T14:21:33Z
8660,52882,85,UtilityFleet,TRK000000052882,delivered,,,22.54,2026-05-19T22:28:46Z,2026-05-20T03:27:57Z,2026-05-22T14:21:33Z
8661,52887,86,FieldRoute,TRK000000052887,in_transit,,,12.97,2026-05-13T14:42:42Z,,2026-05-22T14:21:33Z
8662,52888,87,GridCourier,TRK000000052888,delivered,,,21.93,2026-05-18T18:34:31Z,2026-05-19T15:32:11Z,2026-05-22T14:21:33Z
8663,52889,84,MobileCrew,TRK000000052889,delivered,,,16.03,2026-05-18T21:56:27Z,2026-05-20T07:13:31Z,2026-05-22T14:21:33Z
8664,52890,77,UtilityFleet,TRK000000052890,delivered,,,9.03,2026-05-19T03:49:21Z,2026-05-19T12:50:11Z,2026-05-22T14:21:33Z
8665,52895,87,FieldRoute,TRK000000052895,in_transit,,,22.69,2026-05-20T07:27:48Z,,2026-05-22T14:21:33Z
8666,52896,85,GridCourier,TRK000000052896,delivered,,,13.7,2026-05-15T06:19:45Z,2026-05-16T14:52:58Z,2026-05-22T14:21:33Z
8667,52897,82,MobileCrew,TRK000000052897,delivered,,,17.02,2026-05-12T16:21:16Z,2026-05-13T07:43:56Z,2026-05-22T14:21:33Z
8668,52898,85,UtilityFleet,TRK000000052898,delivered,,,18.66,2026-05-19T17:19:41Z,2026-05-21T03:58:59Z,2026-05-22T14:21:33Z
8669,52903,79,FieldRoute,TRK000000052903,in_transit,,,15.91,2026-05-18T23:06:08Z,,2026-05-22T14:21:33Z
8670,52904,81,GridCourier,TRK000000052904,delivered,,,19.96,2026-05-16T01:42:18Z,2026-05-16T07:40:09Z,2026-05-22T14:21:33Z
8671,52905,81,MobileCrew,TRK000000052905,delivered,,,6.05,2026-05-18T15:55:22Z,2026-05-19T11:16:52Z,2026-05-22T14:21:33Z
8672,52906,83,UtilityFleet,TRK000000052906,delivered,,,11.37,2026-05-19T19:59:07Z,2026-05-19T23:26:55Z,2026-05-22T14:21:33Z
8673,52911,86,FieldRoute,TRK000000052911,in_transit,,,22.67,2026-05-18T16:13:18Z,,2026-05-22T14:21:33Z
8674,52912,83,GridCourier,TRK000000052912,delivered,,,17.28,2026-05-15T11:40:06Z,2026-05-16T17:45:44Z,2026-05-22T14:21:33Z
8675,52913,86,MobileCrew,TRK000000052913,delivered,,,15.12,2026-05-15T10:34:10Z,2026-05-16T15:43:07Z,2026-05-22T14:21:33Z
8676,52914,84,UtilityFleet,TRK000000052914,delivered,,,13.15,2026-05-17T22:15:54Z,2026-05-19T02:29:43Z,2026-05-22T14:21:33Z
8677,52919,80,FieldRoute,TRK000000052919,in_transit,,,9.95,2026-05-14T18:16:55Z,,2026-05-22T14:21:33Z
8678,52920,84,GridCourier,TRK000000052920,delivered,,,19.03,2026-05-15T03:18:09Z,2026-05-15T12:17:24Z,2026-05-22T14:21:33Z
8679,52921,88,MobileCrew,TRK000000052921,delivered,,,24.14,2026-05-16T16:13:22Z,2026-05-16T20:02:14Z,2026-05-22T14:21:33Z
8680,52922,79,UtilityFleet,TRK000000052922,delivered,,,16.73,2026-05-15T03:18:29Z,2026-05-15T05:25:48Z,2026-05-22T14:21:33Z
8681,52927,81,FieldRoute,TRK000000052927,in_transit,,,10.58,2026-05-15T06:25:14Z,,2026-05-22T14:21:33Z
8682,52928,81,GridCourier,TRK000000052928,delivered,,,11.78,2026-05-17T12:58:07Z,2026-05-18T13:16:23Z,2026-05-22T14:21:33Z
8683,52929,80,MobileCrew,TRK000000052929,delivered,,,16.82,2026-05-14T20:05:23Z,2026-05-15T12:35:27Z,2026-05-22T14:21:33Z
8684,52930,84,UtilityFleet,TRK000000052930,delivered,,,22.34,2026-05-17T04:02:01Z,2026-05-17T23:20:28Z,2026-05-22T14:21:33Z
8685,52935,88,FieldRoute,TRK000000052935,in_transit,,,19.05,2026-05-14T21:18:32Z,,2026-05-22T14:21:33Z
8686,52936,87,GridCourier,TRK000000052936,delivered,,,23.45,2026-05-19T05:31:29Z,2026-05-19T19:49:41Z,2026-05-22T14:21:33Z
8687,52937,88,MobileCrew,TRK000000052937,delivered,,,19.69,2026-05-19T12:01:09Z,2026-05-20T14:06:13Z,2026-05-22T14:21:33Z
8688,52938,77,UtilityFleet,TRK000000052938,delivered,,,16.95,2026-05-14T09:01:52Z,2026-05-14T12:28:59Z,2026-05-22T14:21:33Z
8689,52943,79,FieldRoute,TRK000000052943,in_transit,,,13.02,2026-05-16T08:38:53Z,,2026-05-22T14:21:33Z
8690,52944,77,GridCourier,TRK000000052944,delivered,,,11.22,2026-05-15T22:05:29Z,2026-05-16T20:40:30Z,2026-05-22T14:21:33Z
8691,52945,86,MobileCrew,TRK000000052945,delivered,,,13.88,2026-05-14T03:13:38Z,2026-05-14T06:09:27Z,2026-05-22T14:21:33Z
8692,52946,78,UtilityFleet,TRK000000052946,delivered,,,15.89,2026-05-19T11:20:43Z,2026-05-19T19:36:54Z,2026-05-22T14:21:33Z
8693,52951,88,FieldRoute,TRK000000052951,in_transit,,,20.05,2026-05-19T03:07:59Z,,2026-05-22T14:21:33Z
8694,52952,85,GridCourier,TRK000000052952,delivered,,,22.75,2026-05-19T02:28:11Z,2026-05-20T06:58:25Z,2026-05-22T14:21:33Z
8695,52953,79,MobileCrew,TRK000000052953,delivered,,,7.74,2026-05-15T10:38:18Z,2026-05-16T22:07:39Z,2026-05-22T14:21:33Z
8696,52954,80,UtilityFleet,TRK000000052954,delivered,,,23.04,2026-05-13T19:00:15Z,2026-05-14T16:12:24Z,2026-05-22T14:21:33Z
8697,52959,88,FieldRoute,TRK000000052959,in_transit,,,19.1,2026-05-13T03:36:01Z,,2026-05-22T14:21:33Z
8698,52960,86,GridCourier,TRK000000052960,delivered,,,18.66,2026-05-20T13:05:23Z,2026-05-21T22:45:13Z,2026-05-22T14:21:33Z
8699,52961,82,MobileCrew,TRK000000052961,delivered,,,18.39,2026-05-16T12:19:42Z,2026-05-17T08:53:12Z,2026-05-22T14:21:33Z
8700,52962,83,UtilityFleet,TRK000000052962,delivered,,,12.43,2026-05-16T05:53:54Z,2026-05-17T16:13:34Z,2026-05-22T14:21:33Z
8701,52967,85,FieldRoute,TRK000000052967,in_transit,,,5.91,2026-05-13T14:38:39Z,,2026-05-22T14:21:33Z
8702,52968,85,GridCourier,TRK000000052968,delivered,,,6.22,2026-05-19T09:19:14Z,2026-05-19T20:01:40Z,2026-05-22T14:21:33Z
8703,52969,79,MobileCrew,TRK000000052969,delivered,,,12.97,2026-05-15T04:24:35Z,2026-05-15T13:23:32Z,2026-05-22T14:21:33Z
8704,52970,88,UtilityFleet,TRK000000052970,delivered,,,11.86,2026-05-19T19:55:29Z,2026-05-20T19:54:54Z,2026-05-22T14:21:33Z
8705,52975,88,FieldRoute,TRK000000052975,in_transit,,,16.2,2026-05-18T23:20:02Z,,2026-05-22T14:21:33Z
8706,52976,87,GridCourier,TRK000000052976,delivered,,,13.56,2026-05-15T20:05:44Z,2026-05-16T00:59:59Z,2026-05-22T14:21:33Z
8707,52977,83,MobileCrew,TRK000000052977,delivered,,,24.78,2026-05-13T11:27:36Z,2026-05-14T17:24:28Z,2026-05-22T14:21:33Z
8708,52978,79,UtilityFleet,TRK000000052978,delivered,,,9.78,2026-05-19T03:17:25Z,2026-05-19T06:08:37Z,2026-05-22T14:21:33Z
8709,52983,83,FieldRoute,TRK000000052983,in_transit,,,6.3,2026-05-18T23:07:20Z,,2026-05-22T14:21:33Z
8710,52984,77,GridCourier,TRK000000052984,delivered,,,15.64,2026-05-16T12:14:37Z,2026-05-17T10:26:20Z,2026-05-22T14:21:33Z
8711,52985,77,MobileCrew,TRK000000052985,delivered,,,5.94,2026-05-15T04:58:02Z,2026-05-15T09:03:28Z,2026-05-22T14:21:33Z
8712,52986,86,UtilityFleet,TRK000000052986,delivered,,,18.77,2026-05-17T21:20:13Z,2026-05-18T22:56:19Z,2026-05-22T14:21:33Z
8713,52991,81,FieldRoute,TRK000000052991,in_transit,,,12.62,2026-05-17T05:23:04Z,,2026-05-22T14:21:33Z
8714,52992,81,GridCourier,TRK000000052992,delivered,,,8.09,2026-05-19T05:11:50Z,2026-05-19T11:45:35Z,2026-05-22T14:21:33Z
8715,52993,88,MobileCrew,TRK000000052993,delivered,,,13.04,2026-05-20T05:33:13Z,2026-05-21T01:43:57Z,2026-05-22T14:21:33Z
8716,52994,84,UtilityFleet,TRK000000052994,delivered,,,12.47,2026-05-13T13:19:43Z,2026-05-14T10:37:10Z,2026-05-22T14:21:33Z
8717,52999,83,FieldRoute,TRK000000052999,in_transit,,,20.25,2026-05-18T06:16:31Z,,2026-05-22T14:21:33Z
8718,53000,80,GridCourier,TRK000000053000,delivered,,,9,2026-05-13T13:03:16Z,2026-05-14T23:12:08Z,2026-05-22T14:21:33Z
8719,53001,77,MobileCrew,TRK000000053001,delivered,,,6.28,2026-05-13T15:56:34Z,2026-05-14T03:36:52Z,2026-05-22T14:21:33Z
8720,53002,83,UtilityFleet,TRK000000053002,delivered,,,16.92,2026-05-17T17:29:47Z,2026-05-18T21:47:02Z,2026-05-22T14:21:33Z
8721,53007,86,FieldRoute,TRK000000053007,in_transit,,,21.68,2026-05-20T07:41:47Z,,2026-05-22T14:21:33Z
8722,53008,83,GridCourier,TRK000000053008,delivered,,,12.96,2026-05-14T16:36:54Z,2026-05-15T22:14:48Z,2026-05-22T14:21:33Z
8723,53009,77,MobileCrew,TRK000000053009,delivered,,,21.54,2026-05-14T12:34:36Z,2026-05-15T12:45:58Z,2026-05-22T14:21:33Z
8724,53010,78,UtilityFleet,TRK000000053010,delivered,,,22.81,2026-05-17T08:34:05Z,2026-05-17T22:20:51Z,2026-05-22T14:21:33Z
8725,53015,79,FieldRoute,TRK000000053015,in_transit,,,19.61,2026-05-13T22:18:03Z,,2026-05-22T14:21:33Z
8726,53016,85,GridCourier,TRK000000053016,delivered,,,22.76,2026-05-15T05:45:04Z,2026-05-15T13:36:25Z,2026-05-22T14:21:33Z
8727,53017,85,MobileCrew,TRK000000053017,delivered,,,17.9,2026-05-20T00:47:43Z,2026-05-20T18:16:40Z,2026-05-22T14:21:33Z
8728,53018,86,UtilityFleet,TRK000000053018,delivered,,,11.01,2026-05-16T03:34:29Z,2026-05-17T05:13:19Z,2026-05-22T14:21:33Z
8729,53023,84,FieldRoute,TRK000000053023,in_transit,,,6.25,2026-05-18T23:18:58Z,,2026-05-22T14:21:33Z
8730,53024,86,GridCourier,TRK000000053024,delivered,,,17.22,2026-05-18T02:18:25Z,2026-05-18T05:45:20Z,2026-05-22T14:21:33Z
8731,53025,88,MobileCrew,TRK000000053025,delivered,,,16.32,2026-05-17T13:54:20Z,2026-05-18T07:01:29Z,2026-05-22T14:21:33Z
8732,53026,78,UtilityFleet,TRK000000053026,delivered,,,17.95,2026-05-18T14:04:21Z,2026-05-19T20:21:26Z,2026-05-22T14:21:33Z
8733,53031,84,FieldRoute,TRK000000053031,in_transit,,,24.43,2026-05-13T03:33:06Z,,2026-05-22T14:21:33Z
8734,53032,79,GridCourier,TRK000000053032,delivered,,,21.89,2026-05-18T12:35:27Z,2026-05-19T17:47:03Z,2026-05-22T14:21:33Z
8735,53033,77,MobileCrew,TRK000000053033,delivered,,,21.04,2026-05-17T04:16:26Z,2026-05-17T13:11:02Z,2026-05-22T14:21:33Z
8736,53034,88,UtilityFleet,TRK000000053034,delivered,,,22.93,2026-05-17T23:14:16Z,2026-05-19T07:26:40Z,2026-05-22T14:21:33Z
8737,53039,88,FieldRoute,TRK000000053039,in_transit,,,13.31,2026-05-20T04:29:18Z,,2026-05-22T14:21:33Z
8738,53040,87,GridCourier,TRK000000053040,delivered,,,17.92,2026-05-12T15:55:58Z,2026-05-13T05:43:50Z,2026-05-22T14:21:33Z
8739,53041,88,MobileCrew,TRK000000053041,delivered,,,8.49,2026-05-18T23:17:29Z,2026-05-19T14:50:38Z,2026-05-22T14:21:33Z
8740,53042,86,UtilityFleet,TRK000000053042,delivered,,,12.42,2026-05-13T06:10:20Z,2026-05-14T07:16:41Z,2026-05-22T14:21:33Z
8741,53047,78,FieldRoute,TRK000000053047,in_transit,,,17.36,2026-05-13T12:31:05Z,,2026-05-22T14:21:33Z
8742,53048,78,GridCourier,TRK000000053048,delivered,,,6.88,2026-05-20T05:13:14Z,2026-05-20T14:00:26Z,2026-05-22T14:21:33Z
8743,53049,77,MobileCrew,TRK000000053049,delivered,,,20.19,2026-05-17T20:12:44Z,2026-05-18T10:30:27Z,2026-05-22T14:21:33Z
8744,53050,81,UtilityFleet,TRK000000053050,delivered,,,23.14,2026-05-16T21:18:13Z,2026-05-17T10:35:46Z,2026-05-22T14:21:33Z
8745,53055,84,FieldRoute,TRK000000053055,in_transit,,,16.91,2026-05-13T02:33:27Z,,2026-05-22T14:21:33Z
8746,53056,79,GridCourier,TRK000000053056,delivered,,,21.15,2026-05-15T07:57:51Z,2026-05-16T06:23:23Z,2026-05-22T14:21:33Z
8747,53057,82,MobileCrew,TRK000000053057,delivered,,,23.26,2026-05-16T18:05:32Z,2026-05-16T22:01:30Z,2026-05-22T14:21:33Z
8748,53058,81,UtilityFleet,TRK000000053058,delivered,,,9.73,2026-05-14T07:01:57Z,2026-05-14T23:19:50Z,2026-05-22T14:21:33Z
8749,53063,86,FieldRoute,TRK000000053063,in_transit,,,12.31,2026-05-13T00:45:39Z,,2026-05-22T14:21:33Z
8750,53064,87,GridCourier,TRK000000053064,delivered,,,17.35,2026-05-17T14:23:48Z,2026-05-18T20:29:03Z,2026-05-22T14:21:33Z
8751,53065,81,MobileCrew,TRK000000053065,delivered,,,14.35,2026-05-18T07:28:11Z,2026-05-18T22:48:10Z,2026-05-22T14:21:33Z
8752,53066,81,UtilityFleet,TRK000000053066,delivered,,,24.33,2026-05-15T04:23:25Z,2026-05-16T04:53:50Z,2026-05-22T14:21:33Z
8753,53071,87,FieldRoute,TRK000000053071,in_transit,,,16.81,2026-05-13T19:59:10Z,,2026-05-22T14:21:33Z
8754,53072,81,GridCourier,TRK000000053072,delivered,,,5.54,2026-05-18T03:40:16Z,2026-05-18T12:43:11Z,2026-05-22T14:21:33Z
8755,53073,86,MobileCrew,TRK000000053073,delivered,,,14.27,2026-05-20T00:08:48Z,2026-05-20T04:09:24Z,2026-05-22T14:21:33Z
8756,53074,77,UtilityFleet,TRK000000053074,delivered,,,14.26,2026-05-19T20:06:42Z,2026-05-20T17:43:34Z,2026-05-22T14:21:33Z
8757,53079,80,FieldRoute,TRK000000053079,in_transit,,,22.64,2026-05-17T03:35:17Z,,2026-05-22T14:21:33Z
8758,53080,81,GridCourier,TRK000000053080,delivered,,,9.37,2026-05-12T17:32:45Z,2026-05-13T17:07:37Z,2026-05-22T14:21:33Z
8759,53081,85,MobileCrew,TRK000000053081,delivered,,,13.65,2026-05-14T05:46:11Z,2026-05-15T16:21:02Z,2026-05-22T14:21:33Z
8760,53082,85,UtilityFleet,TRK000000053082,delivered,,,7.47,2026-05-19T01:57:15Z,2026-05-19T07:33:41Z,2026-05-22T14:21:33Z
8761,53087,79,FieldRoute,TRK000000053087,in_transit,,,24.74,2026-05-12T21:55:45Z,,2026-05-22T14:21:33Z
8762,53088,86,GridCourier,TRK000000053088,delivered,,,13.72,2026-05-19T14:16:41Z,2026-05-20T12:24:27Z,2026-05-22T14:21:33Z
8763,53089,78,MobileCrew,TRK000000053089,delivered,,,12.5,2026-05-13T13:10:52Z,2026-05-14T16:05:05Z,2026-05-22T14:21:33Z
8764,53090,87,UtilityFleet,TRK000000053090,delivered,,,15.04,2026-05-13T15:05:28Z,2026-05-14T10:11:30Z,2026-05-22T14:21:33Z
8765,53095,82,FieldRoute,TRK000000053095,in_transit,,,15.21,2026-05-19T13:13:15Z,,2026-05-22T14:21:33Z
8766,53096,81,GridCourier,TRK000000053096,delivered,,,12.65,2026-05-13T14:33:26Z,2026-05-14T04:46:52Z,2026-05-22T14:21:33Z
8767,53097,79,MobileCrew,TRK000000053097,delivered,,,22.26,2026-05-14T01:27:13Z,2026-05-15T10:47:38Z,2026-05-22T14:21:33Z
8768,53098,83,UtilityFleet,TRK000000053098,delivered,,,7.92,2026-05-16T21:08:55Z,2026-05-18T01:16:55Z,2026-05-22T14:21:33Z
8769,53103,78,FieldRoute,TRK000000053103,in_transit,,,14.51,2026-05-16T09:36:51Z,,2026-05-22T14:21:33Z
8770,53104,88,GridCourier,TRK000000053104,delivered,,,10.64,2026-05-16T06:14:32Z,2026-05-17T16:07:57Z,2026-05-22T14:21:33Z
8771,53105,85,MobileCrew,TRK000000053105,delivered,,,19.19,2026-05-16T08:03:38Z,2026-05-16T10:44:31Z,2026-05-22T14:21:33Z
8772,53106,88,UtilityFleet,TRK000000053106,delivered,,,16.72,2026-05-16T20:52:36Z,2026-05-17T15:59:55Z,2026-05-22T14:21:33Z
8773,53111,88,FieldRoute,TRK000000053111,in_transit,,,14.59,2026-05-12T19:28:37Z,,2026-05-22T14:21:33Z
8774,53112,79,GridCourier,TRK000000053112,delivered,,,14.27,2026-05-15T02:24:05Z,2026-05-15T17:09:13Z,2026-05-22T14:21:33Z
8775,53113,79,MobileCrew,TRK000000053113,delivered,,,12.53,2026-05-18T07:32:41Z,2026-05-18T14:46:29Z,2026-05-22T14:21:33Z
8776,53114,85,UtilityFleet,TRK000000053114,delivered,,,13.42,2026-05-13T09:03:07Z,2026-05-14T13:53:14Z,2026-05-22T14:21:33Z
8777,53119,88,FieldRoute,TRK000000053119,in_transit,,,5.62,2026-05-15T14:35:42Z,,2026-05-22T14:21:33Z
8778,53120,87,GridCourier,TRK000000053120,delivered,,,7.16,2026-05-17T12:45:04Z,2026-05-18T02:12:49Z,2026-05-22T14:21:33Z
8779,53121,85,MobileCrew,TRK000000053121,delivered,,,24.16,2026-05-18T05:30:05Z,2026-05-18T14:17:27Z,2026-05-22T14:21:33Z
8780,53122,78,UtilityFleet,TRK000000053122,delivered,,,13.08,2026-05-17T16:27:47Z,2026-05-17T19:59:18Z,2026-05-22T14:21:33Z
8781,53127,87,FieldRoute,TRK000000053127,in_transit,,,21.64,2026-05-12T20:54:54Z,,2026-05-22T14:21:33Z
8782,53128,85,GridCourier,TRK000000053128,delivered,,,20.28,2026-05-19T08:13:25Z,2026-05-20T18:09:15Z,2026-05-22T14:21:33Z
8783,53129,85,MobileCrew,TRK000000053129,delivered,,,7.06,2026-05-17T10:05:58Z,2026-05-18T20:03:59Z,2026-05-22T14:21:33Z
8784,53130,80,UtilityFleet,TRK000000053130,delivered,,,6.7,2026-05-17T09:57:58Z,2026-05-17T23:30:11Z,2026-05-22T14:21:33Z
8785,53135,80,FieldRoute,TRK000000053135,in_transit,,,18.86,2026-05-17T19:03:32Z,,2026-05-22T14:21:33Z
8786,53136,77,GridCourier,TRK000000053136,delivered,,,14.45,2026-05-18T09:51:08Z,2026-05-19T03:11:03Z,2026-05-22T14:21:33Z
8787,53137,79,MobileCrew,TRK000000053137,delivered,,,22.25,2026-05-13T04:06:10Z,2026-05-13T06:35:07Z,2026-05-22T14:21:33Z
8788,53138,83,UtilityFleet,TRK000000053138,delivered,,,10.75,2026-05-14T06:55:14Z,2026-05-14T15:09:59Z,2026-05-22T14:21:33Z
8789,53143,86,FieldRoute,TRK000000053143,in_transit,,,13.75,2026-05-15T23:25:42Z,,2026-05-22T14:21:33Z
8790,53144,88,GridCourier,TRK000000053144,delivered,,,6.33,2026-05-12T20:12:19Z,2026-05-14T02:53:44Z,2026-05-22T14:21:33Z
8791,53145,84,MobileCrew,TRK000000053145,delivered,,,17.54,2026-05-16T00:49:05Z,2026-05-16T09:59:46Z,2026-05-22T14:21:33Z
8792,53146,86,UtilityFleet,TRK000000053146,delivered,,,7.89,2026-05-17T12:55:40Z,2026-05-17T18:18:01Z,2026-05-22T14:21:33Z
8793,53151,82,FieldRoute,TRK000000053151,in_transit,,,9.85,2026-05-13T12:31:36Z,,2026-05-22T14:21:33Z
8794,53152,82,GridCourier,TRK000000053152,delivered,,,15.17,2026-05-18T03:19:33Z,2026-05-19T00:04:42Z,2026-05-22T14:21:33Z
8795,53153,83,MobileCrew,TRK000000053153,delivered,,,22.03,2026-05-15T14:46:42Z,2026-05-16T19:19:14Z,2026-05-22T14:21:33Z
8796,53154,79,UtilityFleet,TRK000000053154,delivered,,,20.78,2026-05-18T23:02:45Z,2026-05-19T08:46:02Z,2026-05-22T14:21:33Z
8797,53159,87,FieldRoute,TRK000000053159,in_transit,,,10.93,2026-05-13T18:56:15Z,,2026-05-22T14:21:33Z
8798,53160,81,GridCourier,TRK000000053160,delivered,,,22.54,2026-05-19T01:06:24Z,2026-05-20T11:22:41Z,2026-05-22T14:21:33Z
8799,53161,78,MobileCrew,TRK000000053161,delivered,,,11.12,2026-05-19T09:46:22Z,2026-05-19T13:48:26Z,2026-05-22T14:21:33Z
8800,53162,77,UtilityFleet,TRK000000053162,delivered,,,9.68,2026-05-20T07:38:25Z,2026-05-21T02:46:25Z,2026-05-22T14:21:33Z
8801,53167,77,FieldRoute,TRK000000053167,in_transit,,,8.24,2026-05-19T11:58:39Z,,2026-05-22T14:21:33Z
8802,53168,85,GridCourier,TRK000000053168,delivered,,,24.4,2026-05-14T00:36:57Z,2026-05-14T22:43:01Z,2026-05-22T14:21:33Z
8803,53169,87,MobileCrew,TRK000000053169,delivered,,,6.78,2026-05-16T22:40:25Z,2026-05-17T02:21:06Z,2026-05-22T14:21:33Z
8804,53170,82,UtilityFleet,TRK000000053170,delivered,,,8.14,2026-05-19T02:24:29Z,2026-05-19T10:39:47Z,2026-05-22T14:21:33Z
8805,53175,88,FieldRoute,TRK000000053175,in_transit,,,21.83,2026-05-14T10:37:13Z,,2026-05-22T14:21:33Z
8806,53176,77,GridCourier,TRK000000053176,delivered,,,23.18,2026-05-14T10:42:23Z,2026-05-15T11:13:33Z,2026-05-22T14:21:33Z
8807,53177,81,MobileCrew,TRK000000053177,delivered,,,10.11,2026-05-18T06:04:02Z,2026-05-18T13:44:15Z,2026-05-22T14:21:33Z
8808,53178,84,UtilityFleet,TRK000000053178,delivered,,,14.93,2026-05-15T10:06:26Z,2026-05-15T16:18:12Z,2026-05-22T14:21:33Z
8809,53183,81,FieldRoute,TRK000000053183,in_transit,,,16.96,2026-05-19T03:28:09Z,,2026-05-22T14:21:33Z
8810,53184,86,GridCourier,TRK000000053184,delivered,,,9.87,2026-05-16T23:31:37Z,2026-05-18T09:01:43Z,2026-05-22T14:21:33Z
8811,53185,82,MobileCrew,TRK000000053185,delivered,,,6.99,2026-05-15T20:06:09Z,2026-05-16T04:29:09Z,2026-05-22T14:21:33Z
8812,53186,82,UtilityFleet,TRK000000053186,delivered,,,11.66,2026-05-16T17:14:04Z,2026-05-17T10:11:03Z,2026-05-22T14:21:33Z
8813,53191,86,FieldRoute,TRK000000053191,in_transit,,,14.23,2026-05-15T19:57:24Z,,2026-05-22T14:21:33Z
8814,53192,84,GridCourier,TRK000000053192,delivered,,,9.81,2026-05-18T06:52:04Z,2026-05-19T14:03:58Z,2026-05-22T14:21:33Z
8815,53193,86,MobileCrew,TRK000000053193,delivered,,,8.36,2026-05-16T00:27:51Z,2026-05-16T12:41:29Z,2026-05-22T14:21:33Z
8816,53194,81,UtilityFleet,TRK000000053194,delivered,,,11.99,2026-05-19T04:52:01Z,2026-05-19T07:00:22Z,2026-05-22T14:21:33Z
8817,53199,87,FieldRoute,TRK000000053199,in_transit,,,8.82,2026-05-17T21:01:19Z,,2026-05-22T14:21:33Z
8818,53200,84,GridCourier,TRK000000053200,delivered,,,6.5,2026-05-18T08:59:52Z,2026-05-19T17:17:55Z,2026-05-22T14:21:33Z
8819,53201,85,MobileCrew,TRK000000053201,delivered,,,15.43,2026-05-14T04:24:12Z,2026-05-14T08:55:04Z,2026-05-22T14:21:33Z
8820,53202,88,UtilityFleet,TRK000000053202,delivered,,,15.32,2026-05-13T02:27:37Z,2026-05-13T15:53:12Z,2026-05-22T14:21:33Z
8821,53207,79,FieldRoute,TRK000000053207,in_transit,,,15.48,2026-05-15T22:55:18Z,,2026-05-22T14:21:33Z
8822,53208,79,GridCourier,TRK000000053208,delivered,,,23.59,2026-05-18T04:24:55Z,2026-05-19T11:17:35Z,2026-05-22T14:21:33Z
8823,53209,88,MobileCrew,TRK000000053209,delivered,,,21.53,2026-05-18T21:19:50Z,2026-05-20T03:02:40Z,2026-05-22T14:21:33Z
8824,53210,77,UtilityFleet,TRK000000053210,delivered,,,6.33,2026-05-17T01:08:07Z,2026-05-18T07:54:53Z,2026-05-22T14:21:33Z
8825,53215,82,FieldRoute,TRK000000053215,in_transit,,,7.8,2026-05-18T07:22:48Z,,2026-05-22T14:21:33Z
8826,53216,77,GridCourier,TRK000000053216,delivered,,,24.22,2026-05-20T09:39:35Z,2026-05-21T11:59:06Z,2026-05-22T14:21:33Z
8827,53217,85,MobileCrew,TRK000000053217,delivered,,,19.13,2026-05-19T16:11:45Z,2026-05-20T22:23:02Z,2026-05-22T14:21:33Z
8828,53218,81,UtilityFleet,TRK000000053218,delivered,,,18.75,2026-05-13T01:20:41Z,2026-05-13T22:36:19Z,2026-05-22T14:21:33Z
8829,53223,79,FieldRoute,TRK000000053223,in_transit,,,16.22,2026-05-13T06:53:12Z,,2026-05-22T14:21:33Z
8830,53224,86,GridCourier,TRK000000053224,delivered,,,22.7,2026-05-18T03:23:09Z,2026-05-18T07:26:53Z,2026-05-22T14:21:33Z
8831,53225,79,MobileCrew,TRK000000053225,delivered,,,10.81,2026-05-14T13:52:42Z,2026-05-15T04:49:47Z,2026-05-22T14:21:33Z
8832,53226,84,UtilityFleet,TRK000000053226,delivered,,,19.69,2026-05-16T17:27:44Z,2026-05-16T20:30:25Z,2026-05-22T14:21:33Z
8833,53231,84,FieldRoute,TRK000000053231,in_transit,,,24.01,2026-05-19T19:52:46Z,,2026-05-22T14:21:33Z
8834,53232,80,GridCourier,TRK000000053232,delivered,,,24.27,2026-05-18T15:09:11Z,2026-05-19T19:32:54Z,2026-05-22T14:21:33Z
8835,53233,88,MobileCrew,TRK000000053233,delivered,,,15.57,2026-05-14T01:45:01Z,2026-05-14T16:12:25Z,2026-05-22T14:21:33Z
8836,53234,79,UtilityFleet,TRK000000053234,delivered,,,5.85,2026-05-15T07:43:16Z,2026-05-16T05:48:30Z,2026-05-22T14:21:33Z
8837,53239,87,FieldRoute,TRK000000053239,in_transit,,,10.64,2026-05-16T20:08:59Z,,2026-05-22T14:21:33Z
8838,53240,77,GridCourier,TRK000000053240,delivered,,,11.62,2026-05-17T00:44:23Z,2026-05-17T06:54:01Z,2026-05-22T14:21:33Z
8839,53241,83,MobileCrew,TRK000000053241,delivered,,,11,2026-05-19T18:58:02Z,2026-05-21T05:20:17Z,2026-05-22T14:21:33Z
8840,53242,84,UtilityFleet,TRK000000053242,delivered,,,15.61,2026-05-14T05:45:22Z,2026-05-15T06:59:22Z,2026-05-22T14:21:33Z
8841,53247,87,FieldRoute,TRK000000053247,in_transit,,,17.27,2026-05-14T22:50:14Z,,2026-05-22T14:21:33Z
8842,53248,82,GridCourier,TRK000000053248,delivered,,,18.25,2026-05-18T12:30:24Z,2026-05-19T19:23:33Z,2026-05-22T14:21:33Z
8843,53249,79,MobileCrew,TRK000000053249,delivered,,,12.5,2026-05-19T12:03:37Z,2026-05-20T12:15:28Z,2026-05-22T14:21:33Z
8844,53250,79,UtilityFleet,TRK000000053250,delivered,,,22.63,2026-05-17T06:00:06Z,2026-05-18T17:31:33Z,2026-05-22T14:21:33Z
8845,53255,81,FieldRoute,TRK000000053255,in_transit,,,5.27,2026-05-14T12:48:21Z,,2026-05-22T14:21:33Z
8846,53256,84,GridCourier,TRK000000053256,delivered,,,8.83,2026-05-19T11:43:46Z,2026-05-20T10:07:49Z,2026-05-22T14:21:33Z
8847,53257,77,MobileCrew,TRK000000053257,delivered,,,20.32,2026-05-17T18:18:40Z,2026-05-18T06:47:38Z,2026-05-22T14:21:33Z
8848,53258,85,UtilityFleet,TRK000000053258,delivered,,,24.45,2026-05-15T11:02:32Z,2026-05-15T16:31:15Z,2026-05-22T14:21:33Z
8849,53263,80,FieldRoute,TRK000000053263,in_transit,,,11.16,2026-05-12T22:23:03Z,,2026-05-22T14:21:33Z
8850,53264,88,GridCourier,TRK000000053264,delivered,,,6.92,2026-05-12T19:04:39Z,2026-05-13T22:15:31Z,2026-05-22T14:21:33Z
8851,53265,88,MobileCrew,TRK000000053265,delivered,,,20.58,2026-05-18T04:46:16Z,2026-05-19T10:23:27Z,2026-05-22T14:21:33Z
8852,53266,77,UtilityFleet,TRK000000053266,delivered,,,18.99,2026-05-14T08:04:39Z,2026-05-15T17:11:27Z,2026-05-22T14:21:33Z
8853,53271,87,FieldRoute,TRK000000053271,in_transit,,,5.43,2026-05-19T23:38:19Z,,2026-05-22T14:21:33Z
8854,53272,88,GridCourier,TRK000000053272,delivered,,,19.61,2026-05-17T08:36:37Z,2026-05-18T00:13:11Z,2026-05-22T14:21:33Z
8855,53273,82,MobileCrew,TRK000000053273,delivered,,,22.55,2026-05-13T01:01:33Z,2026-05-14T00:14:48Z,2026-05-22T14:21:33Z
8856,53274,80,UtilityFleet,TRK000000053274,delivered,,,5.1,2026-05-19T16:52:15Z,2026-05-20T05:12:27Z,2026-05-22T14:21:33Z
8857,53279,82,FieldRoute,TRK000000053279,in_transit,,,8.22,2026-05-19T22:17:56Z,,2026-05-22T14:21:33Z
8858,53280,78,GridCourier,TRK000000053280,delivered,,,7.69,2026-05-18T14:12:29Z,2026-05-19T21:07:29Z,2026-05-22T14:21:33Z
8859,53281,81,MobileCrew,TRK000000053281,delivered,,,16.4,2026-05-17T05:59:36Z,2026-05-17T08:53:16Z,2026-05-22T14:21:33Z
8860,53282,88,UtilityFleet,TRK000000053282,delivered,,,12.66,2026-05-15T15:32:17Z,2026-05-16T09:09:53Z,2026-05-22T14:21:33Z
8861,53287,84,FieldRoute,TRK000000053287,in_transit,,,23.17,2026-05-20T10:38:09Z,,2026-05-22T14:21:33Z
8862,53288,88,GridCourier,TRK000000053288,delivered,,,13.67,2026-05-15T19:49:54Z,2026-05-16T18:25:28Z,2026-05-22T14:21:33Z
8863,53289,83,MobileCrew,TRK000000053289,delivered,,,5.43,2026-05-18T06:59:52Z,2026-05-18T11:01:10Z,2026-05-22T14:21:33Z
8864,53290,78,UtilityFleet,TRK000000053290,delivered,,,14.46,2026-05-20T11:21:09Z,2026-05-20T19:19:19Z,2026-05-22T14:21:33Z
8865,53295,82,FieldRoute,TRK000000053295,in_transit,,,21.19,2026-05-15T14:31:43Z,,2026-05-22T14:21:33Z
8866,53296,78,GridCourier,TRK000000053296,delivered,,,22.71,2026-05-13T03:11:50Z,2026-05-14T13:30:30Z,2026-05-22T14:21:33Z
8867,53297,88,MobileCrew,TRK000000053297,delivered,,,17.42,2026-05-18T20:23:42Z,2026-05-19T22:43:00Z,2026-05-22T14:21:33Z
8868,53298,79,UtilityFleet,TRK000000053298,delivered,,,13.05,2026-05-15T23:02:19Z,2026-05-17T03:58:36Z,2026-05-22T14:21:33Z
8869,53303,85,FieldRoute,TRK000000053303,in_transit,,,9.07,2026-05-18T03:27:56Z,,2026-05-22T14:21:33Z
8870,53304,81,GridCourier,TRK000000053304,delivered,,,6.13,2026-05-20T13:01:05Z,2026-05-21T04:58:15Z,2026-05-22T14:21:33Z
8871,53305,84,MobileCrew,TRK000000053305,delivered,,,16.61,2026-05-13T02:51:44Z,2026-05-13T12:48:43Z,2026-05-22T14:21:33Z
8872,53306,82,UtilityFleet,TRK000000053306,delivered,,,12.99,2026-05-14T17:47:02Z,2026-05-15T03:36:10Z,2026-05-22T14:21:33Z
8873,53311,82,FieldRoute,TRK000000053311,in_transit,,,21.81,2026-05-19T23:28:27Z,,2026-05-22T14:21:33Z
8874,53312,86,GridCourier,TRK000000053312,delivered,,,6.63,2026-05-19T10:26:22Z,2026-05-20T12:57:40Z,2026-05-22T14:21:33Z
8875,53313,82,MobileCrew,TRK000000053313,delivered,,,10.91,2026-05-18T13:59:35Z,2026-05-19T22:50:40Z,2026-05-22T14:21:33Z
8876,53314,80,UtilityFleet,TRK000000053314,delivered,,,14.2,2026-05-20T13:13:45Z,2026-05-20T16:37:12Z,2026-05-22T14:21:33Z
8877,53319,87,FieldRoute,TRK000000053319,in_transit,,,20.77,2026-05-13T10:57:27Z,,2026-05-22T14:21:33Z
8878,53320,87,GridCourier,TRK000000053320,delivered,,,24.11,2026-05-17T12:34:08Z,2026-05-18T21:12:34Z,2026-05-22T14:21:33Z
8879,53321,84,MobileCrew,TRK000000053321,delivered,,,24.29,2026-05-14T20:19:35Z,2026-05-15T00:34:42Z,2026-05-22T14:21:33Z
8880,53322,83,UtilityFleet,TRK000000053322,delivered,,,16.96,2026-05-18T16:11:07Z,2026-05-18T18:14:01Z,2026-05-22T14:21:33Z
8881,53327,79,FieldRoute,TRK000000053327,in_transit,,,13.26,2026-05-17T08:53:28Z,,2026-05-22T14:21:33Z
8882,53328,80,GridCourier,TRK000000053328,delivered,,,20.27,2026-05-17T14:42:52Z,2026-05-17T19:46:43Z,2026-05-22T14:21:33Z
8883,53329,79,MobileCrew,TRK000000053329,delivered,,,24.39,2026-05-15T15:49:29Z,2026-05-15T22:33:17Z,2026-05-22T14:21:33Z
8884,53330,85,UtilityFleet,TRK000000053330,delivered,,,10.79,2026-05-14T12:43:05Z,2026-05-14T15:12:20Z,2026-05-22T14:21:33Z
8885,53335,83,FieldRoute,TRK000000053335,in_transit,,,11.55,2026-05-18T23:19:52Z,,2026-05-22T14:21:33Z
8886,53336,82,GridCourier,TRK000000053336,delivered,,,11.13,2026-05-15T16:15:45Z,2026-05-16T22:36:08Z,2026-05-22T14:21:33Z
8887,53337,80,MobileCrew,TRK000000053337,delivered,,,23.04,2026-05-19T05:16:01Z,2026-05-19T21:25:17Z,2026-05-22T14:21:33Z
8888,53338,80,UtilityFleet,TRK000000053338,delivered,,,14.23,2026-05-12T20:40:33Z,2026-05-13T04:46:39Z,2026-05-22T14:21:33Z
8889,53343,85,FieldRoute,TRK000000053343,in_transit,,,5.87,2026-05-16T01:49:10Z,,2026-05-22T14:21:33Z
8890,53344,82,GridCourier,TRK000000053344,delivered,,,23.14,2026-05-17T12:48:01Z,2026-05-18T00:51:37Z,2026-05-22T14:21:33Z
8891,53345,80,MobileCrew,TRK000000053345,delivered,,,5.11,2026-05-15T20:54:23Z,2026-05-17T07:07:01Z,2026-05-22T14:21:33Z
8892,53346,83,UtilityFleet,TRK000000053346,delivered,,,12.44,2026-05-20T13:27:05Z,2026-05-21T11:00:05Z,2026-05-22T14:21:33Z
8893,53351,77,FieldRoute,TRK000000053351,in_transit,,,11.53,2026-05-18T08:38:00Z,,2026-05-22T14:21:33Z
8894,53352,81,GridCourier,TRK000000053352,delivered,,,15.92,2026-05-14T22:15:48Z,2026-05-16T08:51:52Z,2026-05-22T14:21:33Z
8895,53353,81,MobileCrew,TRK000000053353,delivered,,,13.78,2026-05-17T19:46:15Z,2026-05-19T06:24:04Z,2026-05-22T14:21:33Z
8896,53354,78,UtilityFleet,TRK000000053354,delivered,,,6.49,2026-05-14T16:57:19Z,2026-05-15T18:32:55Z,2026-05-22T14:21:33Z
8897,53359,85,FieldRoute,TRK000000053359,in_transit,,,8.36,2026-05-18T11:38:57Z,,2026-05-22T14:21:33Z
8898,53360,82,GridCourier,TRK000000053360,delivered,,,24.06,2026-05-18T16:34:42Z,2026-05-20T00:51:22Z,2026-05-22T14:21:33Z
8899,53361,82,MobileCrew,TRK000000053361,delivered,,,12.77,2026-05-15T05:15:17Z,2026-05-16T07:11:33Z,2026-05-22T14:21:33Z
8900,53362,77,UtilityFleet,TRK000000053362,delivered,,,8.84,2026-05-15T05:11:46Z,2026-05-15T09:01:28Z,2026-05-22T14:21:33Z
8901,53367,81,FieldRoute,TRK000000053367,in_transit,,,7.71,2026-05-19T03:27:02Z,,2026-05-22T14:21:33Z
8902,53368,81,GridCourier,TRK000000053368,delivered,,,18.77,2026-05-16T19:49:50Z,2026-05-17T17:49:12Z,2026-05-22T14:21:33Z
8903,53369,81,MobileCrew,TRK000000053369,delivered,,,6.45,2026-05-20T13:48:39Z,2026-05-21T17:23:02Z,2026-05-22T14:21:33Z
8904,53370,79,UtilityFleet,TRK000000053370,delivered,,,8.92,2026-05-15T08:39:58Z,2026-05-16T12:39:29Z,2026-05-22T14:21:33Z
8905,53375,87,FieldRoute,TRK000000053375,in_transit,,,15.24,2026-05-16T06:42:46Z,,2026-05-22T14:21:33Z
8906,53376,86,GridCourier,TRK000000053376,delivered,,,8.53,2026-05-18T06:17:27Z,2026-05-18T16:42:10Z,2026-05-22T14:21:33Z
8907,53377,80,MobileCrew,TRK000000053377,delivered,,,14.36,2026-05-16T06:23:36Z,2026-05-17T14:31:33Z,2026-05-22T14:21:33Z
8908,53378,83,UtilityFleet,TRK000000053378,delivered,,,13.41,2026-05-18T12:41:23Z,2026-05-19T12:21:01Z,2026-05-22T14:21:33Z
8909,53383,80,FieldRoute,TRK000000053383,in_transit,,,23.88,2026-05-14T00:12:52Z,,2026-05-22T14:21:33Z
8910,53384,78,GridCourier,TRK000000053384,delivered,,,10.61,2026-05-16T05:22:12Z,2026-05-17T12:47:56Z,2026-05-22T14:21:33Z
8911,53385,85,MobileCrew,TRK000000053385,delivered,,,23.91,2026-05-17T06:22:34Z,2026-05-17T19:51:48Z,2026-05-22T14:21:33Z
8912,53386,81,UtilityFleet,TRK000000053386,delivered,,,8.66,2026-05-18T12:00:02Z,2026-05-18T23:05:21Z,2026-05-22T14:21:33Z
8913,53391,85,FieldRoute,TRK000000053391,in_transit,,,6.82,2026-05-13T13:34:39Z,,2026-05-22T14:21:33Z
8914,53392,81,GridCourier,TRK000000053392,delivered,,,21.91,2026-05-15T18:07:24Z,2026-05-16T14:12:39Z,2026-05-22T14:21:33Z
8915,53393,87,MobileCrew,TRK000000053393,delivered,,,15.05,2026-05-16T13:46:12Z,2026-05-17T20:30:25Z,2026-05-22T14:21:33Z
8916,53394,84,UtilityFleet,TRK000000053394,delivered,,,21.63,2026-05-16T11:35:50Z,2026-05-16T14:07:34Z,2026-05-22T14:21:33Z
8917,53399,84,FieldRoute,TRK000000053399,in_transit,,,8.43,2026-05-20T09:18:35Z,,2026-05-22T14:21:33Z
8918,53400,77,GridCourier,TRK000000053400,delivered,,,13.4,2026-05-12T18:54:25Z,2026-05-14T03:45:23Z,2026-05-22T14:21:33Z
8919,53401,82,MobileCrew,TRK000000053401,delivered,,,13.66,2026-05-13T04:22:31Z,2026-05-14T04:24:16Z,2026-05-22T14:21:33Z
8920,53402,86,UtilityFleet,TRK000000053402,delivered,,,14.98,2026-05-18T05:20:17Z,2026-05-19T04:08:15Z,2026-05-22T14:21:33Z
8921,53407,82,FieldRoute,TRK000000053407,in_transit,,,7.61,2026-05-14T04:44:30Z,,2026-05-22T14:21:33Z
8922,53408,85,GridCourier,TRK000000053408,delivered,,,20.16,2026-05-17T00:45:40Z,2026-05-17T09:41:17Z,2026-05-22T14:21:33Z
8923,53409,86,MobileCrew,TRK000000053409,delivered,,,8.4,2026-05-20T00:43:40Z,2026-05-20T14:08:31Z,2026-05-22T14:21:33Z
8924,53410,77,UtilityFleet,TRK000000053410,delivered,,,12.75,2026-05-18T07:49:12Z,2026-05-19T05:42:01Z,2026-05-22T14:21:33Z
8925,53415,85,FieldRoute,TRK000000053415,in_transit,,,18.89,2026-05-14T00:29:07Z,,2026-05-22T14:21:33Z
8926,53416,80,GridCourier,TRK000000053416,delivered,,,16.77,2026-05-12T16:06:06Z,2026-05-13T03:08:00Z,2026-05-22T14:21:33Z
8927,53417,85,MobileCrew,TRK000000053417,delivered,,,23.73,2026-05-20T01:16:41Z,2026-05-20T06:43:52Z,2026-05-22T14:21:33Z
8928,53418,86,UtilityFleet,TRK000000053418,delivered,,,10.37,2026-05-14T19:00:59Z,2026-05-15T20:54:36Z,2026-05-22T14:21:33Z
8929,53423,85,FieldRoute,TRK000000053423,in_transit,,,23.67,2026-05-20T04:54:52Z,,2026-05-22T14:21:33Z
8930,53424,78,GridCourier,TRK000000053424,delivered,,,17.96,2026-05-17T00:35:12Z,2026-05-17T15:44:16Z,2026-05-22T14:21:33Z
8931,53425,88,MobileCrew,TRK000000053425,delivered,,,6.55,2026-05-14T09:47:42Z,2026-05-14T16:24:37Z,2026-05-22T14:21:33Z
8932,53426,78,UtilityFleet,TRK000000053426,delivered,,,11.59,2026-05-18T11:06:22Z,2026-05-18T18:30:04Z,2026-05-22T14:21:33Z
8933,53431,78,FieldRoute,TRK000000053431,in_transit,,,10.76,2026-05-16T20:46:32Z,,2026-05-22T14:21:33Z
8934,53432,84,GridCourier,TRK000000053432,delivered,,,13.94,2026-05-19T08:24:44Z,2026-05-20T18:46:25Z,2026-05-22T14:21:33Z
8935,53433,82,MobileCrew,TRK000000053433,delivered,,,18.67,2026-05-15T17:36:52Z,2026-05-15T23:45:41Z,2026-05-22T14:21:33Z
8936,53434,82,UtilityFleet,TRK000000053434,delivered,,,14.62,2026-05-15T05:32:45Z,2026-05-15T11:15:41Z,2026-05-22T14:21:33Z
8937,53439,80,FieldRoute,TRK000000053439,in_transit,,,15.97,2026-05-12T19:56:18Z,,2026-05-22T14:21:33Z
8938,53440,78,GridCourier,TRK000000053440,delivered,,,5.58,2026-05-16T06:31:26Z,2026-05-17T11:53:48Z,2026-05-22T14:21:33Z
8939,53441,85,MobileCrew,TRK000000053441,delivered,,,9.75,2026-05-15T02:12:40Z,2026-05-16T10:06:06Z,2026-05-22T14:21:33Z
8940,53442,81,UtilityFleet,TRK000000053442,delivered,,,21.49,2026-05-19T11:42:34Z,2026-05-20T06:46:14Z,2026-05-22T14:21:33Z
8941,53447,84,FieldRoute,TRK000000053447,in_transit,,,22.42,2026-05-15T12:03:35Z,,2026-05-22T14:21:33Z
8942,53448,81,GridCourier,TRK000000053448,delivered,,,6.86,2026-05-19T16:11:37Z,2026-05-19T18:14:59Z,2026-05-22T14:21:33Z
8943,53449,83,MobileCrew,TRK000000053449,delivered,,,8.93,2026-05-12T19:59:44Z,2026-05-14T05:08:34Z,2026-05-22T14:21:33Z
8944,53450,84,UtilityFleet,TRK000000053450,delivered,,,5.24,2026-05-13T23:39:15Z,2026-05-14T12:09:26Z,2026-05-22T14:21:33Z
