shipment_id,order_id,center_id,carrier,tracking_number,ship_status,distance_km,estimated_hours,ship_cost,shipped_at,delivered_at,created_at
1,3,21,CryoLine,CLS000000000003,in_transit,,,6.87,2026-04-06T01:51:29Z,,2026-04-13T09:16:48Z
2,4,2,Specialty Care Courier,CLS000000000004,delivered,,,20.52,2026-04-04T11:30:56Z,2026-04-12T05:57:20Z,2026-04-13T09:16:48Z
3,5,10,SafeTemp,CLS000000000005,delivered,,,9.61,2026-04-03T23:09:36Z,2026-04-13T03:17:23Z,2026-04-13T09:16:48Z
4,6,3,Clinical Express,CLS000000000006,delivered,,,24.04,2026-04-06T12:35:22Z,2026-04-11T21:05:39Z,2026-04-13T09:16:48Z
5,11,26,CryoLine,CLS000000000011,in_transit,,,18.56,2026-04-10T19:34:29Z,,2026-04-13T09:16:48Z
6,12,16,Specialty Care Courier,CLS000000000012,delivered,,,10.54,2026-04-10T23:00:18Z,2026-04-12T00:33:36Z,2026-04-13T09:16:48Z
7,13,21,SafeTemp,CLS000000000013,delivered,,,17.02,2026-04-05T11:56:46Z,2026-04-12T04:28:00Z,2026-04-13T09:16:48Z
8,14,25,Clinical Express,CLS000000000014,delivered,,,20.43,2026-04-11T18:16:49Z,2026-04-12T04:58:35Z,2026-04-13T09:16:48Z
9,19,26,CryoLine,CLS000000000019,in_transit,,,11.4,2026-04-10T06:00:53Z,,2026-04-13T09:16:48Z
10,20,1,Specialty Care Courier,CLS000000000020,delivered,,,13.31,2026-04-09T02:37:34Z,2026-04-11T15:48:34Z,2026-04-13T09:16:48Z
11,21,30,SafeTemp,CLS000000000021,delivered,,,24.3,2026-04-08T15:39:05Z,2026-04-12T18:57:47Z,2026-04-13T09:16:48Z
12,22,8,Clinical Express,CLS000000000022,delivered,,,23.6,2026-04-08T09:30:55Z,2026-04-13T07:44:07Z,2026-04-13T09:16:48Z
13,27,26,CryoLine,CLS000000000027,in_transit,,,5.48,2026-04-08T20:46:32Z,,2026-04-13T09:16:48Z
14,28,30,Specialty Care Courier,CLS000000000028,delivered,,,14.73,2026-04-12T03:49:51Z,2026-04-13T05:59:03Z,2026-04-13T09:16:48Z
15,29,9,SafeTemp,CLS000000000029,delivered,,,9.81,2026-04-04T10:38:16Z,2026-04-11T09:59:48Z,2026-04-13T09:16:48Z
16,30,25,Clinical Express,CLS000000000030,delivered,,,23.42,2026-04-11T13:41:07Z,2026-04-11T21:35:34Z,2026-04-13T09:16:48Z
17,35,30,CryoLine,CLS000000000035,in_transit,,,10.03,2026-04-10T15:13:48Z,,2026-04-13T09:16:48Z
18,36,10,Specialty Care Courier,CLS000000000036,delivered,,,14.14,2026-04-05T01:50:51Z,2026-04-12T01:00:48Z,2026-04-13T09:16:48Z
19,37,18,SafeTemp,CLS000000000037,delivered,,,15.74,2026-04-07T15:42:45Z,2026-04-12T03:23:08Z,2026-04-13T09:16:48Z
20,38,23,Clinical Express,CLS000000000038,delivered,,,14.34,2026-04-11T11:43:29Z,2026-04-12T03:24:29Z,2026-04-13T09:16:48Z
21,43,19,CryoLine,CLS000000000043,in_transit,,,20.02,2026-04-11T21:11:57Z,,2026-04-13T09:16:48Z
22,44,30,Specialty Care Courier,CLS000000000044,delivered,,,18.72,2026-04-06T08:14:52Z,2026-04-11T12:27:18Z,2026-04-13T09:16:48Z
23,45,17,SafeTemp,CLS000000000045,delivered,,,9.12,2026-04-07T18:37:35Z,2026-04-12T19:15:34Z,2026-04-13T09:16:48Z
24,46,4,Clinical Express,CLS000000000046,delivered,,,13.61,2026-04-05T23:06:22Z,2026-04-13T00:21:58Z,2026-04-13T09:16:48Z
25,51,23,CryoLine,CLS000000000051,in_transit,,,13.45,2026-04-09T10:48:48Z,,2026-04-13T09:16:48Z
26,52,7,Specialty Care Courier,CLS000000000052,delivered,,,21.07,2026-04-05T21:17:39Z,2026-04-12T09:59:34Z,2026-04-13T09:16:48Z
27,53,2,SafeTemp,CLS000000000053,delivered,,,5.8,2026-04-09T14:30:00Z,2026-04-11T20:02:16Z,2026-04-13T09:16:48Z
28,54,11,Clinical Express,CLS000000000054,delivered,,,13.89,2026-04-09T17:13:46Z,2026-04-12T17:43:38Z,2026-04-13T09:16:48Z
29,59,27,CryoLine,CLS000000000059,in_transit,,,5.23,2026-04-06T06:25:24Z,,2026-04-13T09:16:48Z
30,60,13,Specialty Care Courier,CLS000000000060,delivered,,,16.48,2026-04-12T06:06:44Z,2026-04-13T02:18:25Z,2026-04-13T09:16:48Z
31,61,2,SafeTemp,CLS000000000061,delivered,,,24.13,2026-04-04T01:05:46Z,2026-04-11T13:22:18Z,2026-04-13T09:16:48Z
32,62,12,Clinical Express,CLS000000000062,delivered,,,6.35,2026-04-10T16:40:56Z,2026-04-12T09:25:28Z,2026-04-13T09:16:48Z
33,67,30,CryoLine,CLS000000000067,in_transit,,,17.71,2026-04-10T02:55:42Z,,2026-04-13T09:16:48Z
34,68,3,Specialty Care Courier,CLS000000000068,delivered,,,24.83,2026-04-07T18:08:32Z,2026-04-12T20:17:17Z,2026-04-13T09:16:48Z
35,69,22,SafeTemp,CLS000000000069,delivered,,,18.04,2026-04-10T15:49:12Z,2026-04-12T02:46:33Z,2026-04-13T09:16:48Z
36,70,18,Clinical Express,CLS000000000070,delivered,,,22.59,2026-04-08T14:28:48Z,2026-04-11T12:01:36Z,2026-04-13T09:16:48Z
37,75,17,CryoLine,CLS000000000075,in_transit,,,13.67,2026-04-11T02:44:05Z,,2026-04-13T09:16:48Z
38,76,9,Specialty Care Courier,CLS000000000076,delivered,,,21.12,2026-04-10T10:15:15Z,2026-04-12T14:32:43Z,2026-04-13T09:16:48Z
39,77,27,SafeTemp,CLS000000000077,delivered,,,10.86,2026-04-07T09:11:41Z,2026-04-11T21:11:27Z,2026-04-13T09:16:48Z
40,78,29,Clinical Express,CLS000000000078,delivered,,,19.12,2026-04-08T08:52:36Z,2026-04-12T00:17:52Z,2026-04-13T09:16:48Z
41,83,3,CryoLine,CLS000000000083,in_transit,,,21.96,2026-04-11T17:50:17Z,,2026-04-13T09:16:48Z
42,84,10,Specialty Care Courier,CLS000000000084,delivered,,,8.94,2026-04-11T08:21:16Z,2026-04-13T01:01:30Z,2026-04-13T09:16:48Z
43,85,24,SafeTemp,CLS000000000085,delivered,,,18.75,2026-04-11T04:11:01Z,2026-04-11T14:08:51Z,2026-04-13T09:16:48Z
44,86,4,Clinical Express,CLS000000000086,delivered,,,18.7,2026-04-07T04:06:42Z,2026-04-12T20:12:31Z,2026-04-13T09:16:48Z
45,91,4,CryoLine,CLS000000000091,in_transit,,,11.88,2026-04-11T12:14:37Z,,2026-04-13T09:16:48Z
46,92,13,Specialty Care Courier,CLS000000000092,delivered,,,13.46,2026-04-04T15:18:19Z,2026-04-11T20:26:10Z,2026-04-13T09:16:48Z
47,93,23,SafeTemp,CLS000000000093,delivered,,,5.76,2026-04-08T22:55:02Z,2026-04-11T12:26:18Z,2026-04-13T09:16:48Z
48,94,25,Clinical Express,CLS000000000094,delivered,,,24.66,2026-04-11T01:03:06Z,2026-04-12T19:03:19Z,2026-04-13T09:16:48Z
49,99,24,CryoLine,CLS000000000099,in_transit,,,10.03,2026-04-06T18:04:25Z,,2026-04-13T09:16:48Z
50,100,25,Specialty Care Courier,CLS000000000100,delivered,,,19.01,2026-04-09T05:25:10Z,2026-04-13T06:04:33Z,2026-04-13T09:16:48Z
51,101,5,SafeTemp,CLS000000000101,delivered,,,23.49,2026-04-12T03:58:31Z,2026-04-13T03:12:11Z,2026-04-13T09:16:48Z
52,102,19,Clinical Express,CLS000000000102,delivered,,,20.75,2026-04-05T16:42:18Z,2026-04-13T01:49:45Z,2026-04-13T09:16:48Z
53,107,22,CryoLine,CLS000000000107,in_transit,,,23.29,2026-04-08T20:49:01Z,,2026-04-13T09:16:48Z
54,108,13,Specialty Care Courier,CLS000000000108,delivered,,,12.02,2026-04-06T04:55:35Z,2026-04-11T15:10:15Z,2026-04-13T09:16:48Z
55,109,9,SafeTemp,CLS000000000109,delivered,,,17.34,2026-04-04T23:19:59Z,2026-04-11T17:23:46Z,2026-04-13T09:16:48Z
56,110,14,Clinical Express,CLS000000000110,delivered,,,11.27,2026-04-09T12:23:28Z,2026-04-12T00:06:09Z,2026-04-13T09:16:48Z
57,115,1,CryoLine,CLS000000000115,in_transit,,,7.84,2026-04-04T10:45:05Z,,2026-04-13T09:16:48Z
58,116,28,Specialty Care Courier,CLS000000000116,delivered,,,21.69,2026-04-10T19:34:16Z,2026-04-11T10:10:46Z,2026-04-13T09:16:48Z
59,117,12,SafeTemp,CLS000000000117,delivered,,,19.95,2026-04-07T07:13:14Z,2026-04-12T16:32:32Z,2026-04-13T09:16:48Z
60,118,9,Clinical Express,CLS000000000118,delivered,,,18.48,2026-04-08T17:01:01Z,2026-04-13T00:51:52Z,2026-04-13T09:16:48Z
61,123,26,CryoLine,CLS000000000123,in_transit,,,23.23,2026-04-03T13:19:43Z,,2026-04-13T09:16:48Z
62,124,19,Specialty Care Courier,CLS000000000124,delivered,,,17.9,2026-04-07T09:11:39Z,2026-04-12T18:21:04Z,2026-04-13T09:16:48Z
63,125,28,SafeTemp,CLS000000000125,delivered,,,10.43,2026-04-04T06:38:51Z,2026-04-11T11:40:40Z,2026-04-13T09:16:48Z
64,126,19,Clinical Express,CLS000000000126,delivered,,,20.11,2026-04-07T00:55:07Z,2026-04-12T07:19:33Z,2026-04-13T09:16:48Z
65,131,22,CryoLine,CLS000000000131,in_transit,,,17.1,2026-04-08T14:56:19Z,,2026-04-13T09:16:48Z
66,132,2,Specialty Care Courier,CLS000000000132,delivered,,,12.37,2026-04-05T04:48:01Z,2026-04-11T19:54:09Z,2026-04-13T09:16:48Z
67,133,19,SafeTemp,CLS000000000133,delivered,,,18.46,2026-04-04T17:22:58Z,2026-04-11T19:21:21Z,2026-04-13T09:16:48Z
68,134,26,Clinical Express,CLS000000000134,delivered,,,20.38,2026-04-04T16:09:21Z,2026-04-12T18:12:11Z,2026-04-13T09:16:48Z
69,139,24,CryoLine,CLS000000000139,in_transit,,,22.03,2026-04-07T06:24:37Z,,2026-04-13T09:16:48Z
70,140,13,Specialty Care Courier,CLS000000000140,delivered,,,5.93,2026-04-11T05:15:07Z,2026-04-11T17:09:20Z,2026-04-13T09:16:48Z
71,141,25,SafeTemp,CLS000000000141,delivered,,,8.42,2026-04-08T07:29:42Z,2026-04-11T19:32:07Z,2026-04-13T09:16:49Z
72,142,11,Clinical Express,CLS000000000142,delivered,,,15.78,2026-04-10T09:22:46Z,2026-04-11T14:58:29Z,2026-04-13T09:16:49Z
73,147,9,CryoLine,CLS000000000147,in_transit,,,22.5,2026-04-07T21:29:34Z,,2026-04-13T09:16:49Z
74,148,25,Specialty Care Courier,CLS000000000148,delivered,,,9,2026-04-07T07:11:31Z,2026-04-12T16:31:19Z,2026-04-13T09:16:49Z
75,149,22,SafeTemp,CLS000000000149,delivered,,,18.49,2026-04-12T05:48:28Z,2026-04-12T22:11:04Z,2026-04-13T09:16:49Z
76,150,20,Clinical Express,CLS000000000150,delivered,,,12.53,2026-04-06T11:51:50Z,2026-04-12T04:32:09Z,2026-04-13T09:16:49Z
77,155,9,CryoLine,CLS000000000155,in_transit,,,7.75,2026-04-05T19:56:36Z,,2026-04-13T09:16:49Z
78,156,13,Specialty Care Courier,CLS000000000156,delivered,,,24.17,2026-04-12T05:47:20Z,2026-04-12T11:25:19Z,2026-04-13T09:16:49Z
79,157,11,SafeTemp,CLS000000000157,delivered,,,24.02,2026-04-12T03:27:54Z,2026-04-12T07:51:26Z,2026-04-13T09:16:49Z
80,158,16,Clinical Express,CLS000000000158,delivered,,,23.81,2026-04-09T09:20:20Z,2026-04-12T01:03:56Z,2026-04-13T09:16:49Z
81,163,8,CryoLine,CLS000000000163,in_transit,,,16.29,2026-04-07T03:18:52Z,,2026-04-13T09:16:49Z
82,164,10,Specialty Care Courier,CLS000000000164,delivered,,,15.15,2026-04-06T19:47:40Z,2026-04-12T15:34:32Z,2026-04-13T09:16:49Z
83,165,10,SafeTemp,CLS000000000165,delivered,,,24.31,2026-04-05T19:58:50Z,2026-04-12T15:44:39Z,2026-04-13T09:16:49Z
84,166,6,Clinical Express,CLS000000000166,delivered,,,10.64,2026-04-10T15:08:06Z,2026-04-13T06:20:46Z,2026-04-13T09:16:49Z
85,171,28,CryoLine,CLS000000000171,in_transit,,,12.55,2026-04-10T01:08:49Z,,2026-04-13T09:16:49Z
86,172,10,Specialty Care Courier,CLS000000000172,delivered,,,5.23,2026-04-04T17:04:50Z,2026-04-12T01:49:01Z,2026-04-13T09:16:49Z
87,173,30,SafeTemp,CLS000000000173,delivered,,,17.62,2026-04-03T18:22:45Z,2026-04-11T09:42:23Z,2026-04-13T09:16:49Z
88,174,23,Clinical Express,CLS000000000174,delivered,,,9.9,2026-04-05T15:20:19Z,2026-04-13T05:47:04Z,2026-04-13T09:16:49Z
89,179,8,CryoLine,CLS000000000179,in_transit,,,10.48,2026-04-03T21:39:50Z,,2026-04-13T09:16:49Z
90,180,15,Specialty Care Courier,CLS000000000180,delivered,,,19.06,2026-04-11T10:08:03Z,2026-04-11T19:37:58Z,2026-04-13T09:16:49Z
91,181,30,SafeTemp,CLS000000000181,delivered,,,12.06,2026-04-05T00:19:02Z,2026-04-12T04:19:30Z,2026-04-13T09:16:49Z
92,182,29,Clinical Express,CLS000000000182,delivered,,,6.27,2026-04-05T13:57:27Z,2026-04-11T20:10:10Z,2026-04-13T09:16:49Z
93,187,25,CryoLine,CLS000000000187,in_transit,,,14.67,2026-04-04T03:18:42Z,,2026-04-13T09:16:49Z
94,188,23,Specialty Care Courier,CLS000000000188,delivered,,,17.75,2026-04-06T15:56:48Z,2026-04-13T03:38:45Z,2026-04-13T09:16:49Z
95,189,12,SafeTemp,CLS000000000189,delivered,,,8.73,2026-04-04T19:22:10Z,2026-04-13T06:51:53Z,2026-04-13T09:16:49Z
96,190,26,Clinical Express,CLS000000000190,delivered,,,12.17,2026-04-09T13:40:52Z,2026-04-11T16:57:39Z,2026-04-13T09:16:49Z
97,195,20,CryoLine,CLS000000000195,in_transit,,,13.66,2026-04-09T16:53:30Z,,2026-04-13T09:16:49Z
98,196,26,Specialty Care Courier,CLS000000000196,delivered,,,16.64,2026-04-04T04:46:12Z,2026-04-12T08:44:59Z,2026-04-13T09:16:49Z
99,197,4,SafeTemp,CLS000000000197,delivered,,,18.21,2026-04-10T13:08:37Z,2026-04-12T04:49:54Z,2026-04-13T09:16:49Z
100,198,23,Clinical Express,CLS000000000198,delivered,,,11.33,2026-04-06T17:21:31Z,2026-04-12T15:15:21Z,2026-04-13T09:16:49Z
101,203,2,CryoLine,CLS000000000203,in_transit,,,21.26,2026-04-04T10:26:04Z,,2026-04-13T09:16:49Z
102,204,26,Specialty Care Courier,CLS000000000204,delivered,,,23.3,2026-04-08T22:49:16Z,2026-04-11T19:19:02Z,2026-04-13T09:16:49Z
103,205,23,SafeTemp,CLS000000000205,delivered,,,24.22,2026-04-07T19:58:37Z,2026-04-12T21:29:04Z,2026-04-13T09:16:49Z
104,206,7,Clinical Express,CLS000000000206,delivered,,,22.01,2026-04-04T11:07:23Z,2026-04-13T07:45:30Z,2026-04-13T09:16:49Z
105,211,14,CryoLine,CLS000000000211,in_transit,,,6.19,2026-04-06T14:21:51Z,,2026-04-13T09:16:49Z
106,212,13,Specialty Care Courier,CLS000000000212,delivered,,,23.39,2026-04-10T21:29:37Z,2026-04-13T06:09:45Z,2026-04-13T09:16:49Z
107,213,16,SafeTemp,CLS000000000213,delivered,,,9.13,2026-04-08T01:38:17Z,2026-04-11T22:29:15Z,2026-04-13T09:16:49Z
108,214,14,Clinical Express,CLS000000000214,delivered,,,7.03,2026-04-09T14:52:09Z,2026-04-11T15:51:56Z,2026-04-13T09:16:49Z
109,219,23,CryoLine,CLS000000000219,in_transit,,,12.33,2026-04-05T06:07:18Z,,2026-04-13T09:16:49Z
110,220,1,Specialty Care Courier,CLS000000000220,delivered,,,12.49,2026-04-03T10:23:31Z,2026-04-12T04:16:10Z,2026-04-13T09:16:49Z
111,221,4,SafeTemp,CLS000000000221,delivered,,,24.6,2026-04-04T03:57:44Z,2026-04-13T01:49:22Z,2026-04-13T09:16:49Z
112,222,14,Clinical Express,CLS000000000222,delivered,,,22.56,2026-04-08T08:25:46Z,2026-04-12T12:35:07Z,2026-04-13T09:16:49Z
113,227,1,CryoLine,CLS000000000227,in_transit,,,7.2,2026-04-04T10:57:35Z,,2026-04-13T09:16:49Z
114,228,11,Specialty Care Courier,CLS000000000228,delivered,,,22.01,2026-04-09T12:06:38Z,2026-04-13T07:15:45Z,2026-04-13T09:16:49Z
115,229,27,SafeTemp,CLS000000000229,delivered,,,19.47,2026-04-08T00:38:40Z,2026-04-13T07:31:55Z,2026-04-13T09:16:49Z
116,230,28,Clinical Express,CLS000000000230,delivered,,,7.81,2026-04-05T19:02:10Z,2026-04-12T01:06:46Z,2026-04-13T09:16:49Z
117,235,28,CryoLine,CLS000000000235,in_transit,,,12.57,2026-04-03T20:33:50Z,,2026-04-13T09:16:49Z
118,236,19,Specialty Care Courier,CLS000000000236,delivered,,,7.29,2026-04-06T23:19:18Z,2026-04-12T01:10:33Z,2026-04-13T09:16:49Z
119,237,20,SafeTemp,CLS000000000237,delivered,,,6.16,2026-04-08T00:36:15Z,2026-04-12T10:49:20Z,2026-04-13T09:16:49Z
120,238,13,Clinical Express,CLS000000000238,delivered,,,8.09,2026-04-10T13:12:51Z,2026-04-11T16:43:26Z,2026-04-13T09:16:49Z
121,243,25,CryoLine,CLS000000000243,in_transit,,,19.63,2026-04-09T01:36:45Z,,2026-04-13T09:16:49Z
122,244,29,Specialty Care Courier,CLS000000000244,delivered,,,20.73,2026-04-06T13:25:06Z,2026-04-12T08:26:59Z,2026-04-13T09:16:49Z
123,245,22,SafeTemp,CLS000000000245,delivered,,,24.53,2026-04-06T02:07:30Z,2026-04-12T12:20:43Z,2026-04-13T09:16:49Z
124,246,22,Clinical Express,CLS000000000246,delivered,,,15.34,2026-04-10T07:22:18Z,2026-04-12T05:33:38Z,2026-04-13T09:16:49Z
125,251,6,CryoLine,CLS000000000251,in_transit,,,16.71,2026-04-08T19:43:14Z,,2026-04-13T09:16:49Z
126,252,6,Specialty Care Courier,CLS000000000252,delivered,,,21.21,2026-04-03T23:24:13Z,2026-04-12T23:44:10Z,2026-04-13T09:16:49Z
127,253,24,SafeTemp,CLS000000000253,delivered,,,15.5,2026-04-08T20:14:37Z,2026-04-12T08:32:24Z,2026-04-13T09:16:49Z
128,254,21,Clinical Express,CLS000000000254,delivered,,,20.03,2026-04-05T11:59:43Z,2026-04-12T02:33:26Z,2026-04-13T09:16:49Z
129,259,19,CryoLine,CLS000000000259,in_transit,,,23.69,2026-04-08T07:01:54Z,,2026-04-13T09:16:49Z
130,260,10,Specialty Care Courier,CLS000000000260,delivered,,,7.73,2026-04-04T13:29:46Z,2026-04-12T09:48:28Z,2026-04-13T09:16:49Z
131,261,11,SafeTemp,CLS000000000261,delivered,,,10.15,2026-04-10T15:30:24Z,2026-04-11T09:52:46Z,2026-04-13T09:16:49Z
132,262,28,Clinical Express,CLS000000000262,delivered,,,18.33,2026-04-04T15:01:29Z,2026-04-11T20:01:18Z,2026-04-13T09:16:49Z
133,267,7,CryoLine,CLS000000000267,in_transit,,,11.07,2026-04-05T12:14:54Z,,2026-04-13T09:16:49Z
134,268,14,Specialty Care Courier,CLS000000000268,delivered,,,10.76,2026-04-07T00:51:28Z,2026-04-12T08:38:19Z,2026-04-13T09:16:49Z
135,269,4,SafeTemp,CLS000000000269,delivered,,,6.66,2026-04-05T13:37:45Z,2026-04-12T11:51:49Z,2026-04-13T09:16:49Z
136,270,24,Clinical Express,CLS000000000270,delivered,,,15.87,2026-04-05T15:43:10Z,2026-04-12T01:10:17Z,2026-04-13T09:16:49Z
137,275,26,CryoLine,CLS000000000275,in_transit,,,11.22,2026-04-08T10:54:53Z,,2026-04-13T09:16:49Z
138,276,9,Specialty Care Courier,CLS000000000276,delivered,,,6.94,2026-04-05T09:45:47Z,2026-04-12T12:18:26Z,2026-04-13T09:16:49Z
139,277,7,SafeTemp,CLS000000000277,delivered,,,17.9,2026-04-07T13:50:06Z,2026-04-13T02:58:20Z,2026-04-13T09:16:49Z
140,278,7,Clinical Express,CLS000000000278,delivered,,,10.2,2026-04-08T15:25:09Z,2026-04-12T20:29:39Z,2026-04-13T09:16:49Z
141,283,10,CryoLine,CLS000000000283,in_transit,,,12.18,2026-04-06T03:22:21Z,,2026-04-13T09:16:49Z
142,284,7,Specialty Care Courier,CLS000000000284,delivered,,,16.91,2026-04-11T04:20:44Z,2026-04-12T10:15:10Z,2026-04-13T09:16:49Z
143,285,5,SafeTemp,CLS000000000285,delivered,,,17.09,2026-04-09T07:24:21Z,2026-04-12T13:30:27Z,2026-04-13T09:16:49Z
144,286,28,Clinical Express,CLS000000000286,delivered,,,6.49,2026-04-06T19:42:36Z,2026-04-13T00:24:22Z,2026-04-13T09:16:49Z
145,291,9,CryoLine,CLS000000000291,in_transit,,,24.41,2026-04-07T05:41:41Z,,2026-04-13T09:16:49Z
146,292,30,Specialty Care Courier,CLS000000000292,delivered,,,17.48,2026-04-06T03:03:39Z,2026-04-13T08:09:54Z,2026-04-13T09:16:49Z
147,293,20,SafeTemp,CLS000000000293,delivered,,,7.56,2026-04-04T08:51:18Z,2026-04-12T07:44:47Z,2026-04-13T09:16:49Z
148,294,11,Clinical Express,CLS000000000294,delivered,,,5,2026-04-11T12:20:24Z,2026-04-12T20:14:55Z,2026-04-13T09:16:49Z
149,299,25,CryoLine,CLS000000000299,in_transit,,,23.61,2026-04-08T20:17:50Z,,2026-04-13T09:16:49Z
150,300,17,Specialty Care Courier,CLS000000000300,delivered,,,6.75,2026-04-05T01:13:45Z,2026-04-12T11:04:43Z,2026-04-13T09:16:49Z
151,301,6,SafeTemp,CLS000000000301,delivered,,,24.5,2026-04-11T13:48:06Z,2026-04-12T04:27:57Z,2026-04-13T09:16:49Z
152,302,30,Clinical Express,CLS000000000302,delivered,,,18.07,2026-04-09T02:40:40Z,2026-04-11T20:45:30Z,2026-04-13T09:16:49Z
153,307,5,CryoLine,CLS000000000307,in_transit,,,23.87,2026-04-10T17:00:23Z,,2026-04-13T09:16:49Z
154,308,18,Specialty Care Courier,CLS000000000308,delivered,,,18.33,2026-04-09T11:22:50Z,2026-04-11T13:15:27Z,2026-04-13T09:16:49Z
155,309,7,SafeTemp,CLS000000000309,delivered,,,20.16,2026-04-07T05:54:07Z,2026-04-12T22:06:49Z,2026-04-13T09:16:49Z
156,310,21,Clinical Express,CLS000000000310,delivered,,,11,2026-04-07T07:07:16Z,2026-04-12T18:25:27Z,2026-04-13T09:16:49Z
157,315,24,CryoLine,CLS000000000315,in_transit,,,18.04,2026-04-06T20:31:08Z,,2026-04-13T09:16:49Z
158,316,4,Specialty Care Courier,CLS000000000316,delivered,,,15.25,2026-04-04T11:10:58Z,2026-04-13T02:55:26Z,2026-04-13T09:16:49Z
159,317,15,SafeTemp,CLS000000000317,delivered,,,22.6,2026-04-09T11:19:41Z,2026-04-12T12:25:50Z,2026-04-13T09:16:49Z
160,318,6,Clinical Express,CLS000000000318,delivered,,,23.43,2026-04-10T00:46:58Z,2026-04-13T05:09:20Z,2026-04-13T09:16:49Z
161,323,4,CryoLine,CLS000000000323,in_transit,,,18.54,2026-04-10T23:37:47Z,,2026-04-13T09:16:49Z
162,324,3,Specialty Care Courier,CLS000000000324,delivered,,,19.74,2026-04-06T00:46:56Z,2026-04-12T18:09:39Z,2026-04-13T09:16:49Z
163,325,7,SafeTemp,CLS000000000325,delivered,,,16.09,2026-04-03T22:46:56Z,2026-04-13T00:50:55Z,2026-04-13T09:16:49Z
164,326,2,Clinical Express,CLS000000000326,delivered,,,18.35,2026-04-10T05:54:36Z,2026-04-11T22:48:11Z,2026-04-13T09:16:49Z
165,331,6,CryoLine,CLS000000000331,in_transit,,,24.67,2026-04-04T15:00:34Z,,2026-04-13T09:16:49Z
166,332,27,Specialty Care Courier,CLS000000000332,delivered,,,5.91,2026-04-04T23:27:52Z,2026-04-12T23:26:46Z,2026-04-13T09:16:49Z
167,333,30,SafeTemp,CLS000000000333,delivered,,,9.15,2026-04-06T04:03:07Z,2026-04-11T21:08:38Z,2026-04-13T09:16:49Z
168,334,5,Clinical Express,CLS000000000334,delivered,,,22.4,2026-04-07T12:02:39Z,2026-04-12T10:10:04Z,2026-04-13T09:16:49Z
169,339,24,CryoLine,CLS000000000339,in_transit,,,23.71,2026-04-11T06:51:44Z,,2026-04-13T09:16:49Z
170,340,6,Specialty Care Courier,CLS000000000340,delivered,,,20.89,2026-04-04T13:13:55Z,2026-04-11T17:40:23Z,2026-04-13T09:16:49Z
171,341,13,SafeTemp,CLS000000000341,delivered,,,14.13,2026-04-05T15:56:57Z,2026-04-13T03:54:48Z,2026-04-13T09:16:49Z
172,342,10,Clinical Express,CLS000000000342,delivered,,,24.52,2026-04-07T21:36:37Z,2026-04-12T02:27:27Z,2026-04-13T09:16:49Z
173,347,3,CryoLine,CLS000000000347,in_transit,,,17.99,2026-04-11T15:42:58Z,,2026-04-13T09:16:49Z
174,348,14,Specialty Care Courier,CLS000000000348,delivered,,,18.83,2026-04-05T14:05:01Z,2026-04-11T17:46:58Z,2026-04-13T09:16:49Z
175,349,2,SafeTemp,CLS000000000349,delivered,,,8.3,2026-04-09T18:55:58Z,2026-04-12T17:03:14Z,2026-04-13T09:16:49Z
176,350,14,Clinical Express,CLS000000000350,delivered,,,6.12,2026-04-08T17:12:49Z,2026-04-13T00:19:02Z,2026-04-13T09:16:49Z
177,355,6,CryoLine,CLS000000000355,in_transit,,,16.03,2026-04-11T06:50:18Z,,2026-04-13T09:16:49Z
178,356,10,Specialty Care Courier,CLS000000000356,delivered,,,22.53,2026-04-10T05:13:26Z,2026-04-12T12:52:02Z,2026-04-13T09:16:49Z
179,357,15,SafeTemp,CLS000000000357,delivered,,,5.3,2026-04-10T17:33:43Z,2026-04-13T01:38:05Z,2026-04-13T09:16:49Z
180,358,25,Clinical Express,CLS000000000358,delivered,,,21.93,2026-04-08T14:41:58Z,2026-04-12T06:33:28Z,2026-04-13T09:16:49Z
181,363,24,CryoLine,CLS000000000363,in_transit,,,17.13,2026-04-09T04:40:40Z,,2026-04-13T09:16:49Z
182,364,11,Specialty Care Courier,CLS000000000364,delivered,,,23.9,2026-04-08T07:55:51Z,2026-04-13T03:57:23Z,2026-04-13T09:16:49Z
183,365,9,SafeTemp,CLS000000000365,delivered,,,20.99,2026-04-05T13:02:54Z,2026-04-12T19:05:27Z,2026-04-13T09:16:49Z
184,366,16,Clinical Express,CLS000000000366,delivered,,,12.12,2026-04-08T03:51:06Z,2026-04-13T04:41:00Z,2026-04-13T09:16:49Z
185,371,26,CryoLine,CLS000000000371,in_transit,,,19.12,2026-04-05T23:39:18Z,,2026-04-13T09:16:49Z
186,372,17,Specialty Care Courier,CLS000000000372,delivered,,,16.73,2026-04-12T05:55:56Z,2026-04-12T13:45:13Z,2026-04-13T09:16:49Z
187,373,23,SafeTemp,CLS000000000373,delivered,,,7.02,2026-04-11T16:20:05Z,2026-04-12T01:20:03Z,2026-04-13T09:16:49Z
188,374,25,Clinical Express,CLS000000000374,delivered,,,15.7,2026-04-08T07:23:18Z,2026-04-12T03:09:34Z,2026-04-13T09:16:49Z
189,379,4,CryoLine,CLS000000000379,in_transit,,,18,2026-04-09T00:38:24Z,,2026-04-13T09:16:49Z
190,380,15,Specialty Care Courier,CLS000000000380,delivered,,,13.3,2026-04-04T10:12:38Z,2026-04-12T14:04:03Z,2026-04-13T09:16:49Z
191,381,15,SafeTemp,CLS000000000381,delivered,,,5.13,2026-04-05T20:48:59Z,2026-04-11T13:45:39Z,2026-04-13T09:16:49Z
192,382,4,Clinical Express,CLS000000000382,delivered,,,13.02,2026-04-05T16:40:44Z,2026-04-13T04:39:04Z,2026-04-13T09:16:49Z
193,387,2,CryoLine,CLS000000000387,in_transit,,,15.13,2026-04-05T15:24:44Z,,2026-04-13T09:16:49Z
194,388,4,Specialty Care Courier,CLS000000000388,delivered,,,9.2,2026-04-03T11:27:19Z,2026-04-11T14:48:56Z,2026-04-13T09:16:49Z
195,389,12,SafeTemp,CLS000000000389,delivered,,,21.02,2026-04-07T11:26:40Z,2026-04-12T01:47:18Z,2026-04-13T09:16:49Z
196,390,4,Clinical Express,CLS000000000390,delivered,,,12.39,2026-04-03T23:58:26Z,2026-04-13T04:33:41Z,2026-04-13T09:16:49Z
197,395,24,CryoLine,CLS000000000395,in_transit,,,24.06,2026-04-09T04:34:42Z,,2026-04-13T09:16:49Z
198,396,22,Specialty Care Courier,CLS000000000396,delivered,,,24.82,2026-04-09T18:22:32Z,2026-04-12T03:03:17Z,2026-04-13T09:16:49Z
199,397,3,SafeTemp,CLS000000000397,delivered,,,24.22,2026-04-12T00:29:41Z,2026-04-12T17:34:14Z,2026-04-13T09:16:49Z
200,398,19,Clinical Express,CLS000000000398,delivered,,,21.98,2026-04-09T20:51:44Z,2026-04-12T03:05:50Z,2026-04-13T09:16:49Z
201,403,24,CryoLine,CLS000000000403,in_transit,,,13.57,2026-04-09T23:32:57Z,,2026-04-13T09:16:49Z
202,404,29,Specialty Care Courier,CLS000000000404,delivered,,,19.19,2026-04-12T05:42:17Z,2026-04-13T01:02:51Z,2026-04-13T09:16:49Z
203,405,8,SafeTemp,CLS000000000405,delivered,,,7.94,2026-04-08T13:55:41Z,2026-04-13T05:34:11Z,2026-04-13T09:16:49Z
204,406,19,Clinical Express,CLS000000000406,delivered,,,22.93,2026-04-09T12:21:40Z,2026-04-12T21:39:41Z,2026-04-13T09:16:49Z
205,411,24,CryoLine,CLS000000000411,in_transit,,,19.33,2026-04-08T02:50:59Z,,2026-04-13T09:16:49Z
206,412,3,Specialty Care Courier,CLS000000000412,delivered,,,11.96,2026-04-04T23:44:39Z,2026-04-11T22:58:06Z,2026-04-13T09:16:49Z
207,413,15,SafeTemp,CLS000000000413,delivered,,,24.4,2026-04-07T22:36:24Z,2026-04-12T09:16:25Z,2026-04-13T09:16:49Z
208,414,13,Clinical Express,CLS000000000414,delivered,,,7.9,2026-04-08T13:40:36Z,2026-04-11T11:10:50Z,2026-04-13T09:16:49Z
209,419,26,CryoLine,CLS000000000419,in_transit,,,23.88,2026-04-10T17:05:30Z,,2026-04-13T09:16:49Z
210,420,23,Specialty Care Courier,CLS000000000420,delivered,,,9.38,2026-04-08T08:04:41Z,2026-04-12T22:04:20Z,2026-04-13T09:16:49Z
211,421,28,SafeTemp,CLS000000000421,delivered,,,22.89,2026-04-11T20:55:28Z,2026-04-12T18:45:26Z,2026-04-13T09:16:49Z
212,422,12,Clinical Express,CLS000000000422,delivered,,,13.34,2026-04-07T12:58:38Z,2026-04-11T10:51:04Z,2026-04-13T09:16:49Z
213,427,11,CryoLine,CLS000000000427,in_transit,,,23.61,2026-04-06T23:06:53Z,,2026-04-13T09:16:49Z
214,428,14,Specialty Care Courier,CLS000000000428,delivered,,,15.48,2026-04-05T11:54:47Z,2026-04-13T00:40:21Z,2026-04-13T09:16:49Z
215,429,21,SafeTemp,CLS000000000429,delivered,,,21.99,2026-04-04T17:37:27Z,2026-04-11T15:46:44Z,2026-04-13T09:16:49Z
216,430,24,Clinical Express,CLS000000000430,delivered,,,13.55,2026-04-08T19:34:18Z,2026-04-12T20:27:56Z,2026-04-13T09:16:49Z
217,435,1,CryoLine,CLS000000000435,in_transit,,,21.11,2026-04-05T17:06:09Z,,2026-04-13T09:16:49Z
218,436,18,Specialty Care Courier,CLS000000000436,delivered,,,19.19,2026-04-11T21:14:47Z,2026-04-13T02:56:46Z,2026-04-13T09:16:49Z
219,437,21,SafeTemp,CLS000000000437,delivered,,,19.1,2026-04-10T21:10:47Z,2026-04-12T20:27:01Z,2026-04-13T09:16:49Z
220,438,4,Clinical Express,CLS000000000438,delivered,,,11.02,2026-04-07T02:40:51Z,2026-04-12T22:30:15Z,2026-04-13T09:16:49Z
221,443,23,CryoLine,CLS000000000443,in_transit,,,16.76,2026-04-10T03:29:41Z,,2026-04-13T09:16:49Z
222,444,4,Specialty Care Courier,CLS000000000444,delivered,,,17.93,2026-04-12T04:42:44Z,2026-04-12T18:16:56Z,2026-04-13T09:16:49Z
223,445,6,SafeTemp,CLS000000000445,delivered,,,24.49,2026-04-05T09:28:45Z,2026-04-12T02:17:28Z,2026-04-13T09:16:49Z
224,446,21,Clinical Express,CLS000000000446,delivered,,,13.32,2026-04-09T23:43:58Z,2026-04-11T11:45:23Z,2026-04-13T09:16:49Z
225,451,23,CryoLine,CLS000000000451,in_transit,,,19.01,2026-04-06T22:19:15Z,,2026-04-13T09:16:49Z
226,452,16,Specialty Care Courier,CLS000000000452,delivered,,,10.32,2026-04-12T04:13:02Z,2026-04-12T22:30:19Z,2026-04-13T09:16:49Z
227,453,20,SafeTemp,CLS000000000453,delivered,,,24.95,2026-04-06T08:30:28Z,2026-04-12T20:42:35Z,2026-04-13T09:16:49Z
228,454,9,Clinical Express,CLS000000000454,delivered,,,19.21,2026-04-06T08:14:51Z,2026-04-12T02:28:10Z,2026-04-13T09:16:49Z
229,459,3,CryoLine,CLS000000000459,in_transit,,,21.2,2026-04-10T06:40:49Z,,2026-04-13T09:16:49Z
230,460,10,Specialty Care Courier,CLS000000000460,delivered,,,10.91,2026-04-08T10:18:50Z,2026-04-11T18:06:57Z,2026-04-13T09:16:49Z
231,461,17,SafeTemp,CLS000000000461,delivered,,,8.48,2026-04-05T14:22:44Z,2026-04-11T17:23:32Z,2026-04-13T09:16:49Z
232,462,9,Clinical Express,CLS000000000462,delivered,,,6.21,2026-04-12T02:36:58Z,2026-04-12T11:31:34Z,2026-04-13T09:16:49Z
233,467,13,CryoLine,CLS000000000467,in_transit,,,13.69,2026-04-04T13:20:29Z,,2026-04-13T09:16:49Z
234,468,28,Specialty Care Courier,CLS000000000468,delivered,,,17.84,2026-04-10T07:25:07Z,2026-04-12T19:58:51Z,2026-04-13T09:16:49Z
235,469,30,SafeTemp,CLS000000000469,delivered,,,13.36,2026-04-11T20:57:28Z,2026-04-12T08:15:08Z,2026-04-13T09:16:49Z
236,470,30,Clinical Express,CLS000000000470,delivered,,,23.17,2026-04-10T01:03:02Z,2026-04-12T00:21:13Z,2026-04-13T09:16:49Z
237,475,28,CryoLine,CLS000000000475,in_transit,,,8.36,2026-04-10T23:49:22Z,,2026-04-13T09:16:49Z
238,476,14,Specialty Care Courier,CLS000000000476,delivered,,,8.28,2026-04-05T15:26:45Z,2026-04-11T15:28:59Z,2026-04-13T09:16:49Z
239,477,9,SafeTemp,CLS000000000477,delivered,,,18.54,2026-04-09T14:39:58Z,2026-04-11T19:46:08Z,2026-04-13T09:16:49Z
240,478,26,Clinical Express,CLS000000000478,delivered,,,12.29,2026-04-05T07:05:50Z,2026-04-11T18:48:59Z,2026-04-13T09:16:49Z
241,483,24,CryoLine,CLS000000000483,in_transit,,,5.77,2026-04-04T20:01:23Z,,2026-04-13T09:16:49Z
242,484,4,Specialty Care Courier,CLS000000000484,delivered,,,18.65,2026-04-09T04:21:00Z,2026-04-11T18:27:35Z,2026-04-13T09:16:49Z
243,485,2,SafeTemp,CLS000000000485,delivered,,,10.63,2026-04-05T12:31:51Z,2026-04-12T14:19:17Z,2026-04-13T09:16:49Z
244,486,7,Clinical Express,CLS000000000486,delivered,,,14.97,2026-04-11T18:29:44Z,2026-04-13T04:30:07Z,2026-04-13T09:16:49Z
245,491,27,CryoLine,CLS000000000491,in_transit,,,15.88,2026-04-09T21:00:09Z,,2026-04-13T09:16:49Z
246,492,22,Specialty Care Courier,CLS000000000492,delivered,,,15.58,2026-04-04T06:55:03Z,2026-04-13T01:48:27Z,2026-04-13T09:16:49Z
247,493,14,SafeTemp,CLS000000000493,delivered,,,18.63,2026-04-05T17:32:10Z,2026-04-11T09:29:23Z,2026-04-13T09:16:49Z
248,494,25,Clinical Express,CLS000000000494,delivered,,,23.57,2026-04-10T18:49:12Z,2026-04-12T09:25:28Z,2026-04-13T09:16:49Z
249,499,23,CryoLine,CLS000000000499,in_transit,,,13.82,2026-04-10T17:46:50Z,,2026-04-13T09:16:49Z
250,500,2,Specialty Care Courier,CLS000000000500,delivered,,,18.56,2026-04-09T02:04:53Z,2026-04-12T13:40:33Z,2026-04-13T09:16:49Z
251,501,12,SafeTemp,CLS000000000501,delivered,,,5.82,2026-04-03T18:31:41Z,2026-04-12T20:36:00Z,2026-04-13T09:16:49Z
252,502,10,Clinical Express,CLS000000000502,delivered,,,19.25,2026-04-08T09:15:25Z,2026-04-12T21:24:14Z,2026-04-13T09:16:49Z
253,507,9,CryoLine,CLS000000000507,in_transit,,,5.72,2026-04-10T04:21:53Z,,2026-04-13T09:16:49Z
254,508,14,Specialty Care Courier,CLS000000000508,delivered,,,13.6,2026-04-08T02:53:12Z,2026-04-11T16:07:15Z,2026-04-13T09:16:49Z
255,509,9,SafeTemp,CLS000000000509,delivered,,,17.22,2026-04-11T10:35:21Z,2026-04-12T19:17:49Z,2026-04-13T09:16:49Z
256,510,11,Clinical Express,CLS000000000510,delivered,,,22.91,2026-04-05T16:29:12Z,2026-04-13T04:40:23Z,2026-04-13T09:16:49Z
257,515,12,CryoLine,CLS000000000515,in_transit,,,22.34,2026-04-04T15:31:55Z,,2026-04-13T09:16:49Z
258,516,16,Specialty Care Courier,CLS000000000516,delivered,,,17.23,2026-04-10T22:04:51Z,2026-04-11T09:39:10Z,2026-04-13T09:16:49Z
259,517,2,SafeTemp,CLS000000000517,delivered,,,21.15,2026-04-07T12:19:14Z,2026-04-12T18:33:46Z,2026-04-13T09:16:49Z
260,518,4,Clinical Express,CLS000000000518,delivered,,,10.46,2026-04-04T19:57:50Z,2026-04-13T01:04:53Z,2026-04-13T09:16:49Z
261,523,25,CryoLine,CLS000000000523,in_transit,,,22.56,2026-04-07T19:51:32Z,,2026-04-13T09:16:49Z
262,524,28,Specialty Care Courier,CLS000000000524,delivered,,,7.78,2026-04-12T04:26:20Z,2026-04-12T22:45:47Z,2026-04-13T09:16:49Z
263,525,5,SafeTemp,CLS000000000525,delivered,,,10.84,2026-04-12T01:30:38Z,2026-04-12T16:51:07Z,2026-04-13T09:16:49Z
264,526,30,Clinical Express,CLS000000000526,delivered,,,19.67,2026-04-08T07:04:32Z,2026-04-12T13:48:50Z,2026-04-13T09:16:49Z
265,531,14,CryoLine,CLS000000000531,in_transit,,,11,2026-04-08T22:49:22Z,,2026-04-13T09:16:49Z
266,532,28,Specialty Care Courier,CLS000000000532,delivered,,,18.67,2026-04-07T13:13:38Z,2026-04-12T20:44:01Z,2026-04-13T09:16:49Z
267,533,3,SafeTemp,CLS000000000533,delivered,,,5.21,2026-04-10T08:55:16Z,2026-04-12T06:51:09Z,2026-04-13T09:16:49Z
268,534,8,Clinical Express,CLS000000000534,delivered,,,24.98,2026-04-07T18:20:44Z,2026-04-11T20:36:22Z,2026-04-13T09:16:49Z
269,539,24,CryoLine,CLS000000000539,in_transit,,,13.71,2026-04-09T02:12:06Z,,2026-04-13T09:16:49Z
270,540,20,Specialty Care Courier,CLS000000000540,delivered,,,16.95,2026-04-07T14:21:51Z,2026-04-12T11:40:04Z,2026-04-13T09:16:49Z
271,541,30,SafeTemp,CLS000000000541,delivered,,,11.04,2026-04-05T16:10:32Z,2026-04-12T17:26:58Z,2026-04-13T09:16:49Z
272,542,13,Clinical Express,CLS000000000542,delivered,,,19.01,2026-04-09T12:42:24Z,2026-04-12T22:21:46Z,2026-04-13T09:16:49Z
273,547,29,CryoLine,CLS000000000547,in_transit,,,23.29,2026-04-05T20:04:17Z,,2026-04-13T09:16:49Z
274,548,5,Specialty Care Courier,CLS000000000548,delivered,,,13.25,2026-04-07T21:26:58Z,2026-04-12T12:40:16Z,2026-04-13T09:16:49Z
275,549,13,SafeTemp,CLS000000000549,delivered,,,21.08,2026-04-09T15:49:08Z,2026-04-11T22:37:31Z,2026-04-13T09:16:49Z
276,550,15,Clinical Express,CLS000000000550,delivered,,,15.21,2026-04-08T03:58:30Z,2026-04-12T04:18:30Z,2026-04-13T09:16:49Z
277,555,6,CryoLine,CLS000000000555,in_transit,,,12.5,2026-04-12T05:44:30Z,,2026-04-13T09:16:49Z
278,556,12,Specialty Care Courier,CLS000000000556,delivered,,,21.57,2026-04-08T21:11:58Z,2026-04-12T19:20:50Z,2026-04-13T09:16:49Z
279,557,5,SafeTemp,CLS000000000557,delivered,,,16.73,2026-04-03T23:26:09Z,2026-04-11T16:55:52Z,2026-04-13T09:16:49Z
280,558,19,Clinical Express,CLS000000000558,delivered,,,11.19,2026-04-07T04:23:19Z,2026-04-13T05:32:03Z,2026-04-13T09:16:49Z
281,563,9,CryoLine,CLS000000000563,in_transit,,,19.08,2026-04-04T17:03:41Z,,2026-04-13T09:16:49Z
282,564,28,Specialty Care Courier,CLS000000000564,delivered,,,19.6,2026-04-07T05:24:42Z,2026-04-12T12:58:30Z,2026-04-13T09:16:49Z
283,565,4,SafeTemp,CLS000000000565,delivered,,,14.62,2026-04-12T08:00:15Z,2026-04-12T23:36:46Z,2026-04-13T09:16:49Z
284,566,3,Clinical Express,CLS000000000566,delivered,,,23.27,2026-04-10T04:42:51Z,2026-04-11T19:12:53Z,2026-04-13T09:16:49Z
285,571,17,CryoLine,CLS000000000571,in_transit,,,9.21,2026-04-10T16:15:20Z,,2026-04-13T09:16:49Z
286,572,2,Specialty Care Courier,CLS000000000572,delivered,,,24.72,2026-04-03T18:16:59Z,2026-04-11T14:19:31Z,2026-04-13T09:16:49Z
287,573,8,SafeTemp,CLS000000000573,delivered,,,21.4,2026-04-10T23:51:15Z,2026-04-13T02:43:57Z,2026-04-13T09:16:49Z
288,574,21,Clinical Express,CLS000000000574,delivered,,,10.14,2026-04-05T15:49:51Z,2026-04-12T11:53:02Z,2026-04-13T09:16:49Z
289,579,18,CryoLine,CLS000000000579,in_transit,,,16.94,2026-04-09T00:31:05Z,,2026-04-13T09:16:49Z
290,580,11,Specialty Care Courier,CLS000000000580,delivered,,,22.36,2026-04-05T19:43:38Z,2026-04-12T03:15:11Z,2026-04-13T09:16:49Z
291,581,8,SafeTemp,CLS000000000581,delivered,,,16.96,2026-04-11T12:41:23Z,2026-04-12T23:02:48Z,2026-04-13T09:16:49Z
292,582,26,Clinical Express,CLS000000000582,delivered,,,14.64,2026-04-05T09:30:00Z,2026-04-12T20:52:49Z,2026-04-13T09:16:49Z
293,587,16,CryoLine,CLS000000000587,in_transit,,,10.36,2026-04-11T15:57:05Z,,2026-04-13T09:16:49Z
294,588,3,Specialty Care Courier,CLS000000000588,delivered,,,24.28,2026-04-03T13:10:59Z,2026-04-13T05:05:39Z,2026-04-13T09:16:49Z
295,589,2,SafeTemp,CLS000000000589,delivered,,,24.12,2026-04-05T13:05:19Z,2026-04-13T01:39:24Z,2026-04-13T09:16:49Z
296,590,1,Clinical Express,CLS000000000590,delivered,,,11.57,2026-04-06T12:10:22Z,2026-04-12T11:25:49Z,2026-04-13T09:16:49Z
297,595,17,CryoLine,CLS000000000595,in_transit,,,8.49,2026-04-04T08:21:43Z,,2026-04-13T09:16:49Z
298,596,12,Specialty Care Courier,CLS000000000596,delivered,,,11.69,2026-04-09T08:33:52Z,2026-04-12T04:53:54Z,2026-04-13T09:16:49Z
299,597,4,SafeTemp,CLS000000000597,delivered,,,15.19,2026-04-05T18:55:18Z,2026-04-12T03:02:05Z,2026-04-13T09:16:49Z
300,598,27,Clinical Express,CLS000000000598,delivered,,,23.6,2026-04-05T23:12:53Z,2026-04-13T07:21:19Z,2026-04-13T09:16:49Z
301,603,12,CryoLine,CLS000000000603,in_transit,,,13.99,2026-04-11T08:03:54Z,,2026-04-13T09:16:49Z
302,604,20,Specialty Care Courier,CLS000000000604,delivered,,,21.62,2026-04-08T13:08:48Z,2026-04-11T21:06:20Z,2026-04-13T09:16:49Z
303,605,5,SafeTemp,CLS000000000605,delivered,,,6.34,2026-04-04T09:56:05Z,2026-04-12T08:08:35Z,2026-04-13T09:16:49Z
304,606,27,Clinical Express,CLS000000000606,delivered,,,23.97,2026-04-03T19:12:34Z,2026-04-13T02:35:05Z,2026-04-13T09:16:49Z
305,611,5,CryoLine,CLS000000000611,in_transit,,,17.06,2026-04-08T10:48:31Z,,2026-04-13T09:16:49Z
306,612,28,Specialty Care Courier,CLS000000000612,delivered,,,22.91,2026-04-07T10:33:05Z,2026-04-11T23:59:44Z,2026-04-13T09:16:49Z
307,613,27,SafeTemp,CLS000000000613,delivered,,,13.56,2026-04-04T03:24:37Z,2026-04-13T06:56:21Z,2026-04-13T09:16:49Z
308,614,10,Clinical Express,CLS000000000614,delivered,,,6.66,2026-04-05T23:43:37Z,2026-04-12T09:07:04Z,2026-04-13T09:16:49Z
309,619,20,CryoLine,CLS000000000619,in_transit,,,10.93,2026-04-07T23:24:07Z,,2026-04-13T09:16:49Z
310,620,26,Specialty Care Courier,CLS000000000620,delivered,,,21.6,2026-04-08T00:25:59Z,2026-04-12T08:11:30Z,2026-04-13T09:16:49Z
311,621,30,SafeTemp,CLS000000000621,delivered,,,5.09,2026-04-09T03:21:53Z,2026-04-12T21:34:19Z,2026-04-13T09:16:49Z
312,622,12,Clinical Express,CLS000000000622,delivered,,,20.33,2026-04-08T02:27:30Z,2026-04-13T05:16:56Z,2026-04-13T09:16:49Z
313,627,9,CryoLine,CLS000000000627,in_transit,,,6.11,2026-04-11T02:28:39Z,,2026-04-13T09:16:49Z
314,628,13,Specialty Care Courier,CLS000000000628,delivered,,,19.12,2026-04-11T12:27:01Z,2026-04-11T18:02:02Z,2026-04-13T09:16:49Z
315,629,23,SafeTemp,CLS000000000629,delivered,,,20.35,2026-04-03T23:44:06Z,2026-04-12T04:35:28Z,2026-04-13T09:16:49Z
316,630,11,Clinical Express,CLS000000000630,delivered,,,6.9,2026-04-06T09:16:10Z,2026-04-11T12:27:03Z,2026-04-13T09:16:49Z
317,635,13,CryoLine,CLS000000000635,in_transit,,,14.17,2026-04-10T06:39:00Z,,2026-04-13T09:16:49Z
318,636,4,Specialty Care Courier,CLS000000000636,delivered,,,16.24,2026-04-11T21:16:34Z,2026-04-12T03:03:48Z,2026-04-13T09:16:49Z
319,637,2,SafeTemp,CLS000000000637,delivered,,,22.39,2026-04-06T07:17:33Z,2026-04-11T16:59:57Z,2026-04-13T09:16:49Z
320,638,30,Clinical Express,CLS000000000638,delivered,,,8.23,2026-04-09T09:21:16Z,2026-04-12T19:37:38Z,2026-04-13T09:16:49Z
321,643,4,CryoLine,CLS000000000643,in_transit,,,19.45,2026-04-06T09:02:49Z,,2026-04-13T09:16:49Z
322,644,6,Specialty Care Courier,CLS000000000644,delivered,,,22.33,2026-04-09T08:06:19Z,2026-04-12T05:32:54Z,2026-04-13T09:16:49Z
323,645,25,SafeTemp,CLS000000000645,delivered,,,6.23,2026-04-07T19:13:51Z,2026-04-12T00:28:29Z,2026-04-13T09:16:49Z
324,646,17,Clinical Express,CLS000000000646,delivered,,,5.2,2026-04-05T13:39:25Z,2026-04-12T02:22:58Z,2026-04-13T09:16:49Z
325,651,4,CryoLine,CLS000000000651,in_transit,,,17.41,2026-04-09T19:41:28Z,,2026-04-13T09:16:49Z
326,652,8,Specialty Care Courier,CLS000000000652,delivered,,,13.15,2026-04-08T04:50:24Z,2026-04-11T16:57:42Z,2026-04-13T09:16:49Z
327,653,30,SafeTemp,CLS000000000653,delivered,,,21.74,2026-04-06T23:14:38Z,2026-04-12T14:47:48Z,2026-04-13T09:16:49Z
328,654,14,Clinical Express,CLS000000000654,delivered,,,14.01,2026-04-08T18:35:24Z,2026-04-12T10:53:18Z,2026-04-13T09:16:49Z
329,659,13,CryoLine,CLS000000000659,in_transit,,,23.21,2026-04-06T07:42:42Z,,2026-04-13T09:16:49Z
330,660,10,Specialty Care Courier,CLS000000000660,delivered,,,12.42,2026-04-05T00:49:17Z,2026-04-12T21:22:39Z,2026-04-13T09:16:49Z
331,661,17,SafeTemp,CLS000000000661,delivered,,,18.1,2026-04-04T06:40:20Z,2026-04-12T04:39:45Z,2026-04-13T09:16:49Z
332,662,18,Clinical Express,CLS000000000662,delivered,,,11.32,2026-04-04T15:41:32Z,2026-04-12T20:57:03Z,2026-04-13T09:16:49Z
333,667,3,CryoLine,CLS000000000667,in_transit,,,12.88,2026-04-06T01:50:39Z,,2026-04-13T09:16:49Z
334,668,2,Specialty Care Courier,CLS000000000668,delivered,,,18.71,2026-04-03T10:12:24Z,2026-04-12T18:32:24Z,2026-04-13T09:16:49Z
335,669,13,SafeTemp,CLS000000000669,delivered,,,6.38,2026-04-07T12:39:30Z,2026-04-11T18:30:54Z,2026-04-13T09:16:49Z
336,670,30,Clinical Express,CLS000000000670,delivered,,,24.76,2026-04-06T06:24:02Z,2026-04-12T11:54:31Z,2026-04-13T09:16:49Z
337,675,29,CryoLine,CLS000000000675,in_transit,,,22.27,2026-04-08T22:24:00Z,,2026-04-13T09:16:49Z
338,676,14,Specialty Care Courier,CLS000000000676,delivered,,,22.37,2026-04-08T23:48:45Z,2026-04-12T04:36:47Z,2026-04-13T09:16:49Z
339,677,23,SafeTemp,CLS000000000677,delivered,,,8.05,2026-04-12T06:39:50Z,2026-04-12T10:28:46Z,2026-04-13T09:16:49Z
340,678,13,Clinical Express,CLS000000000678,delivered,,,19.68,2026-04-06T20:07:20Z,2026-04-11T23:43:16Z,2026-04-13T09:16:49Z
341,683,15,CryoLine,CLS000000000683,in_transit,,,17.04,2026-04-09T06:29:38Z,,2026-04-13T09:16:49Z
342,684,25,Specialty Care Courier,CLS000000000684,delivered,,,18.49,2026-04-08T06:04:46Z,2026-04-12T20:07:38Z,2026-04-13T09:16:49Z
343,685,7,SafeTemp,CLS000000000685,delivered,,,11.25,2026-04-05T00:11:50Z,2026-04-12T02:38:59Z,2026-04-13T09:16:49Z
344,686,21,Clinical Express,CLS000000000686,delivered,,,23.86,2026-04-04T16:33:32Z,2026-04-13T07:29:27Z,2026-04-13T09:16:49Z
345,691,15,CryoLine,CLS000000000691,in_transit,,,23.7,2026-04-09T06:00:08Z,,2026-04-13T09:16:49Z
346,692,9,Specialty Care Courier,CLS000000000692,delivered,,,23.61,2026-04-10T13:15:20Z,2026-04-13T06:03:21Z,2026-04-13T09:16:49Z
347,693,18,SafeTemp,CLS000000000693,delivered,,,22.61,2026-04-12T08:43:39Z,2026-04-13T07:01:52Z,2026-04-13T09:16:49Z
348,694,15,Clinical Express,CLS000000000694,delivered,,,7.09,2026-04-09T06:36:30Z,2026-04-12T11:38:50Z,2026-04-13T09:16:49Z
349,699,28,CryoLine,CLS000000000699,in_transit,,,11.58,2026-04-04T17:47:08Z,,2026-04-13T09:16:49Z
350,700,16,Specialty Care Courier,CLS000000000700,delivered,,,11.4,2026-04-03T21:03:21Z,2026-04-11T11:25:19Z,2026-04-13T09:16:49Z
351,701,29,SafeTemp,CLS000000000701,delivered,,,24.48,2026-04-09T10:51:35Z,2026-04-11T23:40:48Z,2026-04-13T09:16:49Z
352,702,2,Clinical Express,CLS000000000702,delivered,,,18.2,2026-04-05T06:35:59Z,2026-04-12T08:21:24Z,2026-04-13T09:16:49Z
353,707,17,CryoLine,CLS000000000707,in_transit,,,14.08,2026-04-07T22:05:10Z,,2026-04-13T09:16:49Z
354,708,20,Specialty Care Courier,CLS000000000708,delivered,,,12.95,2026-04-11T17:19:25Z,2026-04-12T11:36:40Z,2026-04-13T09:16:49Z
355,709,3,SafeTemp,CLS000000000709,delivered,,,23.75,2026-04-08T21:26:49Z,2026-04-11T13:54:56Z,2026-04-13T09:16:49Z
356,710,8,Clinical Express,CLS000000000710,delivered,,,16.04,2026-04-11T13:24:29Z,2026-04-11T13:47:47Z,2026-04-13T09:16:49Z
357,715,12,CryoLine,CLS000000000715,in_transit,,,22.35,2026-04-08T10:41:00Z,,2026-04-13T09:16:49Z
358,716,5,Specialty Care Courier,CLS000000000716,delivered,,,19.82,2026-04-04T18:01:22Z,2026-04-12T19:07:52Z,2026-04-13T09:16:49Z
359,717,28,SafeTemp,CLS000000000717,delivered,,,18.23,2026-04-06T12:09:00Z,2026-04-12T04:11:52Z,2026-04-13T09:16:49Z
360,718,13,Clinical Express,CLS000000000718,delivered,,,14.75,2026-04-04T22:10:43Z,2026-04-11T12:30:15Z,2026-04-13T09:16:49Z
361,723,13,CryoLine,CLS000000000723,in_transit,,,9,2026-04-10T16:27:59Z,,2026-04-13T09:16:49Z
362,724,27,Specialty Care Courier,CLS000000000724,delivered,,,24.65,2026-04-09T20:14:31Z,2026-04-11T09:59:46Z,2026-04-13T09:16:49Z
363,725,30,SafeTemp,CLS000000000725,delivered,,,5.23,2026-04-07T20:41:41Z,2026-04-13T04:27:54Z,2026-04-13T09:16:49Z
364,726,5,Clinical Express,CLS000000000726,delivered,,,5.16,2026-04-07T21:24:37Z,2026-04-11T11:27:56Z,2026-04-13T09:16:49Z
365,731,9,CryoLine,CLS000000000731,in_transit,,,20,2026-04-07T03:28:41Z,,2026-04-13T09:16:49Z
366,732,2,Specialty Care Courier,CLS000000000732,delivered,,,6.9,2026-04-04T13:33:27Z,2026-04-12T01:22:59Z,2026-04-13T09:16:49Z
367,733,28,SafeTemp,CLS000000000733,delivered,,,10.77,2026-04-11T04:31:58Z,2026-04-11T23:55:40Z,2026-04-13T09:16:49Z
368,734,1,Clinical Express,CLS000000000734,delivered,,,7.96,2026-04-06T06:00:10Z,2026-04-12T23:27:08Z,2026-04-13T09:16:49Z
369,739,17,CryoLine,CLS000000000739,in_transit,,,6.88,2026-04-11T02:04:56Z,,2026-04-13T09:16:49Z
370,740,5,Specialty Care Courier,CLS000000000740,delivered,,,17.94,2026-04-09T01:24:23Z,2026-04-12T05:03:41Z,2026-04-13T09:16:49Z
371,741,2,SafeTemp,CLS000000000741,delivered,,,23.04,2026-04-08T18:40:24Z,2026-04-13T06:16:17Z,2026-04-13T09:16:49Z
372,742,28,Clinical Express,CLS000000000742,delivered,,,9,2026-04-03T23:50:53Z,2026-04-12T15:09:39Z,2026-04-13T09:16:49Z
373,747,15,CryoLine,CLS000000000747,in_transit,,,18.11,2026-04-10T01:36:47Z,,2026-04-13T09:16:49Z
374,748,5,Specialty Care Courier,CLS000000000748,delivered,,,9.63,2026-04-04T06:05:08Z,2026-04-11T11:39:04Z,2026-04-13T09:16:49Z
375,749,6,SafeTemp,CLS000000000749,delivered,,,18.05,2026-04-09T06:43:59Z,2026-04-13T03:52:34Z,2026-04-13T09:16:49Z
376,750,22,Clinical Express,CLS000000000750,delivered,,,17.2,2026-04-11T12:36:15Z,2026-04-13T06:05:14Z,2026-04-13T09:16:49Z
377,755,26,CryoLine,CLS000000000755,in_transit,,,13.97,2026-04-11T01:54:38Z,,2026-04-13T09:16:49Z
378,756,15,Specialty Care Courier,CLS000000000756,delivered,,,9.13,2026-04-11T11:51:27Z,2026-04-11T13:16:20Z,2026-04-13T09:16:49Z
379,757,21,SafeTemp,CLS000000000757,delivered,,,6.55,2026-04-11T02:54:36Z,2026-04-11T12:31:15Z,2026-04-13T09:16:49Z
380,758,7,Clinical Express,CLS000000000758,delivered,,,21.63,2026-04-05T08:34:34Z,2026-04-11T10:33:05Z,2026-04-13T09:16:49Z
381,763,27,CryoLine,CLS000000000763,in_transit,,,5.59,2026-04-06T19:04:08Z,,2026-04-13T09:16:49Z
382,764,14,Specialty Care Courier,CLS000000000764,delivered,,,17.14,2026-04-12T02:48:57Z,2026-04-13T01:23:12Z,2026-04-13T09:16:49Z
383,765,6,SafeTemp,CLS000000000765,delivered,,,20.8,2026-04-04T08:47:23Z,2026-04-11T20:55:46Z,2026-04-13T09:16:49Z
384,766,22,Clinical Express,CLS000000000766,delivered,,,10.32,2026-04-11T08:23:51Z,2026-04-13T05:58:14Z,2026-04-13T09:16:49Z
385,771,19,CryoLine,CLS000000000771,in_transit,,,20.43,2026-04-04T22:20:23Z,,2026-04-13T09:16:49Z
386,772,16,Specialty Care Courier,CLS000000000772,delivered,,,20.74,2026-04-10T20:02:07Z,2026-04-12T08:07:01Z,2026-04-13T09:16:49Z
387,773,10,SafeTemp,CLS000000000773,delivered,,,15.04,2026-04-06T09:29:29Z,2026-04-12T10:02:07Z,2026-04-13T09:16:49Z
388,774,3,Clinical Express,CLS000000000774,delivered,,,22.27,2026-04-06T08:10:42Z,2026-04-12T21:00:33Z,2026-04-13T09:16:49Z
389,779,19,CryoLine,CLS000000000779,in_transit,,,17.44,2026-04-07T17:37:43Z,,2026-04-13T09:16:49Z
390,780,1,Specialty Care Courier,CLS000000000780,delivered,,,14.05,2026-04-10T07:51:39Z,2026-04-12T17:51:51Z,2026-04-13T09:16:49Z
391,781,7,SafeTemp,CLS000000000781,delivered,,,9.74,2026-04-11T11:38:03Z,2026-04-13T07:43:22Z,2026-04-13T09:16:49Z
392,782,29,Clinical Express,CLS000000000782,delivered,,,5.39,2026-04-04T20:49:57Z,2026-04-11T10:00:44Z,2026-04-13T09:16:49Z
393,787,14,CryoLine,CLS000000000787,in_transit,,,19.48,2026-04-08T17:55:30Z,,2026-04-13T09:16:49Z
394,788,26,Specialty Care Courier,CLS000000000788,delivered,,,6.8,2026-04-11T04:52:57Z,2026-04-11T10:03:47Z,2026-04-13T09:16:49Z
395,789,28,SafeTemp,CLS000000000789,delivered,,,23.04,2026-04-11T10:29:41Z,2026-04-11T20:57:59Z,2026-04-13T09:16:49Z
396,790,26,Clinical Express,CLS000000000790,delivered,,,19.71,2026-04-05T11:06:15Z,2026-04-11T21:12:09Z,2026-04-13T09:16:49Z
397,795,6,CryoLine,CLS000000000795,in_transit,,,7.91,2026-04-08T07:48:09Z,,2026-04-13T09:16:49Z
398,796,10,Specialty Care Courier,CLS000000000796,delivered,,,15.93,2026-04-07T16:40:21Z,2026-04-11T13:24:33Z,2026-04-13T09:16:49Z
399,797,11,SafeTemp,CLS000000000797,delivered,,,5.96,2026-04-10T00:10:00Z,2026-04-12T01:02:13Z,2026-04-13T09:16:49Z
400,798,2,Clinical Express,CLS000000000798,delivered,,,15.98,2026-04-05T05:13:50Z,2026-04-11T21:36:20Z,2026-04-13T09:16:49Z
401,803,26,CryoLine,CLS000000000803,in_transit,,,12.63,2026-04-05T21:55:45Z,,2026-04-13T09:16:49Z
402,804,19,Specialty Care Courier,CLS000000000804,delivered,,,10.16,2026-04-11T00:45:20Z,2026-04-12T06:01:25Z,2026-04-13T09:16:49Z
403,805,22,SafeTemp,CLS000000000805,delivered,,,18.44,2026-04-12T08:19:57Z,2026-04-12T17:52:42Z,2026-04-13T09:16:49Z
404,806,5,Clinical Express,CLS000000000806,delivered,,,22.35,2026-04-04T16:40:15Z,2026-04-12T16:59:40Z,2026-04-13T09:16:49Z
405,811,14,CryoLine,CLS000000000811,in_transit,,,15.39,2026-04-11T14:00:56Z,,2026-04-13T09:16:49Z
406,812,18,Specialty Care Courier,CLS000000000812,delivered,,,21.95,2026-04-04T18:39:37Z,2026-04-12T22:28:39Z,2026-04-13T09:16:49Z
407,813,6,SafeTemp,CLS000000000813,delivered,,,22.29,2026-04-11T09:22:39Z,2026-04-12T18:27:18Z,2026-04-13T09:16:49Z
408,814,7,Clinical Express,CLS000000000814,delivered,,,5.56,2026-04-11T03:13:12Z,2026-04-12T10:43:24Z,2026-04-13T09:16:49Z
409,819,6,CryoLine,CLS000000000819,in_transit,,,10.1,2026-04-08T20:41:41Z,,2026-04-13T09:16:49Z
410,820,19,Specialty Care Courier,CLS000000000820,delivered,,,6.07,2026-04-09T12:09:23Z,2026-04-13T00:30:14Z,2026-04-13T09:16:49Z
411,821,23,SafeTemp,CLS000000000821,delivered,,,23.77,2026-04-06T02:50:40Z,2026-04-12T12:47:52Z,2026-04-13T09:16:49Z
412,822,18,Clinical Express,CLS000000000822,delivered,,,24.02,2026-04-09T06:56:49Z,2026-04-12T04:31:03Z,2026-04-13T09:16:49Z
413,827,13,CryoLine,CLS000000000827,in_transit,,,24.18,2026-04-07T21:05:40Z,,2026-04-13T09:16:49Z
414,828,20,Specialty Care Courier,CLS000000000828,delivered,,,13.29,2026-04-08T01:04:03Z,2026-04-12T12:04:15Z,2026-04-13T09:16:49Z
415,829,2,SafeTemp,CLS000000000829,delivered,,,6.75,2026-04-04T01:30:23Z,2026-04-12T09:34:17Z,2026-04-13T09:16:49Z
416,830,21,Clinical Express,CLS000000000830,delivered,,,5.36,2026-04-09T01:03:32Z,2026-04-12T08:54:34Z,2026-04-13T09:16:49Z
417,835,16,CryoLine,CLS000000000835,in_transit,,,17.2,2026-04-05T04:27:50Z,,2026-04-13T09:16:49Z
418,836,24,Specialty Care Courier,CLS000000000836,delivered,,,7.34,2026-04-12T06:59:55Z,2026-04-12T23:45:22Z,2026-04-13T09:16:49Z
419,837,21,SafeTemp,CLS000000000837,delivered,,,19.73,2026-04-08T18:31:52Z,2026-04-12T10:07:17Z,2026-04-13T09:16:49Z
420,838,5,Clinical Express,CLS000000000838,delivered,,,14.94,2026-04-12T08:28:17Z,2026-04-13T07:34:02Z,2026-04-13T09:16:49Z
421,843,14,CryoLine,CLS000000000843,in_transit,,,7.77,2026-04-05T23:13:46Z,,2026-04-13T09:16:49Z
422,844,15,Specialty Care Courier,CLS000000000844,delivered,,,24.6,2026-04-06T03:14:31Z,2026-04-11T11:45:06Z,2026-04-13T09:16:49Z
423,845,17,SafeTemp,CLS000000000845,delivered,,,19.6,2026-04-11T17:07:22Z,2026-04-12T13:53:02Z,2026-04-13T09:16:49Z
424,846,2,Clinical Express,CLS000000000846,delivered,,,13,2026-04-05T13:05:20Z,2026-04-13T04:11:08Z,2026-04-13T09:16:49Z
425,851,21,CryoLine,CLS000000000851,in_transit,,,15.07,2026-04-04T06:04:40Z,,2026-04-13T09:16:49Z
426,852,20,Specialty Care Courier,CLS000000000852,delivered,,,9.97,2026-04-11T08:41:57Z,2026-04-12T13:12:40Z,2026-04-13T09:16:49Z
427,853,9,SafeTemp,CLS000000000853,delivered,,,5.67,2026-04-06T03:35:53Z,2026-04-12T03:55:51Z,2026-04-13T09:16:49Z
428,854,25,Clinical Express,CLS000000000854,delivered,,,14.17,2026-04-07T04:27:11Z,2026-04-12T05:36:16Z,2026-04-13T09:16:49Z
429,859,22,CryoLine,CLS000000000859,in_transit,,,22.9,2026-04-03T17:24:07Z,,2026-04-13T09:16:49Z
430,860,11,Specialty Care Courier,CLS000000000860,delivered,,,23.62,2026-04-12T04:52:41Z,2026-04-12T11:13:34Z,2026-04-13T09:16:49Z
431,861,12,SafeTemp,CLS000000000861,delivered,,,14.72,2026-04-08T17:48:40Z,2026-04-13T05:10:23Z,2026-04-13T09:16:49Z
432,862,25,Clinical Express,CLS000000000862,delivered,,,13.78,2026-04-03T22:52:01Z,2026-04-13T07:37:26Z,2026-04-13T09:16:49Z
433,867,23,CryoLine,CLS000000000867,in_transit,,,21.74,2026-04-07T12:17:53Z,,2026-04-13T09:16:49Z
434,868,10,Specialty Care Courier,CLS000000000868,delivered,,,13.35,2026-04-10T02:15:19Z,2026-04-12T19:47:19Z,2026-04-13T09:16:49Z
435,869,18,SafeTemp,CLS000000000869,delivered,,,24.12,2026-04-07T22:52:51Z,2026-04-11T11:02:40Z,2026-04-13T09:16:49Z
436,870,15,Clinical Express,CLS000000000870,delivered,,,8.22,2026-04-11T08:24:41Z,2026-04-12T00:10:59Z,2026-04-13T09:16:49Z
437,875,13,CryoLine,CLS000000000875,in_transit,,,10.81,2026-04-10T19:05:20Z,,2026-04-13T09:16:49Z
438,876,3,Specialty Care Courier,CLS000000000876,delivered,,,19.97,2026-04-10T18:17:51Z,2026-04-12T13:15:45Z,2026-04-13T09:16:49Z
439,877,11,SafeTemp,CLS000000000877,delivered,,,18.21,2026-04-06T02:10:50Z,2026-04-11T11:47:58Z,2026-04-13T09:16:49Z
440,878,29,Clinical Express,CLS000000000878,delivered,,,15.36,2026-04-06T20:48:35Z,2026-04-12T07:29:08Z,2026-04-13T09:16:49Z
441,883,25,CryoLine,CLS000000000883,in_transit,,,15.66,2026-04-07T12:46:26Z,,2026-04-13T09:16:49Z
442,884,13,Specialty Care Courier,CLS000000000884,delivered,,,7.09,2026-04-10T04:52:38Z,2026-04-13T00:39:57Z,2026-04-13T09:16:49Z
443,885,17,SafeTemp,CLS000000000885,delivered,,,21.8,2026-04-03T10:27:31Z,2026-04-11T19:49:41Z,2026-04-13T09:16:49Z
444,886,4,Clinical Express,CLS000000000886,delivered,,,13.38,2026-04-06T15:42:33Z,2026-04-11T13:03:47Z,2026-04-13T09:16:49Z
445,891,22,CryoLine,CLS000000000891,in_transit,,,9.22,2026-04-09T14:51:15Z,,2026-04-13T09:16:49Z
446,892,25,Specialty Care Courier,CLS000000000892,delivered,,,12.01,2026-04-06T16:52:57Z,2026-04-11T14:06:21Z,2026-04-13T09:16:49Z
447,893,9,SafeTemp,CLS000000000893,delivered,,,23.84,2026-04-05T09:55:36Z,2026-04-12T11:57:48Z,2026-04-13T09:16:49Z
448,894,14,Clinical Express,CLS000000000894,delivered,,,17.96,2026-04-07T16:07:43Z,2026-04-11T20:48:10Z,2026-04-13T09:16:49Z
449,899,3,CryoLine,CLS000000000899,in_transit,,,23.08,2026-04-05T22:02:46Z,,2026-04-13T09:16:49Z
450,900,9,Specialty Care Courier,CLS000000000900,delivered,,,18.87,2026-04-06T23:29:21Z,2026-04-11T16:20:57Z,2026-04-13T09:16:49Z
451,901,24,SafeTemp,CLS000000000901,delivered,,,10.97,2026-04-12T07:25:08Z,2026-04-12T12:20:10Z,2026-04-13T09:16:49Z
452,902,18,Clinical Express,CLS000000000902,delivered,,,9.97,2026-04-11T15:00:23Z,2026-04-12T22:14:41Z,2026-04-13T09:16:49Z
453,907,13,CryoLine,CLS000000000907,in_transit,,,24.67,2026-04-07T23:04:49Z,,2026-04-13T09:16:49Z
454,908,23,Specialty Care Courier,CLS000000000908,delivered,,,10.05,2026-04-03T18:52:25Z,2026-04-11T22:33:02Z,2026-04-13T09:16:49Z
455,909,20,SafeTemp,CLS000000000909,delivered,,,12.86,2026-04-05T12:02:22Z,2026-04-12T21:55:40Z,2026-04-13T09:16:49Z
456,910,6,Clinical Express,CLS000000000910,delivered,,,21.61,2026-04-05T10:27:15Z,2026-04-12T01:56:26Z,2026-04-13T09:16:49Z
457,915,11,CryoLine,CLS000000000915,in_transit,,,14.93,2026-04-09T13:56:00Z,,2026-04-13T09:16:49Z
458,916,3,Specialty Care Courier,CLS000000000916,delivered,,,23.81,2026-04-11T09:57:20Z,2026-04-13T05:23:34Z,2026-04-13T09:16:49Z
459,917,25,SafeTemp,CLS000000000917,delivered,,,6.9,2026-04-12T00:52:51Z,2026-04-12T06:54:24Z,2026-04-13T09:16:49Z
460,918,30,Clinical Express,CLS000000000918,delivered,,,15.71,2026-04-11T18:33:23Z,2026-04-12T09:49:36Z,2026-04-13T09:16:49Z
461,923,20,CryoLine,CLS000000000923,in_transit,,,9.64,2026-04-10T12:36:45Z,,2026-04-13T09:16:49Z
462,924,29,Specialty Care Courier,CLS000000000924,delivered,,,5.86,2026-04-11T22:29:31Z,2026-04-12T15:59:31Z,2026-04-13T09:16:49Z
463,925,28,SafeTemp,CLS000000000925,delivered,,,23.29,2026-04-08T06:32:31Z,2026-04-13T01:15:31Z,2026-04-13T09:16:49Z
464,926,25,Clinical Express,CLS000000000926,delivered,,,7.59,2026-04-11T19:45:56Z,2026-04-12T13:47:02Z,2026-04-13T09:16:49Z
465,931,27,CryoLine,CLS000000000931,in_transit,,,24.42,2026-04-08T05:11:07Z,,2026-04-13T09:16:49Z
466,932,23,Specialty Care Courier,CLS000000000932,delivered,,,12.53,2026-04-09T23:13:49Z,2026-04-11T22:27:53Z,2026-04-13T09:16:49Z
467,933,8,SafeTemp,CLS000000000933,delivered,,,18.25,2026-04-10T20:58:49Z,2026-04-12T05:32:27Z,2026-04-13T09:16:49Z
468,934,11,Clinical Express,CLS000000000934,delivered,,,12.37,2026-04-10T21:12:29Z,2026-04-13T01:13:33Z,2026-04-13T09:16:49Z
469,939,5,CryoLine,CLS000000000939,in_transit,,,14.19,2026-04-09T17:59:50Z,,2026-04-13T09:16:49Z
470,940,15,Specialty Care Courier,CLS000000000940,delivered,,,13.2,2026-04-03T21:53:06Z,2026-04-11T18:37:31Z,2026-04-13T09:16:49Z
471,941,22,SafeTemp,CLS000000000941,delivered,,,13.02,2026-04-12T00:27:33Z,2026-04-12T01:23:37Z,2026-04-13T09:16:49Z
472,942,21,Clinical Express,CLS000000000942,delivered,,,10.53,2026-04-04T00:46:27Z,2026-04-13T03:11:18Z,2026-04-13T09:16:49Z
473,947,4,CryoLine,CLS000000000947,in_transit,,,10.97,2026-04-09T00:48:52Z,,2026-04-13T09:16:49Z
474,948,23,Specialty Care Courier,CLS000000000948,delivered,,,20.84,2026-04-04T17:35:22Z,2026-04-12T13:31:13Z,2026-04-13T09:16:49Z
475,949,30,SafeTemp,CLS000000000949,delivered,,,19.29,2026-04-04T01:18:49Z,2026-04-11T13:54:26Z,2026-04-13T09:16:49Z
476,950,9,Clinical Express,CLS000000000950,delivered,,,19.04,2026-04-08T02:53:00Z,2026-04-11T14:11:31Z,2026-04-13T09:16:49Z
477,955,8,CryoLine,CLS000000000955,in_transit,,,12.29,2026-04-06T20:52:34Z,,2026-04-13T09:16:49Z
478,956,15,Specialty Care Courier,CLS000000000956,delivered,,,9.12,2026-04-09T17:44:12Z,2026-04-12T15:12:47Z,2026-04-13T09:16:49Z
479,957,2,SafeTemp,CLS000000000957,delivered,,,21.79,2026-04-04T03:46:58Z,2026-04-13T07:04:54Z,2026-04-13T09:16:49Z
480,958,19,Clinical Express,CLS000000000958,delivered,,,10.66,2026-04-07T22:34:59Z,2026-04-12T18:13:41Z,2026-04-13T09:16:49Z
481,963,11,CryoLine,CLS000000000963,in_transit,,,14.61,2026-04-06T10:45:35Z,,2026-04-13T09:16:49Z
482,964,1,Specialty Care Courier,CLS000000000964,delivered,,,21.37,2026-04-11T11:39:32Z,2026-04-13T02:56:32Z,2026-04-13T09:16:49Z
483,965,5,SafeTemp,CLS000000000965,delivered,,,17.3,2026-04-06T06:54:39Z,2026-04-12T21:06:37Z,2026-04-13T09:16:49Z
484,966,2,Clinical Express,CLS000000000966,delivered,,,17.15,2026-04-05T12:01:00Z,2026-04-12T03:55:37Z,2026-04-13T09:16:49Z
485,971,10,CryoLine,CLS000000000971,in_transit,,,20.38,2026-04-08T12:31:56Z,,2026-04-13T09:16:49Z
486,972,7,Specialty Care Courier,CLS000000000972,delivered,,,8.14,2026-04-05T04:41:50Z,2026-04-11T23:15:12Z,2026-04-13T09:16:49Z
487,973,13,SafeTemp,CLS000000000973,delivered,,,10.52,2026-04-10T22:57:07Z,2026-04-12T23:30:12Z,2026-04-13T09:16:49Z
488,974,11,Clinical Express,CLS000000000974,delivered,,,10.33,2026-04-09T10:34:29Z,2026-04-11T18:45:44Z,2026-04-13T09:16:49Z
489,979,24,CryoLine,CLS000000000979,in_transit,,,20.95,2026-04-07T00:09:24Z,,2026-04-13T09:16:49Z
490,980,18,Specialty Care Courier,CLS000000000980,delivered,,,13.32,2026-04-04T12:17:01Z,2026-04-12T12:28:17Z,2026-04-13T09:16:49Z
491,981,27,SafeTemp,CLS000000000981,delivered,,,9.22,2026-04-10T23:22:58Z,2026-04-11T19:34:10Z,2026-04-13T09:16:49Z
492,982,5,Clinical Express,CLS000000000982,delivered,,,19.47,2026-04-04T01:51:32Z,2026-04-11T09:53:00Z,2026-04-13T09:16:49Z
493,987,26,CryoLine,CLS000000000987,in_transit,,,8.81,2026-04-11T05:28:05Z,,2026-04-13T09:16:49Z
494,988,9,Specialty Care Courier,CLS000000000988,delivered,,,15.73,2026-04-07T11:14:32Z,2026-04-12T22:34:22Z,2026-04-13T09:16:49Z
495,989,30,SafeTemp,CLS000000000989,delivered,,,17.74,2026-04-04T05:30:54Z,2026-04-12T09:59:26Z,2026-04-13T09:16:49Z
496,990,8,Clinical Express,CLS000000000990,delivered,,,24.58,2026-04-10T05:58:36Z,2026-04-11T10:30:48Z,2026-04-13T09:16:49Z
497,995,22,CryoLine,CLS000000000995,in_transit,,,22.65,2026-04-05T15:08:26Z,,2026-04-13T09:16:49Z
498,996,8,Specialty Care Courier,CLS000000000996,delivered,,,19.22,2026-04-09T04:38:03Z,2026-04-12T13:43:55Z,2026-04-13T09:16:49Z
499,997,7,SafeTemp,CLS000000000997,delivered,,,22.83,2026-04-09T22:58:26Z,2026-04-12T10:50:46Z,2026-04-13T09:16:49Z
500,998,2,Clinical Express,CLS000000000998,delivered,,,12.25,2026-04-08T18:02:49Z,2026-04-13T00:08:29Z,2026-04-13T09:16:49Z
501,1003,14,CryoLine,CLS000000001003,in_transit,,,19.42,2026-04-08T04:27:17Z,,2026-04-13T09:16:49Z
502,1004,3,Specialty Care Courier,CLS000000001004,delivered,,,12.02,2026-04-11T11:04:25Z,2026-04-12T23:04:09Z,2026-04-13T09:16:49Z
503,1005,27,SafeTemp,CLS000000001005,delivered,,,21.51,2026-04-03T18:53:00Z,2026-04-11T13:47:18Z,2026-04-13T09:16:49Z
504,1006,7,Clinical Express,CLS000000001006,delivered,,,9.07,2026-04-10T17:39:07Z,2026-04-12T13:54:23Z,2026-04-13T09:16:49Z
505,1011,3,CryoLine,CLS000000001011,in_transit,,,6.44,2026-04-06T01:00:35Z,,2026-04-13T09:16:49Z
506,1012,7,Specialty Care Courier,CLS000000001012,delivered,,,24.04,2026-04-11T20:25:06Z,2026-04-13T00:39:24Z,2026-04-13T09:16:49Z
507,1013,5,SafeTemp,CLS000000001013,delivered,,,19.76,2026-04-05T05:24:06Z,2026-04-11T18:38:20Z,2026-04-13T09:16:49Z
508,1014,4,Clinical Express,CLS000000001014,delivered,,,6.85,2026-04-10T17:34:53Z,2026-04-12T17:13:01Z,2026-04-13T09:16:49Z
509,1019,24,CryoLine,CLS000000001019,in_transit,,,9.53,2026-04-03T13:21:10Z,,2026-04-13T09:16:49Z
510,1020,27,Specialty Care Courier,CLS000000001020,delivered,,,23.63,2026-04-05T12:05:25Z,2026-04-12T11:38:42Z,2026-04-13T09:16:49Z
511,1021,12,SafeTemp,CLS000000001021,delivered,,,16.97,2026-04-12T06:58:24Z,2026-04-13T07:48:04Z,2026-04-13T09:16:49Z
512,1022,4,Clinical Express,CLS000000001022,delivered,,,5.46,2026-04-09T01:40:03Z,2026-04-13T08:25:42Z,2026-04-13T09:16:49Z
513,1027,29,CryoLine,CLS000000001027,in_transit,,,8.47,2026-04-04T01:31:22Z,,2026-04-13T09:16:49Z
514,1028,20,Specialty Care Courier,CLS000000001028,delivered,,,11.67,2026-04-09T12:44:56Z,2026-04-12T21:32:15Z,2026-04-13T09:16:49Z
515,1029,6,SafeTemp,CLS000000001029,delivered,,,5.1,2026-04-08T11:00:42Z,2026-04-11T22:57:49Z,2026-04-13T09:16:49Z
516,1030,5,Clinical Express,CLS000000001030,delivered,,,13.34,2026-04-05T19:23:30Z,2026-04-12T10:52:32Z,2026-04-13T09:16:49Z
517,1035,15,CryoLine,CLS000000001035,in_transit,,,10.42,2026-04-06T01:46:15Z,,2026-04-13T09:16:49Z
518,1036,8,Specialty Care Courier,CLS000000001036,delivered,,,22.16,2026-04-11T22:20:55Z,2026-04-12T02:54:36Z,2026-04-13T09:16:49Z
519,1037,8,SafeTemp,CLS000000001037,delivered,,,24.57,2026-04-09T17:13:52Z,2026-04-11T10:02:25Z,2026-04-13T09:16:49Z
520,1038,8,Clinical Express,CLS000000001038,delivered,,,7.19,2026-04-07T23:45:05Z,2026-04-12T19:28:46Z,2026-04-13T09:16:49Z
521,1043,6,CryoLine,CLS000000001043,in_transit,,,21.52,2026-04-04T23:35:25Z,,2026-04-13T09:16:49Z
522,1044,5,Specialty Care Courier,CLS000000001044,delivered,,,22.23,2026-04-07T09:33:58Z,2026-04-12T05:26:09Z,2026-04-13T09:16:49Z
523,1045,26,SafeTemp,CLS000000001045,delivered,,,16.86,2026-04-08T02:32:01Z,2026-04-13T05:22:34Z,2026-04-13T09:16:49Z
524,1046,23,Clinical Express,CLS000000001046,delivered,,,17.38,2026-04-05T04:05:13Z,2026-04-12T11:53:10Z,2026-04-13T09:16:49Z
525,1051,14,CryoLine,CLS000000001051,in_transit,,,10.73,2026-04-11T14:31:16Z,,2026-04-13T09:16:49Z
526,1052,16,Specialty Care Courier,CLS000000001052,delivered,,,23.68,2026-04-09T15:02:23Z,2026-04-12T01:50:48Z,2026-04-13T09:16:49Z
527,1053,21,SafeTemp,CLS000000001053,delivered,,,21.54,2026-04-10T19:37:53Z,2026-04-12T17:29:22Z,2026-04-13T09:16:49Z
528,1054,16,Clinical Express,CLS000000001054,delivered,,,24.34,2026-04-05T12:53:39Z,2026-04-12T18:43:35Z,2026-04-13T09:16:49Z
529,1059,23,CryoLine,CLS000000001059,in_transit,,,19.21,2026-04-09T16:47:30Z,,2026-04-13T09:16:49Z
530,1060,13,Specialty Care Courier,CLS000000001060,delivered,,,9.04,2026-04-07T08:43:04Z,2026-04-11T12:48:30Z,2026-04-13T09:16:49Z
531,1061,29,SafeTemp,CLS000000001061,delivered,,,21.89,2026-04-08T13:38:13Z,2026-04-12T13:03:55Z,2026-04-13T09:16:49Z
532,1062,23,Clinical Express,CLS000000001062,delivered,,,7.59,2026-04-09T06:16:06Z,2026-04-11T20:17:13Z,2026-04-13T09:16:49Z
533,1067,25,CryoLine,CLS000000001067,in_transit,,,18.11,2026-04-04T21:10:18Z,,2026-04-13T09:16:49Z
534,1068,28,Specialty Care Courier,CLS000000001068,delivered,,,10.83,2026-04-03T22:12:24Z,2026-04-12T07:10:18Z,2026-04-13T09:16:49Z
535,1069,7,SafeTemp,CLS000000001069,delivered,,,17.92,2026-04-10T09:51:23Z,2026-04-11T17:49:43Z,2026-04-13T09:16:49Z
536,1070,26,Clinical Express,CLS000000001070,delivered,,,7.34,2026-04-10T19:58:24Z,2026-04-12T15:58:39Z,2026-04-13T09:16:49Z
537,1075,29,CryoLine,CLS000000001075,in_transit,,,10.39,2026-04-08T02:41:40Z,,2026-04-13T09:16:49Z
538,1076,28,Specialty Care Courier,CLS000000001076,delivered,,,16.23,2026-04-09T18:55:56Z,2026-04-12T12:52:20Z,2026-04-13T09:16:49Z
539,1077,29,SafeTemp,CLS000000001077,delivered,,,17.9,2026-04-10T09:07:50Z,2026-04-13T01:29:55Z,2026-04-13T09:16:49Z
540,1078,20,Clinical Express,CLS000000001078,delivered,,,17.12,2026-04-10T18:21:52Z,2026-04-12T18:36:02Z,2026-04-13T09:16:49Z
541,1083,22,CryoLine,CLS000000001083,in_transit,,,7.28,2026-04-06T08:23:08Z,,2026-04-13T09:16:49Z
542,1084,20,Specialty Care Courier,CLS000000001084,delivered,,,11.94,2026-04-07T10:42:24Z,2026-04-12T22:17:53Z,2026-04-13T09:16:49Z
543,1085,3,SafeTemp,CLS000000001085,delivered,,,15.24,2026-04-09T22:49:39Z,2026-04-11T11:27:42Z,2026-04-13T09:16:49Z
544,1086,21,Clinical Express,CLS000000001086,delivered,,,15.33,2026-04-04T05:07:45Z,2026-04-11T23:45:31Z,2026-04-13T09:16:49Z
545,1091,14,CryoLine,CLS000000001091,in_transit,,,20.67,2026-04-05T23:02:48Z,,2026-04-13T09:16:49Z
546,1092,21,Specialty Care Courier,CLS000000001092,delivered,,,21.2,2026-04-06T23:45:32Z,2026-04-13T00:36:19Z,2026-04-13T09:16:49Z
547,1093,12,SafeTemp,CLS000000001093,delivered,,,20.96,2026-04-09T00:06:55Z,2026-04-12T04:26:10Z,2026-04-13T09:16:49Z
548,1094,18,Clinical Express,CLS000000001094,delivered,,,8.82,2026-04-07T12:45:46Z,2026-04-11T18:48:09Z,2026-04-13T09:16:49Z
549,1099,26,CryoLine,CLS000000001099,in_transit,,,24.77,2026-04-08T20:23:32Z,,2026-04-13T09:16:49Z
550,1100,17,Specialty Care Courier,CLS000000001100,delivered,,,13.71,2026-04-11T21:40:24Z,2026-04-12T17:41:13Z,2026-04-13T09:16:49Z
551,1101,6,SafeTemp,CLS000000001101,delivered,,,16.96,2026-04-04T23:00:43Z,2026-04-12T18:11:27Z,2026-04-13T09:16:49Z
552,1102,9,Clinical Express,CLS000000001102,delivered,,,20.21,2026-04-10T21:35:21Z,2026-04-11T16:52:23Z,2026-04-13T09:16:49Z
553,1107,8,CryoLine,CLS000000001107,in_transit,,,20.26,2026-04-09T09:35:45Z,,2026-04-13T09:16:49Z
554,1108,8,Specialty Care Courier,CLS000000001108,delivered,,,5.16,2026-04-04T10:14:12Z,2026-04-12T05:17:38Z,2026-04-13T09:16:49Z
555,1109,4,SafeTemp,CLS000000001109,delivered,,,11.3,2026-04-10T22:58:54Z,2026-04-12T15:31:12Z,2026-04-13T09:16:49Z
556,1110,14,Clinical Express,CLS000000001110,delivered,,,6.05,2026-04-05T16:36:38Z,2026-04-12T06:05:23Z,2026-04-13T09:16:49Z
557,1115,9,CryoLine,CLS000000001115,in_transit,,,18.91,2026-04-06T18:27:13Z,,2026-04-13T09:16:49Z
558,1116,9,Specialty Care Courier,CLS000000001116,delivered,,,6.86,2026-04-07T09:40:10Z,2026-04-12T00:33:38Z,2026-04-13T09:16:49Z
559,1117,2,SafeTemp,CLS000000001117,delivered,,,7.14,2026-04-03T11:02:51Z,2026-04-13T05:42:31Z,2026-04-13T09:16:49Z
560,1118,18,Clinical Express,CLS000000001118,delivered,,,7.6,2026-04-08T15:17:24Z,2026-04-11T11:19:18Z,2026-04-13T09:16:49Z
561,1123,21,CryoLine,CLS000000001123,in_transit,,,7.59,2026-04-10T16:45:30Z,,2026-04-13T09:16:49Z
562,1124,23,Specialty Care Courier,CLS000000001124,delivered,,,18.69,2026-04-06T16:04:25Z,2026-04-12T17:25:25Z,2026-04-13T09:16:49Z
563,1125,29,SafeTemp,CLS000000001125,delivered,,,15.37,2026-04-09T00:43:46Z,2026-04-12T03:58:34Z,2026-04-13T09:16:49Z
564,1126,27,Clinical Express,CLS000000001126,delivered,,,23.17,2026-04-05T23:38:29Z,2026-04-11T14:18:39Z,2026-04-13T09:16:49Z
565,1131,14,CryoLine,CLS000000001131,in_transit,,,12.27,2026-04-03T12:02:59Z,,2026-04-13T09:16:49Z
566,1132,1,Specialty Care Courier,CLS000000001132,delivered,,,6.48,2026-04-09T10:15:24Z,2026-04-13T01:34:34Z,2026-04-13T09:16:49Z
567,1133,4,SafeTemp,CLS000000001133,delivered,,,23.53,2026-04-10T08:38:07Z,2026-04-11T11:36:34Z,2026-04-13T09:16:49Z
568,1134,24,Clinical Express,CLS000000001134,delivered,,,21.27,2026-04-11T09:39:23Z,2026-04-11T14:30:28Z,2026-04-13T09:16:49Z
569,1139,27,CryoLine,CLS000000001139,in_transit,,,16.69,2026-04-08T15:04:58Z,,2026-04-13T09:16:49Z
570,1140,21,Specialty Care Courier,CLS000000001140,delivered,,,22.5,2026-04-06T09:55:47Z,2026-04-12T21:00:21Z,2026-04-13T09:16:49Z
571,1141,2,SafeTemp,CLS000000001141,delivered,,,17.51,2026-04-09T23:16:51Z,2026-04-12T02:57:07Z,2026-04-13T09:16:49Z
572,1142,29,Clinical Express,CLS000000001142,delivered,,,18.19,2026-04-04T19:40:15Z,2026-04-12T22:25:14Z,2026-04-13T09:16:49Z
573,1147,14,CryoLine,CLS000000001147,in_transit,,,22.87,2026-04-05T02:04:17Z,,2026-04-13T09:16:49Z
574,1148,12,Specialty Care Courier,CLS000000001148,delivered,,,7.15,2026-04-06T21:24:10Z,2026-04-11T22:53:45Z,2026-04-13T09:16:49Z
575,1149,26,SafeTemp,CLS000000001149,delivered,,,6.34,2026-04-06T05:30:42Z,2026-04-12T10:34:48Z,2026-04-13T09:16:49Z
576,1150,23,Clinical Express,CLS000000001150,delivered,,,9.54,2026-04-11T11:02:38Z,2026-04-13T05:34:48Z,2026-04-13T09:16:49Z
577,1155,30,CryoLine,CLS000000001155,in_transit,,,21.66,2026-04-10T07:27:33Z,,2026-04-13T09:16:49Z
578,1156,30,Specialty Care Courier,CLS000000001156,delivered,,,22.78,2026-04-05T11:10:45Z,2026-04-12T23:39:48Z,2026-04-13T09:16:49Z
579,1157,15,SafeTemp,CLS000000001157,delivered,,,24.86,2026-04-04T22:12:28Z,2026-04-11T17:40:54Z,2026-04-13T09:16:49Z
580,1158,28,Clinical Express,CLS000000001158,delivered,,,5.51,2026-04-05T07:22:40Z,2026-04-12T18:51:28Z,2026-04-13T09:16:49Z
581,1163,11,CryoLine,CLS000000001163,in_transit,,,23.73,2026-04-05T13:12:05Z,,2026-04-13T09:16:49Z
582,1164,1,Specialty Care Courier,CLS000000001164,delivered,,,15.66,2026-04-03T12:05:59Z,2026-04-12T18:39:33Z,2026-04-13T09:16:49Z
583,1165,30,SafeTemp,CLS000000001165,delivered,,,18.25,2026-04-09T11:10:17Z,2026-04-13T08:33:06Z,2026-04-13T09:16:49Z
584,1166,27,Clinical Express,CLS000000001166,delivered,,,5.24,2026-04-12T06:55:34Z,2026-04-13T06:21:45Z,2026-04-13T09:16:49Z
585,1171,19,CryoLine,CLS000000001171,in_transit,,,19.1,2026-04-12T06:06:44Z,,2026-04-13T09:16:49Z
586,1172,7,Specialty Care Courier,CLS000000001172,delivered,,,9.36,2026-04-06T22:27:11Z,2026-04-13T05:59:24Z,2026-04-13T09:16:49Z
587,1173,13,SafeTemp,CLS000000001173,delivered,,,23.52,2026-04-11T19:08:36Z,2026-04-13T03:25:36Z,2026-04-13T09:16:49Z
588,1174,9,Clinical Express,CLS000000001174,delivered,,,17.2,2026-04-10T19:30:46Z,2026-04-12T23:09:52Z,2026-04-13T09:16:49Z
589,1179,9,CryoLine,CLS000000001179,in_transit,,,12.39,2026-04-04T07:49:51Z,,2026-04-13T09:16:49Z
590,1180,4,Specialty Care Courier,CLS000000001180,delivered,,,16.03,2026-04-05T10:44:31Z,2026-04-12T00:22:32Z,2026-04-13T09:16:49Z
591,1181,1,SafeTemp,CLS000000001181,delivered,,,8.24,2026-04-10T23:29:24Z,2026-04-12T21:44:11Z,2026-04-13T09:16:49Z
592,1182,10,Clinical Express,CLS000000001182,delivered,,,22.35,2026-04-06T08:42:21Z,2026-04-12T08:47:37Z,2026-04-13T09:16:49Z
593,1187,15,CryoLine,CLS000000001187,in_transit,,,18.45,2026-04-08T03:51:14Z,,2026-04-13T09:16:49Z
594,1188,29,Specialty Care Courier,CLS000000001188,delivered,,,22.14,2026-04-10T02:05:40Z,2026-04-13T05:51:01Z,2026-04-13T09:16:49Z
595,1189,28,SafeTemp,CLS000000001189,delivered,,,14.38,2026-04-07T15:29:35Z,2026-04-11T19:46:32Z,2026-04-13T09:16:49Z
596,1190,28,Clinical Express,CLS000000001190,delivered,,,14.84,2026-04-03T18:19:16Z,2026-04-12T20:41:45Z,2026-04-13T09:16:49Z
597,1195,19,CryoLine,CLS000000001195,in_transit,,,20.11,2026-04-04T12:02:49Z,,2026-04-13T09:16:49Z
598,1196,12,Specialty Care Courier,CLS000000001196,delivered,,,20.45,2026-04-05T16:58:12Z,2026-04-12T08:18:33Z,2026-04-13T09:16:49Z
599,1197,1,SafeTemp,CLS000000001197,delivered,,,24.91,2026-04-03T15:04:51Z,2026-04-13T08:21:30Z,2026-04-13T09:16:49Z
600,1198,15,Clinical Express,CLS000000001198,delivered,,,21.73,2026-04-04T00:01:48Z,2026-04-13T04:01:48Z,2026-04-13T09:16:49Z
601,1203,4,CryoLine,CLS000000001203,in_transit,,,18.32,2026-04-10T19:35:48Z,,2026-04-13T09:16:49Z
602,1204,16,Specialty Care Courier,CLS000000001204,delivered,,,23.49,2026-04-07T16:32:10Z,2026-04-12T01:04:16Z,2026-04-13T09:16:49Z
603,1205,15,SafeTemp,CLS000000001205,delivered,,,10.34,2026-04-12T08:14:56Z,2026-04-12T16:27:50Z,2026-04-13T09:16:49Z
604,1206,20,Clinical Express,CLS000000001206,delivered,,,16.94,2026-04-03T14:22:03Z,2026-04-13T06:27:44Z,2026-04-13T09:16:49Z
605,1211,20,CryoLine,CLS000000001211,in_transit,,,7.39,2026-04-07T06:40:50Z,,2026-04-13T09:16:49Z
606,1212,9,Specialty Care Courier,CLS000000001212,delivered,,,11.05,2026-04-04T03:17:20Z,2026-04-12T05:07:28Z,2026-04-13T09:16:49Z
607,1213,23,SafeTemp,CLS000000001213,delivered,,,17.52,2026-04-10T23:56:07Z,2026-04-12T11:24:04Z,2026-04-13T09:16:49Z
608,1214,8,Clinical Express,CLS000000001214,delivered,,,22.39,2026-04-12T01:10:20Z,2026-04-12T17:18:58Z,2026-04-13T09:16:49Z
609,1219,3,CryoLine,CLS000000001219,in_transit,,,9.93,2026-04-04T01:43:18Z,,2026-04-13T09:16:49Z
610,1220,16,Specialty Care Courier,CLS000000001220,delivered,,,23.4,2026-04-09T11:56:09Z,2026-04-13T07:45:31Z,2026-04-13T09:16:49Z
611,1221,7,SafeTemp,CLS000000001221,delivered,,,13.64,2026-04-07T05:29:29Z,2026-04-12T23:25:15Z,2026-04-13T09:16:49Z
612,1222,18,Clinical Express,CLS000000001222,delivered,,,12.02,2026-04-05T03:13:32Z,2026-04-11T22:10:35Z,2026-04-13T09:16:49Z
613,1227,17,CryoLine,CLS000000001227,in_transit,,,17.98,2026-04-10T13:25:26Z,,2026-04-13T09:16:49Z
614,1228,19,Specialty Care Courier,CLS000000001228,delivered,,,8.54,2026-04-04T11:30:43Z,2026-04-12T18:13:33Z,2026-04-13T09:16:49Z
615,1229,30,SafeTemp,CLS000000001229,delivered,,,10.02,2026-04-11T03:00:34Z,2026-04-11T17:55:35Z,2026-04-13T09:16:49Z
616,1230,19,Clinical Express,CLS000000001230,delivered,,,8.25,2026-04-09T01:18:11Z,2026-04-11T10:30:36Z,2026-04-13T09:16:49Z
617,1235,2,CryoLine,CLS000000001235,in_transit,,,17.99,2026-04-07T11:54:18Z,,2026-04-13T09:16:49Z
618,1236,2,Specialty Care Courier,CLS000000001236,delivered,,,8.45,2026-04-11T09:34:09Z,2026-04-13T02:10:11Z,2026-04-13T09:16:49Z
619,1237,28,SafeTemp,CLS000000001237,delivered,,,12.31,2026-04-09T16:26:11Z,2026-04-11T14:41:34Z,2026-04-13T09:16:49Z
620,1238,15,Clinical Express,CLS000000001238,delivered,,,10.14,2026-04-11T16:45:44Z,2026-04-11T21:15:27Z,2026-04-13T09:16:49Z
621,1243,24,CryoLine,CLS000000001243,in_transit,,,18.29,2026-04-09T20:16:44Z,,2026-04-13T09:16:49Z
622,1244,9,Specialty Care Courier,CLS000000001244,delivered,,,22.53,2026-04-07T09:55:38Z,2026-04-12T18:24:31Z,2026-04-13T09:16:49Z
623,1245,12,SafeTemp,CLS000000001245,delivered,,,8.54,2026-04-10T23:45:05Z,2026-04-12T14:27:56Z,2026-04-13T09:16:49Z
624,1246,20,Clinical Express,CLS000000001246,delivered,,,17.37,2026-04-07T11:50:06Z,2026-04-13T02:42:48Z,2026-04-13T09:16:49Z
625,1251,27,CryoLine,CLS000000001251,in_transit,,,8.55,2026-04-05T06:30:41Z,,2026-04-13T09:16:49Z
626,1252,12,Specialty Care Courier,CLS000000001252,delivered,,,22.83,2026-04-08T05:20:06Z,2026-04-12T01:44:34Z,2026-04-13T09:16:49Z
627,1253,10,SafeTemp,CLS000000001253,delivered,,,14.71,2026-04-03T16:03:47Z,2026-04-11T11:07:28Z,2026-04-13T09:16:49Z
628,1254,9,Clinical Express,CLS000000001254,delivered,,,14.79,2026-04-10T21:25:53Z,2026-04-13T05:12:42Z,2026-04-13T09:16:49Z
629,1259,5,CryoLine,CLS000000001259,in_transit,,,23.77,2026-04-04T20:48:11Z,,2026-04-13T09:16:49Z
630,1260,18,Specialty Care Courier,CLS000000001260,delivered,,,19.09,2026-04-07T07:32:11Z,2026-04-13T07:20:52Z,2026-04-13T09:16:49Z
631,1261,7,SafeTemp,CLS000000001261,delivered,,,8.36,2026-04-09T18:15:09Z,2026-04-12T08:38:57Z,2026-04-13T09:16:49Z
632,1262,30,Clinical Express,CLS000000001262,delivered,,,5.75,2026-04-09T03:47:43Z,2026-04-12T14:10:12Z,2026-04-13T09:16:49Z
633,1267,22,CryoLine,CLS000000001267,in_transit,,,24.12,2026-04-08T00:07:59Z,,2026-04-13T09:16:49Z
634,1268,3,Specialty Care Courier,CLS000000001268,delivered,,,17.18,2026-04-09T16:07:50Z,2026-04-11T14:19:23Z,2026-04-13T09:16:49Z
635,1269,12,SafeTemp,CLS000000001269,delivered,,,16.25,2026-04-05T04:39:47Z,2026-04-12T05:03:25Z,2026-04-13T09:16:49Z
636,1270,1,Clinical Express,CLS000000001270,delivered,,,22.21,2026-04-09T19:22:02Z,2026-04-12T06:04:04Z,2026-04-13T09:16:49Z
637,1275,11,CryoLine,CLS000000001275,in_transit,,,18.73,2026-04-07T22:12:36Z,,2026-04-13T09:16:49Z
638,1276,23,Specialty Care Courier,CLS000000001276,delivered,,,12.77,2026-04-09T15:07:38Z,2026-04-12T05:37:38Z,2026-04-13T09:16:49Z
639,1277,2,SafeTemp,CLS000000001277,delivered,,,15.21,2026-04-08T01:49:46Z,2026-04-13T07:15:27Z,2026-04-13T09:16:49Z
640,1278,12,Clinical Express,CLS000000001278,delivered,,,16.91,2026-04-03T22:31:06Z,2026-04-13T01:50:10Z,2026-04-13T09:16:49Z
641,1283,6,CryoLine,CLS000000001283,in_transit,,,14.31,2026-04-04T15:29:45Z,,2026-04-13T09:16:49Z
642,1284,30,Specialty Care Courier,CLS000000001284,delivered,,,22.43,2026-04-04T09:20:16Z,2026-04-12T02:21:34Z,2026-04-13T09:16:49Z
643,1285,26,SafeTemp,CLS000000001285,delivered,,,16.45,2026-04-07T22:11:58Z,2026-04-12T07:09:10Z,2026-04-13T09:16:49Z
644,1286,24,Clinical Express,CLS000000001286,delivered,,,12.29,2026-04-11T05:30:26Z,2026-04-12T11:13:51Z,2026-04-13T09:16:49Z
645,1291,26,CryoLine,CLS000000001291,in_transit,,,14.45,2026-04-06T00:09:42Z,,2026-04-13T09:16:49Z
646,1292,4,Specialty Care Courier,CLS000000001292,delivered,,,24.76,2026-04-04T09:01:40Z,2026-04-11T17:17:34Z,2026-04-13T09:16:49Z
647,1293,16,SafeTemp,CLS000000001293,delivered,,,23.2,2026-04-09T21:23:05Z,2026-04-12T08:23:48Z,2026-04-13T09:16:49Z
648,1294,29,Clinical Express,CLS000000001294,delivered,,,11.88,2026-04-04T09:08:19Z,2026-04-12T02:22:20Z,2026-04-13T09:16:49Z
649,1299,2,CryoLine,CLS000000001299,in_transit,,,15.34,2026-04-10T02:07:15Z,,2026-04-13T09:16:49Z
650,1300,12,Specialty Care Courier,CLS000000001300,delivered,,,20.81,2026-04-04T07:45:08Z,2026-04-12T23:58:49Z,2026-04-13T09:16:49Z
651,1301,25,SafeTemp,CLS000000001301,delivered,,,20.79,2026-04-08T14:47:34Z,2026-04-12T09:25:37Z,2026-04-13T09:16:49Z
652,1302,9,Clinical Express,CLS000000001302,delivered,,,11.04,2026-04-05T02:22:47Z,2026-04-12T21:13:30Z,2026-04-13T09:16:49Z
653,1307,13,CryoLine,CLS000000001307,in_transit,,,18.74,2026-04-05T10:06:52Z,,2026-04-13T09:16:49Z
654,1308,26,Specialty Care Courier,CLS000000001308,delivered,,,15.89,2026-04-08T23:45:51Z,2026-04-11T16:52:58Z,2026-04-13T09:16:49Z
655,1309,30,SafeTemp,CLS000000001309,delivered,,,9.1,2026-04-07T06:10:38Z,2026-04-12T14:24:57Z,2026-04-13T09:16:49Z
656,1310,11,Clinical Express,CLS000000001310,delivered,,,21,2026-04-11T02:52:20Z,2026-04-11T16:09:51Z,2026-04-13T09:16:49Z
657,1315,28,CryoLine,CLS000000001315,in_transit,,,22.57,2026-04-07T06:28:20Z,,2026-04-13T09:16:49Z
658,1316,29,Specialty Care Courier,CLS000000001316,delivered,,,5.7,2026-04-10T11:25:45Z,2026-04-12T09:07:57Z,2026-04-13T09:16:49Z
659,1317,4,SafeTemp,CLS000000001317,delivered,,,17.26,2026-04-11T05:46:05Z,2026-04-11T18:29:26Z,2026-04-13T09:16:49Z
660,1318,2,Clinical Express,CLS000000001318,delivered,,,22.21,2026-04-04T21:59:13Z,2026-04-12T04:03:35Z,2026-04-13T09:16:49Z
661,1323,29,CryoLine,CLS000000001323,in_transit,,,18.17,2026-04-06T11:16:31Z,,2026-04-13T09:16:49Z
662,1324,19,Specialty Care Courier,CLS000000001324,delivered,,,9.97,2026-04-07T08:45:36Z,2026-04-11T22:34:24Z,2026-04-13T09:16:49Z
663,1325,28,SafeTemp,CLS000000001325,delivered,,,21.65,2026-04-11T21:54:58Z,2026-04-12T12:17:34Z,2026-04-13T09:16:49Z
664,1326,28,Clinical Express,CLS000000001326,delivered,,,21.67,2026-04-11T23:08:43Z,2026-04-12T21:16:25Z,2026-04-13T09:16:49Z
665,1331,14,CryoLine,CLS000000001331,in_transit,,,9.19,2026-04-07T01:39:18Z,,2026-04-13T09:16:49Z
666,1332,9,Specialty Care Courier,CLS000000001332,delivered,,,20.85,2026-04-08T23:32:16Z,2026-04-12T10:06:41Z,2026-04-13T09:16:49Z
667,1333,3,SafeTemp,CLS000000001333,delivered,,,19.63,2026-04-08T09:29:10Z,2026-04-11T19:32:59Z,2026-04-13T09:16:49Z
668,1334,25,Clinical Express,CLS000000001334,delivered,,,14.43,2026-04-06T07:32:31Z,2026-04-12T00:34:08Z,2026-04-13T09:16:49Z
669,1339,8,CryoLine,CLS000000001339,in_transit,,,24.93,2026-04-05T14:05:49Z,,2026-04-13T09:16:49Z
670,1340,8,Specialty Care Courier,CLS000000001340,delivered,,,8.66,2026-04-04T05:20:36Z,2026-04-12T21:21:36Z,2026-04-13T09:16:49Z
671,1341,15,SafeTemp,CLS000000001341,delivered,,,19.11,2026-04-07T08:03:54Z,2026-04-12T02:15:29Z,2026-04-13T09:16:49Z
672,1342,11,Clinical Express,CLS000000001342,delivered,,,10.29,2026-04-06T00:25:48Z,2026-04-12T05:43:20Z,2026-04-13T09:16:49Z
673,1347,26,CryoLine,CLS000000001347,in_transit,,,18.41,2026-04-09T15:35:58Z,,2026-04-13T09:16:49Z
674,1348,9,Specialty Care Courier,CLS000000001348,delivered,,,8.49,2026-04-04T03:31:41Z,2026-04-11T12:00:26Z,2026-04-13T09:16:49Z
675,1349,4,SafeTemp,CLS000000001349,delivered,,,5.24,2026-04-10T03:58:55Z,2026-04-11T13:32:03Z,2026-04-13T09:16:49Z
676,1350,5,Clinical Express,CLS000000001350,delivered,,,13.48,2026-04-11T20:18:14Z,2026-04-11T23:17:55Z,2026-04-13T09:16:49Z
677,1355,2,CryoLine,CLS000000001355,in_transit,,,11.69,2026-04-05T20:46:50Z,,2026-04-13T09:16:49Z
678,1356,19,Specialty Care Courier,CLS000000001356,delivered,,,12.86,2026-04-12T06:53:57Z,2026-04-12T12:33:49Z,2026-04-13T09:16:49Z
679,1357,7,SafeTemp,CLS000000001357,delivered,,,13.84,2026-04-03T12:34:36Z,2026-04-12T12:52:53Z,2026-04-13T09:16:49Z
680,1358,11,Clinical Express,CLS000000001358,delivered,,,14.13,2026-04-09T11:52:37Z,2026-04-13T01:50:27Z,2026-04-13T09:16:49Z
681,1363,10,CryoLine,CLS000000001363,in_transit,,,7.39,2026-04-08T07:00:58Z,,2026-04-13T09:16:49Z
682,1364,15,Specialty Care Courier,CLS000000001364,delivered,,,16.24,2026-04-07T09:37:48Z,2026-04-12T15:59:04Z,2026-04-13T09:16:49Z
683,1365,22,SafeTemp,CLS000000001365,delivered,,,14.45,2026-04-05T23:46:39Z,2026-04-12T17:53:47Z,2026-04-13T09:16:49Z
684,1366,14,Clinical Express,CLS000000001366,delivered,,,5.45,2026-04-09T21:54:49Z,2026-04-12T04:51:59Z,2026-04-13T09:16:49Z
685,1371,1,CryoLine,CLS000000001371,in_transit,,,5.18,2026-04-10T09:15:19Z,,2026-04-13T09:16:49Z
686,1372,10,Specialty Care Courier,CLS000000001372,delivered,,,11.67,2026-04-09T09:24:55Z,2026-04-12T19:09:13Z,2026-04-13T09:16:49Z
687,1373,15,SafeTemp,CLS000000001373,delivered,,,16.89,2026-04-05T17:37:29Z,2026-04-12T22:42:30Z,2026-04-13T09:16:49Z
688,1374,11,Clinical Express,CLS000000001374,delivered,,,19.43,2026-04-09T19:36:18Z,2026-04-12T14:56:28Z,2026-04-13T09:16:49Z
689,1379,7,CryoLine,CLS000000001379,in_transit,,,18.77,2026-04-04T04:39:09Z,,2026-04-13T09:16:49Z
690,1380,4,Specialty Care Courier,CLS000000001380,delivered,,,21.54,2026-04-06T17:03:30Z,2026-04-12T21:42:28Z,2026-04-13T09:16:49Z
691,1381,13,SafeTemp,CLS000000001381,delivered,,,12.63,2026-04-11T18:53:48Z,2026-04-11T19:55:36Z,2026-04-13T09:16:49Z
692,1382,3,Clinical Express,CLS000000001382,delivered,,,10.57,2026-04-11T10:10:38Z,2026-04-11T18:57:07Z,2026-04-13T09:16:49Z
693,1387,27,CryoLine,CLS000000001387,in_transit,,,14.74,2026-04-07T20:32:24Z,,2026-04-13T09:16:49Z
694,1388,15,Specialty Care Courier,CLS000000001388,delivered,,,17.21,2026-04-10T10:22:59Z,2026-04-11T16:50:43Z,2026-04-13T09:16:49Z
695,1389,15,SafeTemp,CLS000000001389,delivered,,,17.87,2026-04-03T14:23:27Z,2026-04-11T18:42:26Z,2026-04-13T09:16:49Z
696,1390,28,Clinical Express,CLS000000001390,delivered,,,6.3,2026-04-10T22:24:08Z,2026-04-13T07:08:58Z,2026-04-13T09:16:49Z
697,1395,24,CryoLine,CLS000000001395,in_transit,,,13.7,2026-04-09T01:30:17Z,,2026-04-13T09:16:49Z
698,1396,6,Specialty Care Courier,CLS000000001396,delivered,,,11.66,2026-04-09T20:58:47Z,2026-04-12T22:57:03Z,2026-04-13T09:16:49Z
699,1397,12,SafeTemp,CLS000000001397,delivered,,,7.18,2026-04-05T18:03:16Z,2026-04-11T12:40:04Z,2026-04-13T09:16:49Z
700,1398,5,Clinical Express,CLS000000001398,delivered,,,21.57,2026-04-05T00:18:10Z,2026-04-11T15:02:46Z,2026-04-13T09:16:49Z
701,1403,7,CryoLine,CLS000000001403,in_transit,,,9.51,2026-04-08T19:40:03Z,,2026-04-13T09:16:49Z
702,1404,18,Specialty Care Courier,CLS000000001404,delivered,,,21.59,2026-04-04T03:55:35Z,2026-04-12T16:17:32Z,2026-04-13T09:16:49Z
703,1405,24,SafeTemp,CLS000000001405,delivered,,,18.56,2026-04-09T12:41:36Z,2026-04-13T06:55:02Z,2026-04-13T09:16:49Z
704,1406,13,Clinical Express,CLS000000001406,delivered,,,17.52,2026-04-06T11:16:31Z,2026-04-13T02:20:57Z,2026-04-13T09:16:49Z
705,1411,9,CryoLine,CLS000000001411,in_transit,,,15.65,2026-04-05T20:24:53Z,,2026-04-13T09:16:49Z
706,1412,11,Specialty Care Courier,CLS000000001412,delivered,,,21.39,2026-04-05T12:51:12Z,2026-04-12T10:12:09Z,2026-04-13T09:16:49Z
707,1413,1,SafeTemp,CLS000000001413,delivered,,,23.77,2026-04-03T10:22:09Z,2026-04-12T23:49:04Z,2026-04-13T09:16:49Z
708,1414,27,Clinical Express,CLS000000001414,delivered,,,17.88,2026-04-06T06:04:18Z,2026-04-12T23:50:44Z,2026-04-13T09:16:49Z
709,1419,10,CryoLine,CLS000000001419,in_transit,,,13.34,2026-04-03T13:35:27Z,,2026-04-13T09:16:49Z
710,1420,22,Specialty Care Courier,CLS000000001420,delivered,,,7.48,2026-04-10T09:13:49Z,2026-04-11T20:49:09Z,2026-04-13T09:16:49Z
711,1421,3,SafeTemp,CLS000000001421,delivered,,,22.05,2026-04-10T17:10:15Z,2026-04-12T02:29:01Z,2026-04-13T09:16:49Z
712,1422,1,Clinical Express,CLS000000001422,delivered,,,10.77,2026-04-08T00:27:38Z,2026-04-13T06:06:28Z,2026-04-13T09:16:49Z
713,1427,15,CryoLine,CLS000000001427,in_transit,,,17.79,2026-04-07T12:23:35Z,,2026-04-13T09:16:49Z
714,1428,28,Specialty Care Courier,CLS000000001428,delivered,,,10.42,2026-04-08T00:05:30Z,2026-04-12T21:41:16Z,2026-04-13T09:16:49Z
715,1429,26,SafeTemp,CLS000000001429,delivered,,,14.23,2026-04-06T03:40:23Z,2026-04-12T09:00:18Z,2026-04-13T09:16:49Z
716,1430,16,Clinical Express,CLS000000001430,delivered,,,17.04,2026-04-05T22:51:02Z,2026-04-13T04:05:48Z,2026-04-13T09:16:49Z
717,1435,14,CryoLine,CLS000000001435,in_transit,,,17.09,2026-04-06T15:14:27Z,,2026-04-13T09:16:49Z
718,1436,12,Specialty Care Courier,CLS000000001436,delivered,,,18.86,2026-04-05T01:56:27Z,2026-04-12T16:45:40Z,2026-04-13T09:16:49Z
719,1437,4,SafeTemp,CLS000000001437,delivered,,,23.29,2026-04-06T21:48:04Z,2026-04-11T11:00:05Z,2026-04-13T09:16:49Z
720,1438,11,Clinical Express,CLS000000001438,delivered,,,22.67,2026-04-05T14:29:12Z,2026-04-12T02:25:11Z,2026-04-13T09:16:49Z
721,1443,22,CryoLine,CLS000000001443,in_transit,,,21.94,2026-04-11T16:26:23Z,,2026-04-13T09:16:49Z
722,1444,26,Specialty Care Courier,CLS000000001444,delivered,,,6.74,2026-04-06T07:13:23Z,2026-04-12T09:35:45Z,2026-04-13T09:16:49Z
723,1445,1,SafeTemp,CLS000000001445,delivered,,,19.35,2026-04-09T13:00:28Z,2026-04-13T06:26:51Z,2026-04-13T09:16:49Z
724,1446,28,Clinical Express,CLS000000001446,delivered,,,22.33,2026-04-07T20:52:53Z,2026-04-11T16:44:02Z,2026-04-13T09:16:49Z
725,1451,2,CryoLine,CLS000000001451,in_transit,,,8.81,2026-04-08T11:03:55Z,,2026-04-13T09:16:49Z
726,1452,28,Specialty Care Courier,CLS000000001452,delivered,,,22.03,2026-04-04T18:33:43Z,2026-04-11T11:09:48Z,2026-04-13T09:16:49Z
727,1453,20,SafeTemp,CLS000000001453,delivered,,,22.84,2026-04-08T02:53:51Z,2026-04-11T10:28:03Z,2026-04-13T09:16:49Z
728,1454,7,Clinical Express,CLS000000001454,delivered,,,12.25,2026-04-09T19:32:48Z,2026-04-12T21:04:27Z,2026-04-13T09:16:49Z
729,1459,13,CryoLine,CLS000000001459,in_transit,,,8.87,2026-04-04T14:39:48Z,,2026-04-13T09:16:49Z
730,1460,20,Specialty Care Courier,CLS000000001460,delivered,,,13.81,2026-04-09T09:29:38Z,2026-04-13T02:09:09Z,2026-04-13T09:16:49Z
731,1461,5,SafeTemp,CLS000000001461,delivered,,,8.82,2026-04-08T03:48:52Z,2026-04-12T12:25:44Z,2026-04-13T09:16:49Z
732,1462,25,Clinical Express,CLS000000001462,delivered,,,18.77,2026-04-06T04:57:14Z,2026-04-12T22:51:55Z,2026-04-13T09:16:49Z
733,1467,24,CryoLine,CLS000000001467,in_transit,,,5.47,2026-04-10T00:48:18Z,,2026-04-13T09:16:49Z
734,1468,15,Specialty Care Courier,CLS000000001468,delivered,,,7.68,2026-04-10T23:29:44Z,2026-04-13T01:50:15Z,2026-04-13T09:16:49Z
735,1469,1,SafeTemp,CLS000000001469,delivered,,,13.27,2026-04-04T15:59:39Z,2026-04-12T07:28:57Z,2026-04-13T09:16:49Z
736,1470,28,Clinical Express,CLS000000001470,delivered,,,23.99,2026-04-08T23:10:47Z,2026-04-12T04:19:38Z,2026-04-13T09:16:49Z
737,1475,20,CryoLine,CLS000000001475,in_transit,,,21.88,2026-04-07T09:27:55Z,,2026-04-13T09:16:49Z
738,1476,19,Specialty Care Courier,CLS000000001476,delivered,,,7.43,2026-04-05T06:16:43Z,2026-04-12T19:36:59Z,2026-04-13T09:16:49Z
739,1477,17,SafeTemp,CLS000000001477,delivered,,,9.01,2026-04-09T00:55:18Z,2026-04-13T08:38:34Z,2026-04-13T09:16:49Z
740,1478,18,Clinical Express,CLS000000001478,delivered,,,24.65,2026-04-06T13:20:35Z,2026-04-12T08:34:30Z,2026-04-13T09:16:49Z
741,1483,22,CryoLine,CLS000000001483,in_transit,,,6.75,2026-04-10T09:37:55Z,,2026-04-13T09:16:49Z
742,1484,23,Specialty Care Courier,CLS000000001484,delivered,,,18.81,2026-04-09T11:11:18Z,2026-04-11T10:56:25Z,2026-04-13T09:16:49Z
743,1485,18,SafeTemp,CLS000000001485,delivered,,,22.33,2026-04-08T21:06:08Z,2026-04-12T04:05:40Z,2026-04-13T09:16:49Z
744,1486,22,Clinical Express,CLS000000001486,delivered,,,20.63,2026-04-10T23:52:59Z,2026-04-12T23:55:34Z,2026-04-13T09:16:49Z
745,1491,1,CryoLine,CLS000000001491,in_transit,,,7.33,2026-04-11T03:56:24Z,,2026-04-13T09:16:49Z
746,1492,5,Specialty Care Courier,CLS000000001492,delivered,,,22.71,2026-04-03T16:07:13Z,2026-04-12T18:21:32Z,2026-04-13T09:16:49Z
747,1493,17,SafeTemp,CLS000000001493,delivered,,,20.77,2026-04-10T16:02:49Z,2026-04-11T11:05:29Z,2026-04-13T09:16:49Z
748,1494,1,Clinical Express,CLS000000001494,delivered,,,17.12,2026-04-04T00:03:38Z,2026-04-13T08:37:30Z,2026-04-13T09:16:49Z
749,1499,29,CryoLine,CLS000000001499,in_transit,,,17.65,2026-04-09T15:28:19Z,,2026-04-13T09:16:49Z
750,1500,8,Specialty Care Courier,CLS000000001500,delivered,,,23.7,2026-04-11T21:23:56Z,2026-04-12T09:54:07Z,2026-04-13T09:16:49Z
751,1501,19,SafeTemp,CLS000000001501,delivered,,,5.8,2026-04-03T22:08:17Z,2026-04-12T16:38:54Z,2026-04-13T09:16:49Z
752,1502,7,Clinical Express,CLS000000001502,delivered,,,10.88,2026-04-07T05:32:38Z,2026-04-13T01:02:55Z,2026-04-13T09:16:49Z
753,1507,23,CryoLine,CLS000000001507,in_transit,,,16.21,2026-04-04T03:05:10Z,,2026-04-13T09:16:49Z
754,1508,13,Specialty Care Courier,CLS000000001508,delivered,,,13.07,2026-04-11T12:20:55Z,2026-04-11T22:30:59Z,2026-04-13T09:16:49Z
755,1509,20,SafeTemp,CLS000000001509,delivered,,,22.5,2026-04-08T01:27:03Z,2026-04-11T23:42:29Z,2026-04-13T09:16:49Z
756,1510,6,Clinical Express,CLS000000001510,delivered,,,12.22,2026-04-03T17:43:27Z,2026-04-12T16:02:09Z,2026-04-13T09:16:49Z
757,1515,2,CryoLine,CLS000000001515,in_transit,,,7.66,2026-04-08T08:42:11Z,,2026-04-13T09:16:49Z
758,1516,20,Specialty Care Courier,CLS000000001516,delivered,,,14.31,2026-04-08T16:17:38Z,2026-04-12T02:03:52Z,2026-04-13T09:16:49Z
759,1517,17,SafeTemp,CLS000000001517,delivered,,,6.04,2026-04-09T11:45:22Z,2026-04-13T00:46:07Z,2026-04-13T09:16:49Z
760,1518,4,Clinical Express,CLS000000001518,delivered,,,23.46,2026-04-10T23:59:39Z,2026-04-13T03:41:19Z,2026-04-13T09:16:49Z
761,1523,11,CryoLine,CLS000000001523,in_transit,,,20.63,2026-04-10T00:13:58Z,,2026-04-13T09:16:49Z
762,1524,5,Specialty Care Courier,CLS000000001524,delivered,,,9.21,2026-04-05T11:23:10Z,2026-04-11T15:18:21Z,2026-04-13T09:16:49Z
763,1525,9,SafeTemp,CLS000000001525,delivered,,,9.46,2026-04-10T16:17:53Z,2026-04-13T05:12:11Z,2026-04-13T09:16:49Z
764,1526,11,Clinical Express,CLS000000001526,delivered,,,9.42,2026-04-10T18:35:34Z,2026-04-11T23:48:47Z,2026-04-13T09:16:49Z
765,1531,18,CryoLine,CLS000000001531,in_transit,,,8.55,2026-04-10T15:30:05Z,,2026-04-13T09:16:49Z
766,1532,7,Specialty Care Courier,CLS000000001532,delivered,,,22.39,2026-04-10T01:58:29Z,2026-04-11T11:51:48Z,2026-04-13T09:16:49Z
767,1533,20,SafeTemp,CLS000000001533,delivered,,,14.29,2026-04-05T10:37:05Z,2026-04-11T10:46:49Z,2026-04-13T09:16:49Z
768,1534,19,Clinical Express,CLS000000001534,delivered,,,9.37,2026-04-07T10:57:22Z,2026-04-12T04:22:51Z,2026-04-13T09:16:49Z
769,1539,15,CryoLine,CLS000000001539,in_transit,,,13.79,2026-04-08T16:42:10Z,,2026-04-13T09:16:49Z
770,1540,26,Specialty Care Courier,CLS000000001540,delivered,,,21.54,2026-04-06T00:45:28Z,2026-04-12T10:05:20Z,2026-04-13T09:16:49Z
771,1541,10,SafeTemp,CLS000000001541,delivered,,,24.92,2026-04-08T23:35:57Z,2026-04-11T14:31:48Z,2026-04-13T09:16:49Z
772,1542,15,Clinical Express,CLS000000001542,delivered,,,22.93,2026-04-04T18:34:05Z,2026-04-13T00:32:55Z,2026-04-13T09:16:49Z
773,1547,19,CryoLine,CLS000000001547,in_transit,,,9.76,2026-04-08T10:02:12Z,,2026-04-13T09:16:49Z
774,1548,5,Specialty Care Courier,CLS000000001548,delivered,,,21.96,2026-04-11T10:02:14Z,2026-04-12T08:02:06Z,2026-04-13T09:16:49Z
775,1549,1,SafeTemp,CLS000000001549,delivered,,,18.96,2026-04-11T16:13:50Z,2026-04-12T09:54:33Z,2026-04-13T09:16:49Z
776,1550,1,Clinical Express,CLS000000001550,delivered,,,24.62,2026-04-08T07:03:59Z,2026-04-13T03:52:11Z,2026-04-13T09:16:49Z
777,1555,14,CryoLine,CLS000000001555,in_transit,,,21.32,2026-04-03T19:10:42Z,,2026-04-13T09:16:49Z
778,1556,23,Specialty Care Courier,CLS000000001556,delivered,,,6.88,2026-04-08T08:13:54Z,2026-04-11T19:08:05Z,2026-04-13T09:16:49Z
779,1557,30,SafeTemp,CLS000000001557,delivered,,,11.17,2026-04-09T01:49:09Z,2026-04-13T05:17:28Z,2026-04-13T09:16:49Z
780,1558,13,Clinical Express,CLS000000001558,delivered,,,20.2,2026-04-06T16:06:26Z,2026-04-13T02:06:03Z,2026-04-13T09:16:49Z
781,1563,3,CryoLine,CLS000000001563,in_transit,,,17.73,2026-04-10T21:32:03Z,,2026-04-13T09:16:49Z
782,1564,14,Specialty Care Courier,CLS000000001564,delivered,,,16.46,2026-04-08T09:32:03Z,2026-04-12T16:54:19Z,2026-04-13T09:16:49Z
783,1565,16,SafeTemp,CLS000000001565,delivered,,,23.45,2026-04-12T03:44:07Z,2026-04-13T04:04:03Z,2026-04-13T09:16:49Z
784,1566,23,Clinical Express,CLS000000001566,delivered,,,20.47,2026-04-12T00:03:12Z,2026-04-13T01:52:39Z,2026-04-13T09:16:49Z
785,1571,27,CryoLine,CLS000000001571,in_transit,,,10.41,2026-04-07T15:13:57Z,,2026-04-13T09:16:49Z
786,1572,27,Specialty Care Courier,CLS000000001572,delivered,,,16.45,2026-04-11T00:49:48Z,2026-04-13T06:11:39Z,2026-04-13T09:16:49Z
787,1573,21,SafeTemp,CLS000000001573,delivered,,,23.17,2026-04-07T01:07:30Z,2026-04-11T10:49:37Z,2026-04-13T09:16:49Z
788,1574,9,Clinical Express,CLS000000001574,delivered,,,22.26,2026-04-09T11:20:44Z,2026-04-11T11:08:39Z,2026-04-13T09:16:49Z
789,1579,22,CryoLine,CLS000000001579,in_transit,,,15.18,2026-04-12T04:54:59Z,,2026-04-13T09:16:49Z
790,1580,8,Specialty Care Courier,CLS000000001580,delivered,,,15.06,2026-04-04T04:06:05Z,2026-04-11T21:36:27Z,2026-04-13T09:16:49Z
791,1581,28,SafeTemp,CLS000000001581,delivered,,,14.33,2026-04-04T19:21:10Z,2026-04-12T14:24:23Z,2026-04-13T09:16:49Z
792,1582,25,Clinical Express,CLS000000001582,delivered,,,17.66,2026-04-06T07:44:45Z,2026-04-13T08:50:08Z,2026-04-13T09:16:49Z
793,1587,14,CryoLine,CLS000000001587,in_transit,,,18.61,2026-04-10T12:04:13Z,,2026-04-13T09:16:49Z
794,1588,9,Specialty Care Courier,CLS000000001588,delivered,,,10.2,2026-04-09T00:51:43Z,2026-04-12T05:31:24Z,2026-04-13T09:16:49Z
795,1589,10,SafeTemp,CLS000000001589,delivered,,,21.91,2026-04-06T18:13:05Z,2026-04-12T17:38:38Z,2026-04-13T09:16:49Z
796,1590,19,Clinical Express,CLS000000001590,delivered,,,10.74,2026-04-08T18:34:14Z,2026-04-13T08:00:32Z,2026-04-13T09:16:49Z
797,1595,14,CryoLine,CLS000000001595,in_transit,,,13.32,2026-04-10T00:59:51Z,,2026-04-13T09:16:49Z
798,1596,25,Specialty Care Courier,CLS000000001596,delivered,,,17.78,2026-04-08T04:52:40Z,2026-04-11T20:20:43Z,2026-04-13T09:16:49Z
799,1597,8,SafeTemp,CLS000000001597,delivered,,,17.73,2026-04-04T03:50:30Z,2026-04-11T10:58:50Z,2026-04-13T09:16:49Z
800,1598,30,Clinical Express,CLS000000001598,delivered,,,15,2026-04-03T15:09:14Z,2026-04-11T14:46:22Z,2026-04-13T09:16:49Z
801,1603,7,CryoLine,CLS000000001603,in_transit,,,11.09,2026-04-09T12:30:31Z,,2026-04-13T09:16:49Z
802,1604,7,Specialty Care Courier,CLS000000001604,delivered,,,7.14,2026-04-08T12:53:30Z,2026-04-11T09:48:50Z,2026-04-13T09:16:49Z
803,1605,20,SafeTemp,CLS000000001605,delivered,,,11.76,2026-04-05T06:04:10Z,2026-04-12T01:09:58Z,2026-04-13T09:16:49Z
804,1606,10,Clinical Express,CLS000000001606,delivered,,,11.04,2026-04-08T14:31:53Z,2026-04-12T07:44:11Z,2026-04-13T09:16:49Z
805,1611,13,CryoLine,CLS000000001611,in_transit,,,16,2026-04-09T08:35:47Z,,2026-04-13T09:16:49Z
806,1612,21,Specialty Care Courier,CLS000000001612,delivered,,,9.82,2026-04-07T13:07:03Z,2026-04-13T02:40:45Z,2026-04-13T09:16:49Z
807,1613,7,SafeTemp,CLS000000001613,delivered,,,7.09,2026-04-08T14:49:35Z,2026-04-11T14:46:29Z,2026-04-13T09:16:49Z
808,1614,27,Clinical Express,CLS000000001614,delivered,,,6.1,2026-04-05T20:14:59Z,2026-04-12T22:40:31Z,2026-04-13T09:16:49Z
809,1619,7,CryoLine,CLS000000001619,in_transit,,,23,2026-04-03T16:22:58Z,,2026-04-13T09:16:49Z
810,1620,6,Specialty Care Courier,CLS000000001620,delivered,,,24.69,2026-04-07T04:54:44Z,2026-04-13T01:57:18Z,2026-04-13T09:16:49Z
811,1621,1,SafeTemp,CLS000000001621,delivered,,,8.19,2026-04-06T23:57:56Z,2026-04-12T10:09:53Z,2026-04-13T09:16:49Z
812,1622,20,Clinical Express,CLS000000001622,delivered,,,23.57,2026-04-12T05:52:04Z,2026-04-13T07:56:35Z,2026-04-13T09:16:49Z
813,1627,4,CryoLine,CLS000000001627,in_transit,,,13.28,2026-04-07T10:18:25Z,,2026-04-13T09:16:49Z
814,1628,18,Specialty Care Courier,CLS000000001628,delivered,,,24.69,2026-04-05T21:12:41Z,2026-04-12T02:27:17Z,2026-04-13T09:16:49Z
815,1629,22,SafeTemp,CLS000000001629,delivered,,,17.74,2026-04-05T02:20:34Z,2026-04-12T08:09:04Z,2026-04-13T09:16:49Z
816,1630,11,Clinical Express,CLS000000001630,delivered,,,20.87,2026-04-11T00:19:01Z,2026-04-12T06:51:01Z,2026-04-13T09:16:49Z
817,1635,27,CryoLine,CLS000000001635,in_transit,,,8.69,2026-04-09T15:15:23Z,,2026-04-13T09:16:49Z
818,1636,27,Specialty Care Courier,CLS000000001636,delivered,,,14.34,2026-04-08T05:42:21Z,2026-04-13T01:52:25Z,2026-04-13T09:16:49Z
819,1637,5,SafeTemp,CLS000000001637,delivered,,,12.39,2026-04-07T07:29:16Z,2026-04-13T04:43:54Z,2026-04-13T09:16:49Z
820,1638,6,Clinical Express,CLS000000001638,delivered,,,23.88,2026-04-04T04:55:58Z,2026-04-11T17:28:15Z,2026-04-13T09:16:49Z
821,1643,8,CryoLine,CLS000000001643,in_transit,,,15.33,2026-04-09T02:44:14Z,,2026-04-13T09:16:49Z
822,1644,26,Specialty Care Courier,CLS000000001644,delivered,,,8.45,2026-04-09T05:54:43Z,2026-04-12T17:08:51Z,2026-04-13T09:16:49Z
823,1645,10,SafeTemp,CLS000000001645,delivered,,,13.36,2026-04-06T08:07:24Z,2026-04-11T12:25:58Z,2026-04-13T09:16:49Z
824,1646,19,Clinical Express,CLS000000001646,delivered,,,22.46,2026-04-08T21:03:10Z,2026-04-11T21:30:05Z,2026-04-13T09:16:49Z
825,1651,14,CryoLine,CLS000000001651,in_transit,,,22.92,2026-04-11T08:31:18Z,,2026-04-13T09:16:49Z
826,1652,16,Specialty Care Courier,CLS000000001652,delivered,,,17.27,2026-04-03T16:48:54Z,2026-04-12T17:31:24Z,2026-04-13T09:16:49Z
827,1653,6,SafeTemp,CLS000000001653,delivered,,,6.89,2026-04-07T14:07:14Z,2026-04-12T11:42:45Z,2026-04-13T09:16:49Z
828,1654,19,Clinical Express,CLS000000001654,delivered,,,24.91,2026-04-08T11:37:59Z,2026-04-11T09:31:32Z,2026-04-13T09:16:49Z
829,1659,12,CryoLine,CLS000000001659,in_transit,,,8.01,2026-04-05T17:46:16Z,,2026-04-13T09:16:49Z
830,1660,20,Specialty Care Courier,CLS000000001660,delivered,,,10.02,2026-04-09T21:09:10Z,2026-04-12T17:09:25Z,2026-04-13T09:16:49Z
831,1661,29,SafeTemp,CLS000000001661,delivered,,,19.23,2026-04-08T05:55:41Z,2026-04-11T10:59:48Z,2026-04-13T09:16:49Z
832,1662,20,Clinical Express,CLS000000001662,delivered,,,10.49,2026-04-09T07:00:48Z,2026-04-11T11:54:10Z,2026-04-13T09:16:49Z
833,1667,7,CryoLine,CLS000000001667,in_transit,,,22.6,2026-04-08T23:08:57Z,,2026-04-13T09:16:49Z
834,1668,2,Specialty Care Courier,CLS000000001668,delivered,,,14.52,2026-04-11T08:23:38Z,2026-04-12T20:50:20Z,2026-04-13T09:16:49Z
835,1669,28,SafeTemp,CLS000000001669,delivered,,,14.48,2026-04-07T16:29:19Z,2026-04-12T00:17:11Z,2026-04-13T09:16:49Z
836,1670,12,Clinical Express,CLS000000001670,delivered,,,8.82,2026-04-06T09:43:21Z,2026-04-13T07:41:11Z,2026-04-13T09:16:49Z
837,1675,23,CryoLine,CLS000000001675,in_transit,,,7.82,2026-04-10T20:11:23Z,,2026-04-13T09:16:49Z
838,1676,3,Specialty Care Courier,CLS000000001676,delivered,,,21.92,2026-04-05T22:36:29Z,2026-04-12T10:52:30Z,2026-04-13T09:16:49Z
839,1677,12,SafeTemp,CLS000000001677,delivered,,,19.49,2026-04-09T22:28:48Z,2026-04-13T01:20:54Z,2026-04-13T09:16:49Z
840,1678,17,Clinical Express,CLS000000001678,delivered,,,24.18,2026-04-07T20:33:17Z,2026-04-12T03:37:14Z,2026-04-13T09:16:49Z
841,1683,17,CryoLine,CLS000000001683,in_transit,,,10.1,2026-04-04T18:21:27Z,,2026-04-13T09:16:49Z
842,1684,1,Specialty Care Courier,CLS000000001684,delivered,,,19.16,2026-04-11T14:05:35Z,2026-04-13T06:38:16Z,2026-04-13T09:16:49Z
843,1685,29,SafeTemp,CLS000000001685,delivered,,,12.17,2026-04-11T19:24:06Z,2026-04-11T23:37:22Z,2026-04-13T09:16:49Z
844,1686,29,Clinical Express,CLS000000001686,delivered,,,24.58,2026-04-04T11:42:02Z,2026-04-11T14:30:49Z,2026-04-13T09:16:49Z
845,1691,8,CryoLine,CLS000000001691,in_transit,,,14.83,2026-04-08T06:32:14Z,,2026-04-13T09:16:49Z
846,1692,24,Specialty Care Courier,CLS000000001692,delivered,,,5.85,2026-04-06T01:39:17Z,2026-04-11T19:50:38Z,2026-04-13T09:16:49Z
847,1693,11,SafeTemp,CLS000000001693,delivered,,,10.28,2026-04-09T01:48:13Z,2026-04-13T04:06:59Z,2026-04-13T09:16:49Z
848,1694,30,Clinical Express,CLS000000001694,delivered,,,10.5,2026-04-03T23:12:13Z,2026-04-12T20:45:55Z,2026-04-13T09:16:49Z
849,1699,25,CryoLine,CLS000000001699,in_transit,,,6.86,2026-04-09T01:40:20Z,,2026-04-13T09:16:49Z
850,1700,8,Specialty Care Courier,CLS000000001700,delivered,,,24.76,2026-04-03T20:52:44Z,2026-04-13T04:37:03Z,2026-04-13T09:16:49Z
851,1701,22,SafeTemp,CLS000000001701,delivered,,,6.6,2026-04-05T10:08:56Z,2026-04-11T16:13:26Z,2026-04-13T09:16:49Z
852,1702,21,Clinical Express,CLS000000001702,delivered,,,20.11,2026-04-05T02:54:42Z,2026-04-12T00:54:07Z,2026-04-13T09:16:49Z
853,1707,16,CryoLine,CLS000000001707,in_transit,,,10.51,2026-04-11T01:50:43Z,,2026-04-13T09:16:49Z
854,1708,17,Specialty Care Courier,CLS000000001708,delivered,,,5.67,2026-04-07T16:21:20Z,2026-04-12T12:33:31Z,2026-04-13T09:16:49Z
855,1709,1,SafeTemp,CLS000000001709,delivered,,,23.11,2026-04-05T15:08:48Z,2026-04-13T02:55:17Z,2026-04-13T09:16:49Z
856,1710,3,Clinical Express,CLS000000001710,delivered,,,18.81,2026-04-12T03:22:21Z,2026-04-12T05:28:14Z,2026-04-13T09:16:49Z
857,1715,11,CryoLine,CLS000000001715,in_transit,,,12.18,2026-04-05T07:04:40Z,,2026-04-13T09:16:49Z
858,1716,23,Specialty Care Courier,CLS000000001716,delivered,,,17.72,2026-04-06T14:29:44Z,2026-04-11T12:00:22Z,2026-04-13T09:16:49Z
859,1717,19,SafeTemp,CLS000000001717,delivered,,,15.76,2026-04-11T08:58:43Z,2026-04-12T22:18:11Z,2026-04-13T09:16:49Z
860,1718,15,Clinical Express,CLS000000001718,delivered,,,14.74,2026-04-10T22:11:41Z,2026-04-12T00:03:05Z,2026-04-13T09:16:49Z
861,1723,15,CryoLine,CLS000000001723,in_transit,,,16.45,2026-04-07T23:00:12Z,,2026-04-13T09:16:49Z
862,1724,28,Specialty Care Courier,CLS000000001724,delivered,,,5.92,2026-04-08T08:36:07Z,2026-04-12T23:34:38Z,2026-04-13T09:16:49Z
863,1725,12,SafeTemp,CLS000000001725,delivered,,,6.31,2026-04-06T06:36:02Z,2026-04-12T02:20:03Z,2026-04-13T09:16:49Z
864,1726,27,Clinical Express,CLS000000001726,delivered,,,24.23,2026-04-04T21:47:45Z,2026-04-11T17:12:18Z,2026-04-13T09:16:49Z
865,1731,2,CryoLine,CLS000000001731,in_transit,,,6.12,2026-04-04T05:28:52Z,,2026-04-13T09:16:49Z
866,1732,20,Specialty Care Courier,CLS000000001732,delivered,,,22.77,2026-04-05T21:45:03Z,2026-04-11T22:38:02Z,2026-04-13T09:16:49Z
867,1733,21,SafeTemp,CLS000000001733,delivered,,,23.73,2026-04-09T21:03:37Z,2026-04-12T20:30:31Z,2026-04-13T09:16:49Z
868,1734,5,Clinical Express,CLS000000001734,delivered,,,19.14,2026-04-11T18:21:53Z,2026-04-11T20:18:47Z,2026-04-13T09:16:49Z
869,1739,23,CryoLine,CLS000000001739,in_transit,,,16.93,2026-04-09T15:52:54Z,,2026-04-13T09:16:49Z
870,1740,27,Specialty Care Courier,CLS000000001740,delivered,,,11.15,2026-04-04T04:24:31Z,2026-04-12T02:43:34Z,2026-04-13T09:16:49Z
871,1741,2,SafeTemp,CLS000000001741,delivered,,,10.15,2026-04-10T13:07:48Z,2026-04-13T06:46:57Z,2026-04-13T09:16:49Z
872,1742,28,Clinical Express,CLS000000001742,delivered,,,24.42,2026-04-07T16:33:43Z,2026-04-12T09:47:19Z,2026-04-13T09:16:49Z
873,1747,21,CryoLine,CLS000000001747,in_transit,,,8.99,2026-04-07T09:00:38Z,,2026-04-13T09:16:49Z
874,1748,3,Specialty Care Courier,CLS000000001748,delivered,,,21.59,2026-04-08T03:14:34Z,2026-04-12T16:25:04Z,2026-04-13T09:16:49Z
875,1749,25,SafeTemp,CLS000000001749,delivered,,,9.97,2026-04-06T03:46:48Z,2026-04-11T13:21:33Z,2026-04-13T09:16:49Z
876,1750,3,Clinical Express,CLS000000001750,delivered,,,7.84,2026-04-10T09:51:23Z,2026-04-13T00:33:33Z,2026-04-13T09:16:49Z
877,1755,9,CryoLine,CLS000000001755,in_transit,,,23.5,2026-04-05T00:30:06Z,,2026-04-13T09:16:49Z
878,1756,21,Specialty Care Courier,CLS000000001756,delivered,,,7.76,2026-04-03T14:20:38Z,2026-04-11T20:00:53Z,2026-04-13T09:16:49Z
879,1757,5,SafeTemp,CLS000000001757,delivered,,,22.8,2026-04-04T02:54:20Z,2026-04-12T06:22:43Z,2026-04-13T09:16:49Z
880,1758,4,Clinical Express,CLS000000001758,delivered,,,23.07,2026-04-11T06:54:17Z,2026-04-12T12:52:08Z,2026-04-13T09:16:49Z
881,1763,10,CryoLine,CLS000000001763,in_transit,,,20.03,2026-04-07T05:45:29Z,,2026-04-13T09:16:49Z
882,1764,28,Specialty Care Courier,CLS000000001764,delivered,,,19.42,2026-04-04T17:13:19Z,2026-04-12T15:15:02Z,2026-04-13T09:16:49Z
883,1765,1,SafeTemp,CLS000000001765,delivered,,,7.2,2026-04-04T19:23:42Z,2026-04-11T18:25:06Z,2026-04-13T09:16:49Z
884,1766,9,Clinical Express,CLS000000001766,delivered,,,6.1,2026-04-10T16:15:39Z,2026-04-12T09:57:19Z,2026-04-13T09:16:49Z
885,1771,15,CryoLine,CLS000000001771,in_transit,,,16.52,2026-04-06T00:19:03Z,,2026-04-13T09:16:49Z
886,1772,11,Specialty Care Courier,CLS000000001772,delivered,,,14.59,2026-04-07T05:34:57Z,2026-04-12T14:40:18Z,2026-04-13T09:16:49Z
887,1773,25,SafeTemp,CLS000000001773,delivered,,,12.01,2026-04-08T14:55:32Z,2026-04-11T15:43:26Z,2026-04-13T09:16:49Z
888,1774,10,Clinical Express,CLS000000001774,delivered,,,14.34,2026-04-12T04:20:39Z,2026-04-12T09:33:36Z,2026-04-13T09:16:49Z
889,1779,10,CryoLine,CLS000000001779,in_transit,,,7.89,2026-04-06T07:11:51Z,,2026-04-13T09:16:49Z
890,1780,10,Specialty Care Courier,CLS000000001780,delivered,,,19.28,2026-04-05T00:27:43Z,2026-04-11T15:25:47Z,2026-04-13T09:16:49Z
891,1781,17,SafeTemp,CLS000000001781,delivered,,,20.26,2026-04-08T04:37:02Z,2026-04-11T19:12:13Z,2026-04-13T09:16:49Z
892,1782,25,Clinical Express,CLS000000001782,delivered,,,23.47,2026-04-12T08:53:32Z,2026-04-12T21:04:08Z,2026-04-13T09:16:49Z
893,1787,25,CryoLine,CLS000000001787,in_transit,,,6.86,2026-04-11T06:08:02Z,,2026-04-13T09:16:49Z
894,1788,15,Specialty Care Courier,CLS000000001788,delivered,,,21.12,2026-04-08T17:27:26Z,2026-04-12T20:55:27Z,2026-04-13T09:16:49Z
895,1789,27,SafeTemp,CLS000000001789,delivered,,,20.88,2026-04-07T05:14:34Z,2026-04-12T23:52:56Z,2026-04-13T09:16:49Z
896,1790,8,Clinical Express,CLS000000001790,delivered,,,8.42,2026-04-11T17:46:25Z,2026-04-12T04:03:10Z,2026-04-13T09:16:49Z
897,1795,29,CryoLine,CLS000000001795,in_transit,,,8.4,2026-04-05T23:58:42Z,,2026-04-13T09:16:49Z
898,1796,22,Specialty Care Courier,CLS000000001796,delivered,,,15.24,2026-04-06T13:10:02Z,2026-04-13T04:08:07Z,2026-04-13T09:16:49Z
899,1797,3,SafeTemp,CLS000000001797,delivered,,,9.3,2026-04-08T14:16:22Z,2026-04-12T09:04:57Z,2026-04-13T09:16:49Z
900,1798,19,Clinical Express,CLS000000001798,delivered,,,15.88,2026-04-03T17:56:00Z,2026-04-11T19:35:06Z,2026-04-13T09:16:49Z
901,1803,9,CryoLine,CLS000000001803,in_transit,,,24.48,2026-04-09T17:44:14Z,,2026-04-13T09:16:49Z
902,1804,25,Specialty Care Courier,CLS000000001804,delivered,,,19.01,2026-04-10T12:06:20Z,2026-04-11T15:11:10Z,2026-04-13T09:16:49Z
903,1805,17,SafeTemp,CLS000000001805,delivered,,,18.7,2026-04-04T02:14:21Z,2026-04-11T15:37:56Z,2026-04-13T09:16:49Z
904,1806,22,Clinical Express,CLS000000001806,delivered,,,8.38,2026-04-07T16:46:45Z,2026-04-12T00:33:15Z,2026-04-13T09:16:49Z
905,1811,8,CryoLine,CLS000000001811,in_transit,,,9.34,2026-04-09T03:06:18Z,,2026-04-13T09:16:49Z
906,1812,29,Specialty Care Courier,CLS000000001812,delivered,,,16.92,2026-04-03T10:51:43Z,2026-04-11T22:00:03Z,2026-04-13T09:16:49Z
907,1813,18,SafeTemp,CLS000000001813,delivered,,,11.73,2026-04-08T05:31:49Z,2026-04-11T18:06:24Z,2026-04-13T09:16:49Z
908,1814,12,Clinical Express,CLS000000001814,delivered,,,5.92,2026-04-05T18:59:24Z,2026-04-12T09:32:33Z,2026-04-13T09:16:49Z
909,1819,3,CryoLine,CLS000000001819,in_transit,,,14.56,2026-04-11T05:36:57Z,,2026-04-13T09:16:49Z
910,1820,21,Specialty Care Courier,CLS000000001820,delivered,,,17.44,2026-04-12T06:24:41Z,2026-04-12T11:42:31Z,2026-04-13T09:16:49Z
911,1821,21,SafeTemp,CLS000000001821,delivered,,,20.46,2026-04-06T20:42:40Z,2026-04-11T09:19:45Z,2026-04-13T09:16:49Z
912,1822,3,Clinical Express,CLS000000001822,delivered,,,15.48,2026-04-10T03:04:06Z,2026-04-11T18:39:15Z,2026-04-13T09:16:49Z
913,1827,28,CryoLine,CLS000000001827,in_transit,,,11.43,2026-04-03T20:21:04Z,,2026-04-13T09:16:49Z
914,1828,28,Specialty Care Courier,CLS000000001828,delivered,,,11.01,2026-04-09T23:14:34Z,2026-04-13T01:54:42Z,2026-04-13T09:16:49Z
915,1829,6,SafeTemp,CLS000000001829,delivered,,,5.49,2026-04-11T04:03:23Z,2026-04-12T10:18:14Z,2026-04-13T09:16:49Z
916,1830,3,Clinical Express,CLS000000001830,delivered,,,21.78,2026-04-04T03:20:16Z,2026-04-11T16:08:34Z,2026-04-13T09:16:49Z
917,1835,7,CryoLine,CLS000000001835,in_transit,,,9.18,2026-04-12T03:05:29Z,,2026-04-13T09:16:49Z
918,1836,27,Specialty Care Courier,CLS000000001836,delivered,,,6.82,2026-04-09T22:26:34Z,2026-04-13T01:13:24Z,2026-04-13T09:16:49Z
919,1837,15,SafeTemp,CLS000000001837,delivered,,,24.71,2026-04-08T23:00:39Z,2026-04-11T12:55:35Z,2026-04-13T09:16:49Z
920,1838,14,Clinical Express,CLS000000001838,delivered,,,14.86,2026-04-11T08:38:42Z,2026-04-12T06:00:20Z,2026-04-13T09:16:49Z
921,1843,6,CryoLine,CLS000000001843,in_transit,,,24.4,2026-04-09T07:56:06Z,,2026-04-13T09:16:49Z
922,1844,16,Specialty Care Courier,CLS000000001844,delivered,,,22.55,2026-04-10T10:20:22Z,2026-04-11T21:15:59Z,2026-04-13T09:16:49Z
923,1845,1,SafeTemp,CLS000000001845,delivered,,,11.06,2026-04-04T04:42:21Z,2026-04-13T00:57:41Z,2026-04-13T09:16:49Z
924,1846,29,Clinical Express,CLS000000001846,delivered,,,23.65,2026-04-03T18:32:49Z,2026-04-13T06:46:09Z,2026-04-13T09:16:49Z
925,1851,21,CryoLine,CLS000000001851,in_transit,,,24.53,2026-04-12T01:12:45Z,,2026-04-13T09:16:49Z
926,1852,22,Specialty Care Courier,CLS000000001852,delivered,,,6.8,2026-04-11T05:56:19Z,2026-04-11T22:43:54Z,2026-04-13T09:16:49Z
927,1853,29,SafeTemp,CLS000000001853,delivered,,,12.43,2026-04-10T00:52:07Z,2026-04-13T02:07:30Z,2026-04-13T09:16:49Z
928,1854,26,Clinical Express,CLS000000001854,delivered,,,11.61,2026-04-10T17:06:10Z,2026-04-13T01:24:13Z,2026-04-13T09:16:49Z
929,1859,3,CryoLine,CLS000000001859,in_transit,,,14.25,2026-04-07T03:24:58Z,,2026-04-13T09:16:49Z
930,1860,17,Specialty Care Courier,CLS000000001860,delivered,,,23.51,2026-04-10T16:58:56Z,2026-04-12T10:27:34Z,2026-04-13T09:16:49Z
931,1861,9,SafeTemp,CLS000000001861,delivered,,,17.43,2026-04-06T06:09:24Z,2026-04-12T11:15:02Z,2026-04-13T09:16:49Z
932,1862,17,Clinical Express,CLS000000001862,delivered,,,22.48,2026-04-05T18:04:30Z,2026-04-11T10:10:38Z,2026-04-13T09:16:49Z
933,1867,17,CryoLine,CLS000000001867,in_transit,,,6.66,2026-04-11T10:09:22Z,,2026-04-13T09:16:49Z
934,1868,6,Specialty Care Courier,CLS000000001868,delivered,,,22.26,2026-04-11T10:49:26Z,2026-04-12T10:25:33Z,2026-04-13T09:16:49Z
935,1869,5,SafeTemp,CLS000000001869,delivered,,,12.19,2026-04-06T21:11:10Z,2026-04-12T03:29:52Z,2026-04-13T09:16:49Z
936,1870,27,Clinical Express,CLS000000001870,delivered,,,9,2026-04-10T08:37:37Z,2026-04-12T10:39:58Z,2026-04-13T09:16:49Z
937,1875,27,CryoLine,CLS000000001875,in_transit,,,22.49,2026-04-09T02:42:25Z,,2026-04-13T09:16:49Z
938,1876,23,Specialty Care Courier,CLS000000001876,delivered,,,6.4,2026-04-10T14:42:28Z,2026-04-12T05:44:06Z,2026-04-13T09:16:49Z
939,1877,6,SafeTemp,CLS000000001877,delivered,,,24.47,2026-04-05T23:35:58Z,2026-04-11T09:38:57Z,2026-04-13T09:16:49Z
940,1878,2,Clinical Express,CLS000000001878,delivered,,,21.84,2026-04-09T15:05:19Z,2026-04-11T11:03:29Z,2026-04-13T09:16:49Z
941,1883,28,CryoLine,CLS000000001883,in_transit,,,8.91,2026-04-11T19:32:17Z,,2026-04-13T09:16:49Z
942,1884,7,Specialty Care Courier,CLS000000001884,delivered,,,19.01,2026-04-06T17:44:00Z,2026-04-11T14:52:42Z,2026-04-13T09:16:49Z
943,1885,16,SafeTemp,CLS000000001885,delivered,,,7.95,2026-04-10T20:51:53Z,2026-04-11T09:50:41Z,2026-04-13T09:16:49Z
944,1886,11,Clinical Express,CLS000000001886,delivered,,,8.24,2026-04-10T02:25:50Z,2026-04-12T11:38:21Z,2026-04-13T09:16:49Z
945,1891,6,CryoLine,CLS000000001891,in_transit,,,14.57,2026-04-07T22:11:54Z,,2026-04-13T09:16:49Z
946,1892,9,Specialty Care Courier,CLS000000001892,delivered,,,12.47,2026-04-09T10:57:09Z,2026-04-12T06:34:43Z,2026-04-13T09:16:49Z
947,1893,13,SafeTemp,CLS000000001893,delivered,,,14.97,2026-04-06T09:52:29Z,2026-04-12T05:34:09Z,2026-04-13T09:16:49Z
948,1894,22,Clinical Express,CLS000000001894,delivered,,,9.52,2026-04-04T19:17:30Z,2026-04-13T04:08:26Z,2026-04-13T09:16:49Z
949,1899,29,CryoLine,CLS000000001899,in_transit,,,7.8,2026-04-09T01:26:15Z,,2026-04-13T09:16:49Z
950,1900,22,Specialty Care Courier,CLS000000001900,delivered,,,16.67,2026-04-04T01:50:37Z,2026-04-12T05:27:20Z,2026-04-13T09:16:49Z
951,1901,13,SafeTemp,CLS000000001901,delivered,,,6.46,2026-04-03T11:58:55Z,2026-04-11T14:36:34Z,2026-04-13T09:16:49Z
952,1902,1,Clinical Express,CLS000000001902,delivered,,,17.95,2026-04-08T06:46:24Z,2026-04-11T16:11:03Z,2026-04-13T09:16:49Z
953,1907,14,CryoLine,CLS000000001907,in_transit,,,22.37,2026-04-10T16:19:28Z,,2026-04-13T09:16:49Z
954,1908,27,Specialty Care Courier,CLS000000001908,delivered,,,12.39,2026-04-10T01:07:35Z,2026-04-13T05:32:01Z,2026-04-13T09:16:49Z
955,1909,6,SafeTemp,CLS000000001909,delivered,,,6.91,2026-04-04T13:34:01Z,2026-04-11T22:53:40Z,2026-04-13T09:16:49Z
956,1910,12,Clinical Express,CLS000000001910,delivered,,,12.3,2026-04-11T07:58:40Z,2026-04-12T16:04:11Z,2026-04-13T09:16:49Z
957,1915,9,CryoLine,CLS000000001915,in_transit,,,10.95,2026-04-05T22:07:59Z,,2026-04-13T09:16:49Z
958,1916,16,Specialty Care Courier,CLS000000001916,delivered,,,6.03,2026-04-07T01:33:47Z,2026-04-12T19:08:55Z,2026-04-13T09:16:49Z
959,1917,21,SafeTemp,CLS000000001917,delivered,,,22.7,2026-04-07T22:12:22Z,2026-04-11T13:14:48Z,2026-04-13T09:16:49Z
960,1918,8,Clinical Express,CLS000000001918,delivered,,,13.75,2026-04-09T15:50:52Z,2026-04-11T18:30:05Z,2026-04-13T09:16:49Z
961,1923,10,CryoLine,CLS000000001923,in_transit,,,5.21,2026-04-10T14:51:13Z,,2026-04-13T09:16:49Z
962,1924,4,Specialty Care Courier,CLS000000001924,delivered,,,17.48,2026-04-11T17:42:02Z,2026-04-12T19:59:28Z,2026-04-13T09:16:49Z
963,1925,19,SafeTemp,CLS000000001925,delivered,,,19.42,2026-04-04T21:14:13Z,2026-04-12T12:54:23Z,2026-04-13T09:16:49Z
964,1926,24,Clinical Express,CLS000000001926,delivered,,,24.36,2026-04-07T01:16:25Z,2026-04-12T20:47:33Z,2026-04-13T09:16:49Z
965,1931,20,CryoLine,CLS000000001931,in_transit,,,19.5,2026-04-08T22:19:27Z,,2026-04-13T09:16:49Z
966,1932,1,Specialty Care Courier,CLS000000001932,delivered,,,11.98,2026-04-11T07:45:33Z,2026-04-12T08:02:55Z,2026-04-13T09:16:49Z
967,1933,27,SafeTemp,CLS000000001933,delivered,,,18.66,2026-04-10T14:53:47Z,2026-04-12T16:24:12Z,2026-04-13T09:16:49Z
968,1934,6,Clinical Express,CLS000000001934,delivered,,,24.85,2026-04-04T03:48:43Z,2026-04-11T14:41:04Z,2026-04-13T09:16:49Z
969,1939,22,CryoLine,CLS000000001939,in_transit,,,20.96,2026-04-08T19:01:59Z,,2026-04-13T09:16:49Z
970,1940,8,Specialty Care Courier,CLS000000001940,delivered,,,23.79,2026-04-06T10:57:42Z,2026-04-12T20:49:28Z,2026-04-13T09:16:49Z
971,1941,13,SafeTemp,CLS000000001941,delivered,,,12.81,2026-04-03T18:57:02Z,2026-04-12T14:40:57Z,2026-04-13T09:16:49Z
972,1942,25,Clinical Express,CLS000000001942,delivered,,,16.94,2026-04-10T06:55:02Z,2026-04-13T00:03:52Z,2026-04-13T09:16:49Z
973,1947,9,CryoLine,CLS000000001947,in_transit,,,9.28,2026-04-03T22:50:09Z,,2026-04-13T09:16:49Z
974,1948,6,Specialty Care Courier,CLS000000001948,delivered,,,20.6,2026-04-07T07:33:36Z,2026-04-11T17:42:01Z,2026-04-13T09:16:49Z
975,1949,2,SafeTemp,CLS000000001949,delivered,,,9.39,2026-04-10T22:45:20Z,2026-04-12T04:52:01Z,2026-04-13T09:16:49Z
976,1950,15,Clinical Express,CLS000000001950,delivered,,,8.66,2026-04-08T00:18:28Z,2026-04-12T14:24:08Z,2026-04-13T09:16:49Z
977,1955,5,CryoLine,CLS000000001955,in_transit,,,24.69,2026-04-07T12:16:44Z,,2026-04-13T09:16:49Z
978,1956,16,Specialty Care Courier,CLS000000001956,delivered,,,8.44,2026-04-07T04:28:10Z,2026-04-12T02:43:11Z,2026-04-13T09:16:49Z
979,1957,5,SafeTemp,CLS000000001957,delivered,,,11.29,2026-04-07T22:35:22Z,2026-04-13T02:30:13Z,2026-04-13T09:16:49Z
980,1958,19,Clinical Express,CLS000000001958,delivered,,,5.67,2026-04-04T15:17:29Z,2026-04-12T11:32:18Z,2026-04-13T09:16:49Z
981,1963,19,CryoLine,CLS000000001963,in_transit,,,18.9,2026-04-04T00:04:08Z,,2026-04-13T09:16:49Z
982,1964,6,Specialty Care Courier,CLS000000001964,delivered,,,24.19,2026-04-09T22:02:20Z,2026-04-12T01:48:53Z,2026-04-13T09:16:49Z
983,1965,20,SafeTemp,CLS000000001965,delivered,,,16.96,2026-04-09T13:04:28Z,2026-04-11T21:52:19Z,2026-04-13T09:16:49Z
984,1966,28,Clinical Express,CLS000000001966,delivered,,,21.4,2026-04-12T07:50:14Z,2026-04-13T01:31:10Z,2026-04-13T09:16:49Z
985,1971,2,CryoLine,CLS000000001971,in_transit,,,24.73,2026-04-05T12:33:36Z,,2026-04-13T09:16:49Z
986,1972,26,Specialty Care Courier,CLS000000001972,delivered,,,16.22,2026-04-06T12:28:30Z,2026-04-11T15:45:11Z,2026-04-13T09:16:49Z
987,1973,20,SafeTemp,CLS000000001973,delivered,,,6.65,2026-04-07T15:16:41Z,2026-04-12T16:29:23Z,2026-04-13T09:16:49Z
988,1974,11,Clinical Express,CLS000000001974,delivered,,,24.21,2026-04-10T08:39:14Z,2026-04-11T14:25:11Z,2026-04-13T09:16:49Z
989,1979,3,CryoLine,CLS000000001979,in_transit,,,16.4,2026-04-11T01:10:56Z,,2026-04-13T09:16:49Z
990,1980,18,Specialty Care Courier,CLS000000001980,delivered,,,20.9,2026-04-05T08:58:12Z,2026-04-11T19:50:02Z,2026-04-13T09:16:49Z
991,1981,16,SafeTemp,CLS000000001981,delivered,,,15.3,2026-04-11T07:42:47Z,2026-04-12T14:49:21Z,2026-04-13T09:16:49Z
992,1982,11,Clinical Express,CLS000000001982,delivered,,,17.04,2026-04-03T14:55:23Z,2026-04-11T10:36:30Z,2026-04-13T09:16:49Z
993,1987,27,CryoLine,CLS000000001987,in_transit,,,10.86,2026-04-05T14:16:29Z,,2026-04-13T09:16:49Z
994,1988,4,Specialty Care Courier,CLS000000001988,delivered,,,11.98,2026-04-04T20:27:01Z,2026-04-11T20:30:12Z,2026-04-13T09:16:49Z
995,1989,11,SafeTemp,CLS000000001989,delivered,,,13.5,2026-04-06T17:29:20Z,2026-04-11T11:04:18Z,2026-04-13T09:16:49Z
996,1990,17,Clinical Express,CLS000000001990,delivered,,,18.15,2026-04-12T06:13:45Z,2026-04-12T13:06:55Z,2026-04-13T09:16:49Z
997,1995,9,CryoLine,CLS000000001995,in_transit,,,22.25,2026-04-04T10:49:54Z,,2026-04-13T09:16:49Z
998,1996,23,Specialty Care Courier,CLS000000001996,delivered,,,22.06,2026-04-09T09:54:11Z,2026-04-11T22:32:40Z,2026-04-13T09:16:49Z
999,1997,8,SafeTemp,CLS000000001997,delivered,,,14.21,2026-04-10T12:32:32Z,2026-04-13T08:43:00Z,2026-04-13T09:16:49Z
1000,1998,5,Clinical Express,CLS000000001998,delivered,,,23.75,2026-04-05T08:17:40Z,2026-04-13T09:04:43Z,2026-04-13T09:16:49Z
1001,2003,18,CryoLine,CLS000000002003,in_transit,,,6.33,2026-04-05T13:25:58Z,,2026-04-13T09:16:49Z
1002,2004,7,Specialty Care Courier,CLS000000002004,delivered,,,14.48,2026-04-07T17:45:50Z,2026-04-12T08:35:31Z,2026-04-13T09:16:49Z
1003,2005,11,SafeTemp,CLS000000002005,delivered,,,21.44,2026-04-07T06:14:03Z,2026-04-13T05:32:41Z,2026-04-13T09:16:49Z
1004,2006,10,Clinical Express,CLS000000002006,delivered,,,11.61,2026-04-07T05:55:16Z,2026-04-13T07:56:14Z,2026-04-13T09:16:49Z
1005,2011,28,CryoLine,CLS000000002011,in_transit,,,12.91,2026-04-06T02:28:38Z,,2026-04-13T09:16:49Z
1006,2012,16,Specialty Care Courier,CLS000000002012,delivered,,,6.34,2026-04-08T13:28:25Z,2026-04-13T06:20:28Z,2026-04-13T09:16:49Z
1007,2013,22,SafeTemp,CLS000000002013,delivered,,,19.41,2026-04-06T21:11:11Z,2026-04-12T12:20:47Z,2026-04-13T09:16:49Z
1008,2014,29,Clinical Express,CLS000000002014,delivered,,,7.45,2026-04-04T17:27:31Z,2026-04-11T23:35:58Z,2026-04-13T09:16:49Z
1009,2019,6,CryoLine,CLS000000002019,in_transit,,,16.56,2026-04-03T20:14:52Z,,2026-04-13T09:16:49Z
1010,2020,2,Specialty Care Courier,CLS000000002020,delivered,,,15.88,2026-04-08T02:16:09Z,2026-04-13T04:51:59Z,2026-04-13T09:16:49Z
1011,2021,9,SafeTemp,CLS000000002021,delivered,,,11.47,2026-04-06T07:39:14Z,2026-04-12T19:05:14Z,2026-04-13T09:16:49Z
1012,2022,20,Clinical Express,CLS000000002022,delivered,,,18.39,2026-04-07T20:10:57Z,2026-04-12T07:13:00Z,2026-04-13T09:16:49Z
1013,2027,22,CryoLine,CLS000000002027,in_transit,,,22.73,2026-04-04T09:59:37Z,,2026-04-13T09:16:49Z
1014,2028,8,Specialty Care Courier,CLS000000002028,delivered,,,20.25,2026-04-11T12:04:14Z,2026-04-12T09:32:34Z,2026-04-13T09:16:49Z
1015,2029,29,SafeTemp,CLS000000002029,delivered,,,9.66,2026-04-03T09:43:10Z,2026-04-11T10:28:36Z,2026-04-13T09:16:49Z
1016,2030,11,Clinical Express,CLS000000002030,delivered,,,7.93,2026-04-09T05:49:45Z,2026-04-11T16:10:41Z,2026-04-13T09:16:49Z
1017,2035,28,CryoLine,CLS000000002035,in_transit,,,6.46,2026-04-04T04:27:53Z,,2026-04-13T09:16:49Z
1018,2036,7,Specialty Care Courier,CLS000000002036,delivered,,,17.16,2026-04-08T03:07:39Z,2026-04-13T02:01:52Z,2026-04-13T09:16:49Z
1019,2037,25,SafeTemp,CLS000000002037,delivered,,,11.29,2026-04-07T08:46:29Z,2026-04-12T07:12:47Z,2026-04-13T09:16:49Z
1020,2038,25,Clinical Express,CLS000000002038,delivered,,,16.86,2026-04-07T12:57:27Z,2026-04-11T10:35:20Z,2026-04-13T09:16:49Z
1021,2043,17,CryoLine,CLS000000002043,in_transit,,,12.34,2026-04-03T09:54:43Z,,2026-04-13T09:16:49Z
1022,2044,26,Specialty Care Courier,CLS000000002044,delivered,,,22.97,2026-04-05T10:46:41Z,2026-04-12T11:48:51Z,2026-04-13T09:16:49Z
1023,2045,2,SafeTemp,CLS000000002045,delivered,,,16.38,2026-04-06T18:36:21Z,2026-04-12T10:24:25Z,2026-04-13T09:16:49Z
1024,2046,15,Clinical Express,CLS000000002046,delivered,,,10.41,2026-04-07T14:48:16Z,2026-04-11T15:58:14Z,2026-04-13T09:16:49Z
1025,2051,15,CryoLine,CLS000000002051,in_transit,,,12.54,2026-04-06T06:15:29Z,,2026-04-13T09:16:49Z
1026,2052,6,Specialty Care Courier,CLS000000002052,delivered,,,22.76,2026-04-04T21:19:28Z,2026-04-13T08:51:30Z,2026-04-13T09:16:49Z
1027,2053,18,SafeTemp,CLS000000002053,delivered,,,10.53,2026-04-11T11:37:04Z,2026-04-12T18:08:07Z,2026-04-13T09:16:49Z
1028,2054,26,Clinical Express,CLS000000002054,delivered,,,10.84,2026-04-10T21:45:12Z,2026-04-11T23:55:09Z,2026-04-13T09:16:49Z
1029,2059,18,CryoLine,CLS000000002059,in_transit,,,13.95,2026-04-03T13:10:55Z,,2026-04-13T09:16:49Z
1030,2060,1,Specialty Care Courier,CLS000000002060,delivered,,,7.71,2026-04-09T06:00:20Z,2026-04-12T00:34:30Z,2026-04-13T09:16:49Z
1031,2061,30,SafeTemp,CLS000000002061,delivered,,,6.38,2026-04-07T10:35:02Z,2026-04-12T16:52:10Z,2026-04-13T09:16:49Z
1032,2062,29,Clinical Express,CLS000000002062,delivered,,,12.51,2026-04-07T08:21:16Z,2026-04-12T14:02:07Z,2026-04-13T09:16:49Z
1033,2067,14,CryoLine,CLS000000002067,in_transit,,,13.06,2026-04-03T12:23:24Z,,2026-04-13T09:16:49Z
1034,2068,9,Specialty Care Courier,CLS000000002068,delivered,,,13.05,2026-04-09T09:21:42Z,2026-04-12T09:31:42Z,2026-04-13T09:16:49Z
1035,2069,6,SafeTemp,CLS000000002069,delivered,,,9.31,2026-04-08T11:49:26Z,2026-04-12T12:45:59Z,2026-04-13T09:16:49Z
1036,2070,20,Clinical Express,CLS000000002070,delivered,,,12.56,2026-04-08T12:49:03Z,2026-04-11T12:35:25Z,2026-04-13T09:16:49Z
1037,2075,6,CryoLine,CLS000000002075,in_transit,,,17.72,2026-04-03T19:59:48Z,,2026-04-13T09:16:49Z
1038,2076,12,Specialty Care Courier,CLS000000002076,delivered,,,23.46,2026-04-06T14:04:27Z,2026-04-11T22:33:42Z,2026-04-13T09:16:49Z
1039,2077,24,SafeTemp,CLS000000002077,delivered,,,12.59,2026-04-10T02:13:20Z,2026-04-12T14:43:07Z,2026-04-13T09:16:49Z
1040,2078,2,Clinical Express,CLS000000002078,delivered,,,24.73,2026-04-11T23:58:30Z,2026-04-12T13:32:05Z,2026-04-13T09:16:49Z
1041,2083,29,CryoLine,CLS000000002083,in_transit,,,20.17,2026-04-04T18:08:59Z,,2026-04-13T09:16:49Z
1042,2084,11,Specialty Care Courier,CLS000000002084,delivered,,,8.29,2026-04-10T23:48:07Z,2026-04-12T08:25:19Z,2026-04-13T09:16:49Z
1043,2085,29,SafeTemp,CLS000000002085,delivered,,,10.73,2026-04-11T02:08:19Z,2026-04-12T20:15:41Z,2026-04-13T09:16:49Z
1044,2086,9,Clinical Express,CLS000000002086,delivered,,,14.18,2026-04-06T12:18:44Z,2026-04-11T11:32:46Z,2026-04-13T09:16:49Z
1045,2091,9,CryoLine,CLS000000002091,in_transit,,,14.83,2026-04-06T08:51:34Z,,2026-04-13T09:16:49Z
1046,2092,20,Specialty Care Courier,CLS000000002092,delivered,,,24.78,2026-04-10T18:58:26Z,2026-04-12T07:21:07Z,2026-04-13T09:16:49Z
1047,2093,6,SafeTemp,CLS000000002093,delivered,,,22.6,2026-04-05T03:02:28Z,2026-04-11T21:37:33Z,2026-04-13T09:16:49Z
1048,2094,15,Clinical Express,CLS000000002094,delivered,,,6.05,2026-04-12T06:34:12Z,2026-04-12T10:01:44Z,2026-04-13T09:16:49Z
1049,2099,22,CryoLine,CLS000000002099,in_transit,,,8.98,2026-04-11T22:26:16Z,,2026-04-13T09:16:49Z
1050,2100,7,Specialty Care Courier,CLS000000002100,delivered,,,19.13,2026-04-09T14:09:58Z,2026-04-12T06:09:54Z,2026-04-13T09:16:49Z
1051,2101,25,SafeTemp,CLS000000002101,delivered,,,18.1,2026-04-11T01:24:16Z,2026-04-12T09:38:21Z,2026-04-13T09:16:49Z
1052,2102,4,Clinical Express,CLS000000002102,delivered,,,17.62,2026-04-08T19:12:30Z,2026-04-12T21:40:18Z,2026-04-13T09:16:49Z
1053,2107,13,CryoLine,CLS000000002107,in_transit,,,5.02,2026-04-07T17:11:08Z,,2026-04-13T09:16:49Z
1054,2108,26,Specialty Care Courier,CLS000000002108,delivered,,,17.88,2026-04-05T03:40:13Z,2026-04-11T16:55:01Z,2026-04-13T09:16:49Z
1055,2109,8,SafeTemp,CLS000000002109,delivered,,,24.3,2026-04-04T11:15:18Z,2026-04-12T08:23:55Z,2026-04-13T09:16:49Z
1056,2110,13,Clinical Express,CLS000000002110,delivered,,,15.07,2026-04-07T19:28:04Z,2026-04-11T21:06:56Z,2026-04-13T09:16:49Z
1057,2115,29,CryoLine,CLS000000002115,in_transit,,,5.91,2026-04-10T10:43:57Z,,2026-04-13T09:16:49Z
1058,2116,23,Specialty Care Courier,CLS000000002116,delivered,,,5.51,2026-04-07T23:43:33Z,2026-04-11T16:34:15Z,2026-04-13T09:16:49Z
1059,2117,27,SafeTemp,CLS000000002117,delivered,,,7.65,2026-04-12T06:24:37Z,2026-04-13T05:23:50Z,2026-04-13T09:16:49Z
1060,2118,26,Clinical Express,CLS000000002118,delivered,,,15.24,2026-04-11T19:27:07Z,2026-04-12T01:41:56Z,2026-04-13T09:16:49Z
1061,2123,29,CryoLine,CLS000000002123,in_transit,,,21.88,2026-04-09T18:02:52Z,,2026-04-13T09:16:49Z
1062,2124,8,Specialty Care Courier,CLS000000002124,delivered,,,15.58,2026-04-06T01:06:02Z,2026-04-11T22:38:59Z,2026-04-13T09:16:49Z
1063,2125,26,SafeTemp,CLS000000002125,delivered,,,8.29,2026-04-04T08:17:57Z,2026-04-11T14:58:47Z,2026-04-13T09:16:49Z
1064,2126,23,Clinical Express,CLS000000002126,delivered,,,21.07,2026-04-11T16:20:12Z,2026-04-13T06:29:36Z,2026-04-13T09:16:49Z
1065,2131,28,CryoLine,CLS000000002131,in_transit,,,12.2,2026-04-09T17:39:06Z,,2026-04-13T09:16:49Z
1066,2132,26,Specialty Care Courier,CLS000000002132,delivered,,,14.15,2026-04-05T08:29:14Z,2026-04-12T21:44:12Z,2026-04-13T09:16:49Z
1067,2133,12,SafeTemp,CLS000000002133,delivered,,,7.64,2026-04-09T11:13:48Z,2026-04-11T11:29:40Z,2026-04-13T09:16:49Z
1068,2134,10,Clinical Express,CLS000000002134,delivered,,,18.7,2026-04-05T08:13:13Z,2026-04-11T13:28:10Z,2026-04-13T09:16:49Z
1069,2139,4,CryoLine,CLS000000002139,in_transit,,,12.58,2026-04-03T22:48:00Z,,2026-04-13T09:16:49Z
1070,2140,10,Specialty Care Courier,CLS000000002140,delivered,,,19.04,2026-04-04T16:24:11Z,2026-04-11T18:07:11Z,2026-04-13T09:16:49Z
1071,2141,7,SafeTemp,CLS000000002141,delivered,,,7.14,2026-04-10T10:32:30Z,2026-04-13T03:21:55Z,2026-04-13T09:16:49Z
1072,2142,10,Clinical Express,CLS000000002142,delivered,,,24.84,2026-04-11T03:06:14Z,2026-04-13T09:00:13Z,2026-04-13T09:16:49Z
1073,2147,23,CryoLine,CLS000000002147,in_transit,,,14.61,2026-04-04T05:55:46Z,,2026-04-13T09:16:49Z
1074,2148,13,Specialty Care Courier,CLS000000002148,delivered,,,12.43,2026-04-05T23:25:19Z,2026-04-12T23:09:24Z,2026-04-13T09:16:49Z
1075,2149,4,SafeTemp,CLS000000002149,delivered,,,7.36,2026-04-08T14:26:17Z,2026-04-12T10:32:40Z,2026-04-13T09:16:49Z
1076,2150,8,Clinical Express,CLS000000002150,delivered,,,24.76,2026-04-06T22:24:37Z,2026-04-12T04:42:48Z,2026-04-13T09:16:49Z
1077,2155,3,CryoLine,CLS000000002155,in_transit,,,7.49,2026-04-10T18:56:06Z,,2026-04-13T09:16:49Z
1078,2156,28,Specialty Care Courier,CLS000000002156,delivered,,,22.84,2026-04-05T01:31:47Z,2026-04-12T06:31:07Z,2026-04-13T09:16:49Z
1079,2157,26,SafeTemp,CLS000000002157,delivered,,,7.24,2026-04-03T20:47:57Z,2026-04-11T20:22:32Z,2026-04-13T09:16:49Z
1080,2158,10,Clinical Express,CLS000000002158,delivered,,,22.32,2026-04-08T18:47:55Z,2026-04-11T10:36:21Z,2026-04-13T09:16:49Z
1081,2163,22,CryoLine,CLS000000002163,in_transit,,,14.28,2026-04-04T20:59:35Z,,2026-04-13T09:16:49Z
1082,2164,29,Specialty Care Courier,CLS000000002164,delivered,,,14.35,2026-04-03T15:50:10Z,2026-04-11T14:36:41Z,2026-04-13T09:16:49Z
1083,2165,28,SafeTemp,CLS000000002165,delivered,,,9.32,2026-04-06T19:48:32Z,2026-04-11T11:16:40Z,2026-04-13T09:16:49Z
1084,2166,9,Clinical Express,CLS000000002166,delivered,,,21.71,2026-04-06T00:31:48Z,2026-04-12T02:52:19Z,2026-04-13T09:16:49Z
1085,2171,16,CryoLine,CLS000000002171,in_transit,,,23.75,2026-04-09T12:54:45Z,,2026-04-13T09:16:49Z
1086,2172,5,Specialty Care Courier,CLS000000002172,delivered,,,23.05,2026-04-04T00:16:20Z,2026-04-13T07:10:46Z,2026-04-13T09:16:49Z
1087,2173,23,SafeTemp,CLS000000002173,delivered,,,18.74,2026-04-07T11:33:42Z,2026-04-12T17:16:31Z,2026-04-13T09:16:49Z
1088,2174,17,Clinical Express,CLS000000002174,delivered,,,16.27,2026-04-11T02:38:33Z,2026-04-11T10:56:07Z,2026-04-13T09:16:49Z
1089,2179,24,CryoLine,CLS000000002179,in_transit,,,6.45,2026-04-06T03:33:30Z,,2026-04-13T09:16:49Z
1090,2180,20,Specialty Care Courier,CLS000000002180,delivered,,,7.59,2026-04-09T00:40:28Z,2026-04-12T02:59:28Z,2026-04-13T09:16:49Z
1091,2181,30,SafeTemp,CLS000000002181,delivered,,,19.85,2026-04-05T19:50:02Z,2026-04-12T19:58:01Z,2026-04-13T09:16:49Z
1092,2182,10,Clinical Express,CLS000000002182,delivered,,,19.46,2026-04-12T02:51:33Z,2026-04-12T13:11:48Z,2026-04-13T09:16:49Z
1093,2187,2,CryoLine,CLS000000002187,in_transit,,,21.1,2026-04-07T02:46:43Z,,2026-04-13T09:16:49Z
1094,2188,14,Specialty Care Courier,CLS000000002188,delivered,,,10.57,2026-04-07T03:59:20Z,2026-04-11T10:50:54Z,2026-04-13T09:16:49Z
1095,2189,20,SafeTemp,CLS000000002189,delivered,,,12.22,2026-04-10T23:29:31Z,2026-04-13T03:26:11Z,2026-04-13T09:16:49Z
1096,2190,8,Clinical Express,CLS000000002190,delivered,,,9.21,2026-04-05T00:10:06Z,2026-04-13T06:11:58Z,2026-04-13T09:16:49Z
1097,2195,16,CryoLine,CLS000000002195,in_transit,,,9.89,2026-04-09T17:20:30Z,,2026-04-13T09:16:49Z
1098,2196,5,Specialty Care Courier,CLS000000002196,delivered,,,22.88,2026-04-04T00:17:03Z,2026-04-12T04:45:32Z,2026-04-13T09:16:49Z
1099,2197,20,SafeTemp,CLS000000002197,delivered,,,18.62,2026-04-10T18:28:19Z,2026-04-11T09:44:43Z,2026-04-13T09:16:49Z
1100,2198,23,Clinical Express,CLS000000002198,delivered,,,14.13,2026-04-06T02:36:17Z,2026-04-12T11:50:40Z,2026-04-13T09:16:49Z
1101,2203,17,CryoLine,CLS000000002203,in_transit,,,5.77,2026-04-05T08:41:26Z,,2026-04-13T09:16:49Z
1102,2204,13,Specialty Care Courier,CLS000000002204,delivered,,,7.77,2026-04-03T10:43:41Z,2026-04-12T09:37:06Z,2026-04-13T09:16:49Z
1103,2205,21,SafeTemp,CLS000000002205,delivered,,,24.64,2026-04-12T00:41:04Z,2026-04-12T21:54:46Z,2026-04-13T09:16:49Z
1104,2206,23,Clinical Express,CLS000000002206,delivered,,,19.53,2026-04-10T21:01:33Z,2026-04-12T04:56:58Z,2026-04-13T09:16:49Z
1105,2211,10,CryoLine,CLS000000002211,in_transit,,,22.63,2026-04-09T07:42:03Z,,2026-04-13T09:16:49Z
1106,2212,29,Specialty Care Courier,CLS000000002212,delivered,,,13.65,2026-04-11T13:57:59Z,2026-04-12T12:13:53Z,2026-04-13T09:16:49Z
1107,2213,27,SafeTemp,CLS000000002213,delivered,,,10.57,2026-04-06T10:46:56Z,2026-04-13T02:02:46Z,2026-04-13T09:16:49Z
1108,2214,28,Clinical Express,CLS000000002214,delivered,,,14.29,2026-04-05T09:25:39Z,2026-04-12T15:36:33Z,2026-04-13T09:16:49Z
1109,2219,13,CryoLine,CLS000000002219,in_transit,,,15.04,2026-04-07T15:45:57Z,,2026-04-13T09:16:49Z
1110,2220,17,Specialty Care Courier,CLS000000002220,delivered,,,19.78,2026-04-06T20:15:34Z,2026-04-12T18:56:05Z,2026-04-13T09:16:49Z
1111,2221,18,SafeTemp,CLS000000002221,delivered,,,19.43,2026-04-05T15:05:52Z,2026-04-12T00:43:12Z,2026-04-13T09:16:49Z
1112,2222,29,Clinical Express,CLS000000002222,delivered,,,11.44,2026-04-08T00:52:56Z,2026-04-11T18:24:58Z,2026-04-13T09:16:49Z
1113,2227,30,CryoLine,CLS000000002227,in_transit,,,14.91,2026-04-04T23:17:49Z,,2026-04-13T09:16:49Z
1114,2228,2,Specialty Care Courier,CLS000000002228,delivered,,,16.46,2026-04-05T01:30:14Z,2026-04-11T10:01:56Z,2026-04-13T09:16:49Z
1115,2229,21,SafeTemp,CLS000000002229,delivered,,,9.42,2026-04-03T18:40:52Z,2026-04-11T23:56:44Z,2026-04-13T09:16:49Z
1116,2230,2,Clinical Express,CLS000000002230,delivered,,,11.81,2026-04-10T15:05:07Z,2026-04-13T08:27:53Z,2026-04-13T09:16:49Z
1117,2235,14,CryoLine,CLS000000002235,in_transit,,,12.35,2026-04-07T09:29:54Z,,2026-04-13T09:16:49Z
1118,2236,11,Specialty Care Courier,CLS000000002236,delivered,,,19.23,2026-04-03T16:26:31Z,2026-04-11T16:03:19Z,2026-04-13T09:16:49Z
1119,2237,22,SafeTemp,CLS000000002237,delivered,,,20.9,2026-04-04T07:34:58Z,2026-04-11T19:56:48Z,2026-04-13T09:16:49Z
1120,2238,27,Clinical Express,CLS000000002238,delivered,,,6.23,2026-04-04T05:11:36Z,2026-04-11T23:51:04Z,2026-04-13T09:16:49Z
1121,2243,2,CryoLine,CLS000000002243,in_transit,,,15.87,2026-04-09T07:46:41Z,,2026-04-13T09:16:49Z
1122,2244,7,Specialty Care Courier,CLS000000002244,delivered,,,7.95,2026-04-06T14:00:22Z,2026-04-11T10:42:13Z,2026-04-13T09:16:49Z
1123,2245,4,SafeTemp,CLS000000002245,delivered,,,20.11,2026-04-09T18:34:26Z,2026-04-13T00:29:58Z,2026-04-13T09:16:49Z
1124,2246,28,Clinical Express,CLS000000002246,delivered,,,16.34,2026-04-10T22:48:37Z,2026-04-12T10:31:12Z,2026-04-13T09:16:49Z
1125,2251,14,CryoLine,CLS000000002251,in_transit,,,19.19,2026-04-07T09:20:10Z,,2026-04-13T09:16:49Z
1126,2252,8,Specialty Care Courier,CLS000000002252,delivered,,,23.87,2026-04-09T04:10:15Z,2026-04-13T00:48:30Z,2026-04-13T09:16:49Z
1127,2253,29,SafeTemp,CLS000000002253,delivered,,,18.08,2026-04-06T01:09:13Z,2026-04-11T11:11:10Z,2026-04-13T09:16:49Z
1128,2254,4,Clinical Express,CLS000000002254,delivered,,,10.76,2026-04-07T04:58:37Z,2026-04-11T14:10:45Z,2026-04-13T09:16:49Z
1129,2259,7,CryoLine,CLS000000002259,in_transit,,,6.42,2026-04-12T01:58:49Z,,2026-04-13T09:16:49Z
1130,2260,23,Specialty Care Courier,CLS000000002260,delivered,,,16.78,2026-04-06T14:43:48Z,2026-04-12T00:45:33Z,2026-04-13T09:16:49Z
1131,2261,7,SafeTemp,CLS000000002261,delivered,,,11.15,2026-04-12T01:02:18Z,2026-04-12T19:23:38Z,2026-04-13T09:16:49Z
1132,2262,2,Clinical Express,CLS000000002262,delivered,,,17.71,2026-04-08T00:16:35Z,2026-04-13T01:00:21Z,2026-04-13T09:16:49Z
1133,2267,24,CryoLine,CLS000000002267,in_transit,,,17.23,2026-04-08T01:23:32Z,,2026-04-13T09:16:49Z
1134,2268,4,Specialty Care Courier,CLS000000002268,delivered,,,19.92,2026-04-03T11:30:35Z,2026-04-11T23:27:24Z,2026-04-13T09:16:49Z
1135,2269,30,SafeTemp,CLS000000002269,delivered,,,18.62,2026-04-09T17:12:30Z,2026-04-12T19:41:20Z,2026-04-13T09:16:49Z
1136,2270,21,Clinical Express,CLS000000002270,delivered,,,13.04,2026-04-05T13:03:22Z,2026-04-13T03:17:24Z,2026-04-13T09:16:49Z
1137,2275,1,CryoLine,CLS000000002275,in_transit,,,5.96,2026-04-04T07:52:50Z,,2026-04-13T09:16:49Z
1138,2276,28,Specialty Care Courier,CLS000000002276,delivered,,,9.99,2026-04-08T06:54:44Z,2026-04-13T06:27:38Z,2026-04-13T09:16:49Z
1139,2277,13,SafeTemp,CLS000000002277,delivered,,,20.15,2026-04-06T23:28:56Z,2026-04-11T23:55:50Z,2026-04-13T09:16:49Z
1140,2278,21,Clinical Express,CLS000000002278,delivered,,,6.35,2026-04-04T23:46:16Z,2026-04-12T10:38:03Z,2026-04-13T09:16:49Z
1141,2283,3,CryoLine,CLS000000002283,in_transit,,,19.35,2026-04-07T01:31:47Z,,2026-04-13T09:16:49Z
1142,2284,9,Specialty Care Courier,CLS000000002284,delivered,,,16.97,2026-04-10T10:52:35Z,2026-04-13T03:30:58Z,2026-04-13T09:16:49Z
1143,2285,14,SafeTemp,CLS000000002285,delivered,,,10.32,2026-04-12T08:11:47Z,2026-04-12T10:23:14Z,2026-04-13T09:16:49Z
1144,2286,30,Clinical Express,CLS000000002286,delivered,,,18.99,2026-04-11T17:01:59Z,2026-04-12T11:31:16Z,2026-04-13T09:16:49Z
1145,2291,2,CryoLine,CLS000000002291,in_transit,,,5.62,2026-04-09T16:38:41Z,,2026-04-13T09:16:49Z
1146,2292,11,Specialty Care Courier,CLS000000002292,delivered,,,14.91,2026-04-08T05:32:28Z,2026-04-11T11:42:23Z,2026-04-13T09:16:49Z
1147,2293,23,SafeTemp,CLS000000002293,delivered,,,21.5,2026-04-05T10:54:59Z,2026-04-11T20:44:28Z,2026-04-13T09:16:49Z
1148,2294,6,Clinical Express,CLS000000002294,delivered,,,5.23,2026-04-08T21:31:03Z,2026-04-13T07:58:41Z,2026-04-13T09:16:49Z
1149,2299,14,CryoLine,CLS000000002299,in_transit,,,11.92,2026-04-09T22:28:40Z,,2026-04-13T09:16:49Z
1150,2300,6,Specialty Care Courier,CLS000000002300,delivered,,,17.27,2026-04-05T12:47:35Z,2026-04-11T13:45:01Z,2026-04-13T09:16:49Z
1151,2301,3,SafeTemp,CLS000000002301,delivered,,,21.01,2026-04-12T03:20:27Z,2026-04-12T21:12:41Z,2026-04-13T09:16:49Z
1152,2302,29,Clinical Express,CLS000000002302,delivered,,,15.14,2026-04-09T15:38:30Z,2026-04-12T08:17:13Z,2026-04-13T09:16:49Z
1153,2307,26,CryoLine,CLS000000002307,in_transit,,,18.82,2026-04-11T00:44:58Z,,2026-04-13T09:16:49Z
1154,2308,27,Specialty Care Courier,CLS000000002308,delivered,,,11.74,2026-04-07T07:41:36Z,2026-04-12T00:16:54Z,2026-04-13T09:16:49Z
1155,2309,2,SafeTemp,CLS000000002309,delivered,,,7.29,2026-04-08T04:06:39Z,2026-04-11T22:12:25Z,2026-04-13T09:16:49Z
1156,2310,19,Clinical Express,CLS000000002310,delivered,,,24.1,2026-04-06T12:26:38Z,2026-04-12T09:49:55Z,2026-04-13T09:16:49Z
1157,2315,19,CryoLine,CLS000000002315,in_transit,,,13.8,2026-04-08T20:45:07Z,,2026-04-13T09:16:49Z
1158,2316,9,Specialty Care Courier,CLS000000002316,delivered,,,20.05,2026-04-07T01:19:33Z,2026-04-12T00:08:14Z,2026-04-13T09:16:49Z
1159,2317,22,SafeTemp,CLS000000002317,delivered,,,14.31,2026-04-06T17:48:27Z,2026-04-12T04:14:36Z,2026-04-13T09:16:49Z
1160,2318,9,Clinical Express,CLS000000002318,delivered,,,14.58,2026-04-06T10:45:55Z,2026-04-12T09:35:25Z,2026-04-13T09:16:49Z
1161,2323,13,CryoLine,CLS000000002323,in_transit,,,19.78,2026-04-05T16:44:19Z,,2026-04-13T09:16:49Z
1162,2324,26,Specialty Care Courier,CLS000000002324,delivered,,,12.29,2026-04-05T15:44:52Z,2026-04-11T11:29:49Z,2026-04-13T09:16:49Z
1163,2325,20,SafeTemp,CLS000000002325,delivered,,,18.82,2026-04-07T10:52:16Z,2026-04-11T14:56:08Z,2026-04-13T09:16:49Z
1164,2326,2,Clinical Express,CLS000000002326,delivered,,,16.53,2026-04-05T05:34:22Z,2026-04-11T19:15:32Z,2026-04-13T09:16:49Z
1165,2331,19,CryoLine,CLS000000002331,in_transit,,,19.84,2026-04-03T16:03:14Z,,2026-04-13T09:16:49Z
1166,2332,24,Specialty Care Courier,CLS000000002332,delivered,,,10.73,2026-04-05T07:40:31Z,2026-04-11T22:27:38Z,2026-04-13T09:16:49Z
1167,2333,7,SafeTemp,CLS000000002333,delivered,,,16.7,2026-04-04T23:25:57Z,2026-04-13T00:05:59Z,2026-04-13T09:16:49Z
1168,2334,8,Clinical Express,CLS000000002334,delivered,,,17.94,2026-04-05T12:24:41Z,2026-04-11T17:54:43Z,2026-04-13T09:16:49Z
1169,2339,17,CryoLine,CLS000000002339,in_transit,,,13.38,2026-04-09T05:44:19Z,,2026-04-13T09:16:49Z
1170,2340,13,Specialty Care Courier,CLS000000002340,delivered,,,19.15,2026-04-04T23:16:10Z,2026-04-13T06:09:15Z,2026-04-13T09:16:49Z
1171,2341,21,SafeTemp,CLS000000002341,delivered,,,17.01,2026-04-05T13:39:16Z,2026-04-12T05:37:15Z,2026-04-13T09:16:49Z
1172,2342,23,Clinical Express,CLS000000002342,delivered,,,11.67,2026-04-03T23:22:08Z,2026-04-11T20:01:50Z,2026-04-13T09:16:49Z
1173,2347,8,CryoLine,CLS000000002347,in_transit,,,18.95,2026-04-04T11:01:56Z,,2026-04-13T09:16:49Z
1174,2348,4,Specialty Care Courier,CLS000000002348,delivered,,,24.46,2026-04-07T21:41:01Z,2026-04-13T08:22:48Z,2026-04-13T09:16:49Z
1175,2349,19,SafeTemp,CLS000000002349,delivered,,,6.45,2026-04-08T15:22:31Z,2026-04-13T06:18:26Z,2026-04-13T09:16:49Z
1176,2350,9,Clinical Express,CLS000000002350,delivered,,,22.45,2026-04-06T16:11:44Z,2026-04-12T16:58:12Z,2026-04-13T09:16:49Z
1177,2355,23,CryoLine,CLS000000002355,in_transit,,,10.39,2026-04-03T21:14:00Z,,2026-04-13T09:16:49Z
1178,2356,2,Specialty Care Courier,CLS000000002356,delivered,,,17.59,2026-04-07T00:54:40Z,2026-04-13T06:21:07Z,2026-04-13T09:16:49Z
1179,2357,19,SafeTemp,CLS000000002357,delivered,,,18.28,2026-04-07T17:20:53Z,2026-04-12T17:20:26Z,2026-04-13T09:16:49Z
1180,2358,29,Clinical Express,CLS000000002358,delivered,,,12.76,2026-04-06T06:17:40Z,2026-04-12T02:43:46Z,2026-04-13T09:16:49Z
1181,2363,20,CryoLine,CLS000000002363,in_transit,,,15.24,2026-04-05T02:03:56Z,,2026-04-13T09:16:49Z
1182,2364,21,Specialty Care Courier,CLS000000002364,delivered,,,15.45,2026-04-04T19:03:12Z,2026-04-13T06:57:19Z,2026-04-13T09:16:49Z
1183,2365,27,SafeTemp,CLS000000002365,delivered,,,11.79,2026-04-03T13:01:45Z,2026-04-11T12:48:30Z,2026-04-13T09:16:49Z
1184,2366,25,Clinical Express,CLS000000002366,delivered,,,24.96,2026-04-09T23:13:13Z,2026-04-13T05:53:07Z,2026-04-13T09:16:49Z
1185,2371,25,CryoLine,CLS000000002371,in_transit,,,21.71,2026-04-07T22:30:26Z,,2026-04-13T09:16:49Z
1186,2372,3,Specialty Care Courier,CLS000000002372,delivered,,,7.85,2026-04-10T11:22:14Z,2026-04-11T11:25:59Z,2026-04-13T09:16:49Z
1187,2373,17,SafeTemp,CLS000000002373,delivered,,,7.78,2026-04-07T17:00:02Z,2026-04-13T06:03:15Z,2026-04-13T09:16:49Z
1188,2374,9,Clinical Express,CLS000000002374,delivered,,,18.48,2026-04-08T04:10:34Z,2026-04-12T02:49:30Z,2026-04-13T09:16:49Z
1189,2379,3,CryoLine,CLS000000002379,in_transit,,,9.26,2026-04-11T16:42:30Z,,2026-04-13T09:16:49Z
1190,2380,7,Specialty Care Courier,CLS000000002380,delivered,,,14.18,2026-04-09T22:45:48Z,2026-04-13T03:31:38Z,2026-04-13T09:16:49Z
1191,2381,28,SafeTemp,CLS000000002381,delivered,,,24.1,2026-04-03T18:14:27Z,2026-04-12T04:53:06Z,2026-04-13T09:16:49Z
1192,2382,13,Clinical Express,CLS000000002382,delivered,,,10.42,2026-04-09T02:10:11Z,2026-04-11T21:47:01Z,2026-04-13T09:16:49Z
1193,2387,5,CryoLine,CLS000000002387,in_transit,,,5.91,2026-04-10T17:48:53Z,,2026-04-13T09:16:49Z
1194,2388,10,Specialty Care Courier,CLS000000002388,delivered,,,19.81,2026-04-04T14:20:49Z,2026-04-11T18:37:56Z,2026-04-13T09:16:49Z
1195,2389,12,SafeTemp,CLS000000002389,delivered,,,13.35,2026-04-11T04:25:02Z,2026-04-11T20:17:49Z,2026-04-13T09:16:49Z
1196,2390,19,Clinical Express,CLS000000002390,delivered,,,17.11,2026-04-11T20:51:55Z,2026-04-12T03:04:02Z,2026-04-13T09:16:49Z
1197,2395,15,CryoLine,CLS000000002395,in_transit,,,13.79,2026-04-10T13:36:14Z,,2026-04-13T09:16:49Z
1198,2396,9,Specialty Care Courier,CLS000000002396,delivered,,,7.89,2026-04-09T01:39:42Z,2026-04-13T04:01:13Z,2026-04-13T09:16:49Z
1199,2397,13,SafeTemp,CLS000000002397,delivered,,,5.72,2026-04-12T03:47:37Z,2026-04-12T11:59:57Z,2026-04-13T09:16:49Z
1200,2398,18,Clinical Express,CLS000000002398,delivered,,,8.14,2026-04-06T17:08:41Z,2026-04-12T06:29:29Z,2026-04-13T09:16:49Z
1201,2403,3,CryoLine,CLS000000002403,in_transit,,,22.01,2026-04-10T01:56:40Z,,2026-04-13T09:16:49Z
1202,2404,12,Specialty Care Courier,CLS000000002404,delivered,,,11.23,2026-04-05T16:08:28Z,2026-04-13T05:59:23Z,2026-04-13T09:16:49Z
1203,2405,6,SafeTemp,CLS000000002405,delivered,,,12.79,2026-04-09T00:48:00Z,2026-04-11T13:24:37Z,2026-04-13T09:16:49Z
1204,2406,2,Clinical Express,CLS000000002406,delivered,,,22.72,2026-04-04T20:37:14Z,2026-04-12T06:10:48Z,2026-04-13T09:16:49Z
1205,2411,16,CryoLine,CLS000000002411,in_transit,,,21.54,2026-04-07T00:04:16Z,,2026-04-13T09:16:49Z
1206,2412,25,Specialty Care Courier,CLS000000002412,delivered,,,22.51,2026-04-04T00:46:19Z,2026-04-12T07:05:46Z,2026-04-13T09:16:49Z
1207,2413,21,SafeTemp,CLS000000002413,delivered,,,8.52,2026-04-05T07:45:04Z,2026-04-12T14:20:35Z,2026-04-13T09:16:49Z
1208,2414,11,Clinical Express,CLS000000002414,delivered,,,14.89,2026-04-05T18:40:43Z,2026-04-11T20:20:29Z,2026-04-13T09:16:49Z
1209,2419,19,CryoLine,CLS000000002419,in_transit,,,19.2,2026-04-08T22:39:18Z,,2026-04-13T09:16:49Z
1210,2420,22,Specialty Care Courier,CLS000000002420,delivered,,,10.37,2026-04-09T00:39:20Z,2026-04-13T02:02:20Z,2026-04-13T09:16:49Z
1211,2421,14,SafeTemp,CLS000000002421,delivered,,,7.65,2026-04-03T20:52:28Z,2026-04-11T12:22:48Z,2026-04-13T09:16:49Z
1212,2422,27,Clinical Express,CLS000000002422,delivered,,,7.22,2026-04-09T00:02:32Z,2026-04-11T12:46:21Z,2026-04-13T09:16:49Z
1213,2427,25,CryoLine,CLS000000002427,in_transit,,,17.42,2026-04-09T21:43:46Z,,2026-04-13T09:16:49Z
1214,2428,25,Specialty Care Courier,CLS000000002428,delivered,,,20.92,2026-04-06T01:24:40Z,2026-04-11T20:09:42Z,2026-04-13T09:16:49Z
1215,2429,28,SafeTemp,CLS000000002429,delivered,,,20.51,2026-04-03T12:22:12Z,2026-04-13T06:02:25Z,2026-04-13T09:16:49Z
1216,2430,19,Clinical Express,CLS000000002430,delivered,,,23.25,2026-04-08T10:38:42Z,2026-04-12T00:22:51Z,2026-04-13T09:16:49Z
1217,2435,15,CryoLine,CLS000000002435,in_transit,,,24.58,2026-04-07T14:44:22Z,,2026-04-13T09:16:49Z
1218,2436,5,Specialty Care Courier,CLS000000002436,delivered,,,20.29,2026-04-07T03:35:45Z,2026-04-12T01:59:59Z,2026-04-13T09:16:49Z
1219,2437,23,SafeTemp,CLS000000002437,delivered,,,5.91,2026-04-08T07:42:42Z,2026-04-11T09:17:11Z,2026-04-13T09:16:49Z
1220,2438,21,Clinical Express,CLS000000002438,delivered,,,24.57,2026-04-11T04:31:26Z,2026-04-12T14:28:10Z,2026-04-13T09:16:49Z
1221,2443,18,CryoLine,CLS000000002443,in_transit,,,17.13,2026-04-07T14:01:29Z,,2026-04-13T09:16:49Z
1222,2444,18,Specialty Care Courier,CLS000000002444,delivered,,,15.31,2026-04-05T20:53:14Z,2026-04-12T03:15:51Z,2026-04-13T09:16:49Z
1223,2445,15,SafeTemp,CLS000000002445,delivered,,,10.26,2026-04-05T07:40:37Z,2026-04-13T02:43:49Z,2026-04-13T09:16:49Z
1224,2446,7,Clinical Express,CLS000000002446,delivered,,,16.64,2026-04-08T09:53:19Z,2026-04-11T14:54:52Z,2026-04-13T09:16:49Z
1225,2451,20,CryoLine,CLS000000002451,in_transit,,,15.1,2026-04-09T06:07:01Z,,2026-04-13T09:16:49Z
1226,2452,24,Specialty Care Courier,CLS000000002452,delivered,,,7.65,2026-04-10T03:51:48Z,2026-04-12T00:22:50Z,2026-04-13T09:16:49Z
1227,2453,10,SafeTemp,CLS000000002453,delivered,,,18.65,2026-04-03T23:20:32Z,2026-04-12T01:16:35Z,2026-04-13T09:16:49Z
1228,2454,19,Clinical Express,CLS000000002454,delivered,,,14.03,2026-04-11T00:21:33Z,2026-04-12T15:01:29Z,2026-04-13T09:16:49Z
1229,2459,12,CryoLine,CLS000000002459,in_transit,,,23.73,2026-04-10T01:08:53Z,,2026-04-13T09:16:49Z
1230,2460,9,Specialty Care Courier,CLS000000002460,delivered,,,15.55,2026-04-09T05:15:21Z,2026-04-11T10:54:54Z,2026-04-13T09:16:49Z
1231,2461,16,SafeTemp,CLS000000002461,delivered,,,22.8,2026-04-09T09:00:14Z,2026-04-13T06:40:14Z,2026-04-13T09:16:49Z
1232,2462,14,Clinical Express,CLS000000002462,delivered,,,14.88,2026-04-10T14:56:39Z,2026-04-11T20:25:19Z,2026-04-13T09:16:49Z
1233,2467,14,CryoLine,CLS000000002467,in_transit,,,18.39,2026-04-05T17:56:26Z,,2026-04-13T09:16:49Z
1234,2468,6,Specialty Care Courier,CLS000000002468,delivered,,,20.35,2026-04-08T07:04:57Z,2026-04-12T02:16:15Z,2026-04-13T09:16:49Z
1235,2469,14,SafeTemp,CLS000000002469,delivered,,,6.19,2026-04-10T14:30:47Z,2026-04-12T22:25:58Z,2026-04-13T09:16:49Z
1236,2470,25,Clinical Express,CLS000000002470,delivered,,,5.02,2026-04-08T00:21:37Z,2026-04-12T03:14:43Z,2026-04-13T09:16:49Z
1237,2475,5,CryoLine,CLS000000002475,in_transit,,,16.75,2026-04-09T09:56:20Z,,2026-04-13T09:16:49Z
1238,2476,5,Specialty Care Courier,CLS000000002476,delivered,,,17.38,2026-04-11T19:55:20Z,2026-04-12T10:12:41Z,2026-04-13T09:16:49Z
1239,2477,1,SafeTemp,CLS000000002477,delivered,,,6.84,2026-04-04T13:12:44Z,2026-04-11T16:55:52Z,2026-04-13T09:16:49Z
1240,2478,28,Clinical Express,CLS000000002478,delivered,,,16.19,2026-04-06T22:35:30Z,2026-04-11T22:21:37Z,2026-04-13T09:16:49Z
1241,2483,8,CryoLine,CLS000000002483,in_transit,,,16.67,2026-04-04T04:02:09Z,,2026-04-13T09:16:49Z
1242,2484,5,Specialty Care Courier,CLS000000002484,delivered,,,13.14,2026-04-10T11:03:04Z,2026-04-12T01:16:46Z,2026-04-13T09:16:49Z
1243,2485,5,SafeTemp,CLS000000002485,delivered,,,11.43,2026-04-05T22:17:53Z,2026-04-11T09:37:26Z,2026-04-13T09:16:49Z
1244,2486,23,Clinical Express,CLS000000002486,delivered,,,5.92,2026-04-10T11:54:00Z,2026-04-12T04:46:32Z,2026-04-13T09:16:49Z
1245,2491,19,CryoLine,CLS000000002491,in_transit,,,12.05,2026-04-07T07:29:43Z,,2026-04-13T09:16:49Z
1246,2492,12,Specialty Care Courier,CLS000000002492,delivered,,,18.34,2026-04-03T23:54:26Z,2026-04-12T04:27:02Z,2026-04-13T09:16:49Z
1247,2493,15,SafeTemp,CLS000000002493,delivered,,,22.16,2026-04-10T08:06:17Z,2026-04-13T04:32:23Z,2026-04-13T09:16:49Z
1248,2494,29,Clinical Express,CLS000000002494,delivered,,,13.52,2026-04-08T04:00:04Z,2026-04-11T17:06:51Z,2026-04-13T09:16:49Z
1249,2499,26,CryoLine,CLS000000002499,in_transit,,,12.75,2026-04-03T13:27:20Z,,2026-04-13T09:16:49Z
1250,2500,27,Specialty Care Courier,CLS000000002500,delivered,,,15.58,2026-04-04T08:09:16Z,2026-04-12T03:44:00Z,2026-04-13T09:16:49Z
1251,2501,19,SafeTemp,CLS000000002501,delivered,,,12.84,2026-04-07T03:36:55Z,2026-04-11T21:06:03Z,2026-04-13T09:16:49Z
1252,2502,10,Clinical Express,CLS000000002502,delivered,,,12.28,2026-04-07T13:28:05Z,2026-04-12T17:37:25Z,2026-04-13T09:16:49Z
1253,2507,17,CryoLine,CLS000000002507,in_transit,,,18.98,2026-04-10T14:07:12Z,,2026-04-13T09:16:49Z
1254,2508,5,Specialty Care Courier,CLS000000002508,delivered,,,14.65,2026-04-10T01:21:03Z,2026-04-11T15:48:43Z,2026-04-13T09:16:49Z
1255,2509,6,SafeTemp,CLS000000002509,delivered,,,11.62,2026-04-09T15:46:31Z,2026-04-11T10:21:53Z,2026-04-13T09:16:49Z
1256,2510,2,Clinical Express,CLS000000002510,delivered,,,5.47,2026-04-04T21:51:33Z,2026-04-12T10:32:51Z,2026-04-13T09:16:49Z
1257,2515,21,CryoLine,CLS000000002515,in_transit,,,23.88,2026-04-06T21:28:29Z,,2026-04-13T09:16:49Z
1258,2516,30,Specialty Care Courier,CLS000000002516,delivered,,,22,2026-04-07T12:43:54Z,2026-04-12T00:23:44Z,2026-04-13T09:16:49Z
1259,2517,12,SafeTemp,CLS000000002517,delivered,,,17.83,2026-04-11T21:22:14Z,2026-04-12T19:10:59Z,2026-04-13T09:16:49Z
1260,2518,29,Clinical Express,CLS000000002518,delivered,,,21.09,2026-04-03T16:20:55Z,2026-04-12T07:46:52Z,2026-04-13T09:16:49Z
1261,2523,11,CryoLine,CLS000000002523,in_transit,,,23.93,2026-04-12T03:53:19Z,,2026-04-13T09:16:49Z
1262,2524,7,Specialty Care Courier,CLS000000002524,delivered,,,9.92,2026-04-06T05:11:47Z,2026-04-12T00:36:26Z,2026-04-13T09:16:49Z
1263,2525,20,SafeTemp,CLS000000002525,delivered,,,22.3,2026-04-05T00:48:55Z,2026-04-12T16:18:05Z,2026-04-13T09:16:49Z
1264,2526,3,Clinical Express,CLS000000002526,delivered,,,11.11,2026-04-07T06:15:56Z,2026-04-12T13:48:23Z,2026-04-13T09:16:49Z
1265,2531,19,CryoLine,CLS000000002531,in_transit,,,15.87,2026-04-05T11:34:10Z,,2026-04-13T09:16:49Z
1266,2532,18,Specialty Care Courier,CLS000000002532,delivered,,,20.88,2026-04-07T13:01:07Z,2026-04-12T02:33:23Z,2026-04-13T09:16:49Z
1267,2533,9,SafeTemp,CLS000000002533,delivered,,,23.97,2026-04-05T15:13:33Z,2026-04-12T08:43:15Z,2026-04-13T09:16:49Z
1268,2534,27,Clinical Express,CLS000000002534,delivered,,,7.47,2026-04-12T07:48:05Z,2026-04-13T03:16:00Z,2026-04-13T09:16:49Z
1269,2539,18,CryoLine,CLS000000002539,in_transit,,,13.18,2026-04-08T07:57:57Z,,2026-04-13T09:16:49Z
1270,2540,22,Specialty Care Courier,CLS000000002540,delivered,,,7.05,2026-04-10T07:05:26Z,2026-04-11T09:25:00Z,2026-04-13T09:16:49Z
1271,2541,27,SafeTemp,CLS000000002541,delivered,,,11.61,2026-04-07T16:42:40Z,2026-04-13T06:56:06Z,2026-04-13T09:16:49Z
1272,2542,13,Clinical Express,CLS000000002542,delivered,,,15.54,2026-04-06T23:22:09Z,2026-04-11T22:39:34Z,2026-04-13T09:16:49Z
1273,2547,10,CryoLine,CLS000000002547,in_transit,,,12.34,2026-04-06T04:28:20Z,,2026-04-13T09:16:49Z
1274,2548,13,Specialty Care Courier,CLS000000002548,delivered,,,11.38,2026-04-03T22:55:24Z,2026-04-12T11:14:49Z,2026-04-13T09:16:49Z
1275,2549,10,SafeTemp,CLS000000002549,delivered,,,16.25,2026-04-12T04:55:17Z,2026-04-13T04:12:43Z,2026-04-13T09:16:49Z
1276,2550,26,Clinical Express,CLS000000002550,delivered,,,8.32,2026-04-06T02:42:47Z,2026-04-13T01:59:35Z,2026-04-13T09:16:49Z
1277,2555,17,CryoLine,CLS000000002555,in_transit,,,24.22,2026-04-11T21:33:13Z,,2026-04-13T09:16:49Z
1278,2556,29,Specialty Care Courier,CLS000000002556,delivered,,,18.96,2026-04-06T19:04:01Z,2026-04-13T04:42:38Z,2026-04-13T09:16:49Z
1279,2557,11,SafeTemp,CLS000000002557,delivered,,,12.06,2026-04-08T10:58:09Z,2026-04-12T19:19:43Z,2026-04-13T09:16:49Z
1280,2558,22,Clinical Express,CLS000000002558,delivered,,,10.04,2026-04-05T05:48:27Z,2026-04-11T12:47:52Z,2026-04-13T09:16:49Z
1281,2563,1,CryoLine,CLS000000002563,in_transit,,,13.54,2026-04-12T02:01:30Z,,2026-04-13T09:16:49Z
1282,2564,16,Specialty Care Courier,CLS000000002564,delivered,,,9.75,2026-04-11T15:34:13Z,2026-04-12T00:52:17Z,2026-04-13T09:16:49Z
1283,2565,9,SafeTemp,CLS000000002565,delivered,,,23.87,2026-04-10T20:42:12Z,2026-04-12T20:01:16Z,2026-04-13T09:16:49Z
1284,2566,11,Clinical Express,CLS000000002566,delivered,,,18.34,2026-04-10T18:16:42Z,2026-04-11T22:23:49Z,2026-04-13T09:16:49Z
1285,2571,21,CryoLine,CLS000000002571,in_transit,,,11.46,2026-04-05T14:54:56Z,,2026-04-13T09:16:49Z
1286,2572,17,Specialty Care Courier,CLS000000002572,delivered,,,14.8,2026-04-03T18:59:02Z,2026-04-11T12:53:31Z,2026-04-13T09:16:49Z
1287,2573,9,SafeTemp,CLS000000002573,delivered,,,21.36,2026-04-09T09:34:55Z,2026-04-13T06:39:15Z,2026-04-13T09:16:49Z
1288,2574,20,Clinical Express,CLS000000002574,delivered,,,13.44,2026-04-11T09:06:24Z,2026-04-12T14:45:40Z,2026-04-13T09:16:49Z
1289,2579,20,CryoLine,CLS000000002579,in_transit,,,9.29,2026-04-10T20:59:35Z,,2026-04-13T09:16:49Z
1290,2580,2,Specialty Care Courier,CLS000000002580,delivered,,,24.68,2026-04-10T19:10:51Z,2026-04-13T07:34:03Z,2026-04-13T09:16:49Z
1291,2581,25,SafeTemp,CLS000000002581,delivered,,,14.06,2026-04-12T03:03:37Z,2026-04-12T05:29:07Z,2026-04-13T09:16:49Z
1292,2582,16,Clinical Express,CLS000000002582,delivered,,,11.4,2026-04-07T05:01:30Z,2026-04-13T02:55:57Z,2026-04-13T09:16:49Z
1293,2587,13,CryoLine,CLS000000002587,in_transit,,,22.36,2026-04-08T12:05:27Z,,2026-04-13T09:16:49Z
1294,2588,26,Specialty Care Courier,CLS000000002588,delivered,,,17.31,2026-04-10T05:30:07Z,2026-04-12T09:08:19Z,2026-04-13T09:16:49Z
1295,2589,14,SafeTemp,CLS000000002589,delivered,,,23.04,2026-04-07T00:41:28Z,2026-04-11T11:15:20Z,2026-04-13T09:16:49Z
1296,2590,3,Clinical Express,CLS000000002590,delivered,,,17.08,2026-04-12T05:46:25Z,2026-04-12T23:23:46Z,2026-04-13T09:16:49Z
1297,2595,4,CryoLine,CLS000000002595,in_transit,,,17.01,2026-04-07T06:56:38Z,,2026-04-13T09:16:49Z
1298,2596,22,Specialty Care Courier,CLS000000002596,delivered,,,22.56,2026-04-05T08:36:45Z,2026-04-11T19:37:23Z,2026-04-13T09:16:49Z
1299,2597,1,SafeTemp,CLS000000002597,delivered,,,21.01,2026-04-04T16:33:27Z,2026-04-11T19:26:35Z,2026-04-13T09:16:49Z
1300,2598,5,Clinical Express,CLS000000002598,delivered,,,13.16,2026-04-11T10:32:35Z,2026-04-12T09:54:08Z,2026-04-13T09:16:49Z
1301,2603,5,CryoLine,CLS000000002603,in_transit,,,5.75,2026-04-08T15:23:53Z,,2026-04-13T09:16:49Z
1302,2604,2,Specialty Care Courier,CLS000000002604,delivered,,,7.46,2026-04-07T08:36:33Z,2026-04-12T19:00:59Z,2026-04-13T09:16:49Z
1303,2605,17,SafeTemp,CLS000000002605,delivered,,,12.98,2026-04-03T12:54:17Z,2026-04-12T04:14:40Z,2026-04-13T09:16:49Z
1304,2606,12,Clinical Express,CLS000000002606,delivered,,,8.42,2026-04-11T23:45:55Z,2026-04-12T11:04:17Z,2026-04-13T09:16:49Z
1305,2611,11,CryoLine,CLS000000002611,in_transit,,,17.26,2026-04-07T12:06:20Z,,2026-04-13T09:16:49Z
1306,2612,6,Specialty Care Courier,CLS000000002612,delivered,,,16.45,2026-04-11T04:07:06Z,2026-04-12T05:37:57Z,2026-04-13T09:16:49Z
1307,2613,10,SafeTemp,CLS000000002613,delivered,,,23.97,2026-04-10T20:30:24Z,2026-04-12T15:02:53Z,2026-04-13T09:16:49Z
1308,2614,14,Clinical Express,CLS000000002614,delivered,,,13.02,2026-04-06T13:53:17Z,2026-04-12T08:03:59Z,2026-04-13T09:16:49Z
1309,2619,11,CryoLine,CLS000000002619,in_transit,,,11.57,2026-04-09T05:13:53Z,,2026-04-13T09:16:49Z
1310,2620,20,Specialty Care Courier,CLS000000002620,delivered,,,20.39,2026-04-05T09:52:23Z,2026-04-13T02:48:00Z,2026-04-13T09:16:49Z
1311,2621,8,SafeTemp,CLS000000002621,delivered,,,9.72,2026-04-10T07:13:59Z,2026-04-12T04:40:46Z,2026-04-13T09:16:49Z
1312,2622,14,Clinical Express,CLS000000002622,delivered,,,10.53,2026-04-07T02:07:08Z,2026-04-11T10:41:38Z,2026-04-13T09:16:49Z
1313,2627,26,CryoLine,CLS000000002627,in_transit,,,11.92,2026-04-09T08:23:54Z,,2026-04-13T09:16:49Z
1314,2628,29,Specialty Care Courier,CLS000000002628,delivered,,,6.49,2026-04-11T13:20:14Z,2026-04-11T17:14:23Z,2026-04-13T09:16:49Z
1315,2629,12,SafeTemp,CLS000000002629,delivered,,,5.14,2026-04-11T03:35:51Z,2026-04-13T00:34:15Z,2026-04-13T09:16:49Z
1316,2630,6,Clinical Express,CLS000000002630,delivered,,,9.76,2026-04-07T04:16:38Z,2026-04-11T19:12:45Z,2026-04-13T09:16:49Z
1317,2635,25,CryoLine,CLS000000002635,in_transit,,,24.35,2026-04-09T19:46:44Z,,2026-04-13T09:16:49Z
1318,2636,18,Specialty Care Courier,CLS000000002636,delivered,,,17.35,2026-04-08T22:39:53Z,2026-04-11T17:21:52Z,2026-04-13T09:16:49Z
1319,2637,11,SafeTemp,CLS000000002637,delivered,,,18.31,2026-04-06T03:31:04Z,2026-04-12T09:17:38Z,2026-04-13T09:16:49Z
1320,2638,4,Clinical Express,CLS000000002638,delivered,,,13.79,2026-04-07T12:41:21Z,2026-04-12T09:57:44Z,2026-04-13T09:16:49Z
1321,2643,29,CryoLine,CLS000000002643,in_transit,,,8.63,2026-04-07T18:18:44Z,,2026-04-13T09:16:49Z
1322,2644,9,Specialty Care Courier,CLS000000002644,delivered,,,19.09,2026-04-11T03:27:33Z,2026-04-12T19:17:10Z,2026-04-13T09:16:49Z
1323,2645,25,SafeTemp,CLS000000002645,delivered,,,13.43,2026-04-03T16:20:49Z,2026-04-12T22:18:17Z,2026-04-13T09:16:49Z
1324,2646,28,Clinical Express,CLS000000002646,delivered,,,5.45,2026-04-09T18:43:58Z,2026-04-12T22:49:48Z,2026-04-13T09:16:49Z
1325,2651,17,CryoLine,CLS000000002651,in_transit,,,20.7,2026-04-04T11:38:14Z,,2026-04-13T09:16:49Z
1326,2652,4,Specialty Care Courier,CLS000000002652,delivered,,,20.41,2026-04-11T10:41:51Z,2026-04-11T13:55:24Z,2026-04-13T09:16:49Z
1327,2653,14,SafeTemp,CLS000000002653,delivered,,,13.21,2026-04-03T15:13:40Z,2026-04-12T20:33:54Z,2026-04-13T09:16:49Z
1328,2654,24,Clinical Express,CLS000000002654,delivered,,,8.06,2026-04-08T15:30:50Z,2026-04-12T11:33:44Z,2026-04-13T09:16:49Z
1329,2659,23,CryoLine,CLS000000002659,in_transit,,,20.73,2026-04-09T00:25:21Z,,2026-04-13T09:16:49Z
1330,2660,7,Specialty Care Courier,CLS000000002660,delivered,,,19.74,2026-04-03T19:40:25Z,2026-04-12T23:26:39Z,2026-04-13T09:16:49Z
1331,2661,22,SafeTemp,CLS000000002661,delivered,,,10.69,2026-04-05T21:10:38Z,2026-04-11T15:59:04Z,2026-04-13T09:16:49Z
1332,2662,23,Clinical Express,CLS000000002662,delivered,,,17.66,2026-04-05T23:06:33Z,2026-04-11T21:56:40Z,2026-04-13T09:16:49Z
1333,2667,28,CryoLine,CLS000000002667,in_transit,,,23.47,2026-04-10T21:55:08Z,,2026-04-13T09:16:49Z
1334,2668,1,Specialty Care Courier,CLS000000002668,delivered,,,14.84,2026-04-07T21:17:09Z,2026-04-12T13:18:39Z,2026-04-13T09:16:49Z
1335,2669,14,SafeTemp,CLS000000002669,delivered,,,15.31,2026-04-03T22:11:19Z,2026-04-12T20:18:53Z,2026-04-13T09:16:49Z
1336,2670,7,Clinical Express,CLS000000002670,delivered,,,21.9,2026-04-08T03:50:03Z,2026-04-11T16:29:09Z,2026-04-13T09:16:49Z
1337,2675,15,CryoLine,CLS000000002675,in_transit,,,16.73,2026-04-12T01:36:35Z,,2026-04-13T09:16:49Z
1338,2676,2,Specialty Care Courier,CLS000000002676,delivered,,,21.26,2026-04-03T12:12:57Z,2026-04-11T16:34:35Z,2026-04-13T09:16:49Z
1339,2677,2,SafeTemp,CLS000000002677,delivered,,,18.72,2026-04-05T12:35:48Z,2026-04-12T05:30:53Z,2026-04-13T09:16:49Z
1340,2678,12,Clinical Express,CLS000000002678,delivered,,,24.08,2026-04-08T02:05:10Z,2026-04-13T08:58:48Z,2026-04-13T09:16:49Z
1341,2683,29,CryoLine,CLS000000002683,in_transit,,,13.11,2026-04-11T20:18:21Z,,2026-04-13T09:16:49Z
1342,2684,25,Specialty Care Courier,CLS000000002684,delivered,,,13.22,2026-04-08T07:15:36Z,2026-04-13T02:08:46Z,2026-04-13T09:16:49Z
1343,2685,9,SafeTemp,CLS000000002685,delivered,,,23.16,2026-04-06T04:29:10Z,2026-04-11T11:44:49Z,2026-04-13T09:16:49Z
1344,2686,5,Clinical Express,CLS000000002686,delivered,,,7.64,2026-04-11T01:41:11Z,2026-04-11T16:42:05Z,2026-04-13T09:16:49Z
1345,2691,22,CryoLine,CLS000000002691,in_transit,,,7.76,2026-04-12T05:56:43Z,,2026-04-13T09:16:49Z
1346,2692,7,Specialty Care Courier,CLS000000002692,delivered,,,11.78,2026-04-11T05:15:34Z,2026-04-11T12:09:40Z,2026-04-13T09:16:49Z
1347,2693,24,SafeTemp,CLS000000002693,delivered,,,20.91,2026-04-09T19:30:58Z,2026-04-12T18:18:35Z,2026-04-13T09:16:49Z
1348,2694,1,Clinical Express,CLS000000002694,delivered,,,6.66,2026-04-11T12:10:24Z,2026-04-11T16:25:01Z,2026-04-13T09:16:49Z
1349,2699,2,CryoLine,CLS000000002699,in_transit,,,10.55,2026-04-10T08:29:22Z,,2026-04-13T09:16:49Z
1350,2700,26,Specialty Care Courier,CLS000000002700,delivered,,,17.66,2026-04-06T01:29:45Z,2026-04-11T16:00:11Z,2026-04-13T09:16:49Z
1351,2701,7,SafeTemp,CLS000000002701,delivered,,,17.24,2026-04-07T23:37:25Z,2026-04-12T00:13:55Z,2026-04-13T09:16:49Z
1352,2702,13,Clinical Express,CLS000000002702,delivered,,,22.99,2026-04-05T17:21:41Z,2026-04-11T09:59:22Z,2026-04-13T09:16:49Z
1353,2707,5,CryoLine,CLS000000002707,in_transit,,,24.32,2026-04-05T17:47:01Z,,2026-04-13T09:16:49Z
1354,2708,14,Specialty Care Courier,CLS000000002708,delivered,,,18.52,2026-04-10T15:57:00Z,2026-04-12T01:49:52Z,2026-04-13T09:16:49Z
1355,2709,27,SafeTemp,CLS000000002709,delivered,,,11.91,2026-04-11T10:13:13Z,2026-04-12T16:52:16Z,2026-04-13T09:16:49Z
1356,2710,23,Clinical Express,CLS000000002710,delivered,,,6.31,2026-04-11T10:10:57Z,2026-04-11T17:14:29Z,2026-04-13T09:16:49Z
1357,2715,9,CryoLine,CLS000000002715,in_transit,,,22.33,2026-04-11T08:36:13Z,,2026-04-13T09:16:49Z
1358,2716,20,Specialty Care Courier,CLS000000002716,delivered,,,6.14,2026-04-07T12:52:51Z,2026-04-13T06:28:02Z,2026-04-13T09:16:49Z
1359,2717,25,SafeTemp,CLS000000002717,delivered,,,10.48,2026-04-11T05:35:18Z,2026-04-12T16:33:42Z,2026-04-13T09:16:49Z
1360,2718,7,Clinical Express,CLS000000002718,delivered,,,24.79,2026-04-08T00:29:45Z,2026-04-12T18:29:06Z,2026-04-13T09:16:49Z
1361,2723,11,CryoLine,CLS000000002723,in_transit,,,15.08,2026-04-04T03:56:04Z,,2026-04-13T09:16:49Z
1362,2724,25,Specialty Care Courier,CLS000000002724,delivered,,,15.58,2026-04-10T08:33:43Z,2026-04-13T01:19:53Z,2026-04-13T09:16:49Z
1363,2725,3,SafeTemp,CLS000000002725,delivered,,,16.99,2026-04-11T22:06:21Z,2026-04-13T01:15:24Z,2026-04-13T09:16:49Z
1364,2726,22,Clinical Express,CLS000000002726,delivered,,,11.07,2026-04-09T22:41:15Z,2026-04-11T16:15:32Z,2026-04-13T09:16:49Z
1365,2731,22,CryoLine,CLS000000002731,in_transit,,,22.55,2026-04-11T04:10:32Z,,2026-04-13T09:16:49Z
1366,2732,12,Specialty Care Courier,CLS000000002732,delivered,,,10.82,2026-04-06T12:03:57Z,2026-04-11T15:37:16Z,2026-04-13T09:16:49Z
1367,2733,25,SafeTemp,CLS000000002733,delivered,,,22.09,2026-04-08T19:56:16Z,2026-04-12T21:31:33Z,2026-04-13T09:16:49Z
1368,2734,3,Clinical Express,CLS000000002734,delivered,,,7.02,2026-04-10T17:00:13Z,2026-04-12T14:17:22Z,2026-04-13T09:16:49Z
1369,2739,19,CryoLine,CLS000000002739,in_transit,,,8.5,2026-04-03T13:34:20Z,,2026-04-13T09:16:49Z
1370,2740,2,Specialty Care Courier,CLS000000002740,delivered,,,9.82,2026-04-06T11:45:13Z,2026-04-11T15:28:23Z,2026-04-13T09:16:49Z
1371,2741,7,SafeTemp,CLS000000002741,delivered,,,17.09,2026-04-05T18:53:40Z,2026-04-12T21:27:16Z,2026-04-13T09:16:49Z
1372,2742,4,Clinical Express,CLS000000002742,delivered,,,18.2,2026-04-04T05:54:50Z,2026-04-11T20:02:27Z,2026-04-13T09:16:49Z
1373,2747,22,CryoLine,CLS000000002747,in_transit,,,20.36,2026-04-05T18:48:04Z,,2026-04-13T09:16:49Z
1374,2748,16,Specialty Care Courier,CLS000000002748,delivered,,,12.75,2026-04-09T10:25:29Z,2026-04-13T08:48:28Z,2026-04-13T09:16:49Z
1375,2749,21,SafeTemp,CLS000000002749,delivered,,,14.75,2026-04-07T06:39:21Z,2026-04-11T18:43:25Z,2026-04-13T09:16:49Z
1376,2750,14,Clinical Express,CLS000000002750,delivered,,,8.06,2026-04-06T18:39:25Z,2026-04-12T23:09:57Z,2026-04-13T09:16:49Z
1377,2755,13,CryoLine,CLS000000002755,in_transit,,,14.21,2026-04-10T19:12:58Z,,2026-04-13T09:16:49Z
1378,2756,8,Specialty Care Courier,CLS000000002756,delivered,,,20.23,2026-04-05T14:04:34Z,2026-04-11T14:15:27Z,2026-04-13T09:16:49Z
1379,2757,1,SafeTemp,CLS000000002757,delivered,,,15.64,2026-04-09T03:52:36Z,2026-04-12T06:10:44Z,2026-04-13T09:16:49Z
1380,2758,4,Clinical Express,CLS000000002758,delivered,,,23.85,2026-04-06T06:36:53Z,2026-04-12T05:21:33Z,2026-04-13T09:16:49Z
1381,2763,20,CryoLine,CLS000000002763,in_transit,,,16.26,2026-04-11T14:30:17Z,,2026-04-13T09:16:49Z
1382,2764,16,Specialty Care Courier,CLS000000002764,delivered,,,24.76,2026-04-08T20:26:55Z,2026-04-11T17:58:58Z,2026-04-13T09:16:49Z
1383,2765,30,SafeTemp,CLS000000002765,delivered,,,21.11,2026-04-04T13:13:58Z,2026-04-11T11:10:37Z,2026-04-13T09:16:49Z
1384,2766,16,Clinical Express,CLS000000002766,delivered,,,5.7,2026-04-11T08:42:24Z,2026-04-12T09:11:12Z,2026-04-13T09:16:49Z
1385,2771,14,CryoLine,CLS000000002771,in_transit,,,6.24,2026-04-07T13:21:51Z,,2026-04-13T09:16:49Z
1386,2772,14,Specialty Care Courier,CLS000000002772,delivered,,,7.1,2026-04-09T22:46:09Z,2026-04-11T14:59:50Z,2026-04-13T09:16:49Z
1387,2773,20,SafeTemp,CLS000000002773,delivered,,,24.3,2026-04-05T23:51:01Z,2026-04-11T10:55:29Z,2026-04-13T09:16:49Z
1388,2774,8,Clinical Express,CLS000000002774,delivered,,,10.96,2026-04-10T05:29:57Z,2026-04-12T03:21:12Z,2026-04-13T09:16:49Z
1389,2779,23,CryoLine,CLS000000002779,in_transit,,,7.6,2026-04-08T01:53:22Z,,2026-04-13T09:16:49Z
1390,2780,14,Specialty Care Courier,CLS000000002780,delivered,,,21.07,2026-04-09T22:54:13Z,2026-04-12T08:23:55Z,2026-04-13T09:16:49Z
1391,2781,5,SafeTemp,CLS000000002781,delivered,,,15.99,2026-04-09T00:58:30Z,2026-04-12T14:35:46Z,2026-04-13T09:16:49Z
1392,2782,2,Clinical Express,CLS000000002782,delivered,,,14.98,2026-04-05T14:46:12Z,2026-04-12T08:11:47Z,2026-04-13T09:16:49Z
1393,2787,23,CryoLine,CLS000000002787,in_transit,,,6.71,2026-04-05T21:14:17Z,,2026-04-13T09:16:49Z
1394,2788,2,Specialty Care Courier,CLS000000002788,delivered,,,24.82,2026-04-10T06:31:14Z,2026-04-13T06:55:57Z,2026-04-13T09:16:49Z
1395,2789,3,SafeTemp,CLS000000002789,delivered,,,17.84,2026-04-10T19:29:33Z,2026-04-11T16:24:53Z,2026-04-13T09:16:49Z
1396,2790,20,Clinical Express,CLS000000002790,delivered,,,9.93,2026-04-07T09:14:29Z,2026-04-12T06:31:26Z,2026-04-13T09:16:49Z
1397,2795,1,CryoLine,CLS000000002795,in_transit,,,17.3,2026-04-08T05:40:50Z,,2026-04-13T09:16:49Z
1398,2796,6,Specialty Care Courier,CLS000000002796,delivered,,,7.19,2026-04-07T20:08:56Z,2026-04-12T21:04:00Z,2026-04-13T09:16:49Z
1399,2797,7,SafeTemp,CLS000000002797,delivered,,,17.2,2026-04-10T02:00:28Z,2026-04-11T14:10:48Z,2026-04-13T09:16:49Z
1400,2798,7,Clinical Express,CLS000000002798,delivered,,,14.12,2026-04-09T09:10:21Z,2026-04-11T12:39:20Z,2026-04-13T09:16:49Z
1401,2803,26,CryoLine,CLS000000002803,in_transit,,,16.26,2026-04-06T01:15:25Z,,2026-04-13T09:16:49Z
1402,2804,14,Specialty Care Courier,CLS000000002804,delivered,,,20.02,2026-04-07T20:45:21Z,2026-04-11T12:35:18Z,2026-04-13T09:16:49Z
1403,2805,5,SafeTemp,CLS000000002805,delivered,,,24.78,2026-04-07T13:57:54Z,2026-04-13T02:37:12Z,2026-04-13T09:16:49Z
1404,2806,30,Clinical Express,CLS000000002806,delivered,,,18.8,2026-04-06T20:45:39Z,2026-04-11T15:37:06Z,2026-04-13T09:16:49Z
1405,2811,3,CryoLine,CLS000000002811,in_transit,,,9.34,2026-04-06T20:16:41Z,,2026-04-13T09:16:49Z
1406,2812,5,Specialty Care Courier,CLS000000002812,delivered,,,14.88,2026-04-06T04:27:50Z,2026-04-13T05:47:44Z,2026-04-13T09:16:49Z
1407,2813,8,SafeTemp,CLS000000002813,delivered,,,14.08,2026-04-06T20:11:55Z,2026-04-11T12:16:46Z,2026-04-13T09:16:49Z
1408,2814,7,Clinical Express,CLS000000002814,delivered,,,10.66,2026-04-06T01:03:23Z,2026-04-12T18:20:44Z,2026-04-13T09:16:49Z
1409,2819,21,CryoLine,CLS000000002819,in_transit,,,23.46,2026-04-07T11:25:06Z,,2026-04-13T09:16:49Z
1410,2820,11,Specialty Care Courier,CLS000000002820,delivered,,,8.1,2026-04-04T09:51:49Z,2026-04-11T11:29:51Z,2026-04-13T09:16:49Z
1411,2821,24,SafeTemp,CLS000000002821,delivered,,,16.73,2026-04-10T19:01:57Z,2026-04-12T13:09:59Z,2026-04-13T09:16:49Z
1412,2822,21,Clinical Express,CLS000000002822,delivered,,,19.29,2026-04-07T06:27:58Z,2026-04-11T17:58:47Z,2026-04-13T09:16:49Z
1413,2827,3,CryoLine,CLS000000002827,in_transit,,,23.83,2026-04-04T23:36:29Z,,2026-04-13T09:16:49Z
1414,2828,30,Specialty Care Courier,CLS000000002828,delivered,,,12.04,2026-04-03T19:41:10Z,2026-04-12T09:21:16Z,2026-04-13T09:16:49Z
1415,2829,7,SafeTemp,CLS000000002829,delivered,,,18.95,2026-04-11T12:43:35Z,2026-04-11T18:31:44Z,2026-04-13T09:16:49Z
1416,2830,22,Clinical Express,CLS000000002830,delivered,,,14.39,2026-04-07T18:12:48Z,2026-04-12T12:33:59Z,2026-04-13T09:16:49Z
1417,2835,26,CryoLine,CLS000000002835,in_transit,,,23.41,2026-04-11T05:54:03Z,,2026-04-13T09:16:49Z
1418,2836,17,Specialty Care Courier,CLS000000002836,delivered,,,11.88,2026-04-11T19:51:49Z,2026-04-12T10:18:46Z,2026-04-13T09:16:49Z
1419,2837,4,SafeTemp,CLS000000002837,delivered,,,16.16,2026-04-06T05:19:02Z,2026-04-12T08:30:06Z,2026-04-13T09:16:49Z
1420,2838,28,Clinical Express,CLS000000002838,delivered,,,21.59,2026-04-12T01:29:02Z,2026-04-12T07:10:44Z,2026-04-13T09:16:49Z
1421,2843,19,CryoLine,CLS000000002843,in_transit,,,8.24,2026-04-11T00:02:32Z,,2026-04-13T09:16:49Z
1422,2844,20,Specialty Care Courier,CLS000000002844,delivered,,,23.37,2026-04-10T12:54:13Z,2026-04-11T21:55:54Z,2026-04-13T09:16:49Z
1423,2845,20,SafeTemp,CLS000000002845,delivered,,,7.78,2026-04-11T06:18:15Z,2026-04-12T14:52:24Z,2026-04-13T09:16:49Z
1424,2846,9,Clinical Express,CLS000000002846,delivered,,,19.99,2026-04-06T18:59:17Z,2026-04-12T02:30:39Z,2026-04-13T09:16:49Z
1425,2851,26,CryoLine,CLS000000002851,in_transit,,,21.68,2026-04-06T02:41:43Z,,2026-04-13T09:16:49Z
1426,2852,18,Specialty Care Courier,CLS000000002852,delivered,,,12.96,2026-04-03T16:15:30Z,2026-04-12T19:35:50Z,2026-04-13T09:16:49Z
1427,2853,13,SafeTemp,CLS000000002853,delivered,,,13.06,2026-04-08T00:22:02Z,2026-04-11T10:58:59Z,2026-04-13T09:16:49Z
1428,2854,28,Clinical Express,CLS000000002854,delivered,,,13.47,2026-04-11T04:04:07Z,2026-04-12T02:24:01Z,2026-04-13T09:16:49Z
1429,2859,2,CryoLine,CLS000000002859,in_transit,,,12.98,2026-04-11T13:13:08Z,,2026-04-13T09:16:49Z
1430,2860,28,Specialty Care Courier,CLS000000002860,delivered,,,24.93,2026-04-05T22:14:06Z,2026-04-12T20:08:17Z,2026-04-13T09:16:49Z
1431,2861,16,SafeTemp,CLS000000002861,delivered,,,12.65,2026-04-03T14:50:47Z,2026-04-11T13:56:17Z,2026-04-13T09:16:49Z
1432,2862,30,Clinical Express,CLS000000002862,delivered,,,23.98,2026-04-09T12:35:02Z,2026-04-12T07:57:27Z,2026-04-13T09:16:49Z
1433,2867,10,CryoLine,CLS000000002867,in_transit,,,15.24,2026-04-09T16:56:21Z,,2026-04-13T09:16:49Z
1434,2868,21,Specialty Care Courier,CLS000000002868,delivered,,,24.35,2026-04-08T13:00:41Z,2026-04-12T08:14:43Z,2026-04-13T09:16:49Z
1435,2869,5,SafeTemp,CLS000000002869,delivered,,,22.79,2026-04-10T07:23:43Z,2026-04-11T20:35:36Z,2026-04-13T09:16:49Z
1436,2870,26,Clinical Express,CLS000000002870,delivered,,,14.41,2026-04-09T18:31:09Z,2026-04-12T00:37:28Z,2026-04-13T09:16:49Z
1437,2875,9,CryoLine,CLS000000002875,in_transit,,,10.22,2026-04-10T22:39:03Z,,2026-04-13T09:16:49Z
1438,2876,19,Specialty Care Courier,CLS000000002876,delivered,,,12.32,2026-04-07T23:34:18Z,2026-04-13T03:29:23Z,2026-04-13T09:16:49Z
1439,2877,25,SafeTemp,CLS000000002877,delivered,,,18.79,2026-04-07T02:59:58Z,2026-04-11T12:50:05Z,2026-04-13T09:16:49Z
1440,2878,9,Clinical Express,CLS000000002878,delivered,,,17.81,2026-04-06T01:39:27Z,2026-04-13T03:54:05Z,2026-04-13T09:16:49Z
1441,2883,25,CryoLine,CLS000000002883,in_transit,,,8.52,2026-04-03T12:38:44Z,,2026-04-13T09:16:49Z
1442,2884,12,Specialty Care Courier,CLS000000002884,delivered,,,12.12,2026-04-06T16:23:37Z,2026-04-13T00:53:09Z,2026-04-13T09:16:49Z
1443,2885,24,SafeTemp,CLS000000002885,delivered,,,18.05,2026-04-07T18:58:48Z,2026-04-12T10:30:54Z,2026-04-13T09:16:49Z
1444,2886,28,Clinical Express,CLS000000002886,delivered,,,6.09,2026-04-08T04:05:41Z,2026-04-12T22:39:10Z,2026-04-13T09:16:49Z
1445,2891,20,CryoLine,CLS000000002891,in_transit,,,12.75,2026-04-04T04:06:00Z,,2026-04-13T09:16:49Z
1446,2892,1,Specialty Care Courier,CLS000000002892,delivered,,,23.72,2026-04-04T02:49:08Z,2026-04-11T15:14:35Z,2026-04-13T09:16:49Z
1447,2893,2,SafeTemp,CLS000000002893,delivered,,,6.53,2026-04-11T22:09:20Z,2026-04-12T17:40:03Z,2026-04-13T09:16:49Z
1448,2894,5,Clinical Express,CLS000000002894,delivered,,,20.74,2026-04-10T10:25:51Z,2026-04-12T18:30:13Z,2026-04-13T09:16:49Z
1449,2899,16,CryoLine,CLS000000002899,in_transit,,,15.18,2026-04-04T19:17:54Z,,2026-04-13T09:16:49Z
1450,2900,10,Specialty Care Courier,CLS000000002900,delivered,,,20.71,2026-04-08T18:32:02Z,2026-04-12T10:42:45Z,2026-04-13T09:16:49Z
1451,2901,30,SafeTemp,CLS000000002901,delivered,,,6.43,2026-04-09T19:07:30Z,2026-04-13T02:04:14Z,2026-04-13T09:16:49Z
1452,2902,24,Clinical Express,CLS000000002902,delivered,,,7.51,2026-04-11T01:18:46Z,2026-04-11T20:13:59Z,2026-04-13T09:16:49Z
1453,2907,23,CryoLine,CLS000000002907,in_transit,,,18.21,2026-04-09T09:08:17Z,,2026-04-13T09:16:49Z
1454,2908,2,Specialty Care Courier,CLS000000002908,delivered,,,21.33,2026-04-09T11:07:13Z,2026-04-12T21:29:58Z,2026-04-13T09:16:49Z
1455,2909,10,SafeTemp,CLS000000002909,delivered,,,23.39,2026-04-04T03:38:36Z,2026-04-11T10:57:54Z,2026-04-13T09:16:49Z
1456,2910,28,Clinical Express,CLS000000002910,delivered,,,20.98,2026-04-09T13:46:22Z,2026-04-12T04:01:57Z,2026-04-13T09:16:49Z
1457,2915,19,CryoLine,CLS000000002915,in_transit,,,5.51,2026-04-11T11:34:06Z,,2026-04-13T09:16:49Z
1458,2916,8,Specialty Care Courier,CLS000000002916,delivered,,,20.5,2026-04-09T09:53:38Z,2026-04-13T07:06:57Z,2026-04-13T09:16:49Z
1459,2917,29,SafeTemp,CLS000000002917,delivered,,,24.47,2026-04-05T04:27:55Z,2026-04-12T19:47:50Z,2026-04-13T09:16:49Z
1460,2918,14,Clinical Express,CLS000000002918,delivered,,,24.48,2026-04-06T05:01:39Z,2026-04-11T10:30:41Z,2026-04-13T09:16:49Z
1461,2923,7,CryoLine,CLS000000002923,in_transit,,,8.39,2026-04-10T03:53:07Z,,2026-04-13T09:16:49Z
1462,2924,15,Specialty Care Courier,CLS000000002924,delivered,,,19.41,2026-04-09T11:38:57Z,2026-04-12T00:53:39Z,2026-04-13T09:16:49Z
1463,2925,17,SafeTemp,CLS000000002925,delivered,,,7.64,2026-04-09T20:04:43Z,2026-04-12T16:46:11Z,2026-04-13T09:16:49Z
1464,2926,22,Clinical Express,CLS000000002926,delivered,,,23.4,2026-04-03T17:19:30Z,2026-04-13T07:10:02Z,2026-04-13T09:16:49Z
1465,2931,12,CryoLine,CLS000000002931,in_transit,,,12.5,2026-04-05T07:45:21Z,,2026-04-13T09:16:49Z
1466,2932,9,Specialty Care Courier,CLS000000002932,delivered,,,9.61,2026-04-12T01:54:07Z,2026-04-12T20:59:25Z,2026-04-13T09:16:49Z
1467,2933,6,SafeTemp,CLS000000002933,delivered,,,12.62,2026-04-05T11:25:24Z,2026-04-12T13:44:55Z,2026-04-13T09:16:49Z
1468,2934,6,Clinical Express,CLS000000002934,delivered,,,11.2,2026-04-04T18:33:46Z,2026-04-11T17:11:23Z,2026-04-13T09:16:49Z
1469,2939,8,CryoLine,CLS000000002939,in_transit,,,14.81,2026-04-09T15:07:23Z,,2026-04-13T09:16:49Z
1470,2940,22,Specialty Care Courier,CLS000000002940,delivered,,,14.02,2026-04-11T14:49:42Z,2026-04-12T11:01:59Z,2026-04-13T09:16:49Z
1471,2941,14,SafeTemp,CLS000000002941,delivered,,,14.52,2026-04-09T22:12:07Z,2026-04-12T18:08:34Z,2026-04-13T09:16:49Z
1472,2942,10,Clinical Express,CLS000000002942,delivered,,,23.57,2026-04-11T04:25:04Z,2026-04-11T13:56:37Z,2026-04-13T09:16:49Z
1473,2947,11,CryoLine,CLS000000002947,in_transit,,,19.45,2026-04-04T04:00:09Z,,2026-04-13T09:16:49Z
1474,2948,16,Specialty Care Courier,CLS000000002948,delivered,,,20.41,2026-04-03T20:25:33Z,2026-04-12T17:55:42Z,2026-04-13T09:16:49Z
1475,2949,30,SafeTemp,CLS000000002949,delivered,,,9.25,2026-04-11T12:57:31Z,2026-04-13T01:25:09Z,2026-04-13T09:16:49Z
1476,2950,13,Clinical Express,CLS000000002950,delivered,,,9.74,2026-04-10T16:34:23Z,2026-04-11T12:53:21Z,2026-04-13T09:16:49Z
1477,2955,4,CryoLine,CLS000000002955,in_transit,,,16.72,2026-04-06T18:34:24Z,,2026-04-13T09:16:49Z
1478,2956,6,Specialty Care Courier,CLS000000002956,delivered,,,20.68,2026-04-08T19:45:30Z,2026-04-11T19:42:47Z,2026-04-13T09:16:49Z
1479,2957,7,SafeTemp,CLS000000002957,delivered,,,11.1,2026-04-06T13:42:35Z,2026-04-11T20:04:51Z,2026-04-13T09:16:49Z
1480,2958,6,Clinical Express,CLS000000002958,delivered,,,23.06,2026-04-06T03:20:33Z,2026-04-12T13:47:49Z,2026-04-13T09:16:49Z
1481,2963,27,CryoLine,CLS000000002963,in_transit,,,6.83,2026-04-07T10:45:45Z,,2026-04-13T09:16:49Z
1482,2964,26,Specialty Care Courier,CLS000000002964,delivered,,,23.37,2026-04-11T11:41:46Z,2026-04-13T03:05:49Z,2026-04-13T09:16:49Z
1483,2965,6,SafeTemp,CLS000000002965,delivered,,,8.09,2026-04-04T20:33:49Z,2026-04-11T13:39:16Z,2026-04-13T09:16:49Z
1484,2966,22,Clinical Express,CLS000000002966,delivered,,,20.24,2026-04-09T21:15:13Z,2026-04-12T01:23:46Z,2026-04-13T09:16:49Z
1485,2971,23,CryoLine,CLS000000002971,in_transit,,,23.69,2026-04-10T21:08:06Z,,2026-04-13T09:16:49Z
1486,2972,1,Specialty Care Courier,CLS000000002972,delivered,,,11.16,2026-04-09T22:37:20Z,2026-04-12T20:17:39Z,2026-04-13T09:16:49Z
1487,2973,19,SafeTemp,CLS000000002973,delivered,,,23.45,2026-04-11T13:54:56Z,2026-04-13T05:13:27Z,2026-04-13T09:16:49Z
1488,2974,4,Clinical Express,CLS000000002974,delivered,,,12.64,2026-04-09T18:33:34Z,2026-04-12T06:06:55Z,2026-04-13T09:16:49Z
1489,2979,2,CryoLine,CLS000000002979,in_transit,,,16,2026-04-03T20:45:44Z,,2026-04-13T09:16:49Z
1490,2980,30,Specialty Care Courier,CLS000000002980,delivered,,,10.48,2026-04-03T19:16:10Z,2026-04-11T11:46:11Z,2026-04-13T09:16:49Z
1491,2981,22,SafeTemp,CLS000000002981,delivered,,,24.84,2026-04-10T13:08:47Z,2026-04-12T10:19:18Z,2026-04-13T09:16:49Z
1492,2982,4,Clinical Express,CLS000000002982,delivered,,,15.88,2026-04-03T10:35:01Z,2026-04-12T03:12:10Z,2026-04-13T09:16:49Z
1493,2987,22,CryoLine,CLS000000002987,in_transit,,,5.28,2026-04-12T07:47:18Z,,2026-04-13T09:16:49Z
1494,2988,26,Specialty Care Courier,CLS000000002988,delivered,,,7.63,2026-04-11T18:28:08Z,2026-04-12T23:05:18Z,2026-04-13T09:16:49Z
1495,2989,8,SafeTemp,CLS000000002989,delivered,,,22.24,2026-04-12T00:17:41Z,2026-04-12T16:59:15Z,2026-04-13T09:16:49Z
1496,2990,27,Clinical Express,CLS000000002990,delivered,,,22.83,2026-04-04T02:22:35Z,2026-04-11T17:39:32Z,2026-04-13T09:16:49Z
1497,2995,14,CryoLine,CLS000000002995,in_transit,,,13.39,2026-04-12T01:12:37Z,,2026-04-13T09:16:49Z
1498,2996,23,Specialty Care Courier,CLS000000002996,delivered,,,11.76,2026-04-09T23:08:05Z,2026-04-12T22:16:01Z,2026-04-13T09:16:49Z
1499,2997,2,SafeTemp,CLS000000002997,delivered,,,12.74,2026-04-08T10:17:31Z,2026-04-11T15:53:42Z,2026-04-13T09:16:49Z
1500,2998,22,Clinical Express,CLS000000002998,delivered,,,9.17,2026-04-10T15:07:16Z,2026-04-12T22:20:02Z,2026-04-13T09:16:49Z
