connection_id,from_influencer,to_influencer,connection_type,strength,interaction_count,first_seen,last_interaction
22221,2578,2448,collaborates,0.209,89,2026-09-17T13:44:09Z,2026-09-17T13:44:09Z
22222,2316,2418,mentioned,0.613,80,2026-09-17T13:44:09Z,2026-09-17T13:44:09Z
22223,2296,2528,tagged,0.658,153,2026-09-17T13:44:09Z,2026-09-17T13:44:09Z
22224,2407,2564,duet,0.567,65,2026-09-17T13:44:09Z,2026-09-17T13:44:09Z
22225,2447,2611,inspired_by,0.704,90,2026-09-17T13:44:09Z,2026-09-17T13:44:09Z
22226,2453,2485,follows,0.29,79,2026-09-17T13:44:09Z,2026-09-17T13:44:09Z
22227,2385,2597,collaborates,0.775,199,2026-09-17T13:44:09Z,2026-09-17T13:44:09Z
22228,2544,2380,mentioned,0.703,136,2026-09-17T13:44:09Z,2026-09-17T13:44:09Z
22229,2496,2452,reshared,0.669,154,2026-09-17T13:44:09Z,2026-09-17T13:44:09Z
22230,2692,2688,tagged,0.261,167,2026-09-17T13:44:09Z,2026-09-17T13:44:09Z
22231,2402,2300,duet,0.102,159,2026-09-17T13:44:09Z,2026-09-17T13:44:09Z
22232,2702,2535,inspired_by,0.299,83,2026-09-17T13:44:09Z,2026-09-17T13:44:09Z
22233,2501,2606,follows,0.536,43,2026-09-17T13:44:09Z,2026-09-17T13:44:09Z
22234,2221,2388,collaborates,0.854,104,2026-09-17T13:44:09Z,2026-09-17T13:44:09Z
22235,2313,2382,mentioned,0.457,23,2026-09-17T13:44:09Z,2026-09-17T13:44:09Z
22236,2603,2586,reshared,0.219,142,2026-09-17T13:44:09Z,2026-09-17T13:44:09Z
22237,2272,2346,tagged,0.582,70,2026-09-17T13:44:09Z,2026-09-17T13:44:09Z
22238,2549,2560,duet,0.245,162,2026-09-17T13:44:09Z,2026-09-17T13:44:09Z
22239,2535,2467,mentioned,0.279,148,2026-09-17T13:44:09Z,2026-09-17T13:44:09Z
22240,2600,2236,reshared,0.896,153,2026-09-17T13:44:09Z,2026-09-17T13:44:09Z
22241,2571,2377,tagged,0.592,92,2026-09-17T13:44:09Z,2026-09-17T13:44:09Z
22242,2421,2482,duet,0.229,134,2026-09-17T13:44:09Z,2026-09-17T13:44:09Z
22243,2490,2514,mentioned,0.801,88,2026-09-17T13:44:09Z,2026-09-17T13:44:09Z
22244,2348,2388,reshared,0.505,176,2026-09-17T13:44:09Z,2026-09-17T13:44:09Z
22245,2361,2429,tagged,0.203,79,2026-09-17T13:44:09Z,2026-09-17T13:44:09Z
22246,2225,2566,duet,0.344,73,2026-09-17T13:44:09Z,2026-09-17T13:44:09Z
22247,2325,2412,inspired_by,0.237,107,2026-09-17T13:44:09Z,2026-09-17T13:44:09Z
22248,2617,2239,follows,0.506,8,2026-09-17T13:44:09Z,2026-09-17T13:44:09Z
22249,2684,2663,collaborates,0.872,83,2026-09-17T13:44:09Z,2026-09-17T13:44:09Z
22250,2301,2523,mentioned,0.541,68,2026-09-17T13:44:09Z,2026-09-17T13:44:09Z
22251,2529,2542,reshared,0.286,194,2026-09-17T13:44:09Z,2026-09-17T13:44:09Z
22252,2531,2702,tagged,0.408,137,2026-09-17T13:44:09Z,2026-09-17T13:44:09Z
22253,2268,2461,inspired_by,0.914,136,2026-09-17T13:44:09Z,2026-09-17T13:44:09Z
22254,2282,2632,follows,0.756,116,2026-09-17T13:44:09Z,2026-09-17T13:44:09Z
22255,2553,2649,collaborates,0.81,103,2026-09-17T13:44:09Z,2026-09-17T13:44:09Z
22256,2470,2528,mentioned,0.868,82,2026-09-17T13:44:09Z,2026-09-17T13:44:09Z
22257,2264,2383,tagged,0.431,130,2026-09-17T13:44:09Z,2026-09-17T13:44:09Z
22258,2564,2516,duet,0.144,34,2026-09-17T13:44:09Z,2026-09-17T13:44:09Z
22259,2534,2329,inspired_by,0.903,181,2026-09-17T13:44:09Z,2026-09-17T13:44:09Z
22260,2480,2400,follows,0.747,16,2026-09-17T13:44:09Z,2026-09-17T13:44:09Z
22261,2588,2502,collaborates,0.996,167,2026-09-17T13:44:09Z,2026-09-17T13:44:09Z
22262,2465,2361,mentioned,0.869,31,2026-09-17T13:44:09Z,2026-09-17T13:44:09Z
22263,2371,2251,reshared,0.447,120,2026-09-17T13:44:09Z,2026-09-17T13:44:09Z
22264,2680,2496,tagged,0.644,9,2026-09-17T13:44:09Z,2026-09-17T13:44:09Z
22265,2499,2436,duet,0.105,159,2026-09-17T13:44:09Z,2026-09-17T13:44:09Z
22266,2254,2521,follows,0.539,44,2026-09-17T13:44:09Z,2026-09-17T13:44:09Z
22267,2337,2467,collaborates,0.637,53,2026-09-17T13:44:09Z,2026-09-17T13:44:09Z
22268,2331,2634,mentioned,0.325,92,2026-09-17T13:44:09Z,2026-09-17T13:44:09Z
22269,2330,2260,reshared,0.164,77,2026-09-17T13:44:09Z,2026-09-17T13:44:09Z
22270,2312,2537,duet,0.292,45,2026-09-17T13:44:09Z,2026-09-17T13:44:09Z
22271,2536,2660,inspired_by,0.733,129,2026-09-17T13:44:09Z,2026-09-17T13:44:09Z
22272,2323,2454,collaborates,0.15,147,2026-09-17T13:44:09Z,2026-09-17T13:44:09Z
22273,2602,2445,mentioned,0.477,104,2026-09-17T13:44:09Z,2026-09-17T13:44:09Z
22274,2665,2528,reshared,0.156,32,2026-09-17T13:44:09Z,2026-09-17T13:44:09Z
22275,2530,2548,tagged,0.484,192,2026-09-17T13:44:09Z,2026-09-17T13:44:09Z
22276,2512,2253,inspired_by,0.991,143,2026-09-17T13:44:09Z,2026-09-17T13:44:09Z
22277,2260,2440,collaborates,0.173,86,2026-09-17T13:44:09Z,2026-09-17T13:44:09Z
22278,2389,2374,mentioned,0.281,2,2026-09-17T13:44:09Z,2026-09-17T13:44:09Z
22279,2477,2457,reshared,0.915,58,2026-09-17T13:44:09Z,2026-09-17T13:44:09Z
22280,2413,2378,tagged,0.822,163,2026-09-17T13:44:09Z,2026-09-17T13:44:09Z
22281,2385,2530,duet,0.268,168,2026-09-17T13:44:09Z,2026-09-17T13:44:09Z
22282,2301,2295,inspired_by,0.938,182,2026-09-17T13:44:09Z,2026-09-17T13:44:09Z
22283,2525,2626,follows,0.578,145,2026-09-17T13:44:09Z,2026-09-17T13:44:09Z
22284,2549,2669,collaborates,0.352,173,2026-09-17T13:44:09Z,2026-09-17T13:44:09Z
22285,2657,2462,mentioned,0.956,49,2026-09-17T13:44:09Z,2026-09-17T13:44:09Z
22286,2682,2352,reshared,0.25,34,2026-09-17T13:44:09Z,2026-09-17T13:44:09Z
22287,2306,2388,tagged,0.324,115,2026-09-17T13:44:09Z,2026-09-17T13:44:09Z
22288,2562,2312,inspired_by,0.599,135,2026-09-17T13:44:09Z,2026-09-17T13:44:09Z
22289,2389,2604,follows,0.508,141,2026-09-17T13:44:09Z,2026-09-17T13:44:09Z
22290,2358,2516,collaborates,0.241,2,2026-09-17T13:44:09Z,2026-09-17T13:44:09Z
22291,2331,2453,mentioned,0.886,84,2026-09-17T13:44:09Z,2026-09-17T13:44:09Z
22292,2698,2638,reshared,0.577,66,2026-09-17T13:44:09Z,2026-09-17T13:44:09Z
22293,2689,2437,duet,0.474,145,2026-09-17T13:44:09Z,2026-09-17T13:44:09Z
22294,2411,2239,inspired_by,0.86,67,2026-09-17T13:44:09Z,2026-09-17T13:44:09Z
22295,2226,2265,follows,0.461,2,2026-09-17T13:44:09Z,2026-09-17T13:44:09Z
22296,2565,2579,collaborates,0.615,34,2026-09-17T13:44:09Z,2026-09-17T13:44:09Z
22297,2278,2277,mentioned,0.324,33,2026-09-17T13:44:09Z,2026-09-17T13:44:09Z
22298,2584,2242,reshared,0.63,31,2026-09-17T13:44:09Z,2026-09-17T13:44:09Z
22299,2325,2267,duet,0.48,134,2026-09-17T13:44:09Z,2026-09-17T13:44:09Z
22300,2516,2688,inspired_by,0.459,144,2026-09-17T13:44:09Z,2026-09-17T13:44:09Z
22301,2622,2370,follows,0.135,57,2026-09-17T13:44:09Z,2026-09-17T13:44:09Z
22302,2560,2493,collaborates,0.116,185,2026-09-17T13:44:09Z,2026-09-17T13:44:09Z
22303,2327,2442,mentioned,0.629,20,2026-09-17T13:44:09Z,2026-09-17T13:44:09Z
22304,2685,2598,reshared,0.544,64,2026-09-17T13:44:09Z,2026-09-17T13:44:09Z
22305,2327,2384,duet,0.883,119,2026-09-17T13:44:09Z,2026-09-17T13:44:09Z
22306,2285,2354,inspired_by,0.104,124,2026-09-17T13:44:09Z,2026-09-17T13:44:09Z
22307,2250,2609,follows,0.756,107,2026-09-17T13:44:09Z,2026-09-17T13:44:09Z
22308,2237,2515,collaborates,0.507,161,2026-09-17T13:44:09Z,2026-09-17T13:44:09Z
22309,2544,2354,mentioned,0.182,191,2026-09-17T13:44:09Z,2026-09-17T13:44:09Z
22310,2455,2312,reshared,0.327,31,2026-09-17T13:44:09Z,2026-09-17T13:44:09Z
22311,2493,2419,tagged,0.518,44,2026-09-17T13:44:09Z,2026-09-17T13:44:09Z
22312,2542,2254,duet,0.851,165,2026-09-17T13:44:09Z,2026-09-17T13:44:09Z
22313,2369,2355,inspired_by,0.383,190,2026-09-17T13:44:09Z,2026-09-17T13:44:09Z
22314,2496,2243,follows,0.916,150,2026-09-17T13:44:09Z,2026-09-17T13:44:09Z
22315,2402,2586,collaborates,0.515,49,2026-09-17T13:44:09Z,2026-09-17T13:44:09Z
22316,2250,2241,mentioned,0.918,126,2026-09-17T13:44:09Z,2026-09-17T13:44:09Z
22317,2244,2501,reshared,0.35,99,2026-09-17T13:44:09Z,2026-09-17T13:44:09Z
22318,2587,2658,tagged,0.384,155,2026-09-17T13:44:09Z,2026-09-17T13:44:09Z
22319,2574,2389,duet,0.833,157,2026-09-17T13:44:09Z,2026-09-17T13:44:09Z
22320,2387,2629,inspired_by,0.504,70,2026-09-17T13:44:09Z,2026-09-17T13:44:09Z
22321,2256,2243,follows,0.535,119,2026-09-17T13:44:09Z,2026-09-17T13:44:09Z
22322,2538,2402,collaborates,0.606,5,2026-09-17T13:44:09Z,2026-09-17T13:44:09Z
22323,2227,2489,mentioned,0.284,108,2026-09-17T13:44:09Z,2026-09-17T13:44:09Z
22324,2328,2304,reshared,0.807,121,2026-09-17T13:44:09Z,2026-09-17T13:44:09Z
22325,2695,2584,tagged,0.743,83,2026-09-17T13:44:09Z,2026-09-17T13:44:09Z
22326,2511,2288,inspired_by,0.764,178,2026-09-17T13:44:09Z,2026-09-17T13:44:09Z
22327,2652,2400,follows,0.194,86,2026-09-17T13:44:09Z,2026-09-17T13:44:09Z
22328,2291,2453,reshared,0.133,193,2026-09-17T13:44:09Z,2026-09-17T13:44:09Z
22329,2249,2273,tagged,0.442,141,2026-09-17T13:44:09Z,2026-09-17T13:44:09Z
22330,2260,2478,duet,0.279,58,2026-09-17T13:44:09Z,2026-09-17T13:44:09Z
22331,2698,2247,inspired_by,0.432,134,2026-09-17T13:44:09Z,2026-09-17T13:44:09Z
22332,2310,2330,follows,0.54,107,2026-09-17T13:44:09Z,2026-09-17T13:44:09Z
22333,2569,2544,collaborates,0.506,160,2026-09-17T13:44:09Z,2026-09-17T13:44:09Z
22334,2461,2244,mentioned,0.327,123,2026-09-17T13:44:09Z,2026-09-17T13:44:09Z
22335,2526,2440,reshared,0.697,24,2026-09-17T13:44:09Z,2026-09-17T13:44:09Z
22336,2332,2588,tagged,0.44,3,2026-09-17T13:44:09Z,2026-09-17T13:44:09Z
22337,2347,2694,duet,0.754,136,2026-09-17T13:44:09Z,2026-09-17T13:44:09Z
22338,2540,2679,inspired_by,0.266,174,2026-09-17T13:44:09Z,2026-09-17T13:44:09Z
22339,2307,2387,collaborates,0.323,23,2026-09-17T13:44:09Z,2026-09-17T13:44:09Z
22340,2292,2276,mentioned,0.875,126,2026-09-17T13:44:09Z,2026-09-17T13:44:09Z
22341,2477,2366,reshared,0.623,137,2026-09-17T13:44:09Z,2026-09-17T13:44:09Z
22342,2484,2243,tagged,0.846,60,2026-09-17T13:44:09Z,2026-09-17T13:44:09Z
22343,2361,2498,duet,0.374,49,2026-09-17T13:44:09Z,2026-09-17T13:44:09Z
22344,2237,2270,inspired_by,0.416,166,2026-09-17T13:44:09Z,2026-09-17T13:44:09Z
22345,2302,2548,follows,0.47,25,2026-09-17T13:44:09Z,2026-09-17T13:44:09Z
22346,2293,2489,collaborates,0.789,132,2026-09-17T13:44:09Z,2026-09-17T13:44:09Z
22347,2487,2476,reshared,0.777,150,2026-09-17T13:44:09Z,2026-09-17T13:44:09Z
22348,2233,2491,duet,0.983,187,2026-09-17T13:44:09Z,2026-09-17T13:44:09Z
22349,2470,2457,inspired_by,0.203,87,2026-09-17T13:44:09Z,2026-09-17T13:44:09Z
22350,2223,2540,collaborates,0.311,56,2026-09-17T13:44:09Z,2026-09-17T13:44:09Z
22351,2539,2523,mentioned,0.365,180,2026-09-17T13:44:09Z,2026-09-17T13:44:09Z
22352,2604,2377,reshared,0.512,18,2026-09-17T13:44:09Z,2026-09-17T13:44:09Z
22353,2482,2224,duet,0.133,12,2026-09-17T13:44:09Z,2026-09-17T13:44:09Z
22354,2536,2388,inspired_by,0.794,134,2026-09-17T13:44:09Z,2026-09-17T13:44:09Z
22355,2305,2476,follows,0.602,142,2026-09-17T13:44:09Z,2026-09-17T13:44:09Z
22356,2221,2493,collaborates,0.986,76,2026-09-17T13:44:09Z,2026-09-17T13:44:09Z
22357,2303,2685,mentioned,0.143,41,2026-09-17T13:44:09Z,2026-09-17T13:44:09Z
22358,2299,2245,reshared,0.691,166,2026-09-17T13:44:09Z,2026-09-17T13:44:09Z
22359,2356,2304,tagged,0.895,118,2026-09-17T13:44:09Z,2026-09-17T13:44:09Z
22360,2292,2239,duet,0.335,11,2026-09-17T13:44:09Z,2026-09-17T13:44:09Z
22361,2461,2299,inspired_by,0.543,44,2026-09-17T13:44:09Z,2026-09-17T13:44:09Z
22362,2600,2496,follows,0.994,34,2026-09-17T13:44:09Z,2026-09-17T13:44:09Z
22363,2359,2465,reshared,0.364,144,2026-09-17T13:44:09Z,2026-09-17T13:44:09Z
22364,2524,2567,tagged,0.239,161,2026-09-17T13:44:09Z,2026-09-17T13:44:09Z
22365,2308,2671,duet,0.683,157,2026-09-17T13:44:09Z,2026-09-17T13:44:09Z
22366,2406,2237,inspired_by,0.749,132,2026-09-17T13:44:09Z,2026-09-17T13:44:09Z
22367,2549,2246,follows,0.936,156,2026-09-17T13:44:09Z,2026-09-17T13:44:09Z
22368,2285,2692,collaborates,0.592,69,2026-09-17T13:44:09Z,2026-09-17T13:44:09Z
22369,2591,2239,mentioned,0.875,68,2026-09-17T13:44:09Z,2026-09-17T13:44:09Z
22370,2385,2681,reshared,0.804,109,2026-09-17T13:44:09Z,2026-09-17T13:44:09Z
22371,2544,2312,tagged,0.381,153,2026-09-17T13:44:09Z,2026-09-17T13:44:09Z
22372,2585,2427,duet,0.872,133,2026-09-17T13:44:09Z,2026-09-17T13:44:09Z
22373,2257,2294,inspired_by,0.107,30,2026-09-17T13:44:09Z,2026-09-17T13:44:09Z
22374,2508,2569,follows,0.843,172,2026-09-17T13:44:09Z,2026-09-17T13:44:09Z
22375,2630,2669,collaborates,0.497,62,2026-09-17T13:44:09Z,2026-09-17T13:44:09Z
22376,2350,2624,mentioned,0.365,7,2026-09-17T13:44:09Z,2026-09-17T13:44:09Z
22377,2484,2301,reshared,0.151,190,2026-09-17T13:44:09Z,2026-09-17T13:44:09Z
22378,2536,2680,tagged,0.418,166,2026-09-17T13:44:09Z,2026-09-17T13:44:09Z
22379,2443,2499,inspired_by,0.391,149,2026-09-17T13:44:09Z,2026-09-17T13:44:09Z
22380,2558,2409,collaborates,0.284,120,2026-09-17T13:44:09Z,2026-09-17T13:44:09Z
22381,2593,2260,reshared,0.62,42,2026-09-17T13:44:09Z,2026-09-17T13:44:09Z
22382,2388,2408,tagged,0.747,79,2026-09-17T13:44:09Z,2026-09-17T13:44:09Z
22383,2399,2326,duet,0.547,34,2026-09-17T13:44:09Z,2026-09-17T13:44:09Z
22384,2273,2494,inspired_by,0.336,9,2026-09-17T13:44:09Z,2026-09-17T13:44:09Z
22385,2369,2298,follows,0.648,7,2026-09-17T13:44:09Z,2026-09-17T13:44:09Z
22386,2321,2462,mentioned,0.668,98,2026-09-17T13:44:09Z,2026-09-17T13:44:09Z
22387,2449,2564,reshared,0.584,84,2026-09-17T13:44:09Z,2026-09-17T13:44:09Z
22388,2227,2677,tagged,0.136,86,2026-09-17T13:44:09Z,2026-09-17T13:44:09Z
22389,2387,2357,duet,0.557,160,2026-09-17T13:44:09Z,2026-09-17T13:44:09Z
22390,2604,2619,inspired_by,0.923,58,2026-09-17T13:44:09Z,2026-09-17T13:44:09Z
22391,2462,2317,follows,0.789,197,2026-09-17T13:44:09Z,2026-09-17T13:44:09Z
22392,2473,2615,collaborates,0.668,161,2026-09-17T13:44:09Z,2026-09-17T13:44:09Z
22393,2550,2551,mentioned,0.582,194,2026-09-17T13:44:09Z,2026-09-17T13:44:09Z
22394,2259,2349,tagged,0.834,73,2026-09-17T13:44:09Z,2026-09-17T13:44:09Z
22395,2295,2482,duet,0.635,86,2026-09-17T13:44:09Z,2026-09-17T13:44:09Z
22396,2625,2593,inspired_by,0.859,17,2026-09-17T13:44:09Z,2026-09-17T13:44:09Z
22397,2687,2475,follows,0.391,71,2026-09-17T13:44:09Z,2026-09-17T13:44:09Z
22398,2378,2352,mentioned,0.367,28,2026-09-17T13:44:09Z,2026-09-17T13:44:09Z
22399,2293,2581,tagged,0.295,81,2026-09-17T13:44:09Z,2026-09-17T13:44:09Z
22400,2477,2384,duet,0.248,186,2026-09-17T13:44:09Z,2026-09-17T13:44:09Z
22401,2401,2467,inspired_by,0.75,66,2026-09-17T13:44:09Z,2026-09-17T13:44:09Z
22402,2686,2514,follows,0.166,98,2026-09-17T13:44:09Z,2026-09-17T13:44:09Z
22403,2387,2323,tagged,0.959,57,2026-09-17T13:44:09Z,2026-09-17T13:44:09Z
22404,2358,2614,duet,0.852,72,2026-09-17T13:44:09Z,2026-09-17T13:44:09Z
22405,2269,2225,inspired_by,0.117,65,2026-09-17T13:44:09Z,2026-09-17T13:44:09Z
22406,2238,2245,follows,0.714,107,2026-09-17T13:44:09Z,2026-09-17T13:44:09Z
22407,2422,2227,collaborates,0.292,130,2026-09-17T13:44:09Z,2026-09-17T13:44:09Z
22408,2328,2447,mentioned,0.447,172,2026-09-17T13:44:09Z,2026-09-17T13:44:09Z
22409,2487,2266,reshared,0.529,122,2026-09-17T13:44:09Z,2026-09-17T13:44:09Z
22410,2579,2294,tagged,0.876,171,2026-09-17T13:44:09Z,2026-09-17T13:44:09Z
22411,2479,2282,duet,0.296,126,2026-09-17T13:44:09Z,2026-09-17T13:44:09Z
22412,2382,2493,inspired_by,0.721,12,2026-09-17T13:44:09Z,2026-09-17T13:44:09Z
22413,2519,2269,follows,0.833,74,2026-09-17T13:44:09Z,2026-09-17T13:44:09Z
22414,2221,2629,collaborates,0.808,176,2026-09-17T13:44:09Z,2026-09-17T13:44:09Z
22415,2456,2665,mentioned,0.583,137,2026-09-17T13:44:09Z,2026-09-17T13:44:09Z
22416,2444,2377,reshared,0.387,175,2026-09-17T13:44:09Z,2026-09-17T13:44:09Z
22417,2369,2434,tagged,0.905,2,2026-09-17T13:44:09Z,2026-09-17T13:44:09Z
22418,2287,2339,inspired_by,0.961,71,2026-09-17T13:44:09Z,2026-09-17T13:44:09Z
22419,2512,2409,follows,0.638,5,2026-09-17T13:44:09Z,2026-09-17T13:44:09Z
22420,2275,2235,collaborates,0.117,44,2026-09-17T13:44:09Z,2026-09-17T13:44:09Z
22421,2368,2310,mentioned,0.769,8,2026-09-17T13:44:09Z,2026-09-17T13:44:09Z
22422,2702,2227,reshared,0.367,37,2026-09-17T13:44:09Z,2026-09-17T13:44:09Z
22423,2446,2315,tagged,0.761,165,2026-09-17T13:44:09Z,2026-09-17T13:44:09Z
22424,2488,2279,duet,0.675,55,2026-09-17T13:44:09Z,2026-09-17T13:44:09Z
22425,2349,2665,inspired_by,0.716,149,2026-09-17T13:44:09Z,2026-09-17T13:44:09Z
22426,2387,2593,follows,0.751,121,2026-09-17T13:44:09Z,2026-09-17T13:44:09Z
22427,2326,2411,collaborates,0.916,119,2026-09-17T13:44:09Z,2026-09-17T13:44:09Z
22428,2679,2492,mentioned,0.913,148,2026-09-17T13:44:09Z,2026-09-17T13:44:09Z
22429,2454,2252,reshared,0.922,59,2026-09-17T13:44:09Z,2026-09-17T13:44:09Z
22430,2397,2507,inspired_by,0.664,172,2026-09-17T13:44:09Z,2026-09-17T13:44:09Z
22431,2361,2362,follows,0.792,87,2026-09-17T13:44:09Z,2026-09-17T13:44:09Z
22432,2608,2584,collaborates,0.841,101,2026-09-17T13:44:09Z,2026-09-17T13:44:09Z
22433,2492,2535,mentioned,0.667,186,2026-09-17T13:44:09Z,2026-09-17T13:44:09Z
22434,2342,2535,tagged,0.208,198,2026-09-17T13:44:09Z,2026-09-17T13:44:09Z
22435,2373,2624,duet,0.711,28,2026-09-17T13:44:09Z,2026-09-17T13:44:09Z
22436,2640,2291,inspired_by,0.48,136,2026-09-17T13:44:09Z,2026-09-17T13:44:09Z
22437,2406,2398,follows,0.521,98,2026-09-17T13:44:09Z,2026-09-17T13:44:09Z
22438,2544,2549,collaborates,0.126,147,2026-09-17T13:44:09Z,2026-09-17T13:44:09Z
22439,2371,2576,mentioned,0.323,9,2026-09-17T13:44:09Z,2026-09-17T13:44:09Z
22440,2567,2485,reshared,0.303,3,2026-09-17T13:44:09Z,2026-09-17T13:44:09Z
22441,2414,2281,tagged,0.407,25,2026-09-17T13:44:09Z,2026-09-17T13:44:09Z
22442,2431,2375,inspired_by,0.999,28,2026-09-17T13:44:09Z,2026-09-17T13:44:09Z
22443,2269,2367,collaborates,0.997,45,2026-09-17T13:44:09Z,2026-09-17T13:44:09Z
22444,2385,2540,mentioned,0.701,173,2026-09-17T13:44:09Z,2026-09-17T13:44:09Z
22445,2675,2310,reshared,0.98,190,2026-09-17T13:44:09Z,2026-09-17T13:44:09Z
22446,2564,2269,inspired_by,0.397,158,2026-09-17T13:44:09Z,2026-09-17T13:44:09Z
22447,2644,2295,collaborates,0.909,79,2026-09-17T13:44:09Z,2026-09-17T13:44:09Z
22448,2230,2342,mentioned,0.339,8,2026-09-17T13:44:09Z,2026-09-17T13:44:09Z
22449,2321,2657,reshared,0.893,64,2026-09-17T13:44:09Z,2026-09-17T13:44:09Z
22450,2365,2381,tagged,0.168,158,2026-09-17T13:44:09Z,2026-09-17T13:44:09Z
22451,2669,2550,duet,0.411,74,2026-09-17T13:44:09Z,2026-09-17T13:44:09Z
22452,2385,2349,inspired_by,0.641,25,2026-09-17T13:44:09Z,2026-09-17T13:44:09Z
22453,2364,2442,follows,0.96,150,2026-09-17T13:44:09Z,2026-09-17T13:44:09Z
22454,2591,2524,collaborates,0.376,39,2026-09-17T13:44:09Z,2026-09-17T13:44:09Z
22455,2610,2497,mentioned,0.334,189,2026-09-17T13:44:09Z,2026-09-17T13:44:09Z
22456,2427,2342,reshared,0.992,79,2026-09-17T13:44:09Z,2026-09-17T13:44:09Z
22457,2340,2654,tagged,0.113,47,2026-09-17T13:44:09Z,2026-09-17T13:44:09Z
22458,2392,2389,duet,0.327,124,2026-09-17T13:44:09Z,2026-09-17T13:44:09Z
22459,2593,2549,inspired_by,0.244,196,2026-09-17T13:44:09Z,2026-09-17T13:44:09Z
22460,2574,2337,follows,0.284,31,2026-09-17T13:44:09Z,2026-09-17T13:44:09Z
22461,2503,2637,collaborates,0.229,155,2026-09-17T13:44:09Z,2026-09-17T13:44:09Z
22462,2450,2294,reshared,0.34,141,2026-09-17T13:44:09Z,2026-09-17T13:44:09Z
22463,2495,2255,tagged,0.267,31,2026-09-17T13:44:09Z,2026-09-17T13:44:09Z
22464,2496,2403,duet,0.642,133,2026-09-17T13:44:09Z,2026-09-17T13:44:09Z
22465,2505,2636,inspired_by,0.769,12,2026-09-17T13:44:09Z,2026-09-17T13:44:09Z
22466,2283,2280,follows,0.761,96,2026-09-17T13:44:09Z,2026-09-17T13:44:09Z
22467,2641,2469,collaborates,0.413,78,2026-09-17T13:44:09Z,2026-09-17T13:44:09Z
22468,2430,2420,mentioned,0.751,58,2026-09-17T13:44:09Z,2026-09-17T13:44:09Z
22469,2616,2331,reshared,0.458,140,2026-09-17T13:44:09Z,2026-09-17T13:44:09Z
22470,2236,2362,tagged,0.945,180,2026-09-17T13:44:09Z,2026-09-17T13:44:09Z
22471,2419,2438,duet,0.799,67,2026-09-17T13:44:09Z,2026-09-17T13:44:09Z
22472,2688,2649,collaborates,0.332,147,2026-09-17T13:44:09Z,2026-09-17T13:44:09Z
22473,2264,2498,mentioned,0.456,176,2026-09-17T13:44:09Z,2026-09-17T13:44:09Z
22474,2486,2698,reshared,0.995,75,2026-09-17T13:44:09Z,2026-09-17T13:44:09Z
22475,2365,2501,tagged,0.869,119,2026-09-17T13:44:09Z,2026-09-17T13:44:09Z
22476,2531,2484,duet,0.611,198,2026-09-17T13:44:09Z,2026-09-17T13:44:09Z
22477,2367,2473,inspired_by,0.454,32,2026-09-17T13:44:09Z,2026-09-17T13:44:09Z
22478,2649,2411,follows,0.817,189,2026-09-17T13:44:09Z,2026-09-17T13:44:09Z
22479,2450,2493,collaborates,0.19,78,2026-09-17T13:44:09Z,2026-09-17T13:44:09Z
22480,2361,2693,mentioned,0.121,179,2026-09-17T13:44:09Z,2026-09-17T13:44:09Z
22481,2608,2605,reshared,0.624,115,2026-09-17T13:44:09Z,2026-09-17T13:44:09Z
22482,2356,2677,tagged,0.35,138,2026-09-17T13:44:09Z,2026-09-17T13:44:09Z
22483,2232,2526,duet,0.938,135,2026-09-17T13:44:09Z,2026-09-17T13:44:09Z
22484,2373,2329,inspired_by,0.377,76,2026-09-17T13:44:09Z,2026-09-17T13:44:09Z
22485,2352,2249,collaborates,0.714,109,2026-09-17T13:44:09Z,2026-09-17T13:44:09Z
22486,2291,2460,mentioned,0.346,165,2026-09-17T13:44:09Z,2026-09-17T13:44:09Z
22487,2688,2230,reshared,0.347,18,2026-09-17T13:44:09Z,2026-09-17T13:44:09Z
22488,2299,2384,inspired_by,0.852,37,2026-09-17T13:44:09Z,2026-09-17T13:44:09Z
22489,2511,2275,follows,0.392,185,2026-09-17T13:44:09Z,2026-09-17T13:44:09Z
22490,2304,2686,collaborates,0.314,108,2026-09-17T13:44:09Z,2026-09-17T13:44:09Z
22491,2239,2564,mentioned,0.497,187,2026-09-17T13:44:09Z,2026-09-17T13:44:09Z
22492,2365,2638,reshared,0.459,48,2026-09-17T13:44:09Z,2026-09-17T13:44:09Z
22493,2256,2272,duet,0.631,155,2026-09-17T13:44:09Z,2026-09-17T13:44:09Z
22494,2254,2698,inspired_by,0.721,124,2026-09-17T13:44:09Z,2026-09-17T13:44:09Z
22495,2674,2563,follows,0.125,173,2026-09-17T13:44:09Z,2026-09-17T13:44:09Z
22496,2303,2224,collaborates,0.524,60,2026-09-17T13:44:09Z,2026-09-17T13:44:09Z
22497,2451,2468,mentioned,0.431,1,2026-09-17T13:44:09Z,2026-09-17T13:44:09Z
22498,2574,2570,reshared,0.12,133,2026-09-17T13:44:09Z,2026-09-17T13:44:09Z
22499,2418,2448,duet,0.74,44,2026-09-17T13:44:09Z,2026-09-17T13:44:09Z
22500,2430,2432,inspired_by,0.962,133,2026-09-17T13:44:09Z,2026-09-17T13:44:09Z
22501,2270,2228,follows,0.591,18,2026-09-17T13:44:09Z,2026-09-17T13:44:09Z
22502,2546,2354,collaborates,0.467,39,2026-09-17T13:44:09Z,2026-09-17T13:44:09Z
22503,2568,2667,mentioned,0.309,150,2026-09-17T13:44:09Z,2026-09-17T13:44:09Z
22504,2355,2608,tagged,0.157,73,2026-09-17T13:44:09Z,2026-09-17T13:44:09Z
22505,2544,2583,duet,0.281,93,2026-09-17T13:44:09Z,2026-09-17T13:44:09Z
22506,2443,2419,inspired_by,0.853,70,2026-09-17T13:44:09Z,2026-09-17T13:44:09Z
22507,2287,2696,follows,0.58,51,2026-09-17T13:44:09Z,2026-09-17T13:44:09Z
22508,2232,2229,collaborates,0.447,27,2026-09-17T13:44:09Z,2026-09-17T13:44:09Z
22509,2596,2595,mentioned,0.279,87,2026-09-17T13:44:09Z,2026-09-17T13:44:09Z
22510,2524,2348,reshared,0.474,132,2026-09-17T13:44:09Z,2026-09-17T13:44:09Z
22511,2389,2416,tagged,0.188,133,2026-09-17T13:44:09Z,2026-09-17T13:44:09Z
22512,2349,2595,duet,0.623,18,2026-09-17T13:44:09Z,2026-09-17T13:44:09Z
22513,2307,2304,inspired_by,0.218,108,2026-09-17T13:44:09Z,2026-09-17T13:44:09Z
22514,2346,2681,collaborates,0.503,147,2026-09-17T13:44:09Z,2026-09-17T13:44:09Z
22515,2676,2519,mentioned,0.894,29,2026-09-17T13:44:09Z,2026-09-17T13:44:09Z
22516,2484,2440,reshared,0.198,179,2026-09-17T13:44:09Z,2026-09-17T13:44:09Z
22517,2291,2371,duet,0.216,140,2026-09-17T13:44:09Z,2026-09-17T13:44:09Z
22518,2312,2428,inspired_by,0.495,59,2026-09-17T13:44:09Z,2026-09-17T13:44:09Z
22519,2296,2543,follows,0.816,88,2026-09-17T13:44:09Z,2026-09-17T13:44:09Z
22520,2419,2620,collaborates,0.937,6,2026-09-17T13:44:09Z,2026-09-17T13:44:09Z
22521,2569,2534,mentioned,0.253,112,2026-09-17T13:44:09Z,2026-09-17T13:44:09Z
22522,2646,2370,reshared,0.824,175,2026-09-17T13:44:09Z,2026-09-17T13:44:09Z
22523,2628,2323,tagged,0.607,62,2026-09-17T13:44:09Z,2026-09-17T13:44:09Z
22524,2348,2512,duet,0.181,60,2026-09-17T13:44:09Z,2026-09-17T13:44:09Z
22525,2449,2351,inspired_by,0.32,118,2026-09-17T13:44:09Z,2026-09-17T13:44:09Z
22526,2609,2648,follows,0.183,79,2026-09-17T13:44:09Z,2026-09-17T13:44:09Z
22527,2512,2343,collaborates,0.255,66,2026-09-17T13:44:09Z,2026-09-17T13:44:09Z
22528,2439,2615,mentioned,0.255,52,2026-09-17T13:44:09Z,2026-09-17T13:44:09Z
22529,2267,2361,reshared,0.509,185,2026-09-17T13:44:09Z,2026-09-17T13:44:09Z
22530,2596,2623,tagged,0.889,194,2026-09-17T13:44:09Z,2026-09-17T13:44:09Z
22531,2466,2557,duet,0.111,86,2026-09-17T13:44:09Z,2026-09-17T13:44:09Z
22532,2232,2477,inspired_by,0.636,121,2026-09-17T13:44:09Z,2026-09-17T13:44:09Z
22533,2673,2242,follows,0.127,41,2026-09-17T13:44:09Z,2026-09-17T13:44:09Z
22534,2561,2232,collaborates,0.483,64,2026-09-17T13:44:09Z,2026-09-17T13:44:09Z
22535,2656,2393,mentioned,0.9,63,2026-09-17T13:44:09Z,2026-09-17T13:44:09Z
22536,2277,2692,reshared,0.219,185,2026-09-17T13:44:09Z,2026-09-17T13:44:09Z
22537,2455,2230,tagged,0.313,7,2026-09-17T13:44:09Z,2026-09-17T13:44:09Z
22538,2435,2686,duet,0.346,193,2026-09-17T13:44:09Z,2026-09-17T13:44:09Z
22539,2421,2555,follows,0.101,106,2026-09-17T13:44:09Z,2026-09-17T13:44:09Z
22540,2364,2321,collaborates,0.579,28,2026-09-17T13:44:09Z,2026-09-17T13:44:09Z
22541,2626,2508,mentioned,0.618,196,2026-09-17T13:44:09Z,2026-09-17T13:44:09Z
22542,2521,2394,reshared,0.316,177,2026-09-17T13:44:09Z,2026-09-17T13:44:09Z
22543,2611,2225,tagged,0.909,198,2026-09-17T13:44:09Z,2026-09-17T13:44:09Z
22544,2567,2345,duet,0.515,91,2026-09-17T13:44:09Z,2026-09-17T13:44:09Z
22545,2460,2645,inspired_by,0.613,175,2026-09-17T13:44:09Z,2026-09-17T13:44:09Z
22546,2371,2248,follows,0.123,21,2026-09-17T13:44:09Z,2026-09-17T13:44:09Z
22547,2567,2432,collaborates,0.862,36,2026-09-17T13:44:09Z,2026-09-17T13:44:09Z
22548,2486,2429,mentioned,0.507,188,2026-09-17T13:44:09Z,2026-09-17T13:44:09Z
22549,2690,2310,duet,0.962,132,2026-09-17T13:44:09Z,2026-09-17T13:44:09Z
22550,2466,2454,inspired_by,0.35,179,2026-09-17T13:44:09Z,2026-09-17T13:44:09Z
22551,2348,2492,collaborates,0.318,109,2026-09-17T13:44:09Z,2026-09-17T13:44:09Z
22552,2233,2430,mentioned,0.241,34,2026-09-17T13:44:09Z,2026-09-17T13:44:09Z
22553,2570,2611,tagged,0.19,15,2026-09-17T13:44:09Z,2026-09-17T13:44:09Z
22554,2242,2477,inspired_by,0.584,160,2026-09-17T13:44:09Z,2026-09-17T13:44:09Z
22555,2481,2373,follows,0.102,54,2026-09-17T13:44:09Z,2026-09-17T13:44:09Z
22556,2702,2346,collaborates,0.784,160,2026-09-17T13:44:09Z,2026-09-17T13:44:09Z
22557,2692,2559,mentioned,0.539,119,2026-09-17T13:44:09Z,2026-09-17T13:44:09Z
22558,2288,2253,reshared,0.346,25,2026-09-17T13:44:09Z,2026-09-17T13:44:09Z
22559,2308,2585,tagged,0.654,138,2026-09-17T13:44:09Z,2026-09-17T13:44:09Z
22560,2691,2251,duet,0.759,46,2026-09-17T13:44:09Z,2026-09-17T13:44:09Z
22561,2640,2687,inspired_by,0.431,120,2026-09-17T13:44:09Z,2026-09-17T13:44:09Z
22562,2272,2682,follows,0.449,158,2026-09-17T13:44:09Z,2026-09-17T13:44:09Z
22563,2640,2343,collaborates,0.832,5,2026-09-17T13:44:09Z,2026-09-17T13:44:09Z
22564,2548,2669,mentioned,0.969,148,2026-09-17T13:44:09Z,2026-09-17T13:44:09Z
22565,2411,2381,reshared,0.979,169,2026-09-17T13:44:09Z,2026-09-17T13:44:09Z
22566,2643,2410,tagged,0.275,178,2026-09-17T13:44:09Z,2026-09-17T13:44:09Z
22567,2284,2375,duet,0.242,4,2026-09-17T13:44:09Z,2026-09-17T13:44:09Z
22568,2503,2356,inspired_by,0.131,79,2026-09-17T13:44:09Z,2026-09-17T13:44:09Z
22569,2357,2408,follows,0.881,20,2026-09-17T13:44:09Z,2026-09-17T13:44:09Z
22570,2316,2297,collaborates,0.632,167,2026-09-17T13:44:09Z,2026-09-17T13:44:09Z
22571,2681,2372,mentioned,0.657,160,2026-09-17T13:44:09Z,2026-09-17T13:44:09Z
22572,2692,2340,reshared,0.878,111,2026-09-17T13:44:09Z,2026-09-17T13:44:09Z
22573,2253,2506,tagged,0.581,168,2026-09-17T13:44:09Z,2026-09-17T13:44:09Z
22574,2436,2674,duet,0.211,196,2026-09-17T13:44:09Z,2026-09-17T13:44:09Z
22575,2358,2476,inspired_by,0.655,137,2026-09-17T13:44:09Z,2026-09-17T13:44:09Z
22576,2326,2430,follows,0.269,27,2026-09-17T13:44:09Z,2026-09-17T13:44:09Z
22577,2518,2551,collaborates,0.207,173,2026-09-17T13:44:09Z,2026-09-17T13:44:09Z
22578,2253,2492,mentioned,0.619,65,2026-09-17T13:44:09Z,2026-09-17T13:44:09Z
22579,2519,2507,reshared,0.683,169,2026-09-17T13:44:09Z,2026-09-17T13:44:09Z
22580,2517,2251,tagged,0.502,37,2026-09-17T13:44:09Z,2026-09-17T13:44:09Z
22581,2660,2558,duet,0.875,4,2026-09-17T13:44:09Z,2026-09-17T13:44:09Z
22582,2318,2303,inspired_by,0.442,109,2026-09-17T13:44:09Z,2026-09-17T13:44:09Z
22583,2659,2454,follows,0.805,81,2026-09-17T13:44:09Z,2026-09-17T13:44:09Z
22584,2694,2581,mentioned,0.702,9,2026-09-17T13:44:09Z,2026-09-17T13:44:09Z
22585,2607,2440,reshared,0.892,136,2026-09-17T13:44:09Z,2026-09-17T13:44:09Z
22586,2499,2497,follows,0.709,102,2026-09-17T13:44:09Z,2026-09-17T13:44:09Z
22587,2306,2662,collaborates,0.343,126,2026-09-17T13:44:09Z,2026-09-17T13:44:09Z
22588,2390,2486,mentioned,0.893,120,2026-09-17T13:44:09Z,2026-09-17T13:44:09Z
22589,2389,2380,reshared,0.896,82,2026-09-17T13:44:09Z,2026-09-17T13:44:09Z
22590,2463,2386,tagged,0.881,18,2026-09-17T13:44:09Z,2026-09-17T13:44:09Z
22591,2648,2488,duet,0.159,37,2026-09-17T13:44:09Z,2026-09-17T13:44:09Z
22592,2576,2488,inspired_by,0.748,23,2026-09-17T13:44:09Z,2026-09-17T13:44:09Z
22593,2684,2457,follows,0.832,30,2026-09-17T13:44:09Z,2026-09-17T13:44:09Z
22594,2395,2533,collaborates,0.16,30,2026-09-17T13:44:09Z,2026-09-17T13:44:09Z
22595,2531,2680,mentioned,0.704,27,2026-09-17T13:44:09Z,2026-09-17T13:44:09Z
22596,2660,2240,duet,0.335,19,2026-09-17T13:44:09Z,2026-09-17T13:44:09Z
22597,2235,2594,inspired_by,0.633,62,2026-09-17T13:44:09Z,2026-09-17T13:44:09Z
22598,2281,2417,follows,0.665,26,2026-09-17T13:44:09Z,2026-09-17T13:44:09Z
22599,2414,2264,collaborates,0.802,136,2026-09-17T13:44:09Z,2026-09-17T13:44:09Z
22600,2348,2492,reshared,0.588,97,2026-09-17T13:44:09Z,2026-09-17T13:44:09Z
22601,2267,2299,tagged,0.648,75,2026-09-17T13:44:09Z,2026-09-17T13:44:09Z
22602,2284,2475,duet,0.702,125,2026-09-17T13:44:09Z,2026-09-17T13:44:09Z
22603,2502,2693,inspired_by,0.289,198,2026-09-17T13:44:09Z,2026-09-17T13:44:09Z
22604,2351,2421,follows,0.511,92,2026-09-17T13:44:09Z,2026-09-17T13:44:09Z
22605,2242,2559,collaborates,0.348,7,2026-09-17T13:44:09Z,2026-09-17T13:44:09Z
22606,2231,2445,mentioned,0.831,36,2026-09-17T13:44:09Z,2026-09-17T13:44:09Z
22607,2566,2237,reshared,0.547,151,2026-09-17T13:44:09Z,2026-09-17T13:44:09Z
22608,2288,2703,tagged,0.976,197,2026-09-17T13:44:09Z,2026-09-17T13:44:09Z
22609,2369,2351,inspired_by,0.942,140,2026-09-17T13:44:09Z,2026-09-17T13:44:09Z
22610,2456,2339,collaborates,0.228,47,2026-09-17T13:44:09Z,2026-09-17T13:44:09Z
22611,2531,2233,mentioned,0.106,55,2026-09-17T13:44:09Z,2026-09-17T13:44:09Z
22612,2225,2400,reshared,0.698,159,2026-09-17T13:44:09Z,2026-09-17T13:44:09Z
22613,2474,2532,duet,0.652,155,2026-09-17T13:44:09Z,2026-09-17T13:44:09Z
22614,2635,2551,inspired_by,0.227,111,2026-09-17T13:44:09Z,2026-09-17T13:44:09Z
22615,2544,2414,follows,0.248,84,2026-09-17T13:44:09Z,2026-09-17T13:44:09Z
22616,2479,2416,collaborates,0.718,102,2026-09-17T13:44:09Z,2026-09-17T13:44:09Z
22617,2250,2464,reshared,0.128,28,2026-09-17T13:44:09Z,2026-09-17T13:44:09Z
22618,2400,2529,tagged,0.806,74,2026-09-17T13:44:09Z,2026-09-17T13:44:09Z
22619,2691,2509,duet,0.461,163,2026-09-17T13:44:09Z,2026-09-17T13:44:09Z
22620,2662,2488,inspired_by,0.529,46,2026-09-17T13:44:09Z,2026-09-17T13:44:09Z
22621,2471,2351,follows,0.289,31,2026-09-17T13:44:09Z,2026-09-17T13:44:09Z
22622,2525,2375,collaborates,0.687,35,2026-09-17T13:44:09Z,2026-09-17T13:44:09Z
22623,2429,2558,mentioned,0.806,139,2026-09-17T13:44:09Z,2026-09-17T13:44:09Z
22624,2377,2259,reshared,0.233,48,2026-09-17T13:44:09Z,2026-09-17T13:44:09Z
22625,2514,2304,tagged,0.45,175,2026-09-17T13:44:09Z,2026-09-17T13:44:09Z
22626,2361,2417,duet,0.231,165,2026-09-17T13:44:09Z,2026-09-17T13:44:09Z
22627,2361,2484,inspired_by,0.437,114,2026-09-17T13:44:09Z,2026-09-17T13:44:09Z
22628,2682,2531,follows,0.683,10,2026-09-17T13:44:09Z,2026-09-17T13:44:09Z
22629,2539,2659,collaborates,0.696,64,2026-09-17T13:44:09Z,2026-09-17T13:44:09Z
22630,2352,2252,mentioned,0.572,96,2026-09-17T13:44:09Z,2026-09-17T13:44:09Z
22631,2318,2617,reshared,0.85,133,2026-09-17T13:44:09Z,2026-09-17T13:44:09Z
22632,2567,2677,tagged,0.65,117,2026-09-17T13:44:09Z,2026-09-17T13:44:09Z
22633,2610,2501,follows,0.751,114,2026-09-17T13:44:09Z,2026-09-17T13:44:09Z
22634,2504,2443,mentioned,0.113,114,2026-09-17T13:44:09Z,2026-09-17T13:44:09Z
22635,2290,2547,reshared,0.746,161,2026-09-17T13:44:09Z,2026-09-17T13:44:09Z
22636,2691,2331,tagged,0.587,198,2026-09-17T13:44:09Z,2026-09-17T13:44:09Z
22637,2387,2591,duet,0.471,9,2026-09-17T13:44:09Z,2026-09-17T13:44:09Z
22638,2388,2256,inspired_by,0.778,177,2026-09-17T13:44:09Z,2026-09-17T13:44:09Z
22639,2353,2563,follows,0.862,92,2026-09-17T13:44:09Z,2026-09-17T13:44:09Z
22640,2403,2586,mentioned,0.599,157,2026-09-17T13:44:09Z,2026-09-17T13:44:09Z
22641,2352,2633,reshared,0.313,169,2026-09-17T13:44:09Z,2026-09-17T13:44:09Z
22642,2512,2387,tagged,0.453,147,2026-09-17T13:44:09Z,2026-09-17T13:44:09Z
22643,2227,2338,duet,0.258,55,2026-09-17T13:44:09Z,2026-09-17T13:44:09Z
22644,2221,2256,collaborates,0.582,15,2026-09-17T13:44:09Z,2026-09-17T13:44:09Z
22645,2626,2661,mentioned,0.805,99,2026-09-17T13:44:09Z,2026-09-17T13:44:09Z
22646,2429,2357,reshared,0.634,48,2026-09-17T13:44:09Z,2026-09-17T13:44:09Z
22647,2257,2597,tagged,0.854,186,2026-09-17T13:44:09Z,2026-09-17T13:44:09Z
22648,2265,2611,duet,0.8,69,2026-09-17T13:44:09Z,2026-09-17T13:44:09Z
22649,2374,2676,inspired_by,0.246,128,2026-09-17T13:44:09Z,2026-09-17T13:44:09Z
22650,2308,2553,follows,0.634,27,2026-09-17T13:44:09Z,2026-09-17T13:44:09Z
22651,2641,2394,collaborates,0.48,72,2026-09-17T13:44:09Z,2026-09-17T13:44:09Z
22652,2617,2267,mentioned,0.872,20,2026-09-17T13:44:09Z,2026-09-17T13:44:09Z
22653,2587,2231,reshared,0.407,6,2026-09-17T13:44:09Z,2026-09-17T13:44:09Z
22654,2510,2696,tagged,0.979,17,2026-09-17T13:44:09Z,2026-09-17T13:44:09Z
22655,2325,2452,inspired_by,0.344,123,2026-09-17T13:44:09Z,2026-09-17T13:44:09Z
22656,2637,2309,collaborates,0.777,26,2026-09-17T13:44:09Z,2026-09-17T13:44:09Z
22657,2321,2560,mentioned,0.32,41,2026-09-17T13:44:09Z,2026-09-17T13:44:09Z
22658,2638,2339,reshared,0.425,90,2026-09-17T13:44:09Z,2026-09-17T13:44:09Z
22659,2391,2618,tagged,0.818,36,2026-09-17T13:44:09Z,2026-09-17T13:44:09Z
22660,2432,2380,inspired_by,0.949,75,2026-09-17T13:44:09Z,2026-09-17T13:44:09Z
22661,2277,2439,follows,0.369,15,2026-09-17T13:44:09Z,2026-09-17T13:44:09Z
22662,2267,2356,collaborates,0.965,56,2026-09-17T13:44:09Z,2026-09-17T13:44:09Z
22663,2605,2700,reshared,0.303,40,2026-09-17T13:44:09Z,2026-09-17T13:44:09Z
22664,2352,2684,tagged,0.492,63,2026-09-17T13:44:09Z,2026-09-17T13:44:09Z
22665,2661,2614,duet,0.272,34,2026-09-17T13:44:09Z,2026-09-17T13:44:09Z
22666,2300,2252,inspired_by,0.433,181,2026-09-17T13:44:09Z,2026-09-17T13:44:09Z
22667,2358,2397,follows,0.991,192,2026-09-17T13:44:09Z,2026-09-17T13:44:09Z
22668,2515,2248,collaborates,0.28,59,2026-09-17T13:44:09Z,2026-09-17T13:44:09Z
22669,2686,2323,mentioned,0.535,78,2026-09-17T13:44:09Z,2026-09-17T13:44:09Z
22670,2612,2499,reshared,0.56,27,2026-09-17T13:44:09Z,2026-09-17T13:44:09Z
22671,2615,2232,tagged,0.438,45,2026-09-17T13:44:09Z,2026-09-17T13:44:09Z
22672,2535,2332,duet,0.162,66,2026-09-17T13:44:09Z,2026-09-17T13:44:09Z
22673,2287,2290,inspired_by,0.588,52,2026-09-17T13:44:09Z,2026-09-17T13:44:09Z
22674,2462,2546,follows,0.979,73,2026-09-17T13:44:09Z,2026-09-17T13:44:09Z
22675,2521,2428,mentioned,0.419,152,2026-09-17T13:44:09Z,2026-09-17T13:44:09Z
22676,2319,2566,reshared,0.628,14,2026-09-17T13:44:09Z,2026-09-17T13:44:09Z
22677,2626,2497,duet,0.453,160,2026-09-17T13:44:09Z,2026-09-17T13:44:09Z
22678,2364,2439,inspired_by,0.31,80,2026-09-17T13:44:09Z,2026-09-17T13:44:09Z
22679,2454,2479,follows,0.302,22,2026-09-17T13:44:09Z,2026-09-17T13:44:09Z
22680,2573,2313,collaborates,0.691,117,2026-09-17T13:44:09Z,2026-09-17T13:44:09Z
22681,2302,2574,mentioned,0.579,86,2026-09-17T13:44:09Z,2026-09-17T13:44:09Z
22682,2702,2643,reshared,0.902,3,2026-09-17T13:44:09Z,2026-09-17T13:44:09Z
22683,2578,2684,tagged,0.362,38,2026-09-17T13:44:09Z,2026-09-17T13:44:09Z
22684,2310,2470,duet,0.138,192,2026-09-17T13:44:09Z,2026-09-17T13:44:09Z
22685,2562,2678,inspired_by,0.156,157,2026-09-17T13:44:09Z,2026-09-17T13:44:09Z
22686,2277,2325,follows,0.789,21,2026-09-17T13:44:09Z,2026-09-17T13:44:09Z
22687,2454,2452,collaborates,0.328,69,2026-09-17T13:44:09Z,2026-09-17T13:44:09Z
22688,2507,2226,mentioned,0.411,72,2026-09-17T13:44:09Z,2026-09-17T13:44:09Z
22689,2436,2282,reshared,0.547,108,2026-09-17T13:44:09Z,2026-09-17T13:44:09Z
22690,2615,2390,tagged,0.754,113,2026-09-17T13:44:09Z,2026-09-17T13:44:09Z
22691,2477,2553,duet,0.993,91,2026-09-17T13:44:09Z,2026-09-17T13:44:09Z
22692,2412,2430,collaborates,0.719,128,2026-09-17T13:44:09Z,2026-09-17T13:44:09Z
22693,2648,2338,reshared,0.432,33,2026-09-17T13:44:09Z,2026-09-17T13:44:09Z
22694,2262,2602,tagged,0.757,196,2026-09-17T13:44:09Z,2026-09-17T13:44:09Z
22695,2519,2249,inspired_by,0.317,13,2026-09-17T13:44:09Z,2026-09-17T13:44:09Z
22696,2455,2287,follows,0.359,190,2026-09-17T13:44:09Z,2026-09-17T13:44:09Z
22697,2589,2298,collaborates,0.256,196,2026-09-17T13:44:09Z,2026-09-17T13:44:09Z
22698,2435,2238,mentioned,0.999,124,2026-09-17T13:44:09Z,2026-09-17T13:44:09Z
22699,2662,2354,reshared,0.219,138,2026-09-17T13:44:09Z,2026-09-17T13:44:09Z
22700,2243,2655,inspired_by,0.474,17,2026-09-17T13:44:09Z,2026-09-17T13:44:09Z
22701,2393,2291,follows,0.903,174,2026-09-17T13:44:09Z,2026-09-17T13:44:09Z
22702,2488,2691,collaborates,0.633,188,2026-09-17T13:44:09Z,2026-09-17T13:44:09Z
22703,2355,2407,reshared,0.808,196,2026-09-17T13:44:09Z,2026-09-17T13:44:09Z
22704,2249,2641,tagged,0.706,84,2026-09-17T13:44:09Z,2026-09-17T13:44:09Z
22705,2642,2348,duet,0.855,18,2026-09-17T13:44:09Z,2026-09-17T13:44:09Z
22706,2597,2552,inspired_by,0.877,106,2026-09-17T13:44:09Z,2026-09-17T13:44:09Z
22707,2230,2563,follows,0.132,19,2026-09-17T13:44:09Z,2026-09-17T13:44:09Z
22708,2363,2255,collaborates,0.869,196,2026-09-17T13:44:09Z,2026-09-17T13:44:09Z
22709,2225,2505,mentioned,0.608,167,2026-09-17T13:44:09Z,2026-09-17T13:44:09Z
22710,2326,2566,reshared,0.998,168,2026-09-17T13:44:09Z,2026-09-17T13:44:09Z
22711,2451,2470,tagged,0.632,105,2026-09-17T13:44:09Z,2026-09-17T13:44:09Z
22712,2502,2280,duet,0.3,181,2026-09-17T13:44:09Z,2026-09-17T13:44:09Z
22713,2295,2348,inspired_by,0.256,24,2026-09-17T13:44:09Z,2026-09-17T13:44:09Z
22714,2618,2590,follows,0.46,113,2026-09-17T13:44:09Z,2026-09-17T13:44:09Z
22715,2550,2524,collaborates,0.133,44,2026-09-17T13:44:09Z,2026-09-17T13:44:09Z
22716,2226,2434,mentioned,0.362,56,2026-09-17T13:44:09Z,2026-09-17T13:44:09Z
22717,2593,2434,duet,0.652,73,2026-09-17T13:44:09Z,2026-09-17T13:44:09Z
22718,2607,2265,inspired_by,0.492,33,2026-09-17T13:44:09Z,2026-09-17T13:44:09Z
22719,2620,2348,collaborates,0.595,137,2026-09-17T13:44:09Z,2026-09-17T13:44:09Z
22720,2329,2510,mentioned,0.149,45,2026-09-17T13:44:09Z,2026-09-17T13:44:09Z
22721,2293,2366,reshared,0.207,84,2026-09-17T13:44:09Z,2026-09-17T13:44:09Z
22722,2643,2424,tagged,0.812,32,2026-09-17T13:44:09Z,2026-09-17T13:44:09Z
22723,2601,2454,duet,0.31,182,2026-09-17T13:44:09Z,2026-09-17T13:44:09Z
22724,2553,2602,inspired_by,0.535,123,2026-09-17T13:44:09Z,2026-09-17T13:44:09Z
22725,2630,2627,follows,0.757,127,2026-09-17T13:44:09Z,2026-09-17T13:44:09Z
22726,2628,2346,collaborates,0.389,166,2026-09-17T13:44:09Z,2026-09-17T13:44:09Z
22727,2554,2630,mentioned,0.969,36,2026-09-17T13:44:09Z,2026-09-17T13:44:09Z
22728,2630,2421,duet,0.567,117,2026-09-17T13:44:09Z,2026-09-17T13:44:09Z
22729,2702,2560,follows,0.748,132,2026-09-17T13:44:09Z,2026-09-17T13:44:09Z
22730,2267,2361,collaborates,0.391,11,2026-09-17T13:44:09Z,2026-09-17T13:44:09Z
22731,2288,2264,reshared,0.637,163,2026-09-17T13:44:09Z,2026-09-17T13:44:09Z
22732,2364,2361,tagged,0.88,149,2026-09-17T13:44:09Z,2026-09-17T13:44:09Z
22733,2641,2693,duet,0.594,105,2026-09-17T13:44:09Z,2026-09-17T13:44:09Z
22734,2316,2222,inspired_by,0.279,82,2026-09-17T13:44:09Z,2026-09-17T13:44:09Z
22735,2464,2611,follows,0.35,166,2026-09-17T13:44:09Z,2026-09-17T13:44:09Z
22736,2283,2366,mentioned,0.308,160,2026-09-17T13:44:09Z,2026-09-17T13:44:09Z
22737,2346,2485,reshared,0.582,18,2026-09-17T13:44:09Z,2026-09-17T13:44:09Z
22738,2451,2394,tagged,0.507,26,2026-09-17T13:44:09Z,2026-09-17T13:44:09Z
22739,2553,2411,duet,0.395,86,2026-09-17T13:44:09Z,2026-09-17T13:44:09Z
22740,2534,2523,inspired_by,0.252,38,2026-09-17T13:44:09Z,2026-09-17T13:44:09Z
22741,2562,2670,follows,0.163,119,2026-09-17T13:44:09Z,2026-09-17T13:44:09Z
22742,2265,2510,collaborates,0.899,160,2026-09-17T13:44:09Z,2026-09-17T13:44:09Z
22743,2427,2488,mentioned,0.64,50,2026-09-17T13:44:09Z,2026-09-17T13:44:09Z
22744,2409,2623,reshared,0.659,107,2026-09-17T13:44:09Z,2026-09-17T13:44:09Z
22745,2620,2420,tagged,0.851,65,2026-09-17T13:44:09Z,2026-09-17T13:44:09Z
22746,2384,2222,duet,0.689,175,2026-09-17T13:44:09Z,2026-09-17T13:44:09Z
22747,2413,2477,inspired_by,0.855,31,2026-09-17T13:44:09Z,2026-09-17T13:44:09Z
22748,2434,2443,follows,0.12,130,2026-09-17T13:44:09Z,2026-09-17T13:44:09Z
22749,2656,2283,mentioned,0.644,133,2026-09-17T13:44:09Z,2026-09-17T13:44:09Z
22750,2268,2291,reshared,0.406,167,2026-09-17T13:44:09Z,2026-09-17T13:44:09Z
22751,2310,2259,tagged,0.698,101,2026-09-17T13:44:09Z,2026-09-17T13:44:09Z
22752,2602,2305,duet,0.78,194,2026-09-17T13:44:09Z,2026-09-17T13:44:09Z
22753,2524,2620,inspired_by,0.159,18,2026-09-17T13:44:09Z,2026-09-17T13:44:09Z
22754,2443,2665,follows,0.771,103,2026-09-17T13:44:09Z,2026-09-17T13:44:09Z
22755,2246,2666,collaborates,0.505,76,2026-09-17T13:44:09Z,2026-09-17T13:44:09Z
22756,2279,2688,mentioned,0.511,53,2026-09-17T13:44:09Z,2026-09-17T13:44:09Z
22757,2482,2311,tagged,0.245,99,2026-09-17T13:44:09Z,2026-09-17T13:44:09Z
22758,2260,2381,duet,0.445,36,2026-09-17T13:44:09Z,2026-09-17T13:44:09Z
22759,2557,2506,inspired_by,0.21,12,2026-09-17T13:44:09Z,2026-09-17T13:44:09Z
22760,2355,2266,follows,0.764,81,2026-09-17T13:44:09Z,2026-09-17T13:44:09Z
22761,2236,2249,mentioned,0.14,41,2026-09-17T13:44:09Z,2026-09-17T13:44:09Z
22762,2276,2607,reshared,0.189,24,2026-09-17T13:44:09Z,2026-09-17T13:44:09Z
22763,2371,2644,tagged,0.477,65,2026-09-17T13:44:09Z,2026-09-17T13:44:09Z
22764,2391,2669,duet,0.519,140,2026-09-17T13:44:09Z,2026-09-17T13:44:09Z
22765,2294,2444,inspired_by,0.339,28,2026-09-17T13:44:09Z,2026-09-17T13:44:09Z
22766,2464,2644,follows,0.616,64,2026-09-17T13:44:09Z,2026-09-17T13:44:09Z
22767,2265,2313,mentioned,0.282,195,2026-09-17T13:44:09Z,2026-09-17T13:44:09Z
22768,2361,2345,reshared,0.206,129,2026-09-17T13:44:09Z,2026-09-17T13:44:09Z
22769,2689,2350,tagged,0.653,75,2026-09-17T13:44:09Z,2026-09-17T13:44:09Z
22770,2467,2504,inspired_by,0.784,82,2026-09-17T13:44:09Z,2026-09-17T13:44:09Z
22771,2481,2222,follows,0.589,195,2026-09-17T13:44:09Z,2026-09-17T13:44:09Z
22772,2695,2369,collaborates,0.331,6,2026-09-17T13:44:09Z,2026-09-17T13:44:09Z
22773,2341,2623,mentioned,0.812,39,2026-09-17T13:44:09Z,2026-09-17T13:44:09Z
22774,2691,2372,reshared,0.188,116,2026-09-17T13:44:09Z,2026-09-17T13:44:09Z
22775,2282,2482,tagged,0.973,62,2026-09-17T13:44:09Z,2026-09-17T13:44:09Z
22776,2312,2262,duet,0.169,66,2026-09-17T13:44:09Z,2026-09-17T13:44:09Z
22777,2448,2389,follows,0.755,107,2026-09-17T13:44:09Z,2026-09-17T13:44:09Z
22778,2261,2665,reshared,0.852,189,2026-09-17T13:44:09Z,2026-09-17T13:44:09Z
22779,2494,2568,tagged,0.957,61,2026-09-17T13:44:09Z,2026-09-17T13:44:09Z
22780,2545,2628,inspired_by,0.765,157,2026-09-17T13:44:09Z,2026-09-17T13:44:09Z
22781,2594,2566,follows,0.989,88,2026-09-17T13:44:09Z,2026-09-17T13:44:09Z
22782,2524,2695,collaborates,0.607,87,2026-09-17T13:44:09Z,2026-09-17T13:44:09Z
22783,2300,2399,mentioned,0.335,90,2026-09-17T13:44:09Z,2026-09-17T13:44:09Z
22784,2592,2275,reshared,0.189,39,2026-09-17T13:44:09Z,2026-09-17T13:44:09Z
22785,2442,2611,tagged,0.33,147,2026-09-17T13:44:09Z,2026-09-17T13:44:09Z
22786,2604,2236,duet,0.67,118,2026-09-17T13:44:09Z,2026-09-17T13:44:09Z
22787,2341,2464,inspired_by,0.727,25,2026-09-17T13:44:09Z,2026-09-17T13:44:09Z
22788,2238,2488,collaborates,0.559,21,2026-09-17T13:44:09Z,2026-09-17T13:44:09Z
22789,2351,2271,reshared,0.456,64,2026-09-17T13:44:09Z,2026-09-17T13:44:09Z
22790,2617,2247,tagged,0.55,157,2026-09-17T13:44:09Z,2026-09-17T13:44:09Z
22791,2360,2506,duet,0.477,92,2026-09-17T13:44:09Z,2026-09-17T13:44:09Z
22792,2643,2409,inspired_by,0.439,3,2026-09-17T13:44:09Z,2026-09-17T13:44:09Z
22793,2325,2553,follows,0.61,159,2026-09-17T13:44:09Z,2026-09-17T13:44:09Z
22794,2445,2653,collaborates,0.455,38,2026-09-17T13:44:09Z,2026-09-17T13:44:09Z
22795,2662,2593,mentioned,0.597,41,2026-09-17T13:44:09Z,2026-09-17T13:44:09Z
22796,2548,2248,reshared,0.483,141,2026-09-17T13:44:09Z,2026-09-17T13:44:09Z
22797,2662,2536,tagged,0.148,121,2026-09-17T13:44:09Z,2026-09-17T13:44:09Z
22798,2262,2290,duet,0.437,104,2026-09-17T13:44:09Z,2026-09-17T13:44:09Z
22799,2270,2281,inspired_by,0.627,8,2026-09-17T13:44:09Z,2026-09-17T13:44:09Z
22800,2628,2561,follows,0.977,49,2026-09-17T13:44:09Z,2026-09-17T13:44:09Z
22801,2337,2260,collaborates,0.911,178,2026-09-17T13:44:09Z,2026-09-17T13:44:09Z
22802,2448,2396,mentioned,0.476,33,2026-09-17T13:44:09Z,2026-09-17T13:44:09Z
22803,2274,2674,tagged,0.541,36,2026-09-17T13:44:09Z,2026-09-17T13:44:09Z
22804,2466,2588,inspired_by,0.579,61,2026-09-17T13:44:09Z,2026-09-17T13:44:09Z
22805,2609,2300,follows,0.851,58,2026-09-17T13:44:09Z,2026-09-17T13:44:09Z
22806,2501,2407,collaborates,0.488,28,2026-09-17T13:44:09Z,2026-09-17T13:44:09Z
22807,2633,2446,mentioned,0.185,26,2026-09-17T13:44:09Z,2026-09-17T13:44:09Z
22808,2418,2631,reshared,0.883,154,2026-09-17T13:44:09Z,2026-09-17T13:44:09Z
22809,2252,2642,duet,0.73,68,2026-09-17T13:44:09Z,2026-09-17T13:44:09Z
22810,2504,2537,inspired_by,0.984,69,2026-09-17T13:44:09Z,2026-09-17T13:44:09Z
22811,2444,2466,follows,0.593,7,2026-09-17T13:44:09Z,2026-09-17T13:44:09Z
22812,2334,2580,collaborates,0.263,9,2026-09-17T13:44:09Z,2026-09-17T13:44:09Z
22813,2570,2634,mentioned,0.37,143,2026-09-17T13:44:09Z,2026-09-17T13:44:09Z
22814,2419,2518,reshared,0.659,101,2026-09-17T13:44:09Z,2026-09-17T13:44:09Z
22815,2593,2403,tagged,0.955,168,2026-09-17T13:44:09Z,2026-09-17T13:44:09Z
22816,2245,2306,duet,0.217,113,2026-09-17T13:44:09Z,2026-09-17T13:44:09Z
22817,2518,2336,inspired_by,0.679,78,2026-09-17T13:44:09Z,2026-09-17T13:44:09Z
22818,2611,2617,follows,0.67,7,2026-09-17T13:44:09Z,2026-09-17T13:44:09Z
22819,2647,2692,collaborates,0.255,15,2026-09-17T13:44:09Z,2026-09-17T13:44:09Z
22820,2557,2309,reshared,0.535,1,2026-09-17T13:44:09Z,2026-09-17T13:44:09Z
22821,2332,2536,duet,0.265,127,2026-09-17T13:44:09Z,2026-09-17T13:44:09Z
22822,2618,2279,inspired_by,0.921,14,2026-09-17T13:44:09Z,2026-09-17T13:44:09Z
22823,2490,2616,collaborates,0.167,118,2026-09-17T13:44:09Z,2026-09-17T13:44:09Z
22824,2656,2604,reshared,0.657,92,2026-09-17T13:44:09Z,2026-09-17T13:44:09Z
22825,2478,2436,tagged,0.86,48,2026-09-17T13:44:09Z,2026-09-17T13:44:09Z
22826,2652,2617,duet,0.457,168,2026-09-17T13:44:09Z,2026-09-17T13:44:09Z
22827,2651,2622,inspired_by,0.124,125,2026-09-17T13:44:09Z,2026-09-17T13:44:09Z
22828,2675,2486,follows,0.19,123,2026-09-17T13:44:09Z,2026-09-17T13:44:09Z
22829,2309,2507,collaborates,0.198,148,2026-09-17T13:44:09Z,2026-09-17T13:44:09Z
22830,2268,2343,mentioned,0.736,104,2026-09-17T13:44:09Z,2026-09-17T13:44:09Z
22831,2531,2357,reshared,0.633,17,2026-09-17T13:44:09Z,2026-09-17T13:44:09Z
22832,2468,2375,tagged,0.363,151,2026-09-17T13:44:09Z,2026-09-17T13:44:09Z
22833,2264,2235,duet,0.887,140,2026-09-17T13:44:09Z,2026-09-17T13:44:09Z
22834,2675,2376,inspired_by,0.916,124,2026-09-17T13:44:09Z,2026-09-17T13:44:09Z
22835,2230,2445,follows,0.693,96,2026-09-17T13:44:09Z,2026-09-17T13:44:09Z
22836,2403,2312,collaborates,0.284,199,2026-09-17T13:44:09Z,2026-09-17T13:44:09Z
22837,2256,2659,mentioned,0.401,196,2026-09-17T13:44:09Z,2026-09-17T13:44:09Z
22838,2240,2385,reshared,0.983,35,2026-09-17T13:44:09Z,2026-09-17T13:44:09Z
22839,2564,2438,tagged,0.388,79,2026-09-17T13:44:09Z,2026-09-17T13:44:09Z
22840,2284,2556,duet,0.635,193,2026-09-17T13:44:09Z,2026-09-17T13:44:09Z
22841,2637,2661,inspired_by,0.394,171,2026-09-17T13:44:09Z,2026-09-17T13:44:09Z
22842,2637,2224,follows,0.311,38,2026-09-17T13:44:09Z,2026-09-17T13:44:09Z
22843,2430,2666,mentioned,0.565,142,2026-09-17T13:44:09Z,2026-09-17T13:44:09Z
22844,2308,2674,reshared,0.159,110,2026-09-17T13:44:09Z,2026-09-17T13:44:09Z
22845,2526,2358,tagged,0.934,157,2026-09-17T13:44:09Z,2026-09-17T13:44:09Z
22846,2452,2317,duet,0.186,11,2026-09-17T13:44:09Z,2026-09-17T13:44:09Z
22847,2703,2463,inspired_by,0.628,174,2026-09-17T13:44:09Z,2026-09-17T13:44:09Z
22848,2398,2696,follows,0.405,43,2026-09-17T13:44:09Z,2026-09-17T13:44:09Z
22849,2315,2439,collaborates,0.267,23,2026-09-17T13:44:09Z,2026-09-17T13:44:09Z
22850,2543,2493,mentioned,0.491,92,2026-09-17T13:44:09Z,2026-09-17T13:44:09Z
22851,2339,2462,reshared,0.894,174,2026-09-17T13:44:09Z,2026-09-17T13:44:09Z
22852,2404,2411,tagged,0.947,151,2026-09-17T13:44:09Z,2026-09-17T13:44:09Z
22853,2685,2474,duet,0.777,64,2026-09-17T13:44:09Z,2026-09-17T13:44:09Z
22854,2270,2430,inspired_by,0.917,170,2026-09-17T13:44:09Z,2026-09-17T13:44:09Z
22855,2466,2619,follows,0.155,80,2026-09-17T13:44:09Z,2026-09-17T13:44:09Z
22856,2589,2495,collaborates,0.7,120,2026-09-17T13:44:09Z,2026-09-17T13:44:09Z
22857,2398,2563,mentioned,0.843,166,2026-09-17T13:44:09Z,2026-09-17T13:44:09Z
22858,2454,2463,reshared,0.106,174,2026-09-17T13:44:09Z,2026-09-17T13:44:09Z
22859,2594,2613,tagged,0.694,165,2026-09-17T13:44:09Z,2026-09-17T13:44:09Z
22860,2499,2240,duet,0.826,192,2026-09-17T13:44:09Z,2026-09-17T13:44:09Z
22861,2232,2392,inspired_by,0.273,90,2026-09-17T13:44:09Z,2026-09-17T13:44:09Z
22862,2423,2344,follows,0.161,138,2026-09-17T13:44:09Z,2026-09-17T13:44:09Z
22863,2350,2344,collaborates,0.562,84,2026-09-17T13:44:09Z,2026-09-17T13:44:09Z
22864,2284,2273,mentioned,0.156,118,2026-09-17T13:44:09Z,2026-09-17T13:44:09Z
22865,2320,2566,reshared,0.736,169,2026-09-17T13:44:09Z,2026-09-17T13:44:09Z
22866,2387,2425,duet,0.233,135,2026-09-17T13:44:09Z,2026-09-17T13:44:09Z
22867,2450,2569,inspired_by,0.834,106,2026-09-17T13:44:09Z,2026-09-17T13:44:09Z
22868,2303,2347,follows,0.861,33,2026-09-17T13:44:09Z,2026-09-17T13:44:09Z
22869,2614,2580,collaborates,0.363,122,2026-09-17T13:44:09Z,2026-09-17T13:44:09Z
22870,2511,2257,reshared,0.513,194,2026-09-17T13:44:09Z,2026-09-17T13:44:09Z
22871,2471,2406,tagged,0.709,93,2026-09-17T13:44:09Z,2026-09-17T13:44:09Z
22872,2696,2436,duet,0.728,71,2026-09-17T13:44:09Z,2026-09-17T13:44:09Z
22873,2588,2392,inspired_by,0.211,173,2026-09-17T13:44:09Z,2026-09-17T13:44:09Z
22874,2684,2652,follows,0.297,84,2026-09-17T13:44:09Z,2026-09-17T13:44:09Z
22875,2462,2403,collaborates,0.621,186,2026-09-17T13:44:09Z,2026-09-17T13:44:09Z
22876,2628,2400,mentioned,0.278,31,2026-09-17T13:44:09Z,2026-09-17T13:44:09Z
22877,2230,2265,tagged,0.739,169,2026-09-17T13:44:09Z,2026-09-17T13:44:09Z
22878,2598,2621,duet,0.228,89,2026-09-17T13:44:09Z,2026-09-17T13:44:09Z
22879,2297,2470,inspired_by,0.894,182,2026-09-17T13:44:09Z,2026-09-17T13:44:09Z
22880,2506,2688,follows,0.127,154,2026-09-17T13:44:09Z,2026-09-17T13:44:09Z
22881,2519,2468,collaborates,0.125,90,2026-09-17T13:44:09Z,2026-09-17T13:44:09Z
22882,2561,2624,mentioned,0.584,88,2026-09-17T13:44:09Z,2026-09-17T13:44:09Z
22883,2431,2539,reshared,0.213,113,2026-09-17T13:44:09Z,2026-09-17T13:44:09Z
22884,2384,2288,tagged,0.958,1,2026-09-17T13:44:09Z,2026-09-17T13:44:09Z
22885,2472,2423,duet,0.279,106,2026-09-17T13:44:09Z,2026-09-17T13:44:09Z
22886,2306,2354,inspired_by,0.384,22,2026-09-17T13:44:09Z,2026-09-17T13:44:09Z
22887,2417,2273,follows,0.396,19,2026-09-17T13:44:09Z,2026-09-17T13:44:09Z
22888,2387,2514,collaborates,0.733,91,2026-09-17T13:44:09Z,2026-09-17T13:44:09Z
22889,2643,2333,mentioned,0.641,149,2026-09-17T13:44:09Z,2026-09-17T13:44:09Z
22890,2602,2699,reshared,0.934,88,2026-09-17T13:44:09Z,2026-09-17T13:44:09Z
22891,2583,2627,tagged,0.47,21,2026-09-17T13:44:09Z,2026-09-17T13:44:09Z
22892,2672,2263,inspired_by,0.498,151,2026-09-17T13:44:09Z,2026-09-17T13:44:09Z
22893,2338,2395,follows,0.894,4,2026-09-17T13:44:09Z,2026-09-17T13:44:09Z
22894,2516,2401,collaborates,0.589,6,2026-09-17T13:44:09Z,2026-09-17T13:44:09Z
22895,2438,2341,mentioned,0.904,58,2026-09-17T13:44:09Z,2026-09-17T13:44:09Z
22896,2651,2575,reshared,0.38,23,2026-09-17T13:44:09Z,2026-09-17T13:44:09Z
22897,2283,2650,tagged,0.502,52,2026-09-17T13:44:09Z,2026-09-17T13:44:09Z
22898,2342,2515,duet,0.672,24,2026-09-17T13:44:09Z,2026-09-17T13:44:09Z
22899,2501,2295,mentioned,0.797,45,2026-09-17T13:44:09Z,2026-09-17T13:44:09Z
22900,2336,2619,reshared,0.758,124,2026-09-17T13:44:09Z,2026-09-17T13:44:09Z
22901,2494,2573,tagged,0.295,16,2026-09-17T13:44:09Z,2026-09-17T13:44:09Z
22902,2691,2659,duet,0.931,33,2026-09-17T13:44:09Z,2026-09-17T13:44:09Z
22903,2557,2261,inspired_by,0.89,119,2026-09-17T13:44:09Z,2026-09-17T13:44:09Z
22904,2278,2539,follows,0.4,159,2026-09-17T13:44:09Z,2026-09-17T13:44:09Z
22905,2287,2416,collaborates,0.633,78,2026-09-17T13:44:09Z,2026-09-17T13:44:09Z
22906,2622,2405,mentioned,0.792,93,2026-09-17T13:44:09Z,2026-09-17T13:44:09Z
22907,2645,2265,reshared,0.403,71,2026-09-17T13:44:09Z,2026-09-17T13:44:09Z
22908,2562,2313,tagged,0.893,161,2026-09-17T13:44:09Z,2026-09-17T13:44:09Z
22909,2388,2636,duet,0.275,68,2026-09-17T13:44:09Z,2026-09-17T13:44:09Z
22910,2543,2561,inspired_by,0.536,174,2026-09-17T13:44:09Z,2026-09-17T13:44:09Z
22911,2634,2577,follows,0.244,13,2026-09-17T13:44:09Z,2026-09-17T13:44:09Z
22912,2342,2611,collaborates,0.347,142,2026-09-17T13:44:09Z,2026-09-17T13:44:09Z
22913,2483,2406,mentioned,0.654,12,2026-09-17T13:44:09Z,2026-09-17T13:44:09Z
22914,2612,2490,tagged,0.485,135,2026-09-17T13:44:09Z,2026-09-17T13:44:09Z
22915,2260,2611,duet,0.973,5,2026-09-17T13:44:09Z,2026-09-17T13:44:09Z
22916,2677,2258,inspired_by,0.94,155,2026-09-17T13:44:09Z,2026-09-17T13:44:09Z
22917,2401,2618,follows,0.703,195,2026-09-17T13:44:09Z,2026-09-17T13:44:09Z
22918,2285,2589,collaborates,0.509,14,2026-09-17T13:44:09Z,2026-09-17T13:44:09Z
22919,2308,2243,mentioned,0.259,82,2026-09-17T13:44:09Z,2026-09-17T13:44:09Z
22920,2550,2688,tagged,0.311,28,2026-09-17T13:44:09Z,2026-09-17T13:44:09Z
22921,2422,2521,duet,0.112,148,2026-09-17T13:44:09Z,2026-09-17T13:44:09Z
22922,2465,2446,inspired_by,0.908,156,2026-09-17T13:44:09Z,2026-09-17T13:44:09Z
22923,2609,2269,follows,0.855,120,2026-09-17T13:44:09Z,2026-09-17T13:44:09Z
22924,2282,2257,mentioned,0.213,70,2026-09-17T13:44:09Z,2026-09-17T13:44:09Z
22925,2485,2353,reshared,0.855,52,2026-09-17T13:44:09Z,2026-09-17T13:44:09Z
22926,2465,2628,tagged,0.604,150,2026-09-17T13:44:09Z,2026-09-17T13:44:09Z
22927,2595,2322,duet,0.246,68,2026-09-17T13:44:09Z,2026-09-17T13:44:09Z
22928,2632,2369,collaborates,0.7,158,2026-09-17T13:44:09Z,2026-09-17T13:44:09Z
22929,2697,2643,mentioned,0.165,114,2026-09-17T13:44:09Z,2026-09-17T13:44:09Z
22930,2232,2481,reshared,0.311,44,2026-09-17T13:44:09Z,2026-09-17T13:44:09Z
22931,2337,2259,tagged,0.457,182,2026-09-17T13:44:09Z,2026-09-17T13:44:09Z
22932,2540,2251,inspired_by,0.206,99,2026-09-17T13:44:09Z,2026-09-17T13:44:09Z
22933,2241,2399,follows,0.513,178,2026-09-17T13:44:09Z,2026-09-17T13:44:09Z
22934,2469,2444,collaborates,0.63,192,2026-09-17T13:44:09Z,2026-09-17T13:44:09Z
22935,2405,2605,mentioned,0.226,106,2026-09-17T13:44:09Z,2026-09-17T13:44:09Z
22936,2289,2666,reshared,0.846,105,2026-09-17T13:44:09Z,2026-09-17T13:44:09Z
22937,2410,2605,tagged,0.976,2,2026-09-17T13:44:09Z,2026-09-17T13:44:09Z
22938,2360,2493,duet,0.324,31,2026-09-17T13:44:09Z,2026-09-17T13:44:09Z
22939,2472,2224,inspired_by,0.226,185,2026-09-17T13:44:09Z,2026-09-17T13:44:09Z
22940,2524,2648,follows,0.48,176,2026-09-17T13:44:09Z,2026-09-17T13:44:09Z
22941,2534,2286,collaborates,0.714,100,2026-09-17T13:44:09Z,2026-09-17T13:44:09Z
22942,2380,2541,mentioned,0.581,77,2026-09-17T13:44:09Z,2026-09-17T13:44:09Z
22943,2386,2410,reshared,0.776,73,2026-09-17T13:44:09Z,2026-09-17T13:44:09Z
22944,2695,2333,tagged,0.495,166,2026-09-17T13:44:09Z,2026-09-17T13:44:09Z
22945,2406,2452,duet,0.359,187,2026-09-17T13:44:09Z,2026-09-17T13:44:09Z
22946,2519,2406,inspired_by,0.687,112,2026-09-17T13:44:09Z,2026-09-17T13:44:09Z
22947,2403,2509,follows,0.84,28,2026-09-17T13:44:09Z,2026-09-17T13:44:09Z
22948,2385,2227,collaborates,0.863,3,2026-09-17T13:44:09Z,2026-09-17T13:44:09Z
22949,2670,2620,mentioned,0.128,90,2026-09-17T13:44:09Z,2026-09-17T13:44:09Z
22950,2308,2574,tagged,0.437,53,2026-09-17T13:44:09Z,2026-09-17T13:44:09Z
22951,2601,2555,duet,0.991,177,2026-09-17T13:44:09Z,2026-09-17T13:44:09Z
22952,2342,2259,follows,0.498,2,2026-09-17T13:44:09Z,2026-09-17T13:44:09Z
22953,2575,2465,collaborates,0.676,128,2026-09-17T13:44:09Z,2026-09-17T13:44:09Z
22954,2317,2599,reshared,0.832,111,2026-09-17T13:44:09Z,2026-09-17T13:44:09Z
22955,2504,2399,tagged,0.582,107,2026-09-17T13:44:09Z,2026-09-17T13:44:09Z
22956,2248,2531,inspired_by,0.499,166,2026-09-17T13:44:09Z,2026-09-17T13:44:09Z
22957,2234,2555,follows,0.447,114,2026-09-17T13:44:09Z,2026-09-17T13:44:09Z
22958,2265,2367,collaborates,0.118,129,2026-09-17T13:44:09Z,2026-09-17T13:44:09Z
22959,2385,2546,mentioned,0.181,49,2026-09-17T13:44:09Z,2026-09-17T13:44:09Z
22960,2586,2378,reshared,0.953,73,2026-09-17T13:44:09Z,2026-09-17T13:44:09Z
22961,2241,2475,duet,0.479,132,2026-09-17T13:44:09Z,2026-09-17T13:44:09Z
22962,2267,2253,inspired_by,0.685,60,2026-09-17T13:44:09Z,2026-09-17T13:44:09Z
22963,2570,2653,follows,0.855,150,2026-09-17T13:44:09Z,2026-09-17T13:44:09Z
22964,2548,2428,mentioned,0.901,104,2026-09-17T13:44:09Z,2026-09-17T13:44:09Z
22965,2446,2662,reshared,0.82,68,2026-09-17T13:44:09Z,2026-09-17T13:44:09Z
22966,2543,2454,tagged,0.909,139,2026-09-17T13:44:09Z,2026-09-17T13:44:09Z
22967,2635,2229,duet,0.802,19,2026-09-17T13:44:09Z,2026-09-17T13:44:09Z
22968,2307,2642,inspired_by,0.543,24,2026-09-17T13:44:09Z,2026-09-17T13:44:09Z
22969,2588,2239,follows,0.879,160,2026-09-17T13:44:09Z,2026-09-17T13:44:09Z
22970,2312,2639,collaborates,0.456,104,2026-09-17T13:44:09Z,2026-09-17T13:44:09Z
22971,2559,2372,mentioned,0.103,84,2026-09-17T13:44:09Z,2026-09-17T13:44:09Z
22972,2578,2628,reshared,0.898,192,2026-09-17T13:44:09Z,2026-09-17T13:44:09Z
22973,2268,2518,tagged,0.741,141,2026-09-17T13:44:09Z,2026-09-17T13:44:09Z
22974,2224,2382,duet,0.422,187,2026-09-17T13:44:09Z,2026-09-17T13:44:09Z
22975,2261,2434,inspired_by,0.451,176,2026-09-17T13:44:09Z,2026-09-17T13:44:09Z
22976,2588,2388,follows,0.881,188,2026-09-17T13:44:09Z,2026-09-17T13:44:09Z
22977,2252,2260,collaborates,0.606,170,2026-09-17T13:44:09Z,2026-09-17T13:44:09Z
22978,2360,2364,mentioned,0.136,30,2026-09-17T13:44:09Z,2026-09-17T13:44:09Z
22979,2322,2610,reshared,0.781,79,2026-09-17T13:44:09Z,2026-09-17T13:44:09Z
22980,2382,2601,tagged,0.691,188,2026-09-17T13:44:09Z,2026-09-17T13:44:09Z
22981,2526,2459,duet,0.819,35,2026-09-17T13:44:09Z,2026-09-17T13:44:09Z
22982,2452,2349,follows,0.718,185,2026-09-17T13:44:09Z,2026-09-17T13:44:09Z
22983,2285,2675,reshared,0.198,60,2026-09-17T13:44:09Z,2026-09-17T13:44:09Z
22984,2276,2228,duet,0.893,142,2026-09-17T13:44:09Z,2026-09-17T13:44:09Z
22985,2388,2345,collaborates,0.799,94,2026-09-17T13:44:09Z,2026-09-17T13:44:09Z
22986,2488,2463,mentioned,0.914,116,2026-09-17T13:44:09Z,2026-09-17T13:44:09Z
22987,2407,2234,reshared,0.466,89,2026-09-17T13:44:09Z,2026-09-17T13:44:09Z
22988,2684,2661,duet,0.553,58,2026-09-17T13:44:09Z,2026-09-17T13:44:09Z
22989,2643,2679,inspired_by,0.586,77,2026-09-17T13:44:09Z,2026-09-17T13:44:09Z
22990,2442,2585,follows,0.875,75,2026-09-17T13:44:09Z,2026-09-17T13:44:09Z
22991,2616,2245,mentioned,0.532,135,2026-09-17T13:44:09Z,2026-09-17T13:44:09Z
22992,2433,2227,reshared,0.891,157,2026-09-17T13:44:09Z,2026-09-17T13:44:09Z
22993,2461,2467,tagged,0.796,163,2026-09-17T13:44:09Z,2026-09-17T13:44:09Z
22994,2598,2283,duet,0.787,176,2026-09-17T13:44:09Z,2026-09-17T13:44:09Z
22995,2267,2494,inspired_by,0.302,10,2026-09-17T13:44:09Z,2026-09-17T13:44:09Z
22996,2639,2377,follows,0.92,155,2026-09-17T13:44:09Z,2026-09-17T13:44:09Z
22997,2700,2529,collaborates,0.86,147,2026-09-17T13:44:09Z,2026-09-17T13:44:09Z
22998,2259,2653,reshared,0.207,28,2026-09-17T13:44:09Z,2026-09-17T13:44:09Z
22999,2597,2282,tagged,0.857,92,2026-09-17T13:44:09Z,2026-09-17T13:44:09Z
23000,2423,2359,duet,0.198,129,2026-09-17T13:44:09Z,2026-09-17T13:44:09Z
23001,2250,2373,inspired_by,0.343,107,2026-09-17T13:44:09Z,2026-09-17T13:44:09Z
23002,2375,2265,follows,0.481,9,2026-09-17T13:44:09Z,2026-09-17T13:44:09Z
23003,2553,2384,mentioned,0.469,32,2026-09-17T13:44:09Z,2026-09-17T13:44:09Z
23004,2318,2310,reshared,0.974,114,2026-09-17T13:44:09Z,2026-09-17T13:44:09Z
23005,2416,2657,tagged,0.964,112,2026-09-17T13:44:09Z,2026-09-17T13:44:09Z
23006,2339,2512,duet,0.408,100,2026-09-17T13:44:09Z,2026-09-17T13:44:09Z
23007,2628,2389,inspired_by,0.725,183,2026-09-17T13:44:09Z,2026-09-17T13:44:09Z
23008,2516,2315,follows,0.381,60,2026-09-17T13:44:09Z,2026-09-17T13:44:09Z
23009,2573,2355,collaborates,0.802,55,2026-09-17T13:44:09Z,2026-09-17T13:44:09Z
23010,2410,2598,mentioned,0.992,151,2026-09-17T13:44:09Z,2026-09-17T13:44:09Z
23011,2325,2478,reshared,0.37,195,2026-09-17T13:44:09Z,2026-09-17T13:44:09Z
23012,2366,2615,tagged,0.125,160,2026-09-17T13:44:09Z,2026-09-17T13:44:09Z
23013,2309,2256,duet,0.284,59,2026-09-17T13:44:09Z,2026-09-17T13:44:09Z
23014,2665,2516,inspired_by,0.13,29,2026-09-17T13:44:09Z,2026-09-17T13:44:09Z
23015,2428,2282,follows,0.963,31,2026-09-17T13:44:09Z,2026-09-17T13:44:09Z
23016,2409,2608,collaborates,0.198,81,2026-09-17T13:44:09Z,2026-09-17T13:44:09Z
23017,2430,2350,tagged,0.58,105,2026-09-17T13:44:09Z,2026-09-17T13:44:09Z
23018,2427,2408,duet,0.371,2,2026-09-17T13:44:09Z,2026-09-17T13:44:09Z
23019,2419,2660,inspired_by,0.287,104,2026-09-17T13:44:09Z,2026-09-17T13:44:09Z
23020,2605,2395,follows,0.5,29,2026-09-17T13:44:09Z,2026-09-17T13:44:09Z
23021,2411,2582,collaborates,0.483,149,2026-09-17T13:44:09Z,2026-09-17T13:44:09Z
23022,2499,2272,mentioned,0.247,160,2026-09-17T13:44:09Z,2026-09-17T13:44:09Z
23023,2571,2577,reshared,0.592,49,2026-09-17T13:44:09Z,2026-09-17T13:44:09Z
23024,2595,2400,tagged,0.468,118,2026-09-17T13:44:09Z,2026-09-17T13:44:09Z
23025,2386,2581,duet,0.838,65,2026-09-17T13:44:09Z,2026-09-17T13:44:09Z
23026,2694,2389,inspired_by,0.237,164,2026-09-17T13:44:09Z,2026-09-17T13:44:09Z
23027,2229,2308,follows,0.708,33,2026-09-17T13:44:09Z,2026-09-17T13:44:09Z
23028,2296,2490,collaborates,0.594,195,2026-09-17T13:44:09Z,2026-09-17T13:44:09Z
23029,2675,2638,mentioned,0.386,106,2026-09-17T13:44:09Z,2026-09-17T13:44:09Z
23030,2253,2457,reshared,0.468,28,2026-09-17T13:44:09Z,2026-09-17T13:44:09Z
23031,2698,2262,tagged,0.792,39,2026-09-17T13:44:09Z,2026-09-17T13:44:09Z
23032,2574,2567,duet,0.64,146,2026-09-17T13:44:09Z,2026-09-17T13:44:09Z
23033,2529,2235,inspired_by,0.862,155,2026-09-17T13:44:09Z,2026-09-17T13:44:09Z
23034,2551,2508,follows,0.966,81,2026-09-17T13:44:09Z,2026-09-17T13:44:09Z
23035,2664,2273,collaborates,0.92,145,2026-09-17T13:44:09Z,2026-09-17T13:44:09Z
23036,2537,2568,mentioned,0.803,129,2026-09-17T13:44:09Z,2026-09-17T13:44:09Z
23037,2503,2642,reshared,0.797,167,2026-09-17T13:44:09Z,2026-09-17T13:44:09Z
23038,2631,2617,tagged,0.759,64,2026-09-17T13:44:09Z,2026-09-17T13:44:09Z
23039,2618,2504,duet,0.565,141,2026-09-17T13:44:09Z,2026-09-17T13:44:09Z
23040,2244,2589,inspired_by,0.595,131,2026-09-17T13:44:09Z,2026-09-17T13:44:09Z
23041,2318,2474,follows,0.946,165,2026-09-17T13:44:09Z,2026-09-17T13:44:09Z
23042,2299,2468,collaborates,0.443,167,2026-09-17T13:44:09Z,2026-09-17T13:44:09Z
23043,2683,2485,tagged,0.125,113,2026-09-17T13:44:09Z,2026-09-17T13:44:09Z
23044,2476,2389,duet,0.142,91,2026-09-17T13:44:09Z,2026-09-17T13:44:09Z
23045,2519,2404,inspired_by,0.532,145,2026-09-17T13:44:09Z,2026-09-17T13:44:09Z
23046,2398,2469,follows,0.151,21,2026-09-17T13:44:09Z,2026-09-17T13:44:09Z
23047,2522,2635,collaborates,0.595,161,2026-09-17T13:44:09Z,2026-09-17T13:44:09Z
23048,2331,2305,mentioned,0.534,109,2026-09-17T13:44:09Z,2026-09-17T13:44:09Z
23049,2269,2237,reshared,0.597,10,2026-09-17T13:44:09Z,2026-09-17T13:44:09Z
23050,2224,2473,tagged,0.905,152,2026-09-17T13:44:09Z,2026-09-17T13:44:09Z
23051,2289,2485,duet,0.345,114,2026-09-17T13:44:09Z,2026-09-17T13:44:09Z
23052,2265,2507,inspired_by,0.198,163,2026-09-17T13:44:09Z,2026-09-17T13:44:09Z
23053,2653,2429,follows,0.594,100,2026-09-17T13:44:09Z,2026-09-17T13:44:09Z
23054,2232,2438,collaborates,0.945,116,2026-09-17T13:44:09Z,2026-09-17T13:44:09Z
23055,2263,2612,mentioned,0.569,85,2026-09-17T13:44:09Z,2026-09-17T13:44:09Z
23056,2399,2356,reshared,0.21,8,2026-09-17T13:44:09Z,2026-09-17T13:44:09Z
23057,2636,2681,duet,0.294,150,2026-09-17T13:44:09Z,2026-09-17T13:44:09Z
23058,2664,2589,inspired_by,0.365,87,2026-09-17T13:44:09Z,2026-09-17T13:44:09Z
23059,2277,2307,follows,0.926,102,2026-09-17T13:44:09Z,2026-09-17T13:44:09Z
23060,2357,2271,collaborates,0.376,49,2026-09-17T13:44:09Z,2026-09-17T13:44:09Z
23061,2510,2430,mentioned,0.214,35,2026-09-17T13:44:09Z,2026-09-17T13:44:09Z
23062,2629,2258,reshared,0.523,72,2026-09-17T13:44:09Z,2026-09-17T13:44:09Z
23063,2603,2229,tagged,0.818,141,2026-09-17T13:44:09Z,2026-09-17T13:44:09Z
23064,2285,2653,duet,0.194,187,2026-09-17T13:44:09Z,2026-09-17T13:44:09Z
23065,2481,2384,inspired_by,0.608,158,2026-09-17T13:44:09Z,2026-09-17T13:44:09Z
23066,2311,2631,follows,0.945,27,2026-09-17T13:44:09Z,2026-09-17T13:44:09Z
23067,2511,2638,collaborates,0.181,71,2026-09-17T13:44:09Z,2026-09-17T13:44:09Z
23068,2663,2623,mentioned,0.704,190,2026-09-17T13:44:09Z,2026-09-17T13:44:09Z
23069,2557,2345,reshared,0.29,83,2026-09-17T13:44:09Z,2026-09-17T13:44:09Z
23070,2537,2264,tagged,0.903,129,2026-09-17T13:44:09Z,2026-09-17T13:44:09Z
23071,2529,2418,inspired_by,0.439,129,2026-09-17T13:44:09Z,2026-09-17T13:44:09Z
23072,2457,2453,follows,0.37,89,2026-09-17T13:44:09Z,2026-09-17T13:44:09Z
23073,2682,2344,collaborates,0.439,41,2026-09-17T13:44:09Z,2026-09-17T13:44:09Z
23074,2360,2328,mentioned,0.575,149,2026-09-17T13:44:09Z,2026-09-17T13:44:09Z
23075,2661,2294,reshared,0.38,96,2026-09-17T13:44:09Z,2026-09-17T13:44:09Z
23076,2353,2225,tagged,0.208,155,2026-09-17T13:44:09Z,2026-09-17T13:44:09Z
23077,2687,2702,duet,0.624,98,2026-09-17T13:44:09Z,2026-09-17T13:44:09Z
23078,2391,2231,inspired_by,0.839,162,2026-09-17T13:44:09Z,2026-09-17T13:44:09Z
23079,2342,2379,follows,0.798,19,2026-09-17T13:44:09Z,2026-09-17T13:44:09Z
23080,2391,2413,collaborates,0.819,169,2026-09-17T13:44:09Z,2026-09-17T13:44:09Z
23081,2259,2245,mentioned,0.241,194,2026-09-17T13:44:09Z,2026-09-17T13:44:09Z
23082,2452,2582,reshared,0.242,110,2026-09-17T13:44:09Z,2026-09-17T13:44:09Z
23083,2332,2321,tagged,0.213,44,2026-09-17T13:44:09Z,2026-09-17T13:44:09Z
23084,2233,2498,duet,0.824,121,2026-09-17T13:44:09Z,2026-09-17T13:44:09Z
23085,2464,2284,follows,0.332,37,2026-09-17T13:44:09Z,2026-09-17T13:44:09Z
23086,2494,2300,collaborates,0.368,123,2026-09-17T13:44:09Z,2026-09-17T13:44:09Z
23087,2512,2386,mentioned,0.631,194,2026-09-17T13:44:09Z,2026-09-17T13:44:09Z
23088,2587,2360,tagged,0.395,39,2026-09-17T13:44:09Z,2026-09-17T13:44:09Z
23089,2319,2566,duet,0.741,72,2026-09-17T13:44:09Z,2026-09-17T13:44:09Z
23090,2509,2523,inspired_by,0.477,128,2026-09-17T13:44:09Z,2026-09-17T13:44:09Z
23091,2358,2666,follows,0.93,168,2026-09-17T13:44:09Z,2026-09-17T13:44:09Z
23092,2468,2250,collaborates,0.127,127,2026-09-17T13:44:09Z,2026-09-17T13:44:09Z
23093,2320,2446,mentioned,0.629,14,2026-09-17T13:44:09Z,2026-09-17T13:44:09Z
23094,2255,2586,reshared,0.574,83,2026-09-17T13:44:09Z,2026-09-17T13:44:09Z
23095,2546,2498,tagged,0.955,154,2026-09-17T13:44:09Z,2026-09-17T13:44:09Z
23096,2637,2289,duet,0.82,119,2026-09-17T13:44:09Z,2026-09-17T13:44:09Z
23097,2544,2634,inspired_by,0.271,21,2026-09-17T13:44:09Z,2026-09-17T13:44:09Z
23098,2586,2549,follows,0.841,167,2026-09-17T13:44:09Z,2026-09-17T13:44:09Z
23099,2253,2330,collaborates,0.512,24,2026-09-17T13:44:09Z,2026-09-17T13:44:09Z
23100,2671,2241,reshared,0.819,163,2026-09-17T13:44:09Z,2026-09-17T13:44:09Z
23101,2234,2637,tagged,0.646,174,2026-09-17T13:44:09Z,2026-09-17T13:44:09Z
23102,2364,2542,duet,0.221,91,2026-09-17T13:44:09Z,2026-09-17T13:44:09Z
23103,2592,2329,inspired_by,0.311,188,2026-09-17T13:44:09Z,2026-09-17T13:44:09Z
23104,2592,2278,follows,0.948,52,2026-09-17T13:44:09Z,2026-09-17T13:44:09Z
23105,2579,2636,collaborates,0.524,53,2026-09-17T13:44:09Z,2026-09-17T13:44:09Z
23106,2548,2244,mentioned,0.267,90,2026-09-17T13:44:09Z,2026-09-17T13:44:09Z
23107,2407,2292,reshared,0.822,118,2026-09-17T13:44:09Z,2026-09-17T13:44:09Z
23108,2519,2587,tagged,0.629,176,2026-09-17T13:44:09Z,2026-09-17T13:44:09Z
23109,2697,2422,duet,0.52,190,2026-09-17T13:44:09Z,2026-09-17T13:44:09Z
23110,2468,2384,inspired_by,0.599,101,2026-09-17T13:44:09Z,2026-09-17T13:44:09Z
23111,2658,2251,follows,0.799,164,2026-09-17T13:44:09Z,2026-09-17T13:44:09Z
23112,2388,2419,collaborates,0.436,24,2026-09-17T13:44:09Z,2026-09-17T13:44:09Z
23113,2265,2695,reshared,0.34,79,2026-09-17T13:44:09Z,2026-09-17T13:44:09Z
23114,2699,2423,tagged,0.515,181,2026-09-17T13:44:09Z,2026-09-17T13:44:09Z
23115,2424,2573,duet,0.401,149,2026-09-17T13:44:09Z,2026-09-17T13:44:09Z
23116,2522,2562,inspired_by,0.906,54,2026-09-17T13:44:09Z,2026-09-17T13:44:09Z
23117,2437,2461,follows,0.788,125,2026-09-17T13:44:09Z,2026-09-17T13:44:09Z
23118,2666,2345,collaborates,0.177,1,2026-09-17T13:44:09Z,2026-09-17T13:44:09Z
23119,2442,2493,mentioned,0.612,168,2026-09-17T13:44:09Z,2026-09-17T13:44:09Z
23120,2329,2447,reshared,0.267,141,2026-09-17T13:44:09Z,2026-09-17T13:44:09Z
23121,2579,2637,tagged,0.347,195,2026-09-17T13:44:09Z,2026-09-17T13:44:09Z
23122,2616,2675,duet,0.873,184,2026-09-17T13:44:09Z,2026-09-17T13:44:09Z
23123,2244,2655,inspired_by,0.327,104,2026-09-17T13:44:09Z,2026-09-17T13:44:09Z
23124,2592,2547,follows,0.184,153,2026-09-17T13:44:09Z,2026-09-17T13:44:09Z
23125,2659,2292,collaborates,0.771,77,2026-09-17T13:44:09Z,2026-09-17T13:44:09Z
23126,2387,2581,mentioned,0.639,106,2026-09-17T13:44:09Z,2026-09-17T13:44:09Z
23127,2485,2627,reshared,0.312,42,2026-09-17T13:44:09Z,2026-09-17T13:44:09Z
23128,2642,2534,tagged,0.649,29,2026-09-17T13:44:09Z,2026-09-17T13:44:09Z
23129,2498,2514,duet,0.751,88,2026-09-17T13:44:09Z,2026-09-17T13:44:09Z
23130,2525,2589,inspired_by,0.273,96,2026-09-17T13:44:09Z,2026-09-17T13:44:09Z
23131,2411,2229,follows,0.233,134,2026-09-17T13:44:09Z,2026-09-17T13:44:09Z
23132,2671,2313,collaborates,0.793,69,2026-09-17T13:44:09Z,2026-09-17T13:44:09Z
23133,2560,2379,mentioned,0.304,109,2026-09-17T13:44:09Z,2026-09-17T13:44:09Z
23134,2316,2600,reshared,0.313,56,2026-09-17T13:44:09Z,2026-09-17T13:44:09Z
23135,2557,2467,tagged,0.269,136,2026-09-17T13:44:09Z,2026-09-17T13:44:09Z
23136,2461,2691,inspired_by,0.964,78,2026-09-17T13:44:09Z,2026-09-17T13:44:09Z
23137,2432,2364,follows,0.322,57,2026-09-17T13:44:09Z,2026-09-17T13:44:09Z
23138,2301,2657,collaborates,0.15,50,2026-09-17T13:44:09Z,2026-09-17T13:44:09Z
23139,2669,2407,mentioned,0.887,49,2026-09-17T13:44:09Z,2026-09-17T13:44:09Z
23140,2299,2451,reshared,0.781,12,2026-09-17T13:44:09Z,2026-09-17T13:44:09Z
23141,2435,2632,tagged,0.479,54,2026-09-17T13:44:09Z,2026-09-17T13:44:09Z
23142,2282,2667,duet,0.207,41,2026-09-17T13:44:09Z,2026-09-17T13:44:09Z
23143,2331,2350,inspired_by,0.194,176,2026-09-17T13:44:09Z,2026-09-17T13:44:09Z
23144,2699,2276,follows,0.152,69,2026-09-17T13:44:09Z,2026-09-17T13:44:09Z
23145,2452,2230,collaborates,0.663,170,2026-09-17T13:44:09Z,2026-09-17T13:44:09Z
23146,2324,2362,mentioned,0.817,22,2026-09-17T13:44:09Z,2026-09-17T13:44:09Z
23147,2300,2278,reshared,0.567,168,2026-09-17T13:44:09Z,2026-09-17T13:44:09Z
23148,2379,2456,duet,0.903,123,2026-09-17T13:44:09Z,2026-09-17T13:44:09Z
23149,2654,2262,inspired_by,0.633,129,2026-09-17T13:44:09Z,2026-09-17T13:44:09Z
23150,2485,2398,follows,0.25,30,2026-09-17T13:44:09Z,2026-09-17T13:44:09Z
23151,2221,2279,collaborates,0.636,76,2026-09-17T13:44:09Z,2026-09-17T13:44:09Z
23152,2412,2463,mentioned,0.184,72,2026-09-17T13:44:09Z,2026-09-17T13:44:09Z
23153,2584,2491,reshared,0.249,117,2026-09-17T13:44:09Z,2026-09-17T13:44:09Z
23154,2638,2637,duet,0.289,107,2026-09-17T13:44:09Z,2026-09-17T13:44:09Z
23155,2585,2702,inspired_by,0.55,175,2026-09-17T13:44:09Z,2026-09-17T13:44:09Z
23156,2407,2604,collaborates,0.998,42,2026-09-17T13:44:09Z,2026-09-17T13:44:09Z
23157,2416,2415,mentioned,0.541,108,2026-09-17T13:44:09Z,2026-09-17T13:44:09Z
23158,2320,2569,tagged,0.549,180,2026-09-17T13:44:09Z,2026-09-17T13:44:09Z
23159,2505,2356,duet,0.485,1,2026-09-17T13:44:09Z,2026-09-17T13:44:09Z
23160,2564,2584,inspired_by,0.94,160,2026-09-17T13:44:09Z,2026-09-17T13:44:09Z
23161,2412,2591,mentioned,0.363,19,2026-09-17T13:44:09Z,2026-09-17T13:44:09Z
23162,2610,2401,duet,0.779,160,2026-09-17T13:44:09Z,2026-09-17T13:44:09Z
23163,2612,2311,inspired_by,0.999,41,2026-09-17T13:44:09Z,2026-09-17T13:44:09Z
23164,2521,2283,follows,0.507,36,2026-09-17T13:44:09Z,2026-09-17T13:44:09Z
23165,2370,2570,collaborates,0.513,5,2026-09-17T13:44:09Z,2026-09-17T13:44:09Z
23166,2417,2303,mentioned,0.984,175,2026-09-17T13:44:09Z,2026-09-17T13:44:09Z
23167,2369,2662,reshared,0.732,153,2026-09-17T13:44:09Z,2026-09-17T13:44:09Z
23168,2636,2443,tagged,0.6,143,2026-09-17T13:44:09Z,2026-09-17T13:44:09Z
23169,2628,2693,duet,0.382,102,2026-09-17T13:44:09Z,2026-09-17T13:44:09Z
23170,2273,2555,inspired_by,0.643,198,2026-09-17T13:44:09Z,2026-09-17T13:44:09Z
23171,2451,2396,follows,0.885,129,2026-09-17T13:44:09Z,2026-09-17T13:44:09Z
23172,2376,2328,collaborates,0.791,137,2026-09-17T13:44:09Z,2026-09-17T13:44:09Z
23173,2370,2676,reshared,0.579,84,2026-09-17T13:44:09Z,2026-09-17T13:44:09Z
23174,2610,2377,duet,0.565,129,2026-09-17T13:44:09Z,2026-09-17T13:44:09Z
23175,2300,2378,inspired_by,0.742,144,2026-09-17T13:44:09Z,2026-09-17T13:44:09Z
23176,2612,2250,follows,0.252,152,2026-09-17T13:44:09Z,2026-09-17T13:44:09Z
23177,2253,2387,collaborates,0.703,141,2026-09-17T13:44:09Z,2026-09-17T13:44:09Z
23178,2410,2588,mentioned,0.606,153,2026-09-17T13:44:09Z,2026-09-17T13:44:09Z
23179,2538,2616,reshared,0.76,30,2026-09-17T13:44:09Z,2026-09-17T13:44:09Z
23180,2336,2414,duet,0.247,180,2026-09-17T13:44:09Z,2026-09-17T13:44:09Z
23181,2702,2283,inspired_by,0.672,123,2026-09-17T13:44:09Z,2026-09-17T13:44:09Z
23182,2540,2502,follows,0.434,23,2026-09-17T13:44:09Z,2026-09-17T13:44:09Z
23183,2357,2680,collaborates,0.5,107,2026-09-17T13:44:09Z,2026-09-17T13:44:09Z
23184,2263,2600,mentioned,0.703,134,2026-09-17T13:44:09Z,2026-09-17T13:44:09Z
23185,2551,2269,reshared,0.27,25,2026-09-17T13:44:09Z,2026-09-17T13:44:09Z
23186,2256,2615,tagged,0.824,36,2026-09-17T13:44:09Z,2026-09-17T13:44:09Z
23187,2417,2537,duet,0.958,77,2026-09-17T13:44:09Z,2026-09-17T13:44:09Z
23188,2564,2649,inspired_by,0.663,161,2026-09-17T13:44:09Z,2026-09-17T13:44:09Z
23189,2312,2611,follows,0.439,144,2026-09-17T13:44:09Z,2026-09-17T13:44:09Z
23190,2669,2242,collaborates,0.838,129,2026-09-17T13:44:09Z,2026-09-17T13:44:09Z
23191,2555,2224,mentioned,0.373,147,2026-09-17T13:44:09Z,2026-09-17T13:44:09Z
23192,2508,2420,reshared,0.838,12,2026-09-17T13:44:09Z,2026-09-17T13:44:09Z
23193,2315,2385,tagged,0.49,60,2026-09-17T13:44:09Z,2026-09-17T13:44:09Z
23194,2322,2687,duet,0.174,79,2026-09-17T13:44:09Z,2026-09-17T13:44:09Z
23195,2595,2504,inspired_by,0.101,73,2026-09-17T13:44:09Z,2026-09-17T13:44:09Z
23196,2451,2702,follows,0.929,90,2026-09-17T13:44:09Z,2026-09-17T13:44:09Z
23197,2583,2619,collaborates,0.331,199,2026-09-17T13:44:09Z,2026-09-17T13:44:09Z
23198,2621,2457,mentioned,0.387,74,2026-09-17T13:44:09Z,2026-09-17T13:44:09Z
23199,2273,2459,reshared,0.874,133,2026-09-17T13:44:09Z,2026-09-17T13:44:09Z
23200,2327,2522,tagged,0.313,116,2026-09-17T13:44:09Z,2026-09-17T13:44:09Z
23201,2693,2412,duet,0.717,181,2026-09-17T13:44:09Z,2026-09-17T13:44:09Z
23202,2632,2566,inspired_by,0.28,190,2026-09-17T13:44:09Z,2026-09-17T13:44:09Z
23203,2240,2583,collaborates,0.186,86,2026-09-17T13:44:09Z,2026-09-17T13:44:09Z
23204,2623,2494,mentioned,0.76,84,2026-09-17T13:44:09Z,2026-09-17T13:44:09Z
23205,2657,2293,reshared,0.482,56,2026-09-17T13:44:09Z,2026-09-17T13:44:09Z
23206,2618,2368,tagged,0.97,84,2026-09-17T13:44:09Z,2026-09-17T13:44:09Z
23207,2505,2381,duet,0.976,150,2026-09-17T13:44:09Z,2026-09-17T13:44:09Z
23208,2691,2554,inspired_by,0.344,62,2026-09-17T13:44:09Z,2026-09-17T13:44:09Z
23209,2564,2284,follows,0.458,28,2026-09-17T13:44:09Z,2026-09-17T13:44:09Z
23210,2318,2392,collaborates,0.439,172,2026-09-17T13:44:09Z,2026-09-17T13:44:09Z
23211,2336,2426,mentioned,0.817,185,2026-09-17T13:44:09Z,2026-09-17T13:44:09Z
23212,2248,2506,reshared,0.178,22,2026-09-17T13:44:09Z,2026-09-17T13:44:09Z
23213,2551,2537,duet,0.395,88,2026-09-17T13:44:09Z,2026-09-17T13:44:09Z
23214,2235,2311,inspired_by,0.733,74,2026-09-17T13:44:09Z,2026-09-17T13:44:09Z
23215,2253,2400,follows,0.718,148,2026-09-17T13:44:09Z,2026-09-17T13:44:09Z
23216,2641,2459,collaborates,0.609,6,2026-09-17T13:44:09Z,2026-09-17T13:44:09Z
23217,2660,2278,mentioned,0.353,25,2026-09-17T13:44:09Z,2026-09-17T13:44:09Z
23218,2490,2330,reshared,0.288,174,2026-09-17T13:44:09Z,2026-09-17T13:44:09Z
23219,2654,2248,tagged,0.575,71,2026-09-17T13:44:09Z,2026-09-17T13:44:09Z
23220,2693,2625,duet,0.597,131,2026-09-17T13:44:09Z,2026-09-17T13:44:09Z
23221,2391,2509,inspired_by,0.771,146,2026-09-17T13:44:09Z,2026-09-17T13:44:09Z
23222,2369,2273,follows,0.556,52,2026-09-17T13:44:09Z,2026-09-17T13:44:09Z
23223,2558,2254,collaborates,0.642,19,2026-09-17T13:44:09Z,2026-09-17T13:44:09Z
23224,2665,2404,mentioned,0.958,190,2026-09-17T13:44:09Z,2026-09-17T13:44:09Z
23225,2563,2407,reshared,0.31,63,2026-09-17T13:44:09Z,2026-09-17T13:44:09Z
23226,2651,2256,tagged,0.703,113,2026-09-17T13:44:09Z,2026-09-17T13:44:09Z
23227,2564,2638,duet,0.814,2,2026-09-17T13:44:09Z,2026-09-17T13:44:09Z
23228,2224,2348,inspired_by,0.124,80,2026-09-17T13:44:09Z,2026-09-17T13:44:09Z
23229,2507,2258,collaborates,0.357,118,2026-09-17T13:44:09Z,2026-09-17T13:44:09Z
23230,2311,2652,mentioned,0.297,92,2026-09-17T13:44:09Z,2026-09-17T13:44:09Z
23231,2501,2305,reshared,0.842,118,2026-09-17T13:44:09Z,2026-09-17T13:44:09Z
23232,2661,2331,duet,0.301,9,2026-09-17T13:44:09Z,2026-09-17T13:44:09Z
23233,2447,2483,inspired_by,0.765,60,2026-09-17T13:44:09Z,2026-09-17T13:44:09Z
23234,2401,2480,follows,0.695,129,2026-09-17T13:44:09Z,2026-09-17T13:44:09Z
23235,2461,2260,collaborates,0.326,101,2026-09-17T13:44:09Z,2026-09-17T13:44:09Z
23236,2437,2340,mentioned,0.591,175,2026-09-17T13:44:09Z,2026-09-17T13:44:09Z
23237,2347,2446,reshared,0.8,93,2026-09-17T13:44:09Z,2026-09-17T13:44:09Z
23238,2335,2460,tagged,0.242,26,2026-09-17T13:44:09Z,2026-09-17T13:44:09Z
23239,2519,2452,duet,0.881,181,2026-09-17T13:44:09Z,2026-09-17T13:44:09Z
23240,2689,2326,follows,0.512,190,2026-09-17T13:44:09Z,2026-09-17T13:44:09Z
23241,2419,2408,reshared,0.521,135,2026-09-17T13:44:09Z,2026-09-17T13:44:09Z
23242,2327,2444,tagged,0.394,27,2026-09-17T13:44:09Z,2026-09-17T13:44:09Z
23243,2223,2513,inspired_by,0.287,166,2026-09-17T13:44:09Z,2026-09-17T13:44:09Z
23244,2600,2275,follows,0.149,94,2026-09-17T13:44:09Z,2026-09-17T13:44:09Z
23245,2366,2566,collaborates,0.51,9,2026-09-17T13:44:09Z,2026-09-17T13:44:09Z
23246,2672,2584,reshared,0.535,126,2026-09-17T13:44:09Z,2026-09-17T13:44:09Z
23247,2642,2523,tagged,0.823,166,2026-09-17T13:44:09Z,2026-09-17T13:44:09Z
23248,2668,2317,duet,0.134,39,2026-09-17T13:44:09Z,2026-09-17T13:44:09Z
23249,2526,2518,inspired_by,0.533,195,2026-09-17T13:44:09Z,2026-09-17T13:44:09Z
23250,2619,2543,follows,0.807,78,2026-09-17T13:44:09Z,2026-09-17T13:44:09Z
23251,2248,2368,collaborates,0.225,50,2026-09-17T13:44:09Z,2026-09-17T13:44:09Z
23252,2313,2429,mentioned,0.154,117,2026-09-17T13:44:09Z,2026-09-17T13:44:09Z
23253,2300,2229,reshared,0.9,28,2026-09-17T13:44:09Z,2026-09-17T13:44:09Z
23254,2224,2690,duet,0.915,183,2026-09-17T13:44:09Z,2026-09-17T13:44:09Z
23255,2610,2343,inspired_by,0.125,83,2026-09-17T13:44:09Z,2026-09-17T13:44:09Z
23256,2573,2481,follows,0.5,22,2026-09-17T13:44:09Z,2026-09-17T13:44:09Z
23257,2410,2341,collaborates,0.489,48,2026-09-17T13:44:09Z,2026-09-17T13:44:09Z
23258,2261,2554,mentioned,0.518,20,2026-09-17T13:44:09Z,2026-09-17T13:44:09Z
23259,2305,2485,reshared,0.297,4,2026-09-17T13:44:09Z,2026-09-17T13:44:09Z
23260,2531,2558,tagged,0.972,22,2026-09-17T13:44:09Z,2026-09-17T13:44:09Z
23261,2223,2609,duet,0.797,128,2026-09-17T13:44:09Z,2026-09-17T13:44:09Z
23262,2504,2412,inspired_by,0.906,124,2026-09-17T13:44:09Z,2026-09-17T13:44:09Z
23263,2666,2615,follows,0.824,155,2026-09-17T13:44:09Z,2026-09-17T13:44:09Z
23264,2624,2501,collaborates,0.425,110,2026-09-17T13:44:09Z,2026-09-17T13:44:09Z
23265,2541,2458,mentioned,0.844,47,2026-09-17T13:44:09Z,2026-09-17T13:44:09Z
23266,2563,2400,reshared,0.313,71,2026-09-17T13:44:09Z,2026-09-17T13:44:09Z
23267,2399,2694,tagged,0.638,130,2026-09-17T13:44:09Z,2026-09-17T13:44:09Z
23268,2544,2647,duet,0.124,161,2026-09-17T13:44:09Z,2026-09-17T13:44:09Z
23269,2245,2610,inspired_by,0.148,63,2026-09-17T13:44:09Z,2026-09-17T13:44:09Z
23270,2672,2393,follows,0.76,57,2026-09-17T13:44:09Z,2026-09-17T13:44:09Z
23271,2248,2339,collaborates,0.112,181,2026-09-17T13:44:09Z,2026-09-17T13:44:09Z
23272,2356,2622,mentioned,0.686,164,2026-09-17T13:44:09Z,2026-09-17T13:44:09Z
23273,2239,2244,reshared,0.324,69,2026-09-17T13:44:09Z,2026-09-17T13:44:09Z
23274,2245,2322,tagged,0.516,72,2026-09-17T13:44:09Z,2026-09-17T13:44:09Z
23275,2600,2409,duet,0.36,52,2026-09-17T13:44:09Z,2026-09-17T13:44:09Z
23276,2352,2672,inspired_by,0.487,191,2026-09-17T13:44:09Z,2026-09-17T13:44:09Z
23277,2517,2639,follows,0.177,150,2026-09-17T13:44:09Z,2026-09-17T13:44:09Z
23278,2673,2270,collaborates,0.851,143,2026-09-17T13:44:09Z,2026-09-17T13:44:09Z
23279,2576,2629,mentioned,0.224,194,2026-09-17T13:44:09Z,2026-09-17T13:44:09Z
23280,2314,2654,reshared,0.259,78,2026-09-17T13:44:09Z,2026-09-17T13:44:09Z
23281,2235,2633,tagged,0.994,143,2026-09-17T13:44:09Z,2026-09-17T13:44:09Z
23282,2262,2457,duet,0.249,165,2026-09-17T13:44:09Z,2026-09-17T13:44:09Z
23283,2311,2393,inspired_by,0.612,37,2026-09-17T13:44:09Z,2026-09-17T13:44:09Z
23284,2352,2305,follows,0.316,134,2026-09-17T13:44:09Z,2026-09-17T13:44:09Z
23285,2270,2272,collaborates,0.692,39,2026-09-17T13:44:09Z,2026-09-17T13:44:09Z
23286,2671,2455,mentioned,0.582,153,2026-09-17T13:44:09Z,2026-09-17T13:44:09Z
23287,2653,2412,reshared,0.384,46,2026-09-17T13:44:09Z,2026-09-17T13:44:09Z
23288,2269,2530,tagged,0.773,162,2026-09-17T13:44:09Z,2026-09-17T13:44:09Z
23289,2329,2362,duet,0.974,68,2026-09-17T13:44:09Z,2026-09-17T13:44:09Z
23290,2424,2507,inspired_by,0.807,158,2026-09-17T13:44:09Z,2026-09-17T13:44:09Z
23291,2319,2538,follows,0.942,38,2026-09-17T13:44:09Z,2026-09-17T13:44:09Z
23292,2349,2259,collaborates,0.444,164,2026-09-17T13:44:09Z,2026-09-17T13:44:09Z
23293,2681,2607,mentioned,0.249,21,2026-09-17T13:44:09Z,2026-09-17T13:44:09Z
23294,2410,2568,reshared,0.238,182,2026-09-17T13:44:09Z,2026-09-17T13:44:09Z
23295,2337,2376,tagged,0.947,35,2026-09-17T13:44:09Z,2026-09-17T13:44:09Z
23296,2287,2668,duet,0.675,79,2026-09-17T13:44:09Z,2026-09-17T13:44:09Z
23297,2522,2484,inspired_by,0.573,135,2026-09-17T13:44:09Z,2026-09-17T13:44:09Z
23298,2592,2234,follows,0.513,59,2026-09-17T13:44:09Z,2026-09-17T13:44:09Z
23299,2590,2507,collaborates,0.443,36,2026-09-17T13:44:09Z,2026-09-17T13:44:09Z
23300,2494,2670,mentioned,0.629,165,2026-09-17T13:44:09Z,2026-09-17T13:44:09Z
23301,2398,2661,tagged,0.751,91,2026-09-17T13:44:09Z,2026-09-17T13:44:09Z
23302,2505,2667,duet,0.563,108,2026-09-17T13:44:09Z,2026-09-17T13:44:09Z
23303,2468,2431,inspired_by,0.265,164,2026-09-17T13:44:09Z,2026-09-17T13:44:09Z
23304,2317,2451,follows,0.876,4,2026-09-17T13:44:09Z,2026-09-17T13:44:09Z
23305,2272,2630,collaborates,0.206,139,2026-09-17T13:44:09Z,2026-09-17T13:44:09Z
23306,2414,2487,mentioned,0.351,187,2026-09-17T13:44:09Z,2026-09-17T13:44:09Z
23307,2526,2583,reshared,0.764,83,2026-09-17T13:44:09Z,2026-09-17T13:44:09Z
23308,2604,2356,tagged,0.677,96,2026-09-17T13:44:09Z,2026-09-17T13:44:09Z
23309,2616,2404,duet,0.862,43,2026-09-17T13:44:09Z,2026-09-17T13:44:09Z
23310,2446,2242,inspired_by,0.291,54,2026-09-17T13:44:09Z,2026-09-17T13:44:09Z
23311,2445,2531,follows,0.207,190,2026-09-17T13:44:09Z,2026-09-17T13:44:09Z
23312,2250,2342,collaborates,0.274,132,2026-09-17T13:44:09Z,2026-09-17T13:44:09Z
23313,2592,2565,mentioned,0.567,115,2026-09-17T13:44:09Z,2026-09-17T13:44:09Z
23314,2235,2513,reshared,0.463,196,2026-09-17T13:44:09Z,2026-09-17T13:44:09Z
23315,2531,2450,tagged,0.883,77,2026-09-17T13:44:09Z,2026-09-17T13:44:09Z
23316,2315,2302,duet,0.115,65,2026-09-17T13:44:09Z,2026-09-17T13:44:09Z
23317,2602,2236,inspired_by,0.135,130,2026-09-17T13:44:09Z,2026-09-17T13:44:09Z
23318,2464,2259,follows,0.356,110,2026-09-17T13:44:09Z,2026-09-17T13:44:09Z
23319,2454,2339,collaborates,0.679,89,2026-09-17T13:44:09Z,2026-09-17T13:44:09Z
23320,2443,2349,reshared,0.992,163,2026-09-17T13:44:09Z,2026-09-17T13:44:09Z
23321,2648,2244,tagged,0.514,91,2026-09-17T13:44:09Z,2026-09-17T13:44:09Z
23322,2621,2570,duet,0.638,127,2026-09-17T13:44:09Z,2026-09-17T13:44:09Z
23323,2318,2334,inspired_by,0.634,48,2026-09-17T13:44:09Z,2026-09-17T13:44:09Z
23324,2547,2302,follows,0.64,112,2026-09-17T13:44:09Z,2026-09-17T13:44:09Z
23325,2683,2305,mentioned,0.119,163,2026-09-17T13:44:09Z,2026-09-17T13:44:09Z
23326,2261,2221,reshared,0.435,18,2026-09-17T13:44:09Z,2026-09-17T13:44:09Z
23327,2570,2640,tagged,0.281,12,2026-09-17T13:44:09Z,2026-09-17T13:44:09Z
23328,2586,2529,inspired_by,0.357,140,2026-09-17T13:44:09Z,2026-09-17T13:44:09Z
23329,2373,2649,follows,0.809,31,2026-09-17T13:44:09Z,2026-09-17T13:44:09Z
23330,2415,2342,collaborates,0.104,22,2026-09-17T13:44:09Z,2026-09-17T13:44:09Z
23331,2428,2227,reshared,0.673,191,2026-09-17T13:44:09Z,2026-09-17T13:44:09Z
23332,2244,2625,tagged,0.59,108,2026-09-17T13:44:09Z,2026-09-17T13:44:09Z
23333,2498,2608,duet,0.726,80,2026-09-17T13:44:09Z,2026-09-17T13:44:09Z
23334,2564,2410,inspired_by,0.864,84,2026-09-17T13:44:09Z,2026-09-17T13:44:09Z
23335,2605,2653,follows,0.331,124,2026-09-17T13:44:09Z,2026-09-17T13:44:09Z
23336,2400,2703,collaborates,0.457,68,2026-09-17T13:44:09Z,2026-09-17T13:44:09Z
23337,2422,2234,mentioned,0.932,6,2026-09-17T13:44:09Z,2026-09-17T13:44:09Z
23338,2612,2222,reshared,0.529,28,2026-09-17T13:44:09Z,2026-09-17T13:44:09Z
23339,2646,2628,tagged,0.113,50,2026-09-17T13:44:09Z,2026-09-17T13:44:09Z
23340,2376,2385,duet,0.237,65,2026-09-17T13:44:09Z,2026-09-17T13:44:09Z
23341,2437,2694,inspired_by,0.187,2,2026-09-17T13:44:09Z,2026-09-17T13:44:09Z
23342,2346,2529,follows,0.617,38,2026-09-17T13:44:09Z,2026-09-17T13:44:09Z
23343,2288,2352,collaborates,0.753,61,2026-09-17T13:44:09Z,2026-09-17T13:44:09Z
23344,2612,2235,mentioned,0.753,165,2026-09-17T13:44:09Z,2026-09-17T13:44:09Z
23345,2240,2495,reshared,0.985,170,2026-09-17T13:44:09Z,2026-09-17T13:44:09Z
23346,2627,2232,tagged,0.709,90,2026-09-17T13:44:09Z,2026-09-17T13:44:09Z
23347,2529,2567,duet,0.68,3,2026-09-17T13:44:09Z,2026-09-17T13:44:09Z
23348,2561,2221,inspired_by,0.77,46,2026-09-17T13:44:09Z,2026-09-17T13:44:09Z
23349,2643,2400,follows,0.664,121,2026-09-17T13:44:09Z,2026-09-17T13:44:09Z
23350,2528,2689,collaborates,0.573,107,2026-09-17T13:44:09Z,2026-09-17T13:44:09Z
23351,2365,2536,mentioned,0.399,123,2026-09-17T13:44:09Z,2026-09-17T13:44:09Z
23352,2237,2321,reshared,0.965,181,2026-09-17T13:44:09Z,2026-09-17T13:44:09Z
23353,2418,2703,tagged,0.189,29,2026-09-17T13:44:09Z,2026-09-17T13:44:09Z
23354,2396,2623,duet,0.797,15,2026-09-17T13:44:09Z,2026-09-17T13:44:09Z
23355,2557,2583,inspired_by,0.119,189,2026-09-17T13:44:09Z,2026-09-17T13:44:09Z
23356,2529,2381,follows,0.476,199,2026-09-17T13:44:09Z,2026-09-17T13:44:09Z
23357,2518,2399,collaborates,0.918,89,2026-09-17T13:44:09Z,2026-09-17T13:44:09Z
23358,2221,2346,mentioned,0.424,65,2026-09-17T13:44:09Z,2026-09-17T13:44:09Z
23359,2326,2380,reshared,0.521,173,2026-09-17T13:44:09Z,2026-09-17T13:44:09Z
23360,2332,2529,tagged,0.423,8,2026-09-17T13:44:09Z,2026-09-17T13:44:09Z
23361,2566,2584,duet,0.243,10,2026-09-17T13:44:09Z,2026-09-17T13:44:09Z
23362,2624,2472,inspired_by,0.372,112,2026-09-17T13:44:09Z,2026-09-17T13:44:09Z
23363,2270,2534,follows,0.6,55,2026-09-17T13:44:09Z,2026-09-17T13:44:09Z
23364,2367,2683,collaborates,0.578,180,2026-09-17T13:44:09Z,2026-09-17T13:44:09Z
23365,2222,2341,mentioned,0.152,7,2026-09-17T13:44:09Z,2026-09-17T13:44:09Z
23366,2446,2382,reshared,0.31,122,2026-09-17T13:44:09Z,2026-09-17T13:44:09Z
23367,2379,2497,tagged,0.111,114,2026-09-17T13:44:09Z,2026-09-17T13:44:09Z
23368,2454,2314,inspired_by,0.996,94,2026-09-17T13:44:09Z,2026-09-17T13:44:09Z
23369,2628,2572,follows,0.599,142,2026-09-17T13:44:09Z,2026-09-17T13:44:09Z
23370,2221,2452,collaborates,0.746,58,2026-09-17T13:44:09Z,2026-09-17T13:44:09Z
23371,2316,2655,mentioned,0.304,44,2026-09-17T13:44:09Z,2026-09-17T13:44:09Z
23372,2492,2476,reshared,0.909,135,2026-09-17T13:44:09Z,2026-09-17T13:44:09Z
23373,2376,2309,duet,0.655,59,2026-09-17T13:44:09Z,2026-09-17T13:44:09Z
23374,2537,2424,inspired_by,0.964,116,2026-09-17T13:44:09Z,2026-09-17T13:44:09Z
23375,2623,2489,follows,0.768,26,2026-09-17T13:44:09Z,2026-09-17T13:44:09Z
23376,2542,2265,collaborates,0.652,1,2026-09-17T13:44:09Z,2026-09-17T13:44:09Z
23377,2565,2596,mentioned,0.39,129,2026-09-17T13:44:09Z,2026-09-17T13:44:09Z
23378,2325,2450,reshared,0.846,174,2026-09-17T13:44:09Z,2026-09-17T13:44:09Z
23379,2268,2666,tagged,0.325,85,2026-09-17T13:44:09Z,2026-09-17T13:44:09Z
23380,2575,2592,duet,0.482,158,2026-09-17T13:44:09Z,2026-09-17T13:44:09Z
23381,2398,2516,inspired_by,0.787,98,2026-09-17T13:44:09Z,2026-09-17T13:44:09Z
23382,2288,2470,follows,0.361,165,2026-09-17T13:44:09Z,2026-09-17T13:44:09Z
23383,2228,2450,collaborates,0.477,171,2026-09-17T13:44:09Z,2026-09-17T13:44:09Z
23384,2691,2629,mentioned,0.298,53,2026-09-17T13:44:09Z,2026-09-17T13:44:09Z
23385,2372,2331,reshared,0.393,34,2026-09-17T13:44:09Z,2026-09-17T13:44:09Z
23386,2263,2643,duet,0.748,76,2026-09-17T13:44:09Z,2026-09-17T13:44:09Z
23387,2305,2466,follows,0.656,158,2026-09-17T13:44:09Z,2026-09-17T13:44:09Z
23388,2510,2662,collaborates,0.848,144,2026-09-17T13:44:09Z,2026-09-17T13:44:09Z
23389,2338,2583,mentioned,0.554,38,2026-09-17T13:44:09Z,2026-09-17T13:44:09Z
23390,2372,2246,reshared,0.222,79,2026-09-17T13:44:09Z,2026-09-17T13:44:09Z
23391,2338,2382,duet,0.275,86,2026-09-17T13:44:09Z,2026-09-17T13:44:09Z
23392,2660,2542,follows,0.105,36,2026-09-17T13:44:09Z,2026-09-17T13:44:09Z
23393,2686,2240,collaborates,0.685,115,2026-09-17T13:44:09Z,2026-09-17T13:44:09Z
23394,2584,2247,mentioned,0.987,107,2026-09-17T13:44:09Z,2026-09-17T13:44:09Z
23395,2685,2624,reshared,0.42,71,2026-09-17T13:44:09Z,2026-09-17T13:44:09Z
23396,2477,2237,tagged,0.814,43,2026-09-17T13:44:09Z,2026-09-17T13:44:09Z
23397,2440,2378,duet,0.242,81,2026-09-17T13:44:09Z,2026-09-17T13:44:09Z
23398,2563,2497,inspired_by,0.649,128,2026-09-17T13:44:09Z,2026-09-17T13:44:09Z
23399,2698,2456,follows,0.183,100,2026-09-17T13:44:09Z,2026-09-17T13:44:09Z
23400,2497,2628,collaborates,0.909,41,2026-09-17T13:44:09Z,2026-09-17T13:44:09Z
23401,2598,2301,mentioned,0.787,9,2026-09-17T13:44:09Z,2026-09-17T13:44:09Z
23402,2273,2283,reshared,0.936,20,2026-09-17T13:44:09Z,2026-09-17T13:44:09Z
23403,2398,2697,duet,0.682,184,2026-09-17T13:44:09Z,2026-09-17T13:44:09Z
23404,2607,2234,inspired_by,0.733,120,2026-09-17T13:44:09Z,2026-09-17T13:44:09Z
23405,2335,2518,follows,0.838,191,2026-09-17T13:44:09Z,2026-09-17T13:44:09Z
23406,2475,2583,collaborates,0.168,62,2026-09-17T13:44:09Z,2026-09-17T13:44:09Z
23407,2655,2652,mentioned,0.765,148,2026-09-17T13:44:09Z,2026-09-17T13:44:09Z
23408,2695,2282,reshared,0.457,125,2026-09-17T13:44:09Z,2026-09-17T13:44:09Z
23409,2300,2573,tagged,0.379,169,2026-09-17T13:44:09Z,2026-09-17T13:44:09Z
23410,2351,2366,duet,0.251,11,2026-09-17T13:44:09Z,2026-09-17T13:44:09Z
23411,2491,2349,inspired_by,0.607,157,2026-09-17T13:44:09Z,2026-09-17T13:44:09Z
23412,2469,2606,follows,0.191,159,2026-09-17T13:44:09Z,2026-09-17T13:44:09Z
23413,2446,2571,collaborates,0.243,61,2026-09-17T13:44:09Z,2026-09-17T13:44:09Z
23414,2658,2628,mentioned,0.418,197,2026-09-17T13:44:09Z,2026-09-17T13:44:09Z
23415,2223,2545,reshared,0.855,78,2026-09-17T13:44:09Z,2026-09-17T13:44:09Z
23416,2255,2478,tagged,0.452,100,2026-09-17T13:44:09Z,2026-09-17T13:44:09Z
23417,2380,2646,inspired_by,0.69,156,2026-09-17T13:44:09Z,2026-09-17T13:44:09Z
23418,2482,2312,collaborates,0.194,69,2026-09-17T13:44:09Z,2026-09-17T13:44:09Z
23419,2511,2660,mentioned,0.141,176,2026-09-17T13:44:09Z,2026-09-17T13:44:09Z
23420,2414,2298,tagged,0.314,65,2026-09-17T13:44:09Z,2026-09-17T13:44:09Z
23421,2619,2493,duet,0.601,53,2026-09-17T13:44:09Z,2026-09-17T13:44:09Z
23422,2326,2388,inspired_by,0.859,166,2026-09-17T13:44:09Z,2026-09-17T13:44:09Z
23423,2545,2591,follows,0.621,65,2026-09-17T13:44:09Z,2026-09-17T13:44:09Z
23424,2274,2662,collaborates,0.406,87,2026-09-17T13:44:09Z,2026-09-17T13:44:09Z
23425,2228,2449,mentioned,0.399,122,2026-09-17T13:44:09Z,2026-09-17T13:44:09Z
23426,2497,2652,reshared,0.343,5,2026-09-17T13:44:09Z,2026-09-17T13:44:09Z
23427,2361,2225,tagged,0.694,20,2026-09-17T13:44:09Z,2026-09-17T13:44:09Z
23428,2275,2224,duet,0.444,28,2026-09-17T13:44:09Z,2026-09-17T13:44:09Z
23429,2434,2326,inspired_by,0.142,17,2026-09-17T13:44:09Z,2026-09-17T13:44:09Z
23430,2569,2503,follows,0.88,41,2026-09-17T13:44:09Z,2026-09-17T13:44:09Z
23431,2678,2553,collaborates,0.7,141,2026-09-17T13:44:09Z,2026-09-17T13:44:09Z
23432,2609,2411,mentioned,0.383,194,2026-09-17T13:44:09Z,2026-09-17T13:44:09Z
23433,2238,2467,tagged,0.413,20,2026-09-17T13:44:09Z,2026-09-17T13:44:09Z
23434,2392,2333,inspired_by,0.97,20,2026-09-17T13:44:09Z,2026-09-17T13:44:09Z
23435,2687,2523,follows,0.468,163,2026-09-17T13:44:09Z,2026-09-17T13:44:09Z
23436,2457,2323,collaborates,0.675,189,2026-09-17T13:44:09Z,2026-09-17T13:44:09Z
23437,2294,2703,mentioned,0.383,74,2026-09-17T13:44:09Z,2026-09-17T13:44:09Z
23438,2356,2501,reshared,0.993,98,2026-09-17T13:44:09Z,2026-09-17T13:44:09Z
23439,2471,2577,duet,0.313,199,2026-09-17T13:44:09Z,2026-09-17T13:44:09Z
23440,2433,2424,inspired_by,0.462,11,2026-09-17T13:44:09Z,2026-09-17T13:44:09Z
23441,2616,2626,follows,0.373,180,2026-09-17T13:44:09Z,2026-09-17T13:44:09Z
23442,2376,2260,collaborates,0.57,58,2026-09-17T13:44:09Z,2026-09-17T13:44:09Z
23443,2269,2392,tagged,0.629,105,2026-09-17T13:44:09Z,2026-09-17T13:44:09Z
23444,2532,2430,duet,0.512,171,2026-09-17T13:44:09Z,2026-09-17T13:44:09Z
23445,2239,2615,follows,0.884,61,2026-09-17T13:44:09Z,2026-09-17T13:44:09Z
23446,2242,2682,collaborates,0.864,90,2026-09-17T13:44:09Z,2026-09-17T13:44:09Z
23447,2260,2628,mentioned,0.692,172,2026-09-17T13:44:09Z,2026-09-17T13:44:09Z
23448,2482,2666,reshared,0.855,181,2026-09-17T13:44:09Z,2026-09-17T13:44:09Z
23449,2257,2621,duet,0.572,15,2026-09-17T13:44:09Z,2026-09-17T13:44:09Z
23450,2625,2640,inspired_by,0.919,154,2026-09-17T13:44:09Z,2026-09-17T13:44:09Z
23451,2239,2418,follows,0.37,69,2026-09-17T13:44:09Z,2026-09-17T13:44:09Z
23452,2654,2415,collaborates,0.634,127,2026-09-17T13:44:09Z,2026-09-17T13:44:09Z
23453,2670,2695,reshared,0.251,126,2026-09-17T13:44:09Z,2026-09-17T13:44:09Z
23454,2345,2433,tagged,0.491,30,2026-09-17T13:44:09Z,2026-09-17T13:44:09Z
23455,2612,2661,duet,0.519,6,2026-09-17T13:44:09Z,2026-09-17T13:44:09Z
23456,2235,2520,inspired_by,0.522,173,2026-09-17T13:44:09Z,2026-09-17T13:44:09Z
23457,2547,2599,follows,0.165,16,2026-09-17T13:44:09Z,2026-09-17T13:44:09Z
23458,2393,2298,collaborates,0.815,192,2026-09-17T13:44:09Z,2026-09-17T13:44:09Z
23459,2336,2346,mentioned,0.547,86,2026-09-17T13:44:09Z,2026-09-17T13:44:09Z
23460,2549,2530,reshared,0.939,85,2026-09-17T13:44:09Z,2026-09-17T13:44:09Z
23461,2407,2516,tagged,0.316,64,2026-09-17T13:44:09Z,2026-09-17T13:44:09Z
23462,2312,2544,collaborates,0.739,47,2026-09-17T13:44:09Z,2026-09-17T13:44:09Z
23463,2668,2507,mentioned,0.988,30,2026-09-17T13:44:09Z,2026-09-17T13:44:09Z
23464,2337,2543,reshared,0.156,185,2026-09-17T13:44:09Z,2026-09-17T13:44:09Z
23465,2255,2406,tagged,0.617,35,2026-09-17T13:44:09Z,2026-09-17T13:44:09Z
23466,2469,2564,duet,0.41,56,2026-09-17T13:44:09Z,2026-09-17T13:44:09Z
23467,2498,2556,inspired_by,0.556,87,2026-09-17T13:44:09Z,2026-09-17T13:44:09Z
23468,2303,2644,follows,0.226,72,2026-09-17T13:44:09Z,2026-09-17T13:44:09Z
23469,2669,2224,collaborates,0.571,82,2026-09-17T13:44:09Z,2026-09-17T13:44:09Z
23470,2669,2323,mentioned,0.7,118,2026-09-17T13:44:09Z,2026-09-17T13:44:09Z
23471,2338,2670,reshared,0.617,120,2026-09-17T13:44:09Z,2026-09-17T13:44:09Z
23472,2359,2372,tagged,0.32,64,2026-09-17T13:44:09Z,2026-09-17T13:44:09Z
23473,2384,2606,duet,0.831,55,2026-09-17T13:44:09Z,2026-09-17T13:44:09Z
23474,2263,2293,inspired_by,0.408,120,2026-09-17T13:44:09Z,2026-09-17T13:44:09Z
23475,2448,2571,follows,0.995,67,2026-09-17T13:44:09Z,2026-09-17T13:44:09Z
23476,2480,2634,collaborates,0.636,166,2026-09-17T13:44:09Z,2026-09-17T13:44:09Z
23477,2510,2468,mentioned,0.601,30,2026-09-17T13:44:09Z,2026-09-17T13:44:09Z
23478,2646,2576,reshared,0.566,61,2026-09-17T13:44:09Z,2026-09-17T13:44:09Z
23479,2363,2298,tagged,0.798,158,2026-09-17T13:44:09Z,2026-09-17T13:44:09Z
23480,2224,2504,duet,0.638,180,2026-09-17T13:44:09Z,2026-09-17T13:44:09Z
23481,2455,2381,inspired_by,0.739,48,2026-09-17T13:44:09Z,2026-09-17T13:44:09Z
23482,2224,2453,follows,0.962,75,2026-09-17T13:44:09Z,2026-09-17T13:44:09Z
23483,2574,2472,collaborates,0.767,90,2026-09-17T13:44:09Z,2026-09-17T13:44:09Z
23484,2250,2352,mentioned,0.481,167,2026-09-17T13:44:09Z,2026-09-17T13:44:09Z
23485,2434,2288,reshared,0.777,30,2026-09-17T13:44:09Z,2026-09-17T13:44:09Z
23486,2683,2503,duet,0.159,18,2026-09-17T13:44:09Z,2026-09-17T13:44:09Z
23487,2576,2681,inspired_by,0.551,188,2026-09-17T13:44:09Z,2026-09-17T13:44:09Z
23488,2240,2564,follows,0.616,108,2026-09-17T13:44:09Z,2026-09-17T13:44:09Z
23489,2388,2490,collaborates,0.286,65,2026-09-17T13:44:09Z,2026-09-17T13:44:09Z
23490,2235,2370,mentioned,0.641,185,2026-09-17T13:44:09Z,2026-09-17T13:44:09Z
23491,2699,2682,reshared,0.224,143,2026-09-17T13:44:09Z,2026-09-17T13:44:09Z
23492,2361,2477,tagged,0.945,8,2026-09-17T13:44:09Z,2026-09-17T13:44:09Z
23493,2398,2329,duet,0.56,86,2026-09-17T13:44:09Z,2026-09-17T13:44:09Z
23494,2664,2595,inspired_by,0.394,147,2026-09-17T13:44:09Z,2026-09-17T13:44:09Z
23495,2429,2449,follows,0.385,152,2026-09-17T13:44:09Z,2026-09-17T13:44:09Z
23496,2331,2379,collaborates,0.992,78,2026-09-17T13:44:09Z,2026-09-17T13:44:09Z
23497,2616,2525,mentioned,0.244,92,2026-09-17T13:44:09Z,2026-09-17T13:44:09Z
23498,2433,2399,reshared,0.17,5,2026-09-17T13:44:09Z,2026-09-17T13:44:09Z
23499,2563,2592,tagged,0.39,45,2026-09-17T13:44:09Z,2026-09-17T13:44:09Z
23500,2280,2223,duet,0.212,16,2026-09-17T13:44:09Z,2026-09-17T13:44:09Z
23501,2303,2227,inspired_by,0.435,188,2026-09-17T13:44:09Z,2026-09-17T13:44:09Z
23502,2227,2475,collaborates,0.177,50,2026-09-17T13:44:09Z,2026-09-17T13:44:09Z
23503,2516,2505,mentioned,0.385,161,2026-09-17T13:44:09Z,2026-09-17T13:44:09Z
23504,2650,2229,tagged,0.152,11,2026-09-17T13:44:09Z,2026-09-17T13:44:09Z
23505,2692,2626,duet,0.687,5,2026-09-17T13:44:09Z,2026-09-17T13:44:09Z
23506,2597,2445,inspired_by,0.835,116,2026-09-17T13:44:09Z,2026-09-17T13:44:09Z
23507,2327,2356,collaborates,0.225,165,2026-09-17T13:44:09Z,2026-09-17T13:44:09Z
23508,2300,2343,mentioned,0.738,9,2026-09-17T13:44:09Z,2026-09-17T13:44:09Z
23509,2250,2460,tagged,0.938,199,2026-09-17T13:44:09Z,2026-09-17T13:44:09Z
23510,2231,2315,duet,0.222,27,2026-09-17T13:44:09Z,2026-09-17T13:44:09Z
23511,2633,2233,inspired_by,0.968,52,2026-09-17T13:44:09Z,2026-09-17T13:44:09Z
23512,2398,2270,follows,0.398,97,2026-09-17T13:44:09Z,2026-09-17T13:44:09Z
23513,2326,2603,collaborates,0.957,165,2026-09-17T13:44:09Z,2026-09-17T13:44:09Z
23514,2641,2447,mentioned,0.669,145,2026-09-17T13:44:09Z,2026-09-17T13:44:09Z
23515,2485,2651,reshared,0.774,165,2026-09-17T13:44:09Z,2026-09-17T13:44:09Z
23516,2424,2652,tagged,0.397,7,2026-09-17T13:44:09Z,2026-09-17T13:44:09Z
23517,2387,2501,duet,0.115,160,2026-09-17T13:44:09Z,2026-09-17T13:44:09Z
23518,2569,2545,follows,0.963,113,2026-09-17T13:44:09Z,2026-09-17T13:44:09Z
23519,2238,2542,mentioned,0.881,161,2026-09-17T13:44:09Z,2026-09-17T13:44:09Z
23520,2635,2449,reshared,0.999,120,2026-09-17T13:44:09Z,2026-09-17T13:44:09Z
23521,2255,2452,duet,0.252,36,2026-09-17T13:44:09Z,2026-09-17T13:44:09Z
23522,2514,2694,inspired_by,0.151,196,2026-09-17T13:44:09Z,2026-09-17T13:44:09Z
23523,2245,2244,follows,0.822,185,2026-09-17T13:44:09Z,2026-09-17T13:44:09Z
23524,2448,2666,collaborates,0.452,45,2026-09-17T13:44:09Z,2026-09-17T13:44:09Z
23525,2674,2683,mentioned,0.18,116,2026-09-17T13:44:09Z,2026-09-17T13:44:09Z
23526,2485,2518,reshared,0.668,53,2026-09-17T13:44:09Z,2026-09-17T13:44:09Z
23527,2394,2386,tagged,0.671,141,2026-09-17T13:44:09Z,2026-09-17T13:44:09Z
23528,2353,2628,duet,0.309,140,2026-09-17T13:44:09Z,2026-09-17T13:44:09Z
23529,2428,2652,inspired_by,0.546,65,2026-09-17T13:44:09Z,2026-09-17T13:44:09Z
23530,2535,2228,follows,0.594,82,2026-09-17T13:44:09Z,2026-09-17T13:44:09Z
23531,2470,2280,collaborates,0.362,98,2026-09-17T13:44:09Z,2026-09-17T13:44:09Z
23532,2420,2266,reshared,0.261,184,2026-09-17T13:44:09Z,2026-09-17T13:44:09Z
23533,2370,2445,tagged,0.725,82,2026-09-17T13:44:09Z,2026-09-17T13:44:09Z
23534,2605,2610,duet,0.894,174,2026-09-17T13:44:09Z,2026-09-17T13:44:09Z
23535,2618,2366,inspired_by,0.716,93,2026-09-17T13:44:09Z,2026-09-17T13:44:09Z
23536,2675,2370,follows,0.323,22,2026-09-17T13:44:09Z,2026-09-17T13:44:09Z
23537,2674,2681,collaborates,0.673,88,2026-09-17T13:44:09Z,2026-09-17T13:44:09Z
23538,2648,2542,reshared,0.134,149,2026-09-17T13:44:09Z,2026-09-17T13:44:09Z
23539,2427,2616,tagged,0.663,112,2026-09-17T13:44:09Z,2026-09-17T13:44:09Z
23540,2365,2674,duet,0.198,43,2026-09-17T13:44:09Z,2026-09-17T13:44:09Z
23541,2374,2336,follows,0.888,89,2026-09-17T13:44:09Z,2026-09-17T13:44:09Z
23542,2425,2483,collaborates,0.639,100,2026-09-17T13:44:09Z,2026-09-17T13:44:09Z
23543,2319,2545,mentioned,0.295,92,2026-09-17T13:44:09Z,2026-09-17T13:44:09Z
23544,2280,2578,tagged,0.239,42,2026-09-17T13:44:09Z,2026-09-17T13:44:09Z
23545,2518,2467,duet,0.489,22,2026-09-17T13:44:09Z,2026-09-17T13:44:09Z
23546,2327,2605,inspired_by,0.709,123,2026-09-17T13:44:09Z,2026-09-17T13:44:09Z
23547,2549,2440,follows,0.618,46,2026-09-17T13:44:09Z,2026-09-17T13:44:09Z
23548,2310,2469,collaborates,0.895,94,2026-09-17T13:44:09Z,2026-09-17T13:44:09Z
23549,2670,2545,mentioned,0.652,16,2026-09-17T13:44:09Z,2026-09-17T13:44:09Z
23550,2388,2348,reshared,0.285,177,2026-09-17T13:44:09Z,2026-09-17T13:44:09Z
23551,2253,2541,tagged,0.76,81,2026-09-17T13:44:09Z,2026-09-17T13:44:09Z
23552,2540,2353,duet,0.48,61,2026-09-17T13:44:09Z,2026-09-17T13:44:09Z
23553,2653,2523,inspired_by,0.617,104,2026-09-17T13:44:09Z,2026-09-17T13:44:09Z
23554,2234,2490,follows,0.152,18,2026-09-17T13:44:09Z,2026-09-17T13:44:09Z
23555,2693,2311,collaborates,0.755,75,2026-09-17T13:44:09Z,2026-09-17T13:44:09Z
23556,2315,2273,mentioned,0.937,78,2026-09-17T13:44:09Z,2026-09-17T13:44:09Z
23557,2669,2535,reshared,0.324,89,2026-09-17T13:44:09Z,2026-09-17T13:44:09Z
23558,2696,2403,tagged,0.187,136,2026-09-17T13:44:09Z,2026-09-17T13:44:09Z
23559,2308,2306,duet,0.558,174,2026-09-17T13:44:09Z,2026-09-17T13:44:09Z
23560,2250,2272,inspired_by,0.926,112,2026-09-17T13:44:09Z,2026-09-17T13:44:09Z
23561,2255,2298,follows,0.774,40,2026-09-17T13:44:09Z,2026-09-17T13:44:09Z
23562,2254,2682,collaborates,0.601,179,2026-09-17T13:44:09Z,2026-09-17T13:44:09Z
23563,2630,2393,mentioned,0.503,103,2026-09-17T13:44:09Z,2026-09-17T13:44:09Z
23564,2400,2291,reshared,0.346,195,2026-09-17T13:44:09Z,2026-09-17T13:44:09Z
23565,2376,2694,tagged,0.864,129,2026-09-17T13:44:09Z,2026-09-17T13:44:09Z
23566,2522,2472,duet,0.984,11,2026-09-17T13:44:09Z,2026-09-17T13:44:09Z
23567,2603,2264,inspired_by,0.452,17,2026-09-17T13:44:09Z,2026-09-17T13:44:09Z
23568,2536,2690,follows,0.683,9,2026-09-17T13:44:09Z,2026-09-17T13:44:09Z
23569,2242,2456,mentioned,0.357,152,2026-09-17T13:44:09Z,2026-09-17T13:44:09Z
23570,2698,2560,reshared,0.965,68,2026-09-17T13:44:09Z,2026-09-17T13:44:09Z
23571,2460,2407,tagged,0.693,96,2026-09-17T13:44:09Z,2026-09-17T13:44:09Z
23572,2297,2402,duet,0.565,136,2026-09-17T13:44:09Z,2026-09-17T13:44:09Z
23573,2519,2661,inspired_by,0.654,171,2026-09-17T13:44:09Z,2026-09-17T13:44:09Z
23574,2337,2293,follows,0.353,143,2026-09-17T13:44:09Z,2026-09-17T13:44:09Z
23575,2669,2322,collaborates,0.948,33,2026-09-17T13:44:09Z,2026-09-17T13:44:09Z
23576,2618,2230,mentioned,0.785,79,2026-09-17T13:44:09Z,2026-09-17T13:44:09Z
23577,2521,2493,reshared,0.765,60,2026-09-17T13:44:09Z,2026-09-17T13:44:09Z
23578,2550,2614,tagged,0.986,24,2026-09-17T13:44:09Z,2026-09-17T13:44:09Z
23579,2654,2531,duet,0.58,187,2026-09-17T13:44:09Z,2026-09-17T13:44:09Z
23580,2440,2665,inspired_by,0.787,54,2026-09-17T13:44:09Z,2026-09-17T13:44:09Z
23581,2648,2352,follows,0.91,111,2026-09-17T13:44:09Z,2026-09-17T13:44:09Z
23582,2518,2635,collaborates,0.967,191,2026-09-17T13:44:09Z,2026-09-17T13:44:09Z
23583,2557,2334,mentioned,0.932,161,2026-09-17T13:44:09Z,2026-09-17T13:44:09Z
23584,2569,2573,reshared,0.764,24,2026-09-17T13:44:09Z,2026-09-17T13:44:09Z
23585,2675,2417,tagged,0.8,165,2026-09-17T13:44:09Z,2026-09-17T13:44:09Z
23586,2308,2463,duet,0.821,101,2026-09-17T13:44:09Z,2026-09-17T13:44:09Z
23587,2484,2298,inspired_by,0.814,135,2026-09-17T13:44:09Z,2026-09-17T13:44:09Z
23588,2246,2244,follows,0.987,158,2026-09-17T13:44:09Z,2026-09-17T13:44:09Z
23589,2645,2574,mentioned,0.419,63,2026-09-17T13:44:09Z,2026-09-17T13:44:09Z
23590,2602,2542,reshared,0.196,79,2026-09-17T13:44:09Z,2026-09-17T13:44:09Z
23591,2479,2573,tagged,0.315,163,2026-09-17T13:44:09Z,2026-09-17T13:44:09Z
23592,2241,2377,duet,0.786,122,2026-09-17T13:44:09Z,2026-09-17T13:44:09Z
23593,2423,2496,inspired_by,0.797,83,2026-09-17T13:44:09Z,2026-09-17T13:44:09Z
23594,2425,2558,follows,0.308,133,2026-09-17T13:44:09Z,2026-09-17T13:44:09Z
23595,2258,2533,mentioned,0.317,117,2026-09-17T13:44:09Z,2026-09-17T13:44:09Z
23596,2442,2269,reshared,0.49,143,2026-09-17T13:44:09Z,2026-09-17T13:44:09Z
23597,2252,2652,tagged,0.297,140,2026-09-17T13:44:09Z,2026-09-17T13:44:09Z
23598,2332,2241,duet,0.388,116,2026-09-17T13:44:09Z,2026-09-17T13:44:09Z
23599,2449,2491,inspired_by,0.356,92,2026-09-17T13:44:09Z,2026-09-17T13:44:09Z
23600,2547,2275,mentioned,0.527,171,2026-09-17T13:44:09Z,2026-09-17T13:44:09Z
23601,2376,2396,reshared,0.98,195,2026-09-17T13:44:09Z,2026-09-17T13:44:09Z
23602,2616,2547,tagged,0.576,20,2026-09-17T13:44:09Z,2026-09-17T13:44:09Z
23603,2316,2694,duet,0.378,126,2026-09-17T13:44:09Z,2026-09-17T13:44:09Z
23604,2511,2270,inspired_by,0.997,174,2026-09-17T13:44:09Z,2026-09-17T13:44:09Z
23605,2345,2471,follows,0.21,101,2026-09-17T13:44:09Z,2026-09-17T13:44:09Z
23606,2509,2392,mentioned,0.416,24,2026-09-17T13:44:09Z,2026-09-17T13:44:09Z
23607,2318,2665,reshared,0.615,74,2026-09-17T13:44:09Z,2026-09-17T13:44:09Z
23608,2336,2318,tagged,0.708,8,2026-09-17T13:44:09Z,2026-09-17T13:44:09Z
23609,2568,2634,duet,0.711,131,2026-09-17T13:44:09Z,2026-09-17T13:44:09Z
23610,2482,2506,inspired_by,0.181,43,2026-09-17T13:44:09Z,2026-09-17T13:44:09Z
23611,2637,2322,follows,0.776,157,2026-09-17T13:44:09Z,2026-09-17T13:44:09Z
23612,2252,2470,mentioned,0.52,181,2026-09-17T13:44:09Z,2026-09-17T13:44:09Z
23613,2555,2387,reshared,0.185,3,2026-09-17T13:44:09Z,2026-09-17T13:44:09Z
23614,2500,2273,tagged,0.52,85,2026-09-17T13:44:09Z,2026-09-17T13:44:09Z
23615,2313,2696,duet,0.705,63,2026-09-17T13:44:09Z,2026-09-17T13:44:09Z
23616,2683,2549,inspired_by,0.572,157,2026-09-17T13:44:09Z,2026-09-17T13:44:09Z
23617,2277,2326,follows,0.746,112,2026-09-17T13:44:09Z,2026-09-17T13:44:09Z
23618,2305,2604,collaborates,0.455,14,2026-09-17T13:44:09Z,2026-09-17T13:44:09Z
23619,2495,2522,mentioned,0.55,52,2026-09-17T13:44:09Z,2026-09-17T13:44:09Z
23620,2430,2241,reshared,0.347,183,2026-09-17T13:44:09Z,2026-09-17T13:44:09Z
23621,2476,2593,tagged,0.145,59,2026-09-17T13:44:09Z,2026-09-17T13:44:09Z
23622,2650,2359,follows,0.614,115,2026-09-17T13:44:09Z,2026-09-17T13:44:09Z
23623,2436,2698,collaborates,0.95,45,2026-09-17T13:44:09Z,2026-09-17T13:44:09Z
23624,2375,2640,mentioned,0.976,50,2026-09-17T13:44:09Z,2026-09-17T13:44:09Z
23625,2294,2583,tagged,0.41,141,2026-09-17T13:44:09Z,2026-09-17T13:44:09Z
23626,2590,2573,duet,0.649,179,2026-09-17T13:44:09Z,2026-09-17T13:44:09Z
23627,2619,2511,inspired_by,0.55,137,2026-09-17T13:44:09Z,2026-09-17T13:44:09Z
23628,2691,2343,follows,0.425,9,2026-09-17T13:44:09Z,2026-09-17T13:44:09Z
23629,2255,2686,collaborates,0.679,199,2026-09-17T13:44:09Z,2026-09-17T13:44:09Z
23630,2516,2442,mentioned,0.533,146,2026-09-17T13:44:09Z,2026-09-17T13:44:09Z
23631,2660,2344,reshared,0.252,96,2026-09-17T13:44:09Z,2026-09-17T13:44:09Z
23632,2406,2382,tagged,0.368,19,2026-09-17T13:44:09Z,2026-09-17T13:44:09Z
23633,2653,2430,duet,0.476,67,2026-09-17T13:44:09Z,2026-09-17T13:44:09Z
23634,2454,2292,inspired_by,0.724,140,2026-09-17T13:44:09Z,2026-09-17T13:44:09Z
23635,2650,2258,follows,0.338,82,2026-09-17T13:44:09Z,2026-09-17T13:44:09Z
23636,2338,2374,collaborates,0.339,75,2026-09-17T13:44:09Z,2026-09-17T13:44:09Z
23637,2622,2518,mentioned,0.321,113,2026-09-17T13:44:09Z,2026-09-17T13:44:09Z
23638,2241,2587,reshared,0.76,8,2026-09-17T13:44:09Z,2026-09-17T13:44:09Z
23639,2697,2469,tagged,0.265,25,2026-09-17T13:44:09Z,2026-09-17T13:44:09Z
23640,2242,2664,duet,0.989,141,2026-09-17T13:44:09Z,2026-09-17T13:44:09Z
23641,2234,2670,inspired_by,0.119,92,2026-09-17T13:44:09Z,2026-09-17T13:44:09Z
23642,2240,2665,collaborates,0.465,169,2026-09-17T13:44:09Z,2026-09-17T13:44:09Z
23643,2587,2585,mentioned,0.192,145,2026-09-17T13:44:09Z,2026-09-17T13:44:09Z
23644,2642,2426,reshared,0.141,81,2026-09-17T13:44:09Z,2026-09-17T13:44:09Z
23645,2257,2236,tagged,0.219,174,2026-09-17T13:44:09Z,2026-09-17T13:44:09Z
23646,2679,2510,duet,0.51,105,2026-09-17T13:44:09Z,2026-09-17T13:44:09Z
23647,2244,2552,inspired_by,0.467,180,2026-09-17T13:44:09Z,2026-09-17T13:44:09Z
23648,2698,2364,follows,0.882,124,2026-09-17T13:44:09Z,2026-09-17T13:44:09Z
23649,2402,2225,collaborates,0.387,172,2026-09-17T13:44:09Z,2026-09-17T13:44:09Z
23650,2475,2537,mentioned,0.473,158,2026-09-17T13:44:09Z,2026-09-17T13:44:09Z
23651,2460,2627,reshared,0.789,170,2026-09-17T13:44:09Z,2026-09-17T13:44:09Z
23652,2674,2334,tagged,0.574,23,2026-09-17T13:44:09Z,2026-09-17T13:44:09Z
23653,2680,2283,duet,0.621,192,2026-09-17T13:44:09Z,2026-09-17T13:44:09Z
23654,2580,2299,follows,0.865,6,2026-09-17T13:44:09Z,2026-09-17T13:44:09Z
23655,2316,2359,collaborates,0.521,22,2026-09-17T13:44:09Z,2026-09-17T13:44:09Z
23656,2590,2430,mentioned,0.629,78,2026-09-17T13:44:09Z,2026-09-17T13:44:09Z
23657,2255,2450,reshared,0.275,113,2026-09-17T13:44:09Z,2026-09-17T13:44:09Z
23658,2642,2659,tagged,0.752,172,2026-09-17T13:44:09Z,2026-09-17T13:44:09Z
23659,2623,2694,duet,0.673,196,2026-09-17T13:44:09Z,2026-09-17T13:44:09Z
23660,2609,2697,inspired_by,0.878,101,2026-09-17T13:44:09Z,2026-09-17T13:44:09Z
23661,2304,2309,collaborates,0.9,143,2026-09-17T13:44:09Z,2026-09-17T13:44:09Z
23662,2675,2651,mentioned,0.909,50,2026-09-17T13:44:09Z,2026-09-17T13:44:09Z
23663,2349,2399,reshared,0.316,198,2026-09-17T13:44:09Z,2026-09-17T13:44:09Z
23664,2555,2573,tagged,0.709,160,2026-09-17T13:44:09Z,2026-09-17T13:44:09Z
23665,2230,2373,duet,0.84,70,2026-09-17T13:44:09Z,2026-09-17T13:44:09Z
23666,2449,2521,inspired_by,0.47,107,2026-09-17T13:44:09Z,2026-09-17T13:44:09Z
23667,2292,2569,follows,0.58,191,2026-09-17T13:44:09Z,2026-09-17T13:44:09Z
23668,2288,2471,collaborates,0.284,183,2026-09-17T13:44:09Z,2026-09-17T13:44:09Z
23669,2393,2269,reshared,0.835,25,2026-09-17T13:44:09Z,2026-09-17T13:44:09Z
23670,2346,2685,tagged,0.87,103,2026-09-17T13:44:09Z,2026-09-17T13:44:09Z
23671,2564,2379,duet,0.806,163,2026-09-17T13:44:09Z,2026-09-17T13:44:09Z
23672,2366,2555,inspired_by,0.869,44,2026-09-17T13:44:09Z,2026-09-17T13:44:09Z
23673,2653,2430,collaborates,0.706,12,2026-09-17T13:44:09Z,2026-09-17T13:44:09Z
23674,2418,2274,mentioned,0.249,169,2026-09-17T13:44:09Z,2026-09-17T13:44:09Z
23675,2624,2396,reshared,0.989,6,2026-09-17T13:44:09Z,2026-09-17T13:44:09Z
23676,2616,2459,tagged,0.931,54,2026-09-17T13:44:09Z,2026-09-17T13:44:09Z
23677,2355,2550,duet,0.877,33,2026-09-17T13:44:09Z,2026-09-17T13:44:09Z
23678,2679,2317,inspired_by,0.419,86,2026-09-17T13:44:09Z,2026-09-17T13:44:09Z
23679,2420,2412,follows,0.259,121,2026-09-17T13:44:09Z,2026-09-17T13:44:09Z
23680,2692,2627,collaborates,0.292,95,2026-09-17T13:44:09Z,2026-09-17T13:44:09Z
23681,2660,2598,mentioned,0.146,148,2026-09-17T13:44:09Z,2026-09-17T13:44:09Z
23682,2317,2694,reshared,0.972,17,2026-09-17T13:44:09Z,2026-09-17T13:44:09Z
23683,2377,2631,tagged,0.592,104,2026-09-17T13:44:09Z,2026-09-17T13:44:09Z
23684,2612,2566,duet,0.179,112,2026-09-17T13:44:09Z,2026-09-17T13:44:09Z
23685,2405,2571,inspired_by,0.446,83,2026-09-17T13:44:09Z,2026-09-17T13:44:09Z
23686,2539,2696,follows,0.754,58,2026-09-17T13:44:09Z,2026-09-17T13:44:09Z
23687,2614,2634,collaborates,0.698,75,2026-09-17T13:44:09Z,2026-09-17T13:44:09Z
23688,2287,2241,reshared,0.795,3,2026-09-17T13:44:09Z,2026-09-17T13:44:09Z
23689,2473,2424,duet,0.714,148,2026-09-17T13:44:09Z,2026-09-17T13:44:09Z
23690,2662,2440,inspired_by,0.988,153,2026-09-17T13:44:09Z,2026-09-17T13:44:09Z
23691,2276,2494,follows,0.119,126,2026-09-17T13:44:09Z,2026-09-17T13:44:09Z
23692,2619,2681,collaborates,0.788,142,2026-09-17T13:44:09Z,2026-09-17T13:44:09Z
23693,2525,2570,mentioned,0.207,27,2026-09-17T13:44:09Z,2026-09-17T13:44:09Z
23694,2404,2368,reshared,0.831,88,2026-09-17T13:44:09Z,2026-09-17T13:44:09Z
23695,2651,2381,tagged,0.576,56,2026-09-17T13:44:09Z,2026-09-17T13:44:09Z
23696,2510,2438,duet,0.223,177,2026-09-17T13:44:09Z,2026-09-17T13:44:09Z
23697,2287,2255,inspired_by,0.24,112,2026-09-17T13:44:09Z,2026-09-17T13:44:09Z
23698,2433,2568,follows,0.149,183,2026-09-17T13:44:09Z,2026-09-17T13:44:09Z
23699,2424,2554,collaborates,0.109,151,2026-09-17T13:44:09Z,2026-09-17T13:44:09Z
23700,2381,2266,mentioned,0.496,151,2026-09-17T13:44:09Z,2026-09-17T13:44:09Z
23701,2590,2655,reshared,0.229,167,2026-09-17T13:44:09Z,2026-09-17T13:44:09Z
23702,2576,2325,duet,0.121,101,2026-09-17T13:44:09Z,2026-09-17T13:44:09Z
23703,2650,2285,inspired_by,0.687,47,2026-09-17T13:44:09Z,2026-09-17T13:44:09Z
23704,2524,2312,follows,0.273,50,2026-09-17T13:44:09Z,2026-09-17T13:44:09Z
23705,2537,2618,collaborates,0.664,8,2026-09-17T13:44:09Z,2026-09-17T13:44:09Z
23706,2419,2287,mentioned,0.902,136,2026-09-17T13:44:09Z,2026-09-17T13:44:09Z
23707,2324,2547,tagged,0.206,157,2026-09-17T13:44:09Z,2026-09-17T13:44:09Z
23708,2510,2301,duet,0.358,171,2026-09-17T13:44:09Z,2026-09-17T13:44:09Z
23709,2360,2314,inspired_by,0.157,62,2026-09-17T13:44:09Z,2026-09-17T13:44:09Z
23710,2627,2565,follows,0.235,8,2026-09-17T13:44:09Z,2026-09-17T13:44:09Z
23711,2640,2321,collaborates,0.105,194,2026-09-17T13:44:09Z,2026-09-17T13:44:09Z
23712,2664,2255,mentioned,0.817,31,2026-09-17T13:44:09Z,2026-09-17T13:44:09Z
23713,2230,2238,reshared,0.565,114,2026-09-17T13:44:09Z,2026-09-17T13:44:09Z
23714,2426,2326,tagged,0.133,187,2026-09-17T13:44:09Z,2026-09-17T13:44:09Z
23715,2652,2294,duet,0.362,96,2026-09-17T13:44:09Z,2026-09-17T13:44:09Z
23716,2360,2681,inspired_by,0.181,181,2026-09-17T13:44:09Z,2026-09-17T13:44:09Z
23717,2401,2349,follows,0.599,98,2026-09-17T13:44:09Z,2026-09-17T13:44:09Z
23718,2476,2597,collaborates,0.169,53,2026-09-17T13:44:09Z,2026-09-17T13:44:09Z
23719,2387,2659,mentioned,0.687,58,2026-09-17T13:44:09Z,2026-09-17T13:44:09Z
23720,2382,2699,reshared,0.81,46,2026-09-17T13:44:09Z,2026-09-17T13:44:09Z
23721,2565,2527,tagged,0.42,4,2026-09-17T13:44:09Z,2026-09-17T13:44:09Z
23722,2406,2384,duet,0.814,33,2026-09-17T13:44:09Z,2026-09-17T13:44:09Z
23723,2382,2400,inspired_by,0.808,23,2026-09-17T13:44:09Z,2026-09-17T13:44:09Z
23724,2534,2340,follows,0.948,44,2026-09-17T13:44:09Z,2026-09-17T13:44:09Z
23725,2449,2494,collaborates,0.513,87,2026-09-17T13:44:09Z,2026-09-17T13:44:09Z
23726,2631,2646,mentioned,0.474,70,2026-09-17T13:44:09Z,2026-09-17T13:44:09Z
23727,2677,2308,reshared,0.871,147,2026-09-17T13:44:09Z,2026-09-17T13:44:09Z
23728,2321,2622,tagged,0.247,118,2026-09-17T13:44:09Z,2026-09-17T13:44:09Z
23729,2596,2534,duet,0.546,128,2026-09-17T13:44:09Z,2026-09-17T13:44:09Z
23730,2352,2652,inspired_by,0.159,135,2026-09-17T13:44:09Z,2026-09-17T13:44:09Z
23731,2515,2393,follows,0.641,35,2026-09-17T13:44:09Z,2026-09-17T13:44:09Z
23732,2573,2306,reshared,0.877,41,2026-09-17T13:44:09Z,2026-09-17T13:44:09Z
23733,2588,2271,inspired_by,0.102,57,2026-09-17T13:44:09Z,2026-09-17T13:44:09Z
23734,2590,2665,follows,0.211,2,2026-09-17T13:44:09Z,2026-09-17T13:44:09Z
23735,2658,2256,collaborates,0.912,12,2026-09-17T13:44:09Z,2026-09-17T13:44:09Z
23736,2513,2640,mentioned,0.902,179,2026-09-17T13:44:09Z,2026-09-17T13:44:09Z
23737,2292,2412,reshared,0.352,116,2026-09-17T13:44:09Z,2026-09-17T13:44:09Z
23738,2660,2255,tagged,0.128,147,2026-09-17T13:44:09Z,2026-09-17T13:44:09Z
23739,2333,2499,duet,0.873,49,2026-09-17T13:44:09Z,2026-09-17T13:44:09Z
23740,2325,2425,inspired_by,0.855,163,2026-09-17T13:44:09Z,2026-09-17T13:44:09Z
23741,2595,2516,follows,0.662,71,2026-09-17T13:44:09Z,2026-09-17T13:44:09Z
23742,2263,2294,collaborates,0.123,75,2026-09-17T13:44:09Z,2026-09-17T13:44:09Z
23743,2638,2402,mentioned,0.254,66,2026-09-17T13:44:09Z,2026-09-17T13:44:09Z
23744,2234,2590,reshared,0.19,142,2026-09-17T13:44:09Z,2026-09-17T13:44:09Z
23745,2233,2264,tagged,0.811,130,2026-09-17T13:44:09Z,2026-09-17T13:44:09Z
23746,2527,2314,duet,0.725,195,2026-09-17T13:44:09Z,2026-09-17T13:44:09Z
23747,2549,2640,inspired_by,0.576,193,2026-09-17T13:44:09Z,2026-09-17T13:44:09Z
23748,2383,2684,follows,0.842,133,2026-09-17T13:44:09Z,2026-09-17T13:44:09Z
23749,2552,2476,collaborates,0.474,138,2026-09-17T13:44:09Z,2026-09-17T13:44:09Z
23750,2222,2669,mentioned,0.342,198,2026-09-17T13:44:09Z,2026-09-17T13:44:09Z
23751,2585,2445,reshared,0.916,184,2026-09-17T13:44:09Z,2026-09-17T13:44:09Z
23752,2619,2289,tagged,0.506,50,2026-09-17T13:44:09Z,2026-09-17T13:44:09Z
23753,2542,2535,duet,0.905,168,2026-09-17T13:44:09Z,2026-09-17T13:44:09Z
23754,2505,2480,inspired_by,0.814,90,2026-09-17T13:44:09Z,2026-09-17T13:44:09Z
23755,2274,2634,collaborates,0.138,108,2026-09-17T13:44:09Z,2026-09-17T13:44:09Z
23756,2652,2503,mentioned,0.116,6,2026-09-17T13:44:09Z,2026-09-17T13:44:09Z
23757,2547,2408,reshared,0.737,154,2026-09-17T13:44:09Z,2026-09-17T13:44:09Z
23758,2481,2560,tagged,0.615,91,2026-09-17T13:44:09Z,2026-09-17T13:44:09Z
23759,2378,2296,duet,0.305,68,2026-09-17T13:44:09Z,2026-09-17T13:44:09Z
23760,2468,2430,inspired_by,0.828,182,2026-09-17T13:44:09Z,2026-09-17T13:44:09Z
23761,2460,2519,follows,0.206,32,2026-09-17T13:44:09Z,2026-09-17T13:44:09Z
23762,2550,2581,collaborates,0.184,21,2026-09-17T13:44:09Z,2026-09-17T13:44:09Z
23763,2241,2673,reshared,0.956,99,2026-09-17T13:44:09Z,2026-09-17T13:44:09Z
23764,2463,2303,tagged,0.12,40,2026-09-17T13:44:09Z,2026-09-17T13:44:09Z
23765,2551,2232,inspired_by,0.81,196,2026-09-17T13:44:09Z,2026-09-17T13:44:09Z
23766,2384,2278,mentioned,0.219,88,2026-09-17T13:44:09Z,2026-09-17T13:44:09Z
23767,2552,2341,reshared,0.461,115,2026-09-17T13:44:09Z,2026-09-17T13:44:09Z
23768,2520,2474,tagged,0.952,162,2026-09-17T13:44:09Z,2026-09-17T13:44:09Z
23769,2374,2346,duet,0.584,171,2026-09-17T13:44:09Z,2026-09-17T13:44:09Z
23770,2655,2276,inspired_by,0.835,35,2026-09-17T13:44:09Z,2026-09-17T13:44:09Z
23771,2530,2664,follows,0.227,51,2026-09-17T13:44:09Z,2026-09-17T13:44:09Z
23772,2644,2424,collaborates,0.733,47,2026-09-17T13:44:09Z,2026-09-17T13:44:09Z
23773,2238,2264,reshared,0.938,37,2026-09-17T13:44:09Z,2026-09-17T13:44:09Z
23774,2418,2430,tagged,0.796,193,2026-09-17T13:44:09Z,2026-09-17T13:44:09Z
23775,2697,2343,duet,0.745,196,2026-09-17T13:44:09Z,2026-09-17T13:44:09Z
23776,2357,2385,inspired_by,0.856,93,2026-09-17T13:44:09Z,2026-09-17T13:44:09Z
23777,2339,2290,follows,0.796,22,2026-09-17T13:44:09Z,2026-09-17T13:44:09Z
23778,2255,2628,collaborates,0.836,39,2026-09-17T13:44:09Z,2026-09-17T13:44:09Z
23779,2473,2627,mentioned,0.706,31,2026-09-17T13:44:09Z,2026-09-17T13:44:09Z
23780,2512,2649,tagged,0.997,141,2026-09-17T13:44:09Z,2026-09-17T13:44:09Z
23781,2547,2377,duet,0.84,175,2026-09-17T13:44:09Z,2026-09-17T13:44:09Z
23782,2398,2480,inspired_by,0.243,182,2026-09-17T13:44:09Z,2026-09-17T13:44:09Z
23783,2337,2693,follows,0.747,21,2026-09-17T13:44:09Z,2026-09-17T13:44:09Z
23784,2255,2226,mentioned,0.599,111,2026-09-17T13:44:09Z,2026-09-17T13:44:09Z
23785,2670,2512,reshared,0.402,174,2026-09-17T13:44:09Z,2026-09-17T13:44:09Z
23786,2230,2567,tagged,0.659,119,2026-09-17T13:44:09Z,2026-09-17T13:44:09Z
23787,2284,2568,duet,0.719,188,2026-09-17T13:44:09Z,2026-09-17T13:44:09Z
23788,2529,2542,inspired_by,0.407,118,2026-09-17T13:44:09Z,2026-09-17T13:44:09Z
23789,2545,2678,follows,0.115,60,2026-09-17T13:44:09Z,2026-09-17T13:44:09Z
23790,2617,2481,collaborates,0.367,13,2026-09-17T13:44:09Z,2026-09-17T13:44:09Z
23791,2378,2228,mentioned,0.721,108,2026-09-17T13:44:09Z,2026-09-17T13:44:09Z
23792,2513,2458,reshared,0.288,105,2026-09-17T13:44:09Z,2026-09-17T13:44:09Z
23793,2454,2388,tagged,0.618,138,2026-09-17T13:44:09Z,2026-09-17T13:44:09Z
23794,2232,2441,duet,0.524,95,2026-09-17T13:44:09Z,2026-09-17T13:44:09Z
23795,2344,2633,inspired_by,0.87,174,2026-09-17T13:44:09Z,2026-09-17T13:44:09Z
23796,2532,2252,follows,0.725,43,2026-09-17T13:44:09Z,2026-09-17T13:44:09Z
23797,2424,2401,collaborates,0.853,176,2026-09-17T13:44:09Z,2026-09-17T13:44:09Z
23798,2487,2635,mentioned,0.657,46,2026-09-17T13:44:09Z,2026-09-17T13:44:09Z
23799,2519,2234,reshared,0.469,125,2026-09-17T13:44:09Z,2026-09-17T13:44:09Z
23800,2320,2624,tagged,0.206,121,2026-09-17T13:44:09Z,2026-09-17T13:44:09Z
23801,2244,2353,duet,0.672,132,2026-09-17T13:44:09Z,2026-09-17T13:44:09Z
23802,2275,2615,inspired_by,0.158,182,2026-09-17T13:44:09Z,2026-09-17T13:44:09Z
23803,2598,2646,follows,0.253,92,2026-09-17T13:44:09Z,2026-09-17T13:44:09Z
23804,2507,2699,collaborates,0.349,144,2026-09-17T13:44:09Z,2026-09-17T13:44:09Z
23805,2409,2476,mentioned,0.48,31,2026-09-17T13:44:09Z,2026-09-17T13:44:09Z
23806,2393,2623,reshared,0.779,21,2026-09-17T13:44:09Z,2026-09-17T13:44:09Z
23807,2402,2696,tagged,0.383,45,2026-09-17T13:44:09Z,2026-09-17T13:44:09Z
23808,2357,2503,duet,0.173,59,2026-09-17T13:44:09Z,2026-09-17T13:44:09Z
23809,2278,2458,inspired_by,0.577,149,2026-09-17T13:44:09Z,2026-09-17T13:44:09Z
23810,2646,2592,follows,0.214,38,2026-09-17T13:44:09Z,2026-09-17T13:44:09Z
23811,2335,2224,collaborates,0.41,29,2026-09-17T13:44:09Z,2026-09-17T13:44:09Z
23812,2630,2659,mentioned,0.958,197,2026-09-17T13:44:09Z,2026-09-17T13:44:09Z
23813,2490,2625,reshared,0.8,109,2026-09-17T13:44:09Z,2026-09-17T13:44:09Z
23814,2540,2646,tagged,0.737,81,2026-09-17T13:44:09Z,2026-09-17T13:44:09Z
23815,2418,2296,inspired_by,0.285,178,2026-09-17T13:44:09Z,2026-09-17T13:44:09Z
23816,2404,2561,follows,0.286,94,2026-09-17T13:44:09Z,2026-09-17T13:44:09Z
23817,2587,2420,collaborates,0.921,120,2026-09-17T13:44:09Z,2026-09-17T13:44:09Z
23818,2574,2565,reshared,0.183,182,2026-09-17T13:44:09Z,2026-09-17T13:44:09Z
23819,2618,2269,tagged,0.789,186,2026-09-17T13:44:09Z,2026-09-17T13:44:09Z
23820,2449,2603,duet,0.725,72,2026-09-17T13:44:09Z,2026-09-17T13:44:09Z
23821,2440,2425,inspired_by,0.211,55,2026-09-17T13:44:09Z,2026-09-17T13:44:09Z
23822,2662,2388,follows,0.174,118,2026-09-17T13:44:09Z,2026-09-17T13:44:09Z
23823,2564,2489,collaborates,0.65,118,2026-09-17T13:44:09Z,2026-09-17T13:44:09Z
23824,2371,2643,mentioned,0.632,18,2026-09-17T13:44:09Z,2026-09-17T13:44:09Z
23825,2509,2259,reshared,0.754,77,2026-09-17T13:44:09Z,2026-09-17T13:44:09Z
23826,2498,2608,tagged,0.383,14,2026-09-17T13:44:09Z,2026-09-17T13:44:09Z
23827,2243,2534,duet,0.376,171,2026-09-17T13:44:09Z,2026-09-17T13:44:09Z
23828,2678,2661,inspired_by,0.328,160,2026-09-17T13:44:09Z,2026-09-17T13:44:09Z
23829,2278,2387,follows,0.765,130,2026-09-17T13:44:09Z,2026-09-17T13:44:09Z
23830,2580,2701,collaborates,0.274,48,2026-09-17T13:44:09Z,2026-09-17T13:44:09Z
23831,2381,2665,mentioned,0.797,5,2026-09-17T13:44:09Z,2026-09-17T13:44:09Z
23832,2307,2458,tagged,0.382,8,2026-09-17T13:44:09Z,2026-09-17T13:44:09Z
23833,2503,2226,duet,0.486,97,2026-09-17T13:44:09Z,2026-09-17T13:44:09Z
23834,2251,2434,inspired_by,0.217,167,2026-09-17T13:44:09Z,2026-09-17T13:44:09Z
23835,2337,2390,follows,0.457,163,2026-09-17T13:44:09Z,2026-09-17T13:44:09Z
23836,2651,2397,collaborates,0.32,8,2026-09-17T13:44:09Z,2026-09-17T13:44:09Z
23837,2640,2600,mentioned,0.392,183,2026-09-17T13:44:09Z,2026-09-17T13:44:09Z
23838,2695,2463,reshared,0.467,30,2026-09-17T13:44:09Z,2026-09-17T13:44:09Z
23839,2453,2378,tagged,0.536,42,2026-09-17T13:44:09Z,2026-09-17T13:44:09Z
23840,2293,2520,duet,0.907,104,2026-09-17T13:44:09Z,2026-09-17T13:44:09Z
23841,2666,2552,inspired_by,0.359,34,2026-09-17T13:44:09Z,2026-09-17T13:44:09Z
23842,2387,2504,collaborates,0.15,40,2026-09-17T13:44:09Z,2026-09-17T13:44:09Z
23843,2350,2230,mentioned,0.154,87,2026-09-17T13:44:09Z,2026-09-17T13:44:09Z
23844,2700,2572,tagged,0.269,14,2026-09-17T13:44:09Z,2026-09-17T13:44:09Z
23845,2383,2668,duet,0.724,40,2026-09-17T13:44:09Z,2026-09-17T13:44:09Z
23846,2246,2235,inspired_by,0.423,29,2026-09-17T13:44:09Z,2026-09-17T13:44:09Z
23847,2229,2553,follows,0.989,128,2026-09-17T13:44:09Z,2026-09-17T13:44:09Z
23848,2330,2579,collaborates,0.105,38,2026-09-17T13:44:09Z,2026-09-17T13:44:09Z
23849,2527,2617,tagged,0.424,27,2026-09-17T13:44:09Z,2026-09-17T13:44:09Z
23850,2393,2265,duet,0.632,47,2026-09-17T13:44:09Z,2026-09-17T13:44:09Z
23851,2507,2694,inspired_by,0.433,162,2026-09-17T13:44:09Z,2026-09-17T13:44:09Z
23852,2659,2634,follows,0.203,69,2026-09-17T13:44:09Z,2026-09-17T13:44:09Z
23853,2357,2243,collaborates,0.856,95,2026-09-17T13:44:09Z,2026-09-17T13:44:09Z
23854,2589,2255,mentioned,0.659,167,2026-09-17T13:44:09Z,2026-09-17T13:44:09Z
23855,2563,2443,reshared,0.452,102,2026-09-17T13:44:09Z,2026-09-17T13:44:09Z
23856,2577,2249,duet,0.398,78,2026-09-17T13:44:09Z,2026-09-17T13:44:09Z
23857,2543,2401,follows,0.506,24,2026-09-17T13:44:09Z,2026-09-17T13:44:09Z
23858,2501,2283,collaborates,0.581,129,2026-09-17T13:44:09Z,2026-09-17T13:44:09Z
23859,2480,2322,reshared,0.807,67,2026-09-17T13:44:09Z,2026-09-17T13:44:09Z
23860,2353,2588,tagged,0.679,106,2026-09-17T13:44:09Z,2026-09-17T13:44:09Z
23861,2638,2514,duet,0.271,65,2026-09-17T13:44:09Z,2026-09-17T13:44:09Z
23862,2239,2562,inspired_by,0.28,2,2026-09-17T13:44:09Z,2026-09-17T13:44:09Z
23863,2608,2458,follows,0.962,187,2026-09-17T13:44:09Z,2026-09-17T13:44:09Z
23864,2419,2367,collaborates,0.634,67,2026-09-17T13:44:09Z,2026-09-17T13:44:09Z
23865,2419,2277,reshared,0.803,144,2026-09-17T13:44:09Z,2026-09-17T13:44:09Z
23866,2691,2610,tagged,0.364,199,2026-09-17T13:44:09Z,2026-09-17T13:44:09Z
23867,2611,2690,duet,0.927,193,2026-09-17T13:44:09Z,2026-09-17T13:44:09Z
23868,2251,2536,follows,0.212,77,2026-09-17T13:44:09Z,2026-09-17T13:44:09Z
23869,2515,2458,collaborates,0.625,164,2026-09-17T13:44:09Z,2026-09-17T13:44:09Z
23870,2343,2377,mentioned,0.646,144,2026-09-17T13:44:09Z,2026-09-17T13:44:09Z
23871,2403,2356,reshared,0.515,133,2026-09-17T13:44:09Z,2026-09-17T13:44:09Z
23872,2640,2431,tagged,0.327,166,2026-09-17T13:44:09Z,2026-09-17T13:44:09Z
23873,2424,2454,duet,0.389,168,2026-09-17T13:44:09Z,2026-09-17T13:44:09Z
23874,2549,2283,inspired_by,0.979,71,2026-09-17T13:44:09Z,2026-09-17T13:44:09Z
23875,2251,2658,follows,0.674,92,2026-09-17T13:44:09Z,2026-09-17T13:44:09Z
23876,2683,2570,collaborates,0.747,159,2026-09-17T13:44:09Z,2026-09-17T13:44:09Z
23877,2534,2256,mentioned,0.953,129,2026-09-17T13:44:09Z,2026-09-17T13:44:09Z
23878,2429,2412,reshared,0.498,67,2026-09-17T13:44:09Z,2026-09-17T13:44:09Z
23879,2258,2590,tagged,0.695,133,2026-09-17T13:44:09Z,2026-09-17T13:44:09Z
23880,2418,2310,duet,0.82,193,2026-09-17T13:44:09Z,2026-09-17T13:44:09Z
23881,2247,2350,inspired_by,0.586,147,2026-09-17T13:44:09Z,2026-09-17T13:44:09Z
23882,2593,2273,follows,0.765,134,2026-09-17T13:44:09Z,2026-09-17T13:44:09Z
23883,2412,2331,collaborates,0.353,38,2026-09-17T13:44:09Z,2026-09-17T13:44:09Z
23884,2235,2384,mentioned,0.564,2,2026-09-17T13:44:09Z,2026-09-17T13:44:09Z
23885,2391,2424,reshared,0.383,56,2026-09-17T13:44:09Z,2026-09-17T13:44:09Z
23886,2615,2559,tagged,0.25,97,2026-09-17T13:44:09Z,2026-09-17T13:44:09Z
23887,2339,2694,duet,0.555,16,2026-09-17T13:44:09Z,2026-09-17T13:44:09Z
23888,2367,2596,inspired_by,0.393,23,2026-09-17T13:44:09Z,2026-09-17T13:44:09Z
23889,2301,2313,follows,0.273,142,2026-09-17T13:44:09Z,2026-09-17T13:44:09Z
23890,2618,2448,collaborates,0.52,8,2026-09-17T13:44:09Z,2026-09-17T13:44:09Z
23891,2366,2335,mentioned,0.853,90,2026-09-17T13:44:09Z,2026-09-17T13:44:09Z
23892,2306,2691,tagged,0.951,43,2026-09-17T13:44:09Z,2026-09-17T13:44:09Z
23893,2643,2686,duet,0.507,58,2026-09-17T13:44:09Z,2026-09-17T13:44:09Z
23894,2341,2244,inspired_by,0.829,13,2026-09-17T13:44:09Z,2026-09-17T13:44:09Z
23895,2649,2254,follows,0.803,108,2026-09-17T13:44:09Z,2026-09-17T13:44:09Z
23896,2599,2695,mentioned,0.139,125,2026-09-17T13:44:09Z,2026-09-17T13:44:09Z
23897,2530,2299,reshared,0.755,105,2026-09-17T13:44:09Z,2026-09-17T13:44:09Z
23898,2537,2468,tagged,0.905,81,2026-09-17T13:44:09Z,2026-09-17T13:44:09Z
23899,2584,2597,inspired_by,0.46,79,2026-09-17T13:44:09Z,2026-09-17T13:44:09Z
23900,2332,2222,follows,0.797,139,2026-09-17T13:44:09Z,2026-09-17T13:44:09Z
23901,2473,2345,collaborates,0.619,138,2026-09-17T13:44:09Z,2026-09-17T13:44:09Z
23902,2563,2581,mentioned,0.365,99,2026-09-17T13:44:09Z,2026-09-17T13:44:09Z
23903,2682,2412,reshared,0.133,161,2026-09-17T13:44:09Z,2026-09-17T13:44:09Z
23904,2286,2548,tagged,0.765,104,2026-09-17T13:44:09Z,2026-09-17T13:44:09Z
23905,2460,2272,inspired_by,0.297,124,2026-09-17T13:44:09Z,2026-09-17T13:44:09Z
23906,2630,2314,follows,0.943,125,2026-09-17T13:44:09Z,2026-09-17T13:44:09Z
23907,2336,2520,mentioned,0.385,69,2026-09-17T13:44:09Z,2026-09-17T13:44:09Z
23908,2655,2232,reshared,0.12,118,2026-09-17T13:44:09Z,2026-09-17T13:44:09Z
23909,2659,2677,tagged,0.286,17,2026-09-17T13:44:09Z,2026-09-17T13:44:09Z
23910,2285,2235,duet,0.708,44,2026-09-17T13:44:09Z,2026-09-17T13:44:09Z
23911,2285,2268,inspired_by,0.635,144,2026-09-17T13:44:09Z,2026-09-17T13:44:09Z
23912,2273,2700,follows,0.384,73,2026-09-17T13:44:09Z,2026-09-17T13:44:09Z
23913,2434,2469,collaborates,0.382,36,2026-09-17T13:44:09Z,2026-09-17T13:44:09Z
23914,2426,2627,mentioned,0.819,35,2026-09-17T13:44:09Z,2026-09-17T13:44:09Z
23915,2224,2399,reshared,0.233,3,2026-09-17T13:44:09Z,2026-09-17T13:44:09Z
23916,2360,2659,duet,0.354,124,2026-09-17T13:44:09Z,2026-09-17T13:44:09Z
23917,2287,2657,inspired_by,0.858,193,2026-09-17T13:44:09Z,2026-09-17T13:44:09Z
23918,2357,2479,follows,0.41,115,2026-09-17T13:44:09Z,2026-09-17T13:44:09Z
23919,2546,2638,collaborates,0.699,132,2026-09-17T13:44:09Z,2026-09-17T13:44:09Z
23920,2290,2525,mentioned,0.571,61,2026-09-17T13:44:09Z,2026-09-17T13:44:09Z
23921,2638,2619,reshared,0.788,180,2026-09-17T13:44:09Z,2026-09-17T13:44:09Z
23922,2364,2399,tagged,0.188,163,2026-09-17T13:44:09Z,2026-09-17T13:44:09Z
23923,2603,2601,duet,0.637,81,2026-09-17T13:44:09Z,2026-09-17T13:44:09Z
23924,2698,2648,inspired_by,0.405,46,2026-09-17T13:44:09Z,2026-09-17T13:44:09Z
23925,2653,2303,follows,0.396,140,2026-09-17T13:44:09Z,2026-09-17T13:44:09Z
23926,2244,2540,collaborates,0.782,17,2026-09-17T13:44:09Z,2026-09-17T13:44:09Z
23927,2558,2452,mentioned,0.848,28,2026-09-17T13:44:09Z,2026-09-17T13:44:09Z
23928,2695,2546,reshared,0.386,110,2026-09-17T13:44:09Z,2026-09-17T13:44:09Z
23929,2500,2648,tagged,0.352,113,2026-09-17T13:44:09Z,2026-09-17T13:44:09Z
23930,2551,2438,inspired_by,0.433,52,2026-09-17T13:44:09Z,2026-09-17T13:44:09Z
23931,2422,2553,follows,0.825,111,2026-09-17T13:44:09Z,2026-09-17T13:44:09Z
23932,2228,2701,collaborates,0.425,36,2026-09-17T13:44:09Z,2026-09-17T13:44:09Z
23933,2365,2361,mentioned,0.449,110,2026-09-17T13:44:09Z,2026-09-17T13:44:09Z
23934,2363,2507,reshared,0.14,54,2026-09-17T13:44:09Z,2026-09-17T13:44:09Z
23935,2233,2426,tagged,0.434,74,2026-09-17T13:44:09Z,2026-09-17T13:44:09Z
23936,2541,2648,duet,0.971,48,2026-09-17T13:44:09Z,2026-09-17T13:44:09Z
23937,2349,2597,inspired_by,0.23,113,2026-09-17T13:44:09Z,2026-09-17T13:44:09Z
23938,2508,2561,follows,0.965,90,2026-09-17T13:44:09Z,2026-09-17T13:44:09Z
23939,2393,2495,collaborates,0.676,141,2026-09-17T13:44:09Z,2026-09-17T13:44:09Z
23940,2606,2613,duet,0.359,68,2026-09-17T13:44:09Z,2026-09-17T13:44:09Z
23941,2379,2391,inspired_by,0.551,133,2026-09-17T13:44:09Z,2026-09-17T13:44:09Z
23942,2558,2383,collaborates,0.666,126,2026-09-17T13:44:09Z,2026-09-17T13:44:09Z
23943,2631,2235,mentioned,0.332,148,2026-09-17T13:44:09Z,2026-09-17T13:44:09Z
23944,2602,2404,reshared,0.586,195,2026-09-17T13:44:09Z,2026-09-17T13:44:09Z
23945,2320,2608,duet,0.565,11,2026-09-17T13:44:09Z,2026-09-17T13:44:09Z
23946,2503,2435,inspired_by,0.916,182,2026-09-17T13:44:09Z,2026-09-17T13:44:09Z
23947,2239,2451,follows,0.204,160,2026-09-17T13:44:09Z,2026-09-17T13:44:09Z
23948,2579,2402,reshared,0.648,52,2026-09-17T13:44:09Z,2026-09-17T13:44:09Z
23949,2555,2409,tagged,0.326,183,2026-09-17T13:44:09Z,2026-09-17T13:44:09Z
23950,2362,2475,duet,0.526,103,2026-09-17T13:44:09Z,2026-09-17T13:44:09Z
23951,2292,2229,inspired_by,0.743,10,2026-09-17T13:44:09Z,2026-09-17T13:44:09Z
23952,2600,2585,collaborates,0.489,72,2026-09-17T13:44:09Z,2026-09-17T13:44:09Z
23953,2376,2439,reshared,0.793,170,2026-09-17T13:44:09Z,2026-09-17T13:44:09Z
23954,2625,2632,tagged,0.453,177,2026-09-17T13:44:09Z,2026-09-17T13:44:09Z
23955,2604,2630,collaborates,0.893,60,2026-09-17T13:44:09Z,2026-09-17T13:44:09Z
23956,2557,2388,mentioned,0.237,104,2026-09-17T13:44:09Z,2026-09-17T13:44:09Z
23957,2679,2464,reshared,0.605,199,2026-09-17T13:44:09Z,2026-09-17T13:44:09Z
23958,2615,2231,tagged,0.791,23,2026-09-17T13:44:09Z,2026-09-17T13:44:09Z
23959,2407,2643,duet,0.462,62,2026-09-17T13:44:09Z,2026-09-17T13:44:09Z
23960,2601,2552,inspired_by,0.925,68,2026-09-17T13:44:09Z,2026-09-17T13:44:09Z
23961,2428,2596,mentioned,0.64,1,2026-09-17T13:44:09Z,2026-09-17T13:44:09Z
23962,2594,2672,reshared,0.438,153,2026-09-17T13:44:09Z,2026-09-17T13:44:09Z
23963,2603,2579,duet,0.986,65,2026-09-17T13:44:09Z,2026-09-17T13:44:09Z
23964,2343,2623,inspired_by,0.532,53,2026-09-17T13:44:09Z,2026-09-17T13:44:09Z
23965,2603,2600,collaborates,0.604,53,2026-09-17T13:44:09Z,2026-09-17T13:44:09Z
23966,2517,2422,mentioned,0.192,71,2026-09-17T13:44:09Z,2026-09-17T13:44:09Z
23967,2361,2304,reshared,0.997,117,2026-09-17T13:44:09Z,2026-09-17T13:44:09Z
23968,2683,2295,tagged,0.895,143,2026-09-17T13:44:09Z,2026-09-17T13:44:09Z
23969,2618,2364,duet,0.361,115,2026-09-17T13:44:09Z,2026-09-17T13:44:09Z
23970,2427,2661,inspired_by,0.698,131,2026-09-17T13:44:09Z,2026-09-17T13:44:09Z
23971,2246,2458,collaborates,0.801,42,2026-09-17T13:44:09Z,2026-09-17T13:44:09Z
23972,2494,2304,mentioned,0.34,77,2026-09-17T13:44:09Z,2026-09-17T13:44:09Z
23973,2280,2651,tagged,0.61,146,2026-09-17T13:44:09Z,2026-09-17T13:44:09Z
23974,2649,2644,duet,0.138,13,2026-09-17T13:44:09Z,2026-09-17T13:44:09Z
23975,2279,2593,inspired_by,0.853,185,2026-09-17T13:44:09Z,2026-09-17T13:44:09Z
23976,2545,2661,follows,0.868,113,2026-09-17T13:44:09Z,2026-09-17T13:44:09Z
23977,2307,2266,collaborates,0.417,132,2026-09-17T13:44:09Z,2026-09-17T13:44:09Z
23978,2660,2651,mentioned,0.605,168,2026-09-17T13:44:09Z,2026-09-17T13:44:09Z
23979,2383,2353,reshared,0.974,55,2026-09-17T13:44:09Z,2026-09-17T13:44:09Z
23980,2521,2224,tagged,0.41,186,2026-09-17T13:44:09Z,2026-09-17T13:44:09Z
23981,2307,2638,duet,0.375,59,2026-09-17T13:44:09Z,2026-09-17T13:44:09Z
23982,2300,2405,follows,0.112,143,2026-09-17T13:44:09Z,2026-09-17T13:44:09Z
23983,2415,2526,collaborates,0.794,145,2026-09-17T13:44:09Z,2026-09-17T13:44:09Z
23984,2344,2520,mentioned,0.145,46,2026-09-17T13:44:09Z,2026-09-17T13:44:09Z
23985,2402,2553,reshared,0.52,87,2026-09-17T13:44:09Z,2026-09-17T13:44:09Z
23986,2296,2482,tagged,0.104,100,2026-09-17T13:44:09Z,2026-09-17T13:44:09Z
23987,2647,2412,duet,0.999,56,2026-09-17T13:44:09Z,2026-09-17T13:44:09Z
23988,2523,2295,inspired_by,0.298,87,2026-09-17T13:44:09Z,2026-09-17T13:44:09Z
23989,2445,2406,collaborates,0.441,58,2026-09-17T13:44:09Z,2026-09-17T13:44:09Z
23990,2470,2388,mentioned,0.609,114,2026-09-17T13:44:09Z,2026-09-17T13:44:09Z
23991,2652,2231,reshared,0.551,196,2026-09-17T13:44:09Z,2026-09-17T13:44:09Z
23992,2557,2615,tagged,0.433,63,2026-09-17T13:44:09Z,2026-09-17T13:44:09Z
23993,2415,2377,duet,0.813,128,2026-09-17T13:44:09Z,2026-09-17T13:44:09Z
23994,2270,2571,inspired_by,0.251,155,2026-09-17T13:44:09Z,2026-09-17T13:44:09Z
23995,2466,2337,follows,0.237,1,2026-09-17T13:44:09Z,2026-09-17T13:44:09Z
23996,2322,2331,collaborates,0.14,140,2026-09-17T13:44:09Z,2026-09-17T13:44:09Z
23997,2696,2434,mentioned,0.567,174,2026-09-17T13:44:09Z,2026-09-17T13:44:09Z
23998,2229,2237,reshared,0.105,6,2026-09-17T13:44:09Z,2026-09-17T13:44:09Z
23999,2493,2465,tagged,0.532,113,2026-09-17T13:44:09Z,2026-09-17T13:44:09Z
24000,2319,2407,duet,0.632,4,2026-09-17T13:44:09Z,2026-09-17T13:44:09Z
24001,2446,2227,inspired_by,0.172,141,2026-09-17T13:44:09Z,2026-09-17T13:44:09Z
24002,2366,2520,follows,0.187,191,2026-09-17T13:44:09Z,2026-09-17T13:44:09Z
24003,2509,2479,collaborates,0.363,144,2026-09-17T13:44:09Z,2026-09-17T13:44:09Z
24004,2491,2515,mentioned,0.341,173,2026-09-17T13:44:09Z,2026-09-17T13:44:09Z
24005,2444,2231,reshared,0.869,141,2026-09-17T13:44:09Z,2026-09-17T13:44:09Z
24006,2617,2357,duet,0.288,59,2026-09-17T13:44:09Z,2026-09-17T13:44:09Z
24007,2265,2592,inspired_by,0.819,191,2026-09-17T13:44:09Z,2026-09-17T13:44:09Z
24008,2343,2336,follows,0.735,99,2026-09-17T13:44:09Z,2026-09-17T13:44:09Z
24009,2631,2294,collaborates,0.691,117,2026-09-17T13:44:09Z,2026-09-17T13:44:09Z
24010,2532,2358,reshared,0.908,2,2026-09-17T13:44:09Z,2026-09-17T13:44:09Z
24011,2476,2389,tagged,0.345,9,2026-09-17T13:44:09Z,2026-09-17T13:44:09Z
24012,2584,2677,duet,0.975,54,2026-09-17T13:44:09Z,2026-09-17T13:44:09Z
24013,2363,2365,inspired_by,0.999,75,2026-09-17T13:44:09Z,2026-09-17T13:44:09Z
24014,2588,2673,mentioned,0.508,82,2026-09-17T13:44:09Z,2026-09-17T13:44:09Z
24015,2625,2443,reshared,0.35,97,2026-09-17T13:44:09Z,2026-09-17T13:44:09Z
24016,2535,2339,tagged,0.964,68,2026-09-17T13:44:09Z,2026-09-17T13:44:09Z
24017,2557,2593,inspired_by,0.304,106,2026-09-17T13:44:09Z,2026-09-17T13:44:09Z
24018,2473,2564,follows,0.884,45,2026-09-17T13:44:09Z,2026-09-17T13:44:09Z
24019,2614,2613,mentioned,0.971,79,2026-09-17T13:44:09Z,2026-09-17T13:44:09Z
24020,2318,2398,reshared,0.477,72,2026-09-17T13:44:09Z,2026-09-17T13:44:09Z
24021,2599,2488,tagged,0.579,79,2026-09-17T13:44:09Z,2026-09-17T13:44:09Z
24022,2309,2677,duet,0.649,178,2026-09-17T13:44:09Z,2026-09-17T13:44:09Z
24023,2544,2295,follows,0.438,57,2026-09-17T13:44:09Z,2026-09-17T13:44:09Z
24024,2563,2265,collaborates,0.657,157,2026-09-17T13:44:09Z,2026-09-17T13:44:09Z
24025,2461,2652,mentioned,0.222,128,2026-09-17T13:44:09Z,2026-09-17T13:44:09Z
24026,2348,2343,reshared,0.893,169,2026-09-17T13:44:09Z,2026-09-17T13:44:09Z
24027,2236,2645,duet,0.3,172,2026-09-17T13:44:09Z,2026-09-17T13:44:09Z
24028,2563,2627,inspired_by,0.478,58,2026-09-17T13:44:09Z,2026-09-17T13:44:09Z
24029,2242,2261,follows,0.363,140,2026-09-17T13:44:09Z,2026-09-17T13:44:09Z
24030,2570,2611,collaborates,0.107,102,2026-09-17T13:44:09Z,2026-09-17T13:44:09Z
24031,2657,2503,mentioned,0.264,139,2026-09-17T13:44:09Z,2026-09-17T13:44:09Z
24032,2337,2491,reshared,0.999,8,2026-09-17T13:44:09Z,2026-09-17T13:44:09Z
24033,2606,2425,tagged,0.315,151,2026-09-17T13:44:09Z,2026-09-17T13:44:09Z
24034,2378,2376,duet,0.349,159,2026-09-17T13:44:09Z,2026-09-17T13:44:09Z
24035,2324,2434,inspired_by,0.938,74,2026-09-17T13:44:09Z,2026-09-17T13:44:09Z
24036,2693,2606,follows,0.615,149,2026-09-17T13:44:09Z,2026-09-17T13:44:09Z
24037,2306,2666,collaborates,0.542,43,2026-09-17T13:44:09Z,2026-09-17T13:44:09Z
24038,2555,2295,mentioned,0.239,30,2026-09-17T13:44:09Z,2026-09-17T13:44:09Z
24039,2625,2253,reshared,0.587,164,2026-09-17T13:44:09Z,2026-09-17T13:44:09Z
24040,2678,2561,tagged,0.482,165,2026-09-17T13:44:09Z,2026-09-17T13:44:09Z
24041,2363,2451,duet,0.657,3,2026-09-17T13:44:09Z,2026-09-17T13:44:09Z
24042,2296,2560,inspired_by,0.178,50,2026-09-17T13:44:09Z,2026-09-17T13:44:09Z
24043,2466,2331,follows,0.164,139,2026-09-17T13:44:09Z,2026-09-17T13:44:09Z
24044,2509,2499,collaborates,0.331,12,2026-09-17T13:44:09Z,2026-09-17T13:44:09Z
24045,2461,2547,mentioned,0.917,184,2026-09-17T13:44:09Z,2026-09-17T13:44:09Z
24046,2560,2300,reshared,0.268,125,2026-09-17T13:44:09Z,2026-09-17T13:44:09Z
24047,2224,2562,duet,0.661,99,2026-09-17T13:44:09Z,2026-09-17T13:44:09Z
24048,2656,2489,inspired_by,0.445,25,2026-09-17T13:44:09Z,2026-09-17T13:44:09Z
24049,2458,2540,follows,0.995,134,2026-09-17T13:44:09Z,2026-09-17T13:44:09Z
24050,2290,2495,collaborates,0.917,57,2026-09-17T13:44:09Z,2026-09-17T13:44:09Z
24051,2573,2424,mentioned,0.287,66,2026-09-17T13:44:09Z,2026-09-17T13:44:09Z
24052,2580,2444,reshared,0.769,126,2026-09-17T13:44:09Z,2026-09-17T13:44:09Z
24053,2635,2515,tagged,0.506,152,2026-09-17T13:44:09Z,2026-09-17T13:44:09Z
24054,2342,2320,duet,0.334,31,2026-09-17T13:44:09Z,2026-09-17T13:44:09Z
24055,2417,2566,inspired_by,0.769,80,2026-09-17T13:44:09Z,2026-09-17T13:44:09Z
24056,2594,2447,follows,0.837,18,2026-09-17T13:44:09Z,2026-09-17T13:44:09Z
24057,2339,2346,collaborates,0.756,126,2026-09-17T13:44:09Z,2026-09-17T13:44:09Z
24058,2338,2616,mentioned,0.286,84,2026-09-17T13:44:09Z,2026-09-17T13:44:09Z
24059,2496,2415,reshared,0.961,43,2026-09-17T13:44:09Z,2026-09-17T13:44:09Z
24060,2335,2384,tagged,0.888,171,2026-09-17T13:44:09Z,2026-09-17T13:44:09Z
24061,2377,2259,duet,0.328,27,2026-09-17T13:44:09Z,2026-09-17T13:44:09Z
24062,2588,2532,inspired_by,0.348,177,2026-09-17T13:44:09Z,2026-09-17T13:44:09Z
24063,2407,2582,follows,0.161,181,2026-09-17T13:44:09Z,2026-09-17T13:44:09Z
24064,2229,2576,collaborates,0.439,192,2026-09-17T13:44:09Z,2026-09-17T13:44:09Z
24065,2542,2679,mentioned,0.965,194,2026-09-17T13:44:09Z,2026-09-17T13:44:09Z
24066,2223,2422,tagged,0.976,94,2026-09-17T13:44:09Z,2026-09-17T13:44:09Z
24067,2475,2291,duet,0.109,141,2026-09-17T13:44:09Z,2026-09-17T13:44:09Z
24068,2600,2702,inspired_by,0.578,105,2026-09-17T13:44:09Z,2026-09-17T13:44:09Z
24069,2272,2270,follows,0.98,121,2026-09-17T13:44:09Z,2026-09-17T13:44:09Z
24070,2698,2607,collaborates,0.585,51,2026-09-17T13:44:09Z,2026-09-17T13:44:09Z
24071,2485,2501,mentioned,0.442,46,2026-09-17T13:44:09Z,2026-09-17T13:44:09Z
24072,2387,2670,reshared,0.266,99,2026-09-17T13:44:09Z,2026-09-17T13:44:09Z
24073,2358,2674,tagged,0.347,63,2026-09-17T13:44:09Z,2026-09-17T13:44:09Z
24074,2453,2333,duet,0.645,55,2026-09-17T13:44:09Z,2026-09-17T13:44:09Z
24075,2598,2364,inspired_by,0.636,31,2026-09-17T13:44:09Z,2026-09-17T13:44:09Z
24076,2580,2509,follows,0.487,24,2026-09-17T13:44:09Z,2026-09-17T13:44:09Z
24077,2620,2399,collaborates,0.609,130,2026-09-17T13:44:09Z,2026-09-17T13:44:09Z
24078,2579,2462,mentioned,0.301,161,2026-09-17T13:44:09Z,2026-09-17T13:44:09Z
24079,2480,2434,reshared,0.678,67,2026-09-17T13:44:09Z,2026-09-17T13:44:09Z
24080,2385,2302,tagged,0.969,160,2026-09-17T13:44:09Z,2026-09-17T13:44:09Z
24081,2253,2363,duet,0.121,53,2026-09-17T13:44:09Z,2026-09-17T13:44:09Z
24082,2332,2291,inspired_by,0.818,175,2026-09-17T13:44:09Z,2026-09-17T13:44:09Z
24083,2416,2687,collaborates,0.431,73,2026-09-17T13:44:09Z,2026-09-17T13:44:09Z
24084,2428,2423,reshared,0.37,161,2026-09-17T13:44:09Z,2026-09-17T13:44:09Z
24085,2401,2669,tagged,0.685,161,2026-09-17T13:44:09Z,2026-09-17T13:44:09Z
24086,2580,2334,follows,0.996,41,2026-09-17T13:44:09Z,2026-09-17T13:44:09Z
24087,2674,2383,collaborates,0.44,26,2026-09-17T13:44:09Z,2026-09-17T13:44:09Z
24088,2497,2354,tagged,0.647,84,2026-09-17T13:44:09Z,2026-09-17T13:44:09Z
24089,2320,2547,duet,0.164,122,2026-09-17T13:44:09Z,2026-09-17T13:44:09Z
24090,2565,2646,inspired_by,0.75,189,2026-09-17T13:44:09Z,2026-09-17T13:44:09Z
24091,2318,2404,collaborates,0.61,172,2026-09-17T13:44:09Z,2026-09-17T13:44:09Z
24092,2355,2348,mentioned,0.274,177,2026-09-17T13:44:09Z,2026-09-17T13:44:09Z
24093,2438,2246,tagged,0.594,190,2026-09-17T13:44:09Z,2026-09-17T13:44:09Z
24094,2627,2552,duet,0.335,154,2026-09-17T13:44:09Z,2026-09-17T13:44:09Z
24095,2367,2456,inspired_by,0.611,88,2026-09-17T13:44:09Z,2026-09-17T13:44:09Z
24096,2273,2570,follows,0.236,24,2026-09-17T13:44:09Z,2026-09-17T13:44:09Z
24097,2460,2253,collaborates,0.335,133,2026-09-17T13:44:09Z,2026-09-17T13:44:09Z
24098,2596,2506,reshared,0.665,113,2026-09-17T13:44:09Z,2026-09-17T13:44:09Z
24099,2581,2654,tagged,0.235,127,2026-09-17T13:44:09Z,2026-09-17T13:44:09Z
24100,2573,2520,duet,0.602,109,2026-09-17T13:44:09Z,2026-09-17T13:44:09Z
24101,2491,2694,inspired_by,0.747,96,2026-09-17T13:44:09Z,2026-09-17T13:44:09Z
24102,2541,2347,follows,0.616,60,2026-09-17T13:44:09Z,2026-09-17T13:44:09Z
24103,2262,2571,collaborates,0.983,153,2026-09-17T13:44:09Z,2026-09-17T13:44:09Z
24104,2381,2447,mentioned,0.596,190,2026-09-17T13:44:09Z,2026-09-17T13:44:09Z
24105,2324,2516,reshared,0.438,43,2026-09-17T13:44:09Z,2026-09-17T13:44:09Z
24106,2531,2313,tagged,0.564,115,2026-09-17T13:44:09Z,2026-09-17T13:44:09Z
24107,2277,2286,inspired_by,0.986,131,2026-09-17T13:44:09Z,2026-09-17T13:44:09Z
24108,2561,2645,follows,0.64,32,2026-09-17T13:44:09Z,2026-09-17T13:44:09Z
24109,2379,2626,collaborates,0.967,7,2026-09-17T13:44:09Z,2026-09-17T13:44:09Z
24110,2448,2380,mentioned,0.467,19,2026-09-17T13:44:09Z,2026-09-17T13:44:09Z
24111,2245,2314,reshared,0.568,189,2026-09-17T13:44:09Z,2026-09-17T13:44:09Z
24112,2462,2476,tagged,0.864,73,2026-09-17T13:44:09Z,2026-09-17T13:44:09Z
24113,2607,2258,duet,0.205,25,2026-09-17T13:44:09Z,2026-09-17T13:44:09Z
24114,2415,2286,inspired_by,0.546,154,2026-09-17T13:44:09Z,2026-09-17T13:44:09Z
24115,2503,2500,collaborates,0.928,127,2026-09-17T13:44:09Z,2026-09-17T13:44:09Z
24116,2365,2471,mentioned,0.99,133,2026-09-17T13:44:09Z,2026-09-17T13:44:09Z
24117,2676,2600,reshared,0.375,138,2026-09-17T13:44:09Z,2026-09-17T13:44:09Z
24118,2401,2239,tagged,0.568,14,2026-09-17T13:44:09Z,2026-09-17T13:44:09Z
24119,2679,2349,duet,0.439,181,2026-09-17T13:44:09Z,2026-09-17T13:44:09Z
24120,2319,2273,inspired_by,0.8,19,2026-09-17T13:44:09Z,2026-09-17T13:44:09Z
24121,2701,2270,follows,0.933,139,2026-09-17T13:44:09Z,2026-09-17T13:44:09Z
24122,2414,2669,collaborates,0.832,9,2026-09-17T13:44:09Z,2026-09-17T13:44:09Z
24123,2659,2386,mentioned,0.754,67,2026-09-17T13:44:09Z,2026-09-17T13:44:09Z
24124,2559,2467,reshared,0.651,86,2026-09-17T13:44:09Z,2026-09-17T13:44:09Z
24125,2376,2301,tagged,0.147,31,2026-09-17T13:44:09Z,2026-09-17T13:44:09Z
24126,2277,2528,duet,0.272,66,2026-09-17T13:44:09Z,2026-09-17T13:44:09Z
24127,2540,2578,follows,0.883,116,2026-09-17T13:44:09Z,2026-09-17T13:44:09Z
24128,2550,2632,collaborates,0.394,136,2026-09-17T13:44:09Z,2026-09-17T13:44:09Z
24129,2435,2610,mentioned,0.738,165,2026-09-17T13:44:09Z,2026-09-17T13:44:09Z
24130,2279,2238,reshared,0.122,11,2026-09-17T13:44:09Z,2026-09-17T13:44:09Z
24131,2485,2289,tagged,0.548,49,2026-09-17T13:44:09Z,2026-09-17T13:44:09Z
24132,2424,2434,duet,0.155,62,2026-09-17T13:44:09Z,2026-09-17T13:44:09Z
24133,2581,2687,inspired_by,0.477,75,2026-09-17T13:44:09Z,2026-09-17T13:44:09Z
24134,2687,2510,follows,0.344,11,2026-09-17T13:44:09Z,2026-09-17T13:44:09Z
24135,2535,2553,collaborates,0.664,115,2026-09-17T13:44:09Z,2026-09-17T13:44:09Z
24136,2311,2249,mentioned,0.114,26,2026-09-17T13:44:09Z,2026-09-17T13:44:09Z
24137,2378,2383,reshared,0.331,84,2026-09-17T13:44:09Z,2026-09-17T13:44:09Z
24138,2372,2580,inspired_by,0.896,79,2026-09-17T13:44:09Z,2026-09-17T13:44:09Z
24139,2562,2366,follows,0.963,129,2026-09-17T13:44:09Z,2026-09-17T13:44:09Z
24140,2443,2509,collaborates,0.758,17,2026-09-17T13:44:09Z,2026-09-17T13:44:09Z
24141,2456,2390,mentioned,0.462,57,2026-09-17T13:44:09Z,2026-09-17T13:44:09Z
24142,2266,2241,reshared,0.262,171,2026-09-17T13:44:09Z,2026-09-17T13:44:09Z
24143,2446,2590,tagged,0.698,120,2026-09-17T13:44:09Z,2026-09-17T13:44:09Z
24144,2466,2355,duet,0.962,101,2026-09-17T13:44:09Z,2026-09-17T13:44:09Z
24145,2540,2699,inspired_by,0.252,54,2026-09-17T13:44:09Z,2026-09-17T13:44:09Z
24146,2391,2301,follows,0.503,70,2026-09-17T13:44:09Z,2026-09-17T13:44:09Z
24147,2690,2502,collaborates,0.298,124,2026-09-17T13:44:09Z,2026-09-17T13:44:09Z
24148,2537,2586,mentioned,0.288,160,2026-09-17T13:44:09Z,2026-09-17T13:44:09Z
24149,2539,2540,reshared,0.736,55,2026-09-17T13:44:09Z,2026-09-17T13:44:09Z
24150,2282,2412,tagged,0.557,45,2026-09-17T13:44:09Z,2026-09-17T13:44:09Z
24151,2441,2338,duet,0.453,161,2026-09-17T13:44:09Z,2026-09-17T13:44:09Z
24152,2223,2631,inspired_by,0.913,72,2026-09-17T13:44:09Z,2026-09-17T13:44:09Z
24153,2361,2287,follows,0.923,156,2026-09-17T13:44:09Z,2026-09-17T13:44:09Z
24154,2590,2314,collaborates,0.487,92,2026-09-17T13:44:09Z,2026-09-17T13:44:09Z
24155,2672,2521,mentioned,0.915,148,2026-09-17T13:44:09Z,2026-09-17T13:44:09Z
24156,2602,2413,reshared,0.69,23,2026-09-17T13:44:09Z,2026-09-17T13:44:09Z
24157,2425,2408,tagged,0.887,125,2026-09-17T13:44:09Z,2026-09-17T13:44:09Z
24158,2333,2495,inspired_by,0.17,69,2026-09-17T13:44:09Z,2026-09-17T13:44:09Z
24159,2702,2398,follows,0.736,51,2026-09-17T13:44:09Z,2026-09-17T13:44:09Z
24160,2569,2290,collaborates,0.463,81,2026-09-17T13:44:09Z,2026-09-17T13:44:09Z
24161,2674,2529,mentioned,0.334,116,2026-09-17T13:44:09Z,2026-09-17T13:44:09Z
24162,2361,2516,reshared,0.113,181,2026-09-17T13:44:09Z,2026-09-17T13:44:09Z
24163,2596,2305,tagged,0.401,171,2026-09-17T13:44:09Z,2026-09-17T13:44:09Z
24164,2513,2354,duet,0.49,132,2026-09-17T13:44:09Z,2026-09-17T13:44:09Z
24165,2376,2526,inspired_by,0.513,101,2026-09-17T13:44:09Z,2026-09-17T13:44:09Z
24166,2556,2700,follows,0.213,150,2026-09-17T13:44:09Z,2026-09-17T13:44:09Z
24167,2478,2291,collaborates,0.743,127,2026-09-17T13:44:09Z,2026-09-17T13:44:09Z
24168,2590,2376,mentioned,0.231,142,2026-09-17T13:44:09Z,2026-09-17T13:44:09Z
24169,2235,2668,reshared,0.722,138,2026-09-17T13:44:09Z,2026-09-17T13:44:09Z
24170,2695,2655,tagged,0.577,86,2026-09-17T13:44:09Z,2026-09-17T13:44:09Z
24171,2524,2253,duet,0.96,166,2026-09-17T13:44:09Z,2026-09-17T13:44:09Z
24172,2623,2469,inspired_by,0.102,61,2026-09-17T13:44:09Z,2026-09-17T13:44:09Z
24173,2694,2307,follows,0.784,81,2026-09-17T13:44:09Z,2026-09-17T13:44:09Z
24174,2286,2477,collaborates,0.242,91,2026-09-17T13:44:09Z,2026-09-17T13:44:09Z
24175,2595,2690,mentioned,0.295,7,2026-09-17T13:44:09Z,2026-09-17T13:44:09Z
24176,2671,2304,reshared,0.656,160,2026-09-17T13:44:09Z,2026-09-17T13:44:09Z
24177,2261,2234,tagged,0.592,118,2026-09-17T13:44:09Z,2026-09-17T13:44:09Z
24178,2301,2684,duet,0.182,187,2026-09-17T13:44:09Z,2026-09-17T13:44:09Z
24179,2558,2426,inspired_by,0.407,104,2026-09-17T13:44:09Z,2026-09-17T13:44:09Z
24180,2465,2287,follows,0.152,102,2026-09-17T13:44:09Z,2026-09-17T13:44:09Z
24181,2628,2373,mentioned,0.252,160,2026-09-17T13:44:09Z,2026-09-17T13:44:09Z
24182,2655,2665,reshared,0.753,180,2026-09-17T13:44:09Z,2026-09-17T13:44:09Z
24183,2246,2297,tagged,0.311,141,2026-09-17T13:44:09Z,2026-09-17T13:44:09Z
24184,2266,2463,duet,0.482,196,2026-09-17T13:44:09Z,2026-09-17T13:44:09Z
24185,2499,2273,follows,0.931,126,2026-09-17T13:44:09Z,2026-09-17T13:44:09Z
24186,2538,2327,collaborates,0.971,16,2026-09-17T13:44:09Z,2026-09-17T13:44:09Z
24187,2444,2350,mentioned,0.924,151,2026-09-17T13:44:09Z,2026-09-17T13:44:09Z
24188,2452,2602,reshared,0.645,193,2026-09-17T13:44:09Z,2026-09-17T13:44:09Z
24189,2678,2357,tagged,0.545,41,2026-09-17T13:44:09Z,2026-09-17T13:44:09Z
24190,2278,2385,duet,0.678,156,2026-09-17T13:44:09Z,2026-09-17T13:44:09Z
24191,2330,2371,follows,0.269,176,2026-09-17T13:44:09Z,2026-09-17T13:44:09Z
24192,2472,2291,mentioned,0.891,68,2026-09-17T13:44:09Z,2026-09-17T13:44:09Z
24193,2307,2530,reshared,0.696,102,2026-09-17T13:44:09Z,2026-09-17T13:44:09Z
24194,2679,2629,tagged,0.705,5,2026-09-17T13:44:09Z,2026-09-17T13:44:09Z
24195,2595,2670,duet,0.269,117,2026-09-17T13:44:09Z,2026-09-17T13:44:09Z
24196,2428,2653,inspired_by,0.512,99,2026-09-17T13:44:09Z,2026-09-17T13:44:09Z
24197,2643,2432,follows,0.648,175,2026-09-17T13:44:09Z,2026-09-17T13:44:09Z
24198,2470,2301,collaborates,0.963,5,2026-09-17T13:44:09Z,2026-09-17T13:44:09Z
24199,2332,2432,mentioned,0.327,196,2026-09-17T13:44:09Z,2026-09-17T13:44:09Z
24200,2673,2454,reshared,0.373,20,2026-09-17T13:44:09Z,2026-09-17T13:44:09Z
24201,2667,2302,tagged,0.744,10,2026-09-17T13:44:09Z,2026-09-17T13:44:09Z
24202,2307,2379,duet,0.822,138,2026-09-17T13:44:09Z,2026-09-17T13:44:09Z
24203,2553,2556,inspired_by,0.608,128,2026-09-17T13:44:09Z,2026-09-17T13:44:09Z
24204,2414,2283,collaborates,0.432,7,2026-09-17T13:44:09Z,2026-09-17T13:44:09Z
24205,2367,2628,mentioned,0.426,78,2026-09-17T13:44:09Z,2026-09-17T13:44:09Z
24206,2255,2668,reshared,0.545,171,2026-09-17T13:44:09Z,2026-09-17T13:44:09Z
24207,2384,2691,tagged,0.208,137,2026-09-17T13:44:09Z,2026-09-17T13:44:09Z
24208,2260,2662,duet,0.668,117,2026-09-17T13:44:09Z,2026-09-17T13:44:09Z
24209,2319,2351,inspired_by,0.268,110,2026-09-17T13:44:09Z,2026-09-17T13:44:09Z
24210,2280,2310,follows,0.563,140,2026-09-17T13:44:09Z,2026-09-17T13:44:09Z
24211,2609,2392,collaborates,0.521,123,2026-09-17T13:44:09Z,2026-09-17T13:44:09Z
24212,2487,2520,mentioned,0.115,43,2026-09-17T13:44:09Z,2026-09-17T13:44:09Z
24213,2383,2544,reshared,0.541,195,2026-09-17T13:44:09Z,2026-09-17T13:44:09Z
24214,2257,2325,tagged,0.914,98,2026-09-17T13:44:09Z,2026-09-17T13:44:09Z
24215,2367,2672,duet,0.437,151,2026-09-17T13:44:09Z,2026-09-17T13:44:09Z
24216,2506,2317,inspired_by,0.301,77,2026-09-17T13:44:09Z,2026-09-17T13:44:09Z
24217,2664,2497,follows,0.993,101,2026-09-17T13:44:09Z,2026-09-17T13:44:09Z
24218,2368,2652,collaborates,0.761,19,2026-09-17T13:44:09Z,2026-09-17T13:44:09Z
24219,2313,2624,mentioned,0.106,122,2026-09-17T13:44:09Z,2026-09-17T13:44:09Z
24220,2481,2469,reshared,0.166,129,2026-09-17T13:44:09Z,2026-09-17T13:44:09Z
24221,2531,2515,tagged,0.697,30,2026-09-17T13:44:09Z,2026-09-17T13:44:09Z
24222,2280,2481,duet,0.166,98,2026-09-17T13:44:09Z,2026-09-17T13:44:09Z
24223,2407,2581,follows,0.177,141,2026-09-17T13:44:09Z,2026-09-17T13:44:09Z
24224,2663,2450,collaborates,0.21,168,2026-09-17T13:44:09Z,2026-09-17T13:44:09Z
24225,2465,2588,mentioned,0.377,100,2026-09-17T13:44:09Z,2026-09-17T13:44:09Z
24226,2460,2461,reshared,0.632,121,2026-09-17T13:44:09Z,2026-09-17T13:44:09Z
24227,2573,2692,tagged,0.222,186,2026-09-17T13:44:09Z,2026-09-17T13:44:09Z
24228,2480,2240,duet,0.914,141,2026-09-17T13:44:09Z,2026-09-17T13:44:09Z
24229,2578,2370,inspired_by,0.888,18,2026-09-17T13:44:09Z,2026-09-17T13:44:09Z
24230,2287,2372,follows,0.294,132,2026-09-17T13:44:09Z,2026-09-17T13:44:09Z
24231,2521,2619,collaborates,0.82,17,2026-09-17T13:44:09Z,2026-09-17T13:44:09Z
24232,2366,2288,mentioned,0.507,8,2026-09-17T13:44:09Z,2026-09-17T13:44:09Z
24233,2277,2348,tagged,0.776,167,2026-09-17T13:44:09Z,2026-09-17T13:44:09Z
24234,2470,2324,duet,0.481,143,2026-09-17T13:44:09Z,2026-09-17T13:44:09Z
24235,2509,2326,inspired_by,0.474,21,2026-09-17T13:44:09Z,2026-09-17T13:44:09Z
24236,2523,2243,reshared,0.681,197,2026-09-17T13:44:09Z,2026-09-17T13:44:09Z
24237,2403,2361,tagged,0.164,128,2026-09-17T13:44:09Z,2026-09-17T13:44:09Z
24238,2367,2539,duet,0.59,50,2026-09-17T13:44:09Z,2026-09-17T13:44:09Z
24239,2466,2371,inspired_by,0.825,145,2026-09-17T13:44:09Z,2026-09-17T13:44:09Z
24240,2470,2525,follows,0.786,131,2026-09-17T13:44:09Z,2026-09-17T13:44:09Z
24241,2598,2507,collaborates,0.205,11,2026-09-17T13:44:09Z,2026-09-17T13:44:09Z
24242,2457,2575,reshared,0.931,146,2026-09-17T13:44:09Z,2026-09-17T13:44:09Z
24243,2370,2417,tagged,0.841,175,2026-09-17T13:44:09Z,2026-09-17T13:44:09Z
24244,2457,2460,duet,0.422,178,2026-09-17T13:44:09Z,2026-09-17T13:44:09Z
24245,2351,2510,follows,0.785,55,2026-09-17T13:44:09Z,2026-09-17T13:44:09Z
24246,2687,2353,collaborates,0.807,70,2026-09-17T13:44:09Z,2026-09-17T13:44:09Z
24247,2563,2560,mentioned,0.853,19,2026-09-17T13:44:09Z,2026-09-17T13:44:09Z
24248,2702,2616,reshared,0.838,170,2026-09-17T13:44:09Z,2026-09-17T13:44:09Z
24249,2224,2701,tagged,0.438,118,2026-09-17T13:44:09Z,2026-09-17T13:44:09Z
24250,2248,2406,duet,0.21,199,2026-09-17T13:44:09Z,2026-09-17T13:44:09Z
24251,2605,2305,inspired_by,0.656,77,2026-09-17T13:44:09Z,2026-09-17T13:44:09Z
24252,2504,2278,follows,0.28,9,2026-09-17T13:44:09Z,2026-09-17T13:44:09Z
24253,2317,2649,collaborates,0.394,87,2026-09-17T13:44:09Z,2026-09-17T13:44:09Z
24254,2325,2532,tagged,0.752,99,2026-09-17T13:44:09Z,2026-09-17T13:44:09Z
24255,2457,2579,duet,0.532,184,2026-09-17T13:44:09Z,2026-09-17T13:44:09Z
24256,2410,2696,collaborates,0.453,179,2026-09-17T13:44:09Z,2026-09-17T13:44:09Z
24257,2590,2320,tagged,0.896,53,2026-09-17T13:44:09Z,2026-09-17T13:44:09Z
24258,2226,2633,duet,0.544,57,2026-09-17T13:44:09Z,2026-09-17T13:44:09Z
24259,2659,2272,inspired_by,0.376,183,2026-09-17T13:44:09Z,2026-09-17T13:44:09Z
24260,2499,2581,follows,0.186,191,2026-09-17T13:44:09Z,2026-09-17T13:44:09Z
24261,2349,2696,collaborates,0.993,118,2026-09-17T13:44:09Z,2026-09-17T13:44:09Z
24262,2680,2498,mentioned,0.181,199,2026-09-17T13:44:09Z,2026-09-17T13:44:09Z
24263,2674,2398,reshared,0.559,195,2026-09-17T13:44:09Z,2026-09-17T13:44:09Z
24264,2678,2405,duet,0.269,68,2026-09-17T13:44:09Z,2026-09-17T13:44:09Z
24265,2380,2237,inspired_by,0.403,132,2026-09-17T13:44:09Z,2026-09-17T13:44:09Z
24266,2573,2456,collaborates,0.872,166,2026-09-17T13:44:09Z,2026-09-17T13:44:09Z
24267,2299,2472,mentioned,0.826,141,2026-09-17T13:44:09Z,2026-09-17T13:44:09Z
24268,2501,2289,reshared,0.488,136,2026-09-17T13:44:09Z,2026-09-17T13:44:09Z
24269,2490,2416,tagged,0.319,132,2026-09-17T13:44:09Z,2026-09-17T13:44:09Z
24270,2516,2430,duet,0.575,166,2026-09-17T13:44:09Z,2026-09-17T13:44:09Z
24271,2451,2459,inspired_by,0.329,179,2026-09-17T13:44:09Z,2026-09-17T13:44:09Z
24272,2645,2380,reshared,0.715,47,2026-09-17T13:44:09Z,2026-09-17T13:44:09Z
24273,2660,2403,tagged,0.933,97,2026-09-17T13:44:09Z,2026-09-17T13:44:09Z
24274,2592,2435,duet,0.997,186,2026-09-17T13:44:09Z,2026-09-17T13:44:09Z
24275,2447,2642,inspired_by,0.541,188,2026-09-17T13:44:09Z,2026-09-17T13:44:09Z
24276,2449,2577,follows,0.866,98,2026-09-17T13:44:09Z,2026-09-17T13:44:09Z
24277,2696,2398,mentioned,0.429,130,2026-09-17T13:44:09Z,2026-09-17T13:44:09Z
24278,2262,2352,reshared,0.78,85,2026-09-17T13:44:09Z,2026-09-17T13:44:09Z
24279,2567,2674,tagged,0.903,102,2026-09-17T13:44:09Z,2026-09-17T13:44:09Z
24280,2600,2446,duet,0.385,45,2026-09-17T13:44:09Z,2026-09-17T13:44:09Z
24281,2673,2346,inspired_by,0.844,45,2026-09-17T13:44:09Z,2026-09-17T13:44:09Z
24282,2370,2277,follows,0.708,82,2026-09-17T13:44:09Z,2026-09-17T13:44:09Z
24283,2318,2417,collaborates,0.237,197,2026-09-17T13:44:09Z,2026-09-17T13:44:09Z
24284,2432,2418,mentioned,0.259,171,2026-09-17T13:44:09Z,2026-09-17T13:44:09Z
24285,2545,2246,reshared,0.894,195,2026-09-17T13:44:09Z,2026-09-17T13:44:09Z
24286,2522,2552,tagged,0.918,94,2026-09-17T13:44:09Z,2026-09-17T13:44:09Z
24287,2401,2655,duet,0.497,48,2026-09-17T13:44:09Z,2026-09-17T13:44:09Z
24288,2380,2612,inspired_by,0.247,77,2026-09-17T13:44:09Z,2026-09-17T13:44:09Z
24289,2693,2550,follows,0.743,44,2026-09-17T13:44:09Z,2026-09-17T13:44:09Z
24290,2502,2342,collaborates,0.561,37,2026-09-17T13:44:09Z,2026-09-17T13:44:09Z
24291,2586,2472,mentioned,0.672,101,2026-09-17T13:44:09Z,2026-09-17T13:44:09Z
24292,2542,2677,reshared,0.35,76,2026-09-17T13:44:09Z,2026-09-17T13:44:09Z
24293,2691,2595,tagged,0.541,82,2026-09-17T13:44:09Z,2026-09-17T13:44:09Z
24294,2290,2332,duet,0.723,57,2026-09-17T13:44:09Z,2026-09-17T13:44:09Z
24295,2293,2355,inspired_by,0.515,123,2026-09-17T13:44:09Z,2026-09-17T13:44:09Z
24296,2669,2629,follows,0.815,36,2026-09-17T13:44:09Z,2026-09-17T13:44:09Z
24297,2259,2643,collaborates,0.283,3,2026-09-17T13:44:09Z,2026-09-17T13:44:09Z
24298,2531,2556,mentioned,0.133,83,2026-09-17T13:44:09Z,2026-09-17T13:44:09Z
24299,2497,2472,reshared,0.536,57,2026-09-17T13:44:09Z,2026-09-17T13:44:09Z
24300,2542,2677,duet,0.681,90,2026-09-17T13:44:09Z,2026-09-17T13:44:09Z
24301,2237,2637,inspired_by,0.7,24,2026-09-17T13:44:09Z,2026-09-17T13:44:09Z
24302,2263,2375,collaborates,0.422,164,2026-09-17T13:44:09Z,2026-09-17T13:44:09Z
24303,2411,2629,mentioned,0.566,61,2026-09-17T13:44:09Z,2026-09-17T13:44:09Z
24304,2520,2379,reshared,0.816,109,2026-09-17T13:44:09Z,2026-09-17T13:44:09Z
24305,2368,2690,tagged,0.724,149,2026-09-17T13:44:09Z,2026-09-17T13:44:09Z
24306,2424,2484,duet,0.654,160,2026-09-17T13:44:09Z,2026-09-17T13:44:09Z
24307,2319,2276,inspired_by,0.158,189,2026-09-17T13:44:09Z,2026-09-17T13:44:09Z
24308,2558,2450,follows,0.366,4,2026-09-17T13:44:09Z,2026-09-17T13:44:09Z
24309,2243,2238,collaborates,0.563,144,2026-09-17T13:44:09Z,2026-09-17T13:44:09Z
24310,2701,2415,mentioned,0.314,190,2026-09-17T13:44:09Z,2026-09-17T13:44:09Z
24311,2401,2222,reshared,0.631,47,2026-09-17T13:44:09Z,2026-09-17T13:44:09Z
24312,2463,2533,tagged,0.889,191,2026-09-17T13:44:09Z,2026-09-17T13:44:09Z
24313,2664,2392,duet,0.277,89,2026-09-17T13:44:09Z,2026-09-17T13:44:09Z
24314,2417,2362,inspired_by,0.93,29,2026-09-17T13:44:09Z,2026-09-17T13:44:09Z
24315,2363,2658,follows,0.504,155,2026-09-17T13:44:09Z,2026-09-17T13:44:09Z
24316,2647,2237,mentioned,0.123,123,2026-09-17T13:44:09Z,2026-09-17T13:44:09Z
24317,2566,2238,reshared,0.545,130,2026-09-17T13:44:09Z,2026-09-17T13:44:09Z
24318,2692,2363,tagged,0.982,182,2026-09-17T13:44:09Z,2026-09-17T13:44:09Z
24319,2443,2351,inspired_by,0.45,19,2026-09-17T13:44:09Z,2026-09-17T13:44:09Z
24320,2584,2328,follows,0.245,66,2026-09-17T13:44:09Z,2026-09-17T13:44:09Z
24321,2676,2684,collaborates,0.548,152,2026-09-17T13:44:09Z,2026-09-17T13:44:09Z
24322,2245,2261,mentioned,0.442,46,2026-09-17T13:44:09Z,2026-09-17T13:44:09Z
24323,2239,2518,reshared,0.865,42,2026-09-17T13:44:09Z,2026-09-17T13:44:09Z
24324,2550,2408,tagged,0.646,176,2026-09-17T13:44:09Z,2026-09-17T13:44:09Z
24325,2521,2313,duet,0.419,117,2026-09-17T13:44:09Z,2026-09-17T13:44:09Z
24326,2595,2552,inspired_by,0.323,146,2026-09-17T13:44:09Z,2026-09-17T13:44:09Z
24327,2302,2628,follows,0.879,102,2026-09-17T13:44:09Z,2026-09-17T13:44:09Z
24328,2645,2221,collaborates,0.78,160,2026-09-17T13:44:09Z,2026-09-17T13:44:09Z
24329,2701,2475,mentioned,0.441,151,2026-09-17T13:44:09Z,2026-09-17T13:44:09Z
24330,2278,2647,reshared,0.893,3,2026-09-17T13:44:09Z,2026-09-17T13:44:09Z
24331,2660,2624,tagged,0.208,172,2026-09-17T13:44:09Z,2026-09-17T13:44:09Z
24332,2641,2406,duet,0.989,14,2026-09-17T13:44:09Z,2026-09-17T13:44:09Z
24333,2439,2584,inspired_by,0.706,103,2026-09-17T13:44:09Z,2026-09-17T13:44:09Z
24334,2660,2423,follows,0.152,18,2026-09-17T13:44:09Z,2026-09-17T13:44:09Z
24335,2609,2404,collaborates,0.346,183,2026-09-17T13:44:09Z,2026-09-17T13:44:09Z
24336,2261,2291,mentioned,0.13,6,2026-09-17T13:44:09Z,2026-09-17T13:44:09Z
24337,2293,2334,reshared,0.967,157,2026-09-17T13:44:09Z,2026-09-17T13:44:09Z
24338,2343,2456,tagged,0.906,104,2026-09-17T13:44:09Z,2026-09-17T13:44:09Z
24339,2245,2338,inspired_by,0.82,119,2026-09-17T13:44:09Z,2026-09-17T13:44:09Z
24340,2499,2483,follows,0.126,153,2026-09-17T13:44:09Z,2026-09-17T13:44:09Z
24341,2424,2615,collaborates,0.901,159,2026-09-17T13:44:09Z,2026-09-17T13:44:09Z
24342,2654,2537,mentioned,0.705,38,2026-09-17T13:44:09Z,2026-09-17T13:44:09Z
24343,2225,2668,reshared,0.138,8,2026-09-17T13:44:09Z,2026-09-17T13:44:09Z
24344,2251,2264,tagged,0.686,22,2026-09-17T13:44:09Z,2026-09-17T13:44:09Z
24345,2636,2652,duet,0.633,89,2026-09-17T13:44:09Z,2026-09-17T13:44:09Z
24346,2328,2283,inspired_by,0.239,189,2026-09-17T13:44:09Z,2026-09-17T13:44:09Z
24347,2533,2639,follows,0.714,76,2026-09-17T13:44:09Z,2026-09-17T13:44:09Z
24348,2662,2373,collaborates,0.717,98,2026-09-17T13:44:09Z,2026-09-17T13:44:09Z
24349,2651,2528,reshared,0.979,51,2026-09-17T13:44:09Z,2026-09-17T13:44:09Z
24350,2419,2681,tagged,0.605,14,2026-09-17T13:44:09Z,2026-09-17T13:44:09Z
24351,2493,2271,duet,0.771,180,2026-09-17T13:44:09Z,2026-09-17T13:44:09Z
24352,2283,2414,inspired_by,0.138,159,2026-09-17T13:44:09Z,2026-09-17T13:44:09Z
24353,2628,2644,reshared,0.158,188,2026-09-17T13:44:09Z,2026-09-17T13:44:09Z
24354,2571,2524,tagged,0.427,51,2026-09-17T13:44:09Z,2026-09-17T13:44:09Z
24355,2620,2300,duet,0.563,155,2026-09-17T13:44:09Z,2026-09-17T13:44:09Z
24356,2329,2661,inspired_by,0.86,153,2026-09-17T13:44:09Z,2026-09-17T13:44:09Z
24357,2346,2575,follows,0.261,113,2026-09-17T13:44:09Z,2026-09-17T13:44:09Z
24358,2455,2418,collaborates,0.591,124,2026-09-17T13:44:09Z,2026-09-17T13:44:09Z
24359,2460,2221,mentioned,0.835,167,2026-09-17T13:44:09Z,2026-09-17T13:44:09Z
24360,2699,2539,reshared,0.291,48,2026-09-17T13:44:09Z,2026-09-17T13:44:09Z
24361,2612,2523,tagged,0.107,56,2026-09-17T13:44:09Z,2026-09-17T13:44:09Z
24362,2575,2277,duet,0.238,188,2026-09-17T13:44:09Z,2026-09-17T13:44:09Z
24363,2486,2492,inspired_by,0.615,175,2026-09-17T13:44:09Z,2026-09-17T13:44:09Z
24364,2264,2492,follows,0.84,184,2026-09-17T13:44:09Z,2026-09-17T13:44:09Z
24365,2370,2400,collaborates,0.418,88,2026-09-17T13:44:09Z,2026-09-17T13:44:09Z
24366,2590,2332,mentioned,0.619,66,2026-09-17T13:44:09Z,2026-09-17T13:44:09Z
24367,2645,2651,reshared,0.799,142,2026-09-17T13:44:09Z,2026-09-17T13:44:09Z
24368,2597,2474,duet,0.146,188,2026-09-17T13:44:09Z,2026-09-17T13:44:09Z
24369,2226,2702,inspired_by,0.737,159,2026-09-17T13:44:09Z,2026-09-17T13:44:09Z
24370,2362,2588,follows,0.497,114,2026-09-17T13:44:09Z,2026-09-17T13:44:09Z
24371,2401,2308,mentioned,0.35,149,2026-09-17T13:44:09Z,2026-09-17T13:44:09Z
24372,2651,2603,reshared,0.612,135,2026-09-17T13:44:09Z,2026-09-17T13:44:09Z
24373,2466,2601,tagged,0.989,3,2026-09-17T13:44:09Z,2026-09-17T13:44:09Z
24374,2553,2533,duet,0.615,65,2026-09-17T13:44:09Z,2026-09-17T13:44:09Z
24375,2261,2522,inspired_by,0.84,19,2026-09-17T13:44:09Z,2026-09-17T13:44:09Z
24376,2491,2478,follows,0.745,116,2026-09-17T13:44:09Z,2026-09-17T13:44:09Z
24377,2276,2605,collaborates,0.11,142,2026-09-17T13:44:09Z,2026-09-17T13:44:09Z
24378,2506,2281,mentioned,0.211,46,2026-09-17T13:44:09Z,2026-09-17T13:44:09Z
24379,2247,2249,reshared,0.512,33,2026-09-17T13:44:09Z,2026-09-17T13:44:09Z
24380,2405,2252,tagged,0.374,57,2026-09-17T13:44:09Z,2026-09-17T13:44:09Z
24381,2375,2241,duet,0.959,139,2026-09-17T13:44:09Z,2026-09-17T13:44:09Z
24382,2532,2361,inspired_by,0.207,72,2026-09-17T13:44:09Z,2026-09-17T13:44:09Z
24383,2659,2349,collaborates,0.435,93,2026-09-17T13:44:09Z,2026-09-17T13:44:09Z
24384,2684,2365,mentioned,0.512,95,2026-09-17T13:44:09Z,2026-09-17T13:44:09Z
24385,2663,2558,reshared,0.912,111,2026-09-17T13:44:09Z,2026-09-17T13:44:09Z
24386,2629,2442,tagged,0.258,10,2026-09-17T13:44:09Z,2026-09-17T13:44:09Z
24387,2564,2648,duet,0.648,77,2026-09-17T13:44:09Z,2026-09-17T13:44:09Z
24388,2542,2597,inspired_by,0.809,40,2026-09-17T13:44:09Z,2026-09-17T13:44:09Z
24389,2614,2627,follows,0.946,96,2026-09-17T13:44:09Z,2026-09-17T13:44:09Z
24390,2251,2549,collaborates,0.3,98,2026-09-17T13:44:09Z,2026-09-17T13:44:09Z
24391,2410,2460,mentioned,0.72,3,2026-09-17T13:44:09Z,2026-09-17T13:44:09Z
24392,2394,2669,reshared,0.675,54,2026-09-17T13:44:09Z,2026-09-17T13:44:09Z
24393,2589,2323,tagged,0.858,30,2026-09-17T13:44:09Z,2026-09-17T13:44:09Z
24394,2454,2288,duet,0.768,70,2026-09-17T13:44:09Z,2026-09-17T13:44:09Z
24395,2302,2576,inspired_by,0.772,8,2026-09-17T13:44:09Z,2026-09-17T13:44:09Z
24396,2242,2445,follows,0.739,141,2026-09-17T13:44:09Z,2026-09-17T13:44:09Z
24397,2269,2378,collaborates,0.95,5,2026-09-17T13:44:09Z,2026-09-17T13:44:09Z
24398,2684,2551,mentioned,0.968,56,2026-09-17T13:44:09Z,2026-09-17T13:44:09Z
24399,2403,2616,tagged,0.386,92,2026-09-17T13:44:09Z,2026-09-17T13:44:09Z
24400,2264,2445,duet,0.578,30,2026-09-17T13:44:09Z,2026-09-17T13:44:09Z
24401,2664,2478,inspired_by,0.592,193,2026-09-17T13:44:09Z,2026-09-17T13:44:09Z
24402,2496,2555,follows,0.568,20,2026-09-17T13:44:09Z,2026-09-17T13:44:09Z
24403,2286,2677,collaborates,0.279,93,2026-09-17T13:44:09Z,2026-09-17T13:44:09Z
24404,2613,2527,mentioned,0.131,61,2026-09-17T13:44:09Z,2026-09-17T13:44:09Z
24405,2507,2511,reshared,0.594,188,2026-09-17T13:44:09Z,2026-09-17T13:44:09Z
24406,2608,2425,tagged,0.395,169,2026-09-17T13:44:09Z,2026-09-17T13:44:09Z
24407,2314,2360,inspired_by,0.267,189,2026-09-17T13:44:09Z,2026-09-17T13:44:09Z
24408,2694,2349,follows,0.708,131,2026-09-17T13:44:09Z,2026-09-17T13:44:09Z
24409,2703,2452,collaborates,0.208,18,2026-09-17T13:44:09Z,2026-09-17T13:44:09Z
24410,2515,2305,mentioned,0.772,199,2026-09-17T13:44:09Z,2026-09-17T13:44:09Z
24411,2333,2512,reshared,0.54,191,2026-09-17T13:44:09Z,2026-09-17T13:44:09Z
24412,2427,2643,tagged,0.461,176,2026-09-17T13:44:09Z,2026-09-17T13:44:09Z
24413,2642,2639,duet,0.994,170,2026-09-17T13:44:09Z,2026-09-17T13:44:09Z
24414,2503,2400,inspired_by,0.287,149,2026-09-17T13:44:09Z,2026-09-17T13:44:09Z
24415,2685,2564,follows,0.143,22,2026-09-17T13:44:09Z,2026-09-17T13:44:09Z
24416,2271,2301,mentioned,0.457,42,2026-09-17T13:44:09Z,2026-09-17T13:44:09Z
24417,2230,2617,tagged,0.822,72,2026-09-17T13:44:09Z,2026-09-17T13:44:09Z
24418,2674,2324,duet,0.21,10,2026-09-17T13:44:09Z,2026-09-17T13:44:09Z
24419,2292,2313,inspired_by,0.82,114,2026-09-17T13:44:09Z,2026-09-17T13:44:09Z
24420,2515,2652,follows,0.462,192,2026-09-17T13:44:09Z,2026-09-17T13:44:09Z
24421,2318,2608,mentioned,0.133,174,2026-09-17T13:44:09Z,2026-09-17T13:44:09Z
24422,2611,2384,reshared,0.785,177,2026-09-17T13:44:09Z,2026-09-17T13:44:09Z
24423,2306,2315,tagged,0.246,68,2026-09-17T13:44:09Z,2026-09-17T13:44:09Z
24424,2663,2652,duet,0.708,159,2026-09-17T13:44:09Z,2026-09-17T13:44:09Z
24425,2326,2470,inspired_by,0.607,66,2026-09-17T13:44:09Z,2026-09-17T13:44:09Z
24426,2603,2273,follows,0.895,169,2026-09-17T13:44:09Z,2026-09-17T13:44:09Z
24427,2549,2608,collaborates,0.782,105,2026-09-17T13:44:09Z,2026-09-17T13:44:09Z
24428,2594,2354,mentioned,0.39,119,2026-09-17T13:44:09Z,2026-09-17T13:44:09Z
24429,2224,2610,reshared,0.251,148,2026-09-17T13:44:09Z,2026-09-17T13:44:09Z
24430,2396,2598,tagged,0.731,193,2026-09-17T13:44:09Z,2026-09-17T13:44:09Z
24431,2485,2266,duet,0.594,6,2026-09-17T13:44:09Z,2026-09-17T13:44:09Z
24432,2676,2615,inspired_by,0.976,3,2026-09-17T13:44:09Z,2026-09-17T13:44:09Z
24433,2264,2311,follows,0.292,39,2026-09-17T13:44:09Z,2026-09-17T13:44:09Z
24434,2254,2247,collaborates,0.114,175,2026-09-17T13:44:09Z,2026-09-17T13:44:09Z
24435,2509,2605,mentioned,0.459,115,2026-09-17T13:44:09Z,2026-09-17T13:44:09Z
24436,2504,2264,reshared,0.531,35,2026-09-17T13:44:09Z,2026-09-17T13:44:09Z
24437,2695,2387,tagged,0.175,51,2026-09-17T13:44:09Z,2026-09-17T13:44:09Z
24438,2510,2278,inspired_by,0.423,144,2026-09-17T13:44:09Z,2026-09-17T13:44:09Z
24439,2668,2638,follows,0.875,152,2026-09-17T13:44:09Z,2026-09-17T13:44:09Z
24440,2689,2688,collaborates,0.748,167,2026-09-17T13:44:09Z,2026-09-17T13:44:09Z
24441,2381,2391,mentioned,0.522,121,2026-09-17T13:44:09Z,2026-09-17T13:44:09Z
24442,2507,2497,reshared,0.387,187,2026-09-17T13:44:09Z,2026-09-17T13:44:09Z
24443,2641,2314,tagged,0.224,105,2026-09-17T13:44:09Z,2026-09-17T13:44:09Z
24444,2428,2526,duet,0.353,118,2026-09-17T13:44:09Z,2026-09-17T13:44:09Z
24445,2665,2648,collaborates,0.671,114,2026-09-17T13:44:09Z,2026-09-17T13:44:09Z
24446,2659,2420,tagged,0.27,105,2026-09-17T13:44:09Z,2026-09-17T13:44:09Z
24447,2492,2661,duet,0.353,4,2026-09-17T13:44:09Z,2026-09-17T13:44:09Z
24448,2584,2530,inspired_by,0.381,21,2026-09-17T13:44:09Z,2026-09-17T13:44:09Z
24449,2505,2525,follows,0.5,52,2026-09-17T13:44:09Z,2026-09-17T13:44:09Z
24450,2485,2526,collaborates,0.833,46,2026-09-17T13:44:09Z,2026-09-17T13:44:09Z
24451,2327,2274,mentioned,0.258,72,2026-09-17T13:44:09Z,2026-09-17T13:44:09Z
24452,2554,2578,reshared,0.861,57,2026-09-17T13:44:09Z,2026-09-17T13:44:09Z
24453,2287,2668,tagged,0.195,63,2026-09-17T13:44:09Z,2026-09-17T13:44:09Z
24454,2528,2246,inspired_by,0.733,6,2026-09-17T13:44:09Z,2026-09-17T13:44:09Z
24455,2326,2332,follows,0.174,100,2026-09-17T13:44:09Z,2026-09-17T13:44:09Z
24456,2465,2261,collaborates,0.845,62,2026-09-17T13:44:09Z,2026-09-17T13:44:09Z
24457,2587,2333,mentioned,0.221,127,2026-09-17T13:44:09Z,2026-09-17T13:44:09Z
24458,2290,2238,tagged,0.83,137,2026-09-17T13:44:09Z,2026-09-17T13:44:09Z
24459,2616,2411,duet,0.399,155,2026-09-17T13:44:09Z,2026-09-17T13:44:09Z
24460,2278,2435,inspired_by,0.864,46,2026-09-17T13:44:09Z,2026-09-17T13:44:09Z
24461,2550,2297,follows,0.357,151,2026-09-17T13:44:09Z,2026-09-17T13:44:09Z
24462,2637,2659,collaborates,0.754,144,2026-09-17T13:44:09Z,2026-09-17T13:44:09Z
24463,2315,2222,mentioned,0.703,87,2026-09-17T13:44:09Z,2026-09-17T13:44:09Z
24464,2643,2245,tagged,0.905,34,2026-09-17T13:44:09Z,2026-09-17T13:44:09Z
24465,2465,2676,duet,0.487,90,2026-09-17T13:44:09Z,2026-09-17T13:44:09Z
24466,2437,2239,inspired_by,0.825,65,2026-09-17T13:44:09Z,2026-09-17T13:44:09Z
24467,2538,2677,follows,0.756,37,2026-09-17T13:44:09Z,2026-09-17T13:44:09Z
24468,2333,2280,collaborates,0.159,121,2026-09-17T13:44:09Z,2026-09-17T13:44:09Z
24469,2284,2641,mentioned,0.421,46,2026-09-17T13:44:09Z,2026-09-17T13:44:09Z
24470,2228,2578,tagged,0.875,136,2026-09-17T13:44:09Z,2026-09-17T13:44:09Z
24471,2436,2334,duet,0.95,123,2026-09-17T13:44:09Z,2026-09-17T13:44:09Z
24472,2404,2361,inspired_by,0.712,23,2026-09-17T13:44:09Z,2026-09-17T13:44:09Z
24473,2315,2268,follows,0.171,102,2026-09-17T13:44:09Z,2026-09-17T13:44:09Z
24474,2623,2448,collaborates,0.913,81,2026-09-17T13:44:09Z,2026-09-17T13:44:09Z
24475,2282,2580,mentioned,0.136,16,2026-09-17T13:44:09Z,2026-09-17T13:44:09Z
24476,2630,2359,reshared,0.467,164,2026-09-17T13:44:09Z,2026-09-17T13:44:09Z
24477,2539,2666,tagged,0.332,104,2026-09-17T13:44:09Z,2026-09-17T13:44:09Z
24478,2542,2367,duet,0.218,173,2026-09-17T13:44:09Z,2026-09-17T13:44:09Z
24479,2352,2588,inspired_by,0.944,4,2026-09-17T13:44:09Z,2026-09-17T13:44:09Z
24480,2325,2423,follows,0.367,82,2026-09-17T13:44:09Z,2026-09-17T13:44:09Z
24481,2322,2295,collaborates,0.205,190,2026-09-17T13:44:09Z,2026-09-17T13:44:09Z
24482,2381,2351,mentioned,0.673,15,2026-09-17T13:44:09Z,2026-09-17T13:44:09Z
24483,2395,2250,reshared,0.253,171,2026-09-17T13:44:09Z,2026-09-17T13:44:09Z
24484,2225,2355,tagged,0.55,18,2026-09-17T13:44:09Z,2026-09-17T13:44:09Z
24485,2292,2321,duet,0.221,5,2026-09-17T13:44:09Z,2026-09-17T13:44:09Z
24486,2631,2229,follows,0.575,8,2026-09-17T13:44:09Z,2026-09-17T13:44:09Z
24487,2642,2320,collaborates,0.832,65,2026-09-17T13:44:09Z,2026-09-17T13:44:09Z
24488,2650,2302,mentioned,0.128,32,2026-09-17T13:44:09Z,2026-09-17T13:44:09Z
24489,2482,2244,reshared,0.904,1,2026-09-17T13:44:09Z,2026-09-17T13:44:09Z
24490,2686,2433,tagged,0.439,134,2026-09-17T13:44:09Z,2026-09-17T13:44:09Z
24491,2494,2526,duet,0.962,80,2026-09-17T13:44:09Z,2026-09-17T13:44:09Z
24492,2330,2360,follows,0.867,10,2026-09-17T13:44:09Z,2026-09-17T13:44:09Z
24493,2304,2533,collaborates,0.99,37,2026-09-17T13:44:09Z,2026-09-17T13:44:09Z
24494,2450,2445,mentioned,0.456,45,2026-09-17T13:44:09Z,2026-09-17T13:44:09Z
24495,2326,2320,reshared,0.115,109,2026-09-17T13:44:09Z,2026-09-17T13:44:09Z
24496,2379,2415,tagged,0.184,21,2026-09-17T13:44:09Z,2026-09-17T13:44:09Z
24497,2526,2468,duet,0.724,26,2026-09-17T13:44:09Z,2026-09-17T13:44:09Z
24498,2440,2681,inspired_by,0.861,159,2026-09-17T13:44:09Z,2026-09-17T13:44:09Z
24499,2609,2231,mentioned,0.408,199,2026-09-17T13:44:09Z,2026-09-17T13:44:09Z
24500,2460,2365,reshared,0.306,36,2026-09-17T13:44:09Z,2026-09-17T13:44:09Z
24501,2525,2415,tagged,0.294,174,2026-09-17T13:44:09Z,2026-09-17T13:44:09Z
24502,2233,2247,duet,0.555,117,2026-09-17T13:44:09Z,2026-09-17T13:44:09Z
24503,2501,2579,inspired_by,0.921,132,2026-09-17T13:44:09Z,2026-09-17T13:44:09Z
24504,2329,2560,follows,0.86,50,2026-09-17T13:44:09Z,2026-09-17T13:44:09Z
24505,2326,2613,collaborates,0.339,187,2026-09-17T13:44:09Z,2026-09-17T13:44:09Z
24506,2330,2402,reshared,0.588,161,2026-09-17T13:44:09Z,2026-09-17T13:44:09Z
24507,2552,2383,tagged,0.356,52,2026-09-17T13:44:09Z,2026-09-17T13:44:09Z
24508,2663,2665,duet,0.104,93,2026-09-17T13:44:09Z,2026-09-17T13:44:09Z
24509,2698,2398,inspired_by,0.443,134,2026-09-17T13:44:09Z,2026-09-17T13:44:09Z
24510,2373,2578,follows,0.771,139,2026-09-17T13:44:09Z,2026-09-17T13:44:09Z
24511,2404,2327,collaborates,0.36,3,2026-09-17T13:44:09Z,2026-09-17T13:44:09Z
24512,2623,2514,mentioned,0.943,122,2026-09-17T13:44:09Z,2026-09-17T13:44:09Z
24513,2249,2459,reshared,0.274,170,2026-09-17T13:44:09Z,2026-09-17T13:44:09Z
24514,2588,2591,tagged,0.714,141,2026-09-17T13:44:09Z,2026-09-17T13:44:09Z
24515,2409,2603,duet,0.861,98,2026-09-17T13:44:09Z,2026-09-17T13:44:09Z
24516,2532,2669,inspired_by,0.215,42,2026-09-17T13:44:09Z,2026-09-17T13:44:09Z
24517,2246,2332,follows,0.929,103,2026-09-17T13:44:09Z,2026-09-17T13:44:09Z
24518,2483,2226,collaborates,0.673,96,2026-09-17T13:44:09Z,2026-09-17T13:44:09Z
24519,2693,2491,mentioned,0.125,10,2026-09-17T13:44:09Z,2026-09-17T13:44:09Z
24520,2544,2554,duet,0.255,73,2026-09-17T13:44:09Z,2026-09-17T13:44:09Z
24521,2293,2333,inspired_by,0.243,189,2026-09-17T13:44:09Z,2026-09-17T13:44:09Z
24522,2534,2646,follows,0.915,82,2026-09-17T13:44:09Z,2026-09-17T13:44:09Z
24523,2439,2325,collaborates,0.576,73,2026-09-17T13:44:09Z,2026-09-17T13:44:09Z
24524,2246,2330,reshared,0.908,143,2026-09-17T13:44:09Z,2026-09-17T13:44:09Z
24525,2338,2273,tagged,0.497,38,2026-09-17T13:44:09Z,2026-09-17T13:44:09Z
24526,2511,2371,inspired_by,0.614,38,2026-09-17T13:44:09Z,2026-09-17T13:44:09Z
24527,2445,2262,follows,0.514,37,2026-09-17T13:44:09Z,2026-09-17T13:44:09Z
24528,2652,2484,collaborates,0.902,84,2026-09-17T13:44:09Z,2026-09-17T13:44:09Z
24529,2247,2468,reshared,0.793,172,2026-09-17T13:44:09Z,2026-09-17T13:44:09Z
24530,2561,2225,tagged,0.435,180,2026-09-17T13:44:09Z,2026-09-17T13:44:09Z
24531,2602,2516,duet,0.594,81,2026-09-17T13:44:09Z,2026-09-17T13:44:09Z
24532,2315,2373,inspired_by,0.328,50,2026-09-17T13:44:09Z,2026-09-17T13:44:09Z
24533,2367,2698,collaborates,0.596,101,2026-09-17T13:44:09Z,2026-09-17T13:44:09Z
24534,2280,2694,mentioned,0.509,163,2026-09-17T13:44:09Z,2026-09-17T13:44:09Z
24535,2597,2377,reshared,0.372,58,2026-09-17T13:44:09Z,2026-09-17T13:44:09Z
24536,2515,2325,tagged,0.146,193,2026-09-17T13:44:09Z,2026-09-17T13:44:09Z
24537,2685,2471,duet,0.29,78,2026-09-17T13:44:09Z,2026-09-17T13:44:09Z
24538,2667,2283,inspired_by,0.636,127,2026-09-17T13:44:09Z,2026-09-17T13:44:09Z
24539,2230,2458,collaborates,0.38,12,2026-09-17T13:44:09Z,2026-09-17T13:44:09Z
24540,2486,2685,mentioned,0.179,34,2026-09-17T13:44:09Z,2026-09-17T13:44:09Z
24541,2458,2332,reshared,0.71,95,2026-09-17T13:44:09Z,2026-09-17T13:44:09Z
24542,2382,2548,tagged,0.271,80,2026-09-17T13:44:09Z,2026-09-17T13:44:09Z
24543,2621,2510,duet,0.435,30,2026-09-17T13:44:09Z,2026-09-17T13:44:09Z
24544,2618,2452,inspired_by,0.675,17,2026-09-17T13:44:09Z,2026-09-17T13:44:09Z
24545,2507,2317,follows,0.572,135,2026-09-17T13:44:09Z,2026-09-17T13:44:09Z
24546,2563,2696,collaborates,0.603,27,2026-09-17T13:44:09Z,2026-09-17T13:44:09Z
24547,2359,2413,reshared,0.509,21,2026-09-17T13:44:09Z,2026-09-17T13:44:09Z
24548,2437,2576,tagged,0.497,57,2026-09-17T13:44:09Z,2026-09-17T13:44:09Z
24549,2572,2687,inspired_by,0.803,40,2026-09-17T13:44:09Z,2026-09-17T13:44:09Z
24550,2313,2259,follows,0.227,123,2026-09-17T13:44:09Z,2026-09-17T13:44:09Z
24551,2554,2627,collaborates,0.758,50,2026-09-17T13:44:09Z,2026-09-17T13:44:09Z
24552,2699,2488,reshared,0.819,119,2026-09-17T13:44:09Z,2026-09-17T13:44:09Z
24553,2254,2533,tagged,0.551,52,2026-09-17T13:44:09Z,2026-09-17T13:44:09Z
24554,2387,2615,duet,0.489,2,2026-09-17T13:44:09Z,2026-09-17T13:44:09Z
24555,2643,2433,inspired_by,0.84,63,2026-09-17T13:44:09Z,2026-09-17T13:44:09Z
24556,2305,2375,follows,0.888,176,2026-09-17T13:44:09Z,2026-09-17T13:44:09Z
24557,2252,2561,collaborates,0.773,32,2026-09-17T13:44:09Z,2026-09-17T13:44:09Z
24558,2510,2511,mentioned,0.614,45,2026-09-17T13:44:09Z,2026-09-17T13:44:09Z
24559,2239,2590,reshared,0.159,85,2026-09-17T13:44:09Z,2026-09-17T13:44:09Z
24560,2360,2340,tagged,0.892,51,2026-09-17T13:44:09Z,2026-09-17T13:44:09Z
24561,2244,2367,duet,0.997,10,2026-09-17T13:44:09Z,2026-09-17T13:44:09Z
24562,2598,2327,inspired_by,0.288,9,2026-09-17T13:44:09Z,2026-09-17T13:44:09Z
24563,2464,2684,follows,0.937,169,2026-09-17T13:44:09Z,2026-09-17T13:44:09Z
24564,2294,2513,collaborates,0.218,3,2026-09-17T13:44:09Z,2026-09-17T13:44:09Z
24565,2395,2245,mentioned,0.208,118,2026-09-17T13:44:09Z,2026-09-17T13:44:09Z
24566,2300,2408,reshared,0.839,20,2026-09-17T13:44:09Z,2026-09-17T13:44:09Z
24567,2418,2497,tagged,0.717,121,2026-09-17T13:44:09Z,2026-09-17T13:44:09Z
24568,2248,2378,duet,0.337,182,2026-09-17T13:44:09Z,2026-09-17T13:44:09Z
24569,2572,2618,inspired_by,0.429,188,2026-09-17T13:44:09Z,2026-09-17T13:44:09Z
24570,2473,2264,follows,0.934,112,2026-09-17T13:44:09Z,2026-09-17T13:44:09Z
24571,2542,2550,collaborates,0.105,148,2026-09-17T13:44:09Z,2026-09-17T13:44:09Z
24572,2325,2563,mentioned,0.313,76,2026-09-17T13:44:09Z,2026-09-17T13:44:09Z
24573,2514,2562,tagged,0.42,89,2026-09-17T13:44:09Z,2026-09-17T13:44:09Z
24574,2638,2553,duet,0.691,166,2026-09-17T13:44:09Z,2026-09-17T13:44:09Z
24575,2599,2370,follows,0.812,132,2026-09-17T13:44:09Z,2026-09-17T13:44:09Z
24576,2557,2250,collaborates,0.616,2,2026-09-17T13:44:09Z,2026-09-17T13:44:09Z
24577,2575,2286,mentioned,0.4,73,2026-09-17T13:44:09Z,2026-09-17T13:44:09Z
24578,2258,2251,reshared,0.534,41,2026-09-17T13:44:09Z,2026-09-17T13:44:09Z
24579,2589,2563,tagged,0.134,132,2026-09-17T13:44:09Z,2026-09-17T13:44:09Z
24580,2227,2519,duet,0.42,115,2026-09-17T13:44:09Z,2026-09-17T13:44:09Z
24581,2463,2232,inspired_by,0.798,9,2026-09-17T13:44:09Z,2026-09-17T13:44:09Z
24582,2492,2651,follows,0.806,89,2026-09-17T13:44:09Z,2026-09-17T13:44:09Z
24583,2690,2607,collaborates,0.462,180,2026-09-17T13:44:09Z,2026-09-17T13:44:09Z
24584,2592,2613,mentioned,0.451,106,2026-09-17T13:44:09Z,2026-09-17T13:44:09Z
24585,2378,2398,reshared,0.813,136,2026-09-17T13:44:09Z,2026-09-17T13:44:09Z
24586,2592,2628,tagged,0.682,122,2026-09-17T13:44:09Z,2026-09-17T13:44:09Z
24587,2411,2558,duet,0.545,108,2026-09-17T13:44:09Z,2026-09-17T13:44:09Z
24588,2267,2377,inspired_by,0.818,57,2026-09-17T13:44:09Z,2026-09-17T13:44:09Z
24589,2381,2497,follows,0.735,50,2026-09-17T13:44:09Z,2026-09-17T13:44:09Z
24590,2680,2401,collaborates,0.509,140,2026-09-17T13:44:09Z,2026-09-17T13:44:09Z
24591,2672,2580,mentioned,0.337,166,2026-09-17T13:44:09Z,2026-09-17T13:44:09Z
24592,2643,2646,reshared,0.758,13,2026-09-17T13:44:09Z,2026-09-17T13:44:09Z
24593,2249,2624,tagged,0.409,154,2026-09-17T13:44:09Z,2026-09-17T13:44:09Z
24594,2447,2221,duet,0.267,177,2026-09-17T13:44:09Z,2026-09-17T13:44:09Z
24595,2570,2356,inspired_by,0.625,129,2026-09-17T13:44:09Z,2026-09-17T13:44:09Z
24596,2404,2277,collaborates,0.235,139,2026-09-17T13:44:09Z,2026-09-17T13:44:09Z
24597,2307,2632,mentioned,0.306,47,2026-09-17T13:44:09Z,2026-09-17T13:44:09Z
24598,2266,2250,reshared,0.562,125,2026-09-17T13:44:09Z,2026-09-17T13:44:09Z
24599,2475,2628,duet,0.38,109,2026-09-17T13:44:09Z,2026-09-17T13:44:09Z
24600,2378,2695,inspired_by,0.255,7,2026-09-17T13:44:09Z,2026-09-17T13:44:09Z
24601,2628,2366,follows,0.905,26,2026-09-17T13:44:09Z,2026-09-17T13:44:09Z
24602,2631,2425,mentioned,0.577,7,2026-09-17T13:44:09Z,2026-09-17T13:44:09Z
24603,2653,2638,tagged,0.459,33,2026-09-17T13:44:09Z,2026-09-17T13:44:09Z
24604,2277,2658,inspired_by,0.271,101,2026-09-17T13:44:09Z,2026-09-17T13:44:09Z
24605,2497,2661,follows,0.394,41,2026-09-17T13:44:09Z,2026-09-17T13:44:09Z
24606,2417,2243,collaborates,0.844,22,2026-09-17T13:44:09Z,2026-09-17T13:44:09Z
24607,2235,2331,mentioned,0.567,186,2026-09-17T13:44:09Z,2026-09-17T13:44:09Z
24608,2391,2688,tagged,0.624,82,2026-09-17T13:44:09Z,2026-09-17T13:44:09Z
24609,2559,2567,duet,0.738,138,2026-09-17T13:44:09Z,2026-09-17T13:44:09Z
24610,2631,2463,inspired_by,0.346,189,2026-09-17T13:44:09Z,2026-09-17T13:44:09Z
24611,2265,2382,collaborates,0.538,48,2026-09-17T13:44:09Z,2026-09-17T13:44:09Z
24612,2448,2401,mentioned,0.226,149,2026-09-17T13:44:09Z,2026-09-17T13:44:09Z
24613,2315,2617,reshared,0.166,71,2026-09-17T13:44:09Z,2026-09-17T13:44:09Z
24614,2661,2251,tagged,0.631,143,2026-09-17T13:44:09Z,2026-09-17T13:44:09Z
24615,2624,2666,duet,0.683,160,2026-09-17T13:44:09Z,2026-09-17T13:44:09Z
24616,2512,2660,inspired_by,0.274,82,2026-09-17T13:44:09Z,2026-09-17T13:44:09Z
24617,2419,2510,follows,0.233,116,2026-09-17T13:44:09Z,2026-09-17T13:44:09Z
24618,2287,2449,collaborates,0.652,23,2026-09-17T13:44:09Z,2026-09-17T13:44:09Z
24619,2484,2224,mentioned,0.255,185,2026-09-17T13:44:09Z,2026-09-17T13:44:09Z
24620,2419,2609,reshared,0.253,104,2026-09-17T13:44:09Z,2026-09-17T13:44:09Z
24621,2602,2538,tagged,0.787,119,2026-09-17T13:44:09Z,2026-09-17T13:44:09Z
24622,2424,2672,inspired_by,0.775,157,2026-09-17T13:44:09Z,2026-09-17T13:44:09Z
24623,2695,2622,follows,0.925,97,2026-09-17T13:44:09Z,2026-09-17T13:44:09Z
24624,2671,2527,collaborates,0.839,117,2026-09-17T13:44:09Z,2026-09-17T13:44:09Z
24625,2617,2589,mentioned,0.871,145,2026-09-17T13:44:09Z,2026-09-17T13:44:09Z
24626,2621,2343,reshared,0.353,60,2026-09-17T13:44:09Z,2026-09-17T13:44:09Z
24627,2640,2592,tagged,0.313,123,2026-09-17T13:44:09Z,2026-09-17T13:44:09Z
24628,2497,2425,duet,0.458,75,2026-09-17T13:44:09Z,2026-09-17T13:44:09Z
24629,2318,2510,inspired_by,0.175,162,2026-09-17T13:44:09Z,2026-09-17T13:44:09Z
24630,2474,2659,follows,0.43,23,2026-09-17T13:44:09Z,2026-09-17T13:44:09Z
24631,2363,2478,collaborates,0.639,93,2026-09-17T13:44:09Z,2026-09-17T13:44:09Z
24632,2531,2700,mentioned,0.56,44,2026-09-17T13:44:09Z,2026-09-17T13:44:09Z
24633,2491,2234,reshared,0.319,122,2026-09-17T13:44:09Z,2026-09-17T13:44:09Z
24634,2661,2244,tagged,0.906,126,2026-09-17T13:44:09Z,2026-09-17T13:44:09Z
24635,2250,2533,duet,0.362,195,2026-09-17T13:44:09Z,2026-09-17T13:44:09Z
24636,2389,2297,inspired_by,0.244,36,2026-09-17T13:44:09Z,2026-09-17T13:44:09Z
24637,2433,2703,follows,0.369,89,2026-09-17T13:44:09Z,2026-09-17T13:44:09Z
24638,2363,2447,mentioned,0.268,93,2026-09-17T13:44:09Z,2026-09-17T13:44:09Z
24639,2340,2604,reshared,0.565,83,2026-09-17T13:44:09Z,2026-09-17T13:44:09Z
24640,2448,2368,duet,0.101,51,2026-09-17T13:44:09Z,2026-09-17T13:44:09Z
24641,2343,2410,inspired_by,0.811,171,2026-09-17T13:44:09Z,2026-09-17T13:44:09Z
24642,2244,2477,follows,0.362,142,2026-09-17T13:44:09Z,2026-09-17T13:44:09Z
24643,2478,2659,collaborates,0.916,35,2026-09-17T13:44:09Z,2026-09-17T13:44:09Z
24644,2315,2323,mentioned,0.385,167,2026-09-17T13:44:09Z,2026-09-17T13:44:09Z
24645,2453,2434,reshared,0.167,28,2026-09-17T13:44:09Z,2026-09-17T13:44:09Z
24646,2627,2425,tagged,0.138,168,2026-09-17T13:44:09Z,2026-09-17T13:44:09Z
24647,2285,2473,duet,0.5,158,2026-09-17T13:44:09Z,2026-09-17T13:44:09Z
24648,2440,2305,inspired_by,0.492,134,2026-09-17T13:44:09Z,2026-09-17T13:44:09Z
24649,2409,2266,follows,0.37,115,2026-09-17T13:44:09Z,2026-09-17T13:44:09Z
24650,2570,2697,collaborates,0.831,162,2026-09-17T13:44:09Z,2026-09-17T13:44:09Z
24651,2399,2269,mentioned,0.672,84,2026-09-17T13:44:09Z,2026-09-17T13:44:09Z
24652,2703,2626,reshared,0.325,54,2026-09-17T13:44:09Z,2026-09-17T13:44:09Z
24653,2666,2373,tagged,0.647,59,2026-09-17T13:44:09Z,2026-09-17T13:44:09Z
24654,2564,2243,duet,0.188,74,2026-09-17T13:44:09Z,2026-09-17T13:44:09Z
24655,2657,2337,inspired_by,0.682,97,2026-09-17T13:44:09Z,2026-09-17T13:44:09Z
24656,2556,2575,follows,0.446,180,2026-09-17T13:44:09Z,2026-09-17T13:44:09Z
24657,2696,2323,collaborates,0.773,179,2026-09-17T13:44:09Z,2026-09-17T13:44:09Z
24658,2317,2288,mentioned,0.684,166,2026-09-17T13:44:09Z,2026-09-17T13:44:09Z
24659,2475,2567,reshared,0.604,167,2026-09-17T13:44:09Z,2026-09-17T13:44:09Z
24660,2343,2368,tagged,0.199,7,2026-09-17T13:44:09Z,2026-09-17T13:44:09Z
24661,2620,2247,duet,0.175,30,2026-09-17T13:44:09Z,2026-09-17T13:44:09Z
24662,2322,2480,inspired_by,0.139,53,2026-09-17T13:44:09Z,2026-09-17T13:44:09Z
24663,2569,2318,collaborates,0.742,68,2026-09-17T13:44:09Z,2026-09-17T13:44:09Z
24664,2684,2660,reshared,0.189,87,2026-09-17T13:44:09Z,2026-09-17T13:44:09Z
24665,2228,2308,tagged,0.215,190,2026-09-17T13:44:09Z,2026-09-17T13:44:09Z
24666,2390,2324,duet,0.464,143,2026-09-17T13:44:09Z,2026-09-17T13:44:09Z
24667,2364,2577,inspired_by,0.668,178,2026-09-17T13:44:09Z,2026-09-17T13:44:09Z
24668,2351,2433,follows,0.251,62,2026-09-17T13:44:09Z,2026-09-17T13:44:09Z
24669,2300,2613,collaborates,0.371,181,2026-09-17T13:44:09Z,2026-09-17T13:44:09Z
24670,2385,2404,mentioned,0.254,164,2026-09-17T13:44:09Z,2026-09-17T13:44:09Z
24671,2270,2648,reshared,0.125,42,2026-09-17T13:44:09Z,2026-09-17T13:44:09Z
24672,2330,2326,duet,0.187,108,2026-09-17T13:44:09Z,2026-09-17T13:44:09Z
24673,2583,2443,inspired_by,0.984,121,2026-09-17T13:44:09Z,2026-09-17T13:44:09Z
24674,2550,2557,follows,0.369,194,2026-09-17T13:44:09Z,2026-09-17T13:44:09Z
24675,2522,2651,collaborates,0.681,91,2026-09-17T13:44:09Z,2026-09-17T13:44:09Z
24676,2316,2518,mentioned,0.192,58,2026-09-17T13:44:09Z,2026-09-17T13:44:09Z
24677,2352,2356,reshared,0.332,22,2026-09-17T13:44:09Z,2026-09-17T13:44:09Z
24678,2243,2302,tagged,0.243,105,2026-09-17T13:44:09Z,2026-09-17T13:44:09Z
24679,2427,2647,duet,0.598,101,2026-09-17T13:44:09Z,2026-09-17T13:44:09Z
24680,2682,2576,inspired_by,0.492,1,2026-09-17T13:44:09Z,2026-09-17T13:44:09Z
24681,2648,2298,follows,0.924,166,2026-09-17T13:44:09Z,2026-09-17T13:44:09Z
24682,2463,2509,collaborates,0.895,190,2026-09-17T13:44:09Z,2026-09-17T13:44:09Z
24683,2343,2617,mentioned,0.349,58,2026-09-17T13:44:09Z,2026-09-17T13:44:09Z
24684,2459,2288,reshared,0.547,91,2026-09-17T13:44:09Z,2026-09-17T13:44:09Z
24685,2407,2348,duet,0.162,32,2026-09-17T13:44:09Z,2026-09-17T13:44:09Z
24686,2382,2481,inspired_by,0.202,124,2026-09-17T13:44:09Z,2026-09-17T13:44:09Z
24687,2429,2579,follows,0.977,100,2026-09-17T13:44:09Z,2026-09-17T13:44:09Z
24688,2237,2494,collaborates,0.355,139,2026-09-17T13:44:09Z,2026-09-17T13:44:09Z
24689,2328,2696,mentioned,0.315,101,2026-09-17T13:44:09Z,2026-09-17T13:44:09Z
24690,2265,2481,reshared,0.457,107,2026-09-17T13:44:09Z,2026-09-17T13:44:09Z
24691,2364,2538,tagged,0.983,179,2026-09-17T13:44:09Z,2026-09-17T13:44:09Z
24692,2510,2462,duet,0.792,62,2026-09-17T13:44:09Z,2026-09-17T13:44:09Z
24693,2694,2465,inspired_by,0.242,39,2026-09-17T13:44:09Z,2026-09-17T13:44:09Z
24694,2554,2236,follows,0.505,184,2026-09-17T13:44:09Z,2026-09-17T13:44:09Z
24695,2389,2639,collaborates,0.505,55,2026-09-17T13:44:09Z,2026-09-17T13:44:09Z
24696,2281,2580,reshared,0.963,113,2026-09-17T13:44:09Z,2026-09-17T13:44:09Z
24697,2352,2394,tagged,0.821,131,2026-09-17T13:44:09Z,2026-09-17T13:44:09Z
24698,2666,2246,duet,0.148,184,2026-09-17T13:44:09Z,2026-09-17T13:44:09Z
24699,2239,2651,inspired_by,0.937,80,2026-09-17T13:44:09Z,2026-09-17T13:44:09Z
24700,2505,2579,collaborates,0.653,110,2026-09-17T13:44:09Z,2026-09-17T13:44:09Z
24701,2631,2556,mentioned,0.804,93,2026-09-17T13:44:09Z,2026-09-17T13:44:09Z
24702,2413,2681,tagged,0.515,172,2026-09-17T13:44:09Z,2026-09-17T13:44:09Z
24703,2490,2326,inspired_by,0.205,144,2026-09-17T13:44:09Z,2026-09-17T13:44:09Z
24704,2699,2296,collaborates,0.993,193,2026-09-17T13:44:09Z,2026-09-17T13:44:09Z
24705,2369,2507,mentioned,0.336,191,2026-09-17T13:44:09Z,2026-09-17T13:44:09Z
24706,2431,2583,reshared,0.127,72,2026-09-17T13:44:09Z,2026-09-17T13:44:09Z
24707,2572,2246,tagged,0.15,60,2026-09-17T13:44:09Z,2026-09-17T13:44:09Z
24708,2698,2470,duet,0.805,175,2026-09-17T13:44:09Z,2026-09-17T13:44:09Z
24709,2445,2657,inspired_by,0.365,158,2026-09-17T13:44:09Z,2026-09-17T13:44:09Z
24710,2395,2615,follows,0.492,100,2026-09-17T13:44:09Z,2026-09-17T13:44:09Z
24711,2280,2679,collaborates,0.212,166,2026-09-17T13:44:09Z,2026-09-17T13:44:09Z
24712,2627,2595,mentioned,0.489,78,2026-09-17T13:44:09Z,2026-09-17T13:44:09Z
24713,2690,2468,reshared,0.424,162,2026-09-17T13:44:09Z,2026-09-17T13:44:09Z
24714,2552,2458,tagged,0.298,112,2026-09-17T13:44:09Z,2026-09-17T13:44:09Z
24715,2519,2230,duet,0.273,109,2026-09-17T13:44:09Z,2026-09-17T13:44:09Z
24716,2575,2660,inspired_by,0.637,73,2026-09-17T13:44:09Z,2026-09-17T13:44:09Z
24717,2358,2518,follows,0.428,67,2026-09-17T13:44:09Z,2026-09-17T13:44:09Z
24718,2479,2411,mentioned,0.813,52,2026-09-17T13:44:09Z,2026-09-17T13:44:09Z
24719,2470,2451,reshared,0.773,139,2026-09-17T13:44:09Z,2026-09-17T13:44:09Z
24720,2493,2427,tagged,0.202,134,2026-09-17T13:44:09Z,2026-09-17T13:44:09Z
24721,2224,2222,duet,0.495,14,2026-09-17T13:44:09Z,2026-09-17T13:44:09Z
24722,2667,2455,inspired_by,0.401,15,2026-09-17T13:44:09Z,2026-09-17T13:44:09Z
24723,2568,2237,follows,0.877,78,2026-09-17T13:44:09Z,2026-09-17T13:44:09Z
24724,2490,2457,collaborates,0.252,158,2026-09-17T13:44:09Z,2026-09-17T13:44:09Z
24725,2321,2662,mentioned,0.818,101,2026-09-17T13:44:09Z,2026-09-17T13:44:09Z
24726,2659,2300,reshared,0.165,40,2026-09-17T13:44:09Z,2026-09-17T13:44:09Z
24727,2436,2374,duet,0.293,146,2026-09-17T13:44:09Z,2026-09-17T13:44:09Z
24728,2662,2239,inspired_by,0.488,37,2026-09-17T13:44:09Z,2026-09-17T13:44:09Z
24729,2274,2561,follows,0.465,134,2026-09-17T13:44:09Z,2026-09-17T13:44:09Z
24730,2450,2389,collaborates,0.816,17,2026-09-17T13:44:09Z,2026-09-17T13:44:09Z
24731,2405,2486,reshared,0.28,91,2026-09-17T13:44:09Z,2026-09-17T13:44:09Z
24732,2688,2559,duet,0.321,70,2026-09-17T13:44:09Z,2026-09-17T13:44:09Z
24733,2604,2488,inspired_by,0.824,123,2026-09-17T13:44:09Z,2026-09-17T13:44:09Z
24734,2256,2369,follows,0.616,131,2026-09-17T13:44:09Z,2026-09-17T13:44:09Z
24735,2338,2506,mentioned,0.632,154,2026-09-17T13:44:09Z,2026-09-17T13:44:09Z
24736,2279,2284,reshared,0.923,64,2026-09-17T13:44:09Z,2026-09-17T13:44:09Z
24737,2470,2447,tagged,0.669,1,2026-09-17T13:44:09Z,2026-09-17T13:44:09Z
24738,2457,2263,duet,0.724,174,2026-09-17T13:44:09Z,2026-09-17T13:44:09Z
24739,2577,2550,inspired_by,0.579,178,2026-09-17T13:44:09Z,2026-09-17T13:44:09Z
24740,2345,2325,follows,0.357,106,2026-09-17T13:44:09Z,2026-09-17T13:44:09Z
24741,2524,2407,collaborates,0.766,13,2026-09-17T13:44:09Z,2026-09-17T13:44:09Z
24742,2481,2470,mentioned,0.443,120,2026-09-17T13:44:09Z,2026-09-17T13:44:09Z
24743,2293,2603,reshared,0.304,136,2026-09-17T13:44:09Z,2026-09-17T13:44:09Z
24744,2376,2599,tagged,0.35,97,2026-09-17T13:44:09Z,2026-09-17T13:44:09Z
24745,2299,2649,duet,0.414,56,2026-09-17T13:44:09Z,2026-09-17T13:44:09Z
24746,2526,2461,inspired_by,0.541,159,2026-09-17T13:44:09Z,2026-09-17T13:44:09Z
24747,2689,2276,follows,0.593,87,2026-09-17T13:44:09Z,2026-09-17T13:44:09Z
24748,2601,2587,collaborates,0.273,172,2026-09-17T13:44:09Z,2026-09-17T13:44:09Z
24749,2684,2387,mentioned,0.851,129,2026-09-17T13:44:09Z,2026-09-17T13:44:09Z
24750,2529,2369,reshared,0.927,130,2026-09-17T13:44:09Z,2026-09-17T13:44:09Z
24751,2343,2639,tagged,0.714,159,2026-09-17T13:44:09Z,2026-09-17T13:44:09Z
24752,2642,2689,duet,0.423,176,2026-09-17T13:44:09Z,2026-09-17T13:44:09Z
24753,2491,2651,inspired_by,0.257,176,2026-09-17T13:44:09Z,2026-09-17T13:44:09Z
24754,2566,2596,follows,0.395,120,2026-09-17T13:44:09Z,2026-09-17T13:44:09Z
24755,2283,2252,reshared,0.394,189,2026-09-17T13:44:09Z,2026-09-17T13:44:09Z
24756,2261,2318,tagged,0.224,79,2026-09-17T13:44:09Z,2026-09-17T13:44:09Z
24757,2581,2236,duet,0.171,99,2026-09-17T13:44:09Z,2026-09-17T13:44:09Z
24758,2697,2573,follows,0.385,99,2026-09-17T13:44:09Z,2026-09-17T13:44:09Z
24759,2475,2472,collaborates,0.518,87,2026-09-17T13:44:09Z,2026-09-17T13:44:09Z
24760,2519,2389,mentioned,0.97,180,2026-09-17T13:44:09Z,2026-09-17T13:44:09Z
24761,2671,2225,tagged,0.769,188,2026-09-17T13:44:09Z,2026-09-17T13:44:09Z
24762,2308,2461,duet,0.35,58,2026-09-17T13:44:09Z,2026-09-17T13:44:09Z
24763,2667,2347,inspired_by,0.44,36,2026-09-17T13:44:09Z,2026-09-17T13:44:09Z
24764,2522,2224,follows,0.214,92,2026-09-17T13:44:09Z,2026-09-17T13:44:09Z
24765,2225,2617,collaborates,0.831,157,2026-09-17T13:44:09Z,2026-09-17T13:44:09Z
24766,2268,2676,mentioned,0.585,147,2026-09-17T13:44:09Z,2026-09-17T13:44:09Z
24767,2415,2368,reshared,0.861,189,2026-09-17T13:44:09Z,2026-09-17T13:44:09Z
24768,2500,2657,tagged,0.787,131,2026-09-17T13:44:09Z,2026-09-17T13:44:09Z
24769,2241,2620,duet,0.495,127,2026-09-17T13:44:09Z,2026-09-17T13:44:09Z
24770,2690,2559,follows,0.702,30,2026-09-17T13:44:09Z,2026-09-17T13:44:09Z
24771,2476,2505,collaborates,0.909,125,2026-09-17T13:44:09Z,2026-09-17T13:44:09Z
24772,2298,2598,mentioned,0.719,191,2026-09-17T13:44:09Z,2026-09-17T13:44:09Z
24773,2379,2368,reshared,0.194,63,2026-09-17T13:44:09Z,2026-09-17T13:44:09Z
24774,2373,2504,tagged,0.898,150,2026-09-17T13:44:09Z,2026-09-17T13:44:09Z
24775,2413,2242,duet,0.953,190,2026-09-17T13:44:09Z,2026-09-17T13:44:09Z
24776,2260,2617,inspired_by,0.832,193,2026-09-17T13:44:09Z,2026-09-17T13:44:09Z
24777,2468,2453,collaborates,0.941,123,2026-09-17T13:44:09Z,2026-09-17T13:44:09Z
24778,2473,2438,mentioned,0.428,108,2026-09-17T13:44:09Z,2026-09-17T13:44:09Z
24779,2258,2480,reshared,0.914,179,2026-09-17T13:44:09Z,2026-09-17T13:44:09Z
24780,2424,2385,duet,0.449,146,2026-09-17T13:44:09Z,2026-09-17T13:44:09Z
24781,2468,2453,follows,0.204,98,2026-09-17T13:44:09Z,2026-09-17T13:44:09Z
24782,2481,2351,collaborates,0.649,132,2026-09-17T13:44:09Z,2026-09-17T13:44:09Z
24783,2351,2521,mentioned,0.62,166,2026-09-17T13:44:09Z,2026-09-17T13:44:09Z
24784,2284,2604,tagged,0.681,115,2026-09-17T13:44:09Z,2026-09-17T13:44:09Z
24785,2665,2669,duet,0.364,97,2026-09-17T13:44:09Z,2026-09-17T13:44:09Z
24786,2294,2320,inspired_by,0.731,192,2026-09-17T13:44:09Z,2026-09-17T13:44:09Z
24787,2567,2326,follows,0.13,5,2026-09-17T13:44:09Z,2026-09-17T13:44:09Z
24788,2685,2247,collaborates,0.198,12,2026-09-17T13:44:09Z,2026-09-17T13:44:09Z
24789,2561,2690,mentioned,0.282,67,2026-09-17T13:44:09Z,2026-09-17T13:44:09Z
24790,2302,2453,reshared,0.756,183,2026-09-17T13:44:09Z,2026-09-17T13:44:09Z
24791,2390,2621,tagged,0.745,107,2026-09-17T13:44:09Z,2026-09-17T13:44:09Z
24792,2281,2238,duet,0.377,181,2026-09-17T13:44:09Z,2026-09-17T13:44:09Z
24793,2552,2296,inspired_by,0.583,130,2026-09-17T13:44:09Z,2026-09-17T13:44:09Z
24794,2553,2618,follows,0.509,49,2026-09-17T13:44:09Z,2026-09-17T13:44:09Z
24795,2548,2555,mentioned,0.901,86,2026-09-17T13:44:09Z,2026-09-17T13:44:09Z
24796,2441,2250,reshared,0.737,56,2026-09-17T13:44:09Z,2026-09-17T13:44:09Z
24797,2583,2226,duet,0.119,52,2026-09-17T13:44:09Z,2026-09-17T13:44:09Z
24798,2338,2226,inspired_by,0.883,78,2026-09-17T13:44:09Z,2026-09-17T13:44:09Z
24799,2644,2495,collaborates,0.372,35,2026-09-17T13:44:09Z,2026-09-17T13:44:09Z
24800,2519,2651,mentioned,0.601,166,2026-09-17T13:44:09Z,2026-09-17T13:44:09Z
24801,2308,2520,reshared,0.415,156,2026-09-17T13:44:09Z,2026-09-17T13:44:09Z
24802,2651,2431,tagged,0.831,78,2026-09-17T13:44:09Z,2026-09-17T13:44:09Z
24803,2423,2609,duet,0.236,85,2026-09-17T13:44:09Z,2026-09-17T13:44:09Z
24804,2301,2492,inspired_by,0.921,183,2026-09-17T13:44:09Z,2026-09-17T13:44:09Z
24805,2623,2384,follows,0.674,166,2026-09-17T13:44:09Z,2026-09-17T13:44:09Z
24806,2326,2400,collaborates,0.884,108,2026-09-17T13:44:09Z,2026-09-17T13:44:09Z
24807,2681,2353,reshared,0.198,88,2026-09-17T13:44:09Z,2026-09-17T13:44:09Z
24808,2701,2631,tagged,0.121,124,2026-09-17T13:44:09Z,2026-09-17T13:44:09Z
24809,2437,2626,duet,0.685,129,2026-09-17T13:44:09Z,2026-09-17T13:44:09Z
24810,2614,2231,inspired_by,0.833,103,2026-09-17T13:44:09Z,2026-09-17T13:44:09Z
24811,2287,2502,follows,0.61,139,2026-09-17T13:44:09Z,2026-09-17T13:44:09Z
24812,2654,2681,collaborates,0.106,166,2026-09-17T13:44:09Z,2026-09-17T13:44:09Z
24813,2339,2433,mentioned,0.435,84,2026-09-17T13:44:09Z,2026-09-17T13:44:09Z
24814,2556,2672,tagged,0.849,81,2026-09-17T13:44:09Z,2026-09-17T13:44:09Z
24815,2533,2311,duet,0.141,118,2026-09-17T13:44:09Z,2026-09-17T13:44:09Z
24816,2414,2494,inspired_by,0.607,128,2026-09-17T13:44:09Z,2026-09-17T13:44:09Z
24817,2395,2446,follows,0.411,68,2026-09-17T13:44:09Z,2026-09-17T13:44:09Z
24818,2681,2438,collaborates,0.314,28,2026-09-17T13:44:09Z,2026-09-17T13:44:09Z
24819,2289,2516,mentioned,0.903,36,2026-09-17T13:44:09Z,2026-09-17T13:44:09Z
24820,2607,2642,tagged,0.501,25,2026-09-17T13:44:09Z,2026-09-17T13:44:09Z
24821,2590,2453,duet,0.143,91,2026-09-17T13:44:09Z,2026-09-17T13:44:09Z
24822,2317,2640,inspired_by,0.193,104,2026-09-17T13:44:09Z,2026-09-17T13:44:09Z
24823,2297,2289,follows,0.401,47,2026-09-17T13:44:09Z,2026-09-17T13:44:09Z
24824,2415,2399,collaborates,0.255,36,2026-09-17T13:44:09Z,2026-09-17T13:44:09Z
24825,2643,2515,mentioned,0.6,188,2026-09-17T13:44:09Z,2026-09-17T13:44:09Z
24826,2497,2579,reshared,1,76,2026-09-17T13:44:09Z,2026-09-17T13:44:09Z
24827,2419,2558,tagged,0.289,89,2026-09-17T13:44:09Z,2026-09-17T13:44:09Z
24828,2241,2458,duet,0.742,29,2026-09-17T13:44:09Z,2026-09-17T13:44:09Z
24829,2243,2516,inspired_by,0.185,108,2026-09-17T13:44:09Z,2026-09-17T13:44:09Z
24830,2378,2444,follows,0.873,18,2026-09-17T13:44:09Z,2026-09-17T13:44:09Z
24831,2685,2254,mentioned,0.419,111,2026-09-17T13:44:09Z,2026-09-17T13:44:09Z
24832,2267,2427,reshared,0.775,73,2026-09-17T13:44:09Z,2026-09-17T13:44:09Z
24833,2508,2442,tagged,0.553,32,2026-09-17T13:44:09Z,2026-09-17T13:44:09Z
24834,2312,2350,duet,0.909,47,2026-09-17T13:44:09Z,2026-09-17T13:44:09Z
24835,2398,2617,inspired_by,0.697,39,2026-09-17T13:44:09Z,2026-09-17T13:44:09Z
24836,2584,2434,follows,0.796,141,2026-09-17T13:44:09Z,2026-09-17T13:44:09Z
24837,2609,2236,collaborates,0.338,87,2026-09-17T13:44:09Z,2026-09-17T13:44:09Z
24838,2315,2674,mentioned,0.522,106,2026-09-17T13:44:09Z,2026-09-17T13:44:09Z
24839,2607,2400,reshared,0.943,98,2026-09-17T13:44:09Z,2026-09-17T13:44:09Z
24840,2679,2328,duet,0.372,44,2026-09-17T13:44:09Z,2026-09-17T13:44:09Z
24841,2645,2700,inspired_by,0.798,132,2026-09-17T13:44:09Z,2026-09-17T13:44:09Z
24842,2354,2474,follows,0.35,63,2026-09-17T13:44:09Z,2026-09-17T13:44:09Z
24843,2221,2295,collaborates,0.307,153,2026-09-17T13:44:09Z,2026-09-17T13:44:09Z
24844,2270,2519,mentioned,0.993,55,2026-09-17T13:44:09Z,2026-09-17T13:44:09Z
24845,2393,2329,reshared,0.907,79,2026-09-17T13:44:09Z,2026-09-17T13:44:09Z
24846,2608,2440,tagged,0.684,57,2026-09-17T13:44:09Z,2026-09-17T13:44:09Z
24847,2330,2565,duet,0.884,57,2026-09-17T13:44:09Z,2026-09-17T13:44:09Z
24848,2238,2686,inspired_by,0.47,123,2026-09-17T13:44:09Z,2026-09-17T13:44:09Z
24849,2430,2487,follows,0.431,14,2026-09-17T13:44:09Z,2026-09-17T13:44:09Z
24850,2490,2485,collaborates,0.772,37,2026-09-17T13:44:09Z,2026-09-17T13:44:09Z
24851,2256,2560,mentioned,0.368,178,2026-09-17T13:44:09Z,2026-09-17T13:44:09Z
24852,2689,2676,reshared,0.788,90,2026-09-17T13:44:09Z,2026-09-17T13:44:09Z
24853,2314,2564,tagged,0.129,147,2026-09-17T13:44:09Z,2026-09-17T13:44:09Z
24854,2561,2534,inspired_by,0.954,60,2026-09-17T13:44:09Z,2026-09-17T13:44:09Z
24855,2456,2556,follows,0.933,85,2026-09-17T13:44:09Z,2026-09-17T13:44:09Z
24856,2557,2508,collaborates,0.85,129,2026-09-17T13:44:09Z,2026-09-17T13:44:09Z
24857,2305,2582,mentioned,0.51,82,2026-09-17T13:44:09Z,2026-09-17T13:44:09Z
24858,2669,2316,reshared,0.359,154,2026-09-17T13:44:09Z,2026-09-17T13:44:09Z
24859,2408,2425,tagged,0.764,80,2026-09-17T13:44:09Z,2026-09-17T13:44:09Z
24860,2424,2662,duet,0.118,138,2026-09-17T13:44:09Z,2026-09-17T13:44:09Z
24861,2406,2242,collaborates,0.308,134,2026-09-17T13:44:09Z,2026-09-17T13:44:09Z
24862,2513,2592,mentioned,0.366,26,2026-09-17T13:44:09Z,2026-09-17T13:44:09Z
24863,2483,2290,reshared,0.702,44,2026-09-17T13:44:09Z,2026-09-17T13:44:09Z
24864,2641,2271,tagged,0.908,64,2026-09-17T13:44:09Z,2026-09-17T13:44:09Z
24865,2465,2235,duet,0.427,49,2026-09-17T13:44:09Z,2026-09-17T13:44:09Z
24866,2457,2277,inspired_by,0.595,193,2026-09-17T13:44:09Z,2026-09-17T13:44:09Z
24867,2698,2421,follows,0.644,126,2026-09-17T13:44:09Z,2026-09-17T13:44:09Z
24868,2486,2653,collaborates,0.923,40,2026-09-17T13:44:09Z,2026-09-17T13:44:09Z
24869,2556,2415,mentioned,0.471,13,2026-09-17T13:44:09Z,2026-09-17T13:44:09Z
24870,2309,2326,reshared,0.391,165,2026-09-17T13:44:09Z,2026-09-17T13:44:09Z
24871,2664,2240,tagged,0.669,120,2026-09-17T13:44:09Z,2026-09-17T13:44:09Z
24872,2460,2375,duet,0.3,105,2026-09-17T13:44:09Z,2026-09-17T13:44:09Z
24873,2571,2361,inspired_by,0.243,39,2026-09-17T13:44:09Z,2026-09-17T13:44:09Z
24874,2335,2585,follows,0.358,71,2026-09-17T13:44:09Z,2026-09-17T13:44:09Z
24875,2442,2627,collaborates,0.373,30,2026-09-17T13:44:09Z,2026-09-17T13:44:09Z
24876,2533,2325,mentioned,0.396,46,2026-09-17T13:44:09Z,2026-09-17T13:44:09Z
24877,2477,2263,reshared,0.352,7,2026-09-17T13:44:09Z,2026-09-17T13:44:09Z
24878,2376,2331,tagged,0.232,82,2026-09-17T13:44:09Z,2026-09-17T13:44:09Z
24879,2254,2701,duet,0.859,196,2026-09-17T13:44:09Z,2026-09-17T13:44:09Z
24880,2427,2594,inspired_by,0.545,141,2026-09-17T13:44:09Z,2026-09-17T13:44:09Z
24881,2525,2320,collaborates,0.599,27,2026-09-17T13:44:09Z,2026-09-17T13:44:09Z
24882,2335,2570,mentioned,0.29,163,2026-09-17T13:44:09Z,2026-09-17T13:44:09Z
24883,2431,2537,reshared,0.152,87,2026-09-17T13:44:09Z,2026-09-17T13:44:09Z
24884,2282,2667,tagged,0.669,161,2026-09-17T13:44:09Z,2026-09-17T13:44:09Z
24885,2477,2408,duet,0.943,156,2026-09-17T13:44:09Z,2026-09-17T13:44:09Z
24886,2359,2221,inspired_by,0.26,129,2026-09-17T13:44:09Z,2026-09-17T13:44:09Z
24887,2471,2598,follows,0.157,27,2026-09-17T13:44:09Z,2026-09-17T13:44:09Z
24888,2509,2286,collaborates,0.933,55,2026-09-17T13:44:09Z,2026-09-17T13:44:09Z
24889,2425,2652,mentioned,0.428,151,2026-09-17T13:44:09Z,2026-09-17T13:44:09Z
24890,2607,2458,reshared,0.862,146,2026-09-17T13:44:09Z,2026-09-17T13:44:09Z
24891,2647,2322,tagged,0.86,37,2026-09-17T13:44:09Z,2026-09-17T13:44:09Z
24892,2295,2434,inspired_by,0.542,192,2026-09-17T13:44:09Z,2026-09-17T13:44:09Z
24893,2694,2519,collaborates,0.339,165,2026-09-17T13:44:09Z,2026-09-17T13:44:09Z
24894,2631,2291,mentioned,0.179,167,2026-09-17T13:44:09Z,2026-09-17T13:44:09Z
24895,2482,2430,reshared,0.272,183,2026-09-17T13:44:09Z,2026-09-17T13:44:09Z
24896,2325,2490,follows,0.183,73,2026-09-17T13:44:09Z,2026-09-17T13:44:09Z
24897,2287,2396,collaborates,0.479,79,2026-09-17T13:44:09Z,2026-09-17T13:44:09Z
24898,2463,2525,mentioned,0.628,128,2026-09-17T13:44:09Z,2026-09-17T13:44:09Z
24899,2524,2679,reshared,0.611,82,2026-09-17T13:44:09Z,2026-09-17T13:44:09Z
24900,2523,2239,tagged,0.19,63,2026-09-17T13:44:09Z,2026-09-17T13:44:09Z
24901,2325,2449,inspired_by,0.232,48,2026-09-17T13:44:09Z,2026-09-17T13:44:09Z
24902,2687,2228,follows,0.826,39,2026-09-17T13:44:09Z,2026-09-17T13:44:09Z
24903,2310,2402,collaborates,0.273,194,2026-09-17T13:44:09Z,2026-09-17T13:44:09Z
24904,2454,2467,mentioned,0.306,8,2026-09-17T13:44:09Z,2026-09-17T13:44:09Z
24905,2248,2597,reshared,0.6,7,2026-09-17T13:44:09Z,2026-09-17T13:44:09Z
24906,2426,2275,tagged,0.833,40,2026-09-17T13:44:09Z,2026-09-17T13:44:09Z
24907,2617,2256,duet,0.548,86,2026-09-17T13:44:09Z,2026-09-17T13:44:09Z
24908,2368,2682,inspired_by,0.439,84,2026-09-17T13:44:09Z,2026-09-17T13:44:09Z
24909,2227,2339,follows,0.644,20,2026-09-17T13:44:09Z,2026-09-17T13:44:09Z
24910,2403,2334,collaborates,0.626,135,2026-09-17T13:44:09Z,2026-09-17T13:44:09Z
24911,2698,2597,mentioned,0.649,23,2026-09-17T13:44:09Z,2026-09-17T13:44:09Z
24912,2442,2607,reshared,0.505,136,2026-09-17T13:44:09Z,2026-09-17T13:44:09Z
24913,2616,2539,tagged,0.412,74,2026-09-17T13:44:09Z,2026-09-17T13:44:09Z
24914,2434,2305,duet,0.925,6,2026-09-17T13:44:09Z,2026-09-17T13:44:09Z
24915,2476,2533,inspired_by,0.704,52,2026-09-17T13:44:09Z,2026-09-17T13:44:09Z
24916,2508,2607,collaborates,0.16,169,2026-09-17T13:44:09Z,2026-09-17T13:44:09Z
24917,2581,2616,mentioned,0.741,9,2026-09-17T13:44:09Z,2026-09-17T13:44:09Z
24918,2492,2307,reshared,0.23,171,2026-09-17T13:44:09Z,2026-09-17T13:44:09Z
24919,2661,2353,tagged,0.891,126,2026-09-17T13:44:09Z,2026-09-17T13:44:09Z
24920,2574,2632,duet,0.819,144,2026-09-17T13:44:09Z,2026-09-17T13:44:09Z
24921,2274,2368,inspired_by,0.504,107,2026-09-17T13:44:09Z,2026-09-17T13:44:09Z
24922,2652,2359,follows,0.421,63,2026-09-17T13:44:09Z,2026-09-17T13:44:09Z
24923,2424,2318,collaborates,0.871,117,2026-09-17T13:44:09Z,2026-09-17T13:44:09Z
24924,2515,2305,reshared,0.748,74,2026-09-17T13:44:09Z,2026-09-17T13:44:09Z
24925,2620,2458,tagged,0.304,66,2026-09-17T13:44:09Z,2026-09-17T13:44:09Z
24926,2432,2606,duet,0.693,50,2026-09-17T13:44:09Z,2026-09-17T13:44:09Z
24927,2258,2431,collaborates,0.245,30,2026-09-17T13:44:09Z,2026-09-17T13:44:09Z
24928,2631,2273,reshared,0.136,102,2026-09-17T13:44:09Z,2026-09-17T13:44:09Z
24929,2432,2509,tagged,0.1,109,2026-09-17T13:44:09Z,2026-09-17T13:44:09Z
24930,2390,2234,duet,0.149,106,2026-09-17T13:44:09Z,2026-09-17T13:44:09Z
24931,2266,2277,inspired_by,0.807,74,2026-09-17T13:44:09Z,2026-09-17T13:44:09Z
24932,2586,2393,follows,0.437,177,2026-09-17T13:44:09Z,2026-09-17T13:44:09Z
24933,2351,2498,collaborates,0.159,129,2026-09-17T13:44:09Z,2026-09-17T13:44:09Z
24934,2274,2282,mentioned,0.398,124,2026-09-17T13:44:09Z,2026-09-17T13:44:09Z
24935,2577,2396,reshared,0.551,133,2026-09-17T13:44:09Z,2026-09-17T13:44:09Z
24936,2506,2354,tagged,0.858,170,2026-09-17T13:44:09Z,2026-09-17T13:44:09Z
24937,2415,2540,duet,0.814,165,2026-09-17T13:44:09Z,2026-09-17T13:44:09Z
24938,2460,2241,inspired_by,0.629,113,2026-09-17T13:44:09Z,2026-09-17T13:44:09Z
24939,2309,2466,follows,0.866,163,2026-09-17T13:44:09Z,2026-09-17T13:44:09Z
24940,2297,2557,mentioned,0.802,189,2026-09-17T13:44:09Z,2026-09-17T13:44:09Z
24941,2330,2408,reshared,0.219,32,2026-09-17T13:44:09Z,2026-09-17T13:44:09Z
24942,2367,2659,duet,0.444,96,2026-09-17T13:44:09Z,2026-09-17T13:44:09Z
24943,2264,2669,collaborates,0.52,173,2026-09-17T13:44:09Z,2026-09-17T13:44:09Z
24944,2538,2406,mentioned,0.903,175,2026-09-17T13:44:09Z,2026-09-17T13:44:09Z
24945,2240,2362,reshared,0.65,162,2026-09-17T13:44:09Z,2026-09-17T13:44:09Z
24946,2529,2690,tagged,0.108,68,2026-09-17T13:44:09Z,2026-09-17T13:44:09Z
24947,2304,2223,duet,0.777,157,2026-09-17T13:44:09Z,2026-09-17T13:44:09Z
24948,2679,2688,inspired_by,0.142,187,2026-09-17T13:44:09Z,2026-09-17T13:44:09Z
24949,2265,2245,follows,0.155,29,2026-09-17T13:44:09Z,2026-09-17T13:44:09Z
24950,2462,2456,collaborates,0.731,46,2026-09-17T13:44:09Z,2026-09-17T13:44:09Z
24951,2514,2343,mentioned,0.832,174,2026-09-17T13:44:09Z,2026-09-17T13:44:09Z
24952,2581,2233,reshared,0.13,196,2026-09-17T13:44:09Z,2026-09-17T13:44:09Z
24953,2600,2620,tagged,0.766,185,2026-09-17T13:44:09Z,2026-09-17T13:44:09Z
24954,2645,2414,duet,0.838,185,2026-09-17T13:44:09Z,2026-09-17T13:44:09Z
24955,2677,2462,follows,0.431,34,2026-09-17T13:44:09Z,2026-09-17T13:44:09Z
24956,2684,2477,collaborates,0.112,31,2026-09-17T13:44:09Z,2026-09-17T13:44:09Z
24957,2637,2506,mentioned,0.196,129,2026-09-17T13:44:09Z,2026-09-17T13:44:09Z
24958,2477,2431,reshared,0.717,75,2026-09-17T13:44:09Z,2026-09-17T13:44:09Z
24959,2703,2243,tagged,0.389,188,2026-09-17T13:44:09Z,2026-09-17T13:44:09Z
24960,2623,2458,duet,0.745,161,2026-09-17T13:44:09Z,2026-09-17T13:44:09Z
24961,2403,2643,inspired_by,0.879,134,2026-09-17T13:44:09Z,2026-09-17T13:44:09Z
24962,2701,2267,follows,0.515,86,2026-09-17T13:44:09Z,2026-09-17T13:44:09Z
24963,2696,2257,collaborates,0.459,114,2026-09-17T13:44:09Z,2026-09-17T13:44:09Z
24964,2594,2622,mentioned,0.124,118,2026-09-17T13:44:09Z,2026-09-17T13:44:09Z
24965,2519,2293,reshared,0.666,62,2026-09-17T13:44:09Z,2026-09-17T13:44:09Z
24966,2344,2431,tagged,0.373,174,2026-09-17T13:44:09Z,2026-09-17T13:44:09Z
24967,2436,2294,duet,0.885,82,2026-09-17T13:44:09Z,2026-09-17T13:44:09Z
24968,2439,2585,inspired_by,0.21,59,2026-09-17T13:44:09Z,2026-09-17T13:44:09Z
24969,2406,2337,follows,0.855,191,2026-09-17T13:44:09Z,2026-09-17T13:44:09Z
24970,2542,2465,mentioned,0.296,60,2026-09-17T13:44:09Z,2026-09-17T13:44:09Z
24971,2346,2567,reshared,0.969,123,2026-09-17T13:44:09Z,2026-09-17T13:44:09Z
24972,2669,2230,duet,0.709,159,2026-09-17T13:44:09Z,2026-09-17T13:44:09Z
24973,2225,2581,inspired_by,0.173,87,2026-09-17T13:44:09Z,2026-09-17T13:44:09Z
24974,2627,2501,follows,0.752,70,2026-09-17T13:44:09Z,2026-09-17T13:44:09Z
24975,2373,2339,collaborates,0.576,78,2026-09-17T13:44:09Z,2026-09-17T13:44:09Z
24976,2372,2515,mentioned,0.488,57,2026-09-17T13:44:09Z,2026-09-17T13:44:09Z
24977,2533,2633,reshared,0.65,100,2026-09-17T13:44:09Z,2026-09-17T13:44:09Z
24978,2291,2355,tagged,0.539,123,2026-09-17T13:44:09Z,2026-09-17T13:44:09Z
24979,2269,2287,duet,0.537,71,2026-09-17T13:44:09Z,2026-09-17T13:44:09Z
24980,2689,2671,follows,0.452,91,2026-09-17T13:44:09Z,2026-09-17T13:44:09Z
24981,2250,2376,collaborates,0.272,193,2026-09-17T13:44:09Z,2026-09-17T13:44:09Z
24982,2584,2585,mentioned,0.721,110,2026-09-17T13:44:09Z,2026-09-17T13:44:09Z
24983,2383,2416,reshared,0.91,165,2026-09-17T13:44:09Z,2026-09-17T13:44:09Z
24984,2607,2643,tagged,0.615,11,2026-09-17T13:44:09Z,2026-09-17T13:44:09Z
24985,2365,2306,duet,0.47,21,2026-09-17T13:44:09Z,2026-09-17T13:44:09Z
24986,2643,2497,inspired_by,0.811,120,2026-09-17T13:44:09Z,2026-09-17T13:44:09Z
24987,2303,2671,collaborates,0.858,72,2026-09-17T13:44:09Z,2026-09-17T13:44:09Z
24988,2670,2521,mentioned,0.323,78,2026-09-17T13:44:09Z,2026-09-17T13:44:09Z
24989,2506,2372,reshared,0.145,92,2026-09-17T13:44:09Z,2026-09-17T13:44:09Z
24990,2543,2412,tagged,0.5,178,2026-09-17T13:44:09Z,2026-09-17T13:44:09Z
24991,2700,2251,duet,0.468,11,2026-09-17T13:44:09Z,2026-09-17T13:44:09Z
24992,2684,2462,inspired_by,0.529,167,2026-09-17T13:44:09Z,2026-09-17T13:44:09Z
24993,2455,2315,follows,0.147,88,2026-09-17T13:44:09Z,2026-09-17T13:44:09Z
24994,2284,2670,collaborates,0.317,180,2026-09-17T13:44:09Z,2026-09-17T13:44:09Z
24995,2544,2479,mentioned,0.918,48,2026-09-17T13:44:09Z,2026-09-17T13:44:09Z
24996,2230,2298,reshared,0.297,78,2026-09-17T13:44:09Z,2026-09-17T13:44:09Z
24997,2307,2521,tagged,0.56,190,2026-09-17T13:44:09Z,2026-09-17T13:44:09Z
24998,2489,2638,duet,0.992,171,2026-09-17T13:44:09Z,2026-09-17T13:44:09Z
24999,2522,2319,inspired_by,0.686,69,2026-09-17T13:44:09Z,2026-09-17T13:44:09Z
25000,2378,2321,follows,0.201,129,2026-09-17T13:44:09Z,2026-09-17T13:44:09Z
25001,2273,2658,collaborates,0.815,9,2026-09-17T13:44:09Z,2026-09-17T13:44:09Z
25002,2483,2457,mentioned,0.362,52,2026-09-17T13:44:09Z,2026-09-17T13:44:09Z
25003,2481,2542,tagged,0.351,32,2026-09-17T13:44:09Z,2026-09-17T13:44:09Z
25004,2552,2671,duet,0.102,103,2026-09-17T13:44:09Z,2026-09-17T13:44:09Z
25005,2283,2399,collaborates,0.591,153,2026-09-17T13:44:09Z,2026-09-17T13:44:09Z
25006,2433,2563,mentioned,0.354,112,2026-09-17T13:44:09Z,2026-09-17T13:44:09Z
25007,2529,2468,reshared,0.683,199,2026-09-17T13:44:09Z,2026-09-17T13:44:09Z
25008,2500,2324,tagged,0.67,18,2026-09-17T13:44:09Z,2026-09-17T13:44:09Z
25009,2472,2356,duet,0.116,61,2026-09-17T13:44:09Z,2026-09-17T13:44:09Z
25010,2282,2537,inspired_by,0.87,133,2026-09-17T13:44:09Z,2026-09-17T13:44:09Z
25011,2546,2613,follows,0.779,96,2026-09-17T13:44:09Z,2026-09-17T13:44:09Z
25012,2630,2628,mentioned,0.122,52,2026-09-17T13:44:09Z,2026-09-17T13:44:09Z
25013,2542,2693,reshared,0.317,35,2026-09-17T13:44:09Z,2026-09-17T13:44:09Z
25014,2311,2675,tagged,0.243,53,2026-09-17T13:44:09Z,2026-09-17T13:44:09Z
25015,2287,2528,duet,0.64,174,2026-09-17T13:44:09Z,2026-09-17T13:44:09Z
25016,2581,2569,inspired_by,0.474,99,2026-09-17T13:44:09Z,2026-09-17T13:44:09Z
25017,2402,2528,follows,0.192,158,2026-09-17T13:44:09Z,2026-09-17T13:44:09Z
25018,2305,2372,collaborates,0.322,6,2026-09-17T13:44:09Z,2026-09-17T13:44:09Z
25019,2360,2592,mentioned,0.296,96,2026-09-17T13:44:09Z,2026-09-17T13:44:09Z
25020,2396,2547,reshared,0.334,49,2026-09-17T13:44:09Z,2026-09-17T13:44:09Z
25021,2318,2312,duet,0.611,49,2026-09-17T13:44:09Z,2026-09-17T13:44:09Z
25022,2366,2448,inspired_by,0.587,82,2026-09-17T13:44:09Z,2026-09-17T13:44:09Z
25023,2474,2309,follows,0.979,191,2026-09-17T13:44:09Z,2026-09-17T13:44:09Z
25024,2326,2498,collaborates,0.504,1,2026-09-17T13:44:09Z,2026-09-17T13:44:09Z
25025,2293,2357,mentioned,0.359,188,2026-09-17T13:44:09Z,2026-09-17T13:44:09Z
25026,2581,2449,reshared,0.687,104,2026-09-17T13:44:09Z,2026-09-17T13:44:09Z
25027,2510,2428,tagged,0.556,64,2026-09-17T13:44:09Z,2026-09-17T13:44:09Z
25028,2468,2639,duet,0.61,187,2026-09-17T13:44:09Z,2026-09-17T13:44:09Z
25029,2656,2695,inspired_by,0.768,129,2026-09-17T13:44:09Z,2026-09-17T13:44:09Z
25030,2269,2532,follows,0.277,137,2026-09-17T13:44:09Z,2026-09-17T13:44:09Z
25031,2390,2544,mentioned,0.535,97,2026-09-17T13:44:09Z,2026-09-17T13:44:09Z
25032,2683,2487,reshared,0.267,185,2026-09-17T13:44:09Z,2026-09-17T13:44:09Z
25033,2389,2666,tagged,0.292,159,2026-09-17T13:44:09Z,2026-09-17T13:44:09Z
25034,2507,2259,duet,0.608,160,2026-09-17T13:44:09Z,2026-09-17T13:44:09Z
25035,2380,2277,inspired_by,0.409,83,2026-09-17T13:44:09Z,2026-09-17T13:44:09Z
25036,2301,2571,follows,0.644,61,2026-09-17T13:44:09Z,2026-09-17T13:44:09Z
25037,2331,2533,collaborates,0.719,122,2026-09-17T13:44:09Z,2026-09-17T13:44:09Z
25038,2459,2356,mentioned,0.488,15,2026-09-17T13:44:09Z,2026-09-17T13:44:09Z
25039,2286,2291,reshared,0.107,109,2026-09-17T13:44:09Z,2026-09-17T13:44:09Z
25040,2686,2557,tagged,0.321,168,2026-09-17T13:44:09Z,2026-09-17T13:44:09Z
25041,2593,2598,duet,0.76,97,2026-09-17T13:44:09Z,2026-09-17T13:44:09Z
25042,2251,2375,inspired_by,0.503,82,2026-09-17T13:44:09Z,2026-09-17T13:44:09Z
25043,2588,2483,follows,0.188,125,2026-09-17T13:44:09Z,2026-09-17T13:44:09Z
25044,2682,2503,collaborates,0.815,111,2026-09-17T13:44:09Z,2026-09-17T13:44:09Z
25045,2378,2310,mentioned,0.187,88,2026-09-17T13:44:09Z,2026-09-17T13:44:09Z
25046,2618,2518,reshared,0.101,92,2026-09-17T13:44:09Z,2026-09-17T13:44:09Z
25047,2244,2330,tagged,0.408,112,2026-09-17T13:44:09Z,2026-09-17T13:44:09Z
25048,2654,2260,inspired_by,0.909,43,2026-09-17T13:44:09Z,2026-09-17T13:44:09Z
25049,2234,2248,follows,0.741,194,2026-09-17T13:44:09Z,2026-09-17T13:44:09Z
25050,2639,2333,mentioned,0.667,88,2026-09-17T13:44:09Z,2026-09-17T13:44:09Z
25051,2375,2274,reshared,0.984,157,2026-09-17T13:44:09Z,2026-09-17T13:44:09Z
25052,2376,2344,tagged,0.373,163,2026-09-17T13:44:09Z,2026-09-17T13:44:09Z
25053,2221,2260,duet,0.143,165,2026-09-17T13:44:09Z,2026-09-17T13:44:09Z
25054,2281,2268,inspired_by,0.544,128,2026-09-17T13:44:09Z,2026-09-17T13:44:09Z
25055,2518,2702,follows,0.854,193,2026-09-17T13:44:09Z,2026-09-17T13:44:09Z
25056,2530,2466,collaborates,0.577,100,2026-09-17T13:44:09Z,2026-09-17T13:44:09Z
25057,2631,2526,reshared,0.908,71,2026-09-17T13:44:09Z,2026-09-17T13:44:09Z
25058,2397,2260,duet,0.15,189,2026-09-17T13:44:09Z,2026-09-17T13:44:09Z
25059,2662,2655,inspired_by,0.236,189,2026-09-17T13:44:09Z,2026-09-17T13:44:09Z
25060,2239,2294,follows,0.229,42,2026-09-17T13:44:09Z,2026-09-17T13:44:09Z
25061,2516,2609,collaborates,0.805,15,2026-09-17T13:44:09Z,2026-09-17T13:44:09Z
25062,2420,2462,mentioned,0.759,32,2026-09-17T13:44:09Z,2026-09-17T13:44:09Z
25063,2680,2353,reshared,0.492,171,2026-09-17T13:44:09Z,2026-09-17T13:44:09Z
25064,2452,2299,tagged,0.89,41,2026-09-17T13:44:09Z,2026-09-17T13:44:09Z
25065,2308,2385,duet,0.459,79,2026-09-17T13:44:09Z,2026-09-17T13:44:09Z
25066,2660,2310,inspired_by,0.135,79,2026-09-17T13:44:09Z,2026-09-17T13:44:09Z
25067,2277,2600,collaborates,0.742,29,2026-09-17T13:44:09Z,2026-09-17T13:44:09Z
25068,2372,2582,mentioned,0.465,55,2026-09-17T13:44:09Z,2026-09-17T13:44:09Z
25069,2333,2678,duet,0.234,15,2026-09-17T13:44:09Z,2026-09-17T13:44:09Z
25070,2327,2489,inspired_by,0.408,187,2026-09-17T13:44:09Z,2026-09-17T13:44:09Z
25071,2379,2315,follows,0.642,29,2026-09-17T13:44:09Z,2026-09-17T13:44:09Z
25072,2363,2442,mentioned,0.372,48,2026-09-17T13:44:09Z,2026-09-17T13:44:09Z
25073,2222,2630,reshared,0.217,128,2026-09-17T13:44:09Z,2026-09-17T13:44:09Z
25074,2575,2545,tagged,0.133,157,2026-09-17T13:44:09Z,2026-09-17T13:44:09Z
25075,2265,2498,duet,0.287,25,2026-09-17T13:44:09Z,2026-09-17T13:44:09Z
25076,2381,2364,follows,0.829,85,2026-09-17T13:44:09Z,2026-09-17T13:44:09Z
25077,2686,2379,collaborates,0.355,174,2026-09-17T13:44:09Z,2026-09-17T13:44:09Z
25078,2231,2269,reshared,0.166,124,2026-09-17T13:44:09Z,2026-09-17T13:44:09Z
25079,2511,2376,tagged,0.509,190,2026-09-17T13:44:09Z,2026-09-17T13:44:09Z
25080,2287,2489,inspired_by,0.155,84,2026-09-17T13:44:09Z,2026-09-17T13:44:09Z
25081,2408,2257,follows,0.896,177,2026-09-17T13:44:09Z,2026-09-17T13:44:09Z
25082,2227,2591,collaborates,0.942,50,2026-09-17T13:44:09Z,2026-09-17T13:44:09Z
25083,2317,2670,reshared,0.192,149,2026-09-17T13:44:09Z,2026-09-17T13:44:09Z
25084,2654,2542,duet,0.17,141,2026-09-17T13:44:09Z,2026-09-17T13:44:09Z
25085,2409,2383,inspired_by,0.14,89,2026-09-17T13:44:09Z,2026-09-17T13:44:09Z
25086,2628,2645,follows,0.86,67,2026-09-17T13:44:09Z,2026-09-17T13:44:09Z
25087,2278,2573,mentioned,0.74,156,2026-09-17T13:44:09Z,2026-09-17T13:44:09Z
25088,2550,2315,reshared,0.181,159,2026-09-17T13:44:09Z,2026-09-17T13:44:09Z
25089,2333,2492,tagged,0.73,73,2026-09-17T13:44:09Z,2026-09-17T13:44:09Z
25090,2369,2350,duet,0.99,4,2026-09-17T13:44:09Z,2026-09-17T13:44:09Z
25091,2326,2293,inspired_by,0.215,148,2026-09-17T13:44:09Z,2026-09-17T13:44:09Z
25092,2414,2676,follows,0.401,170,2026-09-17T13:44:09Z,2026-09-17T13:44:09Z
25093,2524,2598,collaborates,0.628,29,2026-09-17T13:44:09Z,2026-09-17T13:44:09Z
25094,2589,2643,mentioned,0.955,61,2026-09-17T13:44:09Z,2026-09-17T13:44:09Z
25095,2530,2616,reshared,0.576,88,2026-09-17T13:44:09Z,2026-09-17T13:44:09Z
25096,2367,2459,tagged,0.536,23,2026-09-17T13:44:09Z,2026-09-17T13:44:09Z
25097,2329,2597,duet,0.164,134,2026-09-17T13:44:09Z,2026-09-17T13:44:09Z
25098,2499,2238,inspired_by,0.517,11,2026-09-17T13:44:09Z,2026-09-17T13:44:09Z
25099,2226,2689,follows,0.171,155,2026-09-17T13:44:09Z,2026-09-17T13:44:09Z
25100,2271,2268,collaborates,0.397,147,2026-09-17T13:44:09Z,2026-09-17T13:44:09Z
25101,2463,2370,mentioned,0.934,86,2026-09-17T13:44:09Z,2026-09-17T13:44:09Z
25102,2245,2241,reshared,0.191,173,2026-09-17T13:44:09Z,2026-09-17T13:44:09Z
25103,2408,2334,tagged,0.823,117,2026-09-17T13:44:09Z,2026-09-17T13:44:09Z
25104,2669,2319,inspired_by,0.47,194,2026-09-17T13:44:09Z,2026-09-17T13:44:09Z
25105,2684,2607,follows,0.911,128,2026-09-17T13:44:09Z,2026-09-17T13:44:09Z
25106,2588,2544,collaborates,0.929,170,2026-09-17T13:44:09Z,2026-09-17T13:44:09Z
25107,2278,2448,reshared,0.883,68,2026-09-17T13:44:09Z,2026-09-17T13:44:09Z
25108,2480,2502,tagged,0.982,118,2026-09-17T13:44:09Z,2026-09-17T13:44:09Z
25109,2224,2647,duet,0.33,67,2026-09-17T13:44:09Z,2026-09-17T13:44:09Z
25110,2466,2506,inspired_by,0.534,185,2026-09-17T13:44:09Z,2026-09-17T13:44:09Z
25111,2310,2457,follows,0.773,12,2026-09-17T13:44:09Z,2026-09-17T13:44:09Z
25112,2655,2335,collaborates,0.439,51,2026-09-17T13:44:09Z,2026-09-17T13:44:09Z
25113,2684,2633,mentioned,0.353,1,2026-09-17T13:44:09Z,2026-09-17T13:44:09Z
25114,2382,2295,reshared,0.107,96,2026-09-17T13:44:09Z,2026-09-17T13:44:09Z
25115,2554,2548,tagged,0.933,57,2026-09-17T13:44:09Z,2026-09-17T13:44:09Z
25116,2251,2278,duet,0.119,184,2026-09-17T13:44:09Z,2026-09-17T13:44:09Z
25117,2259,2544,inspired_by,0.374,94,2026-09-17T13:44:09Z,2026-09-17T13:44:09Z
25118,2302,2545,collaborates,0.919,169,2026-09-17T13:44:09Z,2026-09-17T13:44:09Z
25119,2468,2428,mentioned,0.454,15,2026-09-17T13:44:09Z,2026-09-17T13:44:09Z
25120,2374,2299,reshared,0.408,170,2026-09-17T13:44:09Z,2026-09-17T13:44:09Z
25121,2576,2697,tagged,0.164,138,2026-09-17T13:44:09Z,2026-09-17T13:44:09Z
25122,2488,2315,duet,0.656,113,2026-09-17T13:44:09Z,2026-09-17T13:44:09Z
25123,2563,2465,inspired_by,0.866,49,2026-09-17T13:44:09Z,2026-09-17T13:44:09Z
25124,2302,2247,follows,0.575,56,2026-09-17T13:44:09Z,2026-09-17T13:44:09Z
25125,2517,2683,collaborates,0.258,24,2026-09-17T13:44:09Z,2026-09-17T13:44:09Z
25126,2495,2419,reshared,0.6,197,2026-09-17T13:44:09Z,2026-09-17T13:44:09Z
25127,2622,2355,tagged,0.224,157,2026-09-17T13:44:09Z,2026-09-17T13:44:09Z
25128,2272,2269,duet,0.654,124,2026-09-17T13:44:09Z,2026-09-17T13:44:09Z
25129,2633,2672,inspired_by,0.13,19,2026-09-17T13:44:09Z,2026-09-17T13:44:09Z
25130,2654,2428,follows,0.251,63,2026-09-17T13:44:09Z,2026-09-17T13:44:09Z
25131,2572,2438,collaborates,0.214,25,2026-09-17T13:44:09Z,2026-09-17T13:44:09Z
25132,2394,2316,reshared,0.715,58,2026-09-17T13:44:09Z,2026-09-17T13:44:09Z
25133,2413,2523,tagged,0.713,75,2026-09-17T13:44:09Z,2026-09-17T13:44:09Z
25134,2444,2590,duet,0.417,160,2026-09-17T13:44:09Z,2026-09-17T13:44:09Z
25135,2689,2495,follows,0.437,100,2026-09-17T13:44:09Z,2026-09-17T13:44:09Z
25136,2403,2394,collaborates,0.489,47,2026-09-17T13:44:09Z,2026-09-17T13:44:09Z
25137,2525,2692,mentioned,0.959,184,2026-09-17T13:44:09Z,2026-09-17T13:44:09Z
25138,2688,2587,reshared,0.829,34,2026-09-17T13:44:09Z,2026-09-17T13:44:09Z
25139,2450,2620,tagged,0.17,97,2026-09-17T13:44:09Z,2026-09-17T13:44:09Z
25140,2571,2370,duet,0.996,60,2026-09-17T13:44:09Z,2026-09-17T13:44:09Z
25141,2550,2411,inspired_by,0.907,97,2026-09-17T13:44:09Z,2026-09-17T13:44:09Z
25142,2652,2239,follows,0.387,138,2026-09-17T13:44:09Z,2026-09-17T13:44:09Z
25143,2221,2463,collaborates,0.663,144,2026-09-17T13:44:09Z,2026-09-17T13:44:09Z
25144,2667,2523,mentioned,0.151,194,2026-09-17T13:44:09Z,2026-09-17T13:44:09Z
25145,2310,2529,reshared,0.292,72,2026-09-17T13:44:09Z,2026-09-17T13:44:09Z
25146,2410,2457,tagged,0.588,182,2026-09-17T13:44:09Z,2026-09-17T13:44:09Z
25147,2498,2434,duet,0.36,63,2026-09-17T13:44:09Z,2026-09-17T13:44:09Z
25148,2410,2643,reshared,0.227,126,2026-09-17T13:44:09Z,2026-09-17T13:44:09Z
25149,2449,2367,tagged,0.861,19,2026-09-17T13:44:09Z,2026-09-17T13:44:09Z
25150,2601,2482,duet,0.286,51,2026-09-17T13:44:09Z,2026-09-17T13:44:09Z
25151,2660,2520,follows,0.407,189,2026-09-17T13:44:09Z,2026-09-17T13:44:09Z
25152,2594,2516,collaborates,0.969,59,2026-09-17T13:44:09Z,2026-09-17T13:44:09Z
25153,2329,2638,reshared,0.318,149,2026-09-17T13:44:09Z,2026-09-17T13:44:09Z
25154,2401,2553,tagged,0.588,8,2026-09-17T13:44:09Z,2026-09-17T13:44:09Z
25155,2572,2291,duet,0.469,110,2026-09-17T13:44:09Z,2026-09-17T13:44:09Z
25156,2419,2467,inspired_by,0.913,152,2026-09-17T13:44:09Z,2026-09-17T13:44:09Z
25157,2448,2602,follows,0.903,56,2026-09-17T13:44:09Z,2026-09-17T13:44:09Z
25158,2408,2356,collaborates,0.62,51,2026-09-17T13:44:09Z,2026-09-17T13:44:09Z
25159,2635,2584,reshared,0.356,135,2026-09-17T13:44:09Z,2026-09-17T13:44:09Z
25160,2297,2266,tagged,0.858,29,2026-09-17T13:44:09Z,2026-09-17T13:44:09Z
25161,2330,2587,duet,0.361,107,2026-09-17T13:44:09Z,2026-09-17T13:44:09Z
25162,2382,2325,inspired_by,0.278,60,2026-09-17T13:44:09Z,2026-09-17T13:44:09Z
25163,2287,2343,follows,0.74,46,2026-09-17T13:44:09Z,2026-09-17T13:44:09Z
25164,2418,2638,collaborates,0.615,149,2026-09-17T13:44:09Z,2026-09-17T13:44:09Z
25165,2347,2314,mentioned,0.913,82,2026-09-17T13:44:09Z,2026-09-17T13:44:09Z
25166,2433,2622,tagged,0.741,173,2026-09-17T13:44:09Z,2026-09-17T13:44:09Z
25167,2331,2347,duet,0.723,124,2026-09-17T13:44:09Z,2026-09-17T13:44:09Z
25168,2349,2316,inspired_by,0.368,155,2026-09-17T13:44:09Z,2026-09-17T13:44:09Z
25169,2702,2267,follows,0.622,100,2026-09-17T13:44:09Z,2026-09-17T13:44:09Z
25170,2470,2366,collaborates,0.532,118,2026-09-17T13:44:09Z,2026-09-17T13:44:09Z
25171,2466,2392,tagged,0.414,129,2026-09-17T13:44:09Z,2026-09-17T13:44:09Z
25172,2451,2655,inspired_by,0.93,77,2026-09-17T13:44:09Z,2026-09-17T13:44:09Z
25173,2438,2225,follows,0.103,79,2026-09-17T13:44:09Z,2026-09-17T13:44:09Z
25174,2307,2700,reshared,0.379,70,2026-09-17T13:44:09Z,2026-09-17T13:44:09Z
25175,2228,2607,tagged,0.533,146,2026-09-17T13:44:09Z,2026-09-17T13:44:09Z
25176,2505,2242,duet,0.343,166,2026-09-17T13:44:09Z,2026-09-17T13:44:09Z
25177,2317,2562,inspired_by,0.387,92,2026-09-17T13:44:09Z,2026-09-17T13:44:09Z
25178,2693,2464,follows,0.896,190,2026-09-17T13:44:09Z,2026-09-17T13:44:09Z
25179,2370,2454,collaborates,0.987,83,2026-09-17T13:44:09Z,2026-09-17T13:44:09Z
25180,2661,2583,mentioned,0.884,79,2026-09-17T13:44:09Z,2026-09-17T13:44:09Z
25181,2389,2540,tagged,0.999,118,2026-09-17T13:44:09Z,2026-09-17T13:44:09Z
25182,2608,2652,duet,0.344,11,2026-09-17T13:44:09Z,2026-09-17T13:44:09Z
25183,2567,2383,follows,0.869,185,2026-09-17T13:44:09Z,2026-09-17T13:44:09Z
25184,2538,2288,collaborates,0.748,153,2026-09-17T13:44:09Z,2026-09-17T13:44:09Z
25185,2643,2696,mentioned,0.409,14,2026-09-17T13:44:09Z,2026-09-17T13:44:09Z
25186,2579,2315,reshared,0.771,117,2026-09-17T13:44:09Z,2026-09-17T13:44:09Z
25187,2652,2234,tagged,0.461,185,2026-09-17T13:44:09Z,2026-09-17T13:44:09Z
25188,2562,2355,duet,0.481,198,2026-09-17T13:44:09Z,2026-09-17T13:44:09Z
25189,2502,2504,inspired_by,0.562,182,2026-09-17T13:44:09Z,2026-09-17T13:44:09Z
25190,2558,2274,follows,0.626,2,2026-09-17T13:44:09Z,2026-09-17T13:44:09Z
25191,2612,2630,collaborates,0.405,111,2026-09-17T13:44:09Z,2026-09-17T13:44:09Z
25192,2645,2505,mentioned,0.245,87,2026-09-17T13:44:09Z,2026-09-17T13:44:09Z
25193,2258,2654,reshared,0.764,14,2026-09-17T13:44:09Z,2026-09-17T13:44:09Z
25194,2630,2585,tagged,0.257,137,2026-09-17T13:44:09Z,2026-09-17T13:44:09Z
25195,2665,2547,duet,0.982,126,2026-09-17T13:44:09Z,2026-09-17T13:44:09Z
25196,2450,2531,inspired_by,0.664,59,2026-09-17T13:44:09Z,2026-09-17T13:44:09Z
25197,2667,2407,follows,0.853,70,2026-09-17T13:44:09Z,2026-09-17T13:44:09Z
25198,2336,2374,collaborates,0.798,134,2026-09-17T13:44:09Z,2026-09-17T13:44:09Z
25199,2622,2552,mentioned,0.658,121,2026-09-17T13:44:09Z,2026-09-17T13:44:09Z
25200,2595,2664,reshared,0.119,191,2026-09-17T13:44:09Z,2026-09-17T13:44:09Z
25201,2667,2293,tagged,0.993,108,2026-09-17T13:44:09Z,2026-09-17T13:44:09Z
25202,2228,2508,duet,0.71,99,2026-09-17T13:44:09Z,2026-09-17T13:44:09Z
25203,2352,2459,inspired_by,0.588,31,2026-09-17T13:44:09Z,2026-09-17T13:44:09Z
25204,2584,2326,follows,0.373,144,2026-09-17T13:44:09Z,2026-09-17T13:44:09Z
25205,2324,2312,collaborates,0.912,21,2026-09-17T13:44:09Z,2026-09-17T13:44:09Z
25206,2659,2679,mentioned,0.198,179,2026-09-17T13:44:09Z,2026-09-17T13:44:09Z
25207,2536,2317,tagged,0.676,164,2026-09-17T13:44:09Z,2026-09-17T13:44:09Z
25208,2614,2689,duet,0.255,95,2026-09-17T13:44:09Z,2026-09-17T13:44:09Z
25209,2340,2374,inspired_by,0.81,35,2026-09-17T13:44:09Z,2026-09-17T13:44:09Z
25210,2471,2262,collaborates,0.452,8,2026-09-17T13:44:09Z,2026-09-17T13:44:09Z
25211,2638,2474,mentioned,0.734,134,2026-09-17T13:44:09Z,2026-09-17T13:44:09Z
25212,2631,2288,reshared,0.869,97,2026-09-17T13:44:09Z,2026-09-17T13:44:09Z
25213,2461,2542,tagged,0.239,133,2026-09-17T13:44:09Z,2026-09-17T13:44:09Z
25214,2605,2381,duet,0.384,15,2026-09-17T13:44:09Z,2026-09-17T13:44:09Z
25215,2471,2269,follows,0.905,15,2026-09-17T13:44:09Z,2026-09-17T13:44:09Z
25216,2491,2421,collaborates,0.167,83,2026-09-17T13:44:09Z,2026-09-17T13:44:09Z
25217,2228,2463,mentioned,0.94,86,2026-09-17T13:44:09Z,2026-09-17T13:44:09Z
25218,2651,2410,reshared,0.356,99,2026-09-17T13:44:09Z,2026-09-17T13:44:09Z
25219,2385,2459,tagged,0.375,62,2026-09-17T13:44:09Z,2026-09-17T13:44:09Z
25220,2527,2386,duet,0.226,7,2026-09-17T13:44:09Z,2026-09-17T13:44:09Z
25221,2521,2275,inspired_by,0.324,66,2026-09-17T13:44:09Z,2026-09-17T13:44:09Z
25222,2270,2289,follows,0.96,7,2026-09-17T13:44:09Z,2026-09-17T13:44:09Z
25223,2310,2364,collaborates,0.196,83,2026-09-17T13:44:09Z,2026-09-17T13:44:09Z
25224,2675,2597,mentioned,0.176,171,2026-09-17T13:44:09Z,2026-09-17T13:44:09Z
25225,2525,2602,reshared,0.92,76,2026-09-17T13:44:09Z,2026-09-17T13:44:09Z
25226,2239,2439,tagged,0.243,24,2026-09-17T13:44:09Z,2026-09-17T13:44:09Z
25227,2614,2521,duet,0.444,20,2026-09-17T13:44:09Z,2026-09-17T13:44:09Z
25228,2319,2295,follows,0.459,130,2026-09-17T13:44:09Z,2026-09-17T13:44:09Z
