shipment_id,order_id,center_id,carrier,tracking_number,ship_status,distance_km,estimated_hours,ship_cost,routed_at,completed_at,created_at
2221,22223,241,SecureCourier,FIN000000000001,in_transit,,,6.87,2026-09-10T06:18:49Z,,2026-09-17T13:44:08Z
2222,22224,222,BranchLink,FIN000000000002,completed,,,20.52,2026-09-08T15:58:16Z,2026-09-16T10:24:40Z,2026-09-17T13:44:08Z
2223,22225,230,airport-transferTrack,FIN000000000003,completed,,,9.61,2026-09-08T03:36:56Z,2026-09-17T07:44:43Z,2026-09-17T13:44:08Z
2224,22226,223,ClientRoute,FIN000000000004,completed,,,24.04,2026-09-10T17:02:42Z,2026-09-16T01:32:59Z,2026-09-17T13:44:08Z
2225,22231,246,SecureCourier,FIN000000000005,in_transit,,,18.56,2026-09-15T00:01:49Z,,2026-09-17T13:44:08Z
2226,22232,236,BranchLink,FIN000000000006,completed,,,10.54,2026-09-15T03:27:38Z,2026-09-16T05:00:56Z,2026-09-17T13:44:08Z
2227,22233,241,airport-transferTrack,FIN000000000007,completed,,,17.02,2026-09-09T16:24:06Z,2026-09-16T08:55:20Z,2026-09-17T13:44:08Z
2228,22234,245,ClientRoute,FIN000000000008,completed,,,20.43,2026-09-15T22:44:09Z,2026-09-16T09:25:55Z,2026-09-17T13:44:08Z
2229,22239,246,SecureCourier,FIN000000000009,in_transit,,,11.4,2026-09-14T10:28:13Z,,2026-09-17T13:44:08Z
2230,22240,221,BranchLink,FIN000000000010,completed,,,13.31,2026-09-13T07:04:54Z,2026-09-15T20:15:54Z,2026-09-17T13:44:08Z
2231,22241,250,airport-transferTrack,FIN000000000011,completed,,,24.3,2026-09-12T20:06:25Z,2026-09-16T23:25:07Z,2026-09-17T13:44:08Z
2232,22242,228,ClientRoute,FIN000000000012,completed,,,23.6,2026-09-12T13:58:15Z,2026-09-17T12:11:27Z,2026-09-17T13:44:08Z
2233,22247,246,SecureCourier,FIN000000000013,in_transit,,,5.48,2026-09-13T01:13:52Z,,2026-09-17T13:44:08Z
2234,22248,250,BranchLink,FIN000000000014,completed,,,14.73,2026-09-16T08:17:11Z,2026-09-17T10:26:23Z,2026-09-17T13:44:08Z
2235,22249,229,airport-transferTrack,FIN000000000015,completed,,,9.81,2026-09-08T15:05:36Z,2026-09-15T14:27:08Z,2026-09-17T13:44:08Z
2236,22250,245,ClientRoute,FIN000000000016,completed,,,23.42,2026-09-15T18:08:27Z,2026-09-16T02:02:54Z,2026-09-17T13:44:08Z
2237,22255,250,SecureCourier,FIN000000000017,in_transit,,,10.03,2026-09-14T19:41:08Z,,2026-09-17T13:44:08Z
2238,22256,230,BranchLink,FIN000000000018,completed,,,14.14,2026-09-09T06:18:11Z,2026-09-16T05:28:08Z,2026-09-17T13:44:08Z
2239,22257,238,airport-transferTrack,FIN000000000019,completed,,,15.74,2026-09-11T20:10:05Z,2026-09-16T07:50:28Z,2026-09-17T13:44:08Z
2240,22258,243,ClientRoute,FIN000000000020,completed,,,14.34,2026-09-15T16:10:49Z,2026-09-16T07:51:49Z,2026-09-17T13:44:08Z
2241,22263,239,SecureCourier,FIN000000000021,in_transit,,,20.02,2026-09-16T01:39:17Z,,2026-09-17T13:44:08Z
2242,22264,250,BranchLink,FIN000000000022,completed,,,18.72,2026-09-10T12:42:12Z,2026-09-15T16:54:38Z,2026-09-17T13:44:08Z
2243,22265,237,airport-transferTrack,FIN000000000023,completed,,,9.12,2026-09-11T23:04:55Z,2026-09-16T23:42:54Z,2026-09-17T13:44:08Z
2244,22266,224,ClientRoute,FIN000000000024,completed,,,13.61,2026-09-10T03:33:42Z,2026-09-17T04:49:18Z,2026-09-17T13:44:08Z
2245,22271,243,SecureCourier,FIN000000000025,in_transit,,,13.45,2026-09-13T15:16:08Z,,2026-09-17T13:44:08Z
2246,22272,227,BranchLink,FIN000000000026,completed,,,21.07,2026-09-10T01:44:59Z,2026-09-16T14:26:54Z,2026-09-17T13:44:08Z
2247,22273,222,airport-transferTrack,FIN000000000027,completed,,,5.8,2026-09-13T18:57:20Z,2026-09-16T00:29:36Z,2026-09-17T13:44:08Z
2248,22274,231,ClientRoute,FIN000000000028,completed,,,13.89,2026-09-13T21:41:06Z,2026-09-16T22:10:58Z,2026-09-17T13:44:08Z
2249,22279,247,SecureCourier,FIN000000000029,in_transit,,,5.23,2026-09-10T10:52:44Z,,2026-09-17T13:44:08Z
2250,22280,233,BranchLink,FIN000000000030,completed,,,16.48,2026-09-16T10:34:04Z,2026-09-16T06:45:45Z,2026-09-17T13:44:08Z
2251,22281,222,airport-transferTrack,FIN000000000031,completed,,,24.13,2026-09-08T05:33:06Z,2026-09-15T17:49:38Z,2026-09-17T13:44:08Z
2252,22282,232,ClientRoute,FIN000000000032,completed,,,6.35,2026-09-14T21:08:16Z,2026-09-16T13:52:48Z,2026-09-17T13:44:08Z
2253,22287,250,SecureCourier,FIN000000000033,in_transit,,,17.71,2026-09-14T07:23:02Z,,2026-09-17T13:44:08Z
2254,22288,223,BranchLink,FIN000000000034,completed,,,24.83,2026-09-11T22:35:52Z,2026-09-17T00:44:37Z,2026-09-17T13:44:08Z
2255,22289,242,airport-transferTrack,FIN000000000035,completed,,,18.04,2026-09-14T20:16:32Z,2026-09-16T07:13:53Z,2026-09-17T13:44:08Z
2256,22290,238,ClientRoute,FIN000000000036,completed,,,22.59,2026-09-12T18:56:08Z,2026-09-15T16:28:56Z,2026-09-17T13:44:08Z
2257,22295,237,SecureCourier,FIN000000000037,in_transit,,,13.67,2026-09-15T07:11:25Z,,2026-09-17T13:44:08Z
2258,22296,229,BranchLink,FIN000000000038,completed,,,21.12,2026-09-14T14:42:35Z,2026-09-16T19:00:03Z,2026-09-17T13:44:08Z
2259,22297,247,airport-transferTrack,FIN000000000039,completed,,,10.86,2026-09-11T13:39:01Z,2026-09-16T01:38:47Z,2026-09-17T13:44:08Z
2260,22298,249,ClientRoute,FIN000000000040,completed,,,19.12,2026-09-12T13:19:56Z,2026-09-16T04:45:12Z,2026-09-17T13:44:08Z
2261,22303,223,SecureCourier,FIN000000000041,in_transit,,,21.96,2026-09-15T22:17:37Z,,2026-09-17T13:44:08Z
2262,22304,230,BranchLink,FIN000000000042,completed,,,8.94,2026-09-15T12:48:36Z,2026-09-17T05:28:50Z,2026-09-17T13:44:08Z
2263,22305,244,airport-transferTrack,FIN000000000043,completed,,,18.75,2026-09-15T08:38:21Z,2026-09-15T18:36:11Z,2026-09-17T13:44:08Z
2264,22306,224,ClientRoute,FIN000000000044,completed,,,18.7,2026-09-11T08:34:02Z,2026-09-17T00:39:51Z,2026-09-17T13:44:08Z
2265,22311,224,SecureCourier,FIN000000000045,in_transit,,,11.88,2026-09-15T16:41:57Z,,2026-09-17T13:44:08Z
2266,22312,233,BranchLink,FIN000000000046,completed,,,13.46,2026-09-08T19:45:39Z,2026-09-16T00:53:30Z,2026-09-17T13:44:08Z
2267,22313,243,airport-transferTrack,FIN000000000047,completed,,,5.76,2026-09-13T03:22:22Z,2026-09-15T16:53:38Z,2026-09-17T13:44:08Z
2268,22314,245,ClientRoute,FIN000000000048,completed,,,24.66,2026-09-15T05:30:26Z,2026-09-16T23:30:39Z,2026-09-17T13:44:08Z
2269,22319,244,SecureCourier,FIN000000000049,in_transit,,,10.03,2026-09-10T22:31:45Z,,2026-09-17T13:44:08Z
2270,22320,245,BranchLink,FIN000000000050,completed,,,19.01,2026-09-13T09:52:30Z,2026-09-17T10:31:53Z,2026-09-17T13:44:08Z
2271,22321,225,airport-transferTrack,FIN000000000051,completed,,,23.49,2026-09-16T08:25:51Z,2026-09-17T07:39:31Z,2026-09-17T13:44:08Z
2272,22322,239,ClientRoute,FIN000000000052,completed,,,20.75,2026-09-09T21:09:38Z,2026-09-17T06:17:05Z,2026-09-17T13:44:08Z
2273,22327,242,SecureCourier,FIN000000000053,in_transit,,,23.29,2026-09-13T01:16:21Z,,2026-09-17T13:44:08Z
2274,22328,233,BranchLink,FIN000000000054,completed,,,12.02,2026-09-10T09:22:55Z,2026-09-15T19:37:35Z,2026-09-17T13:44:08Z
2275,22329,229,airport-transferTrack,FIN000000000055,completed,,,17.34,2026-09-09T03:47:19Z,2026-09-15T21:51:06Z,2026-09-17T13:44:08Z
2276,22330,234,ClientRoute,FIN000000000056,completed,,,11.27,2026-09-13T16:50:48Z,2026-09-16T04:33:29Z,2026-09-17T13:44:08Z
2277,22335,221,SecureCourier,FIN000000000057,in_transit,,,7.84,2026-09-08T15:12:25Z,,2026-09-17T13:44:08Z
2278,22336,248,BranchLink,FIN000000000058,completed,,,21.69,2026-09-15T00:01:36Z,2026-09-15T14:38:06Z,2026-09-17T13:44:08Z
2279,22337,232,airport-transferTrack,FIN000000000059,completed,,,19.95,2026-09-11T11:40:34Z,2026-09-16T20:59:52Z,2026-09-17T13:44:08Z
2280,22338,229,ClientRoute,FIN000000000060,completed,,,18.48,2026-09-12T21:28:21Z,2026-09-17T05:19:12Z,2026-09-17T13:44:08Z
2281,22343,246,SecureCourier,FIN000000000061,in_transit,,,23.23,2026-09-07T17:47:03Z,,2026-09-17T13:44:08Z
2282,22344,239,BranchLink,FIN000000000062,completed,,,17.9,2026-09-11T13:38:59Z,2026-09-16T22:48:24Z,2026-09-17T13:44:08Z
2283,22345,248,airport-transferTrack,FIN000000000063,completed,,,10.43,2026-09-08T11:06:11Z,2026-09-15T16:08:00Z,2026-09-17T13:44:08Z
2284,22346,239,ClientRoute,FIN000000000064,completed,,,20.11,2026-09-11T05:22:27Z,2026-09-16T11:46:53Z,2026-09-17T13:44:08Z
2285,22351,242,SecureCourier,FIN000000000065,in_transit,,,17.1,2026-09-12T19:23:39Z,,2026-09-17T13:44:08Z
2286,22352,222,BranchLink,FIN000000000066,completed,,,12.37,2026-09-09T09:15:21Z,2026-09-16T00:21:29Z,2026-09-17T13:44:08Z
2287,22353,239,airport-transferTrack,FIN000000000067,completed,,,18.46,2026-09-08T21:50:18Z,2026-09-15T23:48:41Z,2026-09-17T13:44:08Z
2288,22354,246,ClientRoute,FIN000000000068,completed,,,20.38,2026-09-08T20:36:41Z,2026-09-16T22:39:31Z,2026-09-17T13:44:08Z
2289,22359,244,SecureCourier,FIN000000000069,in_transit,,,22.03,2026-09-11T10:51:57Z,,2026-09-17T13:44:08Z
2290,22360,233,BranchLink,FIN000000000070,completed,,,5.93,2026-09-15T09:42:27Z,2026-09-15T21:36:40Z,2026-09-17T13:44:08Z
2291,22361,245,airport-transferTrack,FIN000000000071,completed,,,8.42,2026-09-12T11:57:02Z,2026-09-15T23:59:27Z,2026-09-17T13:44:09Z
2292,22362,231,ClientRoute,FIN000000000072,completed,,,15.78,2026-09-14T13:50:06Z,2026-09-15T19:25:49Z,2026-09-17T13:44:09Z
2293,22367,229,SecureCourier,FIN000000000073,in_transit,,,22.5,2026-09-12T01:56:54Z,,2026-09-17T13:44:09Z
2294,22368,245,BranchLink,FIN000000000074,completed,,,9,2026-09-11T11:38:51Z,2026-09-16T20:58:39Z,2026-09-17T13:44:09Z
2295,22369,242,airport-transferTrack,FIN000000000075,completed,,,18.49,2026-09-16T10:15:48Z,2026-09-16T02:38:24Z,2026-09-17T13:44:09Z
2296,22370,240,ClientRoute,FIN000000000076,completed,,,12.53,2026-09-10T16:19:10Z,2026-09-16T08:59:29Z,2026-09-17T13:44:09Z
2297,22375,229,SecureCourier,FIN000000000077,in_transit,,,7.75,2026-09-10T00:23:56Z,,2026-09-17T13:44:09Z
2298,22376,233,BranchLink,FIN000000000078,completed,,,24.17,2026-09-16T10:14:40Z,2026-09-16T15:52:39Z,2026-09-17T13:44:09Z
2299,22377,231,airport-transferTrack,FIN000000000079,completed,,,24.02,2026-09-16T07:55:14Z,2026-09-16T12:18:46Z,2026-09-17T13:44:09Z
2300,22378,236,ClientRoute,FIN000000000080,completed,,,23.81,2026-09-13T13:47:40Z,2026-09-16T05:31:16Z,2026-09-17T13:44:09Z
2301,22383,228,SecureCourier,FIN000000000081,in_transit,,,16.29,2026-09-11T07:46:12Z,,2026-09-17T13:44:09Z
2302,22384,230,BranchLink,FIN000000000082,completed,,,15.15,2026-09-11T00:15:00Z,2026-09-16T20:01:52Z,2026-09-17T13:44:09Z
2303,22385,230,airport-transferTrack,FIN000000000083,completed,,,24.31,2026-09-10T00:26:10Z,2026-09-16T20:11:59Z,2026-09-17T13:44:09Z
2304,22386,226,ClientRoute,FIN000000000084,completed,,,10.64,2026-09-14T19:35:26Z,2026-09-17T10:48:06Z,2026-09-17T13:44:09Z
2305,22391,248,SecureCourier,FIN000000000085,in_transit,,,12.55,2026-09-14T05:36:09Z,,2026-09-17T13:44:09Z
2306,22392,230,BranchLink,FIN000000000086,completed,,,5.23,2026-09-08T21:32:10Z,2026-09-16T06:16:21Z,2026-09-17T13:44:09Z
2307,22393,250,airport-transferTrack,FIN000000000087,completed,,,17.62,2026-09-07T22:50:05Z,2026-09-15T14:09:43Z,2026-09-17T13:44:09Z
2308,22394,243,ClientRoute,FIN000000000088,completed,,,9.9,2026-09-09T19:47:39Z,2026-09-17T10:14:24Z,2026-09-17T13:44:09Z
2309,22399,228,SecureCourier,FIN000000000089,in_transit,,,10.48,2026-09-08T02:07:10Z,,2026-09-17T13:44:09Z
2310,22400,235,BranchLink,FIN000000000090,completed,,,19.06,2026-09-15T14:35:23Z,2026-09-16T00:05:18Z,2026-09-17T13:44:09Z
2311,22401,250,airport-transferTrack,FIN000000000091,completed,,,12.06,2026-09-09T04:46:22Z,2026-09-16T08:46:50Z,2026-09-17T13:44:09Z
2312,22402,249,ClientRoute,FIN000000000092,completed,,,6.27,2026-09-09T18:24:47Z,2026-09-16T00:37:30Z,2026-09-17T13:44:09Z
2313,22407,245,SecureCourier,FIN000000000093,in_transit,,,14.67,2026-09-08T07:46:02Z,,2026-09-17T13:44:09Z
2314,22408,243,BranchLink,FIN000000000094,completed,,,17.75,2026-09-10T20:24:08Z,2026-09-17T08:06:05Z,2026-09-17T13:44:09Z
2315,22409,232,airport-transferTrack,FIN000000000095,completed,,,8.73,2026-09-08T23:49:30Z,2026-09-17T11:19:13Z,2026-09-17T13:44:09Z
2316,22410,246,ClientRoute,FIN000000000096,completed,,,12.17,2026-09-13T18:08:12Z,2026-09-15T21:24:59Z,2026-09-17T13:44:09Z
2317,22415,240,SecureCourier,FIN000000000097,in_transit,,,13.66,2026-09-13T21:20:50Z,,2026-09-17T13:44:09Z
2318,22416,246,BranchLink,FIN000000000098,completed,,,16.64,2026-09-08T09:13:32Z,2026-09-16T13:12:19Z,2026-09-17T13:44:09Z
2319,22417,224,airport-transferTrack,FIN000000000099,completed,,,18.21,2026-09-14T17:35:57Z,2026-09-16T09:17:14Z,2026-09-17T13:44:09Z
2320,22418,243,ClientRoute,FIN000000000100,completed,,,11.33,2026-09-10T21:48:51Z,2026-09-16T19:42:41Z,2026-09-17T13:44:09Z
2321,22423,222,SecureCourier,FIN000000000101,in_transit,,,21.26,2026-09-08T14:53:24Z,,2026-09-17T13:44:09Z
2322,22424,246,BranchLink,FIN000000000102,completed,,,23.3,2026-09-13T03:16:36Z,2026-09-15T23:46:22Z,2026-09-17T13:44:09Z
2323,22425,243,airport-transferTrack,FIN000000000103,completed,,,24.22,2026-09-12T00:25:57Z,2026-09-17T01:56:24Z,2026-09-17T13:44:09Z
2324,22426,227,ClientRoute,FIN000000000104,completed,,,22.01,2026-09-08T15:34:43Z,2026-09-17T12:12:50Z,2026-09-17T13:44:09Z
2325,22431,234,SecureCourier,FIN000000000105,in_transit,,,6.19,2026-09-10T18:49:11Z,,2026-09-17T13:44:09Z
2326,22432,233,BranchLink,FIN000000000106,completed,,,23.39,2026-09-15T01:56:57Z,2026-09-17T10:37:05Z,2026-09-17T13:44:09Z
2327,22433,236,airport-transferTrack,FIN000000000107,completed,,,9.13,2026-09-12T06:05:37Z,2026-09-16T02:56:35Z,2026-09-17T13:44:09Z
2328,22434,234,ClientRoute,FIN000000000108,completed,,,7.03,2026-09-13T19:19:29Z,2026-09-15T20:19:16Z,2026-09-17T13:44:09Z
2329,22439,243,SecureCourier,FIN000000000109,in_transit,,,12.33,2026-09-09T10:34:38Z,,2026-09-17T13:44:09Z
2330,22440,221,BranchLink,FIN000000000110,completed,,,12.49,2026-09-07T14:50:51Z,2026-09-16T08:43:30Z,2026-09-17T13:44:09Z
2331,22441,224,airport-transferTrack,FIN000000000111,completed,,,24.6,2026-09-08T08:25:04Z,2026-09-17T06:16:42Z,2026-09-17T13:44:09Z
2332,22442,234,ClientRoute,FIN000000000112,completed,,,22.56,2026-09-12T12:53:06Z,2026-09-16T17:02:27Z,2026-09-17T13:44:09Z
2333,22447,221,SecureCourier,FIN000000000113,in_transit,,,7.2,2026-09-08T15:24:55Z,,2026-09-17T13:44:09Z
2334,22448,231,BranchLink,FIN000000000114,completed,,,22.01,2026-09-13T16:33:58Z,2026-09-17T11:43:05Z,2026-09-17T13:44:09Z
2335,22449,247,airport-transferTrack,FIN000000000115,completed,,,19.47,2026-09-12T05:06:00Z,2026-09-17T11:59:15Z,2026-09-17T13:44:09Z
2336,22450,248,ClientRoute,FIN000000000116,completed,,,7.81,2026-09-09T23:29:30Z,2026-09-16T05:34:06Z,2026-09-17T13:44:09Z
2337,22455,248,SecureCourier,FIN000000000117,in_transit,,,12.57,2026-09-08T01:01:10Z,,2026-09-17T13:44:09Z
2338,22456,239,BranchLink,FIN000000000118,completed,,,7.29,2026-09-11T03:46:38Z,2026-09-16T05:37:53Z,2026-09-17T13:44:09Z
2339,22457,240,airport-transferTrack,FIN000000000119,completed,,,6.16,2026-09-12T05:03:35Z,2026-09-16T15:16:40Z,2026-09-17T13:44:09Z
2340,22458,233,ClientRoute,FIN000000000120,completed,,,8.09,2026-09-14T17:40:11Z,2026-09-15T21:10:46Z,2026-09-17T13:44:09Z
2341,22463,245,SecureCourier,FIN000000000121,in_transit,,,19.63,2026-09-13T06:04:05Z,,2026-09-17T13:44:09Z
2342,22464,249,BranchLink,FIN000000000122,completed,,,20.73,2026-09-10T17:52:26Z,2026-09-16T12:54:19Z,2026-09-17T13:44:09Z
2343,22465,242,airport-transferTrack,FIN000000000123,completed,,,24.53,2026-09-10T06:34:50Z,2026-09-16T16:48:03Z,2026-09-17T13:44:09Z
2344,22466,242,ClientRoute,FIN000000000124,completed,,,15.34,2026-09-14T11:49:38Z,2026-09-16T10:00:58Z,2026-09-17T13:44:09Z
2345,22471,226,SecureCourier,FIN000000000125,in_transit,,,16.71,2026-09-13T00:10:34Z,,2026-09-17T13:44:09Z
2346,22472,226,BranchLink,FIN000000000126,completed,,,21.21,2026-09-08T03:51:33Z,2026-09-17T04:11:30Z,2026-09-17T13:44:09Z
2347,22473,244,airport-transferTrack,FIN000000000127,completed,,,15.5,2026-09-13T00:41:57Z,2026-09-16T12:59:44Z,2026-09-17T13:44:09Z
2348,22474,241,ClientRoute,FIN000000000128,completed,,,20.03,2026-09-09T16:27:03Z,2026-09-16T07:00:46Z,2026-09-17T13:44:09Z
2349,22479,239,SecureCourier,FIN000000000129,in_transit,,,23.69,2026-09-12T11:29:14Z,,2026-09-17T13:44:09Z
2350,22480,230,BranchLink,FIN000000000130,completed,,,7.73,2026-09-08T17:57:06Z,2026-09-16T14:15:48Z,2026-09-17T13:44:09Z
2351,22481,231,airport-transferTrack,FIN000000000131,completed,,,10.15,2026-09-14T19:57:44Z,2026-09-15T14:20:06Z,2026-09-17T13:44:09Z
2352,22482,248,ClientRoute,FIN000000000132,completed,,,18.33,2026-09-08T19:28:49Z,2026-09-16T00:28:38Z,2026-09-17T13:44:09Z
2353,22487,227,SecureCourier,FIN000000000133,in_transit,,,11.07,2026-09-09T16:42:14Z,,2026-09-17T13:44:09Z
2354,22488,234,BranchLink,FIN000000000134,completed,,,10.76,2026-09-11T05:18:48Z,2026-09-16T13:05:39Z,2026-09-17T13:44:09Z
2355,22489,224,airport-transferTrack,FIN000000000135,completed,,,6.66,2026-09-09T18:05:05Z,2026-09-16T16:19:09Z,2026-09-17T13:44:09Z
2356,22490,244,ClientRoute,FIN000000000136,completed,,,15.87,2026-09-09T20:10:30Z,2026-09-16T05:37:37Z,2026-09-17T13:44:09Z
2357,22495,246,SecureCourier,FIN000000000137,in_transit,,,11.22,2026-09-12T15:22:13Z,,2026-09-17T13:44:09Z
2358,22496,229,BranchLink,FIN000000000138,completed,,,6.94,2026-09-09T14:13:07Z,2026-09-16T16:45:46Z,2026-09-17T13:44:09Z
2359,22497,227,airport-transferTrack,FIN000000000139,completed,,,17.9,2026-09-11T18:17:26Z,2026-09-17T07:25:40Z,2026-09-17T13:44:09Z
2360,22498,227,ClientRoute,FIN000000000140,completed,,,10.2,2026-09-12T19:52:29Z,2026-09-17T00:56:59Z,2026-09-17T13:44:09Z
2361,22503,230,SecureCourier,FIN000000000141,in_transit,,,12.18,2026-09-10T07:49:41Z,,2026-09-17T13:44:09Z
2362,22504,227,BranchLink,FIN000000000142,completed,,,16.91,2026-09-15T08:48:04Z,2026-09-16T14:42:30Z,2026-09-17T13:44:09Z
2363,22505,225,airport-transferTrack,FIN000000000143,completed,,,17.09,2026-09-13T11:51:41Z,2026-09-16T17:57:47Z,2026-09-17T13:44:09Z
2364,22506,248,ClientRoute,FIN000000000144,completed,,,6.49,2026-09-11T00:09:56Z,2026-09-17T04:51:42Z,2026-09-17T13:44:09Z
2365,22511,229,SecureCourier,FIN000000000145,in_transit,,,24.41,2026-09-11T10:09:01Z,,2026-09-17T13:44:09Z
2366,22512,250,BranchLink,FIN000000000146,completed,,,17.48,2026-09-10T07:30:59Z,2026-09-17T12:37:14Z,2026-09-17T13:44:09Z
2367,22513,240,airport-transferTrack,FIN000000000147,completed,,,7.56,2026-09-08T13:18:38Z,2026-09-16T12:12:07Z,2026-09-17T13:44:09Z
2368,22514,231,ClientRoute,FIN000000000148,completed,,,5,2026-09-15T16:47:44Z,2026-09-17T00:42:15Z,2026-09-17T13:44:09Z
2369,22519,245,SecureCourier,FIN000000000149,in_transit,,,23.61,2026-09-13T00:45:10Z,,2026-09-17T13:44:09Z
2370,22520,237,BranchLink,FIN000000000150,completed,,,6.75,2026-09-09T05:41:05Z,2026-09-16T15:32:03Z,2026-09-17T13:44:09Z
2371,22521,226,airport-transferTrack,FIN000000000151,completed,,,24.5,2026-09-15T18:15:26Z,2026-09-16T08:55:17Z,2026-09-17T13:44:09Z
2372,22522,250,ClientRoute,FIN000000000152,completed,,,18.07,2026-09-13T07:08:00Z,2026-09-16T01:12:50Z,2026-09-17T13:44:09Z
2373,22527,225,SecureCourier,FIN000000000153,in_transit,,,23.87,2026-09-14T21:27:43Z,,2026-09-17T13:44:09Z
2374,22528,238,BranchLink,FIN000000000154,completed,,,18.33,2026-09-13T15:50:10Z,2026-09-15T17:42:47Z,2026-09-17T13:44:09Z
2375,22529,227,airport-transferTrack,FIN000000000155,completed,,,20.16,2026-09-11T10:21:27Z,2026-09-17T02:34:09Z,2026-09-17T13:44:09Z
2376,22530,241,ClientRoute,FIN000000000156,completed,,,11,2026-09-11T11:34:36Z,2026-09-16T22:52:47Z,2026-09-17T13:44:09Z
2377,22535,244,SecureCourier,FIN000000000157,in_transit,,,18.04,2026-09-11T00:58:28Z,,2026-09-17T13:44:09Z
2378,22536,224,BranchLink,FIN000000000158,completed,,,15.25,2026-09-08T15:38:18Z,2026-09-17T07:22:46Z,2026-09-17T13:44:09Z
2379,22537,235,airport-transferTrack,FIN000000000159,completed,,,22.6,2026-09-13T15:47:01Z,2026-09-16T16:53:10Z,2026-09-17T13:44:09Z
2380,22538,226,ClientRoute,FIN000000000160,completed,,,23.43,2026-09-14T05:14:18Z,2026-09-17T09:36:40Z,2026-09-17T13:44:09Z
2381,22543,224,SecureCourier,FIN000000000161,in_transit,,,18.54,2026-09-15T04:05:07Z,,2026-09-17T13:44:09Z
2382,22544,223,BranchLink,FIN000000000162,completed,,,19.74,2026-09-10T05:14:16Z,2026-09-16T22:36:59Z,2026-09-17T13:44:09Z
2383,22545,227,airport-transferTrack,FIN000000000163,completed,,,16.09,2026-09-08T03:14:16Z,2026-09-17T05:18:15Z,2026-09-17T13:44:09Z
2384,22546,222,ClientRoute,FIN000000000164,completed,,,18.35,2026-09-14T10:21:56Z,2026-09-16T03:15:31Z,2026-09-17T13:44:09Z
2385,22551,226,SecureCourier,FIN000000000165,in_transit,,,24.67,2026-09-08T19:27:54Z,,2026-09-17T13:44:09Z
2386,22552,247,BranchLink,FIN000000000166,completed,,,5.91,2026-09-09T03:55:12Z,2026-09-17T03:54:06Z,2026-09-17T13:44:09Z
2387,22553,250,airport-transferTrack,FIN000000000167,completed,,,9.15,2026-09-10T08:30:27Z,2026-09-16T01:35:58Z,2026-09-17T13:44:09Z
2388,22554,225,ClientRoute,FIN000000000168,completed,,,22.4,2026-09-11T16:29:59Z,2026-09-16T14:37:24Z,2026-09-17T13:44:09Z
2389,22559,244,SecureCourier,FIN000000000169,in_transit,,,23.71,2026-09-15T11:19:04Z,,2026-09-17T13:44:09Z
2390,22560,226,BranchLink,FIN000000000170,completed,,,20.89,2026-09-08T17:41:15Z,2026-09-15T22:07:43Z,2026-09-17T13:44:09Z
2391,22561,233,airport-transferTrack,FIN000000000171,completed,,,14.13,2026-09-09T20:24:17Z,2026-09-17T08:22:08Z,2026-09-17T13:44:09Z
2392,22562,230,ClientRoute,FIN000000000172,completed,,,24.52,2026-09-12T02:03:57Z,2026-09-16T06:54:47Z,2026-09-17T13:44:09Z
2393,22567,223,SecureCourier,FIN000000000173,in_transit,,,17.99,2026-09-15T20:10:18Z,,2026-09-17T13:44:09Z
2394,22568,234,BranchLink,FIN000000000174,completed,,,18.83,2026-09-09T18:32:21Z,2026-09-15T22:14:18Z,2026-09-17T13:44:09Z
2395,22569,222,airport-transferTrack,FIN000000000175,completed,,,8.3,2026-09-13T23:23:18Z,2026-09-16T21:30:34Z,2026-09-17T13:44:09Z
2396,22570,234,ClientRoute,FIN000000000176,completed,,,6.12,2026-09-12T21:40:09Z,2026-09-17T04:46:22Z,2026-09-17T13:44:09Z
2397,22575,226,SecureCourier,FIN000000000177,in_transit,,,16.03,2026-09-15T11:17:38Z,,2026-09-17T13:44:09Z
2398,22576,230,BranchLink,FIN000000000178,completed,,,22.53,2026-09-14T09:40:46Z,2026-09-16T17:19:22Z,2026-09-17T13:44:09Z
2399,22577,235,airport-transferTrack,FIN000000000179,completed,,,5.3,2026-09-14T22:01:03Z,2026-09-17T06:05:25Z,2026-09-17T13:44:09Z
2400,22578,245,ClientRoute,FIN000000000180,completed,,,21.93,2026-09-12T19:09:18Z,2026-09-16T11:00:48Z,2026-09-17T13:44:09Z
2401,22583,244,SecureCourier,FIN000000000181,in_transit,,,17.13,2026-09-13T09:08:00Z,,2026-09-17T13:44:09Z
2402,22584,231,BranchLink,FIN000000000182,completed,,,23.9,2026-09-12T12:23:11Z,2026-09-17T08:24:43Z,2026-09-17T13:44:09Z
2403,22585,229,airport-transferTrack,FIN000000000183,completed,,,20.99,2026-09-09T17:30:14Z,2026-09-16T23:32:47Z,2026-09-17T13:44:09Z
2404,22586,236,ClientRoute,FIN000000000184,completed,,,12.12,2026-09-12T08:18:26Z,2026-09-17T09:08:20Z,2026-09-17T13:44:09Z
2405,22591,246,SecureCourier,FIN000000000185,in_transit,,,19.12,2026-09-10T04:06:38Z,,2026-09-17T13:44:09Z
2406,22592,237,BranchLink,FIN000000000186,completed,,,16.73,2026-09-16T10:23:16Z,2026-09-15T18:12:33Z,2026-09-17T13:44:09Z
2407,22593,243,airport-transferTrack,FIN000000000187,completed,,,7.02,2026-09-15T20:47:25Z,2026-09-16T05:47:23Z,2026-09-17T13:44:09Z
2408,22594,245,ClientRoute,FIN000000000188,completed,,,15.7,2026-09-12T11:50:38Z,2026-09-16T07:36:54Z,2026-09-17T13:44:09Z
2409,22599,224,SecureCourier,FIN000000000189,in_transit,,,18,2026-09-13T05:05:44Z,,2026-09-17T13:44:09Z
2410,22600,235,BranchLink,FIN000000000190,completed,,,13.3,2026-09-08T14:39:58Z,2026-09-16T18:31:23Z,2026-09-17T13:44:09Z
2411,22601,235,airport-transferTrack,FIN000000000191,completed,,,5.13,2026-09-10T01:16:19Z,2026-09-15T18:12:59Z,2026-09-17T13:44:09Z
2412,22602,224,ClientRoute,FIN000000000192,completed,,,13.02,2026-09-09T21:08:04Z,2026-09-17T09:06:24Z,2026-09-17T13:44:09Z
2413,22607,222,SecureCourier,FIN000000000193,in_transit,,,15.13,2026-09-09T19:52:04Z,,2026-09-17T13:44:09Z
2414,22608,224,BranchLink,FIN000000000194,completed,,,9.2,2026-09-07T15:54:39Z,2026-09-15T19:16:16Z,2026-09-17T13:44:09Z
2415,22609,232,airport-transferTrack,FIN000000000195,completed,,,21.02,2026-09-11T15:54:00Z,2026-09-16T06:14:38Z,2026-09-17T13:44:09Z
2416,22610,224,ClientRoute,FIN000000000196,completed,,,12.39,2026-09-08T04:25:46Z,2026-09-17T09:01:01Z,2026-09-17T13:44:09Z
2417,22615,244,SecureCourier,FIN000000000197,in_transit,,,24.06,2026-09-13T09:02:02Z,,2026-09-17T13:44:09Z
2418,22616,242,BranchLink,FIN000000000198,completed,,,24.82,2026-09-13T22:49:52Z,2026-09-16T07:30:37Z,2026-09-17T13:44:09Z
2419,22617,223,airport-transferTrack,FIN000000000199,completed,,,24.22,2026-09-16T04:57:01Z,2026-09-15T22:01:34Z,2026-09-17T13:44:09Z
2420,22618,239,ClientRoute,FIN000000000200,completed,,,21.98,2026-09-14T01:19:04Z,2026-09-16T07:33:10Z,2026-09-17T13:44:09Z
2421,22623,244,SecureCourier,FIN000000000201,in_transit,,,13.57,2026-09-14T04:00:17Z,,2026-09-17T13:44:09Z
2422,22624,249,BranchLink,FIN000000000202,completed,,,19.19,2026-09-16T10:09:37Z,2026-09-16T05:30:11Z,2026-09-17T13:44:09Z
2423,22625,228,airport-transferTrack,FIN000000000203,completed,,,7.94,2026-09-12T18:23:01Z,2026-09-17T10:01:31Z,2026-09-17T13:44:09Z
2424,22626,239,ClientRoute,FIN000000000204,completed,,,22.93,2026-09-13T16:49:00Z,2026-09-17T02:07:01Z,2026-09-17T13:44:09Z
2425,22631,244,SecureCourier,FIN000000000205,in_transit,,,19.33,2026-09-12T07:18:19Z,,2026-09-17T13:44:09Z
2426,22632,223,BranchLink,FIN000000000206,completed,,,11.96,2026-09-09T04:11:59Z,2026-09-16T03:25:26Z,2026-09-17T13:44:09Z
2427,22633,235,airport-transferTrack,FIN000000000207,completed,,,24.4,2026-09-12T03:03:44Z,2026-09-16T13:43:45Z,2026-09-17T13:44:09Z
2428,22634,233,ClientRoute,FIN000000000208,completed,,,7.9,2026-09-12T18:07:56Z,2026-09-15T15:38:10Z,2026-09-17T13:44:09Z
2429,22639,246,SecureCourier,FIN000000000209,in_transit,,,23.88,2026-09-14T21:32:50Z,,2026-09-17T13:44:09Z
2430,22640,243,BranchLink,FIN000000000210,completed,,,9.38,2026-09-12T12:32:01Z,2026-09-17T02:31:40Z,2026-09-17T13:44:09Z
2431,22641,248,airport-transferTrack,FIN000000000211,completed,,,22.89,2026-09-16T01:22:48Z,2026-09-15T23:12:46Z,2026-09-17T13:44:09Z
2432,22642,232,ClientRoute,FIN000000000212,completed,,,13.34,2026-09-11T17:25:58Z,2026-09-15T15:18:24Z,2026-09-17T13:44:09Z
2433,22647,231,SecureCourier,FIN000000000213,in_transit,,,23.61,2026-09-11T03:34:13Z,,2026-09-17T13:44:09Z
2434,22648,234,BranchLink,FIN000000000214,completed,,,15.48,2026-09-09T16:22:07Z,2026-09-17T05:07:41Z,2026-09-17T13:44:09Z
2435,22649,241,airport-transferTrack,FIN000000000215,completed,,,21.99,2026-09-08T22:04:47Z,2026-09-15T20:14:04Z,2026-09-17T13:44:09Z
2436,22650,244,ClientRoute,FIN000000000216,completed,,,13.55,2026-09-13T00:01:38Z,2026-09-17T00:55:16Z,2026-09-17T13:44:09Z
2437,22655,221,SecureCourier,FIN000000000217,in_transit,,,21.11,2026-09-09T21:33:29Z,,2026-09-17T13:44:09Z
2438,22656,238,BranchLink,FIN000000000218,completed,,,19.19,2026-09-16T01:42:07Z,2026-09-17T07:24:06Z,2026-09-17T13:44:09Z
2439,22657,241,airport-transferTrack,FIN000000000219,completed,,,19.1,2026-09-15T01:38:07Z,2026-09-17T00:54:21Z,2026-09-17T13:44:09Z
2440,22658,224,ClientRoute,FIN000000000220,completed,,,11.02,2026-09-11T07:08:11Z,2026-09-17T02:57:35Z,2026-09-17T13:44:09Z
2441,22663,243,SecureCourier,FIN000000000221,in_transit,,,16.76,2026-09-14T07:57:01Z,,2026-09-17T13:44:09Z
2442,22664,224,BranchLink,FIN000000000222,completed,,,17.93,2026-09-16T09:10:04Z,2026-09-15T22:44:16Z,2026-09-17T13:44:09Z
2443,22665,226,airport-transferTrack,FIN000000000223,completed,,,24.49,2026-09-09T13:56:05Z,2026-09-16T06:44:48Z,2026-09-17T13:44:09Z
2444,22666,241,ClientRoute,FIN000000000224,completed,,,13.32,2026-09-14T04:11:18Z,2026-09-15T16:12:43Z,2026-09-17T13:44:09Z
2445,22671,243,SecureCourier,FIN000000000225,in_transit,,,19.01,2026-09-11T02:46:35Z,,2026-09-17T13:44:09Z
2446,22672,236,BranchLink,FIN000000000226,completed,,,10.32,2026-09-16T08:40:22Z,2026-09-16T02:57:39Z,2026-09-17T13:44:09Z
2447,22673,240,airport-transferTrack,FIN000000000227,completed,,,24.95,2026-09-10T12:57:48Z,2026-09-17T01:09:55Z,2026-09-17T13:44:09Z
2448,22674,229,ClientRoute,FIN000000000228,completed,,,19.21,2026-09-10T12:42:11Z,2026-09-16T06:55:30Z,2026-09-17T13:44:09Z
2449,22679,223,SecureCourier,FIN000000000229,in_transit,,,21.2,2026-09-14T11:08:09Z,,2026-09-17T13:44:09Z
2450,22680,230,BranchLink,FIN000000000230,completed,,,10.91,2026-09-12T14:46:10Z,2026-09-15T22:34:17Z,2026-09-17T13:44:09Z
2451,22681,237,airport-transferTrack,FIN000000000231,completed,,,8.48,2026-09-09T18:50:04Z,2026-09-15T21:50:52Z,2026-09-17T13:44:09Z
2452,22682,229,ClientRoute,FIN000000000232,completed,,,6.21,2026-09-16T07:04:18Z,2026-09-16T15:58:54Z,2026-09-17T13:44:09Z
2453,22687,233,SecureCourier,FIN000000000233,in_transit,,,13.69,2026-09-08T17:47:49Z,,2026-09-17T13:44:09Z
2454,22688,248,BranchLink,FIN000000000234,completed,,,17.84,2026-09-14T11:52:27Z,2026-09-17T00:26:11Z,2026-09-17T13:44:09Z
2455,22689,250,airport-transferTrack,FIN000000000235,completed,,,13.36,2026-09-16T01:24:48Z,2026-09-16T12:42:28Z,2026-09-17T13:44:09Z
2456,22690,250,ClientRoute,FIN000000000236,completed,,,23.17,2026-09-14T05:30:22Z,2026-09-16T04:48:33Z,2026-09-17T13:44:09Z
2457,22695,248,SecureCourier,FIN000000000237,in_transit,,,8.36,2026-09-15T04:16:42Z,,2026-09-17T13:44:09Z
2458,22696,234,BranchLink,FIN000000000238,completed,,,8.28,2026-09-09T19:54:05Z,2026-09-15T19:56:19Z,2026-09-17T13:44:09Z
2459,22697,229,airport-transferTrack,FIN000000000239,completed,,,18.54,2026-09-13T19:07:18Z,2026-09-16T00:13:28Z,2026-09-17T13:44:09Z
2460,22698,246,ClientRoute,FIN000000000240,completed,,,12.29,2026-09-09T11:33:10Z,2026-09-15T23:16:19Z,2026-09-17T13:44:09Z
2461,22703,244,SecureCourier,FIN000000000241,in_transit,,,5.77,2026-09-09T00:28:43Z,,2026-09-17T13:44:09Z
2462,22704,224,BranchLink,FIN000000000242,completed,,,18.65,2026-09-13T08:48:20Z,2026-09-15T22:54:55Z,2026-09-17T13:44:09Z
2463,22705,222,airport-transferTrack,FIN000000000243,completed,,,10.63,2026-09-09T16:59:11Z,2026-09-16T18:46:37Z,2026-09-17T13:44:09Z
2464,22706,227,ClientRoute,FIN000000000244,completed,,,14.97,2026-09-15T22:57:04Z,2026-09-17T08:57:27Z,2026-09-17T13:44:09Z
2465,22711,247,SecureCourier,FIN000000000245,in_transit,,,15.88,2026-09-14T01:27:29Z,,2026-09-17T13:44:09Z
2466,22712,242,BranchLink,FIN000000000246,completed,,,15.58,2026-09-08T11:22:23Z,2026-09-17T06:15:47Z,2026-09-17T13:44:09Z
2467,22713,234,airport-transferTrack,FIN000000000247,completed,,,18.63,2026-09-09T21:59:30Z,2026-09-15T13:56:43Z,2026-09-17T13:44:09Z
2468,22714,245,ClientRoute,FIN000000000248,completed,,,23.57,2026-09-14T23:16:32Z,2026-09-16T13:52:48Z,2026-09-17T13:44:09Z
2469,22719,243,SecureCourier,FIN000000000249,in_transit,,,13.82,2026-09-14T22:14:10Z,,2026-09-17T13:44:09Z
2470,22720,222,BranchLink,FIN000000000250,completed,,,18.56,2026-09-13T06:32:13Z,2026-09-16T18:07:53Z,2026-09-17T13:44:09Z
2471,22721,232,airport-transferTrack,FIN000000000251,completed,,,5.82,2026-09-07T22:59:01Z,2026-09-17T01:03:20Z,2026-09-17T13:44:09Z
2472,22722,230,ClientRoute,FIN000000000252,completed,,,19.25,2026-09-12T13:42:45Z,2026-09-17T01:51:34Z,2026-09-17T13:44:09Z
2473,22727,229,SecureCourier,FIN000000000253,in_transit,,,5.72,2026-09-14T08:49:13Z,,2026-09-17T13:44:09Z
2474,22728,234,BranchLink,FIN000000000254,completed,,,13.6,2026-09-12T07:20:32Z,2026-09-15T20:34:35Z,2026-09-17T13:44:09Z
2475,22729,229,airport-transferTrack,FIN000000000255,completed,,,17.22,2026-09-15T15:02:41Z,2026-09-16T23:45:09Z,2026-09-17T13:44:09Z
2476,22730,231,ClientRoute,FIN000000000256,completed,,,22.91,2026-09-09T20:56:32Z,2026-09-17T09:07:43Z,2026-09-17T13:44:09Z
2477,22735,232,SecureCourier,FIN000000000257,in_transit,,,22.34,2026-09-08T19:59:15Z,,2026-09-17T13:44:09Z
2478,22736,236,BranchLink,FIN000000000258,completed,,,17.23,2026-09-15T02:32:11Z,2026-09-15T14:06:30Z,2026-09-17T13:44:09Z
2479,22737,222,airport-transferTrack,FIN000000000259,completed,,,21.15,2026-09-11T16:46:34Z,2026-09-16T23:01:06Z,2026-09-17T13:44:09Z
2480,22738,224,ClientRoute,FIN000000000260,completed,,,10.46,2026-09-09T00:25:10Z,2026-09-17T05:32:13Z,2026-09-17T13:44:09Z
2481,22743,245,SecureCourier,FIN000000000261,in_transit,,,22.56,2026-09-12T00:18:52Z,,2026-09-17T13:44:09Z
2482,22744,248,BranchLink,FIN000000000262,completed,,,7.78,2026-09-16T08:53:40Z,2026-09-17T03:13:07Z,2026-09-17T13:44:09Z
2483,22745,225,airport-transferTrack,FIN000000000263,completed,,,10.84,2026-09-16T05:57:58Z,2026-09-15T21:18:27Z,2026-09-17T13:44:09Z
2484,22746,250,ClientRoute,FIN000000000264,completed,,,19.67,2026-09-12T11:31:52Z,2026-09-16T18:16:10Z,2026-09-17T13:44:09Z
2485,22751,234,SecureCourier,FIN000000000265,in_transit,,,11,2026-09-13T03:16:42Z,,2026-09-17T13:44:09Z
2486,22752,248,BranchLink,FIN000000000266,completed,,,18.67,2026-09-11T17:40:58Z,2026-09-17T01:11:21Z,2026-09-17T13:44:09Z
2487,22753,223,airport-transferTrack,FIN000000000267,completed,,,5.21,2026-09-14T13:22:36Z,2026-09-16T11:18:29Z,2026-09-17T13:44:09Z
2488,22754,228,ClientRoute,FIN000000000268,completed,,,24.98,2026-09-11T22:48:04Z,2026-09-16T01:03:42Z,2026-09-17T13:44:09Z
2489,22759,244,SecureCourier,FIN000000000269,in_transit,,,13.71,2026-09-13T06:39:26Z,,2026-09-17T13:44:09Z
2490,22760,240,BranchLink,FIN000000000270,completed,,,16.95,2026-09-11T18:49:11Z,2026-09-16T16:07:24Z,2026-09-17T13:44:09Z
2491,22761,250,airport-transferTrack,FIN000000000271,completed,,,11.04,2026-09-09T20:37:52Z,2026-09-16T21:54:18Z,2026-09-17T13:44:09Z
2492,22762,233,ClientRoute,FIN000000000272,completed,,,19.01,2026-09-13T17:09:44Z,2026-09-17T02:49:06Z,2026-09-17T13:44:09Z
2493,22767,249,SecureCourier,FIN000000000273,in_transit,,,23.29,2026-09-10T00:31:37Z,,2026-09-17T13:44:09Z
2494,22768,225,BranchLink,FIN000000000274,completed,,,13.25,2026-09-12T01:54:18Z,2026-09-16T17:07:36Z,2026-09-17T13:44:09Z
2495,22769,233,airport-transferTrack,FIN000000000275,completed,,,21.08,2026-09-13T20:16:28Z,2026-09-16T03:04:51Z,2026-09-17T13:44:09Z
2496,22770,235,ClientRoute,FIN000000000276,completed,,,15.21,2026-09-12T08:25:50Z,2026-09-16T08:45:50Z,2026-09-17T13:44:09Z
2497,22775,226,SecureCourier,FIN000000000277,in_transit,,,12.5,2026-09-16T10:11:50Z,,2026-09-17T13:44:09Z
2498,22776,232,BranchLink,FIN000000000278,completed,,,21.57,2026-09-13T01:39:18Z,2026-09-16T23:48:10Z,2026-09-17T13:44:09Z
2499,22777,225,airport-transferTrack,FIN000000000279,completed,,,16.73,2026-09-08T03:53:29Z,2026-09-15T21:23:12Z,2026-09-17T13:44:09Z
2500,22778,239,ClientRoute,FIN000000000280,completed,,,11.19,2026-09-11T08:50:39Z,2026-09-17T09:59:23Z,2026-09-17T13:44:09Z
2501,22783,229,SecureCourier,FIN000000000281,in_transit,,,19.08,2026-09-08T21:31:01Z,,2026-09-17T13:44:09Z
2502,22784,248,BranchLink,FIN000000000282,completed,,,19.6,2026-09-11T09:52:02Z,2026-09-16T17:25:50Z,2026-09-17T13:44:09Z
2503,22785,224,airport-transferTrack,FIN000000000283,completed,,,14.62,2026-09-16T12:27:35Z,2026-09-17T04:04:06Z,2026-09-17T13:44:09Z
2504,22786,223,ClientRoute,FIN000000000284,completed,,,23.27,2026-09-14T09:10:11Z,2026-09-15T23:40:13Z,2026-09-17T13:44:09Z
2505,22791,237,SecureCourier,FIN000000000285,in_transit,,,9.21,2026-09-14T20:42:40Z,,2026-09-17T13:44:09Z
2506,22792,222,BranchLink,FIN000000000286,completed,,,24.72,2026-09-07T22:44:19Z,2026-09-15T18:46:51Z,2026-09-17T13:44:09Z
2507,22793,228,airport-transferTrack,FIN000000000287,completed,,,21.4,2026-09-15T04:18:35Z,2026-09-17T07:11:17Z,2026-09-17T13:44:09Z
2508,22794,241,ClientRoute,FIN000000000288,completed,,,10.14,2026-09-09T20:17:11Z,2026-09-16T16:20:22Z,2026-09-17T13:44:09Z
2509,22799,238,SecureCourier,FIN000000000289,in_transit,,,16.94,2026-09-13T04:58:25Z,,2026-09-17T13:44:09Z
2510,22800,231,BranchLink,FIN000000000290,completed,,,22.36,2026-09-10T00:10:58Z,2026-09-16T07:42:31Z,2026-09-17T13:44:09Z
2511,22801,228,airport-transferTrack,FIN000000000291,completed,,,16.96,2026-09-15T17:08:43Z,2026-09-17T03:30:08Z,2026-09-17T13:44:09Z
2512,22802,246,ClientRoute,FIN000000000292,completed,,,14.64,2026-09-09T13:57:20Z,2026-09-17T01:20:09Z,2026-09-17T13:44:09Z
2513,22807,236,SecureCourier,FIN000000000293,in_transit,,,10.36,2026-09-15T20:24:25Z,,2026-09-17T13:44:09Z
2514,22808,223,BranchLink,FIN000000000294,completed,,,24.28,2026-09-07T17:38:19Z,2026-09-17T09:32:59Z,2026-09-17T13:44:09Z
2515,22809,222,airport-transferTrack,FIN000000000295,completed,,,24.12,2026-09-09T17:32:39Z,2026-09-17T06:06:44Z,2026-09-17T13:44:09Z
2516,22810,221,ClientRoute,FIN000000000296,completed,,,11.57,2026-09-10T16:37:42Z,2026-09-16T15:53:09Z,2026-09-17T13:44:09Z
2517,22815,237,SecureCourier,FIN000000000297,in_transit,,,8.49,2026-09-08T12:49:03Z,,2026-09-17T13:44:09Z
2518,22816,232,BranchLink,FIN000000000298,completed,,,11.69,2026-09-13T13:01:12Z,2026-09-16T09:21:14Z,2026-09-17T13:44:09Z
2519,22817,224,airport-transferTrack,FIN000000000299,completed,,,15.19,2026-09-09T23:22:38Z,2026-09-16T07:29:25Z,2026-09-17T13:44:09Z
2520,22818,247,ClientRoute,FIN000000000300,completed,,,23.6,2026-09-10T03:40:13Z,2026-09-17T11:48:39Z,2026-09-17T13:44:09Z
2521,22823,232,SecureCourier,FIN000000000301,in_transit,,,13.99,2026-09-15T12:31:14Z,,2026-09-17T13:44:09Z
2522,22824,240,BranchLink,FIN000000000302,completed,,,21.62,2026-09-12T17:36:08Z,2026-09-16T01:33:40Z,2026-09-17T13:44:09Z
2523,22825,225,airport-transferTrack,FIN000000000303,completed,,,6.34,2026-09-08T14:23:25Z,2026-09-16T12:35:55Z,2026-09-17T13:44:09Z
2524,22826,247,ClientRoute,FIN000000000304,completed,,,23.97,2026-09-07T23:39:54Z,2026-09-17T07:02:25Z,2026-09-17T13:44:09Z
2525,22831,225,SecureCourier,FIN000000000305,in_transit,,,17.06,2026-09-12T15:15:51Z,,2026-09-17T13:44:09Z
2526,22832,248,BranchLink,FIN000000000306,completed,,,22.91,2026-09-11T15:00:25Z,2026-09-16T04:27:04Z,2026-09-17T13:44:09Z
2527,22833,247,airport-transferTrack,FIN000000000307,completed,,,13.56,2026-09-08T07:51:57Z,2026-09-17T11:23:41Z,2026-09-17T13:44:09Z
2528,22834,230,ClientRoute,FIN000000000308,completed,,,6.66,2026-09-10T04:10:57Z,2026-09-16T13:34:24Z,2026-09-17T13:44:09Z
2529,22839,240,SecureCourier,FIN000000000309,in_transit,,,10.93,2026-09-12T03:51:27Z,,2026-09-17T13:44:09Z
2530,22840,246,BranchLink,FIN000000000310,completed,,,21.6,2026-09-12T04:53:19Z,2026-09-16T12:38:50Z,2026-09-17T13:44:09Z
2531,22841,250,airport-transferTrack,FIN000000000311,completed,,,5.09,2026-09-13T07:49:13Z,2026-09-17T02:01:39Z,2026-09-17T13:44:09Z
2532,22842,232,ClientRoute,FIN000000000312,completed,,,20.33,2026-09-12T06:54:50Z,2026-09-17T09:44:16Z,2026-09-17T13:44:09Z
2533,22847,229,SecureCourier,FIN000000000313,in_transit,,,6.11,2026-09-15T06:55:59Z,,2026-09-17T13:44:09Z
2534,22848,233,BranchLink,FIN000000000314,completed,,,19.12,2026-09-15T16:54:21Z,2026-09-15T22:29:22Z,2026-09-17T13:44:09Z
2535,22849,243,airport-transferTrack,FIN000000000315,completed,,,20.35,2026-09-08T04:11:26Z,2026-09-16T09:02:48Z,2026-09-17T13:44:09Z
2536,22850,231,ClientRoute,FIN000000000316,completed,,,6.9,2026-09-10T13:43:30Z,2026-09-15T16:54:23Z,2026-09-17T13:44:09Z
2537,22855,233,SecureCourier,FIN000000000317,in_transit,,,14.17,2026-09-14T11:06:20Z,,2026-09-17T13:44:09Z
2538,22856,224,BranchLink,FIN000000000318,completed,,,16.24,2026-09-16T01:43:54Z,2026-09-16T07:31:08Z,2026-09-17T13:44:09Z
2539,22857,222,airport-transferTrack,FIN000000000319,completed,,,22.39,2026-09-10T11:44:53Z,2026-09-15T21:27:17Z,2026-09-17T13:44:09Z
2540,22858,250,ClientRoute,FIN000000000320,completed,,,8.23,2026-09-13T13:48:36Z,2026-09-17T00:04:58Z,2026-09-17T13:44:09Z
2541,22863,224,SecureCourier,FIN000000000321,in_transit,,,19.45,2026-09-10T13:30:09Z,,2026-09-17T13:44:09Z
2542,22864,226,BranchLink,FIN000000000322,completed,,,22.33,2026-09-13T12:33:39Z,2026-09-16T10:00:14Z,2026-09-17T13:44:09Z
2543,22865,245,airport-transferTrack,FIN000000000323,completed,,,6.23,2026-09-11T23:41:11Z,2026-09-16T04:55:49Z,2026-09-17T13:44:09Z
2544,22866,237,ClientRoute,FIN000000000324,completed,,,5.2,2026-09-09T18:06:45Z,2026-09-16T06:50:18Z,2026-09-17T13:44:09Z
2545,22871,224,SecureCourier,FIN000000000325,in_transit,,,17.41,2026-09-14T00:08:48Z,,2026-09-17T13:44:09Z
2546,22872,228,BranchLink,FIN000000000326,completed,,,13.15,2026-09-12T09:17:44Z,2026-09-15T21:25:02Z,2026-09-17T13:44:09Z
2547,22873,250,airport-transferTrack,FIN000000000327,completed,,,21.74,2026-09-11T03:41:58Z,2026-09-16T19:15:08Z,2026-09-17T13:44:09Z
2548,22874,234,ClientRoute,FIN000000000328,completed,,,14.01,2026-09-12T23:02:44Z,2026-09-16T15:20:38Z,2026-09-17T13:44:09Z
2549,22879,233,SecureCourier,FIN000000000329,in_transit,,,23.21,2026-09-10T12:10:02Z,,2026-09-17T13:44:09Z
2550,22880,230,BranchLink,FIN000000000330,completed,,,12.42,2026-09-09T05:16:37Z,2026-09-17T01:49:59Z,2026-09-17T13:44:09Z
2551,22881,237,airport-transferTrack,FIN000000000331,completed,,,18.1,2026-09-08T11:07:40Z,2026-09-16T09:07:05Z,2026-09-17T13:44:09Z
2552,22882,238,ClientRoute,FIN000000000332,completed,,,11.32,2026-09-08T20:08:52Z,2026-09-17T01:24:23Z,2026-09-17T13:44:09Z
2553,22887,223,SecureCourier,FIN000000000333,in_transit,,,12.88,2026-09-10T06:17:59Z,,2026-09-17T13:44:09Z
2554,22888,222,BranchLink,FIN000000000334,completed,,,18.71,2026-09-07T14:39:44Z,2026-09-16T22:59:44Z,2026-09-17T13:44:09Z
2555,22889,233,airport-transferTrack,FIN000000000335,completed,,,6.38,2026-09-11T17:06:50Z,2026-09-15T22:58:14Z,2026-09-17T13:44:09Z
2556,22890,250,ClientRoute,FIN000000000336,completed,,,24.76,2026-09-10T10:51:22Z,2026-09-16T16:21:51Z,2026-09-17T13:44:09Z
2557,22895,249,SecureCourier,FIN000000000337,in_transit,,,22.27,2026-09-13T02:51:20Z,,2026-09-17T13:44:09Z
2558,22896,234,BranchLink,FIN000000000338,completed,,,22.37,2026-09-13T04:16:05Z,2026-09-16T09:04:07Z,2026-09-17T13:44:09Z
2559,22897,243,airport-transferTrack,FIN000000000339,completed,,,8.05,2026-09-16T11:07:10Z,2026-09-16T14:56:06Z,2026-09-17T13:44:09Z
2560,22898,233,ClientRoute,FIN000000000340,completed,,,19.68,2026-09-11T00:34:40Z,2026-09-16T04:10:36Z,2026-09-17T13:44:09Z
2561,22903,235,SecureCourier,FIN000000000341,in_transit,,,17.04,2026-09-13T10:56:58Z,,2026-09-17T13:44:09Z
2562,22904,245,BranchLink,FIN000000000342,completed,,,18.49,2026-09-12T10:32:06Z,2026-09-17T00:34:58Z,2026-09-17T13:44:09Z
2563,22905,227,airport-transferTrack,FIN000000000343,completed,,,11.25,2026-09-09T04:39:10Z,2026-09-16T07:06:19Z,2026-09-17T13:44:09Z
2564,22906,241,ClientRoute,FIN000000000344,completed,,,23.86,2026-09-08T21:00:52Z,2026-09-17T11:56:47Z,2026-09-17T13:44:09Z
2565,22911,235,SecureCourier,FIN000000000345,in_transit,,,23.7,2026-09-13T10:27:28Z,,2026-09-17T13:44:09Z
2566,22912,229,BranchLink,FIN000000000346,completed,,,23.61,2026-09-14T17:42:40Z,2026-09-17T10:30:41Z,2026-09-17T13:44:09Z
2567,22913,238,airport-transferTrack,FIN000000000347,completed,,,22.61,2026-09-16T13:10:59Z,2026-09-16T11:29:12Z,2026-09-17T13:44:09Z
2568,22914,235,ClientRoute,FIN000000000348,completed,,,7.09,2026-09-13T11:03:50Z,2026-09-16T16:06:10Z,2026-09-17T13:44:09Z
2569,22919,248,SecureCourier,FIN000000000349,in_transit,,,11.58,2026-09-08T22:14:28Z,,2026-09-17T13:44:09Z
2570,22920,236,BranchLink,FIN000000000350,completed,,,11.4,2026-09-08T01:30:41Z,2026-09-15T15:52:39Z,2026-09-17T13:44:09Z
2571,22921,249,airport-transferTrack,FIN000000000351,completed,,,24.48,2026-09-13T15:18:55Z,2026-09-16T04:08:08Z,2026-09-17T13:44:09Z
2572,22922,222,ClientRoute,FIN000000000352,completed,,,18.2,2026-09-09T11:03:19Z,2026-09-16T12:48:44Z,2026-09-17T13:44:09Z
2573,22927,237,SecureCourier,FIN000000000353,in_transit,,,14.08,2026-09-12T02:32:30Z,,2026-09-17T13:44:09Z
2574,22928,240,BranchLink,FIN000000000354,completed,,,12.95,2026-09-15T21:46:45Z,2026-09-16T16:04:00Z,2026-09-17T13:44:09Z
2575,22929,223,airport-transferTrack,FIN000000000355,completed,,,23.75,2026-09-13T01:54:09Z,2026-09-15T18:22:16Z,2026-09-17T13:44:09Z
2576,22930,228,ClientRoute,FIN000000000356,completed,,,16.04,2026-09-15T17:51:49Z,2026-09-15T18:15:07Z,2026-09-17T13:44:09Z
2577,22935,232,SecureCourier,FIN000000000357,in_transit,,,22.35,2026-09-12T15:08:20Z,,2026-09-17T13:44:09Z
2578,22936,225,BranchLink,FIN000000000358,completed,,,19.82,2026-09-08T22:28:42Z,2026-09-16T23:35:12Z,2026-09-17T13:44:09Z
2579,22937,248,airport-transferTrack,FIN000000000359,completed,,,18.23,2026-09-10T16:36:20Z,2026-09-16T08:39:12Z,2026-09-17T13:44:09Z
2580,22938,233,ClientRoute,FIN000000000360,completed,,,14.75,2026-09-09T02:38:03Z,2026-09-15T16:57:35Z,2026-09-17T13:44:09Z
2581,22943,233,SecureCourier,FIN000000000361,in_transit,,,9,2026-09-14T20:55:19Z,,2026-09-17T13:44:09Z
2582,22944,247,BranchLink,FIN000000000362,completed,,,24.65,2026-09-14T00:41:51Z,2026-09-15T14:27:06Z,2026-09-17T13:44:09Z
2583,22945,250,airport-transferTrack,FIN000000000363,completed,,,5.23,2026-09-12T01:09:01Z,2026-09-17T08:55:14Z,2026-09-17T13:44:09Z
2584,22946,225,ClientRoute,FIN000000000364,completed,,,5.16,2026-09-12T01:51:57Z,2026-09-15T15:55:16Z,2026-09-17T13:44:09Z
2585,22951,229,SecureCourier,FIN000000000365,in_transit,,,20,2026-09-11T07:56:01Z,,2026-09-17T13:44:09Z
2586,22952,222,BranchLink,FIN000000000366,completed,,,6.9,2026-09-08T18:00:47Z,2026-09-16T05:50:19Z,2026-09-17T13:44:09Z
2587,22953,248,airport-transferTrack,FIN000000000367,completed,,,10.77,2026-09-15T08:59:18Z,2026-09-16T04:23:00Z,2026-09-17T13:44:09Z
2588,22954,221,ClientRoute,FIN000000000368,completed,,,7.96,2026-09-10T10:27:30Z,2026-09-17T03:54:28Z,2026-09-17T13:44:09Z
2589,22959,237,SecureCourier,FIN000000000369,in_transit,,,6.88,2026-09-15T06:32:16Z,,2026-09-17T13:44:09Z
2590,22960,225,BranchLink,FIN000000000370,completed,,,17.94,2026-09-13T05:51:43Z,2026-09-16T09:31:01Z,2026-09-17T13:44:09Z
2591,22961,222,airport-transferTrack,FIN000000000371,completed,,,23.04,2026-09-12T23:07:44Z,2026-09-17T10:43:37Z,2026-09-17T13:44:09Z
2592,22962,248,ClientRoute,FIN000000000372,completed,,,9,2026-09-08T04:18:13Z,2026-09-16T19:36:59Z,2026-09-17T13:44:09Z
2593,22967,235,SecureCourier,FIN000000000373,in_transit,,,18.11,2026-09-14T06:04:07Z,,2026-09-17T13:44:09Z
2594,22968,225,BranchLink,FIN000000000374,completed,,,9.63,2026-09-08T10:32:28Z,2026-09-15T16:06:24Z,2026-09-17T13:44:09Z
2595,22969,226,airport-transferTrack,FIN000000000375,completed,,,18.05,2026-09-13T11:11:19Z,2026-09-17T08:19:54Z,2026-09-17T13:44:09Z
2596,22970,242,ClientRoute,FIN000000000376,completed,,,17.2,2026-09-15T17:03:35Z,2026-09-17T10:32:34Z,2026-09-17T13:44:09Z
2597,22975,246,SecureCourier,FIN000000000377,in_transit,,,13.97,2026-09-15T06:21:58Z,,2026-09-17T13:44:09Z
2598,22976,235,BranchLink,FIN000000000378,completed,,,9.13,2026-09-15T16:18:47Z,2026-09-15T17:43:40Z,2026-09-17T13:44:09Z
2599,22977,241,airport-transferTrack,FIN000000000379,completed,,,6.55,2026-09-15T07:21:56Z,2026-09-15T16:58:35Z,2026-09-17T13:44:09Z
2600,22978,227,ClientRoute,FIN000000000380,completed,,,21.63,2026-09-09T13:01:54Z,2026-09-15T15:00:25Z,2026-09-17T13:44:09Z
2601,22983,247,SecureCourier,FIN000000000381,in_transit,,,5.59,2026-09-10T23:31:28Z,,2026-09-17T13:44:09Z
2602,22984,234,BranchLink,FIN000000000382,completed,,,17.14,2026-09-16T07:16:17Z,2026-09-16T05:50:32Z,2026-09-17T13:44:09Z
2603,22985,226,airport-transferTrack,FIN000000000383,completed,,,20.8,2026-09-08T13:14:43Z,2026-09-16T01:23:06Z,2026-09-17T13:44:09Z
2604,22986,242,ClientRoute,FIN000000000384,completed,,,10.32,2026-09-15T12:51:11Z,2026-09-17T10:25:34Z,2026-09-17T13:44:09Z
2605,22991,239,SecureCourier,FIN000000000385,in_transit,,,20.43,2026-09-09T02:47:43Z,,2026-09-17T13:44:09Z
2606,22992,236,BranchLink,FIN000000000386,completed,,,20.74,2026-09-15T00:29:27Z,2026-09-16T12:34:21Z,2026-09-17T13:44:09Z
2607,22993,230,airport-transferTrack,FIN000000000387,completed,,,15.04,2026-09-10T13:56:49Z,2026-09-16T14:29:27Z,2026-09-17T13:44:09Z
2608,22994,223,ClientRoute,FIN000000000388,completed,,,22.27,2026-09-10T12:38:02Z,2026-09-17T01:27:53Z,2026-09-17T13:44:09Z
2609,22999,239,SecureCourier,FIN000000000389,in_transit,,,17.44,2026-09-11T22:05:03Z,,2026-09-17T13:44:09Z
2610,23000,221,BranchLink,FIN000000000390,completed,,,14.05,2026-09-14T12:18:59Z,2026-09-16T22:19:11Z,2026-09-17T13:44:09Z
2611,23001,227,airport-transferTrack,FIN000000000391,completed,,,9.74,2026-09-15T16:05:23Z,2026-09-17T12:10:42Z,2026-09-17T13:44:09Z
2612,23002,249,ClientRoute,FIN000000000392,completed,,,5.39,2026-09-09T01:17:17Z,2026-09-15T14:28:04Z,2026-09-17T13:44:09Z
2613,23007,234,SecureCourier,FIN000000000393,in_transit,,,19.48,2026-09-12T22:22:50Z,,2026-09-17T13:44:09Z
2614,23008,246,BranchLink,FIN000000000394,completed,,,6.8,2026-09-15T09:20:17Z,2026-09-15T14:31:07Z,2026-09-17T13:44:09Z
2615,23009,248,airport-transferTrack,FIN000000000395,completed,,,23.04,2026-09-15T14:57:01Z,2026-09-16T01:25:19Z,2026-09-17T13:44:09Z
2616,23010,246,ClientRoute,FIN000000000396,completed,,,19.71,2026-09-09T15:33:35Z,2026-09-16T01:39:29Z,2026-09-17T13:44:09Z
2617,23015,226,SecureCourier,FIN000000000397,in_transit,,,7.91,2026-09-12T12:15:29Z,,2026-09-17T13:44:09Z
2618,23016,230,BranchLink,FIN000000000398,completed,,,15.93,2026-09-11T21:07:41Z,2026-09-15T17:51:53Z,2026-09-17T13:44:09Z
2619,23017,231,airport-transferTrack,FIN000000000399,completed,,,5.96,2026-09-14T04:37:20Z,2026-09-16T05:29:33Z,2026-09-17T13:44:09Z
2620,23018,222,ClientRoute,FIN000000000400,completed,,,15.98,2026-09-09T09:41:10Z,2026-09-16T02:03:40Z,2026-09-17T13:44:09Z
2621,23023,246,SecureCourier,FIN000000000401,in_transit,,,12.63,2026-09-10T02:23:05Z,,2026-09-17T13:44:09Z
2622,23024,239,BranchLink,FIN000000000402,completed,,,10.16,2026-09-15T05:12:40Z,2026-09-16T10:28:45Z,2026-09-17T13:44:09Z
2623,23025,242,airport-transferTrack,FIN000000000403,completed,,,18.44,2026-09-16T12:47:17Z,2026-09-15T22:20:02Z,2026-09-17T13:44:09Z
2624,23026,225,ClientRoute,FIN000000000404,completed,,,22.35,2026-09-08T21:07:35Z,2026-09-16T21:27:00Z,2026-09-17T13:44:09Z
2625,23031,234,SecureCourier,FIN000000000405,in_transit,,,15.39,2026-09-15T18:28:16Z,,2026-09-17T13:44:09Z
2626,23032,238,BranchLink,FIN000000000406,completed,,,21.95,2026-09-08T23:06:57Z,2026-09-17T02:55:59Z,2026-09-17T13:44:09Z
2627,23033,226,airport-transferTrack,FIN000000000407,completed,,,22.29,2026-09-15T13:49:59Z,2026-09-16T22:54:38Z,2026-09-17T13:44:09Z
2628,23034,227,ClientRoute,FIN000000000408,completed,,,5.56,2026-09-15T07:40:32Z,2026-09-16T15:10:44Z,2026-09-17T13:44:09Z
2629,23039,226,SecureCourier,FIN000000000409,in_transit,,,10.1,2026-09-13T01:09:01Z,,2026-09-17T13:44:09Z
2630,23040,239,BranchLink,FIN000000000410,completed,,,6.07,2026-09-13T16:36:43Z,2026-09-17T04:57:34Z,2026-09-17T13:44:09Z
2631,23041,243,airport-transferTrack,FIN000000000411,completed,,,23.77,2026-09-10T07:18:00Z,2026-09-16T17:15:12Z,2026-09-17T13:44:09Z
2632,23042,238,ClientRoute,FIN000000000412,completed,,,24.02,2026-09-13T11:24:09Z,2026-09-16T08:58:23Z,2026-09-17T13:44:09Z
2633,23047,233,SecureCourier,FIN000000000413,in_transit,,,24.18,2026-09-12T01:33:00Z,,2026-09-17T13:44:09Z
2634,23048,240,BranchLink,FIN000000000414,completed,,,13.29,2026-09-12T05:31:23Z,2026-09-16T16:31:35Z,2026-09-17T13:44:09Z
2635,23049,222,airport-transferTrack,FIN000000000415,completed,,,6.75,2026-09-08T05:57:43Z,2026-09-16T14:01:37Z,2026-09-17T13:44:09Z
2636,23050,241,ClientRoute,FIN000000000416,completed,,,5.36,2026-09-13T05:30:52Z,2026-09-16T13:21:54Z,2026-09-17T13:44:09Z
2637,23055,236,SecureCourier,FIN000000000417,in_transit,,,17.2,2026-09-09T08:55:10Z,,2026-09-17T13:44:09Z
2638,23056,244,BranchLink,FIN000000000418,completed,,,7.34,2026-09-16T11:27:15Z,2026-09-17T04:12:42Z,2026-09-17T13:44:09Z
2639,23057,241,airport-transferTrack,FIN000000000419,completed,,,19.73,2026-09-12T22:59:12Z,2026-09-16T14:34:37Z,2026-09-17T13:44:09Z
2640,23058,225,ClientRoute,FIN000000000420,completed,,,14.94,2026-09-16T12:55:37Z,2026-09-16T12:01:22Z,2026-09-17T13:44:09Z
2641,23063,234,SecureCourier,FIN000000000421,in_transit,,,7.77,2026-09-10T03:41:06Z,,2026-09-17T13:44:09Z
2642,23064,235,BranchLink,FIN000000000422,completed,,,24.6,2026-09-10T07:41:51Z,2026-09-15T16:12:26Z,2026-09-17T13:44:09Z
2643,23065,237,airport-transferTrack,FIN000000000423,completed,,,19.6,2026-09-15T21:34:42Z,2026-09-16T18:20:22Z,2026-09-17T13:44:09Z
2644,23066,222,ClientRoute,FIN000000000424,completed,,,13,2026-09-09T17:32:40Z,2026-09-17T08:38:28Z,2026-09-17T13:44:09Z
2645,23071,241,SecureCourier,FIN000000000425,in_transit,,,15.07,2026-09-08T10:32:00Z,,2026-09-17T13:44:09Z
2646,23072,240,BranchLink,FIN000000000426,completed,,,9.97,2026-09-15T13:09:17Z,2026-09-16T17:40:00Z,2026-09-17T13:44:09Z
2647,23073,229,airport-transferTrack,FIN000000000427,completed,,,5.67,2026-09-10T08:03:13Z,2026-09-16T08:23:11Z,2026-09-17T13:44:09Z
2648,23074,245,ClientRoute,FIN000000000428,completed,,,14.17,2026-09-11T08:54:31Z,2026-09-16T10:03:36Z,2026-09-17T13:44:09Z
2649,23079,242,SecureCourier,FIN000000000429,in_transit,,,22.9,2026-09-07T21:51:27Z,,2026-09-17T13:44:09Z
2650,23080,231,BranchLink,FIN000000000430,completed,,,23.62,2026-09-16T09:20:01Z,2026-09-15T15:40:54Z,2026-09-17T13:44:09Z
2651,23081,232,airport-transferTrack,FIN000000000431,completed,,,14.72,2026-09-12T22:16:00Z,2026-09-17T09:37:43Z,2026-09-17T13:44:09Z
2652,23082,245,ClientRoute,FIN000000000432,completed,,,13.78,2026-09-08T03:19:21Z,2026-09-17T12:04:46Z,2026-09-17T13:44:09Z
2653,23087,243,SecureCourier,FIN000000000433,in_transit,,,21.74,2026-09-11T16:45:13Z,,2026-09-17T13:44:09Z
2654,23088,230,BranchLink,FIN000000000434,completed,,,13.35,2026-09-14T06:42:39Z,2026-09-17T00:14:39Z,2026-09-17T13:44:09Z
2655,23089,238,airport-transferTrack,FIN000000000435,completed,,,24.12,2026-09-12T03:20:11Z,2026-09-15T15:30:00Z,2026-09-17T13:44:09Z
2656,23090,235,ClientRoute,FIN000000000436,completed,,,8.22,2026-09-15T12:52:01Z,2026-09-16T04:38:19Z,2026-09-17T13:44:09Z
2657,23095,233,SecureCourier,FIN000000000437,in_transit,,,10.81,2026-09-14T23:32:40Z,,2026-09-17T13:44:09Z
2658,23096,223,BranchLink,FIN000000000438,completed,,,19.97,2026-09-14T22:45:11Z,2026-09-16T17:43:05Z,2026-09-17T13:44:09Z
2659,23097,231,airport-transferTrack,FIN000000000439,completed,,,18.21,2026-09-10T06:38:10Z,2026-09-15T16:15:18Z,2026-09-17T13:44:09Z
2660,23098,249,ClientRoute,FIN000000000440,completed,,,15.36,2026-09-11T01:15:55Z,2026-09-16T11:56:28Z,2026-09-17T13:44:09Z
2661,23103,245,SecureCourier,FIN000000000441,in_transit,,,15.66,2026-09-11T17:13:46Z,,2026-09-17T13:44:09Z
2662,23104,233,BranchLink,FIN000000000442,completed,,,7.09,2026-09-14T09:19:58Z,2026-09-17T05:07:17Z,2026-09-17T13:44:09Z
2663,23105,237,airport-transferTrack,FIN000000000443,completed,,,21.8,2026-09-07T14:54:51Z,2026-09-16T00:17:01Z,2026-09-17T13:44:09Z
2664,23106,224,ClientRoute,FIN000000000444,completed,,,13.38,2026-09-10T20:09:53Z,2026-09-15T17:31:07Z,2026-09-17T13:44:09Z
2665,23111,242,SecureCourier,FIN000000000445,in_transit,,,9.22,2026-09-13T19:18:35Z,,2026-09-17T13:44:09Z
2666,23112,245,BranchLink,FIN000000000446,completed,,,12.01,2026-09-10T21:20:17Z,2026-09-15T18:33:41Z,2026-09-17T13:44:09Z
2667,23113,229,airport-transferTrack,FIN000000000447,completed,,,23.84,2026-09-09T14:22:56Z,2026-09-16T16:25:08Z,2026-09-17T13:44:09Z
2668,23114,234,ClientRoute,FIN000000000448,completed,,,17.96,2026-09-11T20:35:03Z,2026-09-16T01:15:30Z,2026-09-17T13:44:09Z
2669,23119,223,SecureCourier,FIN000000000449,in_transit,,,23.08,2026-09-10T02:30:06Z,,2026-09-17T13:44:09Z
2670,23120,229,BranchLink,FIN000000000450,completed,,,18.87,2026-09-11T03:56:41Z,2026-09-15T20:48:17Z,2026-09-17T13:44:09Z
2671,23121,244,airport-transferTrack,FIN000000000451,completed,,,10.97,2026-09-16T11:52:28Z,2026-09-16T16:47:30Z,2026-09-17T13:44:09Z
2672,23122,238,ClientRoute,FIN000000000452,completed,,,9.97,2026-09-15T19:27:43Z,2026-09-17T02:42:01Z,2026-09-17T13:44:09Z
2673,23127,233,SecureCourier,FIN000000000453,in_transit,,,24.67,2026-09-12T03:32:09Z,,2026-09-17T13:44:09Z
2674,23128,243,BranchLink,FIN000000000454,completed,,,10.05,2026-09-07T23:19:45Z,2026-09-16T03:00:22Z,2026-09-17T13:44:09Z
2675,23129,240,airport-transferTrack,FIN000000000455,completed,,,12.86,2026-09-09T16:29:42Z,2026-09-17T02:23:00Z,2026-09-17T13:44:09Z
2676,23130,226,ClientRoute,FIN000000000456,completed,,,21.61,2026-09-09T14:54:35Z,2026-09-16T06:23:46Z,2026-09-17T13:44:09Z
2677,23135,231,SecureCourier,FIN000000000457,in_transit,,,14.93,2026-09-13T18:23:20Z,,2026-09-17T13:44:09Z
2678,23136,223,BranchLink,FIN000000000458,completed,,,23.81,2026-09-15T14:24:40Z,2026-09-17T09:50:54Z,2026-09-17T13:44:09Z
2679,23137,245,airport-transferTrack,FIN000000000459,completed,,,6.9,2026-09-16T05:20:11Z,2026-09-16T11:21:44Z,2026-09-17T13:44:09Z
2680,23138,250,ClientRoute,FIN000000000460,completed,,,15.71,2026-09-15T23:00:43Z,2026-09-15T14:16:56Z,2026-09-17T13:44:09Z
2681,23143,240,SecureCourier,FIN000000000461,in_transit,,,9.64,2026-09-14T17:04:05Z,,2026-09-17T13:44:09Z
2682,23144,249,BranchLink,FIN000000000462,completed,,,5.86,2026-09-16T02:56:51Z,2026-09-15T20:26:51Z,2026-09-17T13:44:09Z
2683,23145,248,airport-transferTrack,FIN000000000463,completed,,,23.29,2026-09-12T10:59:51Z,2026-09-17T05:42:51Z,2026-09-17T13:44:09Z
2684,23146,245,ClientRoute,FIN000000000464,completed,,,7.59,2026-09-16T00:13:16Z,2026-09-15T18:14:22Z,2026-09-17T13:44:09Z
2685,23151,247,SecureCourier,FIN000000000465,in_transit,,,24.42,2026-09-12T09:38:27Z,,2026-09-17T13:44:09Z
2686,23152,243,BranchLink,FIN000000000466,completed,,,12.53,2026-09-14T03:41:09Z,2026-09-16T02:55:13Z,2026-09-17T13:44:09Z
2687,23153,228,airport-transferTrack,FIN000000000467,completed,,,18.25,2026-09-15T01:26:09Z,2026-09-16T09:59:47Z,2026-09-17T13:44:09Z
2688,23154,231,ClientRoute,FIN000000000468,completed,,,12.37,2026-09-15T01:39:49Z,2026-09-17T05:40:53Z,2026-09-17T13:44:09Z
2689,23159,225,SecureCourier,FIN000000000469,in_transit,,,14.19,2026-09-13T22:27:10Z,,2026-09-17T13:44:09Z
2690,23160,235,BranchLink,FIN000000000470,completed,,,13.2,2026-09-08T02:20:26Z,2026-09-15T23:04:51Z,2026-09-17T13:44:09Z
2691,23161,242,airport-transferTrack,FIN000000000471,completed,,,13.02,2026-09-16T04:54:53Z,2026-09-16T05:50:57Z,2026-09-17T13:44:09Z
2692,23162,241,ClientRoute,FIN000000000472,completed,,,10.53,2026-09-08T05:13:47Z,2026-09-17T07:38:38Z,2026-09-17T13:44:09Z
2693,23167,224,SecureCourier,FIN000000000473,in_transit,,,10.97,2026-09-13T05:16:12Z,,2026-09-17T13:44:09Z
2694,23168,243,BranchLink,FIN000000000474,completed,,,20.84,2026-09-08T22:02:42Z,2026-09-16T17:58:33Z,2026-09-17T13:44:09Z
2695,23169,250,airport-transferTrack,FIN000000000475,completed,,,19.29,2026-09-08T05:46:09Z,2026-09-15T18:21:46Z,2026-09-17T13:44:09Z
2696,23170,229,ClientRoute,FIN000000000476,completed,,,19.04,2026-09-12T07:20:20Z,2026-09-15T18:38:51Z,2026-09-17T13:44:09Z
2697,23175,228,SecureCourier,FIN000000000477,in_transit,,,12.29,2026-09-11T01:19:54Z,,2026-09-17T13:44:09Z
2698,23176,235,BranchLink,FIN000000000478,completed,,,9.12,2026-09-13T22:11:32Z,2026-09-16T19:40:07Z,2026-09-17T13:44:09Z
2699,23177,222,airport-transferTrack,FIN000000000479,completed,,,21.79,2026-09-08T08:14:18Z,2026-09-17T11:32:14Z,2026-09-17T13:44:09Z
2700,23178,239,ClientRoute,FIN000000000480,completed,,,10.66,2026-09-12T03:02:19Z,2026-09-16T22:41:01Z,2026-09-17T13:44:09Z
2701,23183,231,SecureCourier,FIN000000000481,in_transit,,,14.61,2026-09-10T15:12:55Z,,2026-09-17T13:44:09Z
2702,23184,221,BranchLink,FIN000000000482,completed,,,21.37,2026-09-15T16:06:52Z,2026-09-17T07:23:52Z,2026-09-17T13:44:09Z
2703,23185,225,airport-transferTrack,FIN000000000483,completed,,,17.3,2026-09-10T11:21:59Z,2026-09-17T01:33:57Z,2026-09-17T13:44:09Z
2704,23186,222,ClientRoute,FIN000000000484,completed,,,17.15,2026-09-09T16:28:20Z,2026-09-16T08:22:57Z,2026-09-17T13:44:09Z
2705,23191,230,SecureCourier,FIN000000000485,in_transit,,,20.38,2026-09-12T16:59:16Z,,2026-09-17T13:44:09Z
2706,23192,227,BranchLink,FIN000000000486,completed,,,8.14,2026-09-09T09:09:10Z,2026-09-16T03:42:32Z,2026-09-17T13:44:09Z
2707,23193,233,airport-transferTrack,FIN000000000487,completed,,,10.52,2026-09-15T03:24:27Z,2026-09-17T03:57:32Z,2026-09-17T13:44:09Z
2708,23194,231,ClientRoute,FIN000000000488,completed,,,10.33,2026-09-13T15:01:49Z,2026-09-15T23:13:04Z,2026-09-17T13:44:09Z
2709,23199,244,SecureCourier,FIN000000000489,in_transit,,,20.95,2026-09-11T04:36:44Z,,2026-09-17T13:44:09Z
2710,23200,238,BranchLink,FIN000000000490,completed,,,13.32,2026-09-08T16:44:21Z,2026-09-16T16:55:37Z,2026-09-17T13:44:09Z
2711,23201,247,airport-transferTrack,FIN000000000491,completed,,,9.22,2026-09-15T03:50:18Z,2026-09-16T00:01:30Z,2026-09-17T13:44:09Z
2712,23202,225,ClientRoute,FIN000000000492,completed,,,19.47,2026-09-08T06:18:52Z,2026-09-15T14:20:20Z,2026-09-17T13:44:09Z
2713,23207,246,SecureCourier,FIN000000000493,in_transit,,,8.81,2026-09-15T09:55:25Z,,2026-09-17T13:44:09Z
2714,23208,229,BranchLink,FIN000000000494,completed,,,15.73,2026-09-11T15:41:52Z,2026-09-17T03:01:42Z,2026-09-17T13:44:09Z
2715,23209,250,airport-transferTrack,FIN000000000495,completed,,,17.74,2026-09-08T09:58:14Z,2026-09-16T14:26:46Z,2026-09-17T13:44:09Z
2716,23210,228,ClientRoute,FIN000000000496,completed,,,24.58,2026-09-14T10:25:56Z,2026-09-15T14:58:08Z,2026-09-17T13:44:09Z
2717,23215,242,SecureCourier,FIN000000000497,in_transit,,,22.65,2026-09-09T19:35:46Z,,2026-09-17T13:44:09Z
2718,23216,228,BranchLink,FIN000000000498,completed,,,19.22,2026-09-13T09:05:23Z,2026-09-16T18:11:15Z,2026-09-17T13:44:09Z
2719,23217,227,airport-transferTrack,FIN000000000499,completed,,,22.83,2026-09-14T03:25:46Z,2026-09-16T15:18:06Z,2026-09-17T13:44:09Z
2720,23218,222,ClientRoute,FIN000000000500,completed,,,12.25,2026-09-12T22:30:09Z,2026-09-17T04:35:49Z,2026-09-17T13:44:09Z
2721,23223,234,SecureCourier,FIN000000000501,in_transit,,,19.42,2026-09-12T08:54:37Z,,2026-09-17T13:44:09Z
2722,23224,223,BranchLink,FIN000000000502,completed,,,12.02,2026-09-15T15:31:45Z,2026-09-17T03:31:29Z,2026-09-17T13:44:09Z
2723,23225,247,airport-transferTrack,FIN000000000503,completed,,,21.51,2026-09-07T23:20:20Z,2026-09-15T18:14:38Z,2026-09-17T13:44:09Z
2724,23226,227,ClientRoute,FIN000000000504,completed,,,9.07,2026-09-14T22:06:27Z,2026-09-16T18:21:43Z,2026-09-17T13:44:09Z
2725,23231,223,SecureCourier,FIN000000000505,in_transit,,,6.44,2026-09-10T05:27:55Z,,2026-09-17T13:44:09Z
2726,23232,227,BranchLink,FIN000000000506,completed,,,24.04,2026-09-16T00:52:26Z,2026-09-17T05:06:44Z,2026-09-17T13:44:09Z
2727,23233,225,airport-transferTrack,FIN000000000507,completed,,,19.76,2026-09-09T09:51:26Z,2026-09-15T23:05:40Z,2026-09-17T13:44:09Z
2728,23234,224,ClientRoute,FIN000000000508,completed,,,6.85,2026-09-14T22:02:13Z,2026-09-16T21:40:21Z,2026-09-17T13:44:09Z
2729,23239,244,SecureCourier,FIN000000000509,in_transit,,,9.53,2026-09-07T17:48:30Z,,2026-09-17T13:44:09Z
2730,23240,247,BranchLink,FIN000000000510,completed,,,23.63,2026-09-09T16:32:45Z,2026-09-16T16:06:02Z,2026-09-17T13:44:09Z
2731,23241,232,airport-transferTrack,FIN000000000511,completed,,,16.97,2026-09-16T11:25:44Z,2026-09-17T12:15:24Z,2026-09-17T13:44:09Z
2732,23242,224,ClientRoute,FIN000000000512,completed,,,5.46,2026-09-13T06:07:23Z,2026-09-17T12:53:02Z,2026-09-17T13:44:09Z
2733,23247,249,SecureCourier,FIN000000000513,in_transit,,,8.47,2026-09-08T05:58:42Z,,2026-09-17T13:44:09Z
2734,23248,240,BranchLink,FIN000000000514,completed,,,11.67,2026-09-13T17:12:16Z,2026-09-17T01:59:35Z,2026-09-17T13:44:09Z
2735,23249,226,airport-transferTrack,FIN000000000515,completed,,,5.1,2026-09-12T15:28:02Z,2026-09-16T03:25:09Z,2026-09-17T13:44:09Z
2736,23250,225,ClientRoute,FIN000000000516,completed,,,13.34,2026-09-09T23:50:50Z,2026-09-16T15:19:52Z,2026-09-17T13:44:09Z
2737,23255,235,SecureCourier,FIN000000000517,in_transit,,,10.42,2026-09-10T06:13:35Z,,2026-09-17T13:44:09Z
2738,23256,228,BranchLink,FIN000000000518,completed,,,22.16,2026-09-16T02:48:15Z,2026-09-16T07:21:56Z,2026-09-17T13:44:09Z
2739,23257,228,airport-transferTrack,FIN000000000519,completed,,,24.57,2026-09-13T21:41:12Z,2026-09-15T14:29:45Z,2026-09-17T13:44:09Z
2740,23258,228,ClientRoute,FIN000000000520,completed,,,7.19,2026-09-12T04:12:25Z,2026-09-16T23:56:06Z,2026-09-17T13:44:09Z
2741,23263,226,SecureCourier,FIN000000000521,in_transit,,,21.52,2026-09-09T04:02:45Z,,2026-09-17T13:44:09Z
2742,23264,225,BranchLink,FIN000000000522,completed,,,22.23,2026-09-11T14:01:18Z,2026-09-16T09:53:29Z,2026-09-17T13:44:09Z
2743,23265,246,airport-transferTrack,FIN000000000523,completed,,,16.86,2026-09-12T06:59:21Z,2026-09-17T09:49:54Z,2026-09-17T13:44:09Z
2744,23266,243,ClientRoute,FIN000000000524,completed,,,17.38,2026-09-09T08:32:33Z,2026-09-16T16:20:30Z,2026-09-17T13:44:09Z
2745,23271,234,SecureCourier,FIN000000000525,in_transit,,,10.73,2026-09-15T18:58:36Z,,2026-09-17T13:44:09Z
2746,23272,236,BranchLink,FIN000000000526,completed,,,23.68,2026-09-13T19:29:43Z,2026-09-16T06:18:08Z,2026-09-17T13:44:09Z
2747,23273,241,airport-transferTrack,FIN000000000527,completed,,,21.54,2026-09-15T00:05:13Z,2026-09-16T21:56:42Z,2026-09-17T13:44:09Z
2748,23274,236,ClientRoute,FIN000000000528,completed,,,24.34,2026-09-09T17:20:59Z,2026-09-16T23:10:55Z,2026-09-17T13:44:09Z
2749,23279,243,SecureCourier,FIN000000000529,in_transit,,,19.21,2026-09-13T21:14:50Z,,2026-09-17T13:44:09Z
2750,23280,233,BranchLink,FIN000000000530,completed,,,9.04,2026-09-11T13:10:24Z,2026-09-15T17:15:50Z,2026-09-17T13:44:09Z
2751,23281,249,airport-transferTrack,FIN000000000531,completed,,,21.89,2026-09-12T18:05:33Z,2026-09-16T17:31:15Z,2026-09-17T13:44:09Z
2752,23282,243,ClientRoute,FIN000000000532,completed,,,7.59,2026-09-13T10:43:26Z,2026-09-16T00:44:33Z,2026-09-17T13:44:09Z
2753,23287,245,SecureCourier,FIN000000000533,in_transit,,,18.11,2026-09-09T01:37:38Z,,2026-09-17T13:44:09Z
2754,23288,248,BranchLink,FIN000000000534,completed,,,10.83,2026-09-08T02:39:44Z,2026-09-16T11:37:38Z,2026-09-17T13:44:09Z
2755,23289,227,airport-transferTrack,FIN000000000535,completed,,,17.92,2026-09-14T14:18:43Z,2026-09-15T22:17:03Z,2026-09-17T13:44:09Z
2756,23290,246,ClientRoute,FIN000000000536,completed,,,7.34,2026-09-15T00:25:44Z,2026-09-16T20:25:59Z,2026-09-17T13:44:09Z
2757,23295,249,SecureCourier,FIN000000000537,in_transit,,,10.39,2026-09-12T07:09:00Z,,2026-09-17T13:44:09Z
2758,23296,248,BranchLink,FIN000000000538,completed,,,16.23,2026-09-13T23:23:16Z,2026-09-16T17:19:40Z,2026-09-17T13:44:09Z
2759,23297,249,airport-transferTrack,FIN000000000539,completed,,,17.9,2026-09-14T13:35:10Z,2026-09-17T05:57:15Z,2026-09-17T13:44:09Z
2760,23298,240,ClientRoute,FIN000000000540,completed,,,17.12,2026-09-14T22:49:12Z,2026-09-16T23:03:22Z,2026-09-17T13:44:09Z
2761,23303,242,SecureCourier,FIN000000000541,in_transit,,,7.28,2026-09-10T12:50:28Z,,2026-09-17T13:44:09Z
2762,23304,240,BranchLink,FIN000000000542,completed,,,11.94,2026-09-11T15:09:44Z,2026-09-17T02:45:13Z,2026-09-17T13:44:09Z
2763,23305,223,airport-transferTrack,FIN000000000543,completed,,,15.24,2026-09-14T03:16:59Z,2026-09-15T15:55:02Z,2026-09-17T13:44:09Z
2764,23306,241,ClientRoute,FIN000000000544,completed,,,15.33,2026-09-08T09:35:05Z,2026-09-16T04:12:51Z,2026-09-17T13:44:09Z
2765,23311,234,SecureCourier,FIN000000000545,in_transit,,,20.67,2026-09-10T03:30:08Z,,2026-09-17T13:44:09Z
2766,23312,241,BranchLink,FIN000000000546,completed,,,21.2,2026-09-11T04:12:52Z,2026-09-17T05:03:39Z,2026-09-17T13:44:09Z
2767,23313,232,airport-transferTrack,FIN000000000547,completed,,,20.96,2026-09-13T04:34:15Z,2026-09-16T08:53:30Z,2026-09-17T13:44:09Z
2768,23314,238,ClientRoute,FIN000000000548,completed,,,8.82,2026-09-11T17:13:06Z,2026-09-15T23:15:29Z,2026-09-17T13:44:09Z
2769,23319,246,SecureCourier,FIN000000000549,in_transit,,,24.77,2026-09-13T00:50:52Z,,2026-09-17T13:44:09Z
2770,23320,237,BranchLink,FIN000000000550,completed,,,13.71,2026-09-16T02:07:44Z,2026-09-16T22:08:33Z,2026-09-17T13:44:09Z
2771,23321,226,airport-transferTrack,FIN000000000551,completed,,,16.96,2026-09-09T03:28:03Z,2026-09-16T22:38:47Z,2026-09-17T13:44:09Z
2772,23322,229,ClientRoute,FIN000000000552,completed,,,20.21,2026-09-15T02:02:41Z,2026-09-15T21:19:43Z,2026-09-17T13:44:09Z
2773,23327,228,SecureCourier,FIN000000000553,in_transit,,,20.26,2026-09-13T14:03:05Z,,2026-09-17T13:44:09Z
2774,23328,228,BranchLink,FIN000000000554,completed,,,5.16,2026-09-08T14:41:32Z,2026-09-16T09:44:58Z,2026-09-17T13:44:09Z
2775,23329,224,airport-transferTrack,FIN000000000555,completed,,,11.3,2026-09-15T03:26:14Z,2026-09-16T19:58:32Z,2026-09-17T13:44:09Z
2776,23330,234,ClientRoute,FIN000000000556,completed,,,6.05,2026-09-09T21:03:58Z,2026-09-16T10:32:43Z,2026-09-17T13:44:09Z
2777,23335,229,SecureCourier,FIN000000000557,in_transit,,,18.91,2026-09-10T22:54:33Z,,2026-09-17T13:44:09Z
2778,23336,229,BranchLink,FIN000000000558,completed,,,6.86,2026-09-11T14:07:30Z,2026-09-16T05:00:58Z,2026-09-17T13:44:09Z
2779,23337,222,airport-transferTrack,FIN000000000559,completed,,,7.14,2026-09-07T15:30:11Z,2026-09-17T10:09:51Z,2026-09-17T13:44:09Z
2780,23338,238,ClientRoute,FIN000000000560,completed,,,7.6,2026-09-12T19:44:44Z,2026-09-15T15:46:38Z,2026-09-17T13:44:09Z
2781,23343,241,SecureCourier,FIN000000000561,in_transit,,,7.59,2026-09-14T21:12:50Z,,2026-09-17T13:44:09Z
2782,23344,243,BranchLink,FIN000000000562,completed,,,18.69,2026-09-10T20:31:45Z,2026-09-16T21:52:45Z,2026-09-17T13:44:09Z
2783,23345,249,airport-transferTrack,FIN000000000563,completed,,,15.37,2026-09-13T05:11:06Z,2026-09-16T08:25:54Z,2026-09-17T13:44:09Z
2784,23346,247,ClientRoute,FIN000000000564,completed,,,23.17,2026-09-10T04:05:49Z,2026-09-15T18:45:59Z,2026-09-17T13:44:09Z
2785,23351,234,SecureCourier,FIN000000000565,in_transit,,,12.27,2026-09-07T16:30:19Z,,2026-09-17T13:44:09Z
2786,23352,221,BranchLink,FIN000000000566,completed,,,6.48,2026-09-13T14:42:44Z,2026-09-17T06:01:54Z,2026-09-17T13:44:09Z
2787,23353,224,airport-transferTrack,FIN000000000567,completed,,,23.53,2026-09-14T13:05:27Z,2026-09-15T16:03:54Z,2026-09-17T13:44:09Z
2788,23354,244,ClientRoute,FIN000000000568,completed,,,21.27,2026-09-15T14:06:43Z,2026-09-15T18:57:48Z,2026-09-17T13:44:09Z
2789,23359,247,SecureCourier,FIN000000000569,in_transit,,,16.69,2026-09-12T19:32:18Z,,2026-09-17T13:44:09Z
2790,23360,241,BranchLink,FIN000000000570,completed,,,22.5,2026-09-10T14:23:07Z,2026-09-17T01:27:41Z,2026-09-17T13:44:09Z
2791,23361,222,airport-transferTrack,FIN000000000571,completed,,,17.51,2026-09-14T03:44:11Z,2026-09-16T07:24:27Z,2026-09-17T13:44:09Z
2792,23362,249,ClientRoute,FIN000000000572,completed,,,18.19,2026-09-09T00:07:35Z,2026-09-17T02:52:34Z,2026-09-17T13:44:09Z
2793,23367,234,SecureCourier,FIN000000000573,in_transit,,,22.87,2026-09-09T06:31:37Z,,2026-09-17T13:44:09Z
2794,23368,232,BranchLink,FIN000000000574,completed,,,7.15,2026-09-11T01:51:30Z,2026-09-16T03:21:05Z,2026-09-17T13:44:09Z
2795,23369,246,airport-transferTrack,FIN000000000575,completed,,,6.34,2026-09-10T09:58:02Z,2026-09-16T15:02:08Z,2026-09-17T13:44:09Z
2796,23370,243,ClientRoute,FIN000000000576,completed,,,9.54,2026-09-15T15:29:58Z,2026-09-17T10:02:08Z,2026-09-17T13:44:09Z
2797,23375,250,SecureCourier,FIN000000000577,in_transit,,,21.66,2026-09-14T11:54:53Z,,2026-09-17T13:44:09Z
2798,23376,250,BranchLink,FIN000000000578,completed,,,22.78,2026-09-09T15:38:05Z,2026-09-17T04:07:08Z,2026-09-17T13:44:09Z
2799,23377,235,airport-transferTrack,FIN000000000579,completed,,,24.86,2026-09-09T02:39:48Z,2026-09-15T22:08:14Z,2026-09-17T13:44:09Z
2800,23378,248,ClientRoute,FIN000000000580,completed,,,5.51,2026-09-09T11:50:00Z,2026-09-16T23:18:48Z,2026-09-17T13:44:09Z
2801,23383,231,SecureCourier,FIN000000000581,in_transit,,,23.73,2026-09-09T17:39:25Z,,2026-09-17T13:44:09Z
2802,23384,221,BranchLink,FIN000000000582,completed,,,15.66,2026-09-07T16:33:19Z,2026-09-16T23:06:53Z,2026-09-17T13:44:09Z
2803,23385,250,airport-transferTrack,FIN000000000583,completed,,,18.25,2026-09-13T15:37:37Z,2026-09-17T13:00:26Z,2026-09-17T13:44:09Z
2804,23386,247,ClientRoute,FIN000000000584,completed,,,5.24,2026-09-16T11:22:54Z,2026-09-17T10:49:05Z,2026-09-17T13:44:09Z
2805,23391,239,SecureCourier,FIN000000000585,in_transit,,,19.1,2026-09-16T10:34:04Z,,2026-09-17T13:44:09Z
2806,23392,227,BranchLink,FIN000000000586,completed,,,9.36,2026-09-11T02:54:31Z,2026-09-17T10:26:44Z,2026-09-17T13:44:09Z
2807,23393,233,airport-transferTrack,FIN000000000587,completed,,,23.52,2026-09-15T23:35:56Z,2026-09-17T07:52:56Z,2026-09-17T13:44:09Z
2808,23394,229,ClientRoute,FIN000000000588,completed,,,17.2,2026-09-14T23:58:06Z,2026-09-17T03:37:12Z,2026-09-17T13:44:09Z
2809,23399,229,SecureCourier,FIN000000000589,in_transit,,,12.39,2026-09-08T12:17:11Z,,2026-09-17T13:44:09Z
2810,23400,224,BranchLink,FIN000000000590,completed,,,16.03,2026-09-09T15:11:51Z,2026-09-16T04:49:52Z,2026-09-17T13:44:09Z
2811,23401,221,airport-transferTrack,FIN000000000591,completed,,,8.24,2026-09-15T03:56:44Z,2026-09-17T02:11:31Z,2026-09-17T13:44:09Z
2812,23402,230,ClientRoute,FIN000000000592,completed,,,22.35,2026-09-10T13:09:41Z,2026-09-16T13:14:57Z,2026-09-17T13:44:09Z
2813,23407,235,SecureCourier,FIN000000000593,in_transit,,,18.45,2026-09-12T08:18:34Z,,2026-09-17T13:44:09Z
2814,23408,249,BranchLink,FIN000000000594,completed,,,22.14,2026-09-14T06:33:00Z,2026-09-17T10:18:21Z,2026-09-17T13:44:09Z
2815,23409,248,airport-transferTrack,FIN000000000595,completed,,,14.38,2026-09-11T19:56:55Z,2026-09-16T00:13:52Z,2026-09-17T13:44:09Z
2816,23410,248,ClientRoute,FIN000000000596,completed,,,14.84,2026-09-07T22:46:36Z,2026-09-17T01:09:05Z,2026-09-17T13:44:09Z
2817,23415,239,SecureCourier,FIN000000000597,in_transit,,,20.11,2026-09-08T16:30:09Z,,2026-09-17T13:44:09Z
2818,23416,232,BranchLink,FIN000000000598,completed,,,20.45,2026-09-09T21:25:32Z,2026-09-16T12:45:53Z,2026-09-17T13:44:09Z
2819,23417,221,airport-transferTrack,FIN000000000599,completed,,,24.91,2026-09-07T19:32:11Z,2026-09-17T12:48:50Z,2026-09-17T13:44:09Z
2820,23418,235,ClientRoute,FIN000000000600,completed,,,21.73,2026-09-08T04:29:08Z,2026-09-17T08:29:08Z,2026-09-17T13:44:09Z
2821,23423,224,SecureCourier,FIN000000000601,in_transit,,,18.32,2026-09-15T00:03:08Z,,2026-09-17T13:44:09Z
2822,23424,236,BranchLink,FIN000000000602,completed,,,23.49,2026-09-11T20:59:30Z,2026-09-16T05:31:36Z,2026-09-17T13:44:09Z
2823,23425,235,airport-transferTrack,FIN000000000603,completed,,,10.34,2026-09-16T12:42:16Z,2026-09-15T20:55:10Z,2026-09-17T13:44:09Z
2824,23426,240,ClientRoute,FIN000000000604,completed,,,16.94,2026-09-07T18:49:23Z,2026-09-17T10:55:04Z,2026-09-17T13:44:09Z
2825,23431,240,SecureCourier,FIN000000000605,in_transit,,,7.39,2026-09-11T11:08:10Z,,2026-09-17T13:44:09Z
2826,23432,229,BranchLink,FIN000000000606,completed,,,11.05,2026-09-08T07:44:40Z,2026-09-16T09:34:48Z,2026-09-17T13:44:09Z
2827,23433,243,airport-transferTrack,FIN000000000607,completed,,,17.52,2026-09-15T04:23:27Z,2026-09-16T15:51:24Z,2026-09-17T13:44:09Z
2828,23434,228,ClientRoute,FIN000000000608,completed,,,22.39,2026-09-16T05:37:40Z,2026-09-15T21:46:18Z,2026-09-17T13:44:09Z
2829,23439,223,SecureCourier,FIN000000000609,in_transit,,,9.93,2026-09-08T06:10:38Z,,2026-09-17T13:44:09Z
2830,23440,236,BranchLink,FIN000000000610,completed,,,23.4,2026-09-13T16:23:29Z,2026-09-17T12:12:51Z,2026-09-17T13:44:09Z
2831,23441,227,airport-transferTrack,FIN000000000611,completed,,,13.64,2026-09-11T09:56:49Z,2026-09-17T03:52:35Z,2026-09-17T13:44:09Z
2832,23442,238,ClientRoute,FIN000000000612,completed,,,12.02,2026-09-09T07:40:52Z,2026-09-16T02:37:55Z,2026-09-17T13:44:09Z
2833,23447,237,SecureCourier,FIN000000000613,in_transit,,,17.98,2026-09-14T17:52:46Z,,2026-09-17T13:44:09Z
2834,23448,239,BranchLink,FIN000000000614,completed,,,8.54,2026-09-08T15:58:03Z,2026-09-16T22:40:53Z,2026-09-17T13:44:09Z
2835,23449,250,airport-transferTrack,FIN000000000615,completed,,,10.02,2026-09-15T07:27:54Z,2026-09-15T22:22:55Z,2026-09-17T13:44:09Z
2836,23450,239,ClientRoute,FIN000000000616,completed,,,8.25,2026-09-13T05:45:31Z,2026-09-15T14:57:56Z,2026-09-17T13:44:09Z
2837,23455,222,SecureCourier,FIN000000000617,in_transit,,,17.99,2026-09-11T16:21:38Z,,2026-09-17T13:44:09Z
2838,23456,222,BranchLink,FIN000000000618,completed,,,8.45,2026-09-15T14:01:29Z,2026-09-17T06:37:31Z,2026-09-17T13:44:09Z
2839,23457,248,airport-transferTrack,FIN000000000619,completed,,,12.31,2026-09-13T20:53:31Z,2026-09-15T19:08:54Z,2026-09-17T13:44:09Z
2840,23458,235,ClientRoute,FIN000000000620,completed,,,10.14,2026-09-15T21:13:04Z,2026-09-16T01:42:47Z,2026-09-17T13:44:09Z
2841,23463,244,SecureCourier,FIN000000000621,in_transit,,,18.29,2026-09-14T00:44:04Z,,2026-09-17T13:44:09Z
2842,23464,229,BranchLink,FIN000000000622,completed,,,22.53,2026-09-11T14:22:58Z,2026-09-16T22:51:51Z,2026-09-17T13:44:09Z
2843,23465,232,airport-transferTrack,FIN000000000623,completed,,,8.54,2026-09-15T04:12:25Z,2026-09-16T18:55:16Z,2026-09-17T13:44:09Z
2844,23466,240,ClientRoute,FIN000000000624,completed,,,17.37,2026-09-11T16:17:26Z,2026-09-17T07:10:08Z,2026-09-17T13:44:09Z
2845,23471,247,SecureCourier,FIN000000000625,in_transit,,,8.55,2026-09-09T10:58:01Z,,2026-09-17T13:44:09Z
2846,23472,232,BranchLink,FIN000000000626,completed,,,22.83,2026-09-12T09:47:26Z,2026-09-16T06:11:54Z,2026-09-17T13:44:09Z
2847,23473,230,airport-transferTrack,FIN000000000627,completed,,,14.71,2026-09-07T20:31:07Z,2026-09-15T15:34:48Z,2026-09-17T13:44:09Z
2848,23474,229,ClientRoute,FIN000000000628,completed,,,14.79,2026-09-15T01:53:13Z,2026-09-17T09:40:02Z,2026-09-17T13:44:09Z
2849,23479,225,SecureCourier,FIN000000000629,in_transit,,,23.77,2026-09-09T01:15:31Z,,2026-09-17T13:44:09Z
2850,23480,238,BranchLink,FIN000000000630,completed,,,19.09,2026-09-11T11:59:31Z,2026-09-17T11:48:12Z,2026-09-17T13:44:09Z
2851,23481,227,airport-transferTrack,FIN000000000631,completed,,,8.36,2026-09-13T22:42:29Z,2026-09-16T13:06:17Z,2026-09-17T13:44:09Z
2852,23482,250,ClientRoute,FIN000000000632,completed,,,5.75,2026-09-13T08:15:03Z,2026-09-16T18:37:32Z,2026-09-17T13:44:09Z
2853,23487,242,SecureCourier,FIN000000000633,in_transit,,,24.12,2026-09-12T04:35:19Z,,2026-09-17T13:44:09Z
2854,23488,223,BranchLink,FIN000000000634,completed,,,17.18,2026-09-13T20:35:10Z,2026-09-15T18:46:43Z,2026-09-17T13:44:09Z
2855,23489,232,airport-transferTrack,FIN000000000635,completed,,,16.25,2026-09-09T09:07:07Z,2026-09-16T09:30:45Z,2026-09-17T13:44:09Z
2856,23490,221,ClientRoute,FIN000000000636,completed,,,22.21,2026-09-13T23:49:22Z,2026-09-16T10:31:24Z,2026-09-17T13:44:09Z
2857,23495,231,SecureCourier,FIN000000000637,in_transit,,,18.73,2026-09-12T02:39:56Z,,2026-09-17T13:44:09Z
2858,23496,243,BranchLink,FIN000000000638,completed,,,12.77,2026-09-13T19:34:58Z,2026-09-16T10:04:58Z,2026-09-17T13:44:09Z
2859,23497,222,airport-transferTrack,FIN000000000639,completed,,,15.21,2026-09-12T06:17:06Z,2026-09-17T11:42:47Z,2026-09-17T13:44:09Z
2860,23498,232,ClientRoute,FIN000000000640,completed,,,16.91,2026-09-08T02:58:26Z,2026-09-17T06:17:30Z,2026-09-17T13:44:09Z
2861,23503,226,SecureCourier,FIN000000000641,in_transit,,,14.31,2026-09-08T19:57:05Z,,2026-09-17T13:44:09Z
2862,23504,250,BranchLink,FIN000000000642,completed,,,22.43,2026-09-08T13:47:36Z,2026-09-16T06:48:54Z,2026-09-17T13:44:09Z
2863,23505,246,airport-transferTrack,FIN000000000643,completed,,,16.45,2026-09-12T02:39:18Z,2026-09-16T11:36:30Z,2026-09-17T13:44:09Z
2864,23506,244,ClientRoute,FIN000000000644,completed,,,12.29,2026-09-15T09:57:46Z,2026-09-16T15:41:11Z,2026-09-17T13:44:09Z
2865,23511,246,SecureCourier,FIN000000000645,in_transit,,,14.45,2026-09-10T04:37:02Z,,2026-09-17T13:44:09Z
2866,23512,224,BranchLink,FIN000000000646,completed,,,24.76,2026-09-08T13:29:00Z,2026-09-15T21:44:54Z,2026-09-17T13:44:09Z
2867,23513,236,airport-transferTrack,FIN000000000647,completed,,,23.2,2026-09-14T01:50:25Z,2026-09-16T12:51:08Z,2026-09-17T13:44:09Z
2868,23514,249,ClientRoute,FIN000000000648,completed,,,11.88,2026-09-08T13:35:39Z,2026-09-16T06:49:40Z,2026-09-17T13:44:09Z
2869,23519,222,SecureCourier,FIN000000000649,in_transit,,,15.34,2026-09-14T06:34:35Z,,2026-09-17T13:44:09Z
2870,23520,232,BranchLink,FIN000000000650,completed,,,20.81,2026-09-08T12:12:28Z,2026-09-17T04:26:09Z,2026-09-17T13:44:09Z
2871,23521,245,airport-transferTrack,FIN000000000651,completed,,,20.79,2026-09-12T19:14:54Z,2026-09-16T13:52:57Z,2026-09-17T13:44:09Z
2872,23522,229,ClientRoute,FIN000000000652,completed,,,11.04,2026-09-09T06:50:07Z,2026-09-17T01:40:50Z,2026-09-17T13:44:09Z
2873,23527,233,SecureCourier,FIN000000000653,in_transit,,,18.74,2026-09-09T14:34:12Z,,2026-09-17T13:44:09Z
2874,23528,246,BranchLink,FIN000000000654,completed,,,15.89,2026-09-13T04:13:11Z,2026-09-15T21:20:18Z,2026-09-17T13:44:09Z
2875,23529,250,airport-transferTrack,FIN000000000655,completed,,,9.1,2026-09-11T10:37:58Z,2026-09-16T18:52:17Z,2026-09-17T13:44:09Z
2876,23530,231,ClientRoute,FIN000000000656,completed,,,21,2026-09-15T07:19:40Z,2026-09-15T20:37:11Z,2026-09-17T13:44:09Z
2877,23535,248,SecureCourier,FIN000000000657,in_transit,,,22.57,2026-09-11T10:55:40Z,,2026-09-17T13:44:09Z
2878,23536,249,BranchLink,FIN000000000658,completed,,,5.7,2026-09-14T15:53:05Z,2026-09-16T13:35:17Z,2026-09-17T13:44:09Z
2879,23537,224,airport-transferTrack,FIN000000000659,completed,,,17.26,2026-09-15T10:13:25Z,2026-09-15T22:56:46Z,2026-09-17T13:44:09Z
2880,23538,222,ClientRoute,FIN000000000660,completed,,,22.21,2026-09-09T02:26:33Z,2026-09-16T08:30:55Z,2026-09-17T13:44:09Z
2881,23543,249,SecureCourier,FIN000000000661,in_transit,,,18.17,2026-09-10T15:43:51Z,,2026-09-17T13:44:09Z
2882,23544,239,BranchLink,FIN000000000662,completed,,,9.97,2026-09-11T13:12:56Z,2026-09-16T03:01:44Z,2026-09-17T13:44:09Z
2883,23545,248,airport-transferTrack,FIN000000000663,completed,,,21.65,2026-09-16T02:22:18Z,2026-09-15T16:44:54Z,2026-09-17T13:44:09Z
2884,23546,248,ClientRoute,FIN000000000664,completed,,,21.67,2026-09-16T03:36:03Z,2026-09-16T01:43:45Z,2026-09-17T13:44:09Z
2885,23551,234,SecureCourier,FIN000000000665,in_transit,,,9.19,2026-09-11T06:06:38Z,,2026-09-17T13:44:09Z
2886,23552,229,BranchLink,FIN000000000666,completed,,,20.85,2026-09-13T03:59:36Z,2026-09-16T14:34:01Z,2026-09-17T13:44:09Z
2887,23553,223,airport-transferTrack,FIN000000000667,completed,,,19.63,2026-09-12T13:56:30Z,2026-09-16T00:00:19Z,2026-09-17T13:44:09Z
2888,23554,245,ClientRoute,FIN000000000668,completed,,,14.43,2026-09-10T11:59:51Z,2026-09-16T05:01:28Z,2026-09-17T13:44:09Z
2889,23559,228,SecureCourier,FIN000000000669,in_transit,,,24.93,2026-09-09T18:33:09Z,,2026-09-17T13:44:09Z
2890,23560,228,BranchLink,FIN000000000670,completed,,,8.66,2026-09-08T09:47:56Z,2026-09-17T01:48:56Z,2026-09-17T13:44:09Z
2891,23561,235,airport-transferTrack,FIN000000000671,completed,,,19.11,2026-09-11T12:31:14Z,2026-09-16T06:42:49Z,2026-09-17T13:44:09Z
2892,23562,231,ClientRoute,FIN000000000672,completed,,,10.29,2026-09-10T04:53:08Z,2026-09-16T10:10:40Z,2026-09-17T13:44:09Z
2893,23567,246,SecureCourier,FIN000000000673,in_transit,,,18.41,2026-09-13T20:03:18Z,,2026-09-17T13:44:09Z
2894,23568,229,BranchLink,FIN000000000674,completed,,,8.49,2026-09-08T07:59:01Z,2026-09-15T16:27:46Z,2026-09-17T13:44:09Z
2895,23569,224,airport-transferTrack,FIN000000000675,completed,,,5.24,2026-09-14T08:26:15Z,2026-09-15T17:59:23Z,2026-09-17T13:44:09Z
2896,23570,225,ClientRoute,FIN000000000676,completed,,,13.48,2026-09-16T00:45:34Z,2026-09-16T03:45:15Z,2026-09-17T13:44:09Z
2897,23575,222,SecureCourier,FIN000000000677,in_transit,,,11.69,2026-09-10T01:14:10Z,,2026-09-17T13:44:09Z
2898,23576,239,BranchLink,FIN000000000678,completed,,,12.86,2026-09-16T11:21:17Z,2026-09-16T17:01:09Z,2026-09-17T13:44:09Z
2899,23577,227,airport-transferTrack,FIN000000000679,completed,,,13.84,2026-09-07T17:01:56Z,2026-09-16T17:20:13Z,2026-09-17T13:44:09Z
2900,23578,231,ClientRoute,FIN000000000680,completed,,,14.13,2026-09-13T16:19:57Z,2026-09-17T06:17:47Z,2026-09-17T13:44:09Z
2901,23583,230,SecureCourier,FIN000000000681,in_transit,,,7.39,2026-09-12T11:28:18Z,,2026-09-17T13:44:09Z
2902,23584,235,BranchLink,FIN000000000682,completed,,,16.24,2026-09-11T14:05:08Z,2026-09-16T20:26:24Z,2026-09-17T13:44:09Z
2903,23585,242,airport-transferTrack,FIN000000000683,completed,,,14.45,2026-09-10T04:13:59Z,2026-09-16T22:21:07Z,2026-09-17T13:44:09Z
2904,23586,234,ClientRoute,FIN000000000684,completed,,,5.45,2026-09-14T02:22:09Z,2026-09-16T09:19:19Z,2026-09-17T13:44:09Z
2905,23591,221,SecureCourier,FIN000000000685,in_transit,,,5.18,2026-09-14T13:42:39Z,,2026-09-17T13:44:09Z
2906,23592,230,BranchLink,FIN000000000686,completed,,,11.67,2026-09-13T13:52:15Z,2026-09-16T23:36:33Z,2026-09-17T13:44:09Z
2907,23593,235,airport-transferTrack,FIN000000000687,completed,,,16.89,2026-09-09T22:04:49Z,2026-09-17T03:09:50Z,2026-09-17T13:44:09Z
2908,23594,231,ClientRoute,FIN000000000688,completed,,,19.43,2026-09-14T00:03:38Z,2026-09-16T19:23:48Z,2026-09-17T13:44:09Z
2909,23599,227,SecureCourier,FIN000000000689,in_transit,,,18.77,2026-09-08T09:06:29Z,,2026-09-17T13:44:09Z
2910,23600,224,BranchLink,FIN000000000690,completed,,,21.54,2026-09-10T21:30:50Z,2026-09-17T02:09:48Z,2026-09-17T13:44:09Z
2911,23601,233,airport-transferTrack,FIN000000000691,completed,,,12.63,2026-09-15T23:21:08Z,2026-09-16T00:22:56Z,2026-09-17T13:44:09Z
2912,23602,223,ClientRoute,FIN000000000692,completed,,,10.57,2026-09-15T14:37:58Z,2026-09-15T23:24:27Z,2026-09-17T13:44:09Z
2913,23607,247,SecureCourier,FIN000000000693,in_transit,,,14.74,2026-09-12T00:59:44Z,,2026-09-17T13:44:09Z
2914,23608,235,BranchLink,FIN000000000694,completed,,,17.21,2026-09-14T14:50:19Z,2026-09-15T21:18:03Z,2026-09-17T13:44:09Z
2915,23609,235,airport-transferTrack,FIN000000000695,completed,,,17.87,2026-09-07T18:50:47Z,2026-09-15T23:09:46Z,2026-09-17T13:44:09Z
2916,23610,248,ClientRoute,FIN000000000696,completed,,,6.3,2026-09-15T02:51:28Z,2026-09-17T11:36:18Z,2026-09-17T13:44:09Z
2917,23615,244,SecureCourier,FIN000000000697,in_transit,,,13.7,2026-09-13T05:57:37Z,,2026-09-17T13:44:09Z
2918,23616,226,BranchLink,FIN000000000698,completed,,,11.66,2026-09-14T01:26:07Z,2026-09-17T03:24:23Z,2026-09-17T13:44:09Z
2919,23617,232,airport-transferTrack,FIN000000000699,completed,,,7.18,2026-09-09T22:30:36Z,2026-09-15T17:07:24Z,2026-09-17T13:44:09Z
2920,23618,225,ClientRoute,FIN000000000700,completed,,,21.57,2026-09-09T04:45:30Z,2026-09-15T19:30:06Z,2026-09-17T13:44:09Z
2921,23623,227,SecureCourier,FIN000000000701,in_transit,,,9.51,2026-09-13T00:07:23Z,,2026-09-17T13:44:09Z
2922,23624,238,BranchLink,FIN000000000702,completed,,,21.59,2026-09-08T08:22:55Z,2026-09-16T20:44:52Z,2026-09-17T13:44:09Z
2923,23625,244,airport-transferTrack,FIN000000000703,completed,,,18.56,2026-09-13T17:08:56Z,2026-09-17T11:22:22Z,2026-09-17T13:44:09Z
2924,23626,233,ClientRoute,FIN000000000704,completed,,,17.52,2026-09-10T15:43:51Z,2026-09-17T06:48:17Z,2026-09-17T13:44:09Z
2925,23631,229,SecureCourier,FIN000000000705,in_transit,,,15.65,2026-09-10T00:52:13Z,,2026-09-17T13:44:09Z
2926,23632,231,BranchLink,FIN000000000706,completed,,,21.39,2026-09-09T17:18:32Z,2026-09-16T14:39:29Z,2026-09-17T13:44:09Z
2927,23633,221,airport-transferTrack,FIN000000000707,completed,,,23.77,2026-09-07T14:49:29Z,2026-09-17T04:16:24Z,2026-09-17T13:44:09Z
2928,23634,247,ClientRoute,FIN000000000708,completed,,,17.88,2026-09-10T10:31:38Z,2026-09-17T04:18:04Z,2026-09-17T13:44:09Z
2929,23639,230,SecureCourier,FIN000000000709,in_transit,,,13.34,2026-09-07T18:02:47Z,,2026-09-17T13:44:09Z
2930,23640,242,BranchLink,FIN000000000710,completed,,,7.48,2026-09-14T13:41:09Z,2026-09-16T01:16:29Z,2026-09-17T13:44:09Z
2931,23641,223,airport-transferTrack,FIN000000000711,completed,,,22.05,2026-09-14T21:37:35Z,2026-09-16T06:56:21Z,2026-09-17T13:44:09Z
2932,23642,221,ClientRoute,FIN000000000712,completed,,,10.77,2026-09-12T04:54:58Z,2026-09-17T10:33:48Z,2026-09-17T13:44:09Z
2933,23647,235,SecureCourier,FIN000000000713,in_transit,,,17.79,2026-09-11T16:50:55Z,,2026-09-17T13:44:09Z
2934,23648,248,BranchLink,FIN000000000714,completed,,,10.42,2026-09-12T04:32:50Z,2026-09-17T02:08:36Z,2026-09-17T13:44:09Z
2935,23649,246,airport-transferTrack,FIN000000000715,completed,,,14.23,2026-09-10T08:07:43Z,2026-09-16T13:27:38Z,2026-09-17T13:44:09Z
2936,23650,236,ClientRoute,FIN000000000716,completed,,,17.04,2026-09-10T03:18:22Z,2026-09-17T08:33:08Z,2026-09-17T13:44:09Z
2937,23655,234,SecureCourier,FIN000000000717,in_transit,,,17.09,2026-09-10T19:41:47Z,,2026-09-17T13:44:09Z
2938,23656,232,BranchLink,FIN000000000718,completed,,,18.86,2026-09-09T06:23:47Z,2026-09-16T21:13:00Z,2026-09-17T13:44:09Z
2939,23657,224,airport-transferTrack,FIN000000000719,completed,,,23.29,2026-09-11T02:15:24Z,2026-09-15T15:27:25Z,2026-09-17T13:44:09Z
2940,23658,231,ClientRoute,FIN000000000720,completed,,,22.67,2026-09-09T18:56:32Z,2026-09-16T06:52:31Z,2026-09-17T13:44:09Z
2941,23663,242,SecureCourier,FIN000000000721,in_transit,,,21.94,2026-09-15T20:53:43Z,,2026-09-17T13:44:09Z
2942,23664,246,BranchLink,FIN000000000722,completed,,,6.74,2026-09-10T11:40:43Z,2026-09-16T14:03:05Z,2026-09-17T13:44:09Z
2943,23665,221,airport-transferTrack,FIN000000000723,completed,,,19.35,2026-09-13T17:27:48Z,2026-09-17T10:54:11Z,2026-09-17T13:44:09Z
2944,23666,248,ClientRoute,FIN000000000724,completed,,,22.33,2026-09-12T01:20:13Z,2026-09-15T21:11:22Z,2026-09-17T13:44:09Z
2945,23671,222,SecureCourier,FIN000000000725,in_transit,,,8.81,2026-09-12T15:31:15Z,,2026-09-17T13:44:09Z
2946,23672,248,BranchLink,FIN000000000726,completed,,,22.03,2026-09-08T23:01:03Z,2026-09-15T15:37:08Z,2026-09-17T13:44:09Z
2947,23673,240,airport-transferTrack,FIN000000000727,completed,,,22.84,2026-09-12T07:21:11Z,2026-09-15T14:55:23Z,2026-09-17T13:44:09Z
2948,23674,227,ClientRoute,FIN000000000728,completed,,,12.25,2026-09-14T00:00:08Z,2026-09-17T01:31:47Z,2026-09-17T13:44:09Z
2949,23679,233,SecureCourier,FIN000000000729,in_transit,,,8.87,2026-09-08T19:07:08Z,,2026-09-17T13:44:09Z
2950,23680,240,BranchLink,FIN000000000730,completed,,,13.81,2026-09-13T13:56:58Z,2026-09-17T06:36:29Z,2026-09-17T13:44:09Z
2951,23681,225,airport-transferTrack,FIN000000000731,completed,,,8.82,2026-09-12T08:16:12Z,2026-09-16T16:53:04Z,2026-09-17T13:44:09Z
2952,23682,245,ClientRoute,FIN000000000732,completed,,,18.77,2026-09-10T09:24:34Z,2026-09-17T03:19:15Z,2026-09-17T13:44:09Z
2953,23687,244,SecureCourier,FIN000000000733,in_transit,,,5.47,2026-09-14T05:15:38Z,,2026-09-17T13:44:09Z
2954,23688,235,BranchLink,FIN000000000734,completed,,,7.68,2026-09-15T03:57:04Z,2026-09-17T06:17:35Z,2026-09-17T13:44:09Z
2955,23689,221,airport-transferTrack,FIN000000000735,completed,,,13.27,2026-09-08T20:26:59Z,2026-09-16T11:56:17Z,2026-09-17T13:44:09Z
2956,23690,248,ClientRoute,FIN000000000736,completed,,,23.99,2026-09-13T03:38:07Z,2026-09-16T08:46:58Z,2026-09-17T13:44:09Z
2957,23695,240,SecureCourier,FIN000000000737,in_transit,,,21.88,2026-09-11T13:55:15Z,,2026-09-17T13:44:09Z
2958,23696,239,BranchLink,FIN000000000738,completed,,,7.43,2026-09-09T10:44:03Z,2026-09-17T00:04:19Z,2026-09-17T13:44:09Z
2959,23697,237,airport-transferTrack,FIN000000000739,completed,,,9.01,2026-09-13T05:22:38Z,2026-09-17T13:05:54Z,2026-09-17T13:44:09Z
2960,23698,238,ClientRoute,FIN000000000740,completed,,,24.65,2026-09-10T17:47:55Z,2026-09-16T13:01:50Z,2026-09-17T13:44:09Z
2961,23703,242,SecureCourier,FIN000000000741,in_transit,,,6.75,2026-09-14T14:05:15Z,,2026-09-17T13:44:09Z
2962,23704,243,BranchLink,FIN000000000742,completed,,,18.81,2026-09-13T15:38:38Z,2026-09-15T15:23:45Z,2026-09-17T13:44:09Z
2963,23705,238,airport-transferTrack,FIN000000000743,completed,,,22.33,2026-09-13T01:33:28Z,2026-09-16T08:33:00Z,2026-09-17T13:44:09Z
2964,23706,242,ClientRoute,FIN000000000744,completed,,,20.63,2026-09-15T04:20:19Z,2026-09-17T04:22:54Z,2026-09-17T13:44:09Z
2965,23711,221,SecureCourier,FIN000000000745,in_transit,,,7.33,2026-09-15T08:23:44Z,,2026-09-17T13:44:09Z
2966,23712,225,BranchLink,FIN000000000746,completed,,,22.71,2026-09-07T20:34:33Z,2026-09-16T22:48:52Z,2026-09-17T13:44:09Z
2967,23713,237,airport-transferTrack,FIN000000000747,completed,,,20.77,2026-09-14T20:30:09Z,2026-09-15T15:32:49Z,2026-09-17T13:44:09Z
2968,23714,221,ClientRoute,FIN000000000748,completed,,,17.12,2026-09-08T04:30:58Z,2026-09-17T13:04:50Z,2026-09-17T13:44:09Z
2969,23719,249,SecureCourier,FIN000000000749,in_transit,,,17.65,2026-09-13T19:55:39Z,,2026-09-17T13:44:09Z
2970,23720,228,BranchLink,FIN000000000750,completed,,,23.7,2026-09-16T01:51:16Z,2026-09-15T14:21:27Z,2026-09-17T13:44:09Z
2971,23721,239,airport-transferTrack,FIN000000000751,completed,,,5.8,2026-09-08T02:35:37Z,2026-09-16T21:06:14Z,2026-09-17T13:44:09Z
2972,23722,227,ClientRoute,FIN000000000752,completed,,,10.88,2026-09-11T09:59:58Z,2026-09-17T05:30:15Z,2026-09-17T13:44:09Z
2973,23727,243,SecureCourier,FIN000000000753,in_transit,,,16.21,2026-09-08T07:32:30Z,,2026-09-17T13:44:09Z
2974,23728,233,BranchLink,FIN000000000754,completed,,,13.07,2026-09-15T16:48:15Z,2026-09-16T02:58:19Z,2026-09-17T13:44:09Z
2975,23729,240,airport-transferTrack,FIN000000000755,completed,,,22.5,2026-09-12T05:54:23Z,2026-09-16T04:09:49Z,2026-09-17T13:44:09Z
2976,23730,226,ClientRoute,FIN000000000756,completed,,,12.22,2026-09-07T22:10:47Z,2026-09-16T20:29:29Z,2026-09-17T13:44:09Z
2977,23735,222,SecureCourier,FIN000000000757,in_transit,,,7.66,2026-09-12T13:09:31Z,,2026-09-17T13:44:09Z
2978,23736,240,BranchLink,FIN000000000758,completed,,,14.31,2026-09-12T20:44:58Z,2026-09-16T06:31:12Z,2026-09-17T13:44:09Z
2979,23737,237,airport-transferTrack,FIN000000000759,completed,,,6.04,2026-09-13T16:12:42Z,2026-09-17T05:13:27Z,2026-09-17T13:44:09Z
2980,23738,224,ClientRoute,FIN000000000760,completed,,,23.46,2026-09-15T04:26:59Z,2026-09-17T08:08:39Z,2026-09-17T13:44:09Z
2981,23743,231,SecureCourier,FIN000000000761,in_transit,,,20.63,2026-09-14T04:41:18Z,,2026-09-17T13:44:09Z
2982,23744,225,BranchLink,FIN000000000762,completed,,,9.21,2026-09-09T15:50:30Z,2026-09-15T19:45:41Z,2026-09-17T13:44:09Z
2983,23745,229,airport-transferTrack,FIN000000000763,completed,,,9.46,2026-09-14T20:45:13Z,2026-09-17T09:39:31Z,2026-09-17T13:44:09Z
2984,23746,231,ClientRoute,FIN000000000764,completed,,,9.42,2026-09-14T23:02:54Z,2026-09-16T04:16:07Z,2026-09-17T13:44:09Z
2985,23751,238,SecureCourier,FIN000000000765,in_transit,,,8.55,2026-09-14T19:57:25Z,,2026-09-17T13:44:09Z
2986,23752,227,BranchLink,FIN000000000766,completed,,,22.39,2026-09-14T06:25:49Z,2026-09-15T16:19:08Z,2026-09-17T13:44:09Z
2987,23753,240,airport-transferTrack,FIN000000000767,completed,,,14.29,2026-09-09T15:04:25Z,2026-09-15T15:14:09Z,2026-09-17T13:44:09Z
2988,23754,239,ClientRoute,FIN000000000768,completed,,,9.37,2026-09-11T15:24:42Z,2026-09-16T08:50:11Z,2026-09-17T13:44:09Z
2989,23759,235,SecureCourier,FIN000000000769,in_transit,,,13.79,2026-09-12T21:09:30Z,,2026-09-17T13:44:09Z
2990,23760,246,BranchLink,FIN000000000770,completed,,,21.54,2026-09-10T05:12:48Z,2026-09-16T14:32:40Z,2026-09-17T13:44:09Z
2991,23761,230,airport-transferTrack,FIN000000000771,completed,,,24.92,2026-09-13T04:03:17Z,2026-09-15T18:59:08Z,2026-09-17T13:44:09Z
2992,23762,235,ClientRoute,FIN000000000772,completed,,,22.93,2026-09-08T23:01:25Z,2026-09-17T05:00:15Z,2026-09-17T13:44:09Z
2993,23767,239,SecureCourier,FIN000000000773,in_transit,,,9.76,2026-09-12T14:29:32Z,,2026-09-17T13:44:09Z
2994,23768,225,BranchLink,FIN000000000774,completed,,,21.96,2026-09-15T14:29:34Z,2026-09-16T12:29:26Z,2026-09-17T13:44:09Z
2995,23769,221,airport-transferTrack,FIN000000000775,completed,,,18.96,2026-09-15T20:41:10Z,2026-09-15T14:21:53Z,2026-09-17T13:44:09Z
2996,23770,221,ClientRoute,FIN000000000776,completed,,,24.62,2026-09-12T11:31:19Z,2026-09-17T08:19:31Z,2026-09-17T13:44:09Z
2997,23775,234,SecureCourier,FIN000000000777,in_transit,,,21.32,2026-09-07T23:38:02Z,,2026-09-17T13:44:09Z
2998,23776,243,BranchLink,FIN000000000778,completed,,,6.88,2026-09-12T12:41:14Z,2026-09-15T23:35:25Z,2026-09-17T13:44:09Z
2999,23777,250,airport-transferTrack,FIN000000000779,completed,,,11.17,2026-09-13T06:16:29Z,2026-09-17T09:44:48Z,2026-09-17T13:44:09Z
3000,23778,233,ClientRoute,FIN000000000780,completed,,,20.2,2026-09-10T20:33:46Z,2026-09-17T06:33:23Z,2026-09-17T13:44:09Z
3001,23783,223,SecureCourier,FIN000000000781,in_transit,,,17.73,2026-09-15T01:59:23Z,,2026-09-17T13:44:09Z
3002,23784,234,BranchLink,FIN000000000782,completed,,,16.46,2026-09-12T13:59:23Z,2026-09-16T21:21:39Z,2026-09-17T13:44:09Z
3003,23785,236,airport-transferTrack,FIN000000000783,completed,,,23.45,2026-09-16T08:11:27Z,2026-09-17T08:31:23Z,2026-09-17T13:44:09Z
3004,23786,243,ClientRoute,FIN000000000784,completed,,,20.47,2026-09-16T04:30:32Z,2026-09-17T06:19:59Z,2026-09-17T13:44:09Z
3005,23791,247,SecureCourier,FIN000000000785,in_transit,,,10.41,2026-09-11T19:41:17Z,,2026-09-17T13:44:09Z
3006,23792,247,BranchLink,FIN000000000786,completed,,,16.45,2026-09-15T05:17:08Z,2026-09-17T10:38:59Z,2026-09-17T13:44:09Z
3007,23793,241,airport-transferTrack,FIN000000000787,completed,,,23.17,2026-09-11T05:34:50Z,2026-09-15T15:16:57Z,2026-09-17T13:44:09Z
3008,23794,229,ClientRoute,FIN000000000788,completed,,,22.26,2026-09-13T15:48:04Z,2026-09-15T15:35:59Z,2026-09-17T13:44:09Z
3009,23799,242,SecureCourier,FIN000000000789,in_transit,,,15.18,2026-09-16T09:22:19Z,,2026-09-17T13:44:09Z
3010,23800,228,BranchLink,FIN000000000790,completed,,,15.06,2026-09-08T08:33:25Z,2026-09-16T02:03:47Z,2026-09-17T13:44:09Z
3011,23801,248,airport-transferTrack,FIN000000000791,completed,,,14.33,2026-09-08T23:48:30Z,2026-09-16T18:51:43Z,2026-09-17T13:44:09Z
3012,23802,245,ClientRoute,FIN000000000792,completed,,,17.66,2026-09-10T12:12:05Z,2026-09-17T13:17:28Z,2026-09-17T13:44:09Z
3013,23807,234,SecureCourier,FIN000000000793,in_transit,,,18.61,2026-09-14T16:31:33Z,,2026-09-17T13:44:09Z
3014,23808,229,BranchLink,FIN000000000794,completed,,,10.2,2026-09-13T05:19:03Z,2026-09-16T09:58:44Z,2026-09-17T13:44:09Z
3015,23809,230,airport-transferTrack,FIN000000000795,completed,,,21.91,2026-09-10T22:40:25Z,2026-09-16T22:05:58Z,2026-09-17T13:44:09Z
3016,23810,239,ClientRoute,FIN000000000796,completed,,,10.74,2026-09-12T23:01:34Z,2026-09-17T12:27:52Z,2026-09-17T13:44:09Z
3017,23815,234,SecureCourier,FIN000000000797,in_transit,,,13.32,2026-09-14T05:27:11Z,,2026-09-17T13:44:09Z
3018,23816,245,BranchLink,FIN000000000798,completed,,,17.78,2026-09-12T09:20:00Z,2026-09-16T00:48:03Z,2026-09-17T13:44:09Z
3019,23817,228,airport-transferTrack,FIN000000000799,completed,,,17.73,2026-09-08T08:17:50Z,2026-09-15T15:26:10Z,2026-09-17T13:44:09Z
3020,23818,250,ClientRoute,FIN000000000800,completed,,,15,2026-09-07T19:36:34Z,2026-09-15T19:13:42Z,2026-09-17T13:44:09Z
3021,23823,227,SecureCourier,FIN000000000801,in_transit,,,11.09,2026-09-13T16:57:51Z,,2026-09-17T13:44:09Z
3022,23824,227,BranchLink,FIN000000000802,completed,,,7.14,2026-09-12T17:20:50Z,2026-09-15T14:16:10Z,2026-09-17T13:44:09Z
3023,23825,240,airport-transferTrack,FIN000000000803,completed,,,11.76,2026-09-09T10:31:30Z,2026-09-16T05:37:18Z,2026-09-17T13:44:09Z
3024,23826,230,ClientRoute,FIN000000000804,completed,,,11.04,2026-09-12T18:59:13Z,2026-09-16T12:11:31Z,2026-09-17T13:44:09Z
3025,23831,233,SecureCourier,FIN000000000805,in_transit,,,16,2026-09-13T13:03:07Z,,2026-09-17T13:44:09Z
3026,23832,241,BranchLink,FIN000000000806,completed,,,9.82,2026-09-11T17:34:23Z,2026-09-17T07:08:05Z,2026-09-17T13:44:09Z
3027,23833,227,airport-transferTrack,FIN000000000807,completed,,,7.09,2026-09-12T19:16:55Z,2026-09-15T19:13:49Z,2026-09-17T13:44:09Z
3028,23834,247,ClientRoute,FIN000000000808,completed,,,6.1,2026-09-10T00:42:19Z,2026-09-17T03:07:51Z,2026-09-17T13:44:09Z
3029,23839,227,SecureCourier,FIN000000000809,in_transit,,,23,2026-09-07T20:50:18Z,,2026-09-17T13:44:09Z
3030,23840,226,BranchLink,FIN000000000810,completed,,,24.69,2026-09-11T09:22:04Z,2026-09-17T06:24:38Z,2026-09-17T13:44:09Z
3031,23841,221,airport-transferTrack,FIN000000000811,completed,,,8.19,2026-09-11T04:25:16Z,2026-09-16T14:37:13Z,2026-09-17T13:44:09Z
3032,23842,240,ClientRoute,FIN000000000812,completed,,,23.57,2026-09-16T10:19:24Z,2026-09-17T12:23:55Z,2026-09-17T13:44:09Z
3033,23847,224,SecureCourier,FIN000000000813,in_transit,,,13.28,2026-09-11T14:45:45Z,,2026-09-17T13:44:09Z
3034,23848,238,BranchLink,FIN000000000814,completed,,,24.69,2026-09-10T01:40:01Z,2026-09-16T06:54:37Z,2026-09-17T13:44:09Z
3035,23849,242,airport-transferTrack,FIN000000000815,completed,,,17.74,2026-09-09T06:47:54Z,2026-09-16T12:36:24Z,2026-09-17T13:44:09Z
3036,23850,231,ClientRoute,FIN000000000816,completed,,,20.87,2026-09-15T04:46:21Z,2026-09-16T11:18:21Z,2026-09-17T13:44:09Z
3037,23855,247,SecureCourier,FIN000000000817,in_transit,,,8.69,2026-09-13T19:42:43Z,,2026-09-17T13:44:09Z
3038,23856,247,BranchLink,FIN000000000818,completed,,,14.34,2026-09-12T10:09:41Z,2026-09-17T06:19:45Z,2026-09-17T13:44:09Z
3039,23857,225,airport-transferTrack,FIN000000000819,completed,,,12.39,2026-09-11T11:56:36Z,2026-09-17T09:11:14Z,2026-09-17T13:44:09Z
3040,23858,226,ClientRoute,FIN000000000820,completed,,,23.88,2026-09-08T09:23:18Z,2026-09-15T21:55:35Z,2026-09-17T13:44:09Z
3041,23863,228,SecureCourier,FIN000000000821,in_transit,,,15.33,2026-09-13T07:11:34Z,,2026-09-17T13:44:09Z
3042,23864,246,BranchLink,FIN000000000822,completed,,,8.45,2026-09-13T10:22:03Z,2026-09-16T21:36:11Z,2026-09-17T13:44:09Z
3043,23865,230,airport-transferTrack,FIN000000000823,completed,,,13.36,2026-09-10T12:34:44Z,2026-09-15T16:53:18Z,2026-09-17T13:44:09Z
3044,23866,239,ClientRoute,FIN000000000824,completed,,,22.46,2026-09-13T01:30:30Z,2026-09-16T01:57:25Z,2026-09-17T13:44:09Z
3045,23871,234,SecureCourier,FIN000000000825,in_transit,,,22.92,2026-09-15T12:58:38Z,,2026-09-17T13:44:09Z
3046,23872,236,BranchLink,FIN000000000826,completed,,,17.27,2026-09-07T21:16:14Z,2026-09-16T21:58:44Z,2026-09-17T13:44:09Z
3047,23873,226,airport-transferTrack,FIN000000000827,completed,,,6.89,2026-09-11T18:34:34Z,2026-09-16T16:10:05Z,2026-09-17T13:44:09Z
3048,23874,239,ClientRoute,FIN000000000828,completed,,,24.91,2026-09-12T16:05:19Z,2026-09-15T13:58:52Z,2026-09-17T13:44:09Z
3049,23879,232,SecureCourier,FIN000000000829,in_transit,,,8.01,2026-09-09T22:13:36Z,,2026-09-17T13:44:09Z
3050,23880,240,BranchLink,FIN000000000830,completed,,,10.02,2026-09-14T01:36:30Z,2026-09-16T21:36:45Z,2026-09-17T13:44:09Z
3051,23881,249,airport-transferTrack,FIN000000000831,completed,,,19.23,2026-09-12T10:23:01Z,2026-09-15T15:27:08Z,2026-09-17T13:44:09Z
3052,23882,240,ClientRoute,FIN000000000832,completed,,,10.49,2026-09-13T11:28:08Z,2026-09-15T16:21:30Z,2026-09-17T13:44:09Z
3053,23887,227,SecureCourier,FIN000000000833,in_transit,,,22.6,2026-09-13T03:36:17Z,,2026-09-17T13:44:09Z
3054,23888,222,BranchLink,FIN000000000834,completed,,,14.52,2026-09-15T12:50:58Z,2026-09-17T01:17:40Z,2026-09-17T13:44:09Z
3055,23889,248,airport-transferTrack,FIN000000000835,completed,,,14.48,2026-09-11T20:56:39Z,2026-09-16T04:44:31Z,2026-09-17T13:44:09Z
3056,23890,232,ClientRoute,FIN000000000836,completed,,,8.82,2026-09-10T14:10:41Z,2026-09-17T12:08:31Z,2026-09-17T13:44:09Z
3057,23895,243,SecureCourier,FIN000000000837,in_transit,,,7.82,2026-09-15T00:38:43Z,,2026-09-17T13:44:09Z
3058,23896,223,BranchLink,FIN000000000838,completed,,,21.92,2026-09-10T03:03:49Z,2026-09-16T15:19:50Z,2026-09-17T13:44:09Z
3059,23897,232,airport-transferTrack,FIN000000000839,completed,,,19.49,2026-09-14T02:56:08Z,2026-09-17T05:48:14Z,2026-09-17T13:44:09Z
3060,23898,237,ClientRoute,FIN000000000840,completed,,,24.18,2026-09-12T01:00:37Z,2026-09-16T08:04:34Z,2026-09-17T13:44:09Z
3061,23903,237,SecureCourier,FIN000000000841,in_transit,,,10.1,2026-09-08T22:48:47Z,,2026-09-17T13:44:09Z
3062,23904,221,BranchLink,FIN000000000842,completed,,,19.16,2026-09-15T18:32:55Z,2026-09-17T11:05:36Z,2026-09-17T13:44:09Z
3063,23905,249,airport-transferTrack,FIN000000000843,completed,,,12.17,2026-09-15T23:51:26Z,2026-09-16T04:04:42Z,2026-09-17T13:44:09Z
3064,23906,249,ClientRoute,FIN000000000844,completed,,,24.58,2026-09-08T16:09:22Z,2026-09-15T18:58:09Z,2026-09-17T13:44:09Z
3065,23911,228,SecureCourier,FIN000000000845,in_transit,,,14.83,2026-09-12T10:59:34Z,,2026-09-17T13:44:09Z
3066,23912,244,BranchLink,FIN000000000846,completed,,,5.85,2026-09-10T06:06:37Z,2026-09-16T00:17:58Z,2026-09-17T13:44:09Z
3067,23913,231,airport-transferTrack,FIN000000000847,completed,,,10.28,2026-09-13T06:15:33Z,2026-09-17T08:34:19Z,2026-09-17T13:44:09Z
3068,23914,250,ClientRoute,FIN000000000848,completed,,,10.5,2026-09-08T03:39:33Z,2026-09-17T01:13:15Z,2026-09-17T13:44:09Z
3069,23919,245,SecureCourier,FIN000000000849,in_transit,,,6.86,2026-09-13T06:07:40Z,,2026-09-17T13:44:09Z
3070,23920,228,BranchLink,FIN000000000850,completed,,,24.76,2026-09-08T01:20:04Z,2026-09-17T09:04:23Z,2026-09-17T13:44:09Z
3071,23921,242,airport-transferTrack,FIN000000000851,completed,,,6.6,2026-09-09T14:36:16Z,2026-09-15T20:40:46Z,2026-09-17T13:44:09Z
3072,23922,241,ClientRoute,FIN000000000852,completed,,,20.11,2026-09-09T07:22:02Z,2026-09-16T05:21:27Z,2026-09-17T13:44:09Z
3073,23927,236,SecureCourier,FIN000000000853,in_transit,,,10.51,2026-09-15T06:18:03Z,,2026-09-17T13:44:09Z
3074,23928,237,BranchLink,FIN000000000854,completed,,,5.67,2026-09-11T20:48:40Z,2026-09-16T17:00:51Z,2026-09-17T13:44:09Z
3075,23929,221,airport-transferTrack,FIN000000000855,completed,,,23.11,2026-09-09T19:36:08Z,2026-09-17T07:22:37Z,2026-09-17T13:44:09Z
3076,23930,223,ClientRoute,FIN000000000856,completed,,,18.81,2026-09-16T07:49:41Z,2026-09-16T09:55:34Z,2026-09-17T13:44:09Z
3077,23935,231,SecureCourier,FIN000000000857,in_transit,,,12.18,2026-09-09T11:32:00Z,,2026-09-17T13:44:09Z
3078,23936,243,BranchLink,FIN000000000858,completed,,,17.72,2026-09-10T18:57:04Z,2026-09-15T16:27:42Z,2026-09-17T13:44:09Z
3079,23937,239,airport-transferTrack,FIN000000000859,completed,,,15.76,2026-09-15T13:26:03Z,2026-09-17T02:45:31Z,2026-09-17T13:44:09Z
3080,23938,235,ClientRoute,FIN000000000860,completed,,,14.74,2026-09-15T02:39:01Z,2026-09-16T04:30:25Z,2026-09-17T13:44:09Z
3081,23943,235,SecureCourier,FIN000000000861,in_transit,,,16.45,2026-09-12T03:27:32Z,,2026-09-17T13:44:09Z
3082,23944,248,BranchLink,FIN000000000862,completed,,,5.92,2026-09-12T13:03:27Z,2026-09-17T04:01:58Z,2026-09-17T13:44:09Z
3083,23945,232,airport-transferTrack,FIN000000000863,completed,,,6.31,2026-09-10T11:03:22Z,2026-09-16T06:47:23Z,2026-09-17T13:44:09Z
3084,23946,247,ClientRoute,FIN000000000864,completed,,,24.23,2026-09-09T02:15:05Z,2026-09-15T21:39:38Z,2026-09-17T13:44:09Z
3085,23951,222,SecureCourier,FIN000000000865,in_transit,,,6.12,2026-09-08T09:56:12Z,,2026-09-17T13:44:09Z
3086,23952,240,BranchLink,FIN000000000866,completed,,,22.77,2026-09-10T02:12:23Z,2026-09-16T03:05:22Z,2026-09-17T13:44:09Z
3087,23953,241,airport-transferTrack,FIN000000000867,completed,,,23.73,2026-09-14T01:30:57Z,2026-09-17T00:57:51Z,2026-09-17T13:44:09Z
3088,23954,225,ClientRoute,FIN000000000868,completed,,,19.14,2026-09-15T22:49:13Z,2026-09-16T00:46:07Z,2026-09-17T13:44:09Z
3089,23959,243,SecureCourier,FIN000000000869,in_transit,,,16.93,2026-09-13T20:20:14Z,,2026-09-17T13:44:09Z
3090,23960,247,BranchLink,FIN000000000870,completed,,,11.15,2026-09-08T08:51:51Z,2026-09-16T07:10:54Z,2026-09-17T13:44:09Z
3091,23961,222,airport-transferTrack,FIN000000000871,completed,,,10.15,2026-09-14T17:35:08Z,2026-09-17T11:14:17Z,2026-09-17T13:44:09Z
3092,23962,248,ClientRoute,FIN000000000872,completed,,,24.42,2026-09-11T21:01:03Z,2026-09-16T14:14:39Z,2026-09-17T13:44:09Z
3093,23967,241,SecureCourier,FIN000000000873,in_transit,,,8.99,2026-09-11T13:27:58Z,,2026-09-17T13:44:09Z
3094,23968,223,BranchLink,FIN000000000874,completed,,,21.59,2026-09-12T07:41:54Z,2026-09-16T20:52:24Z,2026-09-17T13:44:09Z
3095,23969,245,airport-transferTrack,FIN000000000875,completed,,,9.97,2026-09-10T08:14:08Z,2026-09-15T17:48:53Z,2026-09-17T13:44:09Z
3096,23970,223,ClientRoute,FIN000000000876,completed,,,7.84,2026-09-14T14:18:43Z,2026-09-17T05:00:53Z,2026-09-17T13:44:09Z
3097,23975,229,SecureCourier,FIN000000000877,in_transit,,,23.5,2026-09-09T04:57:26Z,,2026-09-17T13:44:09Z
3098,23976,241,BranchLink,FIN000000000878,completed,,,7.76,2026-09-07T18:47:58Z,2026-09-16T00:28:13Z,2026-09-17T13:44:09Z
3099,23977,225,airport-transferTrack,FIN000000000879,completed,,,22.8,2026-09-08T07:21:40Z,2026-09-16T10:50:03Z,2026-09-17T13:44:09Z
3100,23978,224,ClientRoute,FIN000000000880,completed,,,23.07,2026-09-15T11:21:37Z,2026-09-16T17:19:28Z,2026-09-17T13:44:09Z
3101,23983,230,SecureCourier,FIN000000000881,in_transit,,,20.03,2026-09-11T10:12:49Z,,2026-09-17T13:44:09Z
3102,23984,248,BranchLink,FIN000000000882,completed,,,19.42,2026-09-08T21:40:39Z,2026-09-16T19:42:22Z,2026-09-17T13:44:09Z
3103,23985,221,airport-transferTrack,FIN000000000883,completed,,,7.2,2026-09-08T23:51:02Z,2026-09-15T22:52:26Z,2026-09-17T13:44:09Z
3104,23986,229,ClientRoute,FIN000000000884,completed,,,6.1,2026-09-14T20:42:59Z,2026-09-16T14:24:39Z,2026-09-17T13:44:09Z
3105,23991,235,SecureCourier,FIN000000000885,in_transit,,,16.52,2026-09-10T04:46:23Z,,2026-09-17T13:44:09Z
3106,23992,231,BranchLink,FIN000000000886,completed,,,14.59,2026-09-11T10:02:17Z,2026-09-16T19:07:38Z,2026-09-17T13:44:09Z
3107,23993,245,airport-transferTrack,FIN000000000887,completed,,,12.01,2026-09-12T19:22:52Z,2026-09-15T20:10:46Z,2026-09-17T13:44:09Z
3108,23994,230,ClientRoute,FIN000000000888,completed,,,14.34,2026-09-16T08:47:59Z,2026-09-15T14:00:56Z,2026-09-17T13:44:09Z
3109,23999,230,SecureCourier,FIN000000000889,in_transit,,,7.89,2026-09-10T11:39:11Z,,2026-09-17T13:44:09Z
3110,24000,230,BranchLink,FIN000000000890,completed,,,19.28,2026-09-09T04:55:03Z,2026-09-15T19:53:07Z,2026-09-17T13:44:09Z
3111,24001,237,airport-transferTrack,FIN000000000891,completed,,,20.26,2026-09-12T09:04:22Z,2026-09-15T23:39:33Z,2026-09-17T13:44:09Z
3112,24002,245,ClientRoute,FIN000000000892,completed,,,23.47,2026-09-16T13:20:52Z,2026-09-17T01:31:28Z,2026-09-17T13:44:09Z
3113,24007,245,SecureCourier,FIN000000000893,in_transit,,,6.86,2026-09-15T10:35:22Z,,2026-09-17T13:44:09Z
3114,24008,235,BranchLink,FIN000000000894,completed,,,21.12,2026-09-12T21:54:46Z,2026-09-17T01:22:47Z,2026-09-17T13:44:09Z
3115,24009,247,airport-transferTrack,FIN000000000895,completed,,,20.88,2026-09-11T09:41:54Z,2026-09-17T04:20:16Z,2026-09-17T13:44:09Z
3116,24010,228,ClientRoute,FIN000000000896,completed,,,8.42,2026-09-15T22:13:45Z,2026-09-16T08:30:30Z,2026-09-17T13:44:09Z
3117,24015,249,SecureCourier,FIN000000000897,in_transit,,,8.4,2026-09-10T04:26:02Z,,2026-09-17T13:44:09Z
3118,24016,242,BranchLink,FIN000000000898,completed,,,15.24,2026-09-10T17:37:22Z,2026-09-17T08:35:27Z,2026-09-17T13:44:09Z
3119,24017,223,airport-transferTrack,FIN000000000899,completed,,,9.3,2026-09-12T18:43:42Z,2026-09-16T13:32:17Z,2026-09-17T13:44:09Z
3120,24018,239,ClientRoute,FIN000000000900,completed,,,15.88,2026-09-07T22:23:20Z,2026-09-16T00:02:26Z,2026-09-17T13:44:09Z
3121,24023,229,SecureCourier,FIN000000000901,in_transit,,,24.48,2026-09-13T22:11:34Z,,2026-09-17T13:44:09Z
3122,24024,245,BranchLink,FIN000000000902,completed,,,19.01,2026-09-14T16:33:40Z,2026-09-15T19:38:30Z,2026-09-17T13:44:09Z
3123,24025,237,airport-transferTrack,FIN000000000903,completed,,,18.7,2026-09-08T06:41:41Z,2026-09-15T20:05:16Z,2026-09-17T13:44:09Z
3124,24026,242,ClientRoute,FIN000000000904,completed,,,8.38,2026-09-11T21:14:05Z,2026-09-16T05:00:35Z,2026-09-17T13:44:09Z
3125,24031,228,SecureCourier,FIN000000000905,in_transit,,,9.34,2026-09-13T07:33:38Z,,2026-09-17T13:44:09Z
3126,24032,249,BranchLink,FIN000000000906,completed,,,16.92,2026-09-07T15:19:03Z,2026-09-16T02:27:23Z,2026-09-17T13:44:09Z
3127,24033,238,airport-transferTrack,FIN000000000907,completed,,,11.73,2026-09-12T09:59:09Z,2026-09-15T22:33:44Z,2026-09-17T13:44:09Z
3128,24034,232,ClientRoute,FIN000000000908,completed,,,5.92,2026-09-09T23:26:44Z,2026-09-16T13:59:53Z,2026-09-17T13:44:09Z
3129,24039,223,SecureCourier,FIN000000000909,in_transit,,,14.56,2026-09-15T10:04:17Z,,2026-09-17T13:44:09Z
3130,24040,241,BranchLink,FIN000000000910,completed,,,17.44,2026-09-16T10:52:01Z,2026-09-15T16:09:51Z,2026-09-17T13:44:09Z
3131,24041,241,airport-transferTrack,FIN000000000911,completed,,,20.46,2026-09-11T01:10:00Z,2026-09-15T13:47:05Z,2026-09-17T13:44:09Z
3132,24042,223,ClientRoute,FIN000000000912,completed,,,15.48,2026-09-14T07:31:26Z,2026-09-15T23:06:35Z,2026-09-17T13:44:09Z
3133,24047,248,SecureCourier,FIN000000000913,in_transit,,,11.43,2026-09-08T00:48:24Z,,2026-09-17T13:44:09Z
3134,24048,248,BranchLink,FIN000000000914,completed,,,11.01,2026-09-14T03:41:54Z,2026-09-17T06:22:02Z,2026-09-17T13:44:09Z
3135,24049,226,airport-transferTrack,FIN000000000915,completed,,,5.49,2026-09-15T08:30:43Z,2026-09-16T14:45:34Z,2026-09-17T13:44:09Z
3136,24050,223,ClientRoute,FIN000000000916,completed,,,21.78,2026-09-08T07:47:36Z,2026-09-15T20:35:54Z,2026-09-17T13:44:09Z
3137,24055,227,SecureCourier,FIN000000000917,in_transit,,,9.18,2026-09-16T07:32:49Z,,2026-09-17T13:44:09Z
3138,24056,247,BranchLink,FIN000000000918,completed,,,6.82,2026-09-14T02:53:54Z,2026-09-17T05:40:44Z,2026-09-17T13:44:09Z
3139,24057,235,airport-transferTrack,FIN000000000919,completed,,,24.71,2026-09-13T03:27:59Z,2026-09-15T17:22:55Z,2026-09-17T13:44:09Z
3140,24058,234,ClientRoute,FIN000000000920,completed,,,14.86,2026-09-15T13:06:02Z,2026-09-16T10:27:40Z,2026-09-17T13:44:09Z
3141,24063,226,SecureCourier,FIN000000000921,in_transit,,,24.4,2026-09-13T12:23:26Z,,2026-09-17T13:44:09Z
3142,24064,236,BranchLink,FIN000000000922,completed,,,22.55,2026-09-14T14:47:42Z,2026-09-16T01:43:19Z,2026-09-17T13:44:09Z
3143,24065,221,airport-transferTrack,FIN000000000923,completed,,,11.06,2026-09-08T09:09:41Z,2026-09-17T05:25:01Z,2026-09-17T13:44:09Z
3144,24066,249,ClientRoute,FIN000000000924,completed,,,23.65,2026-09-07T23:00:09Z,2026-09-17T11:13:29Z,2026-09-17T13:44:09Z
3145,24071,241,SecureCourier,FIN000000000925,in_transit,,,24.53,2026-09-16T05:40:05Z,,2026-09-17T13:44:09Z
3146,24072,242,BranchLink,FIN000000000926,completed,,,6.8,2026-09-15T10:23:39Z,2026-09-16T03:11:14Z,2026-09-17T13:44:09Z
3147,24073,249,airport-transferTrack,FIN000000000927,completed,,,12.43,2026-09-14T05:19:27Z,2026-09-17T06:34:50Z,2026-09-17T13:44:09Z
3148,24074,246,ClientRoute,FIN000000000928,completed,,,11.61,2026-09-14T21:33:30Z,2026-09-17T05:51:33Z,2026-09-17T13:44:09Z
3149,24079,223,SecureCourier,FIN000000000929,in_transit,,,14.25,2026-09-11T07:52:18Z,,2026-09-17T13:44:09Z
3150,24080,237,BranchLink,FIN000000000930,completed,,,23.51,2026-09-14T21:26:16Z,2026-09-16T14:54:54Z,2026-09-17T13:44:09Z
3151,24081,229,airport-transferTrack,FIN000000000931,completed,,,17.43,2026-09-10T10:36:44Z,2026-09-16T15:42:22Z,2026-09-17T13:44:09Z
3152,24082,237,ClientRoute,FIN000000000932,completed,,,22.48,2026-09-09T22:31:50Z,2026-09-15T14:37:58Z,2026-09-17T13:44:09Z
3153,24087,237,SecureCourier,FIN000000000933,in_transit,,,6.66,2026-09-15T14:36:42Z,,2026-09-17T13:44:09Z
3154,24088,226,BranchLink,FIN000000000934,completed,,,22.26,2026-09-15T15:16:46Z,2026-09-15T14:52:53Z,2026-09-17T13:44:09Z
3155,24089,225,airport-transferTrack,FIN000000000935,completed,,,12.19,2026-09-11T01:38:30Z,2026-09-16T07:57:12Z,2026-09-17T13:44:09Z
3156,24090,247,ClientRoute,FIN000000000936,completed,,,9,2026-09-14T13:04:57Z,2026-09-16T15:07:18Z,2026-09-17T13:44:09Z
3157,24095,247,SecureCourier,FIN000000000937,in_transit,,,22.49,2026-09-13T07:09:45Z,,2026-09-17T13:44:09Z
3158,24096,243,BranchLink,FIN000000000938,completed,,,6.4,2026-09-14T19:09:48Z,2026-09-16T10:11:26Z,2026-09-17T13:44:09Z
3159,24097,226,airport-transferTrack,FIN000000000939,completed,,,24.47,2026-09-10T04:03:18Z,2026-09-15T14:06:17Z,2026-09-17T13:44:09Z
3160,24098,222,ClientRoute,FIN000000000940,completed,,,21.84,2026-09-13T19:32:39Z,2026-09-15T15:30:49Z,2026-09-17T13:44:09Z
3161,24103,248,SecureCourier,FIN000000000941,in_transit,,,8.91,2026-09-15T23:59:37Z,,2026-09-17T13:44:09Z
3162,24104,227,BranchLink,FIN000000000942,completed,,,19.01,2026-09-10T22:11:20Z,2026-09-15T19:20:02Z,2026-09-17T13:44:09Z
3163,24105,236,airport-transferTrack,FIN000000000943,completed,,,7.95,2026-09-15T01:19:13Z,2026-09-15T14:18:01Z,2026-09-17T13:44:09Z
3164,24106,231,ClientRoute,FIN000000000944,completed,,,8.24,2026-09-14T06:53:10Z,2026-09-16T16:05:41Z,2026-09-17T13:44:09Z
3165,24111,226,SecureCourier,FIN000000000945,in_transit,,,14.57,2026-09-12T02:39:14Z,,2026-09-17T13:44:09Z
3166,24112,229,BranchLink,FIN000000000946,completed,,,12.47,2026-09-13T15:24:29Z,2026-09-16T11:02:03Z,2026-09-17T13:44:09Z
3167,24113,233,airport-transferTrack,FIN000000000947,completed,,,14.97,2026-09-10T14:19:49Z,2026-09-16T10:01:29Z,2026-09-17T13:44:09Z
3168,24114,242,ClientRoute,FIN000000000948,completed,,,9.52,2026-09-08T23:44:50Z,2026-09-17T08:35:46Z,2026-09-17T13:44:09Z
3169,24119,249,SecureCourier,FIN000000000949,in_transit,,,7.8,2026-09-13T05:53:35Z,,2026-09-17T13:44:09Z
3170,24120,242,BranchLink,FIN000000000950,completed,,,16.67,2026-09-08T06:17:57Z,2026-09-16T09:54:40Z,2026-09-17T13:44:09Z
3171,24121,233,airport-transferTrack,FIN000000000951,completed,,,6.46,2026-09-07T16:26:15Z,2026-09-15T19:03:54Z,2026-09-17T13:44:09Z
3172,24122,221,ClientRoute,FIN000000000952,completed,,,17.95,2026-09-12T11:13:44Z,2026-09-15T20:38:23Z,2026-09-17T13:44:09Z
3173,24127,234,SecureCourier,FIN000000000953,in_transit,,,22.37,2026-09-14T20:46:48Z,,2026-09-17T13:44:09Z
3174,24128,247,BranchLink,FIN000000000954,completed,,,12.39,2026-09-14T05:34:55Z,2026-09-17T09:59:21Z,2026-09-17T13:44:09Z
3175,24129,226,airport-transferTrack,FIN000000000955,completed,,,6.91,2026-09-08T18:01:21Z,2026-09-16T03:21:00Z,2026-09-17T13:44:09Z
3176,24130,232,ClientRoute,FIN000000000956,completed,,,12.3,2026-09-15T12:26:00Z,2026-09-16T20:31:31Z,2026-09-17T13:44:09Z
3177,24135,229,SecureCourier,FIN000000000957,in_transit,,,10.95,2026-09-10T02:35:19Z,,2026-09-17T13:44:09Z
3178,24136,236,BranchLink,FIN000000000958,completed,,,6.03,2026-09-11T06:01:07Z,2026-09-16T23:36:15Z,2026-09-17T13:44:09Z
3179,24137,241,airport-transferTrack,FIN000000000959,completed,,,22.7,2026-09-12T02:39:42Z,2026-09-15T17:42:08Z,2026-09-17T13:44:09Z
3180,24138,228,ClientRoute,FIN000000000960,completed,,,13.75,2026-09-13T20:18:12Z,2026-09-15T22:57:25Z,2026-09-17T13:44:09Z
3181,24143,230,SecureCourier,FIN000000000961,in_transit,,,5.21,2026-09-14T19:18:33Z,,2026-09-17T13:44:09Z
3182,24144,224,BranchLink,FIN000000000962,completed,,,17.48,2026-09-15T22:09:22Z,2026-09-17T00:26:48Z,2026-09-17T13:44:09Z
3183,24145,239,airport-transferTrack,FIN000000000963,completed,,,19.42,2026-09-09T01:41:33Z,2026-09-16T17:21:43Z,2026-09-17T13:44:09Z
3184,24146,244,ClientRoute,FIN000000000964,completed,,,24.36,2026-09-11T05:43:45Z,2026-09-17T01:14:53Z,2026-09-17T13:44:09Z
3185,24151,240,SecureCourier,FIN000000000965,in_transit,,,19.5,2026-09-13T02:46:47Z,,2026-09-17T13:44:09Z
3186,24152,221,BranchLink,FIN000000000966,completed,,,11.98,2026-09-15T12:12:53Z,2026-09-16T12:30:15Z,2026-09-17T13:44:09Z
3187,24153,247,airport-transferTrack,FIN000000000967,completed,,,18.66,2026-09-14T19:21:07Z,2026-09-16T20:51:32Z,2026-09-17T13:44:09Z
3188,24154,226,ClientRoute,FIN000000000968,completed,,,24.85,2026-09-08T08:16:03Z,2026-09-15T19:08:24Z,2026-09-17T13:44:09Z
3189,24159,242,SecureCourier,FIN000000000969,in_transit,,,20.96,2026-09-12T23:29:19Z,,2026-09-17T13:44:09Z
3190,24160,228,BranchLink,FIN000000000970,completed,,,23.79,2026-09-10T15:25:02Z,2026-09-17T01:16:48Z,2026-09-17T13:44:09Z
3191,24161,233,airport-transferTrack,FIN000000000971,completed,,,12.81,2026-09-07T23:24:22Z,2026-09-16T19:08:17Z,2026-09-17T13:44:09Z
3192,24162,245,ClientRoute,FIN000000000972,completed,,,16.94,2026-09-14T11:22:22Z,2026-09-17T04:31:12Z,2026-09-17T13:44:09Z
3193,24167,229,SecureCourier,FIN000000000973,in_transit,,,9.28,2026-09-08T03:17:29Z,,2026-09-17T13:44:09Z
3194,24168,226,BranchLink,FIN000000000974,completed,,,20.6,2026-09-11T12:00:56Z,2026-09-15T22:09:21Z,2026-09-17T13:44:09Z
3195,24169,222,airport-transferTrack,FIN000000000975,completed,,,9.39,2026-09-15T03:12:40Z,2026-09-16T09:19:21Z,2026-09-17T13:44:09Z
3196,24170,235,ClientRoute,FIN000000000976,completed,,,8.66,2026-09-12T04:45:48Z,2026-09-16T18:51:28Z,2026-09-17T13:44:09Z
3197,24175,225,SecureCourier,FIN000000000977,in_transit,,,24.69,2026-09-11T16:44:04Z,,2026-09-17T13:44:09Z
3198,24176,236,BranchLink,FIN000000000978,completed,,,8.44,2026-09-11T08:55:30Z,2026-09-16T07:10:31Z,2026-09-17T13:44:09Z
3199,24177,225,airport-transferTrack,FIN000000000979,completed,,,11.29,2026-09-12T03:02:42Z,2026-09-17T06:57:33Z,2026-09-17T13:44:09Z
3200,24178,239,ClientRoute,FIN000000000980,completed,,,5.67,2026-09-08T19:44:49Z,2026-09-16T15:59:38Z,2026-09-17T13:44:09Z
3201,24183,239,SecureCourier,FIN000000000981,in_transit,,,18.9,2026-09-08T04:31:28Z,,2026-09-17T13:44:09Z
3202,24184,226,BranchLink,FIN000000000982,completed,,,24.19,2026-09-14T02:29:40Z,2026-09-16T06:16:13Z,2026-09-17T13:44:09Z
3203,24185,240,airport-transferTrack,FIN000000000983,completed,,,16.96,2026-09-13T17:31:48Z,2026-09-16T02:19:39Z,2026-09-17T13:44:09Z
3204,24186,248,ClientRoute,FIN000000000984,completed,,,21.4,2026-09-16T12:17:34Z,2026-09-17T05:58:30Z,2026-09-17T13:44:09Z
3205,24191,222,SecureCourier,FIN000000000985,in_transit,,,24.73,2026-09-09T17:00:56Z,,2026-09-17T13:44:09Z
3206,24192,246,BranchLink,FIN000000000986,completed,,,16.22,2026-09-10T16:55:50Z,2026-09-15T20:12:31Z,2026-09-17T13:44:09Z
3207,24193,240,airport-transferTrack,FIN000000000987,completed,,,6.65,2026-09-11T19:44:01Z,2026-09-16T20:56:43Z,2026-09-17T13:44:09Z
3208,24194,231,ClientRoute,FIN000000000988,completed,,,24.21,2026-09-14T13:06:34Z,2026-09-15T18:52:31Z,2026-09-17T13:44:09Z
3209,24199,223,SecureCourier,FIN000000000989,in_transit,,,16.4,2026-09-15T05:38:16Z,,2026-09-17T13:44:09Z
3210,24200,238,BranchLink,FIN000000000990,completed,,,20.9,2026-09-09T13:25:32Z,2026-09-16T00:17:22Z,2026-09-17T13:44:09Z
3211,24201,236,airport-transferTrack,FIN000000000991,completed,,,15.3,2026-09-15T12:10:07Z,2026-09-16T19:16:41Z,2026-09-17T13:44:09Z
3212,24202,231,ClientRoute,FIN000000000992,completed,,,17.04,2026-09-07T19:22:43Z,2026-09-15T15:03:50Z,2026-09-17T13:44:09Z
3213,24207,247,SecureCourier,FIN000000000993,in_transit,,,10.86,2026-09-09T18:43:49Z,,2026-09-17T13:44:09Z
3214,24208,224,BranchLink,FIN000000000994,completed,,,11.98,2026-09-09T00:54:21Z,2026-09-16T00:57:32Z,2026-09-17T13:44:09Z
3215,24209,231,airport-transferTrack,FIN000000000995,completed,,,13.5,2026-09-10T21:56:40Z,2026-09-15T15:31:38Z,2026-09-17T13:44:09Z
3216,24210,237,ClientRoute,FIN000000000996,completed,,,18.15,2026-09-16T10:41:05Z,2026-09-15T17:34:15Z,2026-09-17T13:44:09Z
3217,24215,229,SecureCourier,FIN000000000997,in_transit,,,22.25,2026-09-08T15:17:14Z,,2026-09-17T13:44:09Z
3218,24216,243,BranchLink,FIN000000000998,completed,,,22.06,2026-09-13T14:21:31Z,2026-09-16T03:00:00Z,2026-09-17T13:44:09Z
3219,24217,228,airport-transferTrack,FIN000000000999,completed,,,14.21,2026-09-14T16:59:52Z,2026-09-17T13:10:20Z,2026-09-17T13:44:09Z
3220,24218,225,ClientRoute,FIN000000001000,completed,,,23.75,2026-09-09T12:45:00Z,2026-09-17T13:32:03Z,2026-09-17T13:44:09Z
3221,24223,238,SecureCourier,FIN000000001001,in_transit,,,6.33,2026-09-09T17:53:18Z,,2026-09-17T13:44:09Z
3222,24224,227,BranchLink,FIN000000001002,completed,,,14.48,2026-09-11T22:13:10Z,2026-09-16T13:02:51Z,2026-09-17T13:44:09Z
3223,24225,231,airport-transferTrack,FIN000000001003,completed,,,21.44,2026-09-11T10:41:23Z,2026-09-17T10:00:01Z,2026-09-17T13:44:09Z
3224,24226,230,ClientRoute,FIN000000001004,completed,,,11.61,2026-09-11T10:22:36Z,2026-09-17T12:23:34Z,2026-09-17T13:44:09Z
3225,24231,248,SecureCourier,FIN000000001005,in_transit,,,12.91,2026-09-10T06:55:58Z,,2026-09-17T13:44:09Z
3226,24232,236,BranchLink,FIN000000001006,completed,,,6.34,2026-09-12T17:55:45Z,2026-09-17T10:47:48Z,2026-09-17T13:44:09Z
3227,24233,242,airport-transferTrack,FIN000000001007,completed,,,19.41,2026-09-11T01:38:31Z,2026-09-16T16:48:07Z,2026-09-17T13:44:09Z
3228,24234,249,ClientRoute,FIN000000001008,completed,,,7.45,2026-09-08T21:54:51Z,2026-09-16T04:03:18Z,2026-09-17T13:44:09Z
3229,24239,226,SecureCourier,FIN000000001009,in_transit,,,16.56,2026-09-08T00:42:12Z,,2026-09-17T13:44:09Z
3230,24240,222,BranchLink,FIN000000001010,completed,,,15.88,2026-09-12T06:43:29Z,2026-09-17T09:19:19Z,2026-09-17T13:44:09Z
3231,24241,229,airport-transferTrack,FIN000000001011,completed,,,11.47,2026-09-10T12:06:34Z,2026-09-16T23:32:34Z,2026-09-17T13:44:09Z
3232,24242,240,ClientRoute,FIN000000001012,completed,,,18.39,2026-09-12T00:38:17Z,2026-09-16T11:40:20Z,2026-09-17T13:44:09Z
3233,24247,242,SecureCourier,FIN000000001013,in_transit,,,22.73,2026-09-08T14:26:57Z,,2026-09-17T13:44:09Z
3234,24248,228,BranchLink,FIN000000001014,completed,,,20.25,2026-09-15T16:31:34Z,2026-09-16T13:59:54Z,2026-09-17T13:44:09Z
3235,24249,249,airport-transferTrack,FIN000000001015,completed,,,9.66,2026-09-07T14:10:30Z,2026-09-15T14:55:56Z,2026-09-17T13:44:09Z
3236,24250,231,ClientRoute,FIN000000001016,completed,,,7.93,2026-09-13T10:17:05Z,2026-09-15T20:38:01Z,2026-09-17T13:44:09Z
3237,24255,248,SecureCourier,FIN000000001017,in_transit,,,6.46,2026-09-08T08:55:13Z,,2026-09-17T13:44:09Z
3238,24256,227,BranchLink,FIN000000001018,completed,,,17.16,2026-09-12T07:34:59Z,2026-09-17T06:29:12Z,2026-09-17T13:44:09Z
3239,24257,245,airport-transferTrack,FIN000000001019,completed,,,11.29,2026-09-11T13:13:49Z,2026-09-16T11:40:07Z,2026-09-17T13:44:09Z
3240,24258,245,ClientRoute,FIN000000001020,completed,,,16.86,2026-09-11T17:24:47Z,2026-09-15T15:02:40Z,2026-09-17T13:44:09Z
3241,24263,237,SecureCourier,FIN000000001021,in_transit,,,12.34,2026-09-07T14:22:03Z,,2026-09-17T13:44:09Z
3242,24264,246,BranchLink,FIN000000001022,completed,,,22.97,2026-09-09T15:14:01Z,2026-09-16T16:16:11Z,2026-09-17T13:44:09Z
3243,24265,222,airport-transferTrack,FIN000000001023,completed,,,16.38,2026-09-10T23:03:41Z,2026-09-16T14:51:45Z,2026-09-17T13:44:09Z
3244,24266,235,ClientRoute,FIN000000001024,completed,,,10.41,2026-09-11T19:15:36Z,2026-09-15T20:25:34Z,2026-09-17T13:44:09Z
3245,24271,235,SecureCourier,FIN000000001025,in_transit,,,12.54,2026-09-10T10:42:49Z,,2026-09-17T13:44:09Z
3246,24272,226,BranchLink,FIN000000001026,completed,,,22.76,2026-09-09T01:46:48Z,2026-09-17T13:18:50Z,2026-09-17T13:44:09Z
3247,24273,238,airport-transferTrack,FIN000000001027,completed,,,10.53,2026-09-15T16:04:24Z,2026-09-16T22:35:27Z,2026-09-17T13:44:09Z
3248,24274,246,ClientRoute,FIN000000001028,completed,,,10.84,2026-09-15T02:12:32Z,2026-09-16T04:22:29Z,2026-09-17T13:44:09Z
3249,24279,238,SecureCourier,FIN000000001029,in_transit,,,13.95,2026-09-07T17:38:15Z,,2026-09-17T13:44:09Z
3250,24280,221,BranchLink,FIN000000001030,completed,,,7.71,2026-09-13T10:27:40Z,2026-09-16T05:01:50Z,2026-09-17T13:44:09Z
3251,24281,250,airport-transferTrack,FIN000000001031,completed,,,6.38,2026-09-11T15:02:22Z,2026-09-16T21:19:30Z,2026-09-17T13:44:09Z
3252,24282,249,ClientRoute,FIN000000001032,completed,,,12.51,2026-09-11T12:48:36Z,2026-09-16T18:29:27Z,2026-09-17T13:44:09Z
3253,24287,234,SecureCourier,FIN000000001033,in_transit,,,13.06,2026-09-07T16:50:44Z,,2026-09-17T13:44:09Z
3254,24288,229,BranchLink,FIN000000001034,completed,,,13.05,2026-09-13T13:49:02Z,2026-09-16T13:59:02Z,2026-09-17T13:44:09Z
3255,24289,226,airport-transferTrack,FIN000000001035,completed,,,9.31,2026-09-12T16:16:46Z,2026-09-16T17:13:19Z,2026-09-17T13:44:09Z
3256,24290,240,ClientRoute,FIN000000001036,completed,,,12.56,2026-09-12T17:16:23Z,2026-09-15T17:02:45Z,2026-09-17T13:44:09Z
3257,24295,226,SecureCourier,FIN000000001037,in_transit,,,17.72,2026-09-08T00:27:08Z,,2026-09-17T13:44:09Z
3258,24296,232,BranchLink,FIN000000001038,completed,,,23.46,2026-09-10T18:31:47Z,2026-09-16T03:01:02Z,2026-09-17T13:44:09Z
3259,24297,244,airport-transferTrack,FIN000000001039,completed,,,12.59,2026-09-14T06:40:40Z,2026-09-16T19:10:27Z,2026-09-17T13:44:09Z
3260,24298,222,ClientRoute,FIN000000001040,completed,,,24.73,2026-09-16T04:25:50Z,2026-09-16T17:59:25Z,2026-09-17T13:44:09Z
3261,24303,249,SecureCourier,FIN000000001041,in_transit,,,20.17,2026-09-08T22:36:19Z,,2026-09-17T13:44:09Z
3262,24304,231,BranchLink,FIN000000001042,completed,,,8.29,2026-09-15T04:15:27Z,2026-09-16T12:52:39Z,2026-09-17T13:44:09Z
3263,24305,249,airport-transferTrack,FIN000000001043,completed,,,10.73,2026-09-15T06:35:39Z,2026-09-17T00:43:01Z,2026-09-17T13:44:09Z
3264,24306,229,ClientRoute,FIN000000001044,completed,,,14.18,2026-09-10T16:46:04Z,2026-09-15T16:00:06Z,2026-09-17T13:44:09Z
3265,24311,229,SecureCourier,FIN000000001045,in_transit,,,14.83,2026-09-10T13:18:54Z,,2026-09-17T13:44:09Z
3266,24312,240,BranchLink,FIN000000001046,completed,,,24.78,2026-09-14T23:25:46Z,2026-09-16T11:48:27Z,2026-09-17T13:44:09Z
3267,24313,226,airport-transferTrack,FIN000000001047,completed,,,22.6,2026-09-09T07:29:48Z,2026-09-16T02:04:53Z,2026-09-17T13:44:09Z
3268,24314,235,ClientRoute,FIN000000001048,completed,,,6.05,2026-09-16T11:01:32Z,2026-09-16T14:29:04Z,2026-09-17T13:44:09Z
3269,24319,242,SecureCourier,FIN000000001049,in_transit,,,8.98,2026-09-16T02:53:36Z,,2026-09-17T13:44:09Z
3270,24320,227,BranchLink,FIN000000001050,completed,,,19.13,2026-09-13T18:37:18Z,2026-09-16T10:37:14Z,2026-09-17T13:44:09Z
3271,24321,245,airport-transferTrack,FIN000000001051,completed,,,18.1,2026-09-15T05:51:36Z,2026-09-16T14:05:41Z,2026-09-17T13:44:09Z
3272,24322,224,ClientRoute,FIN000000001052,completed,,,17.62,2026-09-12T23:39:50Z,2026-09-17T02:07:38Z,2026-09-17T13:44:09Z
3273,24327,233,SecureCourier,FIN000000001053,in_transit,,,5.02,2026-09-11T21:38:28Z,,2026-09-17T13:44:09Z
3274,24328,246,BranchLink,FIN000000001054,completed,,,17.88,2026-09-09T08:07:33Z,2026-09-15T21:22:21Z,2026-09-17T13:44:09Z
3275,24329,228,airport-transferTrack,FIN000000001055,completed,,,24.3,2026-09-08T15:42:38Z,2026-09-16T12:51:15Z,2026-09-17T13:44:09Z
3276,24330,233,ClientRoute,FIN000000001056,completed,,,15.07,2026-09-11T23:55:24Z,2026-09-16T01:34:16Z,2026-09-17T13:44:09Z
3277,24335,249,SecureCourier,FIN000000001057,in_transit,,,5.91,2026-09-14T15:11:17Z,,2026-09-17T13:44:09Z
3278,24336,243,BranchLink,FIN000000001058,completed,,,5.51,2026-09-12T04:10:53Z,2026-09-15T21:01:35Z,2026-09-17T13:44:09Z
3279,24337,247,airport-transferTrack,FIN000000001059,completed,,,7.65,2026-09-16T10:51:57Z,2026-09-17T09:51:10Z,2026-09-17T13:44:09Z
3280,24338,246,ClientRoute,FIN000000001060,completed,,,15.24,2026-09-15T23:54:27Z,2026-09-16T06:09:16Z,2026-09-17T13:44:09Z
3281,24343,249,SecureCourier,FIN000000001061,in_transit,,,21.88,2026-09-13T22:30:12Z,,2026-09-17T13:44:09Z
3282,24344,228,BranchLink,FIN000000001062,completed,,,15.58,2026-09-10T05:33:22Z,2026-09-16T03:06:19Z,2026-09-17T13:44:09Z
3283,24345,246,airport-transferTrack,FIN000000001063,completed,,,8.29,2026-09-08T12:45:17Z,2026-09-15T19:26:07Z,2026-09-17T13:44:09Z
3284,24346,243,ClientRoute,FIN000000001064,completed,,,21.07,2026-09-15T20:47:32Z,2026-09-17T10:56:56Z,2026-09-17T13:44:09Z
3285,24351,248,SecureCourier,FIN000000001065,in_transit,,,12.2,2026-09-13T22:06:26Z,,2026-09-17T13:44:09Z
3286,24352,246,BranchLink,FIN000000001066,completed,,,14.15,2026-09-09T12:56:34Z,2026-09-17T02:11:32Z,2026-09-17T13:44:09Z
3287,24353,232,airport-transferTrack,FIN000000001067,completed,,,7.64,2026-09-13T15:41:08Z,2026-09-15T15:57:00Z,2026-09-17T13:44:09Z
3288,24354,230,ClientRoute,FIN000000001068,completed,,,18.7,2026-09-09T12:40:33Z,2026-09-15T17:55:30Z,2026-09-17T13:44:09Z
3289,24359,224,SecureCourier,FIN000000001069,in_transit,,,12.58,2026-09-08T03:15:20Z,,2026-09-17T13:44:09Z
3290,24360,230,BranchLink,FIN000000001070,completed,,,19.04,2026-09-08T20:51:31Z,2026-09-15T22:34:31Z,2026-09-17T13:44:09Z
3291,24361,227,airport-transferTrack,FIN000000001071,completed,,,7.14,2026-09-14T14:59:50Z,2026-09-17T07:49:15Z,2026-09-17T13:44:09Z
3292,24362,230,ClientRoute,FIN000000001072,completed,,,24.84,2026-09-15T07:33:34Z,2026-09-17T13:27:33Z,2026-09-17T13:44:09Z
3293,24367,243,SecureCourier,FIN000000001073,in_transit,,,14.61,2026-09-08T10:23:06Z,,2026-09-17T13:44:09Z
3294,24368,233,BranchLink,FIN000000001074,completed,,,12.43,2026-09-10T03:52:39Z,2026-09-17T03:36:44Z,2026-09-17T13:44:09Z
3295,24369,224,airport-transferTrack,FIN000000001075,completed,,,7.36,2026-09-12T18:53:37Z,2026-09-16T15:00:00Z,2026-09-17T13:44:09Z
3296,24370,228,ClientRoute,FIN000000001076,completed,,,24.76,2026-09-11T02:51:57Z,2026-09-16T09:10:08Z,2026-09-17T13:44:09Z
3297,24375,223,SecureCourier,FIN000000001077,in_transit,,,7.49,2026-09-14T23:23:26Z,,2026-09-17T13:44:09Z
3298,24376,248,BranchLink,FIN000000001078,completed,,,22.84,2026-09-09T05:59:07Z,2026-09-16T10:58:27Z,2026-09-17T13:44:09Z
3299,24377,246,airport-transferTrack,FIN000000001079,completed,,,7.24,2026-09-08T01:15:17Z,2026-09-16T00:49:52Z,2026-09-17T13:44:09Z
3300,24378,230,ClientRoute,FIN000000001080,completed,,,22.32,2026-09-12T23:15:15Z,2026-09-15T15:03:41Z,2026-09-17T13:44:09Z
3301,24383,242,SecureCourier,FIN000000001081,in_transit,,,14.28,2026-09-09T01:26:55Z,,2026-09-17T13:44:09Z
3302,24384,249,BranchLink,FIN000000001082,completed,,,14.35,2026-09-07T20:17:30Z,2026-09-15T19:04:01Z,2026-09-17T13:44:09Z
3303,24385,248,airport-transferTrack,FIN000000001083,completed,,,9.32,2026-09-11T00:15:52Z,2026-09-15T15:44:00Z,2026-09-17T13:44:09Z
3304,24386,229,ClientRoute,FIN000000001084,completed,,,21.71,2026-09-10T04:59:08Z,2026-09-16T07:19:39Z,2026-09-17T13:44:09Z
3305,24391,236,SecureCourier,FIN000000001085,in_transit,,,23.75,2026-09-13T17:22:05Z,,2026-09-17T13:44:09Z
3306,24392,225,BranchLink,FIN000000001086,completed,,,23.05,2026-09-08T04:43:40Z,2026-09-17T11:38:06Z,2026-09-17T13:44:09Z
3307,24393,243,airport-transferTrack,FIN000000001087,completed,,,18.74,2026-09-11T16:01:02Z,2026-09-16T21:43:51Z,2026-09-17T13:44:09Z
3308,24394,237,ClientRoute,FIN000000001088,completed,,,16.27,2026-09-15T07:05:53Z,2026-09-15T15:23:27Z,2026-09-17T13:44:09Z
3309,24399,244,SecureCourier,FIN000000001089,in_transit,,,6.45,2026-09-10T08:00:50Z,,2026-09-17T13:44:09Z
3310,24400,240,BranchLink,FIN000000001090,completed,,,7.59,2026-09-13T05:07:48Z,2026-09-16T07:26:48Z,2026-09-17T13:44:09Z
3311,24401,250,airport-transferTrack,FIN000000001091,completed,,,19.85,2026-09-10T00:17:22Z,2026-09-17T00:25:21Z,2026-09-17T13:44:09Z
3312,24402,230,ClientRoute,FIN000000001092,completed,,,19.46,2026-09-16T07:18:53Z,2026-09-16T17:39:08Z,2026-09-17T13:44:09Z
3313,24407,222,SecureCourier,FIN000000001093,in_transit,,,21.1,2026-09-11T07:14:03Z,,2026-09-17T13:44:09Z
3314,24408,234,BranchLink,FIN000000001094,completed,,,10.57,2026-09-11T08:26:40Z,2026-09-15T15:18:14Z,2026-09-17T13:44:09Z
3315,24409,240,airport-transferTrack,FIN000000001095,completed,,,12.22,2026-09-15T03:56:51Z,2026-09-17T07:53:31Z,2026-09-17T13:44:09Z
3316,24410,228,ClientRoute,FIN000000001096,completed,,,9.21,2026-09-09T04:37:26Z,2026-09-17T10:39:18Z,2026-09-17T13:44:09Z
3317,24415,236,SecureCourier,FIN000000001097,in_transit,,,9.89,2026-09-13T21:47:50Z,,2026-09-17T13:44:09Z
3318,24416,225,BranchLink,FIN000000001098,completed,,,22.88,2026-09-08T04:44:23Z,2026-09-16T09:12:52Z,2026-09-17T13:44:09Z
3319,24417,240,airport-transferTrack,FIN000000001099,completed,,,18.62,2026-09-14T22:55:39Z,2026-09-15T14:12:03Z,2026-09-17T13:44:09Z
3320,24418,243,ClientRoute,FIN000000001100,completed,,,14.13,2026-09-10T07:03:37Z,2026-09-16T16:18:00Z,2026-09-17T13:44:09Z
3321,24423,237,SecureCourier,FIN000000001101,in_transit,,,5.77,2026-09-09T13:08:46Z,,2026-09-17T13:44:09Z
3322,24424,233,BranchLink,FIN000000001102,completed,,,7.77,2026-09-07T15:11:01Z,2026-09-16T14:04:26Z,2026-09-17T13:44:09Z
3323,24425,241,airport-transferTrack,FIN000000001103,completed,,,24.64,2026-09-16T05:08:24Z,2026-09-17T02:22:06Z,2026-09-17T13:44:09Z
3324,24426,243,ClientRoute,FIN000000001104,completed,,,19.53,2026-09-15T01:28:53Z,2026-09-16T09:24:18Z,2026-09-17T13:44:09Z
3325,24431,230,SecureCourier,FIN000000001105,in_transit,,,22.63,2026-09-13T12:09:23Z,,2026-09-17T13:44:09Z
3326,24432,249,BranchLink,FIN000000001106,completed,,,13.65,2026-09-15T18:25:19Z,2026-09-16T16:41:13Z,2026-09-17T13:44:09Z
3327,24433,247,airport-transferTrack,FIN000000001107,completed,,,10.57,2026-09-10T15:14:16Z,2026-09-17T06:30:06Z,2026-09-17T13:44:09Z
3328,24434,248,ClientRoute,FIN000000001108,completed,,,14.29,2026-09-09T13:52:59Z,2026-09-16T20:03:53Z,2026-09-17T13:44:09Z
3329,24439,233,SecureCourier,FIN000000001109,in_transit,,,15.04,2026-09-11T20:13:17Z,,2026-09-17T13:44:09Z
3330,24440,237,BranchLink,FIN000000001110,completed,,,19.78,2026-09-11T00:42:54Z,2026-09-16T23:23:25Z,2026-09-17T13:44:09Z
3331,24441,238,airport-transferTrack,FIN000000001111,completed,,,19.43,2026-09-09T19:33:12Z,2026-09-16T05:10:32Z,2026-09-17T13:44:09Z
3332,24442,249,ClientRoute,FIN000000001112,completed,,,11.44,2026-09-12T05:20:16Z,2026-09-15T22:52:18Z,2026-09-17T13:44:09Z
3333,24447,250,SecureCourier,FIN000000001113,in_transit,,,14.91,2026-09-09T03:45:09Z,,2026-09-17T13:44:09Z
3334,24448,222,BranchLink,FIN000000001114,completed,,,16.46,2026-09-09T05:57:34Z,2026-09-15T14:29:16Z,2026-09-17T13:44:09Z
3335,24449,241,airport-transferTrack,FIN000000001115,completed,,,9.42,2026-09-07T23:08:12Z,2026-09-16T04:24:04Z,2026-09-17T13:44:09Z
3336,24450,222,ClientRoute,FIN000000001116,completed,,,11.81,2026-09-14T19:32:27Z,2026-09-17T12:55:13Z,2026-09-17T13:44:09Z
3337,24455,234,SecureCourier,FIN000000001117,in_transit,,,12.35,2026-09-11T13:57:14Z,,2026-09-17T13:44:09Z
3338,24456,231,BranchLink,FIN000000001118,completed,,,19.23,2026-09-07T20:53:51Z,2026-09-15T20:30:39Z,2026-09-17T13:44:09Z
3339,24457,242,airport-transferTrack,FIN000000001119,completed,,,20.9,2026-09-08T12:02:18Z,2026-09-16T00:24:08Z,2026-09-17T13:44:09Z
3340,24458,247,ClientRoute,FIN000000001120,completed,,,6.23,2026-09-08T09:38:56Z,2026-09-16T04:18:24Z,2026-09-17T13:44:09Z
3341,24463,222,SecureCourier,FIN000000001121,in_transit,,,15.87,2026-09-13T12:14:01Z,,2026-09-17T13:44:09Z
3342,24464,227,BranchLink,FIN000000001122,completed,,,7.95,2026-09-10T18:27:42Z,2026-09-15T15:09:33Z,2026-09-17T13:44:09Z
3343,24465,224,airport-transferTrack,FIN000000001123,completed,,,20.11,2026-09-13T23:01:46Z,2026-09-17T04:57:18Z,2026-09-17T13:44:09Z
3344,24466,248,ClientRoute,FIN000000001124,completed,,,16.34,2026-09-15T03:15:57Z,2026-09-16T14:58:32Z,2026-09-17T13:44:09Z
3345,24471,234,SecureCourier,FIN000000001125,in_transit,,,19.19,2026-09-11T13:47:30Z,,2026-09-17T13:44:09Z
3346,24472,228,BranchLink,FIN000000001126,completed,,,23.87,2026-09-13T08:37:35Z,2026-09-17T05:15:50Z,2026-09-17T13:44:09Z
3347,24473,249,airport-transferTrack,FIN000000001127,completed,,,18.08,2026-09-10T05:36:33Z,2026-09-15T15:38:30Z,2026-09-17T13:44:09Z
3348,24474,224,ClientRoute,FIN000000001128,completed,,,10.76,2026-09-11T09:25:57Z,2026-09-15T18:38:05Z,2026-09-17T13:44:09Z
3349,24479,227,SecureCourier,FIN000000001129,in_transit,,,6.42,2026-09-16T06:26:09Z,,2026-09-17T13:44:09Z
3350,24480,243,BranchLink,FIN000000001130,completed,,,16.78,2026-09-10T19:11:08Z,2026-09-16T05:12:53Z,2026-09-17T13:44:09Z
3351,24481,227,airport-transferTrack,FIN000000001131,completed,,,11.15,2026-09-16T05:29:38Z,2026-09-16T23:50:58Z,2026-09-17T13:44:09Z
3352,24482,222,ClientRoute,FIN000000001132,completed,,,17.71,2026-09-12T04:43:55Z,2026-09-17T05:27:41Z,2026-09-17T13:44:09Z
3353,24487,244,SecureCourier,FIN000000001133,in_transit,,,17.23,2026-09-12T05:50:52Z,,2026-09-17T13:44:09Z
3354,24488,224,BranchLink,FIN000000001134,completed,,,19.92,2026-09-07T15:57:55Z,2026-09-16T03:54:44Z,2026-09-17T13:44:09Z
3355,24489,250,airport-transferTrack,FIN000000001135,completed,,,18.62,2026-09-13T21:39:50Z,2026-09-17T00:08:40Z,2026-09-17T13:44:09Z
3356,24490,241,ClientRoute,FIN000000001136,completed,,,13.04,2026-09-09T17:30:42Z,2026-09-17T07:44:44Z,2026-09-17T13:44:09Z
3357,24495,221,SecureCourier,FIN000000001137,in_transit,,,5.96,2026-09-08T12:20:10Z,,2026-09-17T13:44:09Z
3358,24496,248,BranchLink,FIN000000001138,completed,,,9.99,2026-09-12T11:22:04Z,2026-09-17T10:54:58Z,2026-09-17T13:44:09Z
3359,24497,233,airport-transferTrack,FIN000000001139,completed,,,20.15,2026-09-11T03:56:16Z,2026-09-16T04:23:10Z,2026-09-17T13:44:09Z
3360,24498,241,ClientRoute,FIN000000001140,completed,,,6.35,2026-09-09T04:13:36Z,2026-09-16T15:05:23Z,2026-09-17T13:44:09Z
3361,24503,223,SecureCourier,FIN000000001141,in_transit,,,19.35,2026-09-11T05:59:07Z,,2026-09-17T13:44:09Z
3362,24504,229,BranchLink,FIN000000001142,completed,,,16.97,2026-09-14T15:19:55Z,2026-09-17T07:58:18Z,2026-09-17T13:44:09Z
3363,24505,234,airport-transferTrack,FIN000000001143,completed,,,10.32,2026-09-16T12:39:07Z,2026-09-16T14:50:34Z,2026-09-17T13:44:09Z
3364,24506,250,ClientRoute,FIN000000001144,completed,,,18.99,2026-09-15T21:29:19Z,2026-09-15T15:58:36Z,2026-09-17T13:44:09Z
3365,24511,222,SecureCourier,FIN000000001145,in_transit,,,5.62,2026-09-13T21:06:01Z,,2026-09-17T13:44:09Z
3366,24512,231,BranchLink,FIN000000001146,completed,,,14.91,2026-09-12T09:59:48Z,2026-09-15T16:09:43Z,2026-09-17T13:44:09Z
3367,24513,243,airport-transferTrack,FIN000000001147,completed,,,21.5,2026-09-09T15:22:19Z,2026-09-16T01:11:48Z,2026-09-17T13:44:09Z
3368,24514,226,ClientRoute,FIN000000001148,completed,,,5.23,2026-09-13T01:58:23Z,2026-09-17T12:26:01Z,2026-09-17T13:44:09Z
3369,24519,234,SecureCourier,FIN000000001149,in_transit,,,11.92,2026-09-14T02:56:00Z,,2026-09-17T13:44:09Z
3370,24520,226,BranchLink,FIN000000001150,completed,,,17.27,2026-09-09T17:14:55Z,2026-09-15T18:12:21Z,2026-09-17T13:44:09Z
3371,24521,223,airport-transferTrack,FIN000000001151,completed,,,21.01,2026-09-16T07:47:47Z,2026-09-16T01:40:01Z,2026-09-17T13:44:09Z
3372,24522,249,ClientRoute,FIN000000001152,completed,,,15.14,2026-09-13T20:05:50Z,2026-09-16T12:44:33Z,2026-09-17T13:44:09Z
3373,24527,246,SecureCourier,FIN000000001153,in_transit,,,18.82,2026-09-15T05:12:18Z,,2026-09-17T13:44:09Z
3374,24528,247,BranchLink,FIN000000001154,completed,,,11.74,2026-09-11T12:08:56Z,2026-09-16T04:44:14Z,2026-09-17T13:44:09Z
3375,24529,222,airport-transferTrack,FIN000000001155,completed,,,7.29,2026-09-12T08:33:59Z,2026-09-16T02:39:45Z,2026-09-17T13:44:09Z
3376,24530,239,ClientRoute,FIN000000001156,completed,,,24.1,2026-09-10T16:53:58Z,2026-09-16T14:17:15Z,2026-09-17T13:44:09Z
3377,24535,239,SecureCourier,FIN000000001157,in_transit,,,13.8,2026-09-13T01:12:27Z,,2026-09-17T13:44:09Z
3378,24536,229,BranchLink,FIN000000001158,completed,,,20.05,2026-09-11T05:46:53Z,2026-09-16T04:35:34Z,2026-09-17T13:44:09Z
3379,24537,242,airport-transferTrack,FIN000000001159,completed,,,14.31,2026-09-10T22:15:47Z,2026-09-16T08:41:56Z,2026-09-17T13:44:09Z
3380,24538,229,ClientRoute,FIN000000001160,completed,,,14.58,2026-09-10T15:13:15Z,2026-09-16T14:02:45Z,2026-09-17T13:44:09Z
3381,24543,233,SecureCourier,FIN000000001161,in_transit,,,19.78,2026-09-09T21:11:39Z,,2026-09-17T13:44:09Z
3382,24544,246,BranchLink,FIN000000001162,completed,,,12.29,2026-09-09T20:12:12Z,2026-09-15T15:57:09Z,2026-09-17T13:44:09Z
3383,24545,240,airport-transferTrack,FIN000000001163,completed,,,18.82,2026-09-11T15:19:36Z,2026-09-15T19:23:28Z,2026-09-17T13:44:09Z
3384,24546,222,ClientRoute,FIN000000001164,completed,,,16.53,2026-09-09T10:01:42Z,2026-09-15T23:42:52Z,2026-09-17T13:44:09Z
3385,24551,239,SecureCourier,FIN000000001165,in_transit,,,19.84,2026-09-07T20:30:34Z,,2026-09-17T13:44:09Z
3386,24552,244,BranchLink,FIN000000001166,completed,,,10.73,2026-09-09T12:07:51Z,2026-09-16T02:54:58Z,2026-09-17T13:44:09Z
3387,24553,227,airport-transferTrack,FIN000000001167,completed,,,16.7,2026-09-09T03:53:17Z,2026-09-17T04:33:19Z,2026-09-17T13:44:09Z
3388,24554,228,ClientRoute,FIN000000001168,completed,,,17.94,2026-09-09T16:52:01Z,2026-09-15T22:22:03Z,2026-09-17T13:44:09Z
3389,24559,237,SecureCourier,FIN000000001169,in_transit,,,13.38,2026-09-13T10:11:39Z,,2026-09-17T13:44:09Z
3390,24560,233,BranchLink,FIN000000001170,completed,,,19.15,2026-09-09T03:43:30Z,2026-09-17T10:36:35Z,2026-09-17T13:44:09Z
3391,24561,241,airport-transferTrack,FIN000000001171,completed,,,17.01,2026-09-09T18:06:36Z,2026-09-16T10:04:35Z,2026-09-17T13:44:09Z
3392,24562,243,ClientRoute,FIN000000001172,completed,,,11.67,2026-09-08T03:49:28Z,2026-09-16T00:29:10Z,2026-09-17T13:44:09Z
3393,24567,228,SecureCourier,FIN000000001173,in_transit,,,18.95,2026-09-08T15:29:16Z,,2026-09-17T13:44:09Z
3394,24568,224,BranchLink,FIN000000001174,completed,,,24.46,2026-09-12T02:08:21Z,2026-09-17T12:50:08Z,2026-09-17T13:44:09Z
3395,24569,239,airport-transferTrack,FIN000000001175,completed,,,6.45,2026-09-12T19:49:51Z,2026-09-17T10:45:46Z,2026-09-17T13:44:09Z
3396,24570,229,ClientRoute,FIN000000001176,completed,,,22.45,2026-09-10T20:39:04Z,2026-09-16T21:25:32Z,2026-09-17T13:44:09Z
3397,24575,243,SecureCourier,FIN000000001177,in_transit,,,10.39,2026-09-08T01:41:20Z,,2026-09-17T13:44:09Z
3398,24576,222,BranchLink,FIN000000001178,completed,,,17.59,2026-09-11T05:22:00Z,2026-09-17T10:48:27Z,2026-09-17T13:44:09Z
3399,24577,239,airport-transferTrack,FIN000000001179,completed,,,18.28,2026-09-11T21:48:13Z,2026-09-16T21:47:46Z,2026-09-17T13:44:09Z
3400,24578,249,ClientRoute,FIN000000001180,completed,,,12.76,2026-09-10T10:45:00Z,2026-09-16T07:11:06Z,2026-09-17T13:44:09Z
3401,24583,240,SecureCourier,FIN000000001181,in_transit,,,15.24,2026-09-09T06:31:16Z,,2026-09-17T13:44:09Z
3402,24584,241,BranchLink,FIN000000001182,completed,,,15.45,2026-09-08T23:30:32Z,2026-09-17T11:24:39Z,2026-09-17T13:44:09Z
3403,24585,247,airport-transferTrack,FIN000000001183,completed,,,11.79,2026-09-07T17:29:05Z,2026-09-15T17:15:50Z,2026-09-17T13:44:09Z
3404,24586,245,ClientRoute,FIN000000001184,completed,,,24.96,2026-09-14T03:40:33Z,2026-09-17T10:20:27Z,2026-09-17T13:44:09Z
3405,24591,245,SecureCourier,FIN000000001185,in_transit,,,21.71,2026-09-12T02:57:46Z,,2026-09-17T13:44:09Z
3406,24592,223,BranchLink,FIN000000001186,completed,,,7.85,2026-09-14T15:49:34Z,2026-09-15T15:53:19Z,2026-09-17T13:44:09Z
3407,24593,237,airport-transferTrack,FIN000000001187,completed,,,7.78,2026-09-11T21:27:22Z,2026-09-17T10:30:35Z,2026-09-17T13:44:09Z
3408,24594,229,ClientRoute,FIN000000001188,completed,,,18.48,2026-09-12T08:37:54Z,2026-09-16T07:16:50Z,2026-09-17T13:44:09Z
3409,24599,223,SecureCourier,FIN000000001189,in_transit,,,9.26,2026-09-15T21:09:50Z,,2026-09-17T13:44:09Z
3410,24600,227,BranchLink,FIN000000001190,completed,,,14.18,2026-09-14T03:13:08Z,2026-09-17T07:58:58Z,2026-09-17T13:44:09Z
3411,24601,248,airport-transferTrack,FIN000000001191,completed,,,24.1,2026-09-07T22:41:47Z,2026-09-16T09:20:26Z,2026-09-17T13:44:09Z
3412,24602,233,ClientRoute,FIN000000001192,completed,,,10.42,2026-09-13T06:37:31Z,2026-09-16T02:14:21Z,2026-09-17T13:44:09Z
3413,24607,225,SecureCourier,FIN000000001193,in_transit,,,5.91,2026-09-14T22:16:13Z,,2026-09-17T13:44:09Z
3414,24608,230,BranchLink,FIN000000001194,completed,,,19.81,2026-09-08T18:48:09Z,2026-09-15T23:05:16Z,2026-09-17T13:44:09Z
3415,24609,232,airport-transferTrack,FIN000000001195,completed,,,13.35,2026-09-15T08:52:22Z,2026-09-16T00:45:09Z,2026-09-17T13:44:09Z
3416,24610,239,ClientRoute,FIN000000001196,completed,,,17.11,2026-09-16T01:19:15Z,2026-09-16T07:31:22Z,2026-09-17T13:44:09Z
3417,24615,235,SecureCourier,FIN000000001197,in_transit,,,13.79,2026-09-14T18:03:34Z,,2026-09-17T13:44:09Z
3418,24616,229,BranchLink,FIN000000001198,completed,,,7.89,2026-09-13T06:07:02Z,2026-09-17T08:28:33Z,2026-09-17T13:44:09Z
3419,24617,233,airport-transferTrack,FIN000000001199,completed,,,5.72,2026-09-16T08:14:57Z,2026-09-15T16:27:17Z,2026-09-17T13:44:09Z
3420,24618,238,ClientRoute,FIN000000001200,completed,,,8.14,2026-09-10T21:36:01Z,2026-09-16T10:56:49Z,2026-09-17T13:44:09Z
3421,24623,223,SecureCourier,FIN000000001201,in_transit,,,22.01,2026-09-14T06:24:00Z,,2026-09-17T13:44:09Z
3422,24624,232,BranchLink,FIN000000001202,completed,,,11.23,2026-09-09T20:35:48Z,2026-09-17T10:26:43Z,2026-09-17T13:44:09Z
3423,24625,226,airport-transferTrack,FIN000000001203,completed,,,12.79,2026-09-13T05:15:20Z,2026-09-15T17:51:57Z,2026-09-17T13:44:09Z
3424,24626,222,ClientRoute,FIN000000001204,completed,,,22.72,2026-09-09T01:04:34Z,2026-09-16T10:38:08Z,2026-09-17T13:44:09Z
3425,24631,236,SecureCourier,FIN000000001205,in_transit,,,21.54,2026-09-11T04:31:36Z,,2026-09-17T13:44:09Z
3426,24632,245,BranchLink,FIN000000001206,completed,,,22.51,2026-09-08T05:13:39Z,2026-09-16T11:33:06Z,2026-09-17T13:44:09Z
3427,24633,241,airport-transferTrack,FIN000000001207,completed,,,8.52,2026-09-09T12:12:24Z,2026-09-16T18:47:55Z,2026-09-17T13:44:09Z
3428,24634,231,ClientRoute,FIN000000001208,completed,,,14.89,2026-09-09T23:08:03Z,2026-09-16T00:47:49Z,2026-09-17T13:44:09Z
3429,24639,239,SecureCourier,FIN000000001209,in_transit,,,19.2,2026-09-13T03:06:38Z,,2026-09-17T13:44:09Z
3430,24640,242,BranchLink,FIN000000001210,completed,,,10.37,2026-09-13T05:06:40Z,2026-09-17T06:29:40Z,2026-09-17T13:44:09Z
3431,24641,234,airport-transferTrack,FIN000000001211,completed,,,7.65,2026-09-08T01:19:48Z,2026-09-15T16:50:08Z,2026-09-17T13:44:09Z
3432,24642,247,ClientRoute,FIN000000001212,completed,,,7.22,2026-09-13T04:29:52Z,2026-09-15T17:13:41Z,2026-09-17T13:44:09Z
3433,24647,245,SecureCourier,FIN000000001213,in_transit,,,17.42,2026-09-14T02:11:06Z,,2026-09-17T13:44:09Z
3434,24648,245,BranchLink,FIN000000001214,completed,,,20.92,2026-09-10T05:52:00Z,2026-09-16T00:37:02Z,2026-09-17T13:44:09Z
3435,24649,248,airport-transferTrack,FIN000000001215,completed,,,20.51,2026-09-07T16:49:32Z,2026-09-17T10:29:45Z,2026-09-17T13:44:09Z
3436,24650,239,ClientRoute,FIN000000001216,completed,,,23.25,2026-09-12T15:06:02Z,2026-09-16T04:50:11Z,2026-09-17T13:44:09Z
3437,24655,235,SecureCourier,FIN000000001217,in_transit,,,24.58,2026-09-11T19:11:42Z,,2026-09-17T13:44:09Z
3438,24656,225,BranchLink,FIN000000001218,completed,,,20.29,2026-09-11T08:03:05Z,2026-09-16T06:27:19Z,2026-09-17T13:44:09Z
3439,24657,243,airport-transferTrack,FIN000000001219,completed,,,5.91,2026-09-12T12:10:02Z,2026-09-15T13:44:31Z,2026-09-17T13:44:09Z
3440,24658,241,ClientRoute,FIN000000001220,completed,,,24.57,2026-09-15T08:58:46Z,2026-09-16T18:55:30Z,2026-09-17T13:44:09Z
3441,24663,238,SecureCourier,FIN000000001221,in_transit,,,17.13,2026-09-11T18:28:49Z,,2026-09-17T13:44:09Z
3442,24664,238,BranchLink,FIN000000001222,completed,,,15.31,2026-09-10T01:20:34Z,2026-09-16T07:43:11Z,2026-09-17T13:44:09Z
3443,24665,235,airport-transferTrack,FIN000000001223,completed,,,10.26,2026-09-09T12:07:57Z,2026-09-17T07:11:09Z,2026-09-17T13:44:09Z
3444,24666,227,ClientRoute,FIN000000001224,completed,,,16.64,2026-09-12T14:20:39Z,2026-09-15T19:22:12Z,2026-09-17T13:44:09Z
3445,24671,240,SecureCourier,FIN000000001225,in_transit,,,15.1,2026-09-13T10:34:21Z,,2026-09-17T13:44:09Z
3446,24672,244,BranchLink,FIN000000001226,completed,,,7.65,2026-09-14T08:19:08Z,2026-09-16T04:50:10Z,2026-09-17T13:44:09Z
3447,24673,230,airport-transferTrack,FIN000000001227,completed,,,18.65,2026-09-08T03:47:52Z,2026-09-16T05:43:55Z,2026-09-17T13:44:09Z
3448,24674,239,ClientRoute,FIN000000001228,completed,,,14.03,2026-09-15T04:48:53Z,2026-09-16T19:28:49Z,2026-09-17T13:44:09Z
3449,24679,232,SecureCourier,FIN000000001229,in_transit,,,23.73,2026-09-14T05:36:13Z,,2026-09-17T13:44:09Z
3450,24680,229,BranchLink,FIN000000001230,completed,,,15.55,2026-09-13T09:42:41Z,2026-09-15T15:22:14Z,2026-09-17T13:44:09Z
3451,24681,236,airport-transferTrack,FIN000000001231,completed,,,22.8,2026-09-13T13:27:34Z,2026-09-17T11:07:34Z,2026-09-17T13:44:09Z
3452,24682,234,ClientRoute,FIN000000001232,completed,,,14.88,2026-09-14T19:23:59Z,2026-09-16T00:52:39Z,2026-09-17T13:44:09Z
3453,24687,234,SecureCourier,FIN000000001233,in_transit,,,18.39,2026-09-09T22:23:46Z,,2026-09-17T13:44:09Z
3454,24688,226,BranchLink,FIN000000001234,completed,,,20.35,2026-09-12T11:32:17Z,2026-09-16T06:43:35Z,2026-09-17T13:44:09Z
3455,24689,234,airport-transferTrack,FIN000000001235,completed,,,6.19,2026-09-14T18:58:07Z,2026-09-17T02:53:18Z,2026-09-17T13:44:09Z
3456,24690,245,ClientRoute,FIN000000001236,completed,,,5.02,2026-09-12T04:48:57Z,2026-09-16T07:42:03Z,2026-09-17T13:44:09Z
3457,24695,225,SecureCourier,FIN000000001237,in_transit,,,16.75,2026-09-13T14:23:40Z,,2026-09-17T13:44:09Z
3458,24696,225,BranchLink,FIN000000001238,completed,,,17.38,2026-09-16T00:22:40Z,2026-09-15T14:40:01Z,2026-09-17T13:44:09Z
3459,24697,221,airport-transferTrack,FIN000000001239,completed,,,6.84,2026-09-08T17:40:04Z,2026-09-15T21:23:12Z,2026-09-17T13:44:09Z
3460,24698,248,ClientRoute,FIN000000001240,completed,,,16.19,2026-09-11T03:02:50Z,2026-09-16T02:48:57Z,2026-09-17T13:44:09Z
3461,24703,228,SecureCourier,FIN000000001241,in_transit,,,16.67,2026-09-08T08:29:29Z,,2026-09-17T13:44:09Z
3462,24704,225,BranchLink,FIN000000001242,completed,,,13.14,2026-09-14T15:30:24Z,2026-09-16T05:44:06Z,2026-09-17T13:44:09Z
3463,24705,225,airport-transferTrack,FIN000000001243,completed,,,11.43,2026-09-10T02:45:13Z,2026-09-15T14:04:46Z,2026-09-17T13:44:09Z
3464,24706,243,ClientRoute,FIN000000001244,completed,,,5.92,2026-09-14T16:21:20Z,2026-09-16T09:13:52Z,2026-09-17T13:44:09Z
3465,24711,239,SecureCourier,FIN000000001245,in_transit,,,12.05,2026-09-11T11:57:03Z,,2026-09-17T13:44:09Z
3466,24712,232,BranchLink,FIN000000001246,completed,,,18.34,2026-09-08T04:21:46Z,2026-09-16T08:54:22Z,2026-09-17T13:44:09Z
3467,24713,235,airport-transferTrack,FIN000000001247,completed,,,22.16,2026-09-14T12:33:37Z,2026-09-17T08:59:43Z,2026-09-17T13:44:09Z
3468,24714,249,ClientRoute,FIN000000001248,completed,,,13.52,2026-09-12T08:27:24Z,2026-09-15T21:34:11Z,2026-09-17T13:44:09Z
3469,24719,246,SecureCourier,FIN000000001249,in_transit,,,12.75,2026-09-07T17:54:40Z,,2026-09-17T13:44:09Z
3470,24720,247,BranchLink,FIN000000001250,completed,,,15.58,2026-09-08T12:36:36Z,2026-09-16T08:11:20Z,2026-09-17T13:44:09Z
3471,24721,239,airport-transferTrack,FIN000000001251,completed,,,12.84,2026-09-11T08:04:15Z,2026-09-16T01:33:23Z,2026-09-17T13:44:09Z
3472,24722,230,ClientRoute,FIN000000001252,completed,,,12.28,2026-09-11T17:55:25Z,2026-09-16T22:04:45Z,2026-09-17T13:44:09Z
3473,24727,237,SecureCourier,FIN000000001253,in_transit,,,18.98,2026-09-14T18:34:32Z,,2026-09-17T13:44:09Z
3474,24728,225,BranchLink,FIN000000001254,completed,,,14.65,2026-09-14T05:48:23Z,2026-09-15T20:16:03Z,2026-09-17T13:44:09Z
3475,24729,226,airport-transferTrack,FIN000000001255,completed,,,11.62,2026-09-13T20:13:51Z,2026-09-15T14:49:13Z,2026-09-17T13:44:09Z
3476,24730,222,ClientRoute,FIN000000001256,completed,,,5.47,2026-09-09T02:18:53Z,2026-09-16T15:00:11Z,2026-09-17T13:44:09Z
3477,24735,241,SecureCourier,FIN000000001257,in_transit,,,23.88,2026-09-11T01:55:49Z,,2026-09-17T13:44:09Z
3478,24736,250,BranchLink,FIN000000001258,completed,,,22,2026-09-11T17:11:14Z,2026-09-16T04:51:04Z,2026-09-17T13:44:09Z
3479,24737,232,airport-transferTrack,FIN000000001259,completed,,,17.83,2026-09-16T01:49:34Z,2026-09-16T23:38:19Z,2026-09-17T13:44:09Z
3480,24738,249,ClientRoute,FIN000000001260,completed,,,21.09,2026-09-07T20:48:15Z,2026-09-16T12:14:12Z,2026-09-17T13:44:09Z
3481,24743,231,SecureCourier,FIN000000001261,in_transit,,,23.93,2026-09-16T08:20:39Z,,2026-09-17T13:44:09Z
3482,24744,227,BranchLink,FIN000000001262,completed,,,9.92,2026-09-10T09:39:07Z,2026-09-16T05:03:46Z,2026-09-17T13:44:09Z
3483,24745,240,airport-transferTrack,FIN000000001263,completed,,,22.3,2026-09-09T05:16:15Z,2026-09-16T20:45:25Z,2026-09-17T13:44:09Z
3484,24746,223,ClientRoute,FIN000000001264,completed,,,11.11,2026-09-11T10:43:16Z,2026-09-16T18:15:43Z,2026-09-17T13:44:09Z
3485,24751,239,SecureCourier,FIN000000001265,in_transit,,,15.87,2026-09-09T16:01:30Z,,2026-09-17T13:44:09Z
3486,24752,238,BranchLink,FIN000000001266,completed,,,20.88,2026-09-11T17:28:27Z,2026-09-16T07:00:43Z,2026-09-17T13:44:09Z
3487,24753,229,airport-transferTrack,FIN000000001267,completed,,,23.97,2026-09-09T19:40:53Z,2026-09-16T13:10:35Z,2026-09-17T13:44:09Z
3488,24754,247,ClientRoute,FIN000000001268,completed,,,7.47,2026-09-16T12:15:25Z,2026-09-17T07:43:20Z,2026-09-17T13:44:09Z
3489,24759,238,SecureCourier,FIN000000001269,in_transit,,,13.18,2026-09-12T12:25:17Z,,2026-09-17T13:44:09Z
3490,24760,242,BranchLink,FIN000000001270,completed,,,7.05,2026-09-14T11:32:46Z,2026-09-15T13:52:20Z,2026-09-17T13:44:09Z
3491,24761,247,airport-transferTrack,FIN000000001271,completed,,,11.61,2026-09-11T21:10:00Z,2026-09-17T11:23:26Z,2026-09-17T13:44:09Z
3492,24762,233,ClientRoute,FIN000000001272,completed,,,15.54,2026-09-11T03:49:29Z,2026-09-16T03:06:54Z,2026-09-17T13:44:09Z
3493,24767,230,SecureCourier,FIN000000001273,in_transit,,,12.34,2026-09-10T08:55:40Z,,2026-09-17T13:44:09Z
3494,24768,233,BranchLink,FIN000000001274,completed,,,11.38,2026-09-08T03:22:44Z,2026-09-16T15:42:09Z,2026-09-17T13:44:09Z
3495,24769,230,airport-transferTrack,FIN000000001275,completed,,,16.25,2026-09-16T09:22:37Z,2026-09-17T08:40:03Z,2026-09-17T13:44:09Z
3496,24770,246,ClientRoute,FIN000000001276,completed,,,8.32,2026-09-10T07:10:07Z,2026-09-17T06:26:55Z,2026-09-17T13:44:09Z
3497,24775,237,SecureCourier,FIN000000001277,in_transit,,,24.22,2026-09-16T02:00:33Z,,2026-09-17T13:44:09Z
3498,24776,249,BranchLink,FIN000000001278,completed,,,18.96,2026-09-10T23:31:21Z,2026-09-17T09:09:58Z,2026-09-17T13:44:09Z
3499,24777,231,airport-transferTrack,FIN000000001279,completed,,,12.06,2026-09-12T15:25:29Z,2026-09-16T23:47:03Z,2026-09-17T13:44:09Z
3500,24778,242,ClientRoute,FIN000000001280,completed,,,10.04,2026-09-09T10:15:47Z,2026-09-15T17:15:12Z,2026-09-17T13:44:09Z
3501,24783,221,SecureCourier,FIN000000001281,in_transit,,,13.54,2026-09-16T06:28:50Z,,2026-09-17T13:44:09Z
3502,24784,236,BranchLink,FIN000000001282,completed,,,9.75,2026-09-15T20:01:33Z,2026-09-16T05:19:37Z,2026-09-17T13:44:09Z
3503,24785,229,airport-transferTrack,FIN000000001283,completed,,,23.87,2026-09-15T01:09:32Z,2026-09-17T00:28:36Z,2026-09-17T13:44:09Z
3504,24786,231,ClientRoute,FIN000000001284,completed,,,18.34,2026-09-14T22:44:02Z,2026-09-16T02:51:09Z,2026-09-17T13:44:09Z
3505,24791,241,SecureCourier,FIN000000001285,in_transit,,,11.46,2026-09-09T19:22:16Z,,2026-09-17T13:44:09Z
3506,24792,237,BranchLink,FIN000000001286,completed,,,14.8,2026-09-07T23:26:22Z,2026-09-15T17:20:51Z,2026-09-17T13:44:09Z
3507,24793,229,airport-transferTrack,FIN000000001287,completed,,,21.36,2026-09-13T14:02:15Z,2026-09-17T11:06:35Z,2026-09-17T13:44:09Z
3508,24794,240,ClientRoute,FIN000000001288,completed,,,13.44,2026-09-15T13:33:44Z,2026-09-16T19:13:00Z,2026-09-17T13:44:09Z
3509,24799,240,SecureCourier,FIN000000001289,in_transit,,,9.29,2026-09-15T01:26:55Z,,2026-09-17T13:44:09Z
3510,24800,222,BranchLink,FIN000000001290,completed,,,24.68,2026-09-14T23:38:11Z,2026-09-17T12:01:23Z,2026-09-17T13:44:09Z
3511,24801,245,airport-transferTrack,FIN000000001291,completed,,,14.06,2026-09-16T07:30:57Z,2026-09-16T09:56:27Z,2026-09-17T13:44:09Z
3512,24802,236,ClientRoute,FIN000000001292,completed,,,11.4,2026-09-11T09:28:50Z,2026-09-17T07:23:17Z,2026-09-17T13:44:09Z
3513,24807,233,SecureCourier,FIN000000001293,in_transit,,,22.36,2026-09-12T16:32:47Z,,2026-09-17T13:44:09Z
3514,24808,246,BranchLink,FIN000000001294,completed,,,17.31,2026-09-14T09:57:27Z,2026-09-16T13:35:39Z,2026-09-17T13:44:09Z
3515,24809,234,airport-transferTrack,FIN000000001295,completed,,,23.04,2026-09-11T05:08:48Z,2026-09-15T15:42:40Z,2026-09-17T13:44:09Z
3516,24810,223,ClientRoute,FIN000000001296,completed,,,17.08,2026-09-16T10:13:45Z,2026-09-17T03:51:06Z,2026-09-17T13:44:09Z
3517,24815,224,SecureCourier,FIN000000001297,in_transit,,,17.01,2026-09-11T11:23:58Z,,2026-09-17T13:44:09Z
3518,24816,242,BranchLink,FIN000000001298,completed,,,22.56,2026-09-09T13:04:05Z,2026-09-16T00:04:43Z,2026-09-17T13:44:09Z
3519,24817,221,airport-transferTrack,FIN000000001299,completed,,,21.01,2026-09-08T21:00:47Z,2026-09-15T23:53:55Z,2026-09-17T13:44:09Z
3520,24818,225,ClientRoute,FIN000000001300,completed,,,13.16,2026-09-15T14:59:55Z,2026-09-15T14:21:28Z,2026-09-17T13:44:09Z
3521,24823,225,SecureCourier,FIN000000001301,in_transit,,,5.75,2026-09-12T19:51:13Z,,2026-09-17T13:44:09Z
3522,24824,222,BranchLink,FIN000000001302,completed,,,7.46,2026-09-11T13:03:53Z,2026-09-16T23:28:19Z,2026-09-17T13:44:09Z
3523,24825,237,airport-transferTrack,FIN000000001303,completed,,,12.98,2026-09-07T17:21:37Z,2026-09-16T08:42:00Z,2026-09-17T13:44:09Z
3524,24826,232,ClientRoute,FIN000000001304,completed,,,8.42,2026-09-16T04:13:15Z,2026-09-16T15:31:37Z,2026-09-17T13:44:09Z
3525,24831,231,SecureCourier,FIN000000001305,in_transit,,,17.26,2026-09-11T16:33:40Z,,2026-09-17T13:44:09Z
3526,24832,226,BranchLink,FIN000000001306,completed,,,16.45,2026-09-15T08:34:26Z,2026-09-16T10:05:17Z,2026-09-17T13:44:09Z
3527,24833,230,airport-transferTrack,FIN000000001307,completed,,,23.97,2026-09-15T00:57:44Z,2026-09-16T19:30:13Z,2026-09-17T13:44:09Z
3528,24834,234,ClientRoute,FIN000000001308,completed,,,13.02,2026-09-10T18:20:37Z,2026-09-16T12:31:19Z,2026-09-17T13:44:09Z
3529,24839,231,SecureCourier,FIN000000001309,in_transit,,,11.57,2026-09-13T09:41:13Z,,2026-09-17T13:44:09Z
3530,24840,240,BranchLink,FIN000000001310,completed,,,20.39,2026-09-09T14:19:43Z,2026-09-17T07:15:20Z,2026-09-17T13:44:09Z
3531,24841,228,airport-transferTrack,FIN000000001311,completed,,,9.72,2026-09-14T11:41:19Z,2026-09-16T09:08:06Z,2026-09-17T13:44:09Z
3532,24842,234,ClientRoute,FIN000000001312,completed,,,10.53,2026-09-11T06:34:28Z,2026-09-15T15:08:58Z,2026-09-17T13:44:09Z
3533,24847,246,SecureCourier,FIN000000001313,in_transit,,,11.92,2026-09-13T12:51:14Z,,2026-09-17T13:44:09Z
3534,24848,249,BranchLink,FIN000000001314,completed,,,6.49,2026-09-15T17:47:34Z,2026-09-15T21:41:43Z,2026-09-17T13:44:09Z
3535,24849,232,airport-transferTrack,FIN000000001315,completed,,,5.14,2026-09-15T08:03:11Z,2026-09-17T05:01:35Z,2026-09-17T13:44:09Z
3536,24850,226,ClientRoute,FIN000000001316,completed,,,9.76,2026-09-11T08:43:58Z,2026-09-15T23:40:05Z,2026-09-17T13:44:09Z
3537,24855,245,SecureCourier,FIN000000001317,in_transit,,,24.35,2026-09-14T00:14:04Z,,2026-09-17T13:44:09Z
3538,24856,238,BranchLink,FIN000000001318,completed,,,17.35,2026-09-13T03:07:13Z,2026-09-15T21:49:12Z,2026-09-17T13:44:09Z
3539,24857,231,airport-transferTrack,FIN000000001319,completed,,,18.31,2026-09-10T07:58:24Z,2026-09-16T13:44:58Z,2026-09-17T13:44:09Z
3540,24858,224,ClientRoute,FIN000000001320,completed,,,13.79,2026-09-11T17:08:41Z,2026-09-16T14:25:04Z,2026-09-17T13:44:09Z
3541,24863,249,SecureCourier,FIN000000001321,in_transit,,,8.63,2026-09-11T22:46:04Z,,2026-09-17T13:44:09Z
3542,24864,229,BranchLink,FIN000000001322,completed,,,19.09,2026-09-15T07:54:53Z,2026-09-16T23:44:30Z,2026-09-17T13:44:09Z
3543,24865,245,airport-transferTrack,FIN000000001323,completed,,,13.43,2026-09-07T20:48:09Z,2026-09-17T02:45:37Z,2026-09-17T13:44:09Z
3544,24866,248,ClientRoute,FIN000000001324,completed,,,5.45,2026-09-13T23:11:18Z,2026-09-17T03:17:08Z,2026-09-17T13:44:09Z
3545,24871,237,SecureCourier,FIN000000001325,in_transit,,,20.7,2026-09-08T16:05:34Z,,2026-09-17T13:44:09Z
3546,24872,224,BranchLink,FIN000000001326,completed,,,20.41,2026-09-15T15:09:11Z,2026-09-15T18:22:44Z,2026-09-17T13:44:09Z
3547,24873,234,airport-transferTrack,FIN000000001327,completed,,,13.21,2026-09-07T19:41:00Z,2026-09-17T01:01:14Z,2026-09-17T13:44:09Z
3548,24874,244,ClientRoute,FIN000000001328,completed,,,8.06,2026-09-12T19:58:10Z,2026-09-16T16:01:04Z,2026-09-17T13:44:09Z
3549,24879,243,SecureCourier,FIN000000001329,in_transit,,,20.73,2026-09-13T04:52:41Z,,2026-09-17T13:44:09Z
3550,24880,227,BranchLink,FIN000000001330,completed,,,19.74,2026-09-08T00:07:45Z,2026-09-17T03:53:59Z,2026-09-17T13:44:09Z
3551,24881,242,airport-transferTrack,FIN000000001331,completed,,,10.69,2026-09-10T01:37:58Z,2026-09-15T20:26:24Z,2026-09-17T13:44:09Z
3552,24882,243,ClientRoute,FIN000000001332,completed,,,17.66,2026-09-10T03:33:53Z,2026-09-16T02:24:00Z,2026-09-17T13:44:09Z
3553,24887,248,SecureCourier,FIN000000001333,in_transit,,,23.47,2026-09-15T02:22:28Z,,2026-09-17T13:44:09Z
3554,24888,221,BranchLink,FIN000000001334,completed,,,14.84,2026-09-12T01:44:29Z,2026-09-16T17:45:59Z,2026-09-17T13:44:09Z
3555,24889,234,airport-transferTrack,FIN000000001335,completed,,,15.31,2026-09-08T02:38:39Z,2026-09-17T00:46:13Z,2026-09-17T13:44:09Z
3556,24890,227,ClientRoute,FIN000000001336,completed,,,21.9,2026-09-12T08:17:23Z,2026-09-15T20:56:29Z,2026-09-17T13:44:09Z
3557,24895,235,SecureCourier,FIN000000001337,in_transit,,,16.73,2026-09-16T06:03:55Z,,2026-09-17T13:44:09Z
3558,24896,222,BranchLink,FIN000000001338,completed,,,21.26,2026-09-07T16:40:17Z,2026-09-15T21:01:55Z,2026-09-17T13:44:09Z
3559,24897,222,airport-transferTrack,FIN000000001339,completed,,,18.72,2026-09-09T17:03:08Z,2026-09-16T09:58:13Z,2026-09-17T13:44:09Z
3560,24898,232,ClientRoute,FIN000000001340,completed,,,24.08,2026-09-12T06:32:30Z,2026-09-17T13:26:08Z,2026-09-17T13:44:09Z
3561,24903,249,SecureCourier,FIN000000001341,in_transit,,,13.11,2026-09-16T00:45:41Z,,2026-09-17T13:44:09Z
3562,24904,245,BranchLink,FIN000000001342,completed,,,13.22,2026-09-12T11:42:56Z,2026-09-17T06:36:06Z,2026-09-17T13:44:09Z
3563,24905,229,airport-transferTrack,FIN000000001343,completed,,,23.16,2026-09-10T08:56:30Z,2026-09-15T16:12:09Z,2026-09-17T13:44:09Z
3564,24906,225,ClientRoute,FIN000000001344,completed,,,7.64,2026-09-15T06:08:31Z,2026-09-15T21:09:25Z,2026-09-17T13:44:09Z
3565,24911,242,SecureCourier,FIN000000001345,in_transit,,,7.76,2026-09-16T10:24:03Z,,2026-09-17T13:44:09Z
3566,24912,227,BranchLink,FIN000000001346,completed,,,11.78,2026-09-15T09:42:54Z,2026-09-15T16:37:00Z,2026-09-17T13:44:09Z
3567,24913,244,airport-transferTrack,FIN000000001347,completed,,,20.91,2026-09-13T23:58:18Z,2026-09-16T22:45:55Z,2026-09-17T13:44:09Z
3568,24914,221,ClientRoute,FIN000000001348,completed,,,6.66,2026-09-15T16:37:44Z,2026-09-15T20:52:21Z,2026-09-17T13:44:09Z
3569,24919,222,SecureCourier,FIN000000001349,in_transit,,,10.55,2026-09-14T12:56:42Z,,2026-09-17T13:44:09Z
3570,24920,246,BranchLink,FIN000000001350,completed,,,17.66,2026-09-10T05:57:05Z,2026-09-15T20:27:31Z,2026-09-17T13:44:09Z
3571,24921,227,airport-transferTrack,FIN000000001351,completed,,,17.24,2026-09-12T04:04:45Z,2026-09-16T04:41:15Z,2026-09-17T13:44:09Z
3572,24922,233,ClientRoute,FIN000000001352,completed,,,22.99,2026-09-09T21:49:01Z,2026-09-15T14:26:42Z,2026-09-17T13:44:09Z
3573,24927,225,SecureCourier,FIN000000001353,in_transit,,,24.32,2026-09-09T22:14:21Z,,2026-09-17T13:44:09Z
3574,24928,234,BranchLink,FIN000000001354,completed,,,18.52,2026-09-14T20:24:20Z,2026-09-16T06:17:12Z,2026-09-17T13:44:09Z
3575,24929,247,airport-transferTrack,FIN000000001355,completed,,,11.91,2026-09-15T14:40:33Z,2026-09-16T21:19:36Z,2026-09-17T13:44:09Z
3576,24930,243,ClientRoute,FIN000000001356,completed,,,6.31,2026-09-15T14:38:17Z,2026-09-15T21:41:49Z,2026-09-17T13:44:09Z
3577,24935,229,SecureCourier,FIN000000001357,in_transit,,,22.33,2026-09-15T13:03:33Z,,2026-09-17T13:44:09Z
3578,24936,240,BranchLink,FIN000000001358,completed,,,6.14,2026-09-11T17:20:11Z,2026-09-17T10:55:22Z,2026-09-17T13:44:09Z
3579,24937,245,airport-transferTrack,FIN000000001359,completed,,,10.48,2026-09-15T10:02:38Z,2026-09-16T21:01:02Z,2026-09-17T13:44:09Z
3580,24938,227,ClientRoute,FIN000000001360,completed,,,24.79,2026-09-12T04:57:05Z,2026-09-16T22:56:26Z,2026-09-17T13:44:09Z
3581,24943,231,SecureCourier,FIN000000001361,in_transit,,,15.08,2026-09-08T08:23:24Z,,2026-09-17T13:44:09Z
3582,24944,245,BranchLink,FIN000000001362,completed,,,15.58,2026-09-14T13:01:03Z,2026-09-17T05:47:13Z,2026-09-17T13:44:09Z
3583,24945,223,airport-transferTrack,FIN000000001363,completed,,,16.99,2026-09-16T02:33:41Z,2026-09-17T05:42:44Z,2026-09-17T13:44:09Z
3584,24946,242,ClientRoute,FIN000000001364,completed,,,11.07,2026-09-14T03:08:35Z,2026-09-15T20:42:52Z,2026-09-17T13:44:09Z
3585,24951,242,SecureCourier,FIN000000001365,in_transit,,,22.55,2026-09-15T08:37:52Z,,2026-09-17T13:44:09Z
3586,24952,232,BranchLink,FIN000000001366,completed,,,10.82,2026-09-10T16:31:17Z,2026-09-15T20:04:36Z,2026-09-17T13:44:09Z
3587,24953,245,airport-transferTrack,FIN000000001367,completed,,,22.09,2026-09-13T00:23:36Z,2026-09-17T01:58:53Z,2026-09-17T13:44:09Z
3588,24954,223,ClientRoute,FIN000000001368,completed,,,7.02,2026-09-14T21:27:33Z,2026-09-16T18:44:42Z,2026-09-17T13:44:09Z
3589,24959,239,SecureCourier,FIN000000001369,in_transit,,,8.5,2026-09-07T18:01:40Z,,2026-09-17T13:44:09Z
3590,24960,222,BranchLink,FIN000000001370,completed,,,9.82,2026-09-10T16:12:33Z,2026-09-15T19:55:43Z,2026-09-17T13:44:09Z
3591,24961,227,airport-transferTrack,FIN000000001371,completed,,,17.09,2026-09-09T23:21:00Z,2026-09-17T01:54:36Z,2026-09-17T13:44:09Z
3592,24962,224,ClientRoute,FIN000000001372,completed,,,18.2,2026-09-08T10:22:10Z,2026-09-16T00:29:47Z,2026-09-17T13:44:09Z
3593,24967,242,SecureCourier,FIN000000001373,in_transit,,,20.36,2026-09-09T23:15:24Z,,2026-09-17T13:44:09Z
3594,24968,236,BranchLink,FIN000000001374,completed,,,12.75,2026-09-13T14:52:49Z,2026-09-17T13:15:48Z,2026-09-17T13:44:09Z
3595,24969,241,airport-transferTrack,FIN000000001375,completed,,,14.75,2026-09-11T11:06:41Z,2026-09-15T23:10:45Z,2026-09-17T13:44:09Z
3596,24970,234,ClientRoute,FIN000000001376,completed,,,8.06,2026-09-10T23:06:45Z,2026-09-17T03:37:17Z,2026-09-17T13:44:09Z
3597,24975,233,SecureCourier,FIN000000001377,in_transit,,,14.21,2026-09-14T23:40:18Z,,2026-09-17T13:44:09Z
3598,24976,228,BranchLink,FIN000000001378,completed,,,20.23,2026-09-09T18:31:54Z,2026-09-15T18:42:47Z,2026-09-17T13:44:09Z
3599,24977,221,airport-transferTrack,FIN000000001379,completed,,,15.64,2026-09-13T08:19:56Z,2026-09-16T10:38:04Z,2026-09-17T13:44:09Z
3600,24978,224,ClientRoute,FIN000000001380,completed,,,23.85,2026-09-10T11:04:13Z,2026-09-16T09:48:53Z,2026-09-17T13:44:09Z
3601,24983,240,SecureCourier,FIN000000001381,in_transit,,,16.26,2026-09-15T18:57:37Z,,2026-09-17T13:44:09Z
3602,24984,236,BranchLink,FIN000000001382,completed,,,24.76,2026-09-13T00:54:15Z,2026-09-15T22:26:18Z,2026-09-17T13:44:09Z
3603,24985,250,airport-transferTrack,FIN000000001383,completed,,,21.11,2026-09-08T17:41:18Z,2026-09-15T15:37:57Z,2026-09-17T13:44:09Z
3604,24986,236,ClientRoute,FIN000000001384,completed,,,5.7,2026-09-15T13:09:44Z,2026-09-16T13:38:32Z,2026-09-17T13:44:09Z
3605,24991,234,SecureCourier,FIN000000001385,in_transit,,,6.24,2026-09-11T17:49:11Z,,2026-09-17T13:44:09Z
3606,24992,234,BranchLink,FIN000000001386,completed,,,7.1,2026-09-14T03:13:29Z,2026-09-15T19:27:10Z,2026-09-17T13:44:09Z
3607,24993,240,airport-transferTrack,FIN000000001387,completed,,,24.3,2026-09-10T04:18:21Z,2026-09-15T15:22:49Z,2026-09-17T13:44:09Z
3608,24994,228,ClientRoute,FIN000000001388,completed,,,10.96,2026-09-14T09:57:17Z,2026-09-16T07:48:32Z,2026-09-17T13:44:09Z
3609,24999,243,SecureCourier,FIN000000001389,in_transit,,,7.6,2026-09-12T06:20:42Z,,2026-09-17T13:44:09Z
3610,25000,234,BranchLink,FIN000000001390,completed,,,21.07,2026-09-14T03:21:33Z,2026-09-16T12:51:15Z,2026-09-17T13:44:09Z
3611,25001,225,airport-transferTrack,FIN000000001391,completed,,,15.99,2026-09-13T05:25:50Z,2026-09-16T19:03:06Z,2026-09-17T13:44:09Z
3612,25002,222,ClientRoute,FIN000000001392,completed,,,14.98,2026-09-09T19:13:32Z,2026-09-16T12:39:07Z,2026-09-17T13:44:09Z
3613,25007,243,SecureCourier,FIN000000001393,in_transit,,,6.71,2026-09-10T01:41:37Z,,2026-09-17T13:44:09Z
3614,25008,222,BranchLink,FIN000000001394,completed,,,24.82,2026-09-14T10:58:34Z,2026-09-17T11:23:17Z,2026-09-17T13:44:09Z
3615,25009,223,airport-transferTrack,FIN000000001395,completed,,,17.84,2026-09-14T23:56:53Z,2026-09-15T20:52:13Z,2026-09-17T13:44:09Z
3616,25010,240,ClientRoute,FIN000000001396,completed,,,9.93,2026-09-11T13:41:49Z,2026-09-16T10:58:46Z,2026-09-17T13:44:09Z
3617,25015,221,SecureCourier,FIN000000001397,in_transit,,,17.3,2026-09-12T10:08:10Z,,2026-09-17T13:44:09Z
3618,25016,226,BranchLink,FIN000000001398,completed,,,7.19,2026-09-12T00:36:16Z,2026-09-17T01:31:20Z,2026-09-17T13:44:09Z
3619,25017,227,airport-transferTrack,FIN000000001399,completed,,,17.2,2026-09-14T06:27:48Z,2026-09-15T18:38:08Z,2026-09-17T13:44:09Z
3620,25018,227,ClientRoute,FIN000000001400,completed,,,14.12,2026-09-13T13:37:41Z,2026-09-15T17:06:40Z,2026-09-17T13:44:09Z
3621,25023,246,SecureCourier,FIN000000001401,in_transit,,,16.26,2026-09-10T05:42:45Z,,2026-09-17T13:44:09Z
3622,25024,234,BranchLink,FIN000000001402,completed,,,20.02,2026-09-12T01:12:41Z,2026-09-15T17:02:38Z,2026-09-17T13:44:09Z
3623,25025,225,airport-transferTrack,FIN000000001403,completed,,,24.78,2026-09-11T18:25:14Z,2026-09-17T07:04:32Z,2026-09-17T13:44:09Z
3624,25026,250,ClientRoute,FIN000000001404,completed,,,18.8,2026-09-11T01:12:59Z,2026-09-15T20:04:26Z,2026-09-17T13:44:09Z
3625,25031,223,SecureCourier,FIN000000001405,in_transit,,,9.34,2026-09-11T00:44:01Z,,2026-09-17T13:44:09Z
3626,25032,225,BranchLink,FIN000000001406,completed,,,14.88,2026-09-10T08:55:10Z,2026-09-17T10:15:04Z,2026-09-17T13:44:09Z
3627,25033,228,airport-transferTrack,FIN000000001407,completed,,,14.08,2026-09-11T00:39:15Z,2026-09-15T16:44:06Z,2026-09-17T13:44:09Z
3628,25034,227,ClientRoute,FIN000000001408,completed,,,10.66,2026-09-10T05:30:43Z,2026-09-16T22:48:04Z,2026-09-17T13:44:09Z
3629,25039,241,SecureCourier,FIN000000001409,in_transit,,,23.46,2026-09-11T15:52:26Z,,2026-09-17T13:44:09Z
3630,25040,231,BranchLink,FIN000000001410,completed,,,8.1,2026-09-08T14:19:09Z,2026-09-15T15:57:11Z,2026-09-17T13:44:09Z
3631,25041,244,airport-transferTrack,FIN000000001411,completed,,,16.73,2026-09-14T23:29:17Z,2026-09-16T17:37:19Z,2026-09-17T13:44:09Z
3632,25042,241,ClientRoute,FIN000000001412,completed,,,19.29,2026-09-11T10:55:18Z,2026-09-15T22:26:07Z,2026-09-17T13:44:09Z
3633,25047,223,SecureCourier,FIN000000001413,in_transit,,,23.83,2026-09-09T04:03:49Z,,2026-09-17T13:44:09Z
3634,25048,250,BranchLink,FIN000000001414,completed,,,12.04,2026-09-08T00:08:30Z,2026-09-16T13:48:36Z,2026-09-17T13:44:09Z
3635,25049,227,airport-transferTrack,FIN000000001415,completed,,,18.95,2026-09-15T17:10:55Z,2026-09-15T22:59:04Z,2026-09-17T13:44:09Z
3636,25050,242,ClientRoute,FIN000000001416,completed,,,14.39,2026-09-11T22:40:08Z,2026-09-16T17:01:19Z,2026-09-17T13:44:09Z
3637,25055,246,SecureCourier,FIN000000001417,in_transit,,,23.41,2026-09-15T10:21:23Z,,2026-09-17T13:44:09Z
3638,25056,237,BranchLink,FIN000000001418,completed,,,11.88,2026-09-16T00:19:09Z,2026-09-16T14:46:06Z,2026-09-17T13:44:09Z
3639,25057,224,airport-transferTrack,FIN000000001419,completed,,,16.16,2026-09-10T09:46:22Z,2026-09-16T12:57:26Z,2026-09-17T13:44:09Z
3640,25058,248,ClientRoute,FIN000000001420,completed,,,21.59,2026-09-16T05:56:22Z,2026-09-16T11:38:04Z,2026-09-17T13:44:09Z
3641,25063,239,SecureCourier,FIN000000001421,in_transit,,,8.24,2026-09-15T04:29:52Z,,2026-09-17T13:44:09Z
3642,25064,240,BranchLink,FIN000000001422,completed,,,23.37,2026-09-14T17:21:33Z,2026-09-16T02:23:14Z,2026-09-17T13:44:09Z
3643,25065,240,airport-transferTrack,FIN000000001423,completed,,,7.78,2026-09-15T10:45:35Z,2026-09-16T19:19:44Z,2026-09-17T13:44:09Z
3644,25066,229,ClientRoute,FIN000000001424,completed,,,19.99,2026-09-10T23:26:37Z,2026-09-16T06:57:59Z,2026-09-17T13:44:09Z
3645,25071,246,SecureCourier,FIN000000001425,in_transit,,,21.68,2026-09-10T07:09:03Z,,2026-09-17T13:44:09Z
3646,25072,238,BranchLink,FIN000000001426,completed,,,12.96,2026-09-07T20:42:50Z,2026-09-17T00:03:10Z,2026-09-17T13:44:09Z
3647,25073,233,airport-transferTrack,FIN000000001427,completed,,,13.06,2026-09-12T04:49:22Z,2026-09-15T15:26:19Z,2026-09-17T13:44:09Z
3648,25074,248,ClientRoute,FIN000000001428,completed,,,13.47,2026-09-15T08:31:27Z,2026-09-16T06:51:21Z,2026-09-17T13:44:09Z
3649,25079,222,SecureCourier,FIN000000001429,in_transit,,,12.98,2026-09-15T17:40:28Z,,2026-09-17T13:44:09Z
3650,25080,248,BranchLink,FIN000000001430,completed,,,24.93,2026-09-10T02:41:26Z,2026-09-17T00:35:37Z,2026-09-17T13:44:09Z
3651,25081,236,airport-transferTrack,FIN000000001431,completed,,,12.65,2026-09-07T19:18:07Z,2026-09-15T18:23:37Z,2026-09-17T13:44:09Z
3652,25082,250,ClientRoute,FIN000000001432,completed,,,23.98,2026-09-13T17:02:22Z,2026-09-16T12:24:47Z,2026-09-17T13:44:09Z
3653,25087,230,SecureCourier,FIN000000001433,in_transit,,,15.24,2026-09-13T21:23:41Z,,2026-09-17T13:44:09Z
3654,25088,241,BranchLink,FIN000000001434,completed,,,24.35,2026-09-12T17:28:01Z,2026-09-16T12:42:03Z,2026-09-17T13:44:09Z
3655,25089,225,airport-transferTrack,FIN000000001435,completed,,,22.79,2026-09-14T11:51:03Z,2026-09-16T01:02:56Z,2026-09-17T13:44:09Z
3656,25090,246,ClientRoute,FIN000000001436,completed,,,14.41,2026-09-13T22:58:29Z,2026-09-16T05:04:48Z,2026-09-17T13:44:09Z
3657,25095,229,SecureCourier,FIN000000001437,in_transit,,,10.22,2026-09-15T03:06:23Z,,2026-09-17T13:44:09Z
3658,25096,239,BranchLink,FIN000000001438,completed,,,12.32,2026-09-12T04:01:38Z,2026-09-17T07:56:43Z,2026-09-17T13:44:09Z
3659,25097,245,airport-transferTrack,FIN000000001439,completed,,,18.79,2026-09-11T07:27:18Z,2026-09-15T17:17:25Z,2026-09-17T13:44:09Z
3660,25098,229,ClientRoute,FIN000000001440,completed,,,17.81,2026-09-10T06:06:47Z,2026-09-17T08:21:25Z,2026-09-17T13:44:09Z
3661,25103,245,SecureCourier,FIN000000001441,in_transit,,,8.52,2026-09-07T17:06:04Z,,2026-09-17T13:44:09Z
3662,25104,232,BranchLink,FIN000000001442,completed,,,12.12,2026-09-10T20:50:57Z,2026-09-17T05:20:29Z,2026-09-17T13:44:09Z
3663,25105,244,airport-transferTrack,FIN000000001443,completed,,,18.05,2026-09-11T23:26:08Z,2026-09-16T14:58:14Z,2026-09-17T13:44:09Z
3664,25106,248,ClientRoute,FIN000000001444,completed,,,6.09,2026-09-12T08:33:01Z,2026-09-17T03:06:30Z,2026-09-17T13:44:09Z
3665,25111,240,SecureCourier,FIN000000001445,in_transit,,,12.75,2026-09-08T08:33:20Z,,2026-09-17T13:44:09Z
3666,25112,221,BranchLink,FIN000000001446,completed,,,23.72,2026-09-08T07:16:28Z,2026-09-15T19:41:55Z,2026-09-17T13:44:09Z
3667,25113,222,airport-transferTrack,FIN000000001447,completed,,,6.53,2026-09-16T02:36:40Z,2026-09-16T22:07:23Z,2026-09-17T13:44:09Z
3668,25114,225,ClientRoute,FIN000000001448,completed,,,20.74,2026-09-14T14:53:11Z,2026-09-16T22:57:33Z,2026-09-17T13:44:09Z
3669,25119,236,SecureCourier,FIN000000001449,in_transit,,,15.18,2026-09-08T23:45:14Z,,2026-09-17T13:44:09Z
3670,25120,230,BranchLink,FIN000000001450,completed,,,20.71,2026-09-12T22:59:22Z,2026-09-16T15:10:05Z,2026-09-17T13:44:09Z
3671,25121,250,airport-transferTrack,FIN000000001451,completed,,,6.43,2026-09-13T23:34:50Z,2026-09-17T06:31:34Z,2026-09-17T13:44:09Z
3672,25122,244,ClientRoute,FIN000000001452,completed,,,7.51,2026-09-15T05:46:06Z,2026-09-16T00:41:19Z,2026-09-17T13:44:09Z
3673,25127,243,SecureCourier,FIN000000001453,in_transit,,,18.21,2026-09-13T13:35:37Z,,2026-09-17T13:44:09Z
3674,25128,222,BranchLink,FIN000000001454,completed,,,21.33,2026-09-13T15:34:33Z,2026-09-17T01:57:18Z,2026-09-17T13:44:09Z
3675,25129,230,airport-transferTrack,FIN000000001455,completed,,,23.39,2026-09-08T08:05:56Z,2026-09-15T15:25:14Z,2026-09-17T13:44:09Z
3676,25130,248,ClientRoute,FIN000000001456,completed,,,20.98,2026-09-13T18:13:42Z,2026-09-16T08:29:17Z,2026-09-17T13:44:09Z
3677,25135,239,SecureCourier,FIN000000001457,in_transit,,,5.51,2026-09-15T16:01:26Z,,2026-09-17T13:44:09Z
3678,25136,228,BranchLink,FIN000000001458,completed,,,20.5,2026-09-13T14:20:58Z,2026-09-17T11:34:17Z,2026-09-17T13:44:09Z
3679,25137,249,airport-transferTrack,FIN000000001459,completed,,,24.47,2026-09-09T08:55:15Z,2026-09-17T00:15:10Z,2026-09-17T13:44:09Z
3680,25138,234,ClientRoute,FIN000000001460,completed,,,24.48,2026-09-10T09:28:59Z,2026-09-15T14:58:01Z,2026-09-17T13:44:09Z
3681,25143,227,SecureCourier,FIN000000001461,in_transit,,,8.39,2026-09-14T08:20:27Z,,2026-09-17T13:44:09Z
3682,25144,235,BranchLink,FIN000000001462,completed,,,19.41,2026-09-13T16:06:17Z,2026-09-16T05:20:59Z,2026-09-17T13:44:09Z
3683,25145,237,airport-transferTrack,FIN000000001463,completed,,,7.64,2026-09-14T00:32:03Z,2026-09-16T21:13:31Z,2026-09-17T13:44:09Z
3684,25146,242,ClientRoute,FIN000000001464,completed,,,23.4,2026-09-07T21:46:50Z,2026-09-17T11:37:22Z,2026-09-17T13:44:09Z
3685,25151,232,SecureCourier,FIN000000001465,in_transit,,,12.5,2026-09-09T12:12:41Z,,2026-09-17T13:44:09Z
3686,25152,229,BranchLink,FIN000000001466,completed,,,9.61,2026-09-16T06:21:27Z,2026-09-17T01:26:45Z,2026-09-17T13:44:09Z
3687,25153,226,airport-transferTrack,FIN000000001467,completed,,,12.62,2026-09-09T15:52:44Z,2026-09-16T18:12:15Z,2026-09-17T13:44:09Z
3688,25154,226,ClientRoute,FIN000000001468,completed,,,11.2,2026-09-08T23:01:06Z,2026-09-15T21:38:43Z,2026-09-17T13:44:09Z
3689,25159,228,SecureCourier,FIN000000001469,in_transit,,,14.81,2026-09-13T19:34:43Z,,2026-09-17T13:44:09Z
3690,25160,242,BranchLink,FIN000000001470,completed,,,14.02,2026-09-15T19:17:02Z,2026-09-16T15:29:19Z,2026-09-17T13:44:09Z
3691,25161,234,airport-transferTrack,FIN000000001471,completed,,,14.52,2026-09-14T02:39:27Z,2026-09-16T22:35:54Z,2026-09-17T13:44:09Z
3692,25162,230,ClientRoute,FIN000000001472,completed,,,23.57,2026-09-15T08:52:24Z,2026-09-15T18:23:57Z,2026-09-17T13:44:09Z
3693,25167,231,SecureCourier,FIN000000001473,in_transit,,,19.45,2026-09-08T08:27:29Z,,2026-09-17T13:44:09Z
3694,25168,236,BranchLink,FIN000000001474,completed,,,20.41,2026-09-08T00:52:53Z,2026-09-16T22:23:02Z,2026-09-17T13:44:09Z
3695,25169,250,airport-transferTrack,FIN000000001475,completed,,,9.25,2026-09-15T17:24:51Z,2026-09-17T05:52:29Z,2026-09-17T13:44:09Z
3696,25170,233,ClientRoute,FIN000000001476,completed,,,9.74,2026-09-14T21:01:43Z,2026-09-15T17:20:41Z,2026-09-17T13:44:09Z
3697,25175,224,SecureCourier,FIN000000001477,in_transit,,,16.72,2026-09-10T23:01:44Z,,2026-09-17T13:44:09Z
3698,25176,226,BranchLink,FIN000000001478,completed,,,20.68,2026-09-13T00:12:50Z,2026-09-16T00:10:07Z,2026-09-17T13:44:09Z
3699,25177,227,airport-transferTrack,FIN000000001479,completed,,,11.1,2026-09-10T18:09:55Z,2026-09-16T00:32:11Z,2026-09-17T13:44:09Z
3700,25178,226,ClientRoute,FIN000000001480,completed,,,23.06,2026-09-10T07:47:53Z,2026-09-16T18:15:09Z,2026-09-17T13:44:09Z
3701,25183,247,SecureCourier,FIN000000001481,in_transit,,,6.83,2026-09-11T15:13:05Z,,2026-09-17T13:44:09Z
3702,25184,246,BranchLink,FIN000000001482,completed,,,23.37,2026-09-15T16:09:06Z,2026-09-17T07:33:09Z,2026-09-17T13:44:09Z
3703,25185,226,airport-transferTrack,FIN000000001483,completed,,,8.09,2026-09-09T01:01:09Z,2026-09-15T18:06:36Z,2026-09-17T13:44:09Z
3704,25186,242,ClientRoute,FIN000000001484,completed,,,20.24,2026-09-14T01:42:33Z,2026-09-16T05:51:06Z,2026-09-17T13:44:09Z
3705,25191,243,SecureCourier,FIN000000001485,in_transit,,,23.69,2026-09-15T01:35:26Z,,2026-09-17T13:44:09Z
3706,25192,221,BranchLink,FIN000000001486,completed,,,11.16,2026-09-14T03:04:40Z,2026-09-17T00:44:59Z,2026-09-17T13:44:09Z
3707,25193,239,airport-transferTrack,FIN000000001487,completed,,,23.45,2026-09-15T18:22:16Z,2026-09-17T09:40:47Z,2026-09-17T13:44:09Z
3708,25194,224,ClientRoute,FIN000000001488,completed,,,12.64,2026-09-13T23:00:54Z,2026-09-16T10:34:15Z,2026-09-17T13:44:09Z
3709,25199,222,SecureCourier,FIN000000001489,in_transit,,,16,2026-09-08T01:13:04Z,,2026-09-17T13:44:09Z
3710,25200,250,BranchLink,FIN000000001490,completed,,,10.48,2026-09-07T23:43:30Z,2026-09-15T16:13:31Z,2026-09-17T13:44:09Z
3711,25201,242,airport-transferTrack,FIN000000001491,completed,,,24.84,2026-09-14T17:36:07Z,2026-09-16T14:46:38Z,2026-09-17T13:44:09Z
3712,25202,224,ClientRoute,FIN000000001492,completed,,,15.88,2026-09-07T15:02:21Z,2026-09-16T07:39:30Z,2026-09-17T13:44:09Z
3713,25207,242,SecureCourier,FIN000000001493,in_transit,,,5.28,2026-09-16T12:14:38Z,,2026-09-17T13:44:09Z
3714,25208,246,BranchLink,FIN000000001494,completed,,,7.63,2026-09-15T22:55:28Z,2026-09-17T03:32:38Z,2026-09-17T13:44:09Z
3715,25209,228,airport-transferTrack,FIN000000001495,completed,,,22.24,2026-09-16T04:45:01Z,2026-09-15T21:26:35Z,2026-09-17T13:44:09Z
3716,25210,247,ClientRoute,FIN000000001496,completed,,,22.83,2026-09-08T06:49:55Z,2026-09-15T22:06:52Z,2026-09-17T13:44:09Z
3717,25215,234,SecureCourier,FIN000000001497,in_transit,,,13.39,2026-09-16T05:39:57Z,,2026-09-17T13:44:09Z
3718,25216,243,BranchLink,FIN000000001498,completed,,,11.76,2026-09-14T03:35:25Z,2026-09-17T02:43:21Z,2026-09-17T13:44:09Z
3719,25217,222,airport-transferTrack,FIN000000001499,completed,,,12.74,2026-09-12T14:44:51Z,2026-09-15T20:21:02Z,2026-09-17T13:44:09Z
3720,25218,242,ClientRoute,FIN000000001500,completed,,,9.17,2026-09-14T19:34:36Z,2026-09-17T02:47:22Z,2026-09-17T13:44:09Z
