customer_id,email,first_name,last_name,city,state_province,postal_code,country,latitude,longitude,customer_tier,lifetime_value,created_at
1,priya.ahmed1@example.edu,Priya,Ahmed,Chicago,Illinois,60601,US,41.78424,-87.46372,new,1345.30,2026-01-23T01:00:00Z
2,fatima.thomas2@example.edu,Fatima,Thomas,Los Angeles,California,90001,US,33.81239,-118.37708,standard,1501.63,2026-03-28T18:00:00Z
3,maya.kim3@example.edu,Maya,Kim,Seattle,Washington,98101,US,47.56802,-122.49307,standard,1018.07,2025-12-31T21:00:00Z
4,andre.martinez4@example.edu,Andre,Martinez,Dallas,Texas,75201,US,32.53441,-96.82886,preferred,5092.20,2026-01-13T12:00:00Z
5,james.martinez5@example.edu,James,Martinez,Philadelphia,Pennsylvania,19104,US,39.78389,-75.46175,standard,3032.28,2025-12-09T03:00:00Z
6,leah.patel6@example.edu,Leah,Patel,Atlanta,Georgia,30303,US,33.83998,-84.34364,preferred,10131.57,2026-03-28T15:00:00Z
7,maya.davis7@example.edu,Maya,Davis,Chicago,Illinois,60601,US,42.17517,-87.90215,standard,710.40,2025-10-16T04:00:00Z
8,mateo.williams8@example.edu,Mateo,Williams,Atlanta,Georgia,30303,US,33.88995,-84.42515,standard,2358.11,2025-11-01T06:00:00Z
9,ethan.ahmed9@example.edu,Ethan,Ahmed,Chicago,Illinois,60601,US,41.66973,-87.30828,preferred,2676.43,2026-01-06T20:00:00Z
10,amara.thomas10@example.edu,Amara,Thomas,Boston,Massachusetts,02108,US,42.26258,-71.08887,preferred,7666.80,2026-01-10T08:00:00Z
11,james.ahmed11@example.edu,James,Ahmed,Denver,Colorado,80202,US,39.59242,-105.23437,standard,1740.64,2025-11-21T19:00:00Z
12,diego.garcia12@example.edu,Diego,Garcia,Miami,Florida,33101,US,25.53666,-80.25718,vip,48997.37,2026-01-12T14:00:00Z
13,priya.rivera13@example.edu,Priya,Rivera,Boston,Massachusetts,02108,US,42.01304,-70.73466,preferred,11435.58,2026-01-08T18:00:00Z
14,james.thomas14@example.edu,James,Thomas,San Francisco,California,94102,US,37.79894,-122.44821,preferred,5781.91,2026-03-04T22:00:00Z
15,noah.chen15@example.edu,Noah,Chen,Philadelphia,Pennsylvania,19104,US,40.17159,-75.12281,new,685.89,2025-12-13T03:00:00Z
16,priya.ahmed16@example.edu,Priya,Ahmed,Seattle,Washington,98101,US,47.35056,-122.13512,preferred,5471.25,2025-12-02T03:00:00Z
17,isabella.martinez17@example.edu,Isabella,Martinez,New York,New York,10001,US,40.71161,-74.33629,preferred,11532.75,2026-02-11T22:00:00Z
18,andre.ahmed18@example.edu,Andre,Ahmed,Denver,Colorado,80202,US,39.67877,-104.76856,standard,1561.51,2025-12-12T10:00:00Z
19,maya.moore19@example.edu,Maya,Moore,Dallas,Texas,75201,US,32.99594,-97.08578,preferred,6306.37,2025-10-22T16:00:00Z
20,noah.taylor20@example.edu,Noah,Taylor,Chicago,Illinois,60601,US,42.14359,-87.55577,standard,3787.32,2025-10-15T06:00:00Z
21,liam.lopez21@example.edu,Liam,Lopez,Miami,Florida,33101,US,25.65090,-80.47818,standard,1397.46,2025-12-18T06:00:00Z
22,owen.williams22@example.edu,Owen,Williams,Phoenix,Arizona,85004,US,33.58572,-111.76260,preferred,3723.80,2026-01-28T10:00:00Z
23,ava.lopez23@example.edu,Ava,Lopez,Portland,Oregon,97205,US,45.25246,-123.01220,new,1124.62,2026-03-02T05:00:00Z
24,amara.jackson24@example.edu,Amara,Jackson,Dallas,Texas,75201,US,32.59642,-96.61863,new,1140.21,2025-11-30T23:00:00Z
25,isabella.jackson25@example.edu,Isabella,Jackson,San Francisco,California,94102,US,38.03992,-122.68393,new,1477.46,2026-01-28T08:00:00Z
26,kai.jackson26@example.edu,Kai,Jackson,Phoenix,Arizona,85004,US,33.45003,-111.86579,new,298.60,2026-03-27T14:00:00Z
27,ethan.davis27@example.edu,Ethan,Davis,Denver,Colorado,80202,US,39.65022,-105.29981,standard,3429.44,2026-03-03T01:00:00Z
28,nia.jackson28@example.edu,Nia,Jackson,Dallas,Texas,75201,US,32.98118,-96.59989,new,1024.18,2026-01-22T05:00:00Z
29,nia.singh29@example.edu,Nia,Singh,San Francisco,California,94102,US,37.96851,-122.24706,preferred,3313.87,2026-02-21T06:00:00Z
30,owen.wilson30@example.edu,Owen,Wilson,Portland,Oregon,97205,US,45.36653,-122.78726,preferred,4940.93,2025-12-15T17:00:00Z
31,james.rivera31@example.edu,James,Rivera,Miami,Florida,33101,US,25.96791,-79.85998,standard,1206.60,2026-02-06T05:00:00Z
32,sofia.jackson32@example.edu,Sofia,Jackson,Philadelphia,Pennsylvania,19104,US,39.77668,-75.31077,standard,3021.41,2025-10-14T02:00:00Z
33,sofia.patel33@example.edu,Sofia,Patel,New York,New York,10001,US,40.49931,-73.90450,preferred,9546.16,2026-01-01T02:00:00Z
34,priya.jackson34@example.edu,Priya,Jackson,New York,New York,10001,US,40.37337,-74.18822,new,816.01,2025-11-25T23:00:00Z
35,priya.jackson35@example.edu,Priya,Jackson,Atlanta,Georgia,30303,US,33.78615,-84.30192,vip,49545.11,2025-10-23T09:00:00Z
36,leah.chen36@example.edu,Leah,Chen,Philadelphia,Pennsylvania,19104,US,40.16122,-74.84409,standard,699.62,2026-01-08T06:00:00Z
37,isabella.ahmed37@example.edu,Isabella,Ahmed,Chicago,Illinois,60601,US,41.69094,-87.42320,standard,3220.74,2026-03-20T21:00:00Z
38,hana.moore38@example.edu,Hana,Moore,Phoenix,Arizona,85004,US,33.68609,-111.78028,standard,844.49,2026-01-02T10:00:00Z
39,nia.brown39@example.edu,Nia,Brown,Atlanta,Georgia,30303,US,33.81583,-84.30195,preferred,3853.98,2025-11-10T10:00:00Z
40,ethan.chen40@example.edu,Ethan,Chen,Portland,Oregon,97205,US,45.25965,-122.91918,new,1200.33,2025-12-01T10:00:00Z
41,hana.lopez41@example.edu,Hana,Lopez,Houston,Texas,77002,US,29.97333,-95.07956,preferred,5496.32,2025-11-24T00:00:00Z
42,mateo.lopez42@example.edu,Mateo,Lopez,Portland,Oregon,97205,US,45.34615,-122.72799,standard,4490.18,2026-03-15T04:00:00Z
43,isabella.thomas43@example.edu,Isabella,Thomas,San Francisco,California,94102,US,37.95830,-122.72719,vip,30630.71,2026-02-16T13:00:00Z
44,mei.patel44@example.edu,Mei,Patel,Seattle,Washington,98101,US,47.90581,-122.19442,new,1717.97,2025-10-25T23:00:00Z
45,maya.wilson45@example.edu,Maya,Wilson,Houston,Texas,77002,US,30.08382,-95.32607,new,985.71,2026-03-01T12:00:00Z
46,fatima.moore46@example.edu,Fatima,Moore,New York,New York,10001,US,40.83217,-74.18300,standard,1844.14,2025-11-17T23:00:00Z
47,noah.brown47@example.edu,Noah,Brown,Boston,Massachusetts,02108,US,42.29537,-71.26259,standard,547.23,2026-01-06T22:00:00Z
48,elena.chen48@example.edu,Elena,Chen,Miami,Florida,33101,US,25.90416,-80.12941,new,478.85,2025-11-25T11:00:00Z
49,jordan.chen49@example.edu,Jordan,Chen,Houston,Texas,77002,US,29.64886,-95.26357,new,631.56,2026-02-14T11:00:00Z
50,isabella.rivera50@example.edu,Isabella,Rivera,Boston,Massachusetts,02108,US,42.56590,-70.76644,new,1726.31,2026-02-03T07:00:00Z
51,fatima.brown51@example.edu,Fatima,Brown,Chicago,Illinois,60601,US,41.84739,-87.41612,standard,3943.20,2026-03-24T04:00:00Z
52,noah.jackson52@example.edu,Noah,Jackson,New York,New York,10001,US,40.56619,-74.03398,new,583.31,2025-10-16T13:00:00Z
53,priya.moore53@example.edu,Priya,Moore,Houston,Texas,77002,US,29.65353,-95.68480,preferred,7930.19,2025-12-13T00:00:00Z
54,jordan.kim54@example.edu,Jordan,Kim,Portland,Oregon,97205,US,45.46060,-122.78510,standard,3909.44,2026-01-30T17:00:00Z
55,hana.lopez55@example.edu,Hana,Lopez,Portland,Oregon,97205,US,45.46493,-122.81371,preferred,9058.74,2026-01-28T16:00:00Z
56,james.wilson56@example.edu,James,Wilson,Miami,Florida,33101,US,25.83642,-80.41276,new,1349.66,2025-12-10T04:00:00Z
57,amara.johnson57@example.edu,Amara,Johnson,Philadelphia,Pennsylvania,19104,US,39.71475,-75.24912,new,1531.50,2025-11-10T16:00:00Z
58,maya.kim58@example.edu,Maya,Kim,Philadelphia,Pennsylvania,19104,US,39.84168,-75.36607,new,727.80,2026-01-16T13:00:00Z
59,liam.martinez59@example.edu,Liam,Martinez,Portland,Oregon,97205,US,45.70745,-122.89655,new,717.47,2026-01-23T04:00:00Z
60,ethan.wilson60@example.edu,Ethan,Wilson,Phoenix,Arizona,85004,US,33.23610,-112.26299,new,1634.67,2025-10-30T08:00:00Z
61,mei.davis61@example.edu,Mei,Davis,Denver,Colorado,80202,US,39.61093,-104.75029,preferred,9385.83,2025-12-24T20:00:00Z
62,leah.wilson62@example.edu,Leah,Wilson,Philadelphia,Pennsylvania,19104,US,40.18559,-75.25099,standard,846.91,2026-03-29T21:00:00Z
63,noah.moore63@example.edu,Noah,Moore,Portland,Oregon,97205,US,45.56164,-122.72471,vip,21149.83,2026-02-02T05:00:00Z
64,sofia.johnson64@example.edu,Sofia,Johnson,Denver,Colorado,80202,US,39.43370,-105.26392,preferred,7859.35,2026-01-03T19:00:00Z
65,priya.ahmed65@example.edu,Priya,Ahmed,Philadelphia,Pennsylvania,19104,US,40.10010,-75.14742,preferred,4920.86,2026-03-27T06:00:00Z
66,liam.nguyen66@example.edu,Liam,Nguyen,Miami,Florida,33101,US,25.97492,-80.15785,new,1785.65,2025-12-10T19:00:00Z
67,nia.jackson67@example.edu,Nia,Jackson,Dallas,Texas,75201,US,33.00810,-97.05819,new,1780.71,2025-12-13T21:00:00Z
68,owen.thomas68@example.edu,Owen,Thomas,New York,New York,10001,US,40.56706,-74.10794,standard,1227.89,2026-01-27T08:00:00Z
69,mei.brown69@example.edu,Mei,Brown,Houston,Texas,77002,US,29.83607,-95.14820,standard,2362.53,2025-12-11T16:00:00Z
70,fatima.singh70@example.edu,Fatima,Singh,Seattle,Washington,98101,US,47.94936,-122.18375,standard,1827.65,2026-03-30T14:00:00Z
71,leah.garcia71@example.edu,Leah,Garcia,Denver,Colorado,80202,US,39.87966,-105.06882,new,1024.85,2025-11-16T07:00:00Z
72,mei.jackson72@example.edu,Mei,Jackson,New York,New York,10001,US,40.72875,-74.26550,vip,34586.48,2025-12-24T13:00:00Z
73,fatima.nguyen73@example.edu,Fatima,Nguyen,Philadelphia,Pennsylvania,19104,US,40.06415,-75.04737,standard,2810.19,2025-12-29T14:00:00Z
74,diego.taylor74@example.edu,Diego,Taylor,Atlanta,Georgia,30303,US,33.88088,-84.72385,standard,1769.74,2026-02-23T08:00:00Z
75,james.lopez75@example.edu,James,Lopez,Denver,Colorado,80202,US,39.54616,-105.08553,new,172.19,2025-12-13T03:00:00Z
76,maya.johnson76@example.edu,Maya,Johnson,Boston,Massachusetts,02108,US,42.09503,-71.24214,vip,32196.40,2025-10-25T00:00:00Z
77,jordan.jackson77@example.edu,Jordan,Jackson,Seattle,Washington,98101,US,47.65686,-122.40519,new,214.09,2025-11-26T08:00:00Z
78,diego.anderson78@example.edu,Diego,Anderson,Boston,Massachusetts,02108,US,42.56457,-71.31548,preferred,8064.22,2025-10-13T21:00:00Z
79,noah.brown79@example.edu,Noah,Brown,San Francisco,California,94102,US,37.61519,-122.70401,preferred,10922.09,2026-03-03T04:00:00Z
80,noah.ahmed80@example.edu,Noah,Ahmed,Boston,Massachusetts,02108,US,42.57378,-70.72056,new,200.86,2026-01-04T18:00:00Z
81,grace.johnson81@example.edu,Grace,Johnson,Seattle,Washington,98101,US,47.40510,-122.41842,new,179.52,2025-10-25T15:00:00Z
82,priya.patel82@example.edu,Priya,Patel,Los Angeles,California,90001,US,33.93037,-117.99270,standard,3127.29,2026-02-07T13:00:00Z
83,elena.nguyen83@example.edu,Elena,Nguyen,Los Angeles,California,90001,US,34.08275,-118.33141,new,1066.52,2025-12-12T07:00:00Z
84,andre.nguyen84@example.edu,Andre,Nguyen,New York,New York,10001,US,40.76864,-74.12730,preferred,10244.44,2026-01-26T03:00:00Z
85,noah.garcia85@example.edu,Noah,Garcia,Seattle,Washington,98101,US,47.41606,-122.12693,preferred,8813.53,2026-03-15T21:00:00Z
86,jordan.chen86@example.edu,Jordan,Chen,Chicago,Illinois,60601,US,42.02052,-87.38707,preferred,7241.38,2025-10-21T22:00:00Z
87,diego.singh87@example.edu,Diego,Singh,Denver,Colorado,80202,US,39.92328,-104.94156,new,1254.92,2025-10-14T19:00:00Z
88,elena.ahmed88@example.edu,Elena,Ahmed,Denver,Colorado,80202,US,39.81297,-104.83876,preferred,3335.91,2026-02-19T23:00:00Z
89,hana.kim89@example.edu,Hana,Kim,Denver,Colorado,80202,US,39.90154,-104.95466,standard,3082.57,2026-03-04T09:00:00Z
90,sofia.patel90@example.edu,Sofia,Patel,Boston,Massachusetts,02108,US,42.02977,-71.29698,preferred,4892.14,2026-02-15T12:00:00Z
91,fatima.ahmed91@example.edu,Fatima,Ahmed,Portland,Oregon,97205,US,45.19697,-122.41202,new,1083.04,2026-02-17T20:00:00Z
92,ethan.kim92@example.edu,Ethan,Kim,Portland,Oregon,97205,US,45.57180,-122.37259,standard,3032.12,2025-11-07T02:00:00Z
93,diego.thomas93@example.edu,Diego,Thomas,Dallas,Texas,75201,US,32.83110,-96.83636,new,942.20,2026-01-25T15:00:00Z
94,diego.rivera94@example.edu,Diego,Rivera,Atlanta,Georgia,30303,US,33.73223,-84.61541,standard,4409.22,2025-10-04T02:00:00Z
95,nia.ahmed95@example.edu,Nia,Ahmed,New York,New York,10001,US,40.58388,-74.22691,standard,3549.27,2025-12-20T04:00:00Z
96,priya.kim96@example.edu,Priya,Kim,Phoenix,Arizona,85004,US,33.19839,-112.02364,new,1300.87,2026-01-14T17:00:00Z
97,liam.martinez97@example.edu,Liam,Martinez,Denver,Colorado,80202,US,39.69559,-105.01924,standard,1005.12,2025-12-14T02:00:00Z
98,amara.patel98@example.edu,Amara,Patel,New York,New York,10001,US,40.38655,-74.28044,standard,3646.13,2025-10-22T05:00:00Z
99,owen.singh99@example.edu,Owen,Singh,Chicago,Illinois,60601,US,42.22596,-87.71062,preferred,9239.90,2026-01-10T21:00:00Z
100,liam.rivera100@example.edu,Liam,Rivera,Philadelphia,Pennsylvania,19104,US,40.18895,-75.22612,standard,3847.85,2025-11-09T18:00:00Z
101,grace.chen101@example.edu,Grace,Chen,Los Angeles,California,90001,US,33.80464,-117.92455,new,1615.78,2026-03-13T21:00:00Z
102,isabella.chen102@example.edu,Isabella,Chen,Seattle,Washington,98101,US,47.87714,-122.16811,new,1704.25,2026-02-02T13:00:00Z
103,ethan.chen103@example.edu,Ethan,Chen,New York,New York,10001,US,40.38581,-74.13890,new,659.06,2026-02-28T03:00:00Z
104,ethan.singh104@example.edu,Ethan,Singh,New York,New York,10001,US,41.01553,-74.28683,standard,1633.38,2025-10-27T18:00:00Z
105,maya.jackson105@example.edu,Maya,Jackson,Houston,Texas,77002,US,29.80536,-95.53694,vip,37066.10,2025-12-26T23:00:00Z
106,nia.singh106@example.edu,Nia,Singh,Atlanta,Georgia,30303,US,33.79877,-84.67837,new,173.80,2026-01-26T11:00:00Z
107,kai.wilson107@example.edu,Kai,Wilson,Atlanta,Georgia,30303,US,33.97494,-84.38498,vip,47918.90,2025-10-20T19:00:00Z
108,kai.anderson108@example.edu,Kai,Anderson,Dallas,Texas,75201,US,32.98137,-96.87411,standard,2460.22,2026-02-12T10:00:00Z
109,diego.thomas109@example.edu,Diego,Thomas,Atlanta,Georgia,30303,US,33.96241,-84.45055,vip,15419.87,2025-11-04T10:00:00Z
110,noah.patel110@example.edu,Noah,Patel,Dallas,Texas,75201,US,32.84736,-96.76612,vip,9874.89,2025-11-07T22:00:00Z
111,kai.wilson111@example.edu,Kai,Wilson,Boston,Massachusetts,02108,US,42.46336,-70.90976,standard,844.90,2026-03-05T21:00:00Z
112,mateo.williams112@example.edu,Mateo,Williams,Chicago,Illinois,60601,US,42.02734,-87.73561,standard,4261.90,2026-01-06T20:00:00Z
113,sofia.rivera113@example.edu,Sofia,Rivera,Portland,Oregon,97205,US,45.44563,-122.61245,standard,835.60,2026-03-03T03:00:00Z
114,james.patel114@example.edu,James,Patel,Philadelphia,Pennsylvania,19104,US,39.63275,-75.20115,preferred,7431.92,2025-11-10T14:00:00Z
115,mateo.anderson115@example.edu,Mateo,Anderson,Dallas,Texas,75201,US,32.93603,-96.70504,preferred,9518.44,2025-11-20T08:00:00Z
116,kai.williams116@example.edu,Kai,Williams,Los Angeles,California,90001,US,33.98654,-118.04847,standard,4240.84,2025-12-17T09:00:00Z
117,ava.patel117@example.edu,Ava,Patel,Los Angeles,California,90001,US,33.92285,-117.99104,standard,2746.56,2025-10-31T06:00:00Z
118,elena.williams118@example.edu,Elena,Williams,Dallas,Texas,75201,US,32.84662,-96.52873,standard,3627.65,2026-01-17T00:00:00Z
119,priya.nguyen119@example.edu,Priya,Nguyen,San Francisco,California,94102,US,37.49034,-122.17184,standard,3133.17,2025-10-04T18:00:00Z
120,amara.anderson120@example.edu,Amara,Anderson,San Francisco,California,94102,US,38.04760,-122.50259,new,61.08,2026-03-12T08:00:00Z
121,hana.anderson121@example.edu,Hana,Anderson,Los Angeles,California,90001,US,34.09509,-118.32225,new,1263.77,2026-02-22T08:00:00Z
122,ava.patel122@example.edu,Ava,Patel,Portland,Oregon,97205,US,45.58234,-122.78605,standard,3455.55,2026-02-06T06:00:00Z
123,isabella.nguyen123@example.edu,Isabella,Nguyen,New York,New York,10001,US,40.41125,-74.04918,preferred,4948.20,2026-01-19T08:00:00Z
124,isabella.wilson124@example.edu,Isabella,Wilson,Dallas,Texas,75201,US,32.65251,-97.10325,standard,2918.07,2025-12-13T15:00:00Z
125,amara.davis125@example.edu,Amara,Davis,Miami,Florida,33101,US,26.01583,-80.32360,standard,3469.59,2025-10-16T13:00:00Z
126,nia.garcia126@example.edu,Nia,Garcia,Miami,Florida,33101,US,25.88665,-80.49020,new,1154.99,2025-10-04T18:00:00Z
127,kai.thomas127@example.edu,Kai,Thomas,Los Angeles,California,90001,US,34.11058,-118.07971,standard,1208.62,2025-10-20T22:00:00Z
128,nia.kim128@example.edu,Nia,Kim,Los Angeles,California,90001,US,33.75216,-118.53822,preferred,8086.32,2026-03-19T10:00:00Z
129,priya.chen129@example.edu,Priya,Chen,New York,New York,10001,US,40.65688,-73.87280,standard,2134.45,2026-01-09T01:00:00Z
130,nia.brown130@example.edu,Nia,Brown,Miami,Florida,33101,US,25.46610,-80.15459,vip,49142.46,2026-01-30T17:00:00Z
131,jordan.thomas131@example.edu,Jordan,Thomas,Phoenix,Arizona,85004,US,33.64724,-112.02058,standard,1222.55,2026-03-02T01:00:00Z
132,isabella.jackson132@example.edu,Isabella,Jackson,Los Angeles,California,90001,US,33.93658,-118.49749,preferred,9951.46,2026-02-10T16:00:00Z
133,kai.taylor133@example.edu,Kai,Taylor,San Francisco,California,94102,US,37.88694,-122.68490,new,514.87,2025-11-19T13:00:00Z
134,leah.wilson134@example.edu,Leah,Wilson,Phoenix,Arizona,85004,US,33.46601,-112.05347,new,1789.11,2026-03-20T21:00:00Z
135,jordan.singh135@example.edu,Jordan,Singh,New York,New York,10001,US,40.52375,-73.97923,new,203.02,2025-10-22T18:00:00Z
136,elena.martinez136@example.edu,Elena,Martinez,New York,New York,10001,US,40.81472,-73.89132,new,611.74,2026-01-31T19:00:00Z
137,marcus.ahmed137@example.edu,Marcus,Ahmed,Phoenix,Arizona,85004,US,33.24737,-112.04449,vip,8767.33,2026-01-29T16:00:00Z
138,ava.garcia138@example.edu,Ava,Garcia,Miami,Florida,33101,US,25.62748,-80.35686,preferred,6663.25,2026-02-28T23:00:00Z
139,diego.davis139@example.edu,Diego,Davis,Denver,Colorado,80202,US,40.05132,-105.08149,preferred,4107.09,2025-11-08T06:00:00Z
140,mateo.nguyen140@example.edu,Mateo,Nguyen,New York,New York,10001,US,40.45105,-73.80568,preferred,9789.75,2025-12-19T00:00:00Z
141,noah.jackson141@example.edu,Noah,Jackson,Chicago,Illinois,60601,US,42.20849,-87.40835,preferred,3627.24,2026-03-01T01:00:00Z
142,marcus.moore142@example.edu,Marcus,Moore,Seattle,Washington,98101,US,47.93087,-122.09349,standard,1328.34,2026-01-23T11:00:00Z
143,nia.wilson143@example.edu,Nia,Wilson,Philadelphia,Pennsylvania,19104,US,39.79011,-75.22923,new,120.46,2025-10-21T05:00:00Z
144,ethan.lopez144@example.edu,Ethan,Lopez,Houston,Texas,77002,US,29.64567,-95.41423,standard,1633.32,2026-01-11T19:00:00Z
145,owen.nguyen145@example.edu,Owen,Nguyen,Houston,Texas,77002,US,29.78364,-95.18335,standard,2482.49,2025-10-21T14:00:00Z
146,liam.kim146@example.edu,Liam,Kim,Houston,Texas,77002,US,30.04076,-95.06185,preferred,4525.97,2025-12-21T06:00:00Z
147,james.davis147@example.edu,James,Davis,Houston,Texas,77002,US,29.73028,-95.27858,standard,686.93,2026-02-05T12:00:00Z
148,ava.johnson148@example.edu,Ava,Johnson,Atlanta,Georgia,30303,US,34.08845,-84.35029,new,603.06,2026-02-16T11:00:00Z
149,maya.martinez149@example.edu,Maya,Martinez,Philadelphia,Pennsylvania,19104,US,39.87355,-75.09149,new,717.80,2025-12-19T22:00:00Z
150,priya.chen150@example.edu,Priya,Chen,Portland,Oregon,97205,US,45.35893,-122.87519,standard,743.36,2026-02-05T19:00:00Z
151,nia.garcia151@example.edu,Nia,Garcia,Philadelphia,Pennsylvania,19104,US,39.77962,-75.07677,standard,916.39,2026-03-21T18:00:00Z
152,leah.thomas152@example.edu,Leah,Thomas,Denver,Colorado,80202,US,39.67490,-104.83773,standard,1042.88,2026-01-14T14:00:00Z
153,diego.kim153@example.edu,Diego,Kim,Chicago,Illinois,60601,US,42.21654,-87.68317,vip,22703.94,2026-01-25T09:00:00Z
154,hana.lopez154@example.edu,Hana,Lopez,Philadelphia,Pennsylvania,19104,US,39.86675,-74.99464,standard,4444.16,2026-03-05T10:00:00Z
155,sofia.thomas155@example.edu,Sofia,Thomas,Houston,Texas,77002,US,30.00097,-95.34646,new,1330.80,2026-03-16T19:00:00Z
156,liam.anderson156@example.edu,Liam,Anderson,Houston,Texas,77002,US,29.77487,-95.34636,standard,2125.59,2025-11-26T23:00:00Z
157,jordan.taylor157@example.edu,Jordan,Taylor,Atlanta,Georgia,30303,US,34.01487,-84.22011,new,982.01,2025-10-07T07:00:00Z
158,mateo.thomas158@example.edu,Mateo,Thomas,San Francisco,California,94102,US,37.64246,-122.66269,preferred,8320.04,2025-11-13T06:00:00Z
159,mei.kim159@example.edu,Mei,Kim,Denver,Colorado,80202,US,39.98365,-104.67925,standard,3281.23,2025-10-28T14:00:00Z
160,elena.patel160@example.edu,Elena,Patel,Boston,Massachusetts,02108,US,42.46272,-71.24827,new,110.46,2025-10-23T05:00:00Z
161,owen.kim161@example.edu,Owen,Kim,New York,New York,10001,US,40.66812,-74.00995,standard,1415.63,2025-10-09T20:00:00Z
162,noah.williams162@example.edu,Noah,Williams,Phoenix,Arizona,85004,US,33.63608,-111.86623,standard,1985.87,2025-10-26T16:00:00Z
163,andre.ahmed163@example.edu,Andre,Ahmed,Chicago,Illinois,60601,US,42.02320,-87.76258,preferred,8530.33,2025-11-02T00:00:00Z
164,marcus.moore164@example.edu,Marcus,Moore,Chicago,Illinois,60601,US,41.69815,-87.88117,standard,2520.74,2026-03-29T03:00:00Z
165,james.rivera165@example.edu,James,Rivera,New York,New York,10001,US,40.75815,-73.69246,preferred,5145.54,2025-12-23T05:00:00Z
166,mateo.wilson166@example.edu,Mateo,Wilson,Philadelphia,Pennsylvania,19104,US,39.60599,-75.28159,standard,3248.14,2026-01-02T07:00:00Z
167,andre.johnson167@example.edu,Andre,Johnson,Atlanta,Georgia,30303,US,33.73100,-84.43792,standard,2446.69,2025-10-30T12:00:00Z
168,mateo.brown168@example.edu,Mateo,Brown,Phoenix,Arizona,85004,US,33.41755,-111.93052,preferred,8537.07,2025-10-04T06:00:00Z
169,liam.thomas169@example.edu,Liam,Thomas,Los Angeles,California,90001,US,33.87687,-118.07907,standard,3096.12,2025-10-08T18:00:00Z
170,amara.lopez170@example.edu,Amara,Lopez,Dallas,Texas,75201,US,32.68697,-96.45557,preferred,2523.71,2025-12-03T16:00:00Z
171,maya.williams171@example.edu,Maya,Williams,Seattle,Washington,98101,US,47.56901,-121.98803,standard,3556.87,2026-01-10T14:00:00Z
172,mateo.wilson172@example.edu,Mateo,Wilson,Denver,Colorado,80202,US,40.06922,-105.01869,standard,3885.24,2025-10-19T07:00:00Z
173,owen.singh173@example.edu,Owen,Singh,Portland,Oregon,97205,US,45.54908,-122.76431,standard,4206.59,2026-01-01T20:00:00Z
174,owen.thomas174@example.edu,Owen,Thomas,Dallas,Texas,75201,US,32.81345,-96.55268,new,697.45,2025-12-10T02:00:00Z
175,mei.jackson175@example.edu,Mei,Jackson,Chicago,Illinois,60601,US,41.77499,-87.52714,preferred,4900.07,2026-01-08T13:00:00Z
176,nia.singh176@example.edu,Nia,Singh,Phoenix,Arizona,85004,US,33.48128,-112.06567,new,757.01,2025-10-09T18:00:00Z
177,noah.lopez177@example.edu,Noah,Lopez,Denver,Colorado,80202,US,40.02200,-105.20797,standard,1875.01,2025-11-04T16:00:00Z
178,priya.jackson178@example.edu,Priya,Jackson,Seattle,Washington,98101,US,47.53302,-122.55364,preferred,7476.24,2026-01-14T12:00:00Z
179,noah.moore179@example.edu,Noah,Moore,Houston,Texas,77002,US,29.61320,-95.41069,standard,3317.11,2026-02-16T04:00:00Z
180,jordan.jackson180@example.edu,Jordan,Jackson,Dallas,Texas,75201,US,32.80506,-96.88232,standard,1402.13,2025-12-08T19:00:00Z
181,elena.nguyen181@example.edu,Elena,Nguyen,Seattle,Washington,98101,US,47.85043,-122.38608,standard,3701.84,2025-12-30T22:00:00Z
182,james.chen182@example.edu,James,Chen,Dallas,Texas,75201,US,32.70080,-96.55074,vip,19012.45,2026-01-20T14:00:00Z
183,diego.wilson183@example.edu,Diego,Wilson,Dallas,Texas,75201,US,32.90455,-96.86996,standard,3268.93,2026-01-27T09:00:00Z
184,liam.anderson184@example.edu,Liam,Anderson,Miami,Florida,33101,US,26.11126,-80.39614,new,219.82,2026-03-22T02:00:00Z
185,owen.davis185@example.edu,Owen,Davis,Phoenix,Arizona,85004,US,33.33392,-111.95217,preferred,6544.40,2025-11-25T14:00:00Z
186,amara.patel186@example.edu,Amara,Patel,New York,New York,10001,US,40.99147,-74.10226,standard,2139.76,2025-12-11T15:00:00Z
187,andre.ahmed187@example.edu,Andre,Ahmed,Philadelphia,Pennsylvania,19104,US,40.10039,-74.83498,preferred,5671.75,2026-02-20T20:00:00Z
188,hana.nguyen188@example.edu,Hana,Nguyen,Atlanta,Georgia,30303,US,33.40241,-84.19945,standard,2187.12,2026-02-14T16:00:00Z
189,elena.anderson189@example.edu,Elena,Anderson,Houston,Texas,77002,US,29.50740,-95.35566,new,1799.71,2025-10-28T16:00:00Z
190,nia.williams190@example.edu,Nia,Williams,Dallas,Texas,75201,US,32.96761,-97.14251,standard,3628.11,2025-11-11T10:00:00Z
191,kai.nguyen191@example.edu,Kai,Nguyen,Atlanta,Georgia,30303,US,33.94426,-84.28292,standard,1892.60,2025-11-12T12:00:00Z
192,marcus.ahmed192@example.edu,Marcus,Ahmed,Portland,Oregon,97205,US,45.81267,-122.96929,standard,762.51,2025-10-27T12:00:00Z
193,fatima.brown193@example.edu,Fatima,Brown,Dallas,Texas,75201,US,32.97085,-96.82552,standard,2759.06,2026-02-22T13:00:00Z
194,ethan.taylor194@example.edu,Ethan,Taylor,Portland,Oregon,97205,US,45.73098,-122.89258,preferred,7798.75,2026-03-05T01:00:00Z
195,mateo.williams195@example.edu,Mateo,Williams,Phoenix,Arizona,85004,US,33.69390,-112.12656,standard,1879.66,2025-11-04T03:00:00Z
196,diego.wilson196@example.edu,Diego,Wilson,Chicago,Illinois,60601,US,41.89941,-87.50927,preferred,6975.19,2025-10-15T00:00:00Z
197,diego.nguyen197@example.edu,Diego,Nguyen,Atlanta,Georgia,30303,US,33.75405,-84.59130,new,129.39,2025-12-16T11:00:00Z
198,noah.singh198@example.edu,Noah,Singh,Boston,Massachusetts,02108,US,42.43867,-71.31241,preferred,5781.61,2026-02-22T00:00:00Z
199,amara.chen199@example.edu,Amara,Chen,Philadelphia,Pennsylvania,19104,US,40.14889,-75.26490,vip,19419.97,2025-11-25T06:00:00Z
200,maya.martinez200@example.edu,Maya,Martinez,Philadelphia,Pennsylvania,19104,US,39.86412,-75.11023,new,178.69,2026-01-17T00:00:00Z
201,noah.davis201@example.edu,Noah,Davis,Denver,Colorado,80202,US,39.69012,-105.14218,vip,41865.17,2025-12-26T18:00:00Z
202,owen.singh202@example.edu,Owen,Singh,Boston,Massachusetts,02108,US,42.09845,-70.93491,new,1545.92,2025-11-07T15:00:00Z
203,noah.singh203@example.edu,Noah,Singh,Boston,Massachusetts,02108,US,42.32309,-70.73380,new,1012.24,2025-12-13T12:00:00Z
204,amara.rivera204@example.edu,Amara,Rivera,Los Angeles,California,90001,US,34.34852,-118.08603,standard,1459.55,2025-10-08T03:00:00Z
205,noah.davis205@example.edu,Noah,Davis,Portland,Oregon,97205,US,45.30842,-122.78978,new,379.88,2026-03-22T11:00:00Z
206,jordan.brown206@example.edu,Jordan,Brown,Philadelphia,Pennsylvania,19104,US,39.87579,-75.20220,preferred,5755.62,2025-12-27T00:00:00Z
207,owen.anderson207@example.edu,Owen,Anderson,San Francisco,California,94102,US,38.07700,-122.36919,standard,4429.33,2025-11-19T22:00:00Z
208,elena.martinez208@example.edu,Elena,Martinez,Portland,Oregon,97205,US,45.82872,-122.89698,standard,3085.35,2026-02-27T20:00:00Z
209,elena.williams209@example.edu,Elena,Williams,Philadelphia,Pennsylvania,19104,US,39.97001,-75.25542,preferred,7773.57,2026-02-15T06:00:00Z
210,james.taylor210@example.edu,James,Taylor,Boston,Massachusetts,02108,US,42.18967,-71.08937,preferred,8844.77,2025-12-06T03:00:00Z
211,hana.kim211@example.edu,Hana,Kim,Atlanta,Georgia,30303,US,33.95210,-84.69938,vip,50521.33,2025-10-04T12:00:00Z
212,liam.rivera212@example.edu,Liam,Rivera,Miami,Florida,33101,US,25.70358,-80.20803,standard,602.67,2025-12-20T04:00:00Z
213,kai.patel213@example.edu,Kai,Patel,Phoenix,Arizona,85004,US,33.42432,-112.40857,preferred,6627.01,2025-12-06T03:00:00Z
214,isabella.martinez214@example.edu,Isabella,Martinez,Portland,Oregon,97205,US,45.44609,-122.56160,preferred,3282.58,2026-02-14T12:00:00Z
215,ava.martinez215@example.edu,Ava,Martinez,Houston,Texas,77002,US,29.90397,-95.58614,standard,2798.39,2025-12-13T02:00:00Z
216,grace.anderson216@example.edu,Grace,Anderson,Phoenix,Arizona,85004,US,33.42144,-112.34417,preferred,11753.91,2025-12-06T01:00:00Z
217,fatima.kim217@example.edu,Fatima,Kim,Phoenix,Arizona,85004,US,33.42360,-111.98171,standard,509.24,2025-11-08T14:00:00Z
218,james.williams218@example.edu,James,Williams,Houston,Texas,77002,US,29.47751,-95.18172,standard,2050.87,2025-12-15T22:00:00Z
219,nia.thomas219@example.edu,Nia,Thomas,Portland,Oregon,97205,US,45.60803,-122.78970,standard,4308.09,2026-03-31T02:00:00Z
220,isabella.moore220@example.edu,Isabella,Moore,Philadelphia,Pennsylvania,19104,US,40.10706,-75.17284,vip,49184.70,2025-11-10T01:00:00Z
221,nia.garcia221@example.edu,Nia,Garcia,Boston,Massachusetts,02108,US,42.29089,-71.19467,standard,1308.83,2026-01-09T02:00:00Z
222,elena.brown222@example.edu,Elena,Brown,New York,New York,10001,US,40.56147,-73.86125,preferred,3083.32,2026-02-21T05:00:00Z
223,kai.jackson223@example.edu,Kai,Jackson,Atlanta,Georgia,30303,US,33.64179,-84.59625,vip,29131.90,2026-02-07T22:00:00Z
224,leah.williams224@example.edu,Leah,Williams,Seattle,Washington,98101,US,47.28432,-122.25086,standard,4382.83,2025-11-28T08:00:00Z
225,nia.williams225@example.edu,Nia,Williams,Portland,Oregon,97205,US,45.52885,-122.99118,preferred,11498.08,2025-12-31T13:00:00Z
226,amara.davis226@example.edu,Amara,Davis,Los Angeles,California,90001,US,34.01925,-118.37237,standard,968.58,2026-01-13T23:00:00Z
227,noah.ahmed227@example.edu,Noah,Ahmed,Houston,Texas,77002,US,29.86313,-95.66275,new,736.89,2025-10-12T20:00:00Z
228,leah.chen228@example.edu,Leah,Chen,New York,New York,10001,US,40.95913,-74.02878,standard,2996.48,2025-10-24T18:00:00Z
229,maya.moore229@example.edu,Maya,Moore,Denver,Colorado,80202,US,39.61819,-105.31512,preferred,7301.95,2026-03-19T22:00:00Z
230,amara.rivera230@example.edu,Amara,Rivera,Los Angeles,California,90001,US,33.77190,-118.57746,standard,962.07,2026-02-14T19:00:00Z
231,liam.ahmed231@example.edu,Liam,Ahmed,Los Angeles,California,90001,US,34.18536,-118.48788,new,145.03,2026-03-16T12:00:00Z
232,owen.ahmed232@example.edu,Owen,Ahmed,Miami,Florida,33101,US,25.73341,-79.98926,preferred,7975.86,2026-01-16T16:00:00Z
233,sofia.taylor233@example.edu,Sofia,Taylor,Dallas,Texas,75201,US,33.09859,-96.72318,standard,2649.53,2026-02-13T03:00:00Z
234,diego.nguyen234@example.edu,Diego,Nguyen,Dallas,Texas,75201,US,32.57938,-96.51105,standard,3953.89,2026-01-30T15:00:00Z
235,nia.nguyen235@example.edu,Nia,Nguyen,Houston,Texas,77002,US,29.44365,-95.39445,standard,4485.07,2026-02-10T01:00:00Z
236,elena.martinez236@example.edu,Elena,Martinez,Denver,Colorado,80202,US,39.84778,-105.14480,preferred,6522.33,2026-03-29T11:00:00Z
237,maya.patel237@example.edu,Maya,Patel,Denver,Colorado,80202,US,39.85242,-105.24694,preferred,5352.00,2025-12-07T01:00:00Z
238,sofia.anderson238@example.edu,Sofia,Anderson,San Francisco,California,94102,US,38.08672,-122.26539,standard,3162.91,2025-12-01T22:00:00Z
239,mei.williams239@example.edu,Mei,Williams,Houston,Texas,77002,US,29.59474,-95.03043,vip,23902.74,2026-02-26T04:00:00Z
240,maya.brown240@example.edu,Maya,Brown,Los Angeles,California,90001,US,34.25294,-118.32849,preferred,10530.04,2025-12-01T17:00:00Z
241,ethan.jackson241@example.edu,Ethan,Jackson,Miami,Florida,33101,US,25.61939,-80.11711,preferred,3252.20,2026-02-14T05:00:00Z
242,kai.jackson242@example.edu,Kai,Jackson,Chicago,Illinois,60601,US,42.22535,-87.75064,preferred,9615.75,2026-03-21T17:00:00Z
243,isabella.johnson243@example.edu,Isabella,Johnson,Denver,Colorado,80202,US,39.49606,-104.67389,new,902.78,2026-03-06T21:00:00Z
244,mei.williams244@example.edu,Mei,Williams,Houston,Texas,77002,US,29.57324,-95.34574,new,892.55,2025-12-17T02:00:00Z
245,maya.ahmed245@example.edu,Maya,Ahmed,Los Angeles,California,90001,US,34.39520,-118.33235,standard,3973.64,2026-02-24T23:00:00Z
246,andre.taylor246@example.edu,Andre,Taylor,Dallas,Texas,75201,US,32.78078,-96.71535,new,805.62,2025-12-10T20:00:00Z
247,priya.lopez247@example.edu,Priya,Lopez,Phoenix,Arizona,85004,US,33.53535,-111.81520,preferred,5895.57,2025-12-05T00:00:00Z
248,kai.ahmed248@example.edu,Kai,Ahmed,Philadelphia,Pennsylvania,19104,US,39.81269,-75.33105,standard,2704.90,2025-10-17T22:00:00Z
249,amara.martinez249@example.edu,Amara,Martinez,Phoenix,Arizona,85004,US,33.18776,-111.86776,preferred,6430.27,2025-11-04T18:00:00Z
250,jordan.brown250@example.edu,Jordan,Brown,Dallas,Texas,75201,US,32.61373,-96.45104,standard,3196.22,2026-01-07T23:00:00Z
251,sofia.jackson251@example.edu,Sofia,Jackson,Boston,Massachusetts,02108,US,42.13290,-71.40748,vip,18821.20,2025-12-16T14:00:00Z
252,diego.thomas252@example.edu,Diego,Thomas,Portland,Oregon,97205,US,45.81122,-122.61235,standard,2440.65,2026-01-15T18:00:00Z
253,mateo.anderson253@example.edu,Mateo,Anderson,Dallas,Texas,75201,US,32.84512,-96.49022,preferred,4981.96,2025-11-19T23:00:00Z
254,sofia.williams254@example.edu,Sofia,Williams,San Francisco,California,94102,US,37.69692,-122.15597,vip,37512.99,2025-11-29T10:00:00Z
255,kai.williams255@example.edu,Kai,Williams,Houston,Texas,77002,US,30.09952,-95.41577,preferred,10240.77,2025-12-17T12:00:00Z
256,kai.davis256@example.edu,Kai,Davis,Dallas,Texas,75201,US,32.88271,-96.91283,standard,985.26,2025-12-15T15:00:00Z
257,owen.brown257@example.edu,Owen,Brown,Denver,Colorado,80202,US,39.85310,-105.09105,preferred,6998.95,2026-02-22T07:00:00Z
258,jordan.jackson258@example.edu,Jordan,Jackson,Seattle,Washington,98101,US,47.68521,-121.98314,standard,1738.91,2025-11-19T00:00:00Z
259,ethan.johnson259@example.edu,Ethan,Johnson,Portland,Oregon,97205,US,45.50483,-122.50801,standard,3291.84,2026-02-03T15:00:00Z
260,ava.moore260@example.edu,Ava,Moore,Phoenix,Arizona,85004,US,33.37992,-111.81660,standard,1530.62,2025-12-07T21:00:00Z
261,mateo.anderson261@example.edu,Mateo,Anderson,Portland,Oregon,97205,US,45.60251,-122.74177,new,109.00,2026-02-03T16:00:00Z
262,grace.lopez262@example.edu,Grace,Lopez,Denver,Colorado,80202,US,39.71920,-105.31833,new,1090.88,2025-12-31T11:00:00Z
263,isabella.taylor263@example.edu,Isabella,Taylor,Philadelphia,Pennsylvania,19104,US,40.19477,-75.40540,new,513.03,2026-02-11T11:00:00Z
264,mei.chen264@example.edu,Mei,Chen,Boston,Massachusetts,02108,US,42.41746,-70.94938,standard,3062.48,2026-01-08T18:00:00Z
265,grace.jackson265@example.edu,Grace,Jackson,Philadelphia,Pennsylvania,19104,US,40.02795,-75.07941,standard,2699.17,2025-10-24T06:00:00Z
266,sofia.taylor266@example.edu,Sofia,Taylor,Philadelphia,Pennsylvania,19104,US,39.90365,-75.09737,new,548.06,2025-12-08T11:00:00Z
267,ava.chen267@example.edu,Ava,Chen,Denver,Colorado,80202,US,39.39945,-105.05425,new,1478.34,2026-01-26T21:00:00Z
268,marcus.jackson268@example.edu,Marcus,Jackson,Miami,Florida,33101,US,25.63479,-79.97429,vip,18100.36,2025-10-06T07:00:00Z
269,amara.davis269@example.edu,Amara,Davis,Los Angeles,California,90001,US,33.79714,-118.43016,standard,2960.18,2026-02-16T17:00:00Z
270,james.moore270@example.edu,James,Moore,Seattle,Washington,98101,US,47.57997,-122.64550,standard,611.87,2025-11-02T16:00:00Z
271,james.thomas271@example.edu,James,Thomas,Dallas,Texas,75201,US,33.08452,-96.61052,new,116.61,2026-01-09T17:00:00Z
272,fatima.johnson272@example.edu,Fatima,Johnson,Atlanta,Georgia,30303,US,33.94871,-84.15539,standard,3457.39,2025-10-24T08:00:00Z
273,isabella.brown273@example.edu,Isabella,Brown,Chicago,Illinois,60601,US,41.82890,-87.46124,standard,3614.58,2025-11-08T00:00:00Z
274,james.nguyen274@example.edu,James,Nguyen,Dallas,Texas,75201,US,32.74574,-96.56005,preferred,5707.94,2026-01-07T17:00:00Z
275,isabella.williams275@example.edu,Isabella,Williams,Dallas,Texas,75201,US,33.01282,-97.05530,new,1381.13,2025-12-10T09:00:00Z
276,isabella.brown276@example.edu,Isabella,Brown,Denver,Colorado,80202,US,40.01734,-104.65162,standard,1787.09,2025-12-19T12:00:00Z
277,kai.chen277@example.edu,Kai,Chen,Philadelphia,Pennsylvania,19104,US,39.65782,-75.35517,standard,2194.26,2025-10-25T22:00:00Z
278,james.johnson278@example.edu,James,Johnson,Phoenix,Arizona,85004,US,33.68795,-111.89356,new,1357.88,2026-03-14T03:00:00Z
279,isabella.patel279@example.edu,Isabella,Patel,Denver,Colorado,80202,US,39.48409,-105.08676,new,149.96,2026-02-12T18:00:00Z
280,kai.wilson280@example.edu,Kai,Wilson,Miami,Florida,33101,US,25.72718,-80.23554,standard,1991.17,2026-02-25T16:00:00Z
281,fatima.taylor281@example.edu,Fatima,Taylor,San Francisco,California,94102,US,37.57520,-122.52180,preferred,2684.69,2026-03-29T03:00:00Z
282,nia.davis282@example.edu,Nia,Davis,Chicago,Illinois,60601,US,42.07499,-87.29256,standard,3704.33,2025-12-23T13:00:00Z
283,sofia.lopez283@example.edu,Sofia,Lopez,Chicago,Illinois,60601,US,41.59234,-87.73519,vip,33677.39,2026-03-08T02:00:00Z
284,ava.kim284@example.edu,Ava,Kim,Chicago,Illinois,60601,US,41.87453,-87.32758,standard,1595.87,2025-12-27T11:00:00Z
285,nia.moore285@example.edu,Nia,Moore,Houston,Texas,77002,US,29.44090,-95.15844,new,563.95,2026-01-03T08:00:00Z
286,mei.kim286@example.edu,Mei,Kim,Houston,Texas,77002,US,29.92709,-95.61814,new,71.86,2026-01-18T02:00:00Z
287,kai.taylor287@example.edu,Kai,Taylor,Seattle,Washington,98101,US,47.64060,-122.31511,vip,48994.02,2025-12-08T07:00:00Z
288,maya.kim288@example.edu,Maya,Kim,Philadelphia,Pennsylvania,19104,US,39.68942,-75.19968,standard,2677.83,2026-03-10T22:00:00Z
289,mateo.thomas289@example.edu,Mateo,Thomas,Seattle,Washington,98101,US,47.33670,-122.43340,standard,2661.25,2025-11-21T00:00:00Z
290,diego.moore290@example.edu,Diego,Moore,Los Angeles,California,90001,US,34.28885,-118.53210,standard,4299.80,2026-01-06T06:00:00Z
291,mei.thomas291@example.edu,Mei,Thomas,Portland,Oregon,97205,US,45.39819,-122.84551,vip,28383.45,2025-12-05T10:00:00Z
292,grace.davis292@example.edu,Grace,Davis,Houston,Texas,77002,US,29.91294,-95.65421,standard,1710.18,2025-11-23T03:00:00Z
293,amara.lopez293@example.edu,Amara,Lopez,Atlanta,Georgia,30303,US,33.70153,-84.25348,standard,1654.02,2026-03-09T02:00:00Z
294,isabella.moore294@example.edu,Isabella,Moore,Los Angeles,California,90001,US,33.86964,-118.00520,preferred,4439.22,2026-01-07T12:00:00Z
295,fatima.rivera295@example.edu,Fatima,Rivera,Philadelphia,Pennsylvania,19104,US,39.63797,-75.24382,standard,2703.33,2026-02-19T19:00:00Z
296,ava.rivera296@example.edu,Ava,Rivera,Portland,Oregon,97205,US,45.79439,-122.37564,new,1034.89,2026-01-26T08:00:00Z
297,owen.wilson297@example.edu,Owen,Wilson,Denver,Colorado,80202,US,39.67090,-104.78130,preferred,2830.85,2025-10-08T07:00:00Z
298,diego.anderson298@example.edu,Diego,Anderson,Dallas,Texas,75201,US,33.11173,-96.91385,vip,46887.87,2026-03-27T22:00:00Z
299,nia.thomas299@example.edu,Nia,Thomas,Phoenix,Arizona,85004,US,33.22552,-112.25287,new,944.40,2026-03-29T05:00:00Z
300,amara.taylor300@example.edu,Amara,Taylor,Atlanta,Georgia,30303,US,33.81109,-84.34125,preferred,9736.54,2025-12-25T01:00:00Z
301,priya.williams301@example.edu,Priya,Williams,Dallas,Texas,75201,US,32.45542,-96.99934,preferred,9043.57,2026-03-19T19:00:00Z
302,fatima.lopez302@example.edu,Fatima,Lopez,Denver,Colorado,80202,US,39.91569,-105.27258,preferred,8176.62,2026-01-14T18:00:00Z
303,noah.singh303@example.edu,Noah,Singh,Boston,Massachusetts,02108,US,42.54287,-71.10582,vip,44207.46,2026-01-31T02:00:00Z
304,priya.davis304@example.edu,Priya,Davis,Denver,Colorado,80202,US,39.55449,-105.26637,preferred,10544.64,2026-03-03T03:00:00Z
305,nia.ahmed305@example.edu,Nia,Ahmed,Los Angeles,California,90001,US,34.26446,-118.22632,preferred,9184.20,2025-11-30T17:00:00Z
306,elena.johnson306@example.edu,Elena,Johnson,Chicago,Illinois,60601,US,41.95470,-87.92776,new,1325.01,2026-02-14T19:00:00Z
307,grace.moore307@example.edu,Grace,Moore,San Francisco,California,94102,US,37.93747,-122.69247,standard,2417.11,2026-02-23T10:00:00Z
308,ava.anderson308@example.edu,Ava,Anderson,Los Angeles,California,90001,US,33.93978,-118.28814,new,285.91,2026-02-23T00:00:00Z
309,andre.taylor309@example.edu,Andre,Taylor,Seattle,Washington,98101,US,47.28941,-122.25755,preferred,2995.02,2026-03-01T08:00:00Z
310,isabella.nguyen310@example.edu,Isabella,Nguyen,Portland,Oregon,97205,US,45.58117,-122.35820,new,1549.66,2026-03-10T20:00:00Z
311,leah.thomas311@example.edu,Leah,Thomas,Atlanta,Georgia,30303,US,33.45629,-84.09221,preferred,5143.74,2025-11-03T06:00:00Z
312,sofia.ahmed312@example.edu,Sofia,Ahmed,Seattle,Washington,98101,US,47.66394,-122.05350,preferred,5722.23,2026-02-27T13:00:00Z
313,priya.kim313@example.edu,Priya,Kim,Houston,Texas,77002,US,29.61604,-95.26216,standard,693.45,2026-03-16T23:00:00Z
314,diego.lopez314@example.edu,Diego,Lopez,Houston,Texas,77002,US,29.66013,-95.32001,vip,46145.99,2026-03-04T10:00:00Z
315,mateo.nguyen315@example.edu,Mateo,Nguyen,Houston,Texas,77002,US,29.54631,-95.63772,new,1059.53,2025-10-29T20:00:00Z
316,ethan.rivera316@example.edu,Ethan,Rivera,Portland,Oregon,97205,US,45.56188,-122.42083,standard,2879.94,2026-03-12T08:00:00Z
317,james.wilson317@example.edu,James,Wilson,Houston,Texas,77002,US,29.89045,-95.08851,standard,1946.19,2025-10-06T02:00:00Z
318,ava.jackson318@example.edu,Ava,Jackson,Los Angeles,California,90001,US,34.20527,-118.05240,standard,2833.53,2026-03-24T00:00:00Z
319,mateo.rivera319@example.edu,Mateo,Rivera,San Francisco,California,94102,US,37.48721,-122.20511,preferred,7329.58,2026-03-30T05:00:00Z
320,elena.johnson320@example.edu,Elena,Johnson,Los Angeles,California,90001,US,34.27488,-117.96450,preferred,7537.84,2025-10-17T10:00:00Z
321,hana.thomas321@example.edu,Hana,Thomas,Seattle,Washington,98101,US,47.41429,-122.26217,preferred,11316.79,2025-12-04T15:00:00Z
322,ethan.thomas322@example.edu,Ethan,Thomas,Portland,Oregon,97205,US,45.70017,-122.57151,standard,1960.33,2026-02-28T19:00:00Z
323,maya.kim323@example.edu,Maya,Kim,Atlanta,Georgia,30303,US,33.89652,-84.12290,standard,1679.83,2025-11-15T01:00:00Z
324,ethan.williams324@example.edu,Ethan,Williams,Miami,Florida,33101,US,25.41174,-79.98422,standard,1176.63,2026-01-14T14:00:00Z
325,isabella.chen325@example.edu,Isabella,Chen,Phoenix,Arizona,85004,US,33.74102,-112.10793,new,1591.85,2026-02-28T00:00:00Z
326,mei.garcia326@example.edu,Mei,Garcia,San Francisco,California,94102,US,37.87657,-122.13082,standard,1053.47,2025-11-28T14:00:00Z
327,andre.martinez327@example.edu,Andre,Martinez,Miami,Florida,33101,US,25.80517,-80.36046,standard,2147.89,2025-10-22T22:00:00Z
328,elena.lopez328@example.edu,Elena,Lopez,New York,New York,10001,US,40.74424,-73.69506,new,188.56,2026-01-29T23:00:00Z
329,diego.rivera329@example.edu,Diego,Rivera,Seattle,Washington,98101,US,47.71848,-122.14641,preferred,4995.02,2025-10-25T02:00:00Z
330,priya.williams330@example.edu,Priya,Williams,Atlanta,Georgia,30303,US,33.88069,-84.64460,standard,2879.19,2026-02-13T06:00:00Z
331,kai.wilson331@example.edu,Kai,Wilson,Houston,Texas,77002,US,29.59492,-95.62047,preferred,7121.02,2025-10-17T11:00:00Z
332,mateo.taylor332@example.edu,Mateo,Taylor,Philadelphia,Pennsylvania,19104,US,40.04726,-75.04458,standard,3888.07,2026-03-22T17:00:00Z
333,nia.chen333@example.edu,Nia,Chen,New York,New York,10001,US,40.97262,-73.88177,standard,3289.78,2026-01-08T19:00:00Z
334,ava.patel334@example.edu,Ava,Patel,Dallas,Texas,75201,US,32.46436,-97.10738,standard,4064.68,2026-01-22T00:00:00Z
335,fatima.davis335@example.edu,Fatima,Davis,Denver,Colorado,80202,US,39.49230,-105.28136,standard,3428.97,2026-03-30T05:00:00Z
336,kai.jackson336@example.edu,Kai,Jackson,Chicago,Illinois,60601,US,42.01327,-87.44231,standard,1682.08,2025-11-22T07:00:00Z
337,sofia.garcia337@example.edu,Sofia,Garcia,Houston,Texas,77002,US,30.08277,-95.49072,new,1192.27,2025-12-20T04:00:00Z
338,mateo.jackson338@example.edu,Mateo,Jackson,Denver,Colorado,80202,US,39.68531,-104.97034,preferred,5448.42,2025-12-24T09:00:00Z
339,maya.ahmed339@example.edu,Maya,Ahmed,Atlanta,Georgia,30303,US,33.99345,-84.14575,vip,19045.98,2025-12-18T22:00:00Z
340,maya.taylor340@example.edu,Maya,Taylor,San Francisco,California,94102,US,37.42499,-122.66389,vip,13042.82,2026-02-03T14:00:00Z
341,marcus.garcia341@example.edu,Marcus,Garcia,Chicago,Illinois,60601,US,41.86335,-87.47800,standard,2532.79,2025-10-26T00:00:00Z
342,marcus.nguyen342@example.edu,Marcus,Nguyen,Chicago,Illinois,60601,US,41.75069,-87.86145,new,765.36,2026-03-09T01:00:00Z
343,kai.lopez343@example.edu,Kai,Lopez,Los Angeles,California,90001,US,33.96585,-118.54711,preferred,8094.09,2026-03-12T22:00:00Z
344,priya.davis344@example.edu,Priya,Davis,Boston,Massachusetts,02108,US,42.63127,-70.78882,standard,818.95,2026-01-09T01:00:00Z
345,mei.jackson345@example.edu,Mei,Jackson,Portland,Oregon,97205,US,45.18019,-122.92979,new,1707.07,2026-03-05T06:00:00Z
346,grace.patel346@example.edu,Grace,Patel,Denver,Colorado,80202,US,40.02269,-104.74493,new,1546.13,2025-11-09T14:00:00Z
347,fatima.rivera347@example.edu,Fatima,Rivera,Atlanta,Georgia,30303,US,33.72814,-84.50681,standard,1261.68,2026-03-14T18:00:00Z
348,ethan.singh348@example.edu,Ethan,Singh,San Francisco,California,94102,US,37.57498,-122.38348,standard,1121.56,2025-10-23T20:00:00Z
349,amara.rivera349@example.edu,Amara,Rivera,Houston,Texas,77002,US,29.88185,-95.68507,preferred,8366.56,2026-01-14T06:00:00Z
350,noah.williams350@example.edu,Noah,Williams,Boston,Massachusetts,02108,US,42.45188,-71.39324,preferred,5386.94,2026-03-14T05:00:00Z
351,marcus.thomas351@example.edu,Marcus,Thomas,Boston,Massachusetts,02108,US,42.65251,-71.30835,standard,1287.85,2025-11-06T17:00:00Z
352,maya.taylor352@example.edu,Maya,Taylor,Boston,Massachusetts,02108,US,42.01314,-70.79312,preferred,5527.75,2026-03-09T08:00:00Z
353,priya.brown353@example.edu,Priya,Brown,Boston,Massachusetts,02108,US,42.18570,-71.38289,standard,2683.82,2025-10-29T07:00:00Z
354,grace.wilson354@example.edu,Grace,Wilson,Miami,Florida,33101,US,25.79715,-79.96469,new,258.42,2025-12-21T23:00:00Z
355,priya.moore355@example.edu,Priya,Moore,Houston,Texas,77002,US,29.77547,-95.67697,standard,2197.03,2026-01-20T01:00:00Z
356,mateo.nguyen356@example.edu,Mateo,Nguyen,Philadelphia,Pennsylvania,19104,US,40.05027,-75.19574,preferred,5857.24,2026-01-05T18:00:00Z
357,grace.thomas357@example.edu,Grace,Thomas,Phoenix,Arizona,85004,US,33.77736,-112.15234,preferred,8175.88,2026-03-12T14:00:00Z
358,fatima.thomas358@example.edu,Fatima,Thomas,Phoenix,Arizona,85004,US,33.32015,-112.07134,new,423.54,2025-11-05T14:00:00Z
359,diego.rivera359@example.edu,Diego,Rivera,Phoenix,Arizona,85004,US,33.61958,-112.00558,standard,2828.03,2026-03-25T15:00:00Z
360,ava.jackson360@example.edu,Ava,Jackson,Houston,Texas,77002,US,29.85637,-95.55409,new,1050.69,2026-01-10T20:00:00Z
361,sofia.taylor361@example.edu,Sofia,Taylor,Dallas,Texas,75201,US,32.84031,-96.92866,standard,3606.50,2025-11-08T13:00:00Z
362,mei.ahmed362@example.edu,Mei,Ahmed,Seattle,Washington,98101,US,47.61469,-122.41900,vip,20231.13,2026-03-24T22:00:00Z
363,sofia.jackson363@example.edu,Sofia,Jackson,Philadelphia,Pennsylvania,19104,US,40.13909,-75.38650,new,1774.31,2026-02-12T07:00:00Z
364,maya.patel364@example.edu,Maya,Patel,Portland,Oregon,97205,US,45.56956,-122.40255,standard,633.64,2025-11-09T15:00:00Z
365,priya.ahmed365@example.edu,Priya,Ahmed,Los Angeles,California,90001,US,33.86225,-118.34388,new,374.17,2025-12-05T16:00:00Z
366,andre.ahmed366@example.edu,Andre,Ahmed,San Francisco,California,94102,US,38.01929,-122.39810,preferred,11930.66,2026-01-09T04:00:00Z
367,owen.taylor367@example.edu,Owen,Taylor,Miami,Florida,33101,US,25.58030,-80.48931,standard,654.08,2026-02-05T15:00:00Z
368,andre.chen368@example.edu,Andre,Chen,Los Angeles,California,90001,US,34.37212,-118.58199,new,1501.62,2025-12-05T23:00:00Z
369,diego.brown369@example.edu,Diego,Brown,Denver,Colorado,80202,US,39.63198,-105.06036,new,1298.30,2026-01-27T16:00:00Z
370,kai.garcia370@example.edu,Kai,Garcia,Chicago,Illinois,60601,US,41.56213,-87.90399,new,911.73,2025-12-30T07:00:00Z
371,amara.taylor371@example.edu,Amara,Taylor,Denver,Colorado,80202,US,39.81404,-105.25797,standard,1214.05,2026-03-27T15:00:00Z
372,amara.wilson372@example.edu,Amara,Wilson,Philadelphia,Pennsylvania,19104,US,39.77424,-75.31183,standard,3542.54,2026-02-03T13:00:00Z
373,james.singh373@example.edu,James,Singh,Miami,Florida,33101,US,25.53255,-79.85847,standard,1403.92,2025-11-30T21:00:00Z
374,owen.wilson374@example.edu,Owen,Wilson,Phoenix,Arizona,85004,US,33.42191,-112.28652,preferred,7285.05,2025-12-21T13:00:00Z
375,andre.anderson375@example.edu,Andre,Anderson,New York,New York,10001,US,40.71148,-73.72496,standard,3358.49,2025-10-24T08:00:00Z
376,kai.jackson376@example.edu,Kai,Jackson,Los Angeles,California,90001,US,33.98134,-118.51997,preferred,7929.39,2026-01-10T17:00:00Z
377,kai.williams377@example.edu,Kai,Williams,Dallas,Texas,75201,US,33.06930,-97.11948,standard,1617.85,2026-03-30T11:00:00Z
378,mateo.lopez378@example.edu,Mateo,Lopez,Chicago,Illinois,60601,US,41.82837,-87.38521,new,634.44,2026-01-10T18:00:00Z
379,ethan.martinez379@example.edu,Ethan,Martinez,Los Angeles,California,90001,US,34.14505,-117.94703,vip,24543.55,2026-02-25T14:00:00Z
380,isabella.rivera380@example.edu,Isabella,Rivera,Atlanta,Georgia,30303,US,33.49433,-84.64766,standard,3567.12,2025-11-09T14:00:00Z
381,amara.wilson381@example.edu,Amara,Wilson,Atlanta,Georgia,30303,US,34.01832,-84.42994,preferred,11113.91,2026-03-20T01:00:00Z
382,marcus.anderson382@example.edu,Marcus,Anderson,Atlanta,Georgia,30303,US,33.97302,-84.17501,vip,16957.33,2025-12-20T17:00:00Z
383,sofia.johnson383@example.edu,Sofia,Johnson,Miami,Florida,33101,US,25.84538,-80.29060,vip,50618.33,2026-01-23T17:00:00Z
384,noah.martinez384@example.edu,Noah,Martinez,Portland,Oregon,97205,US,45.58752,-122.37936,standard,4038.00,2026-01-28T23:00:00Z
385,priya.lopez385@example.edu,Priya,Lopez,Dallas,Texas,75201,US,32.52433,-96.89989,standard,1750.63,2026-02-17T17:00:00Z
386,grace.brown386@example.edu,Grace,Brown,Miami,Florida,33101,US,25.78348,-80.11334,standard,2517.08,2026-03-21T07:00:00Z
387,grace.williams387@example.edu,Grace,Williams,Chicago,Illinois,60601,US,42.15198,-87.36223,vip,9814.16,2026-01-20T10:00:00Z
388,kai.kim388@example.edu,Kai,Kim,Chicago,Illinois,60601,US,42.02335,-87.46590,new,1275.34,2025-10-13T22:00:00Z
389,mei.wilson389@example.edu,Mei,Wilson,New York,New York,10001,US,40.45534,-74.00421,preferred,2789.32,2026-02-02T15:00:00Z
390,jordan.moore390@example.edu,Jordan,Moore,Dallas,Texas,75201,US,32.46155,-97.12499,new,446.56,2025-11-30T11:00:00Z
391,sofia.johnson391@example.edu,Sofia,Johnson,Portland,Oregon,97205,US,45.49811,-122.85679,preferred,6735.44,2026-01-03T23:00:00Z
392,mateo.kim392@example.edu,Mateo,Kim,Miami,Florida,33101,US,25.63879,-80.02056,standard,3333.21,2026-03-03T06:00:00Z
393,mei.jackson393@example.edu,Mei,Jackson,Miami,Florida,33101,US,26.06495,-80.28179,standard,2538.30,2025-11-04T20:00:00Z
394,mateo.martinez394@example.edu,Mateo,Martinez,New York,New York,10001,US,40.78434,-74.33587,new,479.31,2026-02-14T02:00:00Z
395,diego.lopez395@example.edu,Diego,Lopez,Portland,Oregon,97205,US,45.24601,-122.79389,vip,27961.92,2026-01-07T11:00:00Z
396,fatima.singh396@example.edu,Fatima,Singh,Chicago,Illinois,60601,US,41.83055,-87.96344,standard,2306.83,2025-12-26T19:00:00Z
397,sofia.thomas397@example.edu,Sofia,Thomas,Boston,Massachusetts,02108,US,42.34288,-71.22429,preferred,3030.89,2026-02-18T22:00:00Z
398,andre.moore398@example.edu,Andre,Moore,Miami,Florida,33101,US,25.66542,-80.34511,preferred,6239.35,2025-12-03T21:00:00Z
399,leah.rivera399@example.edu,Leah,Rivera,Houston,Texas,77002,US,29.73758,-95.20929,new,593.67,2025-12-19T01:00:00Z
400,grace.martinez400@example.edu,Grace,Martinez,Denver,Colorado,80202,US,39.76984,-105.29798,preferred,10459.70,2026-02-04T10:00:00Z
401,maya.garcia401@example.edu,Maya,Garcia,San Francisco,California,94102,US,37.85818,-122.70800,standard,1657.31,2026-03-19T01:00:00Z
402,fatima.wilson402@example.edu,Fatima,Wilson,Denver,Colorado,80202,US,39.65011,-104.87849,standard,920.67,2025-11-24T21:00:00Z
403,james.williams403@example.edu,James,Williams,New York,New York,10001,US,40.61093,-74.10587,preferred,5879.43,2025-11-17T04:00:00Z
404,liam.martinez404@example.edu,Liam,Martinez,Philadelphia,Pennsylvania,19104,US,40.29067,-75.30044,preferred,4691.70,2026-03-24T12:00:00Z
405,mei.kim405@example.edu,Mei,Kim,Denver,Colorado,80202,US,39.43573,-105.02483,new,642.91,2025-12-27T12:00:00Z
406,ethan.wilson406@example.edu,Ethan,Wilson,Boston,Massachusetts,02108,US,42.21891,-70.82877,new,935.15,2026-03-04T08:00:00Z
407,owen.thomas407@example.edu,Owen,Thomas,Seattle,Washington,98101,US,47.58164,-122.29492,standard,2086.88,2026-02-05T18:00:00Z
408,sofia.chen408@example.edu,Sofia,Chen,Portland,Oregon,97205,US,45.33367,-122.79473,new,1592.13,2025-10-29T23:00:00Z
409,jordan.jackson409@example.edu,Jordan,Jackson,Boston,Massachusetts,02108,US,42.20979,-70.79905,new,160.58,2025-11-28T04:00:00Z
410,noah.moore410@example.edu,Noah,Moore,Dallas,Texas,75201,US,32.57242,-97.11391,new,280.39,2025-10-08T07:00:00Z
411,james.davis411@example.edu,James,Davis,Portland,Oregon,97205,US,45.31962,-122.61849,new,1295.43,2025-12-24T22:00:00Z
412,priya.wilson412@example.edu,Priya,Wilson,Philadelphia,Pennsylvania,19104,US,39.87296,-75.29728,standard,3982.01,2026-01-24T09:00:00Z
413,sofia.jackson413@example.edu,Sofia,Jackson,Los Angeles,California,90001,US,33.71543,-118.05172,preferred,10849.09,2025-10-12T20:00:00Z
414,grace.singh414@example.edu,Grace,Singh,Denver,Colorado,80202,US,39.84150,-104.78308,preferred,4521.81,2026-01-23T10:00:00Z
415,isabella.thomas415@example.edu,Isabella,Thomas,Phoenix,Arizona,85004,US,33.62825,-111.82593,standard,2455.67,2026-01-12T03:00:00Z
416,marcus.brown416@example.edu,Marcus,Brown,New York,New York,10001,US,40.47523,-74.31768,standard,1581.59,2026-01-30T13:00:00Z
417,fatima.thomas417@example.edu,Fatima,Thomas,Denver,Colorado,80202,US,39.66080,-105.15107,standard,1814.73,2025-10-29T20:00:00Z
418,ethan.jackson418@example.edu,Ethan,Jackson,Philadelphia,Pennsylvania,19104,US,39.74846,-75.05426,preferred,10105.19,2025-10-13T07:00:00Z
419,elena.jackson419@example.edu,Elena,Jackson,Houston,Texas,77002,US,30.02386,-95.37865,standard,4495.66,2026-02-21T11:00:00Z
420,amara.anderson420@example.edu,Amara,Anderson,Philadelphia,Pennsylvania,19104,US,39.82759,-74.91036,preferred,9471.47,2025-12-11T22:00:00Z
421,james.williams421@example.edu,James,Williams,Chicago,Illinois,60601,US,42.03845,-87.90053,new,1678.12,2026-03-25T08:00:00Z
422,mei.lopez422@example.edu,Mei,Lopez,Miami,Florida,33101,US,25.49177,-80.41413,new,1670.77,2026-01-11T00:00:00Z
423,james.martinez423@example.edu,James,Martinez,Philadelphia,Pennsylvania,19104,US,39.73099,-75.14996,standard,4403.02,2025-10-03T12:00:00Z
424,maya.chen424@example.edu,Maya,Chen,Miami,Florida,33101,US,25.64339,-80.26739,preferred,10095.49,2026-01-23T13:00:00Z
425,mateo.williams425@example.edu,Mateo,Williams,Seattle,Washington,98101,US,47.36524,-122.29739,preferred,9863.68,2026-01-06T19:00:00Z
426,james.williams426@example.edu,James,Williams,Los Angeles,California,90001,US,34.25171,-117.97703,vip,18552.86,2025-11-15T01:00:00Z
427,fatima.brown427@example.edu,Fatima,Brown,Boston,Massachusetts,02108,US,42.28095,-71.38859,preferred,9985.41,2026-01-09T00:00:00Z
428,noah.wilson428@example.edu,Noah,Wilson,Chicago,Illinois,60601,US,42.00645,-87.49938,preferred,11061.90,2025-12-19T15:00:00Z
429,kai.ahmed429@example.edu,Kai,Ahmed,Houston,Texas,77002,US,29.70582,-95.34387,standard,3674.86,2025-11-28T00:00:00Z
430,grace.davis430@example.edu,Grace,Davis,Los Angeles,California,90001,US,34.30347,-118.06019,new,1161.98,2026-03-23T01:00:00Z
431,kai.kim431@example.edu,Kai,Kim,Dallas,Texas,75201,US,32.42676,-97.06034,standard,611.65,2026-02-14T17:00:00Z
432,ethan.patel432@example.edu,Ethan,Patel,New York,New York,10001,US,40.44379,-73.94160,standard,3108.06,2026-01-22T10:00:00Z
433,elena.lopez433@example.edu,Elena,Lopez,San Francisco,California,94102,US,38.06723,-122.52647,standard,846.98,2025-10-29T04:00:00Z
434,grace.anderson434@example.edu,Grace,Anderson,New York,New York,10001,US,40.52396,-73.81439,new,116.92,2025-11-15T13:00:00Z
435,kai.nguyen435@example.edu,Kai,Nguyen,Boston,Massachusetts,02108,US,42.11052,-71.13542,vip,15395.69,2025-10-05T20:00:00Z
436,andre.jackson436@example.edu,Andre,Jackson,Chicago,Illinois,60601,US,42.00861,-87.41247,preferred,8320.00,2025-11-28T19:00:00Z
437,ethan.chen437@example.edu,Ethan,Chen,Atlanta,Georgia,30303,US,33.98486,-84.57969,preferred,6237.80,2026-01-31T17:00:00Z
438,priya.martinez438@example.edu,Priya,Martinez,Houston,Texas,77002,US,29.72563,-95.44232,standard,1246.15,2026-03-07T13:00:00Z
439,fatima.kim439@example.edu,Fatima,Kim,Denver,Colorado,80202,US,39.50640,-104.64575,new,94.65,2025-12-06T04:00:00Z
440,grace.thomas440@example.edu,Grace,Thomas,Portland,Oregon,97205,US,45.29605,-122.42851,new,889.95,2026-01-26T05:00:00Z
441,james.anderson441@example.edu,James,Anderson,Seattle,Washington,98101,US,47.38365,-122.43471,standard,740.77,2026-03-19T06:00:00Z
442,kai.kim442@example.edu,Kai,Kim,Atlanta,Georgia,30303,US,33.65204,-84.37152,preferred,11332.96,2026-02-22T05:00:00Z
443,kai.kim443@example.edu,Kai,Kim,San Francisco,California,94102,US,37.65835,-122.21862,standard,545.32,2025-12-01T00:00:00Z
444,hana.wilson444@example.edu,Hana,Wilson,Portland,Oregon,97205,US,45.47576,-122.32881,vip,50315.94,2026-01-06T04:00:00Z
445,grace.singh445@example.edu,Grace,Singh,Boston,Massachusetts,02108,US,42.36825,-70.89633,preferred,7948.22,2025-12-08T06:00:00Z
446,nia.taylor446@example.edu,Nia,Taylor,New York,New York,10001,US,40.65421,-74.09028,preferred,6495.45,2026-01-07T19:00:00Z
447,liam.martinez447@example.edu,Liam,Martinez,Seattle,Washington,98101,US,47.47992,-122.37269,standard,1494.56,2025-12-24T06:00:00Z
448,mateo.ahmed448@example.edu,Mateo,Ahmed,Denver,Colorado,80202,US,39.87540,-104.82524,preferred,4131.69,2026-01-31T08:00:00Z
449,hana.johnson449@example.edu,Hana,Johnson,Portland,Oregon,97205,US,45.51506,-122.53111,preferred,3578.32,2025-10-16T12:00:00Z
450,ethan.moore450@example.edu,Ethan,Moore,Boston,Massachusetts,02108,US,42.64614,-71.28133,standard,3453.02,2025-10-14T02:00:00Z
451,james.patel451@example.edu,James,Patel,Boston,Massachusetts,02108,US,42.52596,-70.77128,standard,2865.00,2025-11-16T15:00:00Z
452,priya.martinez452@example.edu,Priya,Martinez,Boston,Massachusetts,02108,US,42.48996,-71.21404,preferred,8197.90,2026-03-16T20:00:00Z
453,owen.kim453@example.edu,Owen,Kim,Houston,Texas,77002,US,29.79016,-95.39207,new,451.43,2026-01-11T22:00:00Z
454,owen.garcia454@example.edu,Owen,Garcia,Portland,Oregon,97205,US,45.49060,-122.54783,preferred,7220.51,2025-11-24T11:00:00Z
455,mei.ahmed455@example.edu,Mei,Ahmed,Dallas,Texas,75201,US,32.68394,-97.00089,standard,3176.99,2025-12-27T14:00:00Z
456,kai.moore456@example.edu,Kai,Moore,Houston,Texas,77002,US,29.81363,-95.09700,new,1222.42,2026-03-28T04:00:00Z
457,amara.garcia457@example.edu,Amara,Garcia,Portland,Oregon,97205,US,45.30987,-122.97477,standard,3981.85,2026-01-01T05:00:00Z
458,sofia.wilson458@example.edu,Sofia,Wilson,Phoenix,Arizona,85004,US,33.17886,-112.16630,new,1434.50,2025-11-24T19:00:00Z
459,amara.wilson459@example.edu,Amara,Wilson,Houston,Texas,77002,US,29.90895,-95.59137,vip,37435.83,2025-12-11T20:00:00Z
460,jordan.rivera460@example.edu,Jordan,Rivera,Denver,Colorado,80202,US,40.05332,-104.78796,preferred,6122.33,2025-12-01T06:00:00Z
461,maya.garcia461@example.edu,Maya,Garcia,Seattle,Washington,98101,US,47.94689,-122.26102,new,368.34,2025-11-23T02:00:00Z
462,ava.lopez462@example.edu,Ava,Lopez,Phoenix,Arizona,85004,US,33.57087,-111.78471,new,1475.23,2026-03-05T09:00:00Z
463,diego.moore463@example.edu,Diego,Moore,Denver,Colorado,80202,US,39.52640,-105.01879,preferred,5385.39,2026-02-07T02:00:00Z
464,ava.jackson464@example.edu,Ava,Jackson,Denver,Colorado,80202,US,39.51279,-105.09976,standard,1881.63,2026-01-30T01:00:00Z
465,priya.martinez465@example.edu,Priya,Martinez,Philadelphia,Pennsylvania,19104,US,39.73022,-75.35599,standard,1347.99,2026-03-12T14:00:00Z
466,priya.jackson466@example.edu,Priya,Jackson,Houston,Texas,77002,US,29.79916,-95.13874,vip,34004.94,2025-11-21T07:00:00Z
467,jordan.martinez467@example.edu,Jordan,Martinez,Chicago,Illinois,60601,US,41.83607,-87.55827,vip,31218.55,2026-03-23T19:00:00Z
468,fatima.williams468@example.edu,Fatima,Williams,San Francisco,California,94102,US,37.86138,-122.46496,new,213.46,2025-10-04T05:00:00Z
469,ethan.kim469@example.edu,Ethan,Kim,Seattle,Washington,98101,US,47.92441,-122.22076,new,1506.98,2026-02-20T07:00:00Z
470,jordan.martinez470@example.edu,Jordan,Martinez,Denver,Colorado,80202,US,39.66416,-105.01571,standard,567.18,2025-10-05T14:00:00Z
471,liam.wilson471@example.edu,Liam,Wilson,Denver,Colorado,80202,US,39.84545,-105.27469,standard,3700.00,2025-11-30T23:00:00Z
472,mei.anderson472@example.edu,Mei,Anderson,Atlanta,Georgia,30303,US,33.42877,-84.66837,preferred,6148.70,2026-01-12T08:00:00Z
473,noah.jackson473@example.edu,Noah,Jackson,Portland,Oregon,97205,US,45.26349,-122.88292,new,673.86,2026-03-17T03:00:00Z
474,nia.ahmed474@example.edu,Nia,Ahmed,Denver,Colorado,80202,US,39.72611,-104.85782,new,1616.34,2026-02-19T16:00:00Z
475,grace.davis475@example.edu,Grace,Davis,Houston,Texas,77002,US,29.75746,-95.11810,preferred,10450.35,2026-01-19T05:00:00Z
476,isabella.anderson476@example.edu,Isabella,Anderson,New York,New York,10001,US,40.81541,-74.10042,new,1666.64,2026-03-05T18:00:00Z
477,hana.johnson477@example.edu,Hana,Johnson,Houston,Texas,77002,US,29.88210,-95.67149,new,1606.60,2025-10-24T19:00:00Z
478,nia.patel478@example.edu,Nia,Patel,Portland,Oregon,97205,US,45.59871,-122.65863,standard,2177.63,2025-12-15T04:00:00Z
479,elena.johnson479@example.edu,Elena,Johnson,Houston,Texas,77002,US,29.77906,-95.05547,preferred,7638.35,2026-03-09T01:00:00Z
480,priya.chen480@example.edu,Priya,Chen,Atlanta,Georgia,30303,US,33.87994,-84.22900,new,1490.22,2025-12-02T11:00:00Z
481,isabella.martinez481@example.edu,Isabella,Martinez,San Francisco,California,94102,US,37.64749,-122.21885,preferred,11392.22,2025-11-21T21:00:00Z
482,jordan.garcia482@example.edu,Jordan,Garcia,Portland,Oregon,97205,US,45.34129,-122.89236,standard,1764.76,2026-03-28T19:00:00Z
483,isabella.williams483@example.edu,Isabella,Williams,Portland,Oregon,97205,US,45.31593,-122.37348,preferred,4338.52,2026-01-26T23:00:00Z
484,grace.chen484@example.edu,Grace,Chen,Atlanta,Georgia,30303,US,33.69697,-84.46715,new,1372.24,2025-12-02T10:00:00Z
485,andre.johnson485@example.edu,Andre,Johnson,Denver,Colorado,80202,US,39.48919,-105.14931,new,1520.27,2025-12-30T17:00:00Z
486,mei.patel486@example.edu,Mei,Patel,Seattle,Washington,98101,US,47.37385,-122.03007,standard,4101.17,2026-01-10T20:00:00Z
487,hana.wilson487@example.edu,Hana,Wilson,Philadelphia,Pennsylvania,19104,US,40.05937,-75.30079,standard,2611.66,2025-11-18T06:00:00Z
488,hana.johnson488@example.edu,Hana,Johnson,Miami,Florida,33101,US,26.01388,-80.45101,standard,2415.03,2026-03-28T21:00:00Z
489,isabella.johnson489@example.edu,Isabella,Johnson,Miami,Florida,33101,US,26.00872,-80.51036,preferred,9977.78,2026-02-15T13:00:00Z
490,isabella.garcia490@example.edu,Isabella,Garcia,New York,New York,10001,US,41.02441,-74.24212,new,757.47,2026-02-24T02:00:00Z
491,maya.jackson491@example.edu,Maya,Jackson,Seattle,Washington,98101,US,47.27932,-122.19758,standard,4048.06,2025-10-20T11:00:00Z
492,james.garcia492@example.edu,James,Garcia,Phoenix,Arizona,85004,US,33.68182,-111.86522,new,1725.91,2025-12-22T18:00:00Z
493,amara.patel493@example.edu,Amara,Patel,Seattle,Washington,98101,US,47.72640,-122.46222,standard,1446.21,2025-10-20T23:00:00Z
494,leah.williams494@example.edu,Leah,Williams,Seattle,Washington,98101,US,47.45686,-121.98331,vip,43695.36,2026-03-28T15:00:00Z
495,sofia.lopez495@example.edu,Sofia,Lopez,San Francisco,California,94102,US,37.76170,-122.46729,new,1687.14,2026-03-05T16:00:00Z
496,kai.nguyen496@example.edu,Kai,Nguyen,Philadelphia,Pennsylvania,19104,US,39.74544,-75.04951,standard,2555.62,2026-02-03T09:00:00Z
497,liam.ahmed497@example.edu,Liam,Ahmed,Atlanta,Georgia,30303,US,33.87747,-84.25711,standard,1946.65,2026-01-19T02:00:00Z
498,priya.moore498@example.edu,Priya,Moore,Dallas,Texas,75201,US,33.11179,-96.64142,preferred,4001.42,2025-12-02T21:00:00Z
499,sofia.taylor499@example.edu,Sofia,Taylor,Denver,Colorado,80202,US,39.42765,-105.17579,preferred,9972.27,2026-02-07T23:00:00Z
500,isabella.williams500@example.edu,Isabella,Williams,Seattle,Washington,98101,US,47.33588,-122.45149,standard,795.14,2025-10-29T13:00:00Z
501,owen.chen501@example.edu,Owen,Chen,Dallas,Texas,75201,US,32.46535,-97.07418,preferred,7274.14,2026-03-28T17:00:00Z
502,andre.davis502@example.edu,Andre,Davis,Atlanta,Georgia,30303,US,34.01890,-84.48359,standard,1628.40,2026-02-20T10:00:00Z
503,mei.nguyen503@example.edu,Mei,Nguyen,Miami,Florida,33101,US,25.73492,-79.85400,new,1001.03,2025-10-12T09:00:00Z
504,elena.jackson504@example.edu,Elena,Jackson,San Francisco,California,94102,US,37.88931,-122.14251,standard,1484.63,2025-11-25T21:00:00Z
505,jordan.rivera505@example.edu,Jordan,Rivera,Portland,Oregon,97205,US,45.70145,-122.33392,standard,909.32,2025-12-10T08:00:00Z
506,sofia.williams506@example.edu,Sofia,Williams,Los Angeles,California,90001,US,34.35009,-117.97508,standard,3891.38,2025-12-10T06:00:00Z
507,nia.davis507@example.edu,Nia,Davis,New York,New York,10001,US,41.00466,-73.68061,vip,37516.26,2026-03-10T17:00:00Z
508,amara.brown508@example.edu,Amara,Brown,New York,New York,10001,US,40.44190,-73.90215,standard,1741.97,2025-11-13T06:00:00Z
509,noah.wilson509@example.edu,Noah,Wilson,Miami,Florida,33101,US,25.42128,-80.43917,new,864.23,2026-03-17T01:00:00Z
510,maya.garcia510@example.edu,Maya,Garcia,Denver,Colorado,80202,US,40.00317,-104.91521,new,846.10,2026-01-09T21:00:00Z
511,fatima.singh511@example.edu,Fatima,Singh,Dallas,Texas,75201,US,33.03315,-96.78163,standard,3299.41,2026-01-30T03:00:00Z
512,jordan.patel512@example.edu,Jordan,Patel,Philadelphia,Pennsylvania,19104,US,39.65660,-75.17154,vip,17605.88,2025-10-04T18:00:00Z
513,ava.rivera513@example.edu,Ava,Rivera,Miami,Florida,33101,US,25.51063,-79.91354,standard,4284.98,2025-12-19T05:00:00Z
514,noah.anderson514@example.edu,Noah,Anderson,Houston,Texas,77002,US,30.04653,-95.63814,standard,4242.54,2025-11-24T13:00:00Z
515,mateo.patel515@example.edu,Mateo,Patel,San Francisco,California,94102,US,37.67326,-122.73341,new,790.70,2026-02-22T09:00:00Z
516,owen.jackson516@example.edu,Owen,Jackson,Philadelphia,Pennsylvania,19104,US,39.89187,-74.83700,standard,3783.68,2025-11-25T05:00:00Z
517,ava.anderson517@example.edu,Ava,Anderson,Philadelphia,Pennsylvania,19104,US,39.82621,-74.95294,preferred,2548.72,2025-11-13T11:00:00Z
518,james.anderson518@example.edu,James,Anderson,Phoenix,Arizona,85004,US,33.33020,-111.92192,standard,568.61,2025-12-26T01:00:00Z
519,maya.patel519@example.edu,Maya,Patel,San Francisco,California,94102,US,37.51784,-122.40248,standard,1914.77,2026-01-11T07:00:00Z
520,noah.rivera520@example.edu,Noah,Rivera,San Francisco,California,94102,US,37.63903,-122.37489,vip,25641.15,2025-12-30T06:00:00Z
521,leah.patel521@example.edu,Leah,Patel,Seattle,Washington,98101,US,47.85139,-122.57494,standard,4245.30,2026-01-09T11:00:00Z
522,noah.garcia522@example.edu,Noah,Garcia,Boston,Massachusetts,02108,US,42.28711,-71.28131,preferred,3772.89,2026-01-29T15:00:00Z
523,hana.singh523@example.edu,Hana,Singh,Houston,Texas,77002,US,29.81673,-95.37447,preferred,5229.21,2026-02-05T03:00:00Z
524,ethan.singh524@example.edu,Ethan,Singh,New York,New York,10001,US,40.80072,-74.20082,standard,1597.69,2026-01-13T22:00:00Z
525,nia.singh525@example.edu,Nia,Singh,Miami,Florida,33101,US,25.48356,-79.92147,new,1083.07,2026-02-04T21:00:00Z
526,mateo.moore526@example.edu,Mateo,Moore,Philadelphia,Pennsylvania,19104,US,40.18495,-75.25284,new,265.86,2025-10-29T06:00:00Z
527,andre.brown527@example.edu,Andre,Brown,Denver,Colorado,80202,US,39.63479,-104.96982,preferred,3755.88,2026-02-09T14:00:00Z
528,liam.singh528@example.edu,Liam,Singh,Houston,Texas,77002,US,29.76103,-95.23272,preferred,9446.80,2026-02-15T21:00:00Z
529,mei.davis529@example.edu,Mei,Davis,Philadelphia,Pennsylvania,19104,US,39.80039,-75.50113,new,220.61,2025-10-31T07:00:00Z
530,jordan.chen530@example.edu,Jordan,Chen,Atlanta,Georgia,30303,US,33.67592,-84.28364,preferred,6690.52,2026-01-08T00:00:00Z
531,nia.moore531@example.edu,Nia,Moore,Dallas,Texas,75201,US,32.44024,-97.06752,standard,3254.92,2025-10-08T15:00:00Z
532,isabella.moore532@example.edu,Isabella,Moore,New York,New York,10001,US,40.77929,-73.74169,standard,2566.99,2026-03-13T11:00:00Z
533,hana.garcia533@example.edu,Hana,Garcia,Phoenix,Arizona,85004,US,33.40574,-111.89872,preferred,6741.94,2025-12-22T20:00:00Z
534,andre.davis534@example.edu,Andre,Davis,Atlanta,Georgia,30303,US,34.04092,-84.55962,new,1642.37,2025-11-17T09:00:00Z
535,isabella.moore535@example.edu,Isabella,Moore,Portland,Oregon,97205,US,45.52751,-122.76305,preferred,5064.19,2025-11-17T22:00:00Z
536,jordan.wilson536@example.edu,Jordan,Wilson,Houston,Texas,77002,US,30.03722,-95.31861,vip,32284.70,2025-11-22T18:00:00Z
537,leah.rivera537@example.edu,Leah,Rivera,Denver,Colorado,80202,US,39.67916,-104.93076,vip,15062.56,2025-10-13T09:00:00Z
538,fatima.williams538@example.edu,Fatima,Williams,Seattle,Washington,98101,US,47.52348,-122.41144,preferred,10540.72,2025-12-10T17:00:00Z
539,elena.wilson539@example.edu,Elena,Wilson,Denver,Colorado,80202,US,39.54153,-105.15442,new,320.76,2025-10-18T18:00:00Z
540,noah.jackson540@example.edu,Noah,Jackson,Boston,Massachusetts,02108,US,42.21563,-71.22065,standard,3265.27,2026-01-30T13:00:00Z
541,mei.chen541@example.edu,Mei,Chen,Dallas,Texas,75201,US,32.45514,-96.45141,standard,3537.07,2025-11-18T00:00:00Z
542,isabella.singh542@example.edu,Isabella,Singh,Miami,Florida,33101,US,26.02399,-80.06472,new,1412.95,2026-02-26T06:00:00Z
543,diego.ahmed543@example.edu,Diego,Ahmed,Philadelphia,Pennsylvania,19104,US,39.72852,-75.26552,new,858.64,2025-12-09T17:00:00Z
544,amara.ahmed544@example.edu,Amara,Ahmed,Phoenix,Arizona,85004,US,33.77542,-111.88146,new,446.77,2026-02-10T00:00:00Z
545,fatima.moore545@example.edu,Fatima,Moore,Miami,Florida,33101,US,26.07644,-80.39340,standard,2930.59,2026-02-28T07:00:00Z
546,andre.kim546@example.edu,Andre,Kim,New York,New York,10001,US,40.43474,-74.09772,vip,15658.37,2025-10-07T23:00:00Z
547,noah.johnson547@example.edu,Noah,Johnson,Atlanta,Georgia,30303,US,33.95000,-84.38659,standard,1455.95,2025-10-31T17:00:00Z
548,james.lopez548@example.edu,James,Lopez,Philadelphia,Pennsylvania,19104,US,39.94309,-74.82862,new,1419.59,2026-01-12T21:00:00Z
549,sofia.lopez549@example.edu,Sofia,Lopez,New York,New York,10001,US,40.81573,-74.29415,preferred,3521.21,2025-11-04T05:00:00Z
550,mei.taylor550@example.edu,Mei,Taylor,Houston,Texas,77002,US,29.69651,-95.71315,new,495.83,2026-01-31T10:00:00Z
551,noah.nguyen551@example.edu,Noah,Nguyen,Seattle,Washington,98101,US,47.70475,-122.41407,standard,2787.53,2025-12-29T07:00:00Z
552,sofia.davis552@example.edu,Sofia,Davis,Atlanta,Georgia,30303,US,33.66711,-84.47183,new,370.20,2025-10-14T21:00:00Z
553,isabella.singh553@example.edu,Isabella,Singh,Denver,Colorado,80202,US,39.95260,-104.90388,preferred,4540.69,2026-03-15T08:00:00Z
554,maya.ahmed554@example.edu,Maya,Ahmed,Boston,Massachusetts,02108,US,42.15854,-71.30395,standard,1633.77,2025-12-13T06:00:00Z
555,mei.patel555@example.edu,Mei,Patel,Chicago,Illinois,60601,US,41.77120,-87.35118,preferred,7415.09,2026-02-13T16:00:00Z
556,liam.williams556@example.edu,Liam,Williams,Philadelphia,Pennsylvania,19104,US,39.82890,-75.22349,standard,689.88,2025-11-01T21:00:00Z
557,grace.anderson557@example.edu,Grace,Anderson,Boston,Massachusetts,02108,US,42.69823,-71.08689,standard,596.80,2025-11-26T15:00:00Z
558,andre.taylor558@example.edu,Andre,Taylor,Atlanta,Georgia,30303,US,33.83142,-84.22595,standard,531.91,2026-02-23T09:00:00Z
559,leah.nguyen559@example.edu,Leah,Nguyen,Denver,Colorado,80202,US,39.89408,-104.91015,standard,842.19,2025-12-16T12:00:00Z
560,priya.thomas560@example.edu,Priya,Thomas,Philadelphia,Pennsylvania,19104,US,40.13698,-75.03391,standard,4242.70,2026-02-10T10:00:00Z
561,nia.taylor561@example.edu,Nia,Taylor,Denver,Colorado,80202,US,39.56349,-105.08380,preferred,8244.72,2025-11-26T06:00:00Z
562,sofia.moore562@example.edu,Sofia,Moore,Miami,Florida,33101,US,25.58737,-79.89038,new,1758.52,2025-10-28T18:00:00Z
563,mei.thomas563@example.edu,Mei,Thomas,Los Angeles,California,90001,US,34.36408,-118.27761,vip,43166.54,2026-03-09T04:00:00Z
564,owen.lopez564@example.edu,Owen,Lopez,Houston,Texas,77002,US,29.75012,-95.11890,vip,48980.57,2025-10-12T18:00:00Z
565,mateo.davis565@example.edu,Mateo,Davis,Chicago,Illinois,60601,US,41.99207,-87.33453,new,1735.52,2025-11-10T15:00:00Z
566,jordan.chen566@example.edu,Jordan,Chen,Portland,Oregon,97205,US,45.46030,-122.34484,standard,2135.43,2026-02-15T09:00:00Z
567,hana.nguyen567@example.edu,Hana,Nguyen,Dallas,Texas,75201,US,32.75269,-96.81086,new,134.78,2026-01-26T21:00:00Z
568,liam.jackson568@example.edu,Liam,Jackson,Phoenix,Arizona,85004,US,33.20289,-111.91580,standard,3635.81,2026-01-07T16:00:00Z
569,fatima.chen569@example.edu,Fatima,Chen,Houston,Texas,77002,US,29.82638,-95.58832,new,601.06,2026-01-10T08:00:00Z
570,andre.thomas570@example.edu,Andre,Thomas,Denver,Colorado,80202,US,39.91551,-105.13261,preferred,3231.17,2026-03-01T19:00:00Z
571,mei.johnson571@example.edu,Mei,Johnson,San Francisco,California,94102,US,37.50873,-122.69805,preferred,9005.62,2025-10-23T22:00:00Z
572,fatima.martinez572@example.edu,Fatima,Martinez,Boston,Massachusetts,02108,US,42.11902,-71.00047,standard,1887.89,2025-12-17T05:00:00Z
573,sofia.wilson573@example.edu,Sofia,Wilson,Houston,Texas,77002,US,30.03326,-95.67876,standard,2295.30,2025-11-15T17:00:00Z
574,james.ahmed574@example.edu,James,Ahmed,Philadelphia,Pennsylvania,19104,US,39.83743,-75.24876,preferred,8081.22,2026-03-21T18:00:00Z
575,priya.brown575@example.edu,Priya,Brown,Boston,Massachusetts,02108,US,42.47066,-71.34784,vip,47756.62,2025-11-01T17:00:00Z
576,priya.ahmed576@example.edu,Priya,Ahmed,Dallas,Texas,75201,US,32.87672,-97.00607,standard,2288.89,2025-12-29T00:00:00Z
577,grace.rivera577@example.edu,Grace,Rivera,Dallas,Texas,75201,US,32.45100,-96.49623,vip,22466.00,2026-02-23T06:00:00Z
578,priya.kim578@example.edu,Priya,Kim,Los Angeles,California,90001,US,33.98373,-118.17474,new,893.74,2025-11-18T16:00:00Z
579,kai.anderson579@example.edu,Kai,Anderson,Phoenix,Arizona,85004,US,33.30735,-112.17291,standard,1104.44,2026-03-31T09:00:00Z
580,andre.davis580@example.edu,Andre,Davis,Denver,Colorado,80202,US,39.60560,-104.70285,new,908.37,2025-10-26T09:00:00Z
581,kai.jackson581@example.edu,Kai,Jackson,Boston,Massachusetts,02108,US,42.10937,-71.37537,preferred,4255.62,2025-10-15T21:00:00Z
582,maya.brown582@example.edu,Maya,Brown,Atlanta,Georgia,30303,US,33.48099,-84.45639,new,1676.44,2025-12-04T11:00:00Z
583,mateo.williams583@example.edu,Mateo,Williams,Denver,Colorado,80202,US,40.03233,-105.24376,standard,3251.50,2025-11-14T10:00:00Z
584,isabella.patel584@example.edu,Isabella,Patel,Seattle,Washington,98101,US,47.48302,-122.50077,standard,1496.54,2026-01-09T08:00:00Z
585,diego.patel585@example.edu,Diego,Patel,Houston,Texas,77002,US,29.88162,-95.06196,preferred,11522.75,2026-02-23T19:00:00Z
586,mateo.brown586@example.edu,Mateo,Brown,Portland,Oregon,97205,US,45.79001,-122.76003,preferred,8959.37,2025-11-07T03:00:00Z
587,owen.williams587@example.edu,Owen,Williams,Atlanta,Georgia,30303,US,33.41697,-84.63928,standard,3914.64,2025-11-23T20:00:00Z
588,maya.garcia588@example.edu,Maya,Garcia,Houston,Texas,77002,US,30.02587,-95.20139,new,448.57,2026-04-01T07:00:00Z
589,mei.williams589@example.edu,Mei,Williams,Denver,Colorado,80202,US,39.40596,-104.85889,standard,2380.92,2026-01-06T00:00:00Z
590,hana.garcia590@example.edu,Hana,Garcia,Chicago,Illinois,60601,US,42.09507,-87.94016,preferred,8147.09,2026-02-22T19:00:00Z
591,ava.jackson591@example.edu,Ava,Jackson,Denver,Colorado,80202,US,39.82823,-105.12533,standard,1214.39,2025-11-11T19:00:00Z
592,ethan.davis592@example.edu,Ethan,Davis,Seattle,Washington,98101,US,47.72507,-122.11314,standard,3017.85,2025-12-24T08:00:00Z
593,isabella.kim593@example.edu,Isabella,Kim,Seattle,Washington,98101,US,47.69356,-122.30928,new,218.03,2026-03-03T12:00:00Z
594,mateo.nguyen594@example.edu,Mateo,Nguyen,San Francisco,California,94102,US,38.04944,-122.62481,standard,4015.31,2026-02-01T06:00:00Z
595,isabella.rivera595@example.edu,Isabella,Rivera,Miami,Florida,33101,US,25.47440,-80.48985,standard,2195.99,2025-10-14T08:00:00Z
596,owen.brown596@example.edu,Owen,Brown,Phoenix,Arizona,85004,US,33.66184,-112.35679,standard,1481.03,2025-11-24T15:00:00Z
597,isabella.jackson597@example.edu,Isabella,Jackson,Atlanta,Georgia,30303,US,34.01055,-84.13120,standard,2941.11,2026-01-25T11:00:00Z
598,noah.brown598@example.edu,Noah,Brown,Dallas,Texas,75201,US,32.65446,-96.76074,standard,953.99,2025-10-11T03:00:00Z
599,mei.patel599@example.edu,Mei,Patel,Atlanta,Georgia,30303,US,33.47451,-84.61268,standard,2786.88,2026-03-03T11:00:00Z
600,nia.ahmed600@example.edu,Nia,Ahmed,Atlanta,Georgia,30303,US,33.97634,-84.09478,new,662.15,2026-03-31T19:00:00Z
601,sofia.anderson601@example.edu,Sofia,Anderson,Boston,Massachusetts,02108,US,42.13896,-71.22054,standard,1346.68,2025-10-13T01:00:00Z
602,ava.ahmed602@example.edu,Ava,Ahmed,Boston,Massachusetts,02108,US,42.46133,-70.90789,standard,1697.50,2025-10-27T22:00:00Z
603,amara.thomas603@example.edu,Amara,Thomas,Seattle,Washington,98101,US,47.34581,-122.10888,standard,1978.57,2025-12-19T20:00:00Z
604,hana.taylor604@example.edu,Hana,Taylor,Dallas,Texas,75201,US,32.83359,-96.56302,preferred,7148.28,2026-03-24T00:00:00Z
605,ava.williams605@example.edu,Ava,Williams,Seattle,Washington,98101,US,47.38889,-122.25599,standard,1801.12,2026-03-25T14:00:00Z
606,james.lopez606@example.edu,James,Lopez,Boston,Massachusetts,02108,US,42.59377,-71.14303,standard,1590.62,2026-02-03T23:00:00Z
607,owen.johnson607@example.edu,Owen,Johnson,Atlanta,Georgia,30303,US,33.61562,-84.47949,new,674.43,2025-11-18T18:00:00Z
608,ethan.patel608@example.edu,Ethan,Patel,San Francisco,California,94102,US,38.00598,-122.72351,new,848.83,2025-11-11T12:00:00Z
609,ethan.kim609@example.edu,Ethan,Kim,New York,New York,10001,US,40.53759,-74.15359,preferred,4053.48,2025-12-28T05:00:00Z
610,fatima.lopez610@example.edu,Fatima,Lopez,Philadelphia,Pennsylvania,19104,US,40.20832,-74.90490,standard,3509.78,2026-01-26T19:00:00Z
611,ethan.johnson611@example.edu,Ethan,Johnson,New York,New York,10001,US,40.89134,-73.87926,preferred,9078.37,2026-03-15T13:00:00Z
612,grace.rivera612@example.edu,Grace,Rivera,Dallas,Texas,75201,US,33.00890,-96.87365,preferred,5559.82,2025-12-17T05:00:00Z
613,hana.ahmed613@example.edu,Hana,Ahmed,Boston,Massachusetts,02108,US,42.14784,-71.18200,new,238.66,2026-02-06T23:00:00Z
614,jordan.anderson614@example.edu,Jordan,Anderson,Atlanta,Georgia,30303,US,33.59148,-84.35532,new,1214.09,2026-02-02T14:00:00Z
615,maya.patel615@example.edu,Maya,Patel,Philadelphia,Pennsylvania,19104,US,40.02332,-75.16310,new,804.76,2026-01-25T06:00:00Z
616,marcus.wilson616@example.edu,Marcus,Wilson,Chicago,Illinois,60601,US,41.79259,-87.41820,preferred,8487.35,2025-12-27T02:00:00Z
617,hana.chen617@example.edu,Hana,Chen,Los Angeles,California,90001,US,33.80516,-118.22220,preferred,10372.39,2026-03-29T04:00:00Z
618,mateo.taylor618@example.edu,Mateo,Taylor,New York,New York,10001,US,40.68859,-74.03761,standard,2574.01,2025-10-12T04:00:00Z
619,mei.kim619@example.edu,Mei,Kim,Philadelphia,Pennsylvania,19104,US,39.61780,-75.47794,preferred,5257.93,2025-12-30T21:00:00Z
620,priya.davis620@example.edu,Priya,Davis,New York,New York,10001,US,40.60012,-74.23294,preferred,8570.31,2026-01-25T19:00:00Z
621,mateo.ahmed621@example.edu,Mateo,Ahmed,New York,New York,10001,US,40.81430,-73.86585,vip,19829.12,2025-10-24T16:00:00Z
622,leah.brown622@example.edu,Leah,Brown,Dallas,Texas,75201,US,32.49674,-96.71334,standard,1178.48,2026-02-01T10:00:00Z
623,grace.williams623@example.edu,Grace,Williams,Atlanta,Georgia,30303,US,33.88450,-84.31286,standard,3774.20,2025-10-17T07:00:00Z
624,mateo.kim624@example.edu,Mateo,Kim,Los Angeles,California,90001,US,33.72117,-118.46472,new,509.48,2026-03-13T21:00:00Z
625,grace.anderson625@example.edu,Grace,Anderson,Boston,Massachusetts,02108,US,42.67823,-70.79709,preferred,10732.10,2025-10-19T15:00:00Z
626,owen.brown626@example.edu,Owen,Brown,New York,New York,10001,US,40.92138,-73.87880,new,1136.02,2026-01-06T21:00:00Z
627,liam.singh627@example.edu,Liam,Singh,Miami,Florida,33101,US,26.07677,-80.38664,standard,4324.49,2025-12-31T03:00:00Z
628,maya.brown628@example.edu,Maya,Brown,Chicago,Illinois,60601,US,42.19537,-87.66012,standard,1971.49,2025-11-26T06:00:00Z
629,diego.lopez629@example.edu,Diego,Lopez,New York,New York,10001,US,40.87630,-74.14543,standard,1462.11,2025-12-22T07:00:00Z
630,liam.lopez630@example.edu,Liam,Lopez,Miami,Florida,33101,US,25.75489,-79.92939,preferred,10367.48,2025-11-24T18:00:00Z
631,mei.ahmed631@example.edu,Mei,Ahmed,Portland,Oregon,97205,US,45.52910,-122.82257,vip,46804.64,2025-12-23T12:00:00Z
632,marcus.kim632@example.edu,Marcus,Kim,Portland,Oregon,97205,US,45.57798,-122.38007,standard,2098.85,2026-01-24T18:00:00Z
633,diego.kim633@example.edu,Diego,Kim,Los Angeles,California,90001,US,34.37799,-118.31969,preferred,4470.76,2026-02-24T11:00:00Z
634,isabella.williams634@example.edu,Isabella,Williams,Houston,Texas,77002,US,30.07700,-95.14858,preferred,2537.52,2026-03-29T21:00:00Z
635,hana.wilson635@example.edu,Hana,Wilson,New York,New York,10001,US,40.60930,-74.29583,new,139.79,2026-03-22T07:00:00Z
636,fatima.patel636@example.edu,Fatima,Patel,Chicago,Illinois,60601,US,41.68657,-87.41305,preferred,8723.55,2025-11-04T17:00:00Z
637,liam.davis637@example.edu,Liam,Davis,Phoenix,Arizona,85004,US,33.13790,-112.39730,standard,2764.90,2025-10-23T17:00:00Z
638,leah.wilson638@example.edu,Leah,Wilson,Atlanta,Georgia,30303,US,33.81204,-84.73088,preferred,9627.35,2025-11-13T04:00:00Z
639,ava.rivera639@example.edu,Ava,Rivera,Portland,Oregon,97205,US,45.63048,-122.57445,preferred,10621.22,2025-12-02T15:00:00Z
640,elena.williams640@example.edu,Elena,Williams,Denver,Colorado,80202,US,39.84361,-105.02347,new,1729.56,2026-02-12T19:00:00Z
641,kai.wilson641@example.edu,Kai,Wilson,Miami,Florida,33101,US,25.75789,-79.97824,standard,4096.53,2026-03-15T15:00:00Z
642,mei.singh642@example.edu,Mei,Singh,Boston,Massachusetts,02108,US,42.60343,-70.71515,standard,3022.58,2025-10-26T18:00:00Z
643,grace.moore643@example.edu,Grace,Moore,Phoenix,Arizona,85004,US,33.42066,-112.02172,preferred,10609.13,2025-12-20T19:00:00Z
644,owen.chen644@example.edu,Owen,Chen,Dallas,Texas,75201,US,32.53449,-96.94797,preferred,5184.32,2025-12-24T07:00:00Z
645,noah.patel645@example.edu,Noah,Patel,Dallas,Texas,75201,US,33.08525,-96.84745,standard,877.96,2025-11-30T21:00:00Z
646,jordan.chen646@example.edu,Jordan,Chen,Atlanta,Georgia,30303,US,33.89012,-84.21794,new,810.44,2025-12-05T15:00:00Z
647,elena.lopez647@example.edu,Elena,Lopez,New York,New York,10001,US,40.37999,-74.02560,standard,4480.67,2025-10-06T14:00:00Z
648,james.wilson648@example.edu,James,Wilson,Atlanta,Georgia,30303,US,34.04043,-84.17965,standard,3307.69,2025-10-25T18:00:00Z
649,liam.ahmed649@example.edu,Liam,Ahmed,Portland,Oregon,97205,US,45.45374,-122.80899,preferred,4298.27,2025-11-27T19:00:00Z
650,leah.johnson650@example.edu,Leah,Johnson,Portland,Oregon,97205,US,45.35875,-122.77288,new,444.43,2026-01-17T07:00:00Z
651,maya.thomas651@example.edu,Maya,Thomas,New York,New York,10001,US,40.96210,-74.28608,preferred,8994.24,2026-02-13T14:00:00Z
652,leah.nguyen652@example.edu,Leah,Nguyen,Dallas,Texas,75201,US,32.54715,-96.72963,new,1164.61,2025-11-10T14:00:00Z
653,andre.singh653@example.edu,Andre,Singh,Denver,Colorado,80202,US,39.77708,-105.27730,standard,1427.31,2026-02-04T10:00:00Z
654,maya.thomas654@example.edu,Maya,Thomas,Denver,Colorado,80202,US,39.64481,-104.68486,preferred,7202.15,2025-12-30T03:00:00Z
655,diego.patel655@example.edu,Diego,Patel,Houston,Texas,77002,US,29.85882,-95.55657,standard,3438.48,2025-12-09T07:00:00Z
656,noah.williams656@example.edu,Noah,Williams,Seattle,Washington,98101,US,47.27667,-122.02212,preferred,9560.46,2026-01-06T10:00:00Z
657,nia.nguyen657@example.edu,Nia,Nguyen,Portland,Oregon,97205,US,45.50171,-122.43804,preferred,11366.53,2026-03-19T11:00:00Z
658,elena.kim658@example.edu,Elena,Kim,Atlanta,Georgia,30303,US,34.08522,-84.71446,preferred,7370.43,2025-12-31T02:00:00Z
659,leah.singh659@example.edu,Leah,Singh,Portland,Oregon,97205,US,45.23861,-122.47249,standard,3486.60,2026-01-27T16:00:00Z
660,noah.thomas660@example.edu,Noah,Thomas,Portland,Oregon,97205,US,45.76782,-122.34742,preferred,5257.33,2026-01-30T06:00:00Z
661,isabella.garcia661@example.edu,Isabella,Garcia,Houston,Texas,77002,US,29.51101,-95.18534,new,168.10,2026-02-18T13:00:00Z
662,isabella.patel662@example.edu,Isabella,Patel,Denver,Colorado,80202,US,39.49953,-105.05148,standard,1552.96,2026-02-05T06:00:00Z
663,priya.moore663@example.edu,Priya,Moore,Miami,Florida,33101,US,26.07343,-80.47247,standard,3226.74,2026-03-31T09:00:00Z
664,fatima.anderson664@example.edu,Fatima,Anderson,Miami,Florida,33101,US,25.64604,-79.88984,standard,3763.91,2026-01-02T00:00:00Z
665,mei.thomas665@example.edu,Mei,Thomas,Houston,Texas,77002,US,29.83994,-95.15982,new,1503.17,2025-10-17T10:00:00Z
666,kai.thomas666@example.edu,Kai,Thomas,Portland,Oregon,97205,US,45.48777,-122.97644,new,121.81,2026-02-20T09:00:00Z
667,owen.patel667@example.edu,Owen,Patel,Miami,Florida,33101,US,26.09567,-80.32774,preferred,3274.94,2026-03-05T14:00:00Z
668,priya.moore668@example.edu,Priya,Moore,Phoenix,Arizona,85004,US,33.62414,-112.14306,standard,3079.36,2025-11-27T08:00:00Z
669,isabella.lopez669@example.edu,Isabella,Lopez,Atlanta,Georgia,30303,US,33.89269,-84.09280,standard,811.09,2025-11-20T01:00:00Z
670,jordan.ahmed670@example.edu,Jordan,Ahmed,Dallas,Texas,75201,US,32.97772,-96.48277,new,603.51,2025-10-12T04:00:00Z
671,mei.kim671@example.edu,Mei,Kim,Seattle,Washington,98101,US,47.84682,-122.06754,vip,24832.35,2025-10-03T23:00:00Z
672,isabella.davis672@example.edu,Isabella,Davis,Boston,Massachusetts,02108,US,42.07113,-70.91698,standard,4177.66,2026-03-06T17:00:00Z
673,elena.chen673@example.edu,Elena,Chen,Chicago,Illinois,60601,US,41.69411,-87.80821,preferred,6250.62,2026-01-12T21:00:00Z
674,hana.brown674@example.edu,Hana,Brown,Dallas,Texas,75201,US,32.61017,-96.50917,new,1350.95,2025-12-07T00:00:00Z
675,kai.moore675@example.edu,Kai,Moore,Boston,Massachusetts,02108,US,42.68251,-70.79049,new,1237.53,2026-02-17T08:00:00Z
676,owen.brown676@example.edu,Owen,Brown,Atlanta,Georgia,30303,US,33.68678,-84.21180,vip,49174.64,2026-02-12T06:00:00Z
677,priya.moore677@example.edu,Priya,Moore,Houston,Texas,77002,US,29.61165,-95.62271,standard,1232.93,2025-10-21T22:00:00Z
678,priya.lopez678@example.edu,Priya,Lopez,Houston,Texas,77002,US,29.55674,-95.05249,standard,4144.47,2026-01-01T17:00:00Z
679,leah.singh679@example.edu,Leah,Singh,Miami,Florida,33101,US,25.47177,-80.42734,new,174.43,2026-02-09T06:00:00Z
680,fatima.jackson680@example.edu,Fatima,Jackson,Phoenix,Arizona,85004,US,33.30274,-112.02126,new,204.75,2025-11-02T08:00:00Z
681,maya.martinez681@example.edu,Maya,Martinez,Phoenix,Arizona,85004,US,33.79323,-112.06418,standard,2315.97,2026-01-31T16:00:00Z
682,noah.anderson682@example.edu,Noah,Anderson,Portland,Oregon,97205,US,45.23312,-123.02623,standard,655.07,2026-03-22T01:00:00Z
683,maya.martinez683@example.edu,Maya,Martinez,San Francisco,California,94102,US,38.01238,-122.37170,new,1353.24,2026-03-27T20:00:00Z
684,jordan.garcia684@example.edu,Jordan,Garcia,Portland,Oregon,97205,US,45.25254,-122.96719,standard,1829.06,2026-01-04T03:00:00Z
685,maya.singh685@example.edu,Maya,Singh,Atlanta,Georgia,30303,US,33.90888,-84.55592,new,238.89,2025-10-23T09:00:00Z
686,james.garcia686@example.edu,James,Garcia,Chicago,Illinois,60601,US,41.67537,-87.95668,standard,3362.92,2026-02-20T08:00:00Z
687,liam.rivera687@example.edu,Liam,Rivera,Phoenix,Arizona,85004,US,33.36258,-112.06619,standard,873.76,2025-11-16T02:00:00Z
688,diego.singh688@example.edu,Diego,Singh,Los Angeles,California,90001,US,34.29066,-118.42855,standard,713.31,2026-02-18T19:00:00Z
689,fatima.garcia689@example.edu,Fatima,Garcia,Atlanta,Georgia,30303,US,33.86299,-84.15745,new,1797.40,2025-12-26T16:00:00Z
690,hana.anderson690@example.edu,Hana,Anderson,New York,New York,10001,US,41.02374,-74.10128,standard,2598.03,2026-03-07T10:00:00Z
691,james.kim691@example.edu,James,Kim,Portland,Oregon,97205,US,45.39655,-122.37592,standard,2855.55,2025-10-26T13:00:00Z
692,james.chen692@example.edu,James,Chen,Miami,Florida,33101,US,25.80773,-80.05541,standard,4324.81,2026-02-27T07:00:00Z
693,maya.singh693@example.edu,Maya,Singh,Seattle,Washington,98101,US,47.47396,-122.18679,standard,1495.03,2025-10-03T15:00:00Z
694,owen.ahmed694@example.edu,Owen,Ahmed,Los Angeles,California,90001,US,33.99671,-118.53519,preferred,9169.48,2025-12-04T19:00:00Z
695,maya.thomas695@example.edu,Maya,Thomas,San Francisco,California,94102,US,37.74960,-122.15495,new,623.39,2025-11-17T12:00:00Z
696,kai.davis696@example.edu,Kai,Davis,Philadelphia,Pennsylvania,19104,US,40.29536,-75.21551,preferred,6057.45,2026-01-14T18:00:00Z
697,andre.thomas697@example.edu,Andre,Thomas,Denver,Colorado,80202,US,39.81654,-104.91470,preferred,5656.57,2026-02-01T10:00:00Z
698,ava.kim698@example.edu,Ava,Kim,Chicago,Illinois,60601,US,41.90011,-87.69532,standard,577.75,2026-01-12T09:00:00Z
699,nia.ahmed699@example.edu,Nia,Ahmed,Atlanta,Georgia,30303,US,33.86323,-84.41919,new,754.50,2026-01-25T23:00:00Z
700,marcus.martinez700@example.edu,Marcus,Martinez,Houston,Texas,77002,US,29.41332,-95.70972,new,175.47,2026-01-31T01:00:00Z
701,leah.johnson701@example.edu,Leah,Johnson,Chicago,Illinois,60601,US,41.52873,-87.65860,new,1087.91,2025-11-13T09:00:00Z
702,isabella.chen702@example.edu,Isabella,Chen,Phoenix,Arizona,85004,US,33.25597,-112.33316,vip,33098.87,2025-12-14T02:00:00Z
703,priya.chen703@example.edu,Priya,Chen,Dallas,Texas,75201,US,33.04384,-97.09217,preferred,9569.75,2026-02-25T22:00:00Z
704,kai.chen704@example.edu,Kai,Chen,Miami,Florida,33101,US,25.59702,-80.18542,preferred,8045.27,2026-02-25T16:00:00Z
705,elena.williams705@example.edu,Elena,Williams,Boston,Massachusetts,02108,US,42.02666,-70.83271,new,205.42,2025-11-02T23:00:00Z
706,mei.thomas706@example.edu,Mei,Thomas,San Francisco,California,94102,US,37.43679,-122.53744,standard,2957.90,2025-10-25T00:00:00Z
707,mateo.wilson707@example.edu,Mateo,Wilson,Miami,Florida,33101,US,25.50418,-80.20636,new,982.44,2025-11-20T07:00:00Z
708,isabella.garcia708@example.edu,Isabella,Garcia,Dallas,Texas,75201,US,32.44655,-96.62968,standard,1520.00,2025-11-27T16:00:00Z
709,sofia.garcia709@example.edu,Sofia,Garcia,Boston,Massachusetts,02108,US,42.13835,-71.22424,preferred,8356.73,2025-12-24T13:00:00Z
710,andre.wilson710@example.edu,Andre,Wilson,Houston,Texas,77002,US,29.84145,-95.12601,standard,2583.63,2025-10-29T20:00:00Z
711,ethan.rivera711@example.edu,Ethan,Rivera,Denver,Colorado,80202,US,39.86577,-105.28059,new,815.66,2025-10-18T21:00:00Z
712,maya.brown712@example.edu,Maya,Brown,Miami,Florida,33101,US,25.47444,-80.00344,standard,3425.72,2025-12-27T18:00:00Z
713,mei.martinez713@example.edu,Mei,Martinez,Seattle,Washington,98101,US,47.78724,-122.27571,vip,24686.94,2026-01-30T16:00:00Z
714,maya.williams714@example.edu,Maya,Williams,Phoenix,Arizona,85004,US,33.39728,-112.16329,new,1428.28,2025-11-10T14:00:00Z
715,kai.johnson715@example.edu,Kai,Johnson,Seattle,Washington,98101,US,47.30020,-122.52920,standard,2788.73,2026-01-23T10:00:00Z
716,amara.patel716@example.edu,Amara,Patel,Phoenix,Arizona,85004,US,33.76572,-112.17699,preferred,2904.75,2025-11-23T06:00:00Z
717,hana.garcia717@example.edu,Hana,Garcia,Chicago,Illinois,60601,US,41.67351,-87.56003,standard,1307.51,2025-12-28T13:00:00Z
718,diego.anderson718@example.edu,Diego,Anderson,Chicago,Illinois,60601,US,41.76977,-87.58079,preferred,6956.94,2025-12-07T19:00:00Z
719,nia.johnson719@example.edu,Nia,Johnson,Houston,Texas,77002,US,29.78070,-95.58988,standard,4277.01,2025-11-29T23:00:00Z
720,jordan.garcia720@example.edu,Jordan,Garcia,Portland,Oregon,97205,US,45.24876,-122.43390,standard,4089.57,2025-10-13T21:00:00Z
721,jordan.brown721@example.edu,Jordan,Brown,Philadelphia,Pennsylvania,19104,US,39.74209,-75.05710,new,1555.57,2025-11-30T20:00:00Z
722,mei.chen722@example.edu,Mei,Chen,Houston,Texas,77002,US,29.96524,-95.66917,preferred,4345.19,2026-02-02T09:00:00Z
723,mei.wilson723@example.edu,Mei,Wilson,Atlanta,Georgia,30303,US,33.71206,-84.13643,new,426.64,2025-12-24T06:00:00Z
724,liam.jackson724@example.edu,Liam,Jackson,Houston,Texas,77002,US,30.03867,-95.06977,standard,1033.95,2025-10-04T08:00:00Z
725,maya.kim725@example.edu,Maya,Kim,Phoenix,Arizona,85004,US,33.77436,-112.39138,new,915.77,2026-01-26T02:00:00Z
726,liam.brown726@example.edu,Liam,Brown,Philadelphia,Pennsylvania,19104,US,39.73986,-75.42880,new,1288.14,2025-12-17T01:00:00Z
727,mateo.ahmed727@example.edu,Mateo,Ahmed,Phoenix,Arizona,85004,US,33.40518,-112.28758,standard,4189.32,2025-10-06T10:00:00Z
728,grace.johnson728@example.edu,Grace,Johnson,Boston,Massachusetts,02108,US,42.10229,-70.85474,new,377.40,2025-10-03T20:00:00Z
729,kai.anderson729@example.edu,Kai,Anderson,New York,New York,10001,US,40.54495,-73.92581,new,666.16,2026-03-19T09:00:00Z
730,fatima.rivera730@example.edu,Fatima,Rivera,San Francisco,California,94102,US,37.62975,-122.21392,preferred,4687.09,2025-10-05T06:00:00Z
731,maya.thomas731@example.edu,Maya,Thomas,Philadelphia,Pennsylvania,19104,US,40.04369,-74.92192,standard,2077.52,2026-01-21T23:00:00Z
732,maya.rivera732@example.edu,Maya,Rivera,Philadelphia,Pennsylvania,19104,US,39.98956,-75.42146,standard,2791.63,2026-02-15T22:00:00Z
733,mateo.wilson733@example.edu,Mateo,Wilson,Miami,Florida,33101,US,25.45773,-80.35358,standard,3525.29,2025-10-06T03:00:00Z
734,james.lopez734@example.edu,James,Lopez,Denver,Colorado,80202,US,39.65672,-105.08677,new,764.99,2026-01-14T07:00:00Z
735,leah.lopez735@example.edu,Leah,Lopez,Phoenix,Arizona,85004,US,33.25883,-112.19462,standard,2205.54,2025-10-08T02:00:00Z
736,noah.johnson736@example.edu,Noah,Johnson,Houston,Texas,77002,US,29.61749,-95.53635,standard,3356.37,2026-02-16T18:00:00Z
737,mateo.singh737@example.edu,Mateo,Singh,Denver,Colorado,80202,US,39.85572,-105.13480,new,1399.88,2026-01-27T22:00:00Z
738,owen.brown738@example.edu,Owen,Brown,Phoenix,Arizona,85004,US,33.47959,-112.22571,preferred,5474.43,2026-01-18T12:00:00Z
739,grace.wilson739@example.edu,Grace,Wilson,Seattle,Washington,98101,US,47.92157,-122.34904,standard,3143.46,2026-03-16T19:00:00Z
740,priya.wilson740@example.edu,Priya,Wilson,Houston,Texas,77002,US,29.52169,-95.21760,standard,1228.19,2026-01-12T08:00:00Z
741,nia.johnson741@example.edu,Nia,Johnson,San Francisco,California,94102,US,37.82910,-122.32679,standard,3795.54,2026-03-18T11:00:00Z
742,owen.moore742@example.edu,Owen,Moore,New York,New York,10001,US,40.67624,-74.23794,vip,28644.05,2025-12-03T11:00:00Z
743,james.williams743@example.edu,James,Williams,Boston,Massachusetts,02108,US,42.15977,-71.39009,standard,509.29,2026-01-18T06:00:00Z
744,amara.davis744@example.edu,Amara,Davis,Philadelphia,Pennsylvania,19104,US,40.06520,-75.26745,new,533.00,2026-01-08T12:00:00Z
745,kai.patel745@example.edu,Kai,Patel,San Francisco,California,94102,US,37.71462,-122.68344,preferred,9571.09,2026-01-19T10:00:00Z
746,noah.kim746@example.edu,Noah,Kim,Denver,Colorado,80202,US,39.47328,-105.06637,new,482.64,2026-01-27T16:00:00Z
747,hana.taylor747@example.edu,Hana,Taylor,Chicago,Illinois,60601,US,41.89064,-87.40077,standard,4335.37,2026-02-24T05:00:00Z
748,maya.patel748@example.edu,Maya,Patel,Miami,Florida,33101,US,25.81917,-80.31963,vip,8684.47,2025-11-10T05:00:00Z
749,james.nguyen749@example.edu,James,Nguyen,Dallas,Texas,75201,US,32.56985,-96.48989,preferred,2729.65,2026-03-22T12:00:00Z
750,ava.martinez750@example.edu,Ava,Martinez,Portland,Oregon,97205,US,45.41344,-122.84018,standard,3478.24,2026-01-14T13:00:00Z
751,mei.chen751@example.edu,Mei,Chen,Portland,Oregon,97205,US,45.54250,-122.87672,vip,30943.76,2025-12-28T04:00:00Z
752,isabella.johnson752@example.edu,Isabella,Johnson,New York,New York,10001,US,40.94390,-73.93186,standard,1575.92,2026-03-22T22:00:00Z
753,elena.moore753@example.edu,Elena,Moore,Chicago,Illinois,60601,US,41.90865,-87.36241,preferred,11464.58,2025-11-19T21:00:00Z
754,isabella.garcia754@example.edu,Isabella,Garcia,Denver,Colorado,80202,US,39.44725,-105.27168,new,978.32,2026-03-12T01:00:00Z
755,priya.rivera755@example.edu,Priya,Rivera,Atlanta,Georgia,30303,US,34.08095,-84.41754,vip,32357.76,2026-02-18T21:00:00Z
756,mateo.brown756@example.edu,Mateo,Brown,Portland,Oregon,97205,US,45.78547,-123.00919,preferred,5413.26,2026-01-15T13:00:00Z
757,sofia.thomas757@example.edu,Sofia,Thomas,Houston,Texas,77002,US,29.58434,-95.17303,standard,1506.55,2026-03-02T07:00:00Z
758,andre.taylor758@example.edu,Andre,Taylor,Seattle,Washington,98101,US,47.29875,-122.06765,new,343.19,2026-01-16T23:00:00Z
759,priya.kim759@example.edu,Priya,Kim,Portland,Oregon,97205,US,45.83175,-122.82857,standard,2934.02,2025-11-30T19:00:00Z
760,hana.kim760@example.edu,Hana,Kim,Phoenix,Arizona,85004,US,33.68580,-111.89498,preferred,3517.55,2026-02-08T13:00:00Z
761,elena.moore761@example.edu,Elena,Moore,Chicago,Illinois,60601,US,41.88446,-87.95268,vip,44196.78,2026-01-20T22:00:00Z
762,liam.rivera762@example.edu,Liam,Rivera,Dallas,Texas,75201,US,33.09851,-96.62310,preferred,3953.74,2026-01-02T17:00:00Z
763,james.kim763@example.edu,James,Kim,Dallas,Texas,75201,US,32.64420,-97.13273,vip,10121.93,2025-12-29T20:00:00Z
764,liam.anderson764@example.edu,Liam,Anderson,Atlanta,Georgia,30303,US,33.82211,-84.31234,preferred,10516.54,2026-02-12T22:00:00Z
765,diego.moore765@example.edu,Diego,Moore,Phoenix,Arizona,85004,US,33.29624,-111.86964,standard,1421.07,2025-11-02T19:00:00Z
766,sofia.brown766@example.edu,Sofia,Brown,Boston,Massachusetts,02108,US,42.61843,-70.88329,standard,2067.17,2025-12-22T04:00:00Z
767,ethan.kim767@example.edu,Ethan,Kim,Chicago,Illinois,60601,US,41.59143,-87.51010,standard,4041.69,2025-11-05T20:00:00Z
768,elena.patel768@example.edu,Elena,Patel,Atlanta,Georgia,30303,US,33.47087,-84.09123,standard,3667.86,2026-02-21T11:00:00Z
769,isabella.brown769@example.edu,Isabella,Brown,Dallas,Texas,75201,US,32.86799,-97.00561,standard,1048.22,2026-01-30T03:00:00Z
770,sofia.taylor770@example.edu,Sofia,Taylor,Phoenix,Arizona,85004,US,33.46034,-111.92365,preferred,7942.18,2026-03-31T04:00:00Z
771,kai.thomas771@example.edu,Kai,Thomas,Philadelphia,Pennsylvania,19104,US,39.91425,-75.43868,standard,1095.22,2026-02-08T09:00:00Z
772,noah.lopez772@example.edu,Noah,Lopez,New York,New York,10001,US,40.44411,-73.68247,preferred,6191.13,2026-02-24T00:00:00Z
773,isabella.anderson773@example.edu,Isabella,Anderson,Chicago,Illinois,60601,US,42.00671,-87.87315,new,1768.95,2026-03-05T04:00:00Z
774,nia.wilson774@example.edu,Nia,Wilson,Philadelphia,Pennsylvania,19104,US,40.21086,-75.22708,new,1350.96,2026-01-13T20:00:00Z
775,mei.anderson775@example.edu,Mei,Anderson,Seattle,Washington,98101,US,47.32344,-122.65287,standard,2140.43,2026-03-24T22:00:00Z
776,marcus.garcia776@example.edu,Marcus,Garcia,Atlanta,Georgia,30303,US,33.79004,-84.25631,standard,1930.04,2025-11-09T09:00:00Z
777,sofia.davis777@example.edu,Sofia,Davis,New York,New York,10001,US,40.63460,-73.90241,standard,1880.79,2025-10-11T21:00:00Z
778,ethan.rivera778@example.edu,Ethan,Rivera,Dallas,Texas,75201,US,33.02374,-96.73397,vip,39343.55,2025-12-12T17:00:00Z
779,leah.anderson779@example.edu,Leah,Anderson,Houston,Texas,77002,US,29.54580,-95.62498,preferred,10408.74,2025-12-13T15:00:00Z
780,hana.johnson780@example.edu,Hana,Johnson,Boston,Massachusetts,02108,US,42.46673,-71.38504,preferred,7441.44,2026-01-06T19:00:00Z
781,grace.thomas781@example.edu,Grace,Thomas,Atlanta,Georgia,30303,US,33.64462,-84.05795,standard,1252.02,2026-03-08T23:00:00Z
782,nia.jackson782@example.edu,Nia,Jackson,San Francisco,California,94102,US,37.71997,-122.44085,new,1160.02,2025-12-20T14:00:00Z
783,ethan.rivera783@example.edu,Ethan,Rivera,Chicago,Illinois,60601,US,41.92119,-87.66404,standard,1172.66,2025-10-21T11:00:00Z
784,mateo.patel784@example.edu,Mateo,Patel,Philadelphia,Pennsylvania,19104,US,40.16992,-75.22063,preferred,2993.31,2025-11-22T14:00:00Z
785,ava.davis785@example.edu,Ava,Davis,Dallas,Texas,75201,US,33.06399,-96.89239,standard,1861.24,2026-03-31T23:00:00Z
786,leah.williams786@example.edu,Leah,Williams,Atlanta,Georgia,30303,US,33.83249,-84.71663,standard,1935.58,2025-11-13T22:00:00Z
787,leah.nguyen787@example.edu,Leah,Nguyen,Los Angeles,California,90001,US,34.34142,-118.26172,preferred,11211.08,2026-01-08T09:00:00Z
788,james.moore788@example.edu,James,Moore,Miami,Florida,33101,US,25.44390,-80.35523,preferred,2640.42,2025-11-03T14:00:00Z
789,ava.anderson789@example.edu,Ava,Anderson,Phoenix,Arizona,85004,US,33.66039,-112.01358,vip,50758.22,2025-10-04T21:00:00Z
790,priya.garcia790@example.edu,Priya,Garcia,Phoenix,Arizona,85004,US,33.68324,-112.00787,new,745.30,2025-12-04T07:00:00Z
791,amara.singh791@example.edu,Amara,Singh,Philadelphia,Pennsylvania,19104,US,40.10820,-75.46102,new,1666.41,2026-02-19T23:00:00Z
792,james.davis792@example.edu,James,Davis,Atlanta,Georgia,30303,US,33.52205,-84.73776,standard,631.29,2025-10-15T03:00:00Z
793,andre.davis793@example.edu,Andre,Davis,Seattle,Washington,98101,US,47.36865,-122.21718,preferred,3999.01,2025-12-29T09:00:00Z
794,owen.jackson794@example.edu,Owen,Jackson,Portland,Oregon,97205,US,45.19251,-122.90663,standard,1589.59,2025-12-08T19:00:00Z
795,fatima.moore795@example.edu,Fatima,Moore,Miami,Florida,33101,US,25.71970,-80.51913,new,653.21,2026-03-08T02:00:00Z
796,kai.garcia796@example.edu,Kai,Garcia,Los Angeles,California,90001,US,33.93200,-118.56188,preferred,4238.97,2025-10-24T06:00:00Z
797,nia.rivera797@example.edu,Nia,Rivera,Houston,Texas,77002,US,29.76284,-95.52422,standard,1576.99,2025-12-02T21:00:00Z
798,owen.anderson798@example.edu,Owen,Anderson,Philadelphia,Pennsylvania,19104,US,39.85156,-75.11214,standard,761.43,2025-11-16T15:00:00Z
799,priya.nguyen799@example.edu,Priya,Nguyen,Boston,Massachusetts,02108,US,42.19522,-71.11607,new,252.74,2025-11-07T05:00:00Z
800,james.garcia800@example.edu,James,Garcia,Dallas,Texas,75201,US,33.01766,-96.50753,standard,819.71,2026-02-23T11:00:00Z
801,james.moore801@example.edu,James,Moore,Atlanta,Georgia,30303,US,33.45123,-84.64061,vip,10528.80,2026-02-02T15:00:00Z
802,noah.martinez802@example.edu,Noah,Martinez,Philadelphia,Pennsylvania,19104,US,39.65158,-75.12180,preferred,2556.64,2026-02-21T11:00:00Z
803,james.moore803@example.edu,James,Moore,Dallas,Texas,75201,US,32.94471,-96.81700,preferred,3555.86,2025-11-04T03:00:00Z
804,ethan.ahmed804@example.edu,Ethan,Ahmed,New York,New York,10001,US,40.74074,-74.24481,standard,2470.06,2026-02-05T02:00:00Z
805,elena.garcia805@example.edu,Elena,Garcia,Los Angeles,California,90001,US,34.23740,-118.26905,preferred,6907.18,2026-02-06T06:00:00Z
806,diego.williams806@example.edu,Diego,Williams,Denver,Colorado,80202,US,39.84399,-105.24599,vip,11390.31,2025-11-25T15:00:00Z
807,sofia.rivera807@example.edu,Sofia,Rivera,Denver,Colorado,80202,US,39.46338,-105.25567,preferred,9415.98,2025-10-19T17:00:00Z
808,jordan.williams808@example.edu,Jordan,Williams,Boston,Massachusetts,02108,US,42.21582,-70.87752,preferred,5165.93,2025-12-28T06:00:00Z
809,andre.lopez809@example.edu,Andre,Lopez,New York,New York,10001,US,40.73144,-73.82379,preferred,8248.35,2026-03-13T13:00:00Z
810,owen.lopez810@example.edu,Owen,Lopez,Atlanta,Georgia,30303,US,33.77751,-84.27173,standard,2265.68,2025-11-27T05:00:00Z
811,isabella.ahmed811@example.edu,Isabella,Ahmed,Boston,Massachusetts,02108,US,42.64963,-71.14408,standard,829.64,2026-02-09T06:00:00Z
812,noah.wilson812@example.edu,Noah,Wilson,Seattle,Washington,98101,US,47.37596,-122.10958,standard,3545.05,2025-11-19T17:00:00Z
813,nia.wilson813@example.edu,Nia,Wilson,Seattle,Washington,98101,US,47.91143,-122.11632,standard,3566.25,2025-12-25T10:00:00Z
814,diego.singh814@example.edu,Diego,Singh,Portland,Oregon,97205,US,45.21392,-122.50510,standard,4317.46,2025-10-20T18:00:00Z
815,priya.garcia815@example.edu,Priya,Garcia,Boston,Massachusetts,02108,US,42.02680,-71.06110,standard,4195.75,2025-12-03T13:00:00Z
816,isabella.singh816@example.edu,Isabella,Singh,Phoenix,Arizona,85004,US,33.60473,-112.37471,new,1350.07,2025-10-10T18:00:00Z
817,noah.singh817@example.edu,Noah,Singh,Dallas,Texas,75201,US,32.55988,-96.53469,new,207.68,2025-12-06T01:00:00Z
818,liam.wilson818@example.edu,Liam,Wilson,Philadelphia,Pennsylvania,19104,US,39.76993,-75.25400,standard,2584.45,2025-10-13T23:00:00Z
819,liam.lopez819@example.edu,Liam,Lopez,Portland,Oregon,97205,US,45.73526,-122.43653,preferred,11074.80,2025-11-05T07:00:00Z
820,priya.singh820@example.edu,Priya,Singh,Phoenix,Arizona,85004,US,33.38103,-112.40512,standard,1829.33,2025-12-22T17:00:00Z
821,liam.anderson821@example.edu,Liam,Anderson,Atlanta,Georgia,30303,US,33.65997,-84.27616,standard,4273.65,2025-12-08T08:00:00Z
822,ethan.brown822@example.edu,Ethan,Brown,Dallas,Texas,75201,US,32.75886,-97.07686,new,502.86,2025-10-18T06:00:00Z
823,owen.rivera823@example.edu,Owen,Rivera,Chicago,Illinois,60601,US,41.78076,-87.49735,preferred,9117.69,2025-10-15T03:00:00Z
824,isabella.moore824@example.edu,Isabella,Moore,Atlanta,Georgia,30303,US,34.03632,-84.20505,standard,3087.90,2026-02-06T23:00:00Z
825,amara.singh825@example.edu,Amara,Singh,Seattle,Washington,98101,US,47.64387,-122.12676,new,60.20,2025-12-13T19:00:00Z
826,amara.williams826@example.edu,Amara,Williams,Atlanta,Georgia,30303,US,33.92183,-84.26128,standard,2526.98,2026-03-11T10:00:00Z
827,sofia.williams827@example.edu,Sofia,Williams,Denver,Colorado,80202,US,39.86108,-105.23422,standard,1406.43,2025-10-20T08:00:00Z
828,owen.williams828@example.edu,Owen,Williams,Portland,Oregon,97205,US,45.39838,-122.48187,new,1203.90,2025-10-07T17:00:00Z
829,mei.nguyen829@example.edu,Mei,Nguyen,New York,New York,10001,US,40.80992,-74.32914,standard,3267.45,2026-02-18T00:00:00Z
830,diego.rivera830@example.edu,Diego,Rivera,Los Angeles,California,90001,US,33.73053,-118.07773,standard,1305.90,2026-02-22T00:00:00Z
831,hana.chen831@example.edu,Hana,Chen,Los Angeles,California,90001,US,33.70231,-117.95927,standard,2220.69,2025-11-26T05:00:00Z
832,hana.anderson832@example.edu,Hana,Anderson,Chicago,Illinois,60601,US,41.81748,-87.92650,standard,1743.10,2026-02-15T00:00:00Z
833,grace.williams833@example.edu,Grace,Williams,Miami,Florida,33101,US,25.52993,-80.50048,standard,1038.77,2025-12-26T16:00:00Z
834,andre.anderson834@example.edu,Andre,Anderson,Philadelphia,Pennsylvania,19104,US,39.70127,-74.97285,standard,3570.15,2026-02-08T20:00:00Z
835,hana.williams835@example.edu,Hana,Williams,Seattle,Washington,98101,US,47.59573,-122.08451,standard,3310.07,2026-01-22T06:00:00Z
836,elena.jackson836@example.edu,Elena,Jackson,Philadelphia,Pennsylvania,19104,US,39.87842,-75.19438,standard,1508.56,2026-02-24T12:00:00Z
837,maya.davis837@example.edu,Maya,Davis,Los Angeles,California,90001,US,34.38017,-118.01173,new,311.23,2026-03-15T00:00:00Z
838,mateo.lopez838@example.edu,Mateo,Lopez,Boston,Massachusetts,02108,US,42.01113,-71.13572,standard,2401.31,2025-12-23T04:00:00Z
839,ava.moore839@example.edu,Ava,Moore,Phoenix,Arizona,85004,US,33.77401,-112.18327,standard,1625.31,2025-11-02T04:00:00Z
840,leah.kim840@example.edu,Leah,Kim,Atlanta,Georgia,30303,US,33.53692,-84.45747,standard,2105.08,2025-11-21T07:00:00Z
841,priya.singh841@example.edu,Priya,Singh,Los Angeles,California,90001,US,34.21264,-118.01855,standard,3634.75,2026-03-10T03:00:00Z
842,grace.singh842@example.edu,Grace,Singh,Houston,Texas,77002,US,29.55455,-95.68524,preferred,11059.12,2025-10-24T06:00:00Z
843,leah.brown843@example.edu,Leah,Brown,Atlanta,Georgia,30303,US,34.05876,-84.44248,new,851.21,2025-10-18T04:00:00Z
844,mei.thomas844@example.edu,Mei,Thomas,San Francisco,California,94102,US,37.74918,-122.12139,preferred,9358.52,2026-03-25T10:00:00Z
845,andre.nguyen845@example.edu,Andre,Nguyen,New York,New York,10001,US,40.60727,-74.09502,preferred,5472.93,2025-11-08T20:00:00Z
846,jordan.patel846@example.edu,Jordan,Patel,Dallas,Texas,75201,US,32.56099,-96.46283,new,347.78,2026-03-28T03:00:00Z
847,diego.moore847@example.edu,Diego,Moore,Dallas,Texas,75201,US,32.94785,-96.48852,preferred,6003.63,2025-12-13T23:00:00Z
848,leah.nguyen848@example.edu,Leah,Nguyen,Atlanta,Georgia,30303,US,34.09035,-84.63371,vip,16575.21,2026-02-26T02:00:00Z
849,sofia.davis849@example.edu,Sofia,Davis,Atlanta,Georgia,30303,US,34.05832,-84.10561,preferred,11896.99,2025-10-28T12:00:00Z
850,ethan.singh850@example.edu,Ethan,Singh,Portland,Oregon,97205,US,45.30952,-122.52569,standard,1596.00,2026-03-11T10:00:00Z
851,noah.singh851@example.edu,Noah,Singh,Seattle,Washington,98101,US,47.30163,-122.40476,new,1612.94,2026-03-04T13:00:00Z
852,mateo.anderson852@example.edu,Mateo,Anderson,San Francisco,California,94102,US,37.99823,-122.08943,preferred,4100.01,2025-10-17T07:00:00Z
853,james.brown853@example.edu,James,Brown,Los Angeles,California,90001,US,34.39147,-118.56200,preferred,8056.50,2025-11-21T03:00:00Z
854,ethan.martinez854@example.edu,Ethan,Martinez,Houston,Texas,77002,US,29.76769,-95.40942,vip,38733.61,2025-11-14T00:00:00Z
855,diego.martinez855@example.edu,Diego,Martinez,New York,New York,10001,US,40.44136,-74.22193,vip,22662.99,2025-12-19T02:00:00Z
856,kai.brown856@example.edu,Kai,Brown,Phoenix,Arizona,85004,US,33.22318,-112.16345,new,769.85,2025-10-29T09:00:00Z
857,hana.brown857@example.edu,Hana,Brown,Houston,Texas,77002,US,29.85863,-95.67316,new,287.39,2025-11-15T20:00:00Z
858,james.chen858@example.edu,James,Chen,Chicago,Illinois,60601,US,42.12691,-87.80847,vip,35502.52,2026-01-18T19:00:00Z
859,ava.moore859@example.edu,Ava,Moore,Philadelphia,Pennsylvania,19104,US,40.06958,-74.95551,new,200.72,2026-03-18T13:00:00Z
860,owen.singh860@example.edu,Owen,Singh,Portland,Oregon,97205,US,45.58616,-122.51087,standard,1235.05,2026-02-02T13:00:00Z
861,kai.davis861@example.edu,Kai,Davis,Boston,Massachusetts,02108,US,42.43463,-71.07656,preferred,5911.07,2026-03-03T06:00:00Z
862,grace.singh862@example.edu,Grace,Singh,Chicago,Illinois,60601,US,42.01587,-87.37760,standard,2510.90,2025-12-05T01:00:00Z
863,liam.martinez863@example.edu,Liam,Martinez,Boston,Massachusetts,02108,US,42.39886,-71.26609,new,1512.92,2025-11-15T02:00:00Z
864,owen.martinez864@example.edu,Owen,Martinez,Denver,Colorado,80202,US,39.46376,-105.17289,standard,3032.63,2026-02-19T13:00:00Z
865,owen.jackson865@example.edu,Owen,Jackson,Philadelphia,Pennsylvania,19104,US,39.95838,-74.88307,standard,1467.25,2025-11-24T12:00:00Z
866,ethan.davis866@example.edu,Ethan,Davis,Seattle,Washington,98101,US,47.54725,-122.10703,standard,4269.30,2026-03-18T07:00:00Z
867,mateo.johnson867@example.edu,Mateo,Johnson,New York,New York,10001,US,40.82268,-73.83566,new,386.54,2025-10-04T11:00:00Z
868,maya.kim868@example.edu,Maya,Kim,Boston,Massachusetts,02108,US,42.44134,-71.33292,preferred,3515.71,2025-11-20T19:00:00Z
869,jordan.williams869@example.edu,Jordan,Williams,Boston,Massachusetts,02108,US,42.64926,-71.39172,standard,2743.22,2025-12-11T23:00:00Z
870,nia.johnson870@example.edu,Nia,Johnson,Portland,Oregon,97205,US,45.34503,-122.93466,new,1579.36,2025-12-05T19:00:00Z
871,liam.kim871@example.edu,Liam,Kim,New York,New York,10001,US,40.57193,-73.95547,standard,1192.55,2026-01-01T14:00:00Z
872,diego.rivera872@example.edu,Diego,Rivera,Los Angeles,California,90001,US,34.14643,-118.38317,preferred,7552.60,2026-02-05T01:00:00Z
873,elena.ahmed873@example.edu,Elena,Ahmed,Portland,Oregon,97205,US,45.22698,-122.66040,standard,4019.70,2026-03-19T16:00:00Z
874,ava.brown874@example.edu,Ava,Brown,Houston,Texas,77002,US,29.53513,-95.17393,new,486.53,2025-10-07T18:00:00Z
875,fatima.nguyen875@example.edu,Fatima,Nguyen,Phoenix,Arizona,85004,US,33.43572,-111.72757,new,453.13,2025-12-22T10:00:00Z
876,amara.jackson876@example.edu,Amara,Jackson,Philadelphia,Pennsylvania,19104,US,39.90369,-75.45572,new,1480.54,2026-03-18T07:00:00Z
877,isabella.rivera877@example.edu,Isabella,Rivera,Seattle,Washington,98101,US,47.38669,-122.13379,standard,1625.35,2025-10-21T10:00:00Z
878,maya.ahmed878@example.edu,Maya,Ahmed,Miami,Florida,33101,US,25.43603,-80.52150,standard,2778.16,2025-12-18T20:00:00Z
879,grace.anderson879@example.edu,Grace,Anderson,San Francisco,California,94102,US,37.71557,-122.69436,standard,1931.83,2026-02-18T22:00:00Z
880,kai.wilson880@example.edu,Kai,Wilson,Dallas,Texas,75201,US,32.47473,-96.95497,standard,2903.56,2025-11-12T13:00:00Z
881,james.moore881@example.edu,James,Moore,Seattle,Washington,98101,US,47.75954,-122.40864,standard,3168.65,2026-01-29T13:00:00Z
882,hana.williams882@example.edu,Hana,Williams,Boston,Massachusetts,02108,US,42.14794,-70.78482,new,1721.26,2025-12-24T05:00:00Z
883,elena.williams883@example.edu,Elena,Williams,Los Angeles,California,90001,US,33.71472,-118.36745,preferred,9563.80,2026-02-11T12:00:00Z
884,nia.garcia884@example.edu,Nia,Garcia,Houston,Texas,77002,US,30.06296,-95.60829,standard,4448.69,2025-10-04T18:00:00Z
885,liam.taylor885@example.edu,Liam,Taylor,Philadelphia,Pennsylvania,19104,US,39.97243,-75.06030,vip,28024.09,2026-01-20T23:00:00Z
886,fatima.nguyen886@example.edu,Fatima,Nguyen,Philadelphia,Pennsylvania,19104,US,39.74080,-74.91387,standard,1854.28,2026-03-15T10:00:00Z
887,sofia.jackson887@example.edu,Sofia,Jackson,Atlanta,Georgia,30303,US,33.46307,-84.34588,preferred,11636.69,2025-10-29T11:00:00Z
888,hana.martinez888@example.edu,Hana,Martinez,Miami,Florida,33101,US,26.08950,-80.00660,standard,2831.37,2025-12-22T04:00:00Z
889,noah.singh889@example.edu,Noah,Singh,Los Angeles,California,90001,US,33.90275,-118.32829,standard,3309.89,2025-11-12T21:00:00Z
890,isabella.williams890@example.edu,Isabella,Williams,San Francisco,California,94102,US,37.80710,-122.59182,standard,2097.04,2026-01-24T08:00:00Z
891,grace.chen891@example.edu,Grace,Chen,Seattle,Washington,98101,US,47.49647,-122.30607,standard,1372.53,2025-11-06T18:00:00Z
892,grace.thomas892@example.edu,Grace,Thomas,Chicago,Illinois,60601,US,42.03115,-87.47986,standard,3553.39,2025-11-30T19:00:00Z
893,kai.ahmed893@example.edu,Kai,Ahmed,Chicago,Illinois,60601,US,41.60301,-87.30044,new,236.75,2025-12-04T12:00:00Z
894,priya.jackson894@example.edu,Priya,Jackson,Atlanta,Georgia,30303,US,33.92473,-84.38711,standard,4300.42,2025-10-11T23:00:00Z
895,elena.thomas895@example.edu,Elena,Thomas,New York,New York,10001,US,40.54608,-73.83313,vip,41393.61,2026-01-14T04:00:00Z
896,priya.williams896@example.edu,Priya,Williams,Philadelphia,Pennsylvania,19104,US,40.10745,-75.47959,preferred,10917.37,2026-02-24T07:00:00Z
897,mateo.rivera897@example.edu,Mateo,Rivera,Denver,Colorado,80202,US,39.78400,-104.94198,standard,3906.04,2025-10-19T16:00:00Z
898,andre.chen898@example.edu,Andre,Chen,Atlanta,Georgia,30303,US,33.98393,-84.13492,standard,2607.91,2025-11-16T14:00:00Z
899,mei.martinez899@example.edu,Mei,Martinez,Los Angeles,California,90001,US,34.36654,-118.24545,standard,2846.11,2025-11-19T23:00:00Z
900,hana.singh900@example.edu,Hana,Singh,San Francisco,California,94102,US,37.86250,-122.70179,preferred,8395.86,2025-12-26T01:00:00Z
901,hana.jackson901@example.edu,Hana,Jackson,Seattle,Washington,98101,US,47.52827,-122.51871,standard,3849.96,2025-11-15T17:00:00Z
902,maya.wilson902@example.edu,Maya,Wilson,Denver,Colorado,80202,US,39.81900,-105.15188,vip,38378.72,2026-01-07T22:00:00Z
903,hana.johnson903@example.edu,Hana,Johnson,Los Angeles,California,90001,US,34.15263,-118.10849,preferred,3612.68,2026-01-15T02:00:00Z
904,maya.kim904@example.edu,Maya,Kim,Philadelphia,Pennsylvania,19104,US,39.75155,-74.96517,standard,2970.75,2025-12-30T01:00:00Z
905,liam.kim905@example.edu,Liam,Kim,Philadelphia,Pennsylvania,19104,US,40.06295,-75.17192,preferred,6995.72,2025-11-18T15:00:00Z
906,ethan.garcia906@example.edu,Ethan,Garcia,Boston,Massachusetts,02108,US,42.05240,-70.93231,standard,2371.75,2026-02-22T15:00:00Z
907,mateo.singh907@example.edu,Mateo,Singh,Portland,Oregon,97205,US,45.25022,-122.35873,preferred,11380.83,2026-02-26T15:00:00Z
908,ava.jackson908@example.edu,Ava,Jackson,Chicago,Illinois,60601,US,41.77344,-87.75968,preferred,3181.32,2026-01-02T20:00:00Z
909,leah.kim909@example.edu,Leah,Kim,Dallas,Texas,75201,US,33.05526,-96.65473,standard,3926.56,2025-11-23T18:00:00Z
910,jordan.kim910@example.edu,Jordan,Kim,Miami,Florida,33101,US,25.61092,-80.28478,standard,1199.19,2026-02-04T09:00:00Z
911,nia.singh911@example.edu,Nia,Singh,Houston,Texas,77002,US,29.49147,-95.13497,new,1549.16,2025-12-29T00:00:00Z
912,isabella.patel912@example.edu,Isabella,Patel,Miami,Florida,33101,US,25.93176,-80.50968,standard,3599.71,2026-02-04T07:00:00Z
913,isabella.taylor913@example.edu,Isabella,Taylor,Phoenix,Arizona,85004,US,33.43800,-112.27612,standard,3431.30,2026-03-08T14:00:00Z
914,owen.davis914@example.edu,Owen,Davis,Miami,Florida,33101,US,25.95793,-80.49064,preferred,9501.49,2025-10-30T15:00:00Z
915,priya.lopez915@example.edu,Priya,Lopez,New York,New York,10001,US,40.54694,-73.88339,standard,3029.64,2025-12-06T17:00:00Z
916,priya.chen916@example.edu,Priya,Chen,Philadelphia,Pennsylvania,19104,US,39.67411,-74.98759,new,1560.31,2026-01-18T01:00:00Z
917,marcus.singh917@example.edu,Marcus,Singh,Denver,Colorado,80202,US,39.79640,-104.68831,standard,3805.04,2025-10-09T06:00:00Z
918,noah.garcia918@example.edu,Noah,Garcia,Philadelphia,Pennsylvania,19104,US,39.72203,-75.31744,preferred,8136.86,2025-10-17T17:00:00Z
919,liam.williams919@example.edu,Liam,Williams,Phoenix,Arizona,85004,US,33.55373,-111.91004,standard,2056.24,2026-02-25T06:00:00Z
920,priya.johnson920@example.edu,Priya,Johnson,New York,New York,10001,US,40.40681,-74.04535,standard,2745.44,2025-12-29T07:00:00Z
921,diego.garcia921@example.edu,Diego,Garcia,Los Angeles,California,90001,US,34.36974,-118.54424,standard,2773.60,2026-03-11T14:00:00Z
922,james.martinez922@example.edu,James,Martinez,Los Angeles,California,90001,US,34.14214,-118.24777,preferred,7438.91,2026-01-11T15:00:00Z
923,leah.taylor923@example.edu,Leah,Taylor,Chicago,Illinois,60601,US,41.86241,-87.38377,preferred,5197.45,2025-11-15T00:00:00Z
924,andre.garcia924@example.edu,Andre,Garcia,Portland,Oregon,97205,US,45.40923,-122.75156,new,194.98,2026-02-19T07:00:00Z
925,sofia.taylor925@example.edu,Sofia,Taylor,Atlanta,Georgia,30303,US,33.85240,-84.16098,new,265.00,2025-11-25T19:00:00Z
926,marcus.martinez926@example.edu,Marcus,Martinez,New York,New York,10001,US,40.72446,-74.30261,new,1052.86,2026-01-17T20:00:00Z
927,amara.garcia927@example.edu,Amara,Garcia,Los Angeles,California,90001,US,34.09184,-118.27861,standard,3138.84,2025-12-27T04:00:00Z
928,diego.garcia928@example.edu,Diego,Garcia,Boston,Massachusetts,02108,US,42.16058,-70.71280,standard,3840.87,2026-02-28T17:00:00Z
929,marcus.lopez929@example.edu,Marcus,Lopez,Chicago,Illinois,60601,US,41.89951,-87.69614,preferred,6072.30,2026-03-12T22:00:00Z
930,mei.singh930@example.edu,Mei,Singh,Phoenix,Arizona,85004,US,33.64288,-112.38910,standard,3353.60,2026-02-25T03:00:00Z
931,maya.martinez931@example.edu,Maya,Martinez,Portland,Oregon,97205,US,45.17113,-122.89965,vip,50685.98,2025-12-17T23:00:00Z
932,kai.davis932@example.edu,Kai,Davis,Denver,Colorado,80202,US,39.45928,-104.79078,vip,28212.96,2025-12-27T16:00:00Z
933,amara.chen933@example.edu,Amara,Chen,Portland,Oregon,97205,US,45.62374,-123.00810,standard,4374.69,2025-12-15T23:00:00Z
934,sofia.brown934@example.edu,Sofia,Brown,Denver,Colorado,80202,US,39.55083,-105.04950,vip,51164.85,2026-03-09T22:00:00Z
935,maya.williams935@example.edu,Maya,Williams,Seattle,Washington,98101,US,47.58453,-122.48027,standard,3472.18,2026-03-21T06:00:00Z
936,ethan.nguyen936@example.edu,Ethan,Nguyen,Boston,Massachusetts,02108,US,42.61253,-71.28573,standard,1732.58,2026-03-19T11:00:00Z
937,ethan.patel937@example.edu,Ethan,Patel,San Francisco,California,94102,US,37.90112,-122.71554,preferred,7587.26,2025-10-30T20:00:00Z
938,elena.thomas938@example.edu,Elena,Thomas,Boston,Massachusetts,02108,US,42.43128,-71.08373,new,1006.67,2025-12-21T10:00:00Z
939,marcus.chen939@example.edu,Marcus,Chen,Miami,Florida,33101,US,25.78749,-79.91365,standard,3834.20,2025-10-29T08:00:00Z
940,ethan.taylor940@example.edu,Ethan,Taylor,Atlanta,Georgia,30303,US,33.98394,-84.71430,standard,4473.86,2026-03-21T21:00:00Z
941,amara.davis941@example.edu,Amara,Davis,New York,New York,10001,US,40.91484,-74.16424,standard,850.00,2025-11-05T00:00:00Z
942,mei.chen942@example.edu,Mei,Chen,Phoenix,Arizona,85004,US,33.56331,-111.76475,new,759.48,2025-12-27T02:00:00Z
943,hana.ahmed943@example.edu,Hana,Ahmed,Philadelphia,Pennsylvania,19104,US,40.12721,-74.86501,standard,1587.26,2025-12-02T23:00:00Z
944,ethan.rivera944@example.edu,Ethan,Rivera,Atlanta,Georgia,30303,US,33.54294,-84.11224,standard,1991.46,2026-01-14T01:00:00Z
945,diego.moore945@example.edu,Diego,Moore,Chicago,Illinois,60601,US,41.95602,-87.57460,standard,2795.20,2026-02-25T09:00:00Z
946,diego.davis946@example.edu,Diego,Davis,Atlanta,Georgia,30303,US,33.91691,-84.46488,standard,3291.33,2026-01-27T18:00:00Z
947,ava.ahmed947@example.edu,Ava,Ahmed,Phoenix,Arizona,85004,US,33.19266,-112.30689,new,582.38,2025-10-08T20:00:00Z
948,grace.thomas948@example.edu,Grace,Thomas,Miami,Florida,33101,US,25.54245,-80.22006,standard,3292.02,2025-10-14T21:00:00Z
949,amara.jackson949@example.edu,Amara,Jackson,Portland,Oregon,97205,US,45.19517,-122.51944,standard,1957.81,2025-10-07T11:00:00Z
950,james.chen950@example.edu,James,Chen,Seattle,Washington,98101,US,47.43531,-122.54279,standard,1336.56,2026-01-06T19:00:00Z
951,sofia.taylor951@example.edu,Sofia,Taylor,Atlanta,Georgia,30303,US,33.68794,-84.28951,vip,37226.05,2026-01-15T23:00:00Z
952,mateo.martinez952@example.edu,Mateo,Martinez,Denver,Colorado,80202,US,39.79768,-105.04966,new,1378.23,2025-11-05T20:00:00Z
953,elena.martinez953@example.edu,Elena,Martinez,Phoenix,Arizona,85004,US,33.71828,-111.78442,standard,3743.16,2025-11-29T08:00:00Z
954,amara.nguyen954@example.edu,Amara,Nguyen,Los Angeles,California,90001,US,33.92861,-118.56941,vip,30743.95,2025-12-13T15:00:00Z
955,leah.singh955@example.edu,Leah,Singh,Atlanta,Georgia,30303,US,34.04516,-84.61587,preferred,9178.34,2026-03-24T10:00:00Z
956,maya.garcia956@example.edu,Maya,Garcia,New York,New York,10001,US,40.95536,-73.84604,new,353.90,2026-03-11T14:00:00Z
957,elena.wilson957@example.edu,Elena,Wilson,Portland,Oregon,97205,US,45.37636,-122.47106,standard,1295.47,2026-01-21T02:00:00Z
958,owen.patel958@example.edu,Owen,Patel,Miami,Florida,33101,US,25.76273,-80.52145,standard,3421.42,2025-11-04T14:00:00Z
959,isabella.johnson959@example.edu,Isabella,Johnson,Phoenix,Arizona,85004,US,33.38291,-112.33997,standard,666.18,2026-03-25T11:00:00Z
960,diego.jackson960@example.edu,Diego,Jackson,Seattle,Washington,98101,US,47.91860,-122.18645,standard,1649.08,2025-10-19T22:00:00Z
961,ethan.nguyen961@example.edu,Ethan,Nguyen,Chicago,Illinois,60601,US,41.74447,-87.54312,new,377.82,2025-11-21T05:00:00Z
962,james.lopez962@example.edu,James,Lopez,Houston,Texas,77002,US,29.99774,-95.53622,standard,714.12,2026-03-08T13:00:00Z
963,priya.ahmed963@example.edu,Priya,Ahmed,Phoenix,Arizona,85004,US,33.17718,-112.19922,standard,2946.08,2025-11-20T21:00:00Z
964,maya.lopez964@example.edu,Maya,Lopez,Denver,Colorado,80202,US,39.74253,-104.66944,standard,3902.89,2026-03-06T09:00:00Z
965,james.ahmed965@example.edu,James,Ahmed,Denver,Colorado,80202,US,39.60358,-104.75832,preferred,7888.68,2026-03-07T23:00:00Z
966,mateo.lopez966@example.edu,Mateo,Lopez,Seattle,Washington,98101,US,47.55070,-122.54607,standard,3295.17,2026-03-27T15:00:00Z
967,owen.lopez967@example.edu,Owen,Lopez,Seattle,Washington,98101,US,47.49908,-122.51834,vip,15584.81,2026-03-29T04:00:00Z
968,noah.lopez968@example.edu,Noah,Lopez,Seattle,Washington,98101,US,47.31022,-122.28976,standard,3749.34,2025-11-28T11:00:00Z
969,nia.jackson969@example.edu,Nia,Jackson,Portland,Oregon,97205,US,45.55726,-122.77952,new,54.95,2025-12-07T04:00:00Z
970,fatima.martinez970@example.edu,Fatima,Martinez,New York,New York,10001,US,40.44858,-74.05639,preferred,11390.41,2026-03-16T17:00:00Z
971,nia.moore971@example.edu,Nia,Moore,Philadelphia,Pennsylvania,19104,US,39.95890,-75.42706,standard,3967.89,2026-02-01T22:00:00Z
972,isabella.ahmed972@example.edu,Isabella,Ahmed,Dallas,Texas,75201,US,33.08009,-96.81253,standard,3348.88,2025-11-02T17:00:00Z
973,noah.anderson973@example.edu,Noah,Anderson,Philadelphia,Pennsylvania,19104,US,39.93335,-74.94446,new,1018.09,2026-03-29T05:00:00Z
974,noah.moore974@example.edu,Noah,Moore,Denver,Colorado,80202,US,39.87866,-104.93198,vip,16228.03,2026-01-18T08:00:00Z
975,elena.wilson975@example.edu,Elena,Wilson,Seattle,Washington,98101,US,47.44836,-122.35713,new,629.71,2026-02-12T02:00:00Z
976,kai.davis976@example.edu,Kai,Davis,Portland,Oregon,97205,US,45.38911,-122.47046,new,1217.93,2025-10-30T12:00:00Z
977,noah.thomas977@example.edu,Noah,Thomas,New York,New York,10001,US,40.45378,-74.11878,new,682.67,2025-12-16T22:00:00Z
978,sofia.kim978@example.edu,Sofia,Kim,Miami,Florida,33101,US,25.46408,-80.46970,standard,2481.48,2026-03-03T20:00:00Z
979,liam.garcia979@example.edu,Liam,Garcia,Los Angeles,California,90001,US,34.36753,-118.21810,preferred,4872.11,2026-01-21T07:00:00Z
980,jordan.chen980@example.edu,Jordan,Chen,Chicago,Illinois,60601,US,42.16906,-87.42373,preferred,6988.56,2026-03-31T09:00:00Z
981,noah.patel981@example.edu,Noah,Patel,Chicago,Illinois,60601,US,42.16146,-87.57967,standard,2339.19,2025-10-21T11:00:00Z
982,leah.kim982@example.edu,Leah,Kim,Atlanta,Georgia,30303,US,33.45105,-84.04958,standard,4376.23,2026-03-06T12:00:00Z
983,owen.moore983@example.edu,Owen,Moore,Miami,Florida,33101,US,25.49467,-79.96120,new,668.72,2025-10-24T21:00:00Z
984,owen.moore984@example.edu,Owen,Moore,New York,New York,10001,US,40.82724,-74.22741,new,112.12,2025-12-26T14:00:00Z
985,amara.williams985@example.edu,Amara,Williams,Miami,Florida,33101,US,25.50049,-80.15116,vip,41008.46,2025-12-16T02:00:00Z
986,noah.patel986@example.edu,Noah,Patel,Dallas,Texas,75201,US,32.88425,-96.78612,vip,37443.80,2025-12-30T17:00:00Z
987,hana.chen987@example.edu,Hana,Chen,Atlanta,Georgia,30303,US,33.86316,-84.53882,vip,34593.36,2025-10-31T10:00:00Z
988,james.brown988@example.edu,James,Brown,Phoenix,Arizona,85004,US,33.48485,-111.80029,standard,4283.23,2026-01-22T09:00:00Z
989,mei.patel989@example.edu,Mei,Patel,Dallas,Texas,75201,US,32.93530,-96.88640,standard,2447.89,2026-01-07T18:00:00Z
990,marcus.patel990@example.edu,Marcus,Patel,New York,New York,10001,US,40.43642,-73.90587,new,1472.92,2026-03-18T15:00:00Z
991,liam.jackson991@example.edu,Liam,Jackson,Phoenix,Arizona,85004,US,33.37448,-112.21455,vip,28491.26,2025-11-18T18:00:00Z
992,amara.taylor992@example.edu,Amara,Taylor,Los Angeles,California,90001,US,33.83119,-118.52497,new,525.37,2025-10-11T21:00:00Z
993,ava.kim993@example.edu,Ava,Kim,San Francisco,California,94102,US,37.86937,-122.50249,preferred,11881.28,2025-10-31T17:00:00Z
994,isabella.jackson994@example.edu,Isabella,Jackson,Phoenix,Arizona,85004,US,33.36441,-112.02622,preferred,8600.45,2026-01-09T04:00:00Z
995,nia.davis995@example.edu,Nia,Davis,Boston,Massachusetts,02108,US,42.13009,-71.08608,standard,3958.23,2025-10-07T22:00:00Z
996,mei.kim996@example.edu,Mei,Kim,Los Angeles,California,90001,US,33.93267,-118.47884,standard,808.86,2025-10-12T13:00:00Z
997,mei.lopez997@example.edu,Mei,Lopez,Houston,Texas,77002,US,29.59930,-95.37034,standard,761.34,2025-10-19T17:00:00Z
998,jordan.chen998@example.edu,Jordan,Chen,Atlanta,Georgia,30303,US,33.62508,-84.69054,preferred,10299.27,2025-10-20T10:00:00Z
999,fatima.wilson999@example.edu,Fatima,Wilson,Los Angeles,California,90001,US,34.23520,-118.41603,new,80.28,2026-03-03T19:00:00Z
1000,owen.ahmed1000@example.edu,Owen,Ahmed,Houston,Texas,77002,US,29.93752,-95.34002,standard,3040.39,2025-12-06T12:00:00Z
1001,james.moore1001@example.edu,James,Moore,Phoenix,Arizona,85004,US,33.45368,-112.22859,preferred,9713.30,2025-12-26T16:00:00Z
1002,maya.patel1002@example.edu,Maya,Patel,San Francisco,California,94102,US,37.57596,-122.48957,preferred,6602.24,2025-11-13T12:00:00Z
1003,andre.thomas1003@example.edu,Andre,Thomas,Dallas,Texas,75201,US,32.91022,-97.09475,preferred,3900.27,2026-02-08T02:00:00Z
1004,noah.wilson1004@example.edu,Noah,Wilson,Portland,Oregon,97205,US,45.29074,-122.69046,preferred,4911.03,2026-03-26T20:00:00Z
1005,elena.davis1005@example.edu,Elena,Davis,Atlanta,Georgia,30303,US,33.48994,-84.41726,standard,3892.49,2026-01-25T21:00:00Z
1006,fatima.lopez1006@example.edu,Fatima,Lopez,Philadelphia,Pennsylvania,19104,US,39.71903,-74.90905,standard,569.91,2025-12-15T13:00:00Z
1007,leah.taylor1007@example.edu,Leah,Taylor,New York,New York,10001,US,40.90235,-73.66697,new,55.61,2026-03-13T04:00:00Z
1008,owen.davis1008@example.edu,Owen,Davis,San Francisco,California,94102,US,37.53947,-122.07283,vip,19741.48,2026-02-12T21:00:00Z
1009,nia.wilson1009@example.edu,Nia,Wilson,Denver,Colorado,80202,US,39.76623,-105.05445,standard,3049.46,2025-11-15T11:00:00Z
1010,mei.taylor1010@example.edu,Mei,Taylor,Los Angeles,California,90001,US,34.10932,-118.56907,standard,3739.87,2026-02-04T08:00:00Z
1011,andre.nguyen1011@example.edu,Andre,Nguyen,Portland,Oregon,97205,US,45.79004,-122.74373,standard,2330.89,2026-03-19T11:00:00Z
1012,kai.wilson1012@example.edu,Kai,Wilson,Phoenix,Arizona,85004,US,33.70164,-112.29247,vip,18897.26,2026-02-12T05:00:00Z
1013,owen.brown1013@example.edu,Owen,Brown,Chicago,Illinois,60601,US,42.01080,-87.47564,standard,3724.67,2026-03-16T10:00:00Z
1014,mateo.williams1014@example.edu,Mateo,Williams,Los Angeles,California,90001,US,34.37651,-118.34002,standard,4215.72,2025-12-16T17:00:00Z
1015,mei.brown1015@example.edu,Mei,Brown,Philadelphia,Pennsylvania,19104,US,40.26947,-74.82270,standard,511.83,2025-11-22T02:00:00Z
1016,sofia.thomas1016@example.edu,Sofia,Thomas,New York,New York,10001,US,40.95774,-73.90387,standard,822.49,2026-01-10T11:00:00Z
1017,maya.thomas1017@example.edu,Maya,Thomas,Los Angeles,California,90001,US,34.18826,-118.43937,new,857.08,2025-12-17T01:00:00Z
1018,kai.wilson1018@example.edu,Kai,Wilson,Houston,Texas,77002,US,30.01201,-95.06387,standard,4038.87,2025-10-30T04:00:00Z
1019,jordan.ahmed1019@example.edu,Jordan,Ahmed,Dallas,Texas,75201,US,33.05669,-96.97005,standard,936.35,2026-03-18T02:00:00Z
1020,sofia.patel1020@example.edu,Sofia,Patel,Houston,Texas,77002,US,29.73413,-95.39798,standard,1841.23,2025-12-30T17:00:00Z
1021,james.davis1021@example.edu,James,Davis,Portland,Oregon,97205,US,45.25754,-122.65635,standard,3679.47,2026-02-20T03:00:00Z
1022,grace.martinez1022@example.edu,Grace,Martinez,Portland,Oregon,97205,US,45.53618,-122.65601,new,448.36,2026-02-28T03:00:00Z
1023,nia.wilson1023@example.edu,Nia,Wilson,Seattle,Washington,98101,US,47.72135,-122.60679,new,1204.26,2026-03-29T16:00:00Z
1024,sofia.ahmed1024@example.edu,Sofia,Ahmed,Atlanta,Georgia,30303,US,33.40172,-84.71862,vip,38603.28,2026-01-10T12:00:00Z
1025,marcus.chen1025@example.edu,Marcus,Chen,Denver,Colorado,80202,US,39.39438,-104.66469,standard,1654.98,2026-01-10T14:00:00Z
1026,liam.brown1026@example.edu,Liam,Brown,Los Angeles,California,90001,US,34.35175,-118.51080,standard,1410.07,2026-03-28T11:00:00Z
1027,isabella.singh1027@example.edu,Isabella,Singh,Philadelphia,Pennsylvania,19104,US,40.13449,-75.50359,standard,2377.50,2026-02-14T16:00:00Z
1028,mei.singh1028@example.edu,Mei,Singh,Boston,Massachusetts,02108,US,42.17173,-70.87873,preferred,5979.64,2025-10-26T23:00:00Z
1029,marcus.lopez1029@example.edu,Marcus,Lopez,Seattle,Washington,98101,US,47.29253,-122.34162,new,297.29,2025-12-03T21:00:00Z
1030,sofia.chen1030@example.edu,Sofia,Chen,Boston,Massachusetts,02108,US,42.41720,-71.26553,standard,2366.53,2026-02-04T04:00:00Z
1031,mei.kim1031@example.edu,Mei,Kim,Portland,Oregon,97205,US,45.74350,-122.90185,new,1459.31,2025-12-06T10:00:00Z
1032,grace.williams1032@example.edu,Grace,Williams,New York,New York,10001,US,40.85305,-73.78187,new,1608.87,2025-10-07T01:00:00Z
1033,owen.kim1033@example.edu,Owen,Kim,Denver,Colorado,80202,US,39.71586,-104.82386,new,1143.91,2025-10-17T12:00:00Z
1034,marcus.kim1034@example.edu,Marcus,Kim,Denver,Colorado,80202,US,39.67320,-105.14511,standard,1821.79,2025-10-06T18:00:00Z
1035,maya.patel1035@example.edu,Maya,Patel,Chicago,Illinois,60601,US,41.88825,-87.56769,preferred,6836.29,2026-02-12T04:00:00Z
1036,owen.rivera1036@example.edu,Owen,Rivera,Portland,Oregon,97205,US,45.67511,-122.78728,new,661.97,2025-11-20T15:00:00Z
1037,maya.thomas1037@example.edu,Maya,Thomas,San Francisco,California,94102,US,37.74924,-122.46694,vip,22774.69,2025-12-14T07:00:00Z
1038,owen.moore1038@example.edu,Owen,Moore,Philadelphia,Pennsylvania,19104,US,39.79601,-75.45280,preferred,3291.73,2026-03-31T02:00:00Z
1039,andre.kim1039@example.edu,Andre,Kim,Houston,Texas,77002,US,29.90240,-95.47993,preferred,8054.86,2025-12-26T20:00:00Z
1040,elena.wilson1040@example.edu,Elena,Wilson,Houston,Texas,77002,US,30.01579,-95.50317,standard,685.00,2025-12-31T18:00:00Z
1041,isabella.garcia1041@example.edu,Isabella,Garcia,Los Angeles,California,90001,US,34.09516,-118.12490,preferred,3594.54,2026-01-27T10:00:00Z
1042,kai.garcia1042@example.edu,Kai,Garcia,Houston,Texas,77002,US,29.97063,-95.67435,new,136.08,2026-02-25T20:00:00Z
1043,grace.thomas1043@example.edu,Grace,Thomas,Chicago,Illinois,60601,US,41.78605,-87.88373,new,547.14,2025-10-09T19:00:00Z
1044,liam.jackson1044@example.edu,Liam,Jackson,Boston,Massachusetts,02108,US,42.10402,-71.15575,new,571.87,2025-12-22T17:00:00Z
1045,jordan.jackson1045@example.edu,Jordan,Jackson,Denver,Colorado,80202,US,39.98411,-105.04359,standard,3465.73,2025-10-21T23:00:00Z
1046,priya.thomas1046@example.edu,Priya,Thomas,Dallas,Texas,75201,US,32.99196,-96.64447,standard,2908.39,2025-10-07T06:00:00Z
1047,maya.wilson1047@example.edu,Maya,Wilson,Seattle,Washington,98101,US,47.47484,-122.39369,standard,1296.55,2026-01-18T16:00:00Z
1048,james.brown1048@example.edu,James,Brown,Denver,Colorado,80202,US,40.03852,-105.25907,new,169.21,2026-01-20T03:00:00Z
1049,hana.anderson1049@example.edu,Hana,Anderson,Atlanta,Georgia,30303,US,33.58629,-84.48496,standard,3928.39,2026-03-06T19:00:00Z
1050,elena.garcia1050@example.edu,Elena,Garcia,Seattle,Washington,98101,US,47.32722,-122.19008,new,297.24,2025-12-24T22:00:00Z
1051,ethan.martinez1051@example.edu,Ethan,Martinez,Denver,Colorado,80202,US,39.86038,-105.07656,standard,1696.70,2026-01-18T21:00:00Z
1052,jordan.thomas1052@example.edu,Jordan,Thomas,Dallas,Texas,75201,US,32.88263,-97.04378,new,785.00,2026-02-03T18:00:00Z
1053,ethan.moore1053@example.edu,Ethan,Moore,Boston,Massachusetts,02108,US,42.70390,-71.29437,vip,14567.42,2026-02-23T11:00:00Z
1054,liam.lopez1054@example.edu,Liam,Lopez,Seattle,Washington,98101,US,47.78174,-122.66525,standard,2841.43,2026-03-09T19:00:00Z
1055,nia.thomas1055@example.edu,Nia,Thomas,Portland,Oregon,97205,US,45.79610,-122.55381,new,536.78,2025-12-30T21:00:00Z
1056,isabella.davis1056@example.edu,Isabella,Davis,Miami,Florida,33101,US,25.75852,-80.36727,new,1574.29,2026-02-21T05:00:00Z
1057,isabella.martinez1057@example.edu,Isabella,Martinez,San Francisco,California,94102,US,37.49234,-122.49758,standard,1095.45,2025-10-10T17:00:00Z
1058,grace.kim1058@example.edu,Grace,Kim,Dallas,Texas,75201,US,32.86056,-96.98192,new,84.78,2026-01-25T00:00:00Z
1059,elena.johnson1059@example.edu,Elena,Johnson,Phoenix,Arizona,85004,US,33.22733,-111.95768,new,801.08,2026-03-07T20:00:00Z
1060,isabella.singh1060@example.edu,Isabella,Singh,San Francisco,California,94102,US,37.62873,-122.14890,standard,4309.35,2026-01-19T20:00:00Z
1061,elena.kim1061@example.edu,Elena,Kim,Philadelphia,Pennsylvania,19104,US,39.67030,-74.98677,standard,1923.27,2026-01-15T07:00:00Z
1062,diego.anderson1062@example.edu,Diego,Anderson,Houston,Texas,77002,US,29.51657,-95.52551,preferred,3583.74,2025-12-27T09:00:00Z
1063,ethan.kim1063@example.edu,Ethan,Kim,Seattle,Washington,98101,US,47.71693,-122.37949,preferred,5348.75,2025-12-13T21:00:00Z
1064,ava.thomas1064@example.edu,Ava,Thomas,Denver,Colorado,80202,US,40.04160,-104.79948,preferred,9629.93,2025-12-07T07:00:00Z
1065,fatima.jackson1065@example.edu,Fatima,Jackson,Atlanta,Georgia,30303,US,33.51979,-84.41786,standard,4135.34,2026-03-04T21:00:00Z
1066,ava.lopez1066@example.edu,Ava,Lopez,Seattle,Washington,98101,US,47.32246,-122.61881,standard,2616.97,2025-12-26T20:00:00Z
1067,noah.williams1067@example.edu,Noah,Williams,Phoenix,Arizona,85004,US,33.66245,-112.33512,new,687.32,2026-02-15T07:00:00Z
1068,diego.williams1068@example.edu,Diego,Williams,San Francisco,California,94102,US,37.43647,-122.08352,standard,3577.68,2026-03-16T07:00:00Z
1069,liam.chen1069@example.edu,Liam,Chen,San Francisco,California,94102,US,37.52733,-122.20320,new,1617.95,2025-12-06T02:00:00Z
1070,kai.thomas1070@example.edu,Kai,Thomas,Denver,Colorado,80202,US,39.55442,-104.76026,standard,1736.73,2025-10-18T04:00:00Z
1071,owen.ahmed1071@example.edu,Owen,Ahmed,New York,New York,10001,US,40.41228,-74.25113,standard,2928.19,2026-01-08T13:00:00Z
1072,maya.kim1072@example.edu,Maya,Kim,Seattle,Washington,98101,US,47.34176,-121.98445,standard,2077.34,2025-12-01T11:00:00Z
1073,maya.rivera1073@example.edu,Maya,Rivera,Phoenix,Arizona,85004,US,33.25207,-112.03809,vip,42623.10,2025-12-31T02:00:00Z
1074,priya.patel1074@example.edu,Priya,Patel,Denver,Colorado,80202,US,39.92640,-105.27542,new,1229.15,2026-01-25T10:00:00Z
1075,fatima.wilson1075@example.edu,Fatima,Wilson,San Francisco,California,94102,US,37.60348,-122.40791,standard,3724.80,2025-12-10T11:00:00Z
1076,leah.martinez1076@example.edu,Leah,Martinez,Denver,Colorado,80202,US,39.62871,-105.04847,new,1319.83,2026-03-07T21:00:00Z
1077,priya.kim1077@example.edu,Priya,Kim,Boston,Massachusetts,02108,US,42.23937,-71.00182,vip,22231.75,2026-01-14T05:00:00Z
1078,fatima.davis1078@example.edu,Fatima,Davis,Seattle,Washington,98101,US,47.69793,-122.61685,standard,2794.53,2025-12-04T21:00:00Z
1079,isabella.johnson1079@example.edu,Isabella,Johnson,New York,New York,10001,US,40.38649,-73.78373,preferred,4287.59,2026-01-25T18:00:00Z
1080,maya.kim1080@example.edu,Maya,Kim,Portland,Oregon,97205,US,45.57025,-122.88448,vip,12848.46,2026-02-10T12:00:00Z
1081,isabella.johnson1081@example.edu,Isabella,Johnson,Seattle,Washington,98101,US,47.65240,-122.44765,preferred,6804.83,2025-10-11T19:00:00Z
1082,noah.ahmed1082@example.edu,Noah,Ahmed,Portland,Oregon,97205,US,45.31474,-122.54543,standard,2398.99,2026-01-13T19:00:00Z
1083,hana.lopez1083@example.edu,Hana,Lopez,Boston,Massachusetts,02108,US,42.40236,-71.22643,new,71.56,2025-12-23T18:00:00Z
1084,leah.davis1084@example.edu,Leah,Davis,Dallas,Texas,75201,US,33.00416,-97.14548,standard,1025.18,2026-03-08T00:00:00Z
1085,isabella.nguyen1085@example.edu,Isabella,Nguyen,Boston,Massachusetts,02108,US,42.29243,-71.32626,preferred,3253.87,2025-12-20T09:00:00Z
1086,andre.patel1086@example.edu,Andre,Patel,Portland,Oregon,97205,US,45.37103,-122.82144,standard,3547.50,2025-10-18T06:00:00Z
1087,elena.williams1087@example.edu,Elena,Williams,Miami,Florida,33101,US,25.53284,-80.29960,new,1302.95,2026-01-03T05:00:00Z
1088,hana.johnson1088@example.edu,Hana,Johnson,Boston,Massachusetts,02108,US,42.63341,-71.05632,standard,4119.84,2026-02-27T23:00:00Z
1089,ethan.johnson1089@example.edu,Ethan,Johnson,San Francisco,California,94102,US,38.06996,-122.45448,preferred,4882.34,2026-02-14T09:00:00Z
1090,leah.chen1090@example.edu,Leah,Chen,Boston,Massachusetts,02108,US,42.28531,-70.98248,preferred,9252.72,2025-10-20T05:00:00Z
1091,kai.brown1091@example.edu,Kai,Brown,Philadelphia,Pennsylvania,19104,US,39.63509,-74.87993,vip,15724.63,2026-01-02T13:00:00Z
1092,ethan.lopez1092@example.edu,Ethan,Lopez,Houston,Texas,77002,US,29.95668,-95.50365,standard,2562.15,2025-11-25T02:00:00Z
1093,james.patel1093@example.edu,James,Patel,Phoenix,Arizona,85004,US,33.68764,-111.95661,standard,3239.40,2026-01-02T20:00:00Z
1094,isabella.thomas1094@example.edu,Isabella,Thomas,Portland,Oregon,97205,US,45.29187,-122.73610,standard,2215.87,2026-01-30T13:00:00Z
1095,marcus.chen1095@example.edu,Marcus,Chen,Chicago,Illinois,60601,US,42.12894,-87.46888,vip,40744.65,2025-10-07T00:00:00Z
1096,liam.jackson1096@example.edu,Liam,Jackson,San Francisco,California,94102,US,37.62955,-122.52887,standard,1482.72,2025-10-21T12:00:00Z
1097,maya.anderson1097@example.edu,Maya,Anderson,Atlanta,Georgia,30303,US,33.81348,-84.54372,standard,3313.82,2026-01-22T05:00:00Z
1098,sofia.kim1098@example.edu,Sofia,Kim,Miami,Florida,33101,US,25.82608,-80.18365,standard,584.59,2025-10-29T09:00:00Z
1099,isabella.brown1099@example.edu,Isabella,Brown,Houston,Texas,77002,US,29.68332,-95.14755,new,1140.55,2026-03-09T15:00:00Z
1100,grace.wilson1100@example.edu,Grace,Wilson,Philadelphia,Pennsylvania,19104,US,39.99904,-75.17166,preferred,9174.33,2025-12-15T02:00:00Z
1101,sofia.patel1101@example.edu,Sofia,Patel,Philadelphia,Pennsylvania,19104,US,40.14854,-75.45668,new,1436.21,2026-01-01T06:00:00Z
1102,ethan.martinez1102@example.edu,Ethan,Martinez,Atlanta,Georgia,30303,US,34.04389,-84.26279,standard,4024.67,2025-12-02T16:00:00Z
1103,elena.martinez1103@example.edu,Elena,Martinez,Boston,Massachusetts,02108,US,42.02743,-71.15037,preferred,11644.19,2026-01-05T22:00:00Z
1104,james.kim1104@example.edu,James,Kim,New York,New York,10001,US,40.43397,-74.11620,preferred,9241.74,2026-03-07T07:00:00Z
1105,grace.ahmed1105@example.edu,Grace,Ahmed,Boston,Massachusetts,02108,US,42.64326,-71.30158,new,1436.59,2025-11-01T10:00:00Z
1106,james.johnson1106@example.edu,James,Johnson,Boston,Massachusetts,02108,US,42.59791,-71.02874,standard,1877.07,2026-01-06T06:00:00Z
1107,kai.lopez1107@example.edu,Kai,Lopez,Dallas,Texas,75201,US,32.58363,-96.85108,preferred,3724.65,2025-12-27T20:00:00Z
1108,priya.taylor1108@example.edu,Priya,Taylor,Los Angeles,California,90001,US,34.31737,-118.51980,standard,2405.93,2026-03-06T14:00:00Z
1109,priya.singh1109@example.edu,Priya,Singh,Portland,Oregon,97205,US,45.74631,-122.86821,preferred,7220.28,2025-10-30T14:00:00Z
1110,liam.brown1110@example.edu,Liam,Brown,Miami,Florida,33101,US,25.75413,-80.18163,new,237.10,2026-02-14T05:00:00Z
1111,mei.anderson1111@example.edu,Mei,Anderson,New York,New York,10001,US,40.38708,-74.08003,preferred,5457.74,2026-03-05T19:00:00Z
1112,priya.singh1112@example.edu,Priya,Singh,Portland,Oregon,97205,US,45.76166,-122.34138,standard,3061.77,2026-01-22T21:00:00Z
1113,noah.chen1113@example.edu,Noah,Chen,New York,New York,10001,US,40.96100,-73.79024,preferred,9727.14,2025-12-28T09:00:00Z
1114,priya.rivera1114@example.edu,Priya,Rivera,Phoenix,Arizona,85004,US,33.76886,-111.99225,new,1185.93,2026-02-23T04:00:00Z
1115,grace.ahmed1115@example.edu,Grace,Ahmed,Dallas,Texas,75201,US,33.06403,-96.57447,standard,3418.54,2026-02-01T09:00:00Z
1116,priya.williams1116@example.edu,Priya,Williams,Phoenix,Arizona,85004,US,33.47969,-112.07406,standard,3380.92,2026-02-06T23:00:00Z
1117,mateo.martinez1117@example.edu,Mateo,Martinez,Philadelphia,Pennsylvania,19104,US,39.81263,-75.24264,new,860.85,2025-10-21T23:00:00Z
1118,leah.kim1118@example.edu,Leah,Kim,San Francisco,California,94102,US,37.94874,-122.14223,vip,21114.94,2025-12-08T11:00:00Z
1119,jordan.johnson1119@example.edu,Jordan,Johnson,Houston,Texas,77002,US,30.06660,-95.55253,vip,43574.90,2026-02-14T06:00:00Z
1120,mateo.thomas1120@example.edu,Mateo,Thomas,San Francisco,California,94102,US,37.71621,-122.45577,preferred,9601.79,2026-01-06T18:00:00Z
1121,noah.rivera1121@example.edu,Noah,Rivera,Philadelphia,Pennsylvania,19104,US,39.84983,-75.14239,standard,4082.55,2026-01-05T21:00:00Z
1122,isabella.wilson1122@example.edu,Isabella,Wilson,Philadelphia,Pennsylvania,19104,US,40.25370,-74.91916,standard,2607.53,2026-01-21T02:00:00Z
1123,grace.kim1123@example.edu,Grace,Kim,Boston,Massachusetts,02108,US,42.02359,-71.23986,new,816.26,2025-11-04T14:00:00Z
1124,grace.singh1124@example.edu,Grace,Singh,Miami,Florida,33101,US,25.49894,-80.26875,preferred,9066.25,2026-02-25T09:00:00Z
1125,hana.singh1125@example.edu,Hana,Singh,Dallas,Texas,75201,US,32.64395,-96.57971,preferred,11095.38,2025-11-14T15:00:00Z
1126,elena.wilson1126@example.edu,Elena,Wilson,Seattle,Washington,98101,US,47.66908,-122.44410,standard,2939.25,2025-11-05T16:00:00Z
1127,andre.wilson1127@example.edu,Andre,Wilson,Seattle,Washington,98101,US,47.34911,-122.16295,standard,1788.33,2026-01-09T11:00:00Z
1128,james.ahmed1128@example.edu,James,Ahmed,Los Angeles,California,90001,US,34.20719,-118.54570,new,522.73,2026-02-21T20:00:00Z
1129,kai.anderson1129@example.edu,Kai,Anderson,San Francisco,California,94102,US,37.75528,-122.22712,new,851.99,2026-01-07T07:00:00Z
1130,grace.anderson1130@example.edu,Grace,Anderson,Seattle,Washington,98101,US,47.54534,-122.02900,new,207.48,2026-03-12T06:00:00Z
1131,grace.garcia1131@example.edu,Grace,Garcia,New York,New York,10001,US,40.54255,-73.67957,standard,2488.14,2026-02-07T04:00:00Z
1132,sofia.martinez1132@example.edu,Sofia,Martinez,Boston,Massachusetts,02108,US,42.57940,-70.78164,preferred,11978.68,2026-02-17T03:00:00Z
1133,nia.garcia1133@example.edu,Nia,Garcia,Seattle,Washington,98101,US,47.64737,-122.19971,vip,21095.79,2025-11-26T18:00:00Z
1134,jordan.rivera1134@example.edu,Jordan,Rivera,San Francisco,California,94102,US,37.47549,-122.29101,new,1447.01,2026-04-01T00:00:00Z
1135,kai.jackson1135@example.edu,Kai,Jackson,Philadelphia,Pennsylvania,19104,US,39.76827,-75.32569,standard,2780.29,2025-10-28T15:00:00Z
1136,amara.chen1136@example.edu,Amara,Chen,Los Angeles,California,90001,US,33.72710,-118.41300,preferred,11490.88,2025-10-25T22:00:00Z
1137,diego.brown1137@example.edu,Diego,Brown,New York,New York,10001,US,40.65396,-74.06751,standard,1049.69,2026-03-29T15:00:00Z
1138,elena.singh1138@example.edu,Elena,Singh,San Francisco,California,94102,US,38.09314,-122.54431,standard,4210.41,2026-01-14T09:00:00Z
1139,isabella.williams1139@example.edu,Isabella,Williams,Portland,Oregon,97205,US,45.25275,-122.75260,new,745.57,2025-12-24T09:00:00Z
1140,elena.anderson1140@example.edu,Elena,Anderson,Portland,Oregon,97205,US,45.24368,-122.59539,preferred,10642.86,2026-01-09T04:00:00Z
1141,mei.jackson1141@example.edu,Mei,Jackson,Chicago,Illinois,60601,US,41.71094,-87.77283,new,1589.53,2025-10-28T18:00:00Z
1142,grace.thomas1142@example.edu,Grace,Thomas,Miami,Florida,33101,US,25.66549,-79.92307,vip,29142.73,2026-03-21T03:00:00Z
1143,priya.jackson1143@example.edu,Priya,Jackson,New York,New York,10001,US,40.91631,-73.86018,standard,3213.14,2026-03-21T19:00:00Z
1144,priya.rivera1144@example.edu,Priya,Rivera,Denver,Colorado,80202,US,39.68667,-105.20181,standard,849.67,2026-02-02T11:00:00Z
1145,ethan.wilson1145@example.edu,Ethan,Wilson,Seattle,Washington,98101,US,47.46228,-122.13774,new,1211.40,2025-10-14T11:00:00Z
1146,james.chen1146@example.edu,James,Chen,New York,New York,10001,US,40.74557,-74.02788,new,1759.23,2026-02-17T07:00:00Z
1147,jordan.wilson1147@example.edu,Jordan,Wilson,Chicago,Illinois,60601,US,41.75856,-87.64658,new,1192.58,2026-01-14T18:00:00Z
1148,mei.kim1148@example.edu,Mei,Kim,New York,New York,10001,US,40.70828,-74.26383,preferred,7479.61,2026-03-29T07:00:00Z
1149,sofia.rivera1149@example.edu,Sofia,Rivera,Chicago,Illinois,60601,US,41.85603,-87.43183,new,449.00,2025-12-27T20:00:00Z
1150,marcus.garcia1150@example.edu,Marcus,Garcia,Miami,Florida,33101,US,25.46968,-80.20605,standard,903.05,2025-11-05T06:00:00Z
1151,james.johnson1151@example.edu,James,Johnson,Phoenix,Arizona,85004,US,33.48273,-111.89938,standard,3567.95,2026-01-07T11:00:00Z
1152,noah.martinez1152@example.edu,Noah,Martinez,Atlanta,Georgia,30303,US,33.89576,-84.36882,new,289.99,2026-01-13T08:00:00Z
1153,grace.taylor1153@example.edu,Grace,Taylor,Los Angeles,California,90001,US,34.12527,-118.32578,vip,22428.02,2025-10-05T00:00:00Z
1154,liam.anderson1154@example.edu,Liam,Anderson,Portland,Oregon,97205,US,45.50131,-122.91018,standard,2411.97,2025-10-14T00:00:00Z
1155,liam.nguyen1155@example.edu,Liam,Nguyen,Denver,Colorado,80202,US,39.45361,-104.80303,standard,3334.60,2026-03-02T00:00:00Z
1156,jordan.rivera1156@example.edu,Jordan,Rivera,Los Angeles,California,90001,US,33.98286,-118.03528,new,859.83,2026-01-12T03:00:00Z
1157,diego.rivera1157@example.edu,Diego,Rivera,New York,New York,10001,US,40.39293,-74.10340,preferred,10198.01,2026-02-28T11:00:00Z
1158,kai.patel1158@example.edu,Kai,Patel,Los Angeles,California,90001,US,33.83175,-118.45750,standard,1816.41,2025-12-08T05:00:00Z
1159,grace.moore1159@example.edu,Grace,Moore,Dallas,Texas,75201,US,32.62718,-97.11567,new,1749.28,2025-10-31T17:00:00Z
1160,isabella.thomas1160@example.edu,Isabella,Thomas,San Francisco,California,94102,US,37.52482,-122.14982,new,94.56,2025-12-11T00:00:00Z
1161,hana.anderson1161@example.edu,Hana,Anderson,Miami,Florida,33101,US,25.62798,-79.93647,preferred,8274.35,2025-10-16T01:00:00Z
1162,fatima.ahmed1162@example.edu,Fatima,Ahmed,Philadelphia,Pennsylvania,19104,US,39.66067,-75.02424,preferred,6913.53,2026-01-03T05:00:00Z
1163,mateo.lopez1163@example.edu,Mateo,Lopez,San Francisco,California,94102,US,37.57344,-122.11925,new,1750.15,2025-12-26T23:00:00Z
1164,ava.patel1164@example.edu,Ava,Patel,Dallas,Texas,75201,US,32.85990,-96.81999,new,1527.49,2025-12-16T23:00:00Z
1165,andre.anderson1165@example.edu,Andre,Anderson,Boston,Massachusetts,02108,US,42.22096,-71.12118,preferred,5020.79,2025-12-01T22:00:00Z
1166,elena.kim1166@example.edu,Elena,Kim,Philadelphia,Pennsylvania,19104,US,39.99990,-74.86832,new,752.71,2026-03-30T18:00:00Z
1167,maya.patel1167@example.edu,Maya,Patel,Philadelphia,Pennsylvania,19104,US,40.02078,-75.05181,standard,2585.62,2025-11-28T13:00:00Z
1168,hana.ahmed1168@example.edu,Hana,Ahmed,Philadelphia,Pennsylvania,19104,US,40.05518,-75.36275,standard,4034.63,2025-10-07T11:00:00Z
1169,liam.wilson1169@example.edu,Liam,Wilson,Chicago,Illinois,60601,US,41.96363,-87.74199,standard,2561.50,2025-11-25T04:00:00Z
1170,owen.ahmed1170@example.edu,Owen,Ahmed,Phoenix,Arizona,85004,US,33.68151,-111.87173,standard,3184.37,2026-03-06T11:00:00Z
1171,grace.wilson1171@example.edu,Grace,Wilson,Houston,Texas,77002,US,30.07409,-95.02322,standard,2416.32,2026-03-10T20:00:00Z
1172,maya.brown1172@example.edu,Maya,Brown,Miami,Florida,33101,US,25.66279,-80.21925,new,1163.87,2025-12-16T18:00:00Z
1173,hana.chen1173@example.edu,Hana,Chen,Seattle,Washington,98101,US,47.31864,-122.44317,preferred,7194.58,2025-12-25T00:00:00Z
1174,jordan.wilson1174@example.edu,Jordan,Wilson,Chicago,Illinois,60601,US,42.17256,-87.42978,vip,17091.08,2026-01-22T15:00:00Z
1175,amara.nguyen1175@example.edu,Amara,Nguyen,Atlanta,Georgia,30303,US,33.88400,-84.16613,standard,583.84,2026-01-26T06:00:00Z
1176,ethan.kim1176@example.edu,Ethan,Kim,Los Angeles,California,90001,US,33.81299,-118.44440,preferred,10350.97,2025-11-29T01:00:00Z
1177,sofia.brown1177@example.edu,Sofia,Brown,Denver,Colorado,80202,US,40.04469,-104.84120,standard,1686.25,2026-03-14T06:00:00Z
1178,ava.garcia1178@example.edu,Ava,Garcia,Houston,Texas,77002,US,29.67960,-95.12815,standard,2912.16,2025-10-31T01:00:00Z
1179,isabella.singh1179@example.edu,Isabella,Singh,Phoenix,Arizona,85004,US,33.71214,-112.16720,preferred,10591.74,2026-03-17T20:00:00Z
1180,james.williams1180@example.edu,James,Williams,Denver,Colorado,80202,US,40.04164,-105.24258,new,567.01,2026-03-21T13:00:00Z
1181,leah.taylor1181@example.edu,Leah,Taylor,Miami,Florida,33101,US,25.84437,-80.27740,vip,50909.95,2026-03-29T00:00:00Z
1182,fatima.davis1182@example.edu,Fatima,Davis,Chicago,Illinois,60601,US,41.64124,-87.96486,preferred,6276.72,2026-02-15T14:00:00Z
1183,priya.jackson1183@example.edu,Priya,Jackson,Phoenix,Arizona,85004,US,33.17826,-112.17095,standard,762.36,2025-10-06T01:00:00Z
1184,james.anderson1184@example.edu,James,Anderson,Boston,Massachusetts,02108,US,42.40446,-71.03922,preferred,4348.76,2026-02-22T01:00:00Z
1185,mateo.nguyen1185@example.edu,Mateo,Nguyen,Seattle,Washington,98101,US,47.37149,-122.38236,preferred,5902.86,2026-01-05T02:00:00Z
1186,owen.johnson1186@example.edu,Owen,Johnson,San Francisco,California,94102,US,37.43983,-122.55762,new,1616.53,2026-01-03T04:00:00Z
1187,mateo.garcia1187@example.edu,Mateo,Garcia,Dallas,Texas,75201,US,32.71837,-97.11922,preferred,4179.31,2025-11-17T12:00:00Z
1188,hana.moore1188@example.edu,Hana,Moore,Seattle,Washington,98101,US,47.53584,-121.98423,standard,3421.79,2026-03-01T22:00:00Z
1189,fatima.rivera1189@example.edu,Fatima,Rivera,Portland,Oregon,97205,US,45.49251,-122.84492,standard,681.92,2026-03-01T20:00:00Z
1190,grace.ahmed1190@example.edu,Grace,Ahmed,Denver,Colorado,80202,US,39.58290,-104.79598,standard,4265.81,2026-01-15T16:00:00Z
1191,noah.anderson1191@example.edu,Noah,Anderson,Los Angeles,California,90001,US,34.09936,-118.10559,new,383.68,2025-12-26T21:00:00Z
1192,kai.williams1192@example.edu,Kai,Williams,Portland,Oregon,97205,US,45.62890,-122.67181,preferred,8160.94,2025-11-25T17:00:00Z
1193,noah.taylor1193@example.edu,Noah,Taylor,Atlanta,Georgia,30303,US,34.04393,-84.08714,new,83.00,2026-01-15T01:00:00Z
1194,nia.martinez1194@example.edu,Nia,Martinez,Los Angeles,California,90001,US,33.75085,-118.58183,standard,2751.81,2026-03-12T17:00:00Z
1195,leah.williams1195@example.edu,Leah,Williams,Boston,Massachusetts,02108,US,42.08978,-70.76888,preferred,8177.47,2026-01-11T08:00:00Z
1196,elena.brown1196@example.edu,Elena,Brown,Denver,Colorado,80202,US,39.51767,-105.24336,preferred,6991.70,2025-11-07T18:00:00Z
1197,mei.johnson1197@example.edu,Mei,Johnson,Philadelphia,Pennsylvania,19104,US,39.84162,-75.00438,new,1184.96,2025-11-19T06:00:00Z
1198,kai.brown1198@example.edu,Kai,Brown,Houston,Texas,77002,US,29.87019,-95.58800,standard,3070.14,2025-12-14T10:00:00Z
1199,mateo.martinez1199@example.edu,Mateo,Martinez,Houston,Texas,77002,US,29.59141,-95.67007,standard,1378.90,2026-03-03T08:00:00Z
1200,nia.singh1200@example.edu,Nia,Singh,Denver,Colorado,80202,US,39.95870,-104.79934,new,1745.02,2025-12-22T04:00:00Z
1201,diego.ahmed1201@example.edu,Diego,Ahmed,Chicago,Illinois,60601,US,41.73430,-87.68856,new,224.12,2025-10-25T20:00:00Z
1202,mei.taylor1202@example.edu,Mei,Taylor,San Francisco,California,94102,US,37.43020,-122.08379,vip,25733.98,2025-10-17T07:00:00Z
1203,kai.davis1203@example.edu,Kai,Davis,San Francisco,California,94102,US,37.98766,-122.14881,new,987.23,2026-03-25T01:00:00Z
1204,marcus.taylor1204@example.edu,Marcus,Taylor,Miami,Florida,33101,US,25.67497,-79.93335,standard,4036.32,2025-10-16T07:00:00Z
1205,noah.moore1205@example.edu,Noah,Moore,Miami,Florida,33101,US,25.47339,-80.27824,preferred,11523.33,2026-02-09T12:00:00Z
1206,nia.rivera1206@example.edu,Nia,Rivera,Dallas,Texas,75201,US,32.68254,-96.86248,standard,4416.37,2025-10-05T22:00:00Z
1207,elena.rivera1207@example.edu,Elena,Rivera,Atlanta,Georgia,30303,US,33.50184,-84.68271,vip,14206.25,2026-02-16T14:00:00Z
1208,isabella.davis1208@example.edu,Isabella,Davis,Seattle,Washington,98101,US,47.79211,-122.36485,standard,2074.61,2026-03-21T07:00:00Z
1209,mateo.brown1209@example.edu,Mateo,Brown,Denver,Colorado,80202,US,39.92643,-105.19915,preferred,5769.11,2026-03-16T12:00:00Z
1210,owen.williams1210@example.edu,Owen,Williams,Los Angeles,California,90001,US,33.96309,-118.31304,preferred,4095.65,2026-03-21T08:00:00Z
1211,marcus.anderson1211@example.edu,Marcus,Anderson,Dallas,Texas,75201,US,32.44067,-97.03452,standard,4489.02,2026-01-24T15:00:00Z
1212,mei.garcia1212@example.edu,Mei,Garcia,Boston,Massachusetts,02108,US,42.07609,-70.82430,standard,1537.35,2025-12-15T06:00:00Z
1213,kai.patel1213@example.edu,Kai,Patel,Philadelphia,Pennsylvania,19104,US,39.63890,-74.83064,vip,12733.22,2025-10-13T14:00:00Z
1214,hana.ahmed1214@example.edu,Hana,Ahmed,San Francisco,California,94102,US,37.74301,-122.60992,new,1067.28,2025-12-28T09:00:00Z
1215,isabella.nguyen1215@example.edu,Isabella,Nguyen,San Francisco,California,94102,US,37.64723,-122.60143,vip,36144.95,2025-11-08T17:00:00Z
1216,priya.rivera1216@example.edu,Priya,Rivera,Philadelphia,Pennsylvania,19104,US,39.95335,-75.03956,preferred,4745.77,2026-03-17T03:00:00Z
1217,maya.thomas1217@example.edu,Maya,Thomas,Philadelphia,Pennsylvania,19104,US,40.13230,-75.18910,standard,2305.30,2025-12-26T01:00:00Z
1218,amara.kim1218@example.edu,Amara,Kim,Boston,Massachusetts,02108,US,42.61403,-71.07423,new,437.14,2025-12-22T10:00:00Z
1219,ava.martinez1219@example.edu,Ava,Martinez,Miami,Florida,33101,US,25.62799,-80.26374,new,470.38,2025-11-20T17:00:00Z
1220,mateo.taylor1220@example.edu,Mateo,Taylor,Denver,Colorado,80202,US,39.80829,-105.11826,standard,3126.98,2025-10-26T19:00:00Z
1221,andre.singh1221@example.edu,Andre,Singh,San Francisco,California,94102,US,37.97195,-122.68935,preferred,11476.76,2025-11-30T04:00:00Z
1222,maya.patel1222@example.edu,Maya,Patel,Philadelphia,Pennsylvania,19104,US,40.14558,-74.90393,new,1208.29,2026-03-27T01:00:00Z
1223,nia.jackson1223@example.edu,Nia,Jackson,New York,New York,10001,US,41.02173,-74.04136,standard,707.88,2025-12-09T13:00:00Z
1224,jordan.davis1224@example.edu,Jordan,Davis,Philadelphia,Pennsylvania,19104,US,39.69554,-75.27943,preferred,7937.57,2025-10-15T14:00:00Z
1225,nia.anderson1225@example.edu,Nia,Anderson,Los Angeles,California,90001,US,34.18309,-118.26516,standard,4490.65,2025-11-24T20:00:00Z
1226,mei.moore1226@example.edu,Mei,Moore,San Francisco,California,94102,US,37.67873,-122.28572,standard,3610.56,2026-02-05T00:00:00Z
1227,andre.rivera1227@example.edu,Andre,Rivera,Chicago,Illinois,60601,US,41.63460,-87.74590,new,983.50,2026-02-18T18:00:00Z
1228,maya.lopez1228@example.edu,Maya,Lopez,Boston,Massachusetts,02108,US,42.49921,-70.93174,new,1780.82,2026-01-18T13:00:00Z
1229,sofia.jackson1229@example.edu,Sofia,Jackson,Boston,Massachusetts,02108,US,42.26834,-70.96503,standard,3160.42,2026-01-15T20:00:00Z
1230,owen.moore1230@example.edu,Owen,Moore,Chicago,Illinois,60601,US,42.08149,-87.53609,preferred,8460.37,2025-11-06T20:00:00Z
1231,owen.johnson1231@example.edu,Owen,Johnson,Dallas,Texas,75201,US,33.06029,-96.91131,standard,2000.26,2025-12-26T07:00:00Z
1232,ethan.davis1232@example.edu,Ethan,Davis,Miami,Florida,33101,US,25.44871,-80.09334,preferred,10468.77,2025-12-21T01:00:00Z
1233,fatima.jackson1233@example.edu,Fatima,Jackson,Dallas,Texas,75201,US,32.76001,-96.45934,standard,549.75,2026-03-30T03:00:00Z
1234,james.ahmed1234@example.edu,James,Ahmed,Philadelphia,Pennsylvania,19104,US,40.26671,-75.23581,standard,1733.69,2025-12-04T05:00:00Z
1235,ava.nguyen1235@example.edu,Ava,Nguyen,Philadelphia,Pennsylvania,19104,US,39.91620,-74.88794,new,367.58,2025-12-10T03:00:00Z
1236,noah.martinez1236@example.edu,Noah,Martinez,Miami,Florida,33101,US,25.64275,-79.99249,preferred,3048.94,2025-11-22T04:00:00Z
1237,diego.wilson1237@example.edu,Diego,Wilson,Seattle,Washington,98101,US,47.86814,-122.55400,preferred,4941.16,2026-02-05T15:00:00Z
1238,nia.anderson1238@example.edu,Nia,Anderson,Dallas,Texas,75201,US,32.46257,-96.53187,preferred,5603.00,2026-02-27T12:00:00Z
1239,priya.jackson1239@example.edu,Priya,Jackson,Denver,Colorado,80202,US,39.49246,-105.14857,preferred,4553.63,2025-11-01T06:00:00Z
1240,sofia.chen1240@example.edu,Sofia,Chen,New York,New York,10001,US,40.80379,-73.79758,new,1033.98,2025-11-25T14:00:00Z
1241,andre.wilson1241@example.edu,Andre,Wilson,Portland,Oregon,97205,US,45.81149,-122.62131,new,731.62,2026-01-26T23:00:00Z
1242,priya.martinez1242@example.edu,Priya,Martinez,New York,New York,10001,US,40.66310,-74.23532,standard,2605.80,2025-10-26T20:00:00Z
1243,liam.singh1243@example.edu,Liam,Singh,Dallas,Texas,75201,US,33.01222,-96.83418,standard,4142.14,2026-01-27T01:00:00Z
1244,andre.nguyen1244@example.edu,Andre,Nguyen,Boston,Massachusetts,02108,US,42.68463,-71.23885,standard,1389.50,2026-01-20T07:00:00Z
1245,hana.davis1245@example.edu,Hana,Davis,Miami,Florida,33101,US,25.86023,-80.10271,preferred,3550.43,2025-12-08T15:00:00Z
1246,hana.davis1246@example.edu,Hana,Davis,Miami,Florida,33101,US,25.90882,-79.94357,preferred,5981.58,2025-11-11T13:00:00Z
1247,grace.nguyen1247@example.edu,Grace,Nguyen,San Francisco,California,94102,US,38.09824,-122.52093,standard,4238.00,2025-10-15T10:00:00Z
1248,amara.nguyen1248@example.edu,Amara,Nguyen,Boston,Massachusetts,02108,US,42.44894,-71.22836,standard,3949.37,2026-01-08T02:00:00Z
1249,sofia.anderson1249@example.edu,Sofia,Anderson,New York,New York,10001,US,40.65228,-74.06116,standard,981.26,2025-11-12T05:00:00Z
1250,fatima.ahmed1250@example.edu,Fatima,Ahmed,Phoenix,Arizona,85004,US,33.61585,-111.80771,new,387.31,2025-12-02T22:00:00Z
1251,maya.williams1251@example.edu,Maya,Williams,Phoenix,Arizona,85004,US,33.24221,-112.01527,standard,3001.19,2025-11-14T13:00:00Z
1252,nia.nguyen1252@example.edu,Nia,Nguyen,Miami,Florida,33101,US,25.96519,-79.99463,standard,4416.64,2025-10-25T01:00:00Z
1253,sofia.johnson1253@example.edu,Sofia,Johnson,San Francisco,California,94102,US,37.92400,-122.24577,new,234.01,2026-03-29T06:00:00Z
1254,elena.johnson1254@example.edu,Elena,Johnson,Denver,Colorado,80202,US,40.03274,-104.77034,standard,1229.27,2026-01-26T17:00:00Z
1255,nia.jackson1255@example.edu,Nia,Jackson,San Francisco,California,94102,US,37.50696,-122.59624,new,764.49,2025-10-24T17:00:00Z
1256,grace.brown1256@example.edu,Grace,Brown,New York,New York,10001,US,40.74224,-74.03661,preferred,5858.92,2025-10-16T00:00:00Z
1257,marcus.nguyen1257@example.edu,Marcus,Nguyen,Portland,Oregon,97205,US,45.67039,-122.54198,preferred,3458.69,2025-10-28T15:00:00Z
1258,grace.taylor1258@example.edu,Grace,Taylor,Chicago,Illinois,60601,US,41.97651,-87.86731,standard,3882.58,2025-11-14T05:00:00Z
1259,priya.johnson1259@example.edu,Priya,Johnson,New York,New York,10001,US,40.97676,-73.86231,new,499.37,2026-02-16T17:00:00Z
1260,mateo.moore1260@example.edu,Mateo,Moore,Atlanta,Georgia,30303,US,33.89931,-84.34832,new,1356.29,2026-02-22T20:00:00Z
1261,priya.chen1261@example.edu,Priya,Chen,Denver,Colorado,80202,US,39.65931,-104.99052,standard,3192.14,2025-10-21T11:00:00Z
1262,elena.patel1262@example.edu,Elena,Patel,Houston,Texas,77002,US,29.75463,-95.03620,standard,4418.49,2026-03-08T02:00:00Z
1263,ava.nguyen1263@example.edu,Ava,Nguyen,Philadelphia,Pennsylvania,19104,US,39.89851,-75.20946,new,256.18,2026-01-09T11:00:00Z
1264,marcus.davis1264@example.edu,Marcus,Davis,Los Angeles,California,90001,US,33.88236,-118.49996,preferred,9380.06,2025-12-27T06:00:00Z
1265,amara.brown1265@example.edu,Amara,Brown,Denver,Colorado,80202,US,39.53437,-105.06864,new,1278.88,2026-02-26T11:00:00Z
1266,noah.patel1266@example.edu,Noah,Patel,Los Angeles,California,90001,US,33.96881,-118.46876,standard,1179.84,2026-01-03T19:00:00Z
1267,grace.thomas1267@example.edu,Grace,Thomas,Seattle,Washington,98101,US,47.49630,-122.44101,preferred,10794.10,2025-12-05T18:00:00Z
1268,diego.singh1268@example.edu,Diego,Singh,Portland,Oregon,97205,US,45.65001,-122.40790,standard,1427.86,2026-01-22T05:00:00Z
1269,hana.anderson1269@example.edu,Hana,Anderson,Los Angeles,California,90001,US,34.12908,-117.95143,standard,3630.13,2025-12-19T02:00:00Z
1270,jordan.singh1270@example.edu,Jordan,Singh,Seattle,Washington,98101,US,47.36970,-122.14440,preferred,11228.05,2026-02-08T20:00:00Z
1271,noah.davis1271@example.edu,Noah,Davis,New York,New York,10001,US,40.52879,-74.03238,standard,1006.70,2025-11-02T19:00:00Z
1272,amara.lopez1272@example.edu,Amara,Lopez,Chicago,Illinois,60601,US,42.06185,-87.72940,standard,2294.30,2026-03-03T12:00:00Z
1273,sofia.rivera1273@example.edu,Sofia,Rivera,San Francisco,California,94102,US,37.98517,-122.66528,preferred,5049.98,2026-01-22T04:00:00Z
1274,james.jackson1274@example.edu,James,Jackson,Miami,Florida,33101,US,25.69409,-80.22859,vip,27654.78,2026-03-12T11:00:00Z
1275,noah.wilson1275@example.edu,Noah,Wilson,Seattle,Washington,98101,US,47.34538,-122.51875,new,1616.91,2025-10-27T15:00:00Z
1276,elena.singh1276@example.edu,Elena,Singh,Boston,Massachusetts,02108,US,42.49478,-71.40535,standard,1555.25,2025-11-25T15:00:00Z
1277,ethan.kim1277@example.edu,Ethan,Kim,Los Angeles,California,90001,US,33.88806,-118.55419,standard,1892.03,2026-03-24T23:00:00Z
1278,liam.jackson1278@example.edu,Liam,Jackson,Atlanta,Georgia,30303,US,33.94853,-84.31013,new,1569.56,2026-02-06T16:00:00Z
1279,owen.davis1279@example.edu,Owen,Davis,Dallas,Texas,75201,US,32.66695,-96.66334,vip,23474.72,2025-11-30T17:00:00Z
1280,mateo.martinez1280@example.edu,Mateo,Martinez,Denver,Colorado,80202,US,39.39811,-105.12693,standard,4121.71,2025-11-02T07:00:00Z
1281,fatima.nguyen1281@example.edu,Fatima,Nguyen,Seattle,Washington,98101,US,47.74917,-121.98669,preferred,4671.42,2026-01-09T09:00:00Z
1282,maya.davis1282@example.edu,Maya,Davis,Denver,Colorado,80202,US,40.04782,-104.83889,standard,3289.56,2025-12-25T16:00:00Z
1283,leah.chen1283@example.edu,Leah,Chen,Miami,Florida,33101,US,25.72822,-80.17816,standard,3358.96,2026-03-07T16:00:00Z
1284,marcus.patel1284@example.edu,Marcus,Patel,Chicago,Illinois,60601,US,41.80096,-87.39907,standard,1506.96,2026-03-28T19:00:00Z
1285,andre.singh1285@example.edu,Andre,Singh,Portland,Oregon,97205,US,45.46899,-122.50515,standard,3037.86,2025-12-17T03:00:00Z
1286,elena.taylor1286@example.edu,Elena,Taylor,Chicago,Illinois,60601,US,41.70844,-87.58453,standard,837.05,2026-01-16T00:00:00Z
1287,leah.martinez1287@example.edu,Leah,Martinez,Miami,Florida,33101,US,25.87928,-79.96864,standard,1439.23,2026-02-21T02:00:00Z
1288,mei.kim1288@example.edu,Mei,Kim,Seattle,Washington,98101,US,47.62929,-122.16026,vip,29309.50,2026-02-22T04:00:00Z
1289,andre.lopez1289@example.edu,Andre,Lopez,Denver,Colorado,80202,US,39.91021,-104.86378,standard,4254.27,2026-01-17T17:00:00Z
1290,noah.brown1290@example.edu,Noah,Brown,Seattle,Washington,98101,US,47.70396,-122.64418,standard,1731.96,2025-11-15T02:00:00Z
1291,mateo.patel1291@example.edu,Mateo,Patel,New York,New York,10001,US,40.37962,-73.97644,new,758.27,2026-01-15T15:00:00Z
1292,owen.garcia1292@example.edu,Owen,Garcia,Denver,Colorado,80202,US,39.67648,-104.66713,vip,10612.00,2025-11-26T02:00:00Z
1293,amara.martinez1293@example.edu,Amara,Martinez,Boston,Massachusetts,02108,US,42.64812,-71.10754,preferred,9863.61,2025-12-23T13:00:00Z
1294,andre.taylor1294@example.edu,Andre,Taylor,Miami,Florida,33101,US,26.04842,-80.35099,standard,1010.71,2026-02-14T20:00:00Z
1295,jordan.lopez1295@example.edu,Jordan,Lopez,Houston,Texas,77002,US,29.43721,-95.49665,preferred,9633.73,2026-03-17T09:00:00Z
1296,noah.kim1296@example.edu,Noah,Kim,Portland,Oregon,97205,US,45.28015,-122.73502,standard,2119.50,2026-01-31T14:00:00Z
1297,isabella.moore1297@example.edu,Isabella,Moore,San Francisco,California,94102,US,37.63698,-122.50435,new,1480.24,2025-11-17T02:00:00Z
1298,grace.ahmed1298@example.edu,Grace,Ahmed,Chicago,Illinois,60601,US,42.06394,-87.89959,standard,3717.73,2025-11-19T20:00:00Z
1299,diego.garcia1299@example.edu,Diego,Garcia,Los Angeles,California,90001,US,33.82984,-118.36767,standard,3995.57,2025-10-09T12:00:00Z
1300,noah.williams1300@example.edu,Noah,Williams,Dallas,Texas,75201,US,32.89486,-97.04118,preferred,3562.88,2026-01-11T21:00:00Z
1301,hana.chen1301@example.edu,Hana,Chen,Denver,Colorado,80202,US,39.70200,-105.09154,preferred,7933.71,2026-03-29T18:00:00Z
1302,fatima.wilson1302@example.edu,Fatima,Wilson,Phoenix,Arizona,85004,US,33.12334,-111.96407,preferred,4729.56,2025-12-18T19:00:00Z
1303,marcus.taylor1303@example.edu,Marcus,Taylor,Boston,Massachusetts,02108,US,42.34677,-70.93379,new,1712.85,2025-10-12T22:00:00Z
1304,maya.nguyen1304@example.edu,Maya,Nguyen,Seattle,Washington,98101,US,47.68158,-122.64904,standard,3801.15,2025-10-09T21:00:00Z
1305,grace.moore1305@example.edu,Grace,Moore,New York,New York,10001,US,41.06259,-74.28954,preferred,11321.07,2025-10-29T06:00:00Z
1306,maya.patel1306@example.edu,Maya,Patel,Portland,Oregon,97205,US,45.67094,-122.49934,standard,2359.11,2025-12-09T19:00:00Z
1307,fatima.ahmed1307@example.edu,Fatima,Ahmed,San Francisco,California,94102,US,37.69797,-122.41814,preferred,3241.07,2025-12-09T03:00:00Z
1308,leah.anderson1308@example.edu,Leah,Anderson,Phoenix,Arizona,85004,US,33.25632,-112.41077,preferred,5460.00,2025-12-06T23:00:00Z
1309,noah.davis1309@example.edu,Noah,Davis,Boston,Massachusetts,02108,US,42.49218,-71.33883,new,1759.31,2025-10-30T10:00:00Z
1310,ava.martinez1310@example.edu,Ava,Martinez,Phoenix,Arizona,85004,US,33.67528,-112.20998,standard,2711.58,2025-11-24T02:00:00Z
1311,ava.chen1311@example.edu,Ava,Chen,New York,New York,10001,US,40.47829,-74.09069,preferred,4526.61,2025-12-25T20:00:00Z
1312,ava.wilson1312@example.edu,Ava,Wilson,Los Angeles,California,90001,US,34.05376,-118.52697,new,812.96,2026-02-23T15:00:00Z
1313,kai.martinez1313@example.edu,Kai,Martinez,New York,New York,10001,US,40.78206,-73.75629,standard,3084.90,2026-02-17T05:00:00Z
1314,liam.taylor1314@example.edu,Liam,Taylor,Atlanta,Georgia,30303,US,33.46210,-84.38642,standard,2782.57,2026-01-14T17:00:00Z
1315,ava.taylor1315@example.edu,Ava,Taylor,Miami,Florida,33101,US,25.85161,-80.18653,preferred,8060.03,2026-02-13T02:00:00Z
1316,noah.williams1316@example.edu,Noah,Williams,Denver,Colorado,80202,US,39.65579,-105.31716,new,769.93,2026-02-18T16:00:00Z
1317,liam.williams1317@example.edu,Liam,Williams,Dallas,Texas,75201,US,33.09050,-97.05416,standard,4126.59,2025-12-03T15:00:00Z
1318,liam.jackson1318@example.edu,Liam,Jackson,San Francisco,California,94102,US,37.48522,-122.60620,preferred,11468.82,2026-02-08T19:00:00Z
1319,ethan.nguyen1319@example.edu,Ethan,Nguyen,Los Angeles,California,90001,US,34.12875,-118.38694,preferred,11269.60,2026-03-15T03:00:00Z
1320,sofia.garcia1320@example.edu,Sofia,Garcia,Denver,Colorado,80202,US,39.63664,-104.78996,preferred,4251.39,2026-01-12T02:00:00Z
1321,priya.nguyen1321@example.edu,Priya,Nguyen,Houston,Texas,77002,US,29.62402,-95.06570,new,630.10,2026-03-07T23:00:00Z
1322,maya.kim1322@example.edu,Maya,Kim,San Francisco,California,94102,US,37.82251,-122.67571,standard,2258.33,2026-03-29T02:00:00Z
1323,maya.thomas1323@example.edu,Maya,Thomas,Boston,Massachusetts,02108,US,42.66807,-70.84938,standard,923.94,2025-11-06T14:00:00Z
1324,andre.williams1324@example.edu,Andre,Williams,Atlanta,Georgia,30303,US,33.51039,-84.60747,new,1086.88,2025-11-26T15:00:00Z
1325,marcus.nguyen1325@example.edu,Marcus,Nguyen,Houston,Texas,77002,US,29.44338,-95.38472,new,360.04,2025-10-16T20:00:00Z
1326,marcus.ahmed1326@example.edu,Marcus,Ahmed,Los Angeles,California,90001,US,33.97051,-118.15657,preferred,7511.74,2025-12-23T11:00:00Z
1327,amara.patel1327@example.edu,Amara,Patel,Houston,Texas,77002,US,29.58378,-95.31693,standard,1046.08,2026-01-19T07:00:00Z
1328,mei.williams1328@example.edu,Mei,Williams,New York,New York,10001,US,40.94287,-74.19546,preferred,4857.25,2026-02-20T14:00:00Z
1329,ava.williams1329@example.edu,Ava,Williams,Houston,Texas,77002,US,29.50190,-95.10740,new,1132.56,2025-11-03T06:00:00Z
1330,noah.martinez1330@example.edu,Noah,Martinez,Boston,Massachusetts,02108,US,42.07587,-71.28472,standard,2313.43,2026-01-27T14:00:00Z
1331,mei.nguyen1331@example.edu,Mei,Nguyen,Miami,Florida,33101,US,25.53397,-80.25891,standard,3939.29,2026-03-09T13:00:00Z
1332,sofia.garcia1332@example.edu,Sofia,Garcia,Houston,Texas,77002,US,29.42523,-95.21933,preferred,3807.27,2025-12-24T02:00:00Z
1333,diego.garcia1333@example.edu,Diego,Garcia,Denver,Colorado,80202,US,39.72518,-105.22082,standard,3488.01,2026-01-11T02:00:00Z
1334,nia.martinez1334@example.edu,Nia,Martinez,Los Angeles,California,90001,US,34.35260,-118.47434,preferred,5088.96,2026-03-03T10:00:00Z
1335,grace.jackson1335@example.edu,Grace,Jackson,Boston,Massachusetts,02108,US,42.61889,-71.22648,standard,2161.44,2026-04-01T05:00:00Z
1336,liam.moore1336@example.edu,Liam,Moore,Denver,Colorado,80202,US,39.49990,-105.33264,new,346.73,2025-11-25T04:00:00Z
1337,hana.chen1337@example.edu,Hana,Chen,Philadelphia,Pennsylvania,19104,US,39.76590,-74.95315,standard,2949.23,2025-12-04T16:00:00Z
1338,amara.thomas1338@example.edu,Amara,Thomas,Atlanta,Georgia,30303,US,33.51194,-84.04880,preferred,10745.41,2025-10-17T20:00:00Z
1339,maya.johnson1339@example.edu,Maya,Johnson,Los Angeles,California,90001,US,33.73412,-118.33738,standard,1554.54,2025-10-16T19:00:00Z
1340,priya.anderson1340@example.edu,Priya,Anderson,Dallas,Texas,75201,US,33.10902,-96.83480,standard,1424.94,2026-02-06T01:00:00Z
1341,liam.moore1341@example.edu,Liam,Moore,Denver,Colorado,80202,US,39.71882,-105.27593,standard,3197.25,2026-01-23T01:00:00Z
1342,grace.moore1342@example.edu,Grace,Moore,Boston,Massachusetts,02108,US,42.33985,-70.94589,preferred,6872.83,2025-11-10T22:00:00Z
1343,marcus.davis1343@example.edu,Marcus,Davis,Houston,Texas,77002,US,29.66527,-95.57309,new,1610.02,2026-01-23T19:00:00Z
1344,fatima.nguyen1344@example.edu,Fatima,Nguyen,Dallas,Texas,75201,US,32.90340,-96.62117,preferred,5681.08,2025-10-31T06:00:00Z
1345,isabella.martinez1345@example.edu,Isabella,Martinez,San Francisco,California,94102,US,38.01127,-122.25321,standard,3864.90,2026-01-27T18:00:00Z
1346,diego.garcia1346@example.edu,Diego,Garcia,Chicago,Illinois,60601,US,42.19003,-87.38821,standard,1618.74,2025-12-28T04:00:00Z
1347,ethan.martinez1347@example.edu,Ethan,Martinez,Houston,Texas,77002,US,30.01451,-95.22076,preferred,11462.76,2026-01-31T08:00:00Z
1348,leah.johnson1348@example.edu,Leah,Johnson,Houston,Texas,77002,US,29.49214,-95.27101,standard,1163.75,2025-12-20T15:00:00Z
1349,hana.jackson1349@example.edu,Hana,Jackson,Los Angeles,California,90001,US,34.14594,-118.39320,new,495.90,2026-01-09T17:00:00Z
1350,james.williams1350@example.edu,James,Williams,Denver,Colorado,80202,US,39.99988,-104.68048,new,1627.65,2026-02-21T18:00:00Z
1351,andre.garcia1351@example.edu,Andre,Garcia,Los Angeles,California,90001,US,34.18841,-118.05788,new,955.84,2026-02-08T09:00:00Z
1352,fatima.nguyen1352@example.edu,Fatima,Nguyen,Boston,Massachusetts,02108,US,42.47118,-71.11356,preferred,8893.06,2026-02-13T02:00:00Z
1353,jordan.garcia1353@example.edu,Jordan,Garcia,Seattle,Washington,98101,US,47.91734,-122.05462,standard,1402.95,2025-11-15T10:00:00Z
1354,grace.garcia1354@example.edu,Grace,Garcia,New York,New York,10001,US,40.37371,-73.87077,new,1039.98,2026-03-06T20:00:00Z
1355,noah.wilson1355@example.edu,Noah,Wilson,Philadelphia,Pennsylvania,19104,US,39.81455,-74.93944,new,1617.43,2025-11-21T00:00:00Z
1356,andre.wilson1356@example.edu,Andre,Wilson,Dallas,Texas,75201,US,32.63509,-96.68065,preferred,3639.86,2026-01-08T07:00:00Z
1357,amara.williams1357@example.edu,Amara,Williams,Miami,Florida,33101,US,25.74496,-80.13161,preferred,4687.09,2026-03-25T05:00:00Z
1358,leah.brown1358@example.edu,Leah,Brown,Dallas,Texas,75201,US,32.89350,-96.46184,preferred,8328.04,2025-11-24T09:00:00Z
1359,noah.singh1359@example.edu,Noah,Singh,Boston,Massachusetts,02108,US,42.46348,-71.13074,standard,2948.48,2026-02-08T14:00:00Z
1360,ethan.ahmed1360@example.edu,Ethan,Ahmed,New York,New York,10001,US,40.90744,-74.00280,preferred,3865.66,2026-01-25T19:00:00Z
1361,liam.taylor1361@example.edu,Liam,Taylor,Boston,Massachusetts,02108,US,42.36081,-71.01558,new,586.15,2026-02-25T09:00:00Z
1362,sofia.jackson1362@example.edu,Sofia,Jackson,Portland,Oregon,97205,US,45.35646,-122.44604,preferred,3022.61,2026-01-14T21:00:00Z
1363,ava.nguyen1363@example.edu,Ava,Nguyen,Atlanta,Georgia,30303,US,33.88002,-84.42280,standard,1450.76,2025-12-11T18:00:00Z
1364,maya.ahmed1364@example.edu,Maya,Ahmed,Houston,Texas,77002,US,29.44491,-95.34818,new,1033.20,2025-11-20T03:00:00Z
1365,nia.taylor1365@example.edu,Nia,Taylor,Boston,Massachusetts,02108,US,42.29429,-71.17767,standard,2280.95,2026-02-23T18:00:00Z
1366,james.davis1366@example.edu,James,Davis,Philadelphia,Pennsylvania,19104,US,39.66440,-75.40685,vip,46402.90,2026-03-07T20:00:00Z
1367,mei.anderson1367@example.edu,Mei,Anderson,Los Angeles,California,90001,US,33.81307,-118.13282,preferred,6603.11,2025-11-07T05:00:00Z
1368,grace.johnson1368@example.edu,Grace,Johnson,Atlanta,Georgia,30303,US,33.82062,-84.06602,standard,2256.06,2025-12-27T19:00:00Z
1369,amara.moore1369@example.edu,Amara,Moore,Philadelphia,Pennsylvania,19104,US,39.85489,-75.14629,standard,2994.02,2026-01-15T21:00:00Z
1370,nia.jackson1370@example.edu,Nia,Jackson,Seattle,Washington,98101,US,47.44666,-122.32359,new,1577.52,2025-12-05T15:00:00Z
1371,kai.martinez1371@example.edu,Kai,Martinez,Los Angeles,California,90001,US,33.97012,-118.14380,standard,2232.50,2025-11-01T05:00:00Z
1372,ethan.brown1372@example.edu,Ethan,Brown,Chicago,Illinois,60601,US,42.11231,-87.51608,standard,1192.90,2026-03-19T21:00:00Z
1373,hana.wilson1373@example.edu,Hana,Wilson,Chicago,Illinois,60601,US,41.66728,-87.32005,new,449.12,2026-02-16T19:00:00Z
1374,amara.rivera1374@example.edu,Amara,Rivera,Miami,Florida,33101,US,25.72427,-79.84834,vip,36444.55,2025-12-08T02:00:00Z
1375,amara.rivera1375@example.edu,Amara,Rivera,Phoenix,Arizona,85004,US,33.45696,-111.84592,new,387.38,2025-10-06T02:00:00Z
1376,priya.wilson1376@example.edu,Priya,Wilson,New York,New York,10001,US,40.72834,-73.97340,standard,670.32,2026-03-31T06:00:00Z
1377,maya.johnson1377@example.edu,Maya,Johnson,Atlanta,Georgia,30303,US,33.58112,-84.08739,preferred,3019.48,2025-12-22T12:00:00Z
1378,fatima.williams1378@example.edu,Fatima,Williams,Atlanta,Georgia,30303,US,33.54772,-84.12719,vip,19880.77,2026-03-29T20:00:00Z
1379,maya.patel1379@example.edu,Maya,Patel,Seattle,Washington,98101,US,47.63258,-122.09515,preferred,8906.44,2025-10-30T21:00:00Z
1380,noah.rivera1380@example.edu,Noah,Rivera,Houston,Texas,77002,US,29.45648,-95.63509,new,700.64,2025-10-07T23:00:00Z
1381,jordan.taylor1381@example.edu,Jordan,Taylor,Denver,Colorado,80202,US,39.41344,-105.27378,new,1311.10,2025-12-04T22:00:00Z
1382,kai.martinez1382@example.edu,Kai,Martinez,Dallas,Texas,75201,US,32.46015,-96.65730,standard,1025.61,2026-01-11T11:00:00Z
1383,liam.wilson1383@example.edu,Liam,Wilson,Boston,Massachusetts,02108,US,42.11576,-70.75477,new,822.60,2025-10-07T22:00:00Z
1384,marcus.jackson1384@example.edu,Marcus,Jackson,Philadelphia,Pennsylvania,19104,US,39.65920,-75.24760,standard,3829.74,2026-01-26T13:00:00Z
1385,leah.jackson1385@example.edu,Leah,Jackson,Houston,Texas,77002,US,29.99405,-95.58932,new,1012.48,2026-02-06T14:00:00Z
1386,noah.patel1386@example.edu,Noah,Patel,Seattle,Washington,98101,US,47.85711,-122.66299,new,949.43,2025-10-12T03:00:00Z
1387,marcus.garcia1387@example.edu,Marcus,Garcia,San Francisco,California,94102,US,38.09646,-122.64529,new,1356.60,2026-02-27T21:00:00Z
1388,noah.lopez1388@example.edu,Noah,Lopez,Phoenix,Arizona,85004,US,33.68211,-112.18061,vip,41766.28,2025-12-21T07:00:00Z
1389,sofia.williams1389@example.edu,Sofia,Williams,Philadelphia,Pennsylvania,19104,US,39.99381,-75.17640,standard,2065.82,2025-11-30T18:00:00Z
1390,nia.thomas1390@example.edu,Nia,Thomas,Phoenix,Arizona,85004,US,33.43094,-112.37831,vip,45519.35,2026-01-23T22:00:00Z
1391,noah.davis1391@example.edu,Noah,Davis,Seattle,Washington,98101,US,47.72865,-122.53107,standard,2328.85,2025-10-27T13:00:00Z
1392,ava.davis1392@example.edu,Ava,Davis,Seattle,Washington,98101,US,47.34117,-122.36841,new,1678.85,2026-02-05T17:00:00Z
1393,mei.wilson1393@example.edu,Mei,Wilson,New York,New York,10001,US,41.04494,-74.02406,standard,3210.15,2026-02-25T16:00:00Z
1394,fatima.wilson1394@example.edu,Fatima,Wilson,New York,New York,10001,US,40.75810,-74.29100,standard,3871.50,2025-12-11T22:00:00Z
1395,noah.davis1395@example.edu,Noah,Davis,Phoenix,Arizona,85004,US,33.66271,-111.92875,new,203.88,2025-12-09T05:00:00Z
1396,isabella.williams1396@example.edu,Isabella,Williams,Los Angeles,California,90001,US,34.18356,-118.28713,new,1494.93,2026-01-28T22:00:00Z
1397,maya.lopez1397@example.edu,Maya,Lopez,Miami,Florida,33101,US,25.88420,-80.27768,standard,4273.49,2026-03-11T10:00:00Z
1398,liam.nguyen1398@example.edu,Liam,Nguyen,Philadelphia,Pennsylvania,19104,US,40.05915,-75.05460,new,1504.37,2025-10-24T08:00:00Z
1399,diego.davis1399@example.edu,Diego,Davis,Miami,Florida,33101,US,25.65413,-80.39802,preferred,10798.21,2025-11-22T15:00:00Z
1400,jordan.garcia1400@example.edu,Jordan,Garcia,Portland,Oregon,97205,US,45.16780,-122.52955,standard,1694.02,2026-02-18T11:00:00Z
1401,noah.wilson1401@example.edu,Noah,Wilson,Atlanta,Georgia,30303,US,33.41152,-84.28760,standard,1072.35,2026-01-13T13:00:00Z
1402,ava.singh1402@example.edu,Ava,Singh,Los Angeles,California,90001,US,34.16626,-118.22060,new,1485.37,2026-03-31T21:00:00Z
1403,ethan.anderson1403@example.edu,Ethan,Anderson,Atlanta,Georgia,30303,US,33.78531,-84.71226,standard,2571.86,2025-12-08T20:00:00Z
1404,mateo.williams1404@example.edu,Mateo,Williams,Philadelphia,Pennsylvania,19104,US,39.95933,-75.28191,standard,4382.71,2025-12-04T07:00:00Z
1405,mateo.patel1405@example.edu,Mateo,Patel,Houston,Texas,77002,US,30.02253,-95.24010,standard,910.98,2026-01-27T15:00:00Z
1406,grace.kim1406@example.edu,Grace,Kim,New York,New York,10001,US,40.64590,-73.99228,vip,50936.62,2026-01-09T08:00:00Z
1407,fatima.johnson1407@example.edu,Fatima,Johnson,Dallas,Texas,75201,US,32.87568,-96.77793,preferred,7527.68,2026-01-28T05:00:00Z
1408,mei.moore1408@example.edu,Mei,Moore,Miami,Florida,33101,US,25.51697,-79.95850,preferred,2625.17,2025-12-16T19:00:00Z
1409,liam.taylor1409@example.edu,Liam,Taylor,Atlanta,Georgia,30303,US,33.72922,-84.69948,new,589.55,2025-12-30T22:00:00Z
1410,sofia.brown1410@example.edu,Sofia,Brown,Atlanta,Georgia,30303,US,33.59136,-84.38067,standard,817.90,2026-01-13T00:00:00Z
1411,mateo.wilson1411@example.edu,Mateo,Wilson,Miami,Florida,33101,US,25.96838,-80.31481,standard,1193.57,2025-10-08T03:00:00Z
1412,mateo.anderson1412@example.edu,Mateo,Anderson,Portland,Oregon,97205,US,45.78590,-122.89825,preferred,9682.34,2025-10-04T20:00:00Z
1413,mei.kim1413@example.edu,Mei,Kim,Denver,Colorado,80202,US,39.43732,-105.25610,preferred,4161.68,2025-10-25T06:00:00Z
1414,isabella.garcia1414@example.edu,Isabella,Garcia,New York,New York,10001,US,41.05606,-73.98532,new,1445.41,2026-01-14T01:00:00Z
1415,mei.patel1415@example.edu,Mei,Patel,Houston,Texas,77002,US,29.86406,-95.25476,standard,4283.79,2025-12-03T06:00:00Z
1416,noah.taylor1416@example.edu,Noah,Taylor,Seattle,Washington,98101,US,47.71443,-122.28708,standard,4149.56,2025-12-28T18:00:00Z
1417,leah.johnson1417@example.edu,Leah,Johnson,Miami,Florida,33101,US,25.71742,-80.16181,standard,4156.54,2026-02-16T15:00:00Z
1418,jordan.chen1418@example.edu,Jordan,Chen,Portland,Oregon,97205,US,45.26761,-122.59756,standard,4052.59,2026-02-05T00:00:00Z
1419,liam.johnson1419@example.edu,Liam,Johnson,Seattle,Washington,98101,US,47.58713,-122.04986,vip,51475.55,2026-03-31T13:00:00Z
1420,noah.taylor1420@example.edu,Noah,Taylor,Seattle,Washington,98101,US,47.70445,-122.10993,preferred,9303.54,2025-10-17T11:00:00Z
1421,kai.jackson1421@example.edu,Kai,Jackson,Miami,Florida,33101,US,25.73761,-79.94717,new,348.46,2025-12-23T23:00:00Z
1422,maya.ahmed1422@example.edu,Maya,Ahmed,Los Angeles,California,90001,US,34.10459,-118.27492,standard,3803.01,2025-12-15T14:00:00Z
1423,ava.chen1423@example.edu,Ava,Chen,Houston,Texas,77002,US,29.47071,-95.30679,standard,4022.61,2025-12-20T13:00:00Z
1424,ethan.singh1424@example.edu,Ethan,Singh,Atlanta,Georgia,30303,US,33.65871,-84.48648,preferred,5865.86,2026-01-17T10:00:00Z
1425,isabella.martinez1425@example.edu,Isabella,Martinez,Philadelphia,Pennsylvania,19104,US,40.20093,-75.23211,preferred,4649.09,2025-10-18T09:00:00Z
1426,sofia.chen1426@example.edu,Sofia,Chen,Houston,Texas,77002,US,29.57127,-95.29934,standard,611.75,2026-02-08T05:00:00Z
1427,hana.ahmed1427@example.edu,Hana,Ahmed,Boston,Massachusetts,02108,US,42.56467,-71.23172,preferred,6007.05,2025-10-22T08:00:00Z
1428,jordan.nguyen1428@example.edu,Jordan,Nguyen,Philadelphia,Pennsylvania,19104,US,40.12908,-74.82795,standard,4467.02,2025-10-25T06:00:00Z
1429,leah.kim1429@example.edu,Leah,Kim,Philadelphia,Pennsylvania,19104,US,39.89521,-75.06686,standard,1811.22,2025-11-12T13:00:00Z
1430,owen.williams1430@example.edu,Owen,Williams,Portland,Oregon,97205,US,45.51716,-122.83132,new,1555.85,2025-10-05T08:00:00Z
1431,owen.anderson1431@example.edu,Owen,Anderson,Houston,Texas,77002,US,29.62815,-95.17555,new,635.11,2025-12-02T17:00:00Z
1432,noah.chen1432@example.edu,Noah,Chen,Phoenix,Arizona,85004,US,33.32458,-111.73293,standard,4056.14,2025-11-01T09:00:00Z
1433,fatima.ahmed1433@example.edu,Fatima,Ahmed,Phoenix,Arizona,85004,US,33.31977,-112.35181,new,831.83,2025-11-27T19:00:00Z
1434,kai.ahmed1434@example.edu,Kai,Ahmed,Chicago,Illinois,60601,US,41.57181,-87.72268,new,988.31,2025-12-23T11:00:00Z
1435,diego.wilson1435@example.edu,Diego,Wilson,Atlanta,Georgia,30303,US,34.01796,-84.72134,standard,3008.35,2025-10-25T00:00:00Z
1436,leah.davis1436@example.edu,Leah,Davis,Houston,Texas,77002,US,29.75992,-95.23911,preferred,8502.35,2026-01-23T05:00:00Z
1437,fatima.taylor1437@example.edu,Fatima,Taylor,Philadelphia,Pennsylvania,19104,US,39.84157,-74.83946,vip,46034.91,2025-10-05T22:00:00Z
1438,jordan.patel1438@example.edu,Jordan,Patel,Miami,Florida,33101,US,25.74215,-80.05261,standard,2389.46,2025-11-10T13:00:00Z
1439,liam.garcia1439@example.edu,Liam,Garcia,Atlanta,Georgia,30303,US,33.93679,-84.20784,standard,2553.87,2025-12-22T02:00:00Z
1440,grace.garcia1440@example.edu,Grace,Garcia,San Francisco,California,94102,US,37.62678,-122.52140,vip,49747.78,2026-02-25T21:00:00Z
1441,diego.patel1441@example.edu,Diego,Patel,Chicago,Illinois,60601,US,41.83931,-87.63338,preferred,4951.47,2025-11-13T13:00:00Z
1442,noah.ahmed1442@example.edu,Noah,Ahmed,San Francisco,California,94102,US,37.77184,-122.74977,new,1551.74,2026-03-02T23:00:00Z
1443,isabella.wilson1443@example.edu,Isabella,Wilson,Boston,Massachusetts,02108,US,42.56010,-70.98627,vip,45361.24,2026-03-26T01:00:00Z
1444,elena.thomas1444@example.edu,Elena,Thomas,Dallas,Texas,75201,US,32.77617,-96.45048,preferred,3742.68,2025-11-29T18:00:00Z
1445,marcus.johnson1445@example.edu,Marcus,Johnson,Seattle,Washington,98101,US,47.75835,-122.03730,standard,1522.14,2026-02-24T20:00:00Z
1446,james.jackson1446@example.edu,James,Jackson,Portland,Oregon,97205,US,45.67287,-122.37689,vip,15055.48,2025-11-14T08:00:00Z
1447,grace.brown1447@example.edu,Grace,Brown,Denver,Colorado,80202,US,39.86325,-105.12189,vip,51278.10,2026-01-11T03:00:00Z
1448,kai.nguyen1448@example.edu,Kai,Nguyen,Phoenix,Arizona,85004,US,33.29169,-112.37620,standard,1839.28,2026-02-07T07:00:00Z
1449,owen.lopez1449@example.edu,Owen,Lopez,Phoenix,Arizona,85004,US,33.24422,-111.73382,preferred,2536.33,2026-03-26T04:00:00Z
1450,maya.singh1450@example.edu,Maya,Singh,Seattle,Washington,98101,US,47.88261,-122.61269,standard,2560.00,2025-11-29T14:00:00Z
1451,kai.ahmed1451@example.edu,Kai,Ahmed,Boston,Massachusetts,02108,US,42.56714,-70.91044,preferred,2816.68,2025-12-05T12:00:00Z
1452,diego.taylor1452@example.edu,Diego,Taylor,Phoenix,Arizona,85004,US,33.24194,-112.02525,preferred,9095.62,2026-03-28T11:00:00Z
1453,kai.chen1453@example.edu,Kai,Chen,Portland,Oregon,97205,US,45.52853,-122.65777,new,1177.70,2026-03-22T15:00:00Z
1454,maya.jackson1454@example.edu,Maya,Jackson,Dallas,Texas,75201,US,32.58482,-96.75390,preferred,7696.95,2026-03-06T23:00:00Z
1455,hana.singh1455@example.edu,Hana,Singh,New York,New York,10001,US,41.00875,-73.95225,standard,4418.50,2025-10-25T05:00:00Z
1456,leah.davis1456@example.edu,Leah,Davis,Atlanta,Georgia,30303,US,34.06411,-84.09381,vip,26426.33,2025-10-24T11:00:00Z
1457,james.moore1457@example.edu,James,Moore,Boston,Massachusetts,02108,US,42.60319,-70.79978,new,1268.54,2025-10-10T16:00:00Z
1458,grace.ahmed1458@example.edu,Grace,Ahmed,Chicago,Illinois,60601,US,41.56286,-87.74047,new,1217.79,2025-10-06T15:00:00Z
1459,ava.ahmed1459@example.edu,Ava,Ahmed,Denver,Colorado,80202,US,39.63084,-105.07312,preferred,6775.93,2026-03-11T10:00:00Z
1460,andre.johnson1460@example.edu,Andre,Johnson,Portland,Oregon,97205,US,45.69601,-123.01446,preferred,6971.22,2025-12-09T02:00:00Z
1461,ava.thomas1461@example.edu,Ava,Thomas,Chicago,Illinois,60601,US,41.93140,-87.45644,standard,3548.50,2026-03-26T23:00:00Z
1462,liam.patel1462@example.edu,Liam,Patel,Seattle,Washington,98101,US,47.59014,-122.38316,standard,875.21,2026-03-03T02:00:00Z
1463,maya.johnson1463@example.edu,Maya,Johnson,Dallas,Texas,75201,US,32.87277,-96.49288,standard,3705.70,2025-11-13T10:00:00Z
1464,ethan.martinez1464@example.edu,Ethan,Martinez,Chicago,Illinois,60601,US,42.18779,-87.65702,new,478.90,2026-03-20T15:00:00Z
1465,james.nguyen1465@example.edu,James,Nguyen,New York,New York,10001,US,40.80398,-73.70962,standard,2663.62,2025-11-05T18:00:00Z
1466,grace.taylor1466@example.edu,Grace,Taylor,Seattle,Washington,98101,US,47.67790,-122.50081,standard,2037.57,2025-12-30T13:00:00Z
1467,noah.martinez1467@example.edu,Noah,Martinez,Seattle,Washington,98101,US,47.40252,-122.13117,vip,42241.79,2026-02-24T22:00:00Z
1468,sofia.ahmed1468@example.edu,Sofia,Ahmed,Philadelphia,Pennsylvania,19104,US,39.86131,-75.24289,new,585.17,2026-02-03T04:00:00Z
1469,grace.jackson1469@example.edu,Grace,Jackson,New York,New York,10001,US,40.81752,-73.83923,standard,2259.53,2026-02-01T04:00:00Z
1470,leah.rivera1470@example.edu,Leah,Rivera,Houston,Texas,77002,US,30.08480,-95.66298,preferred,4081.45,2026-02-27T02:00:00Z
1471,leah.garcia1471@example.edu,Leah,Garcia,Denver,Colorado,80202,US,39.41285,-104.73638,standard,4017.32,2026-02-14T07:00:00Z
1472,jordan.kim1472@example.edu,Jordan,Kim,Miami,Florida,33101,US,26.06168,-79.90554,standard,677.31,2025-11-26T08:00:00Z
1473,elena.davis1473@example.edu,Elena,Davis,Atlanta,Georgia,30303,US,33.42739,-84.15759,standard,3682.80,2025-10-13T07:00:00Z
1474,elena.lopez1474@example.edu,Elena,Lopez,Chicago,Illinois,60601,US,42.14213,-87.29727,new,1004.30,2026-03-17T01:00:00Z
1475,kai.wilson1475@example.edu,Kai,Wilson,Denver,Colorado,80202,US,39.43914,-104.86038,standard,4058.34,2026-02-19T16:00:00Z
1476,liam.kim1476@example.edu,Liam,Kim,Boston,Massachusetts,02108,US,42.58133,-71.10073,standard,2655.09,2026-01-24T15:00:00Z
1477,james.williams1477@example.edu,James,Williams,Boston,Massachusetts,02108,US,42.18442,-70.78108,preferred,10967.60,2025-10-28T12:00:00Z
1478,mei.ahmed1478@example.edu,Mei,Ahmed,San Francisco,California,94102,US,37.93628,-122.73627,standard,4315.27,2026-02-10T03:00:00Z
1479,isabella.davis1479@example.edu,Isabella,Davis,Phoenix,Arizona,85004,US,33.47966,-112.39403,preferred,2534.38,2026-02-10T14:00:00Z
1480,mei.taylor1480@example.edu,Mei,Taylor,Phoenix,Arizona,85004,US,33.77365,-111.87345,preferred,5628.60,2025-10-28T14:00:00Z
1481,priya.brown1481@example.edu,Priya,Brown,Denver,Colorado,80202,US,39.55582,-104.95171,preferred,3590.96,2025-12-06T23:00:00Z
1482,maya.patel1482@example.edu,Maya,Patel,Dallas,Texas,75201,US,33.04403,-96.70274,vip,35548.91,2025-12-21T10:00:00Z
1483,amara.johnson1483@example.edu,Amara,Johnson,Atlanta,Georgia,30303,US,33.80851,-84.36463,new,1002.20,2026-01-09T06:00:00Z
1484,diego.thomas1484@example.edu,Diego,Thomas,Boston,Massachusetts,02108,US,42.02103,-71.06041,standard,2965.97,2026-01-24T10:00:00Z
1485,andre.nguyen1485@example.edu,Andre,Nguyen,Denver,Colorado,80202,US,39.65192,-105.10745,standard,4275.19,2025-12-08T13:00:00Z
1486,amara.davis1486@example.edu,Amara,Davis,San Francisco,California,94102,US,37.70603,-122.32299,standard,528.76,2026-02-21T04:00:00Z
1487,leah.garcia1487@example.edu,Leah,Garcia,Denver,Colorado,80202,US,39.65988,-105.11083,standard,3464.32,2025-11-10T08:00:00Z
1488,liam.kim1488@example.edu,Liam,Kim,Chicago,Illinois,60601,US,42.22149,-87.30555,standard,3474.11,2026-02-15T21:00:00Z
1489,fatima.jackson1489@example.edu,Fatima,Jackson,Phoenix,Arizona,85004,US,33.70653,-111.94200,standard,3042.63,2026-01-16T14:00:00Z
1490,hana.nguyen1490@example.edu,Hana,Nguyen,Boston,Massachusetts,02108,US,42.60134,-71.39494,preferred,5758.33,2025-12-09T09:00:00Z
1491,andre.williams1491@example.edu,Andre,Williams,Chicago,Illinois,60601,US,41.86014,-87.61232,preferred,4187.76,2025-11-10T07:00:00Z
1492,amara.patel1492@example.edu,Amara,Patel,Seattle,Washington,98101,US,47.54556,-122.53372,preferred,7034.55,2026-01-14T06:00:00Z
1493,fatima.garcia1493@example.edu,Fatima,Garcia,Seattle,Washington,98101,US,47.67621,-122.59857,vip,48698.42,2025-12-24T21:00:00Z
1494,andre.nguyen1494@example.edu,Andre,Nguyen,Philadelphia,Pennsylvania,19104,US,40.02496,-75.00526,standard,2342.93,2026-02-03T17:00:00Z
1495,liam.lopez1495@example.edu,Liam,Lopez,Phoenix,Arizona,85004,US,33.26108,-111.73432,standard,2483.48,2026-01-27T10:00:00Z
1496,priya.brown1496@example.edu,Priya,Brown,Miami,Florida,33101,US,25.93754,-80.07075,standard,3935.00,2026-01-24T13:00:00Z
1497,mei.thomas1497@example.edu,Mei,Thomas,Atlanta,Georgia,30303,US,34.03186,-84.35139,new,1310.69,2025-11-01T20:00:00Z
1498,leah.moore1498@example.edu,Leah,Moore,Dallas,Texas,75201,US,32.96529,-96.93270,vip,20657.46,2025-11-27T11:00:00Z
1499,ethan.martinez1499@example.edu,Ethan,Martinez,Portland,Oregon,97205,US,45.51362,-122.87527,standard,3696.32,2026-02-20T02:00:00Z
1500,ava.williams1500@example.edu,Ava,Williams,Seattle,Washington,98101,US,47.59533,-122.42586,preferred,9254.20,2025-10-28T18:00:00Z
1501,owen.singh1501@example.edu,Owen,Singh,Denver,Colorado,80202,US,39.51462,-105.10363,new,1759.50,2026-03-18T10:00:00Z
1502,jordan.davis1502@example.edu,Jordan,Davis,Los Angeles,California,90001,US,33.79583,-117.98546,preferred,8462.80,2025-12-21T17:00:00Z
1503,mei.anderson1503@example.edu,Mei,Anderson,Phoenix,Arizona,85004,US,33.61224,-112.05098,preferred,7211.67,2026-02-21T04:00:00Z
1504,nia.brown1504@example.edu,Nia,Brown,Boston,Massachusetts,02108,US,42.25895,-71.04629,new,716.32,2026-02-16T11:00:00Z
1505,leah.singh1505@example.edu,Leah,Singh,Chicago,Illinois,60601,US,42.06852,-87.34077,preferred,10516.08,2026-01-23T12:00:00Z
1506,fatima.chen1506@example.edu,Fatima,Chen,Chicago,Illinois,60601,US,41.96004,-87.92145,preferred,7383.71,2026-01-06T19:00:00Z
1507,fatima.lopez1507@example.edu,Fatima,Lopez,Houston,Texas,77002,US,29.55079,-95.29428,new,288.63,2026-03-26T19:00:00Z
1508,hana.lopez1508@example.edu,Hana,Lopez,Philadelphia,Pennsylvania,19104,US,39.84793,-75.22946,standard,3703.37,2026-01-28T23:00:00Z
1509,noah.brown1509@example.edu,Noah,Brown,Phoenix,Arizona,85004,US,33.25975,-111.73689,preferred,4200.00,2025-11-03T13:00:00Z
1510,andre.jackson1510@example.edu,Andre,Jackson,Houston,Texas,77002,US,29.57700,-95.10154,preferred,5764.05,2026-01-28T13:00:00Z
1511,fatima.davis1511@example.edu,Fatima,Davis,Chicago,Illinois,60601,US,41.94799,-87.41650,standard,1488.71,2026-02-10T11:00:00Z
1512,noah.garcia1512@example.edu,Noah,Garcia,New York,New York,10001,US,40.68833,-74.19225,standard,3396.71,2025-10-06T11:00:00Z
1513,jordan.taylor1513@example.edu,Jordan,Taylor,Dallas,Texas,75201,US,32.50639,-96.63152,standard,3558.58,2026-01-31T19:00:00Z
1514,liam.kim1514@example.edu,Liam,Kim,Boston,Massachusetts,02108,US,42.19304,-71.39242,standard,3499.22,2026-03-30T22:00:00Z
1515,elena.johnson1515@example.edu,Elena,Johnson,Los Angeles,California,90001,US,33.74042,-118.49349,preferred,11510.89,2025-11-15T04:00:00Z
1516,andre.garcia1516@example.edu,Andre,Garcia,Miami,Florida,33101,US,26.10619,-79.97740,new,1105.63,2025-12-26T18:00:00Z
1517,kai.chen1517@example.edu,Kai,Chen,Seattle,Washington,98101,US,47.89575,-122.39481,standard,3981.50,2026-03-08T08:00:00Z
1518,james.jackson1518@example.edu,James,Jackson,Denver,Colorado,80202,US,40.01119,-104.80236,standard,1110.38,2025-12-02T02:00:00Z
1519,isabella.wilson1519@example.edu,Isabella,Wilson,Boston,Massachusetts,02108,US,42.54155,-71.04477,preferred,9791.07,2026-02-03T21:00:00Z
1520,leah.johnson1520@example.edu,Leah,Johnson,Miami,Florida,33101,US,25.67269,-80.38492,standard,1571.69,2026-01-21T07:00:00Z
1521,noah.ahmed1521@example.edu,Noah,Ahmed,Portland,Oregon,97205,US,45.77427,-122.63903,standard,2814.25,2025-12-02T08:00:00Z
1522,elena.jackson1522@example.edu,Elena,Jackson,Portland,Oregon,97205,US,45.24490,-122.97617,new,716.52,2025-10-08T12:00:00Z
1523,liam.nguyen1523@example.edu,Liam,Nguyen,Denver,Colorado,80202,US,40.07830,-105.09950,preferred,9473.57,2026-03-31T21:00:00Z
1524,sofia.brown1524@example.edu,Sofia,Brown,Denver,Colorado,80202,US,39.55258,-105.09015,standard,1445.63,2026-02-15T00:00:00Z
1525,amara.singh1525@example.edu,Amara,Singh,Chicago,Illinois,60601,US,41.62193,-87.41404,standard,1582.09,2026-02-12T06:00:00Z
1526,ethan.moore1526@example.edu,Ethan,Moore,Miami,Florida,33101,US,25.99464,-79.94300,standard,1471.95,2026-02-19T13:00:00Z
1527,amara.williams1527@example.edu,Amara,Williams,Atlanta,Georgia,30303,US,33.94530,-84.41143,standard,1766.45,2025-12-22T11:00:00Z
1528,andre.singh1528@example.edu,Andre,Singh,Los Angeles,California,90001,US,33.97797,-117.91638,new,1722.68,2025-10-06T05:00:00Z
1529,diego.lopez1529@example.edu,Diego,Lopez,San Francisco,California,94102,US,37.83507,-122.28369,vip,12338.40,2025-11-21T05:00:00Z
1530,mateo.ahmed1530@example.edu,Mateo,Ahmed,Dallas,Texas,75201,US,32.69298,-96.53546,standard,3719.07,2026-03-29T05:00:00Z
1531,isabella.kim1531@example.edu,Isabella,Kim,New York,New York,10001,US,40.63970,-74.02793,preferred,6119.79,2025-12-24T04:00:00Z
1532,jordan.nguyen1532@example.edu,Jordan,Nguyen,Phoenix,Arizona,85004,US,33.56934,-111.92472,vip,44416.88,2026-01-28T05:00:00Z
1533,andre.lopez1533@example.edu,Andre,Lopez,Portland,Oregon,97205,US,45.26035,-122.34600,new,121.04,2026-01-12T10:00:00Z
1534,grace.kim1534@example.edu,Grace,Kim,Chicago,Illinois,60601,US,41.95670,-87.91910,standard,2841.70,2026-03-24T09:00:00Z
1535,leah.patel1535@example.edu,Leah,Patel,Los Angeles,California,90001,US,34.29044,-118.10301,standard,3175.14,2025-10-08T11:00:00Z
1536,mei.williams1536@example.edu,Mei,Williams,Chicago,Illinois,60601,US,41.73304,-87.79281,preferred,6883.22,2025-12-31T20:00:00Z
1537,jordan.singh1537@example.edu,Jordan,Singh,Atlanta,Georgia,30303,US,33.51978,-84.08048,new,487.33,2025-12-13T06:00:00Z
1538,diego.taylor1538@example.edu,Diego,Taylor,Chicago,Illinois,60601,US,41.55695,-87.41353,preferred,8497.26,2026-03-01T00:00:00Z
1539,leah.lopez1539@example.edu,Leah,Lopez,Chicago,Illinois,60601,US,42.01841,-87.69792,standard,3404.89,2025-10-29T09:00:00Z
1540,james.ahmed1540@example.edu,James,Ahmed,Los Angeles,California,90001,US,33.85636,-118.58594,standard,3435.90,2025-11-15T03:00:00Z
1541,james.nguyen1541@example.edu,James,Nguyen,Dallas,Texas,75201,US,32.90516,-96.59687,vip,42320.12,2026-01-02T14:00:00Z
1542,hana.garcia1542@example.edu,Hana,Garcia,Atlanta,Georgia,30303,US,33.66883,-84.56659,preferred,9979.61,2026-01-07T03:00:00Z
1543,amara.williams1543@example.edu,Amara,Williams,Portland,Oregon,97205,US,45.80903,-122.69572,vip,10144.30,2026-02-04T14:00:00Z
1544,amara.kim1544@example.edu,Amara,Kim,Seattle,Washington,98101,US,47.29012,-122.10483,standard,2484.12,2025-11-01T04:00:00Z
1545,fatima.thomas1545@example.edu,Fatima,Thomas,Chicago,Illinois,60601,US,41.53811,-87.55003,vip,49920.36,2025-12-26T08:00:00Z
1546,noah.anderson1546@example.edu,Noah,Anderson,Phoenix,Arizona,85004,US,33.12402,-112.15908,new,1666.78,2025-12-18T06:00:00Z
1547,kai.patel1547@example.edu,Kai,Patel,Chicago,Illinois,60601,US,41.84861,-87.96520,new,1730.51,2026-01-30T14:00:00Z
1548,nia.davis1548@example.edu,Nia,Davis,Seattle,Washington,98101,US,47.46133,-122.57447,vip,34158.28,2026-01-03T01:00:00Z
1549,diego.patel1549@example.edu,Diego,Patel,Houston,Texas,77002,US,29.60858,-95.33667,preferred,9667.86,2026-01-24T12:00:00Z
1550,liam.moore1550@example.edu,Liam,Moore,New York,New York,10001,US,40.71302,-74.24954,new,161.78,2026-01-12T09:00:00Z
1551,hana.taylor1551@example.edu,Hana,Taylor,Houston,Texas,77002,US,29.48200,-95.66408,new,163.12,2026-01-23T11:00:00Z
1552,mei.kim1552@example.edu,Mei,Kim,New York,New York,10001,US,41.03339,-74.33099,new,1203.44,2026-01-17T13:00:00Z
1553,nia.singh1553@example.edu,Nia,Singh,Denver,Colorado,80202,US,39.47323,-105.23477,new,643.33,2025-10-24T17:00:00Z
1554,marcus.patel1554@example.edu,Marcus,Patel,Phoenix,Arizona,85004,US,33.54037,-111.81159,new,984.76,2025-12-10T14:00:00Z
1555,priya.rivera1555@example.edu,Priya,Rivera,Houston,Texas,77002,US,29.75073,-95.29373,standard,1129.62,2025-10-15T14:00:00Z
1556,jordan.chen1556@example.edu,Jordan,Chen,Los Angeles,California,90001,US,33.72902,-118.01730,standard,3984.31,2026-01-12T09:00:00Z
1557,elena.anderson1557@example.edu,Elena,Anderson,Miami,Florida,33101,US,25.57806,-80.39107,new,1486.70,2025-10-21T00:00:00Z
1558,sofia.davis1558@example.edu,Sofia,Davis,Atlanta,Georgia,30303,US,34.03334,-84.44713,preferred,10313.52,2025-12-25T15:00:00Z
1559,jordan.martinez1559@example.edu,Jordan,Martinez,Dallas,Texas,75201,US,32.58385,-97.03033,standard,2301.29,2026-03-05T14:00:00Z
1560,grace.jackson1560@example.edu,Grace,Jackson,San Francisco,California,94102,US,37.50938,-122.26087,preferred,11666.64,2025-10-30T06:00:00Z
1561,kai.kim1561@example.edu,Kai,Kim,Atlanta,Georgia,30303,US,33.86056,-84.34222,new,1276.27,2025-11-05T23:00:00Z
1562,noah.kim1562@example.edu,Noah,Kim,Phoenix,Arizona,85004,US,33.65730,-111.98737,new,1335.70,2025-10-12T19:00:00Z
1563,fatima.singh1563@example.edu,Fatima,Singh,Phoenix,Arizona,85004,US,33.48408,-112.34691,vip,18677.96,2026-01-31T04:00:00Z
1564,ava.martinez1564@example.edu,Ava,Martinez,Denver,Colorado,80202,US,39.78019,-105.13683,standard,1161.15,2025-12-07T17:00:00Z
1565,liam.ahmed1565@example.edu,Liam,Ahmed,Houston,Texas,77002,US,29.81814,-95.04726,standard,864.65,2025-10-26T11:00:00Z
1566,amara.wilson1566@example.edu,Amara,Wilson,Boston,Massachusetts,02108,US,42.39483,-71.40840,preferred,6420.42,2026-01-28T23:00:00Z
1567,nia.johnson1567@example.edu,Nia,Johnson,Atlanta,Georgia,30303,US,33.90670,-84.10060,standard,4281.87,2026-01-30T01:00:00Z
1568,elena.johnson1568@example.edu,Elena,Johnson,Los Angeles,California,90001,US,33.90131,-117.95963,standard,839.55,2025-11-29T03:00:00Z
1569,elena.davis1569@example.edu,Elena,Davis,Dallas,Texas,75201,US,32.80955,-97.06997,new,958.79,2026-02-10T17:00:00Z
1570,fatima.davis1570@example.edu,Fatima,Davis,Seattle,Washington,98101,US,47.91357,-122.57257,new,767.60,2026-01-17T22:00:00Z
1571,marcus.rivera1571@example.edu,Marcus,Rivera,Los Angeles,California,90001,US,33.73482,-117.98150,vip,22839.02,2026-02-08T08:00:00Z
1572,amara.martinez1572@example.edu,Amara,Martinez,San Francisco,California,94102,US,37.47134,-122.08180,standard,2470.66,2025-10-31T05:00:00Z
1573,kai.wilson1573@example.edu,Kai,Wilson,Philadelphia,Pennsylvania,19104,US,40.16418,-75.45399,new,545.90,2025-11-08T00:00:00Z
1574,priya.johnson1574@example.edu,Priya,Johnson,Dallas,Texas,75201,US,32.87098,-96.62543,vip,43905.78,2026-01-26T01:00:00Z
1575,mateo.garcia1575@example.edu,Mateo,Garcia,Philadelphia,Pennsylvania,19104,US,39.82811,-75.15528,standard,3644.70,2025-12-11T05:00:00Z
1576,leah.wilson1576@example.edu,Leah,Wilson,Seattle,Washington,98101,US,47.82600,-122.51837,standard,4419.30,2026-03-07T10:00:00Z
1577,marcus.chen1577@example.edu,Marcus,Chen,Miami,Florida,33101,US,25.82607,-80.20155,standard,3410.57,2025-10-31T07:00:00Z
1578,nia.jackson1578@example.edu,Nia,Jackson,Houston,Texas,77002,US,29.82320,-95.32101,new,1661.50,2026-01-31T08:00:00Z
1579,nia.ahmed1579@example.edu,Nia,Ahmed,San Francisco,California,94102,US,37.94551,-122.22541,preferred,4072.51,2025-11-17T03:00:00Z
1580,nia.wilson1580@example.edu,Nia,Wilson,Boston,Massachusetts,02108,US,42.03211,-70.80436,preferred,4281.76,2025-12-08T15:00:00Z
1581,jordan.moore1581@example.edu,Jordan,Moore,Dallas,Texas,75201,US,32.70429,-96.73484,preferred,5645.65,2025-11-30T01:00:00Z
1582,hana.martinez1582@example.edu,Hana,Martinez,Miami,Florida,33101,US,25.50290,-80.21280,standard,882.20,2025-11-17T05:00:00Z
1583,maya.wilson1583@example.edu,Maya,Wilson,Chicago,Illinois,60601,US,41.67621,-87.50642,standard,4042.98,2026-02-17T13:00:00Z
1584,kai.moore1584@example.edu,Kai,Moore,Chicago,Illinois,60601,US,42.00619,-87.71917,standard,2398.38,2025-10-22T23:00:00Z
1585,andre.martinez1585@example.edu,Andre,Martinez,Dallas,Texas,75201,US,32.97253,-96.46334,standard,3932.45,2026-03-03T23:00:00Z
1586,jordan.johnson1586@example.edu,Jordan,Johnson,Philadelphia,Pennsylvania,19104,US,40.18934,-74.83240,standard,1625.88,2025-10-12T18:00:00Z
1587,fatima.anderson1587@example.edu,Fatima,Anderson,Houston,Texas,77002,US,29.65093,-95.30531,standard,1227.82,2025-12-04T18:00:00Z
1588,noah.nguyen1588@example.edu,Noah,Nguyen,Dallas,Texas,75201,US,32.82825,-96.53063,standard,945.67,2025-10-14T04:00:00Z
1589,noah.lopez1589@example.edu,Noah,Lopez,Atlanta,Georgia,30303,US,34.01851,-84.46803,standard,893.76,2025-10-23T10:00:00Z
1590,andre.williams1590@example.edu,Andre,Williams,New York,New York,10001,US,40.39674,-73.75321,vip,27932.88,2026-01-12T22:00:00Z
1591,owen.anderson1591@example.edu,Owen,Anderson,Boston,Massachusetts,02108,US,42.05673,-71.25934,new,1677.56,2026-03-29T03:00:00Z
1592,nia.nguyen1592@example.edu,Nia,Nguyen,Portland,Oregon,97205,US,45.30244,-122.68137,standard,1147.93,2025-12-14T21:00:00Z
1593,liam.chen1593@example.edu,Liam,Chen,Philadelphia,Pennsylvania,19104,US,40.24895,-75.35490,new,905.52,2026-02-20T02:00:00Z
1594,elena.johnson1594@example.edu,Elena,Johnson,Atlanta,Georgia,30303,US,33.65288,-84.06634,standard,2241.71,2025-10-31T04:00:00Z
1595,james.patel1595@example.edu,James,Patel,Atlanta,Georgia,30303,US,33.69016,-84.10216,new,1510.45,2026-03-06T16:00:00Z
1596,isabella.kim1596@example.edu,Isabella,Kim,Dallas,Texas,75201,US,32.88032,-96.70289,preferred,11287.04,2025-11-09T14:00:00Z
1597,sofia.thomas1597@example.edu,Sofia,Thomas,Boston,Massachusetts,02108,US,42.56689,-71.33802,preferred,3818.57,2026-01-05T20:00:00Z
1598,maya.patel1598@example.edu,Maya,Patel,Dallas,Texas,75201,US,32.80837,-96.97085,vip,44910.31,2025-10-16T17:00:00Z
1599,fatima.wilson1599@example.edu,Fatima,Wilson,Portland,Oregon,97205,US,45.60552,-122.46112,standard,991.85,2026-03-25T08:00:00Z
1600,mateo.ahmed1600@example.edu,Mateo,Ahmed,Dallas,Texas,75201,US,32.56417,-96.82386,standard,1323.53,2026-03-30T07:00:00Z
1601,noah.singh1601@example.edu,Noah,Singh,Boston,Massachusetts,02108,US,42.51972,-70.92540,new,80.62,2025-11-15T04:00:00Z
1602,noah.williams1602@example.edu,Noah,Williams,Dallas,Texas,75201,US,32.45178,-96.57266,preferred,7609.77,2025-12-05T17:00:00Z
1603,ava.garcia1603@example.edu,Ava,Garcia,New York,New York,10001,US,40.46705,-74.34901,standard,2504.27,2025-12-27T19:00:00Z
1604,diego.garcia1604@example.edu,Diego,Garcia,San Francisco,California,94102,US,37.79514,-122.23528,new,1133.55,2025-11-03T16:00:00Z
1605,isabella.patel1605@example.edu,Isabella,Patel,Miami,Florida,33101,US,25.88702,-80.45782,preferred,4402.85,2026-02-14T19:00:00Z
1606,owen.lopez1606@example.edu,Owen,Lopez,Miami,Florida,33101,US,25.95107,-80.46635,vip,44661.87,2026-02-12T07:00:00Z
1607,ava.davis1607@example.edu,Ava,Davis,Atlanta,Georgia,30303,US,34.04877,-84.72068,new,294.11,2025-12-16T09:00:00Z
1608,maya.garcia1608@example.edu,Maya,Garcia,Dallas,Texas,75201,US,33.00768,-97.00007,vip,26898.90,2025-10-05T22:00:00Z
1609,nia.martinez1609@example.edu,Nia,Martinez,Seattle,Washington,98101,US,47.93213,-122.66746,standard,3725.46,2025-10-15T10:00:00Z
1610,owen.patel1610@example.edu,Owen,Patel,Philadelphia,Pennsylvania,19104,US,40.07235,-74.91390,standard,2531.95,2026-03-06T16:00:00Z
1611,sofia.ahmed1611@example.edu,Sofia,Ahmed,New York,New York,10001,US,40.71874,-74.22866,standard,2446.31,2025-10-20T16:00:00Z
1612,marcus.nguyen1612@example.edu,Marcus,Nguyen,Portland,Oregon,97205,US,45.80159,-122.39831,new,1157.58,2025-12-13T16:00:00Z
1613,kai.nguyen1613@example.edu,Kai,Nguyen,San Francisco,California,94102,US,37.69132,-122.30734,standard,2713.38,2026-02-05T10:00:00Z
1614,noah.kim1614@example.edu,Noah,Kim,Miami,Florida,33101,US,25.72656,-80.20777,vip,31105.49,2025-11-25T15:00:00Z
1615,maya.martinez1615@example.edu,Maya,Martinez,Seattle,Washington,98101,US,47.34437,-122.14533,standard,3879.94,2026-01-26T04:00:00Z
1616,diego.taylor1616@example.edu,Diego,Taylor,Houston,Texas,77002,US,29.77381,-95.17318,new,1588.67,2026-03-07T08:00:00Z
1617,fatima.brown1617@example.edu,Fatima,Brown,Houston,Texas,77002,US,29.66210,-95.29157,vip,32419.76,2025-10-30T22:00:00Z
1618,marcus.rivera1618@example.edu,Marcus,Rivera,Los Angeles,California,90001,US,33.94697,-118.48957,standard,834.07,2026-01-02T08:00:00Z
1619,elena.jackson1619@example.edu,Elena,Jackson,Miami,Florida,33101,US,25.68367,-79.84245,new,151.30,2025-12-01T09:00:00Z
1620,maya.ahmed1620@example.edu,Maya,Ahmed,Dallas,Texas,75201,US,32.98176,-96.58452,preferred,2530.69,2025-10-09T12:00:00Z
1621,james.williams1621@example.edu,James,Williams,Miami,Florida,33101,US,25.69210,-80.37391,standard,3626.91,2025-11-10T11:00:00Z
1622,nia.johnson1622@example.edu,Nia,Johnson,Philadelphia,Pennsylvania,19104,US,39.85324,-75.37174,standard,530.15,2026-01-15T14:00:00Z
1623,mei.jackson1623@example.edu,Mei,Jackson,Boston,Massachusetts,02108,US,42.28580,-70.98993,new,1585.21,2026-01-07T20:00:00Z
1624,mateo.martinez1624@example.edu,Mateo,Martinez,San Francisco,California,94102,US,37.70020,-122.40532,preferred,3295.05,2026-03-11T18:00:00Z
1625,owen.martinez1625@example.edu,Owen,Martinez,Portland,Oregon,97205,US,45.41643,-122.64567,new,172.47,2025-12-15T13:00:00Z
1626,maya.garcia1626@example.edu,Maya,Garcia,Boston,Massachusetts,02108,US,42.64398,-71.03475,standard,2486.60,2026-02-12T21:00:00Z
1627,elena.davis1627@example.edu,Elena,Davis,San Francisco,California,94102,US,37.82711,-122.63278,new,1755.32,2025-11-26T13:00:00Z
1628,james.chen1628@example.edu,James,Chen,Phoenix,Arizona,85004,US,33.22376,-112.38267,preferred,11462.61,2025-11-24T17:00:00Z
1629,leah.wilson1629@example.edu,Leah,Wilson,Miami,Florida,33101,US,25.85622,-80.17416,new,351.45,2025-12-12T11:00:00Z
1630,marcus.wilson1630@example.edu,Marcus,Wilson,Boston,Massachusetts,02108,US,42.51933,-71.05458,preferred,3687.82,2026-02-26T11:00:00Z
1631,mei.johnson1631@example.edu,Mei,Johnson,Houston,Texas,77002,US,29.88247,-95.30176,standard,4272.77,2026-02-23T23:00:00Z
1632,diego.martinez1632@example.edu,Diego,Martinez,Atlanta,Georgia,30303,US,33.63450,-84.42252,new,431.53,2025-11-26T17:00:00Z
1633,andre.anderson1633@example.edu,Andre,Anderson,Portland,Oregon,97205,US,45.25644,-122.73282,standard,2387.84,2026-03-08T18:00:00Z
1634,fatima.taylor1634@example.edu,Fatima,Taylor,New York,New York,10001,US,40.38437,-73.83798,preferred,7039.99,2025-10-10T07:00:00Z
1635,maya.wilson1635@example.edu,Maya,Wilson,Miami,Florida,33101,US,25.76292,-79.98770,preferred,3810.64,2025-11-30T07:00:00Z
1636,amara.moore1636@example.edu,Amara,Moore,Atlanta,Georgia,30303,US,33.50276,-84.68391,standard,2899.29,2025-12-15T07:00:00Z
1637,isabella.wilson1637@example.edu,Isabella,Wilson,New York,New York,10001,US,40.81626,-74.05411,preferred,9044.21,2025-11-30T09:00:00Z
1638,ethan.garcia1638@example.edu,Ethan,Garcia,San Francisco,California,94102,US,38.06410,-122.62222,new,1660.04,2025-12-24T00:00:00Z
1639,marcus.taylor1639@example.edu,Marcus,Taylor,San Francisco,California,94102,US,37.99633,-122.47777,new,957.80,2025-12-24T05:00:00Z
1640,nia.martinez1640@example.edu,Nia,Martinez,Dallas,Texas,75201,US,32.64501,-96.93236,standard,1317.93,2026-03-06T00:00:00Z
1641,andre.jackson1641@example.edu,Andre,Jackson,Denver,Colorado,80202,US,39.96025,-105.19686,vip,16349.95,2025-10-03T20:00:00Z
1642,noah.garcia1642@example.edu,Noah,Garcia,Houston,Texas,77002,US,29.83042,-95.34102,new,585.66,2025-11-14T17:00:00Z
1643,ethan.wilson1643@example.edu,Ethan,Wilson,Atlanta,Georgia,30303,US,33.70245,-84.16108,preferred,4703.35,2026-01-30T14:00:00Z
1644,elena.davis1644@example.edu,Elena,Davis,Chicago,Illinois,60601,US,41.93728,-87.47596,standard,2837.31,2026-02-04T11:00:00Z
1645,mei.taylor1645@example.edu,Mei,Taylor,Portland,Oregon,97205,US,45.66789,-122.80894,preferred,9597.36,2025-10-19T05:00:00Z
1646,mateo.chen1646@example.edu,Mateo,Chen,Portland,Oregon,97205,US,45.58623,-122.83035,new,677.58,2026-03-22T14:00:00Z
1647,hana.chen1647@example.edu,Hana,Chen,Boston,Massachusetts,02108,US,42.64464,-70.76849,standard,1064.86,2025-10-30T08:00:00Z
1648,ava.lopez1648@example.edu,Ava,Lopez,Houston,Texas,77002,US,30.10673,-95.34401,standard,3589.46,2026-03-11T04:00:00Z
1649,nia.taylor1649@example.edu,Nia,Taylor,Houston,Texas,77002,US,29.79066,-95.03358,standard,1575.15,2026-02-10T12:00:00Z
1650,kai.anderson1650@example.edu,Kai,Anderson,Chicago,Illinois,60601,US,41.80555,-87.65886,standard,3178.45,2026-03-26T23:00:00Z
1651,hana.lopez1651@example.edu,Hana,Lopez,Houston,Texas,77002,US,29.57823,-95.53598,preferred,2817.93,2026-03-16T08:00:00Z
1652,kai.davis1652@example.edu,Kai,Davis,Dallas,Texas,75201,US,33.00276,-96.79193,new,159.13,2025-10-25T09:00:00Z
1653,isabella.johnson1653@example.edu,Isabella,Johnson,Miami,Florida,33101,US,25.46321,-79.93568,standard,3815.75,2025-11-02T01:00:00Z
1654,diego.martinez1654@example.edu,Diego,Martinez,Phoenix,Arizona,85004,US,33.23325,-111.93093,standard,4324.33,2025-11-25T19:00:00Z
1655,marcus.taylor1655@example.edu,Marcus,Taylor,Philadelphia,Pennsylvania,19104,US,40.18941,-75.25577,standard,794.01,2026-03-28T06:00:00Z
1656,liam.garcia1656@example.edu,Liam,Garcia,Denver,Colorado,80202,US,39.83793,-104.94924,preferred,7772.93,2026-02-23T23:00:00Z
1657,liam.ahmed1657@example.edu,Liam,Ahmed,San Francisco,California,94102,US,38.00331,-122.65716,standard,1211.42,2025-11-03T12:00:00Z
1658,james.lopez1658@example.edu,James,Lopez,Seattle,Washington,98101,US,47.77893,-122.02431,vip,23899.95,2025-12-15T07:00:00Z
1659,ethan.thomas1659@example.edu,Ethan,Thomas,Chicago,Illinois,60601,US,41.65188,-87.69350,standard,2240.37,2025-11-07T18:00:00Z
1660,maya.ahmed1660@example.edu,Maya,Ahmed,Phoenix,Arizona,85004,US,33.19557,-111.90442,preferred,10292.54,2026-03-02T07:00:00Z
1661,ava.kim1661@example.edu,Ava,Kim,Atlanta,Georgia,30303,US,33.49546,-84.56567,vip,21609.17,2025-12-01T03:00:00Z
1662,grace.wilson1662@example.edu,Grace,Wilson,Boston,Massachusetts,02108,US,42.07057,-71.10184,vip,24408.30,2025-12-17T12:00:00Z
1663,nia.johnson1663@example.edu,Nia,Johnson,San Francisco,California,94102,US,37.96341,-122.57164,standard,4434.30,2025-11-17T15:00:00Z
1664,isabella.chen1664@example.edu,Isabella,Chen,Denver,Colorado,80202,US,39.83823,-105.30818,new,678.92,2025-10-21T19:00:00Z
1665,grace.martinez1665@example.edu,Grace,Martinez,Boston,Massachusetts,02108,US,42.26576,-71.18860,new,1301.77,2025-12-05T13:00:00Z
1666,diego.wilson1666@example.edu,Diego,Wilson,New York,New York,10001,US,40.53184,-74.04753,standard,2082.82,2025-11-24T08:00:00Z
1667,elena.johnson1667@example.edu,Elena,Johnson,Phoenix,Arizona,85004,US,33.29340,-111.83698,vip,18709.63,2025-12-11T11:00:00Z
1668,owen.kim1668@example.edu,Owen,Kim,San Francisco,California,94102,US,37.92416,-122.29892,standard,3931.22,2026-01-04T06:00:00Z
1669,nia.taylor1669@example.edu,Nia,Taylor,Houston,Texas,77002,US,29.64020,-95.71423,vip,35167.55,2026-01-12T13:00:00Z
1670,isabella.lopez1670@example.edu,Isabella,Lopez,Chicago,Illinois,60601,US,41.61329,-87.80390,new,1445.22,2025-12-31T23:00:00Z
1671,owen.ahmed1671@example.edu,Owen,Ahmed,Atlanta,Georgia,30303,US,33.44782,-84.30072,standard,3509.78,2025-11-28T19:00:00Z
1672,mei.garcia1672@example.edu,Mei,Garcia,Houston,Texas,77002,US,30.05051,-95.52045,standard,1423.15,2025-11-29T00:00:00Z
1673,marcus.brown1673@example.edu,Marcus,Brown,Dallas,Texas,75201,US,33.09768,-96.92153,preferred,6333.20,2026-03-09T03:00:00Z
1674,liam.anderson1674@example.edu,Liam,Anderson,Miami,Florida,33101,US,25.47130,-80.00843,new,865.76,2025-12-21T13:00:00Z
1675,kai.davis1675@example.edu,Kai,Davis,Los Angeles,California,90001,US,33.97650,-118.09333,standard,988.33,2025-12-30T15:00:00Z
1676,noah.moore1676@example.edu,Noah,Moore,Houston,Texas,77002,US,29.82002,-95.58609,standard,3671.34,2026-01-25T18:00:00Z
1677,ava.lopez1677@example.edu,Ava,Lopez,Houston,Texas,77002,US,29.78084,-95.51225,standard,3187.42,2025-12-13T15:00:00Z
1678,fatima.patel1678@example.edu,Fatima,Patel,Miami,Florida,33101,US,25.80214,-80.24018,standard,1672.55,2025-12-18T18:00:00Z
1679,noah.singh1679@example.edu,Noah,Singh,Boston,Massachusetts,02108,US,42.10515,-70.75629,standard,3777.98,2026-03-15T23:00:00Z
1680,james.rivera1680@example.edu,James,Rivera,Houston,Texas,77002,US,30.09661,-95.28891,preferred,3256.12,2025-10-16T06:00:00Z
1681,james.moore1681@example.edu,James,Moore,Phoenix,Arizona,85004,US,33.67690,-111.83389,preferred,8120.22,2026-01-15T03:00:00Z
1682,mateo.thomas1682@example.edu,Mateo,Thomas,Philadelphia,Pennsylvania,19104,US,40.21580,-75.34122,new,1516.97,2026-03-21T22:00:00Z
1683,noah.brown1683@example.edu,Noah,Brown,San Francisco,California,94102,US,38.03942,-122.41217,new,1166.97,2026-02-22T23:00:00Z
1684,jordan.anderson1684@example.edu,Jordan,Anderson,Houston,Texas,77002,US,29.64265,-95.53492,standard,731.60,2026-03-06T09:00:00Z
1685,sofia.chen1685@example.edu,Sofia,Chen,Phoenix,Arizona,85004,US,33.38557,-111.94468,standard,3220.95,2026-03-22T06:00:00Z
1686,fatima.wilson1686@example.edu,Fatima,Wilson,Boston,Massachusetts,02108,US,42.16080,-71.27954,preferred,10077.30,2026-03-30T10:00:00Z
1687,noah.williams1687@example.edu,Noah,Williams,San Francisco,California,94102,US,38.09150,-122.08977,new,330.54,2025-10-08T07:00:00Z
1688,james.jackson1688@example.edu,James,Jackson,Boston,Massachusetts,02108,US,42.34766,-71.08422,new,826.79,2025-12-06T18:00:00Z
1689,mei.singh1689@example.edu,Mei,Singh,Los Angeles,California,90001,US,33.75434,-118.54531,preferred,4950.77,2026-01-19T19:00:00Z
1690,isabella.moore1690@example.edu,Isabella,Moore,Houston,Texas,77002,US,29.56675,-95.70457,standard,1949.17,2025-10-25T07:00:00Z
1691,noah.brown1691@example.edu,Noah,Brown,Boston,Massachusetts,02108,US,42.58275,-71.21106,vip,32241.57,2026-01-20T07:00:00Z
1692,kai.johnson1692@example.edu,Kai,Johnson,Atlanta,Georgia,30303,US,33.49385,-84.53341,standard,1313.17,2026-01-20T16:00:00Z
1693,hana.taylor1693@example.edu,Hana,Taylor,Boston,Massachusetts,02108,US,42.27405,-70.91320,new,1039.54,2025-11-11T17:00:00Z
1694,james.johnson1694@example.edu,James,Johnson,Denver,Colorado,80202,US,39.66261,-104.90333,new,713.12,2026-02-20T09:00:00Z
1695,grace.garcia1695@example.edu,Grace,Garcia,Denver,Colorado,80202,US,39.54884,-105.08003,standard,3034.76,2025-12-21T22:00:00Z
1696,noah.jackson1696@example.edu,Noah,Jackson,New York,New York,10001,US,40.40112,-73.70149,preferred,2710.43,2026-03-17T15:00:00Z
1697,leah.wilson1697@example.edu,Leah,Wilson,San Francisco,California,94102,US,37.82168,-122.68571,preferred,7559.75,2025-10-18T04:00:00Z
1698,leah.martinez1698@example.edu,Leah,Martinez,Dallas,Texas,75201,US,32.58742,-96.85215,new,176.42,2025-11-04T04:00:00Z
1699,elena.wilson1699@example.edu,Elena,Wilson,Seattle,Washington,98101,US,47.88562,-122.63441,preferred,4467.84,2026-03-04T09:00:00Z
1700,priya.johnson1700@example.edu,Priya,Johnson,Houston,Texas,77002,US,29.56020,-95.67195,preferred,10013.77,2025-11-04T04:00:00Z
1701,nia.brown1701@example.edu,Nia,Brown,Boston,Massachusetts,02108,US,42.28533,-71.27324,standard,583.48,2025-12-15T13:00:00Z
1702,amara.wilson1702@example.edu,Amara,Wilson,Seattle,Washington,98101,US,47.86823,-122.17442,preferred,5066.24,2026-03-18T18:00:00Z
1703,ava.nguyen1703@example.edu,Ava,Nguyen,Phoenix,Arizona,85004,US,33.69571,-112.33685,standard,1801.02,2025-11-04T19:00:00Z
1704,priya.wilson1704@example.edu,Priya,Wilson,Miami,Florida,33101,US,25.91188,-80.06791,standard,1012.34,2025-12-17T05:00:00Z
1705,jordan.singh1705@example.edu,Jordan,Singh,Boston,Massachusetts,02108,US,42.40520,-70.74348,new,544.15,2025-12-10T10:00:00Z
1706,hana.davis1706@example.edu,Hana,Davis,Seattle,Washington,98101,US,47.87083,-122.15613,preferred,6554.84,2026-01-29T13:00:00Z
1707,liam.thomas1707@example.edu,Liam,Thomas,Phoenix,Arizona,85004,US,33.79797,-111.96337,preferred,10256.76,2025-10-17T08:00:00Z
1708,jordan.thomas1708@example.edu,Jordan,Thomas,Houston,Texas,77002,US,29.48393,-95.67435,vip,42930.18,2025-12-15T19:00:00Z
1709,noah.taylor1709@example.edu,Noah,Taylor,San Francisco,California,94102,US,37.70557,-122.19646,new,186.28,2025-12-27T06:00:00Z
1710,jordan.nguyen1710@example.edu,Jordan,Nguyen,Dallas,Texas,75201,US,32.94963,-96.60720,preferred,10789.38,2026-02-22T09:00:00Z
1711,mei.martinez1711@example.edu,Mei,Martinez,Phoenix,Arizona,85004,US,33.30208,-111.84653,new,1017.16,2025-11-16T06:00:00Z
1712,jordan.garcia1712@example.edu,Jordan,Garcia,Boston,Massachusetts,02108,US,42.10667,-71.01675,standard,3986.29,2025-12-02T15:00:00Z
1713,amara.wilson1713@example.edu,Amara,Wilson,New York,New York,10001,US,40.75236,-73.68060,vip,30222.11,2025-11-09T22:00:00Z
1714,elena.patel1714@example.edu,Elena,Patel,Boston,Massachusetts,02108,US,42.43421,-71.28613,standard,3883.55,2026-02-11T16:00:00Z
1715,marcus.nguyen1715@example.edu,Marcus,Nguyen,New York,New York,10001,US,40.73017,-74.18115,standard,1400.26,2025-11-30T18:00:00Z
1716,jordan.brown1716@example.edu,Jordan,Brown,Philadelphia,Pennsylvania,19104,US,39.99271,-75.13540,new,1295.15,2026-01-26T04:00:00Z
1717,andre.kim1717@example.edu,Andre,Kim,San Francisco,California,94102,US,38.11470,-122.54003,standard,4084.01,2026-02-07T15:00:00Z
1718,andre.williams1718@example.edu,Andre,Williams,Houston,Texas,77002,US,29.80474,-95.34813,new,193.22,2025-11-26T08:00:00Z
1719,mei.martinez1719@example.edu,Mei,Martinez,Los Angeles,California,90001,US,34.34703,-118.05184,standard,893.98,2025-10-10T17:00:00Z
1720,noah.jackson1720@example.edu,Noah,Jackson,Phoenix,Arizona,85004,US,33.71998,-112.00231,standard,2371.66,2025-12-21T20:00:00Z
1721,ava.rivera1721@example.edu,Ava,Rivera,Los Angeles,California,90001,US,33.76092,-118.16842,standard,1407.04,2025-10-19T12:00:00Z
1722,nia.williams1722@example.edu,Nia,Williams,Miami,Florida,33101,US,25.95800,-80.26034,new,1003.48,2026-03-20T10:00:00Z
1723,priya.lopez1723@example.edu,Priya,Lopez,Dallas,Texas,75201,US,32.57513,-96.83744,standard,1215.26,2025-12-28T12:00:00Z
1724,ava.chen1724@example.edu,Ava,Chen,Philadelphia,Pennsylvania,19104,US,39.70965,-74.83934,standard,4199.87,2025-10-04T13:00:00Z
1725,nia.johnson1725@example.edu,Nia,Johnson,Houston,Texas,77002,US,30.01875,-95.23296,preferred,4058.64,2025-11-07T12:00:00Z
1726,priya.chen1726@example.edu,Priya,Chen,Chicago,Illinois,60601,US,41.65267,-87.95729,new,890.06,2025-12-11T17:00:00Z
1727,noah.thomas1727@example.edu,Noah,Thomas,Dallas,Texas,75201,US,32.76812,-96.65550,preferred,10625.68,2026-02-26T00:00:00Z
1728,andre.martinez1728@example.edu,Andre,Martinez,Boston,Massachusetts,02108,US,42.16555,-70.94171,standard,1542.82,2026-02-18T18:00:00Z
1729,hana.wilson1729@example.edu,Hana,Wilson,Seattle,Washington,98101,US,47.65366,-122.66215,new,517.40,2026-02-01T21:00:00Z
1730,liam.anderson1730@example.edu,Liam,Anderson,Miami,Florida,33101,US,25.75595,-80.02087,preferred,10456.63,2025-11-02T10:00:00Z
1731,andre.ahmed1731@example.edu,Andre,Ahmed,Seattle,Washington,98101,US,47.31656,-122.00439,vip,12257.85,2026-03-12T20:00:00Z
1732,sofia.wilson1732@example.edu,Sofia,Wilson,Houston,Texas,77002,US,29.61065,-95.53503,preferred,10009.17,2026-01-02T22:00:00Z
1733,noah.rivera1733@example.edu,Noah,Rivera,Portland,Oregon,97205,US,45.32577,-122.86659,vip,46360.87,2025-12-22T05:00:00Z
1734,andre.kim1734@example.edu,Andre,Kim,Denver,Colorado,80202,US,39.46476,-105.32043,preferred,5826.06,2026-01-22T11:00:00Z
1735,marcus.chen1735@example.edu,Marcus,Chen,San Francisco,California,94102,US,38.08418,-122.48626,new,1338.67,2025-11-14T06:00:00Z
1736,james.singh1736@example.edu,James,Singh,Phoenix,Arizona,85004,US,33.36610,-111.76281,standard,1188.16,2025-12-26T13:00:00Z
1737,owen.anderson1737@example.edu,Owen,Anderson,Houston,Texas,77002,US,29.93822,-95.49073,standard,3193.96,2025-12-29T17:00:00Z
1738,jordan.rivera1738@example.edu,Jordan,Rivera,San Francisco,California,94102,US,38.09550,-122.42498,new,811.24,2025-11-18T16:00:00Z
1739,marcus.williams1739@example.edu,Marcus,Williams,Chicago,Illinois,60601,US,42.20268,-87.46944,standard,776.95,2026-01-12T20:00:00Z
1740,noah.johnson1740@example.edu,Noah,Johnson,Philadelphia,Pennsylvania,19104,US,39.63066,-75.50655,preferred,6417.72,2025-10-06T15:00:00Z
1741,priya.patel1741@example.edu,Priya,Patel,Miami,Florida,33101,US,25.55577,-80.47842,standard,1441.77,2026-03-30T07:00:00Z
1742,liam.kim1742@example.edu,Liam,Kim,Dallas,Texas,75201,US,32.95743,-96.93682,standard,1296.59,2026-03-17T09:00:00Z
1743,jordan.davis1743@example.edu,Jordan,Davis,Portland,Oregon,97205,US,45.59099,-122.52119,preferred,11543.05,2026-01-21T09:00:00Z
1744,hana.moore1744@example.edu,Hana,Moore,Miami,Florida,33101,US,25.81172,-79.93891,standard,915.24,2026-02-16T21:00:00Z
1745,fatima.rivera1745@example.edu,Fatima,Rivera,Philadelphia,Pennsylvania,19104,US,40.24336,-74.94746,new,418.95,2026-02-26T12:00:00Z
1746,kai.ahmed1746@example.edu,Kai,Ahmed,Miami,Florida,33101,US,25.64900,-80.40052,new,1765.07,2025-12-31T18:00:00Z
1747,maya.nguyen1747@example.edu,Maya,Nguyen,Los Angeles,California,90001,US,34.05507,-118.04203,preferred,2760.08,2025-10-31T02:00:00Z
1748,nia.garcia1748@example.edu,Nia,Garcia,Portland,Oregon,97205,US,45.59967,-122.64463,standard,2686.36,2026-02-22T15:00:00Z
1749,nia.johnson1749@example.edu,Nia,Johnson,Boston,Massachusetts,02108,US,42.01482,-71.24217,new,1165.31,2025-11-25T16:00:00Z
1750,priya.nguyen1750@example.edu,Priya,Nguyen,Miami,Florida,33101,US,25.89089,-80.39340,preferred,11771.63,2025-12-28T03:00:00Z
1751,kai.ahmed1751@example.edu,Kai,Ahmed,Phoenix,Arizona,85004,US,33.55580,-112.33620,standard,3622.34,2025-11-01T06:00:00Z
1752,mateo.anderson1752@example.edu,Mateo,Anderson,Houston,Texas,77002,US,29.52509,-95.30726,preferred,10357.08,2026-01-12T08:00:00Z
1753,sofia.moore1753@example.edu,Sofia,Moore,Dallas,Texas,75201,US,33.10483,-96.78740,standard,3869.74,2025-11-02T23:00:00Z
1754,amara.singh1754@example.edu,Amara,Singh,Dallas,Texas,75201,US,32.49802,-97.01179,standard,1238.29,2026-01-01T11:00:00Z
1755,sofia.davis1755@example.edu,Sofia,Davis,San Francisco,California,94102,US,37.60459,-122.54144,vip,16014.65,2026-02-02T08:00:00Z
1756,mateo.taylor1756@example.edu,Mateo,Taylor,Atlanta,Georgia,30303,US,33.79967,-84.23246,standard,1353.34,2026-03-29T18:00:00Z
1757,nia.davis1757@example.edu,Nia,Davis,Los Angeles,California,90001,US,33.72272,-118.07087,preferred,9553.78,2025-12-14T11:00:00Z
1758,marcus.garcia1758@example.edu,Marcus,Garcia,Atlanta,Georgia,30303,US,33.42903,-84.56376,preferred,8805.76,2025-11-26T01:00:00Z
1759,noah.taylor1759@example.edu,Noah,Taylor,Atlanta,Georgia,30303,US,34.03410,-84.34902,vip,18536.69,2026-02-22T01:00:00Z
1760,mateo.taylor1760@example.edu,Mateo,Taylor,Houston,Texas,77002,US,29.50496,-95.29025,standard,2184.28,2025-12-01T04:00:00Z
1761,fatima.jackson1761@example.edu,Fatima,Jackson,Phoenix,Arizona,85004,US,33.37571,-111.94203,preferred,8868.71,2026-01-05T04:00:00Z
1762,kai.singh1762@example.edu,Kai,Singh,Atlanta,Georgia,30303,US,33.42310,-84.39611,preferred,10692.83,2025-12-23T10:00:00Z
1763,grace.patel1763@example.edu,Grace,Patel,Miami,Florida,33101,US,25.73211,-80.07897,preferred,3601.10,2025-10-24T12:00:00Z
1764,liam.kim1764@example.edu,Liam,Kim,Boston,Massachusetts,02108,US,42.02812,-70.92196,new,1081.68,2026-01-09T17:00:00Z
1765,mateo.thomas1765@example.edu,Mateo,Thomas,New York,New York,10001,US,41.03842,-74.15216,standard,2300.16,2026-02-19T12:00:00Z
1766,marcus.rivera1766@example.edu,Marcus,Rivera,Seattle,Washington,98101,US,47.49393,-122.41012,preferred,10500.52,2025-10-11T00:00:00Z
1767,mei.ahmed1767@example.edu,Mei,Ahmed,Portland,Oregon,97205,US,45.21423,-122.68395,standard,3111.39,2025-10-11T02:00:00Z
1768,noah.williams1768@example.edu,Noah,Williams,New York,New York,10001,US,40.96984,-74.02383,standard,507.37,2026-01-22T03:00:00Z
1769,james.lopez1769@example.edu,James,Lopez,Los Angeles,California,90001,US,34.07516,-118.14633,new,1374.32,2026-02-08T17:00:00Z
1770,sofia.williams1770@example.edu,Sofia,Williams,Boston,Massachusetts,02108,US,42.37276,-70.95570,new,1250.20,2025-11-15T16:00:00Z
1771,isabella.anderson1771@example.edu,Isabella,Anderson,Portland,Oregon,97205,US,45.76691,-122.56363,new,987.30,2025-12-26T19:00:00Z
1772,elena.moore1772@example.edu,Elena,Moore,Houston,Texas,77002,US,29.66526,-95.28376,new,831.32,2026-02-19T16:00:00Z
1773,hana.thomas1773@example.edu,Hana,Thomas,Phoenix,Arizona,85004,US,33.32859,-112.25822,preferred,3006.31,2025-10-04T20:00:00Z
1774,diego.kim1774@example.edu,Diego,Kim,Dallas,Texas,75201,US,32.74886,-96.49583,new,1252.06,2026-03-17T11:00:00Z
1775,diego.brown1775@example.edu,Diego,Brown,Houston,Texas,77002,US,29.59005,-95.11748,new,1746.89,2025-11-30T17:00:00Z
1776,fatima.anderson1776@example.edu,Fatima,Anderson,Boston,Massachusetts,02108,US,42.47490,-71.28899,new,1194.21,2026-02-19T14:00:00Z
1777,liam.singh1777@example.edu,Liam,Singh,New York,New York,10001,US,40.54715,-73.73444,vip,47988.47,2026-03-30T21:00:00Z
1778,priya.singh1778@example.edu,Priya,Singh,New York,New York,10001,US,40.64334,-74.00185,new,1337.10,2025-10-31T21:00:00Z
1779,ava.kim1779@example.edu,Ava,Kim,Houston,Texas,77002,US,29.69944,-95.11449,standard,856.48,2025-11-01T22:00:00Z
1780,nia.garcia1780@example.edu,Nia,Garcia,Seattle,Washington,98101,US,47.41294,-122.65272,vip,32301.93,2026-01-31T20:00:00Z
1781,noah.garcia1781@example.edu,Noah,Garcia,Portland,Oregon,97205,US,45.42416,-122.36391,standard,1452.93,2025-11-26T10:00:00Z
1782,isabella.williams1782@example.edu,Isabella,Williams,Chicago,Illinois,60601,US,41.71459,-87.55792,vip,39657.02,2025-12-11T15:00:00Z
1783,hana.lopez1783@example.edu,Hana,Lopez,Seattle,Washington,98101,US,47.52611,-122.29271,vip,45427.04,2026-02-12T15:00:00Z
1784,leah.garcia1784@example.edu,Leah,Garcia,San Francisco,California,94102,US,37.77039,-122.69109,standard,2462.34,2026-03-29T03:00:00Z
1785,liam.davis1785@example.edu,Liam,Davis,San Francisco,California,94102,US,37.99127,-122.37917,standard,1839.41,2025-10-20T12:00:00Z
1786,grace.lopez1786@example.edu,Grace,Lopez,Phoenix,Arizona,85004,US,33.45454,-112.06464,preferred,10626.81,2025-10-16T19:00:00Z
1787,maya.nguyen1787@example.edu,Maya,Nguyen,Phoenix,Arizona,85004,US,33.26572,-112.42392,standard,2419.09,2025-11-01T09:00:00Z
1788,mateo.brown1788@example.edu,Mateo,Brown,Houston,Texas,77002,US,29.74475,-95.60401,standard,4465.12,2025-11-30T03:00:00Z
1789,owen.johnson1789@example.edu,Owen,Johnson,Portland,Oregon,97205,US,45.40684,-122.98628,new,580.62,2026-01-17T20:00:00Z
1790,fatima.singh1790@example.edu,Fatima,Singh,Philadelphia,Pennsylvania,19104,US,39.62637,-75.16849,standard,3743.95,2025-11-20T02:00:00Z
1791,maya.johnson1791@example.edu,Maya,Johnson,Denver,Colorado,80202,US,39.95781,-105.06023,preferred,6230.97,2025-12-12T13:00:00Z
1792,sofia.garcia1792@example.edu,Sofia,Garcia,San Francisco,California,94102,US,38.05170,-122.14278,vip,39939.86,2025-10-11T18:00:00Z
1793,noah.chen1793@example.edu,Noah,Chen,Houston,Texas,77002,US,29.74873,-95.48464,vip,34769.68,2026-02-27T18:00:00Z
1794,owen.kim1794@example.edu,Owen,Kim,Denver,Colorado,80202,US,39.49242,-104.82819,new,631.80,2025-11-21T23:00:00Z
1795,diego.patel1795@example.edu,Diego,Patel,Portland,Oregon,97205,US,45.50407,-122.67826,new,1782.66,2026-02-24T13:00:00Z
1796,james.lopez1796@example.edu,James,Lopez,San Francisco,California,94102,US,37.76009,-122.66036,standard,3058.62,2025-12-26T17:00:00Z
1797,owen.kim1797@example.edu,Owen,Kim,Chicago,Illinois,60601,US,42.09395,-87.51702,preferred,5027.93,2026-03-08T07:00:00Z
1798,jordan.nguyen1798@example.edu,Jordan,Nguyen,Portland,Oregon,97205,US,45.49009,-122.42198,standard,1503.27,2026-01-13T16:00:00Z
1799,liam.patel1799@example.edu,Liam,Patel,Seattle,Washington,98101,US,47.70891,-122.54997,vip,30087.21,2026-03-23T11:00:00Z
1800,sofia.ahmed1800@example.edu,Sofia,Ahmed,Miami,Florida,33101,US,25.50894,-80.24862,new,1697.56,2026-03-21T22:00:00Z
1801,priya.chen1801@example.edu,Priya,Chen,Chicago,Illinois,60601,US,41.80753,-87.62740,standard,1324.60,2026-02-26T19:00:00Z
1802,diego.anderson1802@example.edu,Diego,Anderson,Phoenix,Arizona,85004,US,33.30209,-111.77726,new,1299.41,2026-02-04T17:00:00Z
1803,diego.moore1803@example.edu,Diego,Moore,Los Angeles,California,90001,US,33.86898,-118.17354,standard,2408.26,2026-02-27T03:00:00Z
1804,diego.jackson1804@example.edu,Diego,Jackson,Miami,Florida,33101,US,25.81662,-80.02186,preferred,5902.39,2025-12-06T10:00:00Z
1805,amara.chen1805@example.edu,Amara,Chen,Boston,Massachusetts,02108,US,42.08422,-71.16346,preferred,4532.76,2026-03-12T06:00:00Z
1806,noah.nguyen1806@example.edu,Noah,Nguyen,Atlanta,Georgia,30303,US,34.08579,-84.23092,new,1560.08,2025-11-21T22:00:00Z
1807,nia.johnson1807@example.edu,Nia,Johnson,Portland,Oregon,97205,US,45.30768,-122.87212,new,1064.64,2025-11-03T04:00:00Z
1808,hana.moore1808@example.edu,Hana,Moore,Dallas,Texas,75201,US,33.04399,-97.01035,vip,9343.18,2025-10-07T23:00:00Z
1809,mateo.chen1809@example.edu,Mateo,Chen,Portland,Oregon,97205,US,45.73866,-122.73242,vip,35964.46,2025-12-15T08:00:00Z
1810,ava.rivera1810@example.edu,Ava,Rivera,Portland,Oregon,97205,US,45.21375,-122.38190,new,803.42,2025-12-07T11:00:00Z
1811,nia.johnson1811@example.edu,Nia,Johnson,Denver,Colorado,80202,US,39.94321,-105.32603,standard,2787.83,2026-01-25T10:00:00Z
1812,nia.anderson1812@example.edu,Nia,Anderson,San Francisco,California,94102,US,37.49692,-122.29884,standard,2311.35,2026-02-16T23:00:00Z
1813,sofia.brown1813@example.edu,Sofia,Brown,New York,New York,10001,US,40.96598,-73.96221,standard,2661.83,2025-10-05T17:00:00Z
1814,diego.taylor1814@example.edu,Diego,Taylor,Boston,Massachusetts,02108,US,42.07701,-71.07278,standard,4007.12,2025-11-27T23:00:00Z
1815,hana.martinez1815@example.edu,Hana,Martinez,Los Angeles,California,90001,US,33.96940,-118.19822,new,203.68,2026-02-01T15:00:00Z
1816,marcus.anderson1816@example.edu,Marcus,Anderson,San Francisco,California,94102,US,37.89623,-122.41201,standard,872.25,2026-03-08T02:00:00Z
1817,marcus.lopez1817@example.edu,Marcus,Lopez,Miami,Florida,33101,US,25.64117,-79.90184,standard,2913.54,2026-02-22T14:00:00Z
1818,andre.johnson1818@example.edu,Andre,Johnson,Atlanta,Georgia,30303,US,33.47263,-84.32393,standard,2227.88,2026-03-31T01:00:00Z
1819,diego.garcia1819@example.edu,Diego,Garcia,Portland,Oregon,97205,US,45.74627,-122.78688,preferred,3594.96,2026-03-31T02:00:00Z
1820,nia.chen1820@example.edu,Nia,Chen,Philadelphia,Pennsylvania,19104,US,40.23375,-75.14771,preferred,8590.57,2025-11-14T10:00:00Z
1821,kai.williams1821@example.edu,Kai,Williams,Atlanta,Georgia,30303,US,33.91289,-84.70544,standard,4141.34,2026-02-10T10:00:00Z
1822,ethan.johnson1822@example.edu,Ethan,Johnson,Seattle,Washington,98101,US,47.31592,-122.25458,preferred,6593.72,2026-03-31T21:00:00Z
1823,mateo.martinez1823@example.edu,Mateo,Martinez,Los Angeles,California,90001,US,33.99619,-117.97984,standard,2583.13,2025-10-04T01:00:00Z
1824,james.chen1824@example.edu,James,Chen,Denver,Colorado,80202,US,39.49017,-104.73509,preferred,8598.50,2026-01-14T17:00:00Z
1825,andre.anderson1825@example.edu,Andre,Anderson,Houston,Texas,77002,US,29.44293,-95.19457,standard,2990.91,2025-10-14T17:00:00Z
1826,kai.singh1826@example.edu,Kai,Singh,Houston,Texas,77002,US,29.97920,-95.32102,new,1760.93,2026-03-23T15:00:00Z
1827,jordan.lopez1827@example.edu,Jordan,Lopez,Philadelphia,Pennsylvania,19104,US,39.81386,-74.88165,vip,18144.57,2025-10-30T13:00:00Z
1828,noah.rivera1828@example.edu,Noah,Rivera,Houston,Texas,77002,US,29.43303,-95.08498,preferred,6769.98,2025-12-27T05:00:00Z
1829,maya.johnson1829@example.edu,Maya,Johnson,San Francisco,California,94102,US,37.64534,-122.52956,standard,4275.34,2026-01-08T17:00:00Z
1830,leah.chen1830@example.edu,Leah,Chen,Atlanta,Georgia,30303,US,33.99468,-84.43011,new,1606.36,2025-12-01T22:00:00Z
1831,kai.patel1831@example.edu,Kai,Patel,New York,New York,10001,US,40.57765,-74.00758,standard,1904.15,2026-02-20T11:00:00Z
1832,hana.thomas1832@example.edu,Hana,Thomas,Miami,Florida,33101,US,25.68108,-80.08017,standard,3076.13,2026-02-07T09:00:00Z
1833,nia.davis1833@example.edu,Nia,Davis,New York,New York,10001,US,40.63264,-73.82047,standard,4284.18,2026-01-16T11:00:00Z
1834,owen.lopez1834@example.edu,Owen,Lopez,Houston,Texas,77002,US,29.46606,-95.65367,standard,4315.74,2025-11-22T09:00:00Z
1835,priya.rivera1835@example.edu,Priya,Rivera,San Francisco,California,94102,US,37.88771,-122.48680,preferred,2609.21,2025-11-12T17:00:00Z
1836,andre.patel1836@example.edu,Andre,Patel,Chicago,Illinois,60601,US,41.62772,-87.68097,new,439.03,2025-12-20T20:00:00Z
1837,diego.thomas1837@example.edu,Diego,Thomas,Denver,Colorado,80202,US,40.00354,-104.77718,standard,3883.72,2025-12-02T06:00:00Z
1838,hana.lopez1838@example.edu,Hana,Lopez,Philadelphia,Pennsylvania,19104,US,39.94003,-74.85960,standard,1506.01,2025-12-02T01:00:00Z
1839,andre.chen1839@example.edu,Andre,Chen,Philadelphia,Pennsylvania,19104,US,39.92312,-75.48861,preferred,6861.87,2026-02-24T13:00:00Z
1840,priya.jackson1840@example.edu,Priya,Jackson,Philadelphia,Pennsylvania,19104,US,39.88085,-75.34195,standard,2009.54,2026-02-27T16:00:00Z
1841,james.martinez1841@example.edu,James,Martinez,Portland,Oregon,97205,US,45.48998,-122.49590,preferred,6153.05,2025-12-13T01:00:00Z
1842,liam.taylor1842@example.edu,Liam,Taylor,Portland,Oregon,97205,US,45.40922,-122.64071,new,420.70,2025-12-18T00:00:00Z
1843,isabella.rivera1843@example.edu,Isabella,Rivera,Atlanta,Georgia,30303,US,33.51994,-84.44753,preferred,2575.08,2026-02-24T11:00:00Z
1844,ava.martinez1844@example.edu,Ava,Martinez,Boston,Massachusetts,02108,US,42.20785,-71.10787,standard,1158.06,2025-12-25T05:00:00Z
1845,ava.brown1845@example.edu,Ava,Brown,Boston,Massachusetts,02108,US,42.27520,-70.82509,standard,4191.32,2025-10-29T02:00:00Z
1846,james.garcia1846@example.edu,James,Garcia,New York,New York,10001,US,40.74131,-73.73794,standard,4136.80,2025-12-27T08:00:00Z
1847,maya.davis1847@example.edu,Maya,Davis,Dallas,Texas,75201,US,32.51839,-96.93440,standard,4456.47,2025-12-04T15:00:00Z
1848,jordan.kim1848@example.edu,Jordan,Kim,Boston,Massachusetts,02108,US,42.05495,-71.16140,standard,807.22,2025-11-21T04:00:00Z
1849,grace.moore1849@example.edu,Grace,Moore,Seattle,Washington,98101,US,47.61401,-122.44093,new,416.67,2026-02-15T02:00:00Z
1850,ava.ahmed1850@example.edu,Ava,Ahmed,Seattle,Washington,98101,US,47.32446,-122.60363,new,749.71,2026-01-25T11:00:00Z
1851,sofia.ahmed1851@example.edu,Sofia,Ahmed,Atlanta,Georgia,30303,US,33.80590,-84.63474,new,1078.90,2025-11-01T10:00:00Z
1852,amara.williams1852@example.edu,Amara,Williams,San Francisco,California,94102,US,37.78002,-122.69875,standard,3354.65,2026-01-19T21:00:00Z
1853,noah.martinez1853@example.edu,Noah,Martinez,Portland,Oregon,97205,US,45.21710,-122.68380,preferred,11231.24,2025-12-06T19:00:00Z
1854,marcus.davis1854@example.edu,Marcus,Davis,New York,New York,10001,US,40.85695,-74.31791,standard,3261.58,2025-12-20T12:00:00Z
1855,diego.johnson1855@example.edu,Diego,Johnson,Denver,Colorado,80202,US,40.07182,-104.64857,preferred,10494.20,2026-03-03T15:00:00Z
1856,priya.rivera1856@example.edu,Priya,Rivera,Dallas,Texas,75201,US,32.87620,-96.74682,standard,2135.52,2026-01-29T12:00:00Z
1857,owen.anderson1857@example.edu,Owen,Anderson,Los Angeles,California,90001,US,34.17523,-118.22299,preferred,7035.13,2025-11-11T06:00:00Z
1858,amara.kim1858@example.edu,Amara,Kim,Atlanta,Georgia,30303,US,34.08604,-84.06763,standard,1338.22,2026-03-30T06:00:00Z
1859,grace.kim1859@example.edu,Grace,Kim,Denver,Colorado,80202,US,39.78242,-104.76546,preferred,4544.69,2026-01-15T17:00:00Z
1860,grace.patel1860@example.edu,Grace,Patel,Miami,Florida,33101,US,26.00986,-80.30636,new,1788.84,2025-10-11T18:00:00Z
1861,ava.davis1861@example.edu,Ava,Davis,San Francisco,California,94102,US,37.73247,-122.09179,preferred,9626.10,2025-11-01T21:00:00Z
1862,leah.kim1862@example.edu,Leah,Kim,Phoenix,Arizona,85004,US,33.53993,-112.39114,preferred,4138.62,2025-11-20T01:00:00Z
1863,mateo.garcia1863@example.edu,Mateo,Garcia,New York,New York,10001,US,40.92490,-73.82042,preferred,3627.43,2025-10-24T22:00:00Z
1864,elena.johnson1864@example.edu,Elena,Johnson,Los Angeles,California,90001,US,33.73736,-118.13726,new,201.22,2025-11-15T08:00:00Z
1865,liam.anderson1865@example.edu,Liam,Anderson,Denver,Colorado,80202,US,39.58488,-104.77789,preferred,3871.59,2026-03-07T05:00:00Z
1866,liam.taylor1866@example.edu,Liam,Taylor,Houston,Texas,77002,US,29.90788,-95.66017,standard,2385.57,2025-12-25T14:00:00Z
1867,grace.brown1867@example.edu,Grace,Brown,Houston,Texas,77002,US,29.78075,-95.02354,preferred,9611.05,2025-12-28T11:00:00Z
1868,grace.jackson1868@example.edu,Grace,Jackson,Houston,Texas,77002,US,29.43400,-95.48398,new,1542.01,2026-03-04T16:00:00Z
1869,marcus.nguyen1869@example.edu,Marcus,Nguyen,Philadelphia,Pennsylvania,19104,US,40.02773,-75.14041,standard,2733.91,2026-01-29T10:00:00Z
1870,diego.singh1870@example.edu,Diego,Singh,Denver,Colorado,80202,US,39.72368,-104.65699,standard,3826.27,2026-02-26T04:00:00Z
1871,liam.johnson1871@example.edu,Liam,Johnson,San Francisco,California,94102,US,37.64054,-122.57332,preferred,9227.41,2026-02-06T07:00:00Z
1872,james.garcia1872@example.edu,James,Garcia,Phoenix,Arizona,85004,US,33.52222,-111.95487,standard,4250.98,2025-11-07T00:00:00Z
1873,james.kim1873@example.edu,James,Kim,Chicago,Illinois,60601,US,41.75663,-87.70648,preferred,5998.66,2025-10-22T22:00:00Z
1874,ava.thomas1874@example.edu,Ava,Thomas,Philadelphia,Pennsylvania,19104,US,39.80026,-75.31783,standard,2786.49,2026-01-24T14:00:00Z
1875,priya.lopez1875@example.edu,Priya,Lopez,Philadelphia,Pennsylvania,19104,US,39.65335,-75.23268,new,667.39,2026-02-13T19:00:00Z
1876,jordan.rivera1876@example.edu,Jordan,Rivera,Atlanta,Georgia,30303,US,33.62846,-84.59298,standard,2693.16,2025-12-07T22:00:00Z
1877,elena.rivera1877@example.edu,Elena,Rivera,Portland,Oregon,97205,US,45.46408,-122.57812,preferred,3643.39,2026-03-24T04:00:00Z
1878,mateo.moore1878@example.edu,Mateo,Moore,Chicago,Illinois,60601,US,42.17488,-87.37093,preferred,4536.56,2026-02-28T05:00:00Z
1879,ava.chen1879@example.edu,Ava,Chen,Chicago,Illinois,60601,US,41.60283,-87.58981,preferred,8330.56,2026-01-08T05:00:00Z
1880,owen.moore1880@example.edu,Owen,Moore,Phoenix,Arizona,85004,US,33.32186,-112.01117,standard,4430.66,2025-12-01T14:00:00Z
1881,noah.singh1881@example.edu,Noah,Singh,Los Angeles,California,90001,US,34.32438,-118.57348,standard,2217.69,2025-11-05T01:00:00Z
1882,fatima.moore1882@example.edu,Fatima,Moore,Denver,Colorado,80202,US,39.82846,-105.28137,standard,3418.93,2026-01-24T10:00:00Z
1883,fatima.johnson1883@example.edu,Fatima,Johnson,Philadelphia,Pennsylvania,19104,US,39.96601,-75.19394,standard,554.85,2026-02-01T18:00:00Z
1884,jordan.singh1884@example.edu,Jordan,Singh,Seattle,Washington,98101,US,47.90072,-122.24876,vip,31647.43,2026-02-24T09:00:00Z
1885,liam.jackson1885@example.edu,Liam,Jackson,Atlanta,Georgia,30303,US,33.68820,-84.03996,standard,1511.28,2026-03-01T00:00:00Z
1886,grace.thomas1886@example.edu,Grace,Thomas,Dallas,Texas,75201,US,32.71061,-96.90542,standard,4491.92,2026-03-25T16:00:00Z
1887,marcus.chen1887@example.edu,Marcus,Chen,Chicago,Illinois,60601,US,42.01901,-87.72961,standard,3531.92,2026-03-09T19:00:00Z
1888,kai.kim1888@example.edu,Kai,Kim,Seattle,Washington,98101,US,47.37746,-122.11450,new,616.68,2026-01-25T09:00:00Z
1889,noah.williams1889@example.edu,Noah,Williams,Houston,Texas,77002,US,29.71682,-95.04012,new,402.39,2025-12-18T22:00:00Z
1890,mei.davis1890@example.edu,Mei,Davis,Los Angeles,California,90001,US,34.19081,-117.97649,standard,3748.45,2026-03-14T15:00:00Z
1891,elena.patel1891@example.edu,Elena,Patel,Philadelphia,Pennsylvania,19104,US,40.28536,-75.35254,standard,1542.10,2026-03-13T17:00:00Z
1892,diego.garcia1892@example.edu,Diego,Garcia,Houston,Texas,77002,US,30.05279,-95.22387,preferred,8078.57,2026-02-12T13:00:00Z
1893,mei.nguyen1893@example.edu,Mei,Nguyen,Seattle,Washington,98101,US,47.94217,-122.18983,standard,2360.23,2026-03-14T06:00:00Z
1894,mateo.kim1894@example.edu,Mateo,Kim,Seattle,Washington,98101,US,47.78760,-122.41171,standard,4389.10,2025-11-13T19:00:00Z
1895,mei.brown1895@example.edu,Mei,Brown,Atlanta,Georgia,30303,US,33.90437,-84.45189,new,1197.77,2026-01-18T14:00:00Z
1896,fatima.brown1896@example.edu,Fatima,Brown,Houston,Texas,77002,US,29.96659,-95.34759,standard,808.15,2026-01-12T09:00:00Z
1897,liam.martinez1897@example.edu,Liam,Martinez,Portland,Oregon,97205,US,45.58401,-122.66783,vip,42788.23,2025-10-16T22:00:00Z
1898,nia.brown1898@example.edu,Nia,Brown,Dallas,Texas,75201,US,32.66636,-96.65367,preferred,8068.59,2026-01-02T11:00:00Z
1899,sofia.thomas1899@example.edu,Sofia,Thomas,Portland,Oregon,97205,US,45.42296,-122.93258,standard,3025.92,2025-10-08T04:00:00Z
1900,hana.ahmed1900@example.edu,Hana,Ahmed,New York,New York,10001,US,40.95273,-73.75171,standard,3352.97,2025-10-27T03:00:00Z
1901,james.martinez1901@example.edu,James,Martinez,Chicago,Illinois,60601,US,41.79373,-87.81653,new,1589.44,2025-12-05T20:00:00Z
1902,mei.rivera1902@example.edu,Mei,Rivera,Seattle,Washington,98101,US,47.60288,-122.31436,new,1333.42,2026-03-21T15:00:00Z
1903,mei.patel1903@example.edu,Mei,Patel,Houston,Texas,77002,US,29.47666,-95.18051,standard,2988.00,2025-12-29T20:00:00Z
1904,maya.nguyen1904@example.edu,Maya,Nguyen,San Francisco,California,94102,US,37.45598,-122.26138,new,1079.53,2025-12-03T00:00:00Z
1905,isabella.martinez1905@example.edu,Isabella,Martinez,Houston,Texas,77002,US,29.49276,-95.59587,standard,1158.26,2026-03-25T04:00:00Z
1906,mei.nguyen1906@example.edu,Mei,Nguyen,Seattle,Washington,98101,US,47.47352,-121.99087,new,891.12,2025-11-18T07:00:00Z
1907,liam.brown1907@example.edu,Liam,Brown,Chicago,Illinois,60601,US,41.71985,-87.62437,standard,3183.65,2025-10-17T14:00:00Z
1908,elena.kim1908@example.edu,Elena,Kim,New York,New York,10001,US,40.70627,-74.23934,vip,34141.60,2025-12-18T01:00:00Z
1909,elena.wilson1909@example.edu,Elena,Wilson,New York,New York,10001,US,40.92409,-73.71915,preferred,10471.51,2025-11-29T00:00:00Z
1910,ethan.lopez1910@example.edu,Ethan,Lopez,Philadelphia,Pennsylvania,19104,US,40.19615,-74.99741,preferred,6782.50,2025-12-05T09:00:00Z
1911,james.johnson1911@example.edu,James,Johnson,Boston,Massachusetts,02108,US,42.57492,-71.08317,preferred,11827.61,2026-03-16T02:00:00Z
1912,noah.rivera1912@example.edu,Noah,Rivera,Houston,Texas,77002,US,30.05513,-95.35702,new,325.04,2026-02-08T02:00:00Z
1913,marcus.williams1913@example.edu,Marcus,Williams,Boston,Massachusetts,02108,US,42.48636,-71.31833,standard,2757.21,2026-01-15T09:00:00Z
1914,ava.wilson1914@example.edu,Ava,Wilson,Atlanta,Georgia,30303,US,33.66775,-84.16983,new,611.95,2026-03-21T11:00:00Z
1915,nia.patel1915@example.edu,Nia,Patel,Los Angeles,California,90001,US,34.13769,-118.06354,preferred,5230.96,2026-03-17T04:00:00Z
1916,elena.williams1916@example.edu,Elena,Williams,Chicago,Illinois,60601,US,41.85658,-87.75744,standard,1678.21,2026-03-04T16:00:00Z
1917,nia.williams1917@example.edu,Nia,Williams,Atlanta,Georgia,30303,US,33.54704,-84.54006,preferred,11112.32,2026-01-13T17:00:00Z
1918,jordan.nguyen1918@example.edu,Jordan,Nguyen,Denver,Colorado,80202,US,39.63193,-105.11080,standard,1222.86,2026-03-15T08:00:00Z
1919,owen.anderson1919@example.edu,Owen,Anderson,Miami,Florida,33101,US,25.87887,-79.93950,new,1187.78,2025-10-24T13:00:00Z
1920,isabella.nguyen1920@example.edu,Isabella,Nguyen,Denver,Colorado,80202,US,39.62647,-104.69025,standard,3928.07,2025-11-01T07:00:00Z
1921,priya.ahmed1921@example.edu,Priya,Ahmed,Boston,Massachusetts,02108,US,42.38556,-70.80508,preferred,3831.30,2026-01-17T20:00:00Z
1922,mateo.thomas1922@example.edu,Mateo,Thomas,Portland,Oregon,97205,US,45.29428,-122.66347,preferred,9041.82,2025-12-08T19:00:00Z
1923,elena.singh1923@example.edu,Elena,Singh,Seattle,Washington,98101,US,47.51401,-122.02781,standard,2422.28,2026-02-26T18:00:00Z
1924,ethan.chen1924@example.edu,Ethan,Chen,New York,New York,10001,US,40.55751,-73.98281,new,1082.32,2025-11-28T18:00:00Z
1925,owen.patel1925@example.edu,Owen,Patel,Portland,Oregon,97205,US,45.24096,-122.64368,standard,3301.82,2026-03-27T18:00:00Z
1926,jordan.wilson1926@example.edu,Jordan,Wilson,Seattle,Washington,98101,US,47.94641,-122.00281,standard,3535.98,2025-10-24T19:00:00Z
1927,mei.taylor1927@example.edu,Mei,Taylor,Los Angeles,California,90001,US,34.06018,-117.98977,preferred,10433.26,2025-11-24T09:00:00Z
1928,mateo.martinez1928@example.edu,Mateo,Martinez,San Francisco,California,94102,US,38.12242,-122.09690,standard,2844.25,2026-03-08T21:00:00Z
1929,liam.davis1929@example.edu,Liam,Davis,Dallas,Texas,75201,US,32.44009,-96.76434,preferred,4079.35,2025-11-20T16:00:00Z
1930,nia.johnson1930@example.edu,Nia,Johnson,Denver,Colorado,80202,US,39.50061,-104.88094,new,869.71,2025-12-18T06:00:00Z
1931,ethan.brown1931@example.edu,Ethan,Brown,San Francisco,California,94102,US,37.63550,-122.08893,new,1501.43,2026-01-24T06:00:00Z
1932,amara.jackson1932@example.edu,Amara,Jackson,Portland,Oregon,97205,US,45.48400,-122.35816,new,433.52,2026-02-05T20:00:00Z
1933,priya.davis1933@example.edu,Priya,Davis,Boston,Massachusetts,02108,US,42.11310,-70.95717,standard,2252.45,2025-11-16T10:00:00Z
1934,grace.patel1934@example.edu,Grace,Patel,Houston,Texas,77002,US,29.42593,-95.26887,standard,954.00,2025-12-23T16:00:00Z
1935,kai.ahmed1935@example.edu,Kai,Ahmed,Miami,Florida,33101,US,25.96436,-80.54093,standard,2901.17,2025-12-03T10:00:00Z
1936,sofia.martinez1936@example.edu,Sofia,Martinez,Denver,Colorado,80202,US,39.69709,-105.07935,standard,3256.04,2025-10-19T19:00:00Z
1937,andre.garcia1937@example.edu,Andre,Garcia,Miami,Florida,33101,US,25.54096,-79.87897,preferred,8126.60,2025-11-20T14:00:00Z
1938,grace.wilson1938@example.edu,Grace,Wilson,Chicago,Illinois,60601,US,41.68940,-87.90648,standard,973.20,2025-12-06T23:00:00Z
1939,ethan.garcia1939@example.edu,Ethan,Garcia,Boston,Massachusetts,02108,US,42.09607,-71.32604,preferred,10138.72,2025-12-18T18:00:00Z
1940,jordan.chen1940@example.edu,Jordan,Chen,San Francisco,California,94102,US,37.66826,-122.61053,standard,583.13,2025-10-18T00:00:00Z
1941,kai.davis1941@example.edu,Kai,Davis,Seattle,Washington,98101,US,47.58862,-122.32862,new,1636.04,2026-01-21T06:00:00Z
1942,sofia.patel1942@example.edu,Sofia,Patel,Phoenix,Arizona,85004,US,33.39721,-111.99607,new,111.19,2025-12-13T04:00:00Z
1943,hana.johnson1943@example.edu,Hana,Johnson,Atlanta,Georgia,30303,US,34.04828,-84.35337,standard,4186.91,2026-01-04T16:00:00Z
1944,owen.chen1944@example.edu,Owen,Chen,Phoenix,Arizona,85004,US,33.40691,-111.72773,standard,2808.08,2025-10-06T18:00:00Z
1945,hana.thomas1945@example.edu,Hana,Thomas,Denver,Colorado,80202,US,39.55383,-104.75399,standard,719.54,2025-11-06T15:00:00Z
1946,ava.davis1946@example.edu,Ava,Davis,Denver,Colorado,80202,US,39.39131,-104.78266,standard,3015.15,2025-10-28T05:00:00Z
1947,kai.nguyen1947@example.edu,Kai,Nguyen,Houston,Texas,77002,US,30.07589,-95.53812,standard,4100.49,2025-12-20T15:00:00Z
1948,andre.taylor1948@example.edu,Andre,Taylor,Seattle,Washington,98101,US,47.44809,-122.23744,new,1341.30,2026-03-29T04:00:00Z
1949,mateo.johnson1949@example.edu,Mateo,Johnson,New York,New York,10001,US,40.46468,-74.27708,new,1600.86,2025-11-29T00:00:00Z
1950,sofia.davis1950@example.edu,Sofia,Davis,New York,New York,10001,US,40.94402,-74.08217,standard,3717.34,2026-01-11T02:00:00Z
1951,grace.ahmed1951@example.edu,Grace,Ahmed,Miami,Florida,33101,US,25.52495,-80.22600,vip,21680.49,2026-03-03T09:00:00Z
1952,amara.taylor1952@example.edu,Amara,Taylor,Philadelphia,Pennsylvania,19104,US,40.09281,-75.48965,new,1523.90,2026-03-15T15:00:00Z
1953,kai.thomas1953@example.edu,Kai,Thomas,Dallas,Texas,75201,US,32.72717,-96.76087,standard,1144.87,2025-12-03T02:00:00Z
1954,jordan.martinez1954@example.edu,Jordan,Martinez,Atlanta,Georgia,30303,US,33.85888,-84.29243,preferred,5807.53,2026-02-07T10:00:00Z
1955,maya.singh1955@example.edu,Maya,Singh,Phoenix,Arizona,85004,US,33.63659,-112.31924,preferred,9640.21,2026-03-23T01:00:00Z
1956,ava.rivera1956@example.edu,Ava,Rivera,Denver,Colorado,80202,US,39.92001,-104.84583,standard,2917.61,2025-10-09T16:00:00Z
1957,mateo.anderson1957@example.edu,Mateo,Anderson,Seattle,Washington,98101,US,47.85688,-122.32427,vip,50605.11,2025-11-28T15:00:00Z
1958,marcus.davis1958@example.edu,Marcus,Davis,Houston,Texas,77002,US,29.81240,-95.34076,vip,37854.98,2026-02-08T13:00:00Z
1959,amara.davis1959@example.edu,Amara,Davis,Miami,Florida,33101,US,26.02712,-80.54066,standard,1688.69,2026-01-21T04:00:00Z
1960,maya.brown1960@example.edu,Maya,Brown,Atlanta,Georgia,30303,US,33.71350,-84.60862,preferred,6206.34,2026-03-10T14:00:00Z
1961,andre.nguyen1961@example.edu,Andre,Nguyen,Atlanta,Georgia,30303,US,33.49459,-84.41391,new,937.48,2026-03-15T17:00:00Z
1962,mateo.lopez1962@example.edu,Mateo,Lopez,Chicago,Illinois,60601,US,41.67288,-87.35850,new,1030.43,2025-10-23T02:00:00Z
1963,nia.chen1963@example.edu,Nia,Chen,Miami,Florida,33101,US,25.99745,-80.37481,vip,49692.74,2025-12-03T15:00:00Z
1964,mei.rivera1964@example.edu,Mei,Rivera,San Francisco,California,94102,US,37.47817,-122.12101,standard,3894.30,2025-10-15T04:00:00Z
1965,mateo.rivera1965@example.edu,Mateo,Rivera,Dallas,Texas,75201,US,32.89103,-96.78471,standard,1021.22,2026-04-01T04:00:00Z
1966,james.anderson1966@example.edu,James,Anderson,Philadelphia,Pennsylvania,19104,US,39.61836,-75.30227,standard,4443.24,2025-11-27T23:00:00Z
1967,amara.taylor1967@example.edu,Amara,Taylor,Chicago,Illinois,60601,US,42.17603,-87.73764,preferred,4521.27,2026-01-30T09:00:00Z
1968,noah.nguyen1968@example.edu,Noah,Nguyen,Houston,Texas,77002,US,29.83909,-95.09386,vip,25544.13,2025-10-20T02:00:00Z
1969,priya.martinez1969@example.edu,Priya,Martinez,Portland,Oregon,97205,US,45.65573,-122.52313,new,353.62,2025-12-13T01:00:00Z
1970,liam.thomas1970@example.edu,Liam,Thomas,Houston,Texas,77002,US,29.76854,-95.33020,preferred,8063.83,2025-10-07T15:00:00Z
1971,marcus.chen1971@example.edu,Marcus,Chen,San Francisco,California,94102,US,37.58889,-122.44463,preferred,7471.54,2026-02-25T12:00:00Z
1972,mateo.taylor1972@example.edu,Mateo,Taylor,Boston,Massachusetts,02108,US,42.07699,-71.00397,new,620.99,2026-03-30T02:00:00Z
1973,owen.thomas1973@example.edu,Owen,Thomas,Portland,Oregon,97205,US,45.48499,-122.54649,preferred,4121.39,2026-01-13T19:00:00Z
1974,maya.singh1974@example.edu,Maya,Singh,Atlanta,Georgia,30303,US,33.65752,-84.38058,new,1106.48,2026-01-07T19:00:00Z
1975,andre.davis1975@example.edu,Andre,Davis,Denver,Colorado,80202,US,39.56219,-105.25506,new,674.79,2026-03-20T07:00:00Z
1976,owen.taylor1976@example.edu,Owen,Taylor,Portland,Oregon,97205,US,45.31885,-122.77354,vip,20279.83,2026-01-04T05:00:00Z
1977,grace.moore1977@example.edu,Grace,Moore,Dallas,Texas,75201,US,32.57705,-97.13732,standard,1048.96,2026-01-12T12:00:00Z
1978,mateo.lopez1978@example.edu,Mateo,Lopez,Chicago,Illinois,60601,US,42.20027,-87.77757,preferred,10934.50,2026-01-13T07:00:00Z
1979,jordan.lopez1979@example.edu,Jordan,Lopez,New York,New York,10001,US,40.66064,-73.79758,new,898.08,2026-03-16T17:00:00Z
1980,fatima.jackson1980@example.edu,Fatima,Jackson,Dallas,Texas,75201,US,32.99643,-96.80893,preferred,5953.20,2025-10-30T22:00:00Z
1981,james.rivera1981@example.edu,James,Rivera,Denver,Colorado,80202,US,40.08462,-104.80650,preferred,9091.56,2026-02-12T14:00:00Z
1982,ava.rivera1982@example.edu,Ava,Rivera,Boston,Massachusetts,02108,US,42.02004,-70.71810,standard,1787.22,2026-03-11T10:00:00Z
1983,elena.patel1983@example.edu,Elena,Patel,Chicago,Illinois,60601,US,41.84237,-87.88221,standard,3764.24,2025-12-02T15:00:00Z
1984,marcus.johnson1984@example.edu,Marcus,Johnson,Houston,Texas,77002,US,29.43847,-95.53835,standard,2555.80,2025-10-08T18:00:00Z
1985,andre.wilson1985@example.edu,Andre,Wilson,San Francisco,California,94102,US,37.85696,-122.64878,new,1744.03,2025-11-30T05:00:00Z
1986,hana.jackson1986@example.edu,Hana,Jackson,Atlanta,Georgia,30303,US,33.70304,-84.10669,new,1602.19,2026-03-05T09:00:00Z
1987,jordan.nguyen1987@example.edu,Jordan,Nguyen,New York,New York,10001,US,40.99174,-74.22661,standard,3727.42,2025-11-24T20:00:00Z
1988,owen.johnson1988@example.edu,Owen,Johnson,Chicago,Illinois,60601,US,42.05685,-87.80849,standard,2029.43,2026-02-16T11:00:00Z
1989,mei.williams1989@example.edu,Mei,Williams,Houston,Texas,77002,US,29.49269,-95.24853,new,1044.59,2025-12-29T08:00:00Z
1990,mei.taylor1990@example.edu,Mei,Taylor,Portland,Oregon,97205,US,45.49305,-122.66060,new,742.00,2025-12-13T13:00:00Z
1991,isabella.nguyen1991@example.edu,Isabella,Nguyen,New York,New York,10001,US,40.44777,-74.23876,preferred,3166.34,2025-11-07T01:00:00Z
1992,owen.martinez1992@example.edu,Owen,Martinez,Houston,Texas,77002,US,30.07790,-95.39528,preferred,5920.39,2026-01-16T14:00:00Z
1993,james.ahmed1993@example.edu,James,Ahmed,Denver,Colorado,80202,US,39.87122,-104.90430,new,846.15,2025-12-31T23:00:00Z
1994,mei.ahmed1994@example.edu,Mei,Ahmed,Seattle,Washington,98101,US,47.35918,-122.39055,new,1516.24,2026-03-16T00:00:00Z
1995,noah.singh1995@example.edu,Noah,Singh,Portland,Oregon,97205,US,45.32548,-122.58238,new,1641.91,2026-01-16T10:00:00Z
1996,ethan.kim1996@example.edu,Ethan,Kim,Philadelphia,Pennsylvania,19104,US,40.30201,-74.94087,preferred,6944.96,2025-10-16T21:00:00Z
1997,owen.wilson1997@example.edu,Owen,Wilson,Philadelphia,Pennsylvania,19104,US,40.05220,-75.08071,vip,31737.65,2026-03-25T23:00:00Z
1998,leah.garcia1998@example.edu,Leah,Garcia,Boston,Massachusetts,02108,US,42.06800,-71.14346,standard,2333.91,2026-03-21T20:00:00Z
1999,elena.martinez1999@example.edu,Elena,Martinez,Atlanta,Georgia,30303,US,33.96262,-84.16303,standard,1197.44,2025-12-07T22:00:00Z
2000,diego.anderson2000@example.edu,Diego,Anderson,Atlanta,Georgia,30303,US,33.65320,-84.28673,preferred,11529.25,2026-03-16T10:00:00Z
