item_id,order_id,product_id,quantity,unit_price,fulfilled_from
1,1,36,1,378,3
2,1,17,1,145,3
3,1,26,1,216,3
4,1,45,1,122,3
5,2,6,1,275,4
6,2,13,1,220,4
7,2,48,1,196,4
8,2,32,1,219,4
9,3,30,2,173,3
10,3,35,1,348,3
11,3,45,1,122,3
12,3,59,2,74,3
13,4,56,1,391,1
14,4,29,1,147,1
15,4,28,1,178,1
16,4,55,1,326,1
17,5,19,1,89,4
18,5,4,1,160,4
19,5,6,1,275,4
20,5,59,1,74,4
21,6,33,2,221,2
22,6,28,1,178,2
23,6,30,1,173,2
24,6,42,1,113,2
25,7,56,1,391,6
26,7,57,2,274,6
27,7,16,1,240,6
28,7,25,1,106,6
29,8,47,1,278,5
30,8,38,1,186,5
31,8,4,1,160,5
32,8,40,1,249,5
33,9,26,1,216,1
34,9,57,1,274,1
35,9,43,1,140,1
36,9,34,2,186,1
37,10,42,1,113,3
38,10,54,1,201,3
39,10,48,1,196,3
40,10,32,2,219,3
41,11,13,1,220,6
42,11,31,1,219,6
43,11,4,1,160,6
44,11,12,1,260,6
45,12,51,1,230,5
46,12,36,1,378,5
47,12,21,2,185,5
48,12,42,1,113,5
49,13,10,1,180,5
50,13,4,1,160,5
51,13,33,1,221,5
52,13,60,1,287,5
53,14,28,1,178,6
54,14,26,1,216,6
55,14,38,1,186,6
56,14,6,1,275,6
57,15,10,1,180,6
58,15,19,2,89,6
59,15,30,1,173,6
60,15,2,1,210,6
61,16,33,2,221,6
62,16,15,2,195,6
63,16,43,1,140,6
64,16,54,1,201,6
65,17,51,1,230,2
66,17,29,1,147,2
67,17,50,1,143,2
68,17,3,1,95,2
69,18,20,1,115,4
70,18,48,1,196,4
71,18,43,1,140,4
72,18,39,2,101,4
73,19,48,1,196,1
74,19,32,1,219,1
75,19,19,1,89,1
76,19,12,2,260,1
77,20,27,1,281,3
78,20,8,1,680,3
79,20,14,1,780,3
80,20,50,1,143,3
81,21,42,1,113,4
82,21,20,1,115,4
83,21,17,1,145,4
84,21,21,1,185,4
85,22,32,1,219,2
86,22,56,1,391,2
87,22,35,1,348,2
88,22,60,1,287,2
89,23,55,1,326,1
90,23,2,2,210,1
91,23,39,1,101,1
92,23,1,1,125,1
93,24,12,1,260,4
94,24,4,1,160,4
95,24,32,1,219,4
96,24,15,1,195,4
97,25,10,1,180,3
98,25,56,1,391,3
99,25,45,1,122,3
100,25,59,1,74,3
101,26,11,2,140,4
102,26,15,1,195,4
103,26,30,1,173,4
104,26,36,1,378,4
105,27,40,1,249,6
106,27,48,1,196,6
107,27,43,1,140,6
108,27,6,1,275,6
109,28,15,1,195,5
110,28,50,1,143,5
111,28,6,1,275,5
112,28,56,1,391,5
113,29,25,2,106,1
114,29,24,2,190,1
115,29,40,1,249,1
116,29,2,1,210,1
117,30,56,1,391,5
118,30,57,1,274,5
119,30,59,1,74,5
120,30,47,1,278,5
121,31,41,1,215,2
122,31,29,1,147,2
123,31,17,1,145,2
124,31,11,1,140,2
125,32,30,1,173,4
126,32,15,1,195,4
127,32,4,1,160,4
128,32,24,1,190,4
129,33,25,1,106,5
130,33,40,1,249,5
131,33,14,1,780,5
132,33,19,1,89,5
133,34,50,1,143,4
134,34,45,1,122,4
135,34,7,1,420,4
136,34,6,1,275,4
137,35,8,1,680,1
138,35,6,1,275,1
139,35,33,1,221,1
140,35,14,2,780,1
141,36,56,2,391,4
142,36,26,1,216,4
143,36,12,1,260,4
144,36,14,1,780,4
145,37,59,2,74,6
146,37,60,1,287,6
147,37,33,1,221,6
148,37,26,1,216,6
149,38,4,1,160,2
150,38,53,1,210,2
151,38,55,1,326,2
152,38,10,1,180,2
153,39,46,1,147,5
154,39,3,1,95,5
155,39,2,2,210,5
156,39,30,1,173,5
157,40,12,1,260,4
158,40,30,1,173,4
159,40,52,1,226,4
160,40,20,1,115,4
161,41,6,1,275,1
162,41,56,1,391,1
163,41,59,1,74,1
164,41,17,1,145,1
165,42,28,1,178,4
166,42,2,2,210,4
167,42,35,2,348,4
168,42,33,1,221,4
169,43,5,1,340,1
170,43,45,1,122,1
171,43,39,1,101,1
172,43,28,1,178,1
173,44,6,1,275,5
174,44,17,1,145,5
175,44,53,2,210,5
176,44,26,1,216,5
177,45,54,1,201,5
178,45,37,1,219,5
179,45,48,2,196,5
180,45,29,1,147,5
181,46,28,1,178,1
182,46,58,1,120,1
183,46,24,1,190,1
184,46,54,1,201,1
185,47,39,1,101,3
186,47,15,1,195,3
187,47,37,1,219,3
188,47,55,1,326,3
189,48,48,1,196,1
190,48,10,1,180,1
191,48,2,1,210,1
192,48,59,1,74,1
193,49,19,2,89,6
194,49,45,1,122,6
195,49,40,1,249,6
196,49,53,1,210,6
197,50,59,1,74,3
198,50,35,1,348,3
199,50,4,2,160,3
200,50,60,2,287,3
201,51,8,1,680,3
202,51,32,1,219,3
203,51,54,1,201,3
204,51,33,1,221,3
205,52,47,1,278,1
206,52,30,1,173,1
207,52,35,1,348,1
208,52,29,1,147,1
209,53,42,1,113,5
210,53,7,1,420,5
211,53,31,1,219,5
212,53,45,1,122,5
213,54,19,1,89,3
214,54,42,1,113,3
215,54,47,1,278,3
216,54,4,1,160,3
217,55,17,1,145,1
218,55,41,1,215,1
219,55,11,1,140,1
220,55,5,1,340,1
221,56,59,1,74,1
222,56,11,1,140,1
223,56,40,1,249,1
224,56,56,1,391,1
225,57,45,1,122,4
226,57,21,1,185,4
227,57,6,2,275,4
228,57,20,1,115,4
229,58,47,1,278,2
230,58,54,1,201,2
231,58,12,1,260,2
232,58,28,1,178,2
233,59,5,1,340,1
234,59,56,1,391,1
235,59,29,1,147,1
236,59,41,1,215,1
237,60,6,1,275,4
238,60,15,1,195,4
239,60,47,1,278,4
240,60,26,1,216,4
241,61,49,1,103,1
242,61,33,1,221,1
243,61,59,1,74,1
244,61,44,1,305,1
245,62,42,1,113,6
246,62,43,1,140,6
247,62,56,1,391,6
248,62,12,1,260,6
249,63,34,1,186,5
250,63,52,1,226,5
251,63,48,1,196,5
252,63,46,1,147,5
253,64,24,1,190,5
254,64,29,1,147,5
255,64,12,1,260,5
256,64,48,1,196,5
257,65,18,1,310,6
258,65,26,1,216,6
259,65,21,1,185,6
260,65,11,1,140,6
261,66,20,1,115,2
262,66,19,1,89,2
263,66,59,1,74,2
264,66,8,1,680,2
265,67,37,1,219,4
266,67,14,1,780,4
267,67,28,1,178,4
268,67,39,1,101,4
269,68,10,1,180,3
270,68,8,1,680,3
271,68,13,2,220,3
272,68,7,2,420,3
273,69,7,1,420,1
274,69,4,1,160,1
275,69,33,2,221,1
276,69,17,1,145,1
277,70,16,1,240,1
278,70,8,1,680,1
279,70,48,1,196,1
280,70,38,1,186,1
281,71,45,1,122,2
282,71,39,2,101,2
283,71,5,2,340,2
284,71,50,1,143,2
285,72,6,1,275,4
286,72,55,1,326,4
287,72,21,1,185,4
288,72,19,2,89,4
289,73,5,1,340,4
290,73,50,1,143,4
291,73,39,2,101,4
292,73,36,1,378,4
293,74,37,1,219,3
294,74,22,1,170,3
295,74,57,1,274,3
296,74,43,2,140,3
297,75,2,1,210,2
298,75,31,1,219,2
299,75,46,1,147,2
300,75,28,1,178,2
301,76,13,1,220,3
302,76,7,1,420,3
303,76,29,1,147,3
304,76,59,1,74,3
305,77,54,1,201,2
306,77,40,1,249,2
307,77,41,1,215,2
308,77,46,1,147,2
309,78,55,1,326,1
310,78,47,1,278,1
311,78,24,1,190,1
312,78,13,1,220,1
313,79,26,1,216,4
314,79,56,1,391,4
315,79,17,1,145,4
316,79,15,1,195,4
317,80,35,2,348,3
318,80,34,1,186,3
319,80,45,1,122,3
320,80,27,1,281,3
321,81,51,1,230,4
322,81,17,1,145,4
323,81,10,1,180,4
324,81,56,1,391,4
325,82,41,1,215,1
326,82,52,1,226,1
327,82,37,1,219,1
328,82,32,1,219,1
329,83,51,1,230,6
330,83,12,1,260,6
331,83,8,1,680,6
332,83,13,1,220,6
333,84,50,1,143,6
334,84,37,1,219,6
335,84,46,1,147,6
336,84,40,1,249,6
337,85,10,1,180,1
338,85,4,2,160,1
339,85,36,1,378,1
340,85,34,1,186,1
341,86,4,1,160,2
342,86,21,1,185,2
343,86,53,1,210,2
344,86,26,1,216,2
345,87,11,1,140,5
346,87,50,1,143,5
347,87,27,1,281,5
348,87,52,1,226,5
349,88,45,1,122,4
350,88,57,1,274,4
351,88,35,1,348,4
352,88,9,1,520,4
353,89,54,1,201,3
354,89,46,1,147,3
355,89,23,1,145,3
356,89,49,2,103,3
357,90,21,1,185,3
358,90,52,1,226,3
359,90,27,1,281,3
360,90,10,1,180,3
361,91,53,1,210,1
362,91,25,1,106,1
363,91,4,1,160,1
364,91,33,1,221,1
365,92,59,1,74,5
366,92,42,1,113,5
367,92,2,1,210,5
368,92,21,1,185,5
369,93,2,1,210,4
370,93,48,2,196,4
371,93,20,1,115,4
372,93,53,1,210,4
373,94,30,1,173,4
374,94,25,1,106,4
375,94,55,1,326,4
376,94,36,1,378,4
377,95,60,1,287,1
378,95,12,1,260,1
379,95,53,1,210,1
380,95,46,1,147,1
381,96,33,1,221,1
382,96,31,1,219,1
383,96,45,2,122,1
384,96,46,1,147,1
385,97,34,1,186,5
386,97,42,2,113,5
387,97,5,1,340,5
388,97,43,1,140,5
389,98,10,1,180,1
390,98,20,1,115,1
391,98,11,1,140,1
392,98,40,1,249,1
393,99,35,1,348,5
394,99,26,1,216,5
395,99,19,1,89,5
396,99,59,1,74,5
397,100,2,1,210,1
398,100,8,1,680,1
399,100,13,1,220,1
400,100,60,1,287,1
401,101,9,1,520,4
402,101,40,1,249,4
403,101,43,1,140,4
404,101,52,1,226,4
405,102,35,1,348,4
406,102,48,1,196,4
407,102,22,1,170,4
408,102,51,2,230,4
409,103,32,1,219,4
410,103,48,1,196,4
411,103,34,1,186,4
412,103,30,1,173,4
413,104,43,1,140,3
414,104,39,1,101,3
415,104,21,1,185,3
416,104,11,1,140,3
417,105,45,1,122,6
418,105,3,1,95,6
419,105,33,1,221,6
420,105,12,1,260,6
421,106,56,1,391,3
422,106,49,1,103,3
423,106,11,1,140,3
424,106,29,1,147,3
425,107,21,1,185,4
426,107,57,1,274,4
427,107,28,1,178,4
428,107,13,1,220,4
429,108,32,1,219,2
430,108,50,2,143,2
431,108,2,1,210,2
432,108,20,1,115,2
433,109,36,1,378,2
434,109,46,1,147,2
435,109,19,1,89,2
436,109,8,1,680,2
437,110,44,1,305,5
438,110,50,1,143,5
439,110,4,1,160,5
440,110,35,1,348,5
441,111,24,1,190,5
442,111,49,1,103,5
443,111,12,1,260,5
444,111,42,1,113,5
445,112,20,1,115,4
446,112,17,1,145,4
447,112,34,1,186,4
448,112,19,1,89,4
449,113,39,1,101,6
450,113,12,1,260,6
451,113,21,1,185,6
452,113,33,1,221,6
453,114,56,1,391,5
454,114,60,1,287,5
455,114,24,1,190,5
456,114,59,1,74,5
457,115,47,1,278,1
458,115,56,1,391,1
459,115,12,1,260,1
460,115,4,1,160,1
461,116,5,1,340,6
462,116,4,1,160,6
463,116,31,1,219,6
464,116,51,1,230,6
465,117,4,1,160,3
466,117,59,1,74,3
467,117,21,1,185,3
468,117,55,1,326,3
469,118,2,1,210,4
470,118,36,1,378,4
471,118,48,1,196,4
472,118,25,1,106,4
473,119,47,1,278,2
474,119,17,2,145,2
475,119,60,1,287,2
476,119,29,2,147,2
477,120,60,1,287,5
478,120,20,1,115,5
479,120,50,1,143,5
480,120,30,2,173,5
481,121,45,1,122,6
482,121,37,1,219,6
483,121,48,1,196,6
484,121,32,1,219,6
485,122,28,1,178,1
486,122,5,1,340,1
487,122,48,1,196,1
488,122,27,1,281,1
489,123,39,1,101,1
490,123,19,1,89,1
491,123,34,1,186,1
492,123,15,1,195,1
493,124,25,1,106,2
494,124,12,1,260,2
495,124,50,1,143,2
496,124,13,1,220,2
497,125,39,1,101,5
498,125,10,1,180,5
499,125,31,1,219,5
500,125,35,2,348,5
501,126,6,1,275,1
502,126,57,1,274,1
503,126,47,1,278,1
504,126,34,1,186,1
505,127,10,1,180,1
506,127,40,1,249,1
507,127,55,1,326,1
508,127,52,2,226,1
509,128,55,1,326,4
510,128,17,1,145,4
511,128,19,1,89,4
512,128,11,1,140,4
513,129,40,1,249,6
514,129,13,1,220,6
515,129,41,2,215,6
516,129,58,1,120,6
517,130,59,1,74,1
518,130,16,1,240,1
519,130,57,1,274,1
520,130,47,1,278,1
521,131,15,2,195,5
522,131,60,1,287,5
523,131,54,1,201,5
524,131,2,2,210,5
525,132,43,1,140,2
526,132,54,1,201,2
527,132,40,1,249,2
528,132,25,1,106,2
529,133,26,1,216,3
530,133,51,1,230,3
531,133,39,1,101,3
532,133,57,1,274,3
533,134,43,2,140,4
534,134,34,1,186,4
535,134,41,1,215,4
536,134,28,1,178,4
537,135,16,1,240,6
538,135,8,1,680,6
539,135,15,1,195,6
540,135,33,1,221,6
541,136,21,1,185,4
542,136,55,1,326,4
543,136,59,1,74,4
544,136,56,1,391,4
545,137,33,2,221,1
546,137,22,1,170,1
547,137,50,1,143,1
548,137,57,1,274,1
549,138,56,2,391,2
550,138,46,1,147,2
551,138,36,1,378,2
552,138,19,1,89,2
553,139,2,1,210,4
554,139,43,1,140,4
555,139,56,1,391,4
556,139,37,1,219,4
557,140,43,1,140,1
558,140,52,1,226,1
559,140,56,2,391,1
560,140,15,1,195,1
561,141,53,1,210,1
562,141,25,1,106,1
563,141,46,1,147,1
564,141,35,1,348,1
565,142,2,2,210,4
566,142,40,1,249,4
567,142,52,1,226,4
568,142,38,1,186,4
569,143,29,2,147,4
570,143,17,1,145,4
571,143,34,1,186,4
572,143,6,1,275,4
573,144,8,1,680,3
574,144,33,1,221,3
575,144,40,2,249,3
576,144,15,1,195,3
577,145,50,1,143,5
578,145,52,1,226,5
579,145,15,1,195,5
580,145,1,1,125,5
581,146,30,1,173,1
582,146,28,1,178,1
583,146,11,1,140,1
584,146,4,2,160,1
585,147,38,1,186,4
586,147,57,2,274,4
587,147,15,1,195,4
588,147,21,1,185,4
589,148,38,1,186,1
590,148,19,1,89,1
591,148,4,1,160,1
592,148,1,1,125,1
593,149,9,1,520,4
594,149,46,1,147,4
595,149,60,1,287,4
596,149,28,2,178,4
597,150,54,1,201,3
598,150,10,1,180,3
599,150,48,1,196,3
600,150,13,2,220,3
601,151,47,1,278,6
602,151,35,1,348,6
603,151,43,1,140,6
604,151,40,1,249,6
605,152,47,2,278,6
606,152,34,1,186,6
607,152,33,1,221,6
608,152,32,1,219,6
609,153,56,1,391,2
610,153,51,2,230,2
611,153,59,1,74,2
612,153,17,1,145,2
613,154,40,1,249,1
614,154,34,1,186,1
615,154,35,2,348,1
616,154,51,1,230,1
617,155,14,1,780,1
618,155,43,1,140,1
619,155,53,1,210,1
620,155,50,1,143,1
621,156,42,2,113,5
622,156,35,1,348,5
623,156,38,1,186,5
624,156,11,1,140,5
625,157,26,1,216,2
626,157,33,1,221,2
627,157,24,1,190,2
628,157,51,1,230,2
629,158,34,1,186,1
630,158,42,1,113,1
631,158,26,1,216,1
632,158,15,1,195,1
633,159,53,2,210,1
634,159,33,1,221,1
635,159,50,1,143,1
636,159,24,1,190,1
637,160,42,1,113,1
638,160,51,1,230,1
639,160,53,1,210,1
640,160,60,1,287,1
641,161,15,1,195,4
642,161,41,1,215,4
643,161,39,1,101,4
644,161,20,1,115,4
645,162,33,1,221,1
646,162,35,1,348,1
647,162,1,1,125,1
648,162,27,1,281,1
649,163,13,1,220,6
650,163,4,1,160,6
651,163,55,1,326,6
652,163,8,1,680,6
653,164,12,1,260,5
654,164,6,1,275,5
655,164,49,1,103,5
656,164,28,1,178,5
657,165,56,1,391,5
658,165,26,1,216,5
659,165,30,1,173,5
660,165,36,1,378,5
661,166,31,2,219,5
662,166,13,1,220,5
663,166,8,1,680,5
664,166,32,1,219,5
665,167,33,1,221,5
666,167,52,1,226,5
667,167,59,1,74,5
668,167,15,1,195,5
669,168,57,1,274,2
670,168,31,1,219,2
671,168,19,1,89,2
672,168,36,1,378,2
673,169,4,2,160,5
674,169,32,1,219,5
675,169,26,1,216,5
676,169,52,2,226,5
677,170,49,2,103,6
678,170,27,1,281,6
679,170,4,1,160,6
680,170,30,1,173,6
681,171,30,1,173,1
682,171,15,1,195,1
683,171,2,1,210,1
684,171,3,1,95,1
685,172,35,1,348,4
686,172,50,1,143,4
687,172,37,1,219,4
688,172,40,1,249,4
689,173,5,1,340,1
690,173,3,1,95,1
691,173,39,1,101,1
692,173,18,1,310,1
693,174,60,1,287,4
694,174,49,1,103,4
695,174,40,1,249,4
696,174,43,1,140,4
697,175,35,1,348,5
698,175,47,1,278,5
699,175,3,1,95,5
700,175,21,1,185,5
701,176,42,1,113,1
702,176,25,2,106,1
703,176,45,1,122,1
704,176,48,1,196,1
705,177,48,1,196,4
706,177,19,2,89,4
707,177,37,1,219,4
708,177,55,1,326,4
709,178,46,1,147,1
710,178,40,1,249,1
711,178,49,1,103,1
712,178,42,1,113,1
713,179,31,1,219,1
714,179,20,2,115,1
715,179,6,1,275,1
716,179,59,1,74,1
717,180,20,1,115,6
718,180,29,1,147,6
719,180,48,1,196,6
720,180,52,1,226,6
721,181,50,2,143,4
722,181,55,1,326,4
723,181,29,1,147,4
724,181,3,1,95,4
725,182,60,1,287,4
726,182,43,1,140,4
727,182,29,1,147,4
728,182,28,1,178,4
729,183,15,2,195,2
730,183,52,1,226,2
731,183,11,1,140,2
732,183,54,1,201,2
733,184,10,1,180,5
734,184,43,1,140,5
735,184,60,1,287,5
736,184,16,1,240,5
737,185,60,2,287,1
738,185,55,1,326,1
739,185,50,1,143,1
740,185,10,1,180,1
741,186,2,1,210,6
742,186,16,1,240,6
743,186,27,1,281,6
744,186,20,1,115,6
745,187,46,1,147,3
746,187,56,2,391,3
747,187,32,1,219,3
748,187,40,1,249,3
749,188,47,1,278,3
750,188,37,1,219,3
751,188,21,2,185,3
752,188,40,1,249,3
753,189,28,1,178,2
754,189,31,1,219,2
755,189,32,1,219,2
756,189,41,1,215,2
757,190,47,1,278,6
758,190,50,1,143,6
759,190,21,1,185,6
760,190,59,1,74,6
761,191,25,1,106,2
762,191,33,1,221,2
763,191,41,1,215,2
764,191,24,1,190,2
765,192,28,1,178,6
766,192,50,1,143,6
767,192,55,1,326,6
768,192,30,2,173,6
769,193,33,1,221,4
770,193,46,1,147,4
771,193,45,1,122,4
772,193,53,2,210,4
773,194,45,1,122,5
774,194,37,1,219,5
775,194,27,1,281,5
776,194,46,1,147,5
777,195,12,1,260,1
778,195,2,1,210,1
779,195,45,1,122,1
780,195,11,1,140,1
781,196,47,2,278,3
782,196,17,1,145,3
783,196,35,1,348,3
784,196,36,1,378,3
785,197,35,1,348,4
786,197,16,1,240,4
787,197,2,2,210,4
788,197,12,1,260,4
789,198,27,1,281,3
790,198,26,1,216,3
791,198,60,1,287,3
792,198,50,1,143,3
793,199,46,1,147,5
794,199,6,1,275,5
795,199,34,1,186,5
796,199,37,2,219,5
797,200,43,1,140,1
798,200,47,1,278,1
799,200,29,1,147,1
800,200,45,1,122,1
801,201,47,1,278,3
802,201,32,1,219,3
803,201,12,1,260,3
804,201,19,1,89,3
805,202,13,1,220,3
806,202,6,1,275,3
807,202,28,2,178,3
808,202,39,1,101,3
809,203,28,2,178,6
810,203,41,1,215,6
811,203,11,1,140,6
812,203,24,1,190,6
813,204,13,1,220,5
814,204,11,1,140,5
815,204,24,1,190,5
816,204,21,1,185,5
817,205,11,1,140,1
818,205,32,1,219,1
819,205,19,1,89,1
820,205,31,1,219,1
821,206,30,1,173,5
822,206,37,1,219,5
823,206,48,1,196,5
824,206,32,1,219,5
825,207,37,1,219,3
826,207,34,1,186,3
827,207,26,1,216,3
828,207,11,1,140,3
829,208,49,1,103,1
830,208,51,1,230,1
831,208,46,1,147,1
832,208,27,1,281,1
833,209,8,1,680,4
834,209,49,1,103,4
835,209,37,1,219,4
836,209,52,1,226,4
837,210,12,1,260,4
838,210,56,1,391,4
839,210,58,1,120,4
840,210,49,2,103,4
841,211,28,1,178,6
842,211,59,1,74,6
843,211,51,2,230,6
844,211,30,1,173,6
845,212,43,2,140,5
846,212,8,1,680,5
847,212,52,1,226,5
848,212,51,2,230,5
849,213,43,1,140,4
850,213,39,1,101,4
851,213,10,1,180,4
852,213,32,2,219,4
853,214,51,1,230,1
854,214,53,1,210,1
855,214,24,1,190,1
856,214,55,1,326,1
857,215,42,1,113,6
858,215,4,1,160,6
859,215,48,1,196,6
860,215,52,1,226,6
861,216,39,1,101,4
862,216,42,2,113,4
863,216,55,1,326,4
864,216,43,2,140,4
865,217,24,1,190,5
866,217,28,1,178,5
867,217,33,2,221,5
868,217,60,1,287,5
869,218,55,1,326,1
870,218,12,1,260,1
871,218,2,1,210,1
872,218,24,1,190,1
873,219,52,2,226,5
874,219,36,1,378,5
875,219,59,2,74,5
876,219,23,1,145,5
877,220,40,1,249,1
878,220,42,1,113,1
879,220,45,1,122,1
880,220,33,1,221,1
881,221,39,1,101,2
882,221,11,2,140,2
883,221,27,1,281,2
884,221,57,1,274,2
885,222,37,1,219,4
886,222,48,1,196,4
887,222,39,2,101,4
888,222,46,2,147,4
889,223,45,1,122,2
890,223,29,1,147,2
891,223,48,1,196,2
892,223,8,1,680,2
893,224,23,1,145,6
894,224,29,1,147,6
895,224,33,1,221,6
896,224,15,1,195,6
897,225,30,1,173,1
898,225,32,1,219,1
899,225,6,1,275,1
900,225,12,1,260,1
901,226,34,1,186,1
902,226,27,1,281,1
903,226,13,1,220,1
904,226,10,1,180,1
905,227,16,1,240,3
906,227,52,1,226,3
907,227,20,1,115,3
908,227,28,1,178,3
909,228,6,1,275,6
910,228,56,2,391,6
911,228,46,2,147,6
912,228,32,1,219,6
913,229,2,1,210,1
914,229,25,1,106,1
915,229,51,1,230,1
916,229,10,2,180,1
917,230,50,2,143,1
918,230,43,2,140,1
919,230,15,1,195,1
920,230,57,1,274,1
921,231,28,1,178,4
922,231,31,1,219,4
923,231,20,1,115,4
924,231,40,1,249,4
925,232,49,1,103,6
926,232,52,1,226,6
927,232,36,1,378,6
928,232,54,1,201,6
929,233,19,1,89,1
930,233,56,1,391,1
931,233,25,1,106,1
932,233,46,1,147,1
933,234,40,1,249,5
934,234,60,2,287,5
935,234,41,2,215,5
936,234,47,1,278,5
937,235,51,1,230,6
938,235,35,1,348,6
939,235,50,1,143,6
940,235,55,2,326,6
941,236,17,1,145,4
942,236,40,1,249,4
943,236,1,1,125,4
944,236,27,1,281,4
945,237,37,1,219,6
946,237,27,1,281,6
947,237,42,1,113,6
948,237,54,1,201,6
949,238,20,1,115,4
950,238,33,1,221,4
951,238,36,1,378,4
952,238,31,1,219,4
953,239,46,1,147,2
954,239,40,2,249,2
955,239,57,1,274,2
956,239,51,1,230,2
957,240,37,1,219,5
958,240,42,1,113,5
959,240,45,1,122,5
960,240,26,1,216,5
961,241,32,1,219,4
962,241,39,1,101,4
963,241,5,1,340,4
964,241,18,1,310,4
965,242,26,1,216,3
966,242,27,1,281,3
967,242,40,1,249,3
968,242,39,2,101,3
969,243,20,1,115,4
970,243,28,1,178,4
971,243,50,1,143,4
972,243,47,1,278,4
973,244,28,1,178,1
974,244,2,2,210,1
975,244,52,1,226,1
976,244,33,1,221,1
977,245,20,1,115,3
978,245,37,1,219,3
979,245,55,1,326,3
980,245,29,1,147,3
981,246,47,1,278,4
982,246,2,1,210,4
983,246,35,1,348,4
984,246,30,1,173,4
985,247,46,1,147,1
986,247,7,1,420,1
987,247,59,1,74,1
988,247,13,1,220,1
989,248,15,2,195,1
990,248,41,1,215,1
991,248,17,1,145,1
992,248,12,1,260,1
993,249,46,2,147,5
994,249,3,1,95,5
995,249,60,1,287,5
996,249,35,1,348,5
997,250,54,1,201,3
998,250,15,1,195,3
999,250,6,1,275,3
1000,250,32,1,219,3
1001,251,45,1,122,2
1002,251,13,1,220,2
1003,251,10,1,180,2
1004,251,31,1,219,2
1005,252,43,1,140,1
1006,252,54,1,201,1
1007,252,36,2,378,1
1008,252,53,1,210,1
1009,253,33,1,221,4
1010,253,19,1,89,4
1011,253,13,1,220,4
1012,253,4,1,160,4
1013,254,32,1,219,1
1014,254,4,2,160,1
1015,254,17,1,145,1
1016,254,42,1,113,1
1017,255,52,1,226,6
1018,255,43,1,140,6
1019,255,5,1,340,6
1020,255,39,1,101,6
1021,256,12,1,260,6
1022,256,56,1,391,6
1023,256,26,2,216,6
1024,256,3,1,95,6
1025,257,46,1,147,4
1026,257,56,1,391,4
1027,257,17,1,145,4
1028,257,5,1,340,4
1029,258,53,1,210,4
1030,258,5,1,340,4
1031,258,43,1,140,4
1032,258,34,1,186,4
1033,259,23,2,145,1
1034,259,17,1,145,1
1035,259,12,2,260,1
1036,259,50,2,143,1
1037,260,51,1,230,6
1038,260,55,2,326,6
1039,260,20,1,115,6
1040,260,13,1,220,6
1041,261,25,1,106,6
1042,261,15,1,195,6
1043,261,26,1,216,6
1044,261,53,2,210,6
1045,262,13,1,220,3
1046,262,47,1,278,3
1047,262,5,2,340,3
1048,262,25,1,106,3
1049,263,6,1,275,3
1050,263,56,1,391,3
1051,263,9,1,520,3
1052,263,43,1,140,3
1053,264,42,2,113,2
1054,264,50,1,143,2
1055,264,57,1,274,2
1056,264,5,1,340,2
1057,265,52,1,226,5
1058,265,53,1,210,5
1059,265,56,1,391,5
1060,265,17,1,145,5
1061,266,2,1,210,1
1062,266,13,1,220,1
1063,266,41,1,215,1
1064,266,53,2,210,1
1065,267,57,1,274,1
1066,267,45,1,122,1
1067,267,28,1,178,1
1068,267,31,1,219,1
1069,268,45,1,122,3
1070,268,59,1,74,3
1071,268,8,1,680,3
1072,268,13,1,220,3
1073,269,32,1,219,3
1074,269,56,1,391,3
1075,269,11,1,140,3
1076,269,15,1,195,3
1077,270,50,1,143,3
1078,270,56,1,391,3
1079,270,36,1,378,3
1080,270,24,1,190,3
1081,271,10,2,180,5
1082,271,26,2,216,5
1083,271,24,1,190,5
1084,271,41,1,215,5
1085,272,21,1,185,6
1086,272,36,2,378,6
1087,272,27,1,281,6
1088,272,50,1,143,6
1089,273,53,1,210,1
1090,273,39,1,101,1
1091,273,29,1,147,1
1092,273,11,1,140,1
1093,274,39,1,101,4
1094,274,52,1,226,4
1095,274,49,1,103,4
1096,274,60,1,287,4
1097,275,37,1,219,3
1098,275,17,2,145,3
1099,275,11,1,140,3
1100,275,26,1,216,3
1101,276,1,1,125,1
1102,276,19,1,89,1
1103,276,49,1,103,1
1104,276,51,1,230,1
1105,277,30,1,173,5
1106,277,34,1,186,5
1107,277,20,1,115,5
1108,277,35,1,348,5
1109,278,15,2,195,5
1110,278,21,1,185,5
1111,278,8,1,680,5
1112,278,51,1,230,5
1113,279,52,1,226,5
1114,279,45,1,122,5
1115,279,54,1,201,5
1116,279,18,1,310,5
1117,280,42,1,113,2
1118,280,38,1,186,2
1119,280,20,1,115,2
1120,280,37,2,219,2
1121,281,20,1,115,2
1122,281,59,1,74,2
1123,281,21,1,185,2
1124,281,45,1,122,2
1125,282,22,1,170,4
1126,282,29,1,147,4
1127,282,59,1,74,4
1128,282,16,1,240,4
1129,283,57,1,274,5
1130,283,27,1,281,5
1131,283,28,1,178,5
1132,283,11,2,140,5
1133,284,24,1,190,6
1134,284,31,1,219,6
1135,284,56,1,391,6
1136,284,49,1,103,6
1137,285,51,1,230,5
1138,285,47,1,278,5
1139,285,55,1,326,5
1140,285,17,1,145,5
1141,286,34,1,186,1
1142,286,4,1,160,1
1143,286,50,1,143,1
1144,286,37,1,219,1
1145,287,52,1,226,1
1146,287,6,1,275,1
1147,287,43,1,140,1
1148,287,56,1,391,1
1149,288,13,1,220,5
1150,288,40,1,249,5
1151,288,42,1,113,5
1152,288,7,1,420,5
1153,289,51,1,230,1
1154,289,41,1,215,1
1155,289,37,1,219,1
1156,289,4,1,160,1
1157,290,34,2,186,6
1158,290,18,1,310,6
1159,290,25,1,106,6
1160,290,46,2,147,6
1161,291,4,1,160,4
1162,291,8,1,680,4
1163,291,57,1,274,4
1164,291,37,1,219,4
1165,292,55,1,326,3
1166,292,24,1,190,3
1167,292,53,1,210,3
1168,292,33,1,221,3
1169,293,28,1,178,1
1170,293,41,1,215,1
1171,293,45,1,122,1
1172,293,15,1,195,1
1173,294,34,1,186,2
1174,294,40,1,249,2
1175,294,26,1,216,2
1176,294,6,1,275,2
1177,295,47,1,278,4
1178,295,42,1,113,4
1179,295,29,1,147,4
1180,295,39,1,101,4
1181,296,56,1,391,6
1182,296,41,1,215,6
1183,296,24,1,190,6
1184,296,34,1,186,6
1185,297,5,1,340,5
1186,297,35,1,348,5
1187,297,27,1,281,5
1188,297,52,1,226,5
1189,298,56,1,391,4
1190,298,59,1,74,4
1191,298,10,2,180,4
1192,298,33,1,221,4
1193,299,27,1,281,4
1194,299,42,1,113,4
1195,299,32,1,219,4
1196,299,10,1,180,4
1197,300,43,1,140,1
1198,300,54,1,201,1
1199,300,32,1,219,1
1200,300,58,1,120,1
1201,301,28,1,178,2
1202,301,54,1,201,2
1203,301,52,1,226,2
1204,301,19,2,89,2
1205,302,26,1,216,4
1206,302,59,1,74,4
1207,302,34,1,186,4
1208,302,33,1,221,4
1209,303,42,1,113,1
1210,303,18,1,310,1
1211,303,28,1,178,1
1212,303,3,1,95,1
1213,304,30,1,173,1
1214,304,47,1,278,1
1215,304,10,1,180,1
1216,304,15,1,195,1
1217,305,4,1,160,3
1218,305,13,1,220,3
1219,305,3,1,95,3
1220,305,49,1,103,3
1221,306,6,1,275,6
1222,306,60,1,287,6
1223,306,33,1,221,6
1224,306,3,1,95,6
1225,307,5,1,340,6
1226,307,32,2,219,6
1227,307,39,1,101,6
1228,307,44,1,305,6
1229,308,17,1,145,6
1230,308,20,1,115,6
1231,308,37,2,219,6
1232,308,41,1,215,6
1233,309,30,1,173,1
1234,309,20,1,115,1
1235,309,49,1,103,1
1236,309,36,1,378,1
1237,310,14,1,780,5
1238,310,59,1,74,5
1239,310,6,1,275,5
1240,310,57,1,274,5
1241,311,25,1,106,3
1242,311,32,1,219,3
1243,311,11,1,140,3
1244,311,4,1,160,3
1245,312,8,1,680,6
1246,312,26,2,216,6
1247,312,19,1,89,6
1248,312,22,1,170,6
1249,313,23,1,145,6
1250,313,11,1,140,6
1251,313,60,1,287,6
1252,313,50,1,143,6
1253,314,45,1,122,4
1254,314,37,1,219,4
1255,314,7,1,420,4
1256,314,44,1,305,4
1257,315,56,1,391,4
1258,315,60,1,287,4
1259,315,3,1,95,4
1260,315,1,1,125,4
1261,316,30,1,173,1
1262,316,60,2,287,1
1263,316,25,1,106,1
1264,316,40,1,249,1
1265,317,27,1,281,2
1266,317,40,1,249,2
1267,317,57,1,274,2
1268,317,8,1,680,2
1269,318,17,1,145,2
1270,318,15,1,195,2
1271,318,4,1,160,2
1272,318,7,1,420,2
1273,319,47,1,278,6
1274,319,18,1,310,6
1275,319,57,1,274,6
1276,319,51,1,230,6
1277,320,25,2,106,1
1278,320,46,1,147,1
1279,320,48,1,196,1
1280,320,31,1,219,1
1281,321,49,1,103,5
1282,321,46,2,147,5
1283,321,11,1,140,5
1284,321,35,1,348,5
1285,322,28,1,178,6
1286,322,17,2,145,6
1287,322,10,1,180,6
1288,322,32,1,219,6
1289,323,32,1,219,4
1290,323,39,1,101,4
1291,323,50,1,143,4
1292,323,28,1,178,4
1293,324,33,2,221,5
1294,324,15,2,195,5
1295,324,31,1,219,5
1296,324,35,1,348,5
1297,325,33,1,221,6
1298,325,41,1,215,6
1299,325,49,1,103,6
1300,325,39,1,101,6
1301,326,13,1,220,1
1302,326,8,1,680,1
1303,326,26,1,216,1
1304,326,40,2,249,1
1305,327,17,1,145,4
1306,327,59,1,74,4
1307,327,56,1,391,4
1308,327,8,1,680,4
1309,328,17,1,145,1
1310,328,29,1,147,1
1311,328,45,1,122,1
1312,328,41,1,215,1
1313,329,34,1,186,3
1314,329,55,1,326,3
1315,329,3,2,95,3
1316,329,11,1,140,3
1317,330,29,1,147,1
1318,330,49,1,103,1
1319,330,21,2,185,1
1320,330,58,1,120,1
1321,331,20,1,115,4
1322,331,48,1,196,4
1323,331,54,1,201,4
1324,331,11,1,140,4
1325,332,12,1,260,5
1326,332,15,1,195,5
1327,332,46,1,147,5
1328,332,50,1,143,5
1329,333,12,1,260,5
1330,333,2,1,210,5
1331,333,10,1,180,5
1332,333,47,1,278,5
1333,334,11,1,140,1
1334,334,16,1,240,1
1335,334,10,1,180,1
1336,334,2,2,210,1
1337,335,4,1,160,4
1338,335,50,1,143,4
1339,335,8,1,680,4
1340,335,11,1,140,4
1341,336,33,1,221,4
1342,336,11,1,140,4
1343,336,51,1,230,4
1344,336,54,1,201,4
1345,337,17,1,145,6
1346,337,47,1,278,6
1347,337,46,1,147,6
1348,337,28,1,178,6
1349,338,37,1,219,5
1350,338,54,1,201,5
1351,338,29,1,147,5
1352,338,36,1,378,5
1353,339,13,1,220,1
1354,339,49,1,103,1
1355,339,34,1,186,1
1356,339,47,1,278,1
1357,340,29,1,147,6
1358,340,32,1,219,6
1359,340,59,1,74,6
1360,340,52,1,226,6
1361,341,60,1,287,4
1362,341,5,1,340,4
1363,341,26,1,216,4
1364,341,4,1,160,4
1365,342,32,1,219,1
1366,342,37,1,219,1
1367,342,52,1,226,1
1368,342,31,1,219,1
1369,343,32,1,219,1
1370,343,15,1,195,1
1371,343,47,2,278,1
1372,343,42,1,113,1
1373,344,48,1,196,1
1374,344,20,1,115,1
1375,344,49,1,103,1
1376,344,21,1,185,1
1377,345,55,1,326,1
1378,345,41,2,215,1
1379,345,15,1,195,1
1380,345,52,1,226,1
1381,346,40,1,249,4
1382,346,6,1,275,4
1383,346,39,1,101,4
1384,346,53,1,210,4
1385,347,47,1,278,4
1386,347,5,1,340,4
1387,347,12,1,260,4
1388,347,41,1,215,4
1389,348,55,2,326,4
1390,348,49,1,103,4
1391,348,28,1,178,4
1392,348,21,2,185,4
1393,349,1,1,125,2
1394,349,55,1,326,2
1395,349,33,1,221,2
1396,349,24,1,190,2
1397,350,53,1,210,4
1398,350,20,1,115,4
1399,350,46,2,147,4
1400,350,50,1,143,4
1401,351,4,2,160,4
1402,351,8,2,680,4
1403,351,26,1,216,4
1404,351,32,1,219,4
1405,352,35,1,348,5
1406,352,43,1,140,5
1407,352,24,1,190,5
1408,352,2,1,210,5
1409,353,3,1,95,5
1410,353,57,1,274,5
1411,353,34,1,186,5
1412,353,38,1,186,5
1413,354,35,1,348,1
1414,354,40,2,249,1
1415,354,1,1,125,1
1416,354,31,2,219,1
1417,355,38,1,186,4
1418,355,12,1,260,4
1419,355,36,1,378,4
1420,355,45,1,122,4
1421,356,51,2,230,5
1422,356,24,1,190,5
1423,356,46,1,147,5
1424,356,41,1,215,5
1425,357,55,1,326,3
1426,357,59,2,74,3
1427,357,2,1,210,3
1428,357,45,1,122,3
1429,358,47,1,278,2
1430,358,32,2,219,2
1431,358,48,1,196,2
1432,358,10,2,180,2
1433,359,5,1,340,4
1434,359,26,1,216,4
1435,359,49,1,103,4
1436,359,16,1,240,4
1437,360,33,1,221,4
1438,360,9,1,520,4
1439,360,5,1,340,4
1440,360,47,1,278,4
1441,361,50,1,143,4
1442,361,5,1,340,4
1443,361,48,1,196,4
1444,361,15,1,195,4
1445,362,15,1,195,1
1446,362,20,1,115,1
1447,362,59,1,74,1
1448,362,42,2,113,1
1449,363,48,1,196,5
1450,363,12,1,260,5
1451,363,13,1,220,5
1452,363,25,2,106,5
1453,364,49,1,103,1
1454,364,45,1,122,1
1455,364,15,1,195,1
1456,364,6,1,275,1
1457,365,10,2,180,6
1458,365,55,1,326,6
1459,365,43,1,140,6
1460,365,2,1,210,6
1461,366,24,1,190,4
1462,366,26,1,216,4
1463,366,32,1,219,4
1464,366,59,1,74,4
1465,367,20,1,115,3
1466,367,11,1,140,3
1467,367,47,1,278,3
1468,367,40,1,249,3
1469,368,41,1,215,2
1470,368,49,1,103,2
1471,368,28,1,178,2
1472,368,13,1,220,2
1473,369,21,1,185,3
1474,369,26,1,216,3
1475,369,33,1,221,3
1476,369,46,1,147,3
1477,370,4,1,160,5
1478,370,42,1,113,5
1479,370,54,1,201,5
1480,370,57,1,274,5
1481,371,59,1,74,4
1482,371,27,1,281,4
1483,371,48,1,196,4
1484,371,43,1,140,4
1485,372,31,1,219,1
1486,372,45,1,122,1
1487,372,21,1,185,1
1488,372,32,1,219,1
1489,373,35,1,348,3
1490,373,2,1,210,3
1491,373,39,1,101,3
1492,373,44,1,305,3
1493,374,7,1,420,1
1494,374,32,1,219,1
1495,374,31,1,219,1
1496,374,12,1,260,1
1497,375,51,1,230,5
1498,375,40,1,249,5
1499,375,28,1,178,5
1500,375,25,1,106,5
1501,376,6,1,275,3
1502,376,17,1,145,3
1503,376,20,1,115,3
1504,376,26,1,216,3
1505,377,19,2,89,5
1506,377,35,1,348,5
1507,377,42,1,113,5
1508,377,8,1,680,5
1509,378,5,1,340,6
1510,378,57,2,274,6
1511,378,51,1,230,6
1512,378,35,2,348,6
1513,379,27,2,281,1
1514,379,33,1,221,1
1515,379,50,1,143,1
1516,379,49,1,103,1
1517,380,46,1,147,2
1518,380,11,1,140,2
1519,380,4,1,160,2
1520,380,53,1,210,2
1521,381,4,1,160,1
1522,381,3,1,95,1
1523,381,11,1,140,1
1524,381,50,1,143,1
1525,382,50,1,143,1
1526,382,39,1,101,1
1527,382,15,2,195,1
1528,382,24,1,190,1
1529,383,35,1,348,4
1530,383,50,1,143,4
1531,383,4,1,160,4
1532,383,25,1,106,4
1533,384,41,1,215,1
1534,384,60,1,287,1
1535,384,29,1,147,1
1536,384,56,1,391,1
1537,385,6,1,275,4
1538,385,2,1,210,4
1539,385,12,1,260,4
1540,385,30,2,173,4
1541,386,1,1,125,6
1542,386,57,1,274,6
1543,386,50,2,143,6
1544,386,48,1,196,6
1545,387,51,1,230,2
1546,387,25,1,106,2
1547,387,17,1,145,2
1548,387,40,2,249,2
1549,388,2,2,210,3
1550,388,32,1,219,3
1551,388,28,1,178,3
1552,388,55,1,326,3
1553,389,38,2,186,2
1554,389,52,1,226,2
1555,389,35,1,348,2
1556,389,36,2,378,2
1557,390,40,1,249,6
1558,390,60,1,287,6
1559,390,5,1,340,6
1560,390,20,1,115,6
1561,391,47,2,278,6
1562,391,53,1,210,6
1563,391,54,1,201,6
1564,391,2,1,210,6
1565,392,48,1,196,1
1566,392,13,1,220,1
1567,392,5,1,340,1
1568,392,33,1,221,1
1569,393,10,1,180,4
1570,393,45,1,122,4
1571,393,52,1,226,4
1572,393,37,1,219,4
1573,394,51,1,230,6
1574,394,46,1,147,6
1575,394,48,1,196,6
1576,394,15,1,195,6
1577,395,35,1,348,3
1578,395,47,1,278,3
1579,395,26,1,216,3
1580,395,38,1,186,3
1581,396,12,1,260,5
1582,396,47,1,278,5
1583,396,48,1,196,5
1584,396,30,1,173,5
1585,397,39,1,101,6
1586,397,5,1,340,6
1587,397,12,1,260,6
1588,397,43,1,140,6
1589,398,50,1,143,1
1590,398,47,1,278,1
1591,398,4,1,160,1
1592,398,12,1,260,1
1593,399,10,2,180,5
1594,399,1,1,125,5
1595,399,4,1,160,5
1596,399,30,1,173,5
1597,400,20,1,115,6
1598,400,49,1,103,6
1599,400,57,1,274,6
1600,400,21,2,185,6
1601,401,47,1,278,5
1602,401,40,1,249,5
1603,401,29,1,147,5
1604,401,56,1,391,5
1605,402,53,1,210,2
1606,402,40,1,249,2
1607,402,28,2,178,2
1608,402,24,1,190,2
1609,403,17,2,145,5
1610,403,13,1,220,5
1611,403,15,1,195,5
1612,403,25,1,106,5
1613,404,42,1,113,1
1614,404,45,2,122,1
1615,404,52,1,226,1
1616,404,15,1,195,1
1617,405,4,1,160,2
1618,405,10,1,180,2
1619,405,29,1,147,2
1620,405,47,1,278,2
1621,406,6,2,275,4
1622,406,60,1,287,4
1623,406,46,1,147,4
1624,406,31,1,219,4
1625,407,4,1,160,4
1626,407,46,1,147,4
1627,407,52,1,226,4
1628,407,28,1,178,4
1629,408,31,1,219,6
1630,408,49,1,103,6
1631,408,53,1,210,6
1632,408,4,1,160,6
1633,409,37,1,219,1
1634,409,8,1,680,1
1635,409,12,1,260,1
1636,409,52,1,226,1
1637,410,4,1,160,3
1638,410,50,1,143,3
1639,410,5,1,340,3
1640,410,15,1,195,3
1641,411,14,1,780,4
1642,411,5,1,340,4
1643,411,55,1,326,4
1644,411,46,1,147,4
1645,412,33,1,221,2
1646,412,29,1,147,2
1647,412,11,1,140,2
1648,412,40,1,249,2
1649,413,56,1,391,4
1650,413,36,1,378,4
1651,413,29,1,147,4
1652,413,21,2,185,4
1653,414,10,1,180,1
1654,414,26,1,216,1
1655,414,57,1,274,1
1656,414,52,1,226,1
1657,415,15,1,195,2
1658,415,20,1,115,2
1659,415,53,1,210,2
1660,415,43,1,140,2
1661,416,39,1,101,6
1662,416,48,1,196,6
1663,416,29,1,147,6
1664,416,16,1,240,6
1665,417,45,1,122,1
1666,417,39,2,101,1
1667,417,31,1,219,1
1668,417,55,1,326,1
1669,418,13,1,220,1
1670,418,11,2,140,1
1671,418,17,1,145,1
1672,418,56,1,391,1
1673,419,51,2,230,4
1674,419,32,1,219,4
1675,419,43,1,140,4
1676,419,12,1,260,4
1677,420,19,1,89,3
1678,420,32,1,219,3
1679,420,39,1,101,3
1680,420,49,1,103,3
1681,421,22,1,170,5
1682,421,57,1,274,5
1683,421,11,1,140,5
1684,421,19,1,89,5
1685,422,30,1,173,3
1686,422,47,2,278,3
1687,422,2,1,210,3
1688,422,59,1,74,3
1689,423,35,1,348,1
1690,423,51,1,230,1
1691,423,53,1,210,1
1692,423,54,1,201,1
1693,424,49,1,103,4
1694,424,46,1,147,4
1695,424,47,1,278,4
1696,424,8,1,680,4
1697,425,13,1,220,4
1698,425,39,1,101,4
1699,425,24,1,190,4
1700,425,38,1,186,4
1701,426,27,1,281,1
1702,426,26,1,216,1
1703,426,35,1,348,1
1704,426,40,2,249,1
1705,427,25,2,106,6
1706,427,41,1,215,6
1707,427,39,1,101,6
1708,427,21,1,185,6
1709,428,40,1,249,3
1710,428,59,1,74,3
1711,428,45,1,122,3
1712,428,29,1,147,3
1713,429,22,1,170,4
1714,429,3,1,95,4
1715,429,46,1,147,4
1716,429,57,1,274,4
1717,430,45,2,122,1
1718,430,56,1,391,1
1719,430,36,1,378,1
1720,430,4,1,160,1
1721,431,57,1,274,4
1722,431,23,1,145,4
1723,431,46,1,147,4
1724,431,11,1,140,4
1725,432,60,1,287,3
1726,432,49,1,103,3
1727,432,32,1,219,3
1728,432,22,1,170,3
1729,433,43,1,140,3
1730,433,52,1,226,3
1731,433,60,1,287,3
1732,433,59,1,74,3
1733,434,5,2,340,4
1734,434,16,1,240,4
1735,434,32,1,219,4
1736,434,20,1,115,4
1737,435,42,1,113,6
1738,435,26,1,216,6
1739,435,57,1,274,6
1740,435,33,1,221,6
1741,436,25,1,106,6
1742,436,27,1,281,6
1743,436,49,1,103,6
1744,436,1,1,125,6
1745,437,28,1,178,1
1746,437,12,1,260,1
1747,437,5,1,340,1
1748,437,21,1,185,1
1749,438,56,1,391,5
1750,438,34,1,186,5
1751,438,47,1,278,5
1752,438,28,1,178,5
1753,439,55,1,326,4
1754,439,48,1,196,4
1755,439,53,1,210,4
1756,439,8,1,680,4
1757,440,24,1,190,1
1758,440,13,1,220,1
1759,440,45,1,122,1
1760,440,36,2,378,1
1761,441,52,1,226,3
1762,441,40,2,249,3
1763,441,8,1,680,3
1764,441,14,1,780,3
1765,442,51,1,230,5
1766,442,42,1,113,5
1767,442,28,2,178,5
1768,442,25,1,106,5
1769,443,35,1,348,1
1770,443,39,1,101,1
1771,443,30,2,173,1
1772,443,3,1,95,1
1773,444,36,1,378,5
1774,444,30,1,173,5
1775,444,34,1,186,5
1776,444,24,1,190,5
1777,445,5,1,340,4
1778,445,26,1,216,4
1779,445,54,1,201,4
1780,445,35,1,348,4
1781,446,8,1,680,1
1782,446,5,1,340,1
1783,446,24,1,190,1
1784,446,59,1,74,1
1785,447,47,1,278,3
1786,447,36,2,378,3
1787,447,41,1,215,3
1788,447,17,1,145,3
1789,448,42,1,113,2
1790,448,37,1,219,2
1791,448,41,1,215,2
1792,448,45,1,122,2
1793,449,47,1,278,4
1794,449,46,1,147,4
1795,449,42,1,113,4
1796,449,57,1,274,4
1797,450,33,1,221,1
1798,450,6,1,275,1
1799,450,42,1,113,1
1800,450,54,1,201,1
1801,451,25,1,106,4
1802,451,45,1,122,4
1803,451,54,1,201,4
1804,451,32,1,219,4
1805,452,2,2,210,1
1806,452,56,1,391,1
1807,452,26,1,216,1
1808,452,39,1,101,1
1809,453,41,1,215,1
1810,453,17,1,145,1
1811,453,56,1,391,1
1812,453,48,2,196,1
1813,454,39,1,101,4
1814,454,51,1,230,4
1815,454,19,1,89,4
1816,454,42,1,113,4
1817,455,48,1,196,1
1818,455,53,1,210,1
1819,455,13,1,220,1
1820,455,20,1,115,1
1821,456,28,2,178,4
1822,456,48,1,196,4
1823,456,12,1,260,4
1824,456,35,1,348,4
1825,457,44,1,305,1
1826,457,24,1,190,1
1827,457,46,1,147,1
1828,457,12,1,260,1
1829,458,4,1,160,1
1830,458,32,1,219,1
1831,458,60,2,287,1
1832,458,45,1,122,1
1833,459,5,2,340,2
1834,459,21,1,185,2
1835,459,24,1,190,2
1836,459,20,1,115,2
1837,460,8,1,680,4
1838,460,50,1,143,4
1839,460,25,1,106,4
1840,460,47,1,278,4
1841,461,6,1,275,3
1842,461,19,1,89,3
1843,461,47,1,278,3
1844,461,45,1,122,3
1845,462,35,1,348,4
1846,462,59,1,74,4
1847,462,31,1,219,4
1848,462,25,2,106,4
1849,463,3,1,95,1
1850,463,36,1,378,1
1851,463,59,1,74,1
1852,463,42,2,113,1
1853,464,26,1,216,5
1854,464,43,1,140,5
1855,464,13,1,220,5
1856,464,8,1,680,5
1857,465,6,1,275,1
1858,465,3,2,95,1
1859,465,56,1,391,1
1860,465,28,2,178,1
1861,466,28,1,178,1
1862,466,51,1,230,1
1863,466,31,1,219,1
1864,466,36,1,378,1
1865,467,29,1,147,3
1866,467,36,1,378,3
1867,467,50,1,143,3
1868,467,25,1,106,3
1869,468,14,2,780,4
1870,468,37,1,219,4
1871,468,42,1,113,4
1872,468,32,1,219,4
1873,469,29,1,147,3
1874,469,47,1,278,3
1875,469,16,2,240,3
1876,469,9,1,520,3
1877,470,15,1,195,4
1878,470,29,1,147,4
1879,470,33,1,221,4
1880,470,30,2,173,4
1881,471,56,2,391,5
1882,471,39,1,101,5
1883,471,21,1,185,5
1884,471,20,1,115,5
1885,472,56,2,391,4
1886,472,13,1,220,4
1887,472,15,1,195,4
1888,472,59,1,74,4
1889,473,13,1,220,3
1890,473,56,1,391,3
1891,473,48,1,196,3
1892,473,50,2,143,3
1893,474,52,1,226,4
1894,474,44,1,305,4
1895,474,22,1,170,4
1896,474,45,1,122,4
1897,475,24,1,190,4
1898,475,42,1,113,4
1899,475,12,2,260,4
1900,475,46,1,147,4
1901,476,47,1,278,3
1902,476,20,1,115,3
1903,476,9,1,520,3
1904,476,51,1,230,3
1905,477,46,2,147,5
1906,477,32,1,219,5
1907,477,40,1,249,5
1908,477,52,1,226,5
1909,478,53,1,210,1
1910,478,13,1,220,1
1911,478,36,1,378,1
1912,478,37,1,219,1
1913,479,3,1,95,4
1914,479,45,1,122,4
1915,479,40,1,249,4
1916,479,34,1,186,4
1917,480,29,1,147,3
1918,480,56,1,391,3
1919,480,10,1,180,3
1920,480,26,2,216,3
1921,481,47,1,278,5
1922,481,1,1,125,5
1923,481,12,1,260,5
1924,481,48,1,196,5
1925,482,8,1,680,1
1926,482,4,1,160,1
1927,482,57,1,274,1
1928,482,41,1,215,1
1929,483,51,1,230,2
1930,483,56,1,391,2
1931,483,30,1,173,2
1932,483,19,1,89,2
1933,484,11,1,140,5
1934,484,29,1,147,5
1935,484,51,1,230,5
1936,484,31,1,219,5
1937,485,6,1,275,1
1938,485,50,1,143,1
1939,485,44,1,305,1
1940,485,19,1,89,1
1941,486,19,1,89,5
1942,486,22,1,170,5
1943,486,35,1,348,5
1944,486,34,1,186,5
1945,487,3,1,95,1
1946,487,47,1,278,1
1947,487,11,1,140,1
1948,487,10,2,180,1
1949,488,20,1,115,1
1950,488,37,1,219,1
1951,488,43,1,140,1
1952,488,10,2,180,1
1953,489,25,2,106,2
1954,489,32,1,219,2
1955,489,55,1,326,2
1956,489,29,1,147,2
1957,490,37,1,219,4
1958,490,20,1,115,4
1959,490,46,1,147,4
1960,490,8,1,680,4
1961,491,4,2,160,2
1962,491,27,1,281,2
1963,491,48,1,196,2
1964,491,15,1,195,2
1965,492,7,1,420,5
1966,492,27,1,281,5
1967,492,53,1,210,5
1968,492,17,2,145,5
1969,493,25,1,106,6
1970,493,54,1,201,6
1971,493,39,1,101,6
1972,493,49,1,103,6
1973,494,6,1,275,1
1974,494,17,1,145,1
1975,494,56,1,391,1
1976,494,7,1,420,1
1977,495,60,2,287,6
1978,495,6,1,275,6
1979,495,19,2,89,6
1980,495,33,1,221,6
1981,496,42,1,113,1
1982,496,6,1,275,1
1983,496,31,1,219,1
1984,496,33,1,221,1
1985,497,26,1,216,5
1986,497,33,1,221,5
1987,497,9,1,520,5
1988,497,28,1,178,5
1989,498,53,1,210,4
1990,498,20,1,115,4
1991,498,38,2,186,4
1992,498,37,1,219,4
1993,499,54,1,201,1
1994,499,28,1,178,1
1995,499,23,1,145,1
1996,499,4,1,160,1
1997,500,58,2,120,1
1998,500,8,1,680,1
1999,500,21,1,185,1
2000,500,57,1,274,1
2001,501,43,1,140,5
2002,501,8,1,680,5
2003,501,52,1,226,5
2004,501,46,1,147,5
2005,502,37,1,219,6
2006,502,51,1,230,6
2007,502,30,1,173,6
2008,502,48,1,196,6
2009,503,15,1,195,2
2010,503,33,1,221,2
2011,503,51,1,230,2
2012,503,34,1,186,2
2013,504,40,2,249,1
2014,504,47,1,278,1
2015,504,4,1,160,1
2016,504,41,1,215,1
2017,505,39,1,101,1
2018,505,47,1,278,1
2019,505,4,2,160,1
2020,505,52,1,226,1
2021,506,6,1,275,5
2022,506,13,1,220,5
2023,506,55,1,326,5
2024,506,21,1,185,5
2025,507,21,2,185,1
2026,507,36,1,378,1
2027,507,46,1,147,1
2028,507,12,1,260,1
2029,508,46,1,147,2
2030,508,25,1,106,2
2031,508,36,1,378,2
2032,508,29,1,147,2
2033,509,28,1,178,3
2034,509,34,1,186,3
2035,509,29,1,147,3
2036,509,18,1,310,3
2037,510,41,1,215,1
2038,510,26,1,216,1
2039,510,56,1,391,1
2040,510,13,1,220,1
2041,511,8,1,680,6
2042,511,26,1,216,6
2043,511,2,1,210,6
2044,511,4,1,160,6
2045,512,33,1,221,2
2046,512,4,1,160,2
2047,512,36,1,378,2
2048,512,50,2,143,2
2049,513,24,1,190,1
2050,513,49,1,103,1
2051,513,29,1,147,1
2052,513,10,1,180,1
2053,514,4,1,160,1
2054,514,31,1,219,1
2055,514,27,1,281,1
2056,514,33,1,221,1
2057,515,25,1,106,2
2058,515,47,1,278,2
2059,515,2,1,210,2
2060,515,28,1,178,2
2061,516,50,1,143,1
2062,516,46,1,147,1
2063,516,18,1,310,1
2064,516,5,1,340,1
2065,517,8,1,680,1
2066,517,2,1,210,1
2067,517,59,2,74,1
2068,517,41,1,215,1
2069,518,54,1,201,4
2070,518,48,1,196,4
2071,518,42,1,113,4
2072,518,13,1,220,4
2073,519,24,1,190,2
2074,519,55,2,326,2
2075,519,21,1,185,2
2076,519,35,1,348,2
2077,520,17,1,145,1
2078,520,25,1,106,1
2079,520,27,1,281,1
2080,520,53,2,210,1
2081,521,19,1,89,5
2082,521,3,2,95,5
2083,521,39,1,101,5
2084,521,49,1,103,5
2085,522,11,1,140,3
2086,522,10,1,180,3
2087,522,16,1,240,3
2088,522,37,1,219,3
2089,523,4,1,160,3
2090,523,27,1,281,3
2091,523,49,1,103,3
2092,523,6,1,275,3
2093,524,40,2,249,1
2094,524,13,2,220,1
2095,524,56,1,391,1
2096,524,21,1,185,1
2097,525,22,1,170,3
2098,525,48,1,196,3
2099,525,47,2,278,3
2100,525,24,1,190,3
2101,526,2,1,210,2
2102,526,50,1,143,2
2103,526,1,1,125,2
2104,526,60,1,287,2
2105,527,19,1,89,6
2106,527,10,1,180,6
2107,527,54,1,201,6
2108,527,13,1,220,6
2109,528,39,1,101,1
2110,528,5,1,340,1
2111,528,48,1,196,1
2112,528,9,1,520,1
2113,529,36,1,378,4
2114,529,31,1,219,4
2115,529,6,1,275,4
2116,529,41,1,215,4
2117,530,53,1,210,2
2118,530,56,1,391,2
2119,530,28,1,178,2
2120,530,49,2,103,2
2121,531,60,1,287,3
2122,531,37,1,219,3
2123,531,8,1,680,3
2124,531,55,1,326,3
2125,532,48,1,196,6
2126,532,15,1,195,6
2127,532,37,1,219,6
2128,532,49,1,103,6
2129,533,31,1,219,6
2130,533,36,1,378,6
2131,533,20,1,115,6
2132,533,21,1,185,6
2133,534,41,1,215,1
2134,534,30,1,173,1
2135,534,57,2,274,1
2136,534,24,1,190,1
2137,535,55,1,326,1
2138,535,44,1,305,1
2139,535,39,1,101,1
2140,535,53,1,210,1
2141,536,35,1,348,2
2142,536,3,1,95,2
2143,536,55,2,326,2
2144,536,59,1,74,2
2145,537,54,1,201,5
2146,537,15,1,195,5
2147,537,53,1,210,5
2148,537,57,1,274,5
2149,538,17,1,145,6
2150,538,31,1,219,6
2151,538,50,1,143,6
2152,538,29,1,147,6
2153,539,33,1,221,1
2154,539,3,1,95,1
2155,539,29,1,147,1
2156,539,19,1,89,1
2157,540,7,1,420,2
2158,540,15,1,195,2
2159,540,29,1,147,2
2160,540,43,1,140,2
2161,541,12,1,260,6
2162,541,41,1,215,6
2163,541,5,1,340,6
2164,541,26,1,216,6
2165,542,22,1,170,2
2166,542,54,1,201,2
2167,542,8,2,680,2
2168,542,4,1,160,2
2169,543,54,1,201,4
2170,543,12,1,260,4
2171,543,30,1,173,4
2172,543,17,1,145,4
2173,544,21,1,185,1
2174,544,4,1,160,1
2175,544,31,1,219,1
2176,544,41,2,215,1
2177,545,43,1,140,4
2178,545,37,1,219,4
2179,545,50,1,143,4
2180,545,28,1,178,4
2181,546,51,1,230,5
2182,546,56,1,391,5
2183,546,4,1,160,5
2184,546,59,1,74,5
2185,547,53,1,210,1
2186,547,28,1,178,1
2187,547,6,1,275,1
2188,547,34,1,186,1
2189,548,24,1,190,5
2190,548,43,1,140,5
2191,548,48,1,196,5
2192,548,28,1,178,5
2193,549,31,1,219,1
2194,549,24,1,190,1
2195,549,28,1,178,1
2196,549,17,1,145,1
2197,550,30,1,173,2
2198,550,5,1,340,2
2199,550,36,1,378,2
2200,550,27,1,281,2
2201,551,31,2,219,6
2202,551,10,1,180,6
2203,551,53,1,210,6
2204,551,24,1,190,6
2205,552,33,1,221,6
2206,552,20,2,115,6
2207,552,15,1,195,6
2208,552,50,1,143,6
2209,553,25,1,106,5
2210,553,29,1,147,5
2211,553,20,1,115,5
2212,553,21,1,185,5
2213,554,28,2,178,4
2214,554,13,1,220,4
2215,554,33,1,221,4
2216,554,4,1,160,4
2217,555,6,2,275,4
2218,555,2,1,210,4
2219,555,11,1,140,4
2220,555,28,1,178,4
2221,556,5,1,340,5
2222,556,49,1,103,5
2223,556,47,1,278,5
2224,556,48,1,196,5
2225,557,4,1,160,3
2226,557,29,1,147,3
2227,557,8,1,680,3
2228,557,43,1,140,3
2229,558,13,1,220,4
2230,558,8,1,680,4
2231,558,30,2,173,4
2232,558,33,2,221,4
2233,559,35,1,348,5
2234,559,41,1,215,5
2235,559,13,1,220,5
2236,559,30,2,173,5
2237,560,58,2,120,1
2238,560,52,1,226,1
2239,560,13,1,220,1
2240,560,30,1,173,1
2241,561,42,2,113,6
2242,561,10,1,180,6
2243,561,40,1,249,6
2244,561,4,1,160,6
2245,562,54,1,201,6
2246,562,21,1,185,6
2247,562,32,1,219,6
2248,562,5,2,340,6
2249,563,47,1,278,1
2250,563,20,1,115,1
2251,563,35,1,348,1
2252,563,42,1,113,1
2253,564,21,1,185,5
2254,564,39,1,101,5
2255,564,45,1,122,5
2256,564,36,1,378,5
2257,565,30,1,173,5
2258,565,37,1,219,5
2259,565,25,1,106,5
2260,565,52,1,226,5
2261,566,32,1,219,5
2262,566,13,1,220,5
2263,566,28,1,178,5
2264,566,45,1,122,5
2265,567,35,2,348,4
2266,567,5,1,340,4
2267,567,55,2,326,4
2268,567,28,1,178,4
2269,568,4,1,160,4
2270,568,32,1,219,4
2271,568,5,1,340,4
2272,568,54,2,201,4
2273,569,20,1,115,1
2274,569,13,1,220,1
2275,569,29,1,147,1
2276,569,53,1,210,1
2277,570,30,1,173,4
2278,570,15,1,195,4
2279,570,8,1,680,4
2280,570,56,1,391,4
2281,571,54,1,201,1
2282,571,56,2,391,1
2283,571,50,1,143,1
2284,571,37,1,219,1
2285,572,42,1,113,6
2286,572,43,1,140,6
2287,572,53,1,210,6
2288,572,2,1,210,6
2289,573,46,1,147,5
2290,573,59,1,74,5
2291,573,56,1,391,5
2292,573,35,2,348,5
2293,574,21,1,185,4
2294,574,4,1,160,4
2295,574,48,1,196,4
2296,574,41,1,215,4
2297,575,11,2,140,4
2298,575,19,1,89,4
2299,575,21,1,185,4
2300,575,45,1,122,4
2301,576,35,1,348,1
2302,576,17,2,145,1
2303,576,22,1,170,1
2304,576,34,1,186,1
2305,577,52,1,226,4
2306,577,20,1,115,4
2307,577,51,1,230,4
2308,577,12,1,260,4
2309,578,33,1,221,6
2310,578,44,1,305,6
2311,578,6,1,275,6
2312,578,56,1,391,6
2313,579,47,1,278,2
2314,579,54,1,201,2
2315,579,28,1,178,2
2316,579,12,2,260,2
2317,580,8,1,680,3
2318,580,5,1,340,3
2319,580,29,1,147,3
2320,580,53,1,210,3
2321,581,25,2,106,5
2322,581,12,1,260,5
2323,581,51,1,230,5
2324,581,29,1,147,5
2325,582,49,1,103,1
2326,582,40,1,249,1
2327,582,4,1,160,1
2328,582,43,1,140,1
2329,583,60,2,287,5
2330,583,27,2,281,5
2331,583,19,1,89,5
2332,583,34,1,186,5
2333,584,5,1,340,3
2334,584,25,1,106,3
2335,584,13,2,220,3
2336,584,48,1,196,3
2337,585,30,1,173,1
2338,585,18,1,310,1
2339,585,10,1,180,1
2340,585,55,1,326,1
2341,586,4,1,160,1
2342,586,23,1,145,1
2343,586,8,1,680,1
2344,586,25,1,106,1
2345,587,25,1,106,3
2346,587,51,1,230,3
2347,587,24,2,190,3
2348,587,15,1,195,3
2349,588,20,1,115,5
2350,588,1,1,125,5
2351,588,57,2,274,5
2352,588,42,1,113,5
2353,589,11,1,140,3
2354,589,13,2,220,3
2355,589,52,1,226,3
2356,589,9,1,520,3
2357,590,19,1,89,4
2358,590,48,1,196,4
2359,590,4,1,160,4
2360,590,32,1,219,4
2361,591,55,1,326,4
2362,591,33,1,221,4
2363,591,53,1,210,4
2364,591,28,1,178,4
2365,592,6,1,275,6
2366,592,53,1,210,6
2367,592,36,1,378,6
2368,592,35,2,348,6
2369,593,20,1,115,6
2370,593,24,1,190,6
2371,593,42,1,113,6
2372,593,43,1,140,6
2373,594,4,1,160,2
2374,594,36,1,378,2
2375,594,59,1,74,2
2376,594,20,1,115,2
2377,595,30,1,173,5
2378,595,42,1,113,5
2379,595,27,1,281,5
2380,595,5,1,340,5
2381,596,26,1,216,6
2382,596,42,2,113,6
2383,596,12,1,260,6
2384,596,21,1,185,6
2385,597,31,1,219,1
2386,597,19,2,89,1
2387,597,51,1,230,1
2388,597,23,1,145,1
2389,598,35,1,348,2
2390,598,4,1,160,2
2391,598,41,2,215,2
2392,598,51,1,230,2
2393,599,53,1,210,1
2394,599,47,1,278,1
2395,599,36,1,378,1
2396,599,30,1,173,1
2397,600,51,1,230,4
2398,600,46,1,147,4
2399,600,17,2,145,4
2400,600,31,1,219,4
2401,601,57,2,274,6
2402,601,4,1,160,6
2403,601,48,1,196,6
2404,601,37,1,219,6
2405,602,33,1,221,2
2406,602,19,2,89,2
2407,602,39,1,101,2
2408,602,50,2,143,2
2409,603,25,1,106,5
2410,603,26,1,216,5
2411,603,34,2,186,5
2412,603,37,1,219,5
2413,604,28,2,178,4
2414,604,40,2,249,4
2415,604,19,1,89,4
2416,604,42,1,113,4
2417,605,49,1,103,2
2418,605,26,1,216,2
2419,605,2,1,210,2
2420,605,29,1,147,2
2421,606,59,1,74,5
2422,606,53,1,210,5
2423,606,30,1,173,5
2424,606,25,2,106,5
2425,607,47,1,278,6
2426,607,3,1,95,6
2427,607,49,1,103,6
2428,607,54,1,201,6
2429,608,35,1,348,1
2430,608,22,1,170,1
2431,608,50,1,143,1
2432,608,43,2,140,1
2433,609,38,1,186,3
2434,609,11,1,140,3
2435,609,5,1,340,3
2436,609,43,1,140,3
2437,610,45,1,122,6
2438,610,21,2,185,6
2439,610,39,1,101,6
2440,610,60,1,287,6
2441,611,26,1,216,3
2442,611,32,1,219,3
2443,611,27,1,281,3
2444,611,44,1,305,3
2445,612,26,1,216,5
2446,612,20,1,115,5
2447,612,45,1,122,5
2448,612,38,1,186,5
2449,613,7,1,420,6
2450,613,45,1,122,6
2451,613,41,1,215,6
2452,613,34,1,186,6
2453,614,26,1,216,1
2454,614,48,1,196,1
2455,614,30,1,173,1
2456,614,5,1,340,1
2457,615,47,1,278,1
2458,615,52,1,226,1
2459,615,2,1,210,1
2460,615,17,2,145,1
2461,616,30,1,173,6
2462,616,15,1,195,6
2463,616,49,1,103,6
2464,616,52,1,226,6
2465,617,42,1,113,1
2466,617,54,1,201,1
2467,617,59,2,74,1
2468,617,51,1,230,1
2469,618,24,1,190,3
2470,618,54,1,201,3
2471,618,19,1,89,3
2472,618,8,1,680,3
2473,619,42,1,113,1
2474,619,24,2,190,1
2475,619,50,1,143,1
2476,619,53,1,210,1
2477,620,46,1,147,6
2478,620,59,1,74,6
2479,620,8,2,680,6
2480,620,12,1,260,6
2481,621,59,1,74,1
2482,621,13,1,220,1
2483,621,19,1,89,1
2484,621,3,1,95,1
2485,622,43,1,140,4
2486,622,10,2,180,4
2487,622,41,1,215,4
2488,622,55,1,326,4
2489,623,6,1,275,4
2490,623,21,1,185,4
2491,623,24,1,190,4
2492,623,50,1,143,4
2493,624,11,2,140,6
2494,624,6,2,275,6
2495,624,58,1,120,6
2496,624,31,1,219,6
2497,625,30,1,173,6
2498,625,57,2,274,6
2499,625,29,1,147,6
2500,625,31,1,219,6
2501,626,31,1,219,1
2502,626,47,1,278,1
2503,626,34,1,186,1
2504,626,12,1,260,1
2505,627,24,1,190,4
2506,627,12,1,260,4
2507,627,6,1,275,4
2508,627,59,1,74,4
2509,628,5,1,340,4
2510,628,26,1,216,4
2511,628,55,1,326,4
2512,628,60,1,287,4
2513,629,36,1,378,6
2514,629,60,1,287,6
2515,629,49,1,103,6
2516,629,39,1,101,6
2517,630,17,2,145,5
2518,630,2,1,210,5
2519,630,4,1,160,5
2520,630,37,1,219,5
2521,631,41,1,215,2
2522,631,34,1,186,2
2523,631,12,1,260,2
2524,631,6,1,275,2
2525,632,40,1,249,3
2526,632,4,1,160,3
2527,632,20,1,115,3
2528,632,19,1,89,3
2529,633,33,2,221,1
2530,633,20,1,115,1
2531,633,39,1,101,1
2532,633,59,1,74,1
2533,634,53,1,210,1
2534,634,10,1,180,1
2535,634,27,1,281,1
2536,634,14,1,780,1
2537,635,9,1,520,2
2538,635,10,2,180,2
2539,635,27,1,281,2
2540,635,19,1,89,2
2541,636,59,1,74,6
2542,636,8,1,680,6
2543,636,50,1,143,6
2544,636,21,1,185,6
2545,637,34,1,186,6
2546,637,6,1,275,6
2547,637,59,1,74,6
2548,637,20,2,115,6
2549,638,4,1,160,3
2550,638,42,1,113,3
2551,638,7,1,420,3
2552,638,6,1,275,3
2553,639,10,1,180,4
2554,639,13,1,220,4
2555,639,48,1,196,4
2556,639,50,1,143,4
2557,640,16,1,240,4
2558,640,2,1,210,4
2559,640,30,1,173,4
2560,640,55,2,326,4
2561,641,50,1,143,1
2562,641,17,1,145,1
2563,641,28,1,178,1
2564,641,19,1,89,1
2565,642,24,1,190,4
2566,642,52,1,226,4
2567,642,2,1,210,4
2568,642,26,1,216,4
2569,643,40,1,249,5
2570,643,29,1,147,5
2571,643,31,1,219,5
2572,643,45,1,122,5
2573,644,31,1,219,1
2574,644,37,1,219,1
2575,644,50,1,143,1
2576,644,27,1,281,1
2577,645,36,2,378,6
2578,645,34,1,186,6
2579,645,43,1,140,6
2580,645,24,1,190,6
2581,646,32,1,219,6
2582,646,26,1,216,6
2583,646,27,1,281,6
2584,646,36,1,378,6
2585,647,35,1,348,3
2586,647,2,1,210,3
2587,647,46,1,147,3
2588,647,28,1,178,3
2589,648,33,1,221,2
2590,648,50,1,143,2
2591,648,2,1,210,2
2592,648,54,1,201,2
2593,649,25,1,106,4
2594,649,21,1,185,4
2595,649,42,1,113,4
2596,649,37,1,219,4
2597,650,31,1,219,1
2598,650,7,1,420,1
2599,650,25,1,106,1
2600,650,57,2,274,1
2601,651,54,2,201,4
2602,651,28,1,178,4
2603,651,4,1,160,4
2604,651,31,1,219,4
2605,652,45,2,122,4
2606,652,34,1,186,4
2607,652,41,1,215,4
2608,652,56,1,391,4
2609,653,41,1,215,6
2610,653,60,2,287,6
2611,653,10,2,180,6
2612,653,12,1,260,6
2613,654,4,1,160,4
2614,654,49,1,103,4
2615,654,12,1,260,4
2616,654,56,1,391,4
2617,655,32,1,219,5
2618,655,47,1,278,5
2619,655,51,1,230,5
2620,655,55,1,326,5
2621,656,8,1,680,1
2622,656,5,2,340,1
2623,656,42,1,113,1
2624,656,45,1,122,1
2625,657,23,1,145,4
2626,657,45,1,122,4
2627,657,5,1,340,4
2628,657,20,1,115,4
2629,658,20,1,115,4
2630,658,49,1,103,4
2631,658,35,1,348,4
2632,658,31,1,219,4
2633,659,5,1,340,3
2634,659,17,1,145,3
2635,659,10,1,180,3
2636,659,35,1,348,3
2637,660,49,1,103,4
2638,660,24,1,190,4
2639,660,17,1,145,4
2640,660,2,1,210,4
2641,661,55,1,326,4
2642,661,17,2,145,4
2643,661,57,2,274,4
2644,661,46,1,147,4
2645,662,11,1,140,6
2646,662,15,1,195,6
2647,662,36,1,378,6
2648,662,56,2,391,6
2649,663,46,1,147,3
2650,663,55,1,326,3
2651,663,4,1,160,3
2652,663,30,1,173,3
2653,664,60,1,287,1
2654,664,6,1,275,1
2655,664,59,1,74,1
2656,664,27,1,281,1
2657,665,45,2,122,5
2658,665,34,1,186,5
2659,665,46,1,147,5
2660,665,41,1,215,5
2661,666,23,1,145,3
2662,666,56,2,391,3
2663,666,40,1,249,3
2664,666,19,1,89,3
2665,667,33,1,221,4
2666,667,15,1,195,4
2667,667,57,2,274,4
2668,667,44,1,305,4
2669,668,19,1,89,4
2670,668,51,1,230,4
2671,668,36,2,378,4
2672,668,50,1,143,4
2673,669,41,2,215,1
2674,669,2,1,210,1
2675,669,55,1,326,1
2676,669,53,1,210,1
2677,670,21,1,185,3
2678,670,38,1,186,3
2679,670,28,1,178,3
2680,670,29,1,147,3
2681,671,21,1,185,4
2682,671,17,1,145,4
2683,671,60,1,287,4
2684,671,2,2,210,4
2685,672,36,1,378,5
2686,672,28,2,178,5
2687,672,35,1,348,5
2688,672,49,1,103,5
2689,673,22,1,170,6
2690,673,13,1,220,6
2691,673,26,1,216,6
2692,673,29,1,147,6
2693,674,24,1,190,6
2694,674,25,1,106,6
2695,674,59,2,74,6
2696,674,37,2,219,6
2697,675,30,1,173,3
2698,675,43,1,140,3
2699,675,35,1,348,3
2700,675,56,1,391,3
2701,676,11,1,140,3
2702,676,31,1,219,3
2703,676,32,1,219,3
2704,676,57,1,274,3
2705,677,28,1,178,4
2706,677,17,1,145,4
2707,677,29,1,147,4
2708,677,8,1,680,4
2709,678,53,1,210,3
2710,678,54,1,201,3
2711,678,47,1,278,3
2712,678,48,1,196,3
2713,679,37,1,219,6
2714,679,54,1,201,6
2715,679,19,2,89,6
2716,679,18,1,310,6
2717,680,55,1,326,1
2718,680,27,1,281,1
2719,680,42,1,113,1
2720,680,57,2,274,1
2721,681,19,1,89,4
2722,681,47,1,278,4
2723,681,53,1,210,4
2724,681,20,1,115,4
2725,682,52,2,226,5
2726,682,51,1,230,5
2727,682,31,1,219,5
2728,682,6,1,275,5
2729,683,54,1,201,4
2730,683,16,1,240,4
2731,683,36,1,378,4
2732,683,25,2,106,4
2733,684,31,1,219,6
2734,684,25,1,106,6
2735,684,39,1,101,6
2736,684,41,2,215,6
2737,685,21,1,185,5
2738,685,8,1,680,5
2739,685,6,2,275,5
2740,685,29,2,147,5
2741,686,24,1,190,6
2742,686,32,1,219,6
2743,686,42,1,113,6
2744,686,36,2,378,6
2745,687,54,1,201,5
2746,687,31,1,219,5
2747,687,47,1,278,5
2748,687,4,1,160,5
2749,688,37,1,219,4
2750,688,45,1,122,4
2751,688,2,1,210,4
2752,688,59,1,74,4
2753,689,20,1,115,2
2754,689,57,1,274,2
2755,689,10,1,180,2
2756,689,6,1,275,2
2757,690,41,1,215,4
2758,690,59,1,74,4
2759,690,12,1,260,4
2760,690,28,2,178,4
2761,691,47,1,278,1
2762,691,29,1,147,1
2763,691,49,1,103,1
2764,691,48,1,196,1
2765,692,40,1,249,3
2766,692,26,1,216,3
2767,692,51,1,230,3
2768,692,18,1,310,3
2769,693,26,1,216,4
2770,693,56,1,391,4
2771,693,5,1,340,4
2772,693,32,1,219,4
2773,694,36,2,378,1
2774,694,30,1,173,1
2775,694,47,1,278,1
2776,694,54,1,201,1
2777,695,10,1,180,4
2778,695,20,1,115,4
2779,695,56,2,391,4
2780,695,45,1,122,4
2781,696,28,1,178,4
2782,696,26,1,216,4
2783,696,3,1,95,4
2784,696,5,1,340,4
2785,697,55,2,326,5
2786,697,12,1,260,5
2787,697,59,1,74,5
2788,697,40,1,249,5
2789,698,28,2,178,1
2790,698,37,2,219,1
2791,698,41,1,215,1
2792,698,48,1,196,1
2793,699,53,1,210,1
2794,699,35,1,348,1
2795,699,19,1,89,1
2796,699,34,1,186,1
2797,700,17,1,145,1
2798,700,42,2,113,1
2799,700,6,1,275,1
2800,700,55,1,326,1
2801,701,12,1,260,4
2802,701,1,2,125,4
2803,701,8,1,680,4
2804,701,21,1,185,4
2805,702,60,1,287,6
2806,702,35,1,348,6
2807,702,17,1,145,6
2808,702,14,1,780,6
2809,703,43,1,140,5
2810,703,12,1,260,5
2811,703,5,1,340,5
2812,703,36,1,378,5
2813,704,60,1,287,3
2814,704,4,1,160,3
2815,704,11,1,140,3
2816,704,8,1,680,3
2817,705,57,1,274,1
2818,705,56,1,391,1
2819,705,12,1,260,1
2820,705,40,2,249,1
2821,706,46,1,147,1
2822,706,17,1,145,1
2823,706,59,1,74,1
2824,706,47,1,278,1
2825,707,39,1,101,4
2826,707,53,1,210,4
2827,707,37,1,219,4
2828,707,6,1,275,4
2829,708,26,1,216,1
2830,708,3,1,95,1
2831,708,17,1,145,1
2832,708,10,1,180,1
2833,709,40,1,249,2
2834,709,11,1,140,2
2835,709,48,1,196,2
2836,709,53,1,210,2
2837,710,6,1,275,1
2838,710,27,1,281,1
2839,710,26,1,216,1
2840,710,47,1,278,1
2841,711,19,1,89,3
2842,711,11,2,140,3
2843,711,15,1,195,3
2844,711,37,1,219,3
2845,712,29,2,147,6
2846,712,37,1,219,6
2847,712,2,1,210,6
2848,712,10,2,180,6
2849,713,26,1,216,5
2850,713,19,1,89,5
2851,713,34,1,186,5
2852,713,2,1,210,5
2853,714,30,1,173,3
2854,714,52,1,226,3
2855,714,2,1,210,3
2856,714,34,1,186,3
2857,715,56,1,391,1
2858,715,15,1,195,1
2859,715,5,1,340,1
2860,715,27,1,281,1
2861,716,49,1,103,1
2862,716,39,1,101,1
2863,716,38,1,186,1
2864,716,52,1,226,1
2865,717,2,1,210,2
2866,717,29,1,147,2
2867,717,33,1,221,2
2868,717,48,2,196,2
2869,718,42,1,113,4
2870,718,8,1,680,4
2871,718,28,1,178,4
2872,718,11,1,140,4
2873,719,20,1,115,6
2874,719,31,2,219,6
2875,719,15,1,195,6
2876,719,4,1,160,6
2877,720,29,1,147,5
2878,720,8,1,680,5
2879,720,43,1,140,5
2880,720,12,1,260,5
2881,721,57,1,274,4
2882,721,41,1,215,4
2883,721,43,1,140,4
2884,721,9,1,520,4
2885,722,1,1,125,5
2886,722,8,1,680,5
2887,722,50,1,143,5
2888,722,29,1,147,5
2889,723,52,1,226,6
2890,723,60,1,287,6
2891,723,2,1,210,6
2892,723,55,1,326,6
2893,724,29,1,147,4
2894,724,17,1,145,4
2895,724,19,1,89,4
2896,724,20,1,115,4
2897,725,4,1,160,5
2898,725,39,2,101,5
2899,725,28,1,178,5
2900,725,36,1,378,5
2901,726,13,1,220,5
2902,726,55,1,326,5
2903,726,16,1,240,5
2904,726,28,1,178,5
2905,727,50,1,143,3
2906,727,52,1,226,3
2907,727,10,1,180,3
2908,727,43,1,140,3
2909,728,51,1,230,2
2910,728,34,1,186,2
2911,728,53,1,210,2
2912,728,55,1,326,2
2913,729,10,1,180,2
2914,729,50,1,143,2
2915,729,9,1,520,2
2916,729,12,2,260,2
2917,730,60,2,287,5
2918,730,50,1,143,5
2919,730,31,1,219,5
2920,730,33,1,221,5
2921,731,33,1,221,1
2922,731,21,1,185,1
2923,731,52,1,226,1
2924,731,30,1,173,1
2925,732,15,1,195,4
2926,732,30,1,173,4
2927,732,13,1,220,4
2928,732,54,1,201,4
2929,733,20,1,115,2
2930,733,45,1,122,2
2931,733,15,1,195,2
2932,733,57,1,274,2
2933,734,29,1,147,4
2934,734,32,1,219,4
2935,734,59,1,74,4
2936,734,55,1,326,4
2937,735,50,2,143,5
2938,735,48,1,196,5
2939,735,46,1,147,5
2940,735,3,1,95,5
2941,736,50,1,143,4
2942,736,60,1,287,4
2943,736,52,2,226,4
2944,736,28,1,178,4
2945,737,52,2,226,3
2946,737,34,1,186,3
2947,737,53,1,210,3
2948,737,51,1,230,3
2949,738,47,2,278,1
2950,738,37,1,219,1
2951,738,51,1,230,1
2952,738,24,1,190,1
2953,739,2,1,210,4
2954,739,54,2,201,4
2955,739,60,1,287,4
2956,739,18,1,310,4
2957,740,42,1,113,4
2958,740,53,2,210,4
2959,740,15,1,195,4
2960,740,47,1,278,4
2961,741,47,2,278,1
2962,741,54,1,201,1
2963,741,3,1,95,1
2964,741,44,2,305,1
2965,742,39,1,101,4
2966,742,24,1,190,4
2967,742,34,1,186,4
2968,742,31,1,219,4
2969,743,48,1,196,6
2970,743,54,1,201,6
2971,743,51,1,230,6
2972,743,2,1,210,6
2973,744,19,2,89,5
2974,744,45,1,122,5
2975,744,36,2,378,5
2976,744,40,1,249,5
2977,745,52,1,226,6
2978,745,60,1,287,6
2979,745,55,1,326,6
2980,745,4,1,160,6
2981,746,35,1,348,5
2982,746,25,1,106,5
2983,746,42,1,113,5
2984,746,20,1,115,5
2985,747,10,1,180,1
2986,747,48,1,196,1
2987,747,49,1,103,1
2988,747,29,1,147,1
2989,748,29,1,147,3
2990,748,18,1,310,3
2991,748,5,1,340,3
2992,748,45,1,122,3
2993,749,45,1,122,2
2994,749,52,1,226,2
2995,749,41,1,215,2
2996,749,12,1,260,2
2997,750,13,1,220,5
2998,750,39,1,101,5
2999,750,2,2,210,5
3000,750,32,1,219,5
3001,751,58,1,120,3
3002,751,17,2,145,3
3003,751,42,1,113,3
3004,751,56,1,391,3
3005,752,45,1,122,3
3006,752,54,1,201,3
3007,752,28,1,178,3
3008,752,22,1,170,3
3009,753,34,1,186,6
3010,753,1,1,125,6
3011,753,15,1,195,6
3012,753,29,1,147,6
3013,754,34,1,186,2
3014,754,56,1,391,2
3015,754,59,1,74,2
3016,754,33,1,221,2
3017,755,60,1,287,4
3018,755,51,1,230,4
3019,755,25,2,106,4
3020,755,6,1,275,4
3021,756,33,1,221,4
3022,756,20,1,115,4
3023,756,30,1,173,4
3024,756,54,1,201,4
3025,757,27,1,281,3
3026,757,2,1,210,3
3027,757,54,1,201,3
3028,757,12,1,260,3
3029,758,52,1,226,2
3030,758,49,1,103,2
3031,758,42,1,113,2
3032,758,17,1,145,2
3033,759,42,1,113,5
3034,759,30,1,173,5
3035,759,2,1,210,5
3036,759,3,1,95,5
3037,760,46,1,147,3
3038,760,29,2,147,3
3039,760,55,1,326,3
3040,760,52,2,226,3
3041,761,54,1,201,5
3042,761,56,2,391,5
3043,761,51,1,230,5
3044,761,53,2,210,5
3045,762,27,1,281,1
3046,762,40,1,249,1
3047,762,16,1,240,1
3048,762,30,2,173,1
3049,763,21,1,185,2
3050,763,50,1,143,2
3051,763,10,1,180,2
3052,763,49,1,103,2
3053,764,36,1,378,6
3054,764,54,1,201,6
3055,764,2,1,210,6
3056,764,55,1,326,6
3057,765,4,2,160,3
3058,765,59,1,74,3
3059,765,9,1,520,3
3060,765,12,1,260,3
3061,766,8,1,680,1
3062,766,29,1,147,1
3063,766,52,1,226,1
3064,766,32,1,219,1
3065,767,12,1,260,5
3066,767,30,1,173,5
3067,767,37,1,219,5
3068,767,13,1,220,5
3069,768,19,1,89,4
3070,768,50,1,143,4
3071,768,15,2,195,4
3072,768,41,1,215,4
3073,769,18,1,310,5
3074,769,49,1,103,5
3075,769,37,1,219,5
3076,769,33,1,221,5
3077,770,19,1,89,1
3078,770,5,1,340,1
3079,770,17,1,145,1
3080,770,50,1,143,1
3081,771,36,1,378,3
3082,771,43,1,140,3
3083,771,50,1,143,3
3084,771,34,1,186,3
3085,772,45,1,122,4
3086,772,2,1,210,4
3087,772,59,1,74,4
3088,772,48,1,196,4
3089,773,35,1,348,4
3090,773,42,1,113,4
3091,773,53,1,210,4
3092,773,33,2,221,4
3093,774,31,1,219,3
3094,774,3,1,95,3
3095,774,36,1,378,3
3096,774,27,1,281,3
3097,775,32,1,219,3
3098,775,26,1,216,3
3099,775,31,1,219,3
3100,775,10,1,180,3
3101,776,55,1,326,1
3102,776,29,1,147,1
3103,776,42,1,113,1
3104,776,11,2,140,1
3105,777,51,1,230,5
3106,777,6,1,275,5
3107,777,16,1,240,5
3108,777,45,2,122,5
3109,778,13,1,220,1
3110,778,5,1,340,1
3111,778,31,1,219,1
3112,778,1,1,125,1
3113,779,56,1,391,6
3114,779,13,1,220,6
3115,779,41,1,215,6
3116,779,15,1,195,6
3117,780,37,1,219,4
3118,780,45,1,122,4
3119,780,43,1,140,4
3120,780,10,1,180,4
3121,781,10,2,180,6
3122,781,55,2,326,6
3123,781,51,1,230,6
3124,781,54,2,201,6
3125,782,19,1,89,6
3126,782,59,1,74,6
3127,782,43,1,140,6
3128,782,3,1,95,6
3129,783,48,1,196,3
3130,783,13,1,220,3
3131,783,2,1,210,3
3132,783,32,1,219,3
3133,784,52,1,226,6
3134,784,2,2,210,6
3135,784,50,1,143,6
3136,784,13,1,220,6
3137,785,21,1,185,3
3138,785,39,1,101,3
3139,785,13,1,220,3
3140,785,26,1,216,3
3141,786,8,1,680,3
3142,786,51,1,230,3
3143,786,20,1,115,3
3144,786,4,1,160,3
3145,787,55,1,326,6
3146,787,10,1,180,6
3147,787,46,1,147,6
3148,787,51,1,230,6
3149,788,58,1,120,6
3150,788,31,1,219,6
3151,788,11,1,140,6
3152,788,47,1,278,6
3153,789,5,1,340,4
3154,789,53,2,210,4
3155,789,27,1,281,4
3156,789,25,1,106,4
3157,790,40,1,249,4
3158,790,57,1,274,4
3159,790,48,1,196,4
3160,790,25,1,106,4
3161,791,35,1,348,3
3162,791,3,1,95,3
3163,791,6,2,275,3
3164,791,20,1,115,3
3165,792,35,1,348,4
3166,792,48,1,196,4
3167,792,53,1,210,4
3168,792,13,1,220,4
3169,793,7,1,420,1
3170,793,38,2,186,1
3171,793,17,2,145,1
3172,793,35,2,348,1
3173,794,36,1,378,4
3174,794,46,1,147,4
3175,794,27,1,281,4
3176,794,10,1,180,4
3177,795,32,1,219,4
3178,795,42,1,113,4
3179,795,13,1,220,4
3180,795,60,1,287,4
3181,796,2,1,210,1
3182,796,36,1,378,1
3183,796,27,2,281,1
3184,796,28,1,178,1
3185,797,10,1,180,1
3186,797,13,1,220,1
3187,797,20,1,115,1
3188,797,40,2,249,1
3189,798,5,1,340,2
3190,798,49,1,103,2
3191,798,15,1,195,2
3192,798,55,1,326,2
3193,799,12,1,260,1
3194,799,8,2,680,1
3195,799,27,1,281,1
3196,799,14,1,780,1
3197,800,3,1,95,2
3198,800,4,1,160,2
3199,800,55,1,326,2
3200,800,47,1,278,2
3201,801,51,1,230,1
3202,801,10,1,180,1
3203,801,14,1,780,1
3204,802,32,1,219,6
3205,802,20,1,115,6
3206,802,60,1,287,6
3207,803,15,2,195,6
3208,803,31,1,219,6
3209,803,20,1,115,6
3210,804,26,1,216,4
3211,804,38,1,186,4
3212,804,8,2,680,4
3213,805,12,2,260,1
3214,805,48,2,196,1
3215,805,33,1,221,1
3216,806,52,1,226,5
3217,806,49,1,103,5
3218,806,2,2,210,5
3219,807,49,1,103,3
3220,807,5,1,340,3
3221,807,39,1,101,3
3222,808,29,1,147,3
3223,808,51,1,230,3
3224,808,5,1,340,3
3225,809,46,1,147,4
3226,809,17,1,145,4
3227,809,51,1,230,4
3228,810,39,1,101,5
3229,810,46,1,147,5
3230,810,24,1,190,5
3231,811,53,1,210,4
3232,811,50,1,143,4
3233,811,40,1,249,4
3234,812,54,1,201,3
3235,812,19,1,89,3
3236,812,56,1,391,3
3237,813,25,1,106,5
3238,813,4,1,160,5
3239,813,2,1,210,5
3240,814,3,1,95,4
3241,814,40,1,249,4
3242,814,19,1,89,4
3243,815,20,1,115,1
3244,815,60,1,287,1
3245,815,31,1,219,1
3246,816,25,1,106,1
3247,816,31,2,219,1
3248,816,42,1,113,1
3249,817,34,1,186,1
3250,817,11,1,140,1
3251,817,47,1,278,1
3252,818,60,1,287,1
3253,818,26,1,216,1
3254,818,21,1,185,1
3255,819,5,1,340,6
3256,819,26,1,216,6
3257,819,21,1,185,6
3258,820,12,1,260,3
3259,820,8,1,680,3
3260,820,4,1,160,3
3261,821,19,1,89,6
3262,821,35,1,348,6
3263,821,39,1,101,6
3264,822,59,1,74,1
3265,822,53,1,210,1
3266,822,24,1,190,1
3267,823,50,1,143,5
3268,823,25,1,106,5
3269,823,39,1,101,5
3270,824,48,1,196,3
3271,824,57,1,274,3
3272,824,34,1,186,3
3273,825,8,1,680,1
3274,825,10,1,180,1
3275,825,50,1,143,1
3276,826,8,2,680,4
3277,826,29,1,147,4
3278,826,21,1,185,4
3279,827,56,1,391,2
3280,827,57,1,274,2
3281,827,16,1,240,2
3282,828,20,2,115,5
3283,828,30,1,173,5
3284,828,28,1,178,5
3285,829,49,1,103,1
3286,829,3,1,95,1
3287,829,35,1,348,1
3288,830,2,1,210,3
3289,830,28,1,178,3
3290,830,51,2,230,3
3291,831,53,1,210,3
3292,831,58,1,120,3
3293,831,34,1,186,3
3294,832,28,1,178,3
3295,832,36,1,378,3
3296,832,19,1,89,3
3297,833,19,1,89,3
3298,833,35,1,348,3
3299,833,54,1,201,3
3300,834,21,1,185,3
3301,834,42,1,113,3
3302,834,13,1,220,3
3303,835,43,1,140,1
3304,835,25,1,106,1
3305,835,55,1,326,1
3306,836,50,1,143,6
3307,836,16,1,240,6
3308,836,56,1,391,6
3309,837,9,1,520,4
3310,837,40,1,249,4
3311,837,46,2,147,4
3312,838,7,2,420,1
3313,838,17,2,145,1
3314,838,5,1,340,1
3315,839,48,1,196,4
3316,839,58,1,120,4
3317,839,42,1,113,4
3318,840,28,1,178,2
3319,840,7,1,420,2
3320,840,15,1,195,2
3321,841,2,1,210,4
3322,841,36,1,378,4
3323,841,19,1,89,4
3324,842,57,1,274,2
3325,842,29,1,147,2
3326,842,8,1,680,2
3327,843,45,1,122,2
3328,843,38,1,186,2
3329,843,48,1,196,2
3330,844,2,1,210,3
3331,844,12,1,260,3
3332,844,42,1,113,3
3333,845,41,2,215,4
3334,845,43,1,140,4
3335,845,56,1,391,4
3336,846,27,1,281,4
3337,846,33,1,221,4
3338,846,24,2,190,4
3339,847,40,1,249,2
3340,847,8,2,680,2
3341,847,16,1,240,2
3342,848,28,1,178,4
3343,848,21,1,185,4
3344,848,47,1,278,4
3345,849,19,1,89,6
3346,849,3,1,95,6
3347,849,59,1,74,6
3348,850,4,1,160,6
3349,850,13,1,220,6
3350,850,46,1,147,6
3351,851,8,1,680,3
3352,851,26,2,216,3
3353,851,21,1,185,3
3354,852,6,1,275,6
3355,852,56,1,391,6
3356,852,58,1,120,6
3357,853,5,1,340,5
3358,853,44,1,305,5
3359,853,36,1,378,5
3360,854,59,2,74,6
3361,854,12,1,260,6
3362,854,51,1,230,6
3363,855,45,1,122,5
3364,855,41,1,215,5
3365,855,47,2,278,5
3366,856,56,1,391,4
3367,856,4,2,160,4
3368,856,31,1,219,4
3369,857,52,1,226,3
3370,857,29,1,147,3
3371,857,25,1,106,3
3372,858,56,1,391,4
3373,858,13,1,220,4
3374,858,20,1,115,4
3375,859,59,2,74,5
3376,859,58,1,120,5
3377,859,43,1,140,5
3378,860,55,1,326,5
3379,860,46,1,147,5
3380,860,59,1,74,5
3381,861,27,1,281,5
3382,861,22,1,170,5
3383,861,33,1,221,5
3384,862,31,1,219,4
3385,862,20,1,115,4
3386,862,6,1,275,4
3387,863,2,1,210,5
3388,863,25,2,106,5
3389,863,40,1,249,5
3390,864,29,1,147,6
3391,864,9,1,520,6
3392,864,56,1,391,6
3393,865,57,1,274,5
3394,865,51,1,230,5
3395,865,29,2,147,5
3396,866,20,1,115,4
3397,866,10,1,180,4
3398,866,3,1,95,4
3399,867,25,1,106,3
3400,867,48,1,196,3
3401,867,26,1,216,3
3402,868,24,1,190,4
3403,868,55,1,326,4
3404,868,35,1,348,4
3405,869,13,1,220,2
3406,869,15,1,195,2
3407,869,50,1,143,2
3408,870,29,1,147,5
3409,870,24,1,190,5
3410,870,28,1,178,5
3411,871,32,1,219,6
3412,871,57,1,274,6
3413,871,35,1,348,6
3414,872,56,1,391,1
3415,872,51,1,230,1
3416,872,45,1,122,1
3417,873,30,1,173,6
3418,873,53,1,210,6
3419,873,37,1,219,6
3420,874,29,1,147,4
3421,874,55,1,326,4
3422,874,10,1,180,4
3423,875,33,1,221,2
3424,875,36,1,378,2
3425,875,57,1,274,2
3426,876,32,1,219,3
3427,876,21,2,185,3
3428,876,53,1,210,3
3429,877,11,1,140,2
3430,877,4,2,160,2
3431,877,27,1,281,2
3432,878,38,1,186,1
3433,878,32,1,219,1
3434,878,3,1,95,1
3435,879,30,1,173,1
3436,879,42,1,113,1
3437,879,10,1,180,1
3438,880,25,1,106,3
3439,880,3,1,95,3
3440,880,1,1,125,3
3441,881,60,1,287,2
3442,881,14,1,780,2
3443,881,32,1,219,2
3444,882,29,1,147,2
3445,882,36,1,378,2
3446,882,41,1,215,2
3447,883,6,1,275,5
3448,883,60,1,287,5
3449,883,25,1,106,5
3450,884,39,1,101,1
3451,884,25,1,106,1
3452,884,11,1,140,1
3453,885,24,1,190,6
3454,885,56,2,391,6
3455,885,42,2,113,6
3456,886,53,1,210,5
3457,886,6,1,275,5
3458,886,32,1,219,5
3459,887,39,1,101,3
3460,887,2,1,210,3
3461,887,27,1,281,3
3462,888,59,1,74,4
3463,888,41,2,215,4
3464,888,45,1,122,4
3465,889,43,1,140,3
3466,889,35,1,348,3
3467,889,39,1,101,3
3468,890,57,1,274,3
3469,890,26,1,216,3
3470,890,39,1,101,3
3471,891,9,1,520,1
3472,891,36,1,378,1
3473,891,28,1,178,1
3474,892,6,2,275,4
3475,892,2,1,210,4
3476,892,24,1,190,4
3477,893,9,1,520,2
3478,893,18,2,310,2
3479,893,36,1,378,2
3480,894,41,2,215,1
3481,894,10,1,180,1
3482,894,29,1,147,1
3483,895,25,1,106,4
3484,895,41,1,215,4
3485,895,59,1,74,4
3486,896,52,1,226,3
3487,896,19,1,89,3
3488,896,5,1,340,3
3489,897,32,1,219,4
3490,897,34,1,186,4
3491,897,27,1,281,4
3492,898,31,1,219,3
3493,898,46,1,147,3
3494,898,20,1,115,3
3495,899,52,1,226,5
3496,899,33,1,221,5
3497,899,39,1,101,5
3498,900,8,1,680,1
3499,900,41,1,215,1
3500,900,27,1,281,1
3501,901,45,1,122,1
3502,901,51,1,230,1
3503,901,34,1,186,1
3504,902,39,1,101,3
3505,902,46,1,147,3
3506,902,49,1,103,3
3507,903,54,1,201,3
3508,903,47,1,278,3
3509,903,50,1,143,3
3510,904,48,1,196,5
3511,904,2,2,210,5
3512,904,26,1,216,5
3513,905,60,1,287,2
3514,905,48,2,196,2
3515,905,37,1,219,2
3516,906,48,1,196,1
3517,906,30,1,173,1
3518,906,33,1,221,1
3519,907,19,2,89,3
3520,907,33,1,221,3
3521,907,35,1,348,3
3522,908,42,1,113,2
3523,908,5,1,340,2
3524,908,59,1,74,2
3525,909,59,1,74,1
3526,909,51,1,230,1
3527,909,6,1,275,1
3528,910,50,1,143,1
3529,910,55,1,326,1
3530,910,30,1,173,1
3531,911,12,1,260,4
3532,911,8,1,680,4
3533,911,34,1,186,4
3534,912,20,1,115,4
3535,912,28,2,178,4
3536,912,39,2,101,4
3537,913,35,1,348,3
3538,913,49,1,103,3
3539,913,31,1,219,3
3540,914,33,1,221,4
3541,914,23,1,145,4
3542,914,42,1,113,4
3543,915,10,1,180,1
3544,915,37,2,219,1
3545,915,20,1,115,1
3546,916,41,1,215,6
3547,916,21,1,185,6
3548,916,59,2,74,6
3549,917,31,1,219,5
3550,917,36,1,378,5
3551,917,51,1,230,5
3552,918,51,1,230,5
3553,918,60,1,287,5
3554,918,43,1,140,5
3555,919,47,1,278,1
3556,919,57,1,274,1
3557,919,10,1,180,1
3558,920,49,1,103,3
3559,920,27,1,281,3
3560,920,53,2,210,3
3561,921,25,1,106,4
3562,921,15,1,195,4
3563,921,46,1,147,4
3564,922,57,1,274,6
3565,922,60,1,287,6
3566,922,50,1,143,6
3567,923,11,1,140,4
3568,923,33,1,221,4
3569,923,24,1,190,4
3570,924,36,1,378,5
3571,924,27,1,281,5
3572,924,56,1,391,5
3573,925,23,1,145,1
3574,925,47,1,278,1
3575,925,8,1,680,1
3576,926,13,1,220,2
3577,926,24,1,190,2
3578,926,31,1,219,2
3579,927,11,1,140,3
3580,927,8,2,680,3
3581,927,38,1,186,3
3582,928,36,2,378,2
3583,928,27,1,281,2
3584,928,26,1,216,2
3585,929,47,1,278,4
3586,929,46,1,147,4
3587,929,13,1,220,4
3588,930,57,1,274,4
3589,930,11,2,140,4
3590,930,25,1,106,4
3591,931,23,1,145,4
3592,931,11,1,140,4
3593,931,4,1,160,4
3594,932,2,1,210,2
3595,932,3,1,95,2
3596,932,17,1,145,2
3597,933,4,1,160,6
3598,933,18,1,310,6
3599,933,5,1,340,6
3600,934,45,1,122,6
3601,934,19,1,89,6
3602,934,27,1,281,6
3603,935,40,1,249,5
3604,935,39,1,101,5
3605,935,15,1,195,5
3606,936,36,1,378,5
3607,936,2,1,210,5
3608,936,25,1,106,5
3609,937,55,1,326,4
3610,937,40,1,249,4
3611,937,6,1,275,4
3612,938,15,1,195,1
3613,938,19,1,89,1
3614,938,24,1,190,1
3615,939,42,2,113,3
3616,939,43,1,140,3
3617,939,51,2,230,3
3618,940,5,1,340,6
3619,940,27,2,281,6
3620,940,19,1,89,6
3621,941,33,1,221,4
3622,941,11,1,140,4
3623,941,19,1,89,4
3624,942,35,1,348,6
3625,942,46,1,147,6
3626,942,13,1,220,6
3627,943,4,1,160,1
3628,943,45,1,122,1
3629,943,3,1,95,1
3630,944,35,1,348,3
3631,944,54,1,201,3
3632,944,13,1,220,3
3633,945,32,1,219,3
3634,945,34,2,186,3
3635,945,52,2,226,3
3636,946,55,1,326,1
3637,946,41,1,215,1
3638,946,43,1,140,1
3639,947,46,2,147,1
3640,947,2,1,210,1
3641,947,28,2,178,1
3642,948,27,2,281,4
3643,948,37,1,219,4
3644,948,39,1,101,4
3645,949,33,1,221,2
3646,949,15,1,195,2
3647,949,41,1,215,2
3648,950,58,2,120,2
3649,950,20,1,115,2
3650,950,29,1,147,2
3651,951,48,1,196,5
3652,951,19,1,89,5
3653,951,38,1,186,5
3654,952,39,1,101,5
3655,952,5,1,340,5
3656,952,53,1,210,5
3657,953,48,1,196,1
3658,953,29,1,147,1
3659,953,42,1,113,1
3660,954,8,2,680,5
3661,954,36,1,378,5
3662,954,21,2,185,5
3663,955,49,1,103,6
3664,955,52,1,226,6
3665,955,3,1,95,6
3666,956,34,1,186,1
3667,956,56,1,391,1
3668,956,38,1,186,1
3669,957,30,1,173,6
3670,957,35,2,348,6
3671,957,37,2,219,6
3672,958,48,2,196,6
3673,958,20,1,115,6
3674,958,10,1,180,6
3675,959,56,2,391,3
3676,959,11,1,140,3
3677,959,13,1,220,3
3678,960,9,1,520,4
3679,960,5,1,340,4
3680,960,54,1,201,4
3681,961,24,1,190,1
3682,961,8,1,680,1
3683,961,51,1,230,1
3684,962,26,1,216,4
3685,962,19,1,89,4
3686,962,45,1,122,4
3687,963,48,1,196,6
3688,963,6,1,275,6
3689,963,50,1,143,6
3690,964,60,1,287,1
3691,964,2,2,210,1
3692,964,16,1,240,1
3693,965,8,1,680,3
3694,965,3,1,95,3
3695,965,14,1,780,3
3696,966,34,1,186,1
3697,966,13,2,220,1
3698,966,60,1,287,1
3699,967,5,1,340,6
3700,967,54,1,201,6
3701,967,46,1,147,6
3702,968,41,1,215,2
3703,968,49,1,103,2
3704,968,53,1,210,2
3705,969,34,1,186,3
3706,969,35,1,348,3
3707,969,1,1,125,3
3708,970,15,1,195,2
3709,970,57,1,274,2
3710,970,32,1,219,2
3711,971,54,1,201,6
3712,971,52,1,226,6
3713,971,43,1,140,6
3714,972,42,2,113,1
3715,972,37,1,219,1
3716,972,5,2,340,1
3717,973,45,1,122,6
3718,973,47,1,278,6
3719,973,13,2,220,6
3720,974,34,1,186,1
3721,974,18,1,310,1
3722,974,29,1,147,1
3723,975,32,2,219,6
3724,975,19,2,89,6
3725,975,49,1,103,6
3726,976,3,1,95,3
3727,976,21,1,185,3
3728,976,18,1,310,3
3729,977,17,1,145,1
3730,977,6,1,275,1
3731,977,19,1,89,1
3732,978,29,1,147,1
3733,978,35,1,348,1
3734,978,21,1,185,1
3735,979,50,2,143,2
3736,979,48,1,196,2
3737,979,17,1,145,2
3738,980,54,2,201,4
3739,980,13,1,220,4
3740,980,42,1,113,4
3741,981,17,1,145,4
3742,981,37,1,219,4
3743,981,53,1,210,4
3744,982,31,1,219,5
3745,982,39,1,101,5
3746,982,24,1,190,5
3747,983,38,1,186,3
3748,983,17,1,145,3
3749,983,60,1,287,3
3750,984,28,1,178,3
3751,984,45,1,122,3
3752,984,10,2,180,3
3753,985,30,1,173,1
3754,985,21,1,185,1
3755,985,15,1,195,1
3756,986,41,1,215,2
3757,986,32,1,219,2
3758,986,48,1,196,2
3759,987,5,1,340,1
3760,987,9,1,520,1
3761,987,17,1,145,1
3762,988,35,1,348,5
3763,988,51,1,230,5
3764,988,5,1,340,5
3765,989,50,1,143,3
3766,989,19,1,89,3
3767,989,25,2,106,3
3768,990,59,1,74,5
3769,990,51,1,230,5
3770,990,53,1,210,5
3771,991,51,1,230,4
3772,991,36,2,378,4
3773,991,15,1,195,4
3774,992,47,1,278,6
3775,992,12,2,260,6
3776,992,11,1,140,6
3777,993,59,1,74,4
3778,993,12,1,260,4
3779,993,30,1,173,4
3780,994,12,1,260,5
3781,994,4,1,160,5
3782,994,5,1,340,5
3783,995,3,1,95,6
3784,995,17,1,145,6
3785,995,15,1,195,6
3786,996,33,1,221,3
3787,996,60,1,287,3
3788,996,56,1,391,3
3789,997,3,1,95,4
3790,997,24,1,190,4
3791,997,37,1,219,4
3792,998,19,1,89,2
3793,998,35,1,348,2
3794,998,41,1,215,2
3795,999,22,1,170,3
3796,999,29,1,147,3
3797,999,55,1,326,3
3798,1000,28,1,178,4
3799,1000,10,1,180,4
3800,1000,49,2,103,4
3801,1001,20,1,115,1
3802,1001,6,2,275,1
3803,1001,55,1,326,1
3804,1002,33,2,221,4
3805,1002,26,1,216,4
3806,1002,4,1,160,4
3807,1003,41,1,215,6
3808,1003,49,1,103,6
3809,1003,48,1,196,6
3810,1004,48,2,196,1
3811,1004,27,1,281,1
3812,1004,16,1,240,1
3813,1005,19,1,89,5
3814,1005,48,1,196,5
3815,1005,2,1,210,5
3816,1006,59,1,74,1
3817,1006,30,1,173,1
3818,1006,48,2,196,1
3819,1007,56,1,391,5
3820,1007,20,1,115,5
3821,1007,27,1,281,5
3822,1008,31,2,219,6
3823,1008,20,1,115,6
3824,1008,29,1,147,6
3825,1009,44,1,305,1
3826,1009,28,1,178,1
3827,1009,50,1,143,1
3828,1010,47,2,278,6
3829,1010,53,2,210,6
3830,1010,41,1,215,6
3831,1011,27,2,281,3
3832,1011,25,1,106,3
3833,1011,10,1,180,3
3834,1012,7,1,420,1
3835,1012,1,1,125,1
3836,1012,48,1,196,1
3837,1013,25,1,106,2
3838,1013,53,1,210,2
3839,1013,3,1,95,2
3840,1014,36,1,378,1
3841,1014,54,1,201,1
3842,1014,29,1,147,1
3843,1015,55,1,326,3
3844,1015,53,2,210,3
3845,1015,3,1,95,3
3846,1016,33,2,221,5
3847,1016,59,1,74,5
3848,1016,26,1,216,5
3849,1017,35,2,348,1
3850,1017,10,1,180,1
3851,1017,46,1,147,1
3852,1018,18,2,310,4
3853,1018,38,1,186,4
3854,1018,17,1,145,4
3855,1019,49,2,103,2
3856,1019,21,1,185,2
3857,1019,10,1,180,2
3858,1020,45,1,122,4
3859,1020,41,1,215,4
3860,1020,3,1,95,4
3861,1021,24,1,190,4
3862,1021,55,1,326,4
3863,1021,28,1,178,4
3864,1022,37,1,219,4
3865,1022,1,1,125,4
3866,1022,60,1,287,4
3867,1023,24,1,190,2
3868,1023,19,1,89,2
3869,1023,3,1,95,2
3870,1024,30,2,173,1
3871,1024,51,1,230,1
3872,1024,42,1,113,1
3873,1025,54,1,201,5
3874,1025,34,1,186,5
3875,1025,27,1,281,5
3876,1026,56,1,391,1
3877,1026,10,1,180,1
3878,1026,54,1,201,1
3879,1027,45,1,122,5
3880,1027,3,1,95,5
3881,1027,32,2,219,5
3882,1028,43,1,140,5
3883,1028,51,1,230,5
3884,1028,27,1,281,5
3885,1029,51,1,230,1
3886,1029,37,1,219,1
3887,1029,10,1,180,1
3888,1030,60,1,287,1
3889,1030,11,1,140,1
3890,1030,20,1,115,1
3891,1031,47,1,278,2
3892,1031,15,1,195,2
3893,1031,28,1,178,2
3894,1032,25,2,106,3
3895,1032,40,1,249,3
3896,1032,15,1,195,3
3897,1033,40,1,249,5
3898,1033,2,1,210,5
3899,1033,55,1,326,5
3900,1034,41,1,215,5
3901,1034,8,2,680,5
3902,1034,43,1,140,5
3903,1035,31,2,219,4
3904,1035,45,1,122,4
3905,1035,3,1,95,4
3906,1036,60,1,287,2
3907,1036,26,1,216,2
3908,1036,11,1,140,2
3909,1037,10,1,180,1
3910,1037,31,1,219,1
3911,1037,16,1,240,1
3912,1038,27,1,281,2
3913,1038,36,1,378,2
3914,1038,46,1,147,2
3915,1039,3,1,95,3
3916,1039,10,1,180,3
3917,1039,28,1,178,3
3918,1040,25,1,106,6
3919,1040,52,1,226,6
3920,1040,41,1,215,6
3921,1041,4,1,160,1
3922,1041,59,1,74,1
3923,1041,27,2,281,1
3924,1042,48,1,196,6
3925,1042,51,1,230,6
3926,1042,47,1,278,6
3927,1043,24,1,190,4
3928,1043,48,1,196,4
3929,1043,39,1,101,4
3930,1044,46,1,147,1
3931,1044,34,1,186,1
3932,1044,22,1,170,1
3933,1045,48,2,196,6
3934,1045,39,2,101,6
3935,1045,30,1,173,6
3936,1046,27,1,281,3
3937,1046,2,1,210,3
3938,1046,45,1,122,3
3939,1047,30,1,173,6
3940,1047,39,1,101,6
3941,1047,48,1,196,6
3942,1048,41,1,215,5
3943,1048,53,1,210,5
3944,1048,4,1,160,5
3945,1049,45,2,122,5
3946,1049,54,1,201,5
3947,1049,13,1,220,5
3948,1050,56,1,391,3
3949,1050,13,1,220,3
3950,1050,23,1,145,3
3951,1051,37,1,219,1
3952,1051,33,1,221,1
3953,1051,9,1,520,1
3954,1052,6,1,275,6
3955,1052,34,2,186,6
3956,1052,33,1,221,6
3957,1053,13,1,220,3
3958,1053,57,1,274,3
3959,1053,54,1,201,3
3960,1054,56,1,391,5
3961,1054,47,1,278,5
3962,1054,57,1,274,5
3963,1055,39,1,101,4
3964,1055,2,1,210,4
3965,1055,54,1,201,4
3966,1056,24,1,190,3
3967,1056,9,1,520,3
3968,1056,15,1,195,3
3969,1057,34,1,186,2
3970,1057,53,1,210,2
3971,1057,8,1,680,2
3972,1058,28,2,178,6
3973,1058,10,1,180,6
3974,1058,40,1,249,6
3975,1059,50,1,143,2
3976,1059,55,1,326,2
3977,1059,36,1,378,2
3978,1060,42,1,113,3
3979,1060,17,1,145,3
3980,1060,43,1,140,3
3981,1061,47,1,278,2
3982,1061,12,1,260,2
3983,1061,17,1,145,2
3984,1062,39,1,101,6
3985,1062,3,1,95,6
3986,1062,4,1,160,6
3987,1063,6,1,275,1
3988,1063,44,1,305,1
3989,1063,30,1,173,1
3990,1064,45,1,122,1
3991,1064,6,1,275,1
3992,1064,17,2,145,1
3993,1065,57,1,274,5
3994,1065,48,1,196,5
3995,1065,12,1,260,5
3996,1066,22,1,170,1
3997,1066,56,1,391,1
3998,1066,6,1,275,1
3999,1067,41,1,215,6
4000,1067,48,1,196,6
4001,1067,43,1,140,6
4002,1068,20,1,115,5
4003,1068,5,1,340,5
4004,1068,29,1,147,5
4005,1069,15,1,195,1
4006,1069,57,1,274,1
4007,1069,28,1,178,1
4008,1070,25,1,106,5
4009,1070,6,2,275,5
4010,1070,21,1,185,5
4011,1071,34,1,186,4
4012,1071,13,1,220,4
4013,1071,56,1,391,4
4014,1072,4,1,160,4
4015,1072,3,1,95,4
4016,1072,8,2,680,4
4017,1073,45,1,122,3
4018,1073,41,1,215,3
4019,1073,8,1,680,3
4020,1074,39,2,101,3
4021,1074,60,1,287,3
4022,1074,40,1,249,3
4023,1075,35,1,348,2
4024,1075,57,1,274,2
4025,1075,15,1,195,2
4026,1076,42,1,113,1
4027,1076,43,2,140,1
4028,1076,12,1,260,1
4029,1077,44,1,305,4
4030,1077,42,1,113,4
4031,1077,59,1,74,4
4032,1078,48,1,196,4
4033,1078,12,1,260,4
4034,1078,21,1,185,4
4035,1079,47,1,278,4
4036,1079,35,1,348,4
4037,1079,4,1,160,4
4038,1080,50,1,143,3
4039,1080,4,1,160,3
4040,1080,55,1,326,3
4041,1081,23,1,145,3
4042,1081,12,2,260,3
4043,1081,57,2,274,3
4044,1082,55,1,326,5
4045,1082,2,1,210,5
4046,1082,57,1,274,5
4047,1083,37,1,219,4
4048,1083,60,2,287,4
4049,1083,32,2,219,4
4050,1084,27,1,281,1
4051,1084,43,1,140,1
4052,1084,25,2,106,1
4053,1085,8,1,680,1
4054,1085,41,2,215,1
4055,1085,45,1,122,1
4056,1086,40,1,249,2
4057,1086,11,1,140,2
4058,1086,57,1,274,2
4059,1087,21,1,185,6
4060,1087,46,1,147,6
4061,1087,50,2,143,6
4062,1088,26,1,216,1
4063,1088,19,1,89,1
4064,1088,41,1,215,1
4065,1089,40,1,249,1
4066,1089,56,2,391,1
4067,1089,52,1,226,1
4068,1090,34,1,186,3
4069,1090,46,2,147,3
4070,1090,14,1,780,3
4071,1091,56,1,391,1
4072,1091,15,1,195,1
4073,1091,34,1,186,1
4074,1092,51,1,230,1
4075,1092,46,2,147,1
4076,1092,24,1,190,1
4077,1093,25,1,106,6
4078,1093,34,1,186,6
4079,1093,30,1,173,6
4080,1094,34,1,186,4
4081,1094,6,1,275,4
4082,1094,10,2,180,4
4083,1095,11,2,140,1
4084,1095,43,2,140,1
4085,1095,2,1,210,1
4086,1096,8,1,680,6
4087,1096,17,1,145,6
4088,1096,41,1,215,6
4089,1097,60,1,287,4
4090,1097,6,1,275,4
4091,1097,34,1,186,4
4092,1098,56,1,391,4
4093,1098,12,1,260,4
4094,1098,33,1,221,4
4095,1099,24,1,190,4
4096,1099,18,1,310,4
4097,1099,38,2,186,4
4098,1100,59,1,74,2
4099,1100,8,1,680,2
4100,1100,41,2,215,2
4101,1101,13,1,220,1
4102,1101,60,1,287,1
4103,1101,34,1,186,1
4104,1102,53,2,210,3
4105,1102,24,1,190,3
4106,1102,33,2,221,3
4107,1103,28,1,178,6
4108,1103,6,1,275,6
4109,1103,3,1,95,6
4110,1104,51,1,230,4
4111,1104,60,1,287,4
4112,1104,14,1,780,4
4113,1105,41,1,215,4
4114,1105,39,1,101,4
4115,1105,27,1,281,4
4116,1106,33,1,221,5
4117,1106,7,1,420,5
4118,1106,50,1,143,5
4119,1107,28,1,178,1
4120,1107,8,1,680,1
4121,1107,10,2,180,1
4122,1108,12,1,260,1
4123,1108,42,2,113,1
4124,1108,4,1,160,1
4125,1109,49,1,103,4
4126,1109,32,1,219,4
4127,1109,50,1,143,4
4128,1110,2,1,210,1
4129,1110,43,1,140,1
4130,1110,44,1,305,1
4131,1111,33,1,221,2
4132,1111,45,1,122,2
4133,1111,27,1,281,2
4134,1112,47,1,278,3
4135,1112,33,1,221,3
4136,1112,4,1,160,3
4137,1113,54,1,201,1
4138,1113,13,1,220,1
4139,1113,17,2,145,1
4140,1114,31,2,219,1
4141,1114,57,2,274,1
4142,1114,40,2,249,1
4143,1115,15,1,195,1
4144,1115,43,1,140,1
4145,1115,29,1,147,1
4146,1116,15,1,195,2
4147,1116,37,1,219,2
4148,1116,43,1,140,2
4149,1117,27,1,281,1
4150,1117,57,1,274,1
4151,1117,29,1,147,1
4152,1118,6,1,275,6
4153,1118,52,1,226,6
4154,1118,15,1,195,6
4155,1119,10,1,180,6
4156,1119,27,2,281,6
4157,1119,7,1,420,6
4158,1120,53,2,210,4
4159,1120,37,1,219,4
4160,1120,27,2,281,4
4161,1121,46,1,147,2
4162,1121,59,1,74,2
4163,1121,39,1,101,2
4164,1122,45,1,122,6
4165,1122,37,1,219,6
4166,1122,60,1,287,6
4167,1123,31,1,219,4
4168,1123,44,1,305,4
4169,1123,11,1,140,4
4170,1124,41,1,215,5
4171,1124,59,2,74,5
4172,1124,15,1,195,5
4173,1125,25,1,106,1
4174,1125,55,1,326,1
4175,1125,41,1,215,1
4176,1126,19,1,89,5
4177,1126,39,1,101,5
4178,1126,2,1,210,5
4179,1127,10,1,180,4
4180,1127,8,1,680,4
4181,1127,52,1,226,4
4182,1128,40,1,249,6
4183,1128,15,1,195,6
4184,1128,34,1,186,6
4185,1129,6,1,275,3
4186,1129,56,1,391,3
4187,1129,53,1,210,3
4188,1130,4,1,160,1
4189,1130,13,1,220,1
4190,1130,34,1,186,1
4191,1131,41,1,215,4
4192,1131,39,1,101,4
4193,1131,30,1,173,4
4194,1132,43,1,140,1
4195,1132,2,1,210,1
4196,1132,13,1,220,1
4197,1133,39,1,101,6
4198,1133,15,1,195,6
4199,1133,27,1,281,6
4200,1134,48,1,196,2
4201,1134,41,1,215,2
4202,1134,36,1,378,2
4203,1135,27,1,281,3
4204,1135,26,2,216,3
4205,1135,15,1,195,3
4206,1136,25,1,106,1
4207,1136,42,1,113,1
4208,1136,4,2,160,1
4209,1137,2,1,210,2
4210,1137,57,1,274,2
4211,1137,6,1,275,2
4212,1138,25,1,106,5
4213,1138,56,1,391,5
4214,1138,50,2,143,5
4215,1139,46,1,147,2
4216,1139,26,2,216,2
4217,1139,6,1,275,2
4218,1140,57,1,274,6
4219,1140,54,1,201,6
4220,1140,24,1,190,6
4221,1141,6,1,275,1
4222,1141,51,1,230,1
4223,1141,50,1,143,1
4224,1142,25,1,106,1
4225,1142,51,1,230,1
4226,1142,24,1,190,1
4227,1143,57,1,274,4
4228,1143,36,1,378,4
4229,1143,4,2,160,4
4230,1144,41,1,215,4
4231,1144,42,1,113,4
4232,1144,46,1,147,4
4233,1145,10,1,180,3
4234,1145,13,1,220,3
4235,1145,54,2,201,3
4236,1146,39,1,101,1
4237,1146,59,1,74,1
4238,1146,35,1,348,1
4239,1147,36,1,378,1
4240,1147,17,1,145,1
4241,1147,4,1,160,1
4242,1148,46,1,147,4
4243,1148,43,2,140,4
4244,1148,55,1,326,4
4245,1149,20,2,115,1
4246,1149,49,2,103,1
4247,1149,35,2,348,1
4248,1150,6,1,275,4
4249,1150,52,1,226,4
4250,1150,23,1,145,4
4251,1151,30,1,173,1
4252,1151,17,1,145,1
4253,1151,56,1,391,1
4254,1152,39,1,101,3
4255,1152,42,2,113,3
4256,1152,19,1,89,3
4257,1153,24,2,190,2
4258,1153,37,1,219,2
4259,1153,17,1,145,2
4260,1154,24,1,190,5
4261,1154,11,1,140,5
4262,1154,13,1,220,5
4263,1155,27,1,281,4
4264,1155,35,1,348,4
4265,1155,34,1,186,4
4266,1156,8,1,680,2
4267,1156,53,1,210,2
4268,1156,10,1,180,2
4269,1157,17,1,145,6
4270,1157,8,1,680,6
4271,1157,36,1,378,6
4272,1158,15,1,195,4
4273,1158,34,1,186,4
4274,1158,25,2,106,4
4275,1159,60,1,287,5
4276,1159,35,1,348,5
4277,1159,19,1,89,5
4278,1160,45,1,122,1
4279,1160,41,1,215,1
4280,1160,56,1,391,1
4281,1161,36,2,378,1
4282,1161,56,1,391,1
4283,1161,15,1,195,1
4284,1162,55,1,326,2
4285,1162,37,1,219,2
4286,1162,50,1,143,2
4287,1163,33,1,221,6
4288,1163,40,2,249,6
4289,1163,21,1,185,6
4290,1164,11,1,140,2
4291,1164,2,2,210,2
4292,1164,58,1,120,2
4293,1165,32,1,219,4
4294,1165,11,1,140,4
4295,1165,4,2,160,4
4296,1166,53,1,210,6
4297,1166,13,1,220,6
4298,1166,27,1,281,6
4299,1167,55,1,326,1
4300,1167,8,1,680,1
4301,1167,49,2,103,1
4302,1168,8,1,680,1
4303,1168,27,1,281,1
4304,1168,59,1,74,1
4305,1169,36,1,378,6
4306,1169,57,1,274,6
4307,1169,31,1,219,6
4308,1170,37,1,219,4
4309,1170,26,1,216,4
4310,1170,41,1,215,4
4311,1171,19,1,89,5
4312,1171,52,1,226,5
4313,1171,20,1,115,5
4314,1172,29,1,147,2
4315,1172,17,1,145,2
4316,1172,52,1,226,2
4317,1173,19,1,89,6
4318,1173,36,1,378,6
4319,1173,46,1,147,6
4320,1174,6,1,275,1
4321,1174,2,1,210,1
4322,1174,13,1,220,1
4323,1175,17,1,145,5
4324,1175,59,1,74,5
4325,1175,19,1,89,5
4326,1176,31,1,219,2
4327,1176,11,2,140,2
4328,1176,32,1,219,2
4329,1177,45,1,122,4
4330,1177,19,1,89,4
4331,1177,11,1,140,4
4332,1178,26,2,216,1
4333,1178,29,1,147,1
4334,1178,56,1,391,1
4335,1179,33,1,221,1
4336,1179,50,1,143,1
4337,1179,34,1,186,1
4338,1180,27,1,281,6
4339,1180,28,1,178,6
4340,1180,35,2,348,6
4341,1181,48,1,196,4
4342,1181,42,1,113,4
4343,1181,3,1,95,4
4344,1182,9,1,520,3
4345,1182,17,1,145,3
4346,1182,12,1,260,3
4347,1183,40,1,249,2
4348,1183,25,1,106,2
4349,1183,5,2,340,2
4350,1184,34,1,186,2
4351,1184,45,1,122,2
4352,1184,27,2,281,2
4353,1185,39,1,101,1
4354,1185,15,1,195,1
4355,1185,44,1,305,1
4356,1186,29,1,147,6
4357,1186,36,1,378,6
4358,1186,55,2,326,6
4359,1187,32,1,219,2
4360,1187,35,1,348,2
4361,1187,28,1,178,2
4362,1188,55,1,326,2
4363,1188,42,1,113,2
4364,1188,36,1,378,2
4365,1189,8,1,680,3
4366,1189,4,1,160,3
4367,1189,24,1,190,3
4368,1190,9,1,520,4
4369,1190,27,2,281,4
4370,1190,20,1,115,4
4371,1191,57,1,274,6
4372,1191,10,1,180,6
4373,1191,46,1,147,6
4374,1192,46,1,147,3
4375,1192,2,2,210,3
4376,1192,39,1,101,3
4377,1193,6,1,275,6
4378,1193,53,1,210,6
4379,1193,4,1,160,6
4380,1194,34,1,186,5
4381,1194,29,1,147,5
4382,1194,27,1,281,5
4383,1195,32,1,219,5
4384,1195,37,1,219,5
4385,1195,25,1,106,5
4386,1196,41,1,215,2
4387,1196,5,1,340,2
4388,1196,31,1,219,2
4389,1197,33,1,221,2
4390,1197,46,1,147,2
4391,1197,27,1,281,2
4392,1198,12,1,260,3
4393,1198,32,1,219,3
4394,1198,6,1,275,3
4395,1199,45,1,122,4
4396,1199,60,1,287,4
4397,1199,54,1,201,4
4398,1200,28,2,178,6
4399,1200,30,1,173,6
4400,1200,57,1,274,6
4401,1201,19,1,89,1
4402,1201,10,1,180,1
4403,1201,37,1,219,1
4404,1202,33,2,221,3
4405,1202,34,1,186,3
4406,1202,53,1,210,3
4407,1203,57,1,274,5
4408,1203,29,1,147,5
4409,1203,43,1,140,5
4410,1204,3,1,95,4
4411,1204,28,1,178,4
4412,1204,32,1,219,4
4413,1205,25,2,106,1
4414,1205,15,1,195,1
4415,1205,31,2,219,1
4416,1206,53,1,210,1
4417,1206,51,2,230,1
4418,1206,19,1,89,1
4419,1207,49,1,103,3
4420,1207,45,1,122,3
4421,1207,36,1,378,3
4422,1208,3,1,95,5
4423,1208,35,2,348,5
4424,1208,51,1,230,5
4425,1209,47,1,278,5
4426,1209,24,1,190,5
4427,1209,58,1,120,5
4428,1210,10,1,180,2
4429,1210,60,1,287,2
4430,1210,35,2,348,2
4431,1211,45,1,122,1
4432,1211,12,1,260,1
4433,1211,19,2,89,1
4434,1212,24,1,190,4
4435,1212,31,1,219,4
4436,1212,15,1,195,4
4437,1213,29,1,147,4
4438,1213,57,1,274,4
4439,1213,33,1,221,4
4440,1214,43,1,140,6
4441,1214,36,1,378,6
4442,1214,33,1,221,6
4443,1215,21,1,185,3
4444,1215,29,1,147,3
4445,1215,4,1,160,3
4446,1216,10,1,180,6
4447,1216,60,1,287,6
4448,1216,48,1,196,6
4449,1217,9,1,520,1
4450,1217,45,1,122,1
4451,1217,28,1,178,1
4452,1218,48,1,196,6
4453,1218,35,1,348,6
4454,1218,24,2,190,6
4455,1219,7,1,420,6
4456,1219,29,1,147,6
4457,1219,45,1,122,6
4458,1220,30,1,173,3
4459,1220,35,1,348,3
4460,1220,19,1,89,3
4461,1221,55,1,326,4
4462,1221,6,2,275,4
4463,1221,12,1,260,4
4464,1222,3,1,95,5
4465,1222,54,1,201,5
4466,1222,19,1,89,5
4467,1223,31,1,219,5
4468,1223,45,1,122,5
4469,1223,18,1,310,5
4470,1224,43,2,140,2
4471,1224,40,2,249,2
4472,1224,2,1,210,2
4473,1225,34,1,186,4
4474,1225,41,1,215,4
4475,1225,49,2,103,4
4476,1226,27,1,281,5
4477,1226,26,1,216,5
4478,1226,52,1,226,5
4479,1227,8,2,680,4
4480,1227,28,2,178,4
4481,1227,46,1,147,4
4482,1228,42,1,113,6
4483,1228,49,2,103,6
4484,1228,13,1,220,6
4485,1229,28,1,178,4
4486,1229,53,1,210,4
4487,1229,30,1,173,4
4488,1230,2,1,210,2
4489,1230,36,2,378,2
4490,1230,11,1,140,2
4491,1231,37,1,219,4
4492,1231,21,1,185,4
4493,1231,24,1,190,4
4494,1232,4,2,160,3
4495,1232,59,2,74,3
4496,1232,25,1,106,3
4497,1233,17,1,145,1
4498,1233,18,1,310,1
4499,1233,41,1,215,1
4500,1234,10,1,180,4
4501,1234,51,1,230,4
4502,1234,28,2,178,4
4503,1235,30,1,173,4
4504,1235,8,1,680,4
4505,1235,55,1,326,4
4506,1236,33,1,221,1
4507,1236,19,1,89,1
4508,1236,3,1,95,1
4509,1237,6,2,275,4
4510,1237,59,1,74,4
4511,1237,5,1,340,4
4512,1238,32,1,219,5
4513,1238,36,1,378,5
4514,1238,27,1,281,5
4515,1239,49,1,103,1
4516,1239,40,1,249,1
4517,1239,32,1,219,1
4518,1240,15,1,195,4
4519,1240,11,1,140,4
4520,1240,39,1,101,4
4521,1241,4,1,160,4
4522,1241,10,1,180,4
4523,1241,2,2,210,4
4524,1242,32,1,219,1
4525,1242,27,1,281,1
4526,1242,2,1,210,1
4527,1243,49,1,103,5
4528,1243,41,1,215,5
4529,1243,12,1,260,5
4530,1244,21,1,185,5
4531,1244,18,1,310,5
4532,1244,31,2,219,5
4533,1245,48,2,196,5
4534,1245,34,2,186,5
4535,1245,30,1,173,5
4536,1246,39,1,101,6
4537,1246,12,2,260,6
4538,1246,50,1,143,6
4539,1247,43,1,140,4
4540,1247,54,1,201,4
4541,1247,56,1,391,4
4542,1248,10,1,180,3
4543,1248,41,1,215,3
4544,1248,7,1,420,3
4545,1249,22,1,170,6
4546,1249,5,1,340,6
4547,1249,26,2,216,6
4548,1250,39,1,101,1
4549,1250,32,1,219,1
4550,1250,30,1,173,1
4551,1251,42,2,113,4
4552,1251,25,1,106,4
4553,1251,47,1,278,4
4554,1252,6,1,275,6
4555,1252,15,1,195,6
4556,1252,45,1,122,6
4557,1253,12,2,260,2
4558,1253,4,2,160,2
4559,1253,28,1,178,2
4560,1254,25,1,106,3
4561,1254,24,1,190,3
4562,1254,52,1,226,3
4563,1255,56,1,391,4
4564,1255,51,2,230,4
4565,1255,45,1,122,4
4566,1256,43,1,140,1
4567,1256,5,1,340,1
4568,1256,45,1,122,1
4569,1257,18,1,310,6
4570,1257,17,1,145,6
4571,1257,37,1,219,6
4572,1258,33,1,221,4
4573,1258,21,1,185,4
4574,1258,37,2,219,4
4575,1259,15,1,195,6
4576,1259,21,1,185,6
4577,1259,47,1,278,6
4578,1260,33,2,221,4
4579,1260,31,1,219,4
4580,1260,60,1,287,4
4581,1261,45,2,122,2
4582,1261,49,1,103,2
4583,1261,47,1,278,2
4584,1262,59,1,74,6
4585,1262,32,2,219,6
4586,1262,8,1,680,6
4587,1263,45,1,122,5
4588,1263,57,1,274,5
4589,1263,34,1,186,5
4590,1264,28,1,178,1
4591,1264,59,1,74,1
4592,1264,34,1,186,1
4593,1265,17,1,145,1
4594,1265,51,1,230,1
4595,1265,41,1,215,1
4596,1266,4,1,160,4
4597,1266,19,2,89,4
4598,1266,31,1,219,4
4599,1267,51,1,230,2
4600,1267,60,2,287,2
4601,1267,29,1,147,2
4602,1268,23,1,145,6
4603,1268,57,1,274,6
4604,1268,60,1,287,6
4605,1269,12,1,260,5
4606,1269,27,1,281,5
4607,1269,54,1,201,5
4608,1270,41,1,215,4
4609,1270,50,1,143,4
4610,1270,52,1,226,4
4611,1271,5,1,340,1
4612,1271,40,2,249,1
4613,1271,28,1,178,1
4614,1272,27,1,281,4
4615,1272,42,1,113,4
4616,1272,21,1,185,4
4617,1273,43,1,140,4
4618,1273,37,1,219,4
4619,1273,38,1,186,4
4620,1274,53,1,210,5
4621,1274,25,1,106,5
4622,1274,56,2,391,5
4623,1275,2,1,210,2
4624,1275,49,1,103,2
4625,1275,13,1,220,2
4626,1276,2,1,210,1
4627,1276,43,1,140,1
4628,1276,41,1,215,1
4629,1277,60,1,287,6
4630,1277,52,1,226,6
4631,1277,50,1,143,6
4632,1278,24,1,190,1
4633,1278,45,2,122,1
4634,1278,17,1,145,1
4635,1279,51,1,230,2
4636,1279,46,1,147,2
4637,1279,6,1,275,2
4638,1280,20,1,115,2
4639,1280,19,2,89,2
4640,1280,3,1,95,2
4641,1281,33,1,221,4
4642,1281,15,2,195,4
4643,1281,47,1,278,4
4644,1282,27,1,281,2
4645,1282,59,1,74,2
4646,1282,60,1,287,2
4647,1283,24,1,190,6
4648,1283,54,1,201,6
4649,1283,60,1,287,6
4650,1284,24,1,190,4
4651,1284,50,1,143,4
4652,1284,37,1,219,4
4653,1285,11,1,140,3
4654,1285,52,1,226,3
4655,1285,47,2,278,3
4656,1286,29,1,147,4
4657,1286,59,1,74,4
4658,1286,6,1,275,4
4659,1287,37,1,219,1
4660,1287,49,1,103,1
4661,1287,47,1,278,1
4662,1288,4,1,160,5
4663,1288,8,1,680,5
4664,1288,28,2,178,5
4665,1289,13,2,220,4
4666,1289,46,1,147,4
4667,1289,16,1,240,4
4668,1290,46,1,147,1
4669,1290,11,1,140,1
4670,1290,13,1,220,1
4671,1291,4,1,160,3
4672,1291,12,1,260,3
4673,1291,33,1,221,3
4674,1292,35,1,348,3
4675,1292,2,1,210,3
4676,1292,32,1,219,3
4677,1293,56,1,391,5
4678,1293,55,1,326,5
4679,1293,54,2,201,5
4680,1294,8,1,680,3
4681,1294,21,1,185,3
4682,1294,41,1,215,3
4683,1295,46,1,147,4
4684,1295,28,2,178,4
4685,1295,57,1,274,4
4686,1296,6,1,275,1
4687,1296,54,1,201,1
4688,1296,34,1,186,1
4689,1297,58,1,120,6
4690,1297,25,1,106,6
4691,1297,36,1,378,6
4692,1298,21,2,185,1
4693,1298,49,1,103,1
4694,1298,11,1,140,1
4695,1299,57,1,274,6
4696,1299,30,1,173,6
4697,1299,49,1,103,6
4698,1300,31,1,219,4
4699,1300,6,1,275,4
4700,1300,53,1,210,4
4701,1301,15,1,195,1
4702,1301,41,1,215,1
4703,1301,11,1,140,1
4704,1302,51,1,230,5
4705,1302,29,1,147,5
4706,1302,17,1,145,5
4707,1303,41,1,215,2
4708,1303,54,1,201,2
4709,1303,36,1,378,2
4710,1304,39,1,101,4
4711,1304,50,1,143,4
4712,1304,28,1,178,4
4713,1305,32,1,219,5
4714,1305,7,1,420,5
4715,1305,60,1,287,5
4716,1306,24,1,190,6
4717,1306,60,2,287,6
4718,1306,17,1,145,6
4719,1307,56,1,391,3
4720,1307,53,1,210,3
4721,1307,55,2,326,3
4722,1308,17,1,145,4
4723,1308,26,1,216,4
4724,1308,35,1,348,4
4725,1309,31,1,219,4
4726,1309,56,1,391,4
4727,1309,59,1,74,4
4728,1310,34,1,186,1
4729,1310,6,1,275,1
4730,1310,35,2,348,1
4731,1311,15,2,195,1
4732,1311,54,1,201,1
4733,1311,45,1,122,1
4734,1312,3,1,95,4
4735,1312,6,2,275,4
4736,1312,15,1,195,4
4737,1313,46,1,147,6
4738,1313,28,1,178,6
4739,1313,56,1,391,6
4740,1314,56,1,391,5
4741,1314,8,1,680,5
4742,1314,50,1,143,5
4743,1315,25,2,106,4
4744,1315,4,2,160,4
4745,1315,45,1,122,4
4746,1316,15,1,195,3
4747,1316,43,2,140,3
4748,1316,41,1,215,3
4749,1317,60,1,287,2
4750,1317,12,2,260,2
4751,1317,35,1,348,2
4752,1318,34,1,186,3
4753,1318,55,1,326,3
4754,1318,59,1,74,3
4755,1319,41,1,215,3
4756,1319,5,1,340,3
4757,1319,46,1,147,3
4758,1320,42,1,113,1
4759,1320,50,1,143,1
4760,1320,60,1,287,1
4761,1321,4,1,160,6
4762,1321,55,2,326,6
4763,1321,19,1,89,6
4764,1322,59,1,74,5
4765,1322,55,1,326,5
4766,1322,28,1,178,5
4767,1323,51,2,230,4
4768,1323,31,1,219,4
4769,1323,39,1,101,4
4770,1324,46,1,147,6
4771,1324,5,1,340,6
4772,1324,56,1,391,6
4773,1325,33,1,221,1
4774,1325,13,1,220,1
4775,1325,47,1,278,1
4776,1326,27,1,281,4
4777,1326,57,1,274,4
4778,1326,25,2,106,4
4779,1327,1,1,125,4
4780,1327,37,1,219,4
4781,1327,49,1,103,4
4782,1328,56,1,391,5
4783,1328,20,2,115,5
4784,1328,55,1,326,5
4785,1329,17,1,145,4
4786,1329,27,1,281,4
4787,1329,20,2,115,4
4788,1330,40,1,249,3
4789,1330,11,1,140,3
4790,1330,17,1,145,3
4791,1331,10,1,180,1
4792,1331,49,2,103,1
4793,1331,20,1,115,1
4794,1332,4,1,160,1
4795,1332,3,1,95,1
4796,1332,33,1,221,1
4797,1333,25,1,106,6
4798,1333,41,1,215,6
4799,1333,3,1,95,6
4800,1334,34,1,186,1
4801,1334,28,1,178,1
4802,1334,48,1,196,1
4803,1335,53,1,210,4
4804,1335,42,1,113,4
4805,1335,31,1,219,4
4806,1336,45,1,122,1
4807,1336,59,1,74,1
4808,1336,12,1,260,1
4809,1337,60,1,287,1
4810,1337,51,1,230,1
4811,1337,57,2,274,1
4812,1338,5,2,340,4
4813,1338,31,1,219,4
4814,1338,24,2,190,4
4815,1339,33,2,221,3
4816,1339,5,1,340,3
4817,1339,31,2,219,3
4818,1340,30,1,173,1
4819,1340,8,1,680,1
4820,1340,33,1,221,1
4821,1341,22,1,170,5
4822,1341,29,1,147,5
4823,1341,57,1,274,5
4824,1342,32,1,219,4
4825,1342,49,1,103,4
4826,1342,35,1,348,4
4827,1343,47,2,278,1
4828,1343,33,1,221,1
4829,1343,36,1,378,1
4830,1344,50,1,143,2
4831,1344,57,1,274,2
4832,1344,30,1,173,2
4833,1345,60,2,287,5
4834,1345,28,1,178,5
4835,1345,20,1,115,5
4836,1346,43,1,140,2
4837,1346,52,1,226,2
4838,1346,47,1,278,2
4839,1347,56,1,391,4
4840,1347,48,1,196,4
4841,1347,12,1,260,4
4842,1348,43,1,140,6
4843,1348,56,1,391,6
4844,1348,13,1,220,6
4845,1349,55,1,326,6
4846,1349,9,1,520,6
4847,1349,30,1,173,6
4848,1350,42,1,113,6
4849,1350,50,1,143,6
4850,1350,49,1,103,6
4851,1351,48,2,196,2
4852,1351,6,1,275,2
4853,1351,47,2,278,2
4854,1352,13,1,220,4
4855,1352,37,1,219,4
4856,1352,11,1,140,4
4857,1353,45,1,122,6
4858,1353,18,1,310,6
4859,1353,12,1,260,6
4860,1354,12,1,260,2
4861,1354,27,1,281,2
4862,1354,16,1,240,2
4863,1355,29,1,147,2
4864,1355,17,1,145,2
4865,1355,41,1,215,2
4866,1356,42,1,113,5
4867,1356,32,1,219,5
4868,1356,54,1,201,5
4869,1357,19,1,89,1
4870,1357,4,1,160,1
4871,1357,39,1,101,1
4872,1358,6,1,275,2
4873,1358,54,1,201,2
4874,1358,1,1,125,2
4875,1359,45,2,122,6
4876,1359,27,1,281,6
4877,1359,46,1,147,6
4878,1360,13,1,220,2
4879,1360,54,1,201,2
4880,1360,30,2,173,2
4881,1361,23,1,145,5
4882,1361,51,1,230,5
4883,1361,42,1,113,5
4884,1362,4,1,160,4
4885,1362,32,1,219,4
4886,1362,55,1,326,4
4887,1363,50,1,143,1
4888,1363,55,1,326,1
4889,1363,41,1,215,1
4890,1364,53,2,210,1
4891,1364,32,2,219,1
4892,1364,15,1,195,1
4893,1365,6,1,275,3
4894,1365,44,1,305,3
4895,1365,37,1,219,3
4896,1366,15,1,195,2
4897,1366,57,1,274,2
4898,1366,41,1,215,2
4899,1367,52,2,226,1
4900,1367,33,1,221,1
4901,1367,25,2,106,1
4902,1368,2,1,210,6
4903,1368,25,2,106,6
4904,1368,57,1,274,6
4905,1369,2,1,210,1
4906,1369,36,1,378,1
4907,1369,44,1,305,1
4908,1370,47,1,278,6
4909,1370,6,1,275,6
4910,1370,48,1,196,6
4911,1371,46,1,147,3
4912,1371,28,1,178,3
4913,1371,31,1,219,3
4914,1372,45,2,122,1
4915,1372,17,1,145,1
4916,1372,12,1,260,1
4917,1373,8,1,680,1
4918,1373,46,1,147,1
4919,1373,53,1,210,1
4920,1374,11,1,140,1
4921,1374,37,1,219,1
4922,1374,52,1,226,1
4923,1375,50,1,143,4
4924,1375,27,1,281,4
4925,1375,55,1,326,4
4926,1376,8,1,680,3
4927,1376,13,1,220,3
4928,1376,60,1,287,3
4929,1377,17,2,145,4
4930,1377,43,1,140,4
4931,1377,45,1,122,4
4932,1378,57,1,274,6
4933,1378,33,2,221,6
4934,1378,38,1,186,6
4935,1379,25,2,106,1
4936,1379,46,2,147,1
4937,1379,56,1,391,1
4938,1380,41,1,215,6
4939,1380,22,1,170,6
4940,1380,8,1,680,6
4941,1381,37,1,219,5
4942,1381,18,1,310,5
4943,1381,56,1,391,5
4944,1382,3,1,95,6
4945,1382,37,2,219,6
4946,1382,31,1,219,6
4947,1383,36,1,378,2
4948,1383,6,1,275,2
4949,1383,47,1,278,2
4950,1384,29,1,147,4
4951,1384,35,1,348,4
4952,1384,30,1,173,4
4953,1385,54,1,201,1
4954,1385,11,1,140,1
4955,1385,26,1,216,1
4956,1386,42,1,113,5
4957,1386,46,1,147,5
4958,1386,8,1,680,5
4959,1387,19,2,89,3
4960,1387,17,1,145,3
4961,1387,8,1,680,3
4962,1388,16,1,240,4
4963,1388,37,1,219,4
4964,1388,30,1,173,4
4965,1389,47,1,278,4
4966,1389,6,1,275,4
4967,1389,53,1,210,4
4968,1390,52,1,226,4
4969,1390,34,1,186,4
4970,1390,43,1,140,4
4971,1391,46,1,147,4
4972,1391,60,1,287,4
4973,1391,25,1,106,4
4974,1392,60,1,287,6
4975,1392,27,1,281,6
4976,1392,54,1,201,6
4977,1393,43,2,140,4
4978,1393,27,1,281,4
4979,1393,44,1,305,4
4980,1394,37,1,219,6
4981,1394,49,1,103,6
4982,1394,24,1,190,6
4983,1395,17,1,145,1
4984,1395,24,1,190,1
4985,1395,6,1,275,1
4986,1396,37,1,219,1
4987,1396,26,1,216,1
4988,1396,60,1,287,1
4989,1397,24,1,190,5
4990,1397,52,2,226,5
4991,1397,10,1,180,5
4992,1398,21,1,185,5
4993,1398,60,1,287,5
4994,1398,37,1,219,5
4995,1399,21,1,185,3
4996,1399,37,1,219,3
4997,1399,36,1,378,3
4998,1400,60,1,287,4
4999,1400,48,2,196,4
5000,1400,39,1,101,4
5001,1401,35,1,348,4
5002,1401,3,1,95,4
5003,1401,60,1,287,4
5004,1402,37,2,219,3
5005,1402,47,1,278,3
5006,1402,5,2,340,3
5007,1403,22,1,170,3
5008,1403,32,2,219,3
5009,1403,8,1,680,3
5010,1404,32,1,219,4
5011,1404,37,1,219,4
5012,1404,34,1,186,4
5013,1405,55,1,326,2
5014,1405,40,1,249,2
5015,1405,29,1,147,2
5016,1406,32,1,219,5
5017,1406,46,1,147,5
5018,1406,50,1,143,5
5019,1407,50,1,143,1
5020,1407,3,1,95,1
5021,1407,33,2,221,1
5022,1408,19,1,89,5
5023,1408,25,1,106,5
5024,1408,4,1,160,5
5025,1409,41,2,215,4
5026,1409,45,1,122,4
5027,1409,19,2,89,4
5028,1410,20,1,115,2
5029,1410,12,1,260,2
5030,1410,6,1,275,2
5031,1411,54,1,201,4
5032,1411,18,1,310,4
5033,1411,2,1,210,4
5034,1412,4,1,160,2
5035,1412,3,1,95,2
5036,1412,11,1,140,2
5037,1413,53,1,210,4
5038,1413,49,1,103,4
5039,1413,51,1,230,4
5040,1414,8,1,680,6
5041,1414,49,1,103,6
5042,1414,4,2,160,6
5043,1415,17,1,145,6
5044,1415,26,1,216,6
5045,1415,48,1,196,6
5046,1416,42,1,113,4
5047,1416,33,1,221,4
5048,1416,46,1,147,4
5049,1417,26,1,216,2
5050,1417,4,1,160,2
5051,1417,47,1,278,2
5052,1418,60,1,287,3
5053,1418,5,1,340,3
5054,1418,10,1,180,3
5055,1419,28,1,178,1
5056,1419,5,1,340,1
5057,1419,21,1,185,1
5058,1420,17,1,145,1
5059,1420,35,1,348,1
5060,1420,25,1,106,1
5061,1421,56,1,391,6
5062,1421,20,1,115,6
5063,1421,29,1,147,6
5064,1422,46,1,147,5
5065,1422,26,1,216,5
5066,1422,50,1,143,5
5067,1423,35,1,348,4
5068,1423,31,1,219,4
5069,1423,3,2,95,4
5070,1424,34,1,186,2
5071,1424,11,1,140,2
5072,1424,41,1,215,2
5073,1425,32,1,219,4
5074,1425,57,1,274,4
5075,1425,20,1,115,4
5076,1426,3,1,95,3
5077,1426,7,1,420,3
5078,1426,35,1,348,3
5079,1427,39,1,101,5
5080,1427,32,1,219,5
5081,1427,28,1,178,5
5082,1428,38,1,186,6
5083,1428,39,1,101,6
5084,1428,55,1,326,6
5085,1429,28,1,178,2
5086,1429,30,1,173,2
5087,1429,3,1,95,2
5088,1430,13,1,220,2
5089,1430,31,1,219,2
5090,1430,12,1,260,2
5091,1431,1,2,125,6
5092,1431,12,1,260,6
5093,1431,26,1,216,6
5094,1432,60,1,287,3
5095,1432,30,1,173,3
5096,1432,8,1,680,3
5097,1433,11,1,140,1
5098,1433,2,1,210,1
5099,1433,52,1,226,1
5100,1434,52,1,226,5
5101,1434,57,1,274,5
5102,1434,5,1,340,5
5103,1435,47,1,278,5
5104,1435,2,1,210,5
5105,1435,51,1,230,5
5106,1436,53,1,210,1
5107,1436,6,1,275,1
5108,1436,35,1,348,1
5109,1437,42,2,113,5
5110,1437,11,2,140,5
5111,1437,13,1,220,5
5112,1438,39,1,101,2
5113,1438,33,1,221,2
5114,1438,3,1,95,2
5115,1439,37,1,219,4
5116,1439,51,1,230,4
5117,1439,17,1,145,4
5118,1440,34,1,186,4
5119,1440,54,2,201,4
5120,1440,50,1,143,4
5121,1441,8,1,680,6
5122,1441,47,1,278,6
5123,1441,48,1,196,6
5124,1442,32,1,219,6
5125,1442,46,1,147,6
5126,1442,4,2,160,6
5127,1443,40,1,249,6
5128,1443,59,1,74,6
5129,1443,48,2,196,6
5130,1444,48,2,196,4
5131,1444,10,2,180,4
5132,1444,42,1,113,4
5133,1445,20,1,115,2
5134,1445,32,1,219,2
5135,1445,35,1,348,2
5136,1446,26,1,216,4
5137,1446,30,1,173,4
5138,1446,47,1,278,4
5139,1447,4,1,160,1
5140,1447,49,1,103,1
5141,1447,36,1,378,1
5142,1448,47,1,278,1
5143,1448,33,1,221,1
5144,1448,5,1,340,1
5145,1449,24,1,190,2
5146,1449,28,1,178,2
5147,1449,30,1,173,2
5148,1450,44,1,305,3
5149,1450,10,1,180,3
5150,1450,56,1,391,3
5151,1451,52,2,226,2
5152,1451,28,1,178,2
5153,1451,47,1,278,2
5154,1452,6,1,275,1
5155,1452,53,1,210,1
5156,1452,21,2,185,1
5157,1453,6,1,275,4
5158,1453,34,1,186,4
5159,1453,30,1,173,4
5160,1454,34,1,186,5
5161,1454,16,1,240,5
5162,1454,53,1,210,5
5163,1455,10,1,180,5
5164,1455,9,1,520,5
5165,1455,47,1,278,5
5166,1456,25,2,106,4
5167,1456,24,1,190,4
5168,1456,31,1,219,4
5169,1457,13,1,220,5
5170,1457,15,1,195,5
5171,1457,35,2,348,5
5172,1458,22,1,170,3
5173,1458,21,1,185,3
5174,1458,44,1,305,3
5175,1459,4,1,160,5
5176,1459,47,1,278,5
5177,1459,51,1,230,5
5178,1460,32,1,219,4
5179,1460,17,1,145,4
5180,1460,43,1,140,4
5181,1461,34,1,186,5
5182,1461,60,1,287,5
5183,1461,52,2,226,5
5184,1462,8,2,680,4
5185,1462,50,1,143,4
5186,1462,37,1,219,4
5187,1463,31,2,219,1
5188,1463,45,1,122,1
5189,1463,25,1,106,1
5190,1464,46,1,147,4
5191,1464,19,1,89,4
5192,1464,24,2,190,4
5193,1465,51,1,230,5
5194,1465,10,1,180,5
5195,1465,30,1,173,5
5196,1466,6,1,275,4
5197,1466,13,1,220,4
5198,1466,38,1,186,4
5199,1467,39,1,101,2
5200,1467,11,1,140,2
5201,1467,53,1,210,2
5202,1468,28,2,178,6
5203,1468,10,2,180,6
5204,1468,50,1,143,6
5205,1469,60,1,287,2
5206,1469,47,1,278,2
5207,1469,16,1,240,2
5208,1470,25,1,106,5
5209,1470,57,1,274,5
5210,1470,31,1,219,5
5211,1471,36,1,378,3
5212,1471,57,1,274,3
5213,1471,29,2,147,3
5214,1472,30,1,173,4
5215,1472,20,1,115,4
5216,1472,7,1,420,4
5217,1473,31,1,219,4
5218,1473,53,1,210,4
5219,1473,30,1,173,4
5220,1474,37,1,219,5
5221,1474,53,1,210,5
5222,1474,8,2,680,5
5223,1475,25,1,106,5
5224,1475,21,1,185,5
5225,1475,4,1,160,5
5226,1476,50,2,143,4
5227,1476,26,1,216,4
5228,1476,56,1,391,4
5229,1477,43,1,140,4
5230,1477,39,1,101,4
5231,1477,12,1,260,4
5232,1478,11,1,140,5
5233,1478,41,1,215,5
5234,1478,42,1,113,5
5235,1479,52,2,226,4
5236,1479,41,2,215,4
5237,1479,42,2,113,4
5238,1480,20,1,115,6
5239,1480,25,1,106,6
5240,1480,57,1,274,6
5241,1481,16,1,240,3
5242,1481,56,1,391,3
5243,1481,26,1,216,3
5244,1482,5,1,340,5
5245,1482,51,1,230,5
5246,1482,45,2,122,5
5247,1483,30,1,173,4
5248,1483,20,1,115,4
5249,1483,26,1,216,4
5250,1484,59,1,74,4
5251,1484,20,1,115,4
5252,1484,36,1,378,4
5253,1485,54,1,201,5
5254,1485,17,1,145,5
5255,1485,6,1,275,5
5256,1486,10,1,180,4
5257,1486,8,2,680,4
5258,1486,55,1,326,4
5259,1487,5,1,340,6
5260,1487,43,1,140,6
5261,1487,24,1,190,6
5262,1488,43,1,140,6
5263,1488,33,1,221,6
5264,1488,25,1,106,6
5265,1489,25,2,106,2
5266,1489,50,1,143,2
5267,1489,21,1,185,2
5268,1490,40,1,249,4
5269,1490,4,1,160,4
5270,1490,48,1,196,4
5271,1491,56,1,391,1
5272,1491,47,1,278,1
5273,1491,6,2,275,1
5274,1492,24,1,190,5
5275,1492,37,1,219,5
5276,1492,20,1,115,5
5277,1493,27,2,281,3
5278,1493,40,1,249,3
5279,1493,29,2,147,3
5280,1494,60,1,287,1
5281,1494,32,1,219,1
5282,1494,54,1,201,1
5283,1495,4,1,160,3
5284,1495,27,1,281,3
5285,1495,47,1,278,3
5286,1496,46,1,147,2
5287,1496,19,1,89,2
5288,1496,60,2,287,2
5289,1497,17,1,145,3
5290,1497,19,1,89,3
5291,1497,35,1,348,3
5292,1498,49,1,103,1
5293,1498,29,1,147,1
5294,1498,45,1,122,1
5295,1499,3,1,95,3
5296,1499,8,1,680,3
5297,1499,39,2,101,3
5298,1500,13,1,220,5
5299,1500,56,1,391,5
5300,1500,36,1,378,5
5301,1501,15,1,195,3
5302,1501,38,1,186,3
5303,1501,60,1,287,3
5304,1502,8,1,680,5
5305,1502,18,1,310,5
5306,1502,45,1,122,5
5307,1503,42,1,113,1
5308,1503,60,1,287,1
5309,1503,26,1,216,1
5310,1504,17,1,145,5
5311,1504,33,1,221,5
5312,1504,20,1,115,5
5313,1505,39,1,101,5
5314,1505,35,1,348,5
5315,1505,36,1,378,5
5316,1506,46,1,147,1
5317,1506,57,1,274,1
5318,1506,59,1,74,1
5319,1507,45,1,122,4
5320,1507,21,1,185,4
5321,1507,8,1,680,4
5322,1508,35,1,348,4
5323,1508,19,1,89,4
5324,1508,49,2,103,4
5325,1509,28,1,178,1
5326,1509,30,1,173,1
5327,1509,39,1,101,1
5328,1510,56,1,391,4
5329,1510,40,1,249,4
5330,1510,50,1,143,4
5331,1511,50,1,143,4
5332,1511,24,1,190,4
5333,1511,31,1,219,4
5334,1512,8,1,680,6
5335,1512,48,2,196,6
5336,1512,55,1,326,6
5337,1513,27,1,281,5
5338,1513,15,2,195,5
5339,1513,19,1,89,5
5340,1514,30,2,173,5
5341,1514,47,2,278,5
5342,1514,54,1,201,5
5343,1515,35,1,348,6
5344,1515,32,2,219,6
5345,1515,31,1,219,6
5346,1516,59,1,74,5
5347,1516,46,1,147,5
5348,1516,27,1,281,5
5349,1517,24,1,190,4
5350,1517,13,1,220,4
5351,1517,16,1,240,4
5352,1518,35,1,348,4
5353,1518,34,1,186,4
5354,1518,23,1,145,4
5355,1519,32,1,219,1
5356,1519,12,1,260,1
5357,1519,35,1,348,1
5358,1520,22,1,170,1
5359,1520,60,2,287,1
5360,1520,28,1,178,1
5361,1521,4,1,160,4
5362,1521,35,1,348,4
5363,1521,29,1,147,4
5364,1522,11,1,140,4
5365,1522,31,1,219,4
5366,1522,33,1,221,4
5367,1523,13,1,220,6
5368,1523,48,1,196,6
5369,1523,24,1,190,6
5370,1524,59,1,74,5
5371,1524,46,1,147,5
5372,1524,6,2,275,5
5373,1525,47,2,278,5
5374,1525,15,1,195,5
5375,1525,54,1,201,5
5376,1526,11,2,140,4
5377,1526,8,1,680,4
5378,1526,12,1,260,4
5379,1527,32,1,219,4
5380,1527,43,1,140,4
5381,1527,45,1,122,4
5382,1528,38,1,186,4
5383,1528,4,1,160,4
5384,1528,13,1,220,4
5385,1529,46,1,147,5
5386,1529,15,1,195,5
5387,1529,53,2,210,5
5388,1530,5,2,340,6
5389,1530,12,2,260,6
5390,1530,21,1,185,6
5391,1531,13,1,220,5
5392,1531,24,1,190,5
5393,1531,5,1,340,5
5394,1532,56,1,391,2
5395,1532,13,1,220,2
5396,1532,47,1,278,2
5397,1533,28,1,178,5
5398,1533,36,1,378,5
5399,1533,7,1,420,5
5400,1534,44,1,305,2
5401,1534,32,2,219,2
5402,1534,4,1,160,2
5403,1535,2,2,210,4
5404,1535,47,1,278,4
5405,1535,3,1,95,4
5406,1536,1,1,125,4
5407,1536,9,1,520,4
5408,1536,16,2,240,4
5409,1537,27,1,281,3
5410,1537,46,1,147,3
5411,1537,33,1,221,3
5412,1538,54,1,201,4
5413,1538,28,1,178,4
5414,1538,49,1,103,4
5415,1539,40,2,249,1
5416,1539,44,1,305,1
5417,1539,3,1,95,1
5418,1540,55,1,326,3
5419,1540,19,2,89,3
5420,1540,36,1,378,3
5421,1541,28,1,178,1
5422,1541,24,1,190,1
5423,1541,60,1,287,1
5424,1542,48,2,196,3
5425,1542,42,1,113,3
5426,1542,51,2,230,3
5427,1543,57,1,274,1
5428,1543,44,1,305,1
5429,1543,35,1,348,1
5430,1544,28,1,178,1
5431,1544,34,1,186,1
5432,1544,56,1,391,1
5433,1545,51,1,230,5
5434,1545,55,1,326,5
5435,1545,57,1,274,5
5436,1546,51,1,230,1
5437,1546,39,1,101,1
5438,1546,53,2,210,1
5439,1547,36,1,378,2
5440,1547,19,1,89,2
5441,1547,47,1,278,2
5442,1548,29,2,147,6
5443,1548,21,1,185,6
5444,1548,59,2,74,6
5445,1549,25,1,106,5
5446,1549,15,2,195,5
5447,1549,48,1,196,5
5448,1550,48,1,196,4
5449,1550,6,1,275,4
5450,1550,2,1,210,4
5451,1551,2,2,210,5
5452,1551,37,2,219,5
5453,1551,10,1,180,5
5454,1552,33,1,221,5
5455,1552,37,1,219,5
5456,1552,55,1,326,5
5457,1553,17,1,145,3
5458,1553,28,1,178,3
5459,1553,37,1,219,3
5460,1554,50,1,143,5
5461,1554,31,2,219,5
5462,1554,57,1,274,5
5463,1555,29,1,147,2
5464,1555,20,1,115,2
5465,1555,33,1,221,2
5466,1556,60,1,287,6
5467,1556,55,2,326,6
5468,1556,59,1,74,6
5469,1557,51,1,230,1
5470,1557,30,1,173,1
5471,1557,17,1,145,1
5472,1558,54,1,201,2
5473,1558,56,1,391,2
5474,1558,11,1,140,2
5475,1559,21,1,185,5
5476,1559,26,2,216,5
5477,1559,36,1,378,5
5478,1560,56,1,391,2
5479,1560,42,1,113,2
5480,1560,19,1,89,2
5481,1561,52,1,226,1
5482,1561,8,1,680,1
5483,1561,11,1,140,1
5484,1562,47,1,278,6
5485,1562,24,1,190,6
5486,1562,29,1,147,6
5487,1563,19,1,89,1
5488,1563,38,1,186,1
5489,1563,32,1,219,1
5490,1564,43,1,140,3
5491,1564,51,1,230,3
5492,1564,4,2,160,3
5493,1565,59,1,74,6
5494,1565,28,2,178,6
5495,1565,3,1,95,6
5496,1566,10,1,180,4
5497,1566,5,1,340,4
5498,1566,15,1,195,4
5499,1567,38,1,186,5
5500,1567,52,1,226,5
5501,1567,30,1,173,5
5502,1568,15,2,195,3
5503,1568,26,1,216,3
5504,1568,44,1,305,3
5505,1569,15,1,195,3
5506,1569,49,1,103,3
5507,1569,46,1,147,3
5508,1570,28,1,178,4
5509,1570,12,1,260,4
5510,1570,36,2,378,4
5511,1571,37,1,219,4
5512,1571,7,1,420,4
5513,1571,49,1,103,4
5514,1572,35,1,348,5
5515,1572,29,1,147,5
5516,1572,52,2,226,5
5517,1573,19,1,89,4
5518,1573,4,1,160,4
5519,1573,37,1,219,4
5520,1574,51,1,230,5
5521,1574,47,1,278,5
5522,1574,28,1,178,5
5523,1575,36,1,378,2
5524,1575,56,1,391,2
5525,1575,40,1,249,2
5526,1576,51,1,230,1
5527,1576,41,2,215,1
5528,1576,43,1,140,1
5529,1577,24,1,190,6
5530,1577,16,1,240,6
5531,1577,51,2,230,6
5532,1578,46,1,147,1
5533,1578,13,1,220,1
5534,1578,24,1,190,1
5535,1579,35,1,348,4
5536,1579,56,1,391,4
5537,1579,39,2,101,4
5538,1580,55,1,326,3
5539,1580,41,2,215,3
5540,1580,58,2,120,3
5541,1581,12,1,260,3
5542,1581,28,1,178,3
5543,1581,54,1,201,3
5544,1582,15,1,195,1
5545,1582,4,1,160,1
5546,1582,21,1,185,1
5547,1583,28,1,178,6
5548,1583,58,1,120,6
5549,1583,53,2,210,6
5550,1584,54,1,201,3
5551,1584,50,1,143,3
5552,1584,2,1,210,3
5553,1585,36,1,378,6
5554,1585,29,1,147,6
5555,1585,48,1,196,6
5556,1586,2,1,210,4
5557,1586,30,1,173,4
5558,1586,5,1,340,4
5559,1587,26,1,216,6
5560,1587,20,1,115,6
5561,1587,29,2,147,6
5562,1588,4,1,160,2
5563,1588,30,1,173,2
5564,1588,37,1,219,2
5565,1589,30,1,173,3
5566,1589,39,1,101,3
5567,1589,43,1,140,3
5568,1590,32,1,219,5
5569,1590,8,1,680,5
5570,1590,15,1,195,5
5571,1591,11,1,140,5
5572,1591,38,1,186,5
5573,1591,31,1,219,5
5574,1592,51,1,230,3
5575,1592,24,1,190,3
5576,1592,59,1,74,3
5577,1593,32,1,219,3
5578,1593,24,1,190,3
5579,1593,35,2,348,3
5580,1594,30,1,173,6
5581,1594,36,1,378,6
5582,1594,37,1,219,6
5583,1595,11,1,140,1
5584,1595,24,1,190,1
5585,1595,29,1,147,1
5586,1596,17,1,145,6
5587,1596,59,1,74,6
5588,1596,32,1,219,6
5589,1597,41,1,215,4
5590,1597,55,1,326,4
5591,1597,53,1,210,4
5592,1598,47,1,278,4
5593,1598,40,1,249,4
5594,1598,45,1,122,4
5595,1599,39,1,101,4
5596,1599,56,2,391,4
5597,1599,50,1,143,4
5598,1600,11,1,140,3
5599,1600,19,1,89,3
5600,1600,30,2,173,3
5601,1601,8,1,680,5
5602,1601,17,1,145,5
5603,1601,27,1,281,5
5604,1602,22,1,170,4
5605,1602,52,2,226,4
5606,1602,49,1,103,4
5607,1603,2,1,210,4
5608,1603,46,1,147,4
5609,1603,6,1,275,4
5610,1604,45,1,122,1
5611,1604,33,1,221,1
5612,1604,43,1,140,1
5613,1605,44,1,305,6
5614,1605,55,1,326,6
5615,1605,24,1,190,6
5616,1606,36,1,378,3
5617,1606,12,1,260,3
5618,1606,13,1,220,3
5619,1607,26,1,216,4
5620,1607,47,1,278,4
5621,1607,4,1,160,4
5622,1608,13,1,220,4
5623,1608,17,1,145,4
5624,1608,42,1,113,4
5625,1609,52,1,226,1
5626,1609,54,1,201,1
5627,1609,41,2,215,1
5628,1610,50,1,143,6
5629,1610,36,1,378,6
5630,1610,2,1,210,6
5631,1611,36,1,378,5
5632,1611,33,1,221,5
5633,1611,17,1,145,5
5634,1612,47,1,278,1
5635,1612,11,1,140,1
5636,1612,57,1,274,1
5637,1613,49,1,103,4
5638,1613,32,1,219,4
5639,1613,54,2,201,4
5640,1614,51,1,230,6
5641,1614,50,2,143,6
5642,1614,55,1,326,6
5643,1615,46,1,147,1
5644,1615,4,1,160,1
5645,1615,7,2,420,1
5646,1616,39,2,101,1
5647,1616,19,1,89,1
5648,1616,3,1,95,1
5649,1617,60,1,287,4
5650,1617,12,1,260,4
5651,1617,26,1,216,4
5652,1618,45,1,122,5
5653,1618,20,2,115,5
5654,1618,11,1,140,5
5655,1619,11,1,140,3
5656,1619,24,1,190,3
5657,1619,60,1,287,3
5658,1620,24,1,190,4
5659,1620,27,1,281,4
5660,1620,26,1,216,4
5661,1621,50,2,143,5
5662,1621,37,1,219,5
5663,1621,55,1,326,5
5664,1622,46,2,147,5
5665,1622,59,1,74,5
5666,1622,35,1,348,5
5667,1623,42,1,113,4
5668,1623,45,2,122,4
5669,1623,26,1,216,4
5670,1624,21,1,185,3
5671,1624,26,1,216,3
5672,1624,33,1,221,3
5673,1625,5,1,340,5
5674,1625,8,1,680,5
5675,1625,60,1,287,5
5676,1626,46,1,147,4
5677,1626,40,1,249,4
5678,1626,45,2,122,4
5679,1627,42,1,113,5
5680,1627,46,1,147,5
5681,1627,34,1,186,5
5682,1628,37,1,219,2
5683,1628,12,1,260,2
5684,1628,27,1,281,2
5685,1629,24,1,190,4
5686,1629,32,1,219,4
5687,1629,35,1,348,4
5688,1630,56,1,391,1
5689,1630,50,1,143,1
5690,1630,53,1,210,1
5691,1631,8,1,680,5
5692,1631,27,1,281,5
5693,1631,36,1,378,5
5694,1632,43,2,140,4
5695,1632,29,1,147,4
5696,1632,24,1,190,4
5697,1633,57,2,274,3
5698,1633,46,1,147,3
5699,1633,41,1,215,3
5700,1634,34,1,186,5
5701,1634,2,2,210,5
5702,1634,40,1,249,5
5703,1635,25,1,106,4
5704,1635,36,1,378,4
5705,1635,40,1,249,4
5706,1636,43,2,140,3
5707,1636,37,1,219,3
5708,1636,40,1,249,3
5709,1637,56,1,391,4
5710,1637,46,1,147,4
5711,1637,32,1,219,4
5712,1638,27,1,281,1
5713,1638,49,1,103,1
5714,1638,32,1,219,1
5715,1639,47,1,278,3
5716,1639,52,1,226,3
5717,1639,50,1,143,3
5718,1640,31,1,219,6
5719,1640,57,1,274,6
5720,1640,39,1,101,6
5721,1641,2,1,210,1
5722,1641,43,1,140,1
5723,1641,40,1,249,1
5724,1642,57,2,274,1
5725,1642,4,1,160,1
5726,1642,40,1,249,1
5727,1643,10,1,180,1
5728,1643,39,1,101,1
5729,1643,54,1,201,1
5730,1644,59,1,74,5
5731,1644,24,1,190,5
5732,1644,45,1,122,5
5733,1645,42,1,113,3
5734,1645,10,1,180,3
5735,1645,41,1,215,3
5736,1646,41,1,215,4
5737,1646,13,1,220,4
5738,1646,40,1,249,4
5739,1647,25,1,106,3
5740,1647,26,1,216,3
5741,1647,39,1,101,3
5742,1648,21,1,185,1
5743,1648,59,1,74,1
5744,1648,24,1,190,1
5745,1649,33,1,221,1
5746,1649,13,1,220,1
5747,1649,6,1,275,1
5748,1650,60,1,287,1
5749,1650,2,1,210,1
5750,1650,56,2,391,1
5751,1651,59,1,74,2
5752,1651,10,1,180,2
5753,1651,29,1,147,2
5754,1652,12,1,260,4
5755,1652,9,1,520,4
5756,1652,38,1,186,4
5757,1653,45,1,122,4
5758,1653,34,1,186,4
5759,1653,27,1,281,4
5760,1654,26,1,216,6
5761,1654,38,1,186,6
5762,1654,35,1,348,6
5763,1655,26,1,216,6
5764,1655,42,1,113,6
5765,1655,56,1,391,6
5766,1656,37,1,219,2
5767,1656,28,1,178,2
5768,1656,10,1,180,2
5769,1657,20,1,115,5
5770,1657,50,1,143,5
5771,1657,30,1,173,5
5772,1658,56,1,391,6
5773,1658,15,1,195,6
5774,1658,55,1,326,6
5775,1659,11,1,140,4
5776,1659,50,1,143,4
5777,1659,36,1,378,4
5778,1660,41,1,215,4
5779,1660,3,1,95,4
5780,1660,22,2,170,4
5781,1661,25,2,106,1
5782,1661,5,1,340,1
5783,1661,44,1,305,1
5784,1662,10,1,180,3
5785,1662,30,1,173,3
5786,1662,43,1,140,3
5787,1663,26,1,216,3
5788,1663,35,1,348,3
5789,1663,32,1,219,3
5790,1664,53,1,210,2
5791,1664,30,1,173,2
5792,1664,18,1,310,2
5793,1665,41,1,215,1
5794,1665,15,1,195,1
5795,1665,34,1,186,1
5796,1666,33,1,221,3
5797,1666,32,1,219,3
5798,1666,47,2,278,3
5799,1667,30,1,173,1
5800,1667,33,2,221,1
5801,1667,28,1,178,1
5802,1668,57,1,274,4
5803,1668,25,1,106,4
5804,1668,41,2,215,4
5805,1669,55,1,326,1
5806,1669,34,1,186,1
5807,1669,33,1,221,1
5808,1670,24,1,190,3
5809,1670,30,1,173,3
5810,1670,31,1,219,3
5811,1671,26,1,216,3
5812,1671,56,1,391,3
5813,1671,43,1,140,3
5814,1672,52,1,226,4
5815,1672,34,1,186,4
5816,1672,11,1,140,4
5817,1673,55,1,326,6
5818,1673,10,1,180,6
5819,1673,45,1,122,6
5820,1674,27,2,281,3
5821,1674,4,1,160,3
5822,1674,32,1,219,3
5823,1675,24,1,190,2
5824,1675,31,1,219,2
5825,1675,25,1,106,2
5826,1676,33,1,221,2
5827,1676,12,1,260,2
5828,1676,45,1,122,2
5829,1677,60,1,287,2
5830,1677,20,1,115,2
5831,1677,50,2,143,2
5832,1678,6,1,275,4
5833,1678,58,1,120,4
5834,1678,21,1,185,4
5835,1679,37,2,219,4
5836,1679,39,1,101,4
5837,1679,31,1,219,4
5838,1680,9,1,520,2
5839,1680,36,1,378,2
5840,1680,25,1,106,2
5841,1681,49,2,103,6
5842,1681,10,1,180,6
5843,1681,42,1,113,6
5844,1682,26,1,216,5
5845,1682,51,1,230,5
5846,1682,28,1,178,5
5847,1683,3,1,95,2
5848,1683,27,1,281,2
5849,1683,40,1,249,2
5850,1684,4,2,160,1
5851,1684,59,1,74,1
5852,1684,60,1,287,1
5853,1685,2,1,210,6
5854,1685,18,2,310,6
5855,1685,50,1,143,6
5856,1686,45,1,122,1
5857,1686,57,1,274,1
5858,1686,24,1,190,1
5859,1687,30,2,173,6
5860,1687,20,1,115,6
5861,1687,2,1,210,6
5862,1688,50,2,143,1
5863,1688,35,1,348,1
5864,1688,3,1,95,1
5865,1689,6,1,275,4
5866,1689,19,1,89,4
5867,1689,9,1,520,4
5868,1690,6,1,275,1
5869,1690,11,1,140,1
5870,1690,53,1,210,1
5871,1691,45,1,122,2
5872,1691,50,1,143,2
5873,1691,6,1,275,2
5874,1692,19,1,89,2
5875,1692,46,1,147,2
5876,1692,6,1,275,2
5877,1693,15,1,195,3
5878,1693,11,1,140,3
5879,1693,43,1,140,3
5880,1694,22,1,170,4
5881,1694,35,1,348,4
5882,1694,59,1,74,4
5883,1695,2,1,210,3
5884,1695,56,1,391,3
5885,1695,26,1,216,3
5886,1696,27,1,281,6
5887,1696,12,1,260,6
5888,1696,55,1,326,6
5889,1697,40,1,249,1
5890,1697,19,2,89,1
5891,1697,46,2,147,1
5892,1698,8,1,680,1
5893,1698,9,1,520,1
5894,1698,25,1,106,1
5895,1699,50,1,143,2
5896,1699,8,2,680,2
5897,1699,43,1,140,2
5898,1700,28,1,178,1
5899,1700,23,1,145,1
5900,1700,36,1,378,1
5901,1701,40,1,249,4
5902,1701,21,1,185,4
5903,1701,48,1,196,4
5904,1702,16,1,240,3
5905,1702,35,1,348,3
5906,1702,47,1,278,3
5907,1703,49,1,103,1
5908,1703,31,1,219,1
5909,1703,10,2,180,1
5910,1704,54,2,201,6
5911,1704,28,1,178,6
5912,1704,24,1,190,6
5913,1705,18,1,310,6
5914,1705,8,2,680,6
5915,1705,45,1,122,6
5916,1706,6,1,275,5
5917,1706,40,1,249,5
5918,1706,42,1,113,5
5919,1707,49,1,103,1
5920,1707,10,1,180,1
5921,1707,3,1,95,1
5922,1708,27,1,281,4
5923,1708,54,1,201,4
5924,1708,60,1,287,4
5925,1709,53,1,210,2
5926,1709,19,1,89,2
5927,1709,35,2,348,2
5928,1710,48,1,196,1
5929,1710,34,1,186,1
5930,1710,25,1,106,1
5931,1711,7,1,420,3
5932,1711,36,2,378,3
5933,1711,27,1,281,3
5934,1712,43,1,140,4
5935,1712,17,1,145,4
5936,1712,54,1,201,4
5937,1713,28,1,178,4
5938,1713,4,2,160,4
5939,1713,29,1,147,4
5940,1714,60,1,287,4
5941,1714,10,1,180,4
5942,1714,42,1,113,4
5943,1715,31,1,219,6
5944,1715,44,1,305,6
5945,1715,14,2,780,6
5946,1716,31,1,219,4
5947,1716,51,1,230,4
5948,1716,15,1,195,4
5949,1717,57,1,274,1
5950,1717,48,2,196,1
5951,1717,42,1,113,1
5952,1718,5,2,340,1
5953,1718,40,1,249,1
5954,1718,33,2,221,1
5955,1719,13,1,220,5
5956,1719,29,1,147,5
5957,1719,27,1,281,5
5958,1720,30,1,173,2
5959,1720,21,1,185,2
5960,1720,54,1,201,2
5961,1721,53,2,210,1
5962,1721,52,1,226,1
5963,1721,42,1,113,1
5964,1722,30,2,173,1
5965,1722,12,2,260,1
5966,1722,40,1,249,1
5967,1723,40,1,249,2
5968,1723,3,1,95,2
5969,1723,42,1,113,2
5970,1724,20,1,115,6
5971,1724,40,1,249,6
5972,1724,36,1,378,6
5973,1725,29,1,147,6
5974,1725,59,1,74,6
5975,1725,5,1,340,6
5976,1726,6,1,275,4
5977,1726,50,1,143,4
5978,1726,27,1,281,4
5979,1727,30,1,173,4
5980,1727,41,1,215,4
5981,1727,43,1,140,4
5982,1728,24,1,190,1
5983,1728,6,1,275,1
5984,1728,30,1,173,1
5985,1729,58,1,120,6
5986,1729,25,1,106,6
5987,1729,48,1,196,6
5988,1730,25,1,106,2
5989,1730,11,2,140,2
5990,1730,10,1,180,2
5991,1731,11,1,140,6
5992,1731,5,1,340,6
5993,1731,21,1,185,6
5994,1732,35,2,348,2
5995,1732,20,2,115,2
5996,1732,8,1,680,2
5997,1733,53,1,210,2
5998,1733,20,1,115,2
5999,1733,23,2,145,2
6000,1734,30,1,173,3
6001,1734,36,1,378,3
6002,1734,6,1,275,3
6003,1735,8,1,680,3
6004,1735,4,1,160,3
6005,1735,21,1,185,3
6006,1736,47,1,278,6
6007,1736,20,1,115,6
6008,1736,23,1,145,6
6009,1737,6,1,275,6
6010,1737,49,1,103,6
6011,1737,28,1,178,6
6012,1738,31,1,219,6
6013,1738,4,1,160,6
6014,1738,29,1,147,6
6015,1739,1,1,125,4
6016,1739,15,1,195,4
6017,1739,40,1,249,4
6018,1740,5,1,340,2
6019,1740,37,1,219,2
6020,1740,33,1,221,2
6021,1741,27,1,281,3
6022,1741,25,1,106,3
6023,1741,4,1,160,3
6024,1742,53,1,210,1
6025,1742,40,1,249,1
6026,1742,11,1,140,1
6027,1743,56,1,391,4
6028,1743,33,1,221,4
6029,1743,20,1,115,4
6030,1744,13,1,220,4
6031,1744,44,1,305,4
6032,1744,47,2,278,4
6033,1745,27,1,281,6
6034,1745,37,1,219,6
6035,1745,14,1,780,6
6036,1746,55,1,326,5
6037,1746,48,1,196,5
6038,1746,17,1,145,5
6039,1747,55,1,326,6
6040,1747,53,1,210,6
6041,1747,2,1,210,6
6042,1748,57,1,274,4
6043,1748,20,1,115,4
6044,1748,37,2,219,4
6045,1749,46,1,147,4
6046,1749,36,2,378,4
6047,1749,60,2,287,4
6048,1750,47,1,278,1
6049,1750,54,2,201,1
6050,1750,33,1,221,1
6051,1751,20,1,115,2
6052,1751,21,1,185,2
6053,1751,35,1,348,2
6054,1752,43,1,140,6
6055,1752,55,1,326,6
6056,1752,44,1,305,6
6057,1753,32,1,219,4
6058,1753,17,1,145,4
6059,1753,34,2,186,4
6060,1754,30,1,173,4
6061,1754,45,1,122,4
6062,1754,5,1,340,4
6063,1755,12,2,260,1
6064,1755,20,1,115,1
6065,1755,39,1,101,1
6066,1756,56,1,391,4
6067,1756,28,1,178,4
6068,1756,48,1,196,4
6069,1757,52,1,226,4
6070,1757,45,1,122,4
6071,1757,55,1,326,4
6072,1758,44,2,305,6
6073,1758,52,1,226,6
6074,1758,35,1,348,6
6075,1759,52,1,226,4
6076,1759,28,1,178,4
6077,1759,37,2,219,4
6078,1760,20,1,115,3
6079,1760,10,1,180,3
6080,1760,13,1,220,3
6081,1761,42,1,113,3
6082,1761,33,1,221,3
6083,1761,34,1,186,3
6084,1762,4,2,160,1
6085,1762,54,1,201,1
6086,1762,50,1,143,1
6087,1763,59,1,74,1
6088,1763,43,1,140,1
6089,1763,11,1,140,1
6090,1764,37,2,219,4
6091,1764,31,1,219,4
6092,1764,10,1,180,4
6093,1765,43,2,140,4
6094,1765,12,1,260,4
6095,1765,2,1,210,4
6096,1766,30,1,173,4
6097,1766,48,1,196,4
6098,1766,42,2,113,4
6099,1767,54,1,201,5
6100,1767,29,1,147,5
6101,1767,28,1,178,5
6102,1768,60,1,287,2
6103,1768,43,1,140,2
6104,1768,13,2,220,2
6105,1769,42,1,113,5
6106,1769,47,1,278,5
6107,1769,21,1,185,5
6108,1770,35,1,348,1
6109,1770,46,1,147,1
6110,1770,6,1,275,1
6111,1771,11,1,140,2
6112,1771,8,1,680,2
6113,1771,12,1,260,2
6114,1772,47,2,278,1
6115,1772,59,1,74,1
6116,1772,35,1,348,1
6117,1773,60,1,287,2
6118,1773,39,1,101,2
6119,1773,5,1,340,2
6120,1774,36,2,378,4
6121,1774,24,1,190,4
6122,1774,48,1,196,4
6123,1775,19,1,89,2
6124,1775,24,1,190,2
6125,1775,51,1,230,2
6126,1776,8,1,680,3
6127,1776,50,1,143,3
6128,1776,13,1,220,3
6129,1777,5,1,340,2
6130,1777,59,2,74,2
6131,1777,29,1,147,2
6132,1778,12,1,260,1
6133,1778,39,1,101,1
6134,1778,5,1,340,1
6135,1779,51,1,230,3
6136,1779,9,1,520,3
6137,1779,41,1,215,3
6138,1780,47,1,278,2
6139,1780,33,1,221,2
6140,1780,51,1,230,2
6141,1781,35,1,348,4
6142,1781,10,1,180,4
6143,1781,56,1,391,4
6144,1782,7,1,420,1
6145,1782,11,1,140,1
6146,1782,39,1,101,1
6147,1783,19,2,89,1
6148,1783,44,1,305,1
6149,1783,23,1,145,1
6150,1784,21,1,185,4
6151,1784,31,1,219,4
6152,1784,60,1,287,4
6153,1785,1,1,125,6
6154,1785,15,1,195,6
6155,1785,56,1,391,6
6156,1786,2,2,210,6
6157,1786,11,1,140,6
6158,1786,34,1,186,6
6159,1787,17,1,145,5
6160,1787,28,1,178,5
6161,1787,54,1,201,5
6162,1788,31,1,219,2
6163,1788,13,1,220,2
6164,1788,41,1,215,2
6165,1789,42,1,113,2
6166,1789,43,1,140,2
6167,1789,57,2,274,2
6168,1790,55,1,326,4
6169,1790,36,2,378,4
6170,1790,35,1,348,4
6171,1791,4,1,160,4
6172,1791,57,1,274,4
6173,1791,19,1,89,4
6174,1792,12,1,260,1
6175,1792,5,1,340,1
6176,1792,52,1,226,1
6177,1793,36,2,378,1
6178,1793,40,1,249,1
6179,1793,26,1,216,1
6180,1794,19,2,89,3
6181,1794,34,1,186,3
6182,1794,26,1,216,3
6183,1795,39,2,101,2
6184,1795,6,1,275,2
6185,1795,21,1,185,2
6186,1796,47,1,278,5
6187,1796,34,1,186,5
6188,1796,50,1,143,5
6189,1797,2,2,210,1
6190,1797,45,1,122,1
6191,1797,24,1,190,1
6192,1798,33,1,221,4
6193,1798,31,1,219,4
6194,1798,24,1,190,4
6195,1799,7,1,420,4
6196,1799,29,1,147,4
6197,1799,19,2,89,4
6198,1800,17,1,145,6
6199,1800,41,1,215,6
6200,1800,18,1,310,6
6201,1801,44,1,305,6
6202,1801,3,1,95,6
6203,1801,56,1,391,6
6204,1802,27,1,281,4
6205,1802,50,1,143,4
6206,1802,21,1,185,4
6207,1803,48,2,196,3
6208,1803,39,1,101,3
6209,1803,52,1,226,3
6210,1804,35,1,348,5
6211,1804,36,1,378,5
6212,1804,42,1,113,5
6213,1805,44,1,305,1
6214,1805,50,2,143,1
6215,1805,54,1,201,1
6216,1806,21,1,185,4
6217,1806,3,1,95,4
6218,1806,36,1,378,4
6219,1807,56,1,391,2
6220,1807,43,1,140,2
6221,1807,12,1,260,2
6222,1808,37,1,219,1
6223,1808,13,1,220,1
6224,1808,6,1,275,1
6225,1809,24,1,190,1
6226,1809,4,1,160,1
6227,1809,36,1,378,1
6228,1810,53,1,210,4
6229,1810,42,1,113,4
6230,1810,6,1,275,4
6231,1811,54,1,201,3
6232,1811,56,1,391,3
6233,1811,53,1,210,3
6234,1812,39,1,101,3
6235,1812,12,1,260,3
6236,1812,56,1,391,3
6237,1813,33,1,221,5
6238,1813,32,1,219,5
6239,1813,60,1,287,5
6240,1814,29,1,147,4
6241,1814,55,1,326,4
6242,1814,34,1,186,4
6243,1815,6,1,275,4
6244,1815,17,1,145,4
6245,1815,50,1,143,4
6246,1816,24,2,190,6
6247,1816,25,1,106,6
6248,1816,6,1,275,6
6249,1817,43,1,140,6
6250,1817,42,1,113,6
6251,1817,30,1,173,6
6252,1818,33,1,221,4
6253,1818,12,1,260,4
6254,1818,28,1,178,4
6255,1819,60,1,287,2
6256,1819,56,1,391,2
6257,1819,46,1,147,2
6258,1820,32,1,219,3
6259,1820,39,1,101,3
6260,1820,58,1,120,3
6261,1821,45,1,122,4
6262,1821,13,1,220,4
6263,1821,25,1,106,4
6264,1822,30,1,173,2
6265,1822,14,1,780,2
6266,1822,13,1,220,2
6267,1823,29,1,147,6
6268,1823,8,1,680,6
6269,1823,56,1,391,6
6270,1824,45,1,122,3
6271,1824,11,1,140,3
6272,1824,48,1,196,3
6273,1825,42,1,113,2
6274,1825,44,1,305,2
6275,1825,43,1,140,2
6276,1826,51,1,230,4
6277,1826,33,1,221,4
6278,1826,56,1,391,4
6279,1827,48,1,196,1
6280,1827,38,2,186,1
6281,1827,6,1,275,1
6282,1828,45,1,122,2
6283,1828,58,1,120,2
6284,1828,10,1,180,2
6285,1829,43,1,140,5
6286,1829,22,1,170,5
6287,1829,2,1,210,5
6288,1830,26,1,216,6
6289,1830,6,2,275,6
6290,1830,4,1,160,6
6291,1831,53,1,210,1
6292,1831,45,1,122,1
6293,1831,30,1,173,1
6294,1832,35,2,348,6
6295,1832,36,1,378,6
6296,1832,51,1,230,6
6297,1833,40,1,249,1
6298,1833,28,1,178,1
6299,1833,7,1,420,1
6300,1834,9,1,520,3
6301,1834,6,1,275,3
6302,1834,31,1,219,3
6303,1835,51,1,230,4
6304,1835,3,1,95,4
6305,1835,15,1,195,4
6306,1836,54,1,201,4
6307,1836,10,1,180,4
6308,1836,3,1,95,4
6309,1837,2,1,210,5
6310,1837,54,1,201,5
6311,1837,21,1,185,5
6312,1838,34,1,186,4
6313,1838,5,1,340,4
6314,1838,24,1,190,4
6315,1839,34,1,186,2
6316,1839,43,1,140,2
6317,1839,21,1,185,2
6318,1840,19,1,89,6
6319,1840,50,1,143,6
6320,1840,41,2,215,6
6321,1841,57,1,274,5
6322,1841,50,1,143,5
6323,1841,59,1,74,5
6324,1842,52,1,226,4
6325,1842,17,1,145,4
6326,1842,48,1,196,4
6327,1843,48,1,196,1
6328,1843,49,2,103,1
6329,1843,27,1,281,1
6330,1844,8,1,680,5
6331,1844,34,1,186,5
6332,1844,28,1,178,5
6333,1845,31,1,219,3
6334,1845,55,1,326,3
6335,1845,15,1,195,3
6336,1846,38,1,186,5
6337,1846,46,1,147,5
6338,1846,10,1,180,5
6339,1847,60,1,287,3
6340,1847,6,1,275,3
6341,1847,31,2,219,3
6342,1848,36,2,378,3
6343,1848,19,1,89,3
6344,1848,28,2,178,3
6345,1849,52,1,226,5
6346,1849,57,1,274,5
6347,1849,51,1,230,5
6348,1850,55,1,326,2
6349,1850,5,1,340,2
6350,1850,6,1,275,2
6351,1851,3,1,95,3
6352,1851,40,1,249,3
6353,1851,39,2,101,3
6354,1852,24,1,190,1
6355,1852,46,1,147,1
6356,1852,10,1,180,1
6357,1853,27,2,281,1
6358,1853,6,1,275,1
6359,1853,52,1,226,1
6360,1854,2,2,210,4
6361,1854,40,1,249,4
6362,1854,16,1,240,4
6363,1855,20,1,115,5
6364,1855,48,1,196,5
6365,1855,40,1,249,5
6366,1856,42,1,113,6
6367,1856,10,1,180,6
6368,1856,32,1,219,6
6369,1857,5,1,340,1
6370,1857,28,2,178,1
6371,1857,36,1,378,1
6372,1858,29,1,147,5
6373,1858,10,1,180,5
6374,1858,21,2,185,5
6375,1859,17,1,145,4
6376,1859,4,2,160,4
6377,1859,11,1,140,4
6378,1860,30,1,173,2
6379,1860,53,1,210,2
6380,1860,34,1,186,2
6381,1861,45,1,122,6
6382,1861,37,2,219,6
6383,1861,8,1,680,6
6384,1862,12,2,260,5
6385,1862,58,1,120,5
6386,1862,52,1,226,5
6387,1863,56,2,391,3
6388,1863,48,2,196,3
6389,1863,2,1,210,3
6390,1864,15,1,195,1
6391,1864,26,1,216,1
6392,1864,36,1,378,1
6393,1865,51,1,230,2
6394,1865,45,1,122,2
6395,1865,31,2,219,2
6396,1866,54,1,201,5
6397,1866,14,1,780,5
6398,1866,50,1,143,5
6399,1867,17,1,145,3
6400,1867,8,1,680,3
6401,1867,27,1,281,3
6402,1868,10,1,180,3
6403,1868,29,1,147,3
6404,1868,27,1,281,3
6405,1869,12,1,260,1
6406,1869,50,1,143,1
6407,1869,51,1,230,1
6408,1870,49,1,103,5
6409,1870,32,2,219,5
6410,1870,13,1,220,5
6411,1871,43,1,140,1
6412,1871,19,2,89,1
6413,1871,55,1,326,1
6414,1872,31,2,219,4
6415,1872,6,1,275,4
6416,1872,53,1,210,4
6417,1873,6,1,275,4
6418,1873,20,1,115,4
6419,1873,25,2,106,4
6420,1874,3,1,95,6
6421,1874,48,2,196,6
6422,1874,56,1,391,6
6423,1875,2,1,210,6
6424,1875,28,1,178,6
6425,1875,35,2,348,6
6426,1876,21,2,185,3
6427,1876,20,1,115,3
6428,1876,33,1,221,3
6429,1877,54,1,201,2
6430,1877,8,1,680,2
6431,1877,2,1,210,2
6432,1878,31,1,219,4
6433,1878,33,1,221,4
6434,1878,39,1,101,4
6435,1879,36,1,378,4
6436,1879,57,1,274,4
6437,1879,13,1,220,4
6438,1880,51,1,230,1
6439,1880,6,1,275,1
6440,1880,47,2,278,1
6441,1881,57,1,274,2
6442,1881,15,2,195,2
6443,1881,60,2,287,2
6444,1882,51,1,230,4
6445,1882,42,1,113,4
6446,1882,26,1,216,4
6447,1883,44,1,305,6
6448,1883,12,1,260,6
6449,1883,15,1,195,6
6450,1884,19,1,89,3
6451,1884,35,1,348,3
6452,1884,11,1,140,3
6453,1885,31,1,219,1
6454,1885,53,1,210,1
6455,1885,60,1,287,1
6456,1886,51,1,230,4
6457,1886,10,1,180,4
6458,1886,50,1,143,4
6459,1887,21,1,185,1
6460,1887,2,1,210,1
6461,1887,10,1,180,1
6462,1888,57,1,274,5
6463,1888,47,1,278,5
6464,1888,15,1,195,5
6465,1889,56,1,391,1
6466,1889,4,1,160,1
6467,1889,57,1,274,1
6468,1890,29,1,147,1
6469,1890,13,1,220,1
6470,1890,10,1,180,1
6471,1891,32,2,219,2
6472,1891,45,1,122,2
6473,1891,28,1,178,2
6474,1892,52,1,226,3
6475,1892,48,1,196,3
6476,1892,45,1,122,3
6477,1893,27,2,281,6
6478,1893,33,1,221,6
6479,1893,58,1,120,6
6480,1894,43,1,140,6
6481,1894,60,1,287,6
6482,1894,59,1,74,6
6483,1895,35,1,348,4
6484,1895,28,2,178,4
6485,1895,2,1,210,4
6486,1896,8,1,680,4
6487,1896,32,1,219,4
6488,1896,56,1,391,4
6489,1897,18,1,310,1
6490,1897,38,1,186,1
6491,1897,44,2,305,1
6492,1898,17,1,145,4
6493,1898,46,1,147,4
6494,1898,27,1,281,4
6495,1899,12,1,260,4
6496,1899,5,1,340,4
6497,1899,48,2,196,4
6498,1900,25,1,106,2
6499,1900,59,1,74,2
6500,1900,8,1,680,2
6501,1901,55,1,326,4
6502,1901,35,1,348,4
6503,1901,8,2,680,4
6504,1902,1,1,125,4
6505,1902,29,1,147,4
6506,1902,6,1,275,4
6507,1903,20,1,115,1
6508,1903,41,1,215,1
6509,1903,26,1,216,1
6510,1904,15,2,195,5
6511,1904,39,1,101,5
6512,1904,24,1,190,5
6513,1905,57,1,274,4
6514,1905,40,1,249,4
6515,1905,28,1,178,4
6516,1906,3,1,95,1
6517,1906,44,1,305,1
6518,1906,4,1,160,1
6519,1907,35,1,348,4
6520,1907,18,1,310,4
6521,1907,45,1,122,4
6522,1908,17,1,145,4
6523,1908,12,1,260,4
6524,1908,21,1,185,4
6525,1909,60,2,287,5
6526,1909,39,2,101,5
6527,1909,21,1,185,5
6528,1910,8,1,680,1
6529,1910,42,1,113,1
6530,1910,4,1,160,1
6531,1911,56,1,391,3
6532,1911,17,1,145,3
6533,1911,6,1,275,3
6534,1912,25,1,106,5
6535,1912,21,1,185,5
6536,1912,52,1,226,5
6537,1913,32,1,219,6
6538,1913,2,1,210,6
6539,1913,10,1,180,6
6540,1914,27,1,281,6
6541,1914,12,1,260,6
6542,1914,15,1,195,6
6543,1915,12,1,260,5
6544,1915,35,1,348,5
6545,1915,55,1,326,5
6546,1916,60,1,287,5
6547,1916,47,1,278,5
6548,1916,16,1,240,5
6549,1917,27,1,281,6
6550,1917,51,1,230,6
6551,1917,24,1,190,6
6552,1918,11,1,140,3
6553,1918,52,1,226,3
6554,1918,50,1,143,3
6555,1919,48,1,196,3
6556,1919,4,1,160,3
6557,1919,25,1,106,3
6558,1920,1,1,125,5
6559,1920,49,2,103,5
6560,1920,34,1,186,5
6561,1921,15,1,195,6
6562,1921,40,1,249,6
6563,1921,1,1,125,6
6564,1922,59,1,74,3
6565,1922,39,2,101,3
6566,1922,5,1,340,3
6567,1923,20,1,115,1
6568,1923,41,1,215,1
6569,1923,2,1,210,1
6570,1924,3,1,95,1
6571,1924,37,1,219,1
6572,1924,28,1,178,1
6573,1925,21,1,185,4
6574,1925,17,1,145,4
6575,1925,25,1,106,4
6576,1926,8,1,680,6
6577,1926,29,1,147,6
6578,1926,50,1,143,6
6579,1927,17,1,145,6
6580,1927,40,1,249,6
6581,1927,30,1,173,6
6582,1928,47,1,278,6
6583,1928,57,1,274,6
6584,1928,19,1,89,6
6585,1929,35,1,348,2
6586,1929,36,1,378,2
6587,1929,10,1,180,2
6588,1930,49,1,103,5
6589,1930,24,1,190,5
6590,1930,53,1,210,5
6591,1931,2,1,210,6
6592,1931,30,1,173,6
6593,1931,60,1,287,6
6594,1932,5,1,340,4
6595,1932,11,1,140,4
6596,1932,60,1,287,4
6597,1933,36,1,378,1
6598,1933,23,2,145,1
6599,1933,48,1,196,1
6600,1934,59,1,74,5
6601,1934,43,2,140,5
6602,1934,21,1,185,5
6603,1935,27,1,281,4
6604,1935,52,1,226,4
6605,1935,29,1,147,4
6606,1936,33,1,221,5
6607,1936,10,1,180,5
6608,1936,3,1,95,5
6609,1937,57,1,274,4
6610,1937,4,1,160,4
6611,1937,41,1,215,4
6612,1938,33,2,221,2
6613,1938,21,1,185,2
6614,1938,37,1,219,2
6615,1939,34,1,186,3
6616,1939,6,1,275,3
6617,1939,4,1,160,3
6618,1940,60,1,287,4
6619,1940,40,1,249,4
6620,1940,12,1,260,4
6621,1941,58,1,120,5
6622,1941,20,1,115,5
6623,1941,34,1,186,5
6624,1942,39,1,101,5
6625,1942,45,1,122,5
6626,1942,42,1,113,5
6627,1943,59,1,74,4
6628,1943,24,2,190,4
6629,1943,6,2,275,4
6630,1944,46,1,147,1
6631,1944,40,1,249,1
6632,1944,33,1,221,1
6633,1945,8,1,680,3
6634,1945,47,1,278,3
6635,1945,2,1,210,3
6636,1946,2,1,210,1
6637,1946,54,1,201,1
6638,1946,53,1,210,1
6639,1947,33,1,221,1
6640,1947,29,1,147,1
6641,1947,20,2,115,1
6642,1948,16,1,240,3
6643,1948,52,1,226,3
6644,1948,42,1,113,3
6645,1949,24,1,190,3
6646,1949,36,1,378,3
6647,1949,28,1,178,3
6648,1950,42,1,113,4
6649,1950,33,1,221,4
6650,1950,26,1,216,4
6651,1951,26,2,216,3
6652,1951,6,1,275,3
6653,1951,11,1,140,3
6654,1952,13,1,220,3
6655,1952,33,1,221,3
6656,1952,36,1,378,3
6657,1953,12,1,260,6
6658,1953,20,1,115,6
6659,1953,47,2,278,6
6660,1954,39,2,101,1
6661,1954,56,2,391,1
6662,1954,41,1,215,1
6663,1955,51,1,230,2
6664,1955,27,1,281,2
6665,1955,5,2,340,2
6666,1956,55,1,326,6
6667,1956,6,1,275,6
6668,1956,54,2,201,6
6669,1957,43,1,140,1
6670,1957,21,1,185,1
6671,1957,7,2,420,1
6672,1958,27,1,281,1
6673,1958,39,1,101,1
6674,1958,48,1,196,1
6675,1959,50,1,143,5
6676,1959,55,1,326,5
6677,1959,33,1,221,5
6678,1960,48,1,196,4
6679,1960,2,1,210,4
6680,1960,41,1,215,4
6681,1961,45,1,122,4
6682,1961,28,1,178,4
6683,1961,32,1,219,4
6684,1962,33,1,221,5
6685,1962,52,1,226,5
6686,1962,12,1,260,5
6687,1963,24,1,190,6
6688,1963,60,1,287,6
6689,1963,31,1,219,6
6690,1964,10,1,180,5
6691,1964,2,1,210,5
6692,1964,42,1,113,5
6693,1965,25,1,106,6
6694,1965,32,1,219,6
6695,1965,11,1,140,6
6696,1966,47,1,278,6
6697,1966,55,1,326,6
6698,1966,38,1,186,6
6699,1967,37,1,219,6
6700,1967,5,1,340,6
6701,1967,40,1,249,6
6702,1968,42,1,113,3
6703,1968,32,1,219,3
6704,1968,20,1,115,3
6705,1969,11,1,140,2
6706,1969,59,1,74,2
6707,1969,54,1,201,2
6708,1970,8,1,680,3
6709,1970,26,1,216,3
6710,1970,53,1,210,3
6711,1971,50,1,143,5
6712,1971,3,1,95,5
6713,1971,55,1,326,5
6714,1972,19,1,89,4
6715,1972,25,2,106,4
6716,1972,13,2,220,4
6717,1973,3,2,95,5
6718,1973,32,1,219,5
6719,1973,20,1,115,5
6720,1974,10,1,180,4
6721,1974,48,1,196,4
6722,1974,33,2,221,4
6723,1975,32,1,219,6
6724,1975,21,1,185,6
6725,1975,59,1,74,6
6726,1976,1,1,125,4
6727,1976,48,1,196,4
6728,1976,15,1,195,4
6729,1977,46,1,147,1
6730,1977,40,1,249,1
6731,1977,8,1,680,1
6732,1978,35,1,348,3
6733,1978,19,1,89,3
6734,1978,45,1,122,3
6735,1979,55,1,326,4
6736,1979,27,1,281,4
6737,1979,59,1,74,4
6738,1980,46,1,147,3
6739,1980,21,2,185,3
6740,1980,57,1,274,3
6741,1981,58,1,120,6
6742,1981,25,1,106,6
6743,1981,4,2,160,6
6744,1982,17,1,145,6
6745,1982,52,1,226,6
6746,1982,32,1,219,6
6747,1983,26,1,216,1
6748,1983,48,2,196,1
6749,1983,6,1,275,1
6750,1984,56,1,391,3
6751,1984,4,1,160,3
6752,1984,36,1,378,3
6753,1985,55,1,326,3
6754,1985,21,1,185,3
6755,1985,31,2,219,3
6756,1986,25,1,106,4
6757,1986,46,1,147,4
6758,1986,37,1,219,4
6759,1987,41,1,215,2
6760,1987,8,2,680,2
6761,1987,43,2,140,2
6762,1988,51,1,230,5
6763,1988,20,1,115,5
6764,1988,9,1,520,5
6765,1989,32,1,219,1
6766,1989,35,1,348,1
6767,1989,4,1,160,1
6768,1990,42,1,113,4
6769,1990,53,1,210,4
6770,1990,17,1,145,4
6771,1991,39,1,101,5
6772,1991,13,1,220,5
6773,1991,8,1,680,5
6774,1992,49,2,103,3
6775,1992,32,1,219,3
6776,1992,20,1,115,3
6777,1993,25,1,106,6
6778,1993,52,1,226,6
6779,1993,36,1,378,6
6780,1994,26,1,216,1
6781,1994,18,1,310,1
6782,1994,20,1,115,1
6783,1995,13,1,220,1
6784,1995,11,1,140,1
6785,1995,56,1,391,1
6786,1996,6,1,275,5
6787,1996,21,1,185,5
6788,1996,3,1,95,5
6789,1997,10,1,180,6
6790,1997,27,1,281,6
6791,1997,45,1,122,6
6792,1998,39,1,101,3
6793,1998,12,1,260,3
6794,1998,32,1,219,3
6795,1999,49,1,103,5
6796,1999,42,1,113,5
6797,1999,34,1,186,5
6798,2000,19,1,89,6
6799,2000,29,1,147,6
6800,2000,7,1,420,6
6801,2001,57,1,274,1
6802,2001,37,1,219,1
6803,2001,31,1,219,1
6804,2002,55,1,326,3
6805,2002,46,1,147,3
6806,2002,28,1,178,3
6807,2003,6,1,275,6
6808,2003,31,1,219,6
6809,2003,8,1,680,6
6810,2004,58,1,120,1
6811,2004,15,1,195,1
6812,2004,45,1,122,1
6813,2005,4,1,160,1
6814,2005,60,1,287,1
6815,2005,5,2,340,1
6816,2006,50,1,143,4
6817,2006,31,1,219,4
6818,2006,58,1,120,4
6819,2007,11,1,140,1
6820,2007,60,1,287,1
6821,2007,50,1,143,1
6822,2008,46,1,147,3
6823,2008,57,1,274,3
6824,2008,33,1,221,3
6825,2009,21,1,185,4
6826,2009,55,1,326,4
6827,2009,42,1,113,4
6828,2010,52,1,226,4
6829,2010,54,1,201,4
6830,2010,33,1,221,4
6831,2011,23,1,145,6
6832,2011,48,1,196,6
6833,2011,36,1,378,6
6834,2012,46,1,147,3
6835,2012,41,1,215,3
6836,2012,60,1,287,3
6837,2013,53,1,210,3
6838,2013,28,1,178,3
6839,2013,19,1,89,3
6840,2014,59,1,74,4
6841,2014,45,1,122,4
6842,2014,17,1,145,4
6843,2015,27,1,281,6
6844,2015,12,1,260,6
6845,2015,5,1,340,6
6846,2016,10,2,180,5
6847,2016,13,1,220,5
6848,2016,27,1,281,5
6849,2017,48,1,196,5
6850,2017,42,1,113,5
6851,2017,35,1,348,5
6852,2018,43,1,140,2
6853,2018,11,1,140,2
6854,2018,40,1,249,2
6855,2019,24,1,190,1
6856,2019,41,1,215,1
6857,2019,35,1,348,1
6858,2020,8,1,680,1
6859,2020,32,1,219,1
6860,2020,4,1,160,1
6861,2021,13,1,220,6
6862,2021,55,1,326,6
6863,2021,14,1,780,6
6864,2022,58,1,120,4
6865,2022,38,1,186,4
6866,2022,15,2,195,4
6867,2023,50,1,143,6
6868,2023,12,1,260,6
6869,2023,32,1,219,6
6870,2024,2,1,210,3
6871,2024,40,1,249,3
6872,2024,30,2,173,3
6873,2025,56,1,391,4
6874,2025,54,1,201,4
6875,2025,52,1,226,4
6876,2026,45,1,122,5
6877,2026,51,1,230,5
6878,2026,26,1,216,5
6879,2027,24,1,190,4
6880,2027,55,1,326,4
6881,2027,36,1,378,4
6882,2028,5,1,340,1
6883,2028,51,2,230,1
6884,2028,27,1,281,1
6885,2029,18,1,310,5
6886,2029,48,1,196,5
6887,2029,39,1,101,5
6888,2030,46,1,147,4
6889,2030,20,1,115,4
6890,2030,59,1,74,4
6891,2031,47,1,278,2
6892,2031,25,1,106,2
6893,2031,54,1,201,2
6894,2032,52,1,226,5
6895,2032,27,1,281,5
6896,2032,11,1,140,5
6897,2033,60,1,287,5
6898,2033,55,1,326,5
6899,2033,11,2,140,5
6900,2034,29,1,147,4
6901,2034,50,1,143,4
6902,2034,56,1,391,4
6903,2035,13,1,220,1
6904,2035,57,1,274,1
6905,2035,15,1,195,1
6906,2036,12,2,260,1
6907,2036,43,1,140,1
6908,2036,51,1,230,1
6909,2037,55,1,326,4
6910,2037,29,1,147,4
6911,2037,45,2,122,4
6912,2038,57,1,274,5
6913,2038,42,1,113,5
6914,2038,39,1,101,5
6915,2039,40,1,249,1
6916,2039,6,2,275,1
6917,2039,5,1,340,1
6918,2040,33,1,221,3
6919,2040,32,1,219,3
6920,2040,4,2,160,3
6921,2041,45,1,122,4
6922,2041,49,1,103,4
6923,2041,4,1,160,4
6924,2042,10,1,180,4
6925,2042,28,1,178,4
6926,2042,41,1,215,4
6927,2043,5,1,340,6
6928,2043,19,1,89,6
6929,2043,40,1,249,6
6930,2044,11,1,140,1
6931,2044,54,1,201,1
6932,2044,46,1,147,1
6933,2045,53,1,210,1
6934,2045,20,1,115,1
6935,2045,18,1,310,1
6936,2046,30,1,173,1
6937,2046,54,1,201,1
6938,2046,37,2,219,1
6939,2047,34,1,186,4
6940,2047,59,1,74,4
6941,2047,20,1,115,4
6942,2048,24,1,190,4
6943,2048,52,2,226,4
6944,2048,50,1,143,4
6945,2049,39,2,101,1
6946,2049,47,1,278,1
6947,2049,55,1,326,1
6948,2050,56,1,391,1
6949,2050,33,1,221,1
6950,2050,21,1,185,1
6951,2051,56,1,391,2
6952,2051,49,1,103,2
6953,2051,2,1,210,2
6954,2052,48,1,196,2
6955,2052,31,1,219,2
6956,2052,21,1,185,2
6957,2053,36,2,378,4
6958,2053,48,1,196,4
6959,2053,59,2,74,4
6960,2054,60,1,287,6
6961,2054,56,1,391,6
6962,2054,27,1,281,6
6963,2055,35,2,348,6
6964,2055,36,1,378,6
6965,2055,48,1,196,6
6966,2056,53,1,210,6
6967,2056,42,1,113,6
6968,2056,36,1,378,6
6969,2057,39,1,101,5
6970,2057,15,1,195,5
6971,2057,37,1,219,5
6972,2058,44,1,305,4
6973,2058,8,1,680,4
6974,2058,54,1,201,4
6975,2059,39,1,101,6
6976,2059,26,1,216,6
6977,2059,34,1,186,6
6978,2060,46,1,147,1
6979,2060,41,1,215,1
6980,2060,13,1,220,1
6981,2061,51,1,230,5
6982,2061,53,1,210,5
6983,2061,29,1,147,5
6984,2062,53,1,210,2
6985,2062,6,1,275,2
6986,2062,37,1,219,2
6987,2063,8,1,680,2
6988,2063,19,2,89,2
6989,2063,11,1,140,2
6990,2064,33,2,221,4
6991,2064,26,1,216,4
6992,2064,39,1,101,4
6993,2065,15,1,195,1
6994,2065,57,1,274,1
6995,2065,59,1,74,1
6996,2066,46,1,147,2
6997,2066,3,2,95,2
6998,2066,25,1,106,2
6999,2067,57,1,274,4
7000,2067,1,1,125,4
7001,2067,51,1,230,4
7002,2068,26,1,216,3
7003,2068,30,1,173,3
7004,2068,28,1,178,3
7005,2069,59,2,74,4
7006,2069,2,1,210,4
7007,2069,34,1,186,4
7008,2070,33,1,221,1
7009,2070,36,1,378,1
7010,2070,24,1,190,1
7011,2071,43,1,140,1
7012,2071,50,1,143,1
7013,2071,44,1,305,1
7014,2072,33,1,221,5
7015,2072,28,1,178,5
7016,2072,31,1,219,5
7017,2073,31,2,219,1
7018,2073,56,1,391,1
7019,2073,12,1,260,1
7020,2074,25,1,106,4
7021,2074,42,1,113,4
7022,2074,4,2,160,4
7023,2075,3,1,95,3
7024,2075,44,1,305,3
7025,2075,59,2,74,3
7026,2076,55,1,326,1
7027,2076,54,1,201,1
7028,2076,38,1,186,1
7029,2077,21,1,185,2
7030,2077,37,1,219,2
7031,2077,2,1,210,2
7032,2078,47,1,278,4
7033,2078,35,2,348,4
7034,2078,26,1,216,4
7035,2079,6,1,275,2
7036,2079,19,1,89,2
7037,2079,33,1,221,2
7038,2080,13,1,220,5
7039,2080,43,1,140,5
7040,2080,53,1,210,5
7041,2081,32,1,219,1
7042,2081,36,1,378,1
7043,2081,41,1,215,1
7044,2082,30,1,173,5
7045,2082,32,1,219,5
7046,2082,12,1,260,5
7047,2083,17,1,145,3
7048,2083,28,1,178,3
7049,2083,32,1,219,3
7050,2084,32,1,219,1
7051,2084,24,1,190,1
7052,2084,15,1,195,1
7053,2085,47,2,278,3
7054,2085,5,1,340,3
7055,2085,40,1,249,3
7056,2086,32,1,219,4
7057,2086,37,1,219,4
7058,2086,25,1,106,4
7059,2087,17,1,145,5
7060,2087,56,1,391,5
7061,2087,5,2,340,5
7062,2088,41,1,215,3
7063,2088,25,1,106,3
7064,2088,43,1,140,3
7065,2089,42,1,113,5
7066,2089,55,1,326,5
7067,2089,15,1,195,5
7068,2090,12,1,260,3
7069,2090,33,1,221,3
7070,2090,55,1,326,3
7071,2091,25,1,106,2
7072,2091,39,1,101,2
7073,2091,41,1,215,2
7074,2092,39,1,101,6
7075,2092,44,1,305,6
7076,2092,50,1,143,6
7077,2093,45,1,122,1
7078,2093,32,1,219,1
7079,2093,46,1,147,1
7080,2094,55,1,326,6
7081,2094,20,1,115,6
7082,2094,13,1,220,6
7083,2095,49,1,103,4
7084,2095,54,1,201,4
7085,2095,15,1,195,4
7086,2096,12,1,260,5
7087,2096,22,1,170,5
7088,2096,6,1,275,5
7089,2097,42,1,113,5
7090,2097,32,1,219,5
7091,2097,31,1,219,5
7092,2098,39,2,101,3
7093,2098,2,1,210,3
7094,2098,56,1,391,3
7095,2099,39,1,101,6
7096,2099,10,1,180,6
7097,2099,20,1,115,6
7098,2100,31,2,219,5
7099,2100,54,1,201,5
7100,2100,5,1,340,5
7101,2101,36,1,378,5
7102,2101,55,1,326,5
7103,2101,56,1,391,5
7104,2102,51,1,230,3
7105,2102,50,1,143,3
7106,2102,42,1,113,3
7107,2103,28,1,178,3
7108,2103,51,1,230,3
7109,2103,36,1,378,3
7110,2104,11,1,140,6
7111,2104,2,1,210,6
7112,2104,59,1,74,6
7113,2105,34,1,186,6
7114,2105,8,1,680,6
7115,2105,28,1,178,6
7116,2106,21,1,185,5
7117,2106,3,1,95,5
7118,2106,6,1,275,5
7119,2107,55,1,326,1
7120,2107,11,1,140,1
7121,2107,31,1,219,1
7122,2108,11,2,140,4
7123,2108,43,1,140,4
7124,2108,21,1,185,4
7125,2109,46,1,147,3
7126,2109,47,1,278,3
7127,2109,55,1,326,3
7128,2110,41,1,215,3
7129,2110,33,1,221,3
7130,2110,35,1,348,3
7131,2111,34,1,186,4
7132,2111,13,2,220,4
7133,2111,33,1,221,4
7134,2112,10,1,180,6
7135,2112,28,1,178,6
7136,2112,21,2,185,6
7137,2113,17,1,145,4
7138,2113,46,1,147,4
7139,2113,21,1,185,4
7140,2114,59,1,74,1
7141,2114,27,1,281,1
7142,2114,46,1,147,1
7143,2115,52,1,226,5
7144,2115,14,1,780,5
7145,2115,53,1,210,5
7146,2116,29,1,147,4
7147,2116,34,1,186,4
7148,2116,19,2,89,4
7149,2117,59,1,74,2
7150,2117,13,1,220,2
7151,2117,11,1,140,2
7152,2118,57,1,274,4
7153,2118,30,1,173,4
7154,2118,60,1,287,4
7155,2119,42,1,113,4
7156,2119,40,1,249,4
7157,2119,56,1,391,4
7158,2120,14,1,780,1
7159,2120,45,1,122,1
7160,2120,41,1,215,1
7161,2121,24,1,190,3
7162,2121,50,1,143,3
7163,2121,2,1,210,3
7164,2122,32,1,219,6
7165,2122,55,1,326,6
7166,2122,24,1,190,6
7167,2123,42,2,113,6
7168,2123,19,1,89,6
7169,2123,21,1,185,6
7170,2124,58,1,120,4
7171,2124,13,1,220,4
7172,2124,12,1,260,4
7173,2125,12,1,260,5
7174,2125,26,1,216,5
7175,2125,50,1,143,5
7176,2126,53,1,210,3
7177,2126,28,1,178,3
7178,2126,49,1,103,3
7179,2127,17,1,145,3
7180,2127,52,1,226,3
7181,2127,2,1,210,3
7182,2128,3,1,95,3
7183,2128,5,1,340,3
7184,2128,40,2,249,3
7185,2129,24,1,190,4
7186,2129,46,1,147,4
7187,2129,11,2,140,4
7188,2130,40,1,249,6
7189,2130,43,2,140,6
7190,2130,59,1,74,6
7191,2131,41,1,215,5
7192,2131,52,1,226,5
7193,2131,50,1,143,5
7194,2132,6,1,275,4
7195,2132,33,1,221,4
7196,2132,19,2,89,4
7197,2133,39,1,101,1
7198,2133,43,1,140,1
7199,2133,13,1,220,1
7200,2134,36,1,378,6
7201,2134,37,2,219,6
7202,2134,30,1,173,6
7203,2135,53,2,210,4
7204,2135,6,2,275,4
7205,2135,4,1,160,4
7206,2136,57,1,274,3
7207,2136,15,2,195,3
7208,2136,48,2,196,3
7209,2137,21,1,185,2
7210,2137,57,1,274,2
7211,2137,30,1,173,2
7212,2138,43,1,140,4
7213,2138,25,1,106,4
7214,2138,19,1,89,4
7215,2139,28,1,178,6
7216,2139,14,1,780,6
7217,2139,46,1,147,6
7218,2140,49,1,103,1
7219,2140,33,1,221,1
7220,2140,12,2,260,1
7221,2141,48,1,196,3
7222,2141,37,1,219,3
7223,2141,55,1,326,3
7224,2142,48,1,196,4
7225,2142,60,1,287,4
7226,2142,11,1,140,4
7227,2143,45,2,122,3
7228,2143,43,1,140,3
7229,2143,49,1,103,3
7230,2144,20,2,115,6
7231,2144,57,1,274,6
7232,2144,54,1,201,6
7233,2145,37,1,219,1
7234,2145,31,1,219,1
7235,2145,13,1,220,1
7236,2146,55,1,326,5
7237,2146,40,2,249,5
7238,2146,33,1,221,5
7239,2147,20,2,115,2
7240,2147,19,1,89,2
7241,2147,57,1,274,2
7242,2148,57,1,274,6
7243,2148,60,1,287,6
7244,2148,33,1,221,6
7245,2149,35,1,348,6
7246,2149,51,1,230,6
7247,2149,34,2,186,6
7248,2150,29,1,147,1
7249,2150,45,2,122,1
7250,2150,12,1,260,1
7251,2151,60,1,287,1
7252,2151,50,2,143,1
7253,2151,32,1,219,1
7254,2152,8,1,680,4
7255,2152,56,1,391,4
7256,2152,20,1,115,4
7257,2153,19,1,89,1
7258,2153,20,1,115,1
7259,2153,60,1,287,1
7260,2154,24,2,190,2
7261,2154,12,1,260,2
7262,2154,42,1,113,2
7263,2155,28,1,178,4
7264,2155,52,1,226,4
7265,2155,3,1,95,4
7266,2156,59,1,74,4
7267,2156,6,1,275,4
7268,2156,17,1,145,4
7269,2157,40,1,249,3
7270,2157,59,1,74,3
7271,2157,11,1,140,3
7272,2158,5,1,340,6
7273,2158,27,1,281,6
7274,2158,53,1,210,6
7275,2159,51,2,230,6
7276,2159,27,1,281,6
7277,2159,17,1,145,6
7278,2160,17,1,145,4
7279,2160,8,2,680,4
7280,2160,35,1,348,4
7281,2161,42,1,113,4
7282,2161,43,1,140,4
7283,2161,48,1,196,4
7284,2162,55,1,326,1
7285,2162,33,1,221,1
7286,2162,42,1,113,1
7287,2163,12,1,260,3
7288,2163,11,1,140,3
7289,2163,45,1,122,3
7290,2164,45,1,122,3
7291,2164,54,1,201,3
7292,2164,34,1,186,3
7293,2165,17,1,145,4
7294,2165,11,1,140,4
7295,2165,8,1,680,4
7296,2166,57,1,274,3
7297,2166,50,1,143,3
7298,2166,30,1,173,3
7299,2167,19,1,89,1
7300,2167,56,1,391,1
7301,2167,27,1,281,1
7302,2168,35,1,348,6
7303,2168,41,1,215,6
7304,2168,56,1,391,6
7305,2169,8,1,680,3
7306,2169,24,1,190,3
7307,2169,53,1,210,3
7308,2170,46,1,147,6
7309,2170,13,1,220,6
7310,2170,5,1,340,6
7311,2171,30,2,173,1
7312,2171,39,2,101,1
7313,2171,15,1,195,1
7314,2172,54,1,201,3
7315,2172,45,1,122,3
7316,2172,51,1,230,3
7317,2173,25,1,106,4
7318,2173,1,1,125,4
7319,2173,54,1,201,4
7320,2174,58,1,120,3
7321,2174,53,1,210,3
7322,2174,38,1,186,3
7323,2175,35,1,348,3
7324,2175,55,1,326,3
7325,2175,10,1,180,3
7326,2176,59,1,74,4
7327,2176,40,1,249,4
7328,2176,33,1,221,4
7329,2177,36,1,378,3
7330,2177,5,1,340,3
7331,2177,6,1,275,3
7332,2178,15,1,195,1
7333,2178,51,1,230,1
7334,2178,24,1,190,1
7335,2179,56,1,391,1
7336,2179,2,1,210,1
7337,2179,51,1,230,1
7338,2180,34,1,186,6
7339,2180,32,1,219,6
7340,2180,20,1,115,6
7341,2181,34,1,186,4
7342,2181,13,1,220,4
7343,2181,46,1,147,4
7344,2182,16,1,240,3
7345,2182,37,1,219,3
7346,2182,60,1,287,3
7347,2183,46,1,147,4
7348,2183,31,1,219,4
7349,2183,54,1,201,4
7350,2184,43,2,140,2
7351,2184,41,1,215,2
7352,2184,19,1,89,2
7353,2185,16,2,240,1
7354,2185,4,2,160,1
7355,2185,28,1,178,1
7356,2186,51,1,230,6
7357,2186,50,1,143,6
7358,2186,8,1,680,6
7359,2187,19,1,89,5
7360,2187,50,1,143,5
7361,2187,2,1,210,5
7362,2188,29,1,147,4
7363,2188,13,1,220,4
7364,2188,55,2,326,4
7365,2189,11,1,140,4
7366,2189,45,1,122,4
7367,2189,55,1,326,4
7368,2190,53,1,210,4
7369,2190,45,1,122,4
7370,2190,41,1,215,4
7371,2191,40,1,249,4
7372,2191,60,1,287,4
7373,2191,33,1,221,4
7374,2192,57,1,274,1
7375,2192,37,1,219,1
7376,2192,5,1,340,1
7377,2193,41,1,215,6
7378,2193,45,1,122,6
7379,2193,20,1,115,6
7380,2194,52,1,226,6
7381,2194,31,2,219,6
7382,2194,56,1,391,6
7383,2195,11,1,140,6
7384,2195,33,1,221,6
7385,2195,60,1,287,6
7386,2196,9,1,520,1
7387,2196,25,1,106,1
7388,2196,47,1,278,1
7389,2197,5,1,340,1
7390,2197,42,1,113,1
7391,2197,21,1,185,1
7392,2198,25,2,106,1
7393,2198,41,2,215,1
7394,2198,43,1,140,1
7395,2199,49,2,103,5
7396,2199,36,1,378,5
7397,2199,6,2,275,5
7398,2200,49,1,103,1
7399,2200,56,1,391,1
7400,2200,42,1,113,1
7401,2201,4,1,160,6
7402,2201,11,1,140,6
7403,2201,29,1,147,6
7404,2202,60,1,287,4
7405,2202,46,2,147,4
7406,2202,37,1,219,4
7407,2203,20,1,115,6
7408,2203,2,1,210,6
7409,2203,47,1,278,6
7410,2204,2,1,210,4
7411,2204,54,1,201,4
7412,2204,27,2,281,4
7413,2205,59,1,74,2
7414,2205,46,1,147,2
7415,2205,32,1,219,2
7416,2206,34,1,186,2
7417,2206,56,1,391,2
7418,2206,15,1,195,2
7419,2207,26,2,216,1
7420,2207,4,1,160,1
7421,2207,8,1,680,1
7422,2208,17,1,145,2
7423,2208,37,1,219,2
7424,2208,59,1,74,2
7425,2209,11,1,140,1
7426,2209,38,1,186,1
7427,2209,29,1,147,1
7428,2210,5,1,340,6
7429,2210,11,1,140,6
7430,2210,8,1,680,6
7431,2211,27,1,281,6
7432,2211,25,1,106,6
7433,2211,59,1,74,6
7434,2212,20,1,115,2
7435,2212,48,1,196,2
7436,2212,38,1,186,2
7437,2213,46,1,147,1
7438,2213,49,1,103,1
7439,2213,47,1,278,1
7440,2214,43,1,140,1
7441,2214,56,1,391,1
7442,2214,4,1,160,1
7443,2215,24,1,190,4
7444,2215,50,1,143,4
7445,2215,37,1,219,4
7446,2216,33,1,221,3
7447,2216,24,2,190,3
7448,2216,50,1,143,3
7449,2217,17,1,145,5
7450,2217,24,1,190,5
7451,2217,31,1,219,5
7452,2218,13,1,220,1
7453,2218,11,1,140,1
7454,2218,3,1,95,1
7455,2219,25,1,106,2
7456,2219,55,1,326,2
7457,2219,12,1,260,2
7458,2220,28,1,178,5
7459,2220,51,1,230,5
7460,2220,48,1,196,5
7461,2221,22,1,170,1
7462,2221,54,1,201,1
7463,2221,21,2,185,1
7464,2222,46,1,147,3
7465,2222,53,1,210,3
7466,2222,60,1,287,3
7467,2223,50,1,143,4
7468,2223,35,1,348,4
7469,2223,42,1,113,4
7470,2224,52,1,226,2
7471,2224,51,1,230,2
7472,2224,59,1,74,2
7473,2225,48,1,196,4
7474,2225,6,1,275,4
7475,2225,17,1,145,4
7476,2226,4,1,160,6
7477,2226,53,1,210,6
7478,2226,43,1,140,6
7479,2227,29,2,147,3
7480,2227,33,1,221,3
7481,2227,8,1,680,3
7482,2228,32,1,219,1
7483,2228,10,1,180,1
7484,2228,46,1,147,1
7485,2229,50,1,143,1
7486,2229,24,2,190,1
7487,2229,47,1,278,1
7488,2230,26,1,216,6
7489,2230,42,2,113,6
7490,2230,46,1,147,6
7491,2231,10,1,180,1
7492,2231,13,1,220,1
7493,2231,14,1,780,1
7494,2232,41,1,215,3
7495,2232,3,1,95,3
7496,2232,26,1,216,3
7497,2233,8,1,680,1
7498,2233,60,1,287,1
7499,2233,43,1,140,1
7500,2234,49,2,103,3
7501,2234,20,1,115,3
7502,2234,48,1,196,3
7503,2235,59,1,74,5
7504,2235,41,1,215,5
7505,2235,15,1,195,5
7506,2236,50,1,143,4
7507,2236,37,1,219,4
7508,2236,25,1,106,4
7509,2237,4,1,160,2
7510,2237,15,1,195,2
7511,2237,45,1,122,2
7512,2238,27,1,281,4
7513,2238,43,1,140,4
7514,2238,36,1,378,4
7515,2239,52,1,226,1
7516,2239,37,1,219,1
7517,2239,40,1,249,1
7518,2240,52,1,226,3
7519,2240,15,1,195,3
7520,2240,31,1,219,3
7521,2241,52,1,226,4
7522,2241,29,1,147,4
7523,2241,19,1,89,4
7524,2242,32,1,219,3
7525,2242,35,1,348,3
7526,2242,11,2,140,3
7527,2243,6,1,275,1
7528,2243,34,1,186,1
7529,2243,15,1,195,1
7530,2244,11,1,140,5
7531,2244,9,1,520,5
7532,2244,25,1,106,5
7533,2245,42,1,113,3
7534,2245,43,1,140,3
7535,2245,4,1,160,3
7536,2246,15,1,195,1
7537,2246,49,1,103,1
7538,2246,19,1,89,1
7539,2247,34,1,186,6
7540,2247,40,1,249,6
7541,2247,45,2,122,6
7542,2248,34,1,186,1
7543,2248,33,2,221,1
7544,2248,15,1,195,1
7545,2249,27,1,281,6
7546,2249,15,1,195,6
7547,2249,39,1,101,6
7548,2250,33,1,221,6
7549,2250,41,1,215,6
7550,2250,56,1,391,6
7551,2251,40,1,249,5
7552,2251,11,1,140,5
7553,2251,43,1,140,5
7554,2252,10,1,180,4
7555,2252,4,1,160,4
7556,2252,12,2,260,4
7557,2253,14,1,780,6
7558,2253,25,1,106,6
7559,2253,57,1,274,6
7560,2254,24,2,190,4
7561,2254,29,1,147,4
7562,2254,25,1,106,4
7563,2255,38,1,186,2
7564,2255,20,1,115,2
7565,2255,35,1,348,2
7566,2256,46,1,147,4
7567,2256,24,1,190,4
7568,2256,35,2,348,4
7569,2257,41,1,215,4
7570,2257,33,1,221,4
7571,2257,44,1,305,4
7572,2258,25,1,106,5
7573,2258,42,1,113,5
7574,2258,26,1,216,5
7575,2259,6,1,275,1
7576,2259,24,2,190,1
7577,2259,30,1,173,1
7578,2260,28,1,178,5
7579,2260,23,1,145,5
7580,2260,60,1,287,5
7581,2261,50,1,143,6
7582,2261,42,1,113,6
7583,2261,52,1,226,6
7584,2262,49,1,103,1
7585,2262,28,1,178,1
7586,2262,42,1,113,1
7587,2263,10,1,180,1
7588,2263,42,1,113,1
7589,2263,59,1,74,1
7590,2264,15,1,195,2
7591,2264,17,1,145,2
7592,2264,12,1,260,2
7593,2265,39,1,101,6
7594,2265,11,1,140,6
7595,2265,51,1,230,6
7596,2266,45,1,122,5
7597,2266,39,1,101,5
7598,2266,16,1,240,5
7599,2267,57,1,274,5
7600,2267,27,1,281,5
7601,2267,1,1,125,5
7602,2268,53,1,210,3
7603,2268,55,2,326,3
7604,2268,29,1,147,3
7605,2269,10,1,180,6
7606,2269,60,1,287,6
7607,2269,40,1,249,6
7608,2270,51,1,230,1
7609,2270,20,1,115,1
7610,2270,54,1,201,1
7611,2271,24,1,190,1
7612,2271,25,1,106,1
7613,2271,43,1,140,1
7614,2272,46,1,147,6
7615,2272,36,1,378,6
7616,2272,7,1,420,6
7617,2273,50,1,143,5
7618,2273,10,1,180,5
7619,2273,28,1,178,5
7620,2274,17,2,145,6
7621,2274,35,1,348,6
7622,2274,7,2,420,6
7623,2275,55,1,326,4
7624,2275,21,1,185,4
7625,2275,9,1,520,4
7626,2276,31,1,219,2
7627,2276,6,1,275,2
7628,2276,53,1,210,2
7629,2277,20,1,115,2
7630,2277,32,1,219,2
7631,2277,33,2,221,2
7632,2278,12,1,260,6
7633,2278,37,1,219,6
7634,2278,38,1,186,6
7635,2279,6,1,275,1
7636,2279,3,1,95,1
7637,2279,59,2,74,1
7638,2280,51,1,230,2
7639,2280,54,1,201,2
7640,2280,21,1,185,2
7641,2281,34,1,186,6
7642,2281,9,1,520,6
7643,2281,4,1,160,6
7644,2282,60,1,287,6
7645,2282,51,1,230,6
7646,2282,29,1,147,6
7647,2283,57,1,274,5
7648,2283,49,1,103,5
7649,2283,15,1,195,5
7650,2284,40,1,249,1
7651,2284,59,1,74,1
7652,2284,48,1,196,1
7653,2285,49,1,103,4
7654,2285,42,2,113,4
7655,2285,6,1,275,4
7656,2286,28,1,178,4
7657,2286,8,1,680,4
7658,2286,59,1,74,4
7659,2287,60,1,287,1
7660,2287,56,1,391,1
7661,2287,47,1,278,1
7662,2288,21,1,185,4
7663,2288,19,1,89,4
7664,2288,36,1,378,4
7665,2289,25,1,106,5
7666,2289,57,1,274,5
7667,2289,24,1,190,5
7668,2290,17,1,145,2
7669,2290,52,1,226,2
7670,2290,56,1,391,2
7671,2291,50,1,143,6
7672,2291,57,1,274,6
7673,2291,47,1,278,6
7674,2292,40,1,249,3
7675,2292,55,1,326,3
7676,2292,22,1,170,3
7677,2293,60,1,287,4
7678,2293,50,1,143,4
7679,2293,21,1,185,4
7680,2294,59,1,74,5
7681,2294,37,1,219,5
7682,2294,35,1,348,5
7683,2295,41,1,215,3
7684,2295,25,1,106,3
7685,2295,35,1,348,3
7686,2296,15,1,195,2
7687,2296,26,2,216,2
7688,2296,51,1,230,2
7689,2297,14,1,780,6
7690,2297,4,1,160,6
7691,2297,19,2,89,6
7692,2298,6,2,275,2
7693,2298,33,1,221,2
7694,2298,2,1,210,2
7695,2299,22,1,170,4
7696,2299,34,1,186,4
7697,2299,20,2,115,4
7698,2300,6,1,275,1
7699,2300,56,1,391,1
7700,2300,58,1,120,1
7701,2301,60,1,287,3
7702,2301,11,1,140,3
7703,2302,24,1,190,6
7704,2302,45,2,122,6
7705,2303,47,2,278,6
7706,2303,30,2,173,6
7707,2304,2,1,210,1
7708,2304,20,1,115,1
7709,2305,57,1,274,6
7710,2305,32,2,219,6
7711,2306,15,2,195,2
7712,2306,45,2,122,2
7713,2307,59,2,74,1
7714,2307,53,1,210,1
7715,2308,11,1,140,5
7716,2308,41,1,215,5
7717,2309,44,1,305,5
7718,2309,36,2,378,5
7719,2310,48,1,196,4
7720,2310,33,1,221,4
7721,2311,50,1,143,2
7722,2311,47,1,278,2
7723,2312,43,1,140,2
7724,2312,30,1,173,2
7725,2313,4,1,160,3
7726,2313,40,1,249,3
7727,2314,14,1,780,2
7728,2314,46,1,147,2
7729,2315,42,1,113,2
7730,2315,5,2,340,2
7731,2316,39,2,101,6
7732,2316,9,1,520,6
7733,2317,47,1,278,6
7734,2317,50,1,143,6
7735,2318,57,2,274,3
7736,2318,34,1,186,3
7737,2319,4,1,160,6
7738,2319,19,1,89,6
7739,2320,20,1,115,4
7740,2320,15,1,195,4
7741,2321,26,1,216,2
7742,2321,39,1,101,2
7743,2322,50,1,143,2
7744,2322,33,1,221,2
7745,2323,17,1,145,5
7746,2323,45,1,122,5
7747,2324,13,1,220,4
7748,2324,56,1,391,4
7749,2325,15,1,195,3
7750,2325,20,1,115,3
7751,2326,41,1,215,5
7752,2326,43,1,140,5
7753,2327,24,1,190,2
7754,2327,31,2,219,2
7755,2328,49,1,103,4
7756,2328,23,1,145,4
7757,2329,14,1,780,2
7758,2329,43,1,140,2
7759,2330,3,2,95,3
7760,2330,27,1,281,3
7761,2331,45,1,122,2
7762,2331,39,1,101,2
7763,2332,34,1,186,2
7764,2332,10,1,180,2
7765,2333,50,1,143,2
7766,2333,19,1,89,2
7767,2334,60,1,287,3
7768,2334,13,1,220,3
7769,2335,53,1,210,5
7770,2335,41,1,215,5
7771,2336,18,1,310,1
7772,2336,55,2,326,1
7773,2337,38,1,186,5
7774,2337,54,1,201,5
7775,2338,49,1,103,1
7776,2338,52,1,226,1
7777,2339,54,1,201,3
7778,2339,45,2,122,3
7779,2340,39,1,101,4
7780,2340,40,1,249,4
7781,2341,45,1,122,6
7782,2341,1,1,125,6
7783,2342,42,1,113,2
7784,2342,6,1,275,2
7785,2343,1,1,125,1
7786,2343,21,1,185,1
7787,2344,3,2,95,2
7788,2344,50,1,143,2
7789,2345,25,1,106,1
7790,2345,13,1,220,1
7791,2346,46,1,147,1
7792,2346,47,1,278,1
7793,2347,8,1,680,6
7794,2347,50,1,143,6
7795,2348,32,1,219,4
7796,2348,31,2,219,4
7797,2349,59,1,74,5
7798,2349,34,1,186,5
7799,2350,41,1,215,3
7800,2350,21,1,185,3
7801,2351,56,1,391,6
7802,2351,2,1,210,6
7803,2352,48,1,196,2
7804,2352,37,1,219,2
7805,2353,13,1,220,1
7806,2353,51,1,230,1
7807,2354,57,1,274,3
7808,2354,12,1,260,3
7809,2355,42,2,113,1
7810,2355,55,1,326,1
7811,2356,23,1,145,4
7812,2356,6,1,275,4
7813,2357,25,1,106,2
7814,2357,1,2,125,2
7815,2358,59,1,74,2
7816,2358,48,1,196,2
7817,2359,34,1,186,3
7818,2359,5,1,340,3
7819,2360,47,1,278,1
7820,2360,55,1,326,1
7821,2361,11,1,140,3
7822,2361,24,1,190,3
7823,2362,6,1,275,4
7824,2362,51,1,230,4
7825,2363,33,1,221,5
7826,2363,60,1,287,5
7827,2364,32,2,219,5
7828,2364,59,1,74,5
7829,2365,36,2,378,4
7830,2365,50,1,143,4
7831,2366,7,2,420,3
7832,2366,26,1,216,3
7833,2367,19,1,89,3
7834,2367,56,1,391,3
7835,2368,33,1,221,2
7836,2368,43,1,140,2
7837,2369,45,1,122,6
7838,2369,50,2,143,6
7839,2370,5,1,340,4
7840,2370,49,1,103,4
7841,2371,50,1,143,4
7842,2371,2,1,210,4
7843,2372,4,1,160,6
7844,2372,32,1,219,6
7845,2373,59,1,74,6
7846,2373,39,1,101,6
7847,2374,56,1,391,1
7848,2374,15,1,195,1
7849,2375,55,1,326,5
7850,2375,46,2,147,5
7851,2376,32,2,219,3
7852,2376,17,1,145,3
7853,2377,49,1,103,6
7854,2377,13,1,220,6
7855,2378,20,1,115,3
7856,2378,47,1,278,3
7857,2379,54,1,201,2
7858,2379,5,2,340,2
7859,2380,8,1,680,2
7860,2380,48,1,196,2
7861,2381,39,1,101,3
7862,2381,21,1,185,3
7863,2382,57,1,274,1
7864,2382,19,1,89,1
7865,2383,35,1,348,4
7866,2383,2,1,210,4
7867,2384,12,1,260,1
7868,2384,29,1,147,1
7869,2385,59,1,74,6
7870,2385,56,1,391,6
7871,2386,48,2,196,5
7872,2386,5,1,340,5
7873,2387,50,1,143,2
7874,2387,56,1,391,2
7875,2388,19,1,89,6
7876,2388,25,2,106,6
7877,2389,52,1,226,2
7878,2389,47,1,278,2
7879,2390,45,2,122,4
7880,2390,51,2,230,4
7881,2391,40,1,249,1
7882,2391,34,1,186,1
7883,2392,23,1,145,4
7884,2392,12,1,260,4
7885,2393,30,1,173,5
7886,2393,20,1,115,5
7887,2394,26,2,216,1
7888,2394,16,1,240,1
7889,2395,60,1,287,2
7890,2395,29,2,147,2
7891,2396,27,1,281,5
7892,2396,10,1,180,5
7893,2397,56,1,391,1
7894,2397,48,2,196,1
7895,2398,2,1,210,3
7896,2398,20,1,115,3
7897,2399,6,1,275,3
7898,2399,42,1,113,3
7899,2400,54,2,201,1
7900,2400,60,1,287,1
7901,2401,57,1,274,6
7902,2401,29,1,147,6
7903,2402,35,1,348,5
7904,2402,30,1,173,5
7905,2403,11,1,140,1
7906,2403,28,1,178,1
7907,2404,19,1,89,6
7908,2404,24,1,190,6
7909,2405,19,1,89,6
7910,2405,27,2,281,6
7911,2406,43,1,140,2
7912,2406,57,1,274,2
7913,2407,34,1,186,5
7914,2407,1,1,125,5
7915,2408,3,1,95,2
7916,2408,47,1,278,2
7917,2409,57,1,274,4
7918,2409,30,1,173,4
7919,2410,40,1,249,4
7920,2410,45,1,122,4
7921,2411,59,1,74,6
7922,2411,25,1,106,6
7923,2412,29,1,147,6
7924,2412,56,1,391,6
7925,2413,30,1,173,6
7926,2413,3,1,95,6
7927,2414,45,1,122,4
7928,2414,41,1,215,4
7929,2415,51,1,230,3
7930,2415,21,1,185,3
7931,2416,32,1,219,1
7932,2416,43,1,140,1
7933,2417,56,1,391,4
7934,2417,48,1,196,4
7935,2418,45,1,122,1
7936,2418,59,2,74,1
7937,2419,26,1,216,6
7938,2419,12,2,260,6
7939,2420,60,1,287,2
7940,2420,46,1,147,2
7941,2421,39,1,101,4
7942,2421,47,1,278,4
7943,2422,16,1,240,4
7944,2422,11,1,140,4
7945,2423,47,1,278,1
7946,2423,57,2,274,1
7947,2424,41,1,215,4
7948,2424,60,1,287,4
7949,2425,42,1,113,3
7950,2425,5,1,340,3
7951,2426,32,1,219,2
7952,2426,53,2,210,2
7953,2427,22,1,170,5
7954,2427,56,1,391,5
7955,2428,45,2,122,3
7956,2428,12,1,260,3
7957,2429,6,1,275,6
7958,2429,8,1,680,6
7959,2430,60,1,287,2
7960,2430,51,1,230,2
7961,2431,15,1,195,1
7962,2431,57,1,274,1
7963,2432,53,1,210,1
7964,2432,46,1,147,1
7965,2433,37,1,219,1
7966,2433,47,1,278,1
7967,2434,17,1,145,5
7968,2434,12,1,260,5
7969,2435,31,1,219,6
7970,2435,5,1,340,6
7971,2436,31,1,219,4
7972,2436,49,1,103,4
7973,2437,46,1,147,6
7974,2437,59,2,74,6
7975,2438,12,1,260,5
7976,2438,25,1,106,5
7977,2439,47,2,278,4
7978,2439,2,1,210,4
7979,2440,43,1,140,1
7980,2440,38,1,186,1
7981,2441,32,1,219,1
7982,2441,39,1,101,1
7983,2442,35,1,348,3
7984,2442,53,1,210,3
7985,2443,12,1,260,2
7986,2443,32,1,219,2
7987,2444,50,1,143,4
7988,2444,46,1,147,4
7989,2445,6,1,275,4
7990,2445,59,1,74,4
7991,2446,31,1,219,2
7992,2446,59,1,74,2
7993,2447,59,1,74,1
7994,2447,12,1,260,1
7995,2448,31,1,219,4
7996,2448,51,1,230,4
7997,2449,51,1,230,4
7998,2449,60,1,287,4
7999,2450,3,1,95,1
8000,2450,53,1,210,1
8001,2451,43,1,140,5
8002,2451,15,2,195,5
8003,2452,10,1,180,4
8004,2452,33,1,221,4
8005,2453,6,1,275,5
8006,2453,40,2,249,5
8007,2454,48,1,196,1
8008,2454,57,1,274,1
8009,2455,24,1,190,6
8010,2455,43,2,140,6
8011,2456,52,1,226,5
8012,2456,6,1,275,5
8013,2457,29,1,147,6
8014,2457,56,1,391,6
8015,2458,17,1,145,4
8016,2458,12,1,260,4
8017,2459,28,1,178,3
8018,2459,35,1,348,3
8019,2460,21,1,185,3
8020,2460,33,1,221,3
8021,2461,60,1,287,6
8022,2461,50,1,143,6
8023,2462,50,1,143,4
8024,2462,4,1,160,4
8025,2463,49,1,103,6
8026,2463,4,1,160,6
8027,2464,50,1,143,6
8028,2464,52,1,226,6
8029,2465,5,1,340,3
8030,2465,50,1,143,3
8031,2466,16,1,240,1
8032,2466,57,1,274,1
8033,2467,34,2,186,4
8034,2467,28,2,178,4
8035,2468,30,1,173,3
8036,2468,34,1,186,3
8037,2469,39,1,101,6
8038,2469,10,2,180,6
8039,2470,18,1,310,4
8040,2470,38,2,186,4
8041,2471,45,1,122,6
8042,2471,13,1,220,6
8043,2472,8,1,680,1
8044,2472,29,1,147,1
8045,2473,53,1,210,2
8046,2473,50,1,143,2
8047,2474,9,1,520,3
8048,2474,40,1,249,3
8049,2475,37,1,219,4
8050,2475,17,2,145,4
8051,2476,31,1,219,6
8052,2476,45,1,122,6
8053,2477,25,1,106,5
8054,2477,8,1,680,5
8055,2478,38,1,186,1
8056,2478,3,1,95,1
8057,2479,8,1,680,1
8058,2479,15,1,195,1
8059,2480,17,1,145,1
8060,2480,35,1,348,1
8061,2481,19,1,89,1
8062,2481,6,1,275,1
8063,2482,55,1,326,2
8064,2482,49,1,103,2
8065,2483,51,2,230,6
8066,2483,25,1,106,6
8067,2484,32,1,219,1
8068,2484,5,1,340,1
8069,2485,26,1,216,3
8070,2485,35,1,348,3
8071,2486,35,1,348,6
8072,2486,4,1,160,6
8073,2487,28,1,178,5
8074,2487,26,1,216,5
8075,2488,50,2,143,6
8076,2488,47,1,278,6
8077,2489,35,1,348,3
8078,2489,24,1,190,3
8079,2490,53,1,210,1
8080,2490,50,2,143,1
8081,2491,10,1,180,5
8082,2491,28,1,178,5
8083,2492,59,1,74,4
8084,2492,19,1,89,4
8085,2493,50,1,143,3
8086,2493,20,1,115,3
8087,2494,55,1,326,1
8088,2494,43,1,140,1
8089,2495,21,2,185,6
8090,2495,34,1,186,6
8091,2496,11,1,140,1
8092,2496,5,1,340,1
8093,2497,35,1,348,5
8094,2497,52,1,226,5
8095,2498,39,1,101,6
8096,2498,28,1,178,6
8097,2499,43,1,140,6
8098,2499,10,1,180,6
8099,2500,4,1,160,2
8100,2500,5,1,340,2
8101,2501,28,2,178,1
8102,2501,46,1,147,1
8103,2502,26,1,216,6
8104,2502,50,1,143,6
8105,2503,27,1,281,3
8106,2503,36,1,378,3
8107,2504,33,1,221,6
8108,2504,13,1,220,6
8109,2505,45,1,122,3
8110,2505,54,1,201,3
8111,2506,41,1,215,1
8112,2506,34,1,186,1
8113,2507,41,1,215,2
8114,2507,57,1,274,2
8115,2508,27,1,281,2
8116,2508,37,1,219,2
8117,2509,46,1,147,2
8118,2509,15,1,195,2
8119,2510,43,2,140,1
8120,2510,35,1,348,1
8121,2511,2,1,210,4
8122,2511,20,2,115,4
8123,2512,3,1,95,2
8124,2512,41,1,215,2
8125,2513,36,1,378,4
8126,2513,51,1,230,4
8127,2514,36,1,378,1
8128,2514,12,1,260,1
8129,2515,30,1,173,2
8130,2515,16,1,240,2
8131,2516,47,1,278,5
8132,2516,58,2,120,5
8133,2517,45,2,122,4
8134,2517,32,1,219,4
8135,2518,53,2,210,3
8136,2518,49,1,103,3
8137,2519,32,1,219,2
8138,2519,10,1,180,2
8139,2520,34,1,186,1
8140,2520,11,1,140,1
8141,2521,20,1,115,3
8142,2521,51,1,230,3
8143,2522,18,1,310,5
8144,2522,2,1,210,5
8145,2523,21,1,185,3
8146,2523,43,1,140,3
8147,2524,17,1,145,6
8148,2524,60,1,287,6
8149,2525,12,1,260,1
8150,2525,28,1,178,1
8151,2526,31,1,219,5
8152,2526,12,1,260,5
8153,2527,49,1,103,1
8154,2527,37,1,219,1
8155,2528,37,1,219,5
8156,2528,1,1,125,5
8157,2529,43,1,140,1
8158,2529,56,2,391,1
8159,2530,10,1,180,6
8160,2530,20,2,115,6
8161,2531,56,1,391,2
8162,2531,6,1,275,2
8163,2532,48,2,196,1
8164,2532,20,1,115,1
8165,2533,56,1,391,4
8166,2533,29,1,147,4
8167,2534,17,1,145,3
8168,2534,39,2,101,3
8169,2535,45,1,122,3
8170,2535,15,1,195,3
8171,2536,36,1,378,4
8172,2536,40,1,249,4
8173,2537,60,1,287,6
8174,2537,39,1,101,6
8175,2538,3,1,95,2
8176,2538,48,1,196,2
8177,2539,40,1,249,1
8178,2539,12,1,260,1
8179,2540,57,2,274,6
8180,2540,28,1,178,6
8181,2541,46,1,147,4
8182,2541,32,1,219,4
8183,2542,4,1,160,4
8184,2542,55,1,326,4
8185,2543,20,1,115,6
8186,2543,45,1,122,6
8187,2544,36,1,378,5
8188,2544,13,2,220,5
8189,2545,30,1,173,4
8190,2545,34,1,186,4
8191,2546,60,1,287,1
8192,2546,43,1,140,1
8193,2547,53,1,210,6
8194,2547,26,2,216,6
8195,2548,34,1,186,6
8196,2548,33,1,221,6
8197,2549,33,1,221,3
8198,2549,26,2,216,3
8199,2550,37,1,219,6
8200,2550,33,2,221,6
8201,2551,42,1,113,4
8202,2551,47,1,278,4
8203,2552,17,1,145,4
8204,2552,31,1,219,4
8205,2553,10,1,180,3
8206,2553,55,2,326,3
8207,2554,53,2,210,6
8208,2554,31,1,219,6
8209,2555,12,1,260,2
8210,2555,15,1,195,2
8211,2556,12,1,260,3
8212,2556,35,1,348,3
8213,2557,15,1,195,6
8214,2557,19,1,89,6
8215,2558,56,1,391,4
8216,2558,31,1,219,4
8217,2559,10,1,180,5
8218,2559,34,1,186,5
8219,2560,42,1,113,5
8220,2560,33,1,221,5
8221,2561,25,1,106,1
8222,2561,47,1,278,1
8223,2562,32,1,219,3
8224,2562,21,1,185,3
8225,2563,54,1,201,6
8226,2563,28,1,178,6
8227,2564,43,1,140,1
8228,2564,26,1,216,1
8229,2565,30,1,173,2
8230,2565,37,1,219,2
8231,2566,26,1,216,4
8232,2566,43,1,140,4
8233,2567,5,1,340,1
8234,2567,49,1,103,1
8235,2568,59,2,74,2
8236,2568,27,1,281,2
8237,2569,47,1,278,6
8238,2569,33,2,221,6
8239,2570,51,1,230,1
8240,2570,11,1,140,1
8241,2571,25,1,106,4
8242,2571,53,1,210,4
8243,2572,24,1,190,5
8244,2572,31,2,219,5
8245,2573,15,1,195,3
8246,2573,13,1,220,3
8247,2574,57,1,274,2
8248,2574,32,1,219,2
8249,2575,43,1,140,4
8250,2575,7,1,420,4
8251,2576,17,1,145,5
8252,2576,49,2,103,5
8253,2577,60,1,287,2
8254,2577,40,1,249,2
8255,2578,59,1,74,2
8256,2578,47,1,278,2
8257,2579,15,1,195,1
8258,2579,8,1,680,1
8259,2580,10,1,180,1
8260,2580,26,2,216,1
8261,2581,36,1,378,4
8262,2581,29,1,147,4
8263,2582,45,2,122,2
8264,2582,2,1,210,2
8265,2583,54,1,201,3
8266,2583,40,1,249,3
8267,2584,16,1,240,6
8268,2584,21,2,185,6
8269,2585,3,1,95,3
8270,2585,19,1,89,3
8271,2586,14,1,780,6
8272,2586,38,1,186,6
8273,2587,57,2,274,5
8274,2587,17,1,145,5
8275,2588,20,1,115,6
8276,2588,13,1,220,6
8277,2589,12,1,260,4
8278,2589,28,1,178,4
8279,2590,37,1,219,6
8280,2590,10,1,180,6
8281,2591,48,1,196,1
8282,2591,20,1,115,1
8283,2592,27,1,281,4
8284,2592,50,1,143,4
8285,2593,48,1,196,4
8286,2593,60,1,287,4
8287,2594,59,1,74,4
8288,2594,3,1,95,4
8289,2595,13,2,220,4
8290,2595,2,1,210,4
8291,2596,57,1,274,4
8292,2596,13,1,220,4
8293,2597,46,1,147,1
8294,2597,14,1,780,1
8295,2598,11,1,140,6
8296,2598,24,1,190,6
8297,2599,59,1,74,1
8298,2599,47,1,278,1
8299,2600,44,1,305,2
8300,2600,54,1,201,2
8301,2601,41,1,215,5
8302,2601,27,1,281,5
8303,2602,20,1,115,1
8304,2602,3,1,95,1
8305,2603,54,1,201,1
8306,2603,59,1,74,1
8307,2604,19,1,89,6
8308,2604,50,1,143,6
8309,2605,38,1,186,4
8310,2605,39,1,101,4
8311,2606,41,1,215,3
8312,2606,49,1,103,3
8313,2607,41,2,215,3
8314,2607,59,1,74,3
8315,2608,26,1,216,6
8316,2608,51,1,230,6
8317,2609,50,1,143,6
8318,2609,37,1,219,6
8319,2610,32,1,219,3
8320,2610,40,1,249,3
8321,2611,6,1,275,1
8322,2611,36,1,378,1
8323,2612,5,1,340,1
8324,2612,3,1,95,1
8325,2613,4,1,160,5
8326,2613,52,1,226,5
8327,2614,26,2,216,1
8328,2614,54,1,201,1
8329,2615,51,1,230,1
8330,2615,56,1,391,1
8331,2616,30,1,173,1
8332,2616,37,1,219,1
8333,2617,59,1,74,5
8334,2617,33,1,221,5
8335,2618,39,1,101,1
8336,2618,24,1,190,1
8337,2619,15,2,195,4
8338,2619,21,1,185,4
8339,2620,20,2,115,6
8340,2620,50,1,143,6
8341,2621,42,1,113,3
8342,2621,35,1,348,3
8343,2622,25,1,106,6
8344,2622,37,1,219,6
8345,2623,6,1,275,4
8346,2623,4,1,160,4
8347,2624,40,1,249,5
8348,2624,25,1,106,5
8349,2625,38,1,186,4
8350,2625,54,1,201,4
8351,2626,32,1,219,1
8352,2626,42,1,113,1
8353,2627,54,1,201,4
8354,2627,50,1,143,4
8355,2628,57,1,274,3
8356,2628,32,1,219,3
8357,2629,23,1,145,3
8358,2629,56,1,391,3
8359,2630,19,1,89,1
8360,2630,27,1,281,1
8361,2631,1,1,125,1
8362,2631,18,1,310,1
8363,2632,6,1,275,1
8364,2632,56,1,391,1
8365,2633,6,1,275,4
8366,2633,15,1,195,4
8367,2634,25,1,106,1
8368,2634,3,1,95,1
8369,2635,17,1,145,6
8370,2635,56,2,391,6
8371,2636,32,1,219,4
8372,2636,29,1,147,4
8373,2637,33,1,221,3
8374,2637,42,1,113,3
8375,2638,51,1,230,2
8376,2638,20,2,115,2
8377,2639,30,1,173,1
8378,2639,57,1,274,1
8379,2640,56,1,391,4
8380,2640,13,1,220,4
8381,2641,55,1,326,6
8382,2641,42,1,113,6
8383,2642,53,1,210,1
8384,2642,59,1,74,1
8385,2643,24,1,190,1
8386,2643,45,1,122,1
8387,2644,13,1,220,1
8388,2644,10,1,180,1
8389,2645,48,1,196,3
8390,2645,31,1,219,3
8391,2646,2,1,210,4
8392,2646,27,1,281,4
8393,2647,51,1,230,5
8394,2647,47,1,278,5
8395,2648,23,1,145,3
8396,2648,42,1,113,3
8397,2649,8,2,680,5
8398,2649,24,1,190,5
8399,2650,27,1,281,5
8400,2650,25,2,106,5
8401,2651,50,2,143,3
8402,2651,10,1,180,3
8403,2652,13,1,220,1
8404,2652,32,1,219,1
8405,2653,55,1,326,4
8406,2653,13,1,220,4
8407,2654,24,1,190,1
8408,2654,8,1,680,1
8409,2655,53,1,210,4
8410,2655,32,1,219,4
8411,2656,44,1,305,4
8412,2656,29,1,147,4
8413,2657,41,1,215,3
8414,2657,39,2,101,3
8415,2658,26,1,216,5
8416,2658,3,1,95,5
8417,2659,33,1,221,6
8418,2659,39,1,101,6
8419,2660,54,1,201,1
8420,2660,48,1,196,1
8421,2661,2,1,210,6
8422,2661,35,1,348,6
8423,2662,52,1,226,2
8424,2662,55,1,326,2
8425,2663,51,1,230,4
8426,2663,54,1,201,4
8427,2664,10,1,180,1
8428,2664,3,1,95,1
8429,2665,54,1,201,4
8430,2665,13,1,220,4
8431,2666,31,1,219,1
8432,2666,48,2,196,1
8433,2667,26,1,216,1
8434,2667,12,1,260,1
8435,2668,59,1,74,6
8436,2668,42,1,113,6
8437,2669,51,2,230,4
8438,2669,27,1,281,4
8439,2670,5,2,340,5
8440,2670,32,1,219,5
8441,2671,23,1,145,1
8442,2671,45,1,122,1
8443,2672,13,1,220,6
8444,2672,41,1,215,6
8445,2673,12,1,260,1
8446,2673,42,1,113,1
8447,2674,8,1,680,1
8448,2674,2,1,210,1
8449,2675,30,2,173,2
8450,2675,51,2,230,2
8451,2676,56,2,391,6
8452,2676,26,1,216,6
8453,2677,59,1,74,3
8454,2677,47,1,278,3
8455,2678,40,2,249,5
8456,2678,45,1,122,5
8457,2679,24,1,190,6
8458,2679,20,1,115,6
8459,2680,49,2,103,3
8460,2680,27,1,281,3
8461,2681,38,1,186,1
8462,2681,56,1,391,1
8463,2682,43,1,140,1
8464,2682,25,1,106,1
8465,2683,11,1,140,1
8466,2683,12,1,260,1
8467,2684,47,1,278,3
8468,2684,54,1,201,3
8469,2685,12,1,260,1
8470,2685,45,1,122,1
8471,2686,60,2,287,6
8472,2686,36,1,378,6
8473,2687,2,2,210,2
8474,2687,26,1,216,2
8475,2688,27,1,281,4
8476,2688,39,2,101,4
8477,2689,60,1,287,4
8478,2689,35,1,348,4
8479,2690,51,1,230,3
8480,2690,10,2,180,3
8481,2691,39,1,101,2
8482,2691,12,1,260,2
8483,2692,10,1,180,2
8484,2692,33,1,221,2
8485,2693,52,1,226,1
8486,2693,44,1,305,1
8487,2694,46,1,147,1
8488,2694,31,1,219,1
8489,2695,50,1,143,5
8490,2695,25,1,106,5
8491,2696,42,1,113,4
8492,2696,6,1,275,4
8493,2697,50,1,143,5
8494,2697,21,1,185,5
8495,2698,43,1,140,1
8496,2698,29,1,147,1
8497,2699,48,1,196,6
8498,2699,36,1,378,6
8499,2700,17,1,145,5
8500,2700,31,1,219,5
8501,2701,57,1,274,3
8502,2701,1,1,125,3
8503,2702,47,1,278,4
8504,2702,52,1,226,4
8505,2703,50,2,143,5
8506,2703,10,1,180,5
8507,2704,26,1,216,5
8508,2704,17,1,145,5
8509,2705,42,1,113,3
8510,2705,31,1,219,3
8511,2706,5,1,340,2
8512,2706,37,1,219,2
8513,2707,59,1,74,5
8514,2707,42,1,113,5
8515,2708,33,1,221,6
8516,2708,45,1,122,6
8517,2709,41,2,215,4
8518,2709,17,1,145,4
8519,2710,18,1,310,5
8520,2710,39,1,101,5
8521,2711,4,2,160,4
8522,2711,32,1,219,4
8523,2712,13,1,220,6
8524,2712,41,1,215,6
8525,2713,23,1,145,5
8526,2713,45,1,122,5
8527,2714,6,1,275,1
8528,2714,13,1,220,1
8529,2715,20,1,115,1
8530,2715,17,1,145,1
8531,2716,53,1,210,1
8532,2716,13,1,220,1
8533,2717,59,1,74,5
8534,2717,2,1,210,5
8535,2718,50,1,143,1
8536,2718,15,1,195,1
8537,2719,26,1,216,1
8538,2719,31,1,219,1
8539,2720,22,1,170,3
8540,2720,27,1,281,3
8541,2721,49,2,103,3
8542,2721,54,1,201,3
8543,2722,6,1,275,1
8544,2722,17,1,145,1
8545,2723,26,1,216,6
8546,2723,33,1,221,6
8547,2724,36,1,378,4
8548,2724,54,2,201,4
8549,2725,47,1,278,1
8550,2725,19,1,89,1
8551,2726,37,1,219,1
8552,2726,50,1,143,1
8553,2727,8,2,680,1
8554,2727,57,1,274,1
8555,2728,34,1,186,3
8556,2728,49,1,103,3
8557,2729,45,1,122,6
8558,2729,8,2,680,6
8559,2730,52,1,226,1
8560,2730,44,1,305,1
8561,2731,52,1,226,6
8562,2731,17,1,145,6
8563,2732,32,1,219,1
8564,2732,40,1,249,1
8565,2733,35,1,348,5
8566,2733,56,2,391,5
8567,2734,40,1,249,4
8568,2734,33,1,221,4
8569,2735,17,1,145,4
8570,2735,12,1,260,4
8571,2736,33,1,221,6
8572,2736,29,1,147,6
8573,2737,29,2,147,1
8574,2737,33,1,221,1
8575,2738,37,1,219,3
8576,2738,3,1,95,3
8577,2739,6,1,275,6
8578,2739,31,1,219,6
8579,2740,3,1,95,5
8580,2740,37,1,219,5
8581,2741,17,1,145,4
8582,2741,28,2,178,4
8583,2742,29,1,147,4
8584,2742,49,2,103,4
8585,2743,52,1,226,1
8586,2743,2,1,210,1
8587,2744,8,1,680,4
8588,2744,49,1,103,4
8589,2745,12,1,260,3
8590,2745,15,1,195,3
8591,2746,54,1,201,4
8592,2746,56,1,391,4
8593,2747,25,1,106,1
8594,2747,28,1,178,1
8595,2748,17,1,145,1
8596,2748,24,1,190,1
8597,2749,43,1,140,1
8598,2749,32,1,219,1
8599,2750,60,2,287,4
8600,2750,3,1,95,4
8601,2751,40,1,249,5
8602,2751,36,1,378,5
8603,2752,6,1,275,4
8604,2752,21,2,185,4
8605,2753,56,1,391,1
8606,2753,28,1,178,1
8607,2754,50,1,143,4
8608,2754,25,1,106,4
8609,2755,19,1,89,3
8610,2755,15,1,195,3
8611,2756,49,1,103,4
8612,2756,42,1,113,4
8613,2757,40,1,249,5
8614,2757,6,1,275,5
8615,2758,9,2,520,3
8616,2758,10,1,180,3
8617,2759,40,1,249,1
8618,2759,16,1,240,1
8619,2760,8,1,680,6
8620,2760,2,1,210,6
8621,2761,15,1,195,1
8622,2761,39,1,101,1
8623,2762,52,1,226,6
8624,2762,45,1,122,6
8625,2763,36,1,378,2
8626,2763,57,1,274,2
8627,2764,17,1,145,4
8628,2764,21,2,185,4
8629,2765,37,1,219,4
8630,2765,38,1,186,4
8631,2766,24,1,190,4
8632,2766,53,1,210,4
8633,2767,6,2,275,2
8634,2767,17,1,145,2
8635,2768,48,1,196,4
8636,2768,20,2,115,4
8637,2769,5,1,340,5
8638,2769,49,2,103,5
8639,2770,3,1,95,4
8640,2770,52,1,226,4
8641,2771,48,2,196,1
8642,2771,17,1,145,1
8643,2772,55,1,326,1
8644,2772,30,1,173,1
8645,2773,3,2,95,4
8646,2773,10,1,180,4
8647,2774,35,1,348,3
8648,2774,54,1,201,3
8649,2775,19,1,89,2
8650,2775,15,1,195,2
8651,2776,17,1,145,1
8652,2776,43,1,140,1
8653,2777,50,1,143,1
8654,2777,55,1,326,1
8655,2778,5,1,340,4
8656,2778,25,1,106,4
8657,2779,1,1,125,6
8658,2779,24,1,190,6
8659,2780,56,1,391,1
8660,2780,4,1,160,1
8661,2781,51,1,230,5
8662,2781,47,1,278,5
8663,2782,39,2,101,2
8664,2782,3,1,95,2
8665,2783,48,1,196,4
8666,2783,8,1,680,4
8667,2784,6,1,275,6
8668,2784,54,1,201,6
8669,2785,25,1,106,2
8670,2785,32,1,219,2
8671,2786,43,1,140,5
8672,2786,54,1,201,5
8673,2787,41,1,215,6
8674,2787,47,1,278,6
8675,2788,51,1,230,1
8676,2788,3,1,95,1
8677,2789,26,1,216,1
8678,2789,48,1,196,1
8679,2790,45,1,122,6
8680,2790,47,1,278,6
8681,2791,48,1,196,6
8682,2791,2,1,210,6
8683,2792,59,1,74,6
8684,2792,11,1,140,6
8685,2793,36,1,378,6
8686,2793,19,2,89,6
8687,2794,12,1,260,1
8688,2794,34,1,186,1
8689,2795,13,1,220,6
8690,2795,37,1,219,6
8691,2796,14,1,780,5
8692,2796,4,1,160,5
8693,2797,49,2,103,6
8694,2797,24,1,190,6
8695,2798,19,1,89,5
8696,2798,18,1,310,5
8697,2799,50,1,143,5
8698,2799,12,1,260,5
8699,2800,46,1,147,2
8700,2800,29,1,147,2
8701,2801,55,1,326,4
8702,2801,56,2,391,4
8703,2802,6,1,275,1
8704,2802,41,1,215,1
8705,2803,10,1,180,1
8706,2803,2,2,210,1
8707,2804,36,2,378,3
8708,2804,44,1,305,3
8709,2805,27,1,281,1
8710,2805,3,1,95,1
8711,2806,41,2,215,5
8712,2806,5,1,340,5
8713,2807,28,1,178,4
8714,2807,6,1,275,4
8715,2808,28,2,178,4
8716,2808,40,1,249,4
8717,2809,30,1,173,5
8718,2809,8,1,680,5
8719,2810,24,1,190,5
8720,2810,60,1,287,5
8721,2811,25,1,106,6
8722,2811,31,1,219,6
8723,2812,39,1,101,4
8724,2812,12,1,260,4
8725,2813,17,1,145,4
8726,2813,52,1,226,4
8727,2814,13,1,220,6
8728,2814,47,1,278,6
8729,2815,27,2,281,2
8730,2815,17,1,145,2
8731,2816,4,1,160,4
8732,2816,40,2,249,4
8733,2817,56,1,391,6
8734,2817,57,1,274,6
8735,2818,40,1,249,1
8736,2818,2,1,210,1
8737,2819,52,1,226,5
8738,2819,34,1,186,5
8739,2820,29,1,147,4
8740,2820,28,1,178,4
8741,2821,60,1,287,1
8742,2821,30,1,173,1
8743,2822,55,1,326,1
8744,2822,31,1,219,1
8745,2823,50,1,143,1
8746,2823,52,1,226,1
8747,2824,13,1,220,6
8748,2824,17,2,145,6
8749,2825,58,1,120,1
8750,2825,27,1,281,1
8751,2826,41,1,215,5
8752,2826,48,1,196,5
8753,2827,29,1,147,4
8754,2827,26,1,216,4
8755,2828,24,2,190,1
8756,2828,15,1,195,1
8757,2829,33,1,221,3
8758,2829,41,1,215,3
8759,2830,17,1,145,3
8760,2830,49,1,103,3
8761,2831,3,1,95,2
8762,2831,54,2,201,2
8763,2832,39,2,101,1
8764,2832,48,2,196,1
8765,2833,25,1,106,1
8766,2833,52,1,226,1
8767,2834,24,2,190,4
8768,2834,12,1,260,4
8769,2835,5,1,340,6
8770,2835,46,1,147,6
8771,2836,60,1,287,3
8772,2836,20,1,115,3
8773,2837,55,2,326,6
8774,2837,26,1,216,6
8775,2838,33,2,221,5
8776,2838,45,1,122,5
8777,2839,53,1,210,3
8778,2839,3,1,95,3
8779,2840,33,1,221,4
8780,2840,32,1,219,4
8781,2841,29,1,147,5
8782,2841,26,1,216,5
8783,2842,11,1,140,4
8784,2842,37,1,219,4
8785,2843,24,2,190,5
8786,2843,57,1,274,5
8787,2844,56,1,391,1
8788,2844,55,1,326,1
8789,2845,33,1,221,6
8790,2845,34,1,186,6
8791,2846,6,1,275,6
8792,2846,52,1,226,6
8793,2847,8,1,680,2
8794,2847,6,1,275,2
8795,2848,49,1,103,4
8796,2848,32,1,219,4
8797,2849,49,2,103,5
8798,2849,31,1,219,5
8799,2850,15,1,195,5
8800,2850,37,1,219,5
8801,2851,49,2,103,1
8802,2851,17,1,145,1
8803,2852,19,1,89,3
8804,2852,34,1,186,3
8805,2853,8,1,680,1
8806,2853,57,1,274,1
8807,2854,51,1,230,1
8808,2854,8,1,680,1
8809,2855,50,1,143,4
8810,2855,45,1,122,4
8811,2856,24,2,190,5
8812,2856,4,1,160,5
8813,2857,26,2,216,3
8814,2857,31,1,219,3
8815,2858,45,1,122,6
8816,2858,30,1,173,6
8817,2859,2,1,210,3
8818,2859,60,1,287,3
8819,2860,2,1,210,3
8820,2860,30,1,173,3
8821,2861,3,1,95,4
8822,2861,26,1,216,4
8823,2862,55,1,326,4
8824,2862,27,1,281,4
8825,2863,6,1,275,1
8826,2863,41,1,215,1
8827,2864,7,1,420,6
8828,2864,26,1,216,6
8829,2865,52,1,226,2
8830,2865,28,1,178,2
8831,2866,49,1,103,3
8832,2866,13,1,220,3
8833,2867,51,1,230,1
8834,2867,34,1,186,1
8835,2868,44,1,305,3
8836,2868,45,2,122,3
8837,2869,8,1,680,1
8838,2869,59,1,74,1
8839,2870,1,1,125,1
8840,2870,31,1,219,1
8841,2871,10,1,180,6
8842,2871,28,1,178,6
8843,2872,29,1,147,4
8844,2872,11,1,140,4
8845,2873,47,1,278,4
8846,2873,59,1,74,4
8847,2874,49,2,103,5
8848,2874,4,1,160,5
8849,2875,1,1,125,3
8850,2875,47,1,278,3
8851,2876,59,1,74,6
8852,2876,36,1,378,6
8853,2877,29,2,147,6
8854,2877,4,1,160,6
8855,2878,27,1,281,3
8856,2878,8,1,680,3
8857,2879,24,1,190,1
8858,2879,13,2,220,1
8859,2880,28,1,178,2
8860,2880,31,1,219,2
8861,2881,55,1,326,3
8862,2881,30,2,173,3
8863,2882,21,1,185,6
8864,2882,37,1,219,6
8865,2883,12,1,260,3
8866,2883,30,1,173,3
8867,2884,33,1,221,4
8868,2884,6,1,275,4
8869,2885,48,1,196,6
8870,2885,47,1,278,6
8871,2886,45,1,122,5
8872,2886,7,2,420,5
8873,2887,26,1,216,2
8874,2887,3,1,95,2
8875,2888,52,1,226,4
8876,2888,3,1,95,4
8877,2889,14,1,780,1
8878,2889,15,1,195,1
8879,2890,6,1,275,2
8880,2890,21,1,185,2
8881,2891,5,1,340,1
8882,2891,49,1,103,1
8883,2892,9,1,520,2
8884,2892,36,2,378,2
8885,2893,13,1,220,2
8886,2893,26,1,216,2
8887,2894,17,1,145,3
8888,2894,49,1,103,3
8889,2895,10,2,180,3
8890,2895,54,1,201,3
8891,2896,39,1,101,2
8892,2896,59,1,74,2
8893,2897,47,1,278,3
8894,2897,4,1,160,3
8895,2898,17,1,145,5
8896,2898,40,1,249,5
8897,2899,20,1,115,1
8898,2899,60,1,287,1
8899,2900,37,1,219,5
8900,2900,60,1,287,5
8901,2901,40,1,249,6
8902,2901,26,1,216,6
8903,2902,13,2,220,2
8904,2902,32,1,219,2
8905,2903,5,1,340,6
8906,2903,60,1,287,6
8907,2904,17,1,145,6
8908,2904,52,1,226,6
8909,2905,43,1,140,4
8910,2905,7,1,420,4
8911,2906,15,1,195,5
8912,2906,20,1,115,5
8913,2907,42,2,113,1
8914,2907,6,1,275,1
8915,2908,19,1,89,4
8916,2908,56,1,391,4
8917,2909,41,1,215,3
8918,2909,55,1,326,3
8919,2910,46,1,147,1
8920,2910,53,1,210,1
8921,2911,26,1,216,4
8922,2911,30,1,173,4
8923,2912,40,1,249,1
8924,2912,43,1,140,1
8925,2913,36,1,378,1
8926,2913,38,1,186,1
8927,2914,46,2,147,6
8928,2914,19,1,89,6
8929,2915,25,1,106,3
8930,2915,56,1,391,3
8931,2916,4,1,160,2
8932,2916,19,1,89,2
8933,2917,42,1,113,2
8934,2917,54,1,201,2
8935,2918,2,1,210,4
8936,2918,31,1,219,4
8937,2919,30,1,173,2
8938,2919,29,1,147,2
8939,2920,43,1,140,4
8940,2920,59,1,74,4
8941,2921,38,1,186,4
8942,2921,39,1,101,4
8943,2922,53,1,210,4
8944,2922,31,1,219,4
8945,2923,11,1,140,4
8946,2923,49,1,103,4
8947,2924,60,2,287,1
8948,2924,39,1,101,1
8949,2925,10,1,180,5
8950,2925,43,1,140,5
8951,2926,53,1,210,5
8952,2926,52,1,226,5
8953,2927,36,1,378,4
8954,2927,48,1,196,4
8955,2928,43,1,140,1
8956,2928,8,1,680,1
8957,2929,24,2,190,2
8958,2929,51,1,230,2
8959,2930,25,1,106,3
8960,2930,60,1,287,3
8961,2931,43,1,140,3
8962,2931,10,1,180,3
8963,2932,12,1,260,3
8964,2932,2,1,210,3
8965,2933,47,2,278,1
8966,2933,56,1,391,1
8967,2934,51,1,230,1
8968,2934,60,1,287,1
8969,2935,8,1,680,4
8970,2935,4,1,160,4
8971,2936,40,1,249,1
8972,2936,25,1,106,1
8973,2937,56,1,391,5
8974,2937,2,1,210,5
8975,2938,33,1,221,6
8976,2938,3,1,95,6
8977,2939,2,1,210,6
8978,2939,42,1,113,6
8979,2940,12,1,260,1
8980,2940,25,1,106,1
8981,2941,33,1,221,4
8982,2941,30,1,173,4
8983,2942,40,1,249,1
8984,2942,34,1,186,1
8985,2943,36,1,378,3
8986,2943,50,1,143,3
8987,2944,41,1,215,4
8988,2944,51,1,230,4
8989,2945,4,2,160,3
8990,2945,40,1,249,3
8991,2946,15,1,195,3
8992,2946,45,1,122,3
8993,2947,29,1,147,4
8994,2947,60,1,287,4
8995,2948,40,1,249,2
8996,2948,21,2,185,2
8997,2949,60,1,287,3
8998,2949,50,1,143,3
8999,2950,37,1,219,4
9000,2950,40,1,249,4
9001,2951,11,1,140,5
9002,2951,48,1,196,5
9003,2952,40,1,249,3
9004,2952,25,1,106,3
9005,2953,10,1,180,6
9006,2953,35,1,348,6
9007,2954,59,1,74,3
9008,2954,4,1,160,3
9009,2955,59,1,74,4
9010,2955,5,1,340,4
9011,2956,46,2,147,1
9012,2956,50,1,143,1
9013,2957,5,1,340,6
9014,2957,21,1,185,6
9015,2958,31,1,219,1
9016,2958,28,1,178,1
9017,2959,30,1,173,1
9018,2959,59,1,74,1
9019,2960,26,1,216,1
9020,2960,36,1,378,1
9021,2961,1,1,125,4
9022,2961,10,1,180,4
9023,2962,3,1,95,6
9024,2962,19,2,89,6
9025,2963,14,1,780,6
9026,2963,51,1,230,6
9027,2964,13,1,220,4
9028,2964,24,2,190,4
9029,2965,30,1,173,3
9030,2965,2,1,210,3
9031,2966,55,1,326,6
9032,2966,16,1,240,6
9033,2967,17,1,145,1
9034,2967,15,1,195,1
9035,2968,26,1,216,2
9036,2968,40,1,249,2
9037,2969,20,2,115,3
9038,2969,29,1,147,3
9039,2970,47,1,278,3
9040,2970,51,1,230,3
9041,2971,60,1,287,3
9042,2971,11,1,140,3
9043,2972,27,1,281,5
9044,2972,51,2,230,5
9045,2973,2,1,210,5
9046,2973,54,1,201,5
9047,2974,46,1,147,1
9048,2974,5,1,340,1
9049,2975,6,1,275,4
9050,2975,45,1,122,4
9051,2976,17,2,145,6
9052,2976,37,2,219,6
9053,2977,26,1,216,4
9054,2977,5,1,340,4
9055,2978,6,1,275,1
9056,2978,24,1,190,1
9057,2979,13,1,220,6
9058,2979,19,1,89,6
9059,2980,33,1,221,4
9060,2980,2,1,210,4
9061,2981,59,1,74,1
9062,2981,43,1,140,1
9063,2982,35,1,348,1
9064,2982,57,2,274,1
9065,2983,29,2,147,5
9066,2983,25,1,106,5
9067,2984,59,1,74,5
9068,2984,35,2,348,5
9069,2985,45,1,122,3
9070,2985,23,1,145,3
9071,2986,46,1,147,4
9072,2986,24,1,190,4
9073,2987,32,1,219,3
9074,2987,60,1,287,3
9075,2988,30,1,173,3
9076,2988,6,1,275,3
9077,2989,33,1,221,3
9078,2989,19,1,89,3
9079,2990,24,1,190,4
9080,2990,5,1,340,4
9081,2991,18,1,310,1
9082,2991,17,1,145,1
9083,2992,26,1,216,1
9084,2992,12,1,260,1
9085,2993,8,1,680,4
9086,2993,4,1,160,4
9087,2994,3,1,95,1
9088,2994,53,1,210,1
9089,2995,11,1,140,1
9090,2995,6,1,275,1
9091,2996,28,1,178,5
9092,2996,3,1,95,5
9093,2997,17,1,145,3
9094,2997,28,2,178,3
9095,2998,36,1,378,4
9096,2998,16,1,240,4
9097,2999,13,1,220,1
9098,2999,43,1,140,1
9099,3000,48,1,196,6
9100,3000,10,1,180,6
