customer_id,email,first_name,last_name,city,state_province,postal_code,country,latitude,longitude,customer_tier,lifetime_value,created_at
1,resident.00001@example.gov,Ava,Martinez,Denver,Colorado,80202,US,39.6912,-104.9423,new,450,2026-02-17T12:00:00Z
2,resident.00002@example.gov,James,Martinez,Colorado Springs,Colorado,80903,US,38.7919,-104.7794,standard,487,2026-02-18T12:00:00Z
3,resident.00003@example.gov,Mia,Martinez,Aurora,Colorado,80012,US,39.6934,-104.7959,preferred,524,2026-02-19T12:00:00Z
4,resident.00004@example.gov,Noah,Martinez,Fort Collins,Colorado,80521,US,40.5553,-105.0544,vip,561,2026-02-20T12:00:00Z
5,resident.00005@example.gov,Sophia,Martinez,Lakewood,Colorado,80226,US,39.6807,-105.0574,new,598,2026-02-21T12:00:00Z
6,resident.00006@example.gov,Liam,Martinez,Thornton,Colorado,80229,US,39.85,-104.9539,standard,635,2026-02-22T12:00:00Z
7,resident.00007@example.gov,Isabella,Martinez,Pueblo,Colorado,81003,US,38.2424,-104.5971,preferred,672,2026-02-23T12:00:00Z
8,resident.00008@example.gov,Mateo,Martinez,Boulder,Colorado,80302,US,40.009,-105.2645,vip,709,2026-02-24T12:00:00Z
9,resident.00009@example.gov,Amelia,Martinez,Greeley,Colorado,80631,US,40.4233,-104.7091,new,746,2026-02-25T12:00:00Z
10,resident.00010@example.gov,Ethan,Martinez,Castle Rock,Colorado,80104,US,39.3782,-104.8621,standard,783,2026-02-26T12:00:00Z
11,resident.00011@example.gov,Ava,Chen,Grand Junction,Colorado,81501,US,39.0759,-108.5626,preferred,820,2026-02-27T12:00:00Z
12,resident.00012@example.gov,James,Chen,Broomfield,Colorado,80020,US,39.9385,-105.1047,vip,857,2026-02-28T12:00:00Z
13,resident.00013@example.gov,Mia,Chen,Durango,Colorado,81301,US,37.2993,-107.9041,new,894,2026-03-01T12:00:00Z
14,resident.00014@example.gov,Noah,Chen,Montrose,Colorado,81401,US,38.5083,-107.9062,standard,931,2026-03-02T12:00:00Z
15,resident.00015@example.gov,Sophia,Chen,Steamboat Springs,Colorado,80487,US,40.521,-106.8677,preferred,968,2026-03-03T12:00:00Z
16,resident.00016@example.gov,Liam,Chen,Alamosa,Colorado,81101,US,37.5115,-105.912,vip,1005,2026-03-04T12:00:00Z
17,resident.00017@example.gov,Isabella,Chen,Glenwood Springs,Colorado,81601,US,39.5985,-107.3728,new,1042,2026-03-05T12:00:00Z
18,resident.00018@example.gov,Mateo,Chen,Idaho Springs,Colorado,80452,US,39.6945,-105.4656,standard,1079,2026-03-06T12:00:00Z
19,resident.00019@example.gov,Amelia,Chen,Cañon City,Colorado,81212,US,38.4074,-105.1833,preferred,1116,2026-03-07T12:00:00Z
20,resident.00020@example.gov,Ethan,Chen,Salida,Colorado,81201,US,38.4987,-105.9629,vip,1153,2026-03-08T12:00:00Z
21,resident.00021@example.gov,Ava,Johnson,Gunnison,Colorado,81230,US,38.5158,-106.8953,new,1190,2026-03-09T12:00:00Z
22,resident.00022@example.gov,James,Johnson,Leadville,Colorado,80461,US,39.2268,-106.2685,standard,1227,2026-03-10T12:00:00Z
23,resident.00023@example.gov,Mia,Johnson,Walsenburg,Colorado,81089,US,37.6062,-104.7623,preferred,1264,2026-03-11T12:00:00Z
24,resident.00024@example.gov,Noah,Johnson,Trinidad,Colorado,81082,US,37.1575,-104.4885,vip,1301,2026-03-12T12:00:00Z
25,resident.00025@example.gov,Sophia,Johnson,Sterling,Colorado,80751,US,40.6195,-103.2017,new,1338,2026-03-13T12:00:00Z
26,resident.00026@example.gov,Liam,Johnson,Fort Morgan,Colorado,80701,US,40.2503,-103.7999,standard,1375,2026-03-14T12:00:00Z
27,resident.00027@example.gov,Isabella,Johnson,Yuma,Colorado,80759,US,40.1282,-102.7312,preferred,1412,2026-03-15T12:00:00Z
28,resident.00028@example.gov,Mateo,Johnson,Burlington,Colorado,80807,US,39.3181,-102.2814,vip,1449,2026-03-16T12:00:00Z
29,resident.00029@example.gov,Amelia,Johnson,Craig,Colorado,81625,US,40.5333,-107.5644,new,1486,2026-03-17T12:00:00Z
30,resident.00030@example.gov,Ethan,Johnson,Telluride,Colorado,81435,US,37.9615,-107.8363,standard,1523,2026-03-18T12:00:00Z
31,resident.00031@example.gov,Ava,Patel,Cortez,Colorado,81321,US,37.3789,-108.6159,preferred,1560,2026-03-19T12:00:00Z
32,resident.00032@example.gov,James,Patel,Denver,Colorado,80202,US,39.7752,-105.0263,vip,1597,2026-03-20T12:00:00Z
33,resident.00033@example.gov,Mia,Patel,Colorado Springs,Colorado,80903,US,38.8759,-104.8634,new,1634,2026-03-21T12:00:00Z
34,resident.00034@example.gov,Noah,Patel,Aurora,Colorado,80012,US,39.7774,-104.8799,standard,1671,2026-03-22T12:00:00Z
35,resident.00035@example.gov,Sophia,Patel,Fort Collins,Colorado,80521,US,40.5373,-105.0364,preferred,1708,2026-03-23T12:00:00Z
36,resident.00036@example.gov,Liam,Patel,Lakewood,Colorado,80226,US,39.6627,-105.0394,vip,1745,2026-03-24T12:00:00Z
37,resident.00037@example.gov,Isabella,Patel,Thornton,Colorado,80229,US,39.832,-104.9359,new,1782,2026-03-25T12:00:00Z
38,resident.00038@example.gov,Mateo,Patel,Pueblo,Colorado,81003,US,38.2244,-104.5791,standard,1819,2026-03-26T12:00:00Z
39,resident.00039@example.gov,Amelia,Patel,Boulder,Colorado,80302,US,39.991,-105.2465,preferred,1856,2026-03-27T12:00:00Z
40,resident.00040@example.gov,Ethan,Patel,Greeley,Colorado,80631,US,40.4053,-104.6911,vip,1893,2026-03-28T12:00:00Z
41,resident.00041@example.gov,Ava,Garcia,Castle Rock,Colorado,80104,US,39.3602,-104.8441,new,1930,2026-03-29T12:00:00Z
42,resident.00042@example.gov,James,Garcia,Grand Junction,Colorado,81501,US,39.0579,-108.5446,standard,1967,2026-03-30T12:00:00Z
43,resident.00043@example.gov,Mia,Garcia,Broomfield,Colorado,80020,US,39.9205,-105.0867,preferred,2004,2026-03-31T12:00:00Z
44,resident.00044@example.gov,Noah,Garcia,Durango,Colorado,81301,US,37.2813,-107.8861,vip,2041,2026-04-01T12:00:00Z
45,resident.00045@example.gov,Sophia,Garcia,Montrose,Colorado,81401,US,38.4903,-107.8882,new,2078,2026-04-02T12:00:00Z
46,resident.00046@example.gov,Liam,Garcia,Steamboat Springs,Colorado,80487,US,40.503,-106.8497,standard,2115,2026-04-03T12:00:00Z
47,resident.00047@example.gov,Isabella,Garcia,Alamosa,Colorado,81101,US,37.4935,-105.894,preferred,2152,2026-04-04T12:00:00Z
48,resident.00048@example.gov,Mateo,Garcia,Glenwood Springs,Colorado,81601,US,39.5805,-107.3548,vip,2189,2026-04-05T12:00:00Z
49,resident.00049@example.gov,Amelia,Garcia,Idaho Springs,Colorado,80452,US,39.7785,-105.5496,new,2226,2026-04-06T12:00:00Z
50,resident.00050@example.gov,Ethan,Garcia,Cañon City,Colorado,81212,US,38.4914,-105.2673,standard,2263,2026-04-07T12:00:00Z
51,resident.00051@example.gov,Ava,Brown,Salida,Colorado,81201,US,38.5827,-106.0469,preferred,2300,2026-04-08T12:00:00Z
52,resident.00052@example.gov,James,Brown,Gunnison,Colorado,81230,US,38.4978,-106.8773,vip,2337,2026-04-09T12:00:00Z
53,resident.00053@example.gov,Mia,Brown,Leadville,Colorado,80461,US,39.2088,-106.2505,new,2374,2026-04-10T12:00:00Z
54,resident.00054@example.gov,Noah,Brown,Walsenburg,Colorado,81089,US,37.5882,-104.7443,standard,2411,2026-04-11T12:00:00Z
55,resident.00055@example.gov,Sophia,Brown,Trinidad,Colorado,81082,US,37.1395,-104.4705,preferred,2448,2026-04-12T12:00:00Z
56,resident.00056@example.gov,Liam,Brown,Sterling,Colorado,80751,US,40.6015,-103.1837,vip,2485,2026-04-13T12:00:00Z
57,resident.00057@example.gov,Isabella,Brown,Fort Morgan,Colorado,80701,US,40.2323,-103.7819,new,2522,2026-04-14T12:00:00Z
58,resident.00058@example.gov,Mateo,Brown,Yuma,Colorado,80759,US,40.1102,-102.7132,standard,2559,2026-04-15T12:00:00Z
59,resident.00059@example.gov,Amelia,Brown,Burlington,Colorado,80807,US,39.3001,-102.2634,preferred,2596,2026-04-16T12:00:00Z
60,resident.00060@example.gov,Ethan,Brown,Craig,Colorado,81625,US,40.5153,-107.5464,vip,2633,2026-04-17T12:00:00Z
61,resident.00061@example.gov,Ava,Nguyen,Telluride,Colorado,81435,US,37.9435,-107.8183,new,2670,2026-04-18T12:00:00Z
62,resident.00062@example.gov,James,Nguyen,Cortez,Colorado,81321,US,37.3609,-108.5979,standard,2707,2026-04-19T12:00:00Z
63,resident.00063@example.gov,Mia,Nguyen,Denver,Colorado,80202,US,39.7572,-105.0083,preferred,2744,2026-04-20T12:00:00Z
64,resident.00064@example.gov,Noah,Nguyen,Colorado Springs,Colorado,80903,US,38.8579,-104.8454,vip,2781,2026-04-21T12:00:00Z
65,resident.00065@example.gov,Sophia,Nguyen,Aurora,Colorado,80012,US,39.7594,-104.8619,new,2818,2026-04-22T12:00:00Z
66,resident.00066@example.gov,Liam,Nguyen,Fort Collins,Colorado,80521,US,40.6213,-105.1204,standard,2855,2026-04-23T12:00:00Z
67,resident.00067@example.gov,Isabella,Nguyen,Lakewood,Colorado,80226,US,39.7467,-105.1234,preferred,2892,2026-04-24T12:00:00Z
68,resident.00068@example.gov,Mateo,Nguyen,Thornton,Colorado,80229,US,39.916,-105.0199,vip,2929,2026-04-25T12:00:00Z
69,resident.00069@example.gov,Amelia,Nguyen,Pueblo,Colorado,81003,US,38.2064,-104.5611,new,2966,2026-04-26T12:00:00Z
70,resident.00070@example.gov,Ethan,Nguyen,Boulder,Colorado,80302,US,39.973,-105.2285,standard,3003,2026-04-27T12:00:00Z
71,resident.00071@example.gov,Ava,Williams,Greeley,Colorado,80631,US,40.3873,-104.6731,preferred,3040,2026-04-28T12:00:00Z
72,resident.00072@example.gov,James,Williams,Castle Rock,Colorado,80104,US,39.3422,-104.8261,vip,3077,2026-04-29T12:00:00Z
73,resident.00073@example.gov,Mia,Williams,Grand Junction,Colorado,81501,US,39.0399,-108.5266,new,3114,2026-04-30T12:00:00Z
74,resident.00074@example.gov,Noah,Williams,Broomfield,Colorado,80020,US,39.9025,-105.0687,standard,3151,2026-05-01T12:00:00Z
75,resident.00075@example.gov,Sophia,Williams,Durango,Colorado,81301,US,37.2633,-107.8681,preferred,3188,2026-05-02T12:00:00Z
76,resident.00076@example.gov,Liam,Williams,Montrose,Colorado,81401,US,38.4723,-107.8702,vip,3225,2026-05-03T12:00:00Z
77,resident.00077@example.gov,Isabella,Williams,Steamboat Springs,Colorado,80487,US,40.485,-106.8317,new,3262,2026-05-04T12:00:00Z
78,resident.00078@example.gov,Mateo,Williams,Alamosa,Colorado,81101,US,37.4755,-105.876,standard,3299,2026-05-05T12:00:00Z
79,resident.00079@example.gov,Amelia,Williams,Glenwood Springs,Colorado,81601,US,39.5625,-107.3368,preferred,3336,2026-05-06T12:00:00Z
80,resident.00080@example.gov,Ethan,Williams,Idaho Springs,Colorado,80452,US,39.7605,-105.5316,vip,3373,2026-05-07T12:00:00Z
81,resident.00081@example.gov,Ava,Davis,Cañon City,Colorado,81212,US,38.4734,-105.2493,new,3410,2026-05-08T12:00:00Z
82,resident.00082@example.gov,James,Davis,Salida,Colorado,81201,US,38.5647,-106.0289,standard,3447,2026-05-09T12:00:00Z
83,resident.00083@example.gov,Mia,Davis,Gunnison,Colorado,81230,US,38.5818,-106.9613,preferred,3484,2026-05-10T12:00:00Z
84,resident.00084@example.gov,Noah,Davis,Leadville,Colorado,80461,US,39.2928,-106.3345,vip,3521,2026-05-11T12:00:00Z
85,resident.00085@example.gov,Sophia,Davis,Walsenburg,Colorado,81089,US,37.6722,-104.8283,new,3558,2026-05-12T12:00:00Z
86,resident.00086@example.gov,Liam,Davis,Trinidad,Colorado,81082,US,37.1215,-104.4525,standard,3595,2026-05-13T12:00:00Z
87,resident.00087@example.gov,Isabella,Davis,Sterling,Colorado,80751,US,40.5835,-103.1657,preferred,3632,2026-05-14T12:00:00Z
88,resident.00088@example.gov,Mateo,Davis,Fort Morgan,Colorado,80701,US,40.2143,-103.7639,vip,3669,2026-05-15T12:00:00Z
89,resident.00089@example.gov,Amelia,Davis,Yuma,Colorado,80759,US,40.0922,-102.6952,new,3706,2026-05-16T12:00:00Z
90,resident.00090@example.gov,Ethan,Davis,Burlington,Colorado,80807,US,39.2821,-102.2454,standard,3743,2026-05-17T12:00:00Z
91,resident.00091@example.gov,Ava,Lopez,Craig,Colorado,81625,US,40.4973,-107.5284,preferred,3780,2026-02-17T12:00:00Z
92,resident.00092@example.gov,James,Lopez,Telluride,Colorado,81435,US,37.9255,-107.8003,vip,3817,2026-02-18T12:00:00Z
93,resident.00093@example.gov,Mia,Lopez,Cortez,Colorado,81321,US,37.3429,-108.5799,new,3854,2026-02-19T12:00:00Z
94,resident.00094@example.gov,Noah,Lopez,Denver,Colorado,80202,US,39.7392,-104.9903,standard,3891,2026-02-20T12:00:00Z
95,resident.00095@example.gov,Sophia,Lopez,Colorado Springs,Colorado,80903,US,38.8399,-104.8274,preferred,3928,2026-02-21T12:00:00Z
96,resident.00096@example.gov,Liam,Lopez,Aurora,Colorado,80012,US,39.7414,-104.8439,vip,3965,2026-02-22T12:00:00Z
97,resident.00097@example.gov,Isabella,Lopez,Fort Collins,Colorado,80521,US,40.6033,-105.1024,new,4002,2026-02-23T12:00:00Z
98,resident.00098@example.gov,Mateo,Lopez,Lakewood,Colorado,80226,US,39.7287,-105.1054,standard,4039,2026-02-24T12:00:00Z
99,resident.00099@example.gov,Amelia,Lopez,Thornton,Colorado,80229,US,39.898,-105.0019,preferred,4076,2026-02-25T12:00:00Z
100,resident.00100@example.gov,Ethan,Lopez,Pueblo,Colorado,81003,US,38.2904,-104.6451,vip,4113,2026-02-26T12:00:00Z
101,resident.00101@example.gov,Ava,Martinez,Boulder,Colorado,80302,US,40.057,-105.3125,new,4150,2026-02-27T12:00:00Z
102,resident.00102@example.gov,James,Martinez,Greeley,Colorado,80631,US,40.4713,-104.7571,standard,4187,2026-02-28T12:00:00Z
103,resident.00103@example.gov,Mia,Martinez,Castle Rock,Colorado,80104,US,39.3242,-104.8081,preferred,4224,2026-03-01T12:00:00Z
104,resident.00104@example.gov,Noah,Martinez,Grand Junction,Colorado,81501,US,39.0219,-108.5086,vip,4261,2026-03-02T12:00:00Z
105,resident.00105@example.gov,Sophia,Martinez,Broomfield,Colorado,80020,US,39.8845,-105.0507,new,4298,2026-03-03T12:00:00Z
106,resident.00106@example.gov,Liam,Martinez,Durango,Colorado,81301,US,37.2453,-107.8501,standard,4335,2026-03-04T12:00:00Z
107,resident.00107@example.gov,Isabella,Martinez,Montrose,Colorado,81401,US,38.4543,-107.8522,preferred,4372,2026-03-05T12:00:00Z
108,resident.00108@example.gov,Mateo,Martinez,Steamboat Springs,Colorado,80487,US,40.467,-106.8137,vip,4409,2026-03-06T12:00:00Z
109,resident.00109@example.gov,Amelia,Martinez,Alamosa,Colorado,81101,US,37.4575,-105.858,new,4446,2026-03-07T12:00:00Z
110,resident.00110@example.gov,Ethan,Martinez,Glenwood Springs,Colorado,81601,US,39.5445,-107.3188,standard,4483,2026-03-08T12:00:00Z
111,resident.00111@example.gov,Ava,Chen,Idaho Springs,Colorado,80452,US,39.7425,-105.5136,preferred,4520,2026-03-09T12:00:00Z
112,resident.00112@example.gov,James,Chen,Cañon City,Colorado,81212,US,38.4554,-105.2313,vip,4557,2026-03-10T12:00:00Z
113,resident.00113@example.gov,Mia,Chen,Salida,Colorado,81201,US,38.5467,-106.0109,new,4594,2026-03-11T12:00:00Z
114,resident.00114@example.gov,Noah,Chen,Gunnison,Colorado,81230,US,38.5638,-106.9433,standard,4631,2026-03-12T12:00:00Z
115,resident.00115@example.gov,Sophia,Chen,Leadville,Colorado,80461,US,39.2748,-106.3165,preferred,4668,2026-03-13T12:00:00Z
116,resident.00116@example.gov,Liam,Chen,Walsenburg,Colorado,81089,US,37.6542,-104.8103,vip,4705,2026-03-14T12:00:00Z
117,resident.00117@example.gov,Isabella,Chen,Trinidad,Colorado,81082,US,37.2055,-104.5365,new,4742,2026-03-15T12:00:00Z
118,resident.00118@example.gov,Mateo,Chen,Sterling,Colorado,80751,US,40.6675,-103.2497,standard,4779,2026-03-16T12:00:00Z
119,resident.00119@example.gov,Amelia,Chen,Fort Morgan,Colorado,80701,US,40.2983,-103.8479,preferred,4816,2026-03-17T12:00:00Z
120,resident.00120@example.gov,Ethan,Chen,Yuma,Colorado,80759,US,40.0742,-102.6772,vip,4853,2026-03-18T12:00:00Z
121,resident.00121@example.gov,Ava,Johnson,Burlington,Colorado,80807,US,39.2641,-102.2274,new,4890,2026-03-19T12:00:00Z
122,resident.00122@example.gov,James,Johnson,Craig,Colorado,81625,US,40.4793,-107.5104,standard,4927,2026-03-20T12:00:00Z
123,resident.00123@example.gov,Mia,Johnson,Telluride,Colorado,81435,US,37.9075,-107.7823,preferred,4964,2026-03-21T12:00:00Z
124,resident.00124@example.gov,Noah,Johnson,Cortez,Colorado,81321,US,37.3249,-108.5619,vip,5001,2026-03-22T12:00:00Z
125,resident.00125@example.gov,Sophia,Johnson,Denver,Colorado,80202,US,39.7212,-104.9723,new,5038,2026-03-23T12:00:00Z
126,resident.00126@example.gov,Liam,Johnson,Colorado Springs,Colorado,80903,US,38.8219,-104.8094,standard,5075,2026-03-24T12:00:00Z
127,resident.00127@example.gov,Isabella,Johnson,Aurora,Colorado,80012,US,39.7234,-104.8259,preferred,5112,2026-03-25T12:00:00Z
128,resident.00128@example.gov,Mateo,Johnson,Fort Collins,Colorado,80521,US,40.5853,-105.0844,vip,5149,2026-03-26T12:00:00Z
129,resident.00129@example.gov,Amelia,Johnson,Lakewood,Colorado,80226,US,39.7107,-105.0874,new,5186,2026-03-27T12:00:00Z
130,resident.00130@example.gov,Ethan,Johnson,Thornton,Colorado,80229,US,39.88,-104.9839,standard,5223,2026-03-28T12:00:00Z
131,resident.00131@example.gov,Ava,Patel,Pueblo,Colorado,81003,US,38.2724,-104.6271,preferred,5260,2026-03-29T12:00:00Z
132,resident.00132@example.gov,James,Patel,Boulder,Colorado,80302,US,40.039,-105.2945,vip,5297,2026-03-30T12:00:00Z
133,resident.00133@example.gov,Mia,Patel,Greeley,Colorado,80631,US,40.4533,-104.7391,new,5334,2026-03-31T12:00:00Z
134,resident.00134@example.gov,Noah,Patel,Castle Rock,Colorado,80104,US,39.4082,-104.8921,standard,5371,2026-04-01T12:00:00Z
135,resident.00135@example.gov,Sophia,Patel,Grand Junction,Colorado,81501,US,39.1059,-108.5926,preferred,5408,2026-04-02T12:00:00Z
136,resident.00136@example.gov,Liam,Patel,Broomfield,Colorado,80020,US,39.9685,-105.1347,vip,5445,2026-04-03T12:00:00Z
137,resident.00137@example.gov,Isabella,Patel,Durango,Colorado,81301,US,37.2273,-107.8321,new,5482,2026-04-04T12:00:00Z
138,resident.00138@example.gov,Mateo,Patel,Montrose,Colorado,81401,US,38.4363,-107.8342,standard,5519,2026-04-05T12:00:00Z
139,resident.00139@example.gov,Amelia,Patel,Steamboat Springs,Colorado,80487,US,40.449,-106.7957,preferred,5556,2026-04-06T12:00:00Z
140,resident.00140@example.gov,Ethan,Patel,Alamosa,Colorado,81101,US,37.4395,-105.84,vip,5593,2026-04-07T12:00:00Z
141,resident.00141@example.gov,Ava,Garcia,Glenwood Springs,Colorado,81601,US,39.5265,-107.3008,new,5630,2026-04-08T12:00:00Z
142,resident.00142@example.gov,James,Garcia,Idaho Springs,Colorado,80452,US,39.7245,-105.4956,standard,5667,2026-04-09T12:00:00Z
143,resident.00143@example.gov,Mia,Garcia,Cañon City,Colorado,81212,US,38.4374,-105.2133,preferred,5704,2026-04-10T12:00:00Z
144,resident.00144@example.gov,Noah,Garcia,Salida,Colorado,81201,US,38.5287,-105.9929,vip,5741,2026-04-11T12:00:00Z
145,resident.00145@example.gov,Sophia,Garcia,Gunnison,Colorado,81230,US,38.5458,-106.9253,new,5778,2026-04-12T12:00:00Z
146,resident.00146@example.gov,Liam,Garcia,Leadville,Colorado,80461,US,39.2568,-106.2985,standard,5815,2026-04-13T12:00:00Z
147,resident.00147@example.gov,Isabella,Garcia,Walsenburg,Colorado,81089,US,37.6362,-104.7923,preferred,5852,2026-04-14T12:00:00Z
148,resident.00148@example.gov,Mateo,Garcia,Trinidad,Colorado,81082,US,37.1875,-104.5185,vip,5889,2026-04-15T12:00:00Z
149,resident.00149@example.gov,Amelia,Garcia,Sterling,Colorado,80751,US,40.6495,-103.2317,new,5926,2026-04-16T12:00:00Z
150,resident.00150@example.gov,Ethan,Garcia,Fort Morgan,Colorado,80701,US,40.2803,-103.8299,standard,5963,2026-04-17T12:00:00Z
151,resident.00151@example.gov,Ava,Brown,Yuma,Colorado,80759,US,40.1582,-102.7612,preferred,6000,2026-04-18T12:00:00Z
152,resident.00152@example.gov,James,Brown,Burlington,Colorado,80807,US,39.3481,-102.3114,vip,6037,2026-04-19T12:00:00Z
153,resident.00153@example.gov,Mia,Brown,Craig,Colorado,81625,US,40.5633,-107.5944,new,6074,2026-04-20T12:00:00Z
154,resident.00154@example.gov,Noah,Brown,Telluride,Colorado,81435,US,37.8895,-107.7643,standard,6111,2026-04-21T12:00:00Z
155,resident.00155@example.gov,Sophia,Brown,Cortez,Colorado,81321,US,37.3069,-108.5439,preferred,6148,2026-04-22T12:00:00Z
156,resident.00156@example.gov,Liam,Brown,Denver,Colorado,80202,US,39.7032,-104.9543,vip,6185,2026-04-23T12:00:00Z
157,resident.00157@example.gov,Isabella,Brown,Colorado Springs,Colorado,80903,US,38.8039,-104.7914,new,6222,2026-04-24T12:00:00Z
158,resident.00158@example.gov,Mateo,Brown,Aurora,Colorado,80012,US,39.7054,-104.8079,standard,6259,2026-04-25T12:00:00Z
159,resident.00159@example.gov,Amelia,Brown,Fort Collins,Colorado,80521,US,40.5673,-105.0664,preferred,6296,2026-04-26T12:00:00Z
160,resident.00160@example.gov,Ethan,Brown,Lakewood,Colorado,80226,US,39.6927,-105.0694,vip,6333,2026-04-27T12:00:00Z
161,resident.00161@example.gov,Ava,Nguyen,Thornton,Colorado,80229,US,39.862,-104.9659,new,6370,2026-04-28T12:00:00Z
162,resident.00162@example.gov,James,Nguyen,Pueblo,Colorado,81003,US,38.2544,-104.6091,standard,6407,2026-04-29T12:00:00Z
163,resident.00163@example.gov,Mia,Nguyen,Boulder,Colorado,80302,US,40.021,-105.2765,preferred,6444,2026-04-30T12:00:00Z
164,resident.00164@example.gov,Noah,Nguyen,Greeley,Colorado,80631,US,40.4353,-104.7211,vip,6481,2026-05-01T12:00:00Z
165,resident.00165@example.gov,Sophia,Nguyen,Castle Rock,Colorado,80104,US,39.3902,-104.8741,new,6518,2026-05-02T12:00:00Z
166,resident.00166@example.gov,Liam,Nguyen,Grand Junction,Colorado,81501,US,39.0879,-108.5746,standard,6555,2026-05-03T12:00:00Z
167,resident.00167@example.gov,Isabella,Nguyen,Broomfield,Colorado,80020,US,39.9505,-105.1167,preferred,6592,2026-05-04T12:00:00Z
168,resident.00168@example.gov,Mateo,Nguyen,Durango,Colorado,81301,US,37.3113,-107.9161,vip,6629,2026-05-05T12:00:00Z
169,resident.00169@example.gov,Amelia,Nguyen,Montrose,Colorado,81401,US,38.5203,-107.9182,new,6666,2026-05-06T12:00:00Z
170,resident.00170@example.gov,Ethan,Nguyen,Steamboat Springs,Colorado,80487,US,40.533,-106.8797,standard,6703,2026-05-07T12:00:00Z
171,resident.00171@example.gov,Ava,Williams,Alamosa,Colorado,81101,US,37.4215,-105.822,preferred,6740,2026-05-08T12:00:00Z
172,resident.00172@example.gov,James,Williams,Glenwood Springs,Colorado,81601,US,39.5085,-107.2828,vip,6777,2026-05-09T12:00:00Z
173,resident.00173@example.gov,Mia,Williams,Idaho Springs,Colorado,80452,US,39.7065,-105.4776,new,6814,2026-05-10T12:00:00Z
174,resident.00174@example.gov,Noah,Williams,Cañon City,Colorado,81212,US,38.4194,-105.1953,standard,6851,2026-05-11T12:00:00Z
175,resident.00175@example.gov,Sophia,Williams,Salida,Colorado,81201,US,38.5107,-105.9749,preferred,6888,2026-05-12T12:00:00Z
176,resident.00176@example.gov,Liam,Williams,Gunnison,Colorado,81230,US,38.5278,-106.9073,vip,6925,2026-05-13T12:00:00Z
177,resident.00177@example.gov,Isabella,Williams,Leadville,Colorado,80461,US,39.2388,-106.2805,new,6962,2026-05-14T12:00:00Z
178,resident.00178@example.gov,Mateo,Williams,Walsenburg,Colorado,81089,US,37.6182,-104.7743,standard,6999,2026-05-15T12:00:00Z
179,resident.00179@example.gov,Amelia,Williams,Trinidad,Colorado,81082,US,37.1695,-104.5005,preferred,7036,2026-05-16T12:00:00Z
180,resident.00180@example.gov,Ethan,Williams,Sterling,Colorado,80751,US,40.6315,-103.2137,vip,7073,2026-05-17T12:00:00Z
181,resident.00181@example.gov,Ava,Davis,Fort Morgan,Colorado,80701,US,40.2623,-103.8119,new,7110,2026-02-17T12:00:00Z
182,resident.00182@example.gov,James,Davis,Yuma,Colorado,80759,US,40.1402,-102.7432,standard,7147,2026-02-18T12:00:00Z
183,resident.00183@example.gov,Mia,Davis,Burlington,Colorado,80807,US,39.3301,-102.2934,preferred,7184,2026-02-19T12:00:00Z
184,resident.00184@example.gov,Noah,Davis,Craig,Colorado,81625,US,40.5453,-107.5764,vip,7221,2026-02-20T12:00:00Z
185,resident.00185@example.gov,Sophia,Davis,Telluride,Colorado,81435,US,37.9735,-107.8483,new,7258,2026-02-21T12:00:00Z
186,resident.00186@example.gov,Liam,Davis,Cortez,Colorado,81321,US,37.3909,-108.6279,standard,7295,2026-02-22T12:00:00Z
187,resident.00187@example.gov,Isabella,Davis,Denver,Colorado,80202,US,39.7872,-105.0383,preferred,7332,2026-02-23T12:00:00Z
188,resident.00188@example.gov,Mateo,Davis,Colorado Springs,Colorado,80903,US,38.7859,-104.7734,vip,7369,2026-02-24T12:00:00Z
189,resident.00189@example.gov,Amelia,Davis,Aurora,Colorado,80012,US,39.6874,-104.7899,new,7406,2026-02-25T12:00:00Z
190,resident.00190@example.gov,Ethan,Davis,Fort Collins,Colorado,80521,US,40.5493,-105.0484,standard,7443,2026-02-26T12:00:00Z
191,resident.00191@example.gov,Ava,Lopez,Lakewood,Colorado,80226,US,39.6747,-105.0514,preferred,7480,2026-02-27T12:00:00Z
192,resident.00192@example.gov,James,Lopez,Thornton,Colorado,80229,US,39.844,-104.9479,vip,7517,2026-02-28T12:00:00Z
193,resident.00193@example.gov,Mia,Lopez,Pueblo,Colorado,81003,US,38.2364,-104.5911,new,7554,2026-03-01T12:00:00Z
194,resident.00194@example.gov,Noah,Lopez,Boulder,Colorado,80302,US,40.003,-105.2585,standard,7591,2026-03-02T12:00:00Z
195,resident.00195@example.gov,Sophia,Lopez,Greeley,Colorado,80631,US,40.4173,-104.7031,preferred,7628,2026-03-03T12:00:00Z
196,resident.00196@example.gov,Liam,Lopez,Castle Rock,Colorado,80104,US,39.3722,-104.8561,vip,7665,2026-03-04T12:00:00Z
197,resident.00197@example.gov,Isabella,Lopez,Grand Junction,Colorado,81501,US,39.0699,-108.5566,new,7702,2026-03-05T12:00:00Z
198,resident.00198@example.gov,Mateo,Lopez,Broomfield,Colorado,80020,US,39.9325,-105.0987,standard,7739,2026-03-06T12:00:00Z
199,resident.00199@example.gov,Amelia,Lopez,Durango,Colorado,81301,US,37.2933,-107.8981,preferred,7776,2026-03-07T12:00:00Z
200,resident.00200@example.gov,Ethan,Lopez,Montrose,Colorado,81401,US,38.5023,-107.9002,vip,7813,2026-03-08T12:00:00Z
201,resident.00201@example.gov,Ava,Martinez,Steamboat Springs,Colorado,80487,US,40.515,-106.8617,new,7850,2026-03-09T12:00:00Z
202,resident.00202@example.gov,James,Martinez,Alamosa,Colorado,81101,US,37.5055,-105.906,standard,7887,2026-03-10T12:00:00Z
203,resident.00203@example.gov,Mia,Martinez,Glenwood Springs,Colorado,81601,US,39.5925,-107.3668,preferred,7924,2026-03-11T12:00:00Z
204,resident.00204@example.gov,Noah,Martinez,Idaho Springs,Colorado,80452,US,39.7905,-105.5616,vip,7961,2026-03-12T12:00:00Z
205,resident.00205@example.gov,Sophia,Martinez,Cañon City,Colorado,81212,US,38.4014,-105.1773,new,7998,2026-03-13T12:00:00Z
206,resident.00206@example.gov,Liam,Martinez,Salida,Colorado,81201,US,38.4927,-105.9569,standard,8035,2026-03-14T12:00:00Z
207,resident.00207@example.gov,Isabella,Martinez,Gunnison,Colorado,81230,US,38.5098,-106.8893,preferred,8072,2026-03-15T12:00:00Z
208,resident.00208@example.gov,Mateo,Martinez,Leadville,Colorado,80461,US,39.2208,-106.2625,vip,8109,2026-03-16T12:00:00Z
209,resident.00209@example.gov,Amelia,Martinez,Walsenburg,Colorado,81089,US,37.6002,-104.7563,new,8146,2026-03-17T12:00:00Z
210,resident.00210@example.gov,Ethan,Martinez,Trinidad,Colorado,81082,US,37.1515,-104.4825,standard,8183,2026-03-18T12:00:00Z
211,resident.00211@example.gov,Ava,Chen,Sterling,Colorado,80751,US,40.6135,-103.1957,preferred,8220,2026-03-19T12:00:00Z
212,resident.00212@example.gov,James,Chen,Fort Morgan,Colorado,80701,US,40.2443,-103.7939,vip,457,2026-03-20T12:00:00Z
213,resident.00213@example.gov,Mia,Chen,Yuma,Colorado,80759,US,40.1222,-102.7252,new,494,2026-03-21T12:00:00Z
214,resident.00214@example.gov,Noah,Chen,Burlington,Colorado,80807,US,39.3121,-102.2754,standard,531,2026-03-22T12:00:00Z
215,resident.00215@example.gov,Sophia,Chen,Craig,Colorado,81625,US,40.5273,-107.5584,preferred,568,2026-03-23T12:00:00Z
216,resident.00216@example.gov,Liam,Chen,Telluride,Colorado,81435,US,37.9555,-107.8303,vip,605,2026-03-24T12:00:00Z
217,resident.00217@example.gov,Isabella,Chen,Cortez,Colorado,81321,US,37.3729,-108.6099,new,642,2026-03-25T12:00:00Z
218,resident.00218@example.gov,Mateo,Chen,Denver,Colorado,80202,US,39.7692,-105.0203,standard,679,2026-03-26T12:00:00Z
219,resident.00219@example.gov,Amelia,Chen,Colorado Springs,Colorado,80903,US,38.8699,-104.8574,preferred,716,2026-03-27T12:00:00Z
220,resident.00220@example.gov,Ethan,Chen,Aurora,Colorado,80012,US,39.7714,-104.8739,vip,753,2026-03-28T12:00:00Z
221,resident.00221@example.gov,Ava,Johnson,Fort Collins,Colorado,80521,US,40.6333,-105.1324,new,790,2026-03-29T12:00:00Z
222,resident.00222@example.gov,James,Johnson,Lakewood,Colorado,80226,US,39.6567,-105.0334,standard,827,2026-03-30T12:00:00Z
223,resident.00223@example.gov,Mia,Johnson,Thornton,Colorado,80229,US,39.826,-104.9299,preferred,864,2026-03-31T12:00:00Z
224,resident.00224@example.gov,Noah,Johnson,Pueblo,Colorado,81003,US,38.2184,-104.5731,vip,901,2026-04-01T12:00:00Z
225,resident.00225@example.gov,Sophia,Johnson,Boulder,Colorado,80302,US,39.985,-105.2405,new,938,2026-04-02T12:00:00Z
226,resident.00226@example.gov,Liam,Johnson,Greeley,Colorado,80631,US,40.3993,-104.6851,standard,975,2026-04-03T12:00:00Z
227,resident.00227@example.gov,Isabella,Johnson,Castle Rock,Colorado,80104,US,39.3542,-104.8381,preferred,1012,2026-04-04T12:00:00Z
228,resident.00228@example.gov,Mateo,Johnson,Grand Junction,Colorado,81501,US,39.0519,-108.5386,vip,1049,2026-04-05T12:00:00Z
229,resident.00229@example.gov,Amelia,Johnson,Broomfield,Colorado,80020,US,39.9145,-105.0807,new,1086,2026-04-06T12:00:00Z
230,resident.00230@example.gov,Ethan,Johnson,Durango,Colorado,81301,US,37.2753,-107.8801,standard,1123,2026-04-07T12:00:00Z
231,resident.00231@example.gov,Ava,Patel,Montrose,Colorado,81401,US,38.4843,-107.8822,preferred,1160,2026-04-08T12:00:00Z
232,resident.00232@example.gov,James,Patel,Steamboat Springs,Colorado,80487,US,40.497,-106.8437,vip,1197,2026-04-09T12:00:00Z
233,resident.00233@example.gov,Mia,Patel,Alamosa,Colorado,81101,US,37.4875,-105.888,new,1234,2026-04-10T12:00:00Z
234,resident.00234@example.gov,Noah,Patel,Glenwood Springs,Colorado,81601,US,39.5745,-107.3488,standard,1271,2026-04-11T12:00:00Z
235,resident.00235@example.gov,Sophia,Patel,Idaho Springs,Colorado,80452,US,39.7725,-105.5436,preferred,1308,2026-04-12T12:00:00Z
236,resident.00236@example.gov,Liam,Patel,Cañon City,Colorado,81212,US,38.4854,-105.2613,vip,1345,2026-04-13T12:00:00Z
237,resident.00237@example.gov,Isabella,Patel,Salida,Colorado,81201,US,38.5767,-106.0409,new,1382,2026-04-14T12:00:00Z
238,resident.00238@example.gov,Mateo,Patel,Gunnison,Colorado,81230,US,38.5938,-106.9733,standard,1419,2026-04-15T12:00:00Z
239,resident.00239@example.gov,Amelia,Patel,Leadville,Colorado,80461,US,39.2028,-106.2445,preferred,1456,2026-04-16T12:00:00Z
240,resident.00240@example.gov,Ethan,Patel,Walsenburg,Colorado,81089,US,37.5822,-104.7383,vip,1493,2026-04-17T12:00:00Z
241,resident.00241@example.gov,Ava,Garcia,Trinidad,Colorado,81082,US,37.1335,-104.4645,new,1530,2026-04-18T12:00:00Z
242,resident.00242@example.gov,James,Garcia,Sterling,Colorado,80751,US,40.5955,-103.1777,standard,1567,2026-04-19T12:00:00Z
243,resident.00243@example.gov,Mia,Garcia,Fort Morgan,Colorado,80701,US,40.2263,-103.7759,preferred,1604,2026-04-20T12:00:00Z
244,resident.00244@example.gov,Noah,Garcia,Yuma,Colorado,80759,US,40.1042,-102.7072,vip,1641,2026-04-21T12:00:00Z
245,resident.00245@example.gov,Sophia,Garcia,Burlington,Colorado,80807,US,39.2941,-102.2574,new,1678,2026-04-22T12:00:00Z
246,resident.00246@example.gov,Liam,Garcia,Craig,Colorado,81625,US,40.5093,-107.5404,standard,1715,2026-04-23T12:00:00Z
247,resident.00247@example.gov,Isabella,Garcia,Telluride,Colorado,81435,US,37.9375,-107.8123,preferred,1752,2026-04-24T12:00:00Z
248,resident.00248@example.gov,Mateo,Garcia,Cortez,Colorado,81321,US,37.3549,-108.5919,vip,1789,2026-04-25T12:00:00Z
249,resident.00249@example.gov,Amelia,Garcia,Denver,Colorado,80202,US,39.7512,-105.0023,new,1826,2026-04-26T12:00:00Z
250,resident.00250@example.gov,Ethan,Garcia,Colorado Springs,Colorado,80903,US,38.8519,-104.8394,standard,1863,2026-04-27T12:00:00Z
251,resident.00251@example.gov,Ava,Brown,Aurora,Colorado,80012,US,39.7534,-104.8559,preferred,1900,2026-04-28T12:00:00Z
252,resident.00252@example.gov,James,Brown,Fort Collins,Colorado,80521,US,40.6153,-105.1144,vip,1937,2026-04-29T12:00:00Z
253,resident.00253@example.gov,Mia,Brown,Lakewood,Colorado,80226,US,39.7407,-105.1174,new,1974,2026-04-30T12:00:00Z
254,resident.00254@example.gov,Noah,Brown,Thornton,Colorado,80229,US,39.91,-105.0139,standard,2011,2026-05-01T12:00:00Z
255,resident.00255@example.gov,Sophia,Brown,Pueblo,Colorado,81003,US,38.3024,-104.6571,preferred,2048,2026-05-02T12:00:00Z
256,resident.00256@example.gov,Liam,Brown,Boulder,Colorado,80302,US,39.967,-105.2225,vip,2085,2026-05-03T12:00:00Z
257,resident.00257@example.gov,Isabella,Brown,Greeley,Colorado,80631,US,40.3813,-104.6671,new,2122,2026-05-04T12:00:00Z
258,resident.00258@example.gov,Mateo,Brown,Castle Rock,Colorado,80104,US,39.3362,-104.8201,standard,2159,2026-05-05T12:00:00Z
259,resident.00259@example.gov,Amelia,Brown,Grand Junction,Colorado,81501,US,39.0339,-108.5206,preferred,2196,2026-05-06T12:00:00Z
260,resident.00260@example.gov,Ethan,Brown,Broomfield,Colorado,80020,US,39.8965,-105.0627,vip,2233,2026-05-07T12:00:00Z
261,resident.00261@example.gov,Ava,Nguyen,Durango,Colorado,81301,US,37.2573,-107.8621,new,2270,2026-05-08T12:00:00Z
262,resident.00262@example.gov,James,Nguyen,Montrose,Colorado,81401,US,38.4663,-107.8642,standard,2307,2026-05-09T12:00:00Z
263,resident.00263@example.gov,Mia,Nguyen,Steamboat Springs,Colorado,80487,US,40.479,-106.8257,preferred,2344,2026-05-10T12:00:00Z
264,resident.00264@example.gov,Noah,Nguyen,Alamosa,Colorado,81101,US,37.4695,-105.87,vip,2381,2026-05-11T12:00:00Z
265,resident.00265@example.gov,Sophia,Nguyen,Glenwood Springs,Colorado,81601,US,39.5565,-107.3308,new,2418,2026-05-12T12:00:00Z
266,resident.00266@example.gov,Liam,Nguyen,Idaho Springs,Colorado,80452,US,39.7545,-105.5256,standard,2455,2026-05-13T12:00:00Z
267,resident.00267@example.gov,Isabella,Nguyen,Cañon City,Colorado,81212,US,38.4674,-105.2433,preferred,2492,2026-05-14T12:00:00Z
268,resident.00268@example.gov,Mateo,Nguyen,Salida,Colorado,81201,US,38.5587,-106.0229,vip,2529,2026-05-15T12:00:00Z
269,resident.00269@example.gov,Amelia,Nguyen,Gunnison,Colorado,81230,US,38.5758,-106.9553,new,2566,2026-05-16T12:00:00Z
270,resident.00270@example.gov,Ethan,Nguyen,Leadville,Colorado,80461,US,39.2868,-106.3285,standard,2603,2026-05-17T12:00:00Z
271,resident.00271@example.gov,Ava,Williams,Walsenburg,Colorado,81089,US,37.6662,-104.8223,preferred,2640,2026-02-17T12:00:00Z
272,resident.00272@example.gov,James,Williams,Trinidad,Colorado,81082,US,37.2175,-104.5485,vip,2677,2026-02-18T12:00:00Z
273,resident.00273@example.gov,Mia,Williams,Sterling,Colorado,80751,US,40.5775,-103.1597,new,2714,2026-02-19T12:00:00Z
274,resident.00274@example.gov,Noah,Williams,Fort Morgan,Colorado,80701,US,40.2083,-103.7579,standard,2751,2026-02-20T12:00:00Z
275,resident.00275@example.gov,Sophia,Williams,Yuma,Colorado,80759,US,40.0862,-102.6892,preferred,2788,2026-02-21T12:00:00Z
276,resident.00276@example.gov,Liam,Williams,Burlington,Colorado,80807,US,39.2761,-102.2394,vip,2825,2026-02-22T12:00:00Z
277,resident.00277@example.gov,Isabella,Williams,Craig,Colorado,81625,US,40.4913,-107.5224,new,2862,2026-02-23T12:00:00Z
278,resident.00278@example.gov,Mateo,Williams,Telluride,Colorado,81435,US,37.9195,-107.7943,standard,2899,2026-02-24T12:00:00Z
279,resident.00279@example.gov,Amelia,Williams,Cortez,Colorado,81321,US,37.3369,-108.5739,preferred,2936,2026-02-25T12:00:00Z
280,resident.00280@example.gov,Ethan,Williams,Denver,Colorado,80202,US,39.7332,-104.9843,vip,2973,2026-02-26T12:00:00Z
281,resident.00281@example.gov,Ava,Davis,Colorado Springs,Colorado,80903,US,38.8339,-104.8214,new,3010,2026-02-27T12:00:00Z
282,resident.00282@example.gov,James,Davis,Aurora,Colorado,80012,US,39.7354,-104.8379,standard,3047,2026-02-28T12:00:00Z
283,resident.00283@example.gov,Mia,Davis,Fort Collins,Colorado,80521,US,40.5973,-105.0964,preferred,3084,2026-03-01T12:00:00Z
284,resident.00284@example.gov,Noah,Davis,Lakewood,Colorado,80226,US,39.7227,-105.0994,vip,3121,2026-03-02T12:00:00Z
285,resident.00285@example.gov,Sophia,Davis,Thornton,Colorado,80229,US,39.892,-104.9959,new,3158,2026-03-03T12:00:00Z
286,resident.00286@example.gov,Liam,Davis,Pueblo,Colorado,81003,US,38.2844,-104.6391,standard,3195,2026-03-04T12:00:00Z
287,resident.00287@example.gov,Isabella,Davis,Boulder,Colorado,80302,US,40.051,-105.3065,preferred,3232,2026-03-05T12:00:00Z
288,resident.00288@example.gov,Mateo,Davis,Greeley,Colorado,80631,US,40.4653,-104.7511,vip,3269,2026-03-06T12:00:00Z
289,resident.00289@example.gov,Amelia,Davis,Castle Rock,Colorado,80104,US,39.4202,-104.9041,new,3306,2026-03-07T12:00:00Z
290,resident.00290@example.gov,Ethan,Davis,Grand Junction,Colorado,81501,US,39.0159,-108.5026,standard,3343,2026-03-08T12:00:00Z
291,resident.00291@example.gov,Ava,Lopez,Broomfield,Colorado,80020,US,39.8785,-105.0447,preferred,3380,2026-03-09T12:00:00Z
292,resident.00292@example.gov,James,Lopez,Durango,Colorado,81301,US,37.2393,-107.8441,vip,3417,2026-03-10T12:00:00Z
293,resident.00293@example.gov,Mia,Lopez,Montrose,Colorado,81401,US,38.4483,-107.8462,new,3454,2026-03-11T12:00:00Z
294,resident.00294@example.gov,Noah,Lopez,Steamboat Springs,Colorado,80487,US,40.461,-106.8077,standard,3491,2026-03-12T12:00:00Z
295,resident.00295@example.gov,Sophia,Lopez,Alamosa,Colorado,81101,US,37.4515,-105.852,preferred,3528,2026-03-13T12:00:00Z
296,resident.00296@example.gov,Liam,Lopez,Glenwood Springs,Colorado,81601,US,39.5385,-107.3128,vip,3565,2026-03-14T12:00:00Z
297,resident.00297@example.gov,Isabella,Lopez,Idaho Springs,Colorado,80452,US,39.7365,-105.5076,new,3602,2026-03-15T12:00:00Z
298,resident.00298@example.gov,Mateo,Lopez,Cañon City,Colorado,81212,US,38.4494,-105.2253,standard,3639,2026-03-16T12:00:00Z
299,resident.00299@example.gov,Amelia,Lopez,Salida,Colorado,81201,US,38.5407,-106.0049,preferred,3676,2026-03-17T12:00:00Z
300,resident.00300@example.gov,Ethan,Lopez,Gunnison,Colorado,81230,US,38.5578,-106.9373,vip,3713,2026-03-18T12:00:00Z
301,resident.00301@example.gov,Ava,Martinez,Leadville,Colorado,80461,US,39.2688,-106.3105,new,3750,2026-03-19T12:00:00Z
302,resident.00302@example.gov,James,Martinez,Walsenburg,Colorado,81089,US,37.6482,-104.8043,standard,3787,2026-03-20T12:00:00Z
303,resident.00303@example.gov,Mia,Martinez,Trinidad,Colorado,81082,US,37.1995,-104.5305,preferred,3824,2026-03-21T12:00:00Z
304,resident.00304@example.gov,Noah,Martinez,Sterling,Colorado,80751,US,40.6615,-103.2437,vip,3861,2026-03-22T12:00:00Z
305,resident.00305@example.gov,Sophia,Martinez,Fort Morgan,Colorado,80701,US,40.2923,-103.8419,new,3898,2026-03-23T12:00:00Z
306,resident.00306@example.gov,Liam,Martinez,Yuma,Colorado,80759,US,40.1702,-102.7732,standard,3935,2026-03-24T12:00:00Z
307,resident.00307@example.gov,Isabella,Martinez,Burlington,Colorado,80807,US,39.2581,-102.2214,preferred,3972,2026-03-25T12:00:00Z
308,resident.00308@example.gov,Mateo,Martinez,Craig,Colorado,81625,US,40.4733,-107.5044,vip,4009,2026-03-26T12:00:00Z
309,resident.00309@example.gov,Amelia,Martinez,Telluride,Colorado,81435,US,37.9015,-107.7763,new,4046,2026-03-27T12:00:00Z
310,resident.00310@example.gov,Ethan,Martinez,Cortez,Colorado,81321,US,37.3189,-108.5559,standard,4083,2026-03-28T12:00:00Z
311,resident.00311@example.gov,Ava,Chen,Denver,Colorado,80202,US,39.7152,-104.9663,preferred,4120,2026-03-29T12:00:00Z
312,resident.00312@example.gov,James,Chen,Colorado Springs,Colorado,80903,US,38.8159,-104.8034,vip,4157,2026-03-30T12:00:00Z
313,resident.00313@example.gov,Mia,Chen,Aurora,Colorado,80012,US,39.7174,-104.8199,new,4194,2026-03-31T12:00:00Z
314,resident.00314@example.gov,Noah,Chen,Fort Collins,Colorado,80521,US,40.5793,-105.0784,standard,4231,2026-04-01T12:00:00Z
315,resident.00315@example.gov,Sophia,Chen,Lakewood,Colorado,80226,US,39.7047,-105.0814,preferred,4268,2026-04-02T12:00:00Z
316,resident.00316@example.gov,Liam,Chen,Thornton,Colorado,80229,US,39.874,-104.9779,vip,4305,2026-04-03T12:00:00Z
317,resident.00317@example.gov,Isabella,Chen,Pueblo,Colorado,81003,US,38.2664,-104.6211,new,4342,2026-04-04T12:00:00Z
318,resident.00318@example.gov,Mateo,Chen,Boulder,Colorado,80302,US,40.033,-105.2885,standard,4379,2026-04-05T12:00:00Z
319,resident.00319@example.gov,Amelia,Chen,Greeley,Colorado,80631,US,40.4473,-104.7331,preferred,4416,2026-04-06T12:00:00Z
320,resident.00320@example.gov,Ethan,Chen,Castle Rock,Colorado,80104,US,39.4022,-104.8861,vip,4453,2026-04-07T12:00:00Z
321,resident.00321@example.gov,Ava,Johnson,Grand Junction,Colorado,81501,US,39.0999,-108.5866,new,4490,2026-04-08T12:00:00Z
322,resident.00322@example.gov,James,Johnson,Broomfield,Colorado,80020,US,39.9625,-105.1287,standard,4527,2026-04-09T12:00:00Z
323,resident.00323@example.gov,Mia,Johnson,Durango,Colorado,81301,US,37.3233,-107.9281,preferred,4564,2026-04-10T12:00:00Z
324,resident.00324@example.gov,Noah,Johnson,Montrose,Colorado,81401,US,38.4303,-107.8282,vip,4601,2026-04-11T12:00:00Z
325,resident.00325@example.gov,Sophia,Johnson,Steamboat Springs,Colorado,80487,US,40.443,-106.7897,new,4638,2026-04-12T12:00:00Z
326,resident.00326@example.gov,Liam,Johnson,Alamosa,Colorado,81101,US,37.4335,-105.834,standard,4675,2026-04-13T12:00:00Z
327,resident.00327@example.gov,Isabella,Johnson,Glenwood Springs,Colorado,81601,US,39.5205,-107.2948,preferred,4712,2026-04-14T12:00:00Z
328,resident.00328@example.gov,Mateo,Johnson,Idaho Springs,Colorado,80452,US,39.7185,-105.4896,vip,4749,2026-04-15T12:00:00Z
329,resident.00329@example.gov,Amelia,Johnson,Cañon City,Colorado,81212,US,38.4314,-105.2073,new,4786,2026-04-16T12:00:00Z
330,resident.00330@example.gov,Ethan,Johnson,Salida,Colorado,81201,US,38.5227,-105.9869,standard,4823,2026-04-17T12:00:00Z
331,resident.00331@example.gov,Ava,Patel,Gunnison,Colorado,81230,US,38.5398,-106.9193,preferred,4860,2026-04-18T12:00:00Z
332,resident.00332@example.gov,James,Patel,Leadville,Colorado,80461,US,39.2508,-106.2925,vip,4897,2026-04-19T12:00:00Z
333,resident.00333@example.gov,Mia,Patel,Walsenburg,Colorado,81089,US,37.6302,-104.7863,new,4934,2026-04-20T12:00:00Z
334,resident.00334@example.gov,Noah,Patel,Trinidad,Colorado,81082,US,37.1815,-104.5125,standard,4971,2026-04-21T12:00:00Z
335,resident.00335@example.gov,Sophia,Patel,Sterling,Colorado,80751,US,40.6435,-103.2257,preferred,5008,2026-04-22T12:00:00Z
336,resident.00336@example.gov,Liam,Patel,Fort Morgan,Colorado,80701,US,40.2743,-103.8239,vip,5045,2026-04-23T12:00:00Z
337,resident.00337@example.gov,Isabella,Patel,Yuma,Colorado,80759,US,40.1522,-102.7552,new,5082,2026-04-24T12:00:00Z
338,resident.00338@example.gov,Mateo,Patel,Burlington,Colorado,80807,US,39.3421,-102.3054,standard,5119,2026-04-25T12:00:00Z
339,resident.00339@example.gov,Amelia,Patel,Craig,Colorado,81625,US,40.5573,-107.5884,preferred,5156,2026-04-26T12:00:00Z
340,resident.00340@example.gov,Ethan,Patel,Telluride,Colorado,81435,US,37.9855,-107.8603,vip,5193,2026-04-27T12:00:00Z
341,resident.00341@example.gov,Ava,Garcia,Cortez,Colorado,81321,US,37.3009,-108.5379,new,5230,2026-04-28T12:00:00Z
342,resident.00342@example.gov,James,Garcia,Denver,Colorado,80202,US,39.6972,-104.9483,standard,5267,2026-04-29T12:00:00Z
343,resident.00343@example.gov,Mia,Garcia,Colorado Springs,Colorado,80903,US,38.7979,-104.7854,preferred,5304,2026-04-30T12:00:00Z
344,resident.00344@example.gov,Noah,Garcia,Aurora,Colorado,80012,US,39.6994,-104.8019,vip,5341,2026-05-01T12:00:00Z
345,resident.00345@example.gov,Sophia,Garcia,Fort Collins,Colorado,80521,US,40.5613,-105.0604,new,5378,2026-05-02T12:00:00Z
346,resident.00346@example.gov,Liam,Garcia,Lakewood,Colorado,80226,US,39.6867,-105.0634,standard,5415,2026-05-03T12:00:00Z
347,resident.00347@example.gov,Isabella,Garcia,Thornton,Colorado,80229,US,39.856,-104.9599,preferred,5452,2026-05-04T12:00:00Z
348,resident.00348@example.gov,Mateo,Garcia,Pueblo,Colorado,81003,US,38.2484,-104.6031,vip,5489,2026-05-05T12:00:00Z
349,resident.00349@example.gov,Amelia,Garcia,Boulder,Colorado,80302,US,40.015,-105.2705,new,5526,2026-05-06T12:00:00Z
350,resident.00350@example.gov,Ethan,Garcia,Greeley,Colorado,80631,US,40.4293,-104.7151,standard,5563,2026-05-07T12:00:00Z
351,resident.00351@example.gov,Ava,Brown,Castle Rock,Colorado,80104,US,39.3842,-104.8681,preferred,5600,2026-05-08T12:00:00Z
352,resident.00352@example.gov,James,Brown,Grand Junction,Colorado,81501,US,39.0819,-108.5686,vip,5637,2026-05-09T12:00:00Z
353,resident.00353@example.gov,Mia,Brown,Broomfield,Colorado,80020,US,39.9445,-105.1107,new,5674,2026-05-10T12:00:00Z
354,resident.00354@example.gov,Noah,Brown,Durango,Colorado,81301,US,37.3053,-107.9101,standard,5711,2026-05-11T12:00:00Z
355,resident.00355@example.gov,Sophia,Brown,Montrose,Colorado,81401,US,38.5143,-107.9122,preferred,5748,2026-05-12T12:00:00Z
356,resident.00356@example.gov,Liam,Brown,Steamboat Springs,Colorado,80487,US,40.527,-106.8737,vip,5785,2026-05-13T12:00:00Z
357,resident.00357@example.gov,Isabella,Brown,Alamosa,Colorado,81101,US,37.5175,-105.918,new,5822,2026-05-14T12:00:00Z
358,resident.00358@example.gov,Mateo,Brown,Glenwood Springs,Colorado,81601,US,39.5025,-107.2768,standard,5859,2026-05-15T12:00:00Z
359,resident.00359@example.gov,Amelia,Brown,Idaho Springs,Colorado,80452,US,39.7005,-105.4716,preferred,5896,2026-05-16T12:00:00Z
360,resident.00360@example.gov,Ethan,Brown,Cañon City,Colorado,81212,US,38.4134,-105.1893,vip,5933,2026-05-17T12:00:00Z
361,resident.00361@example.gov,Ava,Nguyen,Salida,Colorado,81201,US,38.5047,-105.9689,new,5970,2026-02-17T12:00:00Z
362,resident.00362@example.gov,James,Nguyen,Gunnison,Colorado,81230,US,38.5218,-106.9013,standard,6007,2026-02-18T12:00:00Z
363,resident.00363@example.gov,Mia,Nguyen,Leadville,Colorado,80461,US,39.2328,-106.2745,preferred,6044,2026-02-19T12:00:00Z
364,resident.00364@example.gov,Noah,Nguyen,Walsenburg,Colorado,81089,US,37.6122,-104.7683,vip,6081,2026-02-20T12:00:00Z
365,resident.00365@example.gov,Sophia,Nguyen,Trinidad,Colorado,81082,US,37.1635,-104.4945,new,6118,2026-02-21T12:00:00Z
366,resident.00366@example.gov,Liam,Nguyen,Sterling,Colorado,80751,US,40.6255,-103.2077,standard,6155,2026-02-22T12:00:00Z
367,resident.00367@example.gov,Isabella,Nguyen,Fort Morgan,Colorado,80701,US,40.2563,-103.8059,preferred,6192,2026-02-23T12:00:00Z
368,resident.00368@example.gov,Mateo,Nguyen,Yuma,Colorado,80759,US,40.1342,-102.7372,vip,6229,2026-02-24T12:00:00Z
369,resident.00369@example.gov,Amelia,Nguyen,Burlington,Colorado,80807,US,39.3241,-102.2874,new,6266,2026-02-25T12:00:00Z
370,resident.00370@example.gov,Ethan,Nguyen,Craig,Colorado,81625,US,40.5393,-107.5704,standard,6303,2026-02-26T12:00:00Z
371,resident.00371@example.gov,Ava,Williams,Telluride,Colorado,81435,US,37.9675,-107.8423,preferred,6340,2026-02-27T12:00:00Z
372,resident.00372@example.gov,James,Williams,Cortez,Colorado,81321,US,37.3849,-108.6219,vip,6377,2026-02-28T12:00:00Z
373,resident.00373@example.gov,Mia,Williams,Denver,Colorado,80202,US,39.7812,-105.0323,new,6414,2026-03-01T12:00:00Z
374,resident.00374@example.gov,Noah,Williams,Colorado Springs,Colorado,80903,US,38.8819,-104.8694,standard,6451,2026-03-02T12:00:00Z
375,resident.00375@example.gov,Sophia,Williams,Aurora,Colorado,80012,US,39.6814,-104.7839,preferred,6488,2026-03-03T12:00:00Z
376,resident.00376@example.gov,Liam,Williams,Fort Collins,Colorado,80521,US,40.5433,-105.0424,vip,6525,2026-03-04T12:00:00Z
377,resident.00377@example.gov,Isabella,Williams,Lakewood,Colorado,80226,US,39.6687,-105.0454,new,6562,2026-03-05T12:00:00Z
378,resident.00378@example.gov,Mateo,Williams,Thornton,Colorado,80229,US,39.838,-104.9419,standard,6599,2026-03-06T12:00:00Z
379,resident.00379@example.gov,Amelia,Williams,Pueblo,Colorado,81003,US,38.2304,-104.5851,preferred,6636,2026-03-07T12:00:00Z
380,resident.00380@example.gov,Ethan,Williams,Boulder,Colorado,80302,US,39.997,-105.2525,vip,6673,2026-03-08T12:00:00Z
381,resident.00381@example.gov,Ava,Davis,Greeley,Colorado,80631,US,40.4113,-104.6971,new,6710,2026-03-09T12:00:00Z
382,resident.00382@example.gov,James,Davis,Castle Rock,Colorado,80104,US,39.3662,-104.8501,standard,6747,2026-03-10T12:00:00Z
383,resident.00383@example.gov,Mia,Davis,Grand Junction,Colorado,81501,US,39.0639,-108.5506,preferred,6784,2026-03-11T12:00:00Z
384,resident.00384@example.gov,Noah,Davis,Broomfield,Colorado,80020,US,39.9265,-105.0927,vip,6821,2026-03-12T12:00:00Z
385,resident.00385@example.gov,Sophia,Davis,Durango,Colorado,81301,US,37.2873,-107.8921,new,6858,2026-03-13T12:00:00Z
386,resident.00386@example.gov,Liam,Davis,Montrose,Colorado,81401,US,38.4963,-107.8942,standard,6895,2026-03-14T12:00:00Z
387,resident.00387@example.gov,Isabella,Davis,Steamboat Springs,Colorado,80487,US,40.509,-106.8557,preferred,6932,2026-03-15T12:00:00Z
388,resident.00388@example.gov,Mateo,Davis,Alamosa,Colorado,81101,US,37.4995,-105.9,vip,6969,2026-03-16T12:00:00Z
389,resident.00389@example.gov,Amelia,Davis,Glenwood Springs,Colorado,81601,US,39.5865,-107.3608,new,7006,2026-03-17T12:00:00Z
390,resident.00390@example.gov,Ethan,Davis,Idaho Springs,Colorado,80452,US,39.7845,-105.5556,standard,7043,2026-03-18T12:00:00Z
391,resident.00391@example.gov,Ava,Lopez,Cañon City,Colorado,81212,US,38.4974,-105.2733,preferred,7080,2026-03-19T12:00:00Z
392,resident.00392@example.gov,James,Lopez,Salida,Colorado,81201,US,38.4867,-105.9509,vip,7117,2026-03-20T12:00:00Z
393,resident.00393@example.gov,Mia,Lopez,Gunnison,Colorado,81230,US,38.5038,-106.8833,new,7154,2026-03-21T12:00:00Z
394,resident.00394@example.gov,Noah,Lopez,Leadville,Colorado,80461,US,39.2148,-106.2565,standard,7191,2026-03-22T12:00:00Z
395,resident.00395@example.gov,Sophia,Lopez,Walsenburg,Colorado,81089,US,37.5942,-104.7503,preferred,7228,2026-03-23T12:00:00Z
396,resident.00396@example.gov,Liam,Lopez,Trinidad,Colorado,81082,US,37.1455,-104.4765,vip,7265,2026-03-24T12:00:00Z
397,resident.00397@example.gov,Isabella,Lopez,Sterling,Colorado,80751,US,40.6075,-103.1897,new,7302,2026-03-25T12:00:00Z
398,resident.00398@example.gov,Mateo,Lopez,Fort Morgan,Colorado,80701,US,40.2383,-103.7879,standard,7339,2026-03-26T12:00:00Z
399,resident.00399@example.gov,Amelia,Lopez,Yuma,Colorado,80759,US,40.1162,-102.7192,preferred,7376,2026-03-27T12:00:00Z
400,resident.00400@example.gov,Ethan,Lopez,Burlington,Colorado,80807,US,39.3061,-102.2694,vip,7413,2026-03-28T12:00:00Z
401,resident.00401@example.gov,Ava,Martinez,Craig,Colorado,81625,US,40.5213,-107.5524,new,7450,2026-03-29T12:00:00Z
402,resident.00402@example.gov,James,Martinez,Telluride,Colorado,81435,US,37.9495,-107.8243,standard,7487,2026-03-30T12:00:00Z
403,resident.00403@example.gov,Mia,Martinez,Cortez,Colorado,81321,US,37.3669,-108.6039,preferred,7524,2026-03-31T12:00:00Z
404,resident.00404@example.gov,Noah,Martinez,Denver,Colorado,80202,US,39.7632,-105.0143,vip,7561,2026-04-01T12:00:00Z
405,resident.00405@example.gov,Sophia,Martinez,Colorado Springs,Colorado,80903,US,38.8639,-104.8514,new,7598,2026-04-02T12:00:00Z
406,resident.00406@example.gov,Liam,Martinez,Aurora,Colorado,80012,US,39.7654,-104.8679,standard,7635,2026-04-03T12:00:00Z
407,resident.00407@example.gov,Isabella,Martinez,Fort Collins,Colorado,80521,US,40.6273,-105.1264,preferred,7672,2026-04-04T12:00:00Z
408,resident.00408@example.gov,Mateo,Martinez,Lakewood,Colorado,80226,US,39.7527,-105.1294,vip,7709,2026-04-05T12:00:00Z
409,resident.00409@example.gov,Amelia,Martinez,Thornton,Colorado,80229,US,39.82,-104.9239,new,7746,2026-04-06T12:00:00Z
410,resident.00410@example.gov,Ethan,Martinez,Pueblo,Colorado,81003,US,38.2124,-104.5671,standard,7783,2026-04-07T12:00:00Z
411,resident.00411@example.gov,Ava,Chen,Boulder,Colorado,80302,US,39.979,-105.2345,preferred,7820,2026-04-08T12:00:00Z
412,resident.00412@example.gov,James,Chen,Greeley,Colorado,80631,US,40.3933,-104.6791,vip,7857,2026-04-09T12:00:00Z
413,resident.00413@example.gov,Mia,Chen,Castle Rock,Colorado,80104,US,39.3482,-104.8321,new,7894,2026-04-10T12:00:00Z
414,resident.00414@example.gov,Noah,Chen,Grand Junction,Colorado,81501,US,39.0459,-108.5326,standard,7931,2026-04-11T12:00:00Z
415,resident.00415@example.gov,Sophia,Chen,Broomfield,Colorado,80020,US,39.9085,-105.0747,preferred,7968,2026-04-12T12:00:00Z
416,resident.00416@example.gov,Liam,Chen,Durango,Colorado,81301,US,37.2693,-107.8741,vip,8005,2026-04-13T12:00:00Z
417,resident.00417@example.gov,Isabella,Chen,Montrose,Colorado,81401,US,38.4783,-107.8762,new,8042,2026-04-14T12:00:00Z
418,resident.00418@example.gov,Mateo,Chen,Steamboat Springs,Colorado,80487,US,40.491,-106.8377,standard,8079,2026-04-15T12:00:00Z
419,resident.00419@example.gov,Amelia,Chen,Alamosa,Colorado,81101,US,37.4815,-105.882,preferred,8116,2026-04-16T12:00:00Z
420,resident.00420@example.gov,Ethan,Chen,Glenwood Springs,Colorado,81601,US,39.5685,-107.3428,vip,8153,2026-04-17T12:00:00Z
421,resident.00421@example.gov,Ava,Johnson,Idaho Springs,Colorado,80452,US,39.7665,-105.5376,new,8190,2026-04-18T12:00:00Z
422,resident.00422@example.gov,James,Johnson,Cañon City,Colorado,81212,US,38.4794,-105.2553,standard,8227,2026-04-19T12:00:00Z
423,resident.00423@example.gov,Mia,Johnson,Salida,Colorado,81201,US,38.5707,-106.0349,preferred,464,2026-04-20T12:00:00Z
424,resident.00424@example.gov,Noah,Johnson,Gunnison,Colorado,81230,US,38.5878,-106.9673,vip,501,2026-04-21T12:00:00Z
425,resident.00425@example.gov,Sophia,Johnson,Leadville,Colorado,80461,US,39.2988,-106.3405,new,538,2026-04-22T12:00:00Z
426,resident.00426@example.gov,Liam,Johnson,Walsenburg,Colorado,81089,US,37.5762,-104.7323,standard,575,2026-04-23T12:00:00Z
427,resident.00427@example.gov,Isabella,Johnson,Trinidad,Colorado,81082,US,37.1275,-104.4585,preferred,612,2026-04-24T12:00:00Z
428,resident.00428@example.gov,Mateo,Johnson,Sterling,Colorado,80751,US,40.5895,-103.1717,vip,649,2026-04-25T12:00:00Z
429,resident.00429@example.gov,Amelia,Johnson,Fort Morgan,Colorado,80701,US,40.2203,-103.7699,new,686,2026-04-26T12:00:00Z
430,resident.00430@example.gov,Ethan,Johnson,Yuma,Colorado,80759,US,40.0982,-102.7012,standard,723,2026-04-27T12:00:00Z
431,resident.00431@example.gov,Ava,Patel,Burlington,Colorado,80807,US,39.2881,-102.2514,preferred,760,2026-04-28T12:00:00Z
432,resident.00432@example.gov,James,Patel,Craig,Colorado,81625,US,40.5033,-107.5344,vip,797,2026-04-29T12:00:00Z
433,resident.00433@example.gov,Mia,Patel,Telluride,Colorado,81435,US,37.9315,-107.8063,new,834,2026-04-30T12:00:00Z
434,resident.00434@example.gov,Noah,Patel,Cortez,Colorado,81321,US,37.3489,-108.5859,standard,871,2026-05-01T12:00:00Z
435,resident.00435@example.gov,Sophia,Patel,Denver,Colorado,80202,US,39.7452,-104.9963,preferred,908,2026-05-02T12:00:00Z
436,resident.00436@example.gov,Liam,Patel,Colorado Springs,Colorado,80903,US,38.8459,-104.8334,vip,945,2026-05-03T12:00:00Z
437,resident.00437@example.gov,Isabella,Patel,Aurora,Colorado,80012,US,39.7474,-104.8499,new,982,2026-05-04T12:00:00Z
438,resident.00438@example.gov,Mateo,Patel,Fort Collins,Colorado,80521,US,40.6093,-105.1084,standard,1019,2026-05-05T12:00:00Z
439,resident.00439@example.gov,Amelia,Patel,Lakewood,Colorado,80226,US,39.7347,-105.1114,preferred,1056,2026-05-06T12:00:00Z
440,resident.00440@example.gov,Ethan,Patel,Thornton,Colorado,80229,US,39.904,-105.0079,vip,1093,2026-05-07T12:00:00Z
441,resident.00441@example.gov,Ava,Garcia,Pueblo,Colorado,81003,US,38.2964,-104.6511,new,1130,2026-05-08T12:00:00Z
442,resident.00442@example.gov,James,Garcia,Boulder,Colorado,80302,US,40.063,-105.3185,standard,1167,2026-05-09T12:00:00Z
443,resident.00443@example.gov,Mia,Garcia,Greeley,Colorado,80631,US,40.3753,-104.6611,preferred,1204,2026-05-10T12:00:00Z
444,resident.00444@example.gov,Noah,Garcia,Castle Rock,Colorado,80104,US,39.3302,-104.8141,vip,1241,2026-05-11T12:00:00Z
445,resident.00445@example.gov,Sophia,Garcia,Grand Junction,Colorado,81501,US,39.0279,-108.5146,new,1278,2026-05-12T12:00:00Z
446,resident.00446@example.gov,Liam,Garcia,Broomfield,Colorado,80020,US,39.8905,-105.0567,standard,1315,2026-05-13T12:00:00Z
447,resident.00447@example.gov,Isabella,Garcia,Durango,Colorado,81301,US,37.2513,-107.8561,preferred,1352,2026-05-14T12:00:00Z
448,resident.00448@example.gov,Mateo,Garcia,Montrose,Colorado,81401,US,38.4603,-107.8582,vip,1389,2026-05-15T12:00:00Z
449,resident.00449@example.gov,Amelia,Garcia,Steamboat Springs,Colorado,80487,US,40.473,-106.8197,new,1426,2026-05-16T12:00:00Z
450,resident.00450@example.gov,Ethan,Garcia,Alamosa,Colorado,81101,US,37.4635,-105.864,standard,1463,2026-05-17T12:00:00Z
451,resident.00451@example.gov,Ava,Brown,Glenwood Springs,Colorado,81601,US,39.5505,-107.3248,preferred,1500,2026-02-17T12:00:00Z
452,resident.00452@example.gov,James,Brown,Idaho Springs,Colorado,80452,US,39.7485,-105.5196,vip,1537,2026-02-18T12:00:00Z
453,resident.00453@example.gov,Mia,Brown,Cañon City,Colorado,81212,US,38.4614,-105.2373,new,1574,2026-02-19T12:00:00Z
454,resident.00454@example.gov,Noah,Brown,Salida,Colorado,81201,US,38.5527,-106.0169,standard,1611,2026-02-20T12:00:00Z
455,resident.00455@example.gov,Sophia,Brown,Gunnison,Colorado,81230,US,38.5698,-106.9493,preferred,1648,2026-02-21T12:00:00Z
456,resident.00456@example.gov,Liam,Brown,Leadville,Colorado,80461,US,39.2808,-106.3225,vip,1685,2026-02-22T12:00:00Z
457,resident.00457@example.gov,Isabella,Brown,Walsenburg,Colorado,81089,US,37.6602,-104.8163,new,1722,2026-02-23T12:00:00Z
458,resident.00458@example.gov,Mateo,Brown,Trinidad,Colorado,81082,US,37.2115,-104.5425,standard,1759,2026-02-24T12:00:00Z
459,resident.00459@example.gov,Amelia,Brown,Sterling,Colorado,80751,US,40.6735,-103.2557,preferred,1796,2026-02-25T12:00:00Z
460,resident.00460@example.gov,Ethan,Brown,Fort Morgan,Colorado,80701,US,40.2023,-103.7519,vip,1833,2026-02-26T12:00:00Z
461,resident.00461@example.gov,Ava,Nguyen,Yuma,Colorado,80759,US,40.0802,-102.6832,new,1870,2026-02-27T12:00:00Z
462,resident.00462@example.gov,James,Nguyen,Burlington,Colorado,80807,US,39.2701,-102.2334,standard,1907,2026-02-28T12:00:00Z
463,resident.00463@example.gov,Mia,Nguyen,Craig,Colorado,81625,US,40.4853,-107.5164,preferred,1944,2026-03-01T12:00:00Z
464,resident.00464@example.gov,Noah,Nguyen,Telluride,Colorado,81435,US,37.9135,-107.7883,vip,1981,2026-03-02T12:00:00Z
465,resident.00465@example.gov,Sophia,Nguyen,Cortez,Colorado,81321,US,37.3309,-108.5679,new,2018,2026-03-03T12:00:00Z
466,resident.00466@example.gov,Liam,Nguyen,Denver,Colorado,80202,US,39.7272,-104.9783,standard,2055,2026-03-04T12:00:00Z
467,resident.00467@example.gov,Isabella,Nguyen,Colorado Springs,Colorado,80903,US,38.8279,-104.8154,preferred,2092,2026-03-05T12:00:00Z
468,resident.00468@example.gov,Mateo,Nguyen,Aurora,Colorado,80012,US,39.7294,-104.8319,vip,2129,2026-03-06T12:00:00Z
469,resident.00469@example.gov,Amelia,Nguyen,Fort Collins,Colorado,80521,US,40.5913,-105.0904,new,2166,2026-03-07T12:00:00Z
470,resident.00470@example.gov,Ethan,Nguyen,Lakewood,Colorado,80226,US,39.7167,-105.0934,standard,2203,2026-03-08T12:00:00Z
471,resident.00471@example.gov,Ava,Williams,Thornton,Colorado,80229,US,39.886,-104.9899,preferred,2240,2026-03-09T12:00:00Z
472,resident.00472@example.gov,James,Williams,Pueblo,Colorado,81003,US,38.2784,-104.6331,vip,2277,2026-03-10T12:00:00Z
473,resident.00473@example.gov,Mia,Williams,Boulder,Colorado,80302,US,40.045,-105.3005,new,2314,2026-03-11T12:00:00Z
474,resident.00474@example.gov,Noah,Williams,Greeley,Colorado,80631,US,40.4593,-104.7451,standard,2351,2026-03-12T12:00:00Z
475,resident.00475@example.gov,Sophia,Williams,Castle Rock,Colorado,80104,US,39.4142,-104.8981,preferred,2388,2026-03-13T12:00:00Z
476,resident.00476@example.gov,Liam,Williams,Grand Junction,Colorado,81501,US,39.1119,-108.5986,vip,2425,2026-03-14T12:00:00Z
477,resident.00477@example.gov,Isabella,Williams,Broomfield,Colorado,80020,US,39.8725,-105.0387,new,2462,2026-03-15T12:00:00Z
478,resident.00478@example.gov,Mateo,Williams,Durango,Colorado,81301,US,37.2333,-107.8381,standard,2499,2026-03-16T12:00:00Z
479,resident.00479@example.gov,Amelia,Williams,Montrose,Colorado,81401,US,38.4423,-107.8402,preferred,2536,2026-03-17T12:00:00Z
480,resident.00480@example.gov,Ethan,Williams,Steamboat Springs,Colorado,80487,US,40.455,-106.8017,vip,2573,2026-03-18T12:00:00Z
481,resident.00481@example.gov,Ava,Davis,Alamosa,Colorado,81101,US,37.4455,-105.846,new,2610,2026-03-19T12:00:00Z
482,resident.00482@example.gov,James,Davis,Glenwood Springs,Colorado,81601,US,39.5325,-107.3068,standard,2647,2026-03-20T12:00:00Z
483,resident.00483@example.gov,Mia,Davis,Idaho Springs,Colorado,80452,US,39.7305,-105.5016,preferred,2684,2026-03-21T12:00:00Z
484,resident.00484@example.gov,Noah,Davis,Cañon City,Colorado,81212,US,38.4434,-105.2193,vip,2721,2026-03-22T12:00:00Z
485,resident.00485@example.gov,Sophia,Davis,Salida,Colorado,81201,US,38.5347,-105.9989,new,2758,2026-03-23T12:00:00Z
486,resident.00486@example.gov,Liam,Davis,Gunnison,Colorado,81230,US,38.5518,-106.9313,standard,2795,2026-03-24T12:00:00Z
487,resident.00487@example.gov,Isabella,Davis,Leadville,Colorado,80461,US,39.2628,-106.3045,preferred,2832,2026-03-25T12:00:00Z
488,resident.00488@example.gov,Mateo,Davis,Walsenburg,Colorado,81089,US,37.6422,-104.7983,vip,2869,2026-03-26T12:00:00Z
489,resident.00489@example.gov,Amelia,Davis,Trinidad,Colorado,81082,US,37.1935,-104.5245,new,2906,2026-03-27T12:00:00Z
490,resident.00490@example.gov,Ethan,Davis,Sterling,Colorado,80751,US,40.6555,-103.2377,standard,2943,2026-03-28T12:00:00Z
491,resident.00491@example.gov,Ava,Lopez,Fort Morgan,Colorado,80701,US,40.2863,-103.8359,preferred,2980,2026-03-29T12:00:00Z
492,resident.00492@example.gov,James,Lopez,Yuma,Colorado,80759,US,40.1642,-102.7672,vip,3017,2026-03-30T12:00:00Z
493,resident.00493@example.gov,Mia,Lopez,Burlington,Colorado,80807,US,39.3541,-102.3174,new,3054,2026-03-31T12:00:00Z
494,resident.00494@example.gov,Noah,Lopez,Craig,Colorado,81625,US,40.4673,-107.4984,standard,3091,2026-04-01T12:00:00Z
495,resident.00495@example.gov,Sophia,Lopez,Telluride,Colorado,81435,US,37.8955,-107.7703,preferred,3128,2026-04-02T12:00:00Z
496,resident.00496@example.gov,Liam,Lopez,Cortez,Colorado,81321,US,37.3129,-108.5499,vip,3165,2026-04-03T12:00:00Z
497,resident.00497@example.gov,Isabella,Lopez,Denver,Colorado,80202,US,39.7092,-104.9603,new,3202,2026-04-04T12:00:00Z
498,resident.00498@example.gov,Mateo,Lopez,Colorado Springs,Colorado,80903,US,38.8099,-104.7974,standard,3239,2026-04-05T12:00:00Z
499,resident.00499@example.gov,Amelia,Lopez,Aurora,Colorado,80012,US,39.7114,-104.8139,preferred,3276,2026-04-06T12:00:00Z
500,resident.00500@example.gov,Ethan,Lopez,Fort Collins,Colorado,80521,US,40.5733,-105.0724,vip,3313,2026-04-07T12:00:00Z
501,resident.00501@example.gov,Ava,Martinez,Lakewood,Colorado,80226,US,39.6987,-105.0754,new,3350,2026-04-08T12:00:00Z
502,resident.00502@example.gov,James,Martinez,Thornton,Colorado,80229,US,39.868,-104.9719,standard,3387,2026-04-09T12:00:00Z
503,resident.00503@example.gov,Mia,Martinez,Pueblo,Colorado,81003,US,38.2604,-104.6151,preferred,3424,2026-04-10T12:00:00Z
504,resident.00504@example.gov,Noah,Martinez,Boulder,Colorado,80302,US,40.027,-105.2825,vip,3461,2026-04-11T12:00:00Z
505,resident.00505@example.gov,Sophia,Martinez,Greeley,Colorado,80631,US,40.4413,-104.7271,new,3498,2026-04-12T12:00:00Z
506,resident.00506@example.gov,Liam,Martinez,Castle Rock,Colorado,80104,US,39.3962,-104.8801,standard,3535,2026-04-13T12:00:00Z
507,resident.00507@example.gov,Isabella,Martinez,Grand Junction,Colorado,81501,US,39.0939,-108.5806,preferred,3572,2026-04-14T12:00:00Z
508,resident.00508@example.gov,Mateo,Martinez,Broomfield,Colorado,80020,US,39.9565,-105.1227,vip,3609,2026-04-15T12:00:00Z
509,resident.00509@example.gov,Amelia,Martinez,Durango,Colorado,81301,US,37.3173,-107.9221,new,3646,2026-04-16T12:00:00Z
510,resident.00510@example.gov,Ethan,Martinez,Montrose,Colorado,81401,US,38.5263,-107.9242,standard,3683,2026-04-17T12:00:00Z
511,resident.00511@example.gov,Ava,Chen,Steamboat Springs,Colorado,80487,US,40.437,-106.7837,preferred,3720,2026-04-18T12:00:00Z
512,resident.00512@example.gov,James,Chen,Alamosa,Colorado,81101,US,37.4275,-105.828,vip,3757,2026-04-19T12:00:00Z
513,resident.00513@example.gov,Mia,Chen,Glenwood Springs,Colorado,81601,US,39.5145,-107.2888,new,3794,2026-04-20T12:00:00Z
514,resident.00514@example.gov,Noah,Chen,Idaho Springs,Colorado,80452,US,39.7125,-105.4836,standard,3831,2026-04-21T12:00:00Z
515,resident.00515@example.gov,Sophia,Chen,Cañon City,Colorado,81212,US,38.4254,-105.2013,preferred,3868,2026-04-22T12:00:00Z
516,resident.00516@example.gov,Liam,Chen,Salida,Colorado,81201,US,38.5167,-105.9809,vip,3905,2026-04-23T12:00:00Z
517,resident.00517@example.gov,Isabella,Chen,Gunnison,Colorado,81230,US,38.5338,-106.9133,new,3942,2026-04-24T12:00:00Z
518,resident.00518@example.gov,Mateo,Chen,Leadville,Colorado,80461,US,39.2448,-106.2865,standard,3979,2026-04-25T12:00:00Z
519,resident.00519@example.gov,Amelia,Chen,Walsenburg,Colorado,81089,US,37.6242,-104.7803,preferred,4016,2026-04-26T12:00:00Z
520,resident.00520@example.gov,Ethan,Chen,Trinidad,Colorado,81082,US,37.1755,-104.5065,vip,4053,2026-04-27T12:00:00Z
521,resident.00521@example.gov,Ava,Johnson,Sterling,Colorado,80751,US,40.6375,-103.2197,new,4090,2026-04-28T12:00:00Z
522,resident.00522@example.gov,James,Johnson,Fort Morgan,Colorado,80701,US,40.2683,-103.8179,standard,4127,2026-04-29T12:00:00Z
523,resident.00523@example.gov,Mia,Johnson,Yuma,Colorado,80759,US,40.1462,-102.7492,preferred,4164,2026-04-30T12:00:00Z
524,resident.00524@example.gov,Noah,Johnson,Burlington,Colorado,80807,US,39.3361,-102.2994,vip,4201,2026-05-01T12:00:00Z
525,resident.00525@example.gov,Sophia,Johnson,Craig,Colorado,81625,US,40.5513,-107.5824,new,4238,2026-05-02T12:00:00Z
526,resident.00526@example.gov,Liam,Johnson,Telluride,Colorado,81435,US,37.9795,-107.8543,standard,4275,2026-05-03T12:00:00Z
527,resident.00527@example.gov,Isabella,Johnson,Cortez,Colorado,81321,US,37.3969,-108.6339,preferred,4312,2026-05-04T12:00:00Z
528,resident.00528@example.gov,Mateo,Johnson,Denver,Colorado,80202,US,39.6912,-104.9423,vip,4349,2026-05-05T12:00:00Z
529,resident.00529@example.gov,Amelia,Johnson,Colorado Springs,Colorado,80903,US,38.7919,-104.7794,new,4386,2026-05-06T12:00:00Z
530,resident.00530@example.gov,Ethan,Johnson,Aurora,Colorado,80012,US,39.6934,-104.7959,standard,4423,2026-05-07T12:00:00Z
531,resident.00531@example.gov,Ava,Patel,Fort Collins,Colorado,80521,US,40.5553,-105.0544,preferred,4460,2026-05-08T12:00:00Z
532,resident.00532@example.gov,James,Patel,Lakewood,Colorado,80226,US,39.6807,-105.0574,vip,4497,2026-05-09T12:00:00Z
533,resident.00533@example.gov,Mia,Patel,Thornton,Colorado,80229,US,39.85,-104.9539,new,4534,2026-05-10T12:00:00Z
534,resident.00534@example.gov,Noah,Patel,Pueblo,Colorado,81003,US,38.2424,-104.5971,standard,4571,2026-05-11T12:00:00Z
535,resident.00535@example.gov,Sophia,Patel,Boulder,Colorado,80302,US,40.009,-105.2645,preferred,4608,2026-05-12T12:00:00Z
536,resident.00536@example.gov,Liam,Patel,Greeley,Colorado,80631,US,40.4233,-104.7091,vip,4645,2026-05-13T12:00:00Z
537,resident.00537@example.gov,Isabella,Patel,Castle Rock,Colorado,80104,US,39.3782,-104.8621,new,4682,2026-05-14T12:00:00Z
538,resident.00538@example.gov,Mateo,Patel,Grand Junction,Colorado,81501,US,39.0759,-108.5626,standard,4719,2026-05-15T12:00:00Z
539,resident.00539@example.gov,Amelia,Patel,Broomfield,Colorado,80020,US,39.9385,-105.1047,preferred,4756,2026-05-16T12:00:00Z
540,resident.00540@example.gov,Ethan,Patel,Durango,Colorado,81301,US,37.2993,-107.9041,vip,4793,2026-05-17T12:00:00Z
541,resident.00541@example.gov,Ava,Garcia,Montrose,Colorado,81401,US,38.5083,-107.9062,new,4830,2026-02-17T12:00:00Z
542,resident.00542@example.gov,James,Garcia,Steamboat Springs,Colorado,80487,US,40.521,-106.8677,standard,4867,2026-02-18T12:00:00Z
543,resident.00543@example.gov,Mia,Garcia,Alamosa,Colorado,81101,US,37.5115,-105.912,preferred,4904,2026-02-19T12:00:00Z
544,resident.00544@example.gov,Noah,Garcia,Glenwood Springs,Colorado,81601,US,39.5985,-107.3728,vip,4941,2026-02-20T12:00:00Z
545,resident.00545@example.gov,Sophia,Garcia,Idaho Springs,Colorado,80452,US,39.6945,-105.4656,new,4978,2026-02-21T12:00:00Z
546,resident.00546@example.gov,Liam,Garcia,Cañon City,Colorado,81212,US,38.4074,-105.1833,standard,5015,2026-02-22T12:00:00Z
547,resident.00547@example.gov,Isabella,Garcia,Salida,Colorado,81201,US,38.4987,-105.9629,preferred,5052,2026-02-23T12:00:00Z
548,resident.00548@example.gov,Mateo,Garcia,Gunnison,Colorado,81230,US,38.5158,-106.8953,vip,5089,2026-02-24T12:00:00Z
549,resident.00549@example.gov,Amelia,Garcia,Leadville,Colorado,80461,US,39.2268,-106.2685,new,5126,2026-02-25T12:00:00Z
550,resident.00550@example.gov,Ethan,Garcia,Walsenburg,Colorado,81089,US,37.6062,-104.7623,standard,5163,2026-02-26T12:00:00Z
551,resident.00551@example.gov,Ava,Brown,Trinidad,Colorado,81082,US,37.1575,-104.4885,preferred,5200,2026-02-27T12:00:00Z
552,resident.00552@example.gov,James,Brown,Sterling,Colorado,80751,US,40.6195,-103.2017,vip,5237,2026-02-28T12:00:00Z
553,resident.00553@example.gov,Mia,Brown,Fort Morgan,Colorado,80701,US,40.2503,-103.7999,new,5274,2026-03-01T12:00:00Z
554,resident.00554@example.gov,Noah,Brown,Yuma,Colorado,80759,US,40.1282,-102.7312,standard,5311,2026-03-02T12:00:00Z
555,resident.00555@example.gov,Sophia,Brown,Burlington,Colorado,80807,US,39.3181,-102.2814,preferred,5348,2026-03-03T12:00:00Z
556,resident.00556@example.gov,Liam,Brown,Craig,Colorado,81625,US,40.5333,-107.5644,vip,5385,2026-03-04T12:00:00Z
557,resident.00557@example.gov,Isabella,Brown,Telluride,Colorado,81435,US,37.9615,-107.8363,new,5422,2026-03-05T12:00:00Z
558,resident.00558@example.gov,Mateo,Brown,Cortez,Colorado,81321,US,37.3789,-108.6159,standard,5459,2026-03-06T12:00:00Z
559,resident.00559@example.gov,Amelia,Brown,Denver,Colorado,80202,US,39.7752,-105.0263,preferred,5496,2026-03-07T12:00:00Z
560,resident.00560@example.gov,Ethan,Brown,Colorado Springs,Colorado,80903,US,38.8759,-104.8634,vip,5533,2026-03-08T12:00:00Z
561,resident.00561@example.gov,Ava,Nguyen,Aurora,Colorado,80012,US,39.7774,-104.8799,new,5570,2026-03-09T12:00:00Z
562,resident.00562@example.gov,James,Nguyen,Fort Collins,Colorado,80521,US,40.5373,-105.0364,standard,5607,2026-03-10T12:00:00Z
563,resident.00563@example.gov,Mia,Nguyen,Lakewood,Colorado,80226,US,39.6627,-105.0394,preferred,5644,2026-03-11T12:00:00Z
564,resident.00564@example.gov,Noah,Nguyen,Thornton,Colorado,80229,US,39.832,-104.9359,vip,5681,2026-03-12T12:00:00Z
565,resident.00565@example.gov,Sophia,Nguyen,Pueblo,Colorado,81003,US,38.2244,-104.5791,new,5718,2026-03-13T12:00:00Z
566,resident.00566@example.gov,Liam,Nguyen,Boulder,Colorado,80302,US,39.991,-105.2465,standard,5755,2026-03-14T12:00:00Z
567,resident.00567@example.gov,Isabella,Nguyen,Greeley,Colorado,80631,US,40.4053,-104.6911,preferred,5792,2026-03-15T12:00:00Z
568,resident.00568@example.gov,Mateo,Nguyen,Castle Rock,Colorado,80104,US,39.3602,-104.8441,vip,5829,2026-03-16T12:00:00Z
569,resident.00569@example.gov,Amelia,Nguyen,Grand Junction,Colorado,81501,US,39.0579,-108.5446,new,5866,2026-03-17T12:00:00Z
570,resident.00570@example.gov,Ethan,Nguyen,Broomfield,Colorado,80020,US,39.9205,-105.0867,standard,5903,2026-03-18T12:00:00Z
571,resident.00571@example.gov,Ava,Williams,Durango,Colorado,81301,US,37.2813,-107.8861,preferred,5940,2026-03-19T12:00:00Z
572,resident.00572@example.gov,James,Williams,Montrose,Colorado,81401,US,38.4903,-107.8882,vip,5977,2026-03-20T12:00:00Z
573,resident.00573@example.gov,Mia,Williams,Steamboat Springs,Colorado,80487,US,40.503,-106.8497,new,6014,2026-03-21T12:00:00Z
574,resident.00574@example.gov,Noah,Williams,Alamosa,Colorado,81101,US,37.4935,-105.894,standard,6051,2026-03-22T12:00:00Z
575,resident.00575@example.gov,Sophia,Williams,Glenwood Springs,Colorado,81601,US,39.5805,-107.3548,preferred,6088,2026-03-23T12:00:00Z
576,resident.00576@example.gov,Liam,Williams,Idaho Springs,Colorado,80452,US,39.7785,-105.5496,vip,6125,2026-03-24T12:00:00Z
577,resident.00577@example.gov,Isabella,Williams,Cañon City,Colorado,81212,US,38.4914,-105.2673,new,6162,2026-03-25T12:00:00Z
578,resident.00578@example.gov,Mateo,Williams,Salida,Colorado,81201,US,38.5827,-106.0469,standard,6199,2026-03-26T12:00:00Z
579,resident.00579@example.gov,Amelia,Williams,Gunnison,Colorado,81230,US,38.4978,-106.8773,preferred,6236,2026-03-27T12:00:00Z
580,resident.00580@example.gov,Ethan,Williams,Leadville,Colorado,80461,US,39.2088,-106.2505,vip,6273,2026-03-28T12:00:00Z
581,resident.00581@example.gov,Ava,Davis,Walsenburg,Colorado,81089,US,37.5882,-104.7443,new,6310,2026-03-29T12:00:00Z
582,resident.00582@example.gov,James,Davis,Trinidad,Colorado,81082,US,37.1395,-104.4705,standard,6347,2026-03-30T12:00:00Z
583,resident.00583@example.gov,Mia,Davis,Sterling,Colorado,80751,US,40.6015,-103.1837,preferred,6384,2026-03-31T12:00:00Z
584,resident.00584@example.gov,Noah,Davis,Fort Morgan,Colorado,80701,US,40.2323,-103.7819,vip,6421,2026-04-01T12:00:00Z
585,resident.00585@example.gov,Sophia,Davis,Yuma,Colorado,80759,US,40.1102,-102.7132,new,6458,2026-04-02T12:00:00Z
586,resident.00586@example.gov,Liam,Davis,Burlington,Colorado,80807,US,39.3001,-102.2634,standard,6495,2026-04-03T12:00:00Z
587,resident.00587@example.gov,Isabella,Davis,Craig,Colorado,81625,US,40.5153,-107.5464,preferred,6532,2026-04-04T12:00:00Z
588,resident.00588@example.gov,Mateo,Davis,Telluride,Colorado,81435,US,37.9435,-107.8183,vip,6569,2026-04-05T12:00:00Z
589,resident.00589@example.gov,Amelia,Davis,Cortez,Colorado,81321,US,37.3609,-108.5979,new,6606,2026-04-06T12:00:00Z
590,resident.00590@example.gov,Ethan,Davis,Denver,Colorado,80202,US,39.7572,-105.0083,standard,6643,2026-04-07T12:00:00Z
591,resident.00591@example.gov,Ava,Lopez,Colorado Springs,Colorado,80903,US,38.8579,-104.8454,preferred,6680,2026-04-08T12:00:00Z
592,resident.00592@example.gov,James,Lopez,Aurora,Colorado,80012,US,39.7594,-104.8619,vip,6717,2026-04-09T12:00:00Z
593,resident.00593@example.gov,Mia,Lopez,Fort Collins,Colorado,80521,US,40.6213,-105.1204,new,6754,2026-04-10T12:00:00Z
594,resident.00594@example.gov,Noah,Lopez,Lakewood,Colorado,80226,US,39.7467,-105.1234,standard,6791,2026-04-11T12:00:00Z
595,resident.00595@example.gov,Sophia,Lopez,Thornton,Colorado,80229,US,39.916,-105.0199,preferred,6828,2026-04-12T12:00:00Z
596,resident.00596@example.gov,Liam,Lopez,Pueblo,Colorado,81003,US,38.2064,-104.5611,vip,6865,2026-04-13T12:00:00Z
597,resident.00597@example.gov,Isabella,Lopez,Boulder,Colorado,80302,US,39.973,-105.2285,new,6902,2026-04-14T12:00:00Z
598,resident.00598@example.gov,Mateo,Lopez,Greeley,Colorado,80631,US,40.3873,-104.6731,standard,6939,2026-04-15T12:00:00Z
599,resident.00599@example.gov,Amelia,Lopez,Castle Rock,Colorado,80104,US,39.3422,-104.8261,preferred,6976,2026-04-16T12:00:00Z
600,resident.00600@example.gov,Ethan,Lopez,Grand Junction,Colorado,81501,US,39.0399,-108.5266,vip,7013,2026-04-17T12:00:00Z
601,resident.00601@example.gov,Ava,Martinez,Broomfield,Colorado,80020,US,39.9025,-105.0687,new,7050,2026-04-18T12:00:00Z
602,resident.00602@example.gov,James,Martinez,Durango,Colorado,81301,US,37.2633,-107.8681,standard,7087,2026-04-19T12:00:00Z
603,resident.00603@example.gov,Mia,Martinez,Montrose,Colorado,81401,US,38.4723,-107.8702,preferred,7124,2026-04-20T12:00:00Z
604,resident.00604@example.gov,Noah,Martinez,Steamboat Springs,Colorado,80487,US,40.485,-106.8317,vip,7161,2026-04-21T12:00:00Z
605,resident.00605@example.gov,Sophia,Martinez,Alamosa,Colorado,81101,US,37.4755,-105.876,new,7198,2026-04-22T12:00:00Z
606,resident.00606@example.gov,Liam,Martinez,Glenwood Springs,Colorado,81601,US,39.5625,-107.3368,standard,7235,2026-04-23T12:00:00Z
607,resident.00607@example.gov,Isabella,Martinez,Idaho Springs,Colorado,80452,US,39.7605,-105.5316,preferred,7272,2026-04-24T12:00:00Z
608,resident.00608@example.gov,Mateo,Martinez,Cañon City,Colorado,81212,US,38.4734,-105.2493,vip,7309,2026-04-25T12:00:00Z
609,resident.00609@example.gov,Amelia,Martinez,Salida,Colorado,81201,US,38.5647,-106.0289,new,7346,2026-04-26T12:00:00Z
610,resident.00610@example.gov,Ethan,Martinez,Gunnison,Colorado,81230,US,38.5818,-106.9613,standard,7383,2026-04-27T12:00:00Z
611,resident.00611@example.gov,Ava,Chen,Leadville,Colorado,80461,US,39.2928,-106.3345,preferred,7420,2026-04-28T12:00:00Z
612,resident.00612@example.gov,James,Chen,Walsenburg,Colorado,81089,US,37.6722,-104.8283,vip,7457,2026-04-29T12:00:00Z
613,resident.00613@example.gov,Mia,Chen,Trinidad,Colorado,81082,US,37.1215,-104.4525,new,7494,2026-04-30T12:00:00Z
614,resident.00614@example.gov,Noah,Chen,Sterling,Colorado,80751,US,40.5835,-103.1657,standard,7531,2026-05-01T12:00:00Z
615,resident.00615@example.gov,Sophia,Chen,Fort Morgan,Colorado,80701,US,40.2143,-103.7639,preferred,7568,2026-05-02T12:00:00Z
616,resident.00616@example.gov,Liam,Chen,Yuma,Colorado,80759,US,40.0922,-102.6952,vip,7605,2026-05-03T12:00:00Z
617,resident.00617@example.gov,Isabella,Chen,Burlington,Colorado,80807,US,39.2821,-102.2454,new,7642,2026-05-04T12:00:00Z
618,resident.00618@example.gov,Mateo,Chen,Craig,Colorado,81625,US,40.4973,-107.5284,standard,7679,2026-05-05T12:00:00Z
619,resident.00619@example.gov,Amelia,Chen,Telluride,Colorado,81435,US,37.9255,-107.8003,preferred,7716,2026-05-06T12:00:00Z
620,resident.00620@example.gov,Ethan,Chen,Cortez,Colorado,81321,US,37.3429,-108.5799,vip,7753,2026-05-07T12:00:00Z
621,resident.00621@example.gov,Ava,Johnson,Denver,Colorado,80202,US,39.7392,-104.9903,new,7790,2026-05-08T12:00:00Z
622,resident.00622@example.gov,James,Johnson,Colorado Springs,Colorado,80903,US,38.8399,-104.8274,standard,7827,2026-05-09T12:00:00Z
623,resident.00623@example.gov,Mia,Johnson,Aurora,Colorado,80012,US,39.7414,-104.8439,preferred,7864,2026-05-10T12:00:00Z
624,resident.00624@example.gov,Noah,Johnson,Fort Collins,Colorado,80521,US,40.6033,-105.1024,vip,7901,2026-05-11T12:00:00Z
625,resident.00625@example.gov,Sophia,Johnson,Lakewood,Colorado,80226,US,39.7287,-105.1054,new,7938,2026-05-12T12:00:00Z
626,resident.00626@example.gov,Liam,Johnson,Thornton,Colorado,80229,US,39.898,-105.0019,standard,7975,2026-05-13T12:00:00Z
627,resident.00627@example.gov,Isabella,Johnson,Pueblo,Colorado,81003,US,38.2904,-104.6451,preferred,8012,2026-05-14T12:00:00Z
628,resident.00628@example.gov,Mateo,Johnson,Boulder,Colorado,80302,US,40.057,-105.3125,vip,8049,2026-05-15T12:00:00Z
629,resident.00629@example.gov,Amelia,Johnson,Greeley,Colorado,80631,US,40.4713,-104.7571,new,8086,2026-05-16T12:00:00Z
630,resident.00630@example.gov,Ethan,Johnson,Castle Rock,Colorado,80104,US,39.3242,-104.8081,standard,8123,2026-05-17T12:00:00Z
631,resident.00631@example.gov,Ava,Patel,Grand Junction,Colorado,81501,US,39.0219,-108.5086,preferred,8160,2026-02-17T12:00:00Z
632,resident.00632@example.gov,James,Patel,Broomfield,Colorado,80020,US,39.8845,-105.0507,vip,8197,2026-02-18T12:00:00Z
633,resident.00633@example.gov,Mia,Patel,Durango,Colorado,81301,US,37.2453,-107.8501,new,8234,2026-02-19T12:00:00Z
634,resident.00634@example.gov,Noah,Patel,Montrose,Colorado,81401,US,38.4543,-107.8522,standard,471,2026-02-20T12:00:00Z
635,resident.00635@example.gov,Sophia,Patel,Steamboat Springs,Colorado,80487,US,40.467,-106.8137,preferred,508,2026-02-21T12:00:00Z
636,resident.00636@example.gov,Liam,Patel,Alamosa,Colorado,81101,US,37.4575,-105.858,vip,545,2026-02-22T12:00:00Z
637,resident.00637@example.gov,Isabella,Patel,Glenwood Springs,Colorado,81601,US,39.5445,-107.3188,new,582,2026-02-23T12:00:00Z
638,resident.00638@example.gov,Mateo,Patel,Idaho Springs,Colorado,80452,US,39.7425,-105.5136,standard,619,2026-02-24T12:00:00Z
639,resident.00639@example.gov,Amelia,Patel,Cañon City,Colorado,81212,US,38.4554,-105.2313,preferred,656,2026-02-25T12:00:00Z
640,resident.00640@example.gov,Ethan,Patel,Salida,Colorado,81201,US,38.5467,-106.0109,vip,693,2026-02-26T12:00:00Z
641,resident.00641@example.gov,Ava,Garcia,Gunnison,Colorado,81230,US,38.5638,-106.9433,new,730,2026-02-27T12:00:00Z
642,resident.00642@example.gov,James,Garcia,Leadville,Colorado,80461,US,39.2748,-106.3165,standard,767,2026-02-28T12:00:00Z
643,resident.00643@example.gov,Mia,Garcia,Walsenburg,Colorado,81089,US,37.6542,-104.8103,preferred,804,2026-03-01T12:00:00Z
644,resident.00644@example.gov,Noah,Garcia,Trinidad,Colorado,81082,US,37.2055,-104.5365,vip,841,2026-03-02T12:00:00Z
645,resident.00645@example.gov,Sophia,Garcia,Sterling,Colorado,80751,US,40.6675,-103.2497,new,878,2026-03-03T12:00:00Z
646,resident.00646@example.gov,Liam,Garcia,Fort Morgan,Colorado,80701,US,40.2983,-103.8479,standard,915,2026-03-04T12:00:00Z
647,resident.00647@example.gov,Isabella,Garcia,Yuma,Colorado,80759,US,40.0742,-102.6772,preferred,952,2026-03-05T12:00:00Z
648,resident.00648@example.gov,Mateo,Garcia,Burlington,Colorado,80807,US,39.2641,-102.2274,vip,989,2026-03-06T12:00:00Z
649,resident.00649@example.gov,Amelia,Garcia,Craig,Colorado,81625,US,40.4793,-107.5104,new,1026,2026-03-07T12:00:00Z
650,resident.00650@example.gov,Ethan,Garcia,Telluride,Colorado,81435,US,37.9075,-107.7823,standard,1063,2026-03-08T12:00:00Z
651,resident.00651@example.gov,Ava,Brown,Cortez,Colorado,81321,US,37.3249,-108.5619,preferred,1100,2026-03-09T12:00:00Z
652,resident.00652@example.gov,James,Brown,Denver,Colorado,80202,US,39.7212,-104.9723,vip,1137,2026-03-10T12:00:00Z
653,resident.00653@example.gov,Mia,Brown,Colorado Springs,Colorado,80903,US,38.8219,-104.8094,new,1174,2026-03-11T12:00:00Z
654,resident.00654@example.gov,Noah,Brown,Aurora,Colorado,80012,US,39.7234,-104.8259,standard,1211,2026-03-12T12:00:00Z
655,resident.00655@example.gov,Sophia,Brown,Fort Collins,Colorado,80521,US,40.5853,-105.0844,preferred,1248,2026-03-13T12:00:00Z
656,resident.00656@example.gov,Liam,Brown,Lakewood,Colorado,80226,US,39.7107,-105.0874,vip,1285,2026-03-14T12:00:00Z
657,resident.00657@example.gov,Isabella,Brown,Thornton,Colorado,80229,US,39.88,-104.9839,new,1322,2026-03-15T12:00:00Z
658,resident.00658@example.gov,Mateo,Brown,Pueblo,Colorado,81003,US,38.2724,-104.6271,standard,1359,2026-03-16T12:00:00Z
659,resident.00659@example.gov,Amelia,Brown,Boulder,Colorado,80302,US,40.039,-105.2945,preferred,1396,2026-03-17T12:00:00Z
660,resident.00660@example.gov,Ethan,Brown,Greeley,Colorado,80631,US,40.4533,-104.7391,vip,1433,2026-03-18T12:00:00Z
661,resident.00661@example.gov,Ava,Nguyen,Castle Rock,Colorado,80104,US,39.4082,-104.8921,new,1470,2026-03-19T12:00:00Z
662,resident.00662@example.gov,James,Nguyen,Grand Junction,Colorado,81501,US,39.1059,-108.5926,standard,1507,2026-03-20T12:00:00Z
663,resident.00663@example.gov,Mia,Nguyen,Broomfield,Colorado,80020,US,39.9685,-105.1347,preferred,1544,2026-03-21T12:00:00Z
664,resident.00664@example.gov,Noah,Nguyen,Durango,Colorado,81301,US,37.2273,-107.8321,vip,1581,2026-03-22T12:00:00Z
665,resident.00665@example.gov,Sophia,Nguyen,Montrose,Colorado,81401,US,38.4363,-107.8342,new,1618,2026-03-23T12:00:00Z
666,resident.00666@example.gov,Liam,Nguyen,Steamboat Springs,Colorado,80487,US,40.449,-106.7957,standard,1655,2026-03-24T12:00:00Z
667,resident.00667@example.gov,Isabella,Nguyen,Alamosa,Colorado,81101,US,37.4395,-105.84,preferred,1692,2026-03-25T12:00:00Z
668,resident.00668@example.gov,Mateo,Nguyen,Glenwood Springs,Colorado,81601,US,39.5265,-107.3008,vip,1729,2026-03-26T12:00:00Z
669,resident.00669@example.gov,Amelia,Nguyen,Idaho Springs,Colorado,80452,US,39.7245,-105.4956,new,1766,2026-03-27T12:00:00Z
670,resident.00670@example.gov,Ethan,Nguyen,Cañon City,Colorado,81212,US,38.4374,-105.2133,standard,1803,2026-03-28T12:00:00Z
671,resident.00671@example.gov,Ava,Williams,Salida,Colorado,81201,US,38.5287,-105.9929,preferred,1840,2026-03-29T12:00:00Z
672,resident.00672@example.gov,James,Williams,Gunnison,Colorado,81230,US,38.5458,-106.9253,vip,1877,2026-03-30T12:00:00Z
673,resident.00673@example.gov,Mia,Williams,Leadville,Colorado,80461,US,39.2568,-106.2985,new,1914,2026-03-31T12:00:00Z
674,resident.00674@example.gov,Noah,Williams,Walsenburg,Colorado,81089,US,37.6362,-104.7923,standard,1951,2026-04-01T12:00:00Z
675,resident.00675@example.gov,Sophia,Williams,Trinidad,Colorado,81082,US,37.1875,-104.5185,preferred,1988,2026-04-02T12:00:00Z
676,resident.00676@example.gov,Liam,Williams,Sterling,Colorado,80751,US,40.6495,-103.2317,vip,2025,2026-04-03T12:00:00Z
677,resident.00677@example.gov,Isabella,Williams,Fort Morgan,Colorado,80701,US,40.2803,-103.8299,new,2062,2026-04-04T12:00:00Z
678,resident.00678@example.gov,Mateo,Williams,Yuma,Colorado,80759,US,40.1582,-102.7612,standard,2099,2026-04-05T12:00:00Z
679,resident.00679@example.gov,Amelia,Williams,Burlington,Colorado,80807,US,39.3481,-102.3114,preferred,2136,2026-04-06T12:00:00Z
680,resident.00680@example.gov,Ethan,Williams,Craig,Colorado,81625,US,40.5633,-107.5944,vip,2173,2026-04-07T12:00:00Z
681,resident.00681@example.gov,Ava,Davis,Telluride,Colorado,81435,US,37.8895,-107.7643,new,2210,2026-04-08T12:00:00Z
682,resident.00682@example.gov,James,Davis,Cortez,Colorado,81321,US,37.3069,-108.5439,standard,2247,2026-04-09T12:00:00Z
683,resident.00683@example.gov,Mia,Davis,Denver,Colorado,80202,US,39.7032,-104.9543,preferred,2284,2026-04-10T12:00:00Z
684,resident.00684@example.gov,Noah,Davis,Colorado Springs,Colorado,80903,US,38.8039,-104.7914,vip,2321,2026-04-11T12:00:00Z
685,resident.00685@example.gov,Sophia,Davis,Aurora,Colorado,80012,US,39.7054,-104.8079,new,2358,2026-04-12T12:00:00Z
686,resident.00686@example.gov,Liam,Davis,Fort Collins,Colorado,80521,US,40.5673,-105.0664,standard,2395,2026-04-13T12:00:00Z
687,resident.00687@example.gov,Isabella,Davis,Lakewood,Colorado,80226,US,39.6927,-105.0694,preferred,2432,2026-04-14T12:00:00Z
688,resident.00688@example.gov,Mateo,Davis,Thornton,Colorado,80229,US,39.862,-104.9659,vip,2469,2026-04-15T12:00:00Z
689,resident.00689@example.gov,Amelia,Davis,Pueblo,Colorado,81003,US,38.2544,-104.6091,new,2506,2026-04-16T12:00:00Z
690,resident.00690@example.gov,Ethan,Davis,Boulder,Colorado,80302,US,40.021,-105.2765,standard,2543,2026-04-17T12:00:00Z
691,resident.00691@example.gov,Ava,Lopez,Greeley,Colorado,80631,US,40.4353,-104.7211,preferred,2580,2026-04-18T12:00:00Z
692,resident.00692@example.gov,James,Lopez,Castle Rock,Colorado,80104,US,39.3902,-104.8741,vip,2617,2026-04-19T12:00:00Z
693,resident.00693@example.gov,Mia,Lopez,Grand Junction,Colorado,81501,US,39.0879,-108.5746,new,2654,2026-04-20T12:00:00Z
694,resident.00694@example.gov,Noah,Lopez,Broomfield,Colorado,80020,US,39.9505,-105.1167,standard,2691,2026-04-21T12:00:00Z
695,resident.00695@example.gov,Sophia,Lopez,Durango,Colorado,81301,US,37.3113,-107.9161,preferred,2728,2026-04-22T12:00:00Z
696,resident.00696@example.gov,Liam,Lopez,Montrose,Colorado,81401,US,38.5203,-107.9182,vip,2765,2026-04-23T12:00:00Z
697,resident.00697@example.gov,Isabella,Lopez,Steamboat Springs,Colorado,80487,US,40.533,-106.8797,new,2802,2026-04-24T12:00:00Z
698,resident.00698@example.gov,Mateo,Lopez,Alamosa,Colorado,81101,US,37.4215,-105.822,standard,2839,2026-04-25T12:00:00Z
699,resident.00699@example.gov,Amelia,Lopez,Glenwood Springs,Colorado,81601,US,39.5085,-107.2828,preferred,2876,2026-04-26T12:00:00Z
700,resident.00700@example.gov,Ethan,Lopez,Idaho Springs,Colorado,80452,US,39.7065,-105.4776,vip,2913,2026-04-27T12:00:00Z
701,resident.00701@example.gov,Ava,Martinez,Cañon City,Colorado,81212,US,38.4194,-105.1953,new,2950,2026-04-28T12:00:00Z
702,resident.00702@example.gov,James,Martinez,Salida,Colorado,81201,US,38.5107,-105.9749,standard,2987,2026-04-29T12:00:00Z
703,resident.00703@example.gov,Mia,Martinez,Gunnison,Colorado,81230,US,38.5278,-106.9073,preferred,3024,2026-04-30T12:00:00Z
704,resident.00704@example.gov,Noah,Martinez,Leadville,Colorado,80461,US,39.2388,-106.2805,vip,3061,2026-05-01T12:00:00Z
705,resident.00705@example.gov,Sophia,Martinez,Walsenburg,Colorado,81089,US,37.6182,-104.7743,new,3098,2026-05-02T12:00:00Z
706,resident.00706@example.gov,Liam,Martinez,Trinidad,Colorado,81082,US,37.1695,-104.5005,standard,3135,2026-05-03T12:00:00Z
707,resident.00707@example.gov,Isabella,Martinez,Sterling,Colorado,80751,US,40.6315,-103.2137,preferred,3172,2026-05-04T12:00:00Z
708,resident.00708@example.gov,Mateo,Martinez,Fort Morgan,Colorado,80701,US,40.2623,-103.8119,vip,3209,2026-05-05T12:00:00Z
709,resident.00709@example.gov,Amelia,Martinez,Yuma,Colorado,80759,US,40.1402,-102.7432,new,3246,2026-05-06T12:00:00Z
710,resident.00710@example.gov,Ethan,Martinez,Burlington,Colorado,80807,US,39.3301,-102.2934,standard,3283,2026-05-07T12:00:00Z
711,resident.00711@example.gov,Ava,Chen,Craig,Colorado,81625,US,40.5453,-107.5764,preferred,3320,2026-05-08T12:00:00Z
712,resident.00712@example.gov,James,Chen,Telluride,Colorado,81435,US,37.9735,-107.8483,vip,3357,2026-05-09T12:00:00Z
713,resident.00713@example.gov,Mia,Chen,Cortez,Colorado,81321,US,37.3909,-108.6279,new,3394,2026-05-10T12:00:00Z
714,resident.00714@example.gov,Noah,Chen,Denver,Colorado,80202,US,39.7872,-105.0383,standard,3431,2026-05-11T12:00:00Z
715,resident.00715@example.gov,Sophia,Chen,Colorado Springs,Colorado,80903,US,38.7859,-104.7734,preferred,3468,2026-05-12T12:00:00Z
716,resident.00716@example.gov,Liam,Chen,Aurora,Colorado,80012,US,39.6874,-104.7899,vip,3505,2026-05-13T12:00:00Z
717,resident.00717@example.gov,Isabella,Chen,Fort Collins,Colorado,80521,US,40.5493,-105.0484,new,3542,2026-05-14T12:00:00Z
718,resident.00718@example.gov,Mateo,Chen,Lakewood,Colorado,80226,US,39.6747,-105.0514,standard,3579,2026-05-15T12:00:00Z
719,resident.00719@example.gov,Amelia,Chen,Thornton,Colorado,80229,US,39.844,-104.9479,preferred,3616,2026-05-16T12:00:00Z
720,resident.00720@example.gov,Ethan,Chen,Pueblo,Colorado,81003,US,38.2364,-104.5911,vip,3653,2026-05-17T12:00:00Z
721,resident.00721@example.gov,Ava,Johnson,Boulder,Colorado,80302,US,40.003,-105.2585,new,3690,2026-02-17T12:00:00Z
722,resident.00722@example.gov,James,Johnson,Greeley,Colorado,80631,US,40.4173,-104.7031,standard,3727,2026-02-18T12:00:00Z
723,resident.00723@example.gov,Mia,Johnson,Castle Rock,Colorado,80104,US,39.3722,-104.8561,preferred,3764,2026-02-19T12:00:00Z
724,resident.00724@example.gov,Noah,Johnson,Grand Junction,Colorado,81501,US,39.0699,-108.5566,vip,3801,2026-02-20T12:00:00Z
725,resident.00725@example.gov,Sophia,Johnson,Broomfield,Colorado,80020,US,39.9325,-105.0987,new,3838,2026-02-21T12:00:00Z
726,resident.00726@example.gov,Liam,Johnson,Durango,Colorado,81301,US,37.2933,-107.8981,standard,3875,2026-02-22T12:00:00Z
727,resident.00727@example.gov,Isabella,Johnson,Montrose,Colorado,81401,US,38.5023,-107.9002,preferred,3912,2026-02-23T12:00:00Z
728,resident.00728@example.gov,Mateo,Johnson,Steamboat Springs,Colorado,80487,US,40.515,-106.8617,vip,3949,2026-02-24T12:00:00Z
729,resident.00729@example.gov,Amelia,Johnson,Alamosa,Colorado,81101,US,37.5055,-105.906,new,3986,2026-02-25T12:00:00Z
730,resident.00730@example.gov,Ethan,Johnson,Glenwood Springs,Colorado,81601,US,39.5925,-107.3668,standard,4023,2026-02-26T12:00:00Z
731,resident.00731@example.gov,Ava,Patel,Idaho Springs,Colorado,80452,US,39.7905,-105.5616,preferred,4060,2026-02-27T12:00:00Z
732,resident.00732@example.gov,James,Patel,Cañon City,Colorado,81212,US,38.4014,-105.1773,vip,4097,2026-02-28T12:00:00Z
733,resident.00733@example.gov,Mia,Patel,Salida,Colorado,81201,US,38.4927,-105.9569,new,4134,2026-03-01T12:00:00Z
734,resident.00734@example.gov,Noah,Patel,Gunnison,Colorado,81230,US,38.5098,-106.8893,standard,4171,2026-03-02T12:00:00Z
735,resident.00735@example.gov,Sophia,Patel,Leadville,Colorado,80461,US,39.2208,-106.2625,preferred,4208,2026-03-03T12:00:00Z
736,resident.00736@example.gov,Liam,Patel,Walsenburg,Colorado,81089,US,37.6002,-104.7563,vip,4245,2026-03-04T12:00:00Z
737,resident.00737@example.gov,Isabella,Patel,Trinidad,Colorado,81082,US,37.1515,-104.4825,new,4282,2026-03-05T12:00:00Z
738,resident.00738@example.gov,Mateo,Patel,Sterling,Colorado,80751,US,40.6135,-103.1957,standard,4319,2026-03-06T12:00:00Z
739,resident.00739@example.gov,Amelia,Patel,Fort Morgan,Colorado,80701,US,40.2443,-103.7939,preferred,4356,2026-03-07T12:00:00Z
740,resident.00740@example.gov,Ethan,Patel,Yuma,Colorado,80759,US,40.1222,-102.7252,vip,4393,2026-03-08T12:00:00Z
741,resident.00741@example.gov,Ava,Garcia,Burlington,Colorado,80807,US,39.3121,-102.2754,new,4430,2026-03-09T12:00:00Z
742,resident.00742@example.gov,James,Garcia,Craig,Colorado,81625,US,40.5273,-107.5584,standard,4467,2026-03-10T12:00:00Z
743,resident.00743@example.gov,Mia,Garcia,Telluride,Colorado,81435,US,37.9555,-107.8303,preferred,4504,2026-03-11T12:00:00Z
744,resident.00744@example.gov,Noah,Garcia,Cortez,Colorado,81321,US,37.3729,-108.6099,vip,4541,2026-03-12T12:00:00Z
745,resident.00745@example.gov,Sophia,Garcia,Denver,Colorado,80202,US,39.7692,-105.0203,new,4578,2026-03-13T12:00:00Z
746,resident.00746@example.gov,Liam,Garcia,Colorado Springs,Colorado,80903,US,38.8699,-104.8574,standard,4615,2026-03-14T12:00:00Z
747,resident.00747@example.gov,Isabella,Garcia,Aurora,Colorado,80012,US,39.7714,-104.8739,preferred,4652,2026-03-15T12:00:00Z
748,resident.00748@example.gov,Mateo,Garcia,Fort Collins,Colorado,80521,US,40.6333,-105.1324,vip,4689,2026-03-16T12:00:00Z
749,resident.00749@example.gov,Amelia,Garcia,Lakewood,Colorado,80226,US,39.6567,-105.0334,new,4726,2026-03-17T12:00:00Z
750,resident.00750@example.gov,Ethan,Garcia,Thornton,Colorado,80229,US,39.826,-104.9299,standard,4763,2026-03-18T12:00:00Z
751,resident.00751@example.gov,Ava,Brown,Pueblo,Colorado,81003,US,38.2184,-104.5731,preferred,4800,2026-03-19T12:00:00Z
752,resident.00752@example.gov,James,Brown,Boulder,Colorado,80302,US,39.985,-105.2405,vip,4837,2026-03-20T12:00:00Z
753,resident.00753@example.gov,Mia,Brown,Greeley,Colorado,80631,US,40.3993,-104.6851,new,4874,2026-03-21T12:00:00Z
754,resident.00754@example.gov,Noah,Brown,Castle Rock,Colorado,80104,US,39.3542,-104.8381,standard,4911,2026-03-22T12:00:00Z
755,resident.00755@example.gov,Sophia,Brown,Grand Junction,Colorado,81501,US,39.0519,-108.5386,preferred,4948,2026-03-23T12:00:00Z
756,resident.00756@example.gov,Liam,Brown,Broomfield,Colorado,80020,US,39.9145,-105.0807,vip,4985,2026-03-24T12:00:00Z
757,resident.00757@example.gov,Isabella,Brown,Durango,Colorado,81301,US,37.2753,-107.8801,new,5022,2026-03-25T12:00:00Z
758,resident.00758@example.gov,Mateo,Brown,Montrose,Colorado,81401,US,38.4843,-107.8822,standard,5059,2026-03-26T12:00:00Z
759,resident.00759@example.gov,Amelia,Brown,Steamboat Springs,Colorado,80487,US,40.497,-106.8437,preferred,5096,2026-03-27T12:00:00Z
760,resident.00760@example.gov,Ethan,Brown,Alamosa,Colorado,81101,US,37.4875,-105.888,vip,5133,2026-03-28T12:00:00Z
761,resident.00761@example.gov,Ava,Nguyen,Glenwood Springs,Colorado,81601,US,39.5745,-107.3488,new,5170,2026-03-29T12:00:00Z
762,resident.00762@example.gov,James,Nguyen,Idaho Springs,Colorado,80452,US,39.7725,-105.5436,standard,5207,2026-03-30T12:00:00Z
763,resident.00763@example.gov,Mia,Nguyen,Cañon City,Colorado,81212,US,38.4854,-105.2613,preferred,5244,2026-03-31T12:00:00Z
764,resident.00764@example.gov,Noah,Nguyen,Salida,Colorado,81201,US,38.5767,-106.0409,vip,5281,2026-04-01T12:00:00Z
765,resident.00765@example.gov,Sophia,Nguyen,Gunnison,Colorado,81230,US,38.5938,-106.9733,new,5318,2026-04-02T12:00:00Z
766,resident.00766@example.gov,Liam,Nguyen,Leadville,Colorado,80461,US,39.2028,-106.2445,standard,5355,2026-04-03T12:00:00Z
767,resident.00767@example.gov,Isabella,Nguyen,Walsenburg,Colorado,81089,US,37.5822,-104.7383,preferred,5392,2026-04-04T12:00:00Z
768,resident.00768@example.gov,Mateo,Nguyen,Trinidad,Colorado,81082,US,37.1335,-104.4645,vip,5429,2026-04-05T12:00:00Z
769,resident.00769@example.gov,Amelia,Nguyen,Sterling,Colorado,80751,US,40.5955,-103.1777,new,5466,2026-04-06T12:00:00Z
770,resident.00770@example.gov,Ethan,Nguyen,Fort Morgan,Colorado,80701,US,40.2263,-103.7759,standard,5503,2026-04-07T12:00:00Z
771,resident.00771@example.gov,Ava,Williams,Yuma,Colorado,80759,US,40.1042,-102.7072,preferred,5540,2026-04-08T12:00:00Z
772,resident.00772@example.gov,James,Williams,Burlington,Colorado,80807,US,39.2941,-102.2574,vip,5577,2026-04-09T12:00:00Z
773,resident.00773@example.gov,Mia,Williams,Craig,Colorado,81625,US,40.5093,-107.5404,new,5614,2026-04-10T12:00:00Z
774,resident.00774@example.gov,Noah,Williams,Telluride,Colorado,81435,US,37.9375,-107.8123,standard,5651,2026-04-11T12:00:00Z
775,resident.00775@example.gov,Sophia,Williams,Cortez,Colorado,81321,US,37.3549,-108.5919,preferred,5688,2026-04-12T12:00:00Z
776,resident.00776@example.gov,Liam,Williams,Denver,Colorado,80202,US,39.7512,-105.0023,vip,5725,2026-04-13T12:00:00Z
777,resident.00777@example.gov,Isabella,Williams,Colorado Springs,Colorado,80903,US,38.8519,-104.8394,new,5762,2026-04-14T12:00:00Z
778,resident.00778@example.gov,Mateo,Williams,Aurora,Colorado,80012,US,39.7534,-104.8559,standard,5799,2026-04-15T12:00:00Z
779,resident.00779@example.gov,Amelia,Williams,Fort Collins,Colorado,80521,US,40.6153,-105.1144,preferred,5836,2026-04-16T12:00:00Z
780,resident.00780@example.gov,Ethan,Williams,Lakewood,Colorado,80226,US,39.7407,-105.1174,vip,5873,2026-04-17T12:00:00Z
781,resident.00781@example.gov,Ava,Davis,Thornton,Colorado,80229,US,39.91,-105.0139,new,5910,2026-04-18T12:00:00Z
782,resident.00782@example.gov,James,Davis,Pueblo,Colorado,81003,US,38.3024,-104.6571,standard,5947,2026-04-19T12:00:00Z
783,resident.00783@example.gov,Mia,Davis,Boulder,Colorado,80302,US,39.967,-105.2225,preferred,5984,2026-04-20T12:00:00Z
784,resident.00784@example.gov,Noah,Davis,Greeley,Colorado,80631,US,40.3813,-104.6671,vip,6021,2026-04-21T12:00:00Z
785,resident.00785@example.gov,Sophia,Davis,Castle Rock,Colorado,80104,US,39.3362,-104.8201,new,6058,2026-04-22T12:00:00Z
786,resident.00786@example.gov,Liam,Davis,Grand Junction,Colorado,81501,US,39.0339,-108.5206,standard,6095,2026-04-23T12:00:00Z
787,resident.00787@example.gov,Isabella,Davis,Broomfield,Colorado,80020,US,39.8965,-105.0627,preferred,6132,2026-04-24T12:00:00Z
788,resident.00788@example.gov,Mateo,Davis,Durango,Colorado,81301,US,37.2573,-107.8621,vip,6169,2026-04-25T12:00:00Z
789,resident.00789@example.gov,Amelia,Davis,Montrose,Colorado,81401,US,38.4663,-107.8642,new,6206,2026-04-26T12:00:00Z
790,resident.00790@example.gov,Ethan,Davis,Steamboat Springs,Colorado,80487,US,40.479,-106.8257,standard,6243,2026-04-27T12:00:00Z
791,resident.00791@example.gov,Ava,Lopez,Alamosa,Colorado,81101,US,37.4695,-105.87,preferred,6280,2026-04-28T12:00:00Z
792,resident.00792@example.gov,James,Lopez,Glenwood Springs,Colorado,81601,US,39.5565,-107.3308,vip,6317,2026-04-29T12:00:00Z
793,resident.00793@example.gov,Mia,Lopez,Idaho Springs,Colorado,80452,US,39.7545,-105.5256,new,6354,2026-04-30T12:00:00Z
794,resident.00794@example.gov,Noah,Lopez,Cañon City,Colorado,81212,US,38.4674,-105.2433,standard,6391,2026-05-01T12:00:00Z
795,resident.00795@example.gov,Sophia,Lopez,Salida,Colorado,81201,US,38.5587,-106.0229,preferred,6428,2026-05-02T12:00:00Z
796,resident.00796@example.gov,Liam,Lopez,Gunnison,Colorado,81230,US,38.5758,-106.9553,vip,6465,2026-05-03T12:00:00Z
797,resident.00797@example.gov,Isabella,Lopez,Leadville,Colorado,80461,US,39.2868,-106.3285,new,6502,2026-05-04T12:00:00Z
798,resident.00798@example.gov,Mateo,Lopez,Walsenburg,Colorado,81089,US,37.6662,-104.8223,standard,6539,2026-05-05T12:00:00Z
799,resident.00799@example.gov,Amelia,Lopez,Trinidad,Colorado,81082,US,37.2175,-104.5485,preferred,6576,2026-05-06T12:00:00Z
800,resident.00800@example.gov,Ethan,Lopez,Sterling,Colorado,80751,US,40.5775,-103.1597,vip,6613,2026-05-07T12:00:00Z
801,resident.00801@example.gov,Ava,Martinez,Fort Morgan,Colorado,80701,US,40.2083,-103.7579,new,6650,2026-05-08T12:00:00Z
802,resident.00802@example.gov,James,Martinez,Yuma,Colorado,80759,US,40.0862,-102.6892,standard,6687,2026-05-09T12:00:00Z
803,resident.00803@example.gov,Mia,Martinez,Burlington,Colorado,80807,US,39.2761,-102.2394,preferred,6724,2026-05-10T12:00:00Z
804,resident.00804@example.gov,Noah,Martinez,Craig,Colorado,81625,US,40.4913,-107.5224,vip,6761,2026-05-11T12:00:00Z
805,resident.00805@example.gov,Sophia,Martinez,Telluride,Colorado,81435,US,37.9195,-107.7943,new,6798,2026-05-12T12:00:00Z
806,resident.00806@example.gov,Liam,Martinez,Cortez,Colorado,81321,US,37.3369,-108.5739,standard,6835,2026-05-13T12:00:00Z
807,resident.00807@example.gov,Isabella,Martinez,Denver,Colorado,80202,US,39.7332,-104.9843,preferred,6872,2026-05-14T12:00:00Z
808,resident.00808@example.gov,Mateo,Martinez,Colorado Springs,Colorado,80903,US,38.8339,-104.8214,vip,6909,2026-05-15T12:00:00Z
809,resident.00809@example.gov,Amelia,Martinez,Aurora,Colorado,80012,US,39.7354,-104.8379,new,6946,2026-05-16T12:00:00Z
810,resident.00810@example.gov,Ethan,Martinez,Fort Collins,Colorado,80521,US,40.5973,-105.0964,standard,6983,2026-05-17T12:00:00Z
811,resident.00811@example.gov,Ava,Chen,Lakewood,Colorado,80226,US,39.7227,-105.0994,preferred,7020,2026-02-17T12:00:00Z
812,resident.00812@example.gov,James,Chen,Thornton,Colorado,80229,US,39.892,-104.9959,vip,7057,2026-02-18T12:00:00Z
813,resident.00813@example.gov,Mia,Chen,Pueblo,Colorado,81003,US,38.2844,-104.6391,new,7094,2026-02-19T12:00:00Z
814,resident.00814@example.gov,Noah,Chen,Boulder,Colorado,80302,US,40.051,-105.3065,standard,7131,2026-02-20T12:00:00Z
815,resident.00815@example.gov,Sophia,Chen,Greeley,Colorado,80631,US,40.4653,-104.7511,preferred,7168,2026-02-21T12:00:00Z
816,resident.00816@example.gov,Liam,Chen,Castle Rock,Colorado,80104,US,39.4202,-104.9041,vip,7205,2026-02-22T12:00:00Z
817,resident.00817@example.gov,Isabella,Chen,Grand Junction,Colorado,81501,US,39.0159,-108.5026,new,7242,2026-02-23T12:00:00Z
818,resident.00818@example.gov,Mateo,Chen,Broomfield,Colorado,80020,US,39.8785,-105.0447,standard,7279,2026-02-24T12:00:00Z
819,resident.00819@example.gov,Amelia,Chen,Durango,Colorado,81301,US,37.2393,-107.8441,preferred,7316,2026-02-25T12:00:00Z
820,resident.00820@example.gov,Ethan,Chen,Montrose,Colorado,81401,US,38.4483,-107.8462,vip,7353,2026-02-26T12:00:00Z
821,resident.00821@example.gov,Ava,Johnson,Steamboat Springs,Colorado,80487,US,40.461,-106.8077,new,7390,2026-02-27T12:00:00Z
822,resident.00822@example.gov,James,Johnson,Alamosa,Colorado,81101,US,37.4515,-105.852,standard,7427,2026-02-28T12:00:00Z
823,resident.00823@example.gov,Mia,Johnson,Glenwood Springs,Colorado,81601,US,39.5385,-107.3128,preferred,7464,2026-03-01T12:00:00Z
824,resident.00824@example.gov,Noah,Johnson,Idaho Springs,Colorado,80452,US,39.7365,-105.5076,vip,7501,2026-03-02T12:00:00Z
825,resident.00825@example.gov,Sophia,Johnson,Cañon City,Colorado,81212,US,38.4494,-105.2253,new,7538,2026-03-03T12:00:00Z
826,resident.00826@example.gov,Liam,Johnson,Salida,Colorado,81201,US,38.5407,-106.0049,standard,7575,2026-03-04T12:00:00Z
827,resident.00827@example.gov,Isabella,Johnson,Gunnison,Colorado,81230,US,38.5578,-106.9373,preferred,7612,2026-03-05T12:00:00Z
828,resident.00828@example.gov,Mateo,Johnson,Leadville,Colorado,80461,US,39.2688,-106.3105,vip,7649,2026-03-06T12:00:00Z
829,resident.00829@example.gov,Amelia,Johnson,Walsenburg,Colorado,81089,US,37.6482,-104.8043,new,7686,2026-03-07T12:00:00Z
830,resident.00830@example.gov,Ethan,Johnson,Trinidad,Colorado,81082,US,37.1995,-104.5305,standard,7723,2026-03-08T12:00:00Z
831,resident.00831@example.gov,Ava,Patel,Sterling,Colorado,80751,US,40.6615,-103.2437,preferred,7760,2026-03-09T12:00:00Z
832,resident.00832@example.gov,James,Patel,Fort Morgan,Colorado,80701,US,40.2923,-103.8419,vip,7797,2026-03-10T12:00:00Z
833,resident.00833@example.gov,Mia,Patel,Yuma,Colorado,80759,US,40.1702,-102.7732,new,7834,2026-03-11T12:00:00Z
834,resident.00834@example.gov,Noah,Patel,Burlington,Colorado,80807,US,39.2581,-102.2214,standard,7871,2026-03-12T12:00:00Z
835,resident.00835@example.gov,Sophia,Patel,Craig,Colorado,81625,US,40.4733,-107.5044,preferred,7908,2026-03-13T12:00:00Z
836,resident.00836@example.gov,Liam,Patel,Telluride,Colorado,81435,US,37.9015,-107.7763,vip,7945,2026-03-14T12:00:00Z
837,resident.00837@example.gov,Isabella,Patel,Cortez,Colorado,81321,US,37.3189,-108.5559,new,7982,2026-03-15T12:00:00Z
838,resident.00838@example.gov,Mateo,Patel,Denver,Colorado,80202,US,39.7152,-104.9663,standard,8019,2026-03-16T12:00:00Z
839,resident.00839@example.gov,Amelia,Patel,Colorado Springs,Colorado,80903,US,38.8159,-104.8034,preferred,8056,2026-03-17T12:00:00Z
840,resident.00840@example.gov,Ethan,Patel,Aurora,Colorado,80012,US,39.7174,-104.8199,vip,8093,2026-03-18T12:00:00Z
841,resident.00841@example.gov,Ava,Garcia,Fort Collins,Colorado,80521,US,40.5793,-105.0784,new,8130,2026-03-19T12:00:00Z
842,resident.00842@example.gov,James,Garcia,Lakewood,Colorado,80226,US,39.7047,-105.0814,standard,8167,2026-03-20T12:00:00Z
843,resident.00843@example.gov,Mia,Garcia,Thornton,Colorado,80229,US,39.874,-104.9779,preferred,8204,2026-03-21T12:00:00Z
844,resident.00844@example.gov,Noah,Garcia,Pueblo,Colorado,81003,US,38.2664,-104.6211,vip,8241,2026-03-22T12:00:00Z
845,resident.00845@example.gov,Sophia,Garcia,Boulder,Colorado,80302,US,40.033,-105.2885,new,478,2026-03-23T12:00:00Z
846,resident.00846@example.gov,Liam,Garcia,Greeley,Colorado,80631,US,40.4473,-104.7331,standard,515,2026-03-24T12:00:00Z
847,resident.00847@example.gov,Isabella,Garcia,Castle Rock,Colorado,80104,US,39.4022,-104.8861,preferred,552,2026-03-25T12:00:00Z
848,resident.00848@example.gov,Mateo,Garcia,Grand Junction,Colorado,81501,US,39.0999,-108.5866,vip,589,2026-03-26T12:00:00Z
849,resident.00849@example.gov,Amelia,Garcia,Broomfield,Colorado,80020,US,39.9625,-105.1287,new,626,2026-03-27T12:00:00Z
850,resident.00850@example.gov,Ethan,Garcia,Durango,Colorado,81301,US,37.3233,-107.9281,standard,663,2026-03-28T12:00:00Z
851,resident.00851@example.gov,Ava,Brown,Montrose,Colorado,81401,US,38.4303,-107.8282,preferred,700,2026-03-29T12:00:00Z
852,resident.00852@example.gov,James,Brown,Steamboat Springs,Colorado,80487,US,40.443,-106.7897,vip,737,2026-03-30T12:00:00Z
853,resident.00853@example.gov,Mia,Brown,Alamosa,Colorado,81101,US,37.4335,-105.834,new,774,2026-03-31T12:00:00Z
854,resident.00854@example.gov,Noah,Brown,Glenwood Springs,Colorado,81601,US,39.5205,-107.2948,standard,811,2026-04-01T12:00:00Z
855,resident.00855@example.gov,Sophia,Brown,Idaho Springs,Colorado,80452,US,39.7185,-105.4896,preferred,848,2026-04-02T12:00:00Z
856,resident.00856@example.gov,Liam,Brown,Cañon City,Colorado,81212,US,38.4314,-105.2073,vip,885,2026-04-03T12:00:00Z
857,resident.00857@example.gov,Isabella,Brown,Salida,Colorado,81201,US,38.5227,-105.9869,new,922,2026-04-04T12:00:00Z
858,resident.00858@example.gov,Mateo,Brown,Gunnison,Colorado,81230,US,38.5398,-106.9193,standard,959,2026-04-05T12:00:00Z
859,resident.00859@example.gov,Amelia,Brown,Leadville,Colorado,80461,US,39.2508,-106.2925,preferred,996,2026-04-06T12:00:00Z
860,resident.00860@example.gov,Ethan,Brown,Walsenburg,Colorado,81089,US,37.6302,-104.7863,vip,1033,2026-04-07T12:00:00Z
861,resident.00861@example.gov,Ava,Nguyen,Trinidad,Colorado,81082,US,37.1815,-104.5125,new,1070,2026-04-08T12:00:00Z
862,resident.00862@example.gov,James,Nguyen,Sterling,Colorado,80751,US,40.6435,-103.2257,standard,1107,2026-04-09T12:00:00Z
863,resident.00863@example.gov,Mia,Nguyen,Fort Morgan,Colorado,80701,US,40.2743,-103.8239,preferred,1144,2026-04-10T12:00:00Z
864,resident.00864@example.gov,Noah,Nguyen,Yuma,Colorado,80759,US,40.1522,-102.7552,vip,1181,2026-04-11T12:00:00Z
865,resident.00865@example.gov,Sophia,Nguyen,Burlington,Colorado,80807,US,39.3421,-102.3054,new,1218,2026-04-12T12:00:00Z
866,resident.00866@example.gov,Liam,Nguyen,Craig,Colorado,81625,US,40.5573,-107.5884,standard,1255,2026-04-13T12:00:00Z
867,resident.00867@example.gov,Isabella,Nguyen,Telluride,Colorado,81435,US,37.9855,-107.8603,preferred,1292,2026-04-14T12:00:00Z
868,resident.00868@example.gov,Mateo,Nguyen,Cortez,Colorado,81321,US,37.3009,-108.5379,vip,1329,2026-04-15T12:00:00Z
869,resident.00869@example.gov,Amelia,Nguyen,Denver,Colorado,80202,US,39.6972,-104.9483,new,1366,2026-04-16T12:00:00Z
870,resident.00870@example.gov,Ethan,Nguyen,Colorado Springs,Colorado,80903,US,38.7979,-104.7854,standard,1403,2026-04-17T12:00:00Z
871,resident.00871@example.gov,Ava,Williams,Aurora,Colorado,80012,US,39.6994,-104.8019,preferred,1440,2026-04-18T12:00:00Z
872,resident.00872@example.gov,James,Williams,Fort Collins,Colorado,80521,US,40.5613,-105.0604,vip,1477,2026-04-19T12:00:00Z
873,resident.00873@example.gov,Mia,Williams,Lakewood,Colorado,80226,US,39.6867,-105.0634,new,1514,2026-04-20T12:00:00Z
874,resident.00874@example.gov,Noah,Williams,Thornton,Colorado,80229,US,39.856,-104.9599,standard,1551,2026-04-21T12:00:00Z
875,resident.00875@example.gov,Sophia,Williams,Pueblo,Colorado,81003,US,38.2484,-104.6031,preferred,1588,2026-04-22T12:00:00Z
876,resident.00876@example.gov,Liam,Williams,Boulder,Colorado,80302,US,40.015,-105.2705,vip,1625,2026-04-23T12:00:00Z
877,resident.00877@example.gov,Isabella,Williams,Greeley,Colorado,80631,US,40.4293,-104.7151,new,1662,2026-04-24T12:00:00Z
878,resident.00878@example.gov,Mateo,Williams,Castle Rock,Colorado,80104,US,39.3842,-104.8681,standard,1699,2026-04-25T12:00:00Z
879,resident.00879@example.gov,Amelia,Williams,Grand Junction,Colorado,81501,US,39.0819,-108.5686,preferred,1736,2026-04-26T12:00:00Z
880,resident.00880@example.gov,Ethan,Williams,Broomfield,Colorado,80020,US,39.9445,-105.1107,vip,1773,2026-04-27T12:00:00Z
881,resident.00881@example.gov,Ava,Davis,Durango,Colorado,81301,US,37.3053,-107.9101,new,1810,2026-04-28T12:00:00Z
882,resident.00882@example.gov,James,Davis,Montrose,Colorado,81401,US,38.5143,-107.9122,standard,1847,2026-04-29T12:00:00Z
883,resident.00883@example.gov,Mia,Davis,Steamboat Springs,Colorado,80487,US,40.527,-106.8737,preferred,1884,2026-04-30T12:00:00Z
884,resident.00884@example.gov,Noah,Davis,Alamosa,Colorado,81101,US,37.5175,-105.918,vip,1921,2026-05-01T12:00:00Z
885,resident.00885@example.gov,Sophia,Davis,Glenwood Springs,Colorado,81601,US,39.5025,-107.2768,new,1958,2026-05-02T12:00:00Z
886,resident.00886@example.gov,Liam,Davis,Idaho Springs,Colorado,80452,US,39.7005,-105.4716,standard,1995,2026-05-03T12:00:00Z
887,resident.00887@example.gov,Isabella,Davis,Cañon City,Colorado,81212,US,38.4134,-105.1893,preferred,2032,2026-05-04T12:00:00Z
888,resident.00888@example.gov,Mateo,Davis,Salida,Colorado,81201,US,38.5047,-105.9689,vip,2069,2026-05-05T12:00:00Z
889,resident.00889@example.gov,Amelia,Davis,Gunnison,Colorado,81230,US,38.5218,-106.9013,new,2106,2026-05-06T12:00:00Z
890,resident.00890@example.gov,Ethan,Davis,Leadville,Colorado,80461,US,39.2328,-106.2745,standard,2143,2026-05-07T12:00:00Z
891,resident.00891@example.gov,Ava,Lopez,Walsenburg,Colorado,81089,US,37.6122,-104.7683,preferred,2180,2026-05-08T12:00:00Z
892,resident.00892@example.gov,James,Lopez,Trinidad,Colorado,81082,US,37.1635,-104.4945,vip,2217,2026-05-09T12:00:00Z
893,resident.00893@example.gov,Mia,Lopez,Sterling,Colorado,80751,US,40.6255,-103.2077,new,2254,2026-05-10T12:00:00Z
894,resident.00894@example.gov,Noah,Lopez,Fort Morgan,Colorado,80701,US,40.2563,-103.8059,standard,2291,2026-05-11T12:00:00Z
895,resident.00895@example.gov,Sophia,Lopez,Yuma,Colorado,80759,US,40.1342,-102.7372,preferred,2328,2026-05-12T12:00:00Z
896,resident.00896@example.gov,Liam,Lopez,Burlington,Colorado,80807,US,39.3241,-102.2874,vip,2365,2026-05-13T12:00:00Z
897,resident.00897@example.gov,Isabella,Lopez,Craig,Colorado,81625,US,40.5393,-107.5704,new,2402,2026-05-14T12:00:00Z
898,resident.00898@example.gov,Mateo,Lopez,Telluride,Colorado,81435,US,37.9675,-107.8423,standard,2439,2026-05-15T12:00:00Z
899,resident.00899@example.gov,Amelia,Lopez,Cortez,Colorado,81321,US,37.3849,-108.6219,preferred,2476,2026-05-16T12:00:00Z
900,resident.00900@example.gov,Ethan,Lopez,Denver,Colorado,80202,US,39.7812,-105.0323,vip,2513,2026-05-17T12:00:00Z
901,resident.00901@example.gov,Ava,Martinez,Colorado Springs,Colorado,80903,US,38.8819,-104.8694,new,2550,2026-02-17T12:00:00Z
902,resident.00902@example.gov,James,Martinez,Aurora,Colorado,80012,US,39.6814,-104.7839,standard,2587,2026-02-18T12:00:00Z
903,resident.00903@example.gov,Mia,Martinez,Fort Collins,Colorado,80521,US,40.5433,-105.0424,preferred,2624,2026-02-19T12:00:00Z
904,resident.00904@example.gov,Noah,Martinez,Lakewood,Colorado,80226,US,39.6687,-105.0454,vip,2661,2026-02-20T12:00:00Z
905,resident.00905@example.gov,Sophia,Martinez,Thornton,Colorado,80229,US,39.838,-104.9419,new,2698,2026-02-21T12:00:00Z
906,resident.00906@example.gov,Liam,Martinez,Pueblo,Colorado,81003,US,38.2304,-104.5851,standard,2735,2026-02-22T12:00:00Z
907,resident.00907@example.gov,Isabella,Martinez,Boulder,Colorado,80302,US,39.997,-105.2525,preferred,2772,2026-02-23T12:00:00Z
908,resident.00908@example.gov,Mateo,Martinez,Greeley,Colorado,80631,US,40.4113,-104.6971,vip,2809,2026-02-24T12:00:00Z
909,resident.00909@example.gov,Amelia,Martinez,Castle Rock,Colorado,80104,US,39.3662,-104.8501,new,2846,2026-02-25T12:00:00Z
910,resident.00910@example.gov,Ethan,Martinez,Grand Junction,Colorado,81501,US,39.0639,-108.5506,standard,2883,2026-02-26T12:00:00Z
911,resident.00911@example.gov,Ava,Chen,Broomfield,Colorado,80020,US,39.9265,-105.0927,preferred,2920,2026-02-27T12:00:00Z
912,resident.00912@example.gov,James,Chen,Durango,Colorado,81301,US,37.2873,-107.8921,vip,2957,2026-02-28T12:00:00Z
913,resident.00913@example.gov,Mia,Chen,Montrose,Colorado,81401,US,38.4963,-107.8942,new,2994,2026-03-01T12:00:00Z
914,resident.00914@example.gov,Noah,Chen,Steamboat Springs,Colorado,80487,US,40.509,-106.8557,standard,3031,2026-03-02T12:00:00Z
915,resident.00915@example.gov,Sophia,Chen,Alamosa,Colorado,81101,US,37.4995,-105.9,preferred,3068,2026-03-03T12:00:00Z
916,resident.00916@example.gov,Liam,Chen,Glenwood Springs,Colorado,81601,US,39.5865,-107.3608,vip,3105,2026-03-04T12:00:00Z
917,resident.00917@example.gov,Isabella,Chen,Idaho Springs,Colorado,80452,US,39.7845,-105.5556,new,3142,2026-03-05T12:00:00Z
918,resident.00918@example.gov,Mateo,Chen,Cañon City,Colorado,81212,US,38.4974,-105.2733,standard,3179,2026-03-06T12:00:00Z
919,resident.00919@example.gov,Amelia,Chen,Salida,Colorado,81201,US,38.4867,-105.9509,preferred,3216,2026-03-07T12:00:00Z
920,resident.00920@example.gov,Ethan,Chen,Gunnison,Colorado,81230,US,38.5038,-106.8833,vip,3253,2026-03-08T12:00:00Z
921,resident.00921@example.gov,Ava,Johnson,Leadville,Colorado,80461,US,39.2148,-106.2565,new,3290,2026-03-09T12:00:00Z
922,resident.00922@example.gov,James,Johnson,Walsenburg,Colorado,81089,US,37.5942,-104.7503,standard,3327,2026-03-10T12:00:00Z
923,resident.00923@example.gov,Mia,Johnson,Trinidad,Colorado,81082,US,37.1455,-104.4765,preferred,3364,2026-03-11T12:00:00Z
924,resident.00924@example.gov,Noah,Johnson,Sterling,Colorado,80751,US,40.6075,-103.1897,vip,3401,2026-03-12T12:00:00Z
925,resident.00925@example.gov,Sophia,Johnson,Fort Morgan,Colorado,80701,US,40.2383,-103.7879,new,3438,2026-03-13T12:00:00Z
926,resident.00926@example.gov,Liam,Johnson,Yuma,Colorado,80759,US,40.1162,-102.7192,standard,3475,2026-03-14T12:00:00Z
927,resident.00927@example.gov,Isabella,Johnson,Burlington,Colorado,80807,US,39.3061,-102.2694,preferred,3512,2026-03-15T12:00:00Z
928,resident.00928@example.gov,Mateo,Johnson,Craig,Colorado,81625,US,40.5213,-107.5524,vip,3549,2026-03-16T12:00:00Z
929,resident.00929@example.gov,Amelia,Johnson,Telluride,Colorado,81435,US,37.9495,-107.8243,new,3586,2026-03-17T12:00:00Z
930,resident.00930@example.gov,Ethan,Johnson,Cortez,Colorado,81321,US,37.3669,-108.6039,standard,3623,2026-03-18T12:00:00Z
931,resident.00931@example.gov,Ava,Patel,Denver,Colorado,80202,US,39.7632,-105.0143,preferred,3660,2026-03-19T12:00:00Z
932,resident.00932@example.gov,James,Patel,Colorado Springs,Colorado,80903,US,38.8639,-104.8514,vip,3697,2026-03-20T12:00:00Z
933,resident.00933@example.gov,Mia,Patel,Aurora,Colorado,80012,US,39.7654,-104.8679,new,3734,2026-03-21T12:00:00Z
934,resident.00934@example.gov,Noah,Patel,Fort Collins,Colorado,80521,US,40.6273,-105.1264,standard,3771,2026-03-22T12:00:00Z
935,resident.00935@example.gov,Sophia,Patel,Lakewood,Colorado,80226,US,39.7527,-105.1294,preferred,3808,2026-03-23T12:00:00Z
936,resident.00936@example.gov,Liam,Patel,Thornton,Colorado,80229,US,39.82,-104.9239,vip,3845,2026-03-24T12:00:00Z
937,resident.00937@example.gov,Isabella,Patel,Pueblo,Colorado,81003,US,38.2124,-104.5671,new,3882,2026-03-25T12:00:00Z
938,resident.00938@example.gov,Mateo,Patel,Boulder,Colorado,80302,US,39.979,-105.2345,standard,3919,2026-03-26T12:00:00Z
939,resident.00939@example.gov,Amelia,Patel,Greeley,Colorado,80631,US,40.3933,-104.6791,preferred,3956,2026-03-27T12:00:00Z
940,resident.00940@example.gov,Ethan,Patel,Castle Rock,Colorado,80104,US,39.3482,-104.8321,vip,3993,2026-03-28T12:00:00Z
941,resident.00941@example.gov,Ava,Garcia,Grand Junction,Colorado,81501,US,39.0459,-108.5326,new,4030,2026-03-29T12:00:00Z
942,resident.00942@example.gov,James,Garcia,Broomfield,Colorado,80020,US,39.9085,-105.0747,standard,4067,2026-03-30T12:00:00Z
943,resident.00943@example.gov,Mia,Garcia,Durango,Colorado,81301,US,37.2693,-107.8741,preferred,4104,2026-03-31T12:00:00Z
944,resident.00944@example.gov,Noah,Garcia,Montrose,Colorado,81401,US,38.4783,-107.8762,vip,4141,2026-04-01T12:00:00Z
945,resident.00945@example.gov,Sophia,Garcia,Steamboat Springs,Colorado,80487,US,40.491,-106.8377,new,4178,2026-04-02T12:00:00Z
946,resident.00946@example.gov,Liam,Garcia,Alamosa,Colorado,81101,US,37.4815,-105.882,standard,4215,2026-04-03T12:00:00Z
947,resident.00947@example.gov,Isabella,Garcia,Glenwood Springs,Colorado,81601,US,39.5685,-107.3428,preferred,4252,2026-04-04T12:00:00Z
948,resident.00948@example.gov,Mateo,Garcia,Idaho Springs,Colorado,80452,US,39.7665,-105.5376,vip,4289,2026-04-05T12:00:00Z
949,resident.00949@example.gov,Amelia,Garcia,Cañon City,Colorado,81212,US,38.4794,-105.2553,new,4326,2026-04-06T12:00:00Z
950,resident.00950@example.gov,Ethan,Garcia,Salida,Colorado,81201,US,38.5707,-106.0349,standard,4363,2026-04-07T12:00:00Z
951,resident.00951@example.gov,Ava,Brown,Gunnison,Colorado,81230,US,38.5878,-106.9673,preferred,4400,2026-04-08T12:00:00Z
952,resident.00952@example.gov,James,Brown,Leadville,Colorado,80461,US,39.2988,-106.3405,vip,4437,2026-04-09T12:00:00Z
953,resident.00953@example.gov,Mia,Brown,Walsenburg,Colorado,81089,US,37.5762,-104.7323,new,4474,2026-04-10T12:00:00Z
954,resident.00954@example.gov,Noah,Brown,Trinidad,Colorado,81082,US,37.1275,-104.4585,standard,4511,2026-04-11T12:00:00Z
955,resident.00955@example.gov,Sophia,Brown,Sterling,Colorado,80751,US,40.5895,-103.1717,preferred,4548,2026-04-12T12:00:00Z
956,resident.00956@example.gov,Liam,Brown,Fort Morgan,Colorado,80701,US,40.2203,-103.7699,vip,4585,2026-04-13T12:00:00Z
957,resident.00957@example.gov,Isabella,Brown,Yuma,Colorado,80759,US,40.0982,-102.7012,new,4622,2026-04-14T12:00:00Z
958,resident.00958@example.gov,Mateo,Brown,Burlington,Colorado,80807,US,39.2881,-102.2514,standard,4659,2026-04-15T12:00:00Z
959,resident.00959@example.gov,Amelia,Brown,Craig,Colorado,81625,US,40.5033,-107.5344,preferred,4696,2026-04-16T12:00:00Z
960,resident.00960@example.gov,Ethan,Brown,Telluride,Colorado,81435,US,37.9315,-107.8063,vip,4733,2026-04-17T12:00:00Z
961,resident.00961@example.gov,Ava,Nguyen,Cortez,Colorado,81321,US,37.3489,-108.5859,new,4770,2026-04-18T12:00:00Z
962,resident.00962@example.gov,James,Nguyen,Denver,Colorado,80202,US,39.7452,-104.9963,standard,4807,2026-04-19T12:00:00Z
963,resident.00963@example.gov,Mia,Nguyen,Colorado Springs,Colorado,80903,US,38.8459,-104.8334,preferred,4844,2026-04-20T12:00:00Z
964,resident.00964@example.gov,Noah,Nguyen,Aurora,Colorado,80012,US,39.7474,-104.8499,vip,4881,2026-04-21T12:00:00Z
965,resident.00965@example.gov,Sophia,Nguyen,Fort Collins,Colorado,80521,US,40.6093,-105.1084,new,4918,2026-04-22T12:00:00Z
966,resident.00966@example.gov,Liam,Nguyen,Lakewood,Colorado,80226,US,39.7347,-105.1114,standard,4955,2026-04-23T12:00:00Z
967,resident.00967@example.gov,Isabella,Nguyen,Thornton,Colorado,80229,US,39.904,-105.0079,preferred,4992,2026-04-24T12:00:00Z
968,resident.00968@example.gov,Mateo,Nguyen,Pueblo,Colorado,81003,US,38.2964,-104.6511,vip,5029,2026-04-25T12:00:00Z
969,resident.00969@example.gov,Amelia,Nguyen,Boulder,Colorado,80302,US,40.063,-105.3185,new,5066,2026-04-26T12:00:00Z
970,resident.00970@example.gov,Ethan,Nguyen,Greeley,Colorado,80631,US,40.3753,-104.6611,standard,5103,2026-04-27T12:00:00Z
971,resident.00971@example.gov,Ava,Williams,Castle Rock,Colorado,80104,US,39.3302,-104.8141,preferred,5140,2026-04-28T12:00:00Z
972,resident.00972@example.gov,James,Williams,Grand Junction,Colorado,81501,US,39.0279,-108.5146,vip,5177,2026-04-29T12:00:00Z
973,resident.00973@example.gov,Mia,Williams,Broomfield,Colorado,80020,US,39.8905,-105.0567,new,5214,2026-04-30T12:00:00Z
974,resident.00974@example.gov,Noah,Williams,Durango,Colorado,81301,US,37.2513,-107.8561,standard,5251,2026-05-01T12:00:00Z
975,resident.00975@example.gov,Sophia,Williams,Montrose,Colorado,81401,US,38.4603,-107.8582,preferred,5288,2026-05-02T12:00:00Z
976,resident.00976@example.gov,Liam,Williams,Steamboat Springs,Colorado,80487,US,40.473,-106.8197,vip,5325,2026-05-03T12:00:00Z
977,resident.00977@example.gov,Isabella,Williams,Alamosa,Colorado,81101,US,37.4635,-105.864,new,5362,2026-05-04T12:00:00Z
978,resident.00978@example.gov,Mateo,Williams,Glenwood Springs,Colorado,81601,US,39.5505,-107.3248,standard,5399,2026-05-05T12:00:00Z
979,resident.00979@example.gov,Amelia,Williams,Idaho Springs,Colorado,80452,US,39.7485,-105.5196,preferred,5436,2026-05-06T12:00:00Z
980,resident.00980@example.gov,Ethan,Williams,Cañon City,Colorado,81212,US,38.4614,-105.2373,vip,5473,2026-05-07T12:00:00Z
981,resident.00981@example.gov,Ava,Davis,Salida,Colorado,81201,US,38.5527,-106.0169,new,5510,2026-05-08T12:00:00Z
982,resident.00982@example.gov,James,Davis,Gunnison,Colorado,81230,US,38.5698,-106.9493,standard,5547,2026-05-09T12:00:00Z
983,resident.00983@example.gov,Mia,Davis,Leadville,Colorado,80461,US,39.2808,-106.3225,preferred,5584,2026-05-10T12:00:00Z
984,resident.00984@example.gov,Noah,Davis,Walsenburg,Colorado,81089,US,37.6602,-104.8163,vip,5621,2026-05-11T12:00:00Z
985,resident.00985@example.gov,Sophia,Davis,Trinidad,Colorado,81082,US,37.2115,-104.5425,new,5658,2026-05-12T12:00:00Z
986,resident.00986@example.gov,Liam,Davis,Sterling,Colorado,80751,US,40.6735,-103.2557,standard,5695,2026-05-13T12:00:00Z
987,resident.00987@example.gov,Isabella,Davis,Fort Morgan,Colorado,80701,US,40.2023,-103.7519,preferred,5732,2026-05-14T12:00:00Z
988,resident.00988@example.gov,Mateo,Davis,Yuma,Colorado,80759,US,40.0802,-102.6832,vip,5769,2026-05-15T12:00:00Z
989,resident.00989@example.gov,Amelia,Davis,Burlington,Colorado,80807,US,39.2701,-102.2334,new,5806,2026-05-16T12:00:00Z
990,resident.00990@example.gov,Ethan,Davis,Craig,Colorado,81625,US,40.4853,-107.5164,standard,5843,2026-05-17T12:00:00Z
991,resident.00991@example.gov,Ava,Lopez,Telluride,Colorado,81435,US,37.9135,-107.7883,preferred,5880,2026-02-17T12:00:00Z
992,resident.00992@example.gov,James,Lopez,Cortez,Colorado,81321,US,37.3309,-108.5679,vip,5917,2026-02-18T12:00:00Z
993,resident.00993@example.gov,Mia,Lopez,Denver,Colorado,80202,US,39.7272,-104.9783,new,5954,2026-02-19T12:00:00Z
994,resident.00994@example.gov,Noah,Lopez,Colorado Springs,Colorado,80903,US,38.8279,-104.8154,standard,5991,2026-02-20T12:00:00Z
995,resident.00995@example.gov,Sophia,Lopez,Aurora,Colorado,80012,US,39.7294,-104.8319,preferred,6028,2026-02-21T12:00:00Z
996,resident.00996@example.gov,Liam,Lopez,Fort Collins,Colorado,80521,US,40.5913,-105.0904,vip,6065,2026-02-22T12:00:00Z
997,resident.00997@example.gov,Isabella,Lopez,Lakewood,Colorado,80226,US,39.7167,-105.0934,new,6102,2026-02-23T12:00:00Z
998,resident.00998@example.gov,Mateo,Lopez,Thornton,Colorado,80229,US,39.886,-104.9899,standard,6139,2026-02-24T12:00:00Z
999,resident.00999@example.gov,Amelia,Lopez,Pueblo,Colorado,81003,US,38.2784,-104.6331,preferred,6176,2026-02-25T12:00:00Z
1000,resident.01000@example.gov,Ethan,Lopez,Boulder,Colorado,80302,US,40.045,-105.3005,vip,6213,2026-02-26T12:00:00Z
1001,resident.01001@example.gov,Ava,Martinez,Greeley,Colorado,80631,US,40.4593,-104.7451,new,6250,2026-02-27T12:00:00Z
1002,resident.01002@example.gov,James,Martinez,Castle Rock,Colorado,80104,US,39.4142,-104.8981,standard,6287,2026-02-28T12:00:00Z
1003,resident.01003@example.gov,Mia,Martinez,Grand Junction,Colorado,81501,US,39.1119,-108.5986,preferred,6324,2026-03-01T12:00:00Z
1004,resident.01004@example.gov,Noah,Martinez,Broomfield,Colorado,80020,US,39.8725,-105.0387,vip,6361,2026-03-02T12:00:00Z
1005,resident.01005@example.gov,Sophia,Martinez,Durango,Colorado,81301,US,37.2333,-107.8381,new,6398,2026-03-03T12:00:00Z
1006,resident.01006@example.gov,Liam,Martinez,Montrose,Colorado,81401,US,38.4423,-107.8402,standard,6435,2026-03-04T12:00:00Z
1007,resident.01007@example.gov,Isabella,Martinez,Steamboat Springs,Colorado,80487,US,40.455,-106.8017,preferred,6472,2026-03-05T12:00:00Z
1008,resident.01008@example.gov,Mateo,Martinez,Alamosa,Colorado,81101,US,37.4455,-105.846,vip,6509,2026-03-06T12:00:00Z
1009,resident.01009@example.gov,Amelia,Martinez,Glenwood Springs,Colorado,81601,US,39.5325,-107.3068,new,6546,2026-03-07T12:00:00Z
1010,resident.01010@example.gov,Ethan,Martinez,Idaho Springs,Colorado,80452,US,39.7305,-105.5016,standard,6583,2026-03-08T12:00:00Z
1011,resident.01011@example.gov,Ava,Chen,Cañon City,Colorado,81212,US,38.4434,-105.2193,preferred,6620,2026-03-09T12:00:00Z
1012,resident.01012@example.gov,James,Chen,Salida,Colorado,81201,US,38.5347,-105.9989,vip,6657,2026-03-10T12:00:00Z
1013,resident.01013@example.gov,Mia,Chen,Gunnison,Colorado,81230,US,38.5518,-106.9313,new,6694,2026-03-11T12:00:00Z
1014,resident.01014@example.gov,Noah,Chen,Leadville,Colorado,80461,US,39.2628,-106.3045,standard,6731,2026-03-12T12:00:00Z
1015,resident.01015@example.gov,Sophia,Chen,Walsenburg,Colorado,81089,US,37.6422,-104.7983,preferred,6768,2026-03-13T12:00:00Z
1016,resident.01016@example.gov,Liam,Chen,Trinidad,Colorado,81082,US,37.1935,-104.5245,vip,6805,2026-03-14T12:00:00Z
1017,resident.01017@example.gov,Isabella,Chen,Sterling,Colorado,80751,US,40.6555,-103.2377,new,6842,2026-03-15T12:00:00Z
1018,resident.01018@example.gov,Mateo,Chen,Fort Morgan,Colorado,80701,US,40.2863,-103.8359,standard,6879,2026-03-16T12:00:00Z
1019,resident.01019@example.gov,Amelia,Chen,Yuma,Colorado,80759,US,40.1642,-102.7672,preferred,6916,2026-03-17T12:00:00Z
1020,resident.01020@example.gov,Ethan,Chen,Burlington,Colorado,80807,US,39.3541,-102.3174,vip,6953,2026-03-18T12:00:00Z
1021,resident.01021@example.gov,Ava,Johnson,Craig,Colorado,81625,US,40.4673,-107.4984,new,6990,2026-03-19T12:00:00Z
1022,resident.01022@example.gov,James,Johnson,Telluride,Colorado,81435,US,37.8955,-107.7703,standard,7027,2026-03-20T12:00:00Z
1023,resident.01023@example.gov,Mia,Johnson,Cortez,Colorado,81321,US,37.3129,-108.5499,preferred,7064,2026-03-21T12:00:00Z
1024,resident.01024@example.gov,Noah,Johnson,Denver,Colorado,80202,US,39.7092,-104.9603,vip,7101,2026-03-22T12:00:00Z
1025,resident.01025@example.gov,Sophia,Johnson,Colorado Springs,Colorado,80903,US,38.8099,-104.7974,new,7138,2026-03-23T12:00:00Z
1026,resident.01026@example.gov,Liam,Johnson,Aurora,Colorado,80012,US,39.7114,-104.8139,standard,7175,2026-03-24T12:00:00Z
1027,resident.01027@example.gov,Isabella,Johnson,Fort Collins,Colorado,80521,US,40.5733,-105.0724,preferred,7212,2026-03-25T12:00:00Z
1028,resident.01028@example.gov,Mateo,Johnson,Lakewood,Colorado,80226,US,39.6987,-105.0754,vip,7249,2026-03-26T12:00:00Z
1029,resident.01029@example.gov,Amelia,Johnson,Thornton,Colorado,80229,US,39.868,-104.9719,new,7286,2026-03-27T12:00:00Z
1030,resident.01030@example.gov,Ethan,Johnson,Pueblo,Colorado,81003,US,38.2604,-104.6151,standard,7323,2026-03-28T12:00:00Z
1031,resident.01031@example.gov,Ava,Patel,Boulder,Colorado,80302,US,40.027,-105.2825,preferred,7360,2026-03-29T12:00:00Z
1032,resident.01032@example.gov,James,Patel,Greeley,Colorado,80631,US,40.4413,-104.7271,vip,7397,2026-03-30T12:00:00Z
1033,resident.01033@example.gov,Mia,Patel,Castle Rock,Colorado,80104,US,39.3962,-104.8801,new,7434,2026-03-31T12:00:00Z
1034,resident.01034@example.gov,Noah,Patel,Grand Junction,Colorado,81501,US,39.0939,-108.5806,standard,7471,2026-04-01T12:00:00Z
1035,resident.01035@example.gov,Sophia,Patel,Broomfield,Colorado,80020,US,39.9565,-105.1227,preferred,7508,2026-04-02T12:00:00Z
1036,resident.01036@example.gov,Liam,Patel,Durango,Colorado,81301,US,37.3173,-107.9221,vip,7545,2026-04-03T12:00:00Z
1037,resident.01037@example.gov,Isabella,Patel,Montrose,Colorado,81401,US,38.5263,-107.9242,new,7582,2026-04-04T12:00:00Z
1038,resident.01038@example.gov,Mateo,Patel,Steamboat Springs,Colorado,80487,US,40.437,-106.7837,standard,7619,2026-04-05T12:00:00Z
1039,resident.01039@example.gov,Amelia,Patel,Alamosa,Colorado,81101,US,37.4275,-105.828,preferred,7656,2026-04-06T12:00:00Z
1040,resident.01040@example.gov,Ethan,Patel,Glenwood Springs,Colorado,81601,US,39.5145,-107.2888,vip,7693,2026-04-07T12:00:00Z
1041,resident.01041@example.gov,Ava,Garcia,Idaho Springs,Colorado,80452,US,39.7125,-105.4836,new,7730,2026-04-08T12:00:00Z
1042,resident.01042@example.gov,James,Garcia,Cañon City,Colorado,81212,US,38.4254,-105.2013,standard,7767,2026-04-09T12:00:00Z
1043,resident.01043@example.gov,Mia,Garcia,Salida,Colorado,81201,US,38.5167,-105.9809,preferred,7804,2026-04-10T12:00:00Z
1044,resident.01044@example.gov,Noah,Garcia,Gunnison,Colorado,81230,US,38.5338,-106.9133,vip,7841,2026-04-11T12:00:00Z
1045,resident.01045@example.gov,Sophia,Garcia,Leadville,Colorado,80461,US,39.2448,-106.2865,new,7878,2026-04-12T12:00:00Z
1046,resident.01046@example.gov,Liam,Garcia,Walsenburg,Colorado,81089,US,37.6242,-104.7803,standard,7915,2026-04-13T12:00:00Z
1047,resident.01047@example.gov,Isabella,Garcia,Trinidad,Colorado,81082,US,37.1755,-104.5065,preferred,7952,2026-04-14T12:00:00Z
1048,resident.01048@example.gov,Mateo,Garcia,Sterling,Colorado,80751,US,40.6375,-103.2197,vip,7989,2026-04-15T12:00:00Z
1049,resident.01049@example.gov,Amelia,Garcia,Fort Morgan,Colorado,80701,US,40.2683,-103.8179,new,8026,2026-04-16T12:00:00Z
1050,resident.01050@example.gov,Ethan,Garcia,Yuma,Colorado,80759,US,40.1462,-102.7492,standard,8063,2026-04-17T12:00:00Z
1051,resident.01051@example.gov,Ava,Brown,Burlington,Colorado,80807,US,39.3361,-102.2994,preferred,8100,2026-04-18T12:00:00Z
1052,resident.01052@example.gov,James,Brown,Craig,Colorado,81625,US,40.5513,-107.5824,vip,8137,2026-04-19T12:00:00Z
1053,resident.01053@example.gov,Mia,Brown,Telluride,Colorado,81435,US,37.9795,-107.8543,new,8174,2026-04-20T12:00:00Z
1054,resident.01054@example.gov,Noah,Brown,Cortez,Colorado,81321,US,37.3969,-108.6339,standard,8211,2026-04-21T12:00:00Z
1055,resident.01055@example.gov,Sophia,Brown,Denver,Colorado,80202,US,39.6912,-104.9423,preferred,8248,2026-04-22T12:00:00Z
1056,resident.01056@example.gov,Liam,Brown,Colorado Springs,Colorado,80903,US,38.7919,-104.7794,vip,485,2026-04-23T12:00:00Z
1057,resident.01057@example.gov,Isabella,Brown,Aurora,Colorado,80012,US,39.6934,-104.7959,new,522,2026-04-24T12:00:00Z
1058,resident.01058@example.gov,Mateo,Brown,Fort Collins,Colorado,80521,US,40.5553,-105.0544,standard,559,2026-04-25T12:00:00Z
1059,resident.01059@example.gov,Amelia,Brown,Lakewood,Colorado,80226,US,39.6807,-105.0574,preferred,596,2026-04-26T12:00:00Z
1060,resident.01060@example.gov,Ethan,Brown,Thornton,Colorado,80229,US,39.85,-104.9539,vip,633,2026-04-27T12:00:00Z
1061,resident.01061@example.gov,Ava,Nguyen,Pueblo,Colorado,81003,US,38.2424,-104.5971,new,670,2026-04-28T12:00:00Z
1062,resident.01062@example.gov,James,Nguyen,Boulder,Colorado,80302,US,40.009,-105.2645,standard,707,2026-04-29T12:00:00Z
1063,resident.01063@example.gov,Mia,Nguyen,Greeley,Colorado,80631,US,40.4233,-104.7091,preferred,744,2026-04-30T12:00:00Z
1064,resident.01064@example.gov,Noah,Nguyen,Castle Rock,Colorado,80104,US,39.3782,-104.8621,vip,781,2026-05-01T12:00:00Z
1065,resident.01065@example.gov,Sophia,Nguyen,Grand Junction,Colorado,81501,US,39.0759,-108.5626,new,818,2026-05-02T12:00:00Z
1066,resident.01066@example.gov,Liam,Nguyen,Broomfield,Colorado,80020,US,39.9385,-105.1047,standard,855,2026-05-03T12:00:00Z
1067,resident.01067@example.gov,Isabella,Nguyen,Durango,Colorado,81301,US,37.2993,-107.9041,preferred,892,2026-05-04T12:00:00Z
1068,resident.01068@example.gov,Mateo,Nguyen,Montrose,Colorado,81401,US,38.5083,-107.9062,vip,929,2026-05-05T12:00:00Z
1069,resident.01069@example.gov,Amelia,Nguyen,Steamboat Springs,Colorado,80487,US,40.521,-106.8677,new,966,2026-05-06T12:00:00Z
1070,resident.01070@example.gov,Ethan,Nguyen,Alamosa,Colorado,81101,US,37.5115,-105.912,standard,1003,2026-05-07T12:00:00Z
1071,resident.01071@example.gov,Ava,Williams,Glenwood Springs,Colorado,81601,US,39.5985,-107.3728,preferred,1040,2026-05-08T12:00:00Z
1072,resident.01072@example.gov,James,Williams,Idaho Springs,Colorado,80452,US,39.6945,-105.4656,vip,1077,2026-05-09T12:00:00Z
1073,resident.01073@example.gov,Mia,Williams,Cañon City,Colorado,81212,US,38.4074,-105.1833,new,1114,2026-05-10T12:00:00Z
1074,resident.01074@example.gov,Noah,Williams,Salida,Colorado,81201,US,38.4987,-105.9629,standard,1151,2026-05-11T12:00:00Z
1075,resident.01075@example.gov,Sophia,Williams,Gunnison,Colorado,81230,US,38.5158,-106.8953,preferred,1188,2026-05-12T12:00:00Z
1076,resident.01076@example.gov,Liam,Williams,Leadville,Colorado,80461,US,39.2268,-106.2685,vip,1225,2026-05-13T12:00:00Z
1077,resident.01077@example.gov,Isabella,Williams,Walsenburg,Colorado,81089,US,37.6062,-104.7623,new,1262,2026-05-14T12:00:00Z
1078,resident.01078@example.gov,Mateo,Williams,Trinidad,Colorado,81082,US,37.1575,-104.4885,standard,1299,2026-05-15T12:00:00Z
1079,resident.01079@example.gov,Amelia,Williams,Sterling,Colorado,80751,US,40.6195,-103.2017,preferred,1336,2026-05-16T12:00:00Z
1080,resident.01080@example.gov,Ethan,Williams,Fort Morgan,Colorado,80701,US,40.2503,-103.7999,vip,1373,2026-05-17T12:00:00Z
1081,resident.01081@example.gov,Ava,Davis,Yuma,Colorado,80759,US,40.1282,-102.7312,new,1410,2026-02-17T12:00:00Z
1082,resident.01082@example.gov,James,Davis,Burlington,Colorado,80807,US,39.3181,-102.2814,standard,1447,2026-02-18T12:00:00Z
1083,resident.01083@example.gov,Mia,Davis,Craig,Colorado,81625,US,40.5333,-107.5644,preferred,1484,2026-02-19T12:00:00Z
1084,resident.01084@example.gov,Noah,Davis,Telluride,Colorado,81435,US,37.9615,-107.8363,vip,1521,2026-02-20T12:00:00Z
1085,resident.01085@example.gov,Sophia,Davis,Cortez,Colorado,81321,US,37.3789,-108.6159,new,1558,2026-02-21T12:00:00Z
1086,resident.01086@example.gov,Liam,Davis,Denver,Colorado,80202,US,39.7752,-105.0263,standard,1595,2026-02-22T12:00:00Z
1087,resident.01087@example.gov,Isabella,Davis,Colorado Springs,Colorado,80903,US,38.8759,-104.8634,preferred,1632,2026-02-23T12:00:00Z
1088,resident.01088@example.gov,Mateo,Davis,Aurora,Colorado,80012,US,39.7774,-104.8799,vip,1669,2026-02-24T12:00:00Z
1089,resident.01089@example.gov,Amelia,Davis,Fort Collins,Colorado,80521,US,40.5373,-105.0364,new,1706,2026-02-25T12:00:00Z
1090,resident.01090@example.gov,Ethan,Davis,Lakewood,Colorado,80226,US,39.6627,-105.0394,standard,1743,2026-02-26T12:00:00Z
1091,resident.01091@example.gov,Ava,Lopez,Thornton,Colorado,80229,US,39.832,-104.9359,preferred,1780,2026-02-27T12:00:00Z
1092,resident.01092@example.gov,James,Lopez,Pueblo,Colorado,81003,US,38.2244,-104.5791,vip,1817,2026-02-28T12:00:00Z
1093,resident.01093@example.gov,Mia,Lopez,Boulder,Colorado,80302,US,39.991,-105.2465,new,1854,2026-03-01T12:00:00Z
1094,resident.01094@example.gov,Noah,Lopez,Greeley,Colorado,80631,US,40.4053,-104.6911,standard,1891,2026-03-02T12:00:00Z
1095,resident.01095@example.gov,Sophia,Lopez,Castle Rock,Colorado,80104,US,39.3602,-104.8441,preferred,1928,2026-03-03T12:00:00Z
1096,resident.01096@example.gov,Liam,Lopez,Grand Junction,Colorado,81501,US,39.0579,-108.5446,vip,1965,2026-03-04T12:00:00Z
1097,resident.01097@example.gov,Isabella,Lopez,Broomfield,Colorado,80020,US,39.9205,-105.0867,new,2002,2026-03-05T12:00:00Z
1098,resident.01098@example.gov,Mateo,Lopez,Durango,Colorado,81301,US,37.2813,-107.8861,standard,2039,2026-03-06T12:00:00Z
1099,resident.01099@example.gov,Amelia,Lopez,Montrose,Colorado,81401,US,38.4903,-107.8882,preferred,2076,2026-03-07T12:00:00Z
1100,resident.01100@example.gov,Ethan,Lopez,Steamboat Springs,Colorado,80487,US,40.503,-106.8497,vip,2113,2026-03-08T12:00:00Z
1101,resident.01101@example.gov,Ava,Martinez,Alamosa,Colorado,81101,US,37.4935,-105.894,new,2150,2026-03-09T12:00:00Z
1102,resident.01102@example.gov,James,Martinez,Glenwood Springs,Colorado,81601,US,39.5805,-107.3548,standard,2187,2026-03-10T12:00:00Z
1103,resident.01103@example.gov,Mia,Martinez,Idaho Springs,Colorado,80452,US,39.7785,-105.5496,preferred,2224,2026-03-11T12:00:00Z
1104,resident.01104@example.gov,Noah,Martinez,Cañon City,Colorado,81212,US,38.4914,-105.2673,vip,2261,2026-03-12T12:00:00Z
1105,resident.01105@example.gov,Sophia,Martinez,Salida,Colorado,81201,US,38.5827,-106.0469,new,2298,2026-03-13T12:00:00Z
1106,resident.01106@example.gov,Liam,Martinez,Gunnison,Colorado,81230,US,38.4978,-106.8773,standard,2335,2026-03-14T12:00:00Z
1107,resident.01107@example.gov,Isabella,Martinez,Leadville,Colorado,80461,US,39.2088,-106.2505,preferred,2372,2026-03-15T12:00:00Z
1108,resident.01108@example.gov,Mateo,Martinez,Walsenburg,Colorado,81089,US,37.5882,-104.7443,vip,2409,2026-03-16T12:00:00Z
1109,resident.01109@example.gov,Amelia,Martinez,Trinidad,Colorado,81082,US,37.1395,-104.4705,new,2446,2026-03-17T12:00:00Z
1110,resident.01110@example.gov,Ethan,Martinez,Sterling,Colorado,80751,US,40.6015,-103.1837,standard,2483,2026-03-18T12:00:00Z
1111,resident.01111@example.gov,Ava,Chen,Fort Morgan,Colorado,80701,US,40.2323,-103.7819,preferred,2520,2026-03-19T12:00:00Z
1112,resident.01112@example.gov,James,Chen,Yuma,Colorado,80759,US,40.1102,-102.7132,vip,2557,2026-03-20T12:00:00Z
1113,resident.01113@example.gov,Mia,Chen,Burlington,Colorado,80807,US,39.3001,-102.2634,new,2594,2026-03-21T12:00:00Z
1114,resident.01114@example.gov,Noah,Chen,Craig,Colorado,81625,US,40.5153,-107.5464,standard,2631,2026-03-22T12:00:00Z
1115,resident.01115@example.gov,Sophia,Chen,Telluride,Colorado,81435,US,37.9435,-107.8183,preferred,2668,2026-03-23T12:00:00Z
1116,resident.01116@example.gov,Liam,Chen,Cortez,Colorado,81321,US,37.3609,-108.5979,vip,2705,2026-03-24T12:00:00Z
1117,resident.01117@example.gov,Isabella,Chen,Denver,Colorado,80202,US,39.7572,-105.0083,new,2742,2026-03-25T12:00:00Z
1118,resident.01118@example.gov,Mateo,Chen,Colorado Springs,Colorado,80903,US,38.8579,-104.8454,standard,2779,2026-03-26T12:00:00Z
1119,resident.01119@example.gov,Amelia,Chen,Aurora,Colorado,80012,US,39.7594,-104.8619,preferred,2816,2026-03-27T12:00:00Z
1120,resident.01120@example.gov,Ethan,Chen,Fort Collins,Colorado,80521,US,40.6213,-105.1204,vip,2853,2026-03-28T12:00:00Z
1121,resident.01121@example.gov,Ava,Johnson,Lakewood,Colorado,80226,US,39.7467,-105.1234,new,2890,2026-03-29T12:00:00Z
1122,resident.01122@example.gov,James,Johnson,Thornton,Colorado,80229,US,39.916,-105.0199,standard,2927,2026-03-30T12:00:00Z
1123,resident.01123@example.gov,Mia,Johnson,Pueblo,Colorado,81003,US,38.2064,-104.5611,preferred,2964,2026-03-31T12:00:00Z
1124,resident.01124@example.gov,Noah,Johnson,Boulder,Colorado,80302,US,39.973,-105.2285,vip,3001,2026-04-01T12:00:00Z
1125,resident.01125@example.gov,Sophia,Johnson,Greeley,Colorado,80631,US,40.3873,-104.6731,new,3038,2026-04-02T12:00:00Z
1126,resident.01126@example.gov,Liam,Johnson,Castle Rock,Colorado,80104,US,39.3422,-104.8261,standard,3075,2026-04-03T12:00:00Z
1127,resident.01127@example.gov,Isabella,Johnson,Grand Junction,Colorado,81501,US,39.0399,-108.5266,preferred,3112,2026-04-04T12:00:00Z
1128,resident.01128@example.gov,Mateo,Johnson,Broomfield,Colorado,80020,US,39.9025,-105.0687,vip,3149,2026-04-05T12:00:00Z
1129,resident.01129@example.gov,Amelia,Johnson,Durango,Colorado,81301,US,37.2633,-107.8681,new,3186,2026-04-06T12:00:00Z
1130,resident.01130@example.gov,Ethan,Johnson,Montrose,Colorado,81401,US,38.4723,-107.8702,standard,3223,2026-04-07T12:00:00Z
1131,resident.01131@example.gov,Ava,Patel,Steamboat Springs,Colorado,80487,US,40.485,-106.8317,preferred,3260,2026-04-08T12:00:00Z
1132,resident.01132@example.gov,James,Patel,Alamosa,Colorado,81101,US,37.4755,-105.876,vip,3297,2026-04-09T12:00:00Z
1133,resident.01133@example.gov,Mia,Patel,Glenwood Springs,Colorado,81601,US,39.5625,-107.3368,new,3334,2026-04-10T12:00:00Z
1134,resident.01134@example.gov,Noah,Patel,Idaho Springs,Colorado,80452,US,39.7605,-105.5316,standard,3371,2026-04-11T12:00:00Z
1135,resident.01135@example.gov,Sophia,Patel,Cañon City,Colorado,81212,US,38.4734,-105.2493,preferred,3408,2026-04-12T12:00:00Z
1136,resident.01136@example.gov,Liam,Patel,Salida,Colorado,81201,US,38.5647,-106.0289,vip,3445,2026-04-13T12:00:00Z
1137,resident.01137@example.gov,Isabella,Patel,Gunnison,Colorado,81230,US,38.5818,-106.9613,new,3482,2026-04-14T12:00:00Z
1138,resident.01138@example.gov,Mateo,Patel,Leadville,Colorado,80461,US,39.2928,-106.3345,standard,3519,2026-04-15T12:00:00Z
1139,resident.01139@example.gov,Amelia,Patel,Walsenburg,Colorado,81089,US,37.6722,-104.8283,preferred,3556,2026-04-16T12:00:00Z
1140,resident.01140@example.gov,Ethan,Patel,Trinidad,Colorado,81082,US,37.1215,-104.4525,vip,3593,2026-04-17T12:00:00Z
1141,resident.01141@example.gov,Ava,Garcia,Sterling,Colorado,80751,US,40.5835,-103.1657,new,3630,2026-04-18T12:00:00Z
1142,resident.01142@example.gov,James,Garcia,Fort Morgan,Colorado,80701,US,40.2143,-103.7639,standard,3667,2026-04-19T12:00:00Z
1143,resident.01143@example.gov,Mia,Garcia,Yuma,Colorado,80759,US,40.0922,-102.6952,preferred,3704,2026-04-20T12:00:00Z
1144,resident.01144@example.gov,Noah,Garcia,Burlington,Colorado,80807,US,39.2821,-102.2454,vip,3741,2026-04-21T12:00:00Z
1145,resident.01145@example.gov,Sophia,Garcia,Craig,Colorado,81625,US,40.4973,-107.5284,new,3778,2026-04-22T12:00:00Z
1146,resident.01146@example.gov,Liam,Garcia,Telluride,Colorado,81435,US,37.9255,-107.8003,standard,3815,2026-04-23T12:00:00Z
1147,resident.01147@example.gov,Isabella,Garcia,Cortez,Colorado,81321,US,37.3429,-108.5799,preferred,3852,2026-04-24T12:00:00Z
1148,resident.01148@example.gov,Mateo,Garcia,Denver,Colorado,80202,US,39.7392,-104.9903,vip,3889,2026-04-25T12:00:00Z
1149,resident.01149@example.gov,Amelia,Garcia,Colorado Springs,Colorado,80903,US,38.8399,-104.8274,new,3926,2026-04-26T12:00:00Z
1150,resident.01150@example.gov,Ethan,Garcia,Aurora,Colorado,80012,US,39.7414,-104.8439,standard,3963,2026-04-27T12:00:00Z
1151,resident.01151@example.gov,Ava,Brown,Fort Collins,Colorado,80521,US,40.6033,-105.1024,preferred,4000,2026-04-28T12:00:00Z
1152,resident.01152@example.gov,James,Brown,Lakewood,Colorado,80226,US,39.7287,-105.1054,vip,4037,2026-04-29T12:00:00Z
1153,resident.01153@example.gov,Mia,Brown,Thornton,Colorado,80229,US,39.898,-105.0019,new,4074,2026-04-30T12:00:00Z
1154,resident.01154@example.gov,Noah,Brown,Pueblo,Colorado,81003,US,38.2904,-104.6451,standard,4111,2026-05-01T12:00:00Z
1155,resident.01155@example.gov,Sophia,Brown,Boulder,Colorado,80302,US,40.057,-105.3125,preferred,4148,2026-05-02T12:00:00Z
1156,resident.01156@example.gov,Liam,Brown,Greeley,Colorado,80631,US,40.4713,-104.7571,vip,4185,2026-05-03T12:00:00Z
1157,resident.01157@example.gov,Isabella,Brown,Castle Rock,Colorado,80104,US,39.3242,-104.8081,new,4222,2026-05-04T12:00:00Z
1158,resident.01158@example.gov,Mateo,Brown,Grand Junction,Colorado,81501,US,39.0219,-108.5086,standard,4259,2026-05-05T12:00:00Z
1159,resident.01159@example.gov,Amelia,Brown,Broomfield,Colorado,80020,US,39.8845,-105.0507,preferred,4296,2026-05-06T12:00:00Z
1160,resident.01160@example.gov,Ethan,Brown,Durango,Colorado,81301,US,37.2453,-107.8501,vip,4333,2026-05-07T12:00:00Z
1161,resident.01161@example.gov,Ava,Nguyen,Montrose,Colorado,81401,US,38.4543,-107.8522,new,4370,2026-05-08T12:00:00Z
1162,resident.01162@example.gov,James,Nguyen,Steamboat Springs,Colorado,80487,US,40.467,-106.8137,standard,4407,2026-05-09T12:00:00Z
1163,resident.01163@example.gov,Mia,Nguyen,Alamosa,Colorado,81101,US,37.4575,-105.858,preferred,4444,2026-05-10T12:00:00Z
1164,resident.01164@example.gov,Noah,Nguyen,Glenwood Springs,Colorado,81601,US,39.5445,-107.3188,vip,4481,2026-05-11T12:00:00Z
1165,resident.01165@example.gov,Sophia,Nguyen,Idaho Springs,Colorado,80452,US,39.7425,-105.5136,new,4518,2026-05-12T12:00:00Z
1166,resident.01166@example.gov,Liam,Nguyen,Cañon City,Colorado,81212,US,38.4554,-105.2313,standard,4555,2026-05-13T12:00:00Z
1167,resident.01167@example.gov,Isabella,Nguyen,Salida,Colorado,81201,US,38.5467,-106.0109,preferred,4592,2026-05-14T12:00:00Z
1168,resident.01168@example.gov,Mateo,Nguyen,Gunnison,Colorado,81230,US,38.5638,-106.9433,vip,4629,2026-05-15T12:00:00Z
1169,resident.01169@example.gov,Amelia,Nguyen,Leadville,Colorado,80461,US,39.2748,-106.3165,new,4666,2026-05-16T12:00:00Z
1170,resident.01170@example.gov,Ethan,Nguyen,Walsenburg,Colorado,81089,US,37.6542,-104.8103,standard,4703,2026-05-17T12:00:00Z
1171,resident.01171@example.gov,Ava,Williams,Trinidad,Colorado,81082,US,37.2055,-104.5365,preferred,4740,2026-02-17T12:00:00Z
1172,resident.01172@example.gov,James,Williams,Sterling,Colorado,80751,US,40.6675,-103.2497,vip,4777,2026-02-18T12:00:00Z
1173,resident.01173@example.gov,Mia,Williams,Fort Morgan,Colorado,80701,US,40.2983,-103.8479,new,4814,2026-02-19T12:00:00Z
1174,resident.01174@example.gov,Noah,Williams,Yuma,Colorado,80759,US,40.0742,-102.6772,standard,4851,2026-02-20T12:00:00Z
1175,resident.01175@example.gov,Sophia,Williams,Burlington,Colorado,80807,US,39.2641,-102.2274,preferred,4888,2026-02-21T12:00:00Z
1176,resident.01176@example.gov,Liam,Williams,Craig,Colorado,81625,US,40.4793,-107.5104,vip,4925,2026-02-22T12:00:00Z
1177,resident.01177@example.gov,Isabella,Williams,Telluride,Colorado,81435,US,37.9075,-107.7823,new,4962,2026-02-23T12:00:00Z
1178,resident.01178@example.gov,Mateo,Williams,Cortez,Colorado,81321,US,37.3249,-108.5619,standard,4999,2026-02-24T12:00:00Z
1179,resident.01179@example.gov,Amelia,Williams,Denver,Colorado,80202,US,39.7212,-104.9723,preferred,5036,2026-02-25T12:00:00Z
1180,resident.01180@example.gov,Ethan,Williams,Colorado Springs,Colorado,80903,US,38.8219,-104.8094,vip,5073,2026-02-26T12:00:00Z
1181,resident.01181@example.gov,Ava,Davis,Aurora,Colorado,80012,US,39.7234,-104.8259,new,5110,2026-02-27T12:00:00Z
1182,resident.01182@example.gov,James,Davis,Fort Collins,Colorado,80521,US,40.5853,-105.0844,standard,5147,2026-02-28T12:00:00Z
1183,resident.01183@example.gov,Mia,Davis,Lakewood,Colorado,80226,US,39.7107,-105.0874,preferred,5184,2026-03-01T12:00:00Z
1184,resident.01184@example.gov,Noah,Davis,Thornton,Colorado,80229,US,39.88,-104.9839,vip,5221,2026-03-02T12:00:00Z
1185,resident.01185@example.gov,Sophia,Davis,Pueblo,Colorado,81003,US,38.2724,-104.6271,new,5258,2026-03-03T12:00:00Z
1186,resident.01186@example.gov,Liam,Davis,Boulder,Colorado,80302,US,40.039,-105.2945,standard,5295,2026-03-04T12:00:00Z
1187,resident.01187@example.gov,Isabella,Davis,Greeley,Colorado,80631,US,40.4533,-104.7391,preferred,5332,2026-03-05T12:00:00Z
1188,resident.01188@example.gov,Mateo,Davis,Castle Rock,Colorado,80104,US,39.4082,-104.8921,vip,5369,2026-03-06T12:00:00Z
1189,resident.01189@example.gov,Amelia,Davis,Grand Junction,Colorado,81501,US,39.1059,-108.5926,new,5406,2026-03-07T12:00:00Z
1190,resident.01190@example.gov,Ethan,Davis,Broomfield,Colorado,80020,US,39.9685,-105.1347,standard,5443,2026-03-08T12:00:00Z
1191,resident.01191@example.gov,Ava,Lopez,Durango,Colorado,81301,US,37.2273,-107.8321,preferred,5480,2026-03-09T12:00:00Z
1192,resident.01192@example.gov,James,Lopez,Montrose,Colorado,81401,US,38.4363,-107.8342,vip,5517,2026-03-10T12:00:00Z
1193,resident.01193@example.gov,Mia,Lopez,Steamboat Springs,Colorado,80487,US,40.449,-106.7957,new,5554,2026-03-11T12:00:00Z
1194,resident.01194@example.gov,Noah,Lopez,Alamosa,Colorado,81101,US,37.4395,-105.84,standard,5591,2026-03-12T12:00:00Z
1195,resident.01195@example.gov,Sophia,Lopez,Glenwood Springs,Colorado,81601,US,39.5265,-107.3008,preferred,5628,2026-03-13T12:00:00Z
1196,resident.01196@example.gov,Liam,Lopez,Idaho Springs,Colorado,80452,US,39.7245,-105.4956,vip,5665,2026-03-14T12:00:00Z
1197,resident.01197@example.gov,Isabella,Lopez,Cañon City,Colorado,81212,US,38.4374,-105.2133,new,5702,2026-03-15T12:00:00Z
1198,resident.01198@example.gov,Mateo,Lopez,Salida,Colorado,81201,US,38.5287,-105.9929,standard,5739,2026-03-16T12:00:00Z
1199,resident.01199@example.gov,Amelia,Lopez,Gunnison,Colorado,81230,US,38.5458,-106.9253,preferred,5776,2026-03-17T12:00:00Z
1200,resident.01200@example.gov,Ethan,Lopez,Leadville,Colorado,80461,US,39.2568,-106.2985,vip,5813,2026-03-18T12:00:00Z
1201,resident.01201@example.gov,Ava,Martinez,Walsenburg,Colorado,81089,US,37.6362,-104.7923,new,5850,2026-03-19T12:00:00Z
1202,resident.01202@example.gov,James,Martinez,Trinidad,Colorado,81082,US,37.1875,-104.5185,standard,5887,2026-03-20T12:00:00Z
1203,resident.01203@example.gov,Mia,Martinez,Sterling,Colorado,80751,US,40.6495,-103.2317,preferred,5924,2026-03-21T12:00:00Z
1204,resident.01204@example.gov,Noah,Martinez,Fort Morgan,Colorado,80701,US,40.2803,-103.8299,vip,5961,2026-03-22T12:00:00Z
1205,resident.01205@example.gov,Sophia,Martinez,Yuma,Colorado,80759,US,40.1582,-102.7612,new,5998,2026-03-23T12:00:00Z
1206,resident.01206@example.gov,Liam,Martinez,Burlington,Colorado,80807,US,39.3481,-102.3114,standard,6035,2026-03-24T12:00:00Z
1207,resident.01207@example.gov,Isabella,Martinez,Craig,Colorado,81625,US,40.5633,-107.5944,preferred,6072,2026-03-25T12:00:00Z
1208,resident.01208@example.gov,Mateo,Martinez,Telluride,Colorado,81435,US,37.8895,-107.7643,vip,6109,2026-03-26T12:00:00Z
1209,resident.01209@example.gov,Amelia,Martinez,Cortez,Colorado,81321,US,37.3069,-108.5439,new,6146,2026-03-27T12:00:00Z
1210,resident.01210@example.gov,Ethan,Martinez,Denver,Colorado,80202,US,39.7032,-104.9543,standard,6183,2026-03-28T12:00:00Z
1211,resident.01211@example.gov,Ava,Chen,Colorado Springs,Colorado,80903,US,38.8039,-104.7914,preferred,6220,2026-03-29T12:00:00Z
1212,resident.01212@example.gov,James,Chen,Aurora,Colorado,80012,US,39.7054,-104.8079,vip,6257,2026-03-30T12:00:00Z
1213,resident.01213@example.gov,Mia,Chen,Fort Collins,Colorado,80521,US,40.5673,-105.0664,new,6294,2026-03-31T12:00:00Z
1214,resident.01214@example.gov,Noah,Chen,Lakewood,Colorado,80226,US,39.6927,-105.0694,standard,6331,2026-04-01T12:00:00Z
1215,resident.01215@example.gov,Sophia,Chen,Thornton,Colorado,80229,US,39.862,-104.9659,preferred,6368,2026-04-02T12:00:00Z
1216,resident.01216@example.gov,Liam,Chen,Pueblo,Colorado,81003,US,38.2544,-104.6091,vip,6405,2026-04-03T12:00:00Z
1217,resident.01217@example.gov,Isabella,Chen,Boulder,Colorado,80302,US,40.021,-105.2765,new,6442,2026-04-04T12:00:00Z
1218,resident.01218@example.gov,Mateo,Chen,Greeley,Colorado,80631,US,40.4353,-104.7211,standard,6479,2026-04-05T12:00:00Z
1219,resident.01219@example.gov,Amelia,Chen,Castle Rock,Colorado,80104,US,39.3902,-104.8741,preferred,6516,2026-04-06T12:00:00Z
1220,resident.01220@example.gov,Ethan,Chen,Grand Junction,Colorado,81501,US,39.0879,-108.5746,vip,6553,2026-04-07T12:00:00Z
1221,resident.01221@example.gov,Ava,Johnson,Broomfield,Colorado,80020,US,39.9505,-105.1167,new,6590,2026-04-08T12:00:00Z
1222,resident.01222@example.gov,James,Johnson,Durango,Colorado,81301,US,37.3113,-107.9161,standard,6627,2026-04-09T12:00:00Z
1223,resident.01223@example.gov,Mia,Johnson,Montrose,Colorado,81401,US,38.5203,-107.9182,preferred,6664,2026-04-10T12:00:00Z
1224,resident.01224@example.gov,Noah,Johnson,Steamboat Springs,Colorado,80487,US,40.533,-106.8797,vip,6701,2026-04-11T12:00:00Z
1225,resident.01225@example.gov,Sophia,Johnson,Alamosa,Colorado,81101,US,37.4215,-105.822,new,6738,2026-04-12T12:00:00Z
1226,resident.01226@example.gov,Liam,Johnson,Glenwood Springs,Colorado,81601,US,39.5085,-107.2828,standard,6775,2026-04-13T12:00:00Z
1227,resident.01227@example.gov,Isabella,Johnson,Idaho Springs,Colorado,80452,US,39.7065,-105.4776,preferred,6812,2026-04-14T12:00:00Z
1228,resident.01228@example.gov,Mateo,Johnson,Cañon City,Colorado,81212,US,38.4194,-105.1953,vip,6849,2026-04-15T12:00:00Z
1229,resident.01229@example.gov,Amelia,Johnson,Salida,Colorado,81201,US,38.5107,-105.9749,new,6886,2026-04-16T12:00:00Z
1230,resident.01230@example.gov,Ethan,Johnson,Gunnison,Colorado,81230,US,38.5278,-106.9073,standard,6923,2026-04-17T12:00:00Z
1231,resident.01231@example.gov,Ava,Patel,Leadville,Colorado,80461,US,39.2388,-106.2805,preferred,6960,2026-04-18T12:00:00Z
1232,resident.01232@example.gov,James,Patel,Walsenburg,Colorado,81089,US,37.6182,-104.7743,vip,6997,2026-04-19T12:00:00Z
1233,resident.01233@example.gov,Mia,Patel,Trinidad,Colorado,81082,US,37.1695,-104.5005,new,7034,2026-04-20T12:00:00Z
1234,resident.01234@example.gov,Noah,Patel,Sterling,Colorado,80751,US,40.6315,-103.2137,standard,7071,2026-04-21T12:00:00Z
1235,resident.01235@example.gov,Sophia,Patel,Fort Morgan,Colorado,80701,US,40.2623,-103.8119,preferred,7108,2026-04-22T12:00:00Z
1236,resident.01236@example.gov,Liam,Patel,Yuma,Colorado,80759,US,40.1402,-102.7432,vip,7145,2026-04-23T12:00:00Z
1237,resident.01237@example.gov,Isabella,Patel,Burlington,Colorado,80807,US,39.3301,-102.2934,new,7182,2026-04-24T12:00:00Z
1238,resident.01238@example.gov,Mateo,Patel,Craig,Colorado,81625,US,40.5453,-107.5764,standard,7219,2026-04-25T12:00:00Z
1239,resident.01239@example.gov,Amelia,Patel,Telluride,Colorado,81435,US,37.9735,-107.8483,preferred,7256,2026-04-26T12:00:00Z
1240,resident.01240@example.gov,Ethan,Patel,Cortez,Colorado,81321,US,37.3909,-108.6279,vip,7293,2026-04-27T12:00:00Z
1241,resident.01241@example.gov,Ava,Garcia,Denver,Colorado,80202,US,39.7872,-105.0383,new,7330,2026-04-28T12:00:00Z
1242,resident.01242@example.gov,James,Garcia,Colorado Springs,Colorado,80903,US,38.7859,-104.7734,standard,7367,2026-04-29T12:00:00Z
1243,resident.01243@example.gov,Mia,Garcia,Aurora,Colorado,80012,US,39.6874,-104.7899,preferred,7404,2026-04-30T12:00:00Z
1244,resident.01244@example.gov,Noah,Garcia,Fort Collins,Colorado,80521,US,40.5493,-105.0484,vip,7441,2026-05-01T12:00:00Z
1245,resident.01245@example.gov,Sophia,Garcia,Lakewood,Colorado,80226,US,39.6747,-105.0514,new,7478,2026-05-02T12:00:00Z
1246,resident.01246@example.gov,Liam,Garcia,Thornton,Colorado,80229,US,39.844,-104.9479,standard,7515,2026-05-03T12:00:00Z
1247,resident.01247@example.gov,Isabella,Garcia,Pueblo,Colorado,81003,US,38.2364,-104.5911,preferred,7552,2026-05-04T12:00:00Z
1248,resident.01248@example.gov,Mateo,Garcia,Boulder,Colorado,80302,US,40.003,-105.2585,vip,7589,2026-05-05T12:00:00Z
1249,resident.01249@example.gov,Amelia,Garcia,Greeley,Colorado,80631,US,40.4173,-104.7031,new,7626,2026-05-06T12:00:00Z
1250,resident.01250@example.gov,Ethan,Garcia,Castle Rock,Colorado,80104,US,39.3722,-104.8561,standard,7663,2026-05-07T12:00:00Z
1251,resident.01251@example.gov,Ava,Brown,Grand Junction,Colorado,81501,US,39.0699,-108.5566,preferred,7700,2026-05-08T12:00:00Z
1252,resident.01252@example.gov,James,Brown,Broomfield,Colorado,80020,US,39.9325,-105.0987,vip,7737,2026-05-09T12:00:00Z
1253,resident.01253@example.gov,Mia,Brown,Durango,Colorado,81301,US,37.2933,-107.8981,new,7774,2026-05-10T12:00:00Z
1254,resident.01254@example.gov,Noah,Brown,Montrose,Colorado,81401,US,38.5023,-107.9002,standard,7811,2026-05-11T12:00:00Z
1255,resident.01255@example.gov,Sophia,Brown,Steamboat Springs,Colorado,80487,US,40.515,-106.8617,preferred,7848,2026-05-12T12:00:00Z
1256,resident.01256@example.gov,Liam,Brown,Alamosa,Colorado,81101,US,37.5055,-105.906,vip,7885,2026-05-13T12:00:00Z
1257,resident.01257@example.gov,Isabella,Brown,Glenwood Springs,Colorado,81601,US,39.5925,-107.3668,new,7922,2026-05-14T12:00:00Z
1258,resident.01258@example.gov,Mateo,Brown,Idaho Springs,Colorado,80452,US,39.7905,-105.5616,standard,7959,2026-05-15T12:00:00Z
1259,resident.01259@example.gov,Amelia,Brown,Cañon City,Colorado,81212,US,38.4014,-105.1773,preferred,7996,2026-05-16T12:00:00Z
1260,resident.01260@example.gov,Ethan,Brown,Salida,Colorado,81201,US,38.4927,-105.9569,vip,8033,2026-05-17T12:00:00Z
1261,resident.01261@example.gov,Ava,Nguyen,Gunnison,Colorado,81230,US,38.5098,-106.8893,new,8070,2026-02-17T12:00:00Z
1262,resident.01262@example.gov,James,Nguyen,Leadville,Colorado,80461,US,39.2208,-106.2625,standard,8107,2026-02-18T12:00:00Z
1263,resident.01263@example.gov,Mia,Nguyen,Walsenburg,Colorado,81089,US,37.6002,-104.7563,preferred,8144,2026-02-19T12:00:00Z
1264,resident.01264@example.gov,Noah,Nguyen,Trinidad,Colorado,81082,US,37.1515,-104.4825,vip,8181,2026-02-20T12:00:00Z
1265,resident.01265@example.gov,Sophia,Nguyen,Sterling,Colorado,80751,US,40.6135,-103.1957,new,8218,2026-02-21T12:00:00Z
1266,resident.01266@example.gov,Liam,Nguyen,Fort Morgan,Colorado,80701,US,40.2443,-103.7939,standard,455,2026-02-22T12:00:00Z
1267,resident.01267@example.gov,Isabella,Nguyen,Yuma,Colorado,80759,US,40.1222,-102.7252,preferred,492,2026-02-23T12:00:00Z
1268,resident.01268@example.gov,Mateo,Nguyen,Burlington,Colorado,80807,US,39.3121,-102.2754,vip,529,2026-02-24T12:00:00Z
1269,resident.01269@example.gov,Amelia,Nguyen,Craig,Colorado,81625,US,40.5273,-107.5584,new,566,2026-02-25T12:00:00Z
1270,resident.01270@example.gov,Ethan,Nguyen,Telluride,Colorado,81435,US,37.9555,-107.8303,standard,603,2026-02-26T12:00:00Z
1271,resident.01271@example.gov,Ava,Williams,Cortez,Colorado,81321,US,37.3729,-108.6099,preferred,640,2026-02-27T12:00:00Z
1272,resident.01272@example.gov,James,Williams,Denver,Colorado,80202,US,39.7692,-105.0203,vip,677,2026-02-28T12:00:00Z
1273,resident.01273@example.gov,Mia,Williams,Colorado Springs,Colorado,80903,US,38.8699,-104.8574,new,714,2026-03-01T12:00:00Z
1274,resident.01274@example.gov,Noah,Williams,Aurora,Colorado,80012,US,39.7714,-104.8739,standard,751,2026-03-02T12:00:00Z
1275,resident.01275@example.gov,Sophia,Williams,Fort Collins,Colorado,80521,US,40.6333,-105.1324,preferred,788,2026-03-03T12:00:00Z
1276,resident.01276@example.gov,Liam,Williams,Lakewood,Colorado,80226,US,39.6567,-105.0334,vip,825,2026-03-04T12:00:00Z
1277,resident.01277@example.gov,Isabella,Williams,Thornton,Colorado,80229,US,39.826,-104.9299,new,862,2026-03-05T12:00:00Z
1278,resident.01278@example.gov,Mateo,Williams,Pueblo,Colorado,81003,US,38.2184,-104.5731,standard,899,2026-03-06T12:00:00Z
1279,resident.01279@example.gov,Amelia,Williams,Boulder,Colorado,80302,US,39.985,-105.2405,preferred,936,2026-03-07T12:00:00Z
1280,resident.01280@example.gov,Ethan,Williams,Greeley,Colorado,80631,US,40.3993,-104.6851,vip,973,2026-03-08T12:00:00Z
1281,resident.01281@example.gov,Ava,Davis,Castle Rock,Colorado,80104,US,39.3542,-104.8381,new,1010,2026-03-09T12:00:00Z
1282,resident.01282@example.gov,James,Davis,Grand Junction,Colorado,81501,US,39.0519,-108.5386,standard,1047,2026-03-10T12:00:00Z
1283,resident.01283@example.gov,Mia,Davis,Broomfield,Colorado,80020,US,39.9145,-105.0807,preferred,1084,2026-03-11T12:00:00Z
1284,resident.01284@example.gov,Noah,Davis,Durango,Colorado,81301,US,37.2753,-107.8801,vip,1121,2026-03-12T12:00:00Z
1285,resident.01285@example.gov,Sophia,Davis,Montrose,Colorado,81401,US,38.4843,-107.8822,new,1158,2026-03-13T12:00:00Z
1286,resident.01286@example.gov,Liam,Davis,Steamboat Springs,Colorado,80487,US,40.497,-106.8437,standard,1195,2026-03-14T12:00:00Z
1287,resident.01287@example.gov,Isabella,Davis,Alamosa,Colorado,81101,US,37.4875,-105.888,preferred,1232,2026-03-15T12:00:00Z
1288,resident.01288@example.gov,Mateo,Davis,Glenwood Springs,Colorado,81601,US,39.5745,-107.3488,vip,1269,2026-03-16T12:00:00Z
1289,resident.01289@example.gov,Amelia,Davis,Idaho Springs,Colorado,80452,US,39.7725,-105.5436,new,1306,2026-03-17T12:00:00Z
1290,resident.01290@example.gov,Ethan,Davis,Cañon City,Colorado,81212,US,38.4854,-105.2613,standard,1343,2026-03-18T12:00:00Z
1291,resident.01291@example.gov,Ava,Lopez,Salida,Colorado,81201,US,38.5767,-106.0409,preferred,1380,2026-03-19T12:00:00Z
1292,resident.01292@example.gov,James,Lopez,Gunnison,Colorado,81230,US,38.5938,-106.9733,vip,1417,2026-03-20T12:00:00Z
1293,resident.01293@example.gov,Mia,Lopez,Leadville,Colorado,80461,US,39.2028,-106.2445,new,1454,2026-03-21T12:00:00Z
1294,resident.01294@example.gov,Noah,Lopez,Walsenburg,Colorado,81089,US,37.5822,-104.7383,standard,1491,2026-03-22T12:00:00Z
1295,resident.01295@example.gov,Sophia,Lopez,Trinidad,Colorado,81082,US,37.1335,-104.4645,preferred,1528,2026-03-23T12:00:00Z
1296,resident.01296@example.gov,Liam,Lopez,Sterling,Colorado,80751,US,40.5955,-103.1777,vip,1565,2026-03-24T12:00:00Z
1297,resident.01297@example.gov,Isabella,Lopez,Fort Morgan,Colorado,80701,US,40.2263,-103.7759,new,1602,2026-03-25T12:00:00Z
1298,resident.01298@example.gov,Mateo,Lopez,Yuma,Colorado,80759,US,40.1042,-102.7072,standard,1639,2026-03-26T12:00:00Z
1299,resident.01299@example.gov,Amelia,Lopez,Burlington,Colorado,80807,US,39.2941,-102.2574,preferred,1676,2026-03-27T12:00:00Z
1300,resident.01300@example.gov,Ethan,Lopez,Craig,Colorado,81625,US,40.5093,-107.5404,vip,1713,2026-03-28T12:00:00Z
1301,resident.01301@example.gov,Ava,Martinez,Telluride,Colorado,81435,US,37.9375,-107.8123,new,1750,2026-03-29T12:00:00Z
1302,resident.01302@example.gov,James,Martinez,Cortez,Colorado,81321,US,37.3549,-108.5919,standard,1787,2026-03-30T12:00:00Z
1303,resident.01303@example.gov,Mia,Martinez,Denver,Colorado,80202,US,39.7512,-105.0023,preferred,1824,2026-03-31T12:00:00Z
1304,resident.01304@example.gov,Noah,Martinez,Colorado Springs,Colorado,80903,US,38.8519,-104.8394,vip,1861,2026-04-01T12:00:00Z
1305,resident.01305@example.gov,Sophia,Martinez,Aurora,Colorado,80012,US,39.7534,-104.8559,new,1898,2026-04-02T12:00:00Z
1306,resident.01306@example.gov,Liam,Martinez,Fort Collins,Colorado,80521,US,40.6153,-105.1144,standard,1935,2026-04-03T12:00:00Z
1307,resident.01307@example.gov,Isabella,Martinez,Lakewood,Colorado,80226,US,39.7407,-105.1174,preferred,1972,2026-04-04T12:00:00Z
1308,resident.01308@example.gov,Mateo,Martinez,Thornton,Colorado,80229,US,39.91,-105.0139,vip,2009,2026-04-05T12:00:00Z
1309,resident.01309@example.gov,Amelia,Martinez,Pueblo,Colorado,81003,US,38.3024,-104.6571,new,2046,2026-04-06T12:00:00Z
1310,resident.01310@example.gov,Ethan,Martinez,Boulder,Colorado,80302,US,39.967,-105.2225,standard,2083,2026-04-07T12:00:00Z
1311,resident.01311@example.gov,Ava,Chen,Greeley,Colorado,80631,US,40.3813,-104.6671,preferred,2120,2026-04-08T12:00:00Z
1312,resident.01312@example.gov,James,Chen,Castle Rock,Colorado,80104,US,39.3362,-104.8201,vip,2157,2026-04-09T12:00:00Z
1313,resident.01313@example.gov,Mia,Chen,Grand Junction,Colorado,81501,US,39.0339,-108.5206,new,2194,2026-04-10T12:00:00Z
1314,resident.01314@example.gov,Noah,Chen,Broomfield,Colorado,80020,US,39.8965,-105.0627,standard,2231,2026-04-11T12:00:00Z
1315,resident.01315@example.gov,Sophia,Chen,Durango,Colorado,81301,US,37.2573,-107.8621,preferred,2268,2026-04-12T12:00:00Z
1316,resident.01316@example.gov,Liam,Chen,Montrose,Colorado,81401,US,38.4663,-107.8642,vip,2305,2026-04-13T12:00:00Z
1317,resident.01317@example.gov,Isabella,Chen,Steamboat Springs,Colorado,80487,US,40.479,-106.8257,new,2342,2026-04-14T12:00:00Z
1318,resident.01318@example.gov,Mateo,Chen,Alamosa,Colorado,81101,US,37.4695,-105.87,standard,2379,2026-04-15T12:00:00Z
1319,resident.01319@example.gov,Amelia,Chen,Glenwood Springs,Colorado,81601,US,39.5565,-107.3308,preferred,2416,2026-04-16T12:00:00Z
1320,resident.01320@example.gov,Ethan,Chen,Idaho Springs,Colorado,80452,US,39.7545,-105.5256,vip,2453,2026-04-17T12:00:00Z
1321,resident.01321@example.gov,Ava,Johnson,Cañon City,Colorado,81212,US,38.4674,-105.2433,new,2490,2026-04-18T12:00:00Z
1322,resident.01322@example.gov,James,Johnson,Salida,Colorado,81201,US,38.5587,-106.0229,standard,2527,2026-04-19T12:00:00Z
1323,resident.01323@example.gov,Mia,Johnson,Gunnison,Colorado,81230,US,38.5758,-106.9553,preferred,2564,2026-04-20T12:00:00Z
1324,resident.01324@example.gov,Noah,Johnson,Leadville,Colorado,80461,US,39.2868,-106.3285,vip,2601,2026-04-21T12:00:00Z
1325,resident.01325@example.gov,Sophia,Johnson,Walsenburg,Colorado,81089,US,37.6662,-104.8223,new,2638,2026-04-22T12:00:00Z
1326,resident.01326@example.gov,Liam,Johnson,Trinidad,Colorado,81082,US,37.2175,-104.5485,standard,2675,2026-04-23T12:00:00Z
1327,resident.01327@example.gov,Isabella,Johnson,Sterling,Colorado,80751,US,40.5775,-103.1597,preferred,2712,2026-04-24T12:00:00Z
1328,resident.01328@example.gov,Mateo,Johnson,Fort Morgan,Colorado,80701,US,40.2083,-103.7579,vip,2749,2026-04-25T12:00:00Z
1329,resident.01329@example.gov,Amelia,Johnson,Yuma,Colorado,80759,US,40.0862,-102.6892,new,2786,2026-04-26T12:00:00Z
1330,resident.01330@example.gov,Ethan,Johnson,Burlington,Colorado,80807,US,39.2761,-102.2394,standard,2823,2026-04-27T12:00:00Z
1331,resident.01331@example.gov,Ava,Patel,Craig,Colorado,81625,US,40.4913,-107.5224,preferred,2860,2026-04-28T12:00:00Z
1332,resident.01332@example.gov,James,Patel,Telluride,Colorado,81435,US,37.9195,-107.7943,vip,2897,2026-04-29T12:00:00Z
1333,resident.01333@example.gov,Mia,Patel,Cortez,Colorado,81321,US,37.3369,-108.5739,new,2934,2026-04-30T12:00:00Z
1334,resident.01334@example.gov,Noah,Patel,Denver,Colorado,80202,US,39.7332,-104.9843,standard,2971,2026-05-01T12:00:00Z
1335,resident.01335@example.gov,Sophia,Patel,Colorado Springs,Colorado,80903,US,38.8339,-104.8214,preferred,3008,2026-05-02T12:00:00Z
1336,resident.01336@example.gov,Liam,Patel,Aurora,Colorado,80012,US,39.7354,-104.8379,vip,3045,2026-05-03T12:00:00Z
1337,resident.01337@example.gov,Isabella,Patel,Fort Collins,Colorado,80521,US,40.5973,-105.0964,new,3082,2026-05-04T12:00:00Z
1338,resident.01338@example.gov,Mateo,Patel,Lakewood,Colorado,80226,US,39.7227,-105.0994,standard,3119,2026-05-05T12:00:00Z
1339,resident.01339@example.gov,Amelia,Patel,Thornton,Colorado,80229,US,39.892,-104.9959,preferred,3156,2026-05-06T12:00:00Z
1340,resident.01340@example.gov,Ethan,Patel,Pueblo,Colorado,81003,US,38.2844,-104.6391,vip,3193,2026-05-07T12:00:00Z
1341,resident.01341@example.gov,Ava,Garcia,Boulder,Colorado,80302,US,40.051,-105.3065,new,3230,2026-05-08T12:00:00Z
1342,resident.01342@example.gov,James,Garcia,Greeley,Colorado,80631,US,40.4653,-104.7511,standard,3267,2026-05-09T12:00:00Z
1343,resident.01343@example.gov,Mia,Garcia,Castle Rock,Colorado,80104,US,39.4202,-104.9041,preferred,3304,2026-05-10T12:00:00Z
1344,resident.01344@example.gov,Noah,Garcia,Grand Junction,Colorado,81501,US,39.0159,-108.5026,vip,3341,2026-05-11T12:00:00Z
1345,resident.01345@example.gov,Sophia,Garcia,Broomfield,Colorado,80020,US,39.8785,-105.0447,new,3378,2026-05-12T12:00:00Z
1346,resident.01346@example.gov,Liam,Garcia,Durango,Colorado,81301,US,37.2393,-107.8441,standard,3415,2026-05-13T12:00:00Z
1347,resident.01347@example.gov,Isabella,Garcia,Montrose,Colorado,81401,US,38.4483,-107.8462,preferred,3452,2026-05-14T12:00:00Z
1348,resident.01348@example.gov,Mateo,Garcia,Steamboat Springs,Colorado,80487,US,40.461,-106.8077,vip,3489,2026-05-15T12:00:00Z
1349,resident.01349@example.gov,Amelia,Garcia,Alamosa,Colorado,81101,US,37.4515,-105.852,new,3526,2026-05-16T12:00:00Z
1350,resident.01350@example.gov,Ethan,Garcia,Glenwood Springs,Colorado,81601,US,39.5385,-107.3128,standard,3563,2026-05-17T12:00:00Z
1351,resident.01351@example.gov,Ava,Brown,Idaho Springs,Colorado,80452,US,39.7365,-105.5076,preferred,3600,2026-02-17T12:00:00Z
1352,resident.01352@example.gov,James,Brown,Cañon City,Colorado,81212,US,38.4494,-105.2253,vip,3637,2026-02-18T12:00:00Z
1353,resident.01353@example.gov,Mia,Brown,Salida,Colorado,81201,US,38.5407,-106.0049,new,3674,2026-02-19T12:00:00Z
1354,resident.01354@example.gov,Noah,Brown,Gunnison,Colorado,81230,US,38.5578,-106.9373,standard,3711,2026-02-20T12:00:00Z
1355,resident.01355@example.gov,Sophia,Brown,Leadville,Colorado,80461,US,39.2688,-106.3105,preferred,3748,2026-02-21T12:00:00Z
1356,resident.01356@example.gov,Liam,Brown,Walsenburg,Colorado,81089,US,37.6482,-104.8043,vip,3785,2026-02-22T12:00:00Z
1357,resident.01357@example.gov,Isabella,Brown,Trinidad,Colorado,81082,US,37.1995,-104.5305,new,3822,2026-02-23T12:00:00Z
1358,resident.01358@example.gov,Mateo,Brown,Sterling,Colorado,80751,US,40.6615,-103.2437,standard,3859,2026-02-24T12:00:00Z
1359,resident.01359@example.gov,Amelia,Brown,Fort Morgan,Colorado,80701,US,40.2923,-103.8419,preferred,3896,2026-02-25T12:00:00Z
1360,resident.01360@example.gov,Ethan,Brown,Yuma,Colorado,80759,US,40.1702,-102.7732,vip,3933,2026-02-26T12:00:00Z
1361,resident.01361@example.gov,Ava,Nguyen,Burlington,Colorado,80807,US,39.2581,-102.2214,new,3970,2026-02-27T12:00:00Z
1362,resident.01362@example.gov,James,Nguyen,Craig,Colorado,81625,US,40.4733,-107.5044,standard,4007,2026-02-28T12:00:00Z
1363,resident.01363@example.gov,Mia,Nguyen,Telluride,Colorado,81435,US,37.9015,-107.7763,preferred,4044,2026-03-01T12:00:00Z
1364,resident.01364@example.gov,Noah,Nguyen,Cortez,Colorado,81321,US,37.3189,-108.5559,vip,4081,2026-03-02T12:00:00Z
1365,resident.01365@example.gov,Sophia,Nguyen,Denver,Colorado,80202,US,39.7152,-104.9663,new,4118,2026-03-03T12:00:00Z
1366,resident.01366@example.gov,Liam,Nguyen,Colorado Springs,Colorado,80903,US,38.8159,-104.8034,standard,4155,2026-03-04T12:00:00Z
1367,resident.01367@example.gov,Isabella,Nguyen,Aurora,Colorado,80012,US,39.7174,-104.8199,preferred,4192,2026-03-05T12:00:00Z
1368,resident.01368@example.gov,Mateo,Nguyen,Fort Collins,Colorado,80521,US,40.5793,-105.0784,vip,4229,2026-03-06T12:00:00Z
1369,resident.01369@example.gov,Amelia,Nguyen,Lakewood,Colorado,80226,US,39.7047,-105.0814,new,4266,2026-03-07T12:00:00Z
1370,resident.01370@example.gov,Ethan,Nguyen,Thornton,Colorado,80229,US,39.874,-104.9779,standard,4303,2026-03-08T12:00:00Z
1371,resident.01371@example.gov,Ava,Williams,Pueblo,Colorado,81003,US,38.2664,-104.6211,preferred,4340,2026-03-09T12:00:00Z
1372,resident.01372@example.gov,James,Williams,Boulder,Colorado,80302,US,40.033,-105.2885,vip,4377,2026-03-10T12:00:00Z
1373,resident.01373@example.gov,Mia,Williams,Greeley,Colorado,80631,US,40.4473,-104.7331,new,4414,2026-03-11T12:00:00Z
1374,resident.01374@example.gov,Noah,Williams,Castle Rock,Colorado,80104,US,39.4022,-104.8861,standard,4451,2026-03-12T12:00:00Z
1375,resident.01375@example.gov,Sophia,Williams,Grand Junction,Colorado,81501,US,39.0999,-108.5866,preferred,4488,2026-03-13T12:00:00Z
1376,resident.01376@example.gov,Liam,Williams,Broomfield,Colorado,80020,US,39.9625,-105.1287,vip,4525,2026-03-14T12:00:00Z
1377,resident.01377@example.gov,Isabella,Williams,Durango,Colorado,81301,US,37.3233,-107.9281,new,4562,2026-03-15T12:00:00Z
1378,resident.01378@example.gov,Mateo,Williams,Montrose,Colorado,81401,US,38.4303,-107.8282,standard,4599,2026-03-16T12:00:00Z
1379,resident.01379@example.gov,Amelia,Williams,Steamboat Springs,Colorado,80487,US,40.443,-106.7897,preferred,4636,2026-03-17T12:00:00Z
1380,resident.01380@example.gov,Ethan,Williams,Alamosa,Colorado,81101,US,37.4335,-105.834,vip,4673,2026-03-18T12:00:00Z
1381,resident.01381@example.gov,Ava,Davis,Glenwood Springs,Colorado,81601,US,39.5205,-107.2948,new,4710,2026-03-19T12:00:00Z
1382,resident.01382@example.gov,James,Davis,Idaho Springs,Colorado,80452,US,39.7185,-105.4896,standard,4747,2026-03-20T12:00:00Z
1383,resident.01383@example.gov,Mia,Davis,Cañon City,Colorado,81212,US,38.4314,-105.2073,preferred,4784,2026-03-21T12:00:00Z
1384,resident.01384@example.gov,Noah,Davis,Salida,Colorado,81201,US,38.5227,-105.9869,vip,4821,2026-03-22T12:00:00Z
1385,resident.01385@example.gov,Sophia,Davis,Gunnison,Colorado,81230,US,38.5398,-106.9193,new,4858,2026-03-23T12:00:00Z
1386,resident.01386@example.gov,Liam,Davis,Leadville,Colorado,80461,US,39.2508,-106.2925,standard,4895,2026-03-24T12:00:00Z
1387,resident.01387@example.gov,Isabella,Davis,Walsenburg,Colorado,81089,US,37.6302,-104.7863,preferred,4932,2026-03-25T12:00:00Z
1388,resident.01388@example.gov,Mateo,Davis,Trinidad,Colorado,81082,US,37.1815,-104.5125,vip,4969,2026-03-26T12:00:00Z
1389,resident.01389@example.gov,Amelia,Davis,Sterling,Colorado,80751,US,40.6435,-103.2257,new,5006,2026-03-27T12:00:00Z
1390,resident.01390@example.gov,Ethan,Davis,Fort Morgan,Colorado,80701,US,40.2743,-103.8239,standard,5043,2026-03-28T12:00:00Z
1391,resident.01391@example.gov,Ava,Lopez,Yuma,Colorado,80759,US,40.1522,-102.7552,preferred,5080,2026-03-29T12:00:00Z
1392,resident.01392@example.gov,James,Lopez,Burlington,Colorado,80807,US,39.3421,-102.3054,vip,5117,2026-03-30T12:00:00Z
1393,resident.01393@example.gov,Mia,Lopez,Craig,Colorado,81625,US,40.5573,-107.5884,new,5154,2026-03-31T12:00:00Z
1394,resident.01394@example.gov,Noah,Lopez,Telluride,Colorado,81435,US,37.9855,-107.8603,standard,5191,2026-04-01T12:00:00Z
1395,resident.01395@example.gov,Sophia,Lopez,Cortez,Colorado,81321,US,37.3009,-108.5379,preferred,5228,2026-04-02T12:00:00Z
1396,resident.01396@example.gov,Liam,Lopez,Denver,Colorado,80202,US,39.6972,-104.9483,vip,5265,2026-04-03T12:00:00Z
1397,resident.01397@example.gov,Isabella,Lopez,Colorado Springs,Colorado,80903,US,38.7979,-104.7854,new,5302,2026-04-04T12:00:00Z
1398,resident.01398@example.gov,Mateo,Lopez,Aurora,Colorado,80012,US,39.6994,-104.8019,standard,5339,2026-04-05T12:00:00Z
1399,resident.01399@example.gov,Amelia,Lopez,Fort Collins,Colorado,80521,US,40.5613,-105.0604,preferred,5376,2026-04-06T12:00:00Z
1400,resident.01400@example.gov,Ethan,Lopez,Lakewood,Colorado,80226,US,39.6867,-105.0634,vip,5413,2026-04-07T12:00:00Z
1401,resident.01401@example.gov,Ava,Martinez,Thornton,Colorado,80229,US,39.856,-104.9599,new,5450,2026-04-08T12:00:00Z
1402,resident.01402@example.gov,James,Martinez,Pueblo,Colorado,81003,US,38.2484,-104.6031,standard,5487,2026-04-09T12:00:00Z
1403,resident.01403@example.gov,Mia,Martinez,Boulder,Colorado,80302,US,40.015,-105.2705,preferred,5524,2026-04-10T12:00:00Z
1404,resident.01404@example.gov,Noah,Martinez,Greeley,Colorado,80631,US,40.4293,-104.7151,vip,5561,2026-04-11T12:00:00Z
1405,resident.01405@example.gov,Sophia,Martinez,Castle Rock,Colorado,80104,US,39.3842,-104.8681,new,5598,2026-04-12T12:00:00Z
1406,resident.01406@example.gov,Liam,Martinez,Grand Junction,Colorado,81501,US,39.0819,-108.5686,standard,5635,2026-04-13T12:00:00Z
1407,resident.01407@example.gov,Isabella,Martinez,Broomfield,Colorado,80020,US,39.9445,-105.1107,preferred,5672,2026-04-14T12:00:00Z
1408,resident.01408@example.gov,Mateo,Martinez,Durango,Colorado,81301,US,37.3053,-107.9101,vip,5709,2026-04-15T12:00:00Z
1409,resident.01409@example.gov,Amelia,Martinez,Montrose,Colorado,81401,US,38.5143,-107.9122,new,5746,2026-04-16T12:00:00Z
1410,resident.01410@example.gov,Ethan,Martinez,Steamboat Springs,Colorado,80487,US,40.527,-106.8737,standard,5783,2026-04-17T12:00:00Z
1411,resident.01411@example.gov,Ava,Chen,Alamosa,Colorado,81101,US,37.5175,-105.918,preferred,5820,2026-04-18T12:00:00Z
1412,resident.01412@example.gov,James,Chen,Glenwood Springs,Colorado,81601,US,39.5025,-107.2768,vip,5857,2026-04-19T12:00:00Z
1413,resident.01413@example.gov,Mia,Chen,Idaho Springs,Colorado,80452,US,39.7005,-105.4716,new,5894,2026-04-20T12:00:00Z
1414,resident.01414@example.gov,Noah,Chen,Cañon City,Colorado,81212,US,38.4134,-105.1893,standard,5931,2026-04-21T12:00:00Z
1415,resident.01415@example.gov,Sophia,Chen,Salida,Colorado,81201,US,38.5047,-105.9689,preferred,5968,2026-04-22T12:00:00Z
1416,resident.01416@example.gov,Liam,Chen,Gunnison,Colorado,81230,US,38.5218,-106.9013,vip,6005,2026-04-23T12:00:00Z
1417,resident.01417@example.gov,Isabella,Chen,Leadville,Colorado,80461,US,39.2328,-106.2745,new,6042,2026-04-24T12:00:00Z
1418,resident.01418@example.gov,Mateo,Chen,Walsenburg,Colorado,81089,US,37.6122,-104.7683,standard,6079,2026-04-25T12:00:00Z
1419,resident.01419@example.gov,Amelia,Chen,Trinidad,Colorado,81082,US,37.1635,-104.4945,preferred,6116,2026-04-26T12:00:00Z
1420,resident.01420@example.gov,Ethan,Chen,Sterling,Colorado,80751,US,40.6255,-103.2077,vip,6153,2026-04-27T12:00:00Z
1421,resident.01421@example.gov,Ava,Johnson,Fort Morgan,Colorado,80701,US,40.2563,-103.8059,new,6190,2026-04-28T12:00:00Z
1422,resident.01422@example.gov,James,Johnson,Yuma,Colorado,80759,US,40.1342,-102.7372,standard,6227,2026-04-29T12:00:00Z
1423,resident.01423@example.gov,Mia,Johnson,Burlington,Colorado,80807,US,39.3241,-102.2874,preferred,6264,2026-04-30T12:00:00Z
1424,resident.01424@example.gov,Noah,Johnson,Craig,Colorado,81625,US,40.5393,-107.5704,vip,6301,2026-05-01T12:00:00Z
1425,resident.01425@example.gov,Sophia,Johnson,Telluride,Colorado,81435,US,37.9675,-107.8423,new,6338,2026-05-02T12:00:00Z
1426,resident.01426@example.gov,Liam,Johnson,Cortez,Colorado,81321,US,37.3849,-108.6219,standard,6375,2026-05-03T12:00:00Z
1427,resident.01427@example.gov,Isabella,Johnson,Denver,Colorado,80202,US,39.7812,-105.0323,preferred,6412,2026-05-04T12:00:00Z
1428,resident.01428@example.gov,Mateo,Johnson,Colorado Springs,Colorado,80903,US,38.8819,-104.8694,vip,6449,2026-05-05T12:00:00Z
1429,resident.01429@example.gov,Amelia,Johnson,Aurora,Colorado,80012,US,39.6814,-104.7839,new,6486,2026-05-06T12:00:00Z
1430,resident.01430@example.gov,Ethan,Johnson,Fort Collins,Colorado,80521,US,40.5433,-105.0424,standard,6523,2026-05-07T12:00:00Z
1431,resident.01431@example.gov,Ava,Patel,Lakewood,Colorado,80226,US,39.6687,-105.0454,preferred,6560,2026-05-08T12:00:00Z
1432,resident.01432@example.gov,James,Patel,Thornton,Colorado,80229,US,39.838,-104.9419,vip,6597,2026-05-09T12:00:00Z
1433,resident.01433@example.gov,Mia,Patel,Pueblo,Colorado,81003,US,38.2304,-104.5851,new,6634,2026-05-10T12:00:00Z
1434,resident.01434@example.gov,Noah,Patel,Boulder,Colorado,80302,US,39.997,-105.2525,standard,6671,2026-05-11T12:00:00Z
1435,resident.01435@example.gov,Sophia,Patel,Greeley,Colorado,80631,US,40.4113,-104.6971,preferred,6708,2026-05-12T12:00:00Z
1436,resident.01436@example.gov,Liam,Patel,Castle Rock,Colorado,80104,US,39.3662,-104.8501,vip,6745,2026-05-13T12:00:00Z
1437,resident.01437@example.gov,Isabella,Patel,Grand Junction,Colorado,81501,US,39.0639,-108.5506,new,6782,2026-05-14T12:00:00Z
1438,resident.01438@example.gov,Mateo,Patel,Broomfield,Colorado,80020,US,39.9265,-105.0927,standard,6819,2026-05-15T12:00:00Z
1439,resident.01439@example.gov,Amelia,Patel,Durango,Colorado,81301,US,37.2873,-107.8921,preferred,6856,2026-05-16T12:00:00Z
1440,resident.01440@example.gov,Ethan,Patel,Montrose,Colorado,81401,US,38.4963,-107.8942,vip,6893,2026-05-17T12:00:00Z
1441,resident.01441@example.gov,Ava,Garcia,Steamboat Springs,Colorado,80487,US,40.509,-106.8557,new,6930,2026-02-17T12:00:00Z
1442,resident.01442@example.gov,James,Garcia,Alamosa,Colorado,81101,US,37.4995,-105.9,standard,6967,2026-02-18T12:00:00Z
1443,resident.01443@example.gov,Mia,Garcia,Glenwood Springs,Colorado,81601,US,39.5865,-107.3608,preferred,7004,2026-02-19T12:00:00Z
1444,resident.01444@example.gov,Noah,Garcia,Idaho Springs,Colorado,80452,US,39.7845,-105.5556,vip,7041,2026-02-20T12:00:00Z
1445,resident.01445@example.gov,Sophia,Garcia,Cañon City,Colorado,81212,US,38.4974,-105.2733,new,7078,2026-02-21T12:00:00Z
1446,resident.01446@example.gov,Liam,Garcia,Salida,Colorado,81201,US,38.4867,-105.9509,standard,7115,2026-02-22T12:00:00Z
1447,resident.01447@example.gov,Isabella,Garcia,Gunnison,Colorado,81230,US,38.5038,-106.8833,preferred,7152,2026-02-23T12:00:00Z
1448,resident.01448@example.gov,Mateo,Garcia,Leadville,Colorado,80461,US,39.2148,-106.2565,vip,7189,2026-02-24T12:00:00Z
1449,resident.01449@example.gov,Amelia,Garcia,Walsenburg,Colorado,81089,US,37.5942,-104.7503,new,7226,2026-02-25T12:00:00Z
1450,resident.01450@example.gov,Ethan,Garcia,Trinidad,Colorado,81082,US,37.1455,-104.4765,standard,7263,2026-02-26T12:00:00Z
1451,resident.01451@example.gov,Ava,Brown,Sterling,Colorado,80751,US,40.6075,-103.1897,preferred,7300,2026-02-27T12:00:00Z
1452,resident.01452@example.gov,James,Brown,Fort Morgan,Colorado,80701,US,40.2383,-103.7879,vip,7337,2026-02-28T12:00:00Z
1453,resident.01453@example.gov,Mia,Brown,Yuma,Colorado,80759,US,40.1162,-102.7192,new,7374,2026-03-01T12:00:00Z
1454,resident.01454@example.gov,Noah,Brown,Burlington,Colorado,80807,US,39.3061,-102.2694,standard,7411,2026-03-02T12:00:00Z
1455,resident.01455@example.gov,Sophia,Brown,Craig,Colorado,81625,US,40.5213,-107.5524,preferred,7448,2026-03-03T12:00:00Z
1456,resident.01456@example.gov,Liam,Brown,Telluride,Colorado,81435,US,37.9495,-107.8243,vip,7485,2026-03-04T12:00:00Z
1457,resident.01457@example.gov,Isabella,Brown,Cortez,Colorado,81321,US,37.3669,-108.6039,new,7522,2026-03-05T12:00:00Z
1458,resident.01458@example.gov,Mateo,Brown,Denver,Colorado,80202,US,39.7632,-105.0143,standard,7559,2026-03-06T12:00:00Z
1459,resident.01459@example.gov,Amelia,Brown,Colorado Springs,Colorado,80903,US,38.8639,-104.8514,preferred,7596,2026-03-07T12:00:00Z
1460,resident.01460@example.gov,Ethan,Brown,Aurora,Colorado,80012,US,39.7654,-104.8679,vip,7633,2026-03-08T12:00:00Z
1461,resident.01461@example.gov,Ava,Nguyen,Fort Collins,Colorado,80521,US,40.6273,-105.1264,new,7670,2026-03-09T12:00:00Z
1462,resident.01462@example.gov,James,Nguyen,Lakewood,Colorado,80226,US,39.7527,-105.1294,standard,7707,2026-03-10T12:00:00Z
1463,resident.01463@example.gov,Mia,Nguyen,Thornton,Colorado,80229,US,39.82,-104.9239,preferred,7744,2026-03-11T12:00:00Z
1464,resident.01464@example.gov,Noah,Nguyen,Pueblo,Colorado,81003,US,38.2124,-104.5671,vip,7781,2026-03-12T12:00:00Z
1465,resident.01465@example.gov,Sophia,Nguyen,Boulder,Colorado,80302,US,39.979,-105.2345,new,7818,2026-03-13T12:00:00Z
1466,resident.01466@example.gov,Liam,Nguyen,Greeley,Colorado,80631,US,40.3933,-104.6791,standard,7855,2026-03-14T12:00:00Z
1467,resident.01467@example.gov,Isabella,Nguyen,Castle Rock,Colorado,80104,US,39.3482,-104.8321,preferred,7892,2026-03-15T12:00:00Z
1468,resident.01468@example.gov,Mateo,Nguyen,Grand Junction,Colorado,81501,US,39.0459,-108.5326,vip,7929,2026-03-16T12:00:00Z
1469,resident.01469@example.gov,Amelia,Nguyen,Broomfield,Colorado,80020,US,39.9085,-105.0747,new,7966,2026-03-17T12:00:00Z
1470,resident.01470@example.gov,Ethan,Nguyen,Durango,Colorado,81301,US,37.2693,-107.8741,standard,8003,2026-03-18T12:00:00Z
1471,resident.01471@example.gov,Ava,Williams,Montrose,Colorado,81401,US,38.4783,-107.8762,preferred,8040,2026-03-19T12:00:00Z
1472,resident.01472@example.gov,James,Williams,Steamboat Springs,Colorado,80487,US,40.491,-106.8377,vip,8077,2026-03-20T12:00:00Z
1473,resident.01473@example.gov,Mia,Williams,Alamosa,Colorado,81101,US,37.4815,-105.882,new,8114,2026-03-21T12:00:00Z
1474,resident.01474@example.gov,Noah,Williams,Glenwood Springs,Colorado,81601,US,39.5685,-107.3428,standard,8151,2026-03-22T12:00:00Z
1475,resident.01475@example.gov,Sophia,Williams,Idaho Springs,Colorado,80452,US,39.7665,-105.5376,preferred,8188,2026-03-23T12:00:00Z
1476,resident.01476@example.gov,Liam,Williams,Cañon City,Colorado,81212,US,38.4794,-105.2553,vip,8225,2026-03-24T12:00:00Z
1477,resident.01477@example.gov,Isabella,Williams,Salida,Colorado,81201,US,38.5707,-106.0349,new,462,2026-03-25T12:00:00Z
1478,resident.01478@example.gov,Mateo,Williams,Gunnison,Colorado,81230,US,38.5878,-106.9673,standard,499,2026-03-26T12:00:00Z
1479,resident.01479@example.gov,Amelia,Williams,Leadville,Colorado,80461,US,39.2988,-106.3405,preferred,536,2026-03-27T12:00:00Z
1480,resident.01480@example.gov,Ethan,Williams,Walsenburg,Colorado,81089,US,37.5762,-104.7323,vip,573,2026-03-28T12:00:00Z
1481,resident.01481@example.gov,Ava,Davis,Trinidad,Colorado,81082,US,37.1275,-104.4585,new,610,2026-03-29T12:00:00Z
1482,resident.01482@example.gov,James,Davis,Sterling,Colorado,80751,US,40.5895,-103.1717,standard,647,2026-03-30T12:00:00Z
1483,resident.01483@example.gov,Mia,Davis,Fort Morgan,Colorado,80701,US,40.2203,-103.7699,preferred,684,2026-03-31T12:00:00Z
1484,resident.01484@example.gov,Noah,Davis,Yuma,Colorado,80759,US,40.0982,-102.7012,vip,721,2026-04-01T12:00:00Z
1485,resident.01485@example.gov,Sophia,Davis,Burlington,Colorado,80807,US,39.2881,-102.2514,new,758,2026-04-02T12:00:00Z
1486,resident.01486@example.gov,Liam,Davis,Craig,Colorado,81625,US,40.5033,-107.5344,standard,795,2026-04-03T12:00:00Z
1487,resident.01487@example.gov,Isabella,Davis,Telluride,Colorado,81435,US,37.9315,-107.8063,preferred,832,2026-04-04T12:00:00Z
1488,resident.01488@example.gov,Mateo,Davis,Cortez,Colorado,81321,US,37.3489,-108.5859,vip,869,2026-04-05T12:00:00Z
1489,resident.01489@example.gov,Amelia,Davis,Denver,Colorado,80202,US,39.7452,-104.9963,new,906,2026-04-06T12:00:00Z
1490,resident.01490@example.gov,Ethan,Davis,Colorado Springs,Colorado,80903,US,38.8459,-104.8334,standard,943,2026-04-07T12:00:00Z
1491,resident.01491@example.gov,Ava,Lopez,Aurora,Colorado,80012,US,39.7474,-104.8499,preferred,980,2026-04-08T12:00:00Z
1492,resident.01492@example.gov,James,Lopez,Fort Collins,Colorado,80521,US,40.6093,-105.1084,vip,1017,2026-04-09T12:00:00Z
1493,resident.01493@example.gov,Mia,Lopez,Lakewood,Colorado,80226,US,39.7347,-105.1114,new,1054,2026-04-10T12:00:00Z
1494,resident.01494@example.gov,Noah,Lopez,Thornton,Colorado,80229,US,39.904,-105.0079,standard,1091,2026-04-11T12:00:00Z
1495,resident.01495@example.gov,Sophia,Lopez,Pueblo,Colorado,81003,US,38.2964,-104.6511,preferred,1128,2026-04-12T12:00:00Z
1496,resident.01496@example.gov,Liam,Lopez,Boulder,Colorado,80302,US,40.063,-105.3185,vip,1165,2026-04-13T12:00:00Z
1497,resident.01497@example.gov,Isabella,Lopez,Greeley,Colorado,80631,US,40.3753,-104.6611,new,1202,2026-04-14T12:00:00Z
1498,resident.01498@example.gov,Mateo,Lopez,Castle Rock,Colorado,80104,US,39.3302,-104.8141,standard,1239,2026-04-15T12:00:00Z
1499,resident.01499@example.gov,Amelia,Lopez,Grand Junction,Colorado,81501,US,39.0279,-108.5146,preferred,1276,2026-04-16T12:00:00Z
1500,resident.01500@example.gov,Ethan,Lopez,Broomfield,Colorado,80020,US,39.8905,-105.0567,vip,1313,2026-04-17T12:00:00Z
1501,resident.01501@example.gov,Ava,Martinez,Durango,Colorado,81301,US,37.2513,-107.8561,new,1350,2026-04-18T12:00:00Z
1502,resident.01502@example.gov,James,Martinez,Montrose,Colorado,81401,US,38.4603,-107.8582,standard,1387,2026-04-19T12:00:00Z
1503,resident.01503@example.gov,Mia,Martinez,Steamboat Springs,Colorado,80487,US,40.473,-106.8197,preferred,1424,2026-04-20T12:00:00Z
1504,resident.01504@example.gov,Noah,Martinez,Alamosa,Colorado,81101,US,37.4635,-105.864,vip,1461,2026-04-21T12:00:00Z
1505,resident.01505@example.gov,Sophia,Martinez,Glenwood Springs,Colorado,81601,US,39.5505,-107.3248,new,1498,2026-04-22T12:00:00Z
1506,resident.01506@example.gov,Liam,Martinez,Idaho Springs,Colorado,80452,US,39.7485,-105.5196,standard,1535,2026-04-23T12:00:00Z
1507,resident.01507@example.gov,Isabella,Martinez,Cañon City,Colorado,81212,US,38.4614,-105.2373,preferred,1572,2026-04-24T12:00:00Z
1508,resident.01508@example.gov,Mateo,Martinez,Salida,Colorado,81201,US,38.5527,-106.0169,vip,1609,2026-04-25T12:00:00Z
1509,resident.01509@example.gov,Amelia,Martinez,Gunnison,Colorado,81230,US,38.5698,-106.9493,new,1646,2026-04-26T12:00:00Z
1510,resident.01510@example.gov,Ethan,Martinez,Leadville,Colorado,80461,US,39.2808,-106.3225,standard,1683,2026-04-27T12:00:00Z
1511,resident.01511@example.gov,Ava,Chen,Walsenburg,Colorado,81089,US,37.6602,-104.8163,preferred,1720,2026-04-28T12:00:00Z
1512,resident.01512@example.gov,James,Chen,Trinidad,Colorado,81082,US,37.2115,-104.5425,vip,1757,2026-04-29T12:00:00Z
1513,resident.01513@example.gov,Mia,Chen,Sterling,Colorado,80751,US,40.6735,-103.2557,new,1794,2026-04-30T12:00:00Z
1514,resident.01514@example.gov,Noah,Chen,Fort Morgan,Colorado,80701,US,40.2023,-103.7519,standard,1831,2026-05-01T12:00:00Z
1515,resident.01515@example.gov,Sophia,Chen,Yuma,Colorado,80759,US,40.0802,-102.6832,preferred,1868,2026-05-02T12:00:00Z
1516,resident.01516@example.gov,Liam,Chen,Burlington,Colorado,80807,US,39.2701,-102.2334,vip,1905,2026-05-03T12:00:00Z
1517,resident.01517@example.gov,Isabella,Chen,Craig,Colorado,81625,US,40.4853,-107.5164,new,1942,2026-05-04T12:00:00Z
1518,resident.01518@example.gov,Mateo,Chen,Telluride,Colorado,81435,US,37.9135,-107.7883,standard,1979,2026-05-05T12:00:00Z
1519,resident.01519@example.gov,Amelia,Chen,Cortez,Colorado,81321,US,37.3309,-108.5679,preferred,2016,2026-05-06T12:00:00Z
1520,resident.01520@example.gov,Ethan,Chen,Denver,Colorado,80202,US,39.7272,-104.9783,vip,2053,2026-05-07T12:00:00Z
1521,resident.01521@example.gov,Ava,Johnson,Colorado Springs,Colorado,80903,US,38.8279,-104.8154,new,2090,2026-05-08T12:00:00Z
1522,resident.01522@example.gov,James,Johnson,Aurora,Colorado,80012,US,39.7294,-104.8319,standard,2127,2026-05-09T12:00:00Z
1523,resident.01523@example.gov,Mia,Johnson,Fort Collins,Colorado,80521,US,40.5913,-105.0904,preferred,2164,2026-05-10T12:00:00Z
1524,resident.01524@example.gov,Noah,Johnson,Lakewood,Colorado,80226,US,39.7167,-105.0934,vip,2201,2026-05-11T12:00:00Z
1525,resident.01525@example.gov,Sophia,Johnson,Thornton,Colorado,80229,US,39.886,-104.9899,new,2238,2026-05-12T12:00:00Z
1526,resident.01526@example.gov,Liam,Johnson,Pueblo,Colorado,81003,US,38.2784,-104.6331,standard,2275,2026-05-13T12:00:00Z
1527,resident.01527@example.gov,Isabella,Johnson,Boulder,Colorado,80302,US,40.045,-105.3005,preferred,2312,2026-05-14T12:00:00Z
1528,resident.01528@example.gov,Mateo,Johnson,Greeley,Colorado,80631,US,40.4593,-104.7451,vip,2349,2026-05-15T12:00:00Z
1529,resident.01529@example.gov,Amelia,Johnson,Castle Rock,Colorado,80104,US,39.4142,-104.8981,new,2386,2026-05-16T12:00:00Z
1530,resident.01530@example.gov,Ethan,Johnson,Grand Junction,Colorado,81501,US,39.1119,-108.5986,standard,2423,2026-05-17T12:00:00Z
1531,resident.01531@example.gov,Ava,Patel,Broomfield,Colorado,80020,US,39.8725,-105.0387,preferred,2460,2026-02-17T12:00:00Z
1532,resident.01532@example.gov,James,Patel,Durango,Colorado,81301,US,37.2333,-107.8381,vip,2497,2026-02-18T12:00:00Z
1533,resident.01533@example.gov,Mia,Patel,Montrose,Colorado,81401,US,38.4423,-107.8402,new,2534,2026-02-19T12:00:00Z
1534,resident.01534@example.gov,Noah,Patel,Steamboat Springs,Colorado,80487,US,40.455,-106.8017,standard,2571,2026-02-20T12:00:00Z
1535,resident.01535@example.gov,Sophia,Patel,Alamosa,Colorado,81101,US,37.4455,-105.846,preferred,2608,2026-02-21T12:00:00Z
1536,resident.01536@example.gov,Liam,Patel,Glenwood Springs,Colorado,81601,US,39.5325,-107.3068,vip,2645,2026-02-22T12:00:00Z
1537,resident.01537@example.gov,Isabella,Patel,Idaho Springs,Colorado,80452,US,39.7305,-105.5016,new,2682,2026-02-23T12:00:00Z
1538,resident.01538@example.gov,Mateo,Patel,Cañon City,Colorado,81212,US,38.4434,-105.2193,standard,2719,2026-02-24T12:00:00Z
1539,resident.01539@example.gov,Amelia,Patel,Salida,Colorado,81201,US,38.5347,-105.9989,preferred,2756,2026-02-25T12:00:00Z
1540,resident.01540@example.gov,Ethan,Patel,Gunnison,Colorado,81230,US,38.5518,-106.9313,vip,2793,2026-02-26T12:00:00Z
1541,resident.01541@example.gov,Ava,Garcia,Leadville,Colorado,80461,US,39.2628,-106.3045,new,2830,2026-02-27T12:00:00Z
1542,resident.01542@example.gov,James,Garcia,Walsenburg,Colorado,81089,US,37.6422,-104.7983,standard,2867,2026-02-28T12:00:00Z
1543,resident.01543@example.gov,Mia,Garcia,Trinidad,Colorado,81082,US,37.1935,-104.5245,preferred,2904,2026-03-01T12:00:00Z
1544,resident.01544@example.gov,Noah,Garcia,Sterling,Colorado,80751,US,40.6555,-103.2377,vip,2941,2026-03-02T12:00:00Z
1545,resident.01545@example.gov,Sophia,Garcia,Fort Morgan,Colorado,80701,US,40.2863,-103.8359,new,2978,2026-03-03T12:00:00Z
1546,resident.01546@example.gov,Liam,Garcia,Yuma,Colorado,80759,US,40.1642,-102.7672,standard,3015,2026-03-04T12:00:00Z
1547,resident.01547@example.gov,Isabella,Garcia,Burlington,Colorado,80807,US,39.3541,-102.3174,preferred,3052,2026-03-05T12:00:00Z
1548,resident.01548@example.gov,Mateo,Garcia,Craig,Colorado,81625,US,40.4673,-107.4984,vip,3089,2026-03-06T12:00:00Z
1549,resident.01549@example.gov,Amelia,Garcia,Telluride,Colorado,81435,US,37.8955,-107.7703,new,3126,2026-03-07T12:00:00Z
1550,resident.01550@example.gov,Ethan,Garcia,Cortez,Colorado,81321,US,37.3129,-108.5499,standard,3163,2026-03-08T12:00:00Z
1551,resident.01551@example.gov,Ava,Brown,Denver,Colorado,80202,US,39.7092,-104.9603,preferred,3200,2026-03-09T12:00:00Z
1552,resident.01552@example.gov,James,Brown,Colorado Springs,Colorado,80903,US,38.8099,-104.7974,vip,3237,2026-03-10T12:00:00Z
1553,resident.01553@example.gov,Mia,Brown,Aurora,Colorado,80012,US,39.7114,-104.8139,new,3274,2026-03-11T12:00:00Z
1554,resident.01554@example.gov,Noah,Brown,Fort Collins,Colorado,80521,US,40.5733,-105.0724,standard,3311,2026-03-12T12:00:00Z
1555,resident.01555@example.gov,Sophia,Brown,Lakewood,Colorado,80226,US,39.6987,-105.0754,preferred,3348,2026-03-13T12:00:00Z
1556,resident.01556@example.gov,Liam,Brown,Thornton,Colorado,80229,US,39.868,-104.9719,vip,3385,2026-03-14T12:00:00Z
1557,resident.01557@example.gov,Isabella,Brown,Pueblo,Colorado,81003,US,38.2604,-104.6151,new,3422,2026-03-15T12:00:00Z
1558,resident.01558@example.gov,Mateo,Brown,Boulder,Colorado,80302,US,40.027,-105.2825,standard,3459,2026-03-16T12:00:00Z
1559,resident.01559@example.gov,Amelia,Brown,Greeley,Colorado,80631,US,40.4413,-104.7271,preferred,3496,2026-03-17T12:00:00Z
1560,resident.01560@example.gov,Ethan,Brown,Castle Rock,Colorado,80104,US,39.3962,-104.8801,vip,3533,2026-03-18T12:00:00Z
1561,resident.01561@example.gov,Ava,Nguyen,Grand Junction,Colorado,81501,US,39.0939,-108.5806,new,3570,2026-03-19T12:00:00Z
1562,resident.01562@example.gov,James,Nguyen,Broomfield,Colorado,80020,US,39.9565,-105.1227,standard,3607,2026-03-20T12:00:00Z
1563,resident.01563@example.gov,Mia,Nguyen,Durango,Colorado,81301,US,37.3173,-107.9221,preferred,3644,2026-03-21T12:00:00Z
1564,resident.01564@example.gov,Noah,Nguyen,Montrose,Colorado,81401,US,38.5263,-107.9242,vip,3681,2026-03-22T12:00:00Z
1565,resident.01565@example.gov,Sophia,Nguyen,Steamboat Springs,Colorado,80487,US,40.437,-106.7837,new,3718,2026-03-23T12:00:00Z
1566,resident.01566@example.gov,Liam,Nguyen,Alamosa,Colorado,81101,US,37.4275,-105.828,standard,3755,2026-03-24T12:00:00Z
1567,resident.01567@example.gov,Isabella,Nguyen,Glenwood Springs,Colorado,81601,US,39.5145,-107.2888,preferred,3792,2026-03-25T12:00:00Z
1568,resident.01568@example.gov,Mateo,Nguyen,Idaho Springs,Colorado,80452,US,39.7125,-105.4836,vip,3829,2026-03-26T12:00:00Z
1569,resident.01569@example.gov,Amelia,Nguyen,Cañon City,Colorado,81212,US,38.4254,-105.2013,new,3866,2026-03-27T12:00:00Z
1570,resident.01570@example.gov,Ethan,Nguyen,Salida,Colorado,81201,US,38.5167,-105.9809,standard,3903,2026-03-28T12:00:00Z
1571,resident.01571@example.gov,Ava,Williams,Gunnison,Colorado,81230,US,38.5338,-106.9133,preferred,3940,2026-03-29T12:00:00Z
1572,resident.01572@example.gov,James,Williams,Leadville,Colorado,80461,US,39.2448,-106.2865,vip,3977,2026-03-30T12:00:00Z
1573,resident.01573@example.gov,Mia,Williams,Walsenburg,Colorado,81089,US,37.6242,-104.7803,new,4014,2026-03-31T12:00:00Z
1574,resident.01574@example.gov,Noah,Williams,Trinidad,Colorado,81082,US,37.1755,-104.5065,standard,4051,2026-04-01T12:00:00Z
1575,resident.01575@example.gov,Sophia,Williams,Sterling,Colorado,80751,US,40.6375,-103.2197,preferred,4088,2026-04-02T12:00:00Z
1576,resident.01576@example.gov,Liam,Williams,Fort Morgan,Colorado,80701,US,40.2683,-103.8179,vip,4125,2026-04-03T12:00:00Z
1577,resident.01577@example.gov,Isabella,Williams,Yuma,Colorado,80759,US,40.1462,-102.7492,new,4162,2026-04-04T12:00:00Z
1578,resident.01578@example.gov,Mateo,Williams,Burlington,Colorado,80807,US,39.3361,-102.2994,standard,4199,2026-04-05T12:00:00Z
1579,resident.01579@example.gov,Amelia,Williams,Craig,Colorado,81625,US,40.5513,-107.5824,preferred,4236,2026-04-06T12:00:00Z
1580,resident.01580@example.gov,Ethan,Williams,Telluride,Colorado,81435,US,37.9795,-107.8543,vip,4273,2026-04-07T12:00:00Z
1581,resident.01581@example.gov,Ava,Davis,Cortez,Colorado,81321,US,37.3969,-108.6339,new,4310,2026-04-08T12:00:00Z
1582,resident.01582@example.gov,James,Davis,Denver,Colorado,80202,US,39.6912,-104.9423,standard,4347,2026-04-09T12:00:00Z
1583,resident.01583@example.gov,Mia,Davis,Colorado Springs,Colorado,80903,US,38.7919,-104.7794,preferred,4384,2026-04-10T12:00:00Z
1584,resident.01584@example.gov,Noah,Davis,Aurora,Colorado,80012,US,39.6934,-104.7959,vip,4421,2026-04-11T12:00:00Z
1585,resident.01585@example.gov,Sophia,Davis,Fort Collins,Colorado,80521,US,40.5553,-105.0544,new,4458,2026-04-12T12:00:00Z
1586,resident.01586@example.gov,Liam,Davis,Lakewood,Colorado,80226,US,39.6807,-105.0574,standard,4495,2026-04-13T12:00:00Z
1587,resident.01587@example.gov,Isabella,Davis,Thornton,Colorado,80229,US,39.85,-104.9539,preferred,4532,2026-04-14T12:00:00Z
1588,resident.01588@example.gov,Mateo,Davis,Pueblo,Colorado,81003,US,38.2424,-104.5971,vip,4569,2026-04-15T12:00:00Z
1589,resident.01589@example.gov,Amelia,Davis,Boulder,Colorado,80302,US,40.009,-105.2645,new,4606,2026-04-16T12:00:00Z
1590,resident.01590@example.gov,Ethan,Davis,Greeley,Colorado,80631,US,40.4233,-104.7091,standard,4643,2026-04-17T12:00:00Z
1591,resident.01591@example.gov,Ava,Lopez,Castle Rock,Colorado,80104,US,39.3782,-104.8621,preferred,4680,2026-04-18T12:00:00Z
1592,resident.01592@example.gov,James,Lopez,Grand Junction,Colorado,81501,US,39.0759,-108.5626,vip,4717,2026-04-19T12:00:00Z
1593,resident.01593@example.gov,Mia,Lopez,Broomfield,Colorado,80020,US,39.9385,-105.1047,new,4754,2026-04-20T12:00:00Z
1594,resident.01594@example.gov,Noah,Lopez,Durango,Colorado,81301,US,37.2993,-107.9041,standard,4791,2026-04-21T12:00:00Z
1595,resident.01595@example.gov,Sophia,Lopez,Montrose,Colorado,81401,US,38.5083,-107.9062,preferred,4828,2026-04-22T12:00:00Z
1596,resident.01596@example.gov,Liam,Lopez,Steamboat Springs,Colorado,80487,US,40.521,-106.8677,vip,4865,2026-04-23T12:00:00Z
1597,resident.01597@example.gov,Isabella,Lopez,Alamosa,Colorado,81101,US,37.5115,-105.912,new,4902,2026-04-24T12:00:00Z
1598,resident.01598@example.gov,Mateo,Lopez,Glenwood Springs,Colorado,81601,US,39.5985,-107.3728,standard,4939,2026-04-25T12:00:00Z
1599,resident.01599@example.gov,Amelia,Lopez,Idaho Springs,Colorado,80452,US,39.6945,-105.4656,preferred,4976,2026-04-26T12:00:00Z
1600,resident.01600@example.gov,Ethan,Lopez,Cañon City,Colorado,81212,US,38.4074,-105.1833,vip,5013,2026-04-27T12:00:00Z
1601,resident.01601@example.gov,Ava,Martinez,Salida,Colorado,81201,US,38.4987,-105.9629,new,5050,2026-04-28T12:00:00Z
1602,resident.01602@example.gov,James,Martinez,Gunnison,Colorado,81230,US,38.5158,-106.8953,standard,5087,2026-04-29T12:00:00Z
1603,resident.01603@example.gov,Mia,Martinez,Leadville,Colorado,80461,US,39.2268,-106.2685,preferred,5124,2026-04-30T12:00:00Z
1604,resident.01604@example.gov,Noah,Martinez,Walsenburg,Colorado,81089,US,37.6062,-104.7623,vip,5161,2026-05-01T12:00:00Z
1605,resident.01605@example.gov,Sophia,Martinez,Trinidad,Colorado,81082,US,37.1575,-104.4885,new,5198,2026-05-02T12:00:00Z
1606,resident.01606@example.gov,Liam,Martinez,Sterling,Colorado,80751,US,40.6195,-103.2017,standard,5235,2026-05-03T12:00:00Z
1607,resident.01607@example.gov,Isabella,Martinez,Fort Morgan,Colorado,80701,US,40.2503,-103.7999,preferred,5272,2026-05-04T12:00:00Z
1608,resident.01608@example.gov,Mateo,Martinez,Yuma,Colorado,80759,US,40.1282,-102.7312,vip,5309,2026-05-05T12:00:00Z
1609,resident.01609@example.gov,Amelia,Martinez,Burlington,Colorado,80807,US,39.3181,-102.2814,new,5346,2026-05-06T12:00:00Z
1610,resident.01610@example.gov,Ethan,Martinez,Craig,Colorado,81625,US,40.5333,-107.5644,standard,5383,2026-05-07T12:00:00Z
1611,resident.01611@example.gov,Ava,Chen,Telluride,Colorado,81435,US,37.9615,-107.8363,preferred,5420,2026-05-08T12:00:00Z
1612,resident.01612@example.gov,James,Chen,Cortez,Colorado,81321,US,37.3789,-108.6159,vip,5457,2026-05-09T12:00:00Z
1613,resident.01613@example.gov,Mia,Chen,Denver,Colorado,80202,US,39.7752,-105.0263,new,5494,2026-05-10T12:00:00Z
1614,resident.01614@example.gov,Noah,Chen,Colorado Springs,Colorado,80903,US,38.8759,-104.8634,standard,5531,2026-05-11T12:00:00Z
1615,resident.01615@example.gov,Sophia,Chen,Aurora,Colorado,80012,US,39.7774,-104.8799,preferred,5568,2026-05-12T12:00:00Z
1616,resident.01616@example.gov,Liam,Chen,Fort Collins,Colorado,80521,US,40.5373,-105.0364,vip,5605,2026-05-13T12:00:00Z
1617,resident.01617@example.gov,Isabella,Chen,Lakewood,Colorado,80226,US,39.6627,-105.0394,new,5642,2026-05-14T12:00:00Z
1618,resident.01618@example.gov,Mateo,Chen,Thornton,Colorado,80229,US,39.832,-104.9359,standard,5679,2026-05-15T12:00:00Z
1619,resident.01619@example.gov,Amelia,Chen,Pueblo,Colorado,81003,US,38.2244,-104.5791,preferred,5716,2026-05-16T12:00:00Z
1620,resident.01620@example.gov,Ethan,Chen,Boulder,Colorado,80302,US,39.991,-105.2465,vip,5753,2026-05-17T12:00:00Z
1621,resident.01621@example.gov,Ava,Johnson,Greeley,Colorado,80631,US,40.4053,-104.6911,new,5790,2026-02-17T12:00:00Z
1622,resident.01622@example.gov,James,Johnson,Castle Rock,Colorado,80104,US,39.3602,-104.8441,standard,5827,2026-02-18T12:00:00Z
1623,resident.01623@example.gov,Mia,Johnson,Grand Junction,Colorado,81501,US,39.0579,-108.5446,preferred,5864,2026-02-19T12:00:00Z
1624,resident.01624@example.gov,Noah,Johnson,Broomfield,Colorado,80020,US,39.9205,-105.0867,vip,5901,2026-02-20T12:00:00Z
1625,resident.01625@example.gov,Sophia,Johnson,Durango,Colorado,81301,US,37.2813,-107.8861,new,5938,2026-02-21T12:00:00Z
1626,resident.01626@example.gov,Liam,Johnson,Montrose,Colorado,81401,US,38.4903,-107.8882,standard,5975,2026-02-22T12:00:00Z
1627,resident.01627@example.gov,Isabella,Johnson,Steamboat Springs,Colorado,80487,US,40.503,-106.8497,preferred,6012,2026-02-23T12:00:00Z
1628,resident.01628@example.gov,Mateo,Johnson,Alamosa,Colorado,81101,US,37.4935,-105.894,vip,6049,2026-02-24T12:00:00Z
1629,resident.01629@example.gov,Amelia,Johnson,Glenwood Springs,Colorado,81601,US,39.5805,-107.3548,new,6086,2026-02-25T12:00:00Z
1630,resident.01630@example.gov,Ethan,Johnson,Idaho Springs,Colorado,80452,US,39.7785,-105.5496,standard,6123,2026-02-26T12:00:00Z
1631,resident.01631@example.gov,Ava,Patel,Cañon City,Colorado,81212,US,38.4914,-105.2673,preferred,6160,2026-02-27T12:00:00Z
1632,resident.01632@example.gov,James,Patel,Salida,Colorado,81201,US,38.5827,-106.0469,vip,6197,2026-02-28T12:00:00Z
1633,resident.01633@example.gov,Mia,Patel,Gunnison,Colorado,81230,US,38.4978,-106.8773,new,6234,2026-03-01T12:00:00Z
1634,resident.01634@example.gov,Noah,Patel,Leadville,Colorado,80461,US,39.2088,-106.2505,standard,6271,2026-03-02T12:00:00Z
1635,resident.01635@example.gov,Sophia,Patel,Walsenburg,Colorado,81089,US,37.5882,-104.7443,preferred,6308,2026-03-03T12:00:00Z
1636,resident.01636@example.gov,Liam,Patel,Trinidad,Colorado,81082,US,37.1395,-104.4705,vip,6345,2026-03-04T12:00:00Z
1637,resident.01637@example.gov,Isabella,Patel,Sterling,Colorado,80751,US,40.6015,-103.1837,new,6382,2026-03-05T12:00:00Z
1638,resident.01638@example.gov,Mateo,Patel,Fort Morgan,Colorado,80701,US,40.2323,-103.7819,standard,6419,2026-03-06T12:00:00Z
1639,resident.01639@example.gov,Amelia,Patel,Yuma,Colorado,80759,US,40.1102,-102.7132,preferred,6456,2026-03-07T12:00:00Z
1640,resident.01640@example.gov,Ethan,Patel,Burlington,Colorado,80807,US,39.3001,-102.2634,vip,6493,2026-03-08T12:00:00Z
1641,resident.01641@example.gov,Ava,Garcia,Craig,Colorado,81625,US,40.5153,-107.5464,new,6530,2026-03-09T12:00:00Z
1642,resident.01642@example.gov,James,Garcia,Telluride,Colorado,81435,US,37.9435,-107.8183,standard,6567,2026-03-10T12:00:00Z
1643,resident.01643@example.gov,Mia,Garcia,Cortez,Colorado,81321,US,37.3609,-108.5979,preferred,6604,2026-03-11T12:00:00Z
1644,resident.01644@example.gov,Noah,Garcia,Denver,Colorado,80202,US,39.7572,-105.0083,vip,6641,2026-03-12T12:00:00Z
1645,resident.01645@example.gov,Sophia,Garcia,Colorado Springs,Colorado,80903,US,38.8579,-104.8454,new,6678,2026-03-13T12:00:00Z
1646,resident.01646@example.gov,Liam,Garcia,Aurora,Colorado,80012,US,39.7594,-104.8619,standard,6715,2026-03-14T12:00:00Z
1647,resident.01647@example.gov,Isabella,Garcia,Fort Collins,Colorado,80521,US,40.6213,-105.1204,preferred,6752,2026-03-15T12:00:00Z
1648,resident.01648@example.gov,Mateo,Garcia,Lakewood,Colorado,80226,US,39.7467,-105.1234,vip,6789,2026-03-16T12:00:00Z
1649,resident.01649@example.gov,Amelia,Garcia,Thornton,Colorado,80229,US,39.916,-105.0199,new,6826,2026-03-17T12:00:00Z
1650,resident.01650@example.gov,Ethan,Garcia,Pueblo,Colorado,81003,US,38.2064,-104.5611,standard,6863,2026-03-18T12:00:00Z
1651,resident.01651@example.gov,Ava,Brown,Boulder,Colorado,80302,US,39.973,-105.2285,preferred,6900,2026-03-19T12:00:00Z
1652,resident.01652@example.gov,James,Brown,Greeley,Colorado,80631,US,40.3873,-104.6731,vip,6937,2026-03-20T12:00:00Z
1653,resident.01653@example.gov,Mia,Brown,Castle Rock,Colorado,80104,US,39.3422,-104.8261,new,6974,2026-03-21T12:00:00Z
1654,resident.01654@example.gov,Noah,Brown,Grand Junction,Colorado,81501,US,39.0399,-108.5266,standard,7011,2026-03-22T12:00:00Z
1655,resident.01655@example.gov,Sophia,Brown,Broomfield,Colorado,80020,US,39.9025,-105.0687,preferred,7048,2026-03-23T12:00:00Z
1656,resident.01656@example.gov,Liam,Brown,Durango,Colorado,81301,US,37.2633,-107.8681,vip,7085,2026-03-24T12:00:00Z
1657,resident.01657@example.gov,Isabella,Brown,Montrose,Colorado,81401,US,38.4723,-107.8702,new,7122,2026-03-25T12:00:00Z
1658,resident.01658@example.gov,Mateo,Brown,Steamboat Springs,Colorado,80487,US,40.485,-106.8317,standard,7159,2026-03-26T12:00:00Z
1659,resident.01659@example.gov,Amelia,Brown,Alamosa,Colorado,81101,US,37.4755,-105.876,preferred,7196,2026-03-27T12:00:00Z
1660,resident.01660@example.gov,Ethan,Brown,Glenwood Springs,Colorado,81601,US,39.5625,-107.3368,vip,7233,2026-03-28T12:00:00Z
1661,resident.01661@example.gov,Ava,Nguyen,Idaho Springs,Colorado,80452,US,39.7605,-105.5316,new,7270,2026-03-29T12:00:00Z
1662,resident.01662@example.gov,James,Nguyen,Cañon City,Colorado,81212,US,38.4734,-105.2493,standard,7307,2026-03-30T12:00:00Z
1663,resident.01663@example.gov,Mia,Nguyen,Salida,Colorado,81201,US,38.5647,-106.0289,preferred,7344,2026-03-31T12:00:00Z
1664,resident.01664@example.gov,Noah,Nguyen,Gunnison,Colorado,81230,US,38.5818,-106.9613,vip,7381,2026-04-01T12:00:00Z
1665,resident.01665@example.gov,Sophia,Nguyen,Leadville,Colorado,80461,US,39.2928,-106.3345,new,7418,2026-04-02T12:00:00Z
1666,resident.01666@example.gov,Liam,Nguyen,Walsenburg,Colorado,81089,US,37.6722,-104.8283,standard,7455,2026-04-03T12:00:00Z
1667,resident.01667@example.gov,Isabella,Nguyen,Trinidad,Colorado,81082,US,37.1215,-104.4525,preferred,7492,2026-04-04T12:00:00Z
1668,resident.01668@example.gov,Mateo,Nguyen,Sterling,Colorado,80751,US,40.5835,-103.1657,vip,7529,2026-04-05T12:00:00Z
1669,resident.01669@example.gov,Amelia,Nguyen,Fort Morgan,Colorado,80701,US,40.2143,-103.7639,new,7566,2026-04-06T12:00:00Z
1670,resident.01670@example.gov,Ethan,Nguyen,Yuma,Colorado,80759,US,40.0922,-102.6952,standard,7603,2026-04-07T12:00:00Z
1671,resident.01671@example.gov,Ava,Williams,Burlington,Colorado,80807,US,39.2821,-102.2454,preferred,7640,2026-04-08T12:00:00Z
1672,resident.01672@example.gov,James,Williams,Craig,Colorado,81625,US,40.4973,-107.5284,vip,7677,2026-04-09T12:00:00Z
1673,resident.01673@example.gov,Mia,Williams,Telluride,Colorado,81435,US,37.9255,-107.8003,new,7714,2026-04-10T12:00:00Z
1674,resident.01674@example.gov,Noah,Williams,Cortez,Colorado,81321,US,37.3429,-108.5799,standard,7751,2026-04-11T12:00:00Z
1675,resident.01675@example.gov,Sophia,Williams,Denver,Colorado,80202,US,39.7392,-104.9903,preferred,7788,2026-04-12T12:00:00Z
1676,resident.01676@example.gov,Liam,Williams,Colorado Springs,Colorado,80903,US,38.8399,-104.8274,vip,7825,2026-04-13T12:00:00Z
1677,resident.01677@example.gov,Isabella,Williams,Aurora,Colorado,80012,US,39.7414,-104.8439,new,7862,2026-04-14T12:00:00Z
1678,resident.01678@example.gov,Mateo,Williams,Fort Collins,Colorado,80521,US,40.6033,-105.1024,standard,7899,2026-04-15T12:00:00Z
1679,resident.01679@example.gov,Amelia,Williams,Lakewood,Colorado,80226,US,39.7287,-105.1054,preferred,7936,2026-04-16T12:00:00Z
1680,resident.01680@example.gov,Ethan,Williams,Thornton,Colorado,80229,US,39.898,-105.0019,vip,7973,2026-04-17T12:00:00Z
1681,resident.01681@example.gov,Ava,Davis,Pueblo,Colorado,81003,US,38.2904,-104.6451,new,8010,2026-04-18T12:00:00Z
1682,resident.01682@example.gov,James,Davis,Boulder,Colorado,80302,US,40.057,-105.3125,standard,8047,2026-04-19T12:00:00Z
1683,resident.01683@example.gov,Mia,Davis,Greeley,Colorado,80631,US,40.4713,-104.7571,preferred,8084,2026-04-20T12:00:00Z
1684,resident.01684@example.gov,Noah,Davis,Castle Rock,Colorado,80104,US,39.3242,-104.8081,vip,8121,2026-04-21T12:00:00Z
1685,resident.01685@example.gov,Sophia,Davis,Grand Junction,Colorado,81501,US,39.0219,-108.5086,new,8158,2026-04-22T12:00:00Z
1686,resident.01686@example.gov,Liam,Davis,Broomfield,Colorado,80020,US,39.8845,-105.0507,standard,8195,2026-04-23T12:00:00Z
1687,resident.01687@example.gov,Isabella,Davis,Durango,Colorado,81301,US,37.2453,-107.8501,preferred,8232,2026-04-24T12:00:00Z
1688,resident.01688@example.gov,Mateo,Davis,Montrose,Colorado,81401,US,38.4543,-107.8522,vip,469,2026-04-25T12:00:00Z
1689,resident.01689@example.gov,Amelia,Davis,Steamboat Springs,Colorado,80487,US,40.467,-106.8137,new,506,2026-04-26T12:00:00Z
1690,resident.01690@example.gov,Ethan,Davis,Alamosa,Colorado,81101,US,37.4575,-105.858,standard,543,2026-04-27T12:00:00Z
1691,resident.01691@example.gov,Ava,Lopez,Glenwood Springs,Colorado,81601,US,39.5445,-107.3188,preferred,580,2026-04-28T12:00:00Z
1692,resident.01692@example.gov,James,Lopez,Idaho Springs,Colorado,80452,US,39.7425,-105.5136,vip,617,2026-04-29T12:00:00Z
1693,resident.01693@example.gov,Mia,Lopez,Cañon City,Colorado,81212,US,38.4554,-105.2313,new,654,2026-04-30T12:00:00Z
1694,resident.01694@example.gov,Noah,Lopez,Salida,Colorado,81201,US,38.5467,-106.0109,standard,691,2026-05-01T12:00:00Z
1695,resident.01695@example.gov,Sophia,Lopez,Gunnison,Colorado,81230,US,38.5638,-106.9433,preferred,728,2026-05-02T12:00:00Z
1696,resident.01696@example.gov,Liam,Lopez,Leadville,Colorado,80461,US,39.2748,-106.3165,vip,765,2026-05-03T12:00:00Z
1697,resident.01697@example.gov,Isabella,Lopez,Walsenburg,Colorado,81089,US,37.6542,-104.8103,new,802,2026-05-04T12:00:00Z
1698,resident.01698@example.gov,Mateo,Lopez,Trinidad,Colorado,81082,US,37.2055,-104.5365,standard,839,2026-05-05T12:00:00Z
1699,resident.01699@example.gov,Amelia,Lopez,Sterling,Colorado,80751,US,40.6675,-103.2497,preferred,876,2026-05-06T12:00:00Z
1700,resident.01700@example.gov,Ethan,Lopez,Fort Morgan,Colorado,80701,US,40.2983,-103.8479,vip,913,2026-05-07T12:00:00Z
1701,resident.01701@example.gov,Ava,Martinez,Yuma,Colorado,80759,US,40.0742,-102.6772,new,950,2026-05-08T12:00:00Z
1702,resident.01702@example.gov,James,Martinez,Burlington,Colorado,80807,US,39.2641,-102.2274,standard,987,2026-05-09T12:00:00Z
1703,resident.01703@example.gov,Mia,Martinez,Craig,Colorado,81625,US,40.4793,-107.5104,preferred,1024,2026-05-10T12:00:00Z
1704,resident.01704@example.gov,Noah,Martinez,Telluride,Colorado,81435,US,37.9075,-107.7823,vip,1061,2026-05-11T12:00:00Z
1705,resident.01705@example.gov,Sophia,Martinez,Cortez,Colorado,81321,US,37.3249,-108.5619,new,1098,2026-05-12T12:00:00Z
1706,resident.01706@example.gov,Liam,Martinez,Denver,Colorado,80202,US,39.7212,-104.9723,standard,1135,2026-05-13T12:00:00Z
1707,resident.01707@example.gov,Isabella,Martinez,Colorado Springs,Colorado,80903,US,38.8219,-104.8094,preferred,1172,2026-05-14T12:00:00Z
1708,resident.01708@example.gov,Mateo,Martinez,Aurora,Colorado,80012,US,39.7234,-104.8259,vip,1209,2026-05-15T12:00:00Z
1709,resident.01709@example.gov,Amelia,Martinez,Fort Collins,Colorado,80521,US,40.5853,-105.0844,new,1246,2026-05-16T12:00:00Z
1710,resident.01710@example.gov,Ethan,Martinez,Lakewood,Colorado,80226,US,39.7107,-105.0874,standard,1283,2026-05-17T12:00:00Z
1711,resident.01711@example.gov,Ava,Chen,Thornton,Colorado,80229,US,39.88,-104.9839,preferred,1320,2026-02-17T12:00:00Z
1712,resident.01712@example.gov,James,Chen,Pueblo,Colorado,81003,US,38.2724,-104.6271,vip,1357,2026-02-18T12:00:00Z
1713,resident.01713@example.gov,Mia,Chen,Boulder,Colorado,80302,US,40.039,-105.2945,new,1394,2026-02-19T12:00:00Z
1714,resident.01714@example.gov,Noah,Chen,Greeley,Colorado,80631,US,40.4533,-104.7391,standard,1431,2026-02-20T12:00:00Z
1715,resident.01715@example.gov,Sophia,Chen,Castle Rock,Colorado,80104,US,39.4082,-104.8921,preferred,1468,2026-02-21T12:00:00Z
1716,resident.01716@example.gov,Liam,Chen,Grand Junction,Colorado,81501,US,39.1059,-108.5926,vip,1505,2026-02-22T12:00:00Z
1717,resident.01717@example.gov,Isabella,Chen,Broomfield,Colorado,80020,US,39.9685,-105.1347,new,1542,2026-02-23T12:00:00Z
1718,resident.01718@example.gov,Mateo,Chen,Durango,Colorado,81301,US,37.2273,-107.8321,standard,1579,2026-02-24T12:00:00Z
1719,resident.01719@example.gov,Amelia,Chen,Montrose,Colorado,81401,US,38.4363,-107.8342,preferred,1616,2026-02-25T12:00:00Z
1720,resident.01720@example.gov,Ethan,Chen,Steamboat Springs,Colorado,80487,US,40.449,-106.7957,vip,1653,2026-02-26T12:00:00Z
1721,resident.01721@example.gov,Ava,Johnson,Alamosa,Colorado,81101,US,37.4395,-105.84,new,1690,2026-02-27T12:00:00Z
1722,resident.01722@example.gov,James,Johnson,Glenwood Springs,Colorado,81601,US,39.5265,-107.3008,standard,1727,2026-02-28T12:00:00Z
1723,resident.01723@example.gov,Mia,Johnson,Idaho Springs,Colorado,80452,US,39.7245,-105.4956,preferred,1764,2026-03-01T12:00:00Z
1724,resident.01724@example.gov,Noah,Johnson,Cañon City,Colorado,81212,US,38.4374,-105.2133,vip,1801,2026-03-02T12:00:00Z
1725,resident.01725@example.gov,Sophia,Johnson,Salida,Colorado,81201,US,38.5287,-105.9929,new,1838,2026-03-03T12:00:00Z
1726,resident.01726@example.gov,Liam,Johnson,Gunnison,Colorado,81230,US,38.5458,-106.9253,standard,1875,2026-03-04T12:00:00Z
1727,resident.01727@example.gov,Isabella,Johnson,Leadville,Colorado,80461,US,39.2568,-106.2985,preferred,1912,2026-03-05T12:00:00Z
1728,resident.01728@example.gov,Mateo,Johnson,Walsenburg,Colorado,81089,US,37.6362,-104.7923,vip,1949,2026-03-06T12:00:00Z
1729,resident.01729@example.gov,Amelia,Johnson,Trinidad,Colorado,81082,US,37.1875,-104.5185,new,1986,2026-03-07T12:00:00Z
1730,resident.01730@example.gov,Ethan,Johnson,Sterling,Colorado,80751,US,40.6495,-103.2317,standard,2023,2026-03-08T12:00:00Z
1731,resident.01731@example.gov,Ava,Patel,Fort Morgan,Colorado,80701,US,40.2803,-103.8299,preferred,2060,2026-03-09T12:00:00Z
1732,resident.01732@example.gov,James,Patel,Yuma,Colorado,80759,US,40.1582,-102.7612,vip,2097,2026-03-10T12:00:00Z
1733,resident.01733@example.gov,Mia,Patel,Burlington,Colorado,80807,US,39.3481,-102.3114,new,2134,2026-03-11T12:00:00Z
1734,resident.01734@example.gov,Noah,Patel,Craig,Colorado,81625,US,40.5633,-107.5944,standard,2171,2026-03-12T12:00:00Z
1735,resident.01735@example.gov,Sophia,Patel,Telluride,Colorado,81435,US,37.8895,-107.7643,preferred,2208,2026-03-13T12:00:00Z
1736,resident.01736@example.gov,Liam,Patel,Cortez,Colorado,81321,US,37.3069,-108.5439,vip,2245,2026-03-14T12:00:00Z
1737,resident.01737@example.gov,Isabella,Patel,Denver,Colorado,80202,US,39.7032,-104.9543,new,2282,2026-03-15T12:00:00Z
1738,resident.01738@example.gov,Mateo,Patel,Colorado Springs,Colorado,80903,US,38.8039,-104.7914,standard,2319,2026-03-16T12:00:00Z
1739,resident.01739@example.gov,Amelia,Patel,Aurora,Colorado,80012,US,39.7054,-104.8079,preferred,2356,2026-03-17T12:00:00Z
1740,resident.01740@example.gov,Ethan,Patel,Fort Collins,Colorado,80521,US,40.5673,-105.0664,vip,2393,2026-03-18T12:00:00Z
1741,resident.01741@example.gov,Ava,Garcia,Lakewood,Colorado,80226,US,39.6927,-105.0694,new,2430,2026-03-19T12:00:00Z
1742,resident.01742@example.gov,James,Garcia,Thornton,Colorado,80229,US,39.862,-104.9659,standard,2467,2026-03-20T12:00:00Z
1743,resident.01743@example.gov,Mia,Garcia,Pueblo,Colorado,81003,US,38.2544,-104.6091,preferred,2504,2026-03-21T12:00:00Z
1744,resident.01744@example.gov,Noah,Garcia,Boulder,Colorado,80302,US,40.021,-105.2765,vip,2541,2026-03-22T12:00:00Z
1745,resident.01745@example.gov,Sophia,Garcia,Greeley,Colorado,80631,US,40.4353,-104.7211,new,2578,2026-03-23T12:00:00Z
1746,resident.01746@example.gov,Liam,Garcia,Castle Rock,Colorado,80104,US,39.3902,-104.8741,standard,2615,2026-03-24T12:00:00Z
1747,resident.01747@example.gov,Isabella,Garcia,Grand Junction,Colorado,81501,US,39.0879,-108.5746,preferred,2652,2026-03-25T12:00:00Z
1748,resident.01748@example.gov,Mateo,Garcia,Broomfield,Colorado,80020,US,39.9505,-105.1167,vip,2689,2026-03-26T12:00:00Z
1749,resident.01749@example.gov,Amelia,Garcia,Durango,Colorado,81301,US,37.3113,-107.9161,new,2726,2026-03-27T12:00:00Z
1750,resident.01750@example.gov,Ethan,Garcia,Montrose,Colorado,81401,US,38.5203,-107.9182,standard,2763,2026-03-28T12:00:00Z
1751,resident.01751@example.gov,Ava,Brown,Steamboat Springs,Colorado,80487,US,40.533,-106.8797,preferred,2800,2026-03-29T12:00:00Z
1752,resident.01752@example.gov,James,Brown,Alamosa,Colorado,81101,US,37.4215,-105.822,vip,2837,2026-03-30T12:00:00Z
1753,resident.01753@example.gov,Mia,Brown,Glenwood Springs,Colorado,81601,US,39.5085,-107.2828,new,2874,2026-03-31T12:00:00Z
1754,resident.01754@example.gov,Noah,Brown,Idaho Springs,Colorado,80452,US,39.7065,-105.4776,standard,2911,2026-04-01T12:00:00Z
1755,resident.01755@example.gov,Sophia,Brown,Cañon City,Colorado,81212,US,38.4194,-105.1953,preferred,2948,2026-04-02T12:00:00Z
1756,resident.01756@example.gov,Liam,Brown,Salida,Colorado,81201,US,38.5107,-105.9749,vip,2985,2026-04-03T12:00:00Z
1757,resident.01757@example.gov,Isabella,Brown,Gunnison,Colorado,81230,US,38.5278,-106.9073,new,3022,2026-04-04T12:00:00Z
1758,resident.01758@example.gov,Mateo,Brown,Leadville,Colorado,80461,US,39.2388,-106.2805,standard,3059,2026-04-05T12:00:00Z
1759,resident.01759@example.gov,Amelia,Brown,Walsenburg,Colorado,81089,US,37.6182,-104.7743,preferred,3096,2026-04-06T12:00:00Z
1760,resident.01760@example.gov,Ethan,Brown,Trinidad,Colorado,81082,US,37.1695,-104.5005,vip,3133,2026-04-07T12:00:00Z
1761,resident.01761@example.gov,Ava,Nguyen,Sterling,Colorado,80751,US,40.6315,-103.2137,new,3170,2026-04-08T12:00:00Z
1762,resident.01762@example.gov,James,Nguyen,Fort Morgan,Colorado,80701,US,40.2623,-103.8119,standard,3207,2026-04-09T12:00:00Z
1763,resident.01763@example.gov,Mia,Nguyen,Yuma,Colorado,80759,US,40.1402,-102.7432,preferred,3244,2026-04-10T12:00:00Z
1764,resident.01764@example.gov,Noah,Nguyen,Burlington,Colorado,80807,US,39.3301,-102.2934,vip,3281,2026-04-11T12:00:00Z
1765,resident.01765@example.gov,Sophia,Nguyen,Craig,Colorado,81625,US,40.5453,-107.5764,new,3318,2026-04-12T12:00:00Z
1766,resident.01766@example.gov,Liam,Nguyen,Telluride,Colorado,81435,US,37.9735,-107.8483,standard,3355,2026-04-13T12:00:00Z
1767,resident.01767@example.gov,Isabella,Nguyen,Cortez,Colorado,81321,US,37.3909,-108.6279,preferred,3392,2026-04-14T12:00:00Z
1768,resident.01768@example.gov,Mateo,Nguyen,Denver,Colorado,80202,US,39.7872,-105.0383,vip,3429,2026-04-15T12:00:00Z
1769,resident.01769@example.gov,Amelia,Nguyen,Colorado Springs,Colorado,80903,US,38.7859,-104.7734,new,3466,2026-04-16T12:00:00Z
1770,resident.01770@example.gov,Ethan,Nguyen,Aurora,Colorado,80012,US,39.6874,-104.7899,standard,3503,2026-04-17T12:00:00Z
1771,resident.01771@example.gov,Ava,Williams,Fort Collins,Colorado,80521,US,40.5493,-105.0484,preferred,3540,2026-04-18T12:00:00Z
1772,resident.01772@example.gov,James,Williams,Lakewood,Colorado,80226,US,39.6747,-105.0514,vip,3577,2026-04-19T12:00:00Z
1773,resident.01773@example.gov,Mia,Williams,Thornton,Colorado,80229,US,39.844,-104.9479,new,3614,2026-04-20T12:00:00Z
1774,resident.01774@example.gov,Noah,Williams,Pueblo,Colorado,81003,US,38.2364,-104.5911,standard,3651,2026-04-21T12:00:00Z
1775,resident.01775@example.gov,Sophia,Williams,Boulder,Colorado,80302,US,40.003,-105.2585,preferred,3688,2026-04-22T12:00:00Z
1776,resident.01776@example.gov,Liam,Williams,Greeley,Colorado,80631,US,40.4173,-104.7031,vip,3725,2026-04-23T12:00:00Z
1777,resident.01777@example.gov,Isabella,Williams,Castle Rock,Colorado,80104,US,39.3722,-104.8561,new,3762,2026-04-24T12:00:00Z
1778,resident.01778@example.gov,Mateo,Williams,Grand Junction,Colorado,81501,US,39.0699,-108.5566,standard,3799,2026-04-25T12:00:00Z
1779,resident.01779@example.gov,Amelia,Williams,Broomfield,Colorado,80020,US,39.9325,-105.0987,preferred,3836,2026-04-26T12:00:00Z
1780,resident.01780@example.gov,Ethan,Williams,Durango,Colorado,81301,US,37.2933,-107.8981,vip,3873,2026-04-27T12:00:00Z
1781,resident.01781@example.gov,Ava,Davis,Montrose,Colorado,81401,US,38.5023,-107.9002,new,3910,2026-04-28T12:00:00Z
1782,resident.01782@example.gov,James,Davis,Steamboat Springs,Colorado,80487,US,40.515,-106.8617,standard,3947,2026-04-29T12:00:00Z
1783,resident.01783@example.gov,Mia,Davis,Alamosa,Colorado,81101,US,37.5055,-105.906,preferred,3984,2026-04-30T12:00:00Z
1784,resident.01784@example.gov,Noah,Davis,Glenwood Springs,Colorado,81601,US,39.5925,-107.3668,vip,4021,2026-05-01T12:00:00Z
1785,resident.01785@example.gov,Sophia,Davis,Idaho Springs,Colorado,80452,US,39.7905,-105.5616,new,4058,2026-05-02T12:00:00Z
1786,resident.01786@example.gov,Liam,Davis,Cañon City,Colorado,81212,US,38.4014,-105.1773,standard,4095,2026-05-03T12:00:00Z
1787,resident.01787@example.gov,Isabella,Davis,Salida,Colorado,81201,US,38.4927,-105.9569,preferred,4132,2026-05-04T12:00:00Z
1788,resident.01788@example.gov,Mateo,Davis,Gunnison,Colorado,81230,US,38.5098,-106.8893,vip,4169,2026-05-05T12:00:00Z
1789,resident.01789@example.gov,Amelia,Davis,Leadville,Colorado,80461,US,39.2208,-106.2625,new,4206,2026-05-06T12:00:00Z
1790,resident.01790@example.gov,Ethan,Davis,Walsenburg,Colorado,81089,US,37.6002,-104.7563,standard,4243,2026-05-07T12:00:00Z
1791,resident.01791@example.gov,Ava,Lopez,Trinidad,Colorado,81082,US,37.1515,-104.4825,preferred,4280,2026-05-08T12:00:00Z
1792,resident.01792@example.gov,James,Lopez,Sterling,Colorado,80751,US,40.6135,-103.1957,vip,4317,2026-05-09T12:00:00Z
1793,resident.01793@example.gov,Mia,Lopez,Fort Morgan,Colorado,80701,US,40.2443,-103.7939,new,4354,2026-05-10T12:00:00Z
1794,resident.01794@example.gov,Noah,Lopez,Yuma,Colorado,80759,US,40.1222,-102.7252,standard,4391,2026-05-11T12:00:00Z
1795,resident.01795@example.gov,Sophia,Lopez,Burlington,Colorado,80807,US,39.3121,-102.2754,preferred,4428,2026-05-12T12:00:00Z
1796,resident.01796@example.gov,Liam,Lopez,Craig,Colorado,81625,US,40.5273,-107.5584,vip,4465,2026-05-13T12:00:00Z
1797,resident.01797@example.gov,Isabella,Lopez,Telluride,Colorado,81435,US,37.9555,-107.8303,new,4502,2026-05-14T12:00:00Z
1798,resident.01798@example.gov,Mateo,Lopez,Cortez,Colorado,81321,US,37.3729,-108.6099,standard,4539,2026-05-15T12:00:00Z
1799,resident.01799@example.gov,Amelia,Lopez,Denver,Colorado,80202,US,39.7692,-105.0203,preferred,4576,2026-05-16T12:00:00Z
1800,resident.01800@example.gov,Ethan,Lopez,Colorado Springs,Colorado,80903,US,38.8699,-104.8574,vip,4613,2026-05-17T12:00:00Z
1801,resident.01801@example.gov,Ava,Martinez,Aurora,Colorado,80012,US,39.7714,-104.8739,new,4650,2026-02-17T12:00:00Z
1802,resident.01802@example.gov,James,Martinez,Fort Collins,Colorado,80521,US,40.6333,-105.1324,standard,4687,2026-02-18T12:00:00Z
1803,resident.01803@example.gov,Mia,Martinez,Lakewood,Colorado,80226,US,39.6567,-105.0334,preferred,4724,2026-02-19T12:00:00Z
1804,resident.01804@example.gov,Noah,Martinez,Thornton,Colorado,80229,US,39.826,-104.9299,vip,4761,2026-02-20T12:00:00Z
1805,resident.01805@example.gov,Sophia,Martinez,Pueblo,Colorado,81003,US,38.2184,-104.5731,new,4798,2026-02-21T12:00:00Z
1806,resident.01806@example.gov,Liam,Martinez,Boulder,Colorado,80302,US,39.985,-105.2405,standard,4835,2026-02-22T12:00:00Z
1807,resident.01807@example.gov,Isabella,Martinez,Greeley,Colorado,80631,US,40.3993,-104.6851,preferred,4872,2026-02-23T12:00:00Z
1808,resident.01808@example.gov,Mateo,Martinez,Castle Rock,Colorado,80104,US,39.3542,-104.8381,vip,4909,2026-02-24T12:00:00Z
1809,resident.01809@example.gov,Amelia,Martinez,Grand Junction,Colorado,81501,US,39.0519,-108.5386,new,4946,2026-02-25T12:00:00Z
1810,resident.01810@example.gov,Ethan,Martinez,Broomfield,Colorado,80020,US,39.9145,-105.0807,standard,4983,2026-02-26T12:00:00Z
1811,resident.01811@example.gov,Ava,Chen,Durango,Colorado,81301,US,37.2753,-107.8801,preferred,5020,2026-02-27T12:00:00Z
1812,resident.01812@example.gov,James,Chen,Montrose,Colorado,81401,US,38.4843,-107.8822,vip,5057,2026-02-28T12:00:00Z
1813,resident.01813@example.gov,Mia,Chen,Steamboat Springs,Colorado,80487,US,40.497,-106.8437,new,5094,2026-03-01T12:00:00Z
1814,resident.01814@example.gov,Noah,Chen,Alamosa,Colorado,81101,US,37.4875,-105.888,standard,5131,2026-03-02T12:00:00Z
1815,resident.01815@example.gov,Sophia,Chen,Glenwood Springs,Colorado,81601,US,39.5745,-107.3488,preferred,5168,2026-03-03T12:00:00Z
1816,resident.01816@example.gov,Liam,Chen,Idaho Springs,Colorado,80452,US,39.7725,-105.5436,vip,5205,2026-03-04T12:00:00Z
1817,resident.01817@example.gov,Isabella,Chen,Cañon City,Colorado,81212,US,38.4854,-105.2613,new,5242,2026-03-05T12:00:00Z
1818,resident.01818@example.gov,Mateo,Chen,Salida,Colorado,81201,US,38.5767,-106.0409,standard,5279,2026-03-06T12:00:00Z
1819,resident.01819@example.gov,Amelia,Chen,Gunnison,Colorado,81230,US,38.5938,-106.9733,preferred,5316,2026-03-07T12:00:00Z
1820,resident.01820@example.gov,Ethan,Chen,Leadville,Colorado,80461,US,39.2028,-106.2445,vip,5353,2026-03-08T12:00:00Z
1821,resident.01821@example.gov,Ava,Johnson,Walsenburg,Colorado,81089,US,37.5822,-104.7383,new,5390,2026-03-09T12:00:00Z
1822,resident.01822@example.gov,James,Johnson,Trinidad,Colorado,81082,US,37.1335,-104.4645,standard,5427,2026-03-10T12:00:00Z
1823,resident.01823@example.gov,Mia,Johnson,Sterling,Colorado,80751,US,40.5955,-103.1777,preferred,5464,2026-03-11T12:00:00Z
1824,resident.01824@example.gov,Noah,Johnson,Fort Morgan,Colorado,80701,US,40.2263,-103.7759,vip,5501,2026-03-12T12:00:00Z
1825,resident.01825@example.gov,Sophia,Johnson,Yuma,Colorado,80759,US,40.1042,-102.7072,new,5538,2026-03-13T12:00:00Z
1826,resident.01826@example.gov,Liam,Johnson,Burlington,Colorado,80807,US,39.2941,-102.2574,standard,5575,2026-03-14T12:00:00Z
1827,resident.01827@example.gov,Isabella,Johnson,Craig,Colorado,81625,US,40.5093,-107.5404,preferred,5612,2026-03-15T12:00:00Z
1828,resident.01828@example.gov,Mateo,Johnson,Telluride,Colorado,81435,US,37.9375,-107.8123,vip,5649,2026-03-16T12:00:00Z
1829,resident.01829@example.gov,Amelia,Johnson,Cortez,Colorado,81321,US,37.3549,-108.5919,new,5686,2026-03-17T12:00:00Z
1830,resident.01830@example.gov,Ethan,Johnson,Denver,Colorado,80202,US,39.7512,-105.0023,standard,5723,2026-03-18T12:00:00Z
1831,resident.01831@example.gov,Ava,Patel,Colorado Springs,Colorado,80903,US,38.8519,-104.8394,preferred,5760,2026-03-19T12:00:00Z
1832,resident.01832@example.gov,James,Patel,Aurora,Colorado,80012,US,39.7534,-104.8559,vip,5797,2026-03-20T12:00:00Z
1833,resident.01833@example.gov,Mia,Patel,Fort Collins,Colorado,80521,US,40.6153,-105.1144,new,5834,2026-03-21T12:00:00Z
1834,resident.01834@example.gov,Noah,Patel,Lakewood,Colorado,80226,US,39.7407,-105.1174,standard,5871,2026-03-22T12:00:00Z
1835,resident.01835@example.gov,Sophia,Patel,Thornton,Colorado,80229,US,39.91,-105.0139,preferred,5908,2026-03-23T12:00:00Z
1836,resident.01836@example.gov,Liam,Patel,Pueblo,Colorado,81003,US,38.3024,-104.6571,vip,5945,2026-03-24T12:00:00Z
1837,resident.01837@example.gov,Isabella,Patel,Boulder,Colorado,80302,US,39.967,-105.2225,new,5982,2026-03-25T12:00:00Z
1838,resident.01838@example.gov,Mateo,Patel,Greeley,Colorado,80631,US,40.3813,-104.6671,standard,6019,2026-03-26T12:00:00Z
1839,resident.01839@example.gov,Amelia,Patel,Castle Rock,Colorado,80104,US,39.3362,-104.8201,preferred,6056,2026-03-27T12:00:00Z
1840,resident.01840@example.gov,Ethan,Patel,Grand Junction,Colorado,81501,US,39.0339,-108.5206,vip,6093,2026-03-28T12:00:00Z
1841,resident.01841@example.gov,Ava,Garcia,Broomfield,Colorado,80020,US,39.8965,-105.0627,new,6130,2026-03-29T12:00:00Z
1842,resident.01842@example.gov,James,Garcia,Durango,Colorado,81301,US,37.2573,-107.8621,standard,6167,2026-03-30T12:00:00Z
1843,resident.01843@example.gov,Mia,Garcia,Montrose,Colorado,81401,US,38.4663,-107.8642,preferred,6204,2026-03-31T12:00:00Z
1844,resident.01844@example.gov,Noah,Garcia,Steamboat Springs,Colorado,80487,US,40.479,-106.8257,vip,6241,2026-04-01T12:00:00Z
1845,resident.01845@example.gov,Sophia,Garcia,Alamosa,Colorado,81101,US,37.4695,-105.87,new,6278,2026-04-02T12:00:00Z
1846,resident.01846@example.gov,Liam,Garcia,Glenwood Springs,Colorado,81601,US,39.5565,-107.3308,standard,6315,2026-04-03T12:00:00Z
1847,resident.01847@example.gov,Isabella,Garcia,Idaho Springs,Colorado,80452,US,39.7545,-105.5256,preferred,6352,2026-04-04T12:00:00Z
1848,resident.01848@example.gov,Mateo,Garcia,Cañon City,Colorado,81212,US,38.4674,-105.2433,vip,6389,2026-04-05T12:00:00Z
1849,resident.01849@example.gov,Amelia,Garcia,Salida,Colorado,81201,US,38.5587,-106.0229,new,6426,2026-04-06T12:00:00Z
1850,resident.01850@example.gov,Ethan,Garcia,Gunnison,Colorado,81230,US,38.5758,-106.9553,standard,6463,2026-04-07T12:00:00Z
1851,resident.01851@example.gov,Ava,Brown,Leadville,Colorado,80461,US,39.2868,-106.3285,preferred,6500,2026-04-08T12:00:00Z
1852,resident.01852@example.gov,James,Brown,Walsenburg,Colorado,81089,US,37.6662,-104.8223,vip,6537,2026-04-09T12:00:00Z
1853,resident.01853@example.gov,Mia,Brown,Trinidad,Colorado,81082,US,37.2175,-104.5485,new,6574,2026-04-10T12:00:00Z
1854,resident.01854@example.gov,Noah,Brown,Sterling,Colorado,80751,US,40.5775,-103.1597,standard,6611,2026-04-11T12:00:00Z
1855,resident.01855@example.gov,Sophia,Brown,Fort Morgan,Colorado,80701,US,40.2083,-103.7579,preferred,6648,2026-04-12T12:00:00Z
1856,resident.01856@example.gov,Liam,Brown,Yuma,Colorado,80759,US,40.0862,-102.6892,vip,6685,2026-04-13T12:00:00Z
1857,resident.01857@example.gov,Isabella,Brown,Burlington,Colorado,80807,US,39.2761,-102.2394,new,6722,2026-04-14T12:00:00Z
1858,resident.01858@example.gov,Mateo,Brown,Craig,Colorado,81625,US,40.4913,-107.5224,standard,6759,2026-04-15T12:00:00Z
1859,resident.01859@example.gov,Amelia,Brown,Telluride,Colorado,81435,US,37.9195,-107.7943,preferred,6796,2026-04-16T12:00:00Z
1860,resident.01860@example.gov,Ethan,Brown,Cortez,Colorado,81321,US,37.3369,-108.5739,vip,6833,2026-04-17T12:00:00Z
1861,resident.01861@example.gov,Ava,Nguyen,Denver,Colorado,80202,US,39.7332,-104.9843,new,6870,2026-04-18T12:00:00Z
1862,resident.01862@example.gov,James,Nguyen,Colorado Springs,Colorado,80903,US,38.8339,-104.8214,standard,6907,2026-04-19T12:00:00Z
1863,resident.01863@example.gov,Mia,Nguyen,Aurora,Colorado,80012,US,39.7354,-104.8379,preferred,6944,2026-04-20T12:00:00Z
1864,resident.01864@example.gov,Noah,Nguyen,Fort Collins,Colorado,80521,US,40.5973,-105.0964,vip,6981,2026-04-21T12:00:00Z
1865,resident.01865@example.gov,Sophia,Nguyen,Lakewood,Colorado,80226,US,39.7227,-105.0994,new,7018,2026-04-22T12:00:00Z
1866,resident.01866@example.gov,Liam,Nguyen,Thornton,Colorado,80229,US,39.892,-104.9959,standard,7055,2026-04-23T12:00:00Z
1867,resident.01867@example.gov,Isabella,Nguyen,Pueblo,Colorado,81003,US,38.2844,-104.6391,preferred,7092,2026-04-24T12:00:00Z
1868,resident.01868@example.gov,Mateo,Nguyen,Boulder,Colorado,80302,US,40.051,-105.3065,vip,7129,2026-04-25T12:00:00Z
1869,resident.01869@example.gov,Amelia,Nguyen,Greeley,Colorado,80631,US,40.4653,-104.7511,new,7166,2026-04-26T12:00:00Z
1870,resident.01870@example.gov,Ethan,Nguyen,Castle Rock,Colorado,80104,US,39.4202,-104.9041,standard,7203,2026-04-27T12:00:00Z
1871,resident.01871@example.gov,Ava,Williams,Grand Junction,Colorado,81501,US,39.0159,-108.5026,preferred,7240,2026-04-28T12:00:00Z
1872,resident.01872@example.gov,James,Williams,Broomfield,Colorado,80020,US,39.8785,-105.0447,vip,7277,2026-04-29T12:00:00Z
1873,resident.01873@example.gov,Mia,Williams,Durango,Colorado,81301,US,37.2393,-107.8441,new,7314,2026-04-30T12:00:00Z
1874,resident.01874@example.gov,Noah,Williams,Montrose,Colorado,81401,US,38.4483,-107.8462,standard,7351,2026-05-01T12:00:00Z
1875,resident.01875@example.gov,Sophia,Williams,Steamboat Springs,Colorado,80487,US,40.461,-106.8077,preferred,7388,2026-05-02T12:00:00Z
1876,resident.01876@example.gov,Liam,Williams,Alamosa,Colorado,81101,US,37.4515,-105.852,vip,7425,2026-05-03T12:00:00Z
1877,resident.01877@example.gov,Isabella,Williams,Glenwood Springs,Colorado,81601,US,39.5385,-107.3128,new,7462,2026-05-04T12:00:00Z
1878,resident.01878@example.gov,Mateo,Williams,Idaho Springs,Colorado,80452,US,39.7365,-105.5076,standard,7499,2026-05-05T12:00:00Z
1879,resident.01879@example.gov,Amelia,Williams,Cañon City,Colorado,81212,US,38.4494,-105.2253,preferred,7536,2026-05-06T12:00:00Z
1880,resident.01880@example.gov,Ethan,Williams,Salida,Colorado,81201,US,38.5407,-106.0049,vip,7573,2026-05-07T12:00:00Z
1881,resident.01881@example.gov,Ava,Davis,Gunnison,Colorado,81230,US,38.5578,-106.9373,new,7610,2026-05-08T12:00:00Z
1882,resident.01882@example.gov,James,Davis,Leadville,Colorado,80461,US,39.2688,-106.3105,standard,7647,2026-05-09T12:00:00Z
1883,resident.01883@example.gov,Mia,Davis,Walsenburg,Colorado,81089,US,37.6482,-104.8043,preferred,7684,2026-05-10T12:00:00Z
1884,resident.01884@example.gov,Noah,Davis,Trinidad,Colorado,81082,US,37.1995,-104.5305,vip,7721,2026-05-11T12:00:00Z
1885,resident.01885@example.gov,Sophia,Davis,Sterling,Colorado,80751,US,40.6615,-103.2437,new,7758,2026-05-12T12:00:00Z
1886,resident.01886@example.gov,Liam,Davis,Fort Morgan,Colorado,80701,US,40.2923,-103.8419,standard,7795,2026-05-13T12:00:00Z
1887,resident.01887@example.gov,Isabella,Davis,Yuma,Colorado,80759,US,40.1702,-102.7732,preferred,7832,2026-05-14T12:00:00Z
1888,resident.01888@example.gov,Mateo,Davis,Burlington,Colorado,80807,US,39.2581,-102.2214,vip,7869,2026-05-15T12:00:00Z
1889,resident.01889@example.gov,Amelia,Davis,Craig,Colorado,81625,US,40.4733,-107.5044,new,7906,2026-05-16T12:00:00Z
1890,resident.01890@example.gov,Ethan,Davis,Telluride,Colorado,81435,US,37.9015,-107.7763,standard,7943,2026-05-17T12:00:00Z
1891,resident.01891@example.gov,Ava,Lopez,Cortez,Colorado,81321,US,37.3189,-108.5559,preferred,7980,2026-02-17T12:00:00Z
1892,resident.01892@example.gov,James,Lopez,Denver,Colorado,80202,US,39.7152,-104.9663,vip,8017,2026-02-18T12:00:00Z
1893,resident.01893@example.gov,Mia,Lopez,Colorado Springs,Colorado,80903,US,38.8159,-104.8034,new,8054,2026-02-19T12:00:00Z
1894,resident.01894@example.gov,Noah,Lopez,Aurora,Colorado,80012,US,39.7174,-104.8199,standard,8091,2026-02-20T12:00:00Z
1895,resident.01895@example.gov,Sophia,Lopez,Fort Collins,Colorado,80521,US,40.5793,-105.0784,preferred,8128,2026-02-21T12:00:00Z
1896,resident.01896@example.gov,Liam,Lopez,Lakewood,Colorado,80226,US,39.7047,-105.0814,vip,8165,2026-02-22T12:00:00Z
1897,resident.01897@example.gov,Isabella,Lopez,Thornton,Colorado,80229,US,39.874,-104.9779,new,8202,2026-02-23T12:00:00Z
1898,resident.01898@example.gov,Mateo,Lopez,Pueblo,Colorado,81003,US,38.2664,-104.6211,standard,8239,2026-02-24T12:00:00Z
1899,resident.01899@example.gov,Amelia,Lopez,Boulder,Colorado,80302,US,40.033,-105.2885,preferred,476,2026-02-25T12:00:00Z
1900,resident.01900@example.gov,Ethan,Lopez,Greeley,Colorado,80631,US,40.4473,-104.7331,vip,513,2026-02-26T12:00:00Z
1901,resident.01901@example.gov,Ava,Martinez,Castle Rock,Colorado,80104,US,39.4022,-104.8861,new,550,2026-02-27T12:00:00Z
1902,resident.01902@example.gov,James,Martinez,Grand Junction,Colorado,81501,US,39.0999,-108.5866,standard,587,2026-02-28T12:00:00Z
1903,resident.01903@example.gov,Mia,Martinez,Broomfield,Colorado,80020,US,39.9625,-105.1287,preferred,624,2026-03-01T12:00:00Z
1904,resident.01904@example.gov,Noah,Martinez,Durango,Colorado,81301,US,37.3233,-107.9281,vip,661,2026-03-02T12:00:00Z
1905,resident.01905@example.gov,Sophia,Martinez,Montrose,Colorado,81401,US,38.4303,-107.8282,new,698,2026-03-03T12:00:00Z
1906,resident.01906@example.gov,Liam,Martinez,Steamboat Springs,Colorado,80487,US,40.443,-106.7897,standard,735,2026-03-04T12:00:00Z
1907,resident.01907@example.gov,Isabella,Martinez,Alamosa,Colorado,81101,US,37.4335,-105.834,preferred,772,2026-03-05T12:00:00Z
1908,resident.01908@example.gov,Mateo,Martinez,Glenwood Springs,Colorado,81601,US,39.5205,-107.2948,vip,809,2026-03-06T12:00:00Z
1909,resident.01909@example.gov,Amelia,Martinez,Idaho Springs,Colorado,80452,US,39.7185,-105.4896,new,846,2026-03-07T12:00:00Z
1910,resident.01910@example.gov,Ethan,Martinez,Cañon City,Colorado,81212,US,38.4314,-105.2073,standard,883,2026-03-08T12:00:00Z
1911,resident.01911@example.gov,Ava,Chen,Salida,Colorado,81201,US,38.5227,-105.9869,preferred,920,2026-03-09T12:00:00Z
1912,resident.01912@example.gov,James,Chen,Gunnison,Colorado,81230,US,38.5398,-106.9193,vip,957,2026-03-10T12:00:00Z
1913,resident.01913@example.gov,Mia,Chen,Leadville,Colorado,80461,US,39.2508,-106.2925,new,994,2026-03-11T12:00:00Z
1914,resident.01914@example.gov,Noah,Chen,Walsenburg,Colorado,81089,US,37.6302,-104.7863,standard,1031,2026-03-12T12:00:00Z
1915,resident.01915@example.gov,Sophia,Chen,Trinidad,Colorado,81082,US,37.1815,-104.5125,preferred,1068,2026-03-13T12:00:00Z
1916,resident.01916@example.gov,Liam,Chen,Sterling,Colorado,80751,US,40.6435,-103.2257,vip,1105,2026-03-14T12:00:00Z
1917,resident.01917@example.gov,Isabella,Chen,Fort Morgan,Colorado,80701,US,40.2743,-103.8239,new,1142,2026-03-15T12:00:00Z
1918,resident.01918@example.gov,Mateo,Chen,Yuma,Colorado,80759,US,40.1522,-102.7552,standard,1179,2026-03-16T12:00:00Z
1919,resident.01919@example.gov,Amelia,Chen,Burlington,Colorado,80807,US,39.3421,-102.3054,preferred,1216,2026-03-17T12:00:00Z
1920,resident.01920@example.gov,Ethan,Chen,Craig,Colorado,81625,US,40.5573,-107.5884,vip,1253,2026-03-18T12:00:00Z
1921,resident.01921@example.gov,Ava,Johnson,Telluride,Colorado,81435,US,37.9855,-107.8603,new,1290,2026-03-19T12:00:00Z
1922,resident.01922@example.gov,James,Johnson,Cortez,Colorado,81321,US,37.3009,-108.5379,standard,1327,2026-03-20T12:00:00Z
1923,resident.01923@example.gov,Mia,Johnson,Denver,Colorado,80202,US,39.6972,-104.9483,preferred,1364,2026-03-21T12:00:00Z
1924,resident.01924@example.gov,Noah,Johnson,Colorado Springs,Colorado,80903,US,38.7979,-104.7854,vip,1401,2026-03-22T12:00:00Z
1925,resident.01925@example.gov,Sophia,Johnson,Aurora,Colorado,80012,US,39.6994,-104.8019,new,1438,2026-03-23T12:00:00Z
1926,resident.01926@example.gov,Liam,Johnson,Fort Collins,Colorado,80521,US,40.5613,-105.0604,standard,1475,2026-03-24T12:00:00Z
1927,resident.01927@example.gov,Isabella,Johnson,Lakewood,Colorado,80226,US,39.6867,-105.0634,preferred,1512,2026-03-25T12:00:00Z
1928,resident.01928@example.gov,Mateo,Johnson,Thornton,Colorado,80229,US,39.856,-104.9599,vip,1549,2026-03-26T12:00:00Z
1929,resident.01929@example.gov,Amelia,Johnson,Pueblo,Colorado,81003,US,38.2484,-104.6031,new,1586,2026-03-27T12:00:00Z
1930,resident.01930@example.gov,Ethan,Johnson,Boulder,Colorado,80302,US,40.015,-105.2705,standard,1623,2026-03-28T12:00:00Z
1931,resident.01931@example.gov,Ava,Patel,Greeley,Colorado,80631,US,40.4293,-104.7151,preferred,1660,2026-03-29T12:00:00Z
1932,resident.01932@example.gov,James,Patel,Castle Rock,Colorado,80104,US,39.3842,-104.8681,vip,1697,2026-03-30T12:00:00Z
1933,resident.01933@example.gov,Mia,Patel,Grand Junction,Colorado,81501,US,39.0819,-108.5686,new,1734,2026-03-31T12:00:00Z
1934,resident.01934@example.gov,Noah,Patel,Broomfield,Colorado,80020,US,39.9445,-105.1107,standard,1771,2026-04-01T12:00:00Z
1935,resident.01935@example.gov,Sophia,Patel,Durango,Colorado,81301,US,37.3053,-107.9101,preferred,1808,2026-04-02T12:00:00Z
1936,resident.01936@example.gov,Liam,Patel,Montrose,Colorado,81401,US,38.5143,-107.9122,vip,1845,2026-04-03T12:00:00Z
1937,resident.01937@example.gov,Isabella,Patel,Steamboat Springs,Colorado,80487,US,40.527,-106.8737,new,1882,2026-04-04T12:00:00Z
1938,resident.01938@example.gov,Mateo,Patel,Alamosa,Colorado,81101,US,37.5175,-105.918,standard,1919,2026-04-05T12:00:00Z
1939,resident.01939@example.gov,Amelia,Patel,Glenwood Springs,Colorado,81601,US,39.5025,-107.2768,preferred,1956,2026-04-06T12:00:00Z
1940,resident.01940@example.gov,Ethan,Patel,Idaho Springs,Colorado,80452,US,39.7005,-105.4716,vip,1993,2026-04-07T12:00:00Z
1941,resident.01941@example.gov,Ava,Garcia,Cañon City,Colorado,81212,US,38.4134,-105.1893,new,2030,2026-04-08T12:00:00Z
1942,resident.01942@example.gov,James,Garcia,Salida,Colorado,81201,US,38.5047,-105.9689,standard,2067,2026-04-09T12:00:00Z
1943,resident.01943@example.gov,Mia,Garcia,Gunnison,Colorado,81230,US,38.5218,-106.9013,preferred,2104,2026-04-10T12:00:00Z
1944,resident.01944@example.gov,Noah,Garcia,Leadville,Colorado,80461,US,39.2328,-106.2745,vip,2141,2026-04-11T12:00:00Z
1945,resident.01945@example.gov,Sophia,Garcia,Walsenburg,Colorado,81089,US,37.6122,-104.7683,new,2178,2026-04-12T12:00:00Z
1946,resident.01946@example.gov,Liam,Garcia,Trinidad,Colorado,81082,US,37.1635,-104.4945,standard,2215,2026-04-13T12:00:00Z
1947,resident.01947@example.gov,Isabella,Garcia,Sterling,Colorado,80751,US,40.6255,-103.2077,preferred,2252,2026-04-14T12:00:00Z
1948,resident.01948@example.gov,Mateo,Garcia,Fort Morgan,Colorado,80701,US,40.2563,-103.8059,vip,2289,2026-04-15T12:00:00Z
1949,resident.01949@example.gov,Amelia,Garcia,Yuma,Colorado,80759,US,40.1342,-102.7372,new,2326,2026-04-16T12:00:00Z
1950,resident.01950@example.gov,Ethan,Garcia,Burlington,Colorado,80807,US,39.3241,-102.2874,standard,2363,2026-04-17T12:00:00Z
1951,resident.01951@example.gov,Ava,Brown,Craig,Colorado,81625,US,40.5393,-107.5704,preferred,2400,2026-04-18T12:00:00Z
1952,resident.01952@example.gov,James,Brown,Telluride,Colorado,81435,US,37.9675,-107.8423,vip,2437,2026-04-19T12:00:00Z
1953,resident.01953@example.gov,Mia,Brown,Cortez,Colorado,81321,US,37.3849,-108.6219,new,2474,2026-04-20T12:00:00Z
1954,resident.01954@example.gov,Noah,Brown,Denver,Colorado,80202,US,39.7812,-105.0323,standard,2511,2026-04-21T12:00:00Z
1955,resident.01955@example.gov,Sophia,Brown,Colorado Springs,Colorado,80903,US,38.8819,-104.8694,preferred,2548,2026-04-22T12:00:00Z
1956,resident.01956@example.gov,Liam,Brown,Aurora,Colorado,80012,US,39.6814,-104.7839,vip,2585,2026-04-23T12:00:00Z
1957,resident.01957@example.gov,Isabella,Brown,Fort Collins,Colorado,80521,US,40.5433,-105.0424,new,2622,2026-04-24T12:00:00Z
1958,resident.01958@example.gov,Mateo,Brown,Lakewood,Colorado,80226,US,39.6687,-105.0454,standard,2659,2026-04-25T12:00:00Z
1959,resident.01959@example.gov,Amelia,Brown,Thornton,Colorado,80229,US,39.838,-104.9419,preferred,2696,2026-04-26T12:00:00Z
1960,resident.01960@example.gov,Ethan,Brown,Pueblo,Colorado,81003,US,38.2304,-104.5851,vip,2733,2026-04-27T12:00:00Z
1961,resident.01961@example.gov,Ava,Nguyen,Boulder,Colorado,80302,US,39.997,-105.2525,new,2770,2026-04-28T12:00:00Z
1962,resident.01962@example.gov,James,Nguyen,Greeley,Colorado,80631,US,40.4113,-104.6971,standard,2807,2026-04-29T12:00:00Z
1963,resident.01963@example.gov,Mia,Nguyen,Castle Rock,Colorado,80104,US,39.3662,-104.8501,preferred,2844,2026-04-30T12:00:00Z
1964,resident.01964@example.gov,Noah,Nguyen,Grand Junction,Colorado,81501,US,39.0639,-108.5506,vip,2881,2026-05-01T12:00:00Z
1965,resident.01965@example.gov,Sophia,Nguyen,Broomfield,Colorado,80020,US,39.9265,-105.0927,new,2918,2026-05-02T12:00:00Z
1966,resident.01966@example.gov,Liam,Nguyen,Durango,Colorado,81301,US,37.2873,-107.8921,standard,2955,2026-05-03T12:00:00Z
1967,resident.01967@example.gov,Isabella,Nguyen,Montrose,Colorado,81401,US,38.4963,-107.8942,preferred,2992,2026-05-04T12:00:00Z
1968,resident.01968@example.gov,Mateo,Nguyen,Steamboat Springs,Colorado,80487,US,40.509,-106.8557,vip,3029,2026-05-05T12:00:00Z
1969,resident.01969@example.gov,Amelia,Nguyen,Alamosa,Colorado,81101,US,37.4995,-105.9,new,3066,2026-05-06T12:00:00Z
1970,resident.01970@example.gov,Ethan,Nguyen,Glenwood Springs,Colorado,81601,US,39.5865,-107.3608,standard,3103,2026-05-07T12:00:00Z
1971,resident.01971@example.gov,Ava,Williams,Idaho Springs,Colorado,80452,US,39.7845,-105.5556,preferred,3140,2026-05-08T12:00:00Z
1972,resident.01972@example.gov,James,Williams,Cañon City,Colorado,81212,US,38.4974,-105.2733,vip,3177,2026-05-09T12:00:00Z
1973,resident.01973@example.gov,Mia,Williams,Salida,Colorado,81201,US,38.4867,-105.9509,new,3214,2026-05-10T12:00:00Z
1974,resident.01974@example.gov,Noah,Williams,Gunnison,Colorado,81230,US,38.5038,-106.8833,standard,3251,2026-05-11T12:00:00Z
1975,resident.01975@example.gov,Sophia,Williams,Leadville,Colorado,80461,US,39.2148,-106.2565,preferred,3288,2026-05-12T12:00:00Z
1976,resident.01976@example.gov,Liam,Williams,Walsenburg,Colorado,81089,US,37.5942,-104.7503,vip,3325,2026-05-13T12:00:00Z
1977,resident.01977@example.gov,Isabella,Williams,Trinidad,Colorado,81082,US,37.1455,-104.4765,new,3362,2026-05-14T12:00:00Z
1978,resident.01978@example.gov,Mateo,Williams,Sterling,Colorado,80751,US,40.6075,-103.1897,standard,3399,2026-05-15T12:00:00Z
1979,resident.01979@example.gov,Amelia,Williams,Fort Morgan,Colorado,80701,US,40.2383,-103.7879,preferred,3436,2026-05-16T12:00:00Z
1980,resident.01980@example.gov,Ethan,Williams,Yuma,Colorado,80759,US,40.1162,-102.7192,vip,3473,2026-05-17T12:00:00Z
1981,resident.01981@example.gov,Ava,Davis,Burlington,Colorado,80807,US,39.3061,-102.2694,new,3510,2026-02-17T12:00:00Z
1982,resident.01982@example.gov,James,Davis,Craig,Colorado,81625,US,40.5213,-107.5524,standard,3547,2026-02-18T12:00:00Z
1983,resident.01983@example.gov,Mia,Davis,Telluride,Colorado,81435,US,37.9495,-107.8243,preferred,3584,2026-02-19T12:00:00Z
1984,resident.01984@example.gov,Noah,Davis,Cortez,Colorado,81321,US,37.3669,-108.6039,vip,3621,2026-02-20T12:00:00Z
1985,resident.01985@example.gov,Sophia,Davis,Denver,Colorado,80202,US,39.7632,-105.0143,new,3658,2026-02-21T12:00:00Z
1986,resident.01986@example.gov,Liam,Davis,Colorado Springs,Colorado,80903,US,38.8639,-104.8514,standard,3695,2026-02-22T12:00:00Z
1987,resident.01987@example.gov,Isabella,Davis,Aurora,Colorado,80012,US,39.7654,-104.8679,preferred,3732,2026-02-23T12:00:00Z
1988,resident.01988@example.gov,Mateo,Davis,Fort Collins,Colorado,80521,US,40.6273,-105.1264,vip,3769,2026-02-24T12:00:00Z
1989,resident.01989@example.gov,Amelia,Davis,Lakewood,Colorado,80226,US,39.7527,-105.1294,new,3806,2026-02-25T12:00:00Z
1990,resident.01990@example.gov,Ethan,Davis,Thornton,Colorado,80229,US,39.82,-104.9239,standard,3843,2026-02-26T12:00:00Z
1991,resident.01991@example.gov,Ava,Lopez,Pueblo,Colorado,81003,US,38.2124,-104.5671,preferred,3880,2026-02-27T12:00:00Z
1992,resident.01992@example.gov,James,Lopez,Boulder,Colorado,80302,US,39.979,-105.2345,vip,3917,2026-02-28T12:00:00Z
1993,resident.01993@example.gov,Mia,Lopez,Greeley,Colorado,80631,US,40.3933,-104.6791,new,3954,2026-03-01T12:00:00Z
1994,resident.01994@example.gov,Noah,Lopez,Castle Rock,Colorado,80104,US,39.3482,-104.8321,standard,3991,2026-03-02T12:00:00Z
1995,resident.01995@example.gov,Sophia,Lopez,Grand Junction,Colorado,81501,US,39.0459,-108.5326,preferred,4028,2026-03-03T12:00:00Z
1996,resident.01996@example.gov,Liam,Lopez,Broomfield,Colorado,80020,US,39.9085,-105.0747,vip,4065,2026-03-04T12:00:00Z
1997,resident.01997@example.gov,Isabella,Lopez,Durango,Colorado,81301,US,37.2693,-107.8741,new,4102,2026-03-05T12:00:00Z
1998,resident.01998@example.gov,Mateo,Lopez,Montrose,Colorado,81401,US,38.4783,-107.8762,standard,4139,2026-03-06T12:00:00Z
1999,resident.01999@example.gov,Amelia,Lopez,Steamboat Springs,Colorado,80487,US,40.491,-106.8377,preferred,4176,2026-03-07T12:00:00Z
2000,resident.02000@example.gov,Ethan,Lopez,Alamosa,Colorado,81101,US,37.4815,-105.882,vip,4213,2026-03-08T12:00:00Z
