inventory_id,product_id,center_id,quantity_on_hand,quantity_reserved,quantity_incoming,reorder_point,reorder_qty,last_restock_date,updated_at
1,1,1,40,5,0,35,90,2026-06-15,2026-06-17T10:00:00Z
2,2,2,53,12,11,36,95,2026-06-14,2026-06-16T10:00:00Z
3,3,3,66,19,22,37,100,2026-06-13,2026-06-15T10:00:00Z
4,4,4,79,26,33,38,105,2026-06-12,2026-06-14T10:00:00Z
5,5,5,92,33,44,39,110,2026-06-11,2026-06-13T10:00:00Z
6,6,6,105,40,55,40,115,2026-06-10,2026-06-12T10:00:00Z
7,7,7,118,47,66,41,120,2026-06-09,2026-06-11T10:00:00Z
8,8,8,131,54,77,42,125,2026-06-08,2026-06-10T10:00:00Z
9,9,9,144,61,88,43,130,2026-06-07,2026-06-09T10:00:00Z
10,10,10,157,68,99,44,135,2026-06-06,2026-06-08T10:00:00Z
11,11,11,170,75,110,45,140,2026-06-05,2026-06-17T10:00:00Z
12,12,12,183,82,121,46,145,2026-06-04,2026-06-16T10:00:00Z
13,13,13,196,89,132,47,150,2026-06-03,2026-06-15T10:00:00Z
14,14,14,209,96,143,48,155,2026-06-02,2026-06-14T10:00:00Z
15,15,15,222,103,154,49,160,2026-06-01,2026-06-13T10:00:00Z
16,16,16,235,110,165,50,165,2026-05-31,2026-06-12T10:00:00Z
17,17,17,248,117,176,51,170,2026-05-30,2026-06-11T10:00:00Z
18,18,18,261,124,187,52,175,2026-05-29,2026-06-10T10:00:00Z
19,19,19,274,131,198,53,180,2026-05-28,2026-06-09T10:00:00Z
20,20,20,287,138,209,54,185,2026-05-27,2026-06-08T10:00:00Z
21,21,21,300,145,220,55,190,2026-05-26,2026-06-17T10:00:00Z
22,22,22,313,152,231,56,195,2026-05-25,2026-06-16T10:00:00Z
23,23,23,326,159,242,57,200,2026-05-24,2026-06-15T10:00:00Z
24,24,24,339,166,253,58,205,2026-05-23,2026-06-14T10:00:00Z
25,25,25,352,173,4,59,210,2026-05-22,2026-06-13T10:00:00Z
26,26,26,365,180,15,60,215,2026-05-21,2026-06-12T10:00:00Z
27,27,27,378,7,26,61,220,2026-05-20,2026-06-11T10:00:00Z
28,28,28,391,14,37,62,225,2026-05-19,2026-06-10T10:00:00Z
29,29,29,404,21,48,63,230,2026-05-18,2026-06-09T10:00:00Z
30,30,30,417,28,59,64,235,2026-05-17,2026-06-08T10:00:00Z
31,31,31,430,35,70,65,240,2026-05-16,2026-06-17T10:00:00Z
32,32,1,443,42,81,66,245,2026-05-15,2026-06-16T10:00:00Z
33,33,2,456,49,92,67,250,2026-05-14,2026-06-15T10:00:00Z
34,34,3,469,56,103,68,255,2026-05-13,2026-06-14T10:00:00Z
35,35,4,482,63,114,69,260,2026-05-12,2026-06-13T10:00:00Z
36,36,5,495,70,125,70,265,2026-06-15,2026-06-12T10:00:00Z
37,37,6,508,77,136,71,270,2026-06-14,2026-06-11T10:00:00Z
38,38,7,521,84,147,72,275,2026-06-13,2026-06-10T10:00:00Z
39,39,8,534,91,158,73,280,2026-06-12,2026-06-09T10:00:00Z
40,40,9,547,98,169,74,285,2026-06-11,2026-06-08T10:00:00Z
41,41,10,560,105,180,35,290,2026-06-10,2026-06-17T10:00:00Z
42,42,11,573,112,191,36,295,2026-06-09,2026-06-16T10:00:00Z
43,43,12,586,119,202,37,300,2026-06-08,2026-06-15T10:00:00Z
44,44,13,599,126,213,38,305,2026-06-07,2026-06-14T10:00:00Z
45,45,14,612,133,224,39,310,2026-06-06,2026-06-13T10:00:00Z
46,46,15,625,140,235,40,315,2026-06-05,2026-06-12T10:00:00Z
47,47,16,638,147,246,41,320,2026-06-04,2026-06-11T10:00:00Z
48,48,17,651,154,257,42,325,2026-06-03,2026-06-10T10:00:00Z
49,49,18,44,44,8,43,90,2026-06-02,2026-06-09T10:00:00Z
50,50,19,57,57,19,44,95,2026-06-01,2026-06-08T10:00:00Z
51,51,20,70,70,30,45,100,2026-05-31,2026-06-17T10:00:00Z
52,52,21,83,83,41,46,105,2026-05-30,2026-06-16T10:00:00Z
53,53,22,96,9,52,47,110,2026-05-29,2026-06-15T10:00:00Z
54,54,23,109,16,63,48,115,2026-05-28,2026-06-14T10:00:00Z
55,55,24,122,23,74,49,120,2026-05-27,2026-06-13T10:00:00Z
56,56,25,135,30,85,50,125,2026-05-26,2026-06-12T10:00:00Z
57,57,26,148,37,96,51,130,2026-05-25,2026-06-11T10:00:00Z
58,58,27,161,44,107,52,135,2026-05-24,2026-06-10T10:00:00Z
59,59,28,174,51,118,53,140,2026-05-23,2026-06-09T10:00:00Z
60,60,29,187,58,129,54,145,2026-05-22,2026-06-08T10:00:00Z
61,61,30,200,65,140,55,150,2026-05-21,2026-06-17T10:00:00Z
62,62,31,213,72,151,56,155,2026-05-20,2026-06-16T10:00:00Z
63,63,1,226,79,162,57,160,2026-05-19,2026-06-15T10:00:00Z
64,64,2,239,86,173,58,165,2026-05-18,2026-06-14T10:00:00Z
65,65,3,252,93,184,59,170,2026-05-17,2026-06-13T10:00:00Z
66,66,4,265,100,195,60,175,2026-05-16,2026-06-12T10:00:00Z
67,67,5,278,107,206,61,180,2026-05-15,2026-06-11T10:00:00Z
68,68,6,291,114,217,62,185,2026-05-14,2026-06-10T10:00:00Z
69,69,7,304,121,228,63,190,2026-05-13,2026-06-09T10:00:00Z
70,70,8,317,128,239,64,195,2026-05-12,2026-06-08T10:00:00Z
71,71,9,330,135,250,65,200,2026-06-15,2026-06-17T10:00:00Z
72,72,10,343,142,1,66,205,2026-06-14,2026-06-16T10:00:00Z
73,73,11,356,149,12,67,210,2026-06-13,2026-06-15T10:00:00Z
74,74,12,369,156,23,68,215,2026-06-12,2026-06-14T10:00:00Z
75,75,13,382,163,34,69,220,2026-06-11,2026-06-13T10:00:00Z
76,76,14,395,170,45,70,225,2026-06-10,2026-06-12T10:00:00Z
77,77,15,408,177,56,71,230,2026-06-09,2026-06-11T10:00:00Z
78,78,16,421,184,67,72,235,2026-06-08,2026-06-10T10:00:00Z
79,79,17,434,11,78,73,240,2026-06-07,2026-06-09T10:00:00Z
80,80,18,447,18,89,74,245,2026-06-06,2026-06-08T10:00:00Z
81,81,19,460,25,100,35,250,2026-06-05,2026-06-17T10:00:00Z
82,82,20,473,32,111,36,255,2026-06-04,2026-06-16T10:00:00Z
83,83,21,486,39,122,37,260,2026-06-03,2026-06-15T10:00:00Z
84,84,22,499,46,133,38,265,2026-06-02,2026-06-14T10:00:00Z
85,85,23,512,53,144,39,270,2026-06-01,2026-06-13T10:00:00Z
86,86,24,525,60,155,40,275,2026-05-31,2026-06-12T10:00:00Z
87,87,25,538,67,166,41,280,2026-05-30,2026-06-11T10:00:00Z
88,88,26,551,74,177,42,285,2026-05-29,2026-06-10T10:00:00Z
89,89,27,564,81,188,43,290,2026-05-28,2026-06-09T10:00:00Z
90,90,28,577,88,199,44,295,2026-05-27,2026-06-08T10:00:00Z
91,91,29,590,95,210,45,300,2026-05-26,2026-06-17T10:00:00Z
92,92,30,603,102,221,46,305,2026-05-25,2026-06-16T10:00:00Z
93,93,31,616,109,232,47,310,2026-05-24,2026-06-15T10:00:00Z
94,94,1,629,116,243,48,315,2026-05-23,2026-06-14T10:00:00Z
95,95,2,642,123,254,49,320,2026-05-22,2026-06-13T10:00:00Z
96,96,3,655,130,5,50,325,2026-05-21,2026-06-12T10:00:00Z
97,97,4,48,48,16,51,90,2026-05-20,2026-06-11T10:00:00Z
98,98,5,61,61,27,52,95,2026-05-19,2026-06-10T10:00:00Z
99,99,6,74,74,38,53,100,2026-05-18,2026-06-09T10:00:00Z
100,100,7,87,87,49,54,105,2026-05-17,2026-06-08T10:00:00Z
101,101,8,100,100,60,55,110,2026-05-16,2026-06-17T10:00:00Z
102,102,9,113,113,71,56,115,2026-05-15,2026-06-16T10:00:00Z
103,103,10,126,126,82,57,120,2026-05-14,2026-06-15T10:00:00Z
104,104,11,139,6,93,58,125,2026-05-13,2026-06-14T10:00:00Z
105,105,12,152,13,104,59,130,2026-05-12,2026-06-13T10:00:00Z
106,106,13,165,20,115,60,135,2026-06-15,2026-06-12T10:00:00Z
107,107,14,178,27,126,61,140,2026-06-14,2026-06-11T10:00:00Z
108,108,15,191,34,137,62,145,2026-06-13,2026-06-10T10:00:00Z
109,109,16,204,41,148,63,150,2026-06-12,2026-06-09T10:00:00Z
110,110,17,217,48,159,64,155,2026-06-11,2026-06-08T10:00:00Z
111,111,18,230,55,170,65,160,2026-06-10,2026-06-17T10:00:00Z
112,112,19,243,62,181,66,165,2026-06-09,2026-06-16T10:00:00Z
113,113,20,256,69,192,67,170,2026-06-08,2026-06-15T10:00:00Z
114,114,21,269,76,203,68,175,2026-06-07,2026-06-14T10:00:00Z
115,115,22,282,83,214,69,180,2026-06-06,2026-06-13T10:00:00Z
116,116,23,295,90,225,70,185,2026-06-05,2026-06-12T10:00:00Z
117,117,24,308,97,236,71,190,2026-06-04,2026-06-11T10:00:00Z
118,118,25,321,104,247,72,195,2026-06-03,2026-06-10T10:00:00Z
119,119,26,334,111,258,73,200,2026-06-02,2026-06-09T10:00:00Z
120,120,27,347,118,9,74,205,2026-06-01,2026-06-08T10:00:00Z
121,121,28,360,125,20,35,210,2026-05-31,2026-06-17T10:00:00Z
122,122,29,373,132,31,36,215,2026-05-30,2026-06-16T10:00:00Z
123,123,30,386,139,42,37,220,2026-05-29,2026-06-15T10:00:00Z
124,124,31,399,146,53,38,225,2026-05-28,2026-06-14T10:00:00Z
125,125,1,412,153,64,39,230,2026-05-27,2026-06-13T10:00:00Z
126,126,2,425,160,75,40,235,2026-05-26,2026-06-12T10:00:00Z
127,127,3,438,167,86,41,240,2026-05-25,2026-06-11T10:00:00Z
128,128,4,451,174,97,42,245,2026-05-24,2026-06-10T10:00:00Z
129,129,5,464,181,108,43,250,2026-05-23,2026-06-09T10:00:00Z
130,130,6,477,8,119,44,255,2026-05-22,2026-06-08T10:00:00Z
131,131,7,490,15,130,45,260,2026-05-21,2026-06-17T10:00:00Z
132,132,8,503,22,141,46,265,2026-05-20,2026-06-16T10:00:00Z
133,133,9,516,29,152,47,270,2026-05-19,2026-06-15T10:00:00Z
134,134,10,529,36,163,48,275,2026-05-18,2026-06-14T10:00:00Z
135,135,11,542,43,174,49,280,2026-05-17,2026-06-13T10:00:00Z
136,136,12,555,50,185,50,285,2026-05-16,2026-06-12T10:00:00Z
137,137,13,568,57,196,51,290,2026-05-15,2026-06-11T10:00:00Z
138,138,14,581,64,207,52,295,2026-05-14,2026-06-10T10:00:00Z
139,139,15,594,71,218,53,300,2026-05-13,2026-06-09T10:00:00Z
140,140,16,607,78,229,54,305,2026-05-12,2026-06-08T10:00:00Z
141,141,17,620,85,240,55,310,2026-06-15,2026-06-17T10:00:00Z
142,142,18,633,92,251,56,315,2026-06-14,2026-06-16T10:00:00Z
143,143,19,646,99,2,57,320,2026-06-13,2026-06-15T10:00:00Z
144,144,20,659,106,13,58,325,2026-06-12,2026-06-14T10:00:00Z
145,145,21,52,52,24,59,90,2026-06-11,2026-06-13T10:00:00Z
146,146,22,65,65,35,60,95,2026-06-10,2026-06-12T10:00:00Z
147,147,23,78,78,46,61,100,2026-06-09,2026-06-11T10:00:00Z
148,148,24,91,91,57,62,105,2026-06-08,2026-06-10T10:00:00Z
149,149,25,104,104,68,63,110,2026-06-07,2026-06-09T10:00:00Z
150,150,26,117,117,79,64,115,2026-06-06,2026-06-08T10:00:00Z
151,151,27,130,130,90,65,120,2026-06-05,2026-06-17T10:00:00Z
152,152,28,143,143,101,66,125,2026-06-04,2026-06-16T10:00:00Z
153,153,29,156,156,112,67,130,2026-06-03,2026-06-15T10:00:00Z
154,154,30,169,169,123,68,135,2026-06-02,2026-06-14T10:00:00Z
155,155,31,182,182,134,69,140,2026-06-01,2026-06-13T10:00:00Z
156,156,1,195,10,145,70,145,2026-05-31,2026-06-12T10:00:00Z
157,157,2,208,17,156,71,150,2026-05-30,2026-06-11T10:00:00Z
158,158,3,221,24,167,72,155,2026-05-29,2026-06-10T10:00:00Z
159,159,4,234,31,178,73,160,2026-05-28,2026-06-09T10:00:00Z
160,160,5,247,38,189,74,165,2026-05-27,2026-06-08T10:00:00Z
161,161,6,260,45,200,35,170,2026-05-26,2026-06-17T10:00:00Z
162,162,7,273,52,211,36,175,2026-05-25,2026-06-16T10:00:00Z
163,163,8,286,59,222,37,180,2026-05-24,2026-06-15T10:00:00Z
164,164,9,299,66,233,38,185,2026-05-23,2026-06-14T10:00:00Z
165,165,10,312,73,244,39,190,2026-05-22,2026-06-13T10:00:00Z
166,166,11,325,80,255,40,195,2026-05-21,2026-06-12T10:00:00Z
167,167,12,338,87,6,41,200,2026-05-20,2026-06-11T10:00:00Z
168,168,13,351,94,17,42,205,2026-05-19,2026-06-10T10:00:00Z
169,169,14,364,101,28,43,210,2026-05-18,2026-06-09T10:00:00Z
170,170,15,377,108,39,44,215,2026-05-17,2026-06-08T10:00:00Z
171,171,16,390,115,50,45,220,2026-05-16,2026-06-17T10:00:00Z
172,172,17,403,122,61,46,225,2026-05-15,2026-06-16T10:00:00Z
173,173,18,416,129,72,47,230,2026-05-14,2026-06-15T10:00:00Z
174,174,19,429,136,83,48,235,2026-05-13,2026-06-14T10:00:00Z
175,175,20,442,143,94,49,240,2026-05-12,2026-06-13T10:00:00Z
176,176,21,455,150,105,50,245,2026-06-15,2026-06-12T10:00:00Z
177,177,22,468,157,116,51,250,2026-06-14,2026-06-11T10:00:00Z
178,178,23,481,164,127,52,255,2026-06-13,2026-06-10T10:00:00Z
179,179,24,494,171,138,53,260,2026-06-12,2026-06-09T10:00:00Z
180,180,25,507,178,149,54,265,2026-06-11,2026-06-08T10:00:00Z
181,181,26,520,5,160,55,270,2026-06-10,2026-06-17T10:00:00Z
182,182,27,533,12,171,56,275,2026-06-09,2026-06-16T10:00:00Z
183,183,28,546,19,182,57,280,2026-06-08,2026-06-15T10:00:00Z
184,184,29,559,26,193,58,285,2026-06-07,2026-06-14T10:00:00Z
185,185,30,572,33,204,59,290,2026-06-06,2026-06-13T10:00:00Z
186,186,31,585,40,215,60,295,2026-06-05,2026-06-12T10:00:00Z
187,187,1,598,47,226,61,300,2026-06-04,2026-06-11T10:00:00Z
188,188,2,611,54,237,62,305,2026-06-03,2026-06-10T10:00:00Z
189,1,3,624,61,248,63,310,2026-06-02,2026-06-09T10:00:00Z
190,2,4,637,68,259,64,315,2026-06-01,2026-06-08T10:00:00Z
191,3,5,650,75,10,65,320,2026-05-31,2026-06-17T10:00:00Z
192,4,6,43,43,21,66,325,2026-05-30,2026-06-16T10:00:00Z
193,5,7,56,56,32,67,90,2026-05-29,2026-06-15T10:00:00Z
194,6,8,69,69,43,68,95,2026-05-28,2026-06-14T10:00:00Z
195,7,9,82,82,54,69,100,2026-05-27,2026-06-13T10:00:00Z
196,8,10,95,95,65,70,105,2026-05-26,2026-06-12T10:00:00Z
197,9,11,108,108,76,71,110,2026-05-25,2026-06-11T10:00:00Z
198,10,12,121,121,87,72,115,2026-05-24,2026-06-10T10:00:00Z
199,11,13,134,131,98,73,120,2026-05-23,2026-06-09T10:00:00Z
200,12,14,147,138,109,74,125,2026-05-22,2026-06-08T10:00:00Z
201,13,15,160,145,120,35,130,2026-05-21,2026-06-17T10:00:00Z
202,14,16,173,152,131,36,135,2026-05-20,2026-06-16T10:00:00Z
203,15,17,186,159,142,37,140,2026-05-19,2026-06-15T10:00:00Z
204,16,18,199,166,153,38,145,2026-05-18,2026-06-14T10:00:00Z
205,17,19,212,173,164,39,150,2026-05-17,2026-06-13T10:00:00Z
206,18,20,225,180,175,40,155,2026-05-16,2026-06-12T10:00:00Z
207,19,21,238,7,186,41,160,2026-05-15,2026-06-11T10:00:00Z
208,20,22,251,14,197,42,165,2026-05-14,2026-06-10T10:00:00Z
209,21,23,264,21,208,43,170,2026-05-13,2026-06-09T10:00:00Z
210,22,24,277,28,219,44,175,2026-05-12,2026-06-08T10:00:00Z
211,23,25,290,35,230,45,180,2026-06-15,2026-06-17T10:00:00Z
212,24,26,303,42,241,46,185,2026-06-14,2026-06-16T10:00:00Z
213,25,27,316,49,252,47,190,2026-06-13,2026-06-15T10:00:00Z
214,26,28,329,56,3,48,195,2026-06-12,2026-06-14T10:00:00Z
215,27,29,342,63,14,49,200,2026-06-11,2026-06-13T10:00:00Z
216,28,30,355,70,25,50,205,2026-06-10,2026-06-12T10:00:00Z
217,29,31,368,77,36,51,210,2026-06-09,2026-06-11T10:00:00Z
218,30,1,381,84,47,52,215,2026-06-08,2026-06-10T10:00:00Z
219,31,2,394,91,58,53,220,2026-06-07,2026-06-09T10:00:00Z
220,32,3,407,98,69,54,225,2026-06-06,2026-06-08T10:00:00Z
221,33,4,420,105,80,55,230,2026-06-05,2026-06-17T10:00:00Z
222,34,5,433,112,91,56,235,2026-06-04,2026-06-16T10:00:00Z
223,35,6,446,119,102,57,240,2026-06-03,2026-06-15T10:00:00Z
224,36,7,459,126,113,58,245,2026-06-02,2026-06-14T10:00:00Z
225,37,8,472,133,124,59,250,2026-06-01,2026-06-13T10:00:00Z
226,38,9,485,140,135,60,255,2026-05-31,2026-06-12T10:00:00Z
227,39,10,498,147,146,61,260,2026-05-30,2026-06-11T10:00:00Z
228,40,11,511,154,157,62,265,2026-05-29,2026-06-10T10:00:00Z
229,41,12,524,161,168,63,270,2026-05-28,2026-06-09T10:00:00Z
230,42,13,537,168,179,64,275,2026-05-27,2026-06-08T10:00:00Z
231,43,14,550,175,190,65,280,2026-05-26,2026-06-17T10:00:00Z
232,44,15,563,182,201,66,285,2026-05-25,2026-06-16T10:00:00Z
233,45,16,576,9,212,67,290,2026-05-24,2026-06-15T10:00:00Z
234,46,17,589,16,223,68,295,2026-05-23,2026-06-14T10:00:00Z
235,47,18,602,23,234,69,300,2026-05-22,2026-06-13T10:00:00Z
236,48,19,615,30,245,70,305,2026-05-21,2026-06-12T10:00:00Z
237,49,20,628,37,256,71,310,2026-05-20,2026-06-11T10:00:00Z
238,50,21,641,44,7,72,315,2026-05-19,2026-06-10T10:00:00Z
239,51,22,654,51,18,73,320,2026-05-18,2026-06-09T10:00:00Z
240,52,23,47,47,29,74,325,2026-05-17,2026-06-08T10:00:00Z
241,53,24,60,60,40,35,90,2026-05-16,2026-06-17T10:00:00Z
242,54,25,73,72,51,36,95,2026-05-15,2026-06-16T10:00:00Z
243,55,26,86,79,62,37,100,2026-05-14,2026-06-15T10:00:00Z
244,56,27,99,86,73,38,105,2026-05-13,2026-06-14T10:00:00Z
245,57,28,112,93,84,39,110,2026-05-12,2026-06-13T10:00:00Z
246,58,29,125,100,95,40,115,2026-06-15,2026-06-12T10:00:00Z
247,59,30,138,107,106,41,120,2026-06-14,2026-06-11T10:00:00Z
248,60,31,151,114,117,42,125,2026-06-13,2026-06-10T10:00:00Z
249,61,1,164,121,128,43,130,2026-06-12,2026-06-09T10:00:00Z
250,62,2,177,128,139,44,135,2026-06-11,2026-06-08T10:00:00Z
251,63,3,190,135,150,45,140,2026-06-10,2026-06-17T10:00:00Z
252,64,4,203,142,161,46,145,2026-06-09,2026-06-16T10:00:00Z
253,65,5,216,149,172,47,150,2026-06-08,2026-06-15T10:00:00Z
254,66,6,229,156,183,48,155,2026-06-07,2026-06-14T10:00:00Z
255,67,7,242,163,194,49,160,2026-06-06,2026-06-13T10:00:00Z
256,68,8,255,170,205,50,165,2026-06-05,2026-06-12T10:00:00Z
257,69,9,268,177,216,51,170,2026-06-04,2026-06-11T10:00:00Z
258,70,10,281,184,227,52,175,2026-06-03,2026-06-10T10:00:00Z
259,71,11,294,11,238,53,180,2026-06-02,2026-06-09T10:00:00Z
260,72,12,307,18,249,54,185,2026-06-01,2026-06-08T10:00:00Z
261,73,13,320,25,0,55,190,2026-05-31,2026-06-17T10:00:00Z
262,74,14,333,32,11,56,195,2026-05-30,2026-06-16T10:00:00Z
263,75,15,346,39,22,57,200,2026-05-29,2026-06-15T10:00:00Z
264,76,16,359,46,33,58,205,2026-05-28,2026-06-14T10:00:00Z
265,77,17,372,53,44,59,210,2026-05-27,2026-06-13T10:00:00Z
266,78,18,385,60,55,60,215,2026-05-26,2026-06-12T10:00:00Z
267,79,19,398,67,66,61,220,2026-05-25,2026-06-11T10:00:00Z
268,80,20,411,74,77,62,225,2026-05-24,2026-06-10T10:00:00Z
269,81,21,424,81,88,63,230,2026-05-23,2026-06-09T10:00:00Z
270,82,22,437,88,99,64,235,2026-05-22,2026-06-08T10:00:00Z
271,83,23,450,95,110,65,240,2026-05-21,2026-06-17T10:00:00Z
272,84,24,463,102,121,66,245,2026-05-20,2026-06-16T10:00:00Z
273,85,25,476,109,132,67,250,2026-05-19,2026-06-15T10:00:00Z
274,86,26,489,116,143,68,255,2026-05-18,2026-06-14T10:00:00Z
275,87,27,502,123,154,69,260,2026-05-17,2026-06-13T10:00:00Z
276,88,28,515,130,165,70,265,2026-05-16,2026-06-12T10:00:00Z
277,89,29,528,137,176,71,270,2026-05-15,2026-06-11T10:00:00Z
278,90,30,541,144,187,72,275,2026-05-14,2026-06-10T10:00:00Z
279,91,31,554,151,198,73,280,2026-05-13,2026-06-09T10:00:00Z
280,92,1,567,158,209,74,285,2026-05-12,2026-06-08T10:00:00Z
281,93,2,580,165,220,35,290,2026-06-15,2026-06-17T10:00:00Z
282,94,3,593,172,231,36,295,2026-06-14,2026-06-16T10:00:00Z
283,95,4,606,179,242,37,300,2026-06-13,2026-06-15T10:00:00Z
284,96,5,619,6,253,38,305,2026-06-12,2026-06-14T10:00:00Z
285,97,6,632,13,4,39,310,2026-06-11,2026-06-13T10:00:00Z
286,98,7,645,20,15,40,315,2026-06-10,2026-06-12T10:00:00Z
287,99,8,658,27,26,41,320,2026-06-09,2026-06-11T10:00:00Z
288,100,9,51,34,37,42,325,2026-06-08,2026-06-10T10:00:00Z
289,101,10,64,41,48,43,90,2026-06-07,2026-06-09T10:00:00Z
290,102,11,77,48,59,44,95,2026-06-06,2026-06-08T10:00:00Z
291,103,12,90,55,70,45,100,2026-06-05,2026-06-17T10:00:00Z
292,104,13,103,62,81,46,105,2026-06-04,2026-06-16T10:00:00Z
293,105,14,116,69,92,47,110,2026-06-03,2026-06-15T10:00:00Z
294,106,15,129,76,103,48,115,2026-06-02,2026-06-14T10:00:00Z
295,107,16,142,83,114,49,120,2026-06-01,2026-06-13T10:00:00Z
296,108,17,155,90,125,50,125,2026-05-31,2026-06-12T10:00:00Z
297,109,18,168,97,136,51,130,2026-05-30,2026-06-11T10:00:00Z
298,110,19,181,104,147,52,135,2026-05-29,2026-06-10T10:00:00Z
299,111,20,194,111,158,53,140,2026-05-28,2026-06-09T10:00:00Z
300,112,21,207,118,169,54,145,2026-05-27,2026-06-08T10:00:00Z
301,113,22,220,125,180,55,150,2026-05-26,2026-06-17T10:00:00Z
302,114,23,233,132,191,56,155,2026-05-25,2026-06-16T10:00:00Z
303,115,24,246,139,202,57,160,2026-05-24,2026-06-15T10:00:00Z
304,116,25,259,146,213,58,165,2026-05-23,2026-06-14T10:00:00Z
305,117,26,272,153,224,59,170,2026-05-22,2026-06-13T10:00:00Z
306,118,27,285,160,235,60,175,2026-05-21,2026-06-12T10:00:00Z
307,119,28,298,167,246,61,180,2026-05-20,2026-06-11T10:00:00Z
308,120,29,311,174,257,62,185,2026-05-19,2026-06-10T10:00:00Z
309,121,30,324,181,8,63,190,2026-05-18,2026-06-09T10:00:00Z
310,122,31,337,8,19,64,195,2026-05-17,2026-06-08T10:00:00Z
311,123,1,350,15,30,65,200,2026-05-16,2026-06-17T10:00:00Z
312,124,2,363,22,41,66,205,2026-05-15,2026-06-16T10:00:00Z
313,125,3,376,29,52,67,210,2026-05-14,2026-06-15T10:00:00Z
314,126,4,389,36,63,68,215,2026-05-13,2026-06-14T10:00:00Z
315,127,5,402,43,74,69,220,2026-05-12,2026-06-13T10:00:00Z
316,128,6,415,50,85,70,225,2026-06-15,2026-06-12T10:00:00Z
317,129,7,428,57,96,71,230,2026-06-14,2026-06-11T10:00:00Z
318,130,8,441,64,107,72,235,2026-06-13,2026-06-10T10:00:00Z
319,131,9,454,71,118,73,240,2026-06-12,2026-06-09T10:00:00Z
320,132,10,467,78,129,74,245,2026-06-11,2026-06-08T10:00:00Z
321,133,11,480,85,140,35,250,2026-06-10,2026-06-17T10:00:00Z
322,134,12,493,92,151,36,255,2026-06-09,2026-06-16T10:00:00Z
323,135,13,506,99,162,37,260,2026-06-08,2026-06-15T10:00:00Z
324,136,14,519,106,173,38,265,2026-06-07,2026-06-14T10:00:00Z
325,137,15,532,113,184,39,270,2026-06-06,2026-06-13T10:00:00Z
326,138,16,545,120,195,40,275,2026-06-05,2026-06-12T10:00:00Z
327,139,17,558,127,206,41,280,2026-06-04,2026-06-11T10:00:00Z
328,140,18,571,134,217,42,285,2026-06-03,2026-06-10T10:00:00Z
329,141,19,584,141,228,43,290,2026-06-02,2026-06-09T10:00:00Z
330,142,20,597,148,239,44,295,2026-06-01,2026-06-08T10:00:00Z
331,143,21,610,155,250,45,300,2026-05-31,2026-06-17T10:00:00Z
332,144,22,623,162,1,46,305,2026-05-30,2026-06-16T10:00:00Z
333,145,23,636,169,12,47,310,2026-05-29,2026-06-15T10:00:00Z
334,146,24,649,176,23,48,315,2026-05-28,2026-06-14T10:00:00Z
335,147,25,42,42,34,49,320,2026-05-27,2026-06-13T10:00:00Z
336,148,26,55,10,45,50,325,2026-05-26,2026-06-12T10:00:00Z
337,149,27,68,17,56,51,90,2026-05-25,2026-06-11T10:00:00Z
338,150,28,81,24,67,52,95,2026-05-24,2026-06-10T10:00:00Z
339,151,29,94,31,78,53,100,2026-05-23,2026-06-09T10:00:00Z
340,152,30,107,38,89,54,105,2026-05-22,2026-06-08T10:00:00Z
341,153,31,120,45,100,55,110,2026-05-21,2026-06-17T10:00:00Z
342,154,1,133,52,111,56,115,2026-05-20,2026-06-16T10:00:00Z
343,155,2,146,59,122,57,120,2026-05-19,2026-06-15T10:00:00Z
344,156,3,159,66,133,58,125,2026-05-18,2026-06-14T10:00:00Z
345,157,4,172,73,144,59,130,2026-05-17,2026-06-13T10:00:00Z
346,158,5,185,80,155,60,135,2026-05-16,2026-06-12T10:00:00Z
347,159,6,198,87,166,61,140,2026-05-15,2026-06-11T10:00:00Z
348,160,7,211,94,177,62,145,2026-05-14,2026-06-10T10:00:00Z
349,161,8,224,101,188,63,150,2026-05-13,2026-06-09T10:00:00Z
350,162,9,237,108,199,64,155,2026-05-12,2026-06-08T10:00:00Z
351,163,10,250,115,210,65,160,2026-06-15,2026-06-17T10:00:00Z
352,164,11,263,122,221,66,165,2026-06-14,2026-06-16T10:00:00Z
353,165,12,276,129,232,67,170,2026-06-13,2026-06-15T10:00:00Z
354,166,13,289,136,243,68,175,2026-06-12,2026-06-14T10:00:00Z
355,167,14,302,143,254,69,180,2026-06-11,2026-06-13T10:00:00Z
356,168,15,315,150,5,70,185,2026-06-10,2026-06-12T10:00:00Z
357,169,16,328,157,16,71,190,2026-06-09,2026-06-11T10:00:00Z
358,170,17,341,164,27,72,195,2026-06-08,2026-06-10T10:00:00Z
359,171,18,354,171,38,73,200,2026-06-07,2026-06-09T10:00:00Z
360,172,19,367,178,49,74,205,2026-06-06,2026-06-08T10:00:00Z
361,173,20,380,5,60,35,210,2026-06-05,2026-06-17T10:00:00Z
362,174,21,393,12,71,36,215,2026-06-04,2026-06-16T10:00:00Z
363,175,22,406,19,82,37,220,2026-06-03,2026-06-15T10:00:00Z
364,176,23,419,26,93,38,225,2026-06-02,2026-06-14T10:00:00Z
365,177,24,432,33,104,39,230,2026-06-01,2026-06-13T10:00:00Z
366,178,25,445,40,115,40,235,2026-05-31,2026-06-12T10:00:00Z
367,179,26,458,47,126,41,240,2026-05-30,2026-06-11T10:00:00Z
368,180,27,471,54,137,42,245,2026-05-29,2026-06-10T10:00:00Z
369,181,28,484,61,148,43,250,2026-05-28,2026-06-09T10:00:00Z
370,182,29,497,68,159,44,255,2026-05-27,2026-06-08T10:00:00Z
371,183,30,510,75,170,45,260,2026-05-26,2026-06-17T10:00:00Z
372,184,31,523,82,181,46,265,2026-05-25,2026-06-16T10:00:00Z
373,185,1,536,89,192,47,270,2026-05-24,2026-06-15T10:00:00Z
374,186,2,549,96,203,48,275,2026-05-23,2026-06-14T10:00:00Z
375,187,3,562,103,214,49,280,2026-05-22,2026-06-13T10:00:00Z
376,188,4,575,110,225,50,285,2026-05-21,2026-06-12T10:00:00Z
377,1,5,588,117,236,51,290,2026-05-20,2026-06-11T10:00:00Z
378,2,6,601,124,247,52,295,2026-05-19,2026-06-10T10:00:00Z
379,3,7,614,131,258,53,300,2026-05-18,2026-06-09T10:00:00Z
380,4,8,627,138,9,54,305,2026-05-17,2026-06-08T10:00:00Z
381,5,9,640,145,20,55,310,2026-05-16,2026-06-17T10:00:00Z
382,6,10,653,152,31,56,315,2026-05-15,2026-06-16T10:00:00Z
383,7,11,46,46,42,57,320,2026-05-14,2026-06-15T10:00:00Z
384,8,12,59,59,53,58,325,2026-05-13,2026-06-14T10:00:00Z
385,9,13,72,72,64,59,90,2026-05-12,2026-06-13T10:00:00Z
386,10,14,85,85,75,60,95,2026-06-15,2026-06-12T10:00:00Z
387,11,15,98,7,86,61,100,2026-06-14,2026-06-11T10:00:00Z
388,12,16,111,14,97,62,105,2026-06-13,2026-06-10T10:00:00Z
389,13,17,124,21,108,63,110,2026-06-12,2026-06-09T10:00:00Z
390,14,18,137,28,119,64,115,2026-06-11,2026-06-08T10:00:00Z
391,15,19,150,35,130,65,120,2026-06-10,2026-06-17T10:00:00Z
392,16,20,163,42,141,66,125,2026-06-09,2026-06-16T10:00:00Z
393,17,21,176,49,152,67,130,2026-06-08,2026-06-15T10:00:00Z
394,18,22,189,56,163,68,135,2026-06-07,2026-06-14T10:00:00Z
395,19,23,202,63,174,69,140,2026-06-06,2026-06-13T10:00:00Z
396,20,24,215,70,185,70,145,2026-06-05,2026-06-12T10:00:00Z
397,21,25,228,77,196,71,150,2026-06-04,2026-06-11T10:00:00Z
398,22,26,241,84,207,72,155,2026-06-03,2026-06-10T10:00:00Z
399,23,27,254,91,218,73,160,2026-06-02,2026-06-09T10:00:00Z
400,24,28,267,98,229,74,165,2026-06-01,2026-06-08T10:00:00Z
401,25,29,280,105,240,35,170,2026-05-31,2026-06-17T10:00:00Z
402,26,30,293,112,251,36,175,2026-05-30,2026-06-16T10:00:00Z
403,27,31,306,119,2,37,180,2026-05-29,2026-06-15T10:00:00Z
404,28,1,319,126,13,38,185,2026-05-28,2026-06-14T10:00:00Z
405,29,2,332,133,24,39,190,2026-05-27,2026-06-13T10:00:00Z
406,30,3,345,140,35,40,195,2026-05-26,2026-06-12T10:00:00Z
407,31,4,358,147,46,41,200,2026-05-25,2026-06-11T10:00:00Z
408,32,5,371,154,57,42,205,2026-05-24,2026-06-10T10:00:00Z
409,33,6,384,161,68,43,210,2026-05-23,2026-06-09T10:00:00Z
410,34,7,397,168,79,44,215,2026-05-22,2026-06-08T10:00:00Z
411,35,8,410,175,90,45,220,2026-05-21,2026-06-17T10:00:00Z
412,36,9,423,182,101,46,225,2026-05-20,2026-06-16T10:00:00Z
413,37,10,436,9,112,47,230,2026-05-19,2026-06-15T10:00:00Z
414,38,11,449,16,123,48,235,2026-05-18,2026-06-14T10:00:00Z
415,39,12,462,23,134,49,240,2026-05-17,2026-06-13T10:00:00Z
416,40,13,475,30,145,50,245,2026-05-16,2026-06-12T10:00:00Z
417,41,14,488,37,156,51,250,2026-05-15,2026-06-11T10:00:00Z
418,42,15,501,44,167,52,255,2026-05-14,2026-06-10T10:00:00Z
419,43,16,514,51,178,53,260,2026-05-13,2026-06-09T10:00:00Z
420,44,17,527,58,189,54,265,2026-05-12,2026-06-08T10:00:00Z
421,45,18,540,65,200,55,270,2026-06-15,2026-06-17T10:00:00Z
422,46,19,553,72,211,56,275,2026-06-14,2026-06-16T10:00:00Z
423,47,20,566,79,222,57,280,2026-06-13,2026-06-15T10:00:00Z
424,48,21,579,86,233,58,285,2026-06-12,2026-06-14T10:00:00Z
425,49,22,592,93,244,59,290,2026-06-11,2026-06-13T10:00:00Z
426,50,23,605,100,255,60,295,2026-06-10,2026-06-12T10:00:00Z
427,51,24,618,107,6,61,300,2026-06-09,2026-06-11T10:00:00Z
428,52,25,631,114,17,62,305,2026-06-08,2026-06-10T10:00:00Z
429,53,26,644,121,28,63,310,2026-06-07,2026-06-09T10:00:00Z
430,54,27,657,128,39,64,315,2026-06-06,2026-06-08T10:00:00Z
431,55,28,50,50,50,65,320,2026-06-05,2026-06-17T10:00:00Z
432,56,29,63,63,61,66,325,2026-06-04,2026-06-16T10:00:00Z
433,57,30,76,76,72,67,90,2026-06-03,2026-06-15T10:00:00Z
434,58,31,89,89,83,68,95,2026-06-02,2026-06-14T10:00:00Z
435,59,1,102,102,94,69,100,2026-06-01,2026-06-13T10:00:00Z
436,60,2,115,115,105,70,105,2026-05-31,2026-06-12T10:00:00Z
437,61,3,128,128,116,71,110,2026-05-30,2026-06-11T10:00:00Z
438,62,4,141,141,127,72,115,2026-05-29,2026-06-10T10:00:00Z
439,63,5,154,11,138,73,120,2026-05-28,2026-06-09T10:00:00Z
440,64,6,167,18,149,74,125,2026-05-27,2026-06-08T10:00:00Z
441,65,7,180,25,160,35,130,2026-05-26,2026-06-17T10:00:00Z
442,66,8,193,32,171,36,135,2026-05-25,2026-06-16T10:00:00Z
443,67,9,206,39,182,37,140,2026-05-24,2026-06-15T10:00:00Z
444,68,10,219,46,193,38,145,2026-05-23,2026-06-14T10:00:00Z
445,69,11,232,53,204,39,150,2026-05-22,2026-06-13T10:00:00Z
446,70,12,245,60,215,40,155,2026-05-21,2026-06-12T10:00:00Z
447,71,13,258,67,226,41,160,2026-05-20,2026-06-11T10:00:00Z
448,72,14,271,74,237,42,165,2026-05-19,2026-06-10T10:00:00Z
449,73,15,284,81,248,43,170,2026-05-18,2026-06-09T10:00:00Z
450,74,16,297,88,259,44,175,2026-05-17,2026-06-08T10:00:00Z
451,75,17,310,95,10,45,180,2026-05-16,2026-06-17T10:00:00Z
452,76,18,323,102,21,46,185,2026-05-15,2026-06-16T10:00:00Z
453,77,19,336,109,32,47,190,2026-05-14,2026-06-15T10:00:00Z
454,78,20,349,116,43,48,195,2026-05-13,2026-06-14T10:00:00Z
455,79,21,362,123,54,49,200,2026-05-12,2026-06-13T10:00:00Z
456,80,22,375,130,65,50,205,2026-06-15,2026-06-12T10:00:00Z
457,81,23,388,137,76,51,210,2026-06-14,2026-06-11T10:00:00Z
458,82,24,401,144,87,52,215,2026-06-13,2026-06-10T10:00:00Z
459,83,25,414,151,98,53,220,2026-06-12,2026-06-09T10:00:00Z
460,84,26,427,158,109,54,225,2026-06-11,2026-06-08T10:00:00Z
461,85,27,440,165,120,55,230,2026-06-10,2026-06-17T10:00:00Z
462,86,28,453,172,131,56,235,2026-06-09,2026-06-16T10:00:00Z
463,87,29,466,179,142,57,240,2026-06-08,2026-06-15T10:00:00Z
464,88,30,479,6,153,58,245,2026-06-07,2026-06-14T10:00:00Z
465,89,31,492,13,164,59,250,2026-06-06,2026-06-13T10:00:00Z
466,90,1,505,20,175,60,255,2026-06-05,2026-06-12T10:00:00Z
467,91,2,518,27,186,61,260,2026-06-04,2026-06-11T10:00:00Z
468,92,3,531,34,197,62,265,2026-06-03,2026-06-10T10:00:00Z
469,93,4,544,41,208,63,270,2026-06-02,2026-06-09T10:00:00Z
470,94,5,557,48,219,64,275,2026-06-01,2026-06-08T10:00:00Z
471,95,6,570,55,230,65,280,2026-05-31,2026-06-17T10:00:00Z
472,96,7,583,62,241,66,285,2026-05-30,2026-06-16T10:00:00Z
473,97,8,596,69,252,67,290,2026-05-29,2026-06-15T10:00:00Z
474,98,9,609,76,3,68,295,2026-05-28,2026-06-14T10:00:00Z
475,99,10,622,83,14,69,300,2026-05-27,2026-06-13T10:00:00Z
476,100,11,635,90,25,70,305,2026-05-26,2026-06-12T10:00:00Z
477,101,12,648,97,36,71,310,2026-05-25,2026-06-11T10:00:00Z
478,102,13,41,41,47,72,315,2026-05-24,2026-06-10T10:00:00Z
479,103,14,54,54,58,73,320,2026-05-23,2026-06-09T10:00:00Z
480,104,15,67,67,69,74,325,2026-05-22,2026-06-08T10:00:00Z
481,105,16,80,80,80,35,90,2026-05-21,2026-06-17T10:00:00Z
482,106,17,93,93,91,36,95,2026-05-20,2026-06-16T10:00:00Z
483,107,18,106,106,102,37,100,2026-05-19,2026-06-15T10:00:00Z
484,108,19,119,119,113,38,105,2026-05-18,2026-06-14T10:00:00Z
485,109,20,132,132,124,39,110,2026-05-17,2026-06-13T10:00:00Z
486,110,21,145,145,135,40,115,2026-05-16,2026-06-12T10:00:00Z
487,111,22,158,158,146,41,120,2026-05-15,2026-06-11T10:00:00Z
488,112,23,171,171,157,42,125,2026-05-14,2026-06-10T10:00:00Z
489,113,24,184,181,168,43,130,2026-05-13,2026-06-09T10:00:00Z
490,114,25,197,8,179,44,135,2026-05-12,2026-06-08T10:00:00Z
491,115,26,210,15,190,45,140,2026-06-15,2026-06-17T10:00:00Z
492,116,27,223,22,201,46,145,2026-06-14,2026-06-16T10:00:00Z
493,117,28,236,29,212,47,150,2026-06-13,2026-06-15T10:00:00Z
494,118,29,249,36,223,48,155,2026-06-12,2026-06-14T10:00:00Z
495,119,30,262,43,234,49,160,2026-06-11,2026-06-13T10:00:00Z
496,120,31,275,50,245,50,165,2026-06-10,2026-06-12T10:00:00Z
497,121,1,288,57,256,51,170,2026-06-09,2026-06-11T10:00:00Z
498,122,2,301,64,7,52,175,2026-06-08,2026-06-10T10:00:00Z
499,123,3,314,71,18,53,180,2026-06-07,2026-06-09T10:00:00Z
500,124,4,327,78,29,54,185,2026-06-06,2026-06-08T10:00:00Z
501,125,5,340,85,40,55,190,2026-06-05,2026-06-17T10:00:00Z
502,126,6,353,92,51,56,195,2026-06-04,2026-06-16T10:00:00Z
503,127,7,366,99,62,57,200,2026-06-03,2026-06-15T10:00:00Z
504,128,8,379,106,73,58,205,2026-06-02,2026-06-14T10:00:00Z
505,129,9,392,113,84,59,210,2026-06-01,2026-06-13T10:00:00Z
506,130,10,405,120,95,60,215,2026-05-31,2026-06-12T10:00:00Z
507,131,11,418,127,106,61,220,2026-05-30,2026-06-11T10:00:00Z
508,132,12,431,134,117,62,225,2026-05-29,2026-06-10T10:00:00Z
509,133,13,444,141,128,63,230,2026-05-28,2026-06-09T10:00:00Z
510,134,14,457,148,139,64,235,2026-05-27,2026-06-08T10:00:00Z
511,135,15,470,155,150,65,240,2026-05-26,2026-06-17T10:00:00Z
512,136,16,483,162,161,66,245,2026-05-25,2026-06-16T10:00:00Z
513,137,17,496,169,172,67,250,2026-05-24,2026-06-15T10:00:00Z
514,138,18,509,176,183,68,255,2026-05-23,2026-06-14T10:00:00Z
515,139,19,522,183,194,69,260,2026-05-22,2026-06-13T10:00:00Z
516,140,20,535,10,205,70,265,2026-05-21,2026-06-12T10:00:00Z
517,141,21,548,17,216,71,270,2026-05-20,2026-06-11T10:00:00Z
518,142,22,561,24,227,72,275,2026-05-19,2026-06-10T10:00:00Z
519,143,23,574,31,238,73,280,2026-05-18,2026-06-09T10:00:00Z
520,144,24,587,38,249,74,285,2026-05-17,2026-06-08T10:00:00Z
521,145,25,600,45,0,35,290,2026-05-16,2026-06-17T10:00:00Z
522,146,26,613,52,11,36,295,2026-05-15,2026-06-16T10:00:00Z
523,147,27,626,59,22,37,300,2026-05-14,2026-06-15T10:00:00Z
524,148,28,639,66,33,38,305,2026-05-13,2026-06-14T10:00:00Z
525,149,29,652,73,44,39,310,2026-05-12,2026-06-13T10:00:00Z
526,150,30,45,45,55,40,315,2026-06-15,2026-06-12T10:00:00Z
527,151,31,58,58,66,41,320,2026-06-14,2026-06-11T10:00:00Z
528,152,1,71,71,77,42,325,2026-06-13,2026-06-10T10:00:00Z
529,153,2,84,84,88,43,90,2026-06-12,2026-06-09T10:00:00Z
530,154,3,97,97,99,44,95,2026-06-11,2026-06-08T10:00:00Z
531,155,4,110,110,110,45,100,2026-06-10,2026-06-17T10:00:00Z
532,156,5,123,122,121,46,105,2026-06-09,2026-06-16T10:00:00Z
533,157,6,136,129,132,47,110,2026-06-08,2026-06-15T10:00:00Z
534,158,7,149,136,143,48,115,2026-06-07,2026-06-14T10:00:00Z
535,159,8,162,143,154,49,120,2026-06-06,2026-06-13T10:00:00Z
536,160,9,175,150,165,50,125,2026-06-05,2026-06-12T10:00:00Z
537,161,10,188,157,176,51,130,2026-06-04,2026-06-11T10:00:00Z
538,162,11,201,164,187,52,135,2026-06-03,2026-06-10T10:00:00Z
539,163,12,214,171,198,53,140,2026-06-02,2026-06-09T10:00:00Z
540,164,13,227,178,209,54,145,2026-06-01,2026-06-08T10:00:00Z
541,165,14,240,5,220,55,150,2026-05-31,2026-06-17T10:00:00Z
542,166,15,253,12,231,56,155,2026-05-30,2026-06-16T10:00:00Z
543,167,16,266,19,242,57,160,2026-05-29,2026-06-15T10:00:00Z
544,168,17,279,26,253,58,165,2026-05-28,2026-06-14T10:00:00Z
545,169,18,292,33,4,59,170,2026-05-27,2026-06-13T10:00:00Z
546,170,19,305,40,15,60,175,2026-05-26,2026-06-12T10:00:00Z
547,171,20,318,47,26,61,180,2026-05-25,2026-06-11T10:00:00Z
548,172,21,331,54,37,62,185,2026-05-24,2026-06-10T10:00:00Z
549,173,22,344,61,48,63,190,2026-05-23,2026-06-09T10:00:00Z
550,174,23,357,68,59,64,195,2026-05-22,2026-06-08T10:00:00Z
551,175,24,370,75,70,65,200,2026-05-21,2026-06-17T10:00:00Z
552,176,25,383,82,81,66,205,2026-05-20,2026-06-16T10:00:00Z
553,177,26,396,89,92,67,210,2026-05-19,2026-06-15T10:00:00Z
554,178,27,409,96,103,68,215,2026-05-18,2026-06-14T10:00:00Z
555,179,28,422,103,114,69,220,2026-05-17,2026-06-13T10:00:00Z
556,180,29,435,110,125,70,225,2026-05-16,2026-06-12T10:00:00Z
557,181,30,448,117,136,71,230,2026-05-15,2026-06-11T10:00:00Z
558,182,31,461,124,147,72,235,2026-05-14,2026-06-10T10:00:00Z
559,183,1,474,131,158,73,240,2026-05-13,2026-06-09T10:00:00Z
560,184,2,487,138,169,74,245,2026-05-12,2026-06-08T10:00:00Z
561,185,3,500,145,180,35,250,2026-06-15,2026-06-17T10:00:00Z
562,186,4,513,152,191,36,255,2026-06-14,2026-06-16T10:00:00Z
563,187,5,526,159,202,37,260,2026-06-13,2026-06-15T10:00:00Z
564,188,6,539,166,213,38,265,2026-06-12,2026-06-14T10:00:00Z
565,1,7,552,173,224,39,270,2026-06-11,2026-06-13T10:00:00Z
566,2,8,565,180,235,40,275,2026-06-10,2026-06-12T10:00:00Z
567,3,9,578,7,246,41,280,2026-06-09,2026-06-11T10:00:00Z
568,4,10,591,14,257,42,285,2026-06-08,2026-06-10T10:00:00Z
569,5,11,604,21,8,43,290,2026-06-07,2026-06-09T10:00:00Z
570,6,12,617,28,19,44,295,2026-06-06,2026-06-08T10:00:00Z
571,7,13,630,35,30,45,300,2026-06-05,2026-06-17T10:00:00Z
572,8,14,643,42,41,46,305,2026-06-04,2026-06-16T10:00:00Z
573,9,15,656,49,52,47,310,2026-06-03,2026-06-15T10:00:00Z
574,10,16,49,49,63,48,315,2026-06-02,2026-06-14T10:00:00Z
575,11,17,62,62,74,49,320,2026-06-01,2026-06-13T10:00:00Z
576,12,18,75,70,85,50,325,2026-05-31,2026-06-12T10:00:00Z
577,13,19,88,77,96,51,90,2026-05-30,2026-06-11T10:00:00Z
578,14,20,101,84,107,52,95,2026-05-29,2026-06-10T10:00:00Z
579,15,21,114,91,118,53,100,2026-05-28,2026-06-09T10:00:00Z
580,16,22,127,98,129,54,105,2026-05-27,2026-06-08T10:00:00Z
581,17,23,140,105,140,55,110,2026-05-26,2026-06-17T10:00:00Z
582,18,24,153,112,151,56,115,2026-05-25,2026-06-16T10:00:00Z
583,19,25,166,119,162,57,120,2026-05-24,2026-06-15T10:00:00Z
584,20,26,179,126,173,58,125,2026-05-23,2026-06-14T10:00:00Z
585,21,27,192,133,184,59,130,2026-05-22,2026-06-13T10:00:00Z
586,22,28,205,140,195,60,135,2026-05-21,2026-06-12T10:00:00Z
587,23,29,218,147,206,61,140,2026-05-20,2026-06-11T10:00:00Z
588,24,30,231,154,217,62,145,2026-05-19,2026-06-10T10:00:00Z
589,25,31,244,161,228,63,150,2026-05-18,2026-06-09T10:00:00Z
590,26,1,257,168,239,64,155,2026-05-17,2026-06-08T10:00:00Z
591,27,2,270,175,250,65,160,2026-05-16,2026-06-17T10:00:00Z
592,28,3,283,182,1,66,165,2026-05-15,2026-06-16T10:00:00Z
593,29,4,296,9,12,67,170,2026-05-14,2026-06-15T10:00:00Z
594,30,5,309,16,23,68,175,2026-05-13,2026-06-14T10:00:00Z
595,31,6,322,23,34,69,180,2026-05-12,2026-06-13T10:00:00Z
596,32,7,335,30,45,70,185,2026-06-15,2026-06-12T10:00:00Z
597,33,8,348,37,56,71,190,2026-06-14,2026-06-11T10:00:00Z
598,34,9,361,44,67,72,195,2026-06-13,2026-06-10T10:00:00Z
599,35,10,374,51,78,73,200,2026-06-12,2026-06-09T10:00:00Z
600,36,11,387,58,89,74,205,2026-06-11,2026-06-08T10:00:00Z
601,37,12,400,65,100,35,210,2026-06-10,2026-06-17T10:00:00Z
602,38,13,413,72,111,36,215,2026-06-09,2026-06-16T10:00:00Z
603,39,14,426,79,122,37,220,2026-06-08,2026-06-15T10:00:00Z
604,40,15,439,86,133,38,225,2026-06-07,2026-06-14T10:00:00Z
605,41,16,452,93,144,39,230,2026-06-06,2026-06-13T10:00:00Z
606,42,17,465,100,155,40,235,2026-06-05,2026-06-12T10:00:00Z
607,43,18,478,107,166,41,240,2026-06-04,2026-06-11T10:00:00Z
608,44,19,491,114,177,42,245,2026-06-03,2026-06-10T10:00:00Z
609,45,20,504,121,188,43,250,2026-06-02,2026-06-09T10:00:00Z
610,46,21,517,128,199,44,255,2026-06-01,2026-06-08T10:00:00Z
611,47,22,530,135,210,45,260,2026-05-31,2026-06-17T10:00:00Z
612,48,23,543,142,221,46,265,2026-05-30,2026-06-16T10:00:00Z
613,49,24,556,149,232,47,270,2026-05-29,2026-06-15T10:00:00Z
614,50,25,569,156,243,48,275,2026-05-28,2026-06-14T10:00:00Z
615,51,26,582,163,254,49,280,2026-05-27,2026-06-13T10:00:00Z
616,52,27,595,170,5,50,285,2026-05-26,2026-06-12T10:00:00Z
617,53,28,608,177,16,51,290,2026-05-25,2026-06-11T10:00:00Z
618,54,29,621,184,27,52,295,2026-05-24,2026-06-10T10:00:00Z
619,55,30,634,11,38,53,300,2026-05-23,2026-06-09T10:00:00Z
620,56,31,647,18,49,54,305,2026-05-22,2026-06-08T10:00:00Z
621,57,1,40,25,60,55,310,2026-05-21,2026-06-17T10:00:00Z
622,58,2,53,32,71,56,315,2026-05-20,2026-06-16T10:00:00Z
623,59,3,66,39,82,57,320,2026-05-19,2026-06-15T10:00:00Z
624,60,4,79,46,93,58,325,2026-05-18,2026-06-14T10:00:00Z
625,61,5,92,53,104,59,90,2026-05-17,2026-06-13T10:00:00Z
626,62,6,105,60,115,60,95,2026-05-16,2026-06-12T10:00:00Z
627,63,7,118,67,126,61,100,2026-05-15,2026-06-11T10:00:00Z
628,64,8,131,74,137,62,105,2026-05-14,2026-06-10T10:00:00Z
629,65,9,144,81,148,63,110,2026-05-13,2026-06-09T10:00:00Z
630,66,10,157,88,159,64,115,2026-05-12,2026-06-08T10:00:00Z
631,67,11,170,95,170,65,120,2026-06-15,2026-06-17T10:00:00Z
632,68,12,183,102,181,66,125,2026-06-14,2026-06-16T10:00:00Z
633,69,13,196,109,192,67,130,2026-06-13,2026-06-15T10:00:00Z
634,70,14,209,116,203,68,135,2026-06-12,2026-06-14T10:00:00Z
635,71,15,222,123,214,69,140,2026-06-11,2026-06-13T10:00:00Z
636,72,16,235,130,225,70,145,2026-06-10,2026-06-12T10:00:00Z
637,73,17,248,137,236,71,150,2026-06-09,2026-06-11T10:00:00Z
638,74,18,261,144,247,72,155,2026-06-08,2026-06-10T10:00:00Z
639,75,19,274,151,258,73,160,2026-06-07,2026-06-09T10:00:00Z
640,76,20,287,158,9,74,165,2026-06-06,2026-06-08T10:00:00Z
641,77,21,300,165,20,35,170,2026-06-05,2026-06-17T10:00:00Z
642,78,22,313,172,31,36,175,2026-06-04,2026-06-16T10:00:00Z
643,79,23,326,179,42,37,180,2026-06-03,2026-06-15T10:00:00Z
644,80,24,339,6,53,38,185,2026-06-02,2026-06-14T10:00:00Z
645,81,25,352,13,64,39,190,2026-06-01,2026-06-13T10:00:00Z
646,82,26,365,20,75,40,195,2026-05-31,2026-06-12T10:00:00Z
647,83,27,378,27,86,41,200,2026-05-30,2026-06-11T10:00:00Z
648,84,28,391,34,97,42,205,2026-05-29,2026-06-10T10:00:00Z
649,85,29,404,41,108,43,210,2026-05-28,2026-06-09T10:00:00Z
650,86,30,417,48,119,44,215,2026-05-27,2026-06-08T10:00:00Z
651,87,31,430,55,130,45,220,2026-05-26,2026-06-17T10:00:00Z
652,88,1,443,62,141,46,225,2026-05-25,2026-06-16T10:00:00Z
653,89,2,456,69,152,47,230,2026-05-24,2026-06-15T10:00:00Z
654,90,3,469,76,163,48,235,2026-05-23,2026-06-14T10:00:00Z
655,91,4,482,83,174,49,240,2026-05-22,2026-06-13T10:00:00Z
656,92,5,495,90,185,50,245,2026-05-21,2026-06-12T10:00:00Z
657,93,6,508,97,196,51,250,2026-05-20,2026-06-11T10:00:00Z
658,94,7,521,104,207,52,255,2026-05-19,2026-06-10T10:00:00Z
659,95,8,534,111,218,53,260,2026-05-18,2026-06-09T10:00:00Z
660,96,9,547,118,229,54,265,2026-05-17,2026-06-08T10:00:00Z
661,97,10,560,125,240,55,270,2026-05-16,2026-06-17T10:00:00Z
662,98,11,573,132,251,56,275,2026-05-15,2026-06-16T10:00:00Z
663,99,12,586,139,2,57,280,2026-05-14,2026-06-15T10:00:00Z
664,100,13,599,146,13,58,285,2026-05-13,2026-06-14T10:00:00Z
665,101,14,612,153,24,59,290,2026-05-12,2026-06-13T10:00:00Z
666,102,15,625,160,35,60,295,2026-06-15,2026-06-12T10:00:00Z
667,103,16,638,167,46,61,300,2026-06-14,2026-06-11T10:00:00Z
668,104,17,651,174,57,62,305,2026-06-13,2026-06-10T10:00:00Z
669,105,18,44,44,68,63,310,2026-06-12,2026-06-09T10:00:00Z
670,106,19,57,8,79,64,315,2026-06-11,2026-06-08T10:00:00Z
671,107,20,70,15,90,65,320,2026-06-10,2026-06-17T10:00:00Z
672,108,21,83,22,101,66,325,2026-06-09,2026-06-16T10:00:00Z
673,109,22,96,29,112,67,90,2026-06-08,2026-06-15T10:00:00Z
674,110,23,109,36,123,68,95,2026-06-07,2026-06-14T10:00:00Z
675,111,24,122,43,134,69,100,2026-06-06,2026-06-13T10:00:00Z
676,112,25,135,50,145,70,105,2026-06-05,2026-06-12T10:00:00Z
677,113,26,148,57,156,71,110,2026-06-04,2026-06-11T10:00:00Z
678,114,27,161,64,167,72,115,2026-06-03,2026-06-10T10:00:00Z
679,115,28,174,71,178,73,120,2026-06-02,2026-06-09T10:00:00Z
680,116,29,187,78,189,74,125,2026-06-01,2026-06-08T10:00:00Z
681,117,30,200,85,200,35,130,2026-05-31,2026-06-17T10:00:00Z
682,118,31,213,92,211,36,135,2026-05-30,2026-06-16T10:00:00Z
683,119,1,226,99,222,37,140,2026-05-29,2026-06-15T10:00:00Z
684,120,2,239,106,233,38,145,2026-05-28,2026-06-14T10:00:00Z
685,121,3,252,113,244,39,150,2026-05-27,2026-06-13T10:00:00Z
686,122,4,265,120,255,40,155,2026-05-26,2026-06-12T10:00:00Z
687,123,5,278,127,6,41,160,2026-05-25,2026-06-11T10:00:00Z
688,124,6,291,134,17,42,165,2026-05-24,2026-06-10T10:00:00Z
689,125,7,304,141,28,43,170,2026-05-23,2026-06-09T10:00:00Z
690,126,8,317,148,39,44,175,2026-05-22,2026-06-08T10:00:00Z
691,127,9,330,155,50,45,180,2026-05-21,2026-06-17T10:00:00Z
692,128,10,343,162,61,46,185,2026-05-20,2026-06-16T10:00:00Z
693,129,11,356,169,72,47,190,2026-05-19,2026-06-15T10:00:00Z
694,130,12,369,176,83,48,195,2026-05-18,2026-06-14T10:00:00Z
695,131,13,382,183,94,49,200,2026-05-17,2026-06-13T10:00:00Z
696,132,14,395,10,105,50,205,2026-05-16,2026-06-12T10:00:00Z
697,133,15,408,17,116,51,210,2026-05-15,2026-06-11T10:00:00Z
698,134,16,421,24,127,52,215,2026-05-14,2026-06-10T10:00:00Z
699,135,17,434,31,138,53,220,2026-05-13,2026-06-09T10:00:00Z
700,136,18,447,38,149,54,225,2026-05-12,2026-06-08T10:00:00Z
701,137,19,460,45,160,55,230,2026-06-15,2026-06-17T10:00:00Z
702,138,20,473,52,171,56,235,2026-06-14,2026-06-16T10:00:00Z
703,139,21,486,59,182,57,240,2026-06-13,2026-06-15T10:00:00Z
704,140,22,499,66,193,58,245,2026-06-12,2026-06-14T10:00:00Z
705,141,23,512,73,204,59,250,2026-06-11,2026-06-13T10:00:00Z
706,142,24,525,80,215,60,255,2026-06-10,2026-06-12T10:00:00Z
707,143,25,538,87,226,61,260,2026-06-09,2026-06-11T10:00:00Z
708,144,26,551,94,237,62,265,2026-06-08,2026-06-10T10:00:00Z
709,145,27,564,101,248,63,270,2026-06-07,2026-06-09T10:00:00Z
710,146,28,577,108,259,64,275,2026-06-06,2026-06-08T10:00:00Z
711,147,29,590,115,10,65,280,2026-06-05,2026-06-17T10:00:00Z
712,148,30,603,122,21,66,285,2026-06-04,2026-06-16T10:00:00Z
713,149,31,616,129,32,67,290,2026-06-03,2026-06-15T10:00:00Z
714,150,1,629,136,43,68,295,2026-06-02,2026-06-14T10:00:00Z
715,151,2,642,143,54,69,300,2026-06-01,2026-06-13T10:00:00Z
716,152,3,655,150,65,70,305,2026-05-31,2026-06-12T10:00:00Z
717,153,4,48,48,76,71,310,2026-05-30,2026-06-11T10:00:00Z
718,154,5,61,61,87,72,315,2026-05-29,2026-06-10T10:00:00Z
719,155,6,74,74,98,73,320,2026-05-28,2026-06-09T10:00:00Z
720,156,7,87,87,109,74,325,2026-05-27,2026-06-08T10:00:00Z
721,157,8,100,5,120,35,90,2026-05-26,2026-06-17T10:00:00Z
722,158,9,113,12,131,36,95,2026-05-25,2026-06-16T10:00:00Z
723,159,10,126,19,142,37,100,2026-05-24,2026-06-15T10:00:00Z
724,160,11,139,26,153,38,105,2026-05-23,2026-06-14T10:00:00Z
725,161,12,152,33,164,39,110,2026-05-22,2026-06-13T10:00:00Z
726,162,13,165,40,175,40,115,2026-05-21,2026-06-12T10:00:00Z
727,163,14,178,47,186,41,120,2026-05-20,2026-06-11T10:00:00Z
728,164,15,191,54,197,42,125,2026-05-19,2026-06-10T10:00:00Z
729,165,16,204,61,208,43,130,2026-05-18,2026-06-09T10:00:00Z
730,166,17,217,68,219,44,135,2026-05-17,2026-06-08T10:00:00Z
731,167,18,230,75,230,45,140,2026-05-16,2026-06-17T10:00:00Z
732,168,19,243,82,241,46,145,2026-05-15,2026-06-16T10:00:00Z
733,169,20,256,89,252,47,150,2026-05-14,2026-06-15T10:00:00Z
734,170,21,269,96,3,48,155,2026-05-13,2026-06-14T10:00:00Z
735,171,22,282,103,14,49,160,2026-05-12,2026-06-13T10:00:00Z
736,172,23,295,110,25,50,165,2026-06-15,2026-06-12T10:00:00Z
737,173,24,308,117,36,51,170,2026-06-14,2026-06-11T10:00:00Z
738,174,25,321,124,47,52,175,2026-06-13,2026-06-10T10:00:00Z
739,175,26,334,131,58,53,180,2026-06-12,2026-06-09T10:00:00Z
740,176,27,347,138,69,54,185,2026-06-11,2026-06-08T10:00:00Z
741,177,28,360,145,80,55,190,2026-06-10,2026-06-17T10:00:00Z
742,178,29,373,152,91,56,195,2026-06-09,2026-06-16T10:00:00Z
743,179,30,386,159,102,57,200,2026-06-08,2026-06-15T10:00:00Z
744,180,31,399,166,113,58,205,2026-06-07,2026-06-14T10:00:00Z
745,181,1,412,173,124,59,210,2026-06-06,2026-06-13T10:00:00Z
746,182,2,425,180,135,60,215,2026-06-05,2026-06-12T10:00:00Z
747,183,3,438,7,146,61,220,2026-06-04,2026-06-11T10:00:00Z
748,184,4,451,14,157,62,225,2026-06-03,2026-06-10T10:00:00Z
749,185,5,464,21,168,63,230,2026-06-02,2026-06-09T10:00:00Z
750,186,6,477,28,179,64,235,2026-06-01,2026-06-08T10:00:00Z
751,187,7,490,35,190,65,240,2026-05-31,2026-06-17T10:00:00Z
752,188,8,503,42,201,66,245,2026-05-30,2026-06-16T10:00:00Z
753,1,9,516,49,212,67,250,2026-05-29,2026-06-15T10:00:00Z
754,2,10,529,56,223,68,255,2026-05-28,2026-06-14T10:00:00Z
755,3,11,542,63,234,69,260,2026-05-27,2026-06-13T10:00:00Z
756,4,12,555,70,245,70,265,2026-05-26,2026-06-12T10:00:00Z
757,5,13,568,77,256,71,270,2026-05-25,2026-06-11T10:00:00Z
758,6,14,581,84,7,72,275,2026-05-24,2026-06-10T10:00:00Z
759,7,15,594,91,18,73,280,2026-05-23,2026-06-09T10:00:00Z
760,8,16,607,98,29,74,285,2026-05-22,2026-06-08T10:00:00Z
761,9,17,620,105,40,35,290,2026-05-21,2026-06-17T10:00:00Z
762,10,18,633,112,51,36,295,2026-05-20,2026-06-16T10:00:00Z
763,11,19,646,119,62,37,300,2026-05-19,2026-06-15T10:00:00Z
764,12,20,659,126,73,38,305,2026-05-18,2026-06-14T10:00:00Z
765,13,21,52,52,84,39,310,2026-05-17,2026-06-13T10:00:00Z
766,14,22,65,65,95,40,315,2026-05-16,2026-06-12T10:00:00Z
767,15,23,78,78,106,41,320,2026-05-15,2026-06-11T10:00:00Z
768,16,24,91,91,117,42,325,2026-05-14,2026-06-10T10:00:00Z
769,17,25,104,104,128,43,90,2026-05-13,2026-06-09T10:00:00Z
770,18,26,117,117,139,44,95,2026-05-12,2026-06-08T10:00:00Z
771,19,27,130,130,150,45,100,2026-06-15,2026-06-17T10:00:00Z
772,20,28,143,143,161,46,105,2026-06-14,2026-06-16T10:00:00Z
773,21,29,156,9,172,47,110,2026-06-13,2026-06-15T10:00:00Z
774,22,30,169,16,183,48,115,2026-06-12,2026-06-14T10:00:00Z
775,23,31,182,23,194,49,120,2026-06-11,2026-06-13T10:00:00Z
776,24,1,195,30,205,50,125,2026-06-10,2026-06-12T10:00:00Z
777,25,2,208,37,216,51,130,2026-06-09,2026-06-11T10:00:00Z
778,26,3,221,44,227,52,135,2026-06-08,2026-06-10T10:00:00Z
779,27,4,234,51,238,53,140,2026-06-07,2026-06-09T10:00:00Z
780,28,5,247,58,249,54,145,2026-06-06,2026-06-08T10:00:00Z
781,29,6,260,65,0,55,150,2026-06-05,2026-06-17T10:00:00Z
782,30,7,273,72,11,56,155,2026-06-04,2026-06-16T10:00:00Z
783,31,8,286,79,22,57,160,2026-06-03,2026-06-15T10:00:00Z
784,32,9,299,86,33,58,165,2026-06-02,2026-06-14T10:00:00Z
785,33,10,312,93,44,59,170,2026-06-01,2026-06-13T10:00:00Z
786,34,11,325,100,55,60,175,2026-05-31,2026-06-12T10:00:00Z
787,35,12,338,107,66,61,180,2026-05-30,2026-06-11T10:00:00Z
788,36,13,351,114,77,62,185,2026-05-29,2026-06-10T10:00:00Z
789,37,14,364,121,88,63,190,2026-05-28,2026-06-09T10:00:00Z
790,38,15,377,128,99,64,195,2026-05-27,2026-06-08T10:00:00Z
791,39,16,390,135,110,65,200,2026-05-26,2026-06-17T10:00:00Z
792,40,17,403,142,121,66,205,2026-05-25,2026-06-16T10:00:00Z
793,41,18,416,149,132,67,210,2026-05-24,2026-06-15T10:00:00Z
794,42,19,429,156,143,68,215,2026-05-23,2026-06-14T10:00:00Z
795,43,20,442,163,154,69,220,2026-05-22,2026-06-13T10:00:00Z
796,44,21,455,170,165,70,225,2026-05-21,2026-06-12T10:00:00Z
797,45,22,468,177,176,71,230,2026-05-20,2026-06-11T10:00:00Z
798,46,23,481,184,187,72,235,2026-05-19,2026-06-10T10:00:00Z
799,47,24,494,11,198,73,240,2026-05-18,2026-06-09T10:00:00Z
800,48,25,507,18,209,74,245,2026-05-17,2026-06-08T10:00:00Z
801,49,26,520,25,220,35,250,2026-05-16,2026-06-17T10:00:00Z
802,50,27,533,32,231,36,255,2026-05-15,2026-06-16T10:00:00Z
803,51,28,546,39,242,37,260,2026-05-14,2026-06-15T10:00:00Z
804,52,29,559,46,253,38,265,2026-05-13,2026-06-14T10:00:00Z
805,53,30,572,53,4,39,270,2026-05-12,2026-06-13T10:00:00Z
806,54,31,585,60,15,40,275,2026-06-15,2026-06-12T10:00:00Z
807,55,1,598,67,26,41,280,2026-06-14,2026-06-11T10:00:00Z
808,56,2,611,74,37,42,285,2026-06-13,2026-06-10T10:00:00Z
809,57,3,624,81,48,43,290,2026-06-12,2026-06-09T10:00:00Z
810,58,4,637,88,59,44,295,2026-06-11,2026-06-08T10:00:00Z
811,59,5,650,95,70,45,300,2026-06-10,2026-06-17T10:00:00Z
812,60,6,43,43,81,46,305,2026-06-09,2026-06-16T10:00:00Z
813,61,7,56,56,92,47,310,2026-06-08,2026-06-15T10:00:00Z
814,62,8,69,69,103,48,315,2026-06-07,2026-06-14T10:00:00Z
815,63,9,82,82,114,49,320,2026-06-06,2026-06-13T10:00:00Z
816,64,10,95,95,125,50,325,2026-06-05,2026-06-12T10:00:00Z
817,65,11,108,108,136,51,90,2026-06-04,2026-06-11T10:00:00Z
818,66,12,121,121,147,52,95,2026-06-03,2026-06-10T10:00:00Z
819,67,13,134,134,158,53,100,2026-06-02,2026-06-09T10:00:00Z
820,68,14,147,147,169,54,105,2026-06-01,2026-06-08T10:00:00Z
821,69,15,160,160,180,55,110,2026-05-31,2026-06-17T10:00:00Z
822,70,16,173,172,191,56,115,2026-05-30,2026-06-16T10:00:00Z
823,71,17,186,179,202,57,120,2026-05-29,2026-06-15T10:00:00Z
824,72,18,199,6,213,58,125,2026-05-28,2026-06-14T10:00:00Z
825,73,19,212,13,224,59,130,2026-05-27,2026-06-13T10:00:00Z
826,74,20,225,20,235,60,135,2026-05-26,2026-06-12T10:00:00Z
827,75,21,238,27,246,61,140,2026-05-25,2026-06-11T10:00:00Z
828,76,22,251,34,257,62,145,2026-05-24,2026-06-10T10:00:00Z
829,77,23,264,41,8,63,150,2026-05-23,2026-06-09T10:00:00Z
830,78,24,277,48,19,64,155,2026-05-22,2026-06-08T10:00:00Z
831,79,25,290,55,30,65,160,2026-05-21,2026-06-17T10:00:00Z
832,80,26,303,62,41,66,165,2026-05-20,2026-06-16T10:00:00Z
833,81,27,316,69,52,67,170,2026-05-19,2026-06-15T10:00:00Z
834,82,28,329,76,63,68,175,2026-05-18,2026-06-14T10:00:00Z
835,83,29,342,83,74,69,180,2026-05-17,2026-06-13T10:00:00Z
836,84,30,355,90,85,70,185,2026-05-16,2026-06-12T10:00:00Z
837,85,31,368,97,96,71,190,2026-05-15,2026-06-11T10:00:00Z
838,86,1,381,104,107,72,195,2026-05-14,2026-06-10T10:00:00Z
839,87,2,394,111,118,73,200,2026-05-13,2026-06-09T10:00:00Z
840,88,3,407,118,129,74,205,2026-05-12,2026-06-08T10:00:00Z
841,89,4,420,125,140,35,210,2026-06-15,2026-06-17T10:00:00Z
842,90,5,433,132,151,36,215,2026-06-14,2026-06-16T10:00:00Z
843,91,6,446,139,162,37,220,2026-06-13,2026-06-15T10:00:00Z
844,92,7,459,146,173,38,225,2026-06-12,2026-06-14T10:00:00Z
845,93,8,472,153,184,39,230,2026-06-11,2026-06-13T10:00:00Z
846,94,9,485,160,195,40,235,2026-06-10,2026-06-12T10:00:00Z
847,95,10,498,167,206,41,240,2026-06-09,2026-06-11T10:00:00Z
848,96,11,511,174,217,42,245,2026-06-08,2026-06-10T10:00:00Z
849,97,12,524,181,228,43,250,2026-06-07,2026-06-09T10:00:00Z
850,98,13,537,8,239,44,255,2026-06-06,2026-06-08T10:00:00Z
851,99,14,550,15,250,45,260,2026-06-05,2026-06-17T10:00:00Z
852,100,15,563,22,1,46,265,2026-06-04,2026-06-16T10:00:00Z
853,101,16,576,29,12,47,270,2026-06-03,2026-06-15T10:00:00Z
854,102,17,589,36,23,48,275,2026-06-02,2026-06-14T10:00:00Z
855,103,18,602,43,34,49,280,2026-06-01,2026-06-13T10:00:00Z
856,104,19,615,50,45,50,285,2026-05-31,2026-06-12T10:00:00Z
857,105,20,628,57,56,51,290,2026-05-30,2026-06-11T10:00:00Z
858,106,21,641,64,67,52,295,2026-05-29,2026-06-10T10:00:00Z
859,107,22,654,71,78,53,300,2026-05-28,2026-06-09T10:00:00Z
860,108,23,47,47,89,54,305,2026-05-27,2026-06-08T10:00:00Z
861,109,24,60,60,100,55,310,2026-05-26,2026-06-17T10:00:00Z
862,110,25,73,73,111,56,315,2026-05-25,2026-06-16T10:00:00Z
863,111,26,86,86,122,57,320,2026-05-24,2026-06-15T10:00:00Z
864,112,27,99,99,133,58,325,2026-05-23,2026-06-14T10:00:00Z
865,113,28,112,112,144,59,90,2026-05-22,2026-06-13T10:00:00Z
866,114,29,125,120,155,60,95,2026-05-21,2026-06-12T10:00:00Z
867,115,30,138,127,166,61,100,2026-05-20,2026-06-11T10:00:00Z
868,116,31,151,134,177,62,105,2026-05-19,2026-06-10T10:00:00Z
869,117,1,164,141,188,63,110,2026-05-18,2026-06-09T10:00:00Z
870,118,2,177,148,199,64,115,2026-05-17,2026-06-08T10:00:00Z
871,119,3,190,155,210,65,120,2026-05-16,2026-06-17T10:00:00Z
872,120,4,203,162,221,66,125,2026-05-15,2026-06-16T10:00:00Z
873,121,5,216,169,232,67,130,2026-05-14,2026-06-15T10:00:00Z
874,122,6,229,176,243,68,135,2026-05-13,2026-06-14T10:00:00Z
875,123,7,242,183,254,69,140,2026-05-12,2026-06-13T10:00:00Z
876,124,8,255,10,5,70,145,2026-06-15,2026-06-12T10:00:00Z
877,125,9,268,17,16,71,150,2026-06-14,2026-06-11T10:00:00Z
878,126,10,281,24,27,72,155,2026-06-13,2026-06-10T10:00:00Z
879,127,11,294,31,38,73,160,2026-06-12,2026-06-09T10:00:00Z
880,128,12,307,38,49,74,165,2026-06-11,2026-06-08T10:00:00Z
881,129,13,320,45,60,35,170,2026-06-10,2026-06-17T10:00:00Z
882,130,14,333,52,71,36,175,2026-06-09,2026-06-16T10:00:00Z
883,131,15,346,59,82,37,180,2026-06-08,2026-06-15T10:00:00Z
884,132,16,359,66,93,38,185,2026-06-07,2026-06-14T10:00:00Z
885,133,17,372,73,104,39,190,2026-06-06,2026-06-13T10:00:00Z
886,134,18,385,80,115,40,195,2026-06-05,2026-06-12T10:00:00Z
887,135,19,398,87,126,41,200,2026-06-04,2026-06-11T10:00:00Z
888,136,20,411,94,137,42,205,2026-06-03,2026-06-10T10:00:00Z
889,137,21,424,101,148,43,210,2026-06-02,2026-06-09T10:00:00Z
890,138,22,437,108,159,44,215,2026-06-01,2026-06-08T10:00:00Z
891,139,23,450,115,170,45,220,2026-05-31,2026-06-17T10:00:00Z
892,140,24,463,122,181,46,225,2026-05-30,2026-06-16T10:00:00Z
893,141,25,476,129,192,47,230,2026-05-29,2026-06-15T10:00:00Z
894,142,26,489,136,203,48,235,2026-05-28,2026-06-14T10:00:00Z
895,143,27,502,143,214,49,240,2026-05-27,2026-06-13T10:00:00Z
896,144,28,515,150,225,50,245,2026-05-26,2026-06-12T10:00:00Z
897,145,29,528,157,236,51,250,2026-05-25,2026-06-11T10:00:00Z
898,146,30,541,164,247,52,255,2026-05-24,2026-06-10T10:00:00Z
899,147,31,554,171,258,53,260,2026-05-23,2026-06-09T10:00:00Z
900,148,1,567,178,9,54,265,2026-05-22,2026-06-08T10:00:00Z
901,149,2,580,5,20,55,270,2026-05-21,2026-06-17T10:00:00Z
902,150,3,593,12,31,56,275,2026-05-20,2026-06-16T10:00:00Z
903,151,4,606,19,42,57,280,2026-05-19,2026-06-15T10:00:00Z
904,152,5,619,26,53,58,285,2026-05-18,2026-06-14T10:00:00Z
905,153,6,632,33,64,59,290,2026-05-17,2026-06-13T10:00:00Z
906,154,7,645,40,75,60,295,2026-05-16,2026-06-12T10:00:00Z
907,155,8,658,47,86,61,300,2026-05-15,2026-06-11T10:00:00Z
908,156,9,51,51,97,62,305,2026-05-14,2026-06-10T10:00:00Z
909,157,10,64,61,108,63,310,2026-05-13,2026-06-09T10:00:00Z
910,158,11,77,68,119,64,315,2026-05-12,2026-06-08T10:00:00Z
911,159,12,90,75,130,65,320,2026-06-15,2026-06-17T10:00:00Z
912,160,13,103,82,141,66,325,2026-06-14,2026-06-16T10:00:00Z
913,161,14,116,89,152,67,90,2026-06-13,2026-06-15T10:00:00Z
914,162,15,129,96,163,68,95,2026-06-12,2026-06-14T10:00:00Z
915,163,16,142,103,174,69,100,2026-06-11,2026-06-13T10:00:00Z
916,164,17,155,110,185,70,105,2026-06-10,2026-06-12T10:00:00Z
917,165,18,168,117,196,71,110,2026-06-09,2026-06-11T10:00:00Z
918,166,19,181,124,207,72,115,2026-06-08,2026-06-10T10:00:00Z
919,167,20,194,131,218,73,120,2026-06-07,2026-06-09T10:00:00Z
920,168,21,207,138,229,74,125,2026-06-06,2026-06-08T10:00:00Z
921,169,22,220,145,240,35,130,2026-06-05,2026-06-17T10:00:00Z
922,170,23,233,152,251,36,135,2026-06-04,2026-06-16T10:00:00Z
923,171,24,246,159,2,37,140,2026-06-03,2026-06-15T10:00:00Z
924,172,25,259,166,13,38,145,2026-06-02,2026-06-14T10:00:00Z
925,173,26,272,173,24,39,150,2026-06-01,2026-06-13T10:00:00Z
926,174,27,285,180,35,40,155,2026-05-31,2026-06-12T10:00:00Z
927,175,28,298,7,46,41,160,2026-05-30,2026-06-11T10:00:00Z
928,176,29,311,14,57,42,165,2026-05-29,2026-06-10T10:00:00Z
929,177,30,324,21,68,43,170,2026-05-28,2026-06-09T10:00:00Z
930,178,31,337,28,79,44,175,2026-05-27,2026-06-08T10:00:00Z
931,179,1,350,35,90,45,180,2026-05-26,2026-06-17T10:00:00Z
932,180,2,363,42,101,46,185,2026-05-25,2026-06-16T10:00:00Z
933,181,3,376,49,112,47,190,2026-05-24,2026-06-15T10:00:00Z
934,182,4,389,56,123,48,195,2026-05-23,2026-06-14T10:00:00Z
935,183,5,402,63,134,49,200,2026-05-22,2026-06-13T10:00:00Z
936,184,6,415,70,145,50,205,2026-05-21,2026-06-12T10:00:00Z
937,185,7,428,77,156,51,210,2026-05-20,2026-06-11T10:00:00Z
938,186,8,441,84,167,52,215,2026-05-19,2026-06-10T10:00:00Z
939,187,9,454,91,178,53,220,2026-05-18,2026-06-09T10:00:00Z
940,188,10,467,98,189,54,225,2026-05-17,2026-06-08T10:00:00Z
941,1,11,480,105,200,55,230,2026-05-16,2026-06-17T10:00:00Z
942,2,12,493,112,211,56,235,2026-05-15,2026-06-16T10:00:00Z
943,3,13,506,119,222,57,240,2026-05-14,2026-06-15T10:00:00Z
944,4,14,519,126,233,58,245,2026-05-13,2026-06-14T10:00:00Z
945,5,15,532,133,244,59,250,2026-05-12,2026-06-13T10:00:00Z
946,6,16,545,140,255,60,255,2026-06-15,2026-06-12T10:00:00Z
947,7,17,558,147,6,61,260,2026-06-14,2026-06-11T10:00:00Z
948,8,18,571,154,17,62,265,2026-06-13,2026-06-10T10:00:00Z
949,9,19,584,161,28,63,270,2026-06-12,2026-06-09T10:00:00Z
950,10,20,597,168,39,64,275,2026-06-11,2026-06-08T10:00:00Z
951,11,21,610,175,50,65,280,2026-06-10,2026-06-17T10:00:00Z
952,12,22,623,182,61,66,285,2026-06-09,2026-06-16T10:00:00Z
953,13,23,636,9,72,67,290,2026-06-08,2026-06-15T10:00:00Z
954,14,24,649,16,83,68,295,2026-06-07,2026-06-14T10:00:00Z
955,15,25,42,23,94,69,300,2026-06-06,2026-06-13T10:00:00Z
956,16,26,55,30,105,70,305,2026-06-05,2026-06-12T10:00:00Z
957,17,27,68,37,116,71,310,2026-06-04,2026-06-11T10:00:00Z
958,18,28,81,44,127,72,315,2026-06-03,2026-06-10T10:00:00Z
959,19,29,94,51,138,73,320,2026-06-02,2026-06-09T10:00:00Z
960,20,30,107,58,149,74,325,2026-06-01,2026-06-08T10:00:00Z
961,21,31,120,65,160,35,90,2026-05-31,2026-06-17T10:00:00Z
962,22,1,133,72,171,36,95,2026-05-30,2026-06-16T10:00:00Z
963,23,2,146,79,182,37,100,2026-05-29,2026-06-15T10:00:00Z
964,24,3,159,86,193,38,105,2026-05-28,2026-06-14T10:00:00Z
965,25,4,172,93,204,39,110,2026-05-27,2026-06-13T10:00:00Z
966,26,5,185,100,215,40,115,2026-05-26,2026-06-12T10:00:00Z
967,27,6,198,107,226,41,120,2026-05-25,2026-06-11T10:00:00Z
968,28,7,211,114,237,42,125,2026-05-24,2026-06-10T10:00:00Z
969,29,8,224,121,248,43,130,2026-05-23,2026-06-09T10:00:00Z
970,30,9,237,128,259,44,135,2026-05-22,2026-06-08T10:00:00Z
971,31,10,250,135,10,45,140,2026-05-21,2026-06-17T10:00:00Z
972,32,11,263,142,21,46,145,2026-05-20,2026-06-16T10:00:00Z
973,33,12,276,149,32,47,150,2026-05-19,2026-06-15T10:00:00Z
974,34,13,289,156,43,48,155,2026-05-18,2026-06-14T10:00:00Z
975,35,14,302,163,54,49,160,2026-05-17,2026-06-13T10:00:00Z
976,36,15,315,170,65,50,165,2026-05-16,2026-06-12T10:00:00Z
977,37,16,328,177,76,51,170,2026-05-15,2026-06-11T10:00:00Z
978,38,17,341,184,87,52,175,2026-05-14,2026-06-10T10:00:00Z
979,39,18,354,11,98,53,180,2026-05-13,2026-06-09T10:00:00Z
980,40,19,367,18,109,54,185,2026-05-12,2026-06-08T10:00:00Z
981,41,20,380,25,120,55,190,2026-06-15,2026-06-17T10:00:00Z
982,42,21,393,32,131,56,195,2026-06-14,2026-06-16T10:00:00Z
983,43,22,406,39,142,57,200,2026-06-13,2026-06-15T10:00:00Z
984,44,23,419,46,153,58,205,2026-06-12,2026-06-14T10:00:00Z
985,45,24,432,53,164,59,210,2026-06-11,2026-06-13T10:00:00Z
986,46,25,445,60,175,60,215,2026-06-10,2026-06-12T10:00:00Z
987,47,26,458,67,186,61,220,2026-06-09,2026-06-11T10:00:00Z
988,48,27,471,74,197,62,225,2026-06-08,2026-06-10T10:00:00Z
989,49,28,484,81,208,63,230,2026-06-07,2026-06-09T10:00:00Z
990,50,29,497,88,219,64,235,2026-06-06,2026-06-08T10:00:00Z
991,51,30,510,95,230,65,240,2026-06-05,2026-06-17T10:00:00Z
992,52,31,523,102,241,66,245,2026-06-04,2026-06-16T10:00:00Z
993,53,1,536,109,252,67,250,2026-06-03,2026-06-15T10:00:00Z
994,54,2,549,116,3,68,255,2026-06-02,2026-06-14T10:00:00Z
995,55,3,562,123,14,69,260,2026-06-01,2026-06-13T10:00:00Z
996,56,4,575,130,25,70,265,2026-05-31,2026-06-12T10:00:00Z
997,57,5,588,137,36,71,270,2026-05-30,2026-06-11T10:00:00Z
998,58,6,601,144,47,72,275,2026-05-29,2026-06-10T10:00:00Z
999,59,7,614,151,58,73,280,2026-05-28,2026-06-09T10:00:00Z
1000,60,8,627,158,69,74,285,2026-05-27,2026-06-08T10:00:00Z
1001,61,9,640,165,80,35,290,2026-05-26,2026-06-17T10:00:00Z
1002,62,10,653,172,91,36,295,2026-05-25,2026-06-16T10:00:00Z
1003,63,11,46,46,102,37,300,2026-05-24,2026-06-15T10:00:00Z
1004,64,12,59,6,113,38,305,2026-05-23,2026-06-14T10:00:00Z
1005,65,13,72,13,124,39,310,2026-05-22,2026-06-13T10:00:00Z
1006,66,14,85,20,135,40,315,2026-05-21,2026-06-12T10:00:00Z
1007,67,15,98,27,146,41,320,2026-05-20,2026-06-11T10:00:00Z
1008,68,16,111,34,157,42,325,2026-05-19,2026-06-10T10:00:00Z
1009,69,17,124,41,168,43,90,2026-05-18,2026-06-09T10:00:00Z
1010,70,18,137,48,179,44,95,2026-05-17,2026-06-08T10:00:00Z
1011,71,19,150,55,190,45,100,2026-05-16,2026-06-17T10:00:00Z
1012,72,20,163,62,201,46,105,2026-05-15,2026-06-16T10:00:00Z
1013,73,21,176,69,212,47,110,2026-05-14,2026-06-15T10:00:00Z
1014,74,22,189,76,223,48,115,2026-05-13,2026-06-14T10:00:00Z
1015,75,23,202,83,234,49,120,2026-05-12,2026-06-13T10:00:00Z
1016,76,24,215,90,245,50,125,2026-06-15,2026-06-12T10:00:00Z
1017,77,25,228,97,256,51,130,2026-06-14,2026-06-11T10:00:00Z
1018,78,26,241,104,7,52,135,2026-06-13,2026-06-10T10:00:00Z
1019,79,27,254,111,18,53,140,2026-06-12,2026-06-09T10:00:00Z
1020,80,28,267,118,29,54,145,2026-06-11,2026-06-08T10:00:00Z
1021,81,29,280,125,40,55,150,2026-06-10,2026-06-17T10:00:00Z
1022,82,30,293,132,51,56,155,2026-06-09,2026-06-16T10:00:00Z
1023,83,31,306,139,62,57,160,2026-06-08,2026-06-15T10:00:00Z
1024,84,1,319,146,73,58,165,2026-06-07,2026-06-14T10:00:00Z
1025,85,2,332,153,84,59,170,2026-06-06,2026-06-13T10:00:00Z
1026,86,3,345,160,95,60,175,2026-06-05,2026-06-12T10:00:00Z
1027,87,4,358,167,106,61,180,2026-06-04,2026-06-11T10:00:00Z
1028,88,5,371,174,117,62,185,2026-06-03,2026-06-10T10:00:00Z
1029,89,6,384,181,128,63,190,2026-06-02,2026-06-09T10:00:00Z
1030,90,7,397,8,139,64,195,2026-06-01,2026-06-08T10:00:00Z
1031,91,8,410,15,150,65,200,2026-05-31,2026-06-17T10:00:00Z
1032,92,9,423,22,161,66,205,2026-05-30,2026-06-16T10:00:00Z
1033,93,10,436,29,172,67,210,2026-05-29,2026-06-15T10:00:00Z
1034,94,11,449,36,183,68,215,2026-05-28,2026-06-14T10:00:00Z
1035,95,12,462,43,194,69,220,2026-05-27,2026-06-13T10:00:00Z
1036,96,13,475,50,205,70,225,2026-05-26,2026-06-12T10:00:00Z
1037,97,14,488,57,216,71,230,2026-05-25,2026-06-11T10:00:00Z
1038,98,15,501,64,227,72,235,2026-05-24,2026-06-10T10:00:00Z
1039,99,16,514,71,238,73,240,2026-05-23,2026-06-09T10:00:00Z
1040,100,17,527,78,249,74,245,2026-05-22,2026-06-08T10:00:00Z
1041,101,18,540,85,0,35,250,2026-05-21,2026-06-17T10:00:00Z
1042,102,19,553,92,11,36,255,2026-05-20,2026-06-16T10:00:00Z
1043,103,20,566,99,22,37,260,2026-05-19,2026-06-15T10:00:00Z
1044,104,21,579,106,33,38,265,2026-05-18,2026-06-14T10:00:00Z
1045,105,22,592,113,44,39,270,2026-05-17,2026-06-13T10:00:00Z
1046,106,23,605,120,55,40,275,2026-05-16,2026-06-12T10:00:00Z
1047,107,24,618,127,66,41,280,2026-05-15,2026-06-11T10:00:00Z
1048,108,25,631,134,77,42,285,2026-05-14,2026-06-10T10:00:00Z
1049,109,26,644,141,88,43,290,2026-05-13,2026-06-09T10:00:00Z
1050,110,27,657,148,99,44,295,2026-05-12,2026-06-08T10:00:00Z
1051,111,28,50,50,110,45,300,2026-06-15,2026-06-17T10:00:00Z
1052,112,29,63,63,121,46,305,2026-06-14,2026-06-16T10:00:00Z
1053,113,30,76,76,132,47,310,2026-06-13,2026-06-15T10:00:00Z
1054,114,31,89,89,143,48,315,2026-06-12,2026-06-14T10:00:00Z
1055,115,1,102,102,154,49,320,2026-06-11,2026-06-13T10:00:00Z
1056,116,2,115,10,165,50,325,2026-06-10,2026-06-12T10:00:00Z
1057,117,3,128,17,176,51,90,2026-06-09,2026-06-11T10:00:00Z
1058,118,4,141,24,187,52,95,2026-06-08,2026-06-10T10:00:00Z
1059,119,5,154,31,198,53,100,2026-06-07,2026-06-09T10:00:00Z
1060,120,6,167,38,209,54,105,2026-06-06,2026-06-08T10:00:00Z
1061,121,7,180,45,220,55,110,2026-06-05,2026-06-17T10:00:00Z
1062,122,8,193,52,231,56,115,2026-06-04,2026-06-16T10:00:00Z
1063,123,9,206,59,242,57,120,2026-06-03,2026-06-15T10:00:00Z
1064,124,10,219,66,253,58,125,2026-06-02,2026-06-14T10:00:00Z
1065,125,11,232,73,4,59,130,2026-06-01,2026-06-13T10:00:00Z
1066,126,12,245,80,15,60,135,2026-05-31,2026-06-12T10:00:00Z
1067,127,13,258,87,26,61,140,2026-05-30,2026-06-11T10:00:00Z
1068,128,14,271,94,37,62,145,2026-05-29,2026-06-10T10:00:00Z
1069,129,15,284,101,48,63,150,2026-05-28,2026-06-09T10:00:00Z
1070,130,16,297,108,59,64,155,2026-05-27,2026-06-08T10:00:00Z
1071,131,17,310,115,70,65,160,2026-05-26,2026-06-17T10:00:00Z
1072,132,18,323,122,81,66,165,2026-05-25,2026-06-16T10:00:00Z
1073,133,19,336,129,92,67,170,2026-05-24,2026-06-15T10:00:00Z
1074,134,20,349,136,103,68,175,2026-05-23,2026-06-14T10:00:00Z
1075,135,21,362,143,114,69,180,2026-05-22,2026-06-13T10:00:00Z
1076,136,22,375,150,125,70,185,2026-05-21,2026-06-12T10:00:00Z
1077,137,23,388,157,136,71,190,2026-05-20,2026-06-11T10:00:00Z
1078,138,24,401,164,147,72,195,2026-05-19,2026-06-10T10:00:00Z
1079,139,25,414,171,158,73,200,2026-05-18,2026-06-09T10:00:00Z
1080,140,26,427,178,169,74,205,2026-05-17,2026-06-08T10:00:00Z
1081,141,27,440,5,180,35,210,2026-05-16,2026-06-17T10:00:00Z
1082,142,28,453,12,191,36,215,2026-05-15,2026-06-16T10:00:00Z
1083,143,29,466,19,202,37,220,2026-05-14,2026-06-15T10:00:00Z
1084,144,30,479,26,213,38,225,2026-05-13,2026-06-14T10:00:00Z
1085,145,31,492,33,224,39,230,2026-05-12,2026-06-13T10:00:00Z
1086,146,1,505,40,235,40,235,2026-06-15,2026-06-12T10:00:00Z
1087,147,2,518,47,246,41,240,2026-06-14,2026-06-11T10:00:00Z
1088,148,3,531,54,257,42,245,2026-06-13,2026-06-10T10:00:00Z
1089,149,4,544,61,8,43,250,2026-06-12,2026-06-09T10:00:00Z
1090,150,5,557,68,19,44,255,2026-06-11,2026-06-08T10:00:00Z
1091,151,6,570,75,30,45,260,2026-06-10,2026-06-17T10:00:00Z
1092,152,7,583,82,41,46,265,2026-06-09,2026-06-16T10:00:00Z
1093,153,8,596,89,52,47,270,2026-06-08,2026-06-15T10:00:00Z
1094,154,9,609,96,63,48,275,2026-06-07,2026-06-14T10:00:00Z
1095,155,10,622,103,74,49,280,2026-06-06,2026-06-13T10:00:00Z
1096,156,11,635,110,85,50,285,2026-06-05,2026-06-12T10:00:00Z
1097,157,12,648,117,96,51,290,2026-06-04,2026-06-11T10:00:00Z
1098,158,13,41,41,107,52,295,2026-06-03,2026-06-10T10:00:00Z
1099,159,14,54,54,118,53,300,2026-06-02,2026-06-09T10:00:00Z
1100,160,15,67,67,129,54,305,2026-06-01,2026-06-08T10:00:00Z
1101,161,16,80,80,140,55,310,2026-05-31,2026-06-17T10:00:00Z
1102,162,17,93,93,151,56,315,2026-05-30,2026-06-16T10:00:00Z
1103,163,18,106,106,162,57,320,2026-05-29,2026-06-15T10:00:00Z
1104,164,19,119,119,173,58,325,2026-05-28,2026-06-14T10:00:00Z
1105,165,20,132,132,184,59,90,2026-05-27,2026-06-13T10:00:00Z
1106,166,21,145,145,195,60,95,2026-05-26,2026-06-12T10:00:00Z
1107,167,22,158,7,206,61,100,2026-05-25,2026-06-11T10:00:00Z
1108,168,23,171,14,217,62,105,2026-05-24,2026-06-10T10:00:00Z
1109,169,24,184,21,228,63,110,2026-05-23,2026-06-09T10:00:00Z
1110,170,25,197,28,239,64,115,2026-05-22,2026-06-08T10:00:00Z
1111,171,26,210,35,250,65,120,2026-05-21,2026-06-17T10:00:00Z
1112,172,27,223,42,1,66,125,2026-05-20,2026-06-16T10:00:00Z
1113,173,28,236,49,12,67,130,2026-05-19,2026-06-15T10:00:00Z
1114,174,29,249,56,23,68,135,2026-05-18,2026-06-14T10:00:00Z
1115,175,30,262,63,34,69,140,2026-05-17,2026-06-13T10:00:00Z
1116,176,31,275,70,45,70,145,2026-05-16,2026-06-12T10:00:00Z
1117,177,1,288,77,56,71,150,2026-05-15,2026-06-11T10:00:00Z
1118,178,2,301,84,67,72,155,2026-05-14,2026-06-10T10:00:00Z
1119,179,3,314,91,78,73,160,2026-05-13,2026-06-09T10:00:00Z
1120,180,4,327,98,89,74,165,2026-05-12,2026-06-08T10:00:00Z
1121,181,5,340,105,100,35,170,2026-06-15,2026-06-17T10:00:00Z
1122,182,6,353,112,111,36,175,2026-06-14,2026-06-16T10:00:00Z
1123,183,7,366,119,122,37,180,2026-06-13,2026-06-15T10:00:00Z
1124,184,8,379,126,133,38,185,2026-06-12,2026-06-14T10:00:00Z
1125,185,9,392,133,144,39,190,2026-06-11,2026-06-13T10:00:00Z
1126,186,10,405,140,155,40,195,2026-06-10,2026-06-12T10:00:00Z
1127,187,11,418,147,166,41,200,2026-06-09,2026-06-11T10:00:00Z
1128,188,12,431,154,177,42,205,2026-06-08,2026-06-10T10:00:00Z
1129,1,13,444,161,188,43,210,2026-06-07,2026-06-09T10:00:00Z
1130,2,14,457,168,199,44,215,2026-06-06,2026-06-08T10:00:00Z
1131,3,15,470,175,210,45,220,2026-06-05,2026-06-17T10:00:00Z
1132,4,16,483,182,221,46,225,2026-06-04,2026-06-16T10:00:00Z
1133,5,17,496,9,232,47,230,2026-06-03,2026-06-15T10:00:00Z
1134,6,18,509,16,243,48,235,2026-06-02,2026-06-14T10:00:00Z
1135,7,19,522,23,254,49,240,2026-06-01,2026-06-13T10:00:00Z
1136,8,20,535,30,5,50,245,2026-05-31,2026-06-12T10:00:00Z
1137,9,21,548,37,16,51,250,2026-05-30,2026-06-11T10:00:00Z
1138,10,22,561,44,27,52,255,2026-05-29,2026-06-10T10:00:00Z
1139,11,23,574,51,38,53,260,2026-05-28,2026-06-09T10:00:00Z
1140,12,24,587,58,49,54,265,2026-05-27,2026-06-08T10:00:00Z
1141,13,25,600,65,60,55,270,2026-05-26,2026-06-17T10:00:00Z
1142,14,26,613,72,71,56,275,2026-05-25,2026-06-16T10:00:00Z
1143,15,27,626,79,82,57,280,2026-05-24,2026-06-15T10:00:00Z
1144,16,28,639,86,93,58,285,2026-05-23,2026-06-14T10:00:00Z
1145,17,29,652,93,104,59,290,2026-05-22,2026-06-13T10:00:00Z
1146,18,30,45,45,115,60,295,2026-05-21,2026-06-12T10:00:00Z
1147,19,31,58,58,126,61,300,2026-05-20,2026-06-11T10:00:00Z
1148,20,1,71,71,137,62,305,2026-05-19,2026-06-10T10:00:00Z
1149,21,2,84,84,148,63,310,2026-05-18,2026-06-09T10:00:00Z
1150,22,3,97,97,159,64,315,2026-05-17,2026-06-08T10:00:00Z
1151,23,4,110,110,170,65,320,2026-05-16,2026-06-17T10:00:00Z
1152,24,5,123,123,181,66,325,2026-05-15,2026-06-16T10:00:00Z
1153,25,6,136,136,192,67,90,2026-05-14,2026-06-15T10:00:00Z
1154,26,7,149,149,203,68,95,2026-05-13,2026-06-14T10:00:00Z
1155,27,8,162,162,214,69,100,2026-05-12,2026-06-13T10:00:00Z
1156,28,9,175,170,225,70,105,2026-06-15,2026-06-12T10:00:00Z
1157,29,10,188,177,236,71,110,2026-06-14,2026-06-11T10:00:00Z
1158,30,11,201,184,247,72,115,2026-06-13,2026-06-10T10:00:00Z
1159,31,12,214,11,258,73,120,2026-06-12,2026-06-09T10:00:00Z
1160,32,13,227,18,9,74,125,2026-06-11,2026-06-08T10:00:00Z
1161,33,14,240,25,20,35,130,2026-06-10,2026-06-17T10:00:00Z
1162,34,15,253,32,31,36,135,2026-06-09,2026-06-16T10:00:00Z
1163,35,16,266,39,42,37,140,2026-06-08,2026-06-15T10:00:00Z
1164,36,17,279,46,53,38,145,2026-06-07,2026-06-14T10:00:00Z
1165,37,18,292,53,64,39,150,2026-06-06,2026-06-13T10:00:00Z
1166,38,19,305,60,75,40,155,2026-06-05,2026-06-12T10:00:00Z
1167,39,20,318,67,86,41,160,2026-06-04,2026-06-11T10:00:00Z
1168,40,21,331,74,97,42,165,2026-06-03,2026-06-10T10:00:00Z
1169,41,22,344,81,108,43,170,2026-06-02,2026-06-09T10:00:00Z
1170,42,23,357,88,119,44,175,2026-06-01,2026-06-08T10:00:00Z
1171,43,24,370,95,130,45,180,2026-05-31,2026-06-17T10:00:00Z
1172,44,25,383,102,141,46,185,2026-05-30,2026-06-16T10:00:00Z
1173,45,26,396,109,152,47,190,2026-05-29,2026-06-15T10:00:00Z
1174,46,27,409,116,163,48,195,2026-05-28,2026-06-14T10:00:00Z
1175,47,28,422,123,174,49,200,2026-05-27,2026-06-13T10:00:00Z
1176,48,29,435,130,185,50,205,2026-05-26,2026-06-12T10:00:00Z
1177,49,30,448,137,196,51,210,2026-05-25,2026-06-11T10:00:00Z
1178,50,31,461,144,207,52,215,2026-05-24,2026-06-10T10:00:00Z
1179,51,1,474,151,218,53,220,2026-05-23,2026-06-09T10:00:00Z
1180,52,2,487,158,229,54,225,2026-05-22,2026-06-08T10:00:00Z
1181,53,3,500,165,240,55,230,2026-05-21,2026-06-17T10:00:00Z
1182,54,4,513,172,251,56,235,2026-05-20,2026-06-16T10:00:00Z
1183,55,5,526,179,2,57,240,2026-05-19,2026-06-15T10:00:00Z
1184,56,6,539,6,13,58,245,2026-05-18,2026-06-14T10:00:00Z
1185,57,7,552,13,24,59,250,2026-05-17,2026-06-13T10:00:00Z
1186,58,8,565,20,35,60,255,2026-05-16,2026-06-12T10:00:00Z
1187,59,9,578,27,46,61,260,2026-05-15,2026-06-11T10:00:00Z
1188,60,10,591,34,57,62,265,2026-05-14,2026-06-10T10:00:00Z
1189,61,11,604,41,68,63,270,2026-05-13,2026-06-09T10:00:00Z
1190,62,12,617,48,79,64,275,2026-05-12,2026-06-08T10:00:00Z
1191,63,13,630,55,90,65,280,2026-06-15,2026-06-17T10:00:00Z
1192,64,14,643,62,101,66,285,2026-06-14,2026-06-16T10:00:00Z
1193,65,15,656,69,112,67,290,2026-06-13,2026-06-15T10:00:00Z
1194,66,16,49,49,123,68,295,2026-06-12,2026-06-14T10:00:00Z
1195,67,17,62,62,134,69,300,2026-06-11,2026-06-13T10:00:00Z
1196,68,18,75,75,145,70,305,2026-06-10,2026-06-12T10:00:00Z
1197,69,19,88,88,156,71,310,2026-06-09,2026-06-11T10:00:00Z
1198,70,20,101,101,167,72,315,2026-06-08,2026-06-10T10:00:00Z
1199,71,21,114,111,178,73,320,2026-06-07,2026-06-09T10:00:00Z
1200,72,22,127,118,189,74,325,2026-06-06,2026-06-08T10:00:00Z
1201,73,23,140,125,200,35,90,2026-06-05,2026-06-17T10:00:00Z
1202,74,24,153,132,211,36,95,2026-06-04,2026-06-16T10:00:00Z
1203,75,25,166,139,222,37,100,2026-06-03,2026-06-15T10:00:00Z
1204,76,26,179,146,233,38,105,2026-06-02,2026-06-14T10:00:00Z
1205,77,27,192,153,244,39,110,2026-06-01,2026-06-13T10:00:00Z
1206,78,28,205,160,255,40,115,2026-05-31,2026-06-12T10:00:00Z
1207,79,29,218,167,6,41,120,2026-05-30,2026-06-11T10:00:00Z
1208,80,30,231,174,17,42,125,2026-05-29,2026-06-10T10:00:00Z
1209,81,31,244,181,28,43,130,2026-05-28,2026-06-09T10:00:00Z
1210,82,1,257,8,39,44,135,2026-05-27,2026-06-08T10:00:00Z
1211,83,2,270,15,50,45,140,2026-05-26,2026-06-17T10:00:00Z
1212,84,3,283,22,61,46,145,2026-05-25,2026-06-16T10:00:00Z
1213,85,4,296,29,72,47,150,2026-05-24,2026-06-15T10:00:00Z
1214,86,5,309,36,83,48,155,2026-05-23,2026-06-14T10:00:00Z
1215,87,6,322,43,94,49,160,2026-05-22,2026-06-13T10:00:00Z
1216,88,7,335,50,105,50,165,2026-05-21,2026-06-12T10:00:00Z
1217,89,8,348,57,116,51,170,2026-05-20,2026-06-11T10:00:00Z
1218,90,9,361,64,127,52,175,2026-05-19,2026-06-10T10:00:00Z
1219,91,10,374,71,138,53,180,2026-05-18,2026-06-09T10:00:00Z
1220,92,11,387,78,149,54,185,2026-05-17,2026-06-08T10:00:00Z
1221,93,12,400,85,160,55,190,2026-05-16,2026-06-17T10:00:00Z
1222,94,13,413,92,171,56,195,2026-05-15,2026-06-16T10:00:00Z
1223,95,14,426,99,182,57,200,2026-05-14,2026-06-15T10:00:00Z
1224,96,15,439,106,193,58,205,2026-05-13,2026-06-14T10:00:00Z
1225,97,16,452,113,204,59,210,2026-05-12,2026-06-13T10:00:00Z
1226,98,17,465,120,215,60,215,2026-06-15,2026-06-12T10:00:00Z
1227,99,18,478,127,226,61,220,2026-06-14,2026-06-11T10:00:00Z
1228,100,19,491,134,237,62,225,2026-06-13,2026-06-10T10:00:00Z
1229,101,20,504,141,248,63,230,2026-06-12,2026-06-09T10:00:00Z
1230,102,21,517,148,259,64,235,2026-06-11,2026-06-08T10:00:00Z
1231,103,22,530,155,10,65,240,2026-06-10,2026-06-17T10:00:00Z
1232,104,23,543,162,21,66,245,2026-06-09,2026-06-16T10:00:00Z
1233,105,24,556,169,32,67,250,2026-06-08,2026-06-15T10:00:00Z
1234,106,25,569,176,43,68,255,2026-06-07,2026-06-14T10:00:00Z
1235,107,26,582,183,54,69,260,2026-06-06,2026-06-13T10:00:00Z
1236,108,27,595,10,65,70,265,2026-06-05,2026-06-12T10:00:00Z
1237,109,28,608,17,76,71,270,2026-06-04,2026-06-11T10:00:00Z
1238,110,29,621,24,87,72,275,2026-06-03,2026-06-10T10:00:00Z
1239,111,30,634,31,98,73,280,2026-06-02,2026-06-09T10:00:00Z
1240,112,31,647,38,109,74,285,2026-06-01,2026-06-08T10:00:00Z
1241,113,1,40,40,120,35,290,2026-05-31,2026-06-17T10:00:00Z
1242,114,2,53,52,131,36,295,2026-05-30,2026-06-16T10:00:00Z
1243,115,3,66,59,142,37,300,2026-05-29,2026-06-15T10:00:00Z
1244,116,4,79,66,153,38,305,2026-05-28,2026-06-14T10:00:00Z
1245,117,5,92,73,164,39,310,2026-05-27,2026-06-13T10:00:00Z
1246,118,6,105,80,175,40,315,2026-05-26,2026-06-12T10:00:00Z
1247,119,7,118,87,186,41,320,2026-05-25,2026-06-11T10:00:00Z
1248,120,8,131,94,197,42,325,2026-05-24,2026-06-10T10:00:00Z
1249,121,9,144,101,208,43,90,2026-05-23,2026-06-09T10:00:00Z
1250,122,10,157,108,219,44,95,2026-05-22,2026-06-08T10:00:00Z
1251,123,11,170,115,230,45,100,2026-05-21,2026-06-17T10:00:00Z
1252,124,12,183,122,241,46,105,2026-05-20,2026-06-16T10:00:00Z
1253,125,13,196,129,252,47,110,2026-05-19,2026-06-15T10:00:00Z
1254,126,14,209,136,3,48,115,2026-05-18,2026-06-14T10:00:00Z
1255,127,15,222,143,14,49,120,2026-05-17,2026-06-13T10:00:00Z
1256,128,16,235,150,25,50,125,2026-05-16,2026-06-12T10:00:00Z
1257,129,17,248,157,36,51,130,2026-05-15,2026-06-11T10:00:00Z
1258,130,18,261,164,47,52,135,2026-05-14,2026-06-10T10:00:00Z
1259,131,19,274,171,58,53,140,2026-05-13,2026-06-09T10:00:00Z
1260,132,20,287,178,69,54,145,2026-05-12,2026-06-08T10:00:00Z
1261,133,21,300,5,80,55,150,2026-06-15,2026-06-17T10:00:00Z
1262,134,22,313,12,91,56,155,2026-06-14,2026-06-16T10:00:00Z
1263,135,23,326,19,102,57,160,2026-06-13,2026-06-15T10:00:00Z
1264,136,24,339,26,113,58,165,2026-06-12,2026-06-14T10:00:00Z
1265,137,25,352,33,124,59,170,2026-06-11,2026-06-13T10:00:00Z
1266,138,26,365,40,135,60,175,2026-06-10,2026-06-12T10:00:00Z
1267,139,27,378,47,146,61,180,2026-06-09,2026-06-11T10:00:00Z
1268,140,28,391,54,157,62,185,2026-06-08,2026-06-10T10:00:00Z
1269,141,29,404,61,168,63,190,2026-06-07,2026-06-09T10:00:00Z
1270,142,30,417,68,179,64,195,2026-06-06,2026-06-08T10:00:00Z
1271,143,31,430,75,190,65,200,2026-06-05,2026-06-17T10:00:00Z
1272,144,1,443,82,201,66,205,2026-06-04,2026-06-16T10:00:00Z
1273,145,2,456,89,212,67,210,2026-06-03,2026-06-15T10:00:00Z
1274,146,3,469,96,223,68,215,2026-06-02,2026-06-14T10:00:00Z
1275,147,4,482,103,234,69,220,2026-06-01,2026-06-13T10:00:00Z
1276,148,5,495,110,245,70,225,2026-05-31,2026-06-12T10:00:00Z
1277,149,6,508,117,256,71,230,2026-05-30,2026-06-11T10:00:00Z
1278,150,7,521,124,7,72,235,2026-05-29,2026-06-10T10:00:00Z
1279,151,8,534,131,18,73,240,2026-05-28,2026-06-09T10:00:00Z
1280,152,9,547,138,29,74,245,2026-05-27,2026-06-08T10:00:00Z
1281,153,10,560,145,40,35,250,2026-05-26,2026-06-17T10:00:00Z
1282,154,11,573,152,51,36,255,2026-05-25,2026-06-16T10:00:00Z
1283,155,12,586,159,62,37,260,2026-05-24,2026-06-15T10:00:00Z
1284,156,13,599,166,73,38,265,2026-05-23,2026-06-14T10:00:00Z
1285,157,14,612,173,84,39,270,2026-05-22,2026-06-13T10:00:00Z
1286,158,15,625,180,95,40,275,2026-05-21,2026-06-12T10:00:00Z
1287,159,16,638,7,106,41,280,2026-05-20,2026-06-11T10:00:00Z
1288,160,17,651,14,117,42,285,2026-05-19,2026-06-10T10:00:00Z
1289,161,18,44,21,128,43,290,2026-05-18,2026-06-09T10:00:00Z
1290,162,19,57,28,139,44,295,2026-05-17,2026-06-08T10:00:00Z
1291,163,20,70,35,150,45,300,2026-05-16,2026-06-17T10:00:00Z
1292,164,21,83,42,161,46,305,2026-05-15,2026-06-16T10:00:00Z
1293,165,22,96,49,172,47,310,2026-05-14,2026-06-15T10:00:00Z
1294,166,23,109,56,183,48,315,2026-05-13,2026-06-14T10:00:00Z
1295,167,24,122,63,194,49,320,2026-05-12,2026-06-13T10:00:00Z
1296,168,25,135,70,205,50,325,2026-06-15,2026-06-12T10:00:00Z
1297,169,26,148,77,216,51,90,2026-06-14,2026-06-11T10:00:00Z
1298,170,27,161,84,227,52,95,2026-06-13,2026-06-10T10:00:00Z
1299,171,28,174,91,238,53,100,2026-06-12,2026-06-09T10:00:00Z
1300,172,29,187,98,249,54,105,2026-06-11,2026-06-08T10:00:00Z
1301,173,30,200,105,0,55,110,2026-06-10,2026-06-17T10:00:00Z
1302,174,31,213,112,11,56,115,2026-06-09,2026-06-16T10:00:00Z
1303,175,1,226,119,22,57,120,2026-06-08,2026-06-15T10:00:00Z
1304,176,2,239,126,33,58,125,2026-06-07,2026-06-14T10:00:00Z
1305,177,3,252,133,44,59,130,2026-06-06,2026-06-13T10:00:00Z
1306,178,4,265,140,55,60,135,2026-06-05,2026-06-12T10:00:00Z
1307,179,5,278,147,66,61,140,2026-06-04,2026-06-11T10:00:00Z
1308,180,6,291,154,77,62,145,2026-06-03,2026-06-10T10:00:00Z
1309,181,7,304,161,88,63,150,2026-06-02,2026-06-09T10:00:00Z
1310,182,8,317,168,99,64,155,2026-06-01,2026-06-08T10:00:00Z
1311,183,9,330,175,110,65,160,2026-05-31,2026-06-17T10:00:00Z
1312,184,10,343,182,121,66,165,2026-05-30,2026-06-16T10:00:00Z
1313,185,11,356,9,132,67,170,2026-05-29,2026-06-15T10:00:00Z
1314,186,12,369,16,143,68,175,2026-05-28,2026-06-14T10:00:00Z
1315,187,13,382,23,154,69,180,2026-05-27,2026-06-13T10:00:00Z
1316,188,14,395,30,165,70,185,2026-05-26,2026-06-12T10:00:00Z
1317,1,15,408,37,176,71,190,2026-05-25,2026-06-11T10:00:00Z
1318,2,16,421,44,187,72,195,2026-05-24,2026-06-10T10:00:00Z
1319,3,17,434,51,198,73,200,2026-05-23,2026-06-09T10:00:00Z
1320,4,18,447,58,209,74,205,2026-05-22,2026-06-08T10:00:00Z
1321,5,19,460,65,220,35,210,2026-05-21,2026-06-17T10:00:00Z
1322,6,20,473,72,231,36,215,2026-05-20,2026-06-16T10:00:00Z
1323,7,21,486,79,242,37,220,2026-05-19,2026-06-15T10:00:00Z
1324,8,22,499,86,253,38,225,2026-05-18,2026-06-14T10:00:00Z
1325,9,23,512,93,4,39,230,2026-05-17,2026-06-13T10:00:00Z
1326,10,24,525,100,15,40,235,2026-05-16,2026-06-12T10:00:00Z
1327,11,25,538,107,26,41,240,2026-05-15,2026-06-11T10:00:00Z
1328,12,26,551,114,37,42,245,2026-05-14,2026-06-10T10:00:00Z
1329,13,27,564,121,48,43,250,2026-05-13,2026-06-09T10:00:00Z
1330,14,28,577,128,59,44,255,2026-05-12,2026-06-08T10:00:00Z
1331,15,29,590,135,70,45,260,2026-06-15,2026-06-17T10:00:00Z
1332,16,30,603,142,81,46,265,2026-06-14,2026-06-16T10:00:00Z
1333,17,31,616,149,92,47,270,2026-06-13,2026-06-15T10:00:00Z
1334,18,1,629,156,103,48,275,2026-06-12,2026-06-14T10:00:00Z
1335,19,2,642,163,114,49,280,2026-06-11,2026-06-13T10:00:00Z
1336,20,3,655,170,125,50,285,2026-06-10,2026-06-12T10:00:00Z
1337,21,4,48,48,136,51,290,2026-06-09,2026-06-11T10:00:00Z
1338,22,5,61,61,147,52,295,2026-06-08,2026-06-10T10:00:00Z
1339,23,6,74,11,158,53,300,2026-06-07,2026-06-09T10:00:00Z
1340,24,7,87,18,169,54,305,2026-06-06,2026-06-08T10:00:00Z
1341,25,8,100,25,180,55,310,2026-06-05,2026-06-17T10:00:00Z
1342,26,9,113,32,191,56,315,2026-06-04,2026-06-16T10:00:00Z
1343,27,10,126,39,202,57,320,2026-06-03,2026-06-15T10:00:00Z
1344,28,11,139,46,213,58,325,2026-06-02,2026-06-14T10:00:00Z
1345,29,12,152,53,224,59,90,2026-06-01,2026-06-13T10:00:00Z
1346,30,13,165,60,235,60,95,2026-05-31,2026-06-12T10:00:00Z
1347,31,14,178,67,246,61,100,2026-05-30,2026-06-11T10:00:00Z
1348,32,15,191,74,257,62,105,2026-05-29,2026-06-10T10:00:00Z
1349,33,16,204,81,8,63,110,2026-05-28,2026-06-09T10:00:00Z
1350,34,17,217,88,19,64,115,2026-05-27,2026-06-08T10:00:00Z
1351,35,18,230,95,30,65,120,2026-05-26,2026-06-17T10:00:00Z
1352,36,19,243,102,41,66,125,2026-05-25,2026-06-16T10:00:00Z
1353,37,20,256,109,52,67,130,2026-05-24,2026-06-15T10:00:00Z
1354,38,21,269,116,63,68,135,2026-05-23,2026-06-14T10:00:00Z
1355,39,22,282,123,74,69,140,2026-05-22,2026-06-13T10:00:00Z
1356,40,23,295,130,85,70,145,2026-05-21,2026-06-12T10:00:00Z
1357,41,24,308,137,96,71,150,2026-05-20,2026-06-11T10:00:00Z
1358,42,25,321,144,107,72,155,2026-05-19,2026-06-10T10:00:00Z
1359,43,26,334,151,118,73,160,2026-05-18,2026-06-09T10:00:00Z
1360,44,27,347,158,129,74,165,2026-05-17,2026-06-08T10:00:00Z
1361,45,28,360,165,140,35,170,2026-05-16,2026-06-17T10:00:00Z
1362,46,29,373,172,151,36,175,2026-05-15,2026-06-16T10:00:00Z
1363,47,30,386,179,162,37,180,2026-05-14,2026-06-15T10:00:00Z
1364,48,31,399,6,173,38,185,2026-05-13,2026-06-14T10:00:00Z
1365,49,1,412,13,184,39,190,2026-05-12,2026-06-13T10:00:00Z
1366,50,2,425,20,195,40,195,2026-06-15,2026-06-12T10:00:00Z
1367,51,3,438,27,206,41,200,2026-06-14,2026-06-11T10:00:00Z
1368,52,4,451,34,217,42,205,2026-06-13,2026-06-10T10:00:00Z
1369,53,5,464,41,228,43,210,2026-06-12,2026-06-09T10:00:00Z
1370,54,6,477,48,239,44,215,2026-06-11,2026-06-08T10:00:00Z
1371,55,7,490,55,250,45,220,2026-06-10,2026-06-17T10:00:00Z
1372,56,8,503,62,1,46,225,2026-06-09,2026-06-16T10:00:00Z
1373,57,9,516,69,12,47,230,2026-06-08,2026-06-15T10:00:00Z
1374,58,10,529,76,23,48,235,2026-06-07,2026-06-14T10:00:00Z
1375,59,11,542,83,34,49,240,2026-06-06,2026-06-13T10:00:00Z
1376,60,12,555,90,45,50,245,2026-06-05,2026-06-12T10:00:00Z
1377,61,13,568,97,56,51,250,2026-06-04,2026-06-11T10:00:00Z
1378,62,14,581,104,67,52,255,2026-06-03,2026-06-10T10:00:00Z
1379,63,15,594,111,78,53,260,2026-06-02,2026-06-09T10:00:00Z
1380,64,16,607,118,89,54,265,2026-06-01,2026-06-08T10:00:00Z
1381,65,17,620,125,100,55,270,2026-05-31,2026-06-17T10:00:00Z
1382,66,18,633,132,111,56,275,2026-05-30,2026-06-16T10:00:00Z
1383,67,19,646,139,122,57,280,2026-05-29,2026-06-15T10:00:00Z
1384,68,20,659,146,133,58,285,2026-05-28,2026-06-14T10:00:00Z
1385,69,21,52,52,144,59,290,2026-05-27,2026-06-13T10:00:00Z
1386,70,22,65,65,155,60,295,2026-05-26,2026-06-12T10:00:00Z
1387,71,23,78,78,166,61,300,2026-05-25,2026-06-11T10:00:00Z
1388,72,24,91,91,177,62,305,2026-05-24,2026-06-10T10:00:00Z
1389,73,25,104,104,188,63,310,2026-05-23,2026-06-09T10:00:00Z
1390,74,26,117,8,199,64,315,2026-05-22,2026-06-08T10:00:00Z
1391,75,27,130,15,210,65,320,2026-05-21,2026-06-17T10:00:00Z
1392,76,28,143,22,221,66,325,2026-05-20,2026-06-16T10:00:00Z
1393,77,29,156,29,232,67,90,2026-05-19,2026-06-15T10:00:00Z
1394,78,30,169,36,243,68,95,2026-05-18,2026-06-14T10:00:00Z
1395,79,31,182,43,254,69,100,2026-05-17,2026-06-13T10:00:00Z
1396,80,1,195,50,5,70,105,2026-05-16,2026-06-12T10:00:00Z
1397,81,2,208,57,16,71,110,2026-05-15,2026-06-11T10:00:00Z
1398,82,3,221,64,27,72,115,2026-05-14,2026-06-10T10:00:00Z
1399,83,4,234,71,38,73,120,2026-05-13,2026-06-09T10:00:00Z
1400,84,5,247,78,49,74,125,2026-05-12,2026-06-08T10:00:00Z
1401,85,6,260,85,60,35,130,2026-06-15,2026-06-17T10:00:00Z
1402,86,7,273,92,71,36,135,2026-06-14,2026-06-16T10:00:00Z
1403,87,8,286,99,82,37,140,2026-06-13,2026-06-15T10:00:00Z
1404,88,9,299,106,93,38,145,2026-06-12,2026-06-14T10:00:00Z
1405,89,10,312,113,104,39,150,2026-06-11,2026-06-13T10:00:00Z
1406,90,11,325,120,115,40,155,2026-06-10,2026-06-12T10:00:00Z
1407,91,12,338,127,126,41,160,2026-06-09,2026-06-11T10:00:00Z
1408,92,13,351,134,137,42,165,2026-06-08,2026-06-10T10:00:00Z
1409,93,14,364,141,148,43,170,2026-06-07,2026-06-09T10:00:00Z
1410,94,15,377,148,159,44,175,2026-06-06,2026-06-08T10:00:00Z
1411,95,16,390,155,170,45,180,2026-06-05,2026-06-17T10:00:00Z
1412,96,17,403,162,181,46,185,2026-06-04,2026-06-16T10:00:00Z
1413,97,18,416,169,192,47,190,2026-06-03,2026-06-15T10:00:00Z
1414,98,19,429,176,203,48,195,2026-06-02,2026-06-14T10:00:00Z
1415,99,20,442,183,214,49,200,2026-06-01,2026-06-13T10:00:00Z
1416,100,21,455,10,225,50,205,2026-05-31,2026-06-12T10:00:00Z
1417,101,22,468,17,236,51,210,2026-05-30,2026-06-11T10:00:00Z
1418,102,23,481,24,247,52,215,2026-05-29,2026-06-10T10:00:00Z
1419,103,24,494,31,258,53,220,2026-05-28,2026-06-09T10:00:00Z
1420,104,25,507,38,9,54,225,2026-05-27,2026-06-08T10:00:00Z
1421,105,26,520,45,20,55,230,2026-05-26,2026-06-17T10:00:00Z
1422,106,27,533,52,31,56,235,2026-05-25,2026-06-16T10:00:00Z
1423,107,28,546,59,42,57,240,2026-05-24,2026-06-15T10:00:00Z
1424,108,29,559,66,53,58,245,2026-05-23,2026-06-14T10:00:00Z
1425,109,30,572,73,64,59,250,2026-05-22,2026-06-13T10:00:00Z
1426,110,31,585,80,75,60,255,2026-05-21,2026-06-12T10:00:00Z
1427,111,1,598,87,86,61,260,2026-05-20,2026-06-11T10:00:00Z
1428,112,2,611,94,97,62,265,2026-05-19,2026-06-10T10:00:00Z
1429,113,3,624,101,108,63,270,2026-05-18,2026-06-09T10:00:00Z
1430,114,4,637,108,119,64,275,2026-05-17,2026-06-08T10:00:00Z
1431,115,5,650,115,130,65,280,2026-05-16,2026-06-17T10:00:00Z
1432,116,6,43,43,141,66,285,2026-05-15,2026-06-16T10:00:00Z
1433,117,7,56,56,152,67,290,2026-05-14,2026-06-15T10:00:00Z
1434,118,8,69,69,163,68,295,2026-05-13,2026-06-14T10:00:00Z
1435,119,9,82,82,174,69,300,2026-05-12,2026-06-13T10:00:00Z
1436,120,10,95,95,185,70,305,2026-06-15,2026-06-12T10:00:00Z
1437,121,11,108,108,196,71,310,2026-06-14,2026-06-11T10:00:00Z
1438,122,12,121,121,207,72,315,2026-06-13,2026-06-10T10:00:00Z
1439,123,13,134,134,218,73,320,2026-06-12,2026-06-09T10:00:00Z
1440,124,14,147,147,229,74,325,2026-06-11,2026-06-08T10:00:00Z
1441,125,15,160,5,240,35,90,2026-06-10,2026-06-17T10:00:00Z
1442,126,16,173,12,251,36,95,2026-06-09,2026-06-16T10:00:00Z
1443,127,17,186,19,2,37,100,2026-06-08,2026-06-15T10:00:00Z
1444,128,18,199,26,13,38,105,2026-06-07,2026-06-14T10:00:00Z
1445,129,19,212,33,24,39,110,2026-06-06,2026-06-13T10:00:00Z
1446,130,20,225,40,35,40,115,2026-06-05,2026-06-12T10:00:00Z
1447,131,21,238,47,46,41,120,2026-06-04,2026-06-11T10:00:00Z
1448,132,22,251,54,57,42,125,2026-06-03,2026-06-10T10:00:00Z
1449,133,23,264,61,68,43,130,2026-06-02,2026-06-09T10:00:00Z
1450,134,24,277,68,79,44,135,2026-06-01,2026-06-08T10:00:00Z
1451,135,25,290,75,90,45,140,2026-05-31,2026-06-17T10:00:00Z
1452,136,26,303,82,101,46,145,2026-05-30,2026-06-16T10:00:00Z
1453,137,27,316,89,112,47,150,2026-05-29,2026-06-15T10:00:00Z
1454,138,28,329,96,123,48,155,2026-05-28,2026-06-14T10:00:00Z
1455,139,29,342,103,134,49,160,2026-05-27,2026-06-13T10:00:00Z
1456,140,30,355,110,145,50,165,2026-05-26,2026-06-12T10:00:00Z
1457,141,31,368,117,156,51,170,2026-05-25,2026-06-11T10:00:00Z
1458,142,1,381,124,167,52,175,2026-05-24,2026-06-10T10:00:00Z
1459,143,2,394,131,178,53,180,2026-05-23,2026-06-09T10:00:00Z
1460,144,3,407,138,189,54,185,2026-05-22,2026-06-08T10:00:00Z
1461,145,4,420,145,200,55,190,2026-05-21,2026-06-17T10:00:00Z
1462,146,5,433,152,211,56,195,2026-05-20,2026-06-16T10:00:00Z
1463,147,6,446,159,222,57,200,2026-05-19,2026-06-15T10:00:00Z
1464,148,7,459,166,233,58,205,2026-05-18,2026-06-14T10:00:00Z
1465,149,8,472,173,244,59,210,2026-05-17,2026-06-13T10:00:00Z
1466,150,9,485,180,255,60,215,2026-05-16,2026-06-12T10:00:00Z
1467,151,10,498,7,6,61,220,2026-05-15,2026-06-11T10:00:00Z
1468,152,11,511,14,17,62,225,2026-05-14,2026-06-10T10:00:00Z
1469,153,12,524,21,28,63,230,2026-05-13,2026-06-09T10:00:00Z
1470,154,13,537,28,39,64,235,2026-05-12,2026-06-08T10:00:00Z
1471,155,14,550,35,50,65,240,2026-06-15,2026-06-17T10:00:00Z
1472,156,15,563,42,61,66,245,2026-06-14,2026-06-16T10:00:00Z
1473,157,16,576,49,72,67,250,2026-06-13,2026-06-15T10:00:00Z
1474,158,17,589,56,83,68,255,2026-06-12,2026-06-14T10:00:00Z
1475,159,18,602,63,94,69,260,2026-06-11,2026-06-13T10:00:00Z
1476,160,19,615,70,105,70,265,2026-06-10,2026-06-12T10:00:00Z
1477,161,20,628,77,116,71,270,2026-06-09,2026-06-11T10:00:00Z
1478,162,21,641,84,127,72,275,2026-06-08,2026-06-10T10:00:00Z
1479,163,22,654,91,138,73,280,2026-06-07,2026-06-09T10:00:00Z
1480,164,23,47,47,149,74,285,2026-06-06,2026-06-08T10:00:00Z
1481,165,24,60,60,160,35,290,2026-06-05,2026-06-17T10:00:00Z
1482,166,25,73,73,171,36,295,2026-06-04,2026-06-16T10:00:00Z
1483,167,26,86,86,182,37,300,2026-06-03,2026-06-15T10:00:00Z
1484,168,27,99,99,193,38,305,2026-06-02,2026-06-14T10:00:00Z
1485,169,28,112,112,204,39,310,2026-06-01,2026-06-13T10:00:00Z
1486,170,29,125,125,215,40,315,2026-05-31,2026-06-12T10:00:00Z
1487,171,30,138,138,226,41,320,2026-05-30,2026-06-11T10:00:00Z
1488,172,31,151,151,237,42,325,2026-05-29,2026-06-10T10:00:00Z
1489,173,1,164,161,248,43,90,2026-05-28,2026-06-09T10:00:00Z
1490,174,2,177,168,259,44,95,2026-05-27,2026-06-08T10:00:00Z
1491,175,3,190,175,10,45,100,2026-05-26,2026-06-17T10:00:00Z
1492,176,4,203,182,21,46,105,2026-05-25,2026-06-16T10:00:00Z
1493,177,5,216,9,32,47,110,2026-05-24,2026-06-15T10:00:00Z
1494,178,6,229,16,43,48,115,2026-05-23,2026-06-14T10:00:00Z
1495,179,7,242,23,54,49,120,2026-05-22,2026-06-13T10:00:00Z
1496,180,8,255,30,65,50,125,2026-05-21,2026-06-12T10:00:00Z
1497,181,9,268,37,76,51,130,2026-05-20,2026-06-11T10:00:00Z
1498,182,10,281,44,87,52,135,2026-05-19,2026-06-10T10:00:00Z
1499,183,11,294,51,98,53,140,2026-05-18,2026-06-09T10:00:00Z
1500,184,12,307,58,109,54,145,2026-05-17,2026-06-08T10:00:00Z
1501,185,13,320,65,120,55,150,2026-05-16,2026-06-17T10:00:00Z
1502,186,14,333,72,131,56,155,2026-05-15,2026-06-16T10:00:00Z
1503,187,15,346,79,142,57,160,2026-05-14,2026-06-15T10:00:00Z
1504,188,16,359,86,153,58,165,2026-05-13,2026-06-14T10:00:00Z
1505,1,17,372,93,164,59,170,2026-05-12,2026-06-13T10:00:00Z
1506,2,18,385,100,175,60,175,2026-06-15,2026-06-12T10:00:00Z
1507,3,19,398,107,186,61,180,2026-06-14,2026-06-11T10:00:00Z
1508,4,20,411,114,197,62,185,2026-06-13,2026-06-10T10:00:00Z
1509,5,21,424,121,208,63,190,2026-06-12,2026-06-09T10:00:00Z
1510,6,22,437,128,219,64,195,2026-06-11,2026-06-08T10:00:00Z
1511,7,23,450,135,230,65,200,2026-06-10,2026-06-17T10:00:00Z
1512,8,24,463,142,241,66,205,2026-06-09,2026-06-16T10:00:00Z
1513,9,25,476,149,252,67,210,2026-06-08,2026-06-15T10:00:00Z
1514,10,26,489,156,3,68,215,2026-06-07,2026-06-14T10:00:00Z
1515,11,27,502,163,14,69,220,2026-06-06,2026-06-13T10:00:00Z
1516,12,28,515,170,25,70,225,2026-06-05,2026-06-12T10:00:00Z
1517,13,29,528,177,36,71,230,2026-06-04,2026-06-11T10:00:00Z
1518,14,30,541,184,47,72,235,2026-06-03,2026-06-10T10:00:00Z
1519,15,31,554,11,58,73,240,2026-06-02,2026-06-09T10:00:00Z
1520,16,1,567,18,69,74,245,2026-06-01,2026-06-08T10:00:00Z
1521,17,2,580,25,80,35,250,2026-05-31,2026-06-17T10:00:00Z
1522,18,3,593,32,91,36,255,2026-05-30,2026-06-16T10:00:00Z
1523,19,4,606,39,102,37,260,2026-05-29,2026-06-15T10:00:00Z
1524,20,5,619,46,113,38,265,2026-05-28,2026-06-14T10:00:00Z
1525,21,6,632,53,124,39,270,2026-05-27,2026-06-13T10:00:00Z
1526,22,7,645,60,135,40,275,2026-05-26,2026-06-12T10:00:00Z
1527,23,8,658,67,146,41,280,2026-05-25,2026-06-11T10:00:00Z
1528,24,9,51,51,157,42,285,2026-05-24,2026-06-10T10:00:00Z
1529,25,10,64,64,168,43,290,2026-05-23,2026-06-09T10:00:00Z
1530,26,11,77,77,179,44,295,2026-05-22,2026-06-08T10:00:00Z
1531,27,12,90,90,190,45,300,2026-05-21,2026-06-17T10:00:00Z
1532,28,13,103,102,201,46,305,2026-05-20,2026-06-16T10:00:00Z
1533,29,14,116,109,212,47,310,2026-05-19,2026-06-15T10:00:00Z
1534,30,15,129,116,223,48,315,2026-05-18,2026-06-14T10:00:00Z
1535,31,16,142,123,234,49,320,2026-05-17,2026-06-13T10:00:00Z
1536,32,17,155,130,245,50,325,2026-05-16,2026-06-12T10:00:00Z
1537,33,18,168,137,256,51,90,2026-05-15,2026-06-11T10:00:00Z
1538,34,19,181,144,7,52,95,2026-05-14,2026-06-10T10:00:00Z
1539,35,20,194,151,18,53,100,2026-05-13,2026-06-09T10:00:00Z
1540,36,21,207,158,29,54,105,2026-05-12,2026-06-08T10:00:00Z
1541,37,22,220,165,40,55,110,2026-06-15,2026-06-17T10:00:00Z
1542,38,23,233,172,51,56,115,2026-06-14,2026-06-16T10:00:00Z
1543,39,24,246,179,62,57,120,2026-06-13,2026-06-15T10:00:00Z
1544,40,25,259,6,73,58,125,2026-06-12,2026-06-14T10:00:00Z
1545,41,26,272,13,84,59,130,2026-06-11,2026-06-13T10:00:00Z
1546,42,27,285,20,95,60,135,2026-06-10,2026-06-12T10:00:00Z
1547,43,28,298,27,106,61,140,2026-06-09,2026-06-11T10:00:00Z
1548,44,29,311,34,117,62,145,2026-06-08,2026-06-10T10:00:00Z
1549,45,30,324,41,128,63,150,2026-06-07,2026-06-09T10:00:00Z
1550,46,31,337,48,139,64,155,2026-06-06,2026-06-08T10:00:00Z
1551,47,1,350,55,150,65,160,2026-06-05,2026-06-17T10:00:00Z
1552,48,2,363,62,161,66,165,2026-06-04,2026-06-16T10:00:00Z
1553,49,3,376,69,172,67,170,2026-06-03,2026-06-15T10:00:00Z
1554,50,4,389,76,183,68,175,2026-06-02,2026-06-14T10:00:00Z
1555,51,5,402,83,194,69,180,2026-06-01,2026-06-13T10:00:00Z
1556,52,6,415,90,205,70,185,2026-05-31,2026-06-12T10:00:00Z
1557,53,7,428,97,216,71,190,2026-05-30,2026-06-11T10:00:00Z
1558,54,8,441,104,227,72,195,2026-05-29,2026-06-10T10:00:00Z
1559,55,9,454,111,238,73,200,2026-05-28,2026-06-09T10:00:00Z
1560,56,10,467,118,249,74,205,2026-05-27,2026-06-08T10:00:00Z
1561,57,11,480,125,0,35,210,2026-05-26,2026-06-17T10:00:00Z
1562,58,12,493,132,11,36,215,2026-05-25,2026-06-16T10:00:00Z
1563,59,13,506,139,22,37,220,2026-05-24,2026-06-15T10:00:00Z
1564,60,14,519,146,33,38,225,2026-05-23,2026-06-14T10:00:00Z
1565,61,15,532,153,44,39,230,2026-05-22,2026-06-13T10:00:00Z
1566,62,16,545,160,55,40,235,2026-05-21,2026-06-12T10:00:00Z
1567,63,17,558,167,66,41,240,2026-05-20,2026-06-11T10:00:00Z
1568,64,18,571,174,77,42,245,2026-05-19,2026-06-10T10:00:00Z
1569,65,19,584,181,88,43,250,2026-05-18,2026-06-09T10:00:00Z
1570,66,20,597,8,99,44,255,2026-05-17,2026-06-08T10:00:00Z
1571,67,21,610,15,110,45,260,2026-05-16,2026-06-17T10:00:00Z
1572,68,22,623,22,121,46,265,2026-05-15,2026-06-16T10:00:00Z
1573,69,23,636,29,132,47,270,2026-05-14,2026-06-15T10:00:00Z
1574,70,24,649,36,143,48,275,2026-05-13,2026-06-14T10:00:00Z
1575,71,25,42,42,154,49,280,2026-05-12,2026-06-13T10:00:00Z
1576,72,26,55,50,165,50,285,2026-06-15,2026-06-12T10:00:00Z
1577,73,27,68,57,176,51,290,2026-06-14,2026-06-11T10:00:00Z
1578,74,28,81,64,187,52,295,2026-06-13,2026-06-10T10:00:00Z
1579,75,29,94,71,198,53,300,2026-06-12,2026-06-09T10:00:00Z
1580,76,30,107,78,209,54,305,2026-06-11,2026-06-08T10:00:00Z
1581,77,31,120,85,220,55,310,2026-06-10,2026-06-17T10:00:00Z
1582,78,1,133,92,231,56,315,2026-06-09,2026-06-16T10:00:00Z
1583,79,2,146,99,242,57,320,2026-06-08,2026-06-15T10:00:00Z
1584,80,3,159,106,253,58,325,2026-06-07,2026-06-14T10:00:00Z
1585,81,4,172,113,4,59,90,2026-06-06,2026-06-13T10:00:00Z
1586,82,5,185,120,15,60,95,2026-06-05,2026-06-12T10:00:00Z
1587,83,6,198,127,26,61,100,2026-06-04,2026-06-11T10:00:00Z
1588,84,7,211,134,37,62,105,2026-06-03,2026-06-10T10:00:00Z
1589,85,8,224,141,48,63,110,2026-06-02,2026-06-09T10:00:00Z
1590,86,9,237,148,59,64,115,2026-06-01,2026-06-08T10:00:00Z
1591,87,10,250,155,70,65,120,2026-05-31,2026-06-17T10:00:00Z
1592,88,11,263,162,81,66,125,2026-05-30,2026-06-16T10:00:00Z
1593,89,12,276,169,92,67,130,2026-05-29,2026-06-15T10:00:00Z
1594,90,13,289,176,103,68,135,2026-05-28,2026-06-14T10:00:00Z
1595,91,14,302,183,114,69,140,2026-05-27,2026-06-13T10:00:00Z
1596,92,15,315,10,125,70,145,2026-05-26,2026-06-12T10:00:00Z
1597,93,16,328,17,136,71,150,2026-05-25,2026-06-11T10:00:00Z
1598,94,17,341,24,147,72,155,2026-05-24,2026-06-10T10:00:00Z
1599,95,18,354,31,158,73,160,2026-05-23,2026-06-09T10:00:00Z
1600,96,19,367,38,169,74,165,2026-05-22,2026-06-08T10:00:00Z
1601,97,20,380,45,180,35,170,2026-05-21,2026-06-17T10:00:00Z
1602,98,21,393,52,191,36,175,2026-05-20,2026-06-16T10:00:00Z
1603,99,22,406,59,202,37,180,2026-05-19,2026-06-15T10:00:00Z
1604,100,23,419,66,213,38,185,2026-05-18,2026-06-14T10:00:00Z
1605,101,24,432,73,224,39,190,2026-05-17,2026-06-13T10:00:00Z
1606,102,25,445,80,235,40,195,2026-05-16,2026-06-12T10:00:00Z
1607,103,26,458,87,246,41,200,2026-05-15,2026-06-11T10:00:00Z
1608,104,27,471,94,257,42,205,2026-05-14,2026-06-10T10:00:00Z
1609,105,28,484,101,8,43,210,2026-05-13,2026-06-09T10:00:00Z
1610,106,29,497,108,19,44,215,2026-05-12,2026-06-08T10:00:00Z
1611,107,30,510,115,30,45,220,2026-06-15,2026-06-17T10:00:00Z
1612,108,31,523,122,41,46,225,2026-06-14,2026-06-16T10:00:00Z
1613,109,1,536,129,52,47,230,2026-06-13,2026-06-15T10:00:00Z
1614,110,2,549,136,63,48,235,2026-06-12,2026-06-14T10:00:00Z
1615,111,3,562,143,74,49,240,2026-06-11,2026-06-13T10:00:00Z
1616,112,4,575,150,85,50,245,2026-06-10,2026-06-12T10:00:00Z
1617,113,5,588,157,96,51,250,2026-06-09,2026-06-11T10:00:00Z
1618,114,6,601,164,107,52,255,2026-06-08,2026-06-10T10:00:00Z
1619,115,7,614,171,118,53,260,2026-06-07,2026-06-09T10:00:00Z
1620,116,8,627,178,129,54,265,2026-06-06,2026-06-08T10:00:00Z
1621,117,9,640,5,140,55,270,2026-06-05,2026-06-17T10:00:00Z
1622,118,10,653,12,151,56,275,2026-06-04,2026-06-16T10:00:00Z
1623,119,11,46,19,162,57,280,2026-06-03,2026-06-15T10:00:00Z
1624,120,12,59,26,173,58,285,2026-06-02,2026-06-14T10:00:00Z
1625,121,13,72,33,184,59,290,2026-06-01,2026-06-13T10:00:00Z
1626,122,14,85,40,195,60,295,2026-05-31,2026-06-12T10:00:00Z
1627,123,15,98,47,206,61,300,2026-05-30,2026-06-11T10:00:00Z
1628,124,16,111,54,217,62,305,2026-05-29,2026-06-10T10:00:00Z
1629,125,17,124,61,228,63,310,2026-05-28,2026-06-09T10:00:00Z
1630,126,18,137,68,239,64,315,2026-05-27,2026-06-08T10:00:00Z
1631,127,19,150,75,250,65,320,2026-05-26,2026-06-17T10:00:00Z
1632,128,20,163,82,1,66,325,2026-05-25,2026-06-16T10:00:00Z
1633,129,21,176,89,12,67,90,2026-05-24,2026-06-15T10:00:00Z
1634,130,22,189,96,23,68,95,2026-05-23,2026-06-14T10:00:00Z
1635,131,23,202,103,34,69,100,2026-05-22,2026-06-13T10:00:00Z
1636,132,24,215,110,45,70,105,2026-05-21,2026-06-12T10:00:00Z
1637,133,25,228,117,56,71,110,2026-05-20,2026-06-11T10:00:00Z
1638,134,26,241,124,67,72,115,2026-05-19,2026-06-10T10:00:00Z
1639,135,27,254,131,78,73,120,2026-05-18,2026-06-09T10:00:00Z
1640,136,28,267,138,89,74,125,2026-05-17,2026-06-08T10:00:00Z
1641,137,29,280,145,100,35,130,2026-05-16,2026-06-17T10:00:00Z
1642,138,30,293,152,111,36,135,2026-05-15,2026-06-16T10:00:00Z
1643,139,31,306,159,122,37,140,2026-05-14,2026-06-15T10:00:00Z
1644,140,1,319,166,133,38,145,2026-05-13,2026-06-14T10:00:00Z
1645,141,2,332,173,144,39,150,2026-05-12,2026-06-13T10:00:00Z
1646,142,3,345,180,155,40,155,2026-06-15,2026-06-12T10:00:00Z
1647,143,4,358,7,166,41,160,2026-06-14,2026-06-11T10:00:00Z
1648,144,5,371,14,177,42,165,2026-06-13,2026-06-10T10:00:00Z
1649,145,6,384,21,188,43,170,2026-06-12,2026-06-09T10:00:00Z
1650,146,7,397,28,199,44,175,2026-06-11,2026-06-08T10:00:00Z
1651,147,8,410,35,210,45,180,2026-06-10,2026-06-17T10:00:00Z
1652,148,9,423,42,221,46,185,2026-06-09,2026-06-16T10:00:00Z
1653,149,10,436,49,232,47,190,2026-06-08,2026-06-15T10:00:00Z
1654,150,11,449,56,243,48,195,2026-06-07,2026-06-14T10:00:00Z
1655,151,12,462,63,254,49,200,2026-06-06,2026-06-13T10:00:00Z
1656,152,13,475,70,5,50,205,2026-06-05,2026-06-12T10:00:00Z
1657,153,14,488,77,16,51,210,2026-06-04,2026-06-11T10:00:00Z
1658,154,15,501,84,27,52,215,2026-06-03,2026-06-10T10:00:00Z
1659,155,16,514,91,38,53,220,2026-06-02,2026-06-09T10:00:00Z
1660,156,17,527,98,49,54,225,2026-06-01,2026-06-08T10:00:00Z
1661,157,18,540,105,60,55,230,2026-05-31,2026-06-17T10:00:00Z
1662,158,19,553,112,71,56,235,2026-05-30,2026-06-16T10:00:00Z
1663,159,20,566,119,82,57,240,2026-05-29,2026-06-15T10:00:00Z
1664,160,21,579,126,93,58,245,2026-05-28,2026-06-14T10:00:00Z
1665,161,22,592,133,104,59,250,2026-05-27,2026-06-13T10:00:00Z
1666,162,23,605,140,115,60,255,2026-05-26,2026-06-12T10:00:00Z
1667,163,24,618,147,126,61,260,2026-05-25,2026-06-11T10:00:00Z
1668,164,25,631,154,137,62,265,2026-05-24,2026-06-10T10:00:00Z
1669,165,26,644,161,148,63,270,2026-05-23,2026-06-09T10:00:00Z
1670,166,27,657,168,159,64,275,2026-05-22,2026-06-08T10:00:00Z
1671,167,28,50,50,170,65,280,2026-05-21,2026-06-17T10:00:00Z
1672,168,29,63,63,181,66,285,2026-05-20,2026-06-16T10:00:00Z
1673,169,30,76,9,192,67,290,2026-05-19,2026-06-15T10:00:00Z
1674,170,31,89,16,203,68,295,2026-05-18,2026-06-14T10:00:00Z
1675,171,1,102,23,214,69,300,2026-05-17,2026-06-13T10:00:00Z
1676,172,2,115,30,225,70,305,2026-05-16,2026-06-12T10:00:00Z
1677,173,3,128,37,236,71,310,2026-05-15,2026-06-11T10:00:00Z
1678,174,4,141,44,247,72,315,2026-05-14,2026-06-10T10:00:00Z
1679,175,5,154,51,258,73,320,2026-05-13,2026-06-09T10:00:00Z
1680,176,6,167,58,9,74,325,2026-05-12,2026-06-08T10:00:00Z
1681,177,7,180,65,20,35,90,2026-06-15,2026-06-17T10:00:00Z
1682,178,8,193,72,31,36,95,2026-06-14,2026-06-16T10:00:00Z
1683,179,9,206,79,42,37,100,2026-06-13,2026-06-15T10:00:00Z
1684,180,10,219,86,53,38,105,2026-06-12,2026-06-14T10:00:00Z
1685,181,11,232,93,64,39,110,2026-06-11,2026-06-13T10:00:00Z
1686,182,12,245,100,75,40,115,2026-06-10,2026-06-12T10:00:00Z
1687,183,13,258,107,86,41,120,2026-06-09,2026-06-11T10:00:00Z
1688,184,14,271,114,97,42,125,2026-06-08,2026-06-10T10:00:00Z
1689,185,15,284,121,108,43,130,2026-06-07,2026-06-09T10:00:00Z
1690,186,16,297,128,119,44,135,2026-06-06,2026-06-08T10:00:00Z
1691,187,17,310,135,130,45,140,2026-06-05,2026-06-17T10:00:00Z
1692,188,18,323,142,141,46,145,2026-06-04,2026-06-16T10:00:00Z
1693,1,19,336,149,152,47,150,2026-06-03,2026-06-15T10:00:00Z
1694,2,20,349,156,163,48,155,2026-06-02,2026-06-14T10:00:00Z
1695,3,21,362,163,174,49,160,2026-06-01,2026-06-13T10:00:00Z
1696,4,22,375,170,185,50,165,2026-05-31,2026-06-12T10:00:00Z
1697,5,23,388,177,196,51,170,2026-05-30,2026-06-11T10:00:00Z
1698,6,24,401,184,207,52,175,2026-05-29,2026-06-10T10:00:00Z
1699,7,25,414,11,218,53,180,2026-05-28,2026-06-09T10:00:00Z
1700,8,26,427,18,229,54,185,2026-05-27,2026-06-08T10:00:00Z
1701,9,27,440,25,240,55,190,2026-05-26,2026-06-17T10:00:00Z
1702,10,28,453,32,251,56,195,2026-05-25,2026-06-16T10:00:00Z
1703,11,29,466,39,2,57,200,2026-05-24,2026-06-15T10:00:00Z
1704,12,30,479,46,13,58,205,2026-05-23,2026-06-14T10:00:00Z
1705,13,31,492,53,24,59,210,2026-05-22,2026-06-13T10:00:00Z
1706,14,1,505,60,35,60,215,2026-05-21,2026-06-12T10:00:00Z
1707,15,2,518,67,46,61,220,2026-05-20,2026-06-11T10:00:00Z
1708,16,3,531,74,57,62,225,2026-05-19,2026-06-10T10:00:00Z
1709,17,4,544,81,68,63,230,2026-05-18,2026-06-09T10:00:00Z
1710,18,5,557,88,79,64,235,2026-05-17,2026-06-08T10:00:00Z
1711,19,6,570,95,90,65,240,2026-05-16,2026-06-17T10:00:00Z
1712,20,7,583,102,101,66,245,2026-05-15,2026-06-16T10:00:00Z
1713,21,8,596,109,112,67,250,2026-05-14,2026-06-15T10:00:00Z
1714,22,9,609,116,123,68,255,2026-05-13,2026-06-14T10:00:00Z
1715,23,10,622,123,134,69,260,2026-05-12,2026-06-13T10:00:00Z
1716,24,11,635,130,145,70,265,2026-06-15,2026-06-12T10:00:00Z
1717,25,12,648,137,156,71,270,2026-06-14,2026-06-11T10:00:00Z
1718,26,13,41,41,167,72,275,2026-06-13,2026-06-10T10:00:00Z
1719,27,14,54,54,178,73,280,2026-06-12,2026-06-09T10:00:00Z
1720,28,15,67,67,189,74,285,2026-06-11,2026-06-08T10:00:00Z
1721,29,16,80,80,200,35,290,2026-06-10,2026-06-17T10:00:00Z
1722,30,17,93,93,211,36,295,2026-06-09,2026-06-16T10:00:00Z
1723,31,18,106,106,222,37,300,2026-06-08,2026-06-15T10:00:00Z
1724,32,19,119,6,233,38,305,2026-06-07,2026-06-14T10:00:00Z
1725,33,20,132,13,244,39,310,2026-06-06,2026-06-13T10:00:00Z
1726,34,21,145,20,255,40,315,2026-06-05,2026-06-12T10:00:00Z
1727,35,22,158,27,6,41,320,2026-06-04,2026-06-11T10:00:00Z
1728,36,23,171,34,17,42,325,2026-06-03,2026-06-10T10:00:00Z
1729,37,24,184,41,28,43,90,2026-06-02,2026-06-09T10:00:00Z
1730,38,25,197,48,39,44,95,2026-06-01,2026-06-08T10:00:00Z
1731,39,26,210,55,50,45,100,2026-05-31,2026-06-17T10:00:00Z
1732,40,27,223,62,61,46,105,2026-05-30,2026-06-16T10:00:00Z
1733,41,28,236,69,72,47,110,2026-05-29,2026-06-15T10:00:00Z
1734,42,29,249,76,83,48,115,2026-05-28,2026-06-14T10:00:00Z
1735,43,30,262,83,94,49,120,2026-05-27,2026-06-13T10:00:00Z
1736,44,31,275,90,105,50,125,2026-05-26,2026-06-12T10:00:00Z
1737,45,1,288,97,116,51,130,2026-05-25,2026-06-11T10:00:00Z
1738,46,2,301,104,127,52,135,2026-05-24,2026-06-10T10:00:00Z
1739,47,3,314,111,138,53,140,2026-05-23,2026-06-09T10:00:00Z
1740,48,4,327,118,149,54,145,2026-05-22,2026-06-08T10:00:00Z
1741,49,5,340,125,160,55,150,2026-05-21,2026-06-17T10:00:00Z
1742,50,6,353,132,171,56,155,2026-05-20,2026-06-16T10:00:00Z
1743,51,7,366,139,182,57,160,2026-05-19,2026-06-15T10:00:00Z
1744,52,8,379,146,193,58,165,2026-05-18,2026-06-14T10:00:00Z
1745,53,9,392,153,204,59,170,2026-05-17,2026-06-13T10:00:00Z
1746,54,10,405,160,215,60,175,2026-05-16,2026-06-12T10:00:00Z
1747,55,11,418,167,226,61,180,2026-05-15,2026-06-11T10:00:00Z
1748,56,12,431,174,237,62,185,2026-05-14,2026-06-10T10:00:00Z
1749,57,13,444,181,248,63,190,2026-05-13,2026-06-09T10:00:00Z
1750,58,14,457,8,259,64,195,2026-05-12,2026-06-08T10:00:00Z
1751,59,15,470,15,10,65,200,2026-06-15,2026-06-17T10:00:00Z
1752,60,16,483,22,21,66,205,2026-06-14,2026-06-16T10:00:00Z
1753,61,17,496,29,32,67,210,2026-06-13,2026-06-15T10:00:00Z
1754,62,18,509,36,43,68,215,2026-06-12,2026-06-14T10:00:00Z
1755,63,19,522,43,54,69,220,2026-06-11,2026-06-13T10:00:00Z
1756,64,20,535,50,65,70,225,2026-06-10,2026-06-12T10:00:00Z
1757,65,21,548,57,76,71,230,2026-06-09,2026-06-11T10:00:00Z
1758,66,22,561,64,87,72,235,2026-06-08,2026-06-10T10:00:00Z
1759,67,23,574,71,98,73,240,2026-06-07,2026-06-09T10:00:00Z
1760,68,24,587,78,109,74,245,2026-06-06,2026-06-08T10:00:00Z
1761,69,25,600,85,120,35,250,2026-06-05,2026-06-17T10:00:00Z
1762,70,26,613,92,131,36,255,2026-06-04,2026-06-16T10:00:00Z
1763,71,27,626,99,142,37,260,2026-06-03,2026-06-15T10:00:00Z
1764,72,28,639,106,153,38,265,2026-06-02,2026-06-14T10:00:00Z
1765,73,29,652,113,164,39,270,2026-06-01,2026-06-13T10:00:00Z
1766,74,30,45,45,175,40,275,2026-05-31,2026-06-12T10:00:00Z
1767,75,31,58,58,186,41,280,2026-05-30,2026-06-11T10:00:00Z
1768,76,1,71,71,197,42,285,2026-05-29,2026-06-10T10:00:00Z
1769,77,2,84,84,208,43,290,2026-05-28,2026-06-09T10:00:00Z
1770,78,3,97,97,219,44,295,2026-05-27,2026-06-08T10:00:00Z
1771,79,4,110,110,230,45,300,2026-05-26,2026-06-17T10:00:00Z
1772,80,5,123,123,241,46,305,2026-05-25,2026-06-16T10:00:00Z
1773,81,6,136,136,252,47,310,2026-05-24,2026-06-15T10:00:00Z
1774,82,7,149,149,3,48,315,2026-05-23,2026-06-14T10:00:00Z
1775,83,8,162,162,14,49,320,2026-05-22,2026-06-13T10:00:00Z
1776,84,9,175,10,25,50,325,2026-05-21,2026-06-12T10:00:00Z
1777,85,10,188,17,36,51,90,2026-05-20,2026-06-11T10:00:00Z
1778,86,11,201,24,47,52,95,2026-05-19,2026-06-10T10:00:00Z
1779,87,12,214,31,58,53,100,2026-05-18,2026-06-09T10:00:00Z
1780,88,13,227,38,69,54,105,2026-05-17,2026-06-08T10:00:00Z
1781,89,14,240,45,80,55,110,2026-05-16,2026-06-17T10:00:00Z
1782,90,15,253,52,91,56,115,2026-05-15,2026-06-16T10:00:00Z
1783,91,16,266,59,102,57,120,2026-05-14,2026-06-15T10:00:00Z
1784,92,17,279,66,113,58,125,2026-05-13,2026-06-14T10:00:00Z
1785,93,18,292,73,124,59,130,2026-05-12,2026-06-13T10:00:00Z
1786,94,19,305,80,135,60,135,2026-06-15,2026-06-12T10:00:00Z
1787,95,20,318,87,146,61,140,2026-06-14,2026-06-11T10:00:00Z
1788,96,21,331,94,157,62,145,2026-06-13,2026-06-10T10:00:00Z
1789,97,22,344,101,168,63,150,2026-06-12,2026-06-09T10:00:00Z
1790,98,23,357,108,179,64,155,2026-06-11,2026-06-08T10:00:00Z
1791,99,24,370,115,190,65,160,2026-06-10,2026-06-17T10:00:00Z
1792,100,25,383,122,201,66,165,2026-06-09,2026-06-16T10:00:00Z
1793,101,26,396,129,212,67,170,2026-06-08,2026-06-15T10:00:00Z
1794,102,27,409,136,223,68,175,2026-06-07,2026-06-14T10:00:00Z
1795,103,28,422,143,234,69,180,2026-06-06,2026-06-13T10:00:00Z
1796,104,29,435,150,245,70,185,2026-06-05,2026-06-12T10:00:00Z
1797,105,30,448,157,256,71,190,2026-06-04,2026-06-11T10:00:00Z
1798,106,31,461,164,7,72,195,2026-06-03,2026-06-10T10:00:00Z
1799,107,1,474,171,18,73,200,2026-06-02,2026-06-09T10:00:00Z
1800,108,2,487,178,29,74,205,2026-06-01,2026-06-08T10:00:00Z
1801,109,3,500,5,40,35,210,2026-05-31,2026-06-17T10:00:00Z
1802,110,4,513,12,51,36,215,2026-05-30,2026-06-16T10:00:00Z
1803,111,5,526,19,62,37,220,2026-05-29,2026-06-15T10:00:00Z
1804,112,6,539,26,73,38,225,2026-05-28,2026-06-14T10:00:00Z
1805,113,7,552,33,84,39,230,2026-05-27,2026-06-13T10:00:00Z
1806,114,8,565,40,95,40,235,2026-05-26,2026-06-12T10:00:00Z
1807,115,9,578,47,106,41,240,2026-05-25,2026-06-11T10:00:00Z
1808,116,10,591,54,117,42,245,2026-05-24,2026-06-10T10:00:00Z
1809,117,11,604,61,128,43,250,2026-05-23,2026-06-09T10:00:00Z
1810,118,12,617,68,139,44,255,2026-05-22,2026-06-08T10:00:00Z
1811,119,13,630,75,150,45,260,2026-05-21,2026-06-17T10:00:00Z
1812,120,14,643,82,161,46,265,2026-05-20,2026-06-16T10:00:00Z
1813,121,15,656,89,172,47,270,2026-05-19,2026-06-15T10:00:00Z
1814,122,16,49,49,183,48,275,2026-05-18,2026-06-14T10:00:00Z
1815,123,17,62,62,194,49,280,2026-05-17,2026-06-13T10:00:00Z
1816,124,18,75,75,205,50,285,2026-05-16,2026-06-12T10:00:00Z
1817,125,19,88,88,216,51,290,2026-05-15,2026-06-11T10:00:00Z
1818,126,20,101,101,227,52,295,2026-05-14,2026-06-10T10:00:00Z
1819,127,21,114,114,238,53,300,2026-05-13,2026-06-09T10:00:00Z
1820,128,22,127,127,249,54,305,2026-05-12,2026-06-08T10:00:00Z
1821,129,23,140,140,0,55,310,2026-06-15,2026-06-17T10:00:00Z
1822,130,24,153,152,11,56,315,2026-06-14,2026-06-16T10:00:00Z
1823,131,25,166,159,22,57,320,2026-06-13,2026-06-15T10:00:00Z
1824,132,26,179,166,33,58,325,2026-06-12,2026-06-14T10:00:00Z
1825,133,27,192,173,44,59,90,2026-06-11,2026-06-13T10:00:00Z
1826,134,28,205,180,55,60,95,2026-06-10,2026-06-12T10:00:00Z
1827,135,29,218,7,66,61,100,2026-06-09,2026-06-11T10:00:00Z
1828,136,30,231,14,77,62,105,2026-06-08,2026-06-10T10:00:00Z
1829,137,31,244,21,88,63,110,2026-06-07,2026-06-09T10:00:00Z
1830,138,1,257,28,99,64,115,2026-06-06,2026-06-08T10:00:00Z
1831,139,2,270,35,110,65,120,2026-06-05,2026-06-17T10:00:00Z
1832,140,3,283,42,121,66,125,2026-06-04,2026-06-16T10:00:00Z
1833,141,4,296,49,132,67,130,2026-06-03,2026-06-15T10:00:00Z
1834,142,5,309,56,143,68,135,2026-06-02,2026-06-14T10:00:00Z
1835,143,6,322,63,154,69,140,2026-06-01,2026-06-13T10:00:00Z
1836,144,7,335,70,165,70,145,2026-05-31,2026-06-12T10:00:00Z
1837,145,8,348,77,176,71,150,2026-05-30,2026-06-11T10:00:00Z
1838,146,9,361,84,187,72,155,2026-05-29,2026-06-10T10:00:00Z
1839,147,10,374,91,198,73,160,2026-05-28,2026-06-09T10:00:00Z
1840,148,11,387,98,209,74,165,2026-05-27,2026-06-08T10:00:00Z
1841,149,12,400,105,220,35,170,2026-05-26,2026-06-17T10:00:00Z
1842,150,13,413,112,231,36,175,2026-05-25,2026-06-16T10:00:00Z
1843,151,14,426,119,242,37,180,2026-05-24,2026-06-15T10:00:00Z
1844,152,15,439,126,253,38,185,2026-05-23,2026-06-14T10:00:00Z
1845,153,16,452,133,4,39,190,2026-05-22,2026-06-13T10:00:00Z
1846,154,17,465,140,15,40,195,2026-05-21,2026-06-12T10:00:00Z
1847,155,18,478,147,26,41,200,2026-05-20,2026-06-11T10:00:00Z
1848,156,19,491,154,37,42,205,2026-05-19,2026-06-10T10:00:00Z
1849,157,20,504,161,48,43,210,2026-05-18,2026-06-09T10:00:00Z
1850,158,21,517,168,59,44,215,2026-05-17,2026-06-08T10:00:00Z
1851,159,22,530,175,70,45,220,2026-05-16,2026-06-17T10:00:00Z
1852,160,23,543,182,81,46,225,2026-05-15,2026-06-16T10:00:00Z
1853,161,24,556,9,92,47,230,2026-05-14,2026-06-15T10:00:00Z
1854,162,25,569,16,103,48,235,2026-05-13,2026-06-14T10:00:00Z
1855,163,26,582,23,114,49,240,2026-05-12,2026-06-13T10:00:00Z
1856,164,27,595,30,125,50,245,2026-06-15,2026-06-12T10:00:00Z
1857,165,28,608,37,136,51,250,2026-06-14,2026-06-11T10:00:00Z
1858,166,29,621,44,147,52,255,2026-06-13,2026-06-10T10:00:00Z
1859,167,30,634,51,158,53,260,2026-06-12,2026-06-09T10:00:00Z
1860,168,31,647,58,169,54,265,2026-06-11,2026-06-08T10:00:00Z
1861,169,1,40,40,180,55,270,2026-06-10,2026-06-17T10:00:00Z
1862,170,2,53,53,191,56,275,2026-06-09,2026-06-16T10:00:00Z
1863,171,3,66,66,202,57,280,2026-06-08,2026-06-15T10:00:00Z
1864,172,4,79,79,213,58,285,2026-06-07,2026-06-14T10:00:00Z
1865,173,5,92,92,224,59,290,2026-06-06,2026-06-13T10:00:00Z
1866,174,6,105,100,235,60,295,2026-06-05,2026-06-12T10:00:00Z
1867,175,7,118,107,246,61,300,2026-06-04,2026-06-11T10:00:00Z
1868,176,8,131,114,257,62,305,2026-06-03,2026-06-10T10:00:00Z
1869,177,9,144,121,8,63,310,2026-06-02,2026-06-09T10:00:00Z
1870,178,10,157,128,19,64,315,2026-06-01,2026-06-08T10:00:00Z
1871,179,11,170,135,30,65,320,2026-05-31,2026-06-17T10:00:00Z
1872,180,12,183,142,41,66,325,2026-05-30,2026-06-16T10:00:00Z
1873,181,13,196,149,52,67,90,2026-05-29,2026-06-15T10:00:00Z
1874,182,14,209,156,63,68,95,2026-05-28,2026-06-14T10:00:00Z
1875,183,15,222,163,74,69,100,2026-05-27,2026-06-13T10:00:00Z
1876,184,16,235,170,85,70,105,2026-05-26,2026-06-12T10:00:00Z
1877,185,17,248,177,96,71,110,2026-05-25,2026-06-11T10:00:00Z
1878,186,18,261,184,107,72,115,2026-05-24,2026-06-10T10:00:00Z
1879,187,19,274,11,118,73,120,2026-05-23,2026-06-09T10:00:00Z
1880,188,20,287,18,129,74,125,2026-05-22,2026-06-08T10:00:00Z
1881,1,21,300,25,140,35,130,2026-05-21,2026-06-17T10:00:00Z
1882,2,22,313,32,151,36,135,2026-05-20,2026-06-16T10:00:00Z
1883,3,23,326,39,162,37,140,2026-05-19,2026-06-15T10:00:00Z
1884,4,24,339,46,173,38,145,2026-05-18,2026-06-14T10:00:00Z
1885,5,25,352,53,184,39,150,2026-05-17,2026-06-13T10:00:00Z
1886,6,26,365,60,195,40,155,2026-05-16,2026-06-12T10:00:00Z
1887,7,27,378,67,206,41,160,2026-05-15,2026-06-11T10:00:00Z
1888,8,28,391,74,217,42,165,2026-05-14,2026-06-10T10:00:00Z
1889,9,29,404,81,228,43,170,2026-05-13,2026-06-09T10:00:00Z
1890,10,30,417,88,239,44,175,2026-05-12,2026-06-08T10:00:00Z
1891,11,31,430,95,250,45,180,2026-06-15,2026-06-17T10:00:00Z
1892,12,1,443,102,1,46,185,2026-06-14,2026-06-16T10:00:00Z
1893,13,2,456,109,12,47,190,2026-06-13,2026-06-15T10:00:00Z
1894,14,3,469,116,23,48,195,2026-06-12,2026-06-14T10:00:00Z
1895,15,4,482,123,34,49,200,2026-06-11,2026-06-13T10:00:00Z
1896,16,5,495,130,45,50,205,2026-06-10,2026-06-12T10:00:00Z
1897,17,6,508,137,56,51,210,2026-06-09,2026-06-11T10:00:00Z
1898,18,7,521,144,67,52,215,2026-06-08,2026-06-10T10:00:00Z
1899,19,8,534,151,78,53,220,2026-06-07,2026-06-09T10:00:00Z
1900,20,9,547,158,89,54,225,2026-06-06,2026-06-08T10:00:00Z
1901,21,10,560,165,100,55,230,2026-06-05,2026-06-17T10:00:00Z
1902,22,11,573,172,111,56,235,2026-06-04,2026-06-16T10:00:00Z
1903,23,12,586,179,122,57,240,2026-06-03,2026-06-15T10:00:00Z
1904,24,13,599,6,133,58,245,2026-06-02,2026-06-14T10:00:00Z
1905,25,14,612,13,144,59,250,2026-06-01,2026-06-13T10:00:00Z
1906,26,15,625,20,155,60,255,2026-05-31,2026-06-12T10:00:00Z
1907,27,16,638,27,166,61,260,2026-05-30,2026-06-11T10:00:00Z
1908,28,17,651,34,177,62,265,2026-05-29,2026-06-10T10:00:00Z
1909,29,18,44,41,188,63,270,2026-05-28,2026-06-09T10:00:00Z
1910,30,19,57,48,199,64,275,2026-05-27,2026-06-08T10:00:00Z
1911,31,20,70,55,210,65,280,2026-05-26,2026-06-17T10:00:00Z
1912,32,21,83,62,221,66,285,2026-05-25,2026-06-16T10:00:00Z
1913,33,22,96,69,232,67,290,2026-05-24,2026-06-15T10:00:00Z
1914,34,23,109,76,243,68,295,2026-05-23,2026-06-14T10:00:00Z
