item_id,order_id,product_id,quantity,unit_price,fulfilled_from
1,1,6,2,150,1
2,1,23,3,135,1
3,1,40,1,120,1
4,2,11,3,225,19
5,2,28,1,210,19
6,2,45,2,195,19
7,3,16,1,300,5
8,3,33,2,285,5
9,3,50,3,270,5
10,4,21,2,105,4
11,4,38,3,90,4
12,4,55,1,75,4
13,5,26,3,180,1
14,5,43,1,165,1
15,5,60,2,150,1
16,6,31,1,255,12
17,6,48,2,240,12
18,6,65,3,225,12
19,7,36,2,330,7
20,7,53,3,315,7
21,7,70,1,300,7
22,8,41,3,135,12
23,8,58,1,120,12
24,8,75,2,105,12
25,9,46,1,210,12
26,9,63,2,195,12
27,9,80,3,180,12
28,10,51,2,285,10
29,10,68,3,270,10
30,10,85,1,255,10
31,11,56,3,90,14
32,11,73,1,75,14
33,11,90,2,330,14
34,12,61,1,165,8
35,12,78,2,150,8
36,12,95,3,135,8
37,13,66,2,240,13
38,13,83,3,225,13
39,13,100,1,210,13
40,14,71,3,315,30
41,14,88,1,300,30
42,14,105,2,285,30
43,15,76,1,120,17
44,15,93,2,105,17
45,15,110,3,90,17
46,16,81,2,195,16
47,16,98,3,180,16
48,16,115,1,165,16
49,17,86,3,270,22
50,17,103,1,255,22
51,17,120,2,240,22
52,18,91,1,75,8
53,18,108,2,330,8
54,18,125,3,315,8
55,19,96,2,150,19
56,19,113,3,135,19
57,19,130,1,120,19
58,20,101,3,225,19
59,20,118,1,210,19
60,20,135,2,195,19
61,21,106,1,300,22
62,21,123,2,285,22
63,21,140,3,270,22
64,22,111,2,105,22
65,22,128,3,90,22
66,22,145,1,75,22
67,23,116,3,180,24
68,23,133,1,165,24
69,23,150,2,150,24
70,24,121,1,255,7
71,24,138,2,240,7
72,24,155,3,225,7
73,25,126,2,330,25
74,25,143,3,315,25
75,25,160,1,300,25
76,26,131,3,135,25
77,26,148,1,120,25
78,26,165,2,105,25
79,27,136,1,210,26
80,27,153,2,195,26
81,27,170,3,180,26
82,28,141,2,285,28
83,28,158,3,270,28
84,28,175,1,255,28
85,29,146,3,90,15
86,29,163,1,75,15
87,29,180,2,330,15
88,30,151,1,165,13
89,30,168,2,150,13
90,30,185,3,135,13
91,31,156,2,240,31
92,31,173,3,225,31
93,31,2,1,90,31
94,32,161,3,315,5
95,32,178,1,300,5
96,32,7,2,165,5
97,33,166,1,120,7
98,33,183,2,105,7
99,33,12,3,240,7
100,34,171,2,195,3
101,34,188,3,180,3
102,34,17,1,315,3
103,35,176,3,270,9
104,35,5,1,135,9
105,35,22,2,120,9
106,36,181,1,75,3
107,36,10,2,210,3
108,36,27,3,195,3
109,37,186,2,150,6
110,37,15,3,285,6
111,37,32,1,270,6
112,38,3,3,105,19
113,38,20,1,90,19
114,38,37,2,75,19
115,39,8,1,180,6
116,39,25,2,165,6
117,39,42,3,150,6
118,40,13,2,255,9
119,40,30,3,240,9
120,40,47,1,225,9
121,41,18,3,330,3
122,41,35,1,315,3
123,41,52,2,300,3
124,42,23,1,135,17
125,42,40,2,120,17
126,42,57,3,105,17
127,43,28,2,210,12
128,43,45,3,195,12
129,43,62,1,180,12
130,44,33,3,285,31
131,44,50,1,270,31
132,44,67,2,255,31
133,45,38,1,90,21
134,45,55,2,75,21
135,45,72,3,330,21
136,46,43,2,165,15
137,46,60,3,150,15
138,46,77,1,135,15
139,47,48,3,240,23
140,47,65,1,225,23
141,47,82,2,210,23
142,48,53,1,315,29
143,48,70,2,300,29
144,48,87,3,285,29
145,49,58,2,120,18
146,49,75,3,105,18
147,49,92,1,90,18
148,50,63,3,195,2
149,50,80,1,180,2
150,50,97,2,165,2
151,51,68,1,270,2
152,51,85,2,255,2
153,51,102,3,240,2
154,52,73,2,75,21
155,52,90,3,330,21
156,52,107,1,315,21
157,53,78,3,150,21
158,53,95,1,135,21
159,53,112,2,120,21
160,54,83,1,225,7
161,54,100,2,210,7
162,54,117,3,195,7
163,55,88,2,300,24
164,55,105,3,285,24
165,55,122,1,270,24
166,56,93,3,105,26
167,56,110,1,90,26
168,56,127,2,75,26
169,57,98,1,180,9
170,57,115,2,165,9
171,57,132,3,150,9
172,58,103,2,255,27
173,58,120,3,240,27
174,58,137,1,225,27
175,59,108,3,330,27
176,59,125,1,315,27
177,59,142,2,300,27
178,60,113,1,135,17
179,60,130,2,120,17
180,60,147,3,105,17
181,61,118,2,210,30
182,61,135,3,195,30
183,61,152,1,180,30
184,62,123,3,285,13
185,62,140,1,270,13
186,62,157,2,255,13
187,63,128,1,90,6
188,63,145,2,75,6
189,63,162,3,330,6
190,64,133,2,165,2
191,64,150,3,150,2
192,64,167,1,135,2
193,65,138,3,240,1
194,65,155,1,225,1
195,65,172,2,210,1
196,66,143,1,315,8
197,66,160,2,300,8
198,66,177,3,285,8
199,67,148,2,120,5
200,67,165,3,105,5
201,67,182,1,90,5
202,68,153,3,195,6
203,68,170,1,180,6
204,68,187,2,165,6
205,69,158,1,270,23
206,69,175,2,255,23
207,69,4,3,120,23
208,70,163,2,75,8
209,70,180,3,330,8
210,70,9,1,195,8
211,71,168,3,150,4
212,71,185,1,135,4
213,71,14,2,270,4
214,72,173,1,225,5
215,72,2,2,90,5
216,72,19,3,75,5
217,73,178,2,300,11
218,73,7,3,165,11
219,73,24,1,150,11
220,74,183,3,105,6
221,74,12,1,240,6
222,74,29,2,225,6
223,75,188,1,180,30
224,75,17,2,315,30
225,75,34,3,300,30
226,76,5,2,135,14
227,76,22,3,120,14
228,76,39,1,105,14
229,77,10,3,210,29
230,77,27,1,195,29
231,77,44,2,180,29
232,78,15,1,285,20
233,78,32,2,270,20
234,78,49,3,255,20
235,79,20,2,90,17
236,79,37,3,75,17
237,79,54,1,330,17
238,80,25,3,165,8
239,80,42,1,150,8
240,80,59,2,135,8
241,81,30,1,240,7
242,81,47,2,225,7
243,81,64,3,210,7
244,82,35,2,315,20
245,82,52,3,300,20
246,82,69,1,285,20
247,83,40,3,120,14
248,83,57,1,105,14
249,83,74,2,90,14
250,84,45,1,195,21
251,84,62,2,180,21
252,84,79,3,165,21
253,85,50,2,270,23
254,85,67,3,255,23
255,85,84,1,240,23
256,86,55,3,75,23
257,86,72,1,330,23
258,86,89,2,315,23
259,87,60,1,150,26
260,87,77,2,135,26
261,87,94,3,120,26
262,88,65,2,225,26
263,88,82,3,210,26
264,88,99,1,195,26
265,89,70,3,300,25
266,89,87,1,285,25
267,89,104,2,270,25
268,90,75,1,105,25
269,90,92,2,90,25
270,90,109,3,75,25
271,91,80,2,180,29
272,91,97,3,165,29
273,91,114,1,150,29
274,92,85,3,255,14
275,92,102,1,240,14
276,92,119,2,225,14
277,93,90,1,330,30
278,93,107,2,315,30
279,93,124,3,300,30
280,94,95,2,135,1
281,94,112,3,120,1
282,94,129,1,105,1
283,95,100,3,210,19
284,95,117,1,195,19
285,95,134,2,180,19
286,96,105,1,285,6
287,96,122,2,270,6
288,96,139,3,255,6
289,97,110,2,90,4
290,97,127,3,75,4
291,97,144,1,330,4
292,98,115,3,165,1
293,98,132,1,150,1
294,98,149,2,135,1
295,99,120,1,240,1
296,99,137,2,225,1
297,99,154,3,210,1
298,100,125,2,315,7
299,100,142,3,300,7
300,100,159,1,285,7
301,101,130,3,120,12
302,101,147,1,105,12
303,101,164,2,90,12
304,102,135,1,195,8
305,102,152,2,180,8
306,102,169,3,165,8
307,103,140,2,270,10
308,103,157,3,255,10
309,103,174,1,240,10
310,104,145,3,75,14
311,104,162,1,330,14
312,104,179,2,315,14
313,105,150,1,150,1
314,105,167,2,135,1
315,105,184,3,120,1
316,106,155,2,225,13
317,106,172,3,210,13
318,106,1,1,75,13
319,107,160,3,300,30
320,107,177,1,285,30
321,107,6,2,150,30
322,108,165,1,105,17
323,108,182,2,90,17
324,108,11,3,225,17
325,109,170,2,180,16
326,109,187,3,165,16
327,109,16,1,300,16
328,110,175,3,255,22
329,110,4,1,120,22
330,110,21,2,105,22
331,111,180,1,330,5
332,111,9,2,195,5
333,111,26,3,180,5
334,112,185,2,135,19
335,112,14,3,270,19
336,112,31,1,255,19
337,113,2,3,90,19
338,113,19,1,75,19
339,113,36,2,330,19
340,114,7,1,165,22
341,114,24,2,150,22
342,114,41,3,135,22
343,115,12,2,240,22
344,115,29,3,225,22
345,115,46,1,210,22
346,116,17,3,315,24
347,116,34,1,300,24
348,116,51,2,285,24
349,117,22,1,120,7
350,117,39,2,105,7
351,117,56,3,90,7
352,118,27,2,195,25
353,118,44,3,180,25
354,118,61,1,165,25
355,119,32,3,270,25
356,119,49,1,255,25
357,119,66,2,240,25
358,120,37,1,75,28
359,120,54,2,330,28
360,120,71,3,315,28
361,121,42,2,150,28
362,121,59,3,135,28
363,121,76,1,120,28
364,122,47,3,225,15
365,122,64,1,210,15
366,122,81,2,195,15
367,123,52,1,300,13
368,123,69,2,285,13
369,123,86,3,270,13
370,124,57,2,105,31
371,124,74,3,90,31
372,124,91,1,75,31
373,125,62,3,180,5
374,125,79,1,165,5
375,125,96,2,150,5
376,126,67,1,255,7
377,126,84,2,240,7
378,126,101,3,225,7
379,127,72,2,330,3
380,127,89,3,315,3
381,127,106,1,300,3
382,128,77,3,135,9
383,128,94,1,120,9
384,128,111,2,105,9
385,129,82,1,210,6
386,129,99,2,195,6
387,129,116,3,180,6
388,130,87,2,285,6
389,130,104,3,270,6
390,130,121,1,255,6
391,131,92,3,90,19
392,131,109,1,75,19
393,131,126,2,330,19
394,132,97,1,165,6
395,132,114,2,150,6
396,132,131,3,135,6
397,133,102,2,240,9
398,133,119,3,225,9
399,133,136,1,210,9
400,134,107,3,315,3
401,134,124,1,300,3
402,134,141,2,285,3
403,135,112,1,120,17
404,135,129,2,105,17
405,135,146,3,90,17
406,136,117,2,195,12
407,136,134,3,180,12
408,136,151,1,165,12
409,137,122,3,270,31
410,137,139,1,255,31
411,137,156,2,240,31
412,138,127,1,75,21
413,138,144,2,330,21
414,138,161,3,315,21
415,139,132,2,150,15
416,139,149,3,135,15
417,139,166,1,120,15
418,140,137,3,225,23
419,140,154,1,210,23
420,140,171,2,195,23
421,141,142,1,300,29
422,141,159,2,285,29
423,141,176,3,270,29
424,142,147,2,105,18
425,142,164,3,90,18
426,142,181,1,75,18
427,143,152,3,180,2
428,143,169,1,165,2
429,143,186,2,150,2
430,144,157,1,255,2
431,144,174,2,240,2
432,144,3,3,105,2
433,145,162,2,330,21
434,145,179,3,315,21
435,145,8,1,180,21
436,146,167,3,135,17
437,146,184,1,120,17
438,146,13,2,255,17
439,147,172,1,210,7
440,147,1,2,75,7
441,147,18,3,330,7
442,148,177,2,285,24
443,148,6,3,150,24
444,148,23,1,135,24
445,149,182,3,90,26
446,149,11,1,225,26
447,149,28,2,210,26
448,150,187,1,165,9
449,150,16,2,300,9
450,150,33,3,285,9
451,151,4,2,120,27
452,151,21,3,105,27
453,151,38,1,90,27
454,152,9,3,195,27
455,152,26,1,180,27
456,152,43,2,165,27
457,153,14,1,270,17
458,153,31,2,255,17
459,153,48,3,240,17
460,154,19,2,75,30
461,154,36,3,330,30
462,154,53,1,315,30
463,155,24,3,150,13
464,155,41,1,135,13
465,155,58,2,120,13
466,156,29,1,225,5
467,156,46,2,210,5
468,156,63,3,195,5
469,157,34,2,300,2
470,157,51,3,285,2
471,157,68,1,270,2
472,158,39,3,105,1
473,158,56,1,90,1
474,158,73,2,75,1
475,159,44,1,180,8
476,159,61,2,165,8
477,159,78,3,150,8
478,160,49,2,255,5
479,160,66,3,240,5
480,160,83,1,225,5
481,161,54,3,330,12
482,161,71,1,315,12
483,161,88,2,300,12
484,162,59,1,135,2
485,162,76,2,120,2
486,162,93,3,105,2
487,163,64,2,210,8
488,163,81,3,195,8
489,163,98,1,180,8
490,164,69,3,285,4
491,164,86,1,270,4
492,164,103,2,255,4
493,165,74,1,90,5
494,165,91,2,75,5
495,165,108,3,330,5
496,166,79,2,165,11
497,166,96,3,150,11
498,166,113,1,135,11
499,167,84,3,240,8
500,167,101,1,225,8
501,167,118,2,210,8
502,168,89,1,315,30
503,168,106,2,300,30
504,168,123,3,285,30
505,169,94,2,120,14
506,169,111,3,105,14
507,169,128,1,90,14
508,170,99,3,195,29
509,170,116,1,180,29
510,170,133,2,165,29
511,171,104,1,270,24
512,171,121,2,255,24
513,171,138,3,240,24
514,172,109,2,75,17
515,172,126,3,330,17
516,172,143,1,315,17
517,173,114,3,150,5
518,173,131,1,135,5
519,173,148,2,120,5
520,174,119,1,225,2
521,174,136,2,210,2
522,174,153,3,195,2
523,175,124,2,300,20
524,175,141,3,285,20
525,175,158,1,270,20
526,176,129,3,105,14
527,176,146,1,90,14
528,176,163,2,75,14
529,177,134,1,180,17
530,177,151,2,165,17
531,177,168,3,150,17
532,178,139,2,255,23
533,178,156,3,240,23
534,178,173,1,225,23
535,179,144,3,330,23
536,179,161,1,315,23
537,179,178,2,300,23
538,180,149,1,135,27
539,180,166,2,120,27
540,180,183,3,105,27
541,181,154,2,210,26
542,181,171,3,195,26
543,181,188,1,180,26
544,182,159,3,285,25
545,182,176,1,270,25
546,182,5,2,135,25
547,183,164,1,90,25
548,183,181,2,75,25
549,183,10,3,210,25
550,184,169,2,165,29
551,184,186,3,150,29
552,184,15,1,285,29
553,185,174,3,240,14
554,185,3,1,105,14
555,185,20,2,90,14
556,186,179,1,315,30
557,186,8,2,180,30
558,186,25,3,165,30
559,187,184,2,120,1
560,187,13,3,255,1
561,187,30,1,240,1
562,188,1,3,75,19
563,188,18,1,330,19
564,188,35,2,315,19
565,189,6,1,150,5
566,189,23,2,135,5
567,189,40,3,120,5
568,190,11,2,225,4
569,190,28,3,210,4
570,190,45,1,195,4
571,191,16,3,300,1
572,191,33,1,285,1
573,191,50,2,270,1
574,192,21,1,105,12
575,192,38,2,90,12
576,192,55,3,75,12
577,193,26,2,180,7
578,193,43,3,165,7
579,193,60,1,150,7
580,194,31,3,255,12
581,194,48,1,240,12
582,194,65,2,225,12
583,195,36,1,330,12
584,195,53,2,315,12
585,195,70,3,300,12
586,196,41,2,135,10
587,196,58,3,120,10
588,196,75,1,105,10
589,197,46,3,210,14
590,197,63,1,195,14
591,197,80,2,180,14
592,198,51,1,285,8
593,198,68,2,270,8
594,198,85,3,255,8
595,199,56,2,90,13
596,199,73,3,75,13
597,199,90,1,330,13
598,200,61,3,165,30
599,200,78,1,150,30
600,200,95,2,135,30
601,201,66,1,240,17
602,201,83,2,225,17
603,201,100,3,210,17
604,202,71,2,315,16
605,202,88,3,300,16
606,202,105,1,285,16
607,203,76,3,120,22
608,203,93,1,105,22
609,203,110,2,90,22
610,204,81,1,195,5
611,204,98,2,180,5
612,204,115,3,165,5
613,205,86,2,270,19
614,205,103,3,255,19
615,205,120,1,240,19
616,206,91,3,75,19
617,206,108,1,330,19
618,206,125,2,315,19
619,207,96,1,150,22
620,207,113,2,135,22
621,207,130,3,120,22
622,208,101,2,225,22
623,208,118,3,210,22
624,208,135,1,195,22
625,209,106,3,300,24
626,209,123,1,285,24
627,209,140,2,270,24
628,210,111,1,105,7
629,210,128,2,90,7
630,210,145,3,75,7
631,211,116,2,180,25
632,211,133,3,165,25
633,211,150,1,150,25
634,212,121,3,255,25
635,212,138,1,240,25
636,212,155,2,225,25
637,213,126,1,330,26
638,213,143,2,315,26
639,213,160,3,300,26
640,214,131,2,135,28
641,214,148,3,120,28
642,214,165,1,105,28
643,215,136,3,210,15
644,215,153,1,195,15
645,215,170,2,180,15
646,216,141,1,285,13
647,216,158,2,270,13
648,216,175,3,255,13
649,217,146,2,90,31
650,217,163,3,75,31
651,217,180,1,330,31
652,218,151,3,165,5
653,218,168,1,150,5
654,218,185,2,135,5
655,219,156,1,240,7
656,219,173,2,225,7
657,219,2,3,90,7
658,220,161,2,315,3
659,220,178,3,300,3
660,220,7,1,165,3
661,221,166,3,120,9
662,221,183,1,105,9
663,221,12,2,240,9
664,222,171,1,195,3
665,222,188,2,180,3
666,222,17,3,315,3
667,223,176,2,270,6
668,223,5,3,135,6
669,223,22,1,120,6
670,224,181,3,75,19
671,224,10,1,210,19
672,224,27,2,195,19
673,225,186,1,150,6
674,225,15,2,285,6
675,225,32,3,270,6
676,226,3,2,105,9
677,226,20,3,90,9
678,226,37,1,75,9
679,227,8,3,180,3
680,227,25,1,165,3
681,227,42,2,150,3
682,228,13,1,255,17
683,228,30,2,240,17
684,228,47,3,225,17
685,229,18,2,330,12
686,229,35,3,315,12
687,229,52,1,300,12
688,230,23,3,135,31
689,230,40,1,120,31
690,230,57,2,105,31
691,231,28,1,210,21
692,231,45,2,195,21
693,231,62,3,180,21
694,232,33,2,285,15
695,232,50,3,270,15
696,232,67,1,255,15
697,233,38,3,90,23
698,233,55,1,75,23
699,233,72,2,330,23
700,234,43,1,165,29
701,234,60,2,150,29
702,234,77,3,135,29
703,235,48,2,240,18
704,235,65,3,225,18
705,235,82,1,210,18
706,236,53,3,315,2
707,236,70,1,300,2
708,236,87,2,285,2
709,237,58,1,120,2
710,237,75,2,105,2
711,237,92,3,90,2
712,238,63,2,195,21
713,238,80,3,180,21
714,238,97,1,165,21
715,239,68,3,270,21
716,239,85,1,255,21
717,239,102,2,240,21
718,240,73,1,75,7
719,240,90,2,330,7
720,240,107,3,315,7
721,241,78,2,150,24
722,241,95,3,135,24
723,241,112,1,120,24
724,242,83,3,225,27
725,242,100,1,210,27
726,242,117,2,195,27
727,243,88,1,300,9
728,243,105,2,285,9
729,243,122,3,270,9
730,244,93,2,105,27
731,244,110,3,90,27
732,244,127,1,75,27
733,245,98,3,180,27
734,245,115,1,165,27
735,245,132,2,150,27
736,246,103,1,255,17
737,246,120,2,240,17
738,246,137,3,225,17
739,247,108,2,330,30
740,247,125,3,315,30
741,247,142,1,300,30
742,248,113,3,135,13
743,248,130,1,120,13
744,248,147,2,105,13
745,249,118,1,210,6
746,249,135,2,195,6
747,249,152,3,180,6
748,250,123,2,285,2
749,250,140,3,270,2
750,250,157,1,255,2
751,251,128,3,90,1
752,251,145,1,75,1
753,251,162,2,330,1
754,252,133,1,165,8
755,252,150,2,150,8
756,252,167,3,135,8
757,253,138,2,240,5
758,253,155,3,225,5
759,253,172,1,210,5
760,254,143,3,315,12
761,254,160,1,300,12
762,254,177,2,285,12
763,255,148,1,120,2
764,255,165,2,105,2
765,255,182,3,90,2
766,256,153,2,195,8
767,256,170,3,180,8
768,256,187,1,165,8
769,257,158,3,270,4
770,257,175,1,255,4
771,257,4,2,120,4
772,258,163,1,75,5
773,258,180,2,330,5
774,258,9,3,195,5
775,259,168,2,150,11
776,259,185,3,135,11
777,259,14,1,270,11
778,260,173,3,225,6
779,260,2,1,90,6
780,260,19,2,75,6
781,261,178,1,300,30
782,261,7,2,165,30
783,261,24,3,150,30
784,262,183,2,105,14
785,262,12,3,240,14
786,262,29,1,225,14
787,263,188,3,180,29
788,263,17,1,315,29
789,263,34,2,300,29
790,264,5,1,135,20
791,264,22,2,120,20
792,264,39,3,105,20
793,265,10,2,210,17
794,265,27,3,195,17
795,265,44,1,180,17
796,266,15,3,285,8
797,266,32,1,270,8
798,266,49,2,255,8
799,267,20,1,90,7
800,267,37,2,75,7
801,267,54,3,330,7
802,268,25,2,165,20
803,268,42,3,150,20
804,268,59,1,135,20
805,269,30,3,240,14
806,269,47,1,225,14
807,269,64,2,210,14
808,270,35,1,315,21
809,270,52,2,300,21
810,270,69,3,285,21
811,271,40,2,120,23
812,271,57,3,105,23
813,271,74,1,90,23
814,272,45,3,195,23
815,272,62,1,180,23
816,272,79,2,165,23
817,273,50,1,270,26
818,273,67,2,255,26
819,273,84,3,240,26
820,274,55,2,75,26
821,274,72,3,330,26
822,274,89,1,315,26
823,275,60,3,150,25
824,275,77,1,135,25
825,275,94,2,120,25
826,276,65,1,225,25
827,276,82,2,210,25
828,276,99,3,195,25
829,277,70,2,300,29
830,277,87,3,285,29
831,277,104,1,270,29
832,278,75,3,105,14
833,278,92,1,90,14
834,278,109,2,75,14
835,279,80,1,180,30
836,279,97,2,165,30
837,279,114,3,150,30
838,280,85,2,255,1
839,280,102,3,240,1
840,280,119,1,225,1
841,281,90,3,330,19
842,281,107,1,315,19
843,281,124,2,300,19
844,282,95,1,135,6
845,282,112,2,120,6
846,282,129,3,105,6
847,283,100,2,210,4
848,283,117,3,195,4
849,283,134,1,180,4
850,284,105,3,285,1
851,284,122,1,270,1
852,284,139,2,255,1
853,285,110,1,90,1
854,285,127,2,75,1
855,285,144,3,330,1
856,286,115,2,165,7
857,286,132,3,150,7
858,286,149,1,135,7
859,287,120,3,240,12
860,287,137,1,225,12
861,287,154,2,210,12
862,288,125,1,315,8
863,288,142,2,300,8
864,288,159,3,285,8
865,289,130,2,120,10
866,289,147,3,105,10
867,289,164,1,90,10
868,290,135,3,195,14
869,290,152,1,180,14
870,290,169,2,165,14
871,291,140,1,270,1
872,291,157,2,255,1
873,291,174,3,240,1
874,292,145,2,75,13
875,292,162,3,330,13
876,292,179,1,315,13
877,293,150,3,150,30
878,293,167,1,135,30
879,293,184,2,120,30
880,294,155,1,225,17
881,294,172,2,210,17
882,294,1,3,75,17
883,295,160,2,300,16
884,295,177,3,285,16
885,295,6,1,150,16
886,296,165,3,105,22
887,296,182,1,90,22
888,296,11,2,225,22
889,297,170,1,180,8
890,297,187,2,165,8
891,297,16,3,300,8
892,298,175,2,255,19
893,298,4,3,120,19
894,298,21,1,105,19
895,299,180,3,330,19
896,299,9,1,195,19
897,299,26,2,180,19
898,300,185,1,135,22
899,300,14,2,270,22
900,300,31,3,255,22
901,301,2,2,90,22
902,301,19,3,75,22
903,301,36,1,330,22
904,302,7,3,165,24
905,302,24,1,150,24
906,302,41,2,135,24
907,303,12,1,240,7
908,303,29,2,225,7
909,303,46,3,210,7
910,304,17,2,315,25
911,304,34,3,300,25
912,304,51,1,285,25
913,305,22,3,120,25
914,305,39,1,105,25
915,305,56,2,90,25
916,306,27,1,195,26
917,306,44,2,180,26
918,306,61,3,165,26
919,307,32,2,270,28
920,307,49,3,255,28
921,307,66,1,240,28
922,308,37,3,75,15
923,308,54,1,330,15
924,308,71,2,315,15
925,309,42,1,150,13
926,309,59,2,135,13
927,309,76,3,120,13
928,310,47,2,225,31
929,310,64,3,210,31
930,310,81,1,195,31
931,311,52,3,300,5
932,311,69,1,285,5
933,311,86,2,270,5
934,312,57,1,105,7
935,312,74,2,90,7
936,312,91,3,75,7
937,313,62,2,180,3
938,313,79,3,165,3
939,313,96,1,150,3
940,314,67,3,255,9
941,314,84,1,240,9
942,314,101,2,225,9
943,315,72,1,330,6
944,315,89,2,315,6
945,315,106,3,300,6
946,316,77,2,135,6
947,316,94,3,120,6
948,316,111,1,105,6
949,317,82,3,210,19
950,317,99,1,195,19
951,317,116,2,180,19
952,318,87,1,285,6
953,318,104,2,270,6
954,318,121,3,255,6
955,319,92,2,90,9
956,319,109,3,75,9
957,319,126,1,330,9
958,320,97,3,165,3
959,320,114,1,150,3
960,320,131,2,135,3
961,321,102,1,240,17
962,321,119,2,225,17
963,321,136,3,210,17
964,322,107,2,315,12
965,322,124,3,300,12
966,322,141,1,285,12
967,323,112,3,120,31
968,323,129,1,105,31
969,323,146,2,90,31
970,324,117,1,195,21
971,324,134,2,180,21
972,324,151,3,165,21
973,325,122,2,270,15
974,325,139,3,255,15
975,325,156,1,240,15
976,326,127,3,75,23
977,326,144,1,330,23
978,326,161,2,315,23
979,327,132,1,150,29
980,327,149,2,135,29
981,327,166,3,120,29
982,328,137,2,225,18
983,328,154,3,210,18
984,328,171,1,195,18
985,329,142,3,300,7
986,329,159,1,285,7
987,329,176,2,270,7
988,330,147,1,105,2
989,330,164,2,90,2
990,330,181,3,75,2
991,331,152,2,180,21
992,331,169,3,165,21
993,331,186,1,150,21
994,332,157,3,255,17
995,332,174,1,240,17
996,332,3,2,105,17
997,333,162,1,330,7
998,333,179,2,315,7
999,333,8,3,180,7
1000,334,167,2,135,24
1001,334,184,3,120,24
1002,334,13,1,255,24
1003,335,172,3,210,26
1004,335,1,1,75,26
1005,335,18,2,330,26
1006,336,177,1,285,9
1007,336,6,2,150,9
1008,336,23,3,135,9
1009,337,182,2,90,27
1010,337,11,3,225,27
1011,337,28,1,210,27
1012,338,187,3,165,27
1013,338,16,1,300,27
1014,338,33,2,285,27
1015,339,4,1,120,17
1016,339,21,2,105,17
1017,339,38,3,90,17
1018,340,9,2,195,30
1019,340,26,3,180,30
1020,340,43,1,165,30
1021,341,14,3,270,13
1022,341,31,1,255,13
1023,341,48,2,240,13
1024,342,19,1,75,5
1025,342,36,2,330,5
1026,342,53,3,315,5
1027,343,24,2,150,2
1028,343,41,3,135,2
1029,343,58,1,120,2
1030,344,29,3,225,1
1031,344,46,1,210,1
1032,344,63,2,195,1
1033,345,34,1,300,8
1034,345,51,2,285,8
1035,345,68,3,270,8
1036,346,39,2,105,5
1037,346,56,3,90,5
1038,346,73,1,75,5
1039,347,44,3,180,12
1040,347,61,1,165,12
1041,347,78,2,150,12
1042,348,49,1,255,2
1043,348,66,2,240,2
1044,348,83,3,225,2
1045,349,54,2,330,8
1046,349,71,3,315,8
1047,349,88,1,300,8
1048,350,59,3,135,4
1049,350,76,1,120,4
1050,350,93,2,105,4
1051,351,64,1,210,5
1052,351,81,2,195,5
1053,351,98,3,180,5
1054,352,69,2,285,11
1055,352,86,3,270,11
1056,352,103,1,255,11
1057,353,74,3,90,6
1058,353,91,1,75,6
1059,353,108,2,330,6
1060,354,79,1,165,30
1061,354,96,2,150,30
1062,354,113,3,135,30
1063,355,84,2,240,14
1064,355,101,3,225,14
1065,355,118,1,210,14
1066,356,89,3,315,29
1067,356,106,1,300,29
1068,356,123,2,285,29
1069,357,94,1,120,20
1070,357,111,2,105,20
1071,357,128,3,90,20
1072,358,99,2,195,17
1073,358,116,3,180,17
1074,358,133,1,165,17
1075,359,104,3,270,5
1076,359,121,1,255,5
1077,359,138,2,240,5
1078,360,109,1,75,2
1079,360,126,2,330,2
1080,360,143,3,315,2
1081,361,114,2,150,20
1082,361,131,3,135,20
1083,361,148,1,120,20
1084,362,119,3,225,14
1085,362,136,1,210,14
1086,362,153,2,195,14
1087,363,124,1,300,17
1088,363,141,2,285,17
1089,363,158,3,270,17
1090,364,129,2,105,23
1091,364,146,3,90,23
1092,364,163,1,75,23
1093,365,134,3,180,23
1094,365,151,1,165,23
1095,365,168,2,150,23
1096,366,139,1,255,27
1097,366,156,2,240,27
1098,366,173,3,225,27
1099,367,144,2,330,26
1100,367,161,3,315,26
1101,367,178,1,300,26
1102,368,149,3,135,25
1103,368,166,1,120,25
1104,368,183,2,105,25
1105,369,154,1,210,25
1106,369,171,2,195,25
1107,369,188,3,180,25
1108,370,159,2,285,29
1109,370,176,3,270,29
1110,370,5,1,135,29
1111,371,164,3,90,14
1112,371,181,1,75,14
1113,371,10,2,210,14
1114,372,169,1,165,30
1115,372,186,2,150,30
1116,372,15,3,285,30
1117,373,174,2,240,1
1118,373,3,3,105,1
1119,373,20,1,90,1
1120,374,179,3,315,19
1121,374,8,1,180,19
1122,374,25,2,165,19
1123,375,184,1,120,5
1124,375,13,2,255,5
1125,375,30,3,240,5
1126,376,1,2,75,4
1127,376,18,3,330,4
1128,376,35,1,315,4
1129,377,6,3,150,1
1130,377,23,1,135,1
1131,377,40,2,120,1
1132,378,11,1,225,3
1133,378,28,2,210,3
1134,378,45,3,195,3
1135,379,16,2,300,7
1136,379,33,3,285,7
1137,379,50,1,270,7
1138,380,21,3,105,12
1139,380,38,1,90,12
1140,380,55,2,75,12
1141,381,26,1,180,12
1142,381,43,2,165,12
1143,381,60,3,150,12
1144,382,31,2,255,10
1145,382,48,3,240,10
1146,382,65,1,225,10
1147,383,36,3,330,14
1148,383,53,1,315,14
1149,383,70,2,300,14
1150,384,41,1,135,8
1151,384,58,2,120,8
1152,384,75,3,105,8
1153,385,46,2,210,13
1154,385,63,3,195,13
1155,385,80,1,180,13
1156,386,51,3,285,30
1157,386,68,1,270,30
1158,386,85,2,255,30
1159,387,56,1,90,17
1160,387,73,2,75,17
1161,387,90,3,330,17
1162,388,61,2,165,16
1163,388,78,3,150,16
1164,388,95,1,135,16
1165,389,66,3,240,22
1166,389,83,1,225,22
1167,389,100,2,210,22
1168,390,71,1,315,5
1169,390,88,2,300,5
1170,390,105,3,285,5
1171,391,76,2,120,19
1172,391,93,3,105,19
1173,391,110,1,90,19
1174,392,81,3,195,19
1175,392,98,1,180,19
1176,392,115,2,165,19
1177,393,86,1,270,22
1178,393,103,2,255,22
1179,393,120,3,240,22
1180,394,91,2,75,22
1181,394,108,3,330,22
1182,394,125,1,315,22
1183,395,96,3,150,24
1184,395,113,1,135,24
1185,395,130,2,120,24
1186,396,101,1,225,7
1187,396,118,2,210,7
1188,396,135,3,195,7
1189,397,106,2,300,25
1190,397,123,3,285,25
1191,397,140,1,270,25
1192,398,111,3,105,25
1193,398,128,1,90,25
1194,398,145,2,75,25
1195,399,116,1,180,26
1196,399,133,2,165,26
1197,399,150,3,150,26
1198,400,121,2,255,28
1199,400,138,3,240,28
1200,400,155,1,225,28
1201,401,126,3,330,15
1202,401,143,1,315,15
1203,401,160,2,300,15
1204,402,131,1,135,13
1205,402,148,2,120,13
1206,402,165,3,105,13
1207,403,136,2,210,31
1208,403,153,3,195,31
1209,403,170,1,180,31
1210,404,141,3,285,5
1211,404,158,1,270,5
1212,404,175,2,255,5
1213,405,146,1,90,7
1214,405,163,2,75,7
1215,405,180,3,330,7
1216,406,151,2,165,3
1217,406,168,3,150,3
1218,406,185,1,135,3
1219,407,156,3,240,9
1220,407,173,1,225,9
1221,407,2,2,90,9
1222,408,161,1,315,6
1223,408,178,2,300,6
1224,408,7,3,165,6
1225,409,166,2,120,6
1226,409,183,3,105,6
1227,409,12,1,240,6
1228,410,171,3,195,19
1229,410,188,1,180,19
1230,410,17,2,315,19
1231,411,176,1,270,6
1232,411,5,2,135,6
1233,411,22,3,120,6
1234,412,181,2,75,9
1235,412,10,3,210,9
1236,412,27,1,195,9
1237,413,186,3,150,3
1238,413,15,1,285,3
1239,413,32,2,270,3
1240,414,3,1,105,17
1241,414,20,2,90,17
1242,414,37,3,75,17
1243,415,8,2,180,12
1244,415,25,3,165,12
1245,415,42,1,150,12
1246,416,13,3,255,31
1247,416,30,1,240,31
1248,416,47,2,225,31
1249,417,18,1,330,21
1250,417,35,2,315,21
1251,417,52,3,300,21
1252,418,23,2,135,15
1253,418,40,3,120,15
1254,418,57,1,105,15
1255,419,28,3,210,23
1256,419,45,1,195,23
1257,419,62,2,180,23
1258,420,33,1,285,29
1259,420,50,2,270,29
1260,420,67,3,255,29
1261,421,38,2,90,18
1262,421,55,3,75,18
1263,421,72,1,330,18
1264,422,43,3,165,2
1265,422,60,1,150,2
1266,422,77,2,135,2
1267,423,48,1,240,2
1268,423,65,2,225,2
1269,423,82,3,210,2
1270,424,53,2,315,21
1271,424,70,3,300,21
1272,424,87,1,285,21
1273,425,58,3,120,17
1274,425,75,1,105,17
1275,425,92,2,90,17
1276,426,63,1,195,7
1277,426,80,2,180,7
1278,426,97,3,165,7
1279,427,68,2,270,24
1280,427,85,3,255,24
1281,427,102,1,240,24
1282,428,73,3,75,27
1283,428,90,1,330,27
1284,428,107,2,315,27
1285,429,78,1,150,9
1286,429,95,2,135,9
1287,429,112,3,120,9
1288,430,83,2,225,27
1289,430,100,3,210,27
1290,430,117,1,195,27
1291,431,88,3,300,27
1292,431,105,1,285,27
1293,431,122,2,270,27
1294,432,93,1,105,17
1295,432,110,2,90,17
1296,432,127,3,75,17
1297,433,98,2,180,30
1298,433,115,3,165,30
1299,433,132,1,150,30
1300,434,103,3,255,13
1301,434,120,1,240,13
1302,434,137,2,225,13
1303,435,108,1,330,6
1304,435,125,2,315,6
1305,435,142,3,300,6
1306,436,113,2,135,2
1307,436,130,3,120,2
1308,436,147,1,105,2
1309,437,118,3,210,1
1310,437,135,1,195,1
1311,437,152,2,180,1
1312,438,123,1,285,8
1313,438,140,2,270,8
1314,438,157,3,255,8
1315,439,128,2,90,5
1316,439,145,3,75,5
1317,439,162,1,330,5
1318,440,133,3,165,12
1319,440,150,1,150,12
1320,440,167,2,135,12
1321,441,138,1,240,2
1322,441,155,2,225,2
1323,441,172,3,210,2
1324,442,143,2,315,8
1325,442,160,3,300,8
1326,442,177,1,285,8
1327,443,148,3,120,4
1328,443,165,1,105,4
1329,443,182,2,90,4
1330,444,153,1,195,5
1331,444,170,2,180,5
1332,444,187,3,165,5
1333,445,158,2,270,11
1334,445,175,3,255,11
1335,445,4,1,120,11
1336,446,163,3,75,6
1337,446,180,1,330,6
1338,446,9,2,195,6
1339,447,168,1,150,30
1340,447,185,2,135,30
1341,447,14,3,270,30
1342,448,173,2,225,14
1343,448,2,3,90,14
1344,448,19,1,75,14
1345,449,178,3,300,29
1346,449,7,1,165,29
1347,449,24,2,150,29
1348,450,183,1,105,20
1349,450,12,2,240,20
1350,450,29,3,225,20
1351,451,188,2,180,17
1352,451,17,3,315,17
1353,451,34,1,300,17
1354,452,5,3,135,8
1355,452,22,1,120,8
1356,452,39,2,105,8
1357,453,10,1,210,7
1358,453,27,2,195,7
1359,453,44,3,180,7
1360,454,15,2,285,20
1361,454,32,3,270,20
1362,454,49,1,255,20
1363,455,20,3,90,14
1364,455,37,1,75,14
1365,455,54,2,330,14
1366,456,25,1,165,21
1367,456,42,2,150,21
1368,456,59,3,135,21
1369,457,30,2,240,23
1370,457,47,3,225,23
1371,457,64,1,210,23
1372,458,35,3,315,23
1373,458,52,1,300,23
1374,458,69,2,285,23
1375,459,40,1,120,27
1376,459,57,2,105,27
1377,459,74,3,90,27
1378,460,45,2,195,26
1379,460,62,3,180,26
1380,460,79,1,165,26
1381,461,50,3,270,25
1382,461,67,1,255,25
1383,461,84,2,240,25
1384,462,55,1,75,25
1385,462,72,2,330,25
1386,462,89,3,315,25
1387,463,60,2,150,29
1388,463,77,3,135,29
1389,463,94,1,120,29
1390,464,65,3,225,14
1391,464,82,1,210,14
1392,464,99,2,195,14
1393,465,70,1,300,30
1394,465,87,2,285,30
1395,465,104,3,270,30
1396,466,75,2,105,1
1397,466,92,3,90,1
1398,466,109,1,75,1
1399,467,80,3,180,19
1400,467,97,1,165,19
1401,467,114,2,150,19
1402,468,85,1,255,6
1403,468,102,2,240,6
1404,468,119,3,225,6
1405,469,90,2,330,4
1406,469,107,3,315,4
1407,469,124,1,300,4
1408,470,95,3,135,1
1409,470,112,1,120,1
1410,470,129,2,105,1
1411,471,100,1,210,1
1412,471,117,2,195,1
1413,471,134,3,180,1
1414,472,105,2,285,7
1415,472,122,3,270,7
1416,472,139,1,255,7
1417,473,110,3,90,12
1418,473,127,1,75,12
1419,473,144,2,330,12
1420,474,115,1,165,8
1421,474,132,2,150,8
1422,474,149,3,135,8
1423,475,120,2,240,10
1424,475,137,3,225,10
1425,475,154,1,210,10
1426,476,125,3,315,14
1427,476,142,1,300,14
1428,476,159,2,285,14
1429,477,130,1,120,1
1430,477,147,2,105,1
1431,477,164,3,90,1
1432,478,135,2,195,13
1433,478,152,3,180,13
1434,478,169,1,165,13
1435,479,140,3,270,30
1436,479,157,1,255,30
1437,479,174,2,240,30
1438,480,145,1,75,17
1439,480,162,2,330,17
1440,480,179,3,315,17
1441,481,150,2,150,16
1442,481,167,3,135,16
1443,481,184,1,120,16
1444,482,155,3,225,22
1445,482,172,1,210,22
1446,482,1,2,75,22
1447,483,160,1,300,8
1448,483,177,2,285,8
1449,483,6,3,150,8
1450,484,165,2,105,19
1451,484,182,3,90,19
1452,484,11,1,225,19
1453,485,170,3,180,19
1454,485,187,1,165,19
1455,485,16,2,300,19
1456,486,175,1,255,22
1457,486,4,2,120,22
1458,486,21,3,105,22
1459,487,180,2,330,22
1460,487,9,3,195,22
1461,487,26,1,180,22
1462,488,185,3,135,24
1463,488,14,1,270,24
1464,488,31,2,255,24
1465,489,2,1,90,7
1466,489,19,2,75,7
1467,489,36,3,330,7
1468,490,7,2,165,25
1469,490,24,3,150,25
1470,490,41,1,135,25
1471,491,12,3,240,25
1472,491,29,1,225,25
1473,491,46,2,210,25
1474,492,17,1,315,26
1475,492,34,2,300,26
1476,492,51,3,285,26
1477,493,22,2,120,28
1478,493,39,3,105,28
1479,493,56,1,90,28
1480,494,27,3,195,15
1481,494,44,1,180,15
1482,494,61,2,165,15
1483,495,32,1,270,13
1484,495,49,2,255,13
1485,495,66,3,240,13
1486,496,37,2,75,31
1487,496,54,3,330,31
1488,496,71,1,315,31
1489,497,42,3,150,5
1490,497,59,1,135,5
1491,497,76,2,120,5
1492,498,47,1,225,7
1493,498,64,2,210,7
1494,498,81,3,195,7
1495,499,52,2,300,3
1496,499,69,3,285,3
1497,499,86,1,270,3
1498,500,57,3,105,9
1499,500,74,1,90,9
1500,500,91,2,75,9
1501,501,62,1,180,6
1502,501,79,2,165,6
1503,501,96,3,150,6
1504,502,67,2,255,6
1505,502,84,3,240,6
1506,502,101,1,225,6
1507,503,72,3,330,19
1508,503,89,1,315,19
1509,503,106,2,300,19
1510,504,77,1,135,6
1511,504,94,2,120,6
1512,504,111,3,105,6
1513,505,82,2,210,9
1514,505,99,3,195,9
1515,505,116,1,180,9
1516,506,87,3,285,3
1517,506,104,1,270,3
1518,506,121,2,255,3
1519,507,92,1,90,17
1520,507,109,2,75,17
1521,507,126,3,330,17
1522,508,97,2,165,12
1523,508,114,3,150,12
1524,508,131,1,135,12
1525,509,102,3,240,31
1526,509,119,1,225,31
1527,509,136,2,210,31
1528,510,107,1,315,11
1529,510,124,2,300,11
1530,510,141,3,285,11
1531,511,112,2,120,15
1532,511,129,3,105,15
1533,511,146,1,90,15
1534,512,117,3,195,23
1535,512,134,1,180,23
1536,512,151,2,165,23
1537,513,122,1,270,21
1538,513,139,2,255,21
1539,513,156,3,240,21
1540,514,127,2,75,18
1541,514,144,3,330,18
1542,514,161,1,315,18
1543,515,132,3,150,7
1544,515,149,1,135,7
1545,515,166,2,120,7
1546,516,137,1,225,2
1547,516,154,2,210,2
1548,516,171,3,195,2
1549,517,142,2,300,21
1550,517,159,3,285,21
1551,517,176,1,270,21
1552,518,147,3,105,21
1553,518,164,1,90,21
1554,518,181,2,75,21
1555,519,152,1,180,7
1556,519,169,2,165,7
1557,519,186,3,150,7
1558,520,157,2,255,24
1559,520,174,3,240,24
1560,520,3,1,105,24
1561,521,162,3,330,26
1562,521,179,1,315,26
1563,521,8,2,180,26
1564,522,167,1,135,9
1565,522,184,2,120,9
1566,522,13,3,255,9
1567,523,172,2,210,27
1568,523,1,3,75,27
1569,523,18,1,330,27
1570,524,177,3,285,27
1571,524,6,1,150,27
1572,524,23,2,135,27
1573,525,182,1,90,17
1574,525,11,2,225,17
1575,525,28,3,210,17
1576,526,187,2,165,30
1577,526,16,3,300,30
1578,526,33,1,285,30
1579,527,4,3,120,13
1580,527,21,1,105,13
1581,527,38,2,90,13
1582,528,9,1,195,5
1583,528,26,2,180,5
1584,528,43,3,165,5
1585,529,14,2,270,2
1586,529,31,3,255,2
1587,529,48,1,240,2
1588,530,19,3,75,1
1589,530,36,1,330,1
1590,530,53,2,315,1
1591,531,24,1,150,8
1592,531,41,2,135,8
1593,531,58,3,120,8
1594,532,29,2,225,5
1595,532,46,3,210,5
1596,532,63,1,195,5
1597,533,34,3,300,1
1598,533,51,1,285,1
1599,533,68,2,270,1
1600,534,39,1,105,2
1601,534,56,2,90,2
1602,534,73,3,75,2
1603,535,44,2,180,8
1604,535,61,3,165,8
1605,535,78,1,150,8
1606,536,49,3,255,4
1607,536,66,1,240,4
1608,536,83,2,225,4
1609,537,54,1,330,5
1610,537,71,2,315,5
1611,537,88,3,300,5
1612,538,59,2,135,11
1613,538,76,3,120,11
1614,538,93,1,105,11
1615,539,64,3,210,6
1616,539,81,1,195,6
1617,539,98,2,180,6
1618,540,69,1,285,30
1619,540,86,2,270,30
1620,540,103,3,255,30
1621,541,74,2,90,14
1622,541,91,3,75,14
1623,541,108,1,330,14
1624,542,79,3,165,29
1625,542,96,1,150,29
1626,542,113,2,135,29
1627,543,84,1,240,20
1628,543,101,2,225,20
1629,543,118,3,210,20
1630,544,89,2,315,17
1631,544,106,3,300,17
1632,544,123,1,285,17
1633,545,94,3,120,5
1634,545,111,1,105,5
1635,545,128,2,90,5
1636,546,99,1,195,2
1637,546,116,2,180,2
1638,546,133,3,165,2
1639,547,104,2,270,20
1640,547,121,3,255,20
1641,547,138,1,240,20
1642,548,109,3,75,14
1643,548,126,1,330,14
1644,548,143,2,315,14
1645,549,114,1,150,17
1646,549,131,2,135,17
1647,549,148,3,120,17
1648,550,119,2,225,23
1649,550,136,3,210,23
1650,550,153,1,195,23
1651,551,124,3,300,23
1652,551,141,1,285,23
1653,551,158,2,270,23
1654,552,129,1,105,27
1655,552,146,2,90,27
1656,552,163,3,75,27
1657,553,134,2,180,26
1658,553,151,3,165,26
1659,553,168,1,150,26
1660,554,139,3,255,25
1661,554,156,1,240,25
1662,554,173,2,225,25
1663,555,144,1,330,25
1664,555,161,2,315,25
1665,555,178,3,300,25
1666,556,149,2,135,29
1667,556,166,3,120,29
1668,556,183,1,105,29
1669,557,154,3,210,14
1670,557,171,1,195,14
1671,557,188,2,180,14
1672,558,159,1,285,30
1673,558,176,2,270,30
1674,558,5,3,135,30
1675,559,164,2,90,1
1676,559,181,3,75,1
1677,559,10,1,210,1
1678,560,169,3,165,19
1679,560,186,1,150,19
1680,560,15,2,285,19
1681,561,174,1,240,6
1682,561,3,2,105,6
1683,561,20,3,90,6
1684,562,179,2,315,4
1685,562,8,3,180,4
1686,562,25,1,165,4
1687,563,184,3,120,1
1688,563,13,1,255,1
1689,563,30,2,240,1
1690,564,1,1,75,3
1691,564,18,2,330,3
1692,564,35,3,315,3
1693,565,6,2,150,7
1694,565,23,3,135,7
1695,565,40,1,120,7
1696,566,11,3,225,12
1697,566,28,1,210,12
1698,566,45,2,195,12
1699,567,16,1,300,12
1700,567,33,2,285,12
1701,567,50,3,270,12
1702,568,21,2,105,10
1703,568,38,3,90,10
1704,568,55,1,75,10
1705,569,26,3,180,14
1706,569,43,1,165,14
1707,569,60,2,150,14
1708,570,31,1,255,8
1709,570,48,2,240,8
1710,570,65,3,225,8
1711,571,36,2,330,13
1712,571,53,3,315,13
1713,571,70,1,300,13
1714,572,41,3,135,30
1715,572,58,1,120,30
1716,572,75,2,105,30
1717,573,46,1,210,17
1718,573,63,2,195,17
1719,573,80,3,180,17
1720,574,51,2,285,16
1721,574,68,3,270,16
1722,574,85,1,255,16
1723,575,56,3,90,22
1724,575,73,1,75,22
1725,575,90,2,330,22
1726,576,61,1,165,5
1727,576,78,2,150,5
1728,576,95,3,135,5
1729,577,66,2,240,19
1730,577,83,3,225,19
1731,577,100,1,210,19
1732,578,71,3,315,19
1733,578,88,1,300,19
1734,578,105,2,285,19
1735,579,76,1,120,22
1736,579,93,2,105,22
1737,579,110,3,90,22
1738,580,81,2,195,22
1739,580,98,3,180,22
1740,580,115,1,165,22
1741,581,86,3,270,24
1742,581,103,1,255,24
1743,581,120,2,240,24
1744,582,91,1,75,7
1745,582,108,2,330,7
1746,582,125,3,315,7
1747,583,96,2,150,25
1748,583,113,3,135,25
1749,583,130,1,120,25
1750,584,101,3,225,25
1751,584,118,1,210,25
1752,584,135,2,195,25
1753,585,106,1,300,26
1754,585,123,2,285,26
1755,585,140,3,270,26
1756,586,111,2,105,28
1757,586,128,3,90,28
1758,586,145,1,75,28
1759,587,116,3,180,15
1760,587,133,1,165,15
1761,587,150,2,150,15
1762,588,121,1,255,13
1763,588,138,2,240,13
1764,588,155,3,225,13
1765,589,126,2,330,31
1766,589,143,3,315,31
1767,589,160,1,300,31
1768,590,131,3,135,5
1769,590,148,1,120,5
1770,590,165,2,105,5
1771,591,136,1,210,7
1772,591,153,2,195,7
1773,591,170,3,180,7
1774,592,141,2,285,3
1775,592,158,3,270,3
1776,592,175,1,255,3
1777,593,146,3,90,9
1778,593,163,1,75,9
1779,593,180,2,330,9
1780,594,151,1,165,6
1781,594,168,2,150,6
1782,594,185,3,135,6
1783,595,156,2,240,12
1784,595,173,3,225,12
1785,595,2,1,90,12
1786,596,161,3,315,19
1787,596,178,1,300,19
1788,596,7,2,165,19
1789,597,166,1,120,6
1790,597,183,2,105,6
1791,597,12,3,240,6
1792,598,171,2,195,9
1793,598,188,3,180,9
1794,598,17,1,315,9
1795,599,176,3,270,3
1796,599,5,1,135,3
1797,599,22,2,120,3
1798,600,181,1,75,17
1799,600,10,2,210,17
1800,600,27,3,195,17
1801,601,186,2,150,12
1802,601,15,3,285,12
1803,601,32,1,270,12
1804,602,3,3,105,31
1805,602,20,1,90,31
1806,602,37,2,75,31
1807,603,8,1,180,21
1808,603,25,2,165,21
1809,603,42,3,150,21
1810,604,13,2,255,15
1811,604,30,3,240,15
1812,604,47,1,225,15
1813,605,18,3,330,23
1814,605,35,1,315,23
1815,605,52,2,300,23
1816,606,23,1,135,29
1817,606,40,2,120,29
1818,606,57,3,105,29
1819,607,28,2,210,18
1820,607,45,3,195,18
1821,607,62,1,180,18
1822,608,33,3,285,2
1823,608,50,1,270,2
1824,608,67,2,255,2
1825,609,38,1,90,2
1826,609,55,2,75,2
1827,609,72,3,330,2
1828,610,43,2,165,21
1829,610,60,3,150,21
1830,610,77,1,135,21
1831,611,48,3,240,17
1832,611,65,1,225,17
1833,611,82,2,210,17
1834,612,53,1,315,7
1835,612,70,2,300,7
1836,612,87,3,285,7
1837,613,58,2,120,24
1838,613,75,3,105,24
1839,613,92,1,90,24
1840,614,63,3,195,27
1841,614,80,1,180,27
1842,614,97,2,165,27
1843,615,68,1,270,9
1844,615,85,2,255,9
1845,615,102,3,240,9
1846,616,73,2,75,27
1847,616,90,3,330,27
1848,616,107,1,315,27
1849,617,78,3,150,27
1850,617,95,1,135,27
1851,617,112,2,120,27
1852,618,83,1,225,17
1853,618,100,2,210,17
1854,618,117,3,195,17
1855,619,88,2,300,30
1856,619,105,3,285,30
1857,619,122,1,270,30
1858,620,93,3,105,13
1859,620,110,1,90,13
1860,620,127,2,75,13
1861,621,98,1,180,3
1862,621,115,2,165,3
1863,621,132,3,150,3
1864,622,103,2,255,2
1865,622,120,3,240,2
1866,622,137,1,225,2
1867,623,108,3,330,1
1868,623,125,1,315,1
1869,623,142,2,300,1
1870,624,113,1,135,8
1871,624,130,2,120,8
1872,624,147,3,105,8
1873,625,118,2,210,5
1874,625,135,3,195,5
1875,625,152,1,180,5
1876,626,123,3,285,12
1877,626,140,1,270,12
1878,626,157,2,255,12
1879,627,128,1,90,2
1880,627,145,2,75,2
1881,627,162,3,330,2
1882,628,133,2,165,8
1883,628,150,3,150,8
1884,628,167,1,135,8
1885,629,138,3,240,4
1886,629,155,1,225,4
1887,629,172,2,210,4
1888,630,143,1,315,5
1889,630,160,2,300,5
1890,630,177,3,285,5
1891,631,148,2,120,11
1892,631,165,3,105,11
1893,631,182,1,90,11
1894,632,153,3,195,6
1895,632,170,1,180,6
1896,632,187,2,165,6
1897,633,158,1,270,30
1898,633,175,2,255,30
1899,633,4,3,120,30
1900,634,163,2,75,14
1901,634,180,3,330,14
1902,634,9,1,195,14
1903,635,168,3,150,29
1904,635,185,1,135,29
1905,635,14,2,270,29
1906,636,173,1,225,20
1907,636,2,2,90,20
1908,636,19,3,75,20
1909,637,178,2,300,17
1910,637,7,3,165,17
1911,637,24,1,150,17
1912,638,183,3,105,8
1913,638,12,1,240,8
1914,638,29,2,225,8
1915,639,188,1,180,7
1916,639,17,2,315,7
1917,639,34,3,300,7
1918,640,5,2,135,20
1919,640,22,3,120,20
1920,640,39,1,105,20
1921,641,10,3,210,14
1922,641,27,1,195,14
1923,641,44,2,180,14
1924,642,15,1,285,21
1925,642,32,2,270,21
1926,642,49,3,255,21
1927,643,20,2,90,23
1928,643,37,3,75,23
1929,643,54,1,330,23
1930,644,25,3,165,23
1931,644,42,1,150,23
1932,644,59,2,135,23
1933,645,30,1,240,27
1934,645,47,2,225,27
1935,645,64,3,210,27
1936,646,35,2,315,26
1937,646,52,3,300,26
1938,646,69,1,285,26
1939,647,40,3,120,25
1940,647,57,1,105,25
1941,647,74,2,90,25
1942,648,45,1,195,25
1943,648,62,2,180,25
1944,648,79,3,165,25
1945,649,50,2,270,29
1946,649,67,3,255,29
1947,649,84,1,240,29
1948,650,55,3,75,14
1949,650,72,1,330,14
1950,650,89,2,315,14
1951,651,60,1,150,30
1952,651,77,2,135,30
1953,651,94,3,120,30
1954,652,65,2,225,1
1955,652,82,3,210,1
1956,652,99,1,195,1
1957,653,70,3,300,19
1958,653,87,1,285,19
1959,653,104,2,270,19
1960,654,75,1,105,6
1961,654,92,2,90,6
1962,654,109,3,75,6
1963,655,80,2,180,4
1964,655,97,3,165,4
1965,655,114,1,150,4
1966,656,85,3,255,1
1967,656,102,1,240,1
1968,656,119,2,225,1
1969,657,90,1,330,1
1970,657,107,2,315,1
1971,657,124,3,300,1
1972,658,95,2,135,7
1973,658,112,3,120,7
1974,658,129,1,105,7
1975,659,100,3,210,12
1976,659,117,1,195,12
1977,659,134,2,180,12
1978,660,105,1,285,12
1979,660,122,2,270,12
1980,660,139,3,255,12
1981,661,110,2,90,10
1982,661,127,3,75,10
1983,661,144,1,330,10
1984,662,115,3,165,14
1985,662,132,1,150,14
1986,662,149,2,135,14
1987,663,120,1,240,6
1988,663,137,2,225,6
1989,663,154,3,210,6
1990,664,125,2,315,13
1991,664,142,3,300,13
1992,664,159,1,285,13
1993,665,130,3,120,30
1994,665,147,1,105,30
1995,665,164,2,90,30
1996,666,135,1,195,17
1997,666,152,2,180,17
1998,666,169,3,165,17
1999,667,140,2,270,16
2000,667,157,3,255,16
2001,667,174,1,240,16
2002,668,145,3,75,22
2003,668,162,1,330,22
2004,668,179,2,315,22
2005,669,150,1,150,8
2006,669,167,2,135,8
2007,669,184,3,120,8
2008,670,155,2,225,19
2009,670,172,3,210,19
2010,670,1,1,75,19
2011,671,160,3,300,19
2012,671,177,1,285,19
2013,671,6,2,150,19
2014,672,165,1,105,22
2015,672,182,2,90,22
2016,672,11,3,225,22
2017,673,170,2,180,22
2018,673,187,3,165,22
2019,673,16,1,300,22
2020,674,175,3,255,24
2021,674,4,1,120,24
2022,674,21,2,105,24
2023,675,180,1,330,7
2024,675,9,2,195,7
2025,675,26,3,180,7
2026,676,185,2,135,25
2027,676,14,3,270,25
2028,676,31,1,255,25
2029,677,2,3,90,25
2030,677,19,1,75,25
2031,677,36,2,330,25
2032,678,7,1,165,26
2033,678,24,2,150,26
2034,678,41,3,135,26
2035,679,12,2,240,28
2036,679,29,3,225,28
2037,679,46,1,210,28
2038,680,17,3,315,15
2039,680,34,1,300,15
2040,680,51,2,285,15
2041,681,22,1,120,13
2042,681,39,2,105,13
2043,681,56,3,90,13
2044,682,27,2,195,31
2045,682,44,3,180,31
2046,682,61,1,165,31
2047,683,32,3,270,3
2048,683,49,1,255,3
2049,683,66,2,240,3
2050,684,37,1,75,7
2051,684,54,2,330,7
2052,684,71,3,315,7
2053,685,42,2,150,3
2054,685,59,3,135,3
2055,685,76,1,120,3
2056,686,47,3,225,9
2057,686,64,1,210,9
2058,686,81,2,195,9
2059,687,52,1,300,3
2060,687,69,2,285,3
2061,687,86,3,270,3
2062,688,57,2,105,6
2063,688,74,3,90,6
2064,688,91,1,75,6
2065,689,62,3,180,19
2066,689,79,1,165,19
2067,689,96,2,150,19
2068,690,67,1,255,6
2069,690,84,2,240,6
2070,690,101,3,225,6
2071,691,72,2,330,9
2072,691,89,3,315,9
2073,691,106,1,300,9
2074,692,77,3,135,3
2075,692,94,1,120,3
2076,692,111,2,105,3
2077,693,82,1,210,17
2078,693,99,2,195,17
2079,693,116,3,180,17
2080,694,87,2,285,12
2081,694,104,3,270,12
2082,694,121,1,255,12
2083,695,92,3,90,31
2084,695,109,1,75,31
2085,695,126,2,330,31
2086,696,97,1,165,11
2087,696,114,2,150,11
2088,696,131,3,135,11
2089,697,102,2,240,15
2090,697,119,3,225,15
2091,697,136,1,210,15
2092,698,107,3,315,23
2093,698,124,1,300,23
2094,698,141,2,285,23
2095,699,112,1,120,21
2096,699,129,2,105,21
2097,699,146,3,90,21
2098,700,117,2,195,18
2099,700,134,3,180,18
2100,700,151,1,165,18
2101,701,122,3,270,7
2102,701,139,1,255,7
2103,701,156,2,240,7
2104,702,127,1,75,2
2105,702,144,2,330,2
2106,702,161,3,315,2
2107,703,132,2,150,21
2108,703,149,3,135,21
2109,703,166,1,120,21
2110,704,137,3,225,21
2111,704,154,1,210,21
2112,704,171,2,195,21
2113,705,142,1,300,7
2114,705,159,2,285,7
2115,705,176,3,270,7
2116,706,147,2,105,24
2117,706,164,3,90,24
2118,706,181,1,75,24
2119,707,152,3,180,26
2120,707,169,1,165,26
2121,707,186,2,150,26
2122,708,157,1,255,9
2123,708,174,2,240,9
2124,708,3,3,105,9
2125,709,162,2,330,27
2126,709,179,3,315,27
2127,709,8,1,180,27
2128,710,167,3,135,27
2129,710,184,1,120,27
2130,710,13,2,255,27
2131,711,172,1,210,17
2132,711,1,2,75,17
2133,711,18,3,330,17
2134,712,177,2,285,30
2135,712,6,3,150,30
2136,712,23,1,135,30
2137,713,182,3,90,13
2138,713,11,1,225,13
2139,713,28,2,210,13
2140,714,187,1,165,6
2141,714,16,2,300,6
2142,714,33,3,285,6
2143,715,4,2,120,2
2144,715,21,3,105,2
2145,715,38,1,90,2
2146,716,9,3,195,1
2147,716,26,1,180,1
2148,716,43,2,165,1
2149,717,14,1,270,8
2150,717,31,2,255,8
2151,717,48,3,240,8
2152,718,19,2,75,5
2153,718,36,3,330,5
2154,718,53,1,315,5
2155,719,24,3,150,1
2156,719,41,1,135,1
2157,719,58,2,120,1
2158,720,29,1,225,2
2159,720,46,2,210,2
2160,720,63,3,195,2
2161,721,34,2,300,8
2162,721,51,3,285,8
2163,721,68,1,270,8
2164,722,39,3,105,4
2165,722,56,1,90,4
2166,722,73,2,75,4
2167,723,44,1,180,5
2168,723,61,2,165,5
2169,723,78,3,150,5
2170,724,49,2,255,11
2171,724,66,3,240,11
2172,724,83,1,225,11
2173,725,54,3,330,6
2174,725,71,1,315,6
2175,725,88,2,300,6
2176,726,59,1,135,30
2177,726,76,2,120,30
2178,726,93,3,105,30
2179,727,64,2,210,14
2180,727,81,3,195,14
2181,727,98,1,180,14
2182,728,69,3,285,29
2183,728,86,1,270,29
2184,728,103,2,255,29
2185,729,74,1,90,20
2186,729,91,2,75,20
2187,729,108,3,330,20
2188,730,79,2,165,17
2189,730,96,3,150,17
2190,730,113,1,135,17
2191,731,84,3,240,8
2192,731,101,1,225,8
2193,731,118,2,210,8
2194,732,89,1,315,2
2195,732,106,2,300,2
2196,732,123,3,285,2
2197,733,94,2,120,20
2198,733,111,3,105,20
2199,733,128,1,90,20
2200,734,99,3,195,14
2201,734,116,1,180,14
2202,734,133,2,165,14
2203,735,104,1,270,17
2204,735,121,2,255,17
2205,735,138,3,240,17
2206,736,109,2,75,23
2207,736,126,3,330,23
2208,736,143,1,315,23
2209,737,114,3,150,23
2210,737,131,1,135,23
2211,737,148,2,120,23
2212,738,119,1,225,27
2213,738,136,2,210,27
2214,738,153,3,195,27
2215,739,124,2,300,26
2216,739,141,3,285,26
2217,739,158,1,270,26
2218,740,129,3,105,25
2219,740,146,1,90,25
2220,740,163,2,75,25
2221,741,134,1,180,25
2222,741,151,2,165,25
2223,741,168,3,150,25
2224,742,139,2,255,29
2225,742,156,3,240,29
2226,742,173,1,225,29
2227,743,144,3,330,14
2228,743,161,1,315,14
2229,743,178,2,300,14
2230,744,149,1,135,30
2231,744,166,2,120,30
2232,744,183,3,105,30
2233,745,154,2,210,1
2234,745,171,3,195,1
2235,745,188,1,180,1
2236,746,159,3,285,19
2237,746,176,1,270,19
2238,746,5,2,135,19
2239,747,164,1,90,6
2240,747,181,2,75,6
2241,747,10,3,210,6
2242,748,169,2,165,4
2243,748,186,3,150,4
2244,748,15,1,285,4
2245,749,174,3,240,1
2246,749,3,1,105,1
2247,749,20,2,90,1
2248,750,179,1,315,3
2249,750,8,2,180,3
2250,750,25,3,165,3
2251,751,184,2,120,7
2252,751,13,3,255,7
2253,751,30,1,240,7
2254,752,1,3,75,12
2255,752,18,1,330,12
2256,752,35,2,315,12
2257,753,6,1,150,12
2258,753,23,2,135,12
2259,753,40,3,120,12
2260,754,11,2,225,10
2261,754,28,3,210,10
2262,754,45,1,195,10
2263,755,16,3,300,14
2264,755,33,1,285,14
2265,755,50,2,270,14
2266,756,21,1,105,8
2267,756,38,2,90,8
2268,756,55,3,75,8
2269,757,26,2,180,13
2270,757,43,3,165,13
2271,757,60,1,150,13
2272,758,31,3,255,30
2273,758,48,1,240,30
2274,758,65,2,225,30
2275,759,36,1,330,17
2276,759,53,2,315,17
2277,759,70,3,300,17
2278,760,41,2,135,16
2279,760,58,3,120,16
2280,760,75,1,105,16
2281,761,46,3,210,22
2282,761,63,1,195,22
2283,761,80,2,180,22
2284,762,51,1,285,5
2285,762,68,2,270,5
2286,762,85,3,255,5
2287,763,56,2,90,19
2288,763,73,3,75,19
2289,763,90,1,330,19
2290,764,61,3,165,19
2291,764,78,1,150,19
2292,764,95,2,135,19
2293,765,66,1,240,22
2294,765,83,2,225,22
2295,765,100,3,210,22
2296,766,71,2,315,22
2297,766,88,3,300,22
2298,766,105,1,285,22
2299,767,76,3,120,24
2300,767,93,1,105,24
2301,767,110,2,90,24
2302,768,81,1,195,7
2303,768,98,2,180,7
2304,768,115,3,165,7
2305,769,86,2,270,25
2306,769,103,3,255,25
2307,769,120,1,240,25
2308,770,91,3,75,25
2309,770,108,1,330,25
2310,770,125,2,315,25
2311,771,96,1,150,26
2312,771,113,2,135,26
2313,771,130,3,120,26
2314,772,101,2,225,28
2315,772,118,3,210,28
2316,772,135,1,195,28
2317,773,106,3,300,15
2318,773,123,1,285,15
2319,773,140,2,270,15
2320,774,111,1,105,13
2321,774,128,2,90,13
2322,774,145,3,75,13
2323,775,116,2,180,31
2324,775,133,3,165,31
2325,775,150,1,150,31
2326,776,121,3,255,5
2327,776,138,1,240,5
2328,776,155,2,225,5
2329,777,126,1,330,7
2330,777,143,2,315,7
2331,777,160,3,300,7
2332,778,131,2,135,3
2333,778,148,3,120,3
2334,778,165,1,105,3
2335,779,136,3,210,9
2336,779,153,1,195,9
2337,779,170,2,180,9
2338,780,141,1,285,6
2339,780,158,2,270,6
2340,780,175,3,255,6
2341,781,146,2,90,6
2342,781,163,3,75,6
2343,781,180,1,330,6
2344,782,151,3,165,19
2345,782,168,1,150,19
2346,782,185,2,135,19
2347,783,156,1,240,6
2348,783,173,2,225,6
2349,783,2,3,90,6
2350,784,161,2,315,9
2351,784,178,3,300,9
2352,784,7,1,165,9
2353,785,166,3,120,3
2354,785,183,1,105,3
2355,785,12,2,240,3
2356,786,171,1,195,17
2357,786,188,2,180,17
2358,786,17,3,315,17
2359,787,176,2,270,12
2360,787,5,3,135,12
2361,787,22,1,120,12
2362,788,181,3,75,31
2363,788,10,1,210,31
2364,788,27,2,195,31
2365,789,186,1,150,21
2366,789,15,2,285,21
2367,789,32,3,270,21
2368,790,3,2,105,15
2369,790,20,3,90,15
2370,790,37,1,75,15
2371,791,8,3,180,23
2372,791,25,1,165,23
2373,791,42,2,150,23
2374,792,13,1,255,29
2375,792,30,2,240,29
2376,792,47,3,225,29
2377,793,18,2,330,18
2378,793,35,3,315,18
2379,793,52,1,300,18
2380,794,23,3,135,2
2381,794,40,1,120,2
2382,794,57,2,105,2
2383,795,28,1,210,2
2384,795,45,2,195,2
2385,795,62,3,180,2
2386,796,33,2,285,21
2387,796,50,3,270,21
2388,796,67,1,255,21
2389,797,38,3,90,17
2390,797,55,1,75,17
2391,797,72,2,330,17
2392,798,43,1,165,7
2393,798,60,2,150,7
2394,798,77,3,135,7
2395,799,48,2,240,24
2396,799,65,3,225,24
2397,799,82,1,210,24
2398,800,53,3,315,27
2399,800,70,1,300,27
2400,800,87,2,285,27
2401,801,58,1,120,9
2402,801,75,2,105,9
2403,801,92,3,90,9
2404,802,63,2,195,27
2405,802,80,3,180,27
2406,802,97,1,165,27
2407,803,68,3,270,27
2408,803,85,1,255,27
2409,803,102,2,240,27
2410,804,73,1,75,17
2411,804,90,2,330,17
2412,804,107,3,315,17
2413,805,78,2,150,30
2414,805,95,3,135,30
2415,805,112,1,120,30
2416,806,83,3,225,13
2417,806,100,1,210,13
2418,806,117,2,195,13
2419,807,88,1,300,3
2420,807,105,2,285,3
2421,807,122,3,270,3
2422,808,93,2,105,2
2423,808,110,3,90,2
2424,808,127,1,75,2
2425,809,98,3,180,1
2426,809,115,1,165,1
2427,809,132,2,150,1
2428,810,103,1,255,8
2429,810,120,2,240,8
2430,810,137,3,225,8
2431,811,108,2,330,5
2432,811,125,3,315,5
2433,811,142,1,300,5
2434,812,113,3,135,12
2435,812,130,1,120,12
2436,812,147,2,105,12
2437,813,118,1,210,2
2438,813,135,2,195,2
2439,813,152,3,180,2
2440,814,123,2,285,8
2441,814,140,3,270,8
2442,814,157,1,255,8
2443,815,128,3,90,4
2444,815,145,1,75,4
2445,815,162,2,330,4
2446,816,133,1,165,5
2447,816,150,2,150,5
2448,816,167,3,135,5
2449,817,138,2,240,11
2450,817,155,3,225,11
2451,817,172,1,210,11
2452,818,143,3,315,6
2453,818,160,1,300,6
2454,818,177,2,285,6
2455,819,148,1,120,30
2456,819,165,2,105,30
2457,819,182,3,90,30
2458,820,153,2,195,14
2459,820,170,3,180,14
2460,820,187,1,165,14
2461,821,158,3,270,29
2462,821,175,1,255,29
2463,821,4,2,120,29
2464,822,163,1,75,20
2465,822,180,2,330,20
2466,822,9,3,195,20
2467,823,168,2,150,17
2468,823,185,3,135,17
2469,823,14,1,270,17
2470,824,173,3,225,5
2471,824,2,1,90,5
2472,824,19,2,75,5
2473,825,178,1,300,7
2474,825,7,2,165,7
2475,825,24,3,150,7
2476,826,183,2,105,20
2477,826,12,3,240,20
2478,826,29,1,225,20
2479,827,188,3,180,14
2480,827,17,1,315,14
2481,827,34,2,300,14
2482,828,5,1,135,21
2483,828,22,2,120,21
2484,828,39,3,105,21
2485,829,10,2,210,23
2486,829,27,3,195,23
2487,829,44,1,180,23
2488,830,15,3,285,23
2489,830,32,1,270,23
2490,830,49,2,255,23
2491,831,20,1,90,27
2492,831,37,2,75,27
2493,831,54,3,330,27
2494,832,25,2,165,26
2495,832,42,3,150,26
2496,832,59,1,135,26
2497,833,30,3,240,25
2498,833,47,1,225,25
2499,833,64,2,210,25
2500,834,35,1,315,25
2501,834,52,2,300,25
2502,834,69,3,285,25
2503,835,40,2,120,29
2504,835,57,3,105,29
2505,835,74,1,90,29
2506,836,45,3,195,14
2507,836,62,1,180,14
2508,836,79,2,165,14
2509,837,50,1,270,30
2510,837,67,2,255,30
2511,837,84,3,240,30
2512,838,55,2,75,1
2513,838,72,3,330,1
2514,838,89,1,315,1
2515,839,60,3,150,19
2516,839,77,1,135,19
2517,839,94,2,120,19
2518,840,65,1,225,6
2519,840,82,2,210,6
2520,840,99,3,195,6
2521,841,70,2,300,4
2522,841,87,3,285,4
2523,841,104,1,270,4
2524,842,75,3,105,1
2525,842,92,1,90,1
2526,842,109,2,75,1
2527,843,80,1,180,1
2528,843,97,2,165,1
2529,843,114,3,150,1
2530,844,85,2,255,7
2531,844,102,3,240,7
2532,844,119,1,225,7
2533,845,90,3,330,12
2534,845,107,1,315,12
2535,845,124,2,300,12
2536,846,95,1,135,12
2537,846,112,2,120,12
2538,846,129,3,105,12
2539,847,100,2,210,10
2540,847,117,3,195,10
2541,847,134,1,180,10
2542,848,105,3,285,14
2543,848,122,1,270,14
2544,848,139,2,255,14
2545,849,110,1,90,6
2546,849,127,2,75,6
2547,849,144,3,330,6
2548,850,115,2,165,13
2549,850,132,3,150,13
2550,850,149,1,135,13
2551,851,120,3,240,30
2552,851,137,1,225,30
2553,851,154,2,210,30
2554,852,125,1,315,17
2555,852,142,2,300,17
2556,852,159,3,285,17
2557,853,130,2,120,16
2558,853,147,3,105,16
2559,853,164,1,90,16
2560,854,135,3,195,22
2561,854,152,1,180,22
2562,854,169,2,165,22
2563,855,140,1,270,8
2564,855,157,2,255,8
2565,855,174,3,240,8
2566,856,145,2,75,19
2567,856,162,3,330,19
2568,856,179,1,315,19
2569,857,150,3,150,19
2570,857,167,1,135,19
2571,857,184,2,120,19
2572,858,155,1,225,22
2573,858,172,2,210,22
2574,858,1,3,75,22
2575,859,160,2,300,22
2576,859,177,3,285,22
2577,859,6,1,150,22
2578,860,165,3,105,24
2579,860,182,1,90,24
2580,860,11,2,225,24
2581,861,170,1,180,7
2582,861,187,2,165,7
2583,861,16,3,300,7
2584,862,175,2,255,25
2585,862,4,3,120,25
2586,862,21,1,105,25
2587,863,180,3,330,25
2588,863,9,1,195,25
2589,863,26,2,180,25
2590,864,185,1,135,26
2591,864,14,2,270,26
2592,864,31,3,255,26
2593,865,2,2,90,28
2594,865,19,3,75,28
2595,865,36,1,330,28
2596,866,7,3,165,15
2597,866,24,1,150,15
2598,866,41,2,135,15
2599,867,12,1,240,13
2600,867,29,2,225,13
2601,867,46,3,210,13
2602,868,17,2,315,31
2603,868,34,3,300,31
2604,868,51,1,285,31
2605,869,22,3,120,3
2606,869,39,1,105,3
2607,869,56,2,90,3
2608,870,27,1,195,7
2609,870,44,2,180,7
2610,870,61,3,165,7
2611,871,32,2,270,3
2612,871,49,3,255,3
2613,871,66,1,240,3
2614,872,37,3,75,9
2615,872,54,1,330,9
2616,872,71,2,315,9
2617,873,42,1,150,3
2618,873,59,2,135,3
2619,873,76,3,120,3
2620,874,47,2,225,6
2621,874,64,3,210,6
2622,874,81,1,195,6
2623,875,52,3,300,19
2624,875,69,1,285,19
2625,875,86,2,270,19
2626,876,57,1,105,6
2627,876,74,2,90,6
2628,876,91,3,75,6
2629,877,62,2,180,9
2630,877,79,3,165,9
2631,877,96,1,150,9
2632,878,67,3,255,3
2633,878,84,1,240,3
2634,878,101,2,225,3
2635,879,72,1,330,17
2636,879,89,2,315,17
2637,879,106,3,300,17
2638,880,77,2,135,12
2639,880,94,3,120,12
2640,880,111,1,105,12
2641,881,82,3,210,31
2642,881,99,1,195,31
2643,881,116,2,180,31
2644,882,87,1,285,11
2645,882,104,2,270,11
2646,882,121,3,255,11
2647,883,92,2,90,15
2648,883,109,3,75,15
2649,883,126,1,330,15
2650,884,97,3,165,23
2651,884,114,1,150,23
2652,884,131,2,135,23
2653,885,102,1,240,21
2654,885,119,2,225,21
2655,885,136,3,210,21
2656,886,107,2,315,18
2657,886,124,3,300,18
2658,886,141,1,285,18
2659,887,112,3,120,7
2660,887,129,1,105,7
2661,887,146,2,90,7
2662,888,117,1,195,2
2663,888,134,2,180,2
2664,888,151,3,165,2
2665,889,122,2,270,21
2666,889,139,3,255,21
2667,889,156,1,240,21
2668,890,127,3,75,21
2669,890,144,1,330,21
2670,890,161,2,315,21
2671,891,132,1,150,7
2672,891,149,2,135,7
2673,891,166,3,120,7
2674,892,137,2,225,24
2675,892,154,3,210,24
2676,892,171,1,195,24
2677,893,142,3,300,26
2678,893,159,1,285,26
2679,893,176,2,270,26
2680,894,147,1,105,9
2681,894,164,2,90,9
2682,894,181,3,75,9
2683,895,152,2,180,27
2684,895,169,3,165,27
2685,895,186,1,150,27
2686,896,157,3,255,27
2687,896,174,1,240,27
2688,896,3,2,105,27
2689,897,162,1,330,17
2690,897,179,2,315,17
2691,897,8,3,180,17
2692,898,167,2,135,30
2693,898,184,3,120,30
2694,898,13,1,255,30
2695,899,172,3,210,13
2696,899,1,1,75,13
2697,899,18,2,330,13
2698,900,177,1,285,6
2699,900,6,2,150,6
2700,900,23,3,135,6
2701,901,182,2,90,2
2702,901,11,3,225,2
2703,901,28,1,210,2
2704,902,187,3,165,1
2705,902,16,1,300,1
2706,902,33,2,285,1
2707,903,4,1,120,8
2708,903,21,2,105,8
2709,903,38,3,90,8
2710,904,9,2,195,5
2711,904,26,3,180,5
2712,904,43,1,165,5
2713,905,14,3,270,1
2714,905,31,1,255,1
2715,905,48,2,240,1
2716,906,19,1,75,23
2717,906,36,2,330,23
2718,906,53,3,315,23
2719,907,24,2,150,8
2720,907,41,3,135,8
2721,907,58,1,120,8
2722,908,29,3,225,4
2723,908,46,1,210,4
2724,908,63,2,195,4
2725,909,34,1,300,5
2726,909,51,2,285,5
2727,909,68,3,270,5
2728,910,39,2,105,11
2729,910,56,3,90,11
2730,910,73,1,75,11
2731,911,44,3,180,6
2732,911,61,1,165,6
2733,911,78,2,150,6
2734,912,49,1,255,30
2735,912,66,2,240,30
2736,912,83,3,225,30
2737,913,54,2,330,14
2738,913,71,3,315,14
2739,913,88,1,300,14
2740,914,59,3,135,29
2741,914,76,1,120,29
2742,914,93,2,105,29
2743,915,64,1,210,20
2744,915,81,2,195,20
2745,915,98,3,180,20
2746,916,69,2,285,17
2747,916,86,3,270,17
2748,916,103,1,255,17
2749,917,74,3,90,8
2750,917,91,1,75,8
2751,917,108,2,330,8
2752,918,79,1,165,20
2753,918,96,2,150,20
2754,918,113,3,135,20
2755,919,84,2,240,20
2756,919,101,3,225,20
2757,919,118,1,210,20
2758,920,89,3,315,14
2759,920,106,1,300,14
2760,920,123,2,285,14
2761,921,94,1,120,17
2762,921,111,2,105,17
2763,921,128,3,90,17
2764,922,99,2,195,23
2765,922,116,3,180,23
2766,922,133,1,165,23
2767,923,104,3,270,23
2768,923,121,1,255,23
2769,923,138,2,240,23
2770,924,109,1,75,27
2771,924,126,2,330,27
2772,924,143,3,315,27
2773,925,114,2,150,26
2774,925,131,3,135,26
2775,925,148,1,120,26
2776,926,119,3,225,25
2777,926,136,1,210,25
2778,926,153,2,195,25
2779,927,124,1,300,25
2780,927,141,2,285,25
2781,927,158,3,270,25
2782,928,129,2,105,29
2783,928,146,3,90,29
2784,928,163,1,75,29
2785,929,134,3,180,14
2786,929,151,1,165,14
2787,929,168,2,150,14
2788,930,139,1,255,30
2789,930,156,2,240,30
2790,930,173,3,225,30
2791,931,144,2,330,1
2792,931,161,3,315,1
2793,931,178,1,300,1
2794,932,149,3,135,19
2795,932,166,1,120,19
2796,932,183,2,105,19
2797,933,154,1,210,6
2798,933,171,2,195,6
2799,933,188,3,180,6
2800,934,159,2,285,4
2801,934,176,3,270,4
2802,934,5,1,135,4
2803,935,164,3,90,1
2804,935,181,1,75,1
2805,935,10,2,210,1
2806,936,169,1,165,3
2807,936,186,2,150,3
2808,936,15,3,285,3
2809,937,174,2,240,7
2810,937,3,3,105,7
2811,937,20,1,90,7
2812,938,179,3,315,12
2813,938,8,1,180,12
2814,938,25,2,165,12
2815,939,184,1,120,12
2816,939,13,2,255,12
2817,939,30,3,240,12
2818,940,1,2,75,10
2819,940,18,3,330,10
2820,940,35,1,315,10
2821,941,6,3,150,14
2822,941,23,1,135,14
2823,941,40,2,120,14
2824,942,11,1,225,1
2825,942,28,2,210,1
2826,942,45,3,195,1
2827,943,16,2,300,13
2828,943,33,3,285,13
2829,943,50,1,270,13
2830,944,21,3,105,30
2831,944,38,1,90,30
2832,944,55,2,75,30
2833,945,26,1,180,17
2834,945,43,2,165,17
2835,945,60,3,150,17
2836,946,31,2,255,16
2837,946,48,3,240,16
2838,946,65,1,225,16
2839,947,36,3,330,22
2840,947,53,1,315,22
2841,947,70,2,300,22
2842,948,41,1,135,5
2843,948,58,2,120,5
2844,948,75,3,105,5
2845,949,46,2,210,19
2846,949,63,3,195,19
2847,949,80,1,180,19
2848,950,51,3,285,19
2849,950,68,1,270,19
2850,950,85,2,255,19
2851,951,56,1,90,22
2852,951,73,2,75,22
2853,951,90,3,330,22
2854,952,61,2,165,22
2855,952,78,3,150,22
2856,952,95,1,135,22
2857,953,66,3,240,24
2858,953,83,1,225,24
2859,953,100,2,210,24
2860,954,71,1,315,7
2861,954,88,2,300,7
2862,954,105,3,285,7
2863,955,76,2,120,25
2864,955,93,3,105,25
2865,955,110,1,90,25
2866,956,81,3,195,25
2867,956,98,1,180,25
2868,956,115,2,165,25
2869,957,86,1,270,26
2870,957,103,2,255,26
2871,957,120,3,240,26
2872,958,91,2,75,28
2873,958,108,3,330,28
2874,958,125,1,315,28
2875,959,96,3,150,15
2876,959,113,1,135,15
2877,959,130,2,120,15
2878,960,101,1,225,13
2879,960,118,2,210,13
2880,960,135,3,195,13
2881,961,106,2,300,31
2882,961,123,3,285,31
2883,961,140,1,270,31
2884,962,111,3,105,5
2885,962,128,1,90,5
2886,962,145,2,75,5
2887,963,116,1,180,7
2888,963,133,2,165,7
2889,963,150,3,150,7
2890,964,121,2,255,3
2891,964,138,3,240,3
2892,964,155,1,225,3
2893,965,126,3,330,9
2894,965,143,1,315,9
2895,965,160,2,300,9
2896,966,131,1,135,6
2897,966,148,2,120,6
2898,966,165,3,105,6
2899,967,136,2,210,6
2900,967,153,3,195,6
2901,967,170,1,180,6
2902,968,141,3,285,19
2903,968,158,1,270,19
2904,968,175,2,255,19
2905,969,146,1,90,6
2906,969,163,2,75,6
2907,969,180,3,330,6
2908,970,151,2,165,9
2909,970,168,3,150,9
2910,970,185,1,135,9
2911,971,156,3,240,3
2912,971,173,1,225,3
2913,971,2,2,90,3
2914,972,161,1,315,17
2915,972,178,2,300,17
2916,972,7,3,165,17
2917,973,166,2,120,12
2918,973,183,3,105,12
2919,973,12,1,240,12
2920,974,171,3,195,31
2921,974,188,1,180,31
2922,974,17,2,315,31
2923,975,176,1,270,21
2924,975,5,2,135,21
2925,975,22,3,120,21
2926,976,181,2,75,15
2927,976,10,3,210,15
2928,976,27,1,195,15
2929,977,186,3,150,23
2930,977,15,1,285,23
2931,977,32,2,270,23
2932,978,3,1,105,29
2933,978,20,2,90,29
2934,978,37,3,75,29
2935,979,8,2,180,18
2936,979,25,3,165,18
2937,979,42,1,150,18
2938,980,13,3,255,2
2939,980,30,1,240,2
2940,980,47,2,225,2
2941,981,18,1,330,2
2942,981,35,2,315,2
2943,981,52,3,300,2
2944,982,23,2,135,21
2945,982,40,3,120,21
2946,982,57,1,105,21
2947,983,28,3,210,17
2948,983,45,1,195,17
2949,983,62,2,180,17
2950,984,33,1,285,7
2951,984,50,2,270,7
2952,984,67,3,255,7
2953,985,38,2,90,24
2954,985,55,3,75,24
2955,985,72,1,330,24
2956,986,43,3,165,26
2957,986,60,1,150,26
2958,986,77,2,135,26
2959,987,48,1,240,9
2960,987,65,2,225,9
2961,987,82,3,210,9
2962,988,53,2,315,27
2963,988,70,3,300,27
2964,988,87,1,285,27
2965,989,58,3,120,27
2966,989,75,1,105,27
2967,989,92,2,90,27
2968,990,63,1,195,17
2969,990,80,2,180,17
2970,990,97,3,165,17
2971,991,68,2,270,30
2972,991,85,3,255,30
2973,991,102,1,240,30
2974,992,73,3,75,13
2975,992,90,1,330,13
2976,992,107,2,315,13
2977,993,78,1,150,3
2978,993,95,2,135,3
2979,993,112,3,120,3
2980,994,83,2,225,2
2981,994,100,3,210,2
2982,994,117,1,195,2
2983,995,88,3,300,1
2984,995,105,1,285,1
2985,995,122,2,270,1
2986,996,93,1,105,8
2987,996,110,2,90,8
2988,996,127,3,75,8
2989,997,98,2,180,5
2990,997,115,3,165,5
2991,997,132,1,150,5
2992,998,103,3,255,12
2993,998,120,1,240,12
2994,998,137,2,225,12
2995,999,108,1,330,2
2996,999,125,2,315,2
2997,999,142,3,300,2
2998,1000,113,2,135,8
2999,1000,130,3,120,8
3000,1000,147,1,105,8
3001,1001,118,3,210,4
3002,1001,135,1,195,4
3003,1001,152,2,180,4
3004,1002,123,1,285,5
3005,1002,140,2,270,5
3006,1002,157,3,255,5
3007,1003,128,2,90,11
3008,1003,145,3,75,11
3009,1003,162,1,330,11
3010,1004,133,3,165,12
3011,1004,150,1,150,12
3012,1004,167,2,135,12
3013,1005,138,1,240,30
3014,1005,155,2,225,30
3015,1005,172,3,210,30
3016,1006,143,2,315,14
3017,1006,160,3,300,14
3018,1006,177,1,285,14
3019,1007,148,3,120,29
3020,1007,165,1,105,29
3021,1007,182,2,90,29
3022,1008,153,1,195,20
3023,1008,170,2,180,20
3024,1008,187,3,165,20
3025,1009,158,2,270,17
3026,1009,175,3,255,17
3027,1009,4,1,120,17
3028,1010,163,3,75,5
3029,1010,180,1,330,5
3030,1010,9,2,195,5
3031,1011,168,1,150,7
3032,1011,185,2,135,7
3033,1011,14,3,270,7
3034,1012,173,2,225,20
3035,1012,2,3,90,20
3036,1012,19,1,75,20
3037,1013,178,3,300,14
3038,1013,7,1,165,14
3039,1013,24,2,150,14
3040,1014,183,1,105,21
3041,1014,12,2,240,21
3042,1014,29,3,225,21
3043,1015,188,2,180,23
3044,1015,17,3,315,23
3045,1015,34,1,300,23
3046,1016,5,3,135,23
3047,1016,22,1,120,23
3048,1016,39,2,105,23
3049,1017,10,1,210,27
3050,1017,27,2,195,27
3051,1017,44,3,180,27
3052,1018,15,2,285,26
3053,1018,32,3,270,26
3054,1018,49,1,255,26
3055,1019,20,3,90,25
3056,1019,37,1,75,25
3057,1019,54,2,330,25
3058,1020,25,1,165,25
3059,1020,42,2,150,25
3060,1020,59,3,135,25
3061,1021,30,2,240,29
3062,1021,47,3,225,29
3063,1021,64,1,210,29
3064,1022,35,3,315,14
3065,1022,52,1,300,14
3066,1022,69,2,285,14
3067,1023,40,1,120,30
3068,1023,57,2,105,30
3069,1023,74,3,90,30
3070,1024,45,2,195,1
3071,1024,62,3,180,1
3072,1024,79,1,165,1
3073,1025,50,3,270,19
3074,1025,67,1,255,19
3075,1025,84,2,240,19
3076,1026,55,1,75,6
3077,1026,72,2,330,6
3078,1026,89,3,315,6
3079,1027,60,2,150,4
3080,1027,77,3,135,4
3081,1027,94,1,120,4
3082,1028,65,3,225,1
3083,1028,82,1,210,1
3084,1028,99,2,195,1
3085,1029,70,1,300,1
3086,1029,87,2,285,1
3087,1029,104,3,270,1
3088,1030,75,2,105,7
3089,1030,92,3,90,7
3090,1030,109,1,75,7
3091,1031,80,3,180,12
3092,1031,97,1,165,12
3093,1031,114,2,150,12
3094,1032,85,1,255,12
3095,1032,102,2,240,12
3096,1032,119,3,225,12
3097,1033,90,2,330,10
3098,1033,107,3,315,10
3099,1033,124,1,300,10
3100,1034,95,3,135,14
3101,1034,112,1,120,14
3102,1034,129,2,105,14
3103,1035,100,1,210,6
3104,1035,117,2,195,6
3105,1035,134,3,180,6
3106,1036,105,2,285,13
3107,1036,122,3,270,13
3108,1036,139,1,255,13
3109,1037,110,3,90,30
3110,1037,127,1,75,30
3111,1037,144,2,330,30
3112,1038,115,1,165,17
3113,1038,132,2,150,17
3114,1038,149,3,135,17
3115,1039,120,2,240,16
3116,1039,137,3,225,16
3117,1039,154,1,210,16
3118,1040,125,3,315,22
3119,1040,142,1,300,22
3120,1040,159,2,285,22
3121,1041,130,1,120,8
3122,1041,147,2,105,8
3123,1041,164,3,90,8
3124,1042,135,2,195,19
3125,1042,152,3,180,19
3126,1042,169,1,165,19
3127,1043,140,3,270,19
3128,1043,157,1,255,19
3129,1043,174,2,240,19
3130,1044,145,1,75,22
3131,1044,162,2,330,22
3132,1044,179,3,315,22
3133,1045,150,2,150,22
3134,1045,167,3,135,22
3135,1045,184,1,120,22
3136,1046,155,3,225,24
3137,1046,172,1,210,24
3138,1046,1,2,75,24
3139,1047,160,1,300,7
3140,1047,177,2,285,7
3141,1047,6,3,150,7
3142,1048,165,2,105,25
3143,1048,182,3,90,25
3144,1048,11,1,225,25
3145,1049,170,3,180,25
3146,1049,187,1,165,25
3147,1049,16,2,300,25
3148,1050,175,1,255,26
3149,1050,4,2,120,26
3150,1050,21,3,105,26
3151,1051,180,2,330,28
3152,1051,9,3,195,28
3153,1051,26,1,180,28
3154,1052,185,3,135,15
3155,1052,14,1,270,15
3156,1052,31,2,255,15
3157,1053,2,1,90,13
3158,1053,19,2,75,13
3159,1053,36,3,330,13
3160,1054,7,2,165,31
3161,1054,24,3,150,31
3162,1054,41,1,135,31
3163,1055,12,3,240,3
3164,1055,29,1,225,3
3165,1055,46,2,210,3
3166,1056,17,1,315,7
3167,1056,34,2,300,7
3168,1056,51,3,285,7
3169,1057,22,2,120,3
3170,1057,39,3,105,3
3171,1057,56,1,90,3
3172,1058,27,3,195,9
3173,1058,44,1,180,9
3174,1058,61,2,165,9
3175,1059,32,1,270,3
3176,1059,49,2,255,3
3177,1059,66,3,240,3
3178,1060,37,2,75,6
3179,1060,54,3,330,6
3180,1060,71,1,315,6
3181,1061,42,3,150,19
3182,1061,59,1,135,19
3183,1061,76,2,120,19
3184,1062,47,1,225,6
3185,1062,64,2,210,6
3186,1062,81,3,195,6
3187,1063,52,2,300,9
3188,1063,69,3,285,9
3189,1063,86,1,270,9
3190,1064,57,3,105,3
3191,1064,74,1,90,3
3192,1064,91,2,75,3
3193,1065,62,1,180,17
3194,1065,79,2,165,17
3195,1065,96,3,150,17
3196,1066,67,2,255,12
3197,1066,84,3,240,12
3198,1066,101,1,225,12
3199,1067,72,3,330,31
3200,1067,89,1,315,31
3201,1067,106,2,300,31
3202,1068,77,1,135,11
3203,1068,94,2,120,11
3204,1068,111,3,105,11
3205,1069,82,2,210,15
3206,1069,99,3,195,15
3207,1069,116,1,180,15
3208,1070,87,3,285,23
3209,1070,104,1,270,23
3210,1070,121,2,255,23
3211,1071,92,1,90,29
3212,1071,109,2,75,29
3213,1071,126,3,330,29
3214,1072,97,2,165,18
3215,1072,114,3,150,18
3216,1072,131,1,135,18
3217,1073,102,3,240,7
3218,1073,119,1,225,7
3219,1073,136,2,210,7
3220,1074,107,1,315,2
3221,1074,124,2,300,2
3222,1074,141,3,285,2
3223,1075,112,2,120,21
3224,1075,129,3,105,21
3225,1075,146,1,90,21
3226,1076,117,3,195,21
3227,1076,134,1,180,21
3228,1076,151,2,165,21
3229,1077,122,1,270,7
3230,1077,139,2,255,7
3231,1077,156,3,240,7
3232,1078,127,2,75,24
3233,1078,144,3,330,24
3234,1078,161,1,315,24
3235,1079,132,3,150,26
3236,1079,149,1,135,26
3237,1079,166,2,120,26
3238,1080,137,1,225,9
3239,1080,154,2,210,9
3240,1080,171,3,195,9
3241,1081,142,2,300,27
3242,1081,159,3,285,27
3243,1081,176,1,270,27
3244,1082,147,3,105,27
3245,1082,164,1,90,27
3246,1082,181,2,75,27
3247,1083,152,1,180,17
3248,1083,169,2,165,17
3249,1083,186,3,150,17
3250,1084,157,2,255,30
3251,1084,174,3,240,30
3252,1084,3,1,105,30
3253,1085,162,3,330,13
3254,1085,179,1,315,13
3255,1085,8,2,180,13
3256,1086,167,1,135,6
3257,1086,184,2,120,6
3258,1086,13,3,255,6
3259,1087,172,2,210,2
3260,1087,1,3,75,2
3261,1087,18,1,330,2
3262,1088,177,3,285,1
3263,1088,6,1,150,1
3264,1088,23,2,135,1
3265,1089,182,1,90,8
3266,1089,11,2,225,8
3267,1089,28,3,210,8
3268,1090,187,2,165,5
3269,1090,16,3,300,5
3270,1090,33,1,285,5
3271,1091,4,3,120,1
3272,1091,21,1,105,1
3273,1091,38,2,90,1
3274,1092,9,1,195,23
3275,1092,26,2,180,23
3276,1092,43,3,165,23
3277,1093,14,2,270,8
3278,1093,31,3,255,8
3279,1093,48,1,240,8
3280,1094,19,3,75,4
3281,1094,36,1,330,4
3282,1094,53,2,315,4
3283,1095,24,1,150,5
3284,1095,41,2,135,5
3285,1095,58,3,120,5
3286,1096,29,2,225,11
3287,1096,46,3,210,11
3288,1096,63,1,195,11
3289,1097,34,3,300,6
3290,1097,51,1,285,6
3291,1097,68,2,270,6
3292,1098,39,1,105,30
3293,1098,56,2,90,30
3294,1098,73,3,75,30
3295,1099,44,2,180,14
3296,1099,61,3,165,14
3297,1099,78,1,150,14
3298,1100,49,3,255,29
3299,1100,66,1,240,29
3300,1100,83,2,225,29
3301,1101,54,1,330,20
3302,1101,71,2,315,20
3303,1101,88,3,300,20
3304,1102,59,2,135,17
3305,1102,76,3,120,17
3306,1102,93,1,105,17
3307,1103,64,3,210,8
3308,1103,81,1,195,8
3309,1103,98,2,180,8
3310,1104,69,1,285,7
3311,1104,86,2,270,7
3312,1104,103,3,255,7
3313,1105,74,2,90,20
3314,1105,91,3,75,20
3315,1105,108,1,330,20
3316,1106,79,3,165,14
3317,1106,96,1,150,14
3318,1106,113,2,135,14
3319,1107,84,1,240,17
3320,1107,101,2,225,17
3321,1107,118,3,210,17
3322,1108,89,2,315,23
3323,1108,106,3,300,23
3324,1108,123,1,285,23
3325,1109,94,3,120,23
3326,1109,111,1,105,23
3327,1109,128,2,90,23
3328,1110,99,1,195,27
3329,1110,116,2,180,27
3330,1110,133,3,165,27
3331,1111,104,2,270,26
3332,1111,121,3,255,26
3333,1111,138,1,240,26
3334,1112,109,3,75,25
3335,1112,126,1,330,25
3336,1112,143,2,315,25
3337,1113,114,1,150,25
3338,1113,131,2,135,25
3339,1113,148,3,120,25
3340,1114,119,2,225,29
3341,1114,136,3,210,29
3342,1114,153,1,195,29
3343,1115,124,3,300,14
3344,1115,141,1,285,14
3345,1115,158,2,270,14
3346,1116,129,1,105,30
3347,1116,146,2,90,30
3348,1116,163,3,75,30
3349,1117,134,2,180,1
3350,1117,151,3,165,1
3351,1117,168,1,150,1
3352,1118,139,3,255,19
3353,1118,156,1,240,19
3354,1118,173,2,225,19
3355,1119,144,1,330,6
3356,1119,161,2,315,6
3357,1119,178,3,300,6
3358,1120,149,2,135,4
3359,1120,166,3,120,4
3360,1120,183,1,105,4
3361,1121,154,3,210,1
3362,1121,171,1,195,1
3363,1121,188,2,180,1
3364,1122,159,1,285,1
3365,1122,176,2,270,1
3366,1122,5,3,135,1
3367,1123,164,2,90,7
3368,1123,181,3,75,7
3369,1123,10,1,210,7
3370,1124,169,3,165,12
3371,1124,186,1,150,12
3372,1124,15,2,285,12
3373,1125,174,1,240,12
3374,1125,3,2,105,12
3375,1125,20,3,90,12
3376,1126,179,2,315,10
3377,1126,8,3,180,10
3378,1126,25,1,165,10
3379,1127,184,3,120,14
3380,1127,13,1,255,14
3381,1127,30,2,240,14
3382,1128,1,1,75,1
3383,1128,18,2,330,1
3384,1128,35,3,315,1
3385,1129,6,2,150,13
3386,1129,23,3,135,13
3387,1129,40,1,120,13
3388,1130,11,3,225,30
3389,1130,28,1,210,30
3390,1130,45,2,195,30
3391,1131,16,1,300,17
3392,1131,33,2,285,17
3393,1131,50,3,270,17
3394,1132,21,2,105,16
3395,1132,38,3,90,16
3396,1132,55,1,75,16
3397,1133,26,3,180,22
3398,1133,43,1,165,22
3399,1133,60,2,150,22
3400,1134,31,1,255,5
3401,1134,48,2,240,5
3402,1134,65,3,225,5
3403,1135,36,2,330,19
3404,1135,53,3,315,19
3405,1135,70,1,300,19
3406,1136,41,3,135,19
3407,1136,58,1,120,19
3408,1136,75,2,105,19
3409,1137,46,1,210,22
3410,1137,63,2,195,22
3411,1137,80,3,180,22
3412,1138,51,2,285,22
3413,1138,68,3,270,22
3414,1138,85,1,255,22
3415,1139,56,3,90,24
3416,1139,73,1,75,24
3417,1139,90,2,330,24
3418,1140,61,1,165,7
3419,1140,78,2,150,7
3420,1140,95,3,135,7
3421,1141,66,2,240,25
3422,1141,83,3,225,25
3423,1141,100,1,210,25
3424,1142,71,3,315,25
3425,1142,88,1,300,25
3426,1142,105,2,285,25
3427,1143,76,1,120,28
3428,1143,93,2,105,28
3429,1143,110,3,90,28
3430,1144,81,2,195,28
3431,1144,98,3,180,28
3432,1144,115,1,165,28
3433,1145,86,3,270,15
3434,1145,103,1,255,15
3435,1145,120,2,240,15
3436,1146,91,1,75,13
3437,1146,108,2,330,13
3438,1146,125,3,315,13
3439,1147,96,2,150,31
3440,1147,113,3,135,31
3441,1147,130,1,120,31
3442,1148,101,3,225,5
3443,1148,118,1,210,5
3444,1148,135,2,195,5
3445,1149,106,1,300,7
3446,1149,123,2,285,7
3447,1149,140,3,270,7
3448,1150,111,2,105,3
3449,1150,128,3,90,3
3450,1150,145,1,75,3
3451,1151,116,3,180,9
3452,1151,133,1,165,9
3453,1151,150,2,150,9
3454,1152,121,1,255,6
3455,1152,138,2,240,6
3456,1152,155,3,225,6
3457,1153,126,2,330,6
3458,1153,143,3,315,6
3459,1153,160,1,300,6
3460,1154,131,3,135,19
3461,1154,148,1,120,19
3462,1154,165,2,105,19
3463,1155,136,1,210,6
3464,1155,153,2,195,6
3465,1155,170,3,180,6
3466,1156,141,2,285,9
3467,1156,158,3,270,9
3468,1156,175,1,255,9
3469,1157,146,3,90,3
3470,1157,163,1,75,3
3471,1157,180,2,330,3
3472,1158,151,1,165,17
3473,1158,168,2,150,17
3474,1158,185,3,135,17
3475,1159,156,2,240,12
3476,1159,173,3,225,12
3477,1159,2,1,90,12
3478,1160,161,3,315,31
3479,1160,178,1,300,31
3480,1160,7,2,165,31
3481,1161,166,1,120,21
3482,1161,183,2,105,21
3483,1161,12,3,240,21
3484,1162,171,2,195,15
3485,1162,188,3,180,15
3486,1162,17,1,315,15
3487,1163,176,3,270,23
3488,1163,5,1,135,23
3489,1163,22,2,120,23
3490,1164,181,1,75,29
3491,1164,10,2,210,29
3492,1164,27,3,195,29
3493,1165,186,2,150,18
3494,1165,15,3,285,18
3495,1165,32,1,270,18
3496,1166,3,3,105,2
3497,1166,20,1,90,2
3498,1166,37,2,75,2
3499,1167,8,1,180,2
3500,1167,25,2,165,2
3501,1167,42,3,150,2
3502,1168,13,2,255,21
3503,1168,30,3,240,21
3504,1168,47,1,225,21
3505,1169,18,3,330,17
3506,1169,35,1,315,17
3507,1169,52,2,300,17
3508,1170,23,1,135,7
3509,1170,40,2,120,7
3510,1170,57,3,105,7
3511,1171,28,2,210,24
3512,1171,45,3,195,24
3513,1171,62,1,180,24
3514,1172,33,3,285,26
3515,1172,50,1,270,26
3516,1172,67,2,255,26
3517,1173,38,1,90,9
3518,1173,55,2,75,9
3519,1173,72,3,330,9
3520,1174,43,2,165,27
3521,1174,60,3,150,27
3522,1174,77,1,135,27
3523,1175,48,3,240,27
3524,1175,65,1,225,27
3525,1175,82,2,210,27
3526,1176,53,1,315,17
3527,1176,70,2,300,17
3528,1176,87,3,285,17
3529,1177,58,2,120,30
3530,1177,75,3,105,30
3531,1177,92,1,90,30
3532,1178,63,3,195,13
3533,1178,80,1,180,13
3534,1178,97,2,165,13
3535,1179,68,1,270,3
3536,1179,85,2,255,3
3537,1179,102,3,240,3
3538,1180,73,2,75,2
3539,1180,90,3,330,2
3540,1180,107,1,315,2
3541,1181,78,3,150,1
3542,1181,95,1,135,1
3543,1181,112,2,120,1
3544,1182,83,1,225,8
3545,1182,100,2,210,8
3546,1182,117,3,195,8
3547,1183,88,2,300,5
3548,1183,105,3,285,5
3549,1183,122,1,270,5
3550,1184,93,3,105,12
3551,1184,110,1,90,12
3552,1184,127,2,75,12
3553,1185,98,1,180,2
3554,1185,115,2,165,2
3555,1185,132,3,150,2
3556,1186,103,2,255,8
3557,1186,120,3,240,8
3558,1186,137,1,225,8
3559,1187,108,3,330,4
3560,1187,125,1,315,4
3561,1187,142,2,300,4
3562,1188,113,1,135,5
3563,1188,130,2,120,5
3564,1188,147,3,105,5
3565,1189,118,2,210,11
3566,1189,135,3,195,11
3567,1189,152,1,180,11
3568,1190,123,3,285,8
3569,1190,140,1,270,8
3570,1190,157,2,255,8
3571,1191,128,1,90,30
3572,1191,145,2,75,30
3573,1191,162,3,330,30
3574,1192,133,2,165,14
3575,1192,150,3,150,14
3576,1192,167,1,135,14
3577,1193,138,3,240,29
3578,1193,155,1,225,29
3579,1193,172,2,210,29
3580,1194,143,1,315,24
3581,1194,160,2,300,24
3582,1194,177,3,285,24
3583,1195,148,2,120,17
3584,1195,165,3,105,17
3585,1195,182,1,90,17
3586,1196,153,3,195,5
3587,1196,170,1,180,5
3588,1196,187,2,165,5
3589,1197,158,1,270,7
3590,1197,175,2,255,7
3591,1197,4,3,120,7
3592,1198,163,2,75,20
3593,1198,180,3,330,20
3594,1198,9,1,195,20
3595,1199,168,3,150,14
3596,1199,185,1,135,14
3597,1199,14,2,270,14
3598,1200,173,1,225,21
3599,1200,2,2,90,21
3600,1200,19,3,75,21
3601,1201,178,2,300,23
3602,1201,7,3,165,23
3603,1201,24,1,150,23
3604,1202,183,3,105,23
3605,1202,12,1,240,23
3606,1202,29,2,225,23
3607,1203,188,1,180,27
3608,1203,17,2,315,27
3609,1203,34,3,300,27
3610,1204,5,2,135,26
3611,1204,22,3,120,26
3612,1204,39,1,105,26
3613,1205,10,3,210,25
3614,1205,27,1,195,25
3615,1205,44,2,180,25
3616,1206,15,1,285,25
3617,1206,32,2,270,25
3618,1206,49,3,255,25
3619,1207,20,2,90,29
3620,1207,37,3,75,29
3621,1207,54,1,330,29
3622,1208,25,3,165,14
3623,1208,42,1,150,14
3624,1208,59,2,135,14
3625,1209,30,1,240,30
3626,1209,47,2,225,30
3627,1209,64,3,210,30
3628,1210,35,2,315,1
3629,1210,52,3,300,1
3630,1210,69,1,285,1
3631,1211,40,3,120,19
3632,1211,57,1,105,19
3633,1211,74,2,90,19
3634,1212,45,1,195,6
3635,1212,62,2,180,6
3636,1212,79,3,165,6
3637,1213,50,2,270,4
3638,1213,67,3,255,4
3639,1213,84,1,240,4
3640,1214,55,3,75,1
3641,1214,72,1,330,1
3642,1214,89,2,315,1
3643,1215,60,1,150,1
3644,1215,77,2,135,1
3645,1215,94,3,120,1
3646,1216,65,2,225,7
3647,1216,82,3,210,7
3648,1216,99,1,195,7
3649,1217,70,3,300,12
3650,1217,87,1,285,12
3651,1217,104,2,270,12
3652,1218,75,1,105,12
3653,1218,92,2,90,12
3654,1218,109,3,75,12
3655,1219,80,2,180,10
3656,1219,97,3,165,10
3657,1219,114,1,150,10
3658,1220,85,3,255,14
3659,1220,102,1,240,14
3660,1220,119,2,225,14
3661,1221,90,1,330,6
3662,1221,107,2,315,6
3663,1221,124,3,300,6
3664,1222,95,2,135,13
3665,1222,112,3,120,13
3666,1222,129,1,105,13
3667,1223,100,3,210,30
3668,1223,117,1,195,30
3669,1223,134,2,180,30
3670,1224,105,1,285,17
3671,1224,122,2,270,17
3672,1224,139,3,255,17
3673,1225,110,2,90,16
3674,1225,127,3,75,16
3675,1225,144,1,330,16
3676,1226,115,3,165,22
3677,1226,132,1,150,22
3678,1226,149,2,135,22
3679,1227,120,1,240,8
3680,1227,137,2,225,8
3681,1227,154,3,210,8
3682,1228,125,2,315,19
3683,1228,142,3,300,19
3684,1228,159,1,285,19
3685,1229,130,3,120,19
3686,1229,147,1,105,19
3687,1229,164,2,90,19
3688,1230,135,1,195,22
3689,1230,152,2,180,22
3690,1230,169,3,165,22
3691,1231,140,2,270,22
3692,1231,157,3,255,22
3693,1231,174,1,240,22
3694,1232,145,3,75,24
3695,1232,162,1,330,24
3696,1232,179,2,315,24
3697,1233,150,1,150,7
3698,1233,167,2,135,7
3699,1233,184,3,120,7
3700,1234,155,2,225,25
3701,1234,172,3,210,25
3702,1234,1,1,75,25
3703,1235,160,3,300,25
3704,1235,177,1,285,25
3705,1235,6,2,150,25
3706,1236,165,1,105,26
3707,1236,182,2,90,26
3708,1236,11,3,225,26
3709,1237,170,2,180,28
3710,1237,187,3,165,28
3711,1237,16,1,300,28
3712,1238,175,3,255,15
3713,1238,4,1,120,15
3714,1238,21,2,105,15
3715,1239,180,1,330,13
3716,1239,9,2,195,13
3717,1239,26,3,180,13
3718,1240,185,2,135,31
3719,1240,14,3,270,31
3720,1240,31,1,255,31
3721,1241,2,3,90,5
3722,1241,19,1,75,5
3723,1241,36,2,330,5
3724,1242,7,1,165,7
3725,1242,24,2,150,7
3726,1242,41,3,135,7
3727,1243,12,2,240,3
3728,1243,29,3,225,3
3729,1243,46,1,210,3
3730,1244,17,3,315,9
3731,1244,34,1,300,9
3732,1244,51,2,285,9
3733,1245,22,1,120,3
3734,1245,39,2,105,3
3735,1245,56,3,90,3
3736,1246,27,2,195,6
3737,1246,44,3,180,6
3738,1246,61,1,165,6
3739,1247,32,3,270,19
3740,1247,49,1,255,19
3741,1247,66,2,240,19
3742,1248,37,1,75,6
3743,1248,54,2,330,6
3744,1248,71,3,315,6
3745,1249,42,2,150,9
3746,1249,59,3,135,9
3747,1249,76,1,120,9
3748,1250,47,3,225,3
3749,1250,64,1,210,3
3750,1250,81,2,195,3
3751,1251,52,1,300,17
3752,1251,69,2,285,17
3753,1251,86,3,270,17
3754,1252,57,2,105,12
3755,1252,74,3,90,12
3756,1252,91,1,75,12
3757,1253,62,3,180,31
3758,1253,79,1,165,31
3759,1253,96,2,150,31
3760,1254,67,1,255,11
3761,1254,84,2,240,11
3762,1254,101,3,225,11
3763,1255,72,2,330,15
3764,1255,89,3,315,15
3765,1255,106,1,300,15
3766,1256,77,3,135,23
3767,1256,94,1,120,23
3768,1256,111,2,105,23
3769,1257,82,1,210,29
3770,1257,99,2,195,29
3771,1257,116,3,180,29
3772,1258,87,2,285,18
3773,1258,104,3,270,18
3774,1258,121,1,255,18
3775,1259,92,3,90,7
3776,1259,109,1,75,7
3777,1259,126,2,330,7
3778,1260,97,1,165,2
3779,1260,114,2,150,2
3780,1260,131,3,135,2
3781,1261,102,2,240,21
3782,1261,119,3,225,21
3783,1261,136,1,210,21
3784,1262,107,3,315,21
3785,1262,124,1,300,21
3786,1262,141,2,285,21
3787,1263,112,1,120,7
3788,1263,129,2,105,7
3789,1263,146,3,90,7
3790,1264,117,2,195,24
3791,1264,134,3,180,24
3792,1264,151,1,165,24
3793,1265,122,3,270,26
3794,1265,139,1,255,26
3795,1265,156,2,240,26
3796,1266,127,1,75,9
3797,1266,144,2,330,9
3798,1266,161,3,315,9
3799,1267,132,2,150,27
3800,1267,149,3,135,27
3801,1267,166,1,120,27
3802,1268,137,3,225,27
3803,1268,154,1,210,27
3804,1268,171,2,195,27
3805,1269,142,1,300,17
3806,1269,159,2,285,17
3807,1269,176,3,270,17
3808,1270,147,2,105,30
3809,1270,164,3,90,30
3810,1270,181,1,75,30
3811,1271,152,3,180,13
3812,1271,169,1,165,13
3813,1271,186,2,150,13
3814,1272,157,1,255,6
3815,1272,174,2,240,6
3816,1272,3,3,105,6
3817,1273,162,2,330,2
3818,1273,179,3,315,2
3819,1273,8,1,180,2
3820,1274,167,3,135,1
3821,1274,184,1,120,1
3822,1274,13,2,255,1
3823,1275,172,1,210,8
3824,1275,1,2,75,8
3825,1275,18,3,330,8
3826,1276,177,2,285,5
3827,1276,6,3,150,5
3828,1276,23,1,135,5
3829,1277,182,3,90,1
3830,1277,11,1,225,1
3831,1277,28,2,210,1
3832,1278,187,1,165,23
3833,1278,16,2,300,23
3834,1278,33,3,285,23
3835,1279,4,2,120,8
3836,1279,21,3,105,8
3837,1279,38,1,90,8
3838,1280,9,3,195,4
3839,1280,26,1,180,4
3840,1280,43,2,165,4
3841,1281,14,1,270,5
3842,1281,31,2,255,5
3843,1281,48,3,240,5
3844,1282,19,2,75,11
3845,1282,36,3,330,11
3846,1282,53,1,315,11
3847,1283,24,3,150,6
3848,1283,41,1,135,6
3849,1283,58,2,120,6
3850,1284,29,1,225,30
3851,1284,46,2,210,30
3852,1284,63,3,195,30
3853,1285,34,2,300,14
3854,1285,51,3,285,14
3855,1285,68,1,270,14
3856,1286,39,3,105,29
3857,1286,56,1,90,29
3858,1286,73,2,75,29
3859,1287,44,1,180,20
3860,1287,61,2,165,20
3861,1287,78,3,150,20
3862,1288,49,2,255,17
3863,1288,66,3,240,17
3864,1288,83,1,225,17
3865,1289,54,3,330,8
3866,1289,71,1,315,8
3867,1289,88,2,300,8
3868,1290,59,1,135,7
3869,1290,76,2,120,7
3870,1290,93,3,105,7
3871,1291,64,2,210,20
3872,1291,81,3,195,20
3873,1291,98,1,180,20
3874,1292,69,3,285,14
3875,1292,86,1,270,14
3876,1292,103,2,255,14
3877,1293,74,1,90,17
3878,1293,91,2,75,17
3879,1293,108,3,330,17
3880,1294,79,2,165,23
3881,1294,96,3,150,23
3882,1294,113,1,135,23
3883,1295,84,3,240,23
3884,1295,101,1,225,23
3885,1295,118,2,210,23
3886,1296,89,1,315,26
3887,1296,106,2,300,26
3888,1296,123,3,285,26
3889,1297,94,2,120,26
3890,1297,111,3,105,26
3891,1297,128,1,90,26
3892,1298,99,3,195,25
3893,1298,116,1,180,25
3894,1298,133,2,165,25
3895,1299,104,1,270,25
3896,1299,121,2,255,25
3897,1299,138,3,240,25
3898,1300,109,2,75,29
3899,1300,126,3,330,29
3900,1300,143,1,315,29
3901,1301,114,3,150,14
3902,1301,131,1,135,14
3903,1301,148,2,120,14
3904,1302,119,1,225,30
3905,1302,136,2,210,30
3906,1302,153,3,195,30
3907,1303,124,2,300,1
3908,1303,141,3,285,1
3909,1303,158,1,270,1
3910,1304,129,3,105,19
3911,1304,146,1,90,19
3912,1304,163,2,75,19
3913,1305,134,1,180,6
3914,1305,151,2,165,6
3915,1305,168,3,150,6
3916,1306,139,2,255,4
3917,1306,156,3,240,4
3918,1306,173,1,225,4
3919,1307,144,3,330,1
3920,1307,161,1,315,1
3921,1307,178,2,300,1
3922,1308,149,1,135,1
3923,1308,166,2,120,1
3924,1308,183,3,105,1
3925,1309,154,2,210,7
3926,1309,171,3,195,7
3927,1309,188,1,180,7
3928,1310,159,3,285,12
3929,1310,176,1,270,12
3930,1310,5,2,135,12
3931,1311,164,1,90,12
3932,1311,181,2,75,12
3933,1311,10,3,210,12
3934,1312,169,2,165,10
3935,1312,186,3,150,10
3936,1312,15,1,285,10
3937,1313,174,3,240,14
3938,1313,3,1,105,14
3939,1313,20,2,90,14
3940,1314,179,1,315,1
3941,1314,8,2,180,1
3942,1314,25,3,165,1
3943,1315,184,2,120,13
3944,1315,13,3,255,13
3945,1315,30,1,240,13
3946,1316,1,3,75,30
3947,1316,18,1,330,30
3948,1316,35,2,315,30
3949,1317,6,1,150,17
3950,1317,23,2,135,17
3951,1317,40,3,120,17
3952,1318,11,2,225,16
3953,1318,28,3,210,16
3954,1318,45,1,195,16
3955,1319,16,3,300,22
3956,1319,33,1,285,22
3957,1319,50,2,270,22
3958,1320,21,1,105,5
3959,1320,38,2,90,5
3960,1320,55,3,75,5
3961,1321,26,2,180,19
3962,1321,43,3,165,19
3963,1321,60,1,150,19
3964,1322,31,3,255,19
3965,1322,48,1,240,19
3966,1322,65,2,225,19
3967,1323,36,1,330,22
3968,1323,53,2,315,22
3969,1323,70,3,300,22
3970,1324,41,2,135,22
3971,1324,58,3,120,22
3972,1324,75,1,105,22
3973,1325,46,3,210,24
3974,1325,63,1,195,24
3975,1325,80,2,180,24
3976,1326,51,1,285,7
3977,1326,68,2,270,7
3978,1326,85,3,255,7
3979,1327,56,2,90,25
3980,1327,73,3,75,25
3981,1327,90,1,330,25
3982,1328,61,3,165,25
3983,1328,78,1,150,25
3984,1328,95,2,135,25
3985,1329,66,1,240,28
3986,1329,83,2,225,28
3987,1329,100,3,210,28
3988,1330,71,2,315,28
3989,1330,88,3,300,28
3990,1330,105,1,285,28
3991,1331,76,3,120,15
3992,1331,93,1,105,15
3993,1331,110,2,90,15
3994,1332,81,1,195,13
3995,1332,98,2,180,13
3996,1332,115,3,165,13
3997,1333,86,2,270,31
3998,1333,103,3,255,31
3999,1333,120,1,240,31
4000,1334,91,3,75,5
4001,1334,108,1,330,5
4002,1334,125,2,315,5
4003,1335,96,1,150,7
4004,1335,113,2,135,7
4005,1335,130,3,120,7
4006,1336,101,2,225,3
4007,1336,118,3,210,3
4008,1336,135,1,195,3
4009,1337,106,3,300,9
4010,1337,123,1,285,9
4011,1337,140,2,270,9
4012,1338,111,1,105,6
4013,1338,128,2,90,6
4014,1338,145,3,75,6
4015,1339,116,2,180,6
4016,1339,133,3,165,6
4017,1339,150,1,150,6
4018,1340,121,3,255,19
4019,1340,138,1,240,19
4020,1340,155,2,225,19
4021,1341,126,1,330,6
4022,1341,143,2,315,6
4023,1341,160,3,300,6
4024,1342,131,2,135,9
4025,1342,148,3,120,9
4026,1342,165,1,105,9
4027,1343,136,3,210,3
4028,1343,153,1,195,3
4029,1343,170,2,180,3
4030,1344,141,1,285,17
4031,1344,158,2,270,17
4032,1344,175,3,255,17
4033,1345,146,2,90,12
4034,1345,163,3,75,12
4035,1345,180,1,330,12
4036,1346,151,3,165,31
4037,1346,168,1,150,31
4038,1346,185,2,135,31
4039,1347,156,1,240,21
4040,1347,173,2,225,21
4041,1347,2,3,90,21
4042,1348,161,2,315,15
4043,1348,178,3,300,15
4044,1348,7,1,165,15
4045,1349,166,3,120,23
4046,1349,183,1,105,23
4047,1349,12,2,240,23
4048,1350,171,1,195,29
4049,1350,188,2,180,29
4050,1350,17,3,315,29
4051,1351,176,2,270,18
4052,1351,5,3,135,18
4053,1351,22,1,120,18
4054,1352,181,3,75,2
4055,1352,10,1,210,2
4056,1352,27,2,195,2
4057,1353,186,1,150,2
4058,1353,15,2,285,2
4059,1353,32,3,270,2
4060,1354,3,2,105,21
4061,1354,20,3,90,21
4062,1354,37,1,75,21
4063,1355,8,3,180,17
4064,1355,25,1,165,17
4065,1355,42,2,150,17
4066,1356,13,1,255,7
4067,1356,30,2,240,7
4068,1356,47,3,225,7
4069,1357,18,2,330,24
4070,1357,35,3,315,24
4071,1357,52,1,300,24
4072,1358,23,3,135,26
4073,1358,40,1,120,26
4074,1358,57,2,105,26
4075,1359,28,1,210,9
4076,1359,45,2,195,9
4077,1359,62,3,180,9
4078,1360,33,2,285,27
4079,1360,50,3,270,27
4080,1360,67,1,255,27
4081,1361,38,3,90,27
4082,1361,55,1,75,27
4083,1361,72,2,330,27
4084,1362,43,1,165,17
4085,1362,60,2,150,17
4086,1362,77,3,135,17
4087,1363,48,2,240,30
4088,1363,65,3,225,30
4089,1363,82,1,210,30
4090,1364,53,3,315,13
4091,1364,70,1,300,13
4092,1364,87,2,285,13
4093,1365,58,1,120,3
4094,1365,75,2,105,3
4095,1365,92,3,90,3
4096,1366,63,2,195,2
4097,1366,80,3,180,2
4098,1366,97,1,165,2
4099,1367,68,3,270,1
4100,1367,85,1,255,1
4101,1367,102,2,240,1
4102,1368,73,1,75,8
4103,1368,90,2,330,8
4104,1368,107,3,315,8
4105,1369,78,2,150,5
4106,1369,95,3,135,5
4107,1369,112,1,120,5
4108,1370,83,3,225,12
4109,1370,100,1,210,12
4110,1370,117,2,195,12
4111,1371,88,1,300,2
4112,1371,105,2,285,2
4113,1371,122,3,270,2
4114,1372,93,2,105,8
4115,1372,110,3,90,8
4116,1372,127,1,75,8
4117,1373,98,3,180,4
4118,1373,115,1,165,4
4119,1373,132,2,150,4
4120,1374,103,1,255,5
4121,1374,120,2,240,5
4122,1374,137,3,225,5
4123,1375,108,2,330,11
4124,1375,125,3,315,11
4125,1375,142,1,300,11
4126,1376,113,3,135,8
4127,1376,130,1,120,8
4128,1376,147,2,105,8
4129,1377,118,1,210,30
4130,1377,135,2,195,30
4131,1377,152,3,180,30
4132,1378,123,2,285,14
4133,1378,140,3,270,14
4134,1378,157,1,255,14
4135,1379,128,3,90,29
4136,1379,145,1,75,29
4137,1379,162,2,330,29
4138,1380,133,1,165,24
4139,1380,150,2,150,24
4140,1380,167,3,135,24
4141,1381,138,2,240,17
4142,1381,155,3,225,17
4143,1381,172,1,210,17
4144,1382,143,3,315,5
4145,1382,160,1,300,5
4146,1382,177,2,285,5
4147,1383,148,1,120,2
4148,1383,165,2,105,2
4149,1383,182,3,90,2
4150,1384,153,2,195,20
4151,1384,170,3,180,20
4152,1384,187,1,165,20
4153,1385,158,3,270,14
4154,1385,175,1,255,14
4155,1385,4,2,120,14
4156,1386,163,1,75,21
4157,1386,180,2,330,21
4158,1386,9,3,195,21
4159,1387,168,2,150,23
4160,1387,185,3,135,23
4161,1387,14,1,270,23
4162,1388,173,3,225,23
4163,1388,2,1,90,23
4164,1388,19,2,75,23
4165,1389,178,1,300,27
4166,1389,7,2,165,27
4167,1389,24,3,150,27
4168,1390,183,2,105,26
4169,1390,12,3,240,26
4170,1390,29,1,225,26
4171,1391,188,3,180,25
4172,1391,17,1,315,25
4173,1391,34,2,300,25
4174,1392,5,1,135,25
4175,1392,22,2,120,25
4176,1392,39,3,105,25
4177,1393,10,2,210,29
4178,1393,27,3,195,29
4179,1393,44,1,180,29
4180,1394,15,3,285,14
4181,1394,32,1,270,14
4182,1394,49,2,255,14
4183,1395,20,1,90,30
4184,1395,37,2,75,30
4185,1395,54,3,330,30
4186,1396,25,2,165,1
4187,1396,42,3,150,1
4188,1396,59,1,135,1
4189,1397,30,3,240,19
4190,1397,47,1,225,19
4191,1397,64,2,210,19
4192,1398,35,1,315,6
4193,1398,52,2,300,6
4194,1398,69,3,285,6
4195,1399,40,2,120,4
4196,1399,57,3,105,4
4197,1399,74,1,90,4
4198,1400,45,3,195,1
4199,1400,62,1,180,1
4200,1400,79,2,165,1
4201,1401,50,1,270,1
4202,1401,67,2,255,1
4203,1401,84,3,240,1
4204,1402,55,2,75,7
4205,1402,72,3,330,7
4206,1402,89,1,315,7
4207,1403,60,3,150,12
4208,1403,77,1,135,12
4209,1403,94,2,120,12
4210,1404,65,1,225,12
4211,1404,82,2,210,12
4212,1404,99,3,195,12
4213,1405,70,2,300,10
4214,1405,87,3,285,10
4215,1405,104,1,270,10
4216,1406,75,3,105,14
4217,1406,92,1,90,14
4218,1406,109,2,75,14
4219,1407,80,1,180,8
4220,1407,97,2,165,8
4221,1407,114,3,150,8
4222,1408,85,2,255,13
4223,1408,102,3,240,13
4224,1408,119,1,225,13
4225,1409,90,3,330,30
4226,1409,107,1,315,30
4227,1409,124,2,300,30
4228,1410,95,1,135,17
4229,1410,112,2,120,17
4230,1410,129,3,105,17
4231,1411,100,2,210,16
4232,1411,117,3,195,16
4233,1411,134,1,180,16
4234,1412,105,3,285,22
4235,1412,122,1,270,22
4236,1412,139,2,255,22
4237,1413,110,1,90,8
4238,1413,127,2,75,8
4239,1413,144,3,330,8
4240,1414,115,2,165,19
4241,1414,132,3,150,19
4242,1414,149,1,135,19
4243,1415,120,3,240,19
4244,1415,137,1,225,19
4245,1415,154,2,210,19
4246,1416,125,1,315,22
4247,1416,142,2,300,22
4248,1416,159,3,285,22
4249,1417,130,2,120,22
4250,1417,147,3,105,22
4251,1417,164,1,90,22
4252,1418,135,3,195,24
4253,1418,152,1,180,24
4254,1418,169,2,165,24
4255,1419,140,1,270,7
4256,1419,157,2,255,7
4257,1419,174,3,240,7
4258,1420,145,2,75,25
4259,1420,162,3,330,25
4260,1420,179,1,315,25
4261,1421,150,3,150,25
4262,1421,167,1,135,25
4263,1421,184,2,120,25
4264,1422,155,1,225,26
4265,1422,172,2,210,26
4266,1422,1,3,75,26
4267,1423,160,2,300,28
4268,1423,177,3,285,28
4269,1423,6,1,150,28
4270,1424,165,3,105,15
4271,1424,182,1,90,15
4272,1424,11,2,225,15
4273,1425,170,1,180,13
4274,1425,187,2,165,13
4275,1425,16,3,300,13
4276,1426,175,2,255,31
4277,1426,4,3,120,31
4278,1426,21,1,105,31
4279,1427,180,3,330,5
4280,1427,9,1,195,5
4281,1427,26,2,180,5
4282,1428,185,1,135,7
4283,1428,14,2,270,7
4284,1428,31,3,255,7
4285,1429,2,2,90,3
4286,1429,19,3,75,3
4287,1429,36,1,330,3
4288,1430,7,3,165,9
4289,1430,24,1,150,9
4290,1430,41,2,135,9
4291,1431,12,1,240,3
4292,1431,29,2,225,3
4293,1431,46,3,210,3
4294,1432,17,2,315,6
4295,1432,34,3,300,6
4296,1432,51,1,285,6
4297,1433,22,3,120,19
4298,1433,39,1,105,19
4299,1433,56,2,90,19
4300,1434,27,1,195,6
4301,1434,44,2,180,6
4302,1434,61,3,165,6
4303,1435,32,2,270,9
4304,1435,49,3,255,9
4305,1435,66,1,240,9
4306,1436,37,3,75,3
4307,1436,54,1,330,3
4308,1436,71,2,315,3
4309,1437,42,1,150,17
4310,1437,59,2,135,17
4311,1437,76,3,120,17
4312,1438,47,2,225,12
4313,1438,64,3,210,12
4314,1438,81,1,195,12
4315,1439,52,3,300,31
4316,1439,69,1,285,31
4317,1439,86,2,270,31
4318,1440,57,1,105,21
4319,1440,74,2,90,21
4320,1440,91,3,75,21
4321,1441,62,2,180,15
4322,1441,79,3,165,15
4323,1441,96,1,150,15
4324,1442,67,3,255,23
4325,1442,84,1,240,23
4326,1442,101,2,225,23
4327,1443,72,1,330,29
4328,1443,89,2,315,29
4329,1443,106,3,300,29
4330,1444,77,2,135,18
4331,1444,94,3,120,18
4332,1444,111,1,105,18
4333,1445,82,3,210,2
4334,1445,99,1,195,2
4335,1445,116,2,180,2
4336,1446,87,1,285,2
4337,1446,104,2,270,2
4338,1446,121,3,255,2
4339,1447,92,2,90,21
4340,1447,109,3,75,21
4341,1447,126,1,330,21
4342,1448,97,3,165,21
4343,1448,114,1,150,21
4344,1448,131,2,135,21
4345,1449,102,1,240,7
4346,1449,119,2,225,7
4347,1449,136,3,210,7
4348,1450,107,2,315,24
4349,1450,124,3,300,24
4350,1450,141,1,285,24
4351,1451,112,3,120,26
4352,1451,129,1,105,26
4353,1451,146,2,90,26
4354,1452,117,1,195,9
4355,1452,134,2,180,9
4356,1452,151,3,165,9
4357,1453,122,2,270,27
4358,1453,139,3,255,27
4359,1453,156,1,240,27
4360,1454,127,3,75,27
4361,1454,144,1,330,27
4362,1454,161,2,315,27
4363,1455,132,1,150,17
4364,1455,149,2,135,17
4365,1455,166,3,120,17
4366,1456,137,2,225,30
4367,1456,154,3,210,30
4368,1456,171,1,195,30
4369,1457,142,3,300,13
4370,1457,159,1,285,13
4371,1457,176,2,270,13
4372,1458,147,1,105,6
4373,1458,164,2,90,6
4374,1458,181,3,75,6
4375,1459,152,2,180,2
4376,1459,169,3,165,2
4377,1459,186,1,150,2
4378,1460,157,3,255,1
4379,1460,174,1,240,1
4380,1460,3,2,105,1
4381,1461,162,1,330,8
4382,1461,179,2,315,8
4383,1461,8,3,180,8
4384,1462,167,2,135,5
4385,1462,184,3,120,5
4386,1462,13,1,255,5
4387,1463,172,3,210,1
4388,1463,1,1,75,1
4389,1463,18,2,330,1
4390,1464,177,1,285,23
4391,1464,6,2,150,23
4392,1464,23,3,135,23
4393,1465,182,2,90,8
4394,1465,11,3,225,8
4395,1465,28,1,210,8
4396,1466,187,3,165,4
4397,1466,16,1,300,4
4398,1466,33,2,285,4
4399,1467,4,1,120,5
4400,1467,21,2,105,5
4401,1467,38,3,90,5
4402,1468,9,2,195,11
4403,1468,26,3,180,11
4404,1468,43,1,165,11
4405,1469,14,3,270,6
4406,1469,31,1,255,6
4407,1469,48,2,240,6
4408,1470,19,1,75,30
4409,1470,36,2,330,30
4410,1470,53,3,315,30
4411,1471,24,2,150,14
4412,1471,41,3,135,14
4413,1471,58,1,120,14
4414,1472,29,3,225,29
4415,1472,46,1,210,29
4416,1472,63,2,195,29
4417,1473,34,1,300,20
4418,1473,51,2,285,20
4419,1473,68,3,270,20
4420,1474,39,2,105,17
4421,1474,56,3,90,17
4422,1474,73,1,75,17
4423,1475,44,3,180,8
4424,1475,61,1,165,8
4425,1475,78,2,150,8
4426,1476,49,1,255,7
4427,1476,66,2,240,7
4428,1476,83,3,225,7
4429,1477,54,2,330,20
4430,1477,71,3,315,20
4431,1477,88,1,300,20
4432,1478,59,3,135,14
4433,1478,76,1,120,14
4434,1478,93,2,105,14
4435,1479,64,1,210,21
4436,1479,81,2,195,21
4437,1479,98,3,180,21
4438,1480,69,2,285,23
4439,1480,86,3,270,23
4440,1480,103,1,255,23
4441,1481,74,3,90,23
4442,1481,91,1,75,23
4443,1481,108,2,330,23
4444,1482,79,1,165,26
4445,1482,96,2,150,26
4446,1482,113,3,135,26
4447,1483,84,2,240,26
4448,1483,101,3,225,26
4449,1483,118,1,210,26
4450,1484,89,3,315,25
4451,1484,106,1,300,25
4452,1484,123,2,285,25
4453,1485,94,1,120,25
4454,1485,111,2,105,25
4455,1485,128,3,90,25
4456,1486,99,2,195,29
4457,1486,116,3,180,29
4458,1486,133,1,165,29
4459,1487,104,3,270,14
4460,1487,121,1,255,14
4461,1487,138,2,240,14
4462,1488,109,1,75,30
4463,1488,126,2,330,30
4464,1488,143,3,315,30
4465,1489,114,2,150,1
4466,1489,131,3,135,1
4467,1489,148,1,120,1
4468,1490,119,3,225,19
4469,1490,136,1,210,19
4470,1490,153,2,195,19
4471,1491,124,1,300,6
4472,1491,141,2,285,6
4473,1491,158,3,270,6
4474,1492,129,2,105,4
4475,1492,146,3,90,4
4476,1492,163,1,75,4
4477,1493,134,3,180,1
4478,1493,151,1,165,1
4479,1493,168,2,150,1
4480,1494,139,1,255,1
4481,1494,156,2,240,1
4482,1494,173,3,225,1
4483,1495,144,2,330,7
4484,1495,161,3,315,7
4485,1495,178,1,300,7
4486,1496,149,3,135,12
4487,1496,166,1,120,12
4488,1496,183,2,105,12
4489,1497,154,1,210,12
4490,1497,171,2,195,12
4491,1497,188,3,180,12
4492,1498,159,2,285,10
4493,1498,176,3,270,10
4494,1498,5,1,135,10
4495,1499,164,3,90,14
4496,1499,181,1,75,14
4497,1499,10,2,210,14
4498,1500,169,1,165,1
4499,1500,186,2,150,1
4500,1500,15,3,285,1
4501,1501,174,2,240,13
4502,1501,3,3,105,13
4503,1501,20,1,90,13
4504,1502,179,3,315,30
4505,1502,8,1,180,30
4506,1502,25,2,165,30
4507,1503,184,1,120,17
4508,1503,13,2,255,17
4509,1503,30,3,240,17
4510,1504,1,2,75,16
4511,1504,18,3,330,16
4512,1504,35,1,315,16
4513,1505,6,3,150,22
4514,1505,23,1,135,22
4515,1505,40,2,120,22
4516,1506,11,1,225,5
4517,1506,28,2,210,5
4518,1506,45,3,195,5
4519,1507,16,2,300,19
4520,1507,33,3,285,19
4521,1507,50,1,270,19
4522,1508,21,3,105,19
4523,1508,38,1,90,19
4524,1508,55,2,75,19
4525,1509,26,1,180,22
4526,1509,43,2,165,22
4527,1509,60,3,150,22
4528,1510,31,2,255,22
4529,1510,48,3,240,22
4530,1510,65,1,225,22
4531,1511,36,3,330,24
4532,1511,53,1,315,24
4533,1511,70,2,300,24
4534,1512,41,1,135,7
4535,1512,58,2,120,7
4536,1512,75,3,105,7
4537,1513,46,2,210,25
4538,1513,63,3,195,25
4539,1513,80,1,180,25
4540,1514,51,3,285,25
4541,1514,68,1,270,25
4542,1514,85,2,255,25
4543,1515,56,1,90,28
4544,1515,73,2,75,28
4545,1515,90,3,330,28
4546,1516,61,2,165,28
4547,1516,78,3,150,28
4548,1516,95,1,135,28
4549,1517,66,3,240,15
4550,1517,83,1,225,15
4551,1517,100,2,210,15
4552,1518,71,1,315,13
4553,1518,88,2,300,13
4554,1518,105,3,285,13
4555,1519,76,2,120,31
4556,1519,93,3,105,31
4557,1519,110,1,90,31
4558,1520,81,3,195,5
4559,1520,98,1,180,5
4560,1520,115,2,165,5
4561,1521,86,1,270,7
4562,1521,103,2,255,7
4563,1521,120,3,240,7
4564,1522,91,2,75,3
4565,1522,108,3,330,3
4566,1522,125,1,315,3
4567,1523,96,3,150,9
4568,1523,113,1,135,9
4569,1523,130,2,120,9
4570,1524,101,1,225,6
4571,1524,118,2,210,6
4572,1524,135,3,195,6
4573,1525,106,2,300,6
4574,1525,123,3,285,6
4575,1525,140,1,270,6
4576,1526,111,3,105,19
4577,1526,128,1,90,19
4578,1526,145,2,75,19
4579,1527,116,1,180,6
4580,1527,133,2,165,6
4581,1527,150,3,150,6
4582,1528,121,2,255,9
4583,1528,138,3,240,9
4584,1528,155,1,225,9
4585,1529,126,3,330,3
4586,1529,143,1,315,3
4587,1529,160,2,300,3
4588,1530,131,1,135,17
4589,1530,148,2,120,17
4590,1530,165,3,105,17
4591,1531,136,2,210,6
4592,1531,153,3,195,6
4593,1531,170,1,180,6
4594,1532,141,3,285,31
4595,1532,158,1,270,31
4596,1532,175,2,255,31
4597,1533,146,1,90,21
4598,1533,163,2,75,21
4599,1533,180,3,330,21
4600,1534,151,2,165,15
4601,1534,168,3,150,15
4602,1534,185,1,135,15
4603,1535,156,3,240,23
4604,1535,173,1,225,23
4605,1535,2,2,90,23
4606,1536,161,1,315,29
4607,1536,178,2,300,29
4608,1536,7,3,165,29
4609,1537,166,2,120,18
4610,1537,183,3,105,18
4611,1537,12,1,240,18
4612,1538,171,3,195,2
4613,1538,188,1,180,2
4614,1538,17,2,315,2
4615,1539,176,1,270,2
4616,1539,5,2,135,2
4617,1539,22,3,120,2
4618,1540,181,2,75,21
4619,1540,10,3,210,21
4620,1540,27,1,195,21
4621,1541,186,3,150,17
4622,1541,15,1,285,17
4623,1541,32,2,270,17
4624,1542,3,1,105,7
4625,1542,20,2,90,7
4626,1542,37,3,75,7
4627,1543,8,2,180,24
4628,1543,25,3,165,24
4629,1543,42,1,150,24
4630,1544,13,3,255,26
4631,1544,30,1,240,26
4632,1544,47,2,225,26
4633,1545,18,1,330,9
4634,1545,35,2,315,9
4635,1545,52,3,300,9
4636,1546,23,2,135,27
4637,1546,40,3,120,27
4638,1546,57,1,105,27
4639,1547,28,3,210,27
4640,1547,45,1,195,27
4641,1547,62,2,180,27
4642,1548,33,1,285,17
4643,1548,50,2,270,17
4644,1548,67,3,255,17
4645,1549,38,2,90,30
4646,1549,55,3,75,30
4647,1549,72,1,330,30
4648,1550,43,3,165,13
4649,1550,60,1,150,13
4650,1550,77,2,135,13
4651,1551,48,1,240,3
4652,1551,65,2,225,3
4653,1551,82,3,210,3
4654,1552,53,2,315,2
4655,1552,70,3,300,2
4656,1552,87,1,285,2
4657,1553,58,3,120,1
4658,1553,75,1,105,1
4659,1553,92,2,90,1
4660,1554,63,1,195,8
4661,1554,80,2,180,8
4662,1554,97,3,165,8
4663,1555,68,2,270,5
4664,1555,85,3,255,5
4665,1555,102,1,240,5
4666,1556,73,3,75,12
4667,1556,90,1,330,12
4668,1556,107,2,315,12
4669,1557,78,1,150,2
4670,1557,95,2,135,2
4671,1557,112,3,120,2
4672,1558,83,2,225,8
4673,1558,100,3,210,8
4674,1558,117,1,195,8
4675,1559,88,3,300,4
4676,1559,105,1,285,4
4677,1559,122,2,270,4
4678,1560,93,1,105,5
4679,1560,110,2,90,5
4680,1560,127,3,75,5
4681,1561,98,2,180,11
4682,1561,115,3,165,11
4683,1561,132,1,150,11
4684,1562,103,3,255,8
4685,1562,120,1,240,8
4686,1562,137,2,225,8
4687,1563,108,1,330,30
4688,1563,125,2,315,30
4689,1563,142,3,300,30
4690,1564,113,2,135,14
4691,1564,130,3,120,14
4692,1564,147,1,105,14
4693,1565,118,3,210,29
4694,1565,135,1,195,29
4695,1565,152,2,180,29
4696,1566,123,1,285,24
4697,1566,140,2,270,24
4698,1566,157,3,255,24
4699,1567,128,2,90,17
4700,1567,145,3,75,17
4701,1567,162,1,330,17
4702,1568,133,3,165,5
4703,1568,150,1,150,5
4704,1568,167,2,135,5
4705,1569,138,1,240,2
4706,1569,155,2,225,2
4707,1569,172,3,210,2
4708,1570,143,2,315,20
4709,1570,160,3,300,20
4710,1570,177,1,285,20
4711,1571,148,3,120,14
4712,1571,165,1,105,14
4713,1571,182,2,90,14
4714,1572,153,1,195,17
4715,1572,170,2,180,17
4716,1572,187,3,165,17
4717,1573,158,2,270,23
4718,1573,175,3,255,23
4719,1573,4,1,120,23
4720,1574,163,3,75,23
4721,1574,180,1,330,23
4722,1574,9,2,195,23
4723,1575,168,1,150,27
4724,1575,185,2,135,27
4725,1575,14,3,270,27
4726,1576,173,2,225,26
4727,1576,2,3,90,26
4728,1576,19,1,75,26
4729,1577,178,3,300,25
4730,1577,7,1,165,25
4731,1577,24,2,150,25
4732,1578,183,1,105,25
4733,1578,12,2,240,25
4734,1578,29,3,225,25
4735,1579,188,2,180,29
4736,1579,17,3,315,29
4737,1579,34,1,300,29
4738,1580,5,3,135,14
4739,1580,22,1,120,14
4740,1580,39,2,105,14
4741,1581,10,1,210,30
4742,1581,27,2,195,30
4743,1581,44,3,180,30
4744,1582,15,2,285,1
4745,1582,32,3,270,1
4746,1582,49,1,255,1
4747,1583,20,3,90,19
4748,1583,37,1,75,19
4749,1583,54,2,330,19
4750,1584,25,1,165,5
4751,1584,42,2,150,5
4752,1584,59,3,135,5
4753,1585,30,2,240,4
4754,1585,47,3,225,4
4755,1585,64,1,210,4
4756,1586,35,3,315,1
4757,1586,52,1,300,1
4758,1586,69,2,285,1
4759,1587,40,1,120,12
4760,1587,57,2,105,12
4761,1587,74,3,90,12
4762,1588,45,2,195,7
4763,1588,62,3,180,7
4764,1588,79,1,165,7
4765,1589,50,3,270,12
4766,1589,67,1,255,12
4767,1589,84,2,240,12
4768,1590,55,1,75,12
4769,1590,72,2,330,12
4770,1590,89,3,315,12
4771,1591,60,2,150,10
4772,1591,77,3,135,10
4773,1591,94,1,120,10
4774,1592,65,3,225,14
4775,1592,82,1,210,14
4776,1592,99,2,195,14
4777,1593,70,1,300,8
4778,1593,87,2,285,8
4779,1593,104,3,270,8
4780,1594,75,2,105,13
4781,1594,92,3,90,13
4782,1594,109,1,75,13
4783,1595,80,3,180,30
4784,1595,97,1,165,30
4785,1595,114,2,150,30
4786,1596,85,1,255,17
4787,1596,102,2,240,17
4788,1596,119,3,225,17
4789,1597,90,2,330,16
4790,1597,107,3,315,16
4791,1597,124,1,300,16
4792,1598,95,3,135,22
4793,1598,112,1,120,22
4794,1598,129,2,105,22
4795,1599,100,1,210,8
4796,1599,117,2,195,8
4797,1599,134,3,180,8
4798,1600,105,2,285,19
4799,1600,122,3,270,19
4800,1600,139,1,255,19
4801,1601,110,3,90,19
4802,1601,127,1,75,19
4803,1601,144,2,330,19
4804,1602,115,1,165,22
4805,1602,132,2,150,22
4806,1602,149,3,135,22
4807,1603,120,2,240,22
4808,1603,137,3,225,22
4809,1603,154,1,210,22
4810,1604,125,3,315,24
4811,1604,142,1,300,24
4812,1604,159,2,285,24
4813,1605,130,1,120,7
4814,1605,147,2,105,7
4815,1605,164,3,90,7
4816,1606,135,2,195,25
4817,1606,152,3,180,25
4818,1606,169,1,165,25
4819,1607,140,3,270,25
4820,1607,157,1,255,25
4821,1607,174,2,240,25
4822,1608,145,1,75,26
4823,1608,162,2,330,26
4824,1608,179,3,315,26
4825,1609,150,2,150,28
4826,1609,167,3,135,28
4827,1609,184,1,120,28
4828,1610,155,3,225,15
4829,1610,172,1,210,15
4830,1610,1,2,75,15
4831,1611,160,1,300,13
4832,1611,177,2,285,13
4833,1611,6,3,150,13
4834,1612,165,2,105,31
4835,1612,182,3,90,31
4836,1612,11,1,225,31
4837,1613,170,3,180,5
4838,1613,187,1,165,5
4839,1613,16,2,300,5
4840,1614,175,1,255,7
4841,1614,4,2,120,7
4842,1614,21,3,105,7
4843,1615,180,2,330,3
4844,1615,9,3,195,3
4845,1615,26,1,180,3
4846,1616,185,3,135,9
4847,1616,14,1,270,9
4848,1616,31,2,255,9
4849,1617,2,1,90,3
4850,1617,19,2,75,3
4851,1617,36,3,330,3
4852,1618,7,2,165,6
4853,1618,24,3,150,6
4854,1618,41,1,135,6
4855,1619,12,3,240,19
4856,1619,29,1,225,19
4857,1619,46,2,210,19
4858,1620,17,1,315,6
4859,1620,34,2,300,6
4860,1620,51,3,285,6
4861,1621,22,2,120,9
4862,1621,39,3,105,9
4863,1621,56,1,90,9
4864,1622,27,3,195,3
4865,1622,44,1,180,3
4866,1622,61,2,165,3
4867,1623,32,1,270,17
4868,1623,49,2,255,17
4869,1623,66,3,240,17
4870,1624,37,2,75,12
4871,1624,54,3,330,12
4872,1624,71,1,315,12
4873,1625,42,3,150,31
4874,1625,59,1,135,31
4875,1625,76,2,120,31
4876,1626,47,1,225,21
4877,1626,64,2,210,21
4878,1626,81,3,195,21
4879,1627,52,2,300,15
4880,1627,69,3,285,15
4881,1627,86,1,270,15
4882,1628,57,3,105,23
4883,1628,74,1,90,23
4884,1628,91,2,75,23
4885,1629,62,1,180,29
4886,1629,79,2,165,29
4887,1629,96,3,150,29
4888,1630,67,2,255,18
4889,1630,84,3,240,18
4890,1630,101,1,225,18
4891,1631,72,3,330,2
4892,1631,89,1,315,2
4893,1631,106,2,300,2
4894,1632,77,1,135,2
4895,1632,94,2,120,2
4896,1632,111,3,105,2
4897,1633,82,2,210,21
4898,1633,99,3,195,21
4899,1633,116,1,180,21
4900,1634,87,3,285,21
4901,1634,104,1,270,21
4902,1634,121,2,255,21
4903,1635,92,1,90,7
4904,1635,109,2,75,7
4905,1635,126,3,330,7
4906,1636,97,2,165,24
4907,1636,114,3,150,24
4908,1636,131,1,135,24
4909,1637,102,3,240,26
4910,1637,119,1,225,26
4911,1637,136,2,210,26
4912,1638,107,1,315,9
4913,1638,124,2,300,9
4914,1638,141,3,285,9
4915,1639,112,2,120,27
4916,1639,129,3,105,27
4917,1639,146,1,90,27
4918,1640,117,3,195,27
4919,1640,134,1,180,27
4920,1640,151,2,165,27
4921,1641,122,1,270,17
4922,1641,139,2,255,17
4923,1641,156,3,240,17
4924,1642,127,2,75,30
4925,1642,144,3,330,30
4926,1642,161,1,315,30
4927,1643,132,3,150,13
4928,1643,149,1,135,13
4929,1643,166,2,120,13
4930,1644,137,1,225,6
4931,1644,154,2,210,6
4932,1644,171,3,195,6
4933,1645,142,2,300,2
4934,1645,159,3,285,2
4935,1645,176,1,270,2
4936,1646,147,3,105,1
4937,1646,164,1,90,1
4938,1646,181,2,75,1
4939,1647,152,1,180,8
4940,1647,169,2,165,8
4941,1647,186,3,150,8
4942,1648,157,2,255,5
4943,1648,174,3,240,5
4944,1648,3,1,105,5
4945,1649,162,3,330,6
4946,1649,179,1,315,6
4947,1649,8,2,180,6
4948,1650,167,1,135,23
4949,1650,184,2,120,23
4950,1650,13,3,255,23
4951,1651,172,2,210,8
4952,1651,1,3,75,8
4953,1651,18,1,330,8
4954,1652,177,3,285,4
4955,1652,6,1,150,4
4956,1652,23,2,135,4
4957,1653,182,1,90,5
4958,1653,11,2,225,5
4959,1653,28,3,210,5
4960,1654,187,2,165,11
4961,1654,16,3,300,11
4962,1654,33,1,285,11
4963,1655,4,3,120,6
4964,1655,21,1,105,6
4965,1655,38,2,90,6
4966,1656,9,1,195,30
4967,1656,26,2,180,30
4968,1656,43,3,165,30
4969,1657,14,2,270,14
4970,1657,31,3,255,14
4971,1657,48,1,240,14
4972,1658,19,3,75,29
4973,1658,36,1,330,29
4974,1658,53,2,315,29
4975,1659,24,1,150,20
4976,1659,41,2,135,20
4977,1659,58,3,120,20
4978,1660,29,2,225,17
4979,1660,46,3,210,17
4980,1660,63,1,195,17
4981,1661,34,3,300,8
4982,1661,51,1,285,8
4983,1661,68,2,270,8
4984,1662,39,1,105,7
4985,1662,56,2,90,7
4986,1662,73,3,75,7
4987,1663,44,2,180,20
4988,1663,61,3,165,20
4989,1663,78,1,150,20
4990,1664,49,3,255,14
4991,1664,66,1,240,14
4992,1664,83,2,225,14
4993,1665,54,1,330,21
4994,1665,71,2,315,21
4995,1665,88,3,300,21
4996,1666,59,2,135,23
4997,1666,76,3,120,23
4998,1666,93,1,105,23
4999,1667,64,3,210,23
5000,1667,81,1,195,23
5001,1667,98,2,180,23
5002,1668,69,1,285,26
5003,1668,86,2,270,26
5004,1668,103,3,255,26
5005,1669,74,2,90,26
5006,1669,91,3,75,26
5007,1669,108,1,330,26
5008,1670,79,3,165,25
5009,1670,96,1,150,25
5010,1670,113,2,135,25
5011,1671,84,1,240,25
5012,1671,101,2,225,25
5013,1671,118,3,210,25
5014,1672,89,2,315,29
5015,1672,106,3,300,29
5016,1672,123,1,285,29
5017,1673,94,3,120,14
5018,1673,111,1,105,14
5019,1673,128,2,90,14
5020,1674,99,1,195,30
5021,1674,116,2,180,30
5022,1674,133,3,165,30
5023,1675,104,2,270,1
5024,1675,121,3,255,1
5025,1675,138,1,240,1
5026,1676,109,3,75,19
5027,1676,126,1,330,19
5028,1676,143,2,315,19
5029,1677,114,1,150,6
5030,1677,131,2,135,6
5031,1677,148,3,120,6
5032,1678,119,2,225,4
5033,1678,136,3,210,4
5034,1678,153,1,195,4
5035,1679,124,3,300,1
5036,1679,141,1,285,1
5037,1679,158,2,270,1
5038,1680,129,1,105,1
5039,1680,146,2,90,1
5040,1680,163,3,75,1
5041,1681,134,2,180,7
5042,1681,151,3,165,7
5043,1681,168,1,150,7
5044,1682,139,3,255,12
5045,1682,156,1,240,12
5046,1682,173,2,225,12
5047,1683,144,1,330,8
5048,1683,161,2,315,8
5049,1683,178,3,300,8
5050,1684,149,2,135,10
5051,1684,166,3,120,10
5052,1684,183,1,105,10
5053,1685,154,3,210,14
5054,1685,171,1,195,14
5055,1685,188,2,180,14
5056,1686,159,1,285,1
5057,1686,176,2,270,1
5058,1686,5,3,135,1
5059,1687,164,2,90,13
5060,1687,181,3,75,13
5061,1687,10,1,210,13
5062,1688,169,3,165,30
5063,1688,186,1,150,30
5064,1688,15,2,285,30
5065,1689,174,1,240,17
5066,1689,3,2,105,17
5067,1689,20,3,90,17
5068,1690,179,2,315,16
5069,1690,8,3,180,16
5070,1690,25,1,165,16
5071,1691,184,3,120,22
5072,1691,13,1,255,22
5073,1691,30,2,240,22
5074,1692,1,1,75,5
5075,1692,18,2,330,5
5076,1692,35,3,315,5
5077,1693,6,2,150,19
5078,1693,23,3,135,19
5079,1693,40,1,120,19
5080,1694,11,3,225,19
5081,1694,28,1,210,19
5082,1694,45,2,195,19
5083,1695,16,1,300,22
5084,1695,33,2,285,22
5085,1695,50,3,270,22
5086,1696,21,2,105,22
5087,1696,38,3,90,22
5088,1696,55,1,75,22
5089,1697,26,3,180,24
5090,1697,43,1,165,24
5091,1697,60,2,150,24
5092,1698,31,1,255,7
5093,1698,48,2,240,7
5094,1698,65,3,225,7
5095,1699,36,2,330,25
5096,1699,53,3,315,25
5097,1699,70,1,300,25
5098,1700,41,3,135,25
5099,1700,58,1,120,25
5100,1700,75,2,105,25
5101,1701,46,1,210,28
5102,1701,63,2,195,28
5103,1701,80,3,180,28
5104,1702,51,2,285,28
5105,1702,68,3,270,28
5106,1702,85,1,255,28
5107,1703,56,3,90,15
5108,1703,73,1,75,15
5109,1703,90,2,330,15
5110,1704,61,1,165,13
5111,1704,78,2,150,13
5112,1704,95,3,135,13
5113,1705,66,2,240,31
5114,1705,83,3,225,31
5115,1705,100,1,210,31
5116,1706,71,3,315,5
5117,1706,88,1,300,5
5118,1706,105,2,285,5
5119,1707,76,1,120,7
5120,1707,93,2,105,7
5121,1707,110,3,90,7
5122,1708,81,2,195,3
5123,1708,98,3,180,3
5124,1708,115,1,165,3
5125,1709,86,3,270,9
5126,1709,103,1,255,9
5127,1709,120,2,240,9
5128,1710,91,1,75,6
5129,1710,108,2,330,6
5130,1710,125,3,315,6
5131,1711,96,2,150,6
5132,1711,113,3,135,6
5133,1711,130,1,120,6
5134,1712,101,3,225,19
5135,1712,118,1,210,19
5136,1712,135,2,195,19
5137,1713,106,1,300,6
5138,1713,123,2,285,6
5139,1713,140,3,270,6
5140,1714,111,2,105,9
5141,1714,128,3,90,9
5142,1714,145,1,75,9
5143,1715,116,3,180,3
5144,1715,133,1,165,3
5145,1715,150,2,150,3
5146,1716,121,1,255,17
5147,1716,138,2,240,17
5148,1716,155,3,225,17
5149,1717,126,2,330,12
5150,1717,143,3,315,12
5151,1717,160,1,300,12
5152,1718,131,3,135,31
5153,1718,148,1,120,31
5154,1718,165,2,105,31
5155,1719,136,1,210,21
5156,1719,153,2,195,21
5157,1719,170,3,180,21
5158,1720,141,2,285,15
5159,1720,158,3,270,15
5160,1720,175,1,255,15
5161,1721,146,3,90,23
5162,1721,163,1,75,23
5163,1721,180,2,330,23
5164,1722,151,1,165,29
5165,1722,168,2,150,29
5166,1722,185,3,135,29
5167,1723,156,2,240,18
5168,1723,173,3,225,18
5169,1723,2,1,90,18
5170,1724,161,3,315,2
5171,1724,178,1,300,2
5172,1724,7,2,165,2
5173,1725,166,1,120,2
5174,1725,183,2,105,2
5175,1725,12,3,240,2
5176,1726,171,2,195,21
5177,1726,188,3,180,21
5178,1726,17,1,315,21
5179,1727,176,3,270,17
5180,1727,5,1,135,17
5181,1727,22,2,120,17
5182,1728,181,1,75,7
5183,1728,10,2,210,7
5184,1728,27,3,195,7
5185,1729,186,2,150,24
5186,1729,15,3,285,24
5187,1729,32,1,270,24
5188,1730,3,3,105,26
5189,1730,20,1,90,26
5190,1730,37,2,75,26
5191,1731,8,1,180,9
5192,1731,25,2,165,9
5193,1731,42,3,150,9
5194,1732,13,2,255,27
5195,1732,30,3,240,27
5196,1732,47,1,225,27
5197,1733,18,3,330,27
5198,1733,35,1,315,27
5199,1733,52,2,300,27
5200,1734,23,1,135,17
5201,1734,40,2,120,17
5202,1734,57,3,105,17
5203,1735,28,2,210,30
5204,1735,45,3,195,30
5205,1735,62,1,180,30
5206,1736,33,3,285,13
5207,1736,50,1,270,13
5208,1736,67,2,255,13
5209,1737,38,1,90,5
5210,1737,55,2,75,5
5211,1737,72,3,330,5
5212,1738,43,2,165,2
5213,1738,60,3,150,2
5214,1738,77,1,135,2
5215,1739,48,3,240,1
5216,1739,65,1,225,1
5217,1739,82,2,210,1
5218,1740,53,1,315,8
5219,1740,70,2,300,8
5220,1740,87,3,285,8
5221,1741,58,2,120,5
5222,1741,75,3,105,5
5223,1741,92,1,90,5
5224,1742,63,3,195,12
5225,1742,80,1,180,12
5226,1742,97,2,165,12
5227,1743,68,1,270,2
5228,1743,85,2,255,2
5229,1743,102,3,240,2
5230,1744,73,2,75,8
5231,1744,90,3,330,8
5232,1744,107,1,315,8
5233,1745,78,3,150,4
5234,1745,95,1,135,4
5235,1745,112,2,120,4
5236,1746,83,1,225,5
5237,1746,100,2,210,5
5238,1746,117,3,195,5
5239,1747,88,2,300,11
5240,1747,105,3,285,11
5241,1747,122,1,270,11
5242,1748,93,3,105,8
5243,1748,110,1,90,8
5244,1748,127,2,75,8
5245,1749,98,1,180,30
5246,1749,115,2,165,30
5247,1749,132,3,150,30
5248,1750,103,2,255,14
5249,1750,120,3,240,14
5250,1750,137,1,225,14
5251,1751,108,3,330,29
5252,1751,125,1,315,29
5253,1751,142,2,300,29
5254,1752,113,1,135,24
5255,1752,130,2,120,24
5256,1752,147,3,105,24
5257,1753,118,2,210,17
5258,1753,135,3,195,17
5259,1753,152,1,180,17
5260,1754,123,3,285,5
5261,1754,140,1,270,5
5262,1754,157,2,255,5
5263,1755,128,1,90,2
5264,1755,145,2,75,2
5265,1755,162,3,330,2
5266,1756,133,2,165,20
5267,1756,150,3,150,20
5268,1756,167,1,135,20
5269,1757,138,3,240,14
5270,1757,155,1,225,14
5271,1757,172,2,210,14
5272,1758,143,1,315,17
5273,1758,160,2,300,17
5274,1758,177,3,285,17
5275,1759,148,2,120,23
5276,1759,165,3,105,23
5277,1759,182,1,90,23
5278,1760,153,3,195,23
5279,1760,170,1,180,23
5280,1760,187,2,165,23
5281,1761,158,1,270,27
5282,1761,175,2,255,27
5283,1761,4,3,120,27
5284,1762,163,2,75,26
5285,1762,180,3,330,26
5286,1762,9,1,195,26
5287,1763,168,3,150,25
5288,1763,185,1,135,25
5289,1763,14,2,270,25
5290,1764,173,1,225,25
5291,1764,2,2,90,25
5292,1764,19,3,75,25
5293,1765,178,2,300,29
5294,1765,7,3,165,29
5295,1765,24,1,150,29
5296,1766,183,3,105,14
5297,1766,12,1,240,14
5298,1766,29,2,225,14
5299,1767,188,1,180,30
5300,1767,17,2,315,30
5301,1767,34,3,300,30
5302,1768,5,2,135,1
5303,1768,22,3,120,1
5304,1768,39,1,105,1
5305,1769,10,3,210,19
5306,1769,27,1,195,19
5307,1769,44,2,180,19
5308,1770,15,1,285,5
5309,1770,32,2,270,5
5310,1770,49,3,255,5
5311,1771,20,2,90,4
5312,1771,37,3,75,4
5313,1771,54,1,330,4
5314,1772,25,3,165,1
5315,1772,42,1,150,1
5316,1772,59,2,135,1
5317,1773,30,1,240,12
5318,1773,47,2,225,12
5319,1773,64,3,210,12
5320,1774,35,2,315,7
5321,1774,52,3,300,7
5322,1774,69,1,285,7
5323,1775,40,3,120,12
5324,1775,57,1,105,12
5325,1775,74,2,90,12
5326,1776,45,1,195,12
5327,1776,62,2,180,12
5328,1776,79,3,165,12
5329,1777,50,2,270,10
5330,1777,67,3,255,10
5331,1777,84,1,240,10
5332,1778,55,3,75,14
5333,1778,72,1,330,14
5334,1778,89,2,315,14
5335,1779,60,1,150,8
5336,1779,77,2,135,8
5337,1779,94,3,120,8
5338,1780,65,2,225,13
5339,1780,82,3,210,13
5340,1780,99,1,195,13
5341,1781,70,3,300,30
5342,1781,87,1,285,30
5343,1781,104,2,270,30
5344,1782,75,1,105,17
5345,1782,92,2,90,17
5346,1782,109,3,75,17
5347,1783,80,2,180,16
5348,1783,97,3,165,16
5349,1783,114,1,150,16
5350,1784,85,3,255,22
5351,1784,102,1,240,22
5352,1784,119,2,225,22
5353,1785,90,1,330,5
5354,1785,107,2,315,5
5355,1785,124,3,300,5
5356,1786,95,2,135,19
5357,1786,112,3,120,19
5358,1786,129,1,105,19
5359,1787,100,3,210,19
5360,1787,117,1,195,19
5361,1787,134,2,180,19
5362,1788,105,1,285,22
5363,1788,122,2,270,22
5364,1788,139,3,255,22
5365,1789,110,2,90,22
5366,1789,127,3,75,22
5367,1789,144,1,330,22
5368,1790,115,3,165,24
5369,1790,132,1,150,24
5370,1790,149,2,135,24
5371,1791,120,1,240,7
5372,1791,137,2,225,7
5373,1791,154,3,210,7
5374,1792,125,2,315,25
5375,1792,142,3,300,25
5376,1792,159,1,285,25
5377,1793,130,3,120,25
5378,1793,147,1,105,25
5379,1793,164,2,90,25
5380,1794,135,1,195,26
5381,1794,152,2,180,26
5382,1794,169,3,165,26
5383,1795,140,2,270,28
5384,1795,157,3,255,28
5385,1795,174,1,240,28
5386,1796,145,3,75,15
5387,1796,162,1,330,15
5388,1796,179,2,315,15
5389,1797,150,1,150,13
5390,1797,167,2,135,13
5391,1797,184,3,120,13
5392,1798,155,2,225,31
5393,1798,172,3,210,31
5394,1798,1,1,75,31
5395,1799,160,3,300,5
5396,1799,177,1,285,5
5397,1799,6,2,150,5
5398,1800,165,1,105,7
5399,1800,182,2,90,7
5400,1800,11,3,225,7
5401,1801,170,2,180,3
5402,1801,187,3,165,3
5403,1801,16,1,300,3
5404,1802,175,3,255,9
5405,1802,4,1,120,9
5406,1802,21,2,105,9
5407,1803,180,1,330,3
5408,1803,9,2,195,3
5409,1803,26,3,180,3
5410,1804,185,2,135,6
5411,1804,14,3,270,6
5412,1804,31,1,255,6
5413,1805,2,3,90,19
5414,1805,19,1,75,19
5415,1805,36,2,330,19
5416,1806,7,1,165,6
5417,1806,24,2,150,6
5418,1806,41,3,135,6
5419,1807,12,2,240,9
5420,1807,29,3,225,9
5421,1807,46,1,210,9
5422,1808,17,3,315,3
5423,1808,34,1,300,3
5424,1808,51,2,285,3
5425,1809,22,1,120,17
5426,1809,39,2,105,17
5427,1809,56,3,90,17
5428,1810,27,2,195,12
5429,1810,44,3,180,12
5430,1810,61,1,165,12
5431,1811,32,3,270,31
5432,1811,49,1,255,31
5433,1811,66,2,240,31
5434,1812,37,1,75,21
5435,1812,54,2,330,21
5436,1812,71,3,315,21
5437,1813,42,2,150,15
5438,1813,59,3,135,15
5439,1813,76,1,120,15
5440,1814,47,3,225,23
5441,1814,64,1,210,23
5442,1814,81,2,195,23
5443,1815,52,1,300,29
5444,1815,69,2,285,29
5445,1815,86,3,270,29
5446,1816,57,2,105,18
5447,1816,74,3,90,18
5448,1816,91,1,75,18
5449,1817,62,3,180,2
5450,1817,79,1,165,2
5451,1817,96,2,150,2
5452,1818,67,1,255,2
5453,1818,84,2,240,2
5454,1818,101,3,225,2
5455,1819,72,2,330,21
5456,1819,89,3,315,21
5457,1819,106,1,300,21
5458,1820,77,3,135,21
5459,1820,94,1,120,21
5460,1820,111,2,105,21
5461,1821,82,1,210,7
5462,1821,99,2,195,7
5463,1821,116,3,180,7
5464,1822,87,2,285,24
5465,1822,104,3,270,24
5466,1822,121,1,255,24
5467,1823,92,3,90,27
5468,1823,109,1,75,27
5469,1823,126,2,330,27
5470,1824,97,1,165,9
5471,1824,114,2,150,9
5472,1824,131,3,135,9
5473,1825,102,2,240,27
5474,1825,119,3,225,27
5475,1825,136,1,210,27
5476,1826,107,3,315,27
5477,1826,124,1,300,27
5478,1826,141,2,285,27
5479,1827,112,1,120,17
5480,1827,129,2,105,17
5481,1827,146,3,90,17
5482,1828,117,2,195,30
5483,1828,134,3,180,30
5484,1828,151,1,165,30
5485,1829,122,3,270,13
5486,1829,139,1,255,13
5487,1829,156,2,240,13
5488,1830,127,1,75,6
5489,1830,144,2,330,6
5490,1830,161,3,315,6
5491,1831,132,2,150,2
5492,1831,149,3,135,2
5493,1831,166,1,120,2
5494,1832,137,3,225,1
5495,1832,154,1,210,1
5496,1832,171,2,195,1
5497,1833,142,1,300,8
5498,1833,159,2,285,8
5499,1833,176,3,270,8
5500,1834,147,2,105,5
5501,1834,164,3,90,5
5502,1834,181,1,75,5
5503,1835,152,3,180,12
5504,1835,169,1,165,12
5505,1835,186,2,150,12
5506,1836,157,1,255,2
5507,1836,174,2,240,2
5508,1836,3,3,105,2
5509,1837,162,2,330,8
5510,1837,179,3,315,8
5511,1837,8,1,180,8
5512,1838,167,3,135,4
5513,1838,184,1,120,4
5514,1838,13,2,255,4
5515,1839,172,1,210,5
5516,1839,1,2,75,5
5517,1839,18,3,330,5
5518,1840,177,2,285,11
5519,1840,6,3,150,11
5520,1840,23,1,135,11
5521,1841,182,3,90,6
5522,1841,11,1,225,6
5523,1841,28,2,210,6
5524,1842,187,1,165,30
5525,1842,16,2,300,30
5526,1842,33,3,285,30
5527,1843,4,2,120,14
5528,1843,21,3,105,14
5529,1843,38,1,90,14
5530,1844,9,3,195,29
5531,1844,26,1,180,29
5532,1844,43,2,165,29
5533,1845,14,1,270,20
5534,1845,31,2,255,20
5535,1845,48,3,240,20
5536,1846,19,2,75,17
5537,1846,36,3,330,17
5538,1846,53,1,315,17
5539,1847,24,3,150,8
5540,1847,41,1,135,8
5541,1847,58,2,120,8
5542,1848,29,1,225,7
5543,1848,46,2,210,7
5544,1848,63,3,195,7
5545,1849,34,2,300,20
5546,1849,51,3,285,20
5547,1849,68,1,270,20
5548,1850,39,3,105,14
5549,1850,56,1,90,14
5550,1850,73,2,75,14
5551,1851,44,1,180,21
5552,1851,61,2,165,21
5553,1851,78,3,150,21
5554,1852,49,2,255,23
5555,1852,66,3,240,23
5556,1852,83,1,225,23
5557,1853,54,3,330,23
5558,1853,71,1,315,23
5559,1853,88,2,300,23
5560,1854,59,1,135,26
5561,1854,76,2,120,26
5562,1854,93,3,105,26
5563,1855,64,2,210,26
5564,1855,81,3,195,26
5565,1855,98,1,180,26
5566,1856,69,3,285,25
5567,1856,86,1,270,25
5568,1856,103,2,255,25
5569,1857,74,1,90,25
5570,1857,91,2,75,25
5571,1857,108,3,330,25
5572,1858,79,2,165,29
5573,1858,96,3,150,29
5574,1858,113,1,135,29
5575,1859,84,3,240,14
5576,1859,101,1,225,14
5577,1859,118,2,210,14
5578,1860,89,1,315,30
5579,1860,106,2,300,30
5580,1860,123,3,285,30
5581,1861,94,2,120,1
5582,1861,111,3,105,1
5583,1861,128,1,90,1
5584,1862,99,3,195,19
5585,1862,116,1,180,19
5586,1862,133,2,165,19
5587,1863,104,1,270,6
5588,1863,121,2,255,6
5589,1863,138,3,240,6
5590,1864,109,2,75,4
5591,1864,126,3,330,4
5592,1864,143,1,315,4
5593,1865,114,3,150,1
5594,1865,131,1,135,1
5595,1865,148,2,120,1
5596,1866,119,1,225,1
5597,1866,136,2,210,1
5598,1866,153,3,195,1
5599,1867,124,2,300,7
5600,1867,141,3,285,7
5601,1867,158,1,270,7
5602,1868,129,3,105,12
5603,1868,146,1,90,12
5604,1868,163,2,75,12
5605,1869,134,1,180,8
5606,1869,151,2,165,8
5607,1869,168,3,150,8
5608,1870,139,2,255,10
5609,1870,156,3,240,10
5610,1870,173,1,225,10
5611,1871,144,3,330,14
5612,1871,161,1,315,14
5613,1871,178,2,300,14
5614,1872,149,1,135,1
5615,1872,166,2,120,1
5616,1872,183,3,105,1
5617,1873,154,2,210,13
5618,1873,171,3,195,13
5619,1873,188,1,180,13
5620,1874,159,3,285,30
5621,1874,176,1,270,30
5622,1874,5,2,135,30
5623,1875,164,1,90,17
5624,1875,181,2,75,17
5625,1875,10,3,210,17
5626,1876,169,2,165,16
5627,1876,186,3,150,16
5628,1876,15,1,285,16
5629,1877,174,3,240,22
5630,1877,3,1,105,22
5631,1877,20,2,90,22
5632,1878,179,1,315,8
5633,1878,8,2,180,8
5634,1878,25,3,165,8
5635,1879,184,2,120,19
5636,1879,13,3,255,19
5637,1879,30,1,240,19
5638,1880,1,3,75,19
5639,1880,18,1,330,19
5640,1880,35,2,315,19
5641,1881,6,1,150,22
5642,1881,23,2,135,22
5643,1881,40,3,120,22
5644,1882,11,2,225,22
5645,1882,28,3,210,22
5646,1882,45,1,195,22
5647,1883,16,3,300,24
5648,1883,33,1,285,24
5649,1883,50,2,270,24
5650,1884,21,1,105,7
5651,1884,38,2,90,7
5652,1884,55,3,75,7
5653,1885,26,2,180,25
5654,1885,43,3,165,25
5655,1885,60,1,150,25
5656,1886,31,3,255,25
5657,1886,48,1,240,25
5658,1886,65,2,225,25
5659,1887,36,1,330,26
5660,1887,53,2,315,26
5661,1887,70,3,300,26
5662,1888,41,2,135,28
5663,1888,58,3,120,28
5664,1888,75,1,105,28
5665,1889,46,3,210,15
5666,1889,63,1,195,15
5667,1889,80,2,180,15
5668,1890,51,1,285,13
5669,1890,68,2,270,13
5670,1890,85,3,255,13
5671,1891,56,2,90,31
5672,1891,73,3,75,31
5673,1891,90,1,330,31
5674,1892,61,3,165,5
5675,1892,78,1,150,5
5676,1892,95,2,135,5
5677,1893,66,1,240,7
5678,1893,83,2,225,7
5679,1893,100,3,210,7
5680,1894,71,2,315,3
5681,1894,88,3,300,3
5682,1894,105,1,285,3
5683,1895,76,3,120,9
5684,1895,93,1,105,9
5685,1895,110,2,90,9
5686,1896,81,1,195,6
5687,1896,98,2,180,6
5688,1896,115,3,165,6
5689,1897,86,2,270,6
5690,1897,103,3,255,6
5691,1897,120,1,240,6
5692,1898,91,3,75,19
5693,1898,108,1,330,19
5694,1898,125,2,315,19
5695,1899,96,1,150,6
5696,1899,113,2,135,6
5697,1899,130,3,120,6
5698,1900,101,2,225,9
5699,1900,118,3,210,9
5700,1900,135,1,195,9
5701,1901,106,3,300,3
5702,1901,123,1,285,3
5703,1901,140,2,270,3
5704,1902,111,1,105,17
5705,1902,128,2,90,17
5706,1902,145,3,75,17
5707,1903,116,2,180,12
5708,1903,133,3,165,12
5709,1903,150,1,150,12
5710,1904,121,3,255,31
5711,1904,138,1,240,31
5712,1904,155,2,225,31
5713,1905,126,1,330,21
5714,1905,143,2,315,21
5715,1905,160,3,300,21
5716,1906,131,2,135,15
5717,1906,148,3,120,15
5718,1906,165,1,105,15
5719,1907,136,3,210,23
5720,1907,153,1,195,23
5721,1907,170,2,180,23
5722,1908,141,1,285,29
5723,1908,158,2,270,29
5724,1908,175,3,255,29
5725,1909,146,2,90,18
5726,1909,163,3,75,18
5727,1909,180,1,330,18
5728,1910,151,3,165,7
5729,1910,168,1,150,7
5730,1910,185,2,135,7
5731,1911,156,1,240,2
5732,1911,173,2,225,2
5733,1911,2,3,90,2
5734,1912,161,2,315,21
5735,1912,178,3,300,21
5736,1912,7,1,165,21
5737,1913,166,3,120,17
5738,1913,183,1,105,17
5739,1913,12,2,240,17
5740,1914,171,1,195,7
5741,1914,188,2,180,7
5742,1914,17,3,315,7
5743,1915,176,2,270,24
5744,1915,5,3,135,24
5745,1915,22,1,120,24
5746,1916,181,3,75,26
5747,1916,10,1,210,26
5748,1916,27,2,195,26
5749,1917,186,1,150,9
5750,1917,15,2,285,9
5751,1917,32,3,270,9
5752,1918,3,2,105,27
5753,1918,20,3,90,27
5754,1918,37,1,75,27
5755,1919,8,3,180,27
5756,1919,25,1,165,27
5757,1919,42,2,150,27
5758,1920,13,1,255,17
5759,1920,30,2,240,17
5760,1920,47,3,225,17
5761,1921,18,2,330,30
5762,1921,35,3,315,30
5763,1921,52,1,300,30
5764,1922,23,3,135,13
5765,1922,40,1,120,13
5766,1922,57,2,105,13
5767,1923,28,1,210,5
5768,1923,45,2,195,5
5769,1923,62,3,180,5
5770,1924,33,2,285,2
5771,1924,50,3,270,2
5772,1924,67,1,255,2
5773,1925,38,3,90,1
5774,1925,55,1,75,1
5775,1925,72,2,330,1
5776,1926,43,1,165,8
5777,1926,60,2,150,8
5778,1926,77,3,135,8
5779,1927,48,2,240,5
5780,1927,65,3,225,5
5781,1927,82,1,210,5
5782,1928,53,3,315,12
5783,1928,70,1,300,12
5784,1928,87,2,285,12
5785,1929,58,1,120,2
5786,1929,75,2,105,2
5787,1929,92,3,90,2
5788,1930,63,2,195,8
5789,1930,80,3,180,8
5790,1930,97,1,165,8
5791,1931,68,3,270,4
5792,1931,85,1,255,4
5793,1931,102,2,240,4
5794,1932,73,1,75,5
5795,1932,90,2,330,5
5796,1932,107,3,315,5
5797,1933,78,2,150,11
5798,1933,95,3,135,11
5799,1933,112,1,120,11
5800,1934,83,3,225,6
5801,1934,100,1,210,6
5802,1934,117,2,195,6
5803,1935,88,1,300,30
5804,1935,105,2,285,30
5805,1935,122,3,270,30
5806,1936,93,2,105,14
5807,1936,110,3,90,14
5808,1936,127,1,75,14
5809,1937,98,3,180,29
5810,1937,115,1,165,29
5811,1937,132,2,150,29
5812,1938,103,1,255,20
5813,1938,120,2,240,20
5814,1938,137,3,225,20
5815,1939,108,2,330,17
5816,1939,125,3,315,17
5817,1939,142,1,300,17
5818,1940,113,3,135,5
5819,1940,130,1,120,5
5820,1940,147,2,105,5
5821,1941,118,1,210,2
5822,1941,135,2,195,2
5823,1941,152,3,180,2
5824,1942,123,2,285,20
5825,1942,140,3,270,20
5826,1942,157,1,255,20
5827,1943,128,3,90,14
5828,1943,145,1,75,14
5829,1943,162,2,330,14
5830,1944,133,1,165,17
5831,1944,150,2,150,17
5832,1944,167,3,135,17
5833,1945,138,2,240,23
5834,1945,155,3,225,23
5835,1945,172,1,210,23
5836,1946,143,3,315,23
5837,1946,160,1,300,23
5838,1946,177,2,285,23
5839,1947,148,1,120,27
5840,1947,165,2,105,27
5841,1947,182,3,90,27
5842,1948,153,2,195,26
5843,1948,170,3,180,26
5844,1948,187,1,165,26
5845,1949,158,3,270,25
5846,1949,175,1,255,25
5847,1949,4,2,120,25
5848,1950,163,1,75,25
5849,1950,180,2,330,25
5850,1950,9,3,195,25
5851,1951,168,2,150,29
5852,1951,185,3,135,29
5853,1951,14,1,270,29
5854,1952,173,3,225,14
5855,1952,2,1,90,14
5856,1952,19,2,75,14
5857,1953,178,1,300,30
5858,1953,7,2,165,30
5859,1953,24,3,150,30
5860,1954,183,2,105,1
5861,1954,12,3,240,1
5862,1954,29,1,225,1
5863,1955,188,3,180,19
5864,1955,17,1,315,19
5865,1955,34,2,300,19
5866,1956,5,1,135,5
5867,1956,22,2,120,5
5868,1956,39,3,105,5
5869,1957,10,2,210,4
5870,1957,27,3,195,4
5871,1957,44,1,180,4
5872,1958,15,3,285,1
5873,1958,32,1,270,1
5874,1958,49,2,255,1
5875,1959,20,1,90,3
5876,1959,37,2,75,3
5877,1959,54,3,330,3
5878,1960,25,2,165,7
5879,1960,42,3,150,7
5880,1960,59,1,135,7
5881,1961,30,3,240,12
5882,1961,47,1,225,12
5883,1961,64,2,210,12
5884,1962,35,1,315,12
5885,1962,52,2,300,12
5886,1962,69,3,285,12
5887,1963,40,2,120,10
5888,1963,57,3,105,10
5889,1963,74,1,90,10
5890,1964,45,3,195,14
5891,1964,62,1,180,14
5892,1964,79,2,165,14
5893,1965,50,1,270,8
5894,1965,67,2,255,8
5895,1965,84,3,240,8
5896,1966,55,2,75,13
5897,1966,72,3,330,13
5898,1966,89,1,315,13
5899,1967,60,3,150,30
5900,1967,77,1,135,30
5901,1967,94,2,120,30
5902,1968,65,1,225,17
5903,1968,82,2,210,17
5904,1968,99,3,195,17
5905,1969,70,2,300,16
5906,1969,87,3,285,16
5907,1969,104,1,270,16
5908,1970,75,3,105,22
5909,1970,92,1,90,22
5910,1970,109,2,75,22
5911,1971,80,1,180,5
5912,1971,97,2,165,5
5913,1971,114,3,150,5
5914,1972,85,2,255,19
5915,1972,102,3,240,19
5916,1972,119,1,225,19
5917,1973,90,3,330,19
5918,1973,107,1,315,19
5919,1973,124,2,300,19
5920,1974,95,1,135,22
5921,1974,112,2,120,22
5922,1974,129,3,105,22
5923,1975,100,2,210,22
5924,1975,117,3,195,22
5925,1975,134,1,180,22
5926,1976,105,3,285,24
5927,1976,122,1,270,24
5928,1976,139,2,255,24
5929,1977,110,1,90,7
5930,1977,127,2,75,7
5931,1977,144,3,330,7
5932,1978,115,2,165,25
5933,1978,132,3,150,25
5934,1978,149,1,135,25
5935,1979,120,3,240,25
5936,1979,137,1,225,25
5937,1979,154,2,210,25
5938,1980,125,1,315,26
5939,1980,142,2,300,26
5940,1980,159,3,285,26
5941,1981,130,2,120,28
5942,1981,147,3,105,28
5943,1981,164,1,90,28
5944,1982,135,3,195,15
5945,1982,152,1,180,15
5946,1982,169,2,165,15
5947,1983,140,1,270,13
5948,1983,157,2,255,13
5949,1983,174,3,240,13
5950,1984,145,2,75,31
5951,1984,162,3,330,31
5952,1984,179,1,315,31
5953,1985,150,3,150,5
5954,1985,167,1,135,5
5955,1985,184,2,120,5
5956,1986,155,1,225,7
5957,1986,172,2,210,7
5958,1986,1,3,75,7
5959,1987,160,2,300,3
5960,1987,177,3,285,3
5961,1987,6,1,150,3
5962,1988,165,3,105,9
5963,1988,182,1,90,9
5964,1988,11,2,225,9
5965,1989,170,1,180,6
5966,1989,187,2,165,6
5967,1989,16,3,300,6
5968,1990,175,2,255,6
5969,1990,4,3,120,6
5970,1990,21,1,105,6
5971,1991,180,3,330,19
5972,1991,9,1,195,19
5973,1991,26,2,180,19
5974,1992,185,1,135,6
5975,1992,14,2,270,6
5976,1992,31,3,255,6
5977,1993,2,2,90,9
5978,1993,19,3,75,9
5979,1993,36,1,330,9
5980,1994,7,3,165,3
5981,1994,24,1,150,3
5982,1994,41,2,135,3
5983,1995,12,1,240,17
5984,1995,29,2,225,17
5985,1995,46,3,210,17
5986,1996,17,2,315,12
5987,1996,34,3,300,12
5988,1996,51,1,285,12
5989,1997,22,3,120,31
5990,1997,39,1,105,31
5991,1997,56,2,90,31
5992,1998,27,1,195,21
5993,1998,44,2,180,21
5994,1998,61,3,165,21
5995,1999,32,2,270,15
5996,1999,49,3,255,15
5997,1999,66,1,240,15
5998,2000,37,3,75,23
5999,2000,54,1,330,23
6000,2000,71,2,315,23
6001,2001,42,1,150,5
6002,2001,59,2,135,5
6003,2001,76,3,120,5
6004,2002,47,2,225,2
6005,2002,64,3,210,2
6006,2002,81,1,195,2
6007,2003,52,3,300,1
6008,2003,69,1,285,1
6009,2003,86,2,270,1
6010,2004,57,1,105,8
6011,2004,74,2,90,8
6012,2004,91,3,75,8
6013,2005,62,2,180,5
6014,2005,79,3,165,5
6015,2005,96,1,150,5
6016,2006,67,3,255,1
6017,2006,84,1,240,1
6018,2006,101,2,225,1
6019,2007,72,1,330,2
6020,2007,89,2,315,2
6021,2007,106,3,300,2
6022,2008,77,2,135,8
6023,2008,94,3,120,8
6024,2008,111,1,105,8
6025,2009,82,3,210,4
6026,2009,99,1,195,4
6027,2009,116,2,180,4
6028,2010,87,1,285,5
6029,2010,104,2,270,5
6030,2010,121,3,255,5
6031,2011,92,2,90,11
6032,2011,109,3,75,11
6033,2011,126,1,330,11
6034,2012,97,3,165,6
6035,2012,114,1,150,6
6036,2012,131,2,135,6
6037,2013,102,1,240,30
6038,2013,119,2,225,30
6039,2013,136,3,210,30
6040,2014,107,2,315,14
6041,2014,124,3,300,14
6042,2014,141,1,285,14
6043,2015,112,3,120,29
6044,2015,129,1,105,29
6045,2015,146,2,90,29
6046,2016,117,1,195,20
6047,2016,134,2,180,20
6048,2016,151,3,165,20
6049,2017,122,2,270,17
6050,2017,139,3,255,17
6051,2017,156,1,240,17
6052,2018,127,3,75,5
6053,2018,144,1,330,5
6054,2018,161,2,315,5
6055,2019,132,1,150,2
6056,2019,149,2,135,2
6057,2019,166,3,120,2
6058,2020,137,2,225,20
6059,2020,154,3,210,20
6060,2020,171,1,195,20
6061,2021,142,3,300,14
6062,2021,159,1,285,14
6063,2021,176,2,270,14
6064,2022,147,1,105,17
6065,2022,164,2,90,17
6066,2022,181,3,75,17
6067,2023,152,2,180,23
6068,2023,169,3,165,23
6069,2023,186,1,150,23
6070,2024,157,3,255,23
6071,2024,174,1,240,23
6072,2024,3,2,105,23
6073,2025,162,1,330,27
6074,2025,179,2,315,27
6075,2025,8,3,180,27
6076,2026,167,2,135,26
6077,2026,184,3,120,26
6078,2026,13,1,255,26
6079,2027,172,3,210,25
6080,2027,1,1,75,25
6081,2027,18,2,330,25
6082,2028,177,1,285,25
6083,2028,6,2,150,25
6084,2028,23,3,135,25
6085,2029,182,2,90,29
6086,2029,11,3,225,29
6087,2029,28,1,210,29
6088,2030,187,3,165,14
6089,2030,16,1,300,14
6090,2030,33,2,285,14
6091,2031,4,1,120,30
6092,2031,21,2,105,30
6093,2031,38,3,90,30
6094,2032,9,2,195,1
6095,2032,26,3,180,1
6096,2032,43,1,165,1
6097,2033,14,3,270,19
6098,2033,31,1,255,19
6099,2033,48,2,240,19
6100,2034,19,1,75,6
6101,2034,36,2,330,6
6102,2034,53,3,315,6
6103,2035,24,2,150,4
6104,2035,41,3,135,4
6105,2035,58,1,120,4
6106,2036,29,3,225,1
6107,2036,46,1,210,1
6108,2036,63,2,195,1
6109,2037,34,1,300,3
6110,2037,51,2,285,3
6111,2037,68,3,270,3
6112,2038,39,2,105,7
6113,2038,56,3,90,7
6114,2038,73,1,75,7
6115,2039,44,3,180,12
6116,2039,61,1,165,12
6117,2039,78,2,150,12
6118,2040,49,1,255,12
6119,2040,66,2,240,12
6120,2040,83,3,225,12
6121,2041,54,2,330,10
6122,2041,71,3,315,10
6123,2041,88,1,300,10
6124,2042,59,3,135,14
6125,2042,76,1,120,14
6126,2042,93,2,105,14
6127,2043,64,1,210,8
6128,2043,81,2,195,8
6129,2043,98,3,180,8
6130,2044,69,2,285,13
6131,2044,86,3,270,13
6132,2044,103,1,255,13
6133,2045,74,3,90,30
6134,2045,91,1,75,30
6135,2045,108,2,330,30
6136,2046,79,1,165,17
6137,2046,96,2,150,17
6138,2046,113,3,135,17
6139,2047,84,2,240,16
6140,2047,101,3,225,16
6141,2047,118,1,210,16
6142,2048,89,3,315,22
6143,2048,106,1,300,22
6144,2048,123,2,285,22
6145,2049,94,1,120,5
6146,2049,111,2,105,5
6147,2049,128,3,90,5
6148,2050,99,2,195,19
6149,2050,116,3,180,19
6150,2050,133,1,165,19
6151,2051,104,3,270,19
6152,2051,121,1,255,19
6153,2051,138,2,240,19
6154,2052,109,1,75,22
6155,2052,126,2,330,22
6156,2052,143,3,315,22
6157,2053,114,2,150,22
6158,2053,131,3,135,22
6159,2053,148,1,120,22
6160,2054,119,3,225,24
6161,2054,136,1,210,24
6162,2054,153,2,195,24
6163,2055,124,1,300,7
6164,2055,141,2,285,7
6165,2055,158,3,270,7
6166,2056,129,2,105,25
6167,2056,146,3,90,25
6168,2056,163,1,75,25
6169,2057,134,3,180,25
6170,2057,151,1,165,25
6171,2057,168,2,150,25
6172,2058,139,1,255,26
6173,2058,156,2,240,26
6174,2058,173,3,225,26
6175,2059,144,2,330,28
6176,2059,161,3,315,28
6177,2059,178,1,300,28
6178,2060,149,3,135,15
6179,2060,166,1,120,15
6180,2060,183,2,105,15
6181,2061,154,1,210,13
6182,2061,171,2,195,13
6183,2061,188,3,180,13
6184,2062,159,2,285,31
6185,2062,176,3,270,31
6186,2062,5,1,135,31
6187,2063,164,3,90,5
6188,2063,181,1,75,5
6189,2063,10,2,210,5
6190,2064,169,1,165,7
6191,2064,186,2,150,7
6192,2064,15,3,285,7
6193,2065,174,2,240,3
6194,2065,3,3,105,3
6195,2065,20,1,90,3
6196,2066,179,3,315,9
6197,2066,8,1,180,9
6198,2066,25,2,165,9
6199,2067,184,1,120,6
6200,2067,13,2,255,6
6201,2067,30,3,240,6
6202,2068,1,2,75,12
6203,2068,18,3,330,12
6204,2068,35,1,315,12
6205,2069,6,3,150,19
6206,2069,23,1,135,19
6207,2069,40,2,120,19
6208,2070,11,1,225,6
6209,2070,28,2,210,6
6210,2070,45,3,195,6
6211,2071,16,2,300,9
6212,2071,33,3,285,9
6213,2071,50,1,270,9
6214,2072,21,3,105,3
6215,2072,38,1,90,3
6216,2072,55,2,75,3
6217,2073,26,1,180,17
6218,2073,43,2,165,17
6219,2073,60,3,150,17
6220,2074,31,2,255,12
6221,2074,48,3,240,12
6222,2074,65,1,225,12
6223,2075,36,3,330,31
6224,2075,53,1,315,31
6225,2075,70,2,300,31
6226,2076,41,1,135,21
6227,2076,58,2,120,21
6228,2076,75,3,105,21
6229,2077,46,2,210,15
6230,2077,63,3,195,15
6231,2077,80,1,180,15
6232,2078,51,3,285,23
6233,2078,68,1,270,23
6234,2078,85,2,255,23
6235,2079,56,1,90,29
6236,2079,73,2,75,29
6237,2079,90,3,330,29
6238,2080,61,2,165,18
6239,2080,78,3,150,18
6240,2080,95,1,135,18
6241,2081,66,3,240,2
6242,2081,83,1,225,2
6243,2081,100,2,210,2
6244,2082,71,1,315,2
6245,2082,88,2,300,2
6246,2082,105,3,285,2
6247,2083,76,2,120,21
6248,2083,93,3,105,21
6249,2083,110,1,90,21
6250,2084,81,3,195,17
6251,2084,98,1,180,17
6252,2084,115,2,165,17
6253,2085,86,1,270,7
6254,2085,103,2,255,7
6255,2085,120,3,240,7
6256,2086,91,2,75,24
6257,2086,108,3,330,24
6258,2086,125,1,315,24
6259,2087,96,3,150,27
6260,2087,113,1,135,27
6261,2087,130,2,120,27
6262,2088,101,1,225,9
6263,2088,118,2,210,9
6264,2088,135,3,195,9
6265,2089,106,2,300,27
6266,2089,123,3,285,27
6267,2089,140,1,270,27
6268,2090,111,3,105,27
6269,2090,128,1,90,27
6270,2090,145,2,75,27
6271,2091,116,1,180,17
6272,2091,133,2,165,17
6273,2091,150,3,150,17
6274,2092,121,2,255,30
6275,2092,138,3,240,30
6276,2092,155,1,225,30
6277,2093,126,3,330,13
6278,2093,143,1,315,13
6279,2093,160,2,300,13
6280,2094,131,1,135,3
6281,2094,148,2,120,3
6282,2094,165,3,105,3
6283,2095,136,2,210,2
6284,2095,153,3,195,2
6285,2095,170,1,180,2
6286,2096,141,3,285,1
6287,2096,158,1,270,1
6288,2096,175,2,255,1
6289,2097,146,1,90,8
6290,2097,163,2,75,8
6291,2097,180,3,330,8
6292,2098,151,2,165,5
6293,2098,168,3,150,5
6294,2098,185,1,135,5
6295,2099,156,3,240,12
6296,2099,173,1,225,12
6297,2099,2,2,90,12
6298,2100,161,1,315,2
6299,2100,178,2,300,2
6300,2100,7,3,165,2
6301,2101,166,2,120,8
6302,2101,183,3,105,8
6303,2101,12,1,240,8
6304,2102,171,3,195,4
6305,2102,188,1,180,4
6306,2102,17,2,315,4
6307,2103,176,1,270,5
6308,2103,5,2,135,5
6309,2103,22,3,120,5
6310,2104,181,2,75,11
6311,2104,10,3,210,11
6312,2104,27,1,195,11
6313,2105,186,3,150,6
6314,2105,15,1,285,6
6315,2105,32,2,270,6
6316,2106,3,1,105,30
6317,2106,20,2,90,30
6318,2106,37,3,75,30
6319,2107,8,2,180,14
6320,2107,25,3,165,14
6321,2107,42,1,150,14
6322,2108,13,3,255,29
6323,2108,30,1,240,29
6324,2108,47,2,225,29
6325,2109,18,1,330,20
6326,2109,35,2,315,20
6327,2109,52,3,300,20
6328,2110,23,2,135,17
6329,2110,40,3,120,17
6330,2110,57,1,105,17
6331,2111,28,3,210,8
6332,2111,45,1,195,8
6333,2111,62,2,180,8
6334,2112,33,1,285,7
6335,2112,50,2,270,7
6336,2112,67,3,255,7
6337,2113,38,2,90,20
6338,2113,55,3,75,20
6339,2113,72,1,330,20
6340,2114,43,3,165,14
6341,2114,60,1,150,14
6342,2114,77,2,135,14
6343,2115,48,1,240,21
6344,2115,65,2,225,21
6345,2115,82,3,210,21
6346,2116,53,2,315,23
6347,2116,70,3,300,23
6348,2116,87,1,285,23
6349,2117,58,3,120,23
6350,2117,75,1,105,23
6351,2117,92,2,90,23
6352,2118,63,1,195,27
6353,2118,80,2,180,27
6354,2118,97,3,165,27
6355,2119,68,2,270,26
6356,2119,85,3,255,26
6357,2119,102,1,240,26
6358,2120,73,3,75,25
6359,2120,90,1,330,25
6360,2120,107,2,315,25
6361,2121,78,1,150,25
6362,2121,95,2,135,25
6363,2121,112,3,120,25
6364,2122,83,2,225,29
6365,2122,100,3,210,29
6366,2122,117,1,195,29
6367,2123,88,3,300,14
6368,2123,105,1,285,14
6369,2123,122,2,270,14
6370,2124,93,1,105,30
6371,2124,110,2,90,30
6372,2124,127,3,75,30
6373,2125,98,2,180,1
6374,2125,115,3,165,1
6375,2125,132,1,150,1
6376,2126,103,3,255,19
6377,2126,120,1,240,19
6378,2126,137,2,225,19
6379,2127,108,1,330,6
6380,2127,125,2,315,6
6381,2127,142,3,300,6
6382,2128,113,2,135,4
6383,2128,130,3,120,4
6384,2128,147,1,105,4
6385,2129,118,3,210,1
6386,2129,135,1,195,1
6387,2129,152,2,180,1
6388,2130,123,1,285,1
6389,2130,140,2,270,1
6390,2130,157,3,255,1
6391,2131,128,2,90,7
6392,2131,145,3,75,7
6393,2131,162,1,330,7
6394,2132,133,3,165,12
6395,2132,150,1,150,12
6396,2132,167,2,135,12
6397,2133,138,1,240,12
6398,2133,155,2,225,12
6399,2133,172,3,210,12
6400,2134,143,2,315,10
6401,2134,160,3,300,10
6402,2134,177,1,285,10
6403,2135,148,3,120,14
6404,2135,165,1,105,14
6405,2135,182,2,90,14
6406,2136,153,1,195,6
6407,2136,170,2,180,6
6408,2136,187,3,165,6
6409,2137,158,2,270,13
6410,2137,175,3,255,13
6411,2137,4,1,120,13
6412,2138,163,3,75,30
6413,2138,180,1,330,30
6414,2138,9,2,195,30
6415,2139,168,1,150,17
6416,2139,185,2,135,17
6417,2139,14,3,270,17
6418,2140,173,2,225,16
6419,2140,2,3,90,16
6420,2140,19,1,75,16
6421,2141,178,3,300,22
6422,2141,7,1,165,22
6423,2141,24,2,150,22
6424,2142,183,1,105,8
6425,2142,12,2,240,8
6426,2142,29,3,225,8
6427,2143,188,2,180,19
6428,2143,17,3,315,19
6429,2143,34,1,300,19
6430,2144,5,3,135,19
6431,2144,22,1,120,19
6432,2144,39,2,105,19
6433,2145,10,1,210,22
6434,2145,27,2,195,22
6435,2145,44,3,180,22
6436,2146,15,2,285,22
6437,2146,32,3,270,22
6438,2146,49,1,255,22
6439,2147,20,3,90,24
6440,2147,37,1,75,24
6441,2147,54,2,330,24
6442,2148,25,1,165,7
6443,2148,42,2,150,7
6444,2148,59,3,135,7
6445,2149,30,2,240,25
6446,2149,47,3,225,25
6447,2149,64,1,210,25
6448,2150,35,3,315,25
6449,2150,52,1,300,25
6450,2150,69,2,285,25
6451,2151,40,1,120,26
6452,2151,57,2,105,26
6453,2151,74,3,90,26
6454,2152,45,2,195,28
6455,2152,62,3,180,28
6456,2152,79,1,165,28
6457,2153,50,3,270,15
6458,2153,67,1,255,15
6459,2153,84,2,240,15
6460,2154,55,1,75,13
6461,2154,72,2,330,13
6462,2154,89,3,315,13
6463,2155,60,2,150,31
6464,2155,77,3,135,31
6465,2155,94,1,120,31
6466,2156,65,3,225,3
6467,2156,82,1,210,3
6468,2156,99,2,195,3
6469,2157,70,1,300,7
6470,2157,87,2,285,7
6471,2157,104,3,270,7
6472,2158,75,2,105,3
6473,2158,92,3,90,3
6474,2158,109,1,75,3
6475,2159,80,3,180,9
6476,2159,97,1,165,9
6477,2159,114,2,150,9
6478,2160,85,1,255,3
6479,2160,102,2,240,3
6480,2160,119,3,225,3
6481,2161,90,2,330,6
6482,2161,107,3,315,6
6483,2161,124,1,300,6
6484,2162,95,3,135,19
6485,2162,112,1,120,19
6486,2162,129,2,105,19
6487,2163,100,1,210,6
6488,2163,117,2,195,6
6489,2163,134,3,180,6
6490,2164,105,2,285,9
6491,2164,122,3,270,9
6492,2164,139,1,255,9
6493,2165,110,3,90,3
6494,2165,127,1,75,3
6495,2165,144,2,330,3
6496,2166,115,1,165,17
6497,2166,132,2,150,17
6498,2166,149,3,135,17
6499,2167,120,2,240,12
6500,2167,137,3,225,12
6501,2167,154,1,210,12
6502,2168,125,3,315,31
6503,2168,142,1,300,31
6504,2168,159,2,285,31
6505,2169,130,1,120,11
6506,2169,147,2,105,11
6507,2169,164,3,90,11
6508,2170,135,2,195,15
6509,2170,152,3,180,15
6510,2170,169,1,165,15
6511,2171,140,3,270,23
6512,2171,157,1,255,23
6513,2171,174,2,240,23
6514,2172,145,1,75,21
6515,2172,162,2,330,21
6516,2172,179,3,315,21
6517,2173,150,2,150,18
6518,2173,167,3,135,18
6519,2173,184,1,120,18
6520,2174,155,3,225,7
6521,2174,172,1,210,7
6522,2174,1,2,75,7
6523,2175,160,1,300,2
6524,2175,177,2,285,2
6525,2175,6,3,150,2
6526,2176,165,2,105,21
6527,2176,182,3,90,21
6528,2176,11,1,225,21
6529,2177,170,3,180,21
6530,2177,187,1,165,21
6531,2177,16,2,300,21
6532,2178,175,1,255,7
6533,2178,4,2,120,7
6534,2178,21,3,105,7
6535,2179,180,2,330,24
6536,2179,9,3,195,24
6537,2179,26,1,180,24
6538,2180,185,3,135,26
6539,2180,14,1,270,26
6540,2180,31,2,255,26
6541,2181,2,1,90,9
6542,2181,19,2,75,9
6543,2181,36,3,330,9
6544,2182,7,2,165,27
6545,2182,24,3,150,27
6546,2182,41,1,135,27
6547,2183,12,3,240,27
6548,2183,29,1,225,27
6549,2183,46,2,210,27
6550,2184,17,1,315,17
6551,2184,34,2,300,17
6552,2184,51,3,285,17
6553,2185,22,2,120,30
6554,2185,39,3,105,30
6555,2185,56,1,90,30
6556,2186,27,3,195,13
6557,2186,44,1,180,13
6558,2186,61,2,165,13
6559,2187,32,1,270,6
6560,2187,49,2,255,6
6561,2187,66,3,240,6
6562,2188,37,2,75,2
6563,2188,54,3,330,2
6564,2188,71,1,315,2
6565,2189,42,3,150,1
6566,2189,59,1,135,1
6567,2189,76,2,120,1
6568,2190,47,1,225,8
6569,2190,64,2,210,8
6570,2190,81,3,195,8
6571,2191,52,2,300,5
6572,2191,69,3,285,5
6573,2191,86,1,270,5
6574,2192,57,3,105,1
6575,2192,74,1,90,1
6576,2192,91,2,75,1
6577,2193,62,1,180,2
6578,2193,79,2,165,2
6579,2193,96,3,150,2
6580,2194,67,2,255,8
6581,2194,84,3,240,8
6582,2194,101,1,225,8
6583,2195,72,3,330,4
6584,2195,89,1,315,4
6585,2195,106,2,300,4
6586,2196,77,1,135,5
6587,2196,94,2,120,5
6588,2196,111,3,105,5
6589,2197,82,2,210,11
6590,2197,99,3,195,11
6591,2197,116,1,180,11
6592,2198,87,3,285,6
6593,2198,104,1,270,6
6594,2198,121,2,255,6
6595,2199,92,1,90,30
6596,2199,109,2,75,30
6597,2199,126,3,330,30
6598,2200,97,2,165,14
6599,2200,114,3,150,14
6600,2200,131,1,135,14
6601,2201,102,3,240,29
6602,2201,119,1,225,29
6603,2201,136,2,210,29
6604,2202,107,1,315,20
6605,2202,124,2,300,20
6606,2202,141,3,285,20
6607,2203,112,2,120,17
6608,2203,129,3,105,17
6609,2203,146,1,90,17
6610,2204,117,3,195,8
6611,2204,134,1,180,8
6612,2204,151,2,165,8
6613,2205,122,1,270,2
6614,2205,139,2,255,2
6615,2205,156,3,240,2
6616,2206,127,2,75,20
6617,2206,144,3,330,20
6618,2206,161,1,315,20
6619,2207,132,3,150,14
6620,2207,149,1,135,14
6621,2207,166,2,120,14
6622,2208,137,1,225,17
6623,2208,154,2,210,17
6624,2208,171,3,195,17
6625,2209,142,2,300,23
6626,2209,159,3,285,23
6627,2209,176,1,270,23
6628,2210,147,3,105,23
6629,2210,164,1,90,23
6630,2210,181,2,75,23
6631,2211,152,1,180,27
6632,2211,169,2,165,27
6633,2211,186,3,150,27
6634,2212,157,2,255,26
6635,2212,174,3,240,26
6636,2212,3,1,105,26
6637,2213,162,3,330,25
6638,2213,179,1,315,25
6639,2213,8,2,180,25
6640,2214,167,1,135,25
6641,2214,184,2,120,25
6642,2214,13,3,255,25
6643,2215,172,2,210,29
6644,2215,1,3,75,29
6645,2215,18,1,330,29
6646,2216,177,3,285,14
6647,2216,6,1,150,14
6648,2216,23,2,135,14
6649,2217,182,1,90,30
6650,2217,11,2,225,30
6651,2217,28,3,210,30
6652,2218,187,2,165,1
6653,2218,16,3,300,1
6654,2218,33,1,285,1
6655,2219,4,3,120,19
6656,2219,21,1,105,19
6657,2219,38,2,90,19
6658,2220,9,1,195,6
6659,2220,26,2,180,6
6660,2220,43,3,165,6
6661,2221,14,2,270,4
6662,2221,31,3,255,4
6663,2221,48,1,240,4
6664,2222,19,3,75,1
6665,2222,36,1,330,1
6666,2222,53,2,315,1
6667,2223,24,1,150,3
6668,2223,41,2,135,3
6669,2223,58,3,120,3
6670,2224,29,2,225,7
6671,2224,46,3,210,7
6672,2224,63,1,195,7
6673,2225,34,3,300,12
6674,2225,51,1,285,12
6675,2225,68,2,270,12
6676,2226,39,1,105,12
6677,2226,56,2,90,12
6678,2226,73,3,75,12
6679,2227,44,2,180,10
6680,2227,61,3,165,10
6681,2227,78,1,150,10
6682,2228,49,3,255,14
6683,2228,66,1,240,14
6684,2228,83,2,225,14
6685,2229,54,1,330,8
6686,2229,71,2,315,8
6687,2229,88,3,300,8
6688,2230,59,2,135,13
6689,2230,76,3,120,13
6690,2230,93,1,105,13
6691,2231,64,3,210,30
6692,2231,81,1,195,30
6693,2231,98,2,180,30
6694,2232,69,1,285,17
6695,2232,86,2,270,17
6696,2232,103,3,255,17
6697,2233,74,2,90,16
6698,2233,91,3,75,16
6699,2233,108,1,330,16
6700,2234,79,3,165,22
6701,2234,96,1,150,22
6702,2234,113,2,135,22
6703,2235,84,1,240,5
6704,2235,101,2,225,5
6705,2235,118,3,210,5
6706,2236,89,2,315,19
6707,2236,106,3,300,19
6708,2236,123,1,285,19
6709,2237,94,3,120,19
6710,2237,111,1,105,19
6711,2237,128,2,90,19
6712,2238,99,1,195,22
6713,2238,116,2,180,22
6714,2238,133,3,165,22
6715,2239,104,2,270,22
6716,2239,121,3,255,22
6717,2239,138,1,240,22
6718,2240,109,3,75,24
6719,2240,126,1,330,24
6720,2240,143,2,315,24
6721,2241,114,1,150,7
6722,2241,131,2,135,7
6723,2241,148,3,120,7
6724,2242,119,2,225,25
6725,2242,136,3,210,25
6726,2242,153,1,195,25
6727,2243,124,3,300,25
6728,2243,141,1,285,25
6729,2243,158,2,270,25
6730,2244,129,1,105,26
6731,2244,146,2,90,26
6732,2244,163,3,75,26
6733,2245,134,2,180,28
6734,2245,151,3,165,28
6735,2245,168,1,150,28
6736,2246,139,3,255,15
6737,2246,156,1,240,15
6738,2246,173,2,225,15
6739,2247,144,1,330,13
6740,2247,161,2,315,13
6741,2247,178,3,300,13
6742,2248,149,2,135,31
6743,2248,166,3,120,31
6744,2248,183,1,105,31
6745,2249,154,3,210,5
6746,2249,171,1,195,5
6747,2249,188,2,180,5
6748,2250,159,1,285,7
6749,2250,176,2,270,7
6750,2250,5,3,135,7
6751,2251,164,2,90,3
6752,2251,181,3,75,3
6753,2251,10,1,210,3
6754,2252,169,3,165,9
6755,2252,186,1,150,9
6756,2252,15,2,285,9
6757,2253,174,1,240,6
6758,2253,3,2,105,6
6759,2253,20,3,90,6
6760,2254,179,2,315,6
6761,2254,8,3,180,6
6762,2254,25,1,165,6
6763,2255,184,3,120,19
6764,2255,13,1,255,19
6765,2255,30,2,240,19
6766,2256,1,1,75,6
6767,2256,18,2,330,6
6768,2256,35,3,315,6
6769,2257,6,2,150,9
6770,2257,23,3,135,9
6771,2257,40,1,120,9
6772,2258,11,3,225,3
6773,2258,28,1,210,3
6774,2258,45,2,195,3
6775,2259,16,1,300,17
6776,2259,33,2,285,17
6777,2259,50,3,270,17
6778,2260,21,2,105,12
6779,2260,38,3,90,12
6780,2260,55,1,75,12
6781,2261,26,3,180,31
6782,2261,43,1,165,31
6783,2261,60,2,150,31
6784,2262,31,1,255,21
6785,2262,48,2,240,21
6786,2262,65,3,225,21
6787,2263,36,2,330,15
6788,2263,53,3,315,15
6789,2263,70,1,300,15
6790,2264,41,3,135,23
6791,2264,58,1,120,23
6792,2264,75,2,105,23
6793,2265,46,1,210,29
6794,2265,63,2,195,29
6795,2265,80,3,180,29
6796,2266,51,2,285,18
6797,2266,68,3,270,18
6798,2266,85,1,255,18
6799,2267,56,3,90,2
6800,2267,73,1,75,2
6801,2267,90,2,330,2
6802,2268,61,1,165,2
6803,2268,78,2,150,2
6804,2268,95,3,135,2
6805,2269,66,2,240,21
6806,2269,83,3,225,21
6807,2269,100,1,210,21
6808,2270,71,3,315,17
6809,2270,88,1,300,17
6810,2270,105,2,285,17
6811,2271,76,1,120,7
6812,2271,93,2,105,7
6813,2271,110,3,90,7
6814,2272,81,2,195,24
6815,2272,98,3,180,24
6816,2272,115,1,165,24
6817,2273,86,3,270,27
6818,2273,103,1,255,27
6819,2273,120,2,240,27
6820,2274,91,1,75,9
6821,2274,108,2,330,9
6822,2274,125,3,315,9
6823,2275,96,2,150,27
6824,2275,113,3,135,27
6825,2275,130,1,120,27
6826,2276,101,3,225,27
6827,2276,118,1,210,27
6828,2276,135,2,195,27
6829,2277,106,1,300,17
6830,2277,123,2,285,17
6831,2277,140,3,270,17
6832,2278,111,2,105,30
6833,2278,128,3,90,30
6834,2278,145,1,75,30
6835,2279,116,3,180,13
6836,2279,133,1,165,13
6837,2279,150,2,150,13
6838,2280,121,1,255,3
6839,2280,138,2,240,3
6840,2280,155,3,225,3
6841,2281,126,2,330,2
6842,2281,143,3,315,2
6843,2281,160,1,300,2
6844,2282,131,3,135,1
6845,2282,148,1,120,1
6846,2282,165,2,105,1
6847,2283,136,1,210,8
6848,2283,153,2,195,8
6849,2283,170,3,180,8
6850,2284,141,2,285,5
6851,2284,158,3,270,5
6852,2284,175,1,255,5
6853,2285,146,3,90,12
6854,2285,163,1,75,12
6855,2285,180,2,330,12
6856,2286,151,1,165,2
6857,2286,168,2,150,2
6858,2286,185,3,135,2
6859,2287,156,2,240,8
6860,2287,173,3,225,8
6861,2287,2,1,90,8
6862,2288,161,3,315,4
6863,2288,178,1,300,4
6864,2288,7,2,165,4
6865,2289,166,1,120,5
6866,2289,183,2,105,5
6867,2289,12,3,240,5
6868,2290,171,2,195,11
6869,2290,188,3,180,11
6870,2290,17,1,315,11
6871,2291,176,3,270,6
6872,2291,5,1,135,6
6873,2291,22,2,120,6
6874,2292,181,1,75,30
6875,2292,10,2,210,30
6876,2292,27,3,195,30
6877,2293,186,2,150,14
6878,2293,15,3,285,14
6879,2293,32,1,270,14
6880,2294,3,3,105,29
6881,2294,20,1,90,29
6882,2294,37,2,75,29
6883,2295,8,1,180,20
6884,2295,25,2,165,20
6885,2295,42,3,150,20
6886,2296,13,2,255,17
6887,2296,30,3,240,17
6888,2296,47,1,225,17
6889,2297,18,3,330,5
6890,2297,35,1,315,5
6891,2297,52,2,300,5
6892,2298,23,1,135,7
6893,2298,40,2,120,7
6894,2298,57,3,105,7
6895,2299,28,2,210,20
6896,2299,45,3,195,20
6897,2299,62,1,180,20
6898,2300,33,3,285,14
6899,2300,50,1,270,14
6900,2300,67,2,255,14
6901,2301,38,1,90,21
6902,2301,55,2,75,21
6903,2301,72,3,330,21
6904,2302,43,2,165,23
6905,2302,60,3,150,23
6906,2302,77,1,135,23
6907,2303,48,3,240,23
6908,2303,65,1,225,23
6909,2303,82,2,210,23
6910,2304,53,1,315,27
6911,2304,70,2,300,27
6912,2304,87,3,285,27
6913,2305,58,2,120,26
6914,2305,75,3,105,26
6915,2305,92,1,90,26
6916,2306,63,3,195,25
6917,2306,80,1,180,25
6918,2306,97,2,165,25
6919,2307,68,1,270,25
6920,2307,85,2,255,25
6921,2307,102,3,240,25
6922,2308,73,2,75,29
6923,2308,90,3,330,29
6924,2308,107,1,315,29
6925,2309,78,3,150,14
6926,2309,95,1,135,14
6927,2309,112,2,120,14
6928,2310,83,1,225,30
6929,2310,100,2,210,30
6930,2310,117,3,195,30
6931,2311,88,2,300,1
6932,2311,105,3,285,1
6933,2311,122,1,270,1
6934,2312,93,3,105,19
6935,2312,110,1,90,19
6936,2312,127,2,75,19
6937,2313,98,1,180,6
6938,2313,115,2,165,6
6939,2313,132,3,150,6
6940,2314,103,2,255,4
6941,2314,120,3,240,4
6942,2314,137,1,225,4
6943,2315,108,3,330,1
6944,2315,125,1,315,1
6945,2315,142,2,300,1
6946,2316,113,1,135,1
6947,2316,130,2,120,1
6948,2316,147,3,105,1
6949,2317,118,2,210,7
6950,2317,135,3,195,7
6951,2317,152,1,180,7
6952,2318,123,3,285,12
6953,2318,140,1,270,12
6954,2318,157,2,255,12
6955,2319,128,1,90,12
6956,2319,145,2,75,12
6957,2319,162,3,330,12
6958,2320,133,2,165,10
6959,2320,150,3,150,10
6960,2320,167,1,135,10
6961,2321,138,3,240,14
6962,2321,155,1,225,14
6963,2321,172,2,210,14
6964,2322,143,1,315,6
6965,2322,160,2,300,6
6966,2322,177,3,285,6
6967,2323,148,2,120,13
6968,2323,165,3,105,13
6969,2323,182,1,90,13
6970,2324,153,3,195,30
6971,2324,170,1,180,30
6972,2324,187,2,165,30
6973,2325,158,1,270,17
6974,2325,175,2,255,17
6975,2325,4,3,120,17
6976,2326,163,2,75,16
6977,2326,180,3,330,16
6978,2326,9,1,195,16
6979,2327,168,3,150,22
6980,2327,185,1,135,22
6981,2327,14,2,270,22
6982,2328,173,1,225,8
6983,2328,2,2,90,8
6984,2328,19,3,75,8
6985,2329,178,2,300,19
6986,2329,7,3,165,19
6987,2329,24,1,150,19
6988,2330,183,3,105,19
6989,2330,12,1,240,19
6990,2330,29,2,225,19
6991,2331,188,1,180,22
6992,2331,17,2,315,22
6993,2331,34,3,300,22
6994,2332,5,2,135,22
6995,2332,22,3,120,22
6996,2332,39,1,105,22
6997,2333,10,3,210,24
6998,2333,27,1,195,24
6999,2333,44,2,180,24
7000,2334,15,1,285,7
7001,2334,32,2,270,7
7002,2334,49,3,255,7
7003,2335,20,2,90,25
7004,2335,37,3,75,25
7005,2335,54,1,330,25
7006,2336,25,3,165,25
7007,2336,42,1,150,25
7008,2336,59,2,135,25
7009,2337,30,1,240,26
7010,2337,47,2,225,26
7011,2337,64,3,210,26
7012,2338,35,2,315,28
7013,2338,52,3,300,28
7014,2338,69,1,285,28
7015,2339,40,3,120,15
7016,2339,57,1,105,15
7017,2339,74,2,90,15
7018,2340,45,1,195,13
7019,2340,62,2,180,13
7020,2340,79,3,165,13
7021,2341,50,2,270,31
7022,2341,67,3,255,31
7023,2341,84,1,240,31
7024,2342,55,3,75,3
7025,2342,72,1,330,3
7026,2342,89,2,315,3
7027,2343,60,1,150,7
7028,2343,77,2,135,7
7029,2343,94,3,120,7
7030,2344,65,2,225,3
7031,2344,82,3,210,3
7032,2344,99,1,195,3
7033,2345,70,3,300,9
7034,2345,87,1,285,9
7035,2345,104,2,270,9
7036,2346,75,1,105,3
7037,2346,92,2,90,3
7038,2346,109,3,75,3
7039,2347,80,2,180,6
7040,2347,97,3,165,6
7041,2347,114,1,150,6
7042,2348,85,3,255,19
7043,2348,102,1,240,19
7044,2348,119,2,225,19
7045,2349,90,1,330,6
7046,2349,107,2,315,6
7047,2349,124,3,300,6
7048,2350,95,2,135,9
7049,2350,112,3,120,9
7050,2350,129,1,105,9
7051,2351,100,3,210,3
7052,2351,117,1,195,3
7053,2351,134,2,180,3
7054,2352,105,1,285,17
7055,2352,122,2,270,17
7056,2352,139,3,255,17
7057,2353,110,2,90,12
7058,2353,127,3,75,12
7059,2353,144,1,330,12
7060,2354,115,3,165,31
7061,2354,132,1,150,31
7062,2354,149,2,135,31
7063,2355,120,1,240,11
7064,2355,137,2,225,11
7065,2355,154,3,210,11
7066,2356,125,2,315,15
7067,2356,142,3,300,15
7068,2356,159,1,285,15
7069,2357,130,3,120,23
7070,2357,147,1,105,23
7071,2357,164,2,90,23
7072,2358,135,1,195,21
7073,2358,152,2,180,21
7074,2358,169,3,165,21
7075,2359,140,2,270,18
7076,2359,157,3,255,18
7077,2359,174,1,240,18
7078,2360,145,3,75,7
7079,2360,162,1,330,7
7080,2360,179,2,315,7
7081,2361,150,1,150,2
7082,2361,167,2,135,2
7083,2361,184,3,120,2
7084,2362,155,2,225,21
7085,2362,172,3,210,21
7086,2362,1,1,75,21
7087,2363,160,3,300,21
7088,2363,177,1,285,21
7089,2363,6,2,150,21
7090,2364,165,1,105,7
7091,2364,182,2,90,7
7092,2364,11,3,225,7
7093,2365,170,2,180,24
7094,2365,187,3,165,24
7095,2365,16,1,300,24
7096,2366,175,3,255,26
7097,2366,4,1,120,26
7098,2366,21,2,105,26
7099,2367,180,1,330,9
7100,2367,9,2,195,9
7101,2367,26,3,180,9
7102,2368,185,2,135,27
7103,2368,14,3,270,27
7104,2368,31,1,255,27
7105,2369,2,3,90,27
7106,2369,19,1,75,27
7107,2369,36,2,330,27
7108,2370,7,1,165,17
7109,2370,24,2,150,17
7110,2370,41,3,135,17
7111,2371,12,2,240,30
7112,2371,29,3,225,30
7113,2371,46,1,210,30
7114,2372,17,3,315,13
7115,2372,34,1,300,13
7116,2372,51,2,285,13
7117,2373,22,1,120,6
7118,2373,39,2,105,6
7119,2373,56,3,90,6
7120,2374,27,2,195,2
7121,2374,44,3,180,2
7122,2374,61,1,165,2
7123,2375,32,3,270,1
7124,2375,49,1,255,1
7125,2375,66,2,240,1
7126,2376,37,1,75,8
7127,2376,54,2,330,8
7128,2376,71,3,315,8
7129,2377,42,2,150,5
7130,2377,59,3,135,5
7131,2377,76,1,120,5
7132,2378,47,3,225,1
7133,2378,64,1,210,1
7134,2378,81,2,195,1
7135,2379,52,1,300,23
7136,2379,69,2,285,23
7137,2379,86,3,270,23
7138,2380,57,2,105,8
7139,2380,74,3,90,8
7140,2380,91,1,75,8
7141,2381,62,3,180,4
7142,2381,79,1,165,4
7143,2381,96,2,150,4
7144,2382,67,1,255,5
7145,2382,84,2,240,5
7146,2382,101,3,225,5
7147,2383,72,2,330,11
7148,2383,89,3,315,11
7149,2383,106,1,300,11
7150,2384,77,3,135,6
7151,2384,94,1,120,6
7152,2384,111,2,105,6
7153,2385,82,1,210,30
7154,2385,99,2,195,30
7155,2385,116,3,180,30
7156,2386,87,2,285,14
7157,2386,104,3,270,14
7158,2386,121,1,255,14
7159,2387,92,3,90,29
7160,2387,109,1,75,29
7161,2387,126,2,330,29
7162,2388,97,1,165,20
7163,2388,114,2,150,20
7164,2388,131,3,135,20
7165,2389,102,2,240,17
7166,2389,119,3,225,17
7167,2389,136,1,210,17
7168,2390,107,3,315,8
7169,2390,124,1,300,8
7170,2390,141,2,285,8
7171,2391,112,1,120,20
7172,2391,129,2,105,20
7173,2391,146,3,90,20
7174,2392,117,2,195,20
7175,2392,134,3,180,20
7176,2392,151,1,165,20
7177,2393,122,3,270,14
7178,2393,139,1,255,14
7179,2393,156,2,240,14
7180,2394,127,1,75,17
7181,2394,144,2,330,17
7182,2394,161,3,315,17
7183,2395,132,2,150,23
7184,2395,149,3,135,23
7185,2395,166,1,120,23
7186,2396,137,3,225,23
7187,2396,154,1,210,23
7188,2396,171,2,195,23
7189,2397,142,1,300,27
7190,2397,159,2,285,27
7191,2397,176,3,270,27
7192,2398,147,2,105,26
7193,2398,164,3,90,26
7194,2398,181,1,75,26
7195,2399,152,3,180,25
7196,2399,169,1,165,25
7197,2399,186,2,150,25
7198,2400,157,1,255,25
7199,2400,174,2,240,25
7200,2400,3,3,105,25
7201,2401,162,2,330,29
7202,2401,179,3,315,29
7203,2401,8,1,180,29
7204,2402,167,3,135,14
7205,2402,184,1,120,14
7206,2402,13,2,255,14
7207,2403,172,1,210,30
7208,2403,1,2,75,30
7209,2403,18,3,330,30
7210,2404,177,2,285,1
7211,2404,6,3,150,1
7212,2404,23,1,135,1
7213,2405,182,3,90,19
7214,2405,11,1,225,19
7215,2405,28,2,210,19
7216,2406,187,1,165,6
7217,2406,16,2,300,6
7218,2406,33,3,285,6
7219,2407,4,2,120,4
7220,2407,21,3,105,4
7221,2407,38,1,90,4
7222,2408,9,3,195,1
7223,2408,26,1,180,1
7224,2408,43,2,165,1
7225,2409,14,1,270,3
7226,2409,31,2,255,3
7227,2409,48,3,240,3
7228,2410,19,2,75,7
7229,2410,36,3,330,7
7230,2410,53,1,315,7
7231,2411,24,3,150,12
7232,2411,41,1,135,12
7233,2411,58,2,120,12
7234,2412,29,1,225,12
7235,2412,46,2,210,12
7236,2412,63,3,195,12
7237,2413,34,2,300,10
7238,2413,51,3,285,10
7239,2413,68,1,270,10
7240,2414,39,3,105,14
7241,2414,56,1,90,14
7242,2414,73,2,75,14
7243,2415,44,1,180,1
7244,2415,61,2,165,1
7245,2415,78,3,150,1
7246,2416,49,2,255,13
7247,2416,66,3,240,13
7248,2416,83,1,225,13
7249,2417,54,3,330,30
7250,2417,71,1,315,30
7251,2417,88,2,300,30
7252,2418,59,1,135,17
7253,2418,76,2,120,17
7254,2418,93,3,105,17
7255,2419,64,2,210,16
7256,2419,81,3,195,16
7257,2419,98,1,180,16
7258,2420,69,3,285,22
7259,2420,86,1,270,22
7260,2420,103,2,255,22
7261,2421,74,1,90,5
7262,2421,91,2,75,5
7263,2421,108,3,330,5
7264,2422,79,2,165,19
7265,2422,96,3,150,19
7266,2422,113,1,135,19
7267,2423,84,3,240,19
7268,2423,101,1,225,19
7269,2423,118,2,210,19
7270,2424,89,1,315,22
7271,2424,106,2,300,22
7272,2424,123,3,285,22
7273,2425,94,2,120,22
7274,2425,111,3,105,22
7275,2425,128,1,90,22
7276,2426,99,3,195,24
7277,2426,116,1,180,24
7278,2426,133,2,165,24
7279,2427,104,1,270,7
7280,2427,121,2,255,7
7281,2427,138,3,240,7
7282,2428,109,2,75,25
7283,2428,126,3,330,25
7284,2428,143,1,315,25
7285,2429,114,3,150,25
7286,2429,131,1,135,25
7287,2429,148,2,120,25
7288,2430,119,1,225,26
7289,2430,136,2,210,26
7290,2430,153,3,195,26
7291,2431,124,2,300,28
7292,2431,141,3,285,28
7293,2431,158,1,270,28
7294,2432,129,3,105,15
7295,2432,146,1,90,15
7296,2432,163,2,75,15
7297,2433,134,1,180,13
7298,2433,151,2,165,13
7299,2433,168,3,150,13
7300,2434,139,2,255,31
7301,2434,156,3,240,31
7302,2434,173,1,225,31
7303,2435,144,3,330,5
7304,2435,161,1,315,5
7305,2435,178,2,300,5
7306,2436,149,1,135,7
7307,2436,166,2,120,7
7308,2436,183,3,105,7
7309,2437,154,2,210,3
7310,2437,171,3,195,3
7311,2437,188,1,180,3
7312,2438,159,3,285,9
7313,2438,176,1,270,9
7314,2438,5,2,135,9
7315,2439,164,1,90,6
7316,2439,181,2,75,6
7317,2439,10,3,210,6
7318,2440,169,2,165,6
7319,2440,186,3,150,6
7320,2440,15,1,285,6
7321,2441,174,3,240,19
7322,2441,3,1,105,19
7323,2441,20,2,90,19
7324,2442,179,1,315,6
7325,2442,8,2,180,6
7326,2442,25,3,165,6
7327,2443,184,2,120,9
7328,2443,13,3,255,9
7329,2443,30,1,240,9
7330,2444,1,3,75,3
7331,2444,18,1,330,3
7332,2444,35,2,315,3
7333,2445,6,1,150,17
7334,2445,23,2,135,17
7335,2445,40,3,120,17
7336,2446,11,2,225,12
7337,2446,28,3,210,12
7338,2446,45,1,195,12
7339,2447,16,3,300,31
7340,2447,33,1,285,31
7341,2447,50,2,270,31
7342,2448,21,1,105,21
7343,2448,38,2,90,21
7344,2448,55,3,75,21
7345,2449,26,2,180,15
7346,2449,43,3,165,15
7347,2449,60,1,150,15
7348,2450,31,3,255,23
7349,2450,48,1,240,23
7350,2450,65,2,225,23
7351,2451,36,1,330,29
7352,2451,53,2,315,29
7353,2451,70,3,300,29
7354,2452,41,2,135,18
7355,2452,58,3,120,18
7356,2452,75,1,105,18
7357,2453,46,3,210,2
7358,2453,63,1,195,2
7359,2453,80,2,180,2
7360,2454,51,1,285,2
7361,2454,68,2,270,2
7362,2454,85,3,255,2
7363,2455,56,2,90,21
7364,2455,73,3,75,21
7365,2455,90,1,330,21
7366,2456,61,3,165,17
7367,2456,78,1,150,17
7368,2456,95,2,135,17
7369,2457,66,1,240,7
7370,2457,83,2,225,7
7371,2457,100,3,210,7
7372,2458,71,2,315,24
7373,2458,88,3,300,24
7374,2458,105,1,285,24
7375,2459,76,3,120,26
7376,2459,93,1,105,26
7377,2459,110,2,90,26
7378,2460,81,1,195,9
7379,2460,98,2,180,9
7380,2460,115,3,165,9
7381,2461,86,2,270,27
7382,2461,103,3,255,27
7383,2461,120,1,240,27
7384,2462,91,3,75,27
7385,2462,108,1,330,27
7386,2462,125,2,315,27
7387,2463,96,1,150,17
7388,2463,113,2,135,17
7389,2463,130,3,120,17
7390,2464,101,2,225,30
7391,2464,118,3,210,30
7392,2464,135,1,195,30
7393,2465,106,3,300,13
7394,2465,123,1,285,13
7395,2465,140,2,270,13
7396,2466,111,1,105,3
7397,2466,128,2,90,3
7398,2466,145,3,75,3
7399,2467,116,2,180,2
7400,2467,133,3,165,2
7401,2467,150,1,150,2
7402,2468,121,3,255,1
7403,2468,138,1,240,1
7404,2468,155,2,225,1
7405,2469,126,1,330,8
7406,2469,143,2,315,8
7407,2469,160,3,300,8
7408,2470,131,2,135,5
7409,2470,148,3,120,5
7410,2470,165,1,105,5
7411,2471,136,3,210,12
7412,2471,153,1,195,12
7413,2471,170,2,180,12
7414,2472,141,1,285,2
7415,2472,158,2,270,2
7416,2472,175,3,255,2
7417,2473,146,2,90,8
7418,2473,163,3,75,8
7419,2473,180,1,330,8
7420,2474,151,3,165,4
7421,2474,168,1,150,4
7422,2474,185,2,135,4
7423,2475,156,1,240,5
7424,2475,173,2,225,5
7425,2475,2,3,90,5
7426,2476,161,2,315,11
7427,2476,178,3,300,11
7428,2476,7,1,165,11
7429,2477,166,3,120,12
7430,2477,183,1,105,12
7431,2477,12,2,240,12
7432,2478,171,1,195,30
7433,2478,188,2,180,30
7434,2478,17,3,315,30
7435,2479,176,2,270,14
7436,2479,5,3,135,14
7437,2479,22,1,120,14
7438,2480,181,3,75,29
7439,2480,10,1,210,29
7440,2480,27,2,195,29
7441,2481,186,1,150,20
7442,2481,15,2,285,20
7443,2481,32,3,270,20
7444,2482,3,2,105,17
7445,2482,20,3,90,17
7446,2482,37,1,75,17
7447,2483,8,3,180,5
7448,2483,25,1,165,5
7449,2483,42,2,150,5
7450,2484,13,1,255,7
7451,2484,30,2,240,7
7452,2484,47,3,225,7
7453,2485,18,2,330,20
7454,2485,35,3,315,20
7455,2485,52,1,300,20
7456,2486,23,3,135,14
7457,2486,40,1,120,14
7458,2486,57,2,105,14
7459,2487,28,1,210,21
7460,2487,45,2,195,21
7461,2487,62,3,180,21
7462,2488,33,2,285,23
7463,2488,50,3,270,23
7464,2488,67,1,255,23
7465,2489,38,3,90,23
7466,2489,55,1,75,23
7467,2489,72,2,330,23
7468,2490,43,1,165,27
7469,2490,60,2,150,27
7470,2490,77,3,135,27
7471,2491,48,2,240,26
7472,2491,65,3,225,26
7473,2491,82,1,210,26
7474,2492,53,3,315,25
7475,2492,70,1,300,25
7476,2492,87,2,285,25
7477,2493,58,1,120,25
7478,2493,75,2,105,25
7479,2493,92,3,90,25
7480,2494,63,2,195,29
7481,2494,80,3,180,29
7482,2494,97,1,165,29
7483,2495,68,3,270,14
7484,2495,85,1,255,14
7485,2495,102,2,240,14
7486,2496,73,1,75,30
7487,2496,90,2,330,30
7488,2496,107,3,315,30
7489,2497,78,2,150,1
7490,2497,95,3,135,1
7491,2497,112,1,120,1
7492,2498,83,3,225,19
7493,2498,100,1,210,19
7494,2498,117,2,195,19
7495,2499,88,1,300,6
7496,2499,105,2,285,6
7497,2499,122,3,270,6
7498,2500,93,2,105,4
7499,2500,110,3,90,4
7500,2500,127,1,75,4
7501,2501,98,3,180,1
7502,2501,115,1,165,1
7503,2501,132,2,150,1
7504,2502,103,1,255,1
7505,2502,120,2,240,1
7506,2502,137,3,225,1
7507,2503,108,2,330,7
7508,2503,125,3,315,7
7509,2503,142,1,300,7
7510,2504,113,3,135,12
7511,2504,130,1,120,12
7512,2504,147,2,105,12
7513,2505,118,1,210,12
7514,2505,135,2,195,12
7515,2505,152,3,180,12
7516,2506,123,2,285,10
7517,2506,140,3,270,10
7518,2506,157,1,255,10
7519,2507,128,3,90,14
7520,2507,145,1,75,14
7521,2507,162,2,330,14
7522,2508,133,1,165,6
7523,2508,150,2,150,6
7524,2508,167,3,135,6
7525,2509,138,2,240,13
7526,2509,155,3,225,13
7527,2509,172,1,210,13
7528,2510,143,3,315,30
7529,2510,160,1,300,30
7530,2510,177,2,285,30
7531,2511,148,1,120,17
7532,2511,165,2,105,17
7533,2511,182,3,90,17
7534,2512,153,2,195,16
7535,2512,170,3,180,16
7536,2512,187,1,165,16
7537,2513,158,3,270,22
7538,2513,175,1,255,22
7539,2513,4,2,120,22
7540,2514,163,1,75,8
7541,2514,180,2,330,8
7542,2514,9,3,195,8
7543,2515,168,2,150,19
7544,2515,185,3,135,19
7545,2515,14,1,270,19
7546,2516,173,3,225,19
7547,2516,2,1,90,19
7548,2516,19,2,75,19
7549,2517,178,1,300,22
7550,2517,7,2,165,22
7551,2517,24,3,150,22
7552,2518,183,2,105,22
7553,2518,12,3,240,22
7554,2518,29,1,225,22
7555,2519,188,3,180,24
7556,2519,17,1,315,24
7557,2519,34,2,300,24
7558,2520,5,1,135,7
7559,2520,22,2,120,7
7560,2520,39,3,105,7
7561,2521,10,2,210,25
7562,2521,27,3,195,25
7563,2521,44,1,180,25
7564,2522,15,3,285,25
7565,2522,32,1,270,25
7566,2522,49,2,255,25
7567,2523,20,1,90,26
7568,2523,37,2,75,26
7569,2523,54,3,330,26
7570,2524,25,2,165,28
7571,2524,42,3,150,28
7572,2524,59,1,135,28
7573,2525,30,3,240,15
7574,2525,47,1,225,15
7575,2525,64,2,210,15
7576,2526,35,1,315,13
7577,2526,52,2,300,13
7578,2526,69,3,285,13
7579,2527,40,2,120,31
7580,2527,57,3,105,31
7581,2527,74,1,90,31
7582,2528,45,3,195,3
7583,2528,62,1,180,3
7584,2528,79,2,165,3
7585,2529,50,1,270,7
7586,2529,67,2,255,7
7587,2529,84,3,240,7
7588,2530,55,2,75,3
7589,2530,72,3,330,3
7590,2530,89,1,315,3
7591,2531,60,3,150,9
7592,2531,77,1,135,9
7593,2531,94,2,120,9
7594,2532,65,1,225,3
7595,2532,82,2,210,3
7596,2532,99,3,195,3
7597,2533,70,2,300,6
7598,2533,87,3,285,6
7599,2533,104,1,270,6
7600,2534,75,3,105,19
7601,2534,92,1,90,19
7602,2534,109,2,75,19
7603,2535,80,1,180,6
7604,2535,97,2,165,6
7605,2535,114,3,150,6
7606,2536,85,2,255,9
7607,2536,102,3,240,9
7608,2536,119,1,225,9
7609,2537,90,3,330,3
7610,2537,107,1,315,3
7611,2537,124,2,300,3
7612,2538,95,1,135,17
7613,2538,112,2,120,17
7614,2538,129,3,105,17
7615,2539,100,2,210,12
7616,2539,117,3,195,12
7617,2539,134,1,180,12
7618,2540,105,3,285,31
7619,2540,122,1,270,31
7620,2540,139,2,255,31
7621,2541,110,1,90,11
7622,2541,127,2,75,11
7623,2541,144,3,330,11
7624,2542,115,2,165,15
7625,2542,132,3,150,15
7626,2542,149,1,135,15
7627,2543,120,3,240,23
7628,2543,137,1,225,23
7629,2543,154,2,210,23
7630,2544,125,1,315,29
7631,2544,142,2,300,29
7632,2544,159,3,285,29
7633,2545,130,2,120,18
7634,2545,147,3,105,18
7635,2545,164,1,90,18
7636,2546,135,3,195,7
7637,2546,152,1,180,7
7638,2546,169,2,165,7
7639,2547,140,1,270,2
7640,2547,157,2,255,2
7641,2547,174,3,240,2
7642,2548,145,2,75,21
7643,2548,162,3,330,21
7644,2548,179,1,315,21
7645,2549,150,3,150,21
7646,2549,167,1,135,21
7647,2549,184,2,120,21
7648,2550,155,1,225,7
7649,2550,172,2,210,7
7650,2550,1,3,75,7
7651,2551,160,2,300,24
7652,2551,177,3,285,24
7653,2551,6,1,150,24
7654,2552,165,3,105,26
7655,2552,182,1,90,26
7656,2552,11,2,225,26
7657,2553,170,1,180,9
7658,2553,187,2,165,9
7659,2553,16,3,300,9
7660,2554,175,2,255,27
7661,2554,4,3,120,27
7662,2554,21,1,105,27
7663,2555,180,3,330,27
7664,2555,9,1,195,27
7665,2555,26,2,180,27
7666,2556,185,1,135,17
7667,2556,14,2,270,17
7668,2556,31,3,255,17
7669,2557,2,2,90,30
7670,2557,19,3,75,30
7671,2557,36,1,330,30
7672,2558,7,3,165,13
7673,2558,24,1,150,13
7674,2558,41,2,135,13
7675,2559,12,1,240,6
7676,2559,29,2,225,6
7677,2559,46,3,210,6
7678,2560,17,2,315,2
7679,2560,34,3,300,2
7680,2560,51,1,285,2
7681,2561,22,3,120,1
7682,2561,39,1,105,1
7683,2561,56,2,90,1
7684,2562,27,1,195,8
7685,2562,44,2,180,8
7686,2562,61,3,165,8
7687,2563,32,2,270,5
7688,2563,49,3,255,5
7689,2563,66,1,240,5
7690,2564,37,3,75,1
7691,2564,54,1,330,1
7692,2564,71,2,315,1
7693,2565,42,1,150,23
7694,2565,59,2,135,23
7695,2565,76,3,120,23
7696,2566,47,2,225,8
7697,2566,64,3,210,8
7698,2566,81,1,195,8
7699,2567,52,3,300,4
7700,2567,69,1,285,4
7701,2567,86,2,270,4
7702,2568,57,1,105,5
7703,2568,74,2,90,5
7704,2568,91,3,75,5
7705,2569,62,2,180,11
7706,2569,79,3,165,11
7707,2569,96,1,150,11
7708,2570,67,3,255,6
7709,2570,84,1,240,6
7710,2570,101,2,225,6
7711,2571,72,1,330,30
7712,2571,89,2,315,30
7713,2571,106,3,300,30
7714,2572,77,2,135,14
7715,2572,94,3,120,14
7716,2572,111,1,105,14
7717,2573,82,3,210,29
7718,2573,99,1,195,29
7719,2573,116,2,180,29
7720,2574,87,1,285,20
7721,2574,104,2,270,20
7722,2574,121,3,255,20
7723,2575,92,2,90,17
7724,2575,109,3,75,17
7725,2575,126,1,330,17
7726,2576,97,3,165,8
7727,2576,114,1,150,8
7728,2576,131,2,135,8
7729,2577,102,1,240,7
7730,2577,119,2,225,7
7731,2577,136,3,210,7
7732,2578,107,2,315,20
7733,2578,124,3,300,20
7734,2578,141,1,285,20
7735,2579,112,3,120,14
7736,2579,129,1,105,14
7737,2579,146,2,90,14
7738,2580,117,1,195,17
7739,2580,134,2,180,17
7740,2580,151,3,165,17
7741,2581,122,2,270,23
7742,2581,139,3,255,23
7743,2581,156,1,240,23
7744,2582,127,3,75,23
7745,2582,144,1,330,23
7746,2582,161,2,315,23
7747,2583,132,1,150,27
7748,2583,149,2,135,27
7749,2583,166,3,120,27
7750,2584,137,2,225,26
7751,2584,154,3,210,26
7752,2584,171,1,195,26
7753,2585,142,3,300,25
7754,2585,159,1,285,25
7755,2585,176,2,270,25
7756,2586,147,1,105,25
7757,2586,164,2,90,25
7758,2586,181,3,75,25
7759,2587,152,2,180,29
7760,2587,169,3,165,29
7761,2587,186,1,150,29
7762,2588,157,3,255,14
7763,2588,174,1,240,14
7764,2588,3,2,105,14
7765,2589,162,1,330,30
7766,2589,179,2,315,30
7767,2589,8,3,180,30
7768,2590,167,2,135,1
7769,2590,184,3,120,1
7770,2590,13,1,255,1
7771,2591,172,3,210,19
7772,2591,1,1,75,19
7773,2591,18,2,330,19
7774,2592,177,1,285,6
7775,2592,6,2,150,6
7776,2592,23,3,135,6
7777,2593,182,2,90,4
7778,2593,11,3,225,4
7779,2593,28,1,210,4
7780,2594,187,3,165,1
7781,2594,16,1,300,1
7782,2594,33,2,285,1
7783,2595,4,1,120,1
7784,2595,21,2,105,1
7785,2595,38,3,90,1
7786,2596,9,2,195,7
7787,2596,26,3,180,7
7788,2596,43,1,165,7
7789,2597,14,3,270,12
7790,2597,31,1,255,12
7791,2597,48,2,240,12
7792,2598,19,1,75,12
7793,2598,36,2,330,12
7794,2598,53,3,315,12
7795,2599,24,2,150,10
7796,2599,41,3,135,10
7797,2599,58,1,120,10
7798,2600,29,3,225,14
7799,2600,46,1,210,14
7800,2600,63,2,195,14
7801,2601,34,1,300,1
7802,2601,51,2,285,1
7803,2601,68,3,270,1
7804,2602,39,2,105,13
7805,2602,56,3,90,13
7806,2602,73,1,75,13
7807,2603,44,3,180,30
7808,2603,61,1,165,30
7809,2603,78,2,150,30
7810,2604,49,1,255,17
7811,2604,66,2,240,17
7812,2604,83,3,225,17
7813,2605,54,2,330,16
7814,2605,71,3,315,16
7815,2605,88,1,300,16
7816,2606,59,3,135,22
7817,2606,76,1,120,22
7818,2606,93,2,105,22
7819,2607,64,1,210,5
7820,2607,81,2,195,5
7821,2607,98,3,180,5
7822,2608,69,2,285,19
7823,2608,86,3,270,19
7824,2608,103,1,255,19
7825,2609,74,3,90,19
7826,2609,91,1,75,19
7827,2609,108,2,330,19
7828,2610,79,1,165,22
7829,2610,96,2,150,22
7830,2610,113,3,135,22
7831,2611,84,2,240,22
7832,2611,101,3,225,22
7833,2611,118,1,210,22
7834,2612,89,3,315,24
7835,2612,106,1,300,24
7836,2612,123,2,285,24
7837,2613,94,1,120,7
7838,2613,111,2,105,7
7839,2613,128,3,90,7
7840,2614,99,2,195,25
7841,2614,116,3,180,25
7842,2614,133,1,165,25
7843,2615,104,3,270,25
7844,2615,121,1,255,25
7845,2615,138,2,240,25
7846,2616,109,1,75,28
7847,2616,126,2,330,28
7848,2616,143,3,315,28
7849,2617,114,2,150,28
7850,2617,131,3,135,28
7851,2617,148,1,120,28
7852,2618,119,3,225,15
7853,2618,136,1,210,15
7854,2618,153,2,195,15
7855,2619,124,1,300,13
7856,2619,141,2,285,13
7857,2619,158,3,270,13
7858,2620,129,2,105,31
7859,2620,146,3,90,31
7860,2620,163,1,75,31
7861,2621,134,3,180,5
7862,2621,151,1,165,5
7863,2621,168,2,150,5
7864,2622,139,1,255,7
7865,2622,156,2,240,7
7866,2622,173,3,225,7
7867,2623,144,2,330,3
7868,2623,161,3,315,3
7869,2623,178,1,300,3
7870,2624,149,3,135,9
7871,2624,166,1,120,9
7872,2624,183,2,105,9
7873,2625,154,1,210,6
7874,2625,171,2,195,6
7875,2625,188,3,180,6
7876,2626,159,2,285,6
7877,2626,176,3,270,6
7878,2626,5,1,135,6
7879,2627,164,3,90,19
7880,2627,181,1,75,19
7881,2627,10,2,210,19
7882,2628,169,1,165,6
7883,2628,186,2,150,6
7884,2628,15,3,285,6
7885,2629,174,2,240,9
7886,2629,3,3,105,9
7887,2629,20,1,90,9
7888,2630,179,3,315,3
7889,2630,8,1,180,3
7890,2630,25,2,165,3
7891,2631,184,1,120,17
7892,2631,13,2,255,17
7893,2631,30,3,240,17
7894,2632,1,2,75,12
7895,2632,18,3,330,12
7896,2632,35,1,315,12
7897,2633,6,3,150,31
7898,2633,23,1,135,31
7899,2633,40,2,120,31
7900,2634,11,1,225,21
7901,2634,28,2,210,21
7902,2634,45,3,195,21
7903,2635,16,2,300,15
7904,2635,33,3,285,15
7905,2635,50,1,270,15
7906,2636,21,3,105,23
7907,2636,38,1,90,23
7908,2636,55,2,75,23
7909,2637,26,1,180,29
7910,2637,43,2,165,29
7911,2637,60,3,150,29
7912,2638,31,2,255,18
7913,2638,48,3,240,18
7914,2638,65,1,225,18
7915,2639,36,3,330,2
7916,2639,53,1,315,2
7917,2639,70,2,300,2
7918,2640,41,1,135,2
7919,2640,58,2,120,2
7920,2640,75,3,105,2
7921,2641,46,2,210,21
7922,2641,63,3,195,21
7923,2641,80,1,180,21
7924,2642,51,3,285,17
7925,2642,68,1,270,17
7926,2642,85,2,255,17
7927,2643,56,1,90,7
7928,2643,73,2,75,7
7929,2643,90,3,330,7
7930,2644,61,2,165,24
7931,2644,78,3,150,24
7932,2644,95,1,135,24
7933,2645,66,3,240,26
7934,2645,83,1,225,26
7935,2645,100,2,210,26
7936,2646,71,1,315,9
7937,2646,88,2,300,9
7938,2646,105,3,285,9
7939,2647,76,2,120,27
7940,2647,93,3,105,27
7941,2647,110,1,90,27
7942,2648,81,3,195,27
7943,2648,98,1,180,27
7944,2648,115,2,165,27
7945,2649,86,1,270,17
7946,2649,103,2,255,17
7947,2649,120,3,240,17
7948,2650,91,2,75,30
7949,2650,108,3,330,30
7950,2650,125,1,315,30
7951,2651,96,3,150,13
7952,2651,113,1,135,13
7953,2651,130,2,120,13
7954,2652,101,1,225,3
7955,2652,118,2,210,3
7956,2652,135,3,195,3
7957,2653,106,2,300,2
7958,2653,123,3,285,2
7959,2653,140,1,270,2
7960,2654,111,3,105,1
7961,2654,128,1,90,1
7962,2654,145,2,75,1
7963,2655,116,1,180,8
7964,2655,133,2,165,8
7965,2655,150,3,150,8
7966,2656,121,2,255,5
7967,2656,138,3,240,5
7968,2656,155,1,225,5
7969,2657,126,3,330,12
7970,2657,143,1,315,12
7971,2657,160,2,300,12
7972,2658,131,1,135,2
7973,2658,148,2,120,2
7974,2658,165,3,105,2
7975,2659,136,2,210,8
7976,2659,153,3,195,8
7977,2659,170,1,180,8
7978,2660,141,3,285,4
7979,2660,158,1,270,4
7980,2660,175,2,255,4
7981,2661,146,1,90,5
7982,2661,163,2,75,5
7983,2661,180,3,330,5
7984,2662,151,2,165,11
7985,2662,168,3,150,11
7986,2662,185,1,135,11
7987,2663,156,3,240,8
7988,2663,173,1,225,8
7989,2663,2,2,90,8
7990,2664,161,1,315,30
7991,2664,178,2,300,30
7992,2664,7,3,165,30
7993,2665,166,2,120,14
7994,2665,183,3,105,14
7995,2665,12,1,240,14
7996,2666,171,3,195,29
7997,2666,188,1,180,29
7998,2666,17,2,315,29
7999,2667,176,1,270,24
8000,2667,5,2,135,24
8001,2667,22,3,120,24
8002,2668,181,2,75,17
8003,2668,10,3,210,17
8004,2668,27,1,195,17
8005,2669,186,3,150,5
8006,2669,15,1,285,5
8007,2669,32,2,270,5
8008,2670,3,1,105,7
8009,2670,20,2,90,7
8010,2670,37,3,75,7
8011,2671,8,2,180,20
8012,2671,25,3,165,20
8013,2671,42,1,150,20
8014,2672,13,3,255,14
8015,2672,30,1,240,14
8016,2672,47,2,225,14
8017,2673,18,1,330,21
8018,2673,35,2,315,21
8019,2673,52,3,300,21
8020,2674,23,2,135,23
8021,2674,40,3,120,23
8022,2674,57,1,105,23
8023,2675,28,3,210,23
8024,2675,45,1,195,23
8025,2675,62,2,180,23
8026,2676,33,1,285,27
8027,2676,50,2,270,27
8028,2676,67,3,255,27
8029,2677,38,2,90,26
8030,2677,55,3,75,26
8031,2677,72,1,330,26
8032,2678,43,3,165,25
8033,2678,60,1,150,25
8034,2678,77,2,135,25
8035,2679,48,1,240,25
8036,2679,65,2,225,25
8037,2679,82,3,210,25
8038,2680,53,2,315,29
8039,2680,70,3,300,29
8040,2680,87,1,285,29
8041,2681,58,3,120,14
8042,2681,75,1,105,14
8043,2681,92,2,90,14
8044,2682,63,1,195,30
8045,2682,80,2,180,30
8046,2682,97,3,165,30
8047,2683,68,2,270,1
8048,2683,85,3,255,1
8049,2683,102,1,240,1
8050,2684,73,3,75,19
8051,2684,90,1,330,19
8052,2684,107,2,315,19
8053,2685,78,1,150,6
8054,2685,95,2,135,6
8055,2685,112,3,120,6
8056,2686,83,2,225,4
8057,2686,100,3,210,4
8058,2686,117,1,195,4
8059,2687,88,3,300,1
8060,2687,105,1,285,1
8061,2687,122,2,270,1
8062,2688,93,1,105,1
8063,2688,110,2,90,1
8064,2688,127,3,75,1
8065,2689,98,2,180,7
8066,2689,115,3,165,7
8067,2689,132,1,150,7
8068,2690,103,3,255,12
8069,2690,120,1,240,12
8070,2690,137,2,225,12
8071,2691,108,1,330,12
8072,2691,125,2,315,12
8073,2691,142,3,300,12
8074,2692,113,2,135,10
8075,2692,130,3,120,10
8076,2692,147,1,105,10
8077,2693,118,3,210,14
8078,2693,135,1,195,14
8079,2693,152,2,180,14
8080,2694,123,1,285,6
8081,2694,140,2,270,6
8082,2694,157,3,255,6
8083,2695,128,2,90,13
8084,2695,145,3,75,13
8085,2695,162,1,330,13
8086,2696,133,3,165,30
8087,2696,150,1,150,30
8088,2696,167,2,135,30
8089,2697,138,1,240,17
8090,2697,155,2,225,17
8091,2697,172,3,210,17
8092,2698,143,2,315,16
8093,2698,160,3,300,16
8094,2698,177,1,285,16
8095,2699,148,3,120,22
8096,2699,165,1,105,22
8097,2699,182,2,90,22
8098,2700,153,1,195,8
8099,2700,170,2,180,8
8100,2700,187,3,165,8
8101,2701,158,2,270,19
8102,2701,175,3,255,19
8103,2701,4,1,120,19
8104,2702,163,3,75,19
8105,2702,180,1,330,19
8106,2702,9,2,195,19
8107,2703,168,1,150,22
8108,2703,185,2,135,22
8109,2703,14,3,270,22
8110,2704,173,2,225,22
8111,2704,2,3,90,22
8112,2704,19,1,75,22
8113,2705,178,3,300,24
8114,2705,7,1,165,24
8115,2705,24,2,150,24
8116,2706,183,1,105,7
8117,2706,12,2,240,7
8118,2706,29,3,225,7
8119,2707,188,2,180,25
8120,2707,17,3,315,25
8121,2707,34,1,300,25
8122,2708,5,3,135,25
8123,2708,22,1,120,25
8124,2708,39,2,105,25
8125,2709,10,1,210,26
8126,2709,27,2,195,26
8127,2709,44,3,180,26
8128,2710,15,2,285,28
8129,2710,32,3,270,28
8130,2710,49,1,255,28
8131,2711,20,3,90,15
8132,2711,37,1,75,15
8133,2711,54,2,330,15
8134,2712,25,1,165,13
8135,2712,42,2,150,13
8136,2712,59,3,135,13
8137,2713,30,2,240,31
8138,2713,47,3,225,31
8139,2713,64,1,210,31
8140,2714,35,3,315,5
8141,2714,52,1,300,5
8142,2714,69,2,285,5
8143,2715,40,1,120,7
8144,2715,57,2,105,7
8145,2715,74,3,90,7
8146,2716,45,2,195,3
8147,2716,62,3,180,3
8148,2716,79,1,165,3
8149,2717,50,3,270,9
8150,2717,67,1,255,9
8151,2717,84,2,240,9
8152,2718,55,1,75,3
8153,2718,72,2,330,3
8154,2718,89,3,315,3
8155,2719,60,2,150,6
8156,2719,77,3,135,6
8157,2719,94,1,120,6
8158,2720,65,3,225,19
8159,2720,82,1,210,19
8160,2720,99,2,195,19
8161,2721,70,1,300,6
8162,2721,87,2,285,6
8163,2721,104,3,270,6
8164,2722,75,2,105,9
8165,2722,92,3,90,9
8166,2722,109,1,75,9
8167,2723,80,3,180,3
8168,2723,97,1,165,3
8169,2723,114,2,150,3
8170,2724,85,1,255,17
8171,2724,102,2,240,17
8172,2724,119,3,225,17
8173,2725,90,2,330,12
8174,2725,107,3,315,12
8175,2725,124,1,300,12
8176,2726,95,3,135,31
8177,2726,112,1,120,31
8178,2726,129,2,105,31
8179,2727,100,1,210,11
8180,2727,117,2,195,11
8181,2727,134,3,180,11
8182,2728,105,2,285,15
8183,2728,122,3,270,15
8184,2728,139,1,255,15
8185,2729,110,3,90,23
8186,2729,127,1,75,23
8187,2729,144,2,330,23
8188,2730,115,1,165,29
8189,2730,132,2,150,29
8190,2730,149,3,135,29
8191,2731,120,2,240,18
8192,2731,137,3,225,18
8193,2731,154,1,210,18
8194,2732,125,3,315,7
8195,2732,142,1,300,7
8196,2732,159,2,285,7
8197,2733,130,1,120,2
8198,2733,147,2,105,2
8199,2733,164,3,90,2
8200,2734,135,2,195,21
8201,2734,152,3,180,21
8202,2734,169,1,165,21
8203,2735,140,3,270,21
8204,2735,157,1,255,21
8205,2735,174,2,240,21
8206,2736,145,1,75,7
8207,2736,162,2,330,7
8208,2736,179,3,315,7
8209,2737,150,2,150,24
8210,2737,167,3,135,24
8211,2737,184,1,120,24
8212,2738,155,3,225,26
8213,2738,172,1,210,26
8214,2738,1,2,75,26
8215,2739,160,1,300,9
8216,2739,177,2,285,9
8217,2739,6,3,150,9
8218,2740,165,2,105,27
8219,2740,182,3,90,27
8220,2740,11,1,225,27
8221,2741,170,3,180,27
8222,2741,187,1,165,27
8223,2741,16,2,300,27
8224,2742,175,1,255,17
8225,2742,4,2,120,17
8226,2742,21,3,105,17
8227,2743,180,2,330,30
8228,2743,9,3,195,30
8229,2743,26,1,180,30
8230,2744,185,3,135,13
8231,2744,14,1,270,13
8232,2744,31,2,255,13
8233,2745,2,1,90,6
8234,2745,19,2,75,6
8235,2745,36,3,330,6
8236,2746,7,2,165,2
8237,2746,24,3,150,2
8238,2746,41,1,135,2
8239,2747,12,3,240,1
8240,2747,29,1,225,1
8241,2747,46,2,210,1
8242,2748,17,1,315,8
8243,2748,34,2,300,8
8244,2748,51,3,285,8
8245,2749,22,2,120,5
8246,2749,39,3,105,5
8247,2749,56,1,90,5
8248,2750,27,3,195,1
8249,2750,44,1,180,1
8250,2750,61,2,165,1
8251,2751,32,1,270,23
8252,2751,49,2,255,23
8253,2751,66,3,240,23
8254,2752,37,2,75,8
8255,2752,54,3,330,8
8256,2752,71,1,315,8
8257,2753,42,3,150,4
8258,2753,59,1,135,4
8259,2753,76,2,120,4
8260,2754,47,1,225,5
8261,2754,64,2,210,5
8262,2754,81,3,195,5
8263,2755,52,2,300,11
8264,2755,69,3,285,11
8265,2755,86,1,270,11
8266,2756,57,3,105,6
8267,2756,74,1,90,6
8268,2756,91,2,75,6
8269,2757,62,1,180,30
8270,2757,79,2,165,30
8271,2757,96,3,150,30
8272,2758,67,2,255,14
8273,2758,84,3,240,14
8274,2758,101,1,225,14
8275,2759,72,3,330,29
8276,2759,89,1,315,29
8277,2759,106,2,300,29
8278,2760,77,1,135,20
8279,2760,94,2,120,20
8280,2760,111,3,105,20
8281,2761,82,2,210,17
8282,2761,99,3,195,17
8283,2761,116,1,180,17
8284,2762,87,3,285,8
8285,2762,104,1,270,8
8286,2762,121,2,255,8
8287,2763,92,1,90,7
8288,2763,109,2,75,7
8289,2763,126,3,330,7
8290,2764,97,2,165,20
8291,2764,114,3,150,20
8292,2764,131,1,135,20
8293,2765,102,3,240,14
8294,2765,119,1,225,14
8295,2765,136,2,210,14
8296,2766,107,1,315,17
8297,2766,124,2,300,17
8298,2766,141,3,285,17
8299,2767,112,2,120,23
8300,2767,129,3,105,23
8301,2767,146,1,90,23
8302,2768,117,3,195,23
8303,2768,134,1,180,23
8304,2768,151,2,165,23
8305,2769,122,1,270,26
8306,2769,139,2,255,26
8307,2769,156,3,240,26
8308,2770,127,2,75,26
8309,2770,144,3,330,26
8310,2770,161,1,315,26
8311,2771,132,3,150,25
8312,2771,149,1,135,25
8313,2771,166,2,120,25
8314,2772,137,1,225,25
8315,2772,154,2,210,25
8316,2772,171,3,195,25
8317,2773,142,2,300,29
8318,2773,159,3,285,29
8319,2773,176,1,270,29
8320,2774,147,3,105,14
8321,2774,164,1,90,14
8322,2774,181,2,75,14
8323,2775,152,1,180,30
8324,2775,169,2,165,30
8325,2775,186,3,150,30
8326,2776,157,2,255,1
8327,2776,174,3,240,1
8328,2776,3,1,105,1
8329,2777,162,3,330,19
8330,2777,179,1,315,19
8331,2777,8,2,180,19
8332,2778,167,1,135,6
8333,2778,184,2,120,6
8334,2778,13,3,255,6
8335,2779,172,2,210,4
8336,2779,1,3,75,4
8337,2779,18,1,330,4
8338,2780,177,3,285,1
8339,2780,6,1,150,1
8340,2780,23,2,135,1
8341,2781,182,1,90,1
8342,2781,11,2,225,1
8343,2781,28,3,210,1
8344,2782,187,2,165,7
8345,2782,16,3,300,7
8346,2782,33,1,285,7
8347,2783,4,3,120,12
8348,2783,21,1,105,12
8349,2783,38,2,90,12
8350,2784,9,1,195,12
8351,2784,26,2,180,12
8352,2784,43,3,165,12
8353,2785,14,2,270,10
8354,2785,31,3,255,10
8355,2785,48,1,240,10
8356,2786,19,3,75,14
8357,2786,36,1,330,14
8358,2786,53,2,315,14
8359,2787,24,1,150,1
8360,2787,41,2,135,1
8361,2787,58,3,120,1
8362,2788,29,2,225,13
8363,2788,46,3,210,13
8364,2788,63,1,195,13
8365,2789,34,3,300,30
8366,2789,51,1,285,30
8367,2789,68,2,270,30
8368,2790,39,1,105,17
8369,2790,56,2,90,17
8370,2790,73,3,75,17
8371,2791,44,2,180,16
8372,2791,61,3,165,16
8373,2791,78,1,150,16
8374,2792,49,3,255,22
8375,2792,66,1,240,22
8376,2792,83,2,225,22
8377,2793,54,1,330,5
8378,2793,71,2,315,5
8379,2793,88,3,300,5
8380,2794,59,2,135,19
8381,2794,76,3,120,19
8382,2794,93,1,105,19
8383,2795,64,3,210,19
8384,2795,81,1,195,19
8385,2795,98,2,180,19
8386,2796,69,1,285,22
8387,2796,86,2,270,22
8388,2796,103,3,255,22
8389,2797,74,2,90,22
8390,2797,91,3,75,22
8391,2797,108,1,330,22
8392,2798,79,3,165,24
8393,2798,96,1,150,24
8394,2798,113,2,135,24
8395,2799,84,1,240,7
8396,2799,101,2,225,7
8397,2799,118,3,210,7
8398,2800,89,2,315,25
8399,2800,106,3,300,25
8400,2800,123,1,285,25
8401,2801,94,3,120,25
8402,2801,111,1,105,25
8403,2801,128,2,90,25
8404,2802,99,1,195,28
8405,2802,116,2,180,28
8406,2802,133,3,165,28
8407,2803,104,2,270,28
8408,2803,121,3,255,28
8409,2803,138,1,240,28
8410,2804,109,3,75,15
8411,2804,126,1,330,15
8412,2804,143,2,315,15
8413,2805,114,1,150,13
8414,2805,131,2,135,13
8415,2805,148,3,120,13
8416,2806,119,2,225,31
8417,2806,136,3,210,31
8418,2806,153,1,195,31
8419,2807,124,3,300,5
8420,2807,141,1,285,5
8421,2807,158,2,270,5
8422,2808,129,1,105,7
8423,2808,146,2,90,7
8424,2808,163,3,75,7
8425,2809,134,2,180,3
8426,2809,151,3,165,3
8427,2809,168,1,150,3
8428,2810,139,3,255,9
8429,2810,156,1,240,9
8430,2810,173,2,225,9
8431,2811,144,1,330,6
8432,2811,161,2,315,6
8433,2811,178,3,300,6
8434,2812,149,2,135,6
8435,2812,166,3,120,6
8436,2812,183,1,105,6
8437,2813,154,3,210,19
8438,2813,171,1,195,19
8439,2813,188,2,180,19
8440,2814,159,1,285,6
8441,2814,176,2,270,6
8442,2814,5,3,135,6
8443,2815,164,2,90,9
8444,2815,181,3,75,9
8445,2815,10,1,210,9
8446,2816,169,3,165,3
8447,2816,186,1,150,3
8448,2816,15,2,285,3
8449,2817,174,1,240,17
8450,2817,3,2,105,17
8451,2817,20,3,90,17
8452,2818,179,2,315,12
8453,2818,8,3,180,12
8454,2818,25,1,165,12
8455,2819,184,3,120,31
8456,2819,13,1,255,31
8457,2819,30,2,240,31
8458,2820,1,1,75,21
8459,2820,18,2,330,21
8460,2820,35,3,315,21
8461,2821,6,2,150,15
8462,2821,23,3,135,15
8463,2821,40,1,120,15
8464,2822,11,3,225,23
8465,2822,28,1,210,23
8466,2822,45,2,195,23
8467,2823,16,1,300,29
8468,2823,33,2,285,29
8469,2823,50,3,270,29
8470,2824,21,2,105,18
8471,2824,38,3,90,18
8472,2824,55,1,75,18
8473,2825,26,3,180,2
8474,2825,43,1,165,2
8475,2825,60,2,150,2
8476,2826,31,1,255,2
8477,2826,48,2,240,2
8478,2826,65,3,225,2
8479,2827,36,2,330,21
8480,2827,53,3,315,21
8481,2827,70,1,300,21
8482,2828,41,3,135,17
8483,2828,58,1,120,17
8484,2828,75,2,105,17
8485,2829,46,1,210,7
8486,2829,63,2,195,7
8487,2829,80,3,180,7
8488,2830,51,2,285,24
8489,2830,68,3,270,24
8490,2830,85,1,255,24
8491,2831,56,3,90,26
8492,2831,73,1,75,26
8493,2831,90,2,330,26
8494,2832,61,1,165,9
8495,2832,78,2,150,9
8496,2832,95,3,135,9
8497,2833,66,2,240,27
8498,2833,83,3,225,27
8499,2833,100,1,210,27
8500,2834,71,3,315,27
8501,2834,88,1,300,27
8502,2834,105,2,285,27
8503,2835,76,1,120,17
8504,2835,93,2,105,17
8505,2835,110,3,90,17
8506,2836,81,2,195,30
8507,2836,98,3,180,30
8508,2836,115,1,165,30
8509,2837,86,3,270,13
8510,2837,103,1,255,13
8511,2837,120,2,240,13
8512,2838,91,1,75,3
8513,2838,108,2,330,3
8514,2838,125,3,315,3
8515,2839,96,2,150,2
8516,2839,113,3,135,2
8517,2839,130,1,120,2
8518,2840,101,3,225,1
8519,2840,118,1,210,1
8520,2840,135,2,195,1
8521,2841,106,1,300,8
8522,2841,123,2,285,8
8523,2841,140,3,270,8
8524,2842,111,2,105,5
8525,2842,128,3,90,5
8526,2842,145,1,75,5
8527,2843,116,3,180,12
8528,2843,133,1,165,12
8529,2843,150,2,150,12
8530,2844,121,1,255,2
8531,2844,138,2,240,2
8532,2844,155,3,225,2
8533,2845,126,2,330,8
8534,2845,143,3,315,8
8535,2845,160,1,300,8
8536,2846,131,3,135,4
8537,2846,148,1,120,4
8538,2846,165,2,105,4
8539,2847,136,1,210,5
8540,2847,153,2,195,5
8541,2847,170,3,180,5
8542,2848,141,2,285,11
8543,2848,158,3,270,11
8544,2848,175,1,255,11
8545,2849,146,3,90,8
8546,2849,163,1,75,8
8547,2849,180,2,330,8
8548,2850,151,1,165,30
8549,2850,168,2,150,30
8550,2850,185,3,135,30
8551,2851,156,2,240,14
8552,2851,173,3,225,14
8553,2851,2,1,90,14
8554,2852,161,3,315,29
8555,2852,178,1,300,29
8556,2852,7,2,165,29
8557,2853,166,1,120,24
8558,2853,183,2,105,24
8559,2853,12,3,240,24
8560,2854,171,2,195,17
8561,2854,188,3,180,17
8562,2854,17,1,315,17
8563,2855,176,3,270,5
8564,2855,5,1,135,5
8565,2855,22,2,120,5
8566,2856,181,1,75,2
8567,2856,10,2,210,2
8568,2856,27,3,195,2
8569,2857,186,2,150,20
8570,2857,15,3,285,20
8571,2857,32,1,270,20
8572,2858,3,3,105,14
8573,2858,20,1,90,14
8574,2858,37,2,75,14
8575,2859,8,1,180,21
8576,2859,25,2,165,21
8577,2859,42,3,150,21
8578,2860,13,2,255,23
8579,2860,30,3,240,23
8580,2860,47,1,225,23
8581,2861,18,3,330,23
8582,2861,35,1,315,23
8583,2861,52,2,300,23
8584,2862,23,1,135,27
8585,2862,40,2,120,27
8586,2862,57,3,105,27
8587,2863,28,2,210,26
8588,2863,45,3,195,26
8589,2863,62,1,180,26
8590,2864,33,3,285,25
8591,2864,50,1,270,25
8592,2864,67,2,255,25
8593,2865,38,1,90,25
8594,2865,55,2,75,25
8595,2865,72,3,330,25
8596,2866,43,2,165,29
8597,2866,60,3,150,29
8598,2866,77,1,135,29
8599,2867,48,3,240,14
8600,2867,65,1,225,14
8601,2867,82,2,210,14
8602,2868,53,1,315,30
8603,2868,70,2,300,30
8604,2868,87,3,285,30
8605,2869,58,2,120,1
8606,2869,75,3,105,1
8607,2869,92,1,90,1
8608,2870,63,3,195,19
8609,2870,80,1,180,19
8610,2870,97,2,165,19
8611,2871,68,1,270,6
8612,2871,85,2,255,6
8613,2871,102,3,240,6
8614,2872,73,2,75,4
8615,2872,90,3,330,4
8616,2872,107,1,315,4
8617,2873,78,3,150,1
8618,2873,95,1,135,1
8619,2873,112,2,120,1
8620,2874,83,1,225,1
8621,2874,100,2,210,1
8622,2874,117,3,195,1
8623,2875,88,2,300,7
8624,2875,105,3,285,7
8625,2875,122,1,270,7
8626,2876,93,3,105,12
8627,2876,110,1,90,12
8628,2876,127,2,75,12
8629,2877,98,1,180,12
8630,2877,115,2,165,12
8631,2877,132,3,150,12
8632,2878,103,2,255,10
8633,2878,120,3,240,10
8634,2878,137,1,225,10
8635,2879,108,3,330,14
8636,2879,125,1,315,14
8637,2879,142,2,300,14
8638,2880,113,1,135,8
8639,2880,130,2,120,8
8640,2880,147,3,105,8
8641,2881,118,2,210,13
8642,2881,135,3,195,13
8643,2881,152,1,180,13
8644,2882,123,3,285,30
8645,2882,140,1,270,30
8646,2882,157,2,255,30
8647,2883,128,1,90,17
8648,2883,145,2,75,17
8649,2883,162,3,330,17
8650,2884,133,2,165,16
8651,2884,150,3,150,16
8652,2884,167,1,135,16
8653,2885,138,3,240,22
8654,2885,155,1,225,22
8655,2885,172,2,210,22
8656,2886,143,1,315,8
8657,2886,160,2,300,8
8658,2886,177,3,285,8
8659,2887,148,2,120,19
8660,2887,165,3,105,19
8661,2887,182,1,90,19
8662,2888,153,3,195,19
8663,2888,170,1,180,19
8664,2888,187,2,165,19
8665,2889,158,1,270,22
8666,2889,175,2,255,22
8667,2889,4,3,120,22
8668,2890,163,2,75,22
8669,2890,180,3,330,22
8670,2890,9,1,195,22
8671,2891,168,3,150,24
8672,2891,185,1,135,24
8673,2891,14,2,270,24
8674,2892,173,1,225,7
8675,2892,2,2,90,7
8676,2892,19,3,75,7
8677,2893,178,2,300,25
8678,2893,7,3,165,25
8679,2893,24,1,150,25
8680,2894,183,3,105,25
8681,2894,12,1,240,25
8682,2894,29,2,225,25
8683,2895,188,1,180,26
8684,2895,17,2,315,26
8685,2895,34,3,300,26
8686,2896,5,2,135,28
8687,2896,22,3,120,28
8688,2896,39,1,105,28
8689,2897,10,3,210,15
8690,2897,27,1,195,15
8691,2897,44,2,180,15
8692,2898,15,1,285,13
8693,2898,32,2,270,13
8694,2898,49,3,255,13
8695,2899,20,2,90,31
8696,2899,37,3,75,31
8697,2899,54,1,330,31
8698,2900,25,3,165,5
8699,2900,42,1,150,5
8700,2900,59,2,135,5
8701,2901,30,1,240,7
8702,2901,47,2,225,7
8703,2901,64,3,210,7
8704,2902,35,2,315,3
8705,2902,52,3,300,3
8706,2902,69,1,285,3
8707,2903,40,3,120,9
8708,2903,57,1,105,9
8709,2903,74,2,90,9
8710,2904,45,1,195,3
8711,2904,62,2,180,3
8712,2904,79,3,165,3
8713,2905,50,2,270,6
8714,2905,67,3,255,6
8715,2905,84,1,240,6
8716,2906,55,3,75,19
8717,2906,72,1,330,19
8718,2906,89,2,315,19
8719,2907,60,1,150,6
8720,2907,77,2,135,6
8721,2907,94,3,120,6
8722,2908,65,2,225,9
8723,2908,82,3,210,9
8724,2908,99,1,195,9
8725,2909,70,3,300,3
8726,2909,87,1,285,3
8727,2909,104,2,270,3
8728,2910,75,1,105,17
8729,2910,92,2,90,17
8730,2910,109,3,75,17
8731,2911,80,2,180,12
8732,2911,97,3,165,12
8733,2911,114,1,150,12
8734,2912,85,3,255,31
8735,2912,102,1,240,31
8736,2912,119,2,225,31
8737,2913,90,1,330,21
8738,2913,107,2,315,21
8739,2913,124,3,300,21
8740,2914,95,2,135,15
8741,2914,112,3,120,15
8742,2914,129,1,105,15
8743,2915,100,3,210,23
8744,2915,117,1,195,23
8745,2915,134,2,180,23
8746,2916,105,1,285,29
8747,2916,122,2,270,29
8748,2916,139,3,255,29
8749,2917,110,2,90,18
8750,2917,127,3,75,18
8751,2917,144,1,330,18
8752,2918,115,3,165,2
8753,2918,132,1,150,2
8754,2918,149,2,135,2
8755,2919,120,1,240,2
8756,2919,137,2,225,2
8757,2919,154,3,210,2
8758,2920,125,2,315,21
8759,2920,142,3,300,21
8760,2920,159,1,285,21
8761,2921,130,3,120,21
8762,2921,147,1,105,21
8763,2921,164,2,90,21
8764,2922,135,1,195,7
8765,2922,152,2,180,7
8766,2922,169,3,165,7
8767,2923,140,2,270,24
8768,2923,157,3,255,24
8769,2923,174,1,240,24
8770,2924,145,3,75,26
8771,2924,162,1,330,26
8772,2924,179,2,315,26
8773,2925,150,1,150,9
8774,2925,167,2,135,9
8775,2925,184,3,120,9
8776,2926,155,2,225,27
8777,2926,172,3,210,27
8778,2926,1,1,75,27
8779,2927,160,3,300,27
8780,2927,177,1,285,27
8781,2927,6,2,150,27
8782,2928,165,1,105,17
8783,2928,182,2,90,17
8784,2928,11,3,225,17
8785,2929,170,2,180,30
8786,2929,187,3,165,30
8787,2929,16,1,300,30
8788,2930,175,3,255,13
8789,2930,4,1,120,13
8790,2930,21,2,105,13
8791,2931,180,1,330,6
8792,2931,9,2,195,6
8793,2931,26,3,180,6
8794,2932,185,2,135,2
8795,2932,14,3,270,2
8796,2932,31,1,255,2
8797,2933,2,3,90,1
8798,2933,19,1,75,1
8799,2933,36,2,330,1
8800,2934,7,1,165,8
8801,2934,24,2,150,8
8802,2934,41,3,135,8
8803,2935,12,2,240,5
8804,2935,29,3,225,5
8805,2935,46,1,210,5
8806,2936,17,3,315,1
8807,2936,34,1,300,1
8808,2936,51,2,285,1
8809,2937,22,1,120,23
8810,2937,39,2,105,23
8811,2937,56,3,90,23
8812,2938,27,2,195,8
8813,2938,44,3,180,8
8814,2938,61,1,165,8
8815,2939,32,3,270,4
8816,2939,49,1,255,4
8817,2939,66,2,240,4
8818,2940,37,1,75,5
8819,2940,54,2,330,5
8820,2940,71,3,315,5
8821,2941,42,2,150,11
8822,2941,59,3,135,11
8823,2941,76,1,120,11
8824,2942,47,3,225,6
8825,2942,64,1,210,6
8826,2942,81,2,195,6
8827,2943,52,1,300,30
8828,2943,69,2,285,30
8829,2943,86,3,270,30
8830,2944,57,2,105,14
8831,2944,74,3,90,14
8832,2944,91,1,75,14
8833,2945,62,3,180,29
8834,2945,79,1,165,29
8835,2945,96,2,150,29
8836,2946,67,1,255,20
8837,2946,84,2,240,20
8838,2946,101,3,225,20
8839,2947,72,2,330,17
8840,2947,89,3,315,17
8841,2947,106,1,300,17
8842,2948,77,3,135,8
8843,2948,94,1,120,8
8844,2948,111,2,105,8
8845,2949,82,1,210,7
8846,2949,99,2,195,7
8847,2949,116,3,180,7
8848,2950,87,2,285,20
8849,2950,104,3,270,20
8850,2950,121,1,255,20
8851,2951,92,3,90,14
8852,2951,109,1,75,14
8853,2951,126,2,330,14
8854,2952,97,1,165,21
8855,2952,114,2,150,21
8856,2952,131,3,135,21
8857,2953,102,2,240,23
8858,2953,119,3,225,23
8859,2953,136,1,210,23
8860,2954,107,3,315,23
8861,2954,124,1,300,23
8862,2954,141,2,285,23
8863,2955,112,1,120,26
8864,2955,129,2,105,26
8865,2955,146,3,90,26
8866,2956,117,2,195,26
8867,2956,134,3,180,26
8868,2956,151,1,165,26
8869,2957,122,3,270,25
8870,2957,139,1,255,25
8871,2957,156,2,240,25
8872,2958,127,1,75,25
8873,2958,144,2,330,25
8874,2958,161,3,315,25
8875,2959,132,2,150,29
8876,2959,149,3,135,29
8877,2959,166,1,120,29
8878,2960,137,3,225,14
8879,2960,154,1,210,14
8880,2960,171,2,195,14
8881,2961,142,1,300,30
8882,2961,159,2,285,30
8883,2961,176,3,270,30
8884,2962,147,2,105,1
8885,2962,164,3,90,1
8886,2962,181,1,75,1
8887,2963,152,3,180,19
8888,2963,169,1,165,19
8889,2963,186,2,150,19
8890,2964,157,1,255,6
8891,2964,174,2,240,6
8892,2964,3,3,105,6
8893,2965,162,2,330,4
8894,2965,179,3,315,4
8895,2965,8,1,180,4
8896,2966,167,3,135,1
8897,2966,184,1,120,1
8898,2966,13,2,255,1
8899,2967,172,1,210,1
8900,2967,1,2,75,1
8901,2967,18,3,330,1
8902,2968,177,2,285,7
8903,2968,6,3,150,7
8904,2968,23,1,135,7
8905,2969,182,3,90,12
8906,2969,11,1,225,12
8907,2969,28,2,210,12
8908,2970,187,1,165,12
8909,2970,16,2,300,12
8910,2970,33,3,285,12
8911,2971,4,2,120,10
8912,2971,21,3,105,10
8913,2971,38,1,90,10
8914,2972,9,3,195,14
8915,2972,26,1,180,14
8916,2972,43,2,165,14
8917,2973,14,1,270,1
8918,2973,31,2,255,1
8919,2973,48,3,240,1
8920,2974,19,2,75,13
8921,2974,36,3,330,13
8922,2974,53,1,315,13
8923,2975,24,3,150,30
8924,2975,41,1,135,30
8925,2975,58,2,120,30
8926,2976,29,1,225,17
8927,2976,46,2,210,17
8928,2976,63,3,195,17
8929,2977,34,2,300,16
8930,2977,51,3,285,16
8931,2977,68,1,270,16
8932,2978,39,3,105,22
8933,2978,56,1,90,22
8934,2978,73,2,75,22
8935,2979,44,1,180,5
8936,2979,61,2,165,5
8937,2979,78,3,150,5
8938,2980,49,2,255,19
8939,2980,66,3,240,19
8940,2980,83,1,225,19
8941,2981,54,3,330,19
8942,2981,71,1,315,19
8943,2981,88,2,300,19
8944,2982,59,1,135,22
8945,2982,76,2,120,22
8946,2983,64,2,210,22
8947,2983,81,3,195,22
8948,2984,69,3,285,24
8949,2984,86,1,270,24
8950,2985,74,1,90,7
8951,2985,91,2,75,7
8952,2986,79,2,165,25
8953,2986,96,3,150,25
8954,2987,84,3,240,25
8955,2987,101,1,225,25
8956,2988,89,1,315,28
8957,2988,106,2,300,28
8958,2989,94,2,120,28
8959,2989,111,3,105,28
8960,2990,99,3,195,15
8961,2990,116,1,180,15
8962,2991,104,1,270,13
8963,2991,121,2,255,13
8964,2992,109,2,75,31
8965,2992,126,3,330,31
8966,2993,114,3,150,5
8967,2993,131,1,135,5
8968,2994,119,1,225,7
8969,2994,136,2,210,7
8970,2995,124,2,300,3
8971,2995,141,3,285,3
8972,2996,129,3,105,9
8973,2996,146,1,90,9
8974,2997,134,1,180,6
8975,2997,151,2,165,6
8976,2998,139,2,255,6
8977,2998,156,3,240,6
8978,2999,144,3,330,19
8979,2999,161,1,315,19
8980,3000,149,1,135,6
8981,3000,166,2,120,6
