customer_id,gold_customer_id,email,first_name,last_name,city,state_province,postal_code,country,latitude,longitude,customer_tier,lifetime_value
1,11,quinn.clark11@bigcorp.test,Quinn,Clark,San Diego,CA,92105,US,32.416993,-117.148951,standard,3316.16
2,169,jamie.smith169@bigcorp.test,Jamie,Smith,San Diego,CA,92105,US,33.048897,-117.511538,preferred,3062.72
3,207,dana.clark207@bigcorp.test,Dana,Clark,San Diego,CA,92105,US,32.476601,-117.528418,standard,2039.6
4,219,jordan.hall219@bigcorp.test,Jordan,Hall,Columbus,OH,43203,US,39.855169,-83.05719,standard,5152.64
5,265,emerson.smith265@bigcorp.test,Emerson,Smith,Dallas,TX,75206,US,32.447659,-97.078681,standard,1845.32
6,312,cameron.lopez312@bigcorp.test,Cameron,Lopez,Dallas,TX,75206,US,32.646201,-96.770442,standard,2608.52
7,346,rowan.clark346@bigcorp.test,Rowan,Clark,San Diego,CA,92105,US,32.800018,-116.849703,standard,1723.12
8,376,robin.lopez376@bigcorp.test,Robin,Lopez,Austin,TX,78702,US,30.093593,-97.900796,standard,739.6
9,379,sam.lewis379@bigcorp.test,Sam,Lewis,Dallas,TX,75206,US,32.930867,-96.730192,standard,3384.52
10,388,emerson.wilson388@bigcorp.test,Emerson,Wilson,Dallas,TX,75206,US,32.949843,-96.86774,standard,4181.44
11,473,david.patel473@bigcorp.test,David,Patel,San Diego,CA,92105,US,32.711209,-117.521194,vip,1060.48
12,474,taylor.allen474@bigcorp.test,Taylor,Allen,Columbus,OH,43203,US,39.950419,-82.903888,standard,3969.2
13,527,dana.hall527@bigcorp.test,Dana,Hall,San Francisco,CA,94109,US,37.93603,-122.711104,standard,2522.32
14,532,rowan.nguyen532@bigcorp.test,Rowan,Nguyen,Dallas,TX,75206,US,32.972792,-97.045851,vip,3212.96
15,582,rowan.patel582@bigcorp.test,Rowan,Patel,Dallas,TX,75206,US,33.034494,-97.025231,standard,2920.28
16,626,casey.lopez626@bigcorp.test,Casey,Lopez,Dallas,TX,75206,US,33.08022,-96.832893,preferred,2499.08
17,711,robin.kim711@bigcorp.test,Robin,Kim,Dallas,TX,75206,US,32.720295,-97.200228,standard,3417.52
18,755,kendall.garcia755@bigcorp.test,Kendall,Garcia,San Diego,CA,92105,US,32.803455,-117.107989,standard,5135.0
19,775,morgan.kim775@bigcorp.test,Morgan,Kim,Dallas,TX,75206,US,32.842227,-96.881571,standard,6833.48
20,815,jamie.brown815@bigcorp.test,Jamie,Brown,Dallas,TX,75206,US,32.962626,-96.554524,preferred,3756.6
21,872,kendall.kim872@bigcorp.test,Kendall,Kim,Dallas,TX,75206,US,32.450793,-96.517458,vip,7540.8
22,937,parker.clark937@bigcorp.test,Parker,Clark,Dallas,TX,75206,US,32.790395,-97.184762,standard,3562.48
23,968,taylor.clark968@bigcorp.test,Taylor,Clark,Dallas,TX,75206,US,32.912451,-96.519131,standard,400.0
24,981,emerson.hall981@bigcorp.test,Emerson,Hall,Columbus,OH,43203,US,40.242957,-82.766964,standard,4520.48
25,1073,kendall.patel1073@bigcorp.test,Kendall,Patel,Columbus,OH,43203,US,40.255847,-82.844944,standard,1601.24
26,1076,hayden.brown1076@bigcorp.test,Hayden,Brown,Columbus,OH,43203,US,39.848379,-82.878829,standard,5378.56
27,1151,adam.young1151@bigcorp.test,Adam,Young,San Diego,CA,92105,US,32.785784,-116.874262,standard,5261.88
28,1165,kendall.kim1165@bigcorp.test,Kendall,Kim,Dallas,TX,75206,US,33.031405,-97.114168,standard,4242.84
29,1179,hayden.walker1179@bigcorp.test,Hayden,Walker,Dallas,TX,75206,US,32.441011,-96.770763,standard,1535.52
30,1182,dana.garcia1182@bigcorp.test,Dana,Garcia,Dallas,TX,75206,US,32.700518,-96.527605,standard,2925.6
31,1188,hayden.walker1188@bigcorp.test,Hayden,Walker,Austin,TX,78702,US,29.951914,-98.063745,standard,3958.04
32,1195,robin.chen1195@bigcorp.test,Robin,Chen,Dallas,TX,75206,US,32.948441,-96.878969,standard,4344.56
33,1241,kendall.patel1241@bigcorp.test,Kendall,Patel,Los Angeles,CA,90013,US,33.905927,-118.015899,standard,2162.72
34,1263,avery.hall1263@bigcorp.test,Avery,Hall,Columbus,OH,43203,US,39.681039,-82.611389,standard,3858.76
35,1275,sam.allen1275@bigcorp.test,Sam,Allen,San Diego,CA,92105,US,32.588155,-117.302943,standard,3173.68
36,1299,reese.singh1299@bigcorp.test,Reese,Singh,Dallas,TX,75206,US,32.676666,-96.669306,standard,2297.4
37,1323,sam.allen1323@bigcorp.test,Sam,Allen,Dallas,TX,75206,US,32.413793,-96.582248,standard,2032.48
38,1356,kendall.king1356@bigcorp.test,Kendall,King,Dallas,TX,75206,US,32.920874,-96.932421,preferred,3753.96
39,1377,jamie.allen1377@bigcorp.test,Jamie,Allen,Austin,TX,78702,US,30.060532,-97.75043,standard,1493.36
40,1408,adam.brown1408@bigcorp.test,Adam,Brown,Dallas,TX,75206,US,32.763965,-97.125554,standard,6642.56
41,1412,sam.garcia1412@bigcorp.test,Sam,Garcia,Dallas,TX,75206,US,32.938155,-96.669914,standard,4286.72
42,1421,avery.clark1421@bigcorp.test,Avery,Clark,Dallas,TX,75206,US,32.735135,-96.921254,standard,2908.36
43,1478,parker.lewis1478@bigcorp.test,Parker,Lewis,Indianapolis,IN,46202,US,39.801985,-85.93141,standard,4313.32
44,1485,rowan.singh1485@bigcorp.test,Rowan,Singh,Dallas,TX,75206,US,32.624368,-96.541299,standard,1657.36
45,1486,parker.nguyen1486@bigcorp.test,Parker,Nguyen,Dallas,TX,75206,US,32.76097,-96.541638,standard,4360.8
46,1511,taylor.smith1511@bigcorp.test,Taylor,Smith,San Diego,CA,92105,US,32.545222,-116.862475,standard,5599.48
47,1515,rowan.nguyen1515@bigcorp.test,Rowan,Nguyen,Dallas,TX,75206,US,32.655984,-97.031485,standard,3488.12
48,1531,avery.lee1531@bigcorp.test,Avery,Lee,Dallas,TX,75206,US,32.784213,-97.155369,vip,4270.76
49,1550,emerson.king1550@bigcorp.test,Emerson,King,Dallas,TX,75206,US,32.806824,-97.077466,standard,3675.92
50,1572,robin.lee1572@bigcorp.test,Robin,Lee,Dallas,TX,75206,US,32.928501,-96.624389,standard,1338.96
51,1607,emerson.lewis1607@bigcorp.test,Emerson,Lewis,Dallas,TX,75206,US,32.82626,-96.924081,standard,3686.88
52,1614,david.allen1614@bigcorp.test,David,Allen,Dallas,TX,75206,US,32.577813,-96.569861,standard,1238.36
53,1627,jordan.lopez1627@bigcorp.test,Jordan,Lopez,Dallas,TX,75206,US,32.491323,-97.120262,preferred,3970.64
54,1645,robin.smith1645@bigcorp.test,Robin,Smith,Dallas,TX,75206,US,33.06799,-96.721799,standard,1233.2
55,1701,quinn.walker1701@bigcorp.test,Quinn,Walker,San Diego,CA,92105,US,33.074528,-117.470744,standard,2772.16
56,1711,morgan.nguyen1711@bigcorp.test,Morgan,Nguyen,Dallas,TX,75206,US,32.882519,-96.886477,standard,3547.2
57,1713,casey.wilson1713@bigcorp.test,Casey,Wilson,Dallas,TX,75206,US,32.934576,-96.813487,standard,3076.04
58,1716,alex.kim1716@bigcorp.test,Alex,Kim,Philadelphia,PA,19102,US,40.050197,-75.130797,preferred,2044.72
59,1739,reese.kim1739@bigcorp.test,Reese,Kim,Dallas,TX,75206,US,32.893188,-97.146522,standard,1283.08
60,1755,reese.lewis1755@bigcorp.test,Reese,Lewis,Dallas,TX,75206,US,32.658724,-96.881282,standard,1763.24
61,1777,jordan.walker1777@bigcorp.test,Jordan,Walker,Dallas,TX,75206,US,32.84237,-96.628735,standard,2709.36
62,1806,cameron.king1806@bigcorp.test,Cameron,King,Dallas,TX,75206,US,32.678507,-96.648084,standard,2407.64
63,1824,blake.wilson1824@bigcorp.test,Blake,Wilson,San Diego,CA,92105,US,32.662339,-117.476163,standard,4624.2
64,1825,casey.kim1825@bigcorp.test,Casey,Kim,Dallas,TX,75206,US,32.56429,-96.975967,standard,4749.76
65,1898,taylor.chen1898@bigcorp.test,Taylor,Chen,Columbus,OH,43203,US,39.984482,-83.169336,standard,3409.84
66,1903,hayden.allen1903@bigcorp.test,Hayden,Allen,Dallas,TX,75206,US,33.088423,-96.726536,preferred,1343.04
67,1917,sam.garcia1917@bigcorp.test,Sam,Garcia,Dallas,TX,75206,US,32.841044,-97.146836,standard,3843.16
68,2083,cameron.smith2083@bigcorp.test,Cameron,Smith,Dallas,TX,75206,US,32.775708,-97.117346,preferred,5330.48
69,2122,morgan.lopez2122@bigcorp.test,Morgan,Lopez,Dallas,TX,75206,US,32.470039,-96.786687,standard,1048.08
70,2130,david.lopez2130@bigcorp.test,David,Lopez,Columbus,OH,43203,US,39.654245,-82.712516,standard,3292.92
71,2192,dana.kim2192@bigcorp.test,Dana,Kim,San Diego,CA,92105,US,32.638208,-117.26866,standard,3845.4
72,2195,blake.chen2195@bigcorp.test,Blake,Chen,Dallas,TX,75206,US,32.986852,-97.186858,standard,3825.24
73,2273,taylor.walker2273@bigcorp.test,Taylor,Walker,Dallas,TX,75206,US,32.879675,-96.935319,preferred,7468.44
74,2310,jamie.martin2310@bigcorp.test,Jamie,Martin,Philadelphia,PA,19102,US,40.149396,-74.872026,standard,3870.2
75,2350,avery.smith2350@bigcorp.test,Avery,Smith,Dallas,TX,75206,US,32.748371,-96.813397,vip,3606.0
76,2356,anne.patel2356@bigcorp.test,Anne,Patel,Dallas,TX,75206,US,32.991902,-96.939438,standard,3900.48
77,2386,parker.brown2386@bigcorp.test,Parker,Brown,Dallas,TX,75206,US,32.431816,-97.13387,standard,1771.0
78,2444,cameron.patel2444@bigcorp.test,Cameron,Patel,Dallas,TX,75206,US,32.761865,-97.131772,standard,4252.08
79,2630,david.young2630@bigcorp.test,David,Young,Columbus,OH,43203,US,39.800915,-82.866517,standard,3275.84
80,2636,anne.allen2636@bigcorp.test,Anne,Allen,Dallas,TX,75206,US,32.95016,-96.842617,standard,2160.28
81,2676,parker.patel2676@bigcorp.test,Parker,Patel,Dallas,TX,75206,US,32.693858,-96.775114,standard,4978.8
82,2712,jordan.allen2712@bigcorp.test,Jordan,Allen,Dallas,TX,75206,US,32.406352,-96.562018,standard,4877.28
83,2763,dana.clark2763@bigcorp.test,Dana,Clark,Dallas,TX,75206,US,32.562627,-96.840454,standard,2909.64
84,2847,taylor.singh2847@bigcorp.test,Taylor,Singh,Dallas,TX,75206,US,32.548174,-96.843578,standard,2831.88
85,2861,jordan.smith2861@bigcorp.test,Jordan,Smith,Dallas,TX,75206,US,32.412145,-96.882467,standard,3251.96
86,2911,casey.jones2911@bigcorp.test,Casey,Jones,San Diego,CA,92105,US,32.677753,-117.041122,standard,2562.52
87,2921,taylor.lewis2921@bigcorp.test,Taylor,Lewis,Dallas,TX,75206,US,32.466359,-96.546406,standard,1897.64
88,2953,riley.hall2953@bigcorp.test,Riley,Hall,San Diego,CA,92105,US,32.916951,-117.194809,standard,4308.52
89,3071,sam.lewis3071@bigcorp.test,Sam,Lewis,Dallas,TX,75206,US,32.690565,-96.641543,standard,5326.04
90,3090,avery.walker3090@bigcorp.test,Avery,Walker,San Diego,CA,92105,US,32.768784,-116.940504,preferred,565.32
91,3133,casey.garcia3133@bigcorp.test,Casey,Garcia,Dallas,TX,75206,US,32.915482,-97.134035,standard,5599.16
92,3249,reese.lopez3249@bigcorp.test,Reese,Lopez,Dallas,TX,75206,US,32.913451,-96.790673,preferred,4852.24
93,3296,taylor.garcia3296@bigcorp.test,Taylor,Garcia,San Diego,CA,92105,US,32.699859,-116.895202,standard,5376.16
94,3313,jamie.kim3313@bigcorp.test,Jamie,Kim,Dallas,TX,75206,US,33.041302,-96.943819,preferred,3440.36
95,3434,cameron.singh3434@bigcorp.test,Cameron,Singh,Columbus,OH,43203,US,40.274491,-83.005682,standard,2373.92
96,3448,adam.patel3448@bigcorp.test,Adam,Patel,Austin,TX,78702,US,30.244998,-97.512217,standard,760.4
97,3451,cameron.allen3451@bigcorp.test,Cameron,Allen,Austin,TX,78702,US,30.337939,-97.581429,standard,2616.04
98,3466,quinn.brown3466@bigcorp.test,Quinn,Brown,Indianapolis,IN,46202,US,39.993275,-85.884109,preferred,573.88
99,3482,adam.lee3482@bigcorp.test,Adam,Lee,San Diego,CA,92105,US,32.591397,-117.109441,standard,1410.8
100,3509,emerson.lewis3509@bigcorp.test,Emerson,Lewis,Columbus,OH,43203,US,40.116583,-83.071047,standard,2615.4
101,3536,avery.smith3536@bigcorp.test,Avery,Smith,San Diego,CA,92105,US,32.791103,-117.177565,standard,2393.88
102,3685,david.brown3685@bigcorp.test,David,Brown,Dallas,TX,75206,US,32.522757,-97.133305,standard,6039.28
103,3710,parker.singh3710@bigcorp.test,Parker,Singh,Dallas,TX,75206,US,32.653704,-96.609862,standard,1200.76
104,3716,cameron.kim3716@bigcorp.test,Cameron,Kim,San Diego,CA,92105,US,33.004931,-117.086807,standard,3689.12
105,3732,anne.nguyen3732@bigcorp.test,Anne,Nguyen,Dallas,TX,75206,US,32.844146,-97.204709,standard,3453.28
106,3858,taylor.chen3858@bigcorp.test,Taylor,Chen,Los Angeles,CA,90012,US,33.69669,-118.000748,standard,611.12
107,3916,quinn.clark3916@bigcorp.test,Quinn,Clark,San Diego,CA,92105,US,32.854369,-117.045487,vip,2914.6
108,3930,david.clark3930@bigcorp.test,David,Clark,Dallas,TX,75206,US,32.461512,-96.543112,standard,4688.16
109,3968,taylor.allen3968@bigcorp.test,Taylor,Allen,Dallas,TX,75206,US,32.590661,-97.188004,standard,5997.72
110,3981,parker.hall3981@bigcorp.test,Parker,Hall,San Diego,CA,92105,US,32.735084,-116.854222,standard,6000.36
111,4096,blake.kim4096@bigcorp.test,Blake,Kim,Indianapolis,IN,46202,US,40.141788,-85.690415,standard,6152.64
112,4099,blake.nguyen4099@bigcorp.test,Blake,Nguyen,San Diego,CA,92105,US,32.984467,-116.888271,standard,786.8
113,4138,hayden.wilson4138@bigcorp.test,Hayden,Wilson,Dallas,TX,75206,US,32.873811,-96.838943,standard,3942.16
114,4141,dana.lewis4141@bigcorp.test,Dana,Lewis,Dallas,TX,75206,US,32.447253,-96.803808,standard,3839.08
115,4157,anne.wilson4157@bigcorp.test,Anne,Wilson,San Diego,CA,92105,US,33.086338,-116.902046,standard,6358.68
116,4167,parker.smith4167@bigcorp.test,Parker,Smith,Dallas,TX,75206,US,32.948082,-97.00981,standard,3261.68
117,4298,anne.hall4298@bigcorp.test,Anne,Hall,Dallas,TX,75206,US,32.97074,-97.170071,standard,2183.76
118,4451,taylor.nguyen4451@bigcorp.test,Taylor,Nguyen,Dallas,TX,75206,US,33.03451,-96.957841,standard,3349.12
119,4484,hayden.allen4484@bigcorp.test,Hayden,Allen,Dallas,TX,75206,US,32.563685,-96.700896,preferred,4775.44
120,4559,adam.smith4559@bigcorp.test,Adam,Smith,Dallas,TX,75206,US,32.804585,-96.795249,standard,1519.92
121,4586,rowan.hall4586@bigcorp.test,Rowan,Hall,Dallas,TX,75206,US,32.62721,-97.078644,standard,6137.68
122,4607,cameron.martin4607@bigcorp.test,Cameron,Martin,San Francisco,CA,94103,US,37.516611,-122.161607,preferred,2456.44
123,4643,alex.clark4643@bigcorp.test,Alex,Clark,Dallas,TX,75206,US,32.408992,-96.94622,vip,5289.24
124,4650,dana.allen4650@bigcorp.test,Dana,Allen,Dallas,TX,75206,US,32.79584,-97.011291,standard,3899.36
125,4664,robin.patel4664@bigcorp.test,Robin,Patel,Indianapolis,IN,46202,US,39.530347,-85.928286,standard,5980.08
126,4697,hayden.kim4697@bigcorp.test,Hayden,Kim,San Diego,CA,92105,US,32.931592,-117.04759,standard,782.0
127,4721,quinn.lewis4721@bigcorp.test,Quinn,Lewis,Dallas,TX,75206,US,33.092226,-96.515106,standard,5233.6
128,4750,blake.smith4750@bigcorp.test,Blake,Smith,Dallas,TX,75206,US,32.52672,-96.939692,standard,4441.72
129,4758,quinn.patel4758@bigcorp.test,Quinn,Patel,Dallas,TX,75206,US,32.479179,-96.615481,standard,4501.2
130,4796,jamie.kim4796@bigcorp.test,Jamie,Kim,Austin,TX,78702,US,30.351076,-97.553769,standard,5238.96
131,4850,morgan.allen4850@bigcorp.test,Morgan,Allen,San Diego,CA,92105,US,32.467391,-117.196177,preferred,4037.84
132,4851,rowan.hall4851@bigcorp.test,Rowan,Hall,Columbus,OH,43203,US,39.958299,-82.997853,standard,3554.88
133,4865,cameron.hall4865@bigcorp.test,Cameron,Hall,Dallas,TX,75206,US,32.452148,-96.914597,standard,3218.24
134,4886,jordan.king4886@bigcorp.test,Jordan,King,Dallas,TX,75206,US,32.406253,-96.85799,standard,2018.68
135,4998,casey.walker4998@bigcorp.test,Casey,Walker,Dallas,TX,75206,US,32.409603,-96.865514,standard,3320.8
136,5174,jordan.walker5174@bigcorp.test,Jordan,Walker,Columbus,OH,43203,US,40.191239,-82.768125,standard,1668.96
137,5175,morgan.allen5175@bigcorp.test,Morgan,Allen,San Diego,CA,92105,US,32.460501,-117.362967,standard,2323.04
138,5270,dana.garcia5270@bigcorp.test,Dana,Garcia,Dallas,TX,75206,US,32.672409,-96.963869,standard,2772.6
139,5293,adam.kim5293@bigcorp.test,Adam,Kim,Dallas,TX,75206,US,32.770359,-96.654069,standard,4356.2
140,5390,emerson.young5390@bigcorp.test,Emerson,Young,Dallas,TX,75206,US,32.64651,-96.565513,standard,3542.28
141,5465,reese.garcia5465@bigcorp.test,Reese,Garcia,Dallas,TX,75206,US,33.058078,-97.069255,preferred,5042.64
142,5513,quinn.kim5513@bigcorp.test,Quinn,Kim,Dallas,TX,75206,US,32.539442,-96.535401,standard,5302.04
143,5644,david.singh5644@bigcorp.test,David,Singh,Austin,TX,78704,US,30.006728,-97.519952,preferred,4385.72
144,5696,riley.brown5696@bigcorp.test,Riley,Brown,San Diego,CA,92105,US,32.943076,-117.03563,standard,7106.8
145,5754,robin.lopez5754@bigcorp.test,Robin,Lopez,San Diego,CA,92105,US,33.085101,-116.993552,standard,3787.32
146,5788,parker.smith5788@bigcorp.test,Parker,Smith,Dallas,TX,75206,US,32.973265,-96.936865,standard,809.44
147,5813,david.lopez5813@bigcorp.test,David,Lopez,Dallas,TX,75206,US,32.723123,-96.915843,standard,3020.08
148,5824,casey.smith5824@bigcorp.test,Casey,Smith,Dallas,TX,75206,US,32.789651,-96.881328,preferred,2554.96
149,5832,quinn.hall5832@bigcorp.test,Quinn,Hall,Dallas,TX,75206,US,32.706804,-97.141481,standard,2849.52
150,5850,reese.walker5850@bigcorp.test,Reese,Walker,San Diego,CA,92105,US,32.620657,-117.439414,preferred,3978.28
151,5851,casey.patel5851@bigcorp.test,Casey,Patel,Philadelphia,PA,19103,US,39.944182,-75.339476,standard,4608.8
152,6001,quinn.lewis6001@bigcorp.test,Quinn,Lewis,San Diego,CA,92105,US,32.664642,-116.95231,standard,5964.92
153,6044,parker.patel6044@bigcorp.test,Parker,Patel,Dallas,TX,75206,US,32.642539,-97.062784,standard,2925.48
154,6080,anne.lewis6080@bigcorp.test,Anne,Lewis,Dallas,TX,75206,US,32.869314,-96.962576,preferred,3427.52
155,6090,robin.garcia6090@bigcorp.test,Robin,Garcia,Dallas,TX,75206,US,32.953882,-97.105737,preferred,6670.24
156,6098,dana.chen6098@bigcorp.test,Dana,Chen,Dallas,TX,75206,US,32.945185,-96.797279,standard,614.44
157,6103,parker.martin6103@bigcorp.test,Parker,Martin,Dallas,TX,75206,US,32.739784,-97.186488,standard,2517.64
158,6141,hayden.lee6141@bigcorp.test,Hayden,Lee,San Diego,CA,92105,US,33.000443,-117.085069,preferred,1575.36
159,6147,casey.allen6147@bigcorp.test,Casey,Allen,Dallas,TX,75206,US,32.486264,-96.597935,preferred,4025.76
160,6153,adam.brown6153@bigcorp.test,Adam,Brown,Dallas,TX,75206,US,32.657391,-96.64083,standard,3506.72
161,6244,rowan.allen6244@bigcorp.test,Rowan,Allen,Austin,TX,78702,US,30.290621,-97.886864,standard,1831.24
162,6420,hayden.smith6420@bigcorp.test,Hayden,Smith,Columbus,OH,43203,US,40.155491,-82.636853,standard,3183.68
163,6492,parker.chen6492@bigcorp.test,Parker,Chen,Dallas,TX,75206,US,32.504893,-96.829959,vip,2647.48
164,6580,anne.king6580@bigcorp.test,Anne,King,Dallas,TX,75206,US,32.499393,-96.68437,standard,2797.12
165,6618,cameron.patel6618@bigcorp.test,Cameron,Patel,Dallas,TX,75206,US,32.617261,-96.938687,standard,5828.16
166,6619,david.clark6619@bigcorp.test,David,Clark,San Diego,CA,92105,US,32.56693,-117.467404,standard,2329.96
167,6650,jordan.chen6650@bigcorp.test,Jordan,Chen,Dallas,TX,75206,US,32.428993,-96.679377,standard,1767.44
168,6724,taylor.singh6724@bigcorp.test,Taylor,Singh,Dallas,TX,75206,US,32.650796,-97.155027,vip,3209.92
169,6742,hayden.nguyen6742@bigcorp.test,Hayden,Nguyen,San Diego,CA,92105,US,32.625333,-117.133499,standard,3337.2
170,6764,rowan.kim6764@bigcorp.test,Rowan,Kim,San Diego,CA,92105,US,32.885998,-117.447157,standard,3907.48
171,6823,parker.lee6823@bigcorp.test,Parker,Lee,Dallas,TX,75206,US,32.830755,-96.857731,standard,3409.48
172,6824,jordan.brown6824@bigcorp.test,Jordan,Brown,Dallas,TX,75206,US,32.617281,-96.809579,standard,3613.52
173,6833,blake.nguyen6833@bigcorp.test,Blake,Nguyen,Dallas,TX,75206,US,32.797664,-96.865368,vip,3806.48
174,6851,hayden.clark6851@bigcorp.test,Hayden,Clark,Dallas,TX,75206,US,32.801211,-96.545842,standard,2431.84
175,6925,anne.walker6925@bigcorp.test,Anne,Walker,San Jose,CA,95110,US,37.619228,-121.974325,standard,1368.44
176,7055,blake.martin7055@bigcorp.test,Blake,Martin,Dallas,TX,75206,US,32.901357,-96.67898,standard,4252.04
177,7108,sam.kim7108@bigcorp.test,Sam,Kim,Philadelphia,PA,19104,US,40.073701,-75.451466,standard,558.52
178,7148,jordan.martin7148@bigcorp.test,Jordan,Martin,Dallas,TX,75206,US,32.783809,-96.604434,vip,4430.08
179,7176,emerson.smith7176@bigcorp.test,Emerson,Smith,San Diego,CA,92105,US,32.749079,-117.0623,preferred,8536.72
180,7236,sam.hall7236@bigcorp.test,Sam,Hall,San Diego,CA,92105,US,32.842824,-116.906792,standard,1162.4
181,7251,alex.lee7251@bigcorp.test,Alex,Lee,Dallas,TX,75206,US,33.027977,-96.752358,standard,2868.24
182,7275,sam.clark7275@bigcorp.test,Sam,Clark,Dallas,TX,75206,US,32.774476,-96.997369,standard,2101.4
183,7388,quinn.kim7388@bigcorp.test,Quinn,Kim,Dallas,TX,75206,US,32.86505,-96.849186,standard,2520.28
184,7429,sam.singh7429@bigcorp.test,Sam,Singh,Dallas,TX,75206,US,32.58898,-96.819824,preferred,4251.76
185,7472,avery.hall7472@bigcorp.test,Avery,Hall,Phoenix,AZ,85018,US,33.274395,-112.15564,standard,2680.8
186,7509,riley.singh7509@bigcorp.test,Riley,Singh,San Francisco,CA,94109,US,38.132219,-122.49455,standard,1664.48
187,7551,anne.hall7551@bigcorp.test,Anne,Hall,Dallas,TX,75206,US,32.504501,-97.203391,standard,3030.56
188,7608,morgan.brown7608@bigcorp.test,Morgan,Brown,Dallas,TX,75206,US,32.708543,-96.917419,standard,2846.0
189,7636,alex.clark7636@bigcorp.test,Alex,Clark,Dallas,TX,75206,US,32.996634,-96.550691,standard,2743.44
190,7765,kendall.kim7765@bigcorp.test,Kendall,Kim,Dallas,TX,75206,US,32.619218,-97.100877,standard,3275.24
191,7775,adam.lopez7775@bigcorp.test,Adam,Lopez,Indianapolis,IN,46202,US,39.812778,-85.841883,vip,6786.76
192,7797,avery.lewis7797@bigcorp.test,Avery,Lewis,Columbus,OH,43203,US,39.978715,-82.661367,standard,5423.24
193,7799,cameron.king7799@bigcorp.test,Cameron,King,San Diego,CA,92105,US,32.627827,-117.266636,standard,4636.0
194,7867,robin.walker7867@bigcorp.test,Robin,Walker,San Diego,CA,92105,US,32.779142,-117.501401,vip,5168.0
195,7898,reese.young7898@bigcorp.test,Reese,Young,Columbus,OH,43203,US,39.846294,-82.507027,standard,3279.84
196,7918,robin.martin7918@bigcorp.test,Robin,Martin,Dallas,TX,75206,US,32.928674,-96.873181,standard,3815.92
197,7930,jordan.walker7930@bigcorp.test,Jordan,Walker,Dallas,TX,75206,US,33.034509,-96.526922,standard,2842.36
198,7950,cameron.brown7950@bigcorp.test,Cameron,Brown,Dallas,TX,75206,US,32.853236,-96.691232,standard,1503.56
199,7977,emerson.wilson7977@bigcorp.test,Emerson,Wilson,San Diego,CA,92105,US,32.41724,-117.057041,standard,1673.28
200,7989,avery.martin7989@bigcorp.test,Avery,Martin,Dallas,TX,75206,US,32.658335,-96.974985,standard,1365.44
201,8105,david.lewis8105@bigcorp.test,David,Lewis,San Diego,CA,92105,US,32.625854,-117.419795,standard,400.0
202,8162,kendall.kim8162@bigcorp.test,Kendall,Kim,Dallas,TX,75206,US,32.972354,-97.202743,standard,5653.32
203,8173,taylor.lopez8173@bigcorp.test,Taylor,Lopez,Austin,TX,78704,US,30.324826,-97.660094,preferred,2350.84
204,8189,sam.king8189@bigcorp.test,Sam,King,Dallas,TX,75206,US,33.01768,-96.651301,standard,1401.84
205,8207,sam.kim8207@bigcorp.test,Sam,Kim,San Diego,CA,92105,US,32.833892,-116.979377,standard,3017.08
206,8237,blake.lee8237@bigcorp.test,Blake,Lee,San Diego,CA,92105,US,32.39889,-117.224223,standard,2112.4
207,8250,hayden.smith8250@bigcorp.test,Hayden,Smith,Dallas,TX,75206,US,32.749296,-97.103426,standard,1489.72
208,8282,david.king8282@bigcorp.test,David,King,San Diego,CA,92105,US,33.028947,-117.452665,standard,4002.36
209,8356,alex.clark8356@bigcorp.test,Alex,Clark,Dallas,TX,75206,US,32.827206,-97.120101,vip,2102.44
210,8375,dana.kim8375@bigcorp.test,Dana,Kim,Austin,TX,78702,US,30.40488,-97.930493,standard,1812.76
211,8447,blake.garcia8447@bigcorp.test,Blake,Garcia,San Diego,CA,92105,US,32.4366,-117.245025,standard,2610.36
212,8463,parker.nguyen8463@bigcorp.test,Parker,Nguyen,Indianapolis,IN,46202,US,40.046251,-85.816333,standard,1884.32
213,8473,emerson.kim8473@bigcorp.test,Emerson,Kim,Phoenix,AZ,85018,US,33.643505,-112.285615,standard,3314.16
214,8512,reese.chen8512@bigcorp.test,Reese,Chen,Dallas,TX,75206,US,33.046166,-96.726675,standard,4515.44
215,8531,morgan.clark8531@bigcorp.test,Morgan,Clark,Dallas,TX,75206,US,32.662998,-96.943739,standard,1063.64
216,8602,robin.young8602@bigcorp.test,Robin,Young,San Diego,CA,92101,US,32.656353,-116.830651,standard,2477.4
217,8612,david.kim8612@bigcorp.test,David,Kim,Dallas,TX,75206,US,32.986834,-96.728293,standard,400.0
218,8649,adam.lopez8649@bigcorp.test,Adam,Lopez,Dallas,TX,75206,US,32.396717,-97.195797,standard,4080.44
219,8674,jamie.nguyen8674@bigcorp.test,Jamie,Nguyen,Dallas,TX,75206,US,33.061182,-96.638818,standard,2715.92
220,8712,robin.lopez8712@bigcorp.test,Robin,Lopez,Dallas,TX,75206,US,33.057315,-96.599311,standard,4887.72
221,8747,morgan.wilson8747@bigcorp.test,Morgan,Wilson,Dallas,TX,75206,US,32.959242,-96.970335,standard,1093.68
222,8750,cameron.smith8750@bigcorp.test,Cameron,Smith,San Diego,CA,92105,US,32.653948,-117.245865,standard,4713.28
223,8996,sam.kim8996@bigcorp.test,Sam,Kim,San Diego,CA,92105,US,33.039528,-117.470982,standard,3240.36
224,9033,riley.young9033@bigcorp.test,Riley,Young,Houston,TX,77002,US,30.158466,-95.219142,standard,3906.44
225,9041,anne.brown9041@bigcorp.test,Anne,Brown,Dallas,TX,75206,US,32.969184,-96.602274,standard,1126.4
226,9068,rowan.smith9068@bigcorp.test,Rowan,Smith,Dallas,TX,75206,US,32.793142,-96.773464,preferred,4414.12
227,9094,alex.wilson9094@bigcorp.test,Alex,Wilson,San Diego,CA,92105,US,32.693568,-116.861055,standard,2593.16
228,9204,sam.brown9204@bigcorp.test,Sam,Brown,San Diego,CA,92105,US,32.48632,-117.026192,preferred,3833.52
229,9216,jordan.brown9216@bigcorp.test,Jordan,Brown,Dallas,TX,75206,US,33.007367,-96.52558,standard,1682.6
230,9291,rowan.singh9291@bigcorp.test,Rowan,Singh,Austin,TX,78702,US,29.996813,-97.712524,vip,532.4
231,9346,cameron.kim9346@bigcorp.test,Cameron,Kim,Dallas,TX,75206,US,32.517091,-96.952251,preferred,3850.04
232,9385,anne.kim9385@bigcorp.test,Anne,Kim,Dallas,TX,75206,US,32.481627,-97.003732,standard,5418.72
233,9410,taylor.patel9410@bigcorp.test,Taylor,Patel,Austin,TX,78702,US,30.147742,-98.015559,standard,4913.44
234,9450,dana.wilson9450@bigcorp.test,Dana,Wilson,Dallas,TX,75206,US,32.833656,-96.717963,standard,1475.64
235,9513,hayden.allen9513@bigcorp.test,Hayden,Allen,Austin,TX,78702,US,30.471645,-97.688473,standard,5936.12
236,9542,jordan.wilson9542@bigcorp.test,Jordan,Wilson,Dallas,TX,75206,US,32.559576,-96.886217,standard,4610.72
237,9899,dana.wilson9899@bigcorp.test,Dana,Wilson,Dallas,TX,75206,US,32.99279,-97.019819,standard,2404.28
238,9902,emerson.lee9902@bigcorp.test,Emerson,Lee,Dallas,TX,75206,US,32.531574,-97.040396,standard,2434.8
239,9906,morgan.patel9906@bigcorp.test,Morgan,Patel,San Diego,CA,92105,US,32.517676,-116.902165,standard,3610.04
240,9933,adam.young9933@bigcorp.test,Adam,Young,Dallas,TX,75206,US,32.655744,-96.937208,standard,2990.16
241,9973,hayden.singh9973@bigcorp.test,Hayden,Singh,Dallas,TX,75206,US,32.426591,-96.780917,standard,3421.28
242,9999,rowan.lopez9999@bigcorp.test,Rowan,Lopez,San Diego,CA,92105,US,32.976247,-117.489251,standard,1945.96
243,10009,casey.martin10009@bigcorp.test,Casey,Martin,Dallas,TX,75206,US,33.039752,-96.787061,standard,2497.96
244,10055,jordan.walker10055@bigcorp.test,Jordan,Walker,Dallas,TX,75206,US,32.53332,-96.912083,standard,4241.04
245,10208,reese.walker10208@bigcorp.test,Reese,Walker,Dallas,TX,75206,US,32.699316,-96.804826,standard,1716.84
246,10308,emerson.smith10308@bigcorp.test,Emerson,Smith,Dallas,TX,75206,US,33.042253,-96.960959,standard,4103.96
247,10355,quinn.nguyen10355@bigcorp.test,Quinn,Nguyen,Columbus,OH,43203,US,40.112981,-82.935644,preferred,2423.04
248,10456,emerson.allen10456@bigcorp.test,Emerson,Allen,Dallas,TX,75206,US,32.516437,-96.591717,standard,1015.16
249,10526,david.king10526@bigcorp.test,David,King,Austin,TX,78702,US,29.965695,-98.103535,preferred,5616.84
250,10542,jamie.garcia10542@bigcorp.test,Jamie,Garcia,San Diego,CA,92105,US,32.85221,-116.865228,standard,2534.32
251,10557,hayden.martin10557@bigcorp.test,Hayden,Martin,San Jose,CA,95110,US,37.676492,-122.018407,standard,3354.96
252,10574,robin.hall10574@bigcorp.test,Robin,Hall,Austin,TX,78702,US,30.045114,-98.080669,standard,3663.56
253,10662,blake.brown10662@bigcorp.test,Blake,Brown,Dallas,TX,75206,US,32.423034,-97.016086,standard,3345.16
254,10718,robin.brown10718@bigcorp.test,Robin,Brown,San Diego,CA,92105,US,32.993912,-117.373556,standard,3282.28
255,10722,robin.walker10722@bigcorp.test,Robin,Walker,Dallas,TX,75206,US,32.948063,-96.703351,standard,2021.6
256,10723,dana.lopez10723@bigcorp.test,Dana,Lopez,Dallas,TX,75206,US,32.795525,-97.08475,preferred,4807.24
257,10818,david.lopez10818@bigcorp.test,David,Lopez,Dallas,TX,75206,US,32.51364,-96.614724,standard,5560.76
258,10829,avery.young10829@bigcorp.test,Avery,Young,Dallas,TX,75206,US,32.612498,-97.174264,preferred,1622.76
259,10871,jordan.lee10871@bigcorp.test,Jordan,Lee,Dallas,TX,75206,US,32.557401,-97.170798,standard,555.4
260,10887,emerson.allen10887@bigcorp.test,Emerson,Allen,Dallas,TX,75206,US,32.605226,-97.027695,standard,2749.48
261,10913,david.wilson10913@bigcorp.test,David,Wilson,Dallas,TX,75206,US,33.048317,-97.156433,preferred,1346.68
262,10973,alex.kim10973@bigcorp.test,Alex,Kim,Dallas,TX,75206,US,32.856998,-96.908275,preferred,4669.72
263,10983,david.lopez10983@bigcorp.test,David,Lopez,Dallas,TX,75206,US,32.656133,-96.741918,standard,4808.32
264,11142,adam.wilson11142@bigcorp.test,Adam,Wilson,Dallas,TX,75206,US,32.935098,-96.734692,standard,3273.56
265,11185,emerson.smith11185@bigcorp.test,Emerson,Smith,Columbus,OH,43203,US,39.816738,-82.585372,preferred,2677.64
266,11233,casey.chen11233@bigcorp.test,Casey,Chen,Dallas,TX,75206,US,32.69269,-97.035473,standard,4277.88
267,11262,adam.lewis11262@bigcorp.test,Adam,Lewis,Columbus,OH,43203,US,39.956052,-82.843039,standard,5234.28
268,11358,emerson.wilson11358@bigcorp.test,Emerson,Wilson,Dallas,TX,75206,US,32.42326,-96.713538,preferred,1537.04
269,11407,casey.king11407@bigcorp.test,Casey,King,Dallas,TX,75206,US,32.774328,-96.842316,standard,1486.84
270,11420,taylor.martin11420@bigcorp.test,Taylor,Martin,Dallas,TX,75206,US,32.656567,-96.794159,standard,1676.76
271,11470,reese.king11470@bigcorp.test,Reese,King,Dallas,TX,75206,US,32.975949,-96.518255,vip,928.2
272,11542,robin.lopez11542@bigcorp.test,Robin,Lopez,Dallas,TX,75206,US,32.785258,-97.052356,standard,2251.52
273,11556,riley.clark11556@bigcorp.test,Riley,Clark,Dallas,TX,75206,US,32.788192,-96.769222,standard,2276.84
274,11599,taylor.wilson11599@bigcorp.test,Taylor,Wilson,Dallas,TX,75206,US,32.909129,-96.545742,standard,2669.2
275,11608,quinn.king11608@bigcorp.test,Quinn,King,San Diego,CA,92105,US,32.484666,-117.385263,standard,3323.52
276,11622,dana.lee11622@bigcorp.test,Dana,Lee,San Diego,CA,92105,US,33.090292,-117.507407,preferred,4057.64
277,11646,taylor.chen11646@bigcorp.test,Taylor,Chen,San Diego,CA,92105,US,32.76526,-117.239347,preferred,4274.76
278,11675,morgan.smith11675@bigcorp.test,Morgan,Smith,Austin,TX,78702,US,30.389096,-97.823032,standard,2041.88
279,11707,taylor.lee11707@bigcorp.test,Taylor,Lee,Dallas,TX,75206,US,32.524842,-96.860792,standard,1840.4
280,11785,jamie.chen11785@bigcorp.test,Jamie,Chen,Dallas,TX,75206,US,32.764086,-96.874895,standard,2855.6
281,11887,alex.patel11887@bigcorp.test,Alex,Patel,Dallas,TX,75206,US,32.491709,-96.787241,standard,818.32
282,11959,riley.brown11959@bigcorp.test,Riley,Brown,Dallas,TX,75206,US,32.994947,-96.553077,standard,2899.68
283,11970,robin.lopez11970@bigcorp.test,Robin,Lopez,Dallas,TX,75206,US,32.614302,-97.116519,standard,1838.76
284,11993,taylor.chen11993@bigcorp.test,Taylor,Chen,Dallas,TX,75206,US,32.925871,-96.754716,preferred,2265.12
285,12023,jamie.walker12023@bigcorp.test,Jamie,Walker,Dallas,TX,75206,US,32.871669,-97.055814,standard,2262.36
286,12036,dana.wilson12036@bigcorp.test,Dana,Wilson,Dallas,TX,75206,US,32.638804,-97.0914,standard,2221.8
287,12065,alex.young12065@bigcorp.test,Alex,Young,Dallas,TX,75206,US,32.928733,-96.916972,standard,5101.48
288,12264,anne.lewis12264@bigcorp.test,Anne,Lewis,Dallas,TX,75206,US,32.523074,-96.96012,preferred,5065.16
289,12364,jamie.lee12364@bigcorp.test,Jamie,Lee,Dallas,TX,75206,US,33.045587,-96.904844,standard,1401.2
290,12413,david.hall12413@bigcorp.test,David,Hall,Dallas,TX,75206,US,32.52863,-96.665149,standard,1671.96
291,12415,parker.nguyen12415@bigcorp.test,Parker,Nguyen,Dallas,TX,75206,US,32.492753,-96.569018,standard,1516.36
292,12554,hayden.smith12554@bigcorp.test,Hayden,Smith,Dallas,TX,75206,US,32.620743,-96.720768,standard,3265.32
293,12649,sam.lopez12649@bigcorp.test,Sam,Lopez,Dallas,TX,75206,US,32.765988,-96.78439,standard,2306.68
294,12691,kendall.kim12691@bigcorp.test,Kendall,Kim,San Jose,CA,95110,US,37.060567,-122.024067,standard,2261.52
295,12736,blake.jones12736@bigcorp.test,Blake,Jones,Dallas,TX,75206,US,32.557985,-96.966709,preferred,2244.76
296,12774,kendall.kim12774@bigcorp.test,Kendall,Kim,San Diego,CA,92105,US,32.519017,-117.116673,vip,1920.24
297,12788,david.jones12788@bigcorp.test,David,Jones,Dallas,TX,75206,US,32.919239,-96.623369,standard,2397.08
298,12882,alex.chen12882@bigcorp.test,Alex,Chen,Dallas,TX,75206,US,33.091108,-96.751553,preferred,4139.6
299,13042,taylor.lopez13042@bigcorp.test,Taylor,Lopez,Dallas,TX,75206,US,32.6511,-96.8664,standard,1661.88
300,13195,alex.garcia13195@bigcorp.test,Alex,Garcia,Dallas,TX,75206,US,33.082967,-96.833151,standard,3990.4
301,13196,anne.singh13196@bigcorp.test,Anne,Singh,Dallas,TX,75206,US,32.82319,-96.692263,preferred,3430.24
302,13231,adam.lewis13231@bigcorp.test,Adam,Lewis,Austin,TX,78702,US,30.375438,-97.81385,standard,2572.08
303,13246,emerson.patel13246@bigcorp.test,Emerson,Patel,Columbus,OH,43203,US,40.211824,-82.833647,preferred,4544.88
304,13356,sam.hall13356@bigcorp.test,Sam,Hall,Dallas,TX,75206,US,32.756444,-96.807684,standard,3579.68
305,13371,cameron.kim13371@bigcorp.test,Cameron,Kim,Dallas,TX,75206,US,32.671782,-96.901508,preferred,2109.28
306,13372,hayden.lee13372@bigcorp.test,Hayden,Lee,San Jose,CA,95110,US,37.174272,-121.99215,standard,4220.76
307,13393,anne.nguyen13393@bigcorp.test,Anne,Nguyen,Dallas,TX,75206,US,32.953536,-96.668473,standard,2071.0
308,13404,david.smith13404@bigcorp.test,David,Smith,Dallas,TX,75206,US,32.528199,-96.539641,standard,3729.96
309,13440,sam.clark13440@bigcorp.test,Sam,Clark,Dallas,TX,75206,US,32.664406,-97.008997,preferred,3022.4
310,13469,alex.lopez13469@bigcorp.test,Alex,Lopez,Dallas,TX,75206,US,32.437921,-96.517808,standard,7588.8
311,13518,avery.garcia13518@bigcorp.test,Avery,Garcia,Dallas,TX,75206,US,32.798246,-97.136478,vip,3149.12
312,13560,rowan.jones13560@bigcorp.test,Rowan,Jones,San Diego,CA,92105,US,32.615126,-117.050638,standard,2404.8
313,13592,robin.martin13592@bigcorp.test,Robin,Martin,Dallas,TX,75206,US,32.713215,-96.956292,vip,621.6
314,13614,hayden.wilson13614@bigcorp.test,Hayden,Wilson,Dallas,TX,75206,US,32.585792,-96.715776,standard,3157.0
315,13634,morgan.allen13634@bigcorp.test,Morgan,Allen,Dallas,TX,75206,US,32.615988,-96.597405,standard,3021.76
316,13649,sam.martin13649@bigcorp.test,Sam,Martin,Dallas,TX,75206,US,32.973663,-96.926337,vip,3414.2
317,13655,jordan.patel13655@bigcorp.test,Jordan,Patel,San Diego,CA,92105,US,32.459356,-117.469864,standard,1367.84
318,13690,sam.chen13690@bigcorp.test,Sam,Chen,Austin,TX,78702,US,30.53737,-97.62529,preferred,2158.72
319,13694,emerson.hall13694@bigcorp.test,Emerson,Hall,Dallas,TX,75206,US,32.728991,-96.595317,standard,3420.04
320,13752,sam.martin13752@bigcorp.test,Sam,Martin,Dallas,TX,75206,US,32.79691,-96.711877,standard,3491.96
321,13761,parker.smith13761@bigcorp.test,Parker,Smith,Dallas,TX,75206,US,32.625247,-96.800814,standard,830.32
322,13824,david.nguyen13824@bigcorp.test,David,Nguyen,Dallas,TX,75206,US,33.003879,-96.925777,vip,4842.88
323,13892,robin.smith13892@bigcorp.test,Robin,Smith,Dallas,TX,75206,US,32.815852,-97.046602,vip,5039.96
324,13968,reese.clark13968@bigcorp.test,Reese,Clark,San Diego,CA,92105,US,32.806754,-116.933187,standard,3397.24
325,13981,jamie.lewis13981@bigcorp.test,Jamie,Lewis,San Diego,CA,92105,US,32.690367,-116.84896,standard,2601.16
326,13999,hayden.king13999@bigcorp.test,Hayden,King,Dallas,TX,75206,US,32.461618,-96.746149,preferred,5366.76
327,14193,anne.wilson14193@bigcorp.test,Anne,Wilson,Dallas,TX,75206,US,32.939302,-96.893557,standard,5318.2
328,14317,jamie.clark14317@bigcorp.test,Jamie,Clark,Columbus,OH,43203,US,39.734992,-82.499631,preferred,2136.0
329,14347,jordan.hall14347@bigcorp.test,Jordan,Hall,Dallas,TX,75206,US,32.800429,-96.882516,standard,4027.8
330,14397,anne.martin14397@bigcorp.test,Anne,Martin,Dallas,TX,75206,US,32.560815,-96.696288,standard,4713.24
331,14421,casey.smith14421@bigcorp.test,Casey,Smith,San Diego,CA,92105,US,32.818661,-117.466651,standard,2930.84
332,14445,taylor.king14445@bigcorp.test,Taylor,King,San Jose,CA,95110,US,37.31264,-122.018499,standard,3783.2
333,14498,emerson.singh14498@bigcorp.test,Emerson,Singh,Dallas,TX,75206,US,32.745448,-96.984612,standard,3165.8
334,14533,robin.wilson14533@bigcorp.test,Robin,Wilson,Dallas,TX,75206,US,33.018358,-96.685523,standard,2640.32
335,14545,morgan.chen14545@bigcorp.test,Morgan,Chen,Dallas,TX,75206,US,32.494198,-97.101469,standard,481.28
336,14568,quinn.chen14568@bigcorp.test,Quinn,Chen,Dallas,TX,75206,US,33.029225,-96.707674,standard,5009.8
337,14579,cameron.wilson14579@bigcorp.test,Cameron,Wilson,Dallas,TX,75206,US,32.453047,-96.863577,standard,6187.68
338,14592,jordan.hall14592@bigcorp.test,Jordan,Hall,San Diego,CA,92105,US,32.739907,-117.039333,standard,8988.92
339,14644,avery.patel14644@bigcorp.test,Avery,Patel,Dallas,TX,75206,US,33.083241,-97.050444,standard,1959.28
340,14683,jordan.brown14683@bigcorp.test,Jordan,Brown,San Diego,CA,92105,US,32.940909,-116.910328,standard,1606.0
341,14832,taylor.martin14832@bigcorp.test,Taylor,Martin,Indianapolis,IN,46202,US,40.128651,-86.134049,standard,4784.76
342,14844,blake.jones14844@bigcorp.test,Blake,Jones,San Diego,CA,92105,US,33.022834,-117.431225,standard,4575.76
343,14850,reese.young14850@bigcorp.test,Reese,Young,Austin,TX,78704,US,30.458585,-97.435894,vip,3689.4
344,14853,quinn.smith14853@bigcorp.test,Quinn,Smith,San Diego,CA,92105,US,32.556672,-117.400735,standard,3831.4
345,14866,jordan.singh14866@bigcorp.test,Jordan,Singh,Dallas,TX,75206,US,32.89634,-97.185793,preferred,2433.36
346,14875,alex.kim14875@bigcorp.test,Alex,Kim,Dallas,TX,75206,US,32.58718,-96.516238,standard,4020.48
347,14926,avery.brown14926@bigcorp.test,Avery,Brown,San Diego,CA,92105,US,32.918256,-117.452459,standard,2735.6
348,14943,david.kim14943@bigcorp.test,David,Kim,Los Angeles,CA,90012,US,33.882591,-118.058645,standard,2280.8
349,14969,anne.wilson14969@bigcorp.test,Anne,Wilson,Dallas,TX,75206,US,32.997578,-97.140765,standard,2940.2
350,14984,parker.chen14984@bigcorp.test,Parker,Chen,Dallas,TX,75206,US,32.743504,-96.739856,preferred,3679.48
351,15045,reese.wilson15045@bigcorp.test,Reese,Wilson,Columbus,OH,43203,US,39.89515,-83.008354,preferred,3520.2
352,15059,rowan.young15059@bigcorp.test,Rowan,Young,Dallas,TX,75206,US,32.477259,-96.527588,standard,7569.56
353,15080,reese.garcia15080@bigcorp.test,Reese,Garcia,Phoenix,AZ,85018,US,33.860316,-112.384269,standard,4950.44
354,15110,jamie.wilson15110@bigcorp.test,Jamie,Wilson,Dallas,TX,75206,US,32.628127,-96.643736,standard,4692.64
355,15181,jordan.lewis15181@bigcorp.test,Jordan,Lewis,San Diego,CA,92105,US,32.946242,-117.165778,standard,3924.6
356,15267,taylor.lewis15267@bigcorp.test,Taylor,Lewis,Dallas,TX,75206,US,32.63117,-96.625591,standard,3159.2
357,15328,adam.smith15328@bigcorp.test,Adam,Smith,Indianapolis,IN,46202,US,40.032782,-86.072757,standard,1505.36
358,15349,kendall.jones15349@bigcorp.test,Kendall,Jones,Dallas,TX,75206,US,32.519893,-96.726953,standard,4691.04
359,15367,blake.martin15367@bigcorp.test,Blake,Martin,San Diego,CA,92105,US,32.864706,-117.398352,standard,4401.72
360,15446,dana.nguyen15446@bigcorp.test,Dana,Nguyen,Dallas,TX,75206,US,32.865372,-96.526916,standard,2683.32
361,15477,parker.lopez15477@bigcorp.test,Parker,Lopez,Dallas,TX,75206,US,32.465346,-96.728398,standard,6611.88
362,15550,hayden.wilson15550@bigcorp.test,Hayden,Wilson,Dallas,TX,75206,US,33.041857,-97.156897,preferred,2754.8
363,15553,blake.clark15553@bigcorp.test,Blake,Clark,Dallas,TX,75206,US,32.836363,-96.532703,standard,930.0
364,15609,rowan.young15609@bigcorp.test,Rowan,Young,Dallas,TX,75206,US,32.720833,-97.080555,standard,3087.12
365,15620,blake.clark15620@bigcorp.test,Blake,Clark,Dallas,TX,75206,US,32.99717,-96.987019,standard,4362.08
366,15681,rowan.martin15681@bigcorp.test,Rowan,Martin,Dallas,TX,75206,US,32.925922,-96.623834,preferred,3232.36
367,15685,hayden.lopez15685@bigcorp.test,Hayden,Lopez,Austin,TX,78702,US,30.449514,-97.565688,standard,3052.4
368,15719,taylor.patel15719@bigcorp.test,Taylor,Patel,Dallas,TX,75206,US,32.639476,-97.165708,preferred,3605.88
369,15783,adam.hall15783@bigcorp.test,Adam,Hall,Dallas,TX,75206,US,32.688518,-97.199254,vip,3636.24
370,15830,dana.hall15830@bigcorp.test,Dana,Hall,Columbus,OH,43203,US,39.966106,-82.695179,standard,3747.2
371,15930,riley.young15930@bigcorp.test,Riley,Young,Dallas,TX,75206,US,32.960357,-96.842818,standard,1831.76
372,15964,alex.hall15964@bigcorp.test,Alex,Hall,San Diego,CA,92105,US,32.674975,-117.528776,preferred,1977.08
373,15979,avery.allen15979@bigcorp.test,Avery,Allen,Austin,TX,78702,US,30.415445,-98.031324,standard,2929.72
374,16167,alex.singh16167@bigcorp.test,Alex,Singh,San Diego,CA,92105,US,32.441005,-117.474026,standard,2906.76
375,16197,reese.lee16197@bigcorp.test,Reese,Lee,Dallas,TX,75206,US,32.48216,-96.540366,standard,2216.08
376,16210,cameron.brown16210@bigcorp.test,Cameron,Brown,Dallas,TX,75206,US,32.763586,-97.096257,standard,2280.64
377,16252,emerson.lopez16252@bigcorp.test,Emerson,Lopez,Dallas,TX,75206,US,33.031482,-96.555171,standard,3751.84
378,16381,riley.chen16381@bigcorp.test,Riley,Chen,Phoenix,AZ,85012,US,33.1556,-112.093359,standard,1201.48
379,16500,kendall.smith16500@bigcorp.test,Kendall,Smith,Dallas,TX,75206,US,32.61391,-96.946473,standard,3099.28
380,16509,robin.jones16509@bigcorp.test,Robin,Jones,Dallas,TX,75206,US,33.06795,-97.179499,preferred,1611.48
381,16518,cameron.lee16518@bigcorp.test,Cameron,Lee,San Diego,CA,92105,US,32.557422,-116.975961,standard,3504.2
382,16628,dana.singh16628@bigcorp.test,Dana,Singh,Austin,TX,78702,US,30.108189,-97.796201,standard,2769.76
383,16634,casey.king16634@bigcorp.test,Casey,King,San Diego,CA,92105,US,32.536597,-117.080183,standard,6009.72
384,16635,parker.lee16635@bigcorp.test,Parker,Lee,Austin,TX,78702,US,30.570259,-97.705122,standard,4939.64
385,16641,adam.young16641@bigcorp.test,Adam,Young,Dallas,TX,75206,US,32.550662,-97.068174,preferred,3359.0
386,16653,parker.nguyen16653@bigcorp.test,Parker,Nguyen,Dallas,TX,75206,US,32.523607,-96.617982,standard,1847.52
387,16681,sam.allen16681@bigcorp.test,Sam,Allen,Dallas,TX,75206,US,32.818252,-97.153146,vip,400.0
388,16732,jamie.patel16732@bigcorp.test,Jamie,Patel,Columbus,OH,43203,US,39.768746,-83.072814,standard,1911.48
389,16735,hayden.young16735@bigcorp.test,Hayden,Young,San Diego,CA,92105,US,32.482507,-117.276993,standard,1601.52
390,16788,jamie.young16788@bigcorp.test,Jamie,Young,Dallas,TX,75206,US,32.96786,-96.580239,preferred,2767.4
391,16862,morgan.kim16862@bigcorp.test,Morgan,Kim,Dallas,TX,75206,US,33.008815,-97.150608,standard,2544.8
392,16867,sam.lewis16867@bigcorp.test,Sam,Lewis,Columbus,OH,43203,US,40.117629,-82.619566,standard,4656.36
393,16872,dana.king16872@bigcorp.test,Dana,King,Dallas,TX,75206,US,32.678488,-97.106924,standard,3667.0
394,16991,rowan.jones16991@bigcorp.test,Rowan,Jones,Dallas,TX,75206,US,32.803275,-97.068036,standard,2614.72
395,17087,anne.clark17087@bigcorp.test,Anne,Clark,San Diego,CA,92105,US,32.418169,-117.157134,preferred,6401.88
396,17089,robin.lee17089@bigcorp.test,Robin,Lee,Dallas,TX,75206,US,32.414625,-96.796371,vip,3072.56
397,17116,blake.chen17116@bigcorp.test,Blake,Chen,Dallas,TX,75206,US,32.470705,-97.104243,standard,498.0
398,17120,reese.smith17120@bigcorp.test,Reese,Smith,Dallas,TX,75206,US,32.710036,-97.1035,standard,3461.44
399,17189,kendall.wilson17189@bigcorp.test,Kendall,Wilson,Dallas,TX,75206,US,32.90551,-96.546372,standard,4111.36
400,17195,anne.lee17195@bigcorp.test,Anne,Lee,Dallas,TX,75206,US,32.521312,-97.166806,standard,1069.36
401,17252,reese.smith17252@bigcorp.test,Reese,Smith,Fort Worth,TX,76102,US,32.511394,-96.992631,standard,1063.68
402,17255,jordan.lewis17255@bigcorp.test,Jordan,Lewis,Dallas,TX,75206,US,32.759429,-97.204035,standard,3858.8
403,17297,hayden.nguyen17297@bigcorp.test,Hayden,Nguyen,Dallas,TX,75206,US,32.964284,-96.750838,standard,1846.92
404,17339,kendall.wilson17339@bigcorp.test,Kendall,Wilson,Austin,TX,78702,US,30.060426,-97.450068,standard,1967.76
405,17362,taylor.martin17362@bigcorp.test,Taylor,Martin,Los Angeles,CA,90012,US,33.737788,-118.580601,standard,3423.84
406,17412,robin.patel17412@bigcorp.test,Robin,Patel,Dallas,TX,75206,US,32.5372,-96.833831,preferred,4420.64
407,17435,casey.singh17435@bigcorp.test,Casey,Singh,Columbus,OH,43203,US,39.639145,-83.317585,standard,6201.76
408,17524,taylor.lopez17524@bigcorp.test,Taylor,Lopez,Dallas,TX,75206,US,33.009275,-97.074293,standard,5592.84
409,17648,rowan.smith17648@bigcorp.test,Rowan,Smith,San Diego,CA,92105,US,32.806135,-117.058523,standard,2606.56
410,17660,taylor.patel17660@bigcorp.test,Taylor,Patel,San Diego,CA,92105,US,32.470776,-117.120697,preferred,3687.36
411,17688,anne.king17688@bigcorp.test,Anne,King,Columbus,OH,43203,US,40.192245,-82.730017,standard,663.56
412,17768,parker.lewis17768@bigcorp.test,Parker,Lewis,San Diego,CA,92105,US,33.052628,-117.079531,standard,4880.36
413,17885,kendall.wilson17885@bigcorp.test,Kendall,Wilson,Dallas,TX,75206,US,32.761362,-97.105915,standard,4616.12
414,18046,jamie.brown18046@bigcorp.test,Jamie,Brown,Dallas,TX,75206,US,32.732808,-96.525349,standard,3422.04
415,18135,robin.patel18135@bigcorp.test,Robin,Patel,Austin,TX,78702,US,30.44972,-97.953224,standard,1449.4
416,18226,alex.allen18226@bigcorp.test,Alex,Allen,Austin,TX,78702,US,30.554768,-97.970324,standard,2945.72
417,18231,alex.wilson18231@bigcorp.test,Alex,Wilson,Dallas,TX,75206,US,32.582987,-96.596236,standard,869.2
418,18271,david.lopez18271@bigcorp.test,David,Lopez,Columbus,OH,43203,US,39.991132,-83.153685,preferred,3195.68
419,18342,jordan.singh18342@bigcorp.test,Jordan,Singh,Austin,TX,78702,US,29.980576,-97.71949,preferred,5154.16
420,18427,avery.garcia18427@bigcorp.test,Avery,Garcia,Dallas,TX,75206,US,32.477023,-97.047668,standard,2113.24
421,18463,casey.lopez18463@bigcorp.test,Casey,Lopez,Dallas,TX,75206,US,32.455008,-96.991403,standard,5647.08
422,18479,david.martin18479@bigcorp.test,David,Martin,Austin,TX,78702,US,29.911063,-97.981446,standard,2590.2
423,18507,morgan.smith18507@bigcorp.test,Morgan,Smith,Dallas,TX,75206,US,33.019696,-96.595661,standard,1875.2
424,18513,riley.lee18513@bigcorp.test,Riley,Lee,Dallas,TX,75206,US,33.038214,-96.900925,standard,2943.44
425,18514,anne.martin18514@bigcorp.test,Anne,Martin,Indianapolis,IN,46202,US,39.840903,-85.944105,standard,792.32
426,18590,jordan.martin18590@bigcorp.test,Jordan,Martin,Seattle,WA,98101,US,47.804321,-122.45751,standard,2058.76
427,18593,robin.lee18593@bigcorp.test,Robin,Lee,Dallas,TX,75206,US,32.975628,-97.063161,standard,1162.04
428,18640,david.jones18640@bigcorp.test,David,Jones,Dallas,TX,75206,US,32.676639,-96.980228,standard,511.8
429,18671,david.hall18671@bigcorp.test,David,Hall,Columbus,OH,43203,US,40.253999,-82.502046,vip,2438.84
430,18685,avery.allen18685@bigcorp.test,Avery,Allen,Dallas,TX,75206,US,32.616161,-96.637009,standard,1907.68
431,18692,jordan.allen18692@bigcorp.test,Jordan,Allen,Dallas,TX,75206,US,32.539931,-97.031509,standard,3314.0
432,18712,emerson.kim18712@bigcorp.test,Emerson,Kim,Dallas,TX,75206,US,32.491052,-96.716737,preferred,3157.36
433,18737,hayden.allen18737@bigcorp.test,Hayden,Allen,San Diego,CA,92105,US,32.452092,-117.507064,preferred,1518.68
434,18776,riley.clark18776@bigcorp.test,Riley,Clark,Dallas,TX,75206,US,32.661872,-97.116223,standard,2976.92
435,18783,sam.kim18783@bigcorp.test,Sam,Kim,Dallas,TX,75206,US,32.928661,-96.5859,standard,1824.08
436,18808,blake.lopez18808@bigcorp.test,Blake,Lopez,Austin,TX,78702,US,29.984281,-97.707491,standard,1160.12
437,18815,taylor.garcia18815@bigcorp.test,Taylor,Garcia,Phoenix,AZ,85018,US,33.491876,-111.755234,standard,4005.44
438,18823,adam.chen18823@bigcorp.test,Adam,Chen,Dallas,TX,75206,US,32.930461,-96.550534,standard,6487.32
439,18861,sam.lee18861@bigcorp.test,Sam,Lee,Dallas,TX,75206,US,32.618536,-96.832582,standard,4691.36
440,18891,taylor.chen18891@bigcorp.test,Taylor,Chen,Austin,TX,78702,US,30.202972,-98.099839,standard,1924.6
441,19015,alex.smith19015@bigcorp.test,Alex,Smith,Dallas,TX,75206,US,32.894688,-96.690625,standard,3426.96
442,19055,morgan.lewis19055@bigcorp.test,Morgan,Lewis,Columbus,OH,43203,US,40.007212,-83.057198,preferred,2873.52
443,19137,adam.young19137@bigcorp.test,Adam,Young,San Diego,CA,92105,US,32.906259,-117.425244,preferred,2423.76
444,19152,reese.chen19152@bigcorp.test,Reese,Chen,Columbus,OH,43203,US,40.012264,-82.679378,vip,3964.84
445,19154,kendall.allen19154@bigcorp.test,Kendall,Allen,Dallas,TX,75206,US,32.810325,-96.950764,preferred,1226.6
446,19173,alex.wilson19173@bigcorp.test,Alex,Wilson,Dallas,TX,75206,US,32.500409,-96.607521,standard,4521.84
447,19321,quinn.lopez19321@bigcorp.test,Quinn,Lopez,Dallas,TX,75206,US,32.709173,-97.037109,standard,5220.68
448,19326,rowan.young19326@bigcorp.test,Rowan,Young,Dallas,TX,75206,US,32.42159,-96.997672,vip,4732.08
449,19360,hayden.hall19360@bigcorp.test,Hayden,Hall,Dallas,TX,75206,US,32.690424,-96.629892,standard,1250.08
450,19367,robin.clark19367@bigcorp.test,Robin,Clark,San Diego,CA,92105,US,32.903568,-117.20926,standard,2988.68
451,19405,anne.clark19405@bigcorp.test,Anne,Clark,Dallas,TX,75206,US,32.778956,-96.740913,standard,1871.4
452,19493,hayden.patel19493@bigcorp.test,Hayden,Patel,Dallas,TX,75206,US,32.909721,-97.085239,standard,3406.08
453,19499,quinn.clark19499@bigcorp.test,Quinn,Clark,Dallas,TX,75206,US,32.409308,-97.177758,standard,1380.6
454,19691,rowan.hall19691@bigcorp.test,Rowan,Hall,Dallas,TX,75206,US,32.768158,-96.864185,preferred,2678.8
455,19704,rowan.hall19704@bigcorp.test,Rowan,Hall,Columbus,OH,43203,US,39.680608,-83.153869,standard,4077.6
456,19728,alex.hall19728@bigcorp.test,Alex,Hall,San Diego,CA,92105,US,33.085048,-117.282832,standard,6009.0
457,19798,reese.young19798@bigcorp.test,Reese,Young,Dallas,TX,75206,US,32.587672,-96.544299,standard,4114.2
458,19828,alex.jones19828@bigcorp.test,Alex,Jones,Dallas,TX,75206,US,32.814287,-96.737167,standard,3296.4
459,20041,jordan.martin20041@bigcorp.test,Jordan,Martin,Austin,TX,78702,US,30.396457,-97.43479,standard,3596.4
460,20062,sam.nguyen20062@bigcorp.test,Sam,Nguyen,Columbus,OH,43203,US,39.85753,-83.08766,standard,400.0
461,20085,alex.kim20085@bigcorp.test,Alex,Kim,Columbus,OH,43203,US,40.176111,-83.034606,preferred,3837.76
462,20101,morgan.lewis20101@bigcorp.test,Morgan,Lewis,Dallas,TX,75206,US,32.584854,-97.12906,standard,4670.0
463,20115,david.smith20115@bigcorp.test,David,Smith,Dallas,TX,75206,US,32.758874,-96.83669,vip,3505.0
464,20118,sam.young20118@bigcorp.test,Sam,Young,Dallas,TX,75206,US,32.542372,-96.703747,vip,5623.28
465,20123,reese.smith20123@bigcorp.test,Reese,Smith,Dallas,TX,75206,US,32.974969,-97.027354,standard,2378.16
466,20126,parker.patel20126@bigcorp.test,Parker,Patel,Dallas,TX,75206,US,33.077411,-96.600954,standard,3727.0
467,20145,parker.allen20145@bigcorp.test,Parker,Allen,Dallas,TX,75206,US,32.817743,-97.192277,vip,3607.64
468,20200,hayden.kim20200@bigcorp.test,Hayden,Kim,Dallas,TX,75206,US,32.828021,-97.150492,vip,4137.6
469,20217,hayden.smith20217@bigcorp.test,Hayden,Smith,San Diego,CA,92105,US,32.911409,-117.135466,standard,6659.12
470,20331,david.kim20331@bigcorp.test,David,Kim,San Diego,CA,92105,US,32.762465,-117.028144,standard,3943.16
471,20402,emerson.jones20402@bigcorp.test,Emerson,Jones,Austin,TX,78702,US,30.219318,-97.710782,preferred,5988.76
472,20481,quinn.walker20481@bigcorp.test,Quinn,Walker,Dallas,TX,75206,US,32.703649,-96.996166,standard,1145.44
473,20486,anne.king20486@bigcorp.test,Anne,King,Dallas,TX,75206,US,32.644816,-96.753431,standard,3799.64
474,20527,rowan.lewis20527@bigcorp.test,Rowan,Lewis,San Diego,CA,92105,US,32.749314,-117.387321,standard,2269.76
475,20545,david.smith20545@bigcorp.test,David,Smith,Dallas,TX,75206,US,32.978705,-96.523318,standard,3141.12
476,20553,parker.king20553@bigcorp.test,Parker,King,Dallas,TX,75206,US,32.484305,-97.065446,standard,4137.88
477,20562,dana.lopez20562@bigcorp.test,Dana,Lopez,Dallas,TX,75206,US,32.905698,-96.961868,standard,2709.16
478,20620,dana.kim20620@bigcorp.test,Dana,Kim,Dallas,TX,75206,US,32.834817,-96.768473,preferred,3236.28
479,20634,jordan.lopez20634@bigcorp.test,Jordan,Lopez,San Antonio,TX,78230,US,29.827308,-98.420172,standard,965.92
480,20645,riley.patel20645@bigcorp.test,Riley,Patel,Dallas,TX,75206,US,33.004552,-96.76657,standard,3275.88
481,20685,avery.brown20685@bigcorp.test,Avery,Brown,San Diego,CA,92105,US,32.934146,-117.245251,vip,2271.64
482,20693,riley.martin20693@bigcorp.test,Riley,Martin,Indianapolis,IN,46202,US,39.77284,-86.189983,standard,4040.76
483,20718,dana.brown20718@bigcorp.test,Dana,Brown,Dallas,TX,75206,US,32.82762,-96.569758,standard,3465.28
484,20721,morgan.nguyen20721@bigcorp.test,Morgan,Nguyen,San Diego,CA,92105,US,32.98855,-117.268387,standard,2458.0
485,20809,sam.garcia20809@bigcorp.test,Sam,Garcia,Dallas,TX,75206,US,32.807613,-96.923783,standard,3663.92
486,20827,emerson.nguyen20827@bigcorp.test,Emerson,Nguyen,Dallas,TX,75206,US,32.457708,-97.204221,standard,3802.12
487,20831,casey.smith20831@bigcorp.test,Casey,Smith,Columbus,OH,43203,US,39.950347,-82.616169,standard,3001.28
488,20848,dana.hall20848@bigcorp.test,Dana,Hall,San Diego,CA,92105,US,32.533071,-117.242113,preferred,2988.64
489,20920,morgan.clark20920@bigcorp.test,Morgan,Clark,San Diego,CA,92105,US,32.597579,-117.116484,preferred,1475.76
490,20924,parker.nguyen20924@bigcorp.test,Parker,Nguyen,Dallas,TX,75206,US,32.474379,-97.07672,standard,2197.88
491,20942,morgan.clark20942@bigcorp.test,Morgan,Clark,Dallas,TX,75206,US,32.810513,-97.054104,standard,740.76
492,20955,morgan.singh20955@bigcorp.test,Morgan,Singh,Austin,TX,78702,US,29.892298,-98.045311,standard,6140.0
493,20956,riley.smith20956@bigcorp.test,Riley,Smith,Dallas,TX,75206,US,32.65715,-96.926973,preferred,1289.24
494,21007,sam.brown21007@bigcorp.test,Sam,Brown,Dallas,TX,75206,US,32.429104,-96.638145,standard,1448.24
495,21028,blake.wilson21028@bigcorp.test,Blake,Wilson,Austin,TX,78702,US,30.141824,-97.722458,preferred,4460.24
496,21045,jordan.clark21045@bigcorp.test,Jordan,Clark,Dallas,TX,75206,US,32.608997,-97.040803,vip,1607.84
497,21055,adam.jones21055@bigcorp.test,Adam,Jones,Dallas,TX,75206,US,32.700305,-96.816956,standard,3371.36
498,21082,robin.lopez21082@bigcorp.test,Robin,Lopez,Dallas,TX,75206,US,33.004573,-96.916198,standard,2331.04
499,21100,kendall.nguyen21100@bigcorp.test,Kendall,Nguyen,San Diego,CA,92105,US,32.764623,-116.914965,standard,4056.48
500,21127,rowan.king21127@bigcorp.test,Rowan,King,Dallas,TX,75206,US,32.733961,-96.919038,standard,3710.32
501,21129,dana.lee21129@bigcorp.test,Dana,Lee,Dallas,TX,75206,US,32.465332,-96.620093,standard,4145.2
502,21207,reese.allen21207@bigcorp.test,Reese,Allen,Dallas,TX,75206,US,33.046018,-96.864905,standard,2076.08
503,21214,anne.smith21214@bigcorp.test,Anne,Smith,Dallas,TX,75206,US,32.699403,-96.614308,standard,5194.44
504,21270,dana.walker21270@bigcorp.test,Dana,Walker,Dallas,TX,75206,US,32.990542,-97.024435,preferred,3025.68
505,21334,emerson.king21334@bigcorp.test,Emerson,King,San Diego,CA,92105,US,32.979732,-117.046943,preferred,4998.4
506,21339,adam.smith21339@bigcorp.test,Adam,Smith,Dallas,TX,75206,US,32.864545,-97.176556,standard,4085.28
507,21350,parker.martin21350@bigcorp.test,Parker,Martin,Dallas,TX,75206,US,32.813388,-96.854094,preferred,1547.52
508,21353,anne.hall21353@bigcorp.test,Anne,Hall,San Diego,CA,92105,US,32.84971,-117.054191,preferred,8373.24
509,21390,anne.young21390@bigcorp.test,Anne,Young,Dallas,TX,75206,US,32.760577,-96.862916,standard,5009.52
510,21430,jamie.nguyen21430@bigcorp.test,Jamie,Nguyen,Columbus,OH,43203,US,39.735185,-83.153389,standard,3186.8
511,21446,robin.garcia21446@bigcorp.test,Robin,Garcia,Dallas,TX,75206,US,32.578275,-96.747612,standard,3537.4
512,21449,adam.smith21449@bigcorp.test,Adam,Smith,Dallas,TX,75206,US,32.732514,-96.876564,standard,3307.6
513,21621,morgan.nguyen21621@bigcorp.test,Morgan,Nguyen,Dallas,TX,75206,US,32.724171,-96.909444,standard,3844.56
514,21643,rowan.lewis21643@bigcorp.test,Rowan,Lewis,Dallas,TX,75206,US,32.48872,-96.642151,standard,4206.6
515,21651,cameron.brown21651@bigcorp.test,Cameron,Brown,Dallas,TX,75206,US,32.755725,-96.615984,preferred,2220.48
516,21682,sam.chen21682@bigcorp.test,Sam,Chen,San Diego,CA,92105,US,33.06964,-117.245117,standard,3062.72
517,21708,kendall.allen21708@bigcorp.test,Kendall,Allen,Indianapolis,IN,46202,US,39.681484,-86.264846,standard,5276.64
518,21710,blake.jones21710@bigcorp.test,Blake,Jones,San Diego,CA,92105,US,32.617395,-117.332603,preferred,1782.0
519,21938,casey.patel21938@bigcorp.test,Casey,Patel,Dallas,TX,75206,US,33.059339,-96.840048,standard,2501.2
520,21972,adam.brown21972@bigcorp.test,Adam,Brown,Indianapolis,IN,46202,US,39.951399,-85.716379,standard,4512.24
521,22035,alex.martin22035@bigcorp.test,Alex,Martin,Dallas,TX,75206,US,32.966773,-97.078142,standard,1542.16
522,22119,taylor.nguyen22119@bigcorp.test,Taylor,Nguyen,Dallas,TX,75206,US,33.083354,-96.900797,standard,2846.12
523,22182,sam.nguyen22182@bigcorp.test,Sam,Nguyen,Dallas,TX,75206,US,32.885858,-96.847307,standard,1705.08
524,22244,rowan.young22244@bigcorp.test,Rowan,Young,Dallas,TX,75206,US,33.044251,-96.922943,standard,4244.04
525,22261,parker.patel22261@bigcorp.test,Parker,Patel,San Diego,CA,92105,US,32.66658,-117.354913,standard,2327.28
526,22299,adam.singh22299@bigcorp.test,Adam,Singh,Dallas,TX,75206,US,32.955097,-96.91505,standard,3769.2
527,22306,jamie.jones22306@bigcorp.test,Jamie,Jones,San Diego,CA,92105,US,32.885912,-116.871746,standard,3712.92
528,22334,cameron.jones22334@bigcorp.test,Cameron,Jones,Dallas,TX,75206,US,33.070255,-96.701105,standard,8176.84
529,22501,david.lewis22501@bigcorp.test,David,Lewis,San Diego,CA,92105,US,32.575108,-117.284268,standard,2476.36
530,22533,riley.lee22533@bigcorp.test,Riley,Lee,Dallas,TX,75206,US,32.89433,-96.679061,preferred,4067.32
531,22539,cameron.brown22539@bigcorp.test,Cameron,Brown,Columbus,OH,43203,US,39.897475,-83.141272,preferred,2171.32
532,22541,adam.clark22541@bigcorp.test,Adam,Clark,Austin,TX,78702,US,30.045019,-97.854853,preferred,1866.6
533,22554,emerson.walker22554@bigcorp.test,Emerson,Walker,Dallas,TX,75206,US,32.995894,-97.005023,preferred,2847.76
534,22566,kendall.singh22566@bigcorp.test,Kendall,Singh,San Antonio,TX,78230,US,29.523963,-98.496831,standard,2558.4
535,22568,jordan.king22568@bigcorp.test,Jordan,King,Dallas,TX,75206,US,32.958755,-96.894184,standard,2603.92
536,22582,jordan.kim22582@bigcorp.test,Jordan,Kim,Dallas,TX,75206,US,32.533602,-96.920224,standard,4799.56
537,22602,avery.smith22602@bigcorp.test,Avery,Smith,San Diego,CA,92105,US,32.821186,-116.945611,standard,1519.84
538,22631,jamie.wilson22631@bigcorp.test,Jamie,Wilson,Dallas,TX,75206,US,32.711553,-96.702409,standard,5425.36
539,22670,rowan.nguyen22670@bigcorp.test,Rowan,Nguyen,Dallas,TX,75206,US,32.734414,-97.070973,standard,5613.92
540,22720,parker.lewis22720@bigcorp.test,Parker,Lewis,Dallas,TX,75206,US,33.075649,-96.76233,standard,990.96
541,22765,hayden.patel22765@bigcorp.test,Hayden,Patel,Dallas,TX,75206,US,32.725484,-97.006372,standard,3811.12
542,22772,morgan.nguyen22772@bigcorp.test,Morgan,Nguyen,Dallas,TX,75206,US,32.739117,-97.153527,standard,685.88
543,22793,sam.clark22793@bigcorp.test,Sam,Clark,San Diego,CA,92105,US,33.028637,-117.290987,standard,1594.24
544,22978,taylor.nguyen22978@bigcorp.test,Taylor,Nguyen,Columbus,OH,43203,US,40.260776,-82.759223,standard,4167.24
545,22999,casey.brown22999@bigcorp.test,Casey,Brown,Dallas,TX,75206,US,32.440962,-96.743149,standard,2054.72
546,23014,riley.wilson23014@bigcorp.test,Riley,Wilson,Dallas,TX,75206,US,32.657838,-97.030152,standard,2729.56
547,23019,jamie.allen23019@bigcorp.test,Jamie,Allen,Dallas,TX,75206,US,33.068637,-96.955264,standard,4021.4
548,23063,hayden.young23063@bigcorp.test,Hayden,Young,Dallas,TX,75206,US,32.968501,-96.754676,standard,3342.28
549,23131,jamie.lopez23131@bigcorp.test,Jamie,Lopez,Columbus,OH,43203,US,39.946097,-82.852487,standard,400.0
550,23146,jordan.brown23146@bigcorp.test,Jordan,Brown,Dallas,TX,75206,US,32.604097,-96.749001,vip,4753.32
551,23242,emerson.clark23242@bigcorp.test,Emerson,Clark,Dallas,TX,75206,US,32.582525,-96.999825,standard,4910.2
552,23304,quinn.young23304@bigcorp.test,Quinn,Young,Dallas,TX,75206,US,32.424284,-96.681042,standard,400.0
553,23369,blake.walker23369@bigcorp.test,Blake,Walker,Dallas,TX,75206,US,32.548028,-96.741131,standard,2735.68
554,23449,dana.allen23449@bigcorp.test,Dana,Allen,Dallas,TX,75206,US,32.466192,-96.83871,standard,3264.76
555,23516,kendall.chen23516@bigcorp.test,Kendall,Chen,Dallas,TX,75206,US,32.929979,-96.540377,standard,4337.56
556,23524,blake.brown23524@bigcorp.test,Blake,Brown,Austin,TX,78702,US,30.253911,-97.766658,standard,7063.16
557,23628,rowan.jones23628@bigcorp.test,Rowan,Jones,Dallas,TX,75206,US,32.48526,-96.792582,vip,4205.4
558,23672,morgan.lopez23672@bigcorp.test,Morgan,Lopez,Dallas,TX,75206,US,32.746969,-96.827782,preferred,5446.6
559,23707,casey.brown23707@bigcorp.test,Casey,Brown,Indianapolis,IN,46202,US,39.984088,-86.006316,standard,2385.56
560,23759,parker.nguyen23759@bigcorp.test,Parker,Nguyen,San Diego,CA,92105,US,32.47768,-116.891159,preferred,1660.48
561,23812,sam.garcia23812@bigcorp.test,Sam,Garcia,Dallas,TX,75206,US,33.021534,-96.647501,standard,625.48
562,23822,quinn.lopez23822@bigcorp.test,Quinn,Lopez,San Diego,CA,92105,US,32.577554,-117.309565,standard,2477.84
563,23902,cameron.kim23902@bigcorp.test,Cameron,Kim,Columbus,OH,43203,US,39.950034,-82.83658,standard,1780.52
564,23907,morgan.martin23907@bigcorp.test,Morgan,Martin,San Diego,CA,92105,US,33.025627,-117.212068,standard,2935.84
565,23911,riley.hall23911@bigcorp.test,Riley,Hall,San Diego,CA,92105,US,32.640701,-117.284477,standard,6781.48
566,23918,riley.walker23918@bigcorp.test,Riley,Walker,Dallas,TX,75206,US,32.576517,-97.089617,standard,3303.68
567,23940,kendall.young23940@bigcorp.test,Kendall,Young,San Diego,CA,92105,US,32.404507,-117.13659,standard,4170.16
568,23943,casey.singh23943@bigcorp.test,Casey,Singh,Phoenix,AZ,85018,US,33.519544,-112.208748,standard,3798.48
569,24032,quinn.lee24032@bigcorp.test,Quinn,Lee,Dallas,TX,75206,US,33.02791,-96.593829,standard,3384.0
570,24036,dana.singh24036@bigcorp.test,Dana,Singh,Dallas,TX,75206,US,33.067035,-96.642822,standard,4513.64
571,24101,emerson.patel24101@bigcorp.test,Emerson,Patel,Dallas,TX,75206,US,32.994318,-97.053937,standard,4364.92
572,24110,adam.lee24110@bigcorp.test,Adam,Lee,Dallas,TX,75206,US,32.637901,-97.166549,standard,3905.88
573,24119,alex.lee24119@bigcorp.test,Alex,Lee,Dallas,TX,75206,US,32.839658,-97.198996,standard,5331.2
574,24137,kendall.hall24137@bigcorp.test,Kendall,Hall,Austin,TX,78702,US,30.295381,-97.68822,standard,2712.96
575,24160,blake.lee24160@bigcorp.test,Blake,Lee,Dallas,TX,75206,US,33.00191,-97.167417,standard,1871.28
576,24170,taylor.young24170@bigcorp.test,Taylor,Young,Austin,TX,78702,US,30.364638,-97.635445,preferred,8219.76
577,24228,jamie.garcia24228@bigcorp.test,Jamie,Garcia,Los Angeles,CA,90012,US,34.153689,-118.030515,standard,2092.96
578,24234,dana.lee24234@bigcorp.test,Dana,Lee,Columbus,OH,43203,US,39.920896,-83.111052,standard,1655.36
579,24402,alex.smith24402@bigcorp.test,Alex,Smith,Dallas,TX,75206,US,32.768744,-96.653493,standard,6263.84
580,24419,emerson.wilson24419@bigcorp.test,Emerson,Wilson,Dallas,TX,75206,US,32.916694,-96.646175,standard,2114.24
581,24435,hayden.smith24435@bigcorp.test,Hayden,Smith,Dallas,TX,75206,US,32.687021,-96.605001,standard,1974.84
582,24439,reese.walker24439@bigcorp.test,Reese,Walker,Dallas,TX,75206,US,32.897276,-96.581132,standard,5052.64
583,24464,kendall.smith24464@bigcorp.test,Kendall,Smith,Dallas,TX,75206,US,32.660796,-96.950903,standard,3917.24
584,24480,anne.lopez24480@bigcorp.test,Anne,Lopez,Austin,TX,78702,US,30.454902,-97.635263,standard,4422.36
585,24497,sam.brown24497@bigcorp.test,Sam,Brown,San Diego,CA,92105,US,32.658216,-117.250096,standard,1344.16
586,24503,parker.lopez24503@bigcorp.test,Parker,Lopez,Dallas,TX,75206,US,32.587435,-97.165562,standard,1800.0
587,24510,adam.wilson24510@bigcorp.test,Adam,Wilson,Dallas,TX,75206,US,32.804368,-96.698014,standard,3539.68
588,24567,kendall.chen24567@bigcorp.test,Kendall,Chen,Dallas,TX,75206,US,33.07393,-96.992381,standard,4374.24
589,24575,kendall.king24575@bigcorp.test,Kendall,King,Dallas,TX,75206,US,32.457926,-96.620901,standard,3239.68
590,24637,casey.kim24637@bigcorp.test,Casey,Kim,San Diego,CA,92105,US,32.436966,-117.410047,preferred,4428.08
591,24658,riley.lee24658@bigcorp.test,Riley,Lee,Dallas,TX,75206,US,32.735538,-96.597561,preferred,1953.76
592,24798,cameron.brown24798@bigcorp.test,Cameron,Brown,Dallas,TX,75206,US,32.468576,-96.984189,standard,1462.28
593,24813,riley.wilson24813@bigcorp.test,Riley,Wilson,Dallas,TX,75206,US,32.589622,-97.063052,standard,5067.2
594,24830,morgan.hall24830@bigcorp.test,Morgan,Hall,Dallas,TX,75206,US,32.447035,-96.82436,standard,1967.52
595,24851,alex.martin24851@bigcorp.test,Alex,Martin,San Diego,CA,92105,US,32.896026,-117.003634,standard,3625.04
596,24917,quinn.king24917@bigcorp.test,Quinn,King,Phoenix,AZ,85018,US,33.175528,-112.000367,standard,4396.44
597,24923,cameron.jones24923@bigcorp.test,Cameron,Jones,Austin,TX,78702,US,30.469911,-97.90195,preferred,1798.88
598,24962,parker.singh24962@bigcorp.test,Parker,Singh,Dallas,TX,75206,US,32.748121,-96.949849,standard,4582.84
599,24991,dana.walker24991@bigcorp.test,Dana,Walker,Dallas,TX,75206,US,32.600343,-96.695776,preferred,3924.88
600,24998,robin.king24998@bigcorp.test,Robin,King,Columbus,OH,43203,US,40.240223,-82.695927,standard,2154.8
601,25010,anne.lewis25010@bigcorp.test,Anne,Lewis,Los Angeles,CA,90012,US,34.095175,-118.038244,vip,3729.52
602,25074,adam.singh25074@bigcorp.test,Adam,Singh,Columbus,OH,43203,US,40.213578,-83.052654,standard,3317.0
603,25088,quinn.young25088@bigcorp.test,Quinn,Young,Dallas,TX,75206,US,32.466304,-97.179347,standard,3491.52
604,25096,casey.clark25096@bigcorp.test,Casey,Clark,Indianapolis,IN,46202,US,39.504583,-85.931195,standard,3924.96
605,25107,quinn.brown25107@bigcorp.test,Quinn,Brown,Dallas,TX,75206,US,33.045515,-97.034773,standard,1502.88
606,25186,robin.smith25186@bigcorp.test,Robin,Smith,Dallas,TX,75206,US,32.473421,-96.527572,vip,5091.72
607,25315,kendall.hall25315@bigcorp.test,Kendall,Hall,Dallas,TX,75206,US,33.050154,-97.130446,standard,2896.68
608,25369,avery.allen25369@bigcorp.test,Avery,Allen,Dallas,TX,75206,US,32.854417,-96.776366,vip,3649.16
609,25439,hayden.clark25439@bigcorp.test,Hayden,Clark,Dallas,TX,75206,US,32.65112,-96.82539,standard,2908.88
610,25484,jamie.allen25484@bigcorp.test,Jamie,Allen,Dallas,TX,75206,US,32.575175,-97.068765,standard,3248.32
611,25532,adam.patel25532@bigcorp.test,Adam,Patel,San Diego,CA,92105,US,32.777109,-116.884179,standard,4145.96
612,25614,quinn.wilson25614@bigcorp.test,Quinn,Wilson,San Diego,CA,92105,US,32.935367,-117.424662,standard,7929.08
613,25652,cameron.hall25652@bigcorp.test,Cameron,Hall,Dallas,TX,75206,US,32.750385,-96.779081,standard,2199.72
614,25675,robin.hall25675@bigcorp.test,Robin,Hall,Austin,TX,78702,US,29.987025,-97.697576,standard,4105.4
615,25695,parker.kim25695@bigcorp.test,Parker,Kim,San Jose,CA,95110,US,37.583311,-122.008352,preferred,5199.88
616,25703,casey.patel25703@bigcorp.test,Casey,Patel,Dallas,TX,75206,US,32.479457,-96.591903,standard,2812.68
617,25717,cameron.lewis25717@bigcorp.test,Cameron,Lewis,Columbus,OH,43203,US,39.92546,-82.748827,standard,1641.48
618,25718,robin.nguyen25718@bigcorp.test,Robin,Nguyen,Dallas,TX,75206,US,33.020613,-96.617161,standard,5838.4
619,25856,emerson.kim25856@bigcorp.test,Emerson,Kim,Dallas,TX,75206,US,32.751219,-96.577647,standard,2225.88
620,25870,emerson.jones25870@bigcorp.test,Emerson,Jones,Indianapolis,IN,46202,US,39.492334,-86.256142,standard,5650.16
621,25872,sam.hall25872@bigcorp.test,Sam,Hall,San Diego,CA,92105,US,32.502936,-117.076962,standard,4586.72
622,25942,robin.nguyen25942@bigcorp.test,Robin,Nguyen,Columbus,OH,43203,US,39.741301,-82.909606,standard,4337.36
623,26012,reese.kim26012@bigcorp.test,Reese,Kim,Dallas,TX,75206,US,32.554793,-97.119673,standard,2912.2
624,26025,jordan.chen26025@bigcorp.test,Jordan,Chen,San Diego,CA,92105,US,32.734931,-116.898099,standard,3132.48
625,26040,blake.chen26040@bigcorp.test,Blake,Chen,Dallas,TX,75206,US,32.691894,-96.582135,standard,2916.88
626,26070,casey.young26070@bigcorp.test,Casey,Young,Dallas,TX,75206,US,32.602784,-96.705096,standard,4672.68
627,26158,dana.king26158@bigcorp.test,Dana,King,Los Angeles,CA,90012,US,34.024141,-117.999808,preferred,2864.56
628,26188,cameron.patel26188@bigcorp.test,Cameron,Patel,Dallas,TX,75206,US,32.449172,-96.906589,standard,6795.84
629,26198,adam.nguyen26198@bigcorp.test,Adam,Nguyen,Dallas,TX,75206,US,32.75468,-96.791977,preferred,1489.6
630,26354,quinn.clark26354@bigcorp.test,Quinn,Clark,San Diego,CA,92105,US,33.004917,-116.992858,preferred,2676.56
631,26362,morgan.singh26362@bigcorp.test,Morgan,Singh,Dallas,TX,75206,US,32.919795,-96.979028,standard,4151.28
632,26466,cameron.martin26466@bigcorp.test,Cameron,Martin,Columbus,OH,43203,US,40.079838,-82.800699,standard,1633.76
633,26503,morgan.king26503@bigcorp.test,Morgan,King,Austin,TX,78702,US,29.943273,-97.644866,standard,3127.76
634,26523,jamie.kim26523@bigcorp.test,Jamie,Kim,Dallas,TX,75206,US,32.980449,-96.643884,standard,3857.12
635,26599,jamie.lee26599@bigcorp.test,Jamie,Lee,Dallas,TX,75206,US,33.09321,-96.674711,preferred,2466.16
636,26685,alex.martin26685@bigcorp.test,Alex,Martin,Dallas,TX,75206,US,32.44887,-96.902846,standard,2109.52
637,26723,riley.clark26723@bigcorp.test,Riley,Clark,Dallas,TX,75206,US,32.655576,-96.541821,standard,4484.24
638,26828,blake.lewis26828@bigcorp.test,Blake,Lewis,Phoenix,AZ,85018,US,33.836976,-112.1839,preferred,3513.6
639,26841,rowan.lee26841@bigcorp.test,Rowan,Lee,Dallas,TX,75206,US,32.440771,-96.659382,vip,2312.08
640,26954,emerson.young26954@bigcorp.test,Emerson,Young,San Diego,CA,92105,US,32.684168,-116.954214,standard,5326.24
641,26979,morgan.smith26979@bigcorp.test,Morgan,Smith,Dallas,TX,75206,US,32.939876,-96.632703,standard,1187.16
642,27020,taylor.brown27020@bigcorp.test,Taylor,Brown,San Diego,CA,92105,US,33.020916,-116.984891,standard,8120.6
643,27131,sam.nguyen27131@bigcorp.test,Sam,Nguyen,Dallas,TX,75206,US,32.73795,-97.011923,preferred,2987.24
644,27166,anne.walker27166@bigcorp.test,Anne,Walker,Philadelphia,PA,19104,US,39.702237,-75.473119,standard,6275.6
645,27179,adam.clark27179@bigcorp.test,Adam,Clark,Dallas,TX,75206,US,32.608868,-96.941208,standard,1526.2
646,27217,blake.allen27217@bigcorp.test,Blake,Allen,Dallas,TX,75206,US,33.040534,-97.049521,preferred,2243.6
647,27228,rowan.lee27228@bigcorp.test,Rowan,Lee,Dallas,TX,75206,US,32.868281,-96.90762,preferred,1685.0
648,27229,adam.young27229@bigcorp.test,Adam,Young,Dallas,TX,75206,US,32.816068,-97.013168,standard,400.0
649,27232,jordan.patel27232@bigcorp.test,Jordan,Patel,San Diego,CA,92105,US,33.094065,-117.452423,preferred,993.48
650,27235,sam.brown27235@bigcorp.test,Sam,Brown,Dallas,TX,75206,US,33.020442,-96.767271,standard,2775.12
651,27286,jordan.smith27286@bigcorp.test,Jordan,Smith,Austin,TX,78702,US,30.001666,-97.587035,preferred,8343.84
652,27387,taylor.jones27387@bigcorp.test,Taylor,Jones,San Diego,CA,92105,US,32.422933,-117.164222,vip,1154.16
653,27473,kendall.lopez27473@bigcorp.test,Kendall,Lopez,Dallas,TX,75206,US,32.6806,-97.151778,standard,4189.32
654,27536,emerson.chen27536@bigcorp.test,Emerson,Chen,Dallas,TX,75206,US,32.482642,-96.633199,standard,2328.16
655,27559,emerson.lopez27559@bigcorp.test,Emerson,Lopez,Dallas,TX,75206,US,32.925067,-96.562998,standard,3852.2
656,27569,alex.wilson27569@bigcorp.test,Alex,Wilson,Dallas,TX,75206,US,32.87689,-96.703853,standard,3220.0
657,27602,riley.jones27602@bigcorp.test,Riley,Jones,San Diego,CA,92105,US,33.01969,-117.123667,preferred,5514.2
658,27610,hayden.lewis27610@bigcorp.test,Hayden,Lewis,Columbus,OH,43203,US,40.205727,-82.74138,standard,5549.56
659,27718,kendall.martin27718@bigcorp.test,Kendall,Martin,Dallas,TX,75206,US,32.500148,-96.859581,standard,4643.96
660,27729,kendall.king27729@bigcorp.test,Kendall,King,Dallas,TX,75206,US,32.824504,-97.112676,standard,1968.52
661,27766,anne.clark27766@bigcorp.test,Anne,Clark,Dallas,TX,75206,US,32.574532,-96.660954,standard,1778.8
662,27818,avery.lee27818@bigcorp.test,Avery,Lee,San Diego,CA,92105,US,32.82626,-117.082675,standard,3719.4
663,27875,casey.chen27875@bigcorp.test,Casey,Chen,Dallas,TX,75206,US,33.087448,-96.698258,standard,2090.48
664,27922,emerson.singh27922@bigcorp.test,Emerson,Singh,Dallas,TX,75206,US,32.477307,-97.005448,standard,2274.76
665,27957,anne.singh27957@bigcorp.test,Anne,Singh,Dallas,TX,75206,US,32.771074,-97.186068,preferred,806.0
666,28049,dana.allen28049@bigcorp.test,Dana,Allen,Dallas,TX,75206,US,32.704682,-96.822691,standard,2360.48
667,28090,morgan.singh28090@bigcorp.test,Morgan,Singh,Dallas,TX,75206,US,32.991091,-96.798771,standard,3762.72
668,28129,rowan.clark28129@bigcorp.test,Rowan,Clark,Dallas,TX,75206,US,32.579413,-97.03938,standard,4664.16
669,28149,blake.nguyen28149@bigcorp.test,Blake,Nguyen,San Diego,CA,92105,US,32.685135,-117.069708,standard,4485.24
670,28176,reese.smith28176@bigcorp.test,Reese,Smith,San Diego,CA,92105,US,32.912146,-117.224305,standard,2670.72
671,28242,taylor.wilson28242@bigcorp.test,Taylor,Wilson,San Diego,CA,92105,US,32.725741,-117.017339,standard,2038.32
672,28297,alex.young28297@bigcorp.test,Alex,Young,San Diego,CA,92105,US,32.648019,-117.047179,standard,5132.44
673,28346,reese.martin28346@bigcorp.test,Reese,Martin,Dallas,TX,75206,US,32.448155,-96.668453,standard,5850.28
674,28402,anne.martin28402@bigcorp.test,Anne,Martin,Dallas,TX,75206,US,32.707733,-97.087715,standard,3385.2
675,28461,quinn.smith28461@bigcorp.test,Quinn,Smith,Dallas,TX,75206,US,32.662932,-96.667562,standard,3568.04
676,28531,rowan.clark28531@bigcorp.test,Rowan,Clark,San Diego,CA,92105,US,32.738192,-117.14128,standard,1594.44
677,28552,anne.nguyen28552@bigcorp.test,Anne,Nguyen,Dallas,TX,75206,US,32.66048,-96.651558,standard,2405.8
678,28565,cameron.smith28565@bigcorp.test,Cameron,Smith,Columbus,OH,43203,US,39.777915,-83.128641,standard,3471.76
679,28682,morgan.wilson28682@bigcorp.test,Morgan,Wilson,Dallas,TX,75206,US,32.580237,-96.816817,preferred,3322.8
680,28689,alex.garcia28689@bigcorp.test,Alex,Garcia,Austin,TX,78702,US,30.502661,-97.815736,standard,3517.08
681,28702,dana.young28702@bigcorp.test,Dana,Young,Austin,TX,78702,US,29.896226,-97.833278,standard,2913.56
682,28718,anne.hall28718@bigcorp.test,Anne,Hall,Dallas,TX,75206,US,32.756631,-97.065037,standard,1818.48
683,28723,jamie.smith28723@bigcorp.test,Jamie,Smith,Dallas,TX,75206,US,32.593076,-97.205468,standard,3769.4
684,28906,taylor.smith28906@bigcorp.test,Taylor,Smith,Columbus,OH,43203,US,39.966747,-83.123374,standard,5279.08
685,28913,jordan.lee28913@bigcorp.test,Jordan,Lee,Dallas,TX,75206,US,32.731535,-96.637263,standard,1778.48
686,28996,dana.smith28996@bigcorp.test,Dana,Smith,Dallas,TX,75206,US,32.465219,-96.733171,standard,1518.16
687,29030,taylor.nguyen29030@bigcorp.test,Taylor,Nguyen,Dallas,TX,75206,US,32.805574,-96.725351,standard,4720.48
688,29060,casey.young29060@bigcorp.test,Casey,Young,Dallas,TX,75206,US,32.567546,-96.629885,preferred,2751.92
689,29062,kendall.singh29062@bigcorp.test,Kendall,Singh,Columbus,OH,43203,US,39.753596,-82.705344,standard,3894.84
690,29067,david.wilson29067@bigcorp.test,David,Wilson,Austin,TX,78702,US,29.93413,-97.809047,vip,2163.0
691,29132,avery.young29132@bigcorp.test,Avery,Young,Phoenix,AZ,85018,US,33.621487,-112.038085,standard,8810.44
692,29182,avery.nguyen29182@bigcorp.test,Avery,Nguyen,Columbus,OH,43203,US,39.908299,-82.726332,standard,1007.96
693,29218,alex.wilson29218@bigcorp.test,Alex,Wilson,Dallas,TX,75206,US,33.079443,-97.08621,standard,2188.8
694,29321,alex.patel29321@bigcorp.test,Alex,Patel,San Diego,CA,92105,US,32.708956,-117.346505,preferred,5361.28
695,29327,jordan.allen29327@bigcorp.test,Jordan,Allen,San Diego,CA,92105,US,32.590289,-117.432844,standard,5751.16
696,29374,avery.clark29374@bigcorp.test,Avery,Clark,Columbus,OH,43203,US,40.04151,-82.987537,standard,926.72
697,29376,casey.brown29376@bigcorp.test,Casey,Brown,Indianapolis,IN,46202,US,40.075273,-86.253334,standard,1121.32
698,29512,taylor.king29512@bigcorp.test,Taylor,King,Columbus,OH,43203,US,39.65947,-82.492361,standard,3757.4
699,29648,anne.kim29648@bigcorp.test,Anne,Kim,Columbus,OH,43201,US,40.03692,-82.805675,standard,2484.04
700,29666,blake.smith29666@bigcorp.test,Blake,Smith,Dallas,TX,75206,US,33.033665,-97.140682,standard,838.72
701,29716,hayden.smith29716@bigcorp.test,Hayden,Smith,San Diego,CA,92105,US,32.564661,-117.185216,vip,5007.04
702,29740,jamie.jones29740@bigcorp.test,Jamie,Jones,San Diego,CA,92105,US,32.567872,-116.959195,standard,2358.28
703,29798,avery.jones29798@bigcorp.test,Avery,Jones,Dallas,TX,75206,US,32.813717,-97.195867,standard,1302.28
704,29808,avery.brown29808@bigcorp.test,Avery,Brown,Dallas,TX,75206,US,32.45928,-97.079432,standard,2939.36
705,29820,riley.walker29820@bigcorp.test,Riley,Walker,Dallas,TX,75206,US,32.405624,-96.83691,standard,1523.12
706,29886,riley.patel29886@bigcorp.test,Riley,Patel,Dallas,TX,75206,US,32.526482,-96.871628,vip,5602.08
707,29909,robin.patel29909@bigcorp.test,Robin,Patel,Dallas,TX,75206,US,32.417087,-96.611435,standard,2498.04
708,29967,robin.king29967@bigcorp.test,Robin,King,San Diego,CA,92105,US,32.521781,-117.428859,standard,2542.04
709,29996,sam.wilson29996@bigcorp.test,Sam,Wilson,Phoenix,AZ,85018,US,33.494161,-111.886913,standard,4564.16
710,29999,dana.hall29999@bigcorp.test,Dana,Hall,Dallas,TX,75206,US,32.926772,-96.722388,standard,980.92
711,30161,robin.kim30161@bigcorp.test,Robin,Kim,Dallas,TX,75206,US,32.650288,-97.110445,standard,4307.16
712,30166,casey.wilson30166@bigcorp.test,Casey,Wilson,Dallas,TX,75206,US,32.968832,-96.580986,preferred,1959.2
713,30206,emerson.wilson30206@bigcorp.test,Emerson,Wilson,San Diego,CA,92105,US,32.707088,-116.934005,standard,2511.44
714,30215,casey.young30215@bigcorp.test,Casey,Young,Dallas,TX,75206,US,33.073687,-97.163992,standard,4051.48
715,30277,emerson.kim30277@bigcorp.test,Emerson,Kim,Dallas,TX,75206,US,33.028147,-96.569077,standard,1561.04
716,30323,hayden.king30323@bigcorp.test,Hayden,King,San Diego,CA,92105,US,32.551579,-117.021388,standard,4003.12
717,30333,parker.lee30333@bigcorp.test,Parker,Lee,Dallas,TX,75206,US,32.894323,-96.727079,standard,4530.24
718,30362,riley.walker30362@bigcorp.test,Riley,Walker,San Francisco,CA,94103,US,37.725819,-122.578536,standard,4489.48
719,30431,jamie.smith30431@bigcorp.test,Jamie,Smith,Dallas,TX,75206,US,32.561317,-97.099169,standard,4702.4
720,30483,quinn.wilson30483@bigcorp.test,Quinn,Wilson,Dallas,TX,75206,US,32.844809,-96.974492,standard,5393.64
721,30487,dana.lee30487@bigcorp.test,Dana,Lee,Dallas,TX,75206,US,32.909881,-97.078162,preferred,2581.48
722,30534,robin.jones30534@bigcorp.test,Robin,Jones,Dallas,TX,75206,US,32.728685,-97.143692,standard,4096.4
723,30545,jamie.clark30545@bigcorp.test,Jamie,Clark,Dallas,TX,75206,US,32.529183,-96.85239,standard,4796.88
724,30728,avery.walker30728@bigcorp.test,Avery,Walker,Dallas,TX,75206,US,32.785936,-96.697948,standard,4912.76
725,30748,riley.smith30748@bigcorp.test,Riley,Smith,Dallas,TX,75206,US,32.734871,-97.119101,standard,3349.08
726,30801,morgan.king30801@bigcorp.test,Morgan,King,San Jose,CA,95110,US,37.513247,-122.217125,standard,5672.6
727,30824,david.jones30824@bigcorp.test,David,Jones,Dallas,TX,75206,US,33.037496,-96.547746,vip,5248.2
728,30831,alex.hall30831@bigcorp.test,Alex,Hall,Dallas,TX,75206,US,32.696903,-96.856528,standard,3512.48
729,30848,alex.kim30848@bigcorp.test,Alex,Kim,Dallas,TX,75206,US,32.691795,-96.966006,standard,4274.96
730,30965,kendall.chen30965@bigcorp.test,Kendall,Chen,Dallas,TX,75206,US,32.874915,-96.6867,standard,3594.04
731,30969,rowan.nguyen30969@bigcorp.test,Rowan,Nguyen,Dallas,TX,75206,US,32.654743,-96.792202,standard,3964.4
732,30974,jordan.lopez30974@bigcorp.test,Jordan,Lopez,Austin,TX,78702,US,30.365418,-97.971824,standard,3576.72
733,30996,dana.hall30996@bigcorp.test,Dana,Hall,Dallas,TX,75206,US,32.415328,-96.890838,standard,2778.2
734,30998,blake.clark30998@bigcorp.test,Blake,Clark,Austin,TX,78702,US,30.263743,-97.656827,preferred,3058.6
735,31004,quinn.king31004@bigcorp.test,Quinn,King,Dallas,TX,75206,US,32.826457,-96.973176,standard,4855.08
736,31067,dana.garcia31067@bigcorp.test,Dana,Garcia,Dallas,TX,75206,US,33.02077,-96.825096,standard,2137.12
737,31072,emerson.clark31072@bigcorp.test,Emerson,Clark,Dallas,TX,75206,US,32.737993,-96.92051,standard,2951.64
738,31230,anne.martin31230@bigcorp.test,Anne,Martin,Dallas,TX,75206,US,32.509842,-96.993851,preferred,2734.12
739,31233,sam.lee31233@bigcorp.test,Sam,Lee,Columbus,OH,43203,US,39.832308,-82.817699,standard,3383.64
740,31337,parker.lopez31337@bigcorp.test,Parker,Lopez,Dallas,TX,75206,US,32.446051,-97.14898,vip,5156.04
741,31351,david.singh31351@bigcorp.test,David,Singh,Dallas,TX,75206,US,33.074814,-97.118612,standard,727.32
742,31381,cameron.walker31381@bigcorp.test,Cameron,Walker,Los Angeles,CA,90012,US,34.155497,-118.345488,preferred,4727.76
743,31393,parker.allen31393@bigcorp.test,Parker,Allen,Dallas,TX,75206,US,32.725363,-96.507428,standard,4238.52
744,31403,adam.hall31403@bigcorp.test,Adam,Hall,Dallas,TX,75206,US,32.671303,-96.822167,standard,1352.56
745,31408,sam.martin31408@bigcorp.test,Sam,Martin,Dallas,TX,75206,US,32.889896,-96.861427,standard,2475.92
746,31510,quinn.smith31510@bigcorp.test,Quinn,Smith,Dallas,TX,75206,US,32.807602,-96.517522,standard,4252.32
747,31542,casey.young31542@bigcorp.test,Casey,Young,Dallas,TX,75206,US,32.532278,-97.194782,standard,3772.76
748,31606,riley.chen31606@bigcorp.test,Riley,Chen,San Diego,CA,92105,US,32.879179,-116.973426,preferred,7025.52
749,31646,hayden.patel31646@bigcorp.test,Hayden,Patel,Dallas,TX,75206,US,33.040506,-97.105579,standard,1212.52
750,31648,taylor.smith31648@bigcorp.test,Taylor,Smith,Dallas,TX,75206,US,32.627492,-96.517412,standard,1962.8
751,31675,kendall.garcia31675@bigcorp.test,Kendall,Garcia,Dallas,TX,75206,US,32.774313,-97.176382,standard,1887.12
752,31744,robin.young31744@bigcorp.test,Robin,Young,Dallas,TX,75206,US,32.585571,-96.58652,standard,8836.8
753,31858,kendall.allen31858@bigcorp.test,Kendall,Allen,Austin,TX,78702,US,30.3055,-97.934468,standard,7003.48
754,31869,rowan.clark31869@bigcorp.test,Rowan,Clark,Dallas,TX,75206,US,32.403736,-96.971973,standard,3124.12
755,31884,parker.nguyen31884@bigcorp.test,Parker,Nguyen,Austin,TX,78702,US,29.933604,-97.82016,standard,3138.76
756,31947,dana.young31947@bigcorp.test,Dana,Young,Philadelphia,PA,19104,US,40.265292,-75.371674,standard,3688.6
757,32036,rowan.smith32036@bigcorp.test,Rowan,Smith,Dallas,TX,75206,US,33.06859,-97.112574,standard,9098.52
758,32064,quinn.brown32064@bigcorp.test,Quinn,Brown,San Diego,CA,92105,US,32.832313,-117.264423,standard,5410.76
759,32072,avery.allen32072@bigcorp.test,Avery,Allen,Los Angeles,CA,90012,US,33.893168,-118.504757,preferred,1995.12
760,32177,riley.garcia32177@bigcorp.test,Riley,Garcia,Dallas,TX,75206,US,32.560976,-96.659497,standard,3488.08
761,32185,sam.hall32185@bigcorp.test,Sam,Hall,San Diego,CA,92105,US,32.677385,-117.100802,standard,1891.96
762,32197,adam.smith32197@bigcorp.test,Adam,Smith,San Diego,CA,92105,US,32.935335,-116.929025,standard,2704.96
763,32224,adam.smith32224@bigcorp.test,Adam,Smith,Dallas,TX,75206,US,32.505151,-96.809946,standard,2588.84
764,32233,emerson.walker32233@bigcorp.test,Emerson,Walker,Dallas,TX,75206,US,32.892993,-97.032218,standard,3642.6
765,32302,emerson.young32302@bigcorp.test,Emerson,Young,Philadelphia,PA,19104,US,39.986971,-75.023392,standard,2119.64
766,32305,casey.brown32305@bigcorp.test,Casey,Brown,San Diego,CA,92105,US,32.634991,-117.209304,standard,2731.24
767,32326,jordan.singh32326@bigcorp.test,Jordan,Singh,Dallas,TX,75206,US,32.653725,-96.865288,standard,5700.68
768,32350,riley.garcia32350@bigcorp.test,Riley,Garcia,Dallas,TX,75206,US,32.689653,-96.572696,standard,1241.52
769,32384,emerson.walker32384@bigcorp.test,Emerson,Walker,Dallas,TX,75206,US,32.84927,-96.659983,standard,5502.8
770,32477,jamie.clark32477@bigcorp.test,Jamie,Clark,Columbus,OH,43203,US,39.928723,-82.528925,standard,4099.92
771,32508,sam.young32508@bigcorp.test,Sam,Young,Dallas,TX,75206,US,32.515235,-97.166041,standard,2635.28
772,32575,taylor.martin32575@bigcorp.test,Taylor,Martin,Dallas,TX,75206,US,32.629815,-97.19186,standard,2198.96
773,32649,avery.jones32649@bigcorp.test,Avery,Jones,Dallas,TX,75206,US,32.888046,-97.147135,standard,2292.96
774,32705,kendall.allen32705@bigcorp.test,Kendall,Allen,Dallas,TX,75206,US,32.885765,-96.594913,standard,5648.8
775,32727,blake.chen32727@bigcorp.test,Blake,Chen,Dallas,TX,75206,US,32.550903,-96.679164,standard,2577.08
776,32821,jamie.smith32821@bigcorp.test,Jamie,Smith,San Diego,CA,92105,US,32.595338,-116.988225,standard,2568.0
777,32857,dana.king32857@bigcorp.test,Dana,King,Dallas,TX,75206,US,32.767015,-96.966317,vip,1355.52
778,32892,adam.clark32892@bigcorp.test,Adam,Clark,Austin,TX,78702,US,29.99684,-97.962668,standard,1972.48
779,32916,alex.kim32916@bigcorp.test,Alex,Kim,Dallas,TX,75206,US,33.086333,-96.547241,standard,4738.8
780,32938,robin.brown32938@bigcorp.test,Robin,Brown,Dallas,TX,75206,US,32.795233,-97.079311,standard,5502.08
781,32967,kendall.clark32967@bigcorp.test,Kendall,Clark,Dallas,TX,75206,US,32.967046,-97.009442,standard,2630.96
782,32982,sam.singh32982@bigcorp.test,Sam,Singh,Indianapolis,IN,46202,US,39.620224,-85.749668,standard,2242.76
783,32985,adam.nguyen32985@bigcorp.test,Adam,Nguyen,Dallas,TX,75206,US,32.658467,-96.510691,standard,400.0
784,33055,parker.walker33055@bigcorp.test,Parker,Walker,Dallas,TX,75206,US,32.559082,-96.824299,standard,4124.68
785,33058,avery.smith33058@bigcorp.test,Avery,Smith,San Diego,CA,92105,US,32.478925,-116.999883,standard,4224.64
786,33096,dana.clark33096@bigcorp.test,Dana,Clark,Dallas,TX,75206,US,32.931489,-96.873324,standard,2842.32
787,33163,hayden.garcia33163@bigcorp.test,Hayden,Garcia,Dallas,TX,75206,US,33.07909,-96.658099,standard,1368.64
788,33218,taylor.brown33218@bigcorp.test,Taylor,Brown,Dallas,TX,75206,US,32.766325,-96.874081,standard,1395.0
789,33286,reese.lewis33286@bigcorp.test,Reese,Lewis,Columbus,OH,43203,US,39.847171,-82.934341,standard,3661.52
790,33291,kendall.allen33291@bigcorp.test,Kendall,Allen,Dallas,TX,75206,US,32.448027,-96.509481,vip,4616.64
791,33299,blake.patel33299@bigcorp.test,Blake,Patel,Phoenix,AZ,85018,US,33.817026,-111.958083,standard,6393.92
792,33400,hayden.young33400@bigcorp.test,Hayden,Young,Dallas,TX,75206,US,32.751058,-96.621192,standard,1638.32
793,33420,casey.lopez33420@bigcorp.test,Casey,Lopez,San Francisco,CA,94109,US,37.902785,-122.565015,standard,7573.68
794,33463,morgan.allen33463@bigcorp.test,Morgan,Allen,Dallas,TX,75206,US,32.515998,-96.921115,standard,5542.6
795,33507,morgan.clark33507@bigcorp.test,Morgan,Clark,Dallas,TX,75206,US,32.620926,-96.616355,standard,400.0
796,33512,emerson.singh33512@bigcorp.test,Emerson,Singh,Dallas,TX,75206,US,32.482621,-96.834919,standard,3967.08
797,33576,alex.brown33576@bigcorp.test,Alex,Brown,Dallas,TX,75206,US,32.503961,-97.112972,standard,2742.84
798,33646,cameron.brown33646@bigcorp.test,Cameron,Brown,San Diego,CA,92105,US,32.558138,-117.425753,standard,3041.32
799,33703,hayden.lewis33703@bigcorp.test,Hayden,Lewis,San Diego,CA,92105,US,32.805608,-117.18975,standard,3391.52
800,33709,dana.young33709@bigcorp.test,Dana,Young,Dallas,TX,75206,US,32.514555,-96.994876,standard,4008.4
801,33712,morgan.smith33712@bigcorp.test,Morgan,Smith,Los Angeles,CA,90012,US,33.769093,-118.088231,standard,1222.8
802,33719,anne.lee33719@bigcorp.test,Anne,Lee,Dallas,TX,75206,US,33.034033,-96.583511,vip,2518.4
803,33777,avery.patel33777@bigcorp.test,Avery,Patel,San Diego,CA,92105,US,33.00774,-117.457592,preferred,2567.04
804,33817,kendall.walker33817@bigcorp.test,Kendall,Walker,Dallas,TX,75206,US,32.503795,-96.933883,standard,3011.24
805,33858,morgan.king33858@bigcorp.test,Morgan,King,Dallas,TX,75206,US,32.463077,-97.095913,standard,3966.56
806,33876,anne.allen33876@bigcorp.test,Anne,Allen,Dallas,TX,75206,US,32.546906,-97.180471,standard,1694.76
807,33926,hayden.kim33926@bigcorp.test,Hayden,Kim,Dallas,TX,75206,US,33.077267,-96.837561,standard,2751.28
808,33953,alex.nguyen33953@bigcorp.test,Alex,Nguyen,San Diego,CA,92105,US,32.447081,-117.305861,preferred,2790.88
809,34049,rowan.walker34049@bigcorp.test,Rowan,Walker,Dallas,TX,75206,US,32.958828,-96.61413,preferred,2182.72
810,34058,parker.clark34058@bigcorp.test,Parker,Clark,San Diego,CA,92105,US,33.055336,-117.446958,preferred,3500.0
811,34199,adam.brown34199@bigcorp.test,Adam,Brown,Dallas,TX,75206,US,32.895519,-97.112074,standard,3581.76
812,34242,hayden.walker34242@bigcorp.test,Hayden,Walker,Columbus,OH,43203,US,40.095762,-83.114173,standard,3460.68
813,34396,riley.nguyen34396@bigcorp.test,Riley,Nguyen,Dallas,TX,75206,US,32.880115,-96.586532,preferred,3506.72
814,34418,rowan.lee34418@bigcorp.test,Rowan,Lee,Indianapolis,IN,46202,US,39.863275,-85.856881,standard,3486.96
815,34428,blake.martin34428@bigcorp.test,Blake,Martin,San Diego,CA,92105,US,32.633051,-117.152646,standard,3204.64
816,34481,alex.smith34481@bigcorp.test,Alex,Smith,Dallas,TX,75206,US,32.950827,-96.546506,standard,860.48
817,34492,jamie.chen34492@bigcorp.test,Jamie,Chen,Indianapolis,IN,46202,US,39.627873,-86.215014,standard,3277.84
818,34523,sam.lewis34523@bigcorp.test,Sam,Lewis,Dallas,TX,75206,US,32.87567,-96.568055,vip,3692.64
819,34530,reese.allen34530@bigcorp.test,Reese,Allen,Austin,TX,78702,US,30.335246,-97.683459,standard,3503.24
820,34539,taylor.walker34539@bigcorp.test,Taylor,Walker,Dallas,TX,75206,US,32.537891,-96.894195,preferred,7909.84
821,34604,cameron.garcia34604@bigcorp.test,Cameron,Garcia,Dallas,TX,75206,US,32.398606,-96.626714,standard,4242.2
822,34639,david.smith34639@bigcorp.test,David,Smith,San Diego,CA,92105,US,32.836256,-116.948189,standard,2116.12
823,34641,casey.wilson34641@bigcorp.test,Casey,Wilson,Dallas,TX,75206,US,32.998646,-96.608765,standard,2097.2
824,34891,jordan.smith34891@bigcorp.test,Jordan,Smith,Columbus,OH,43203,US,39.845247,-82.84644,standard,3005.48
825,34920,robin.allen34920@bigcorp.test,Robin,Allen,San Jose,CA,95113,US,37.313501,-121.753382,standard,3352.16
826,34924,reese.jones34924@bigcorp.test,Reese,Jones,Dallas,TX,75206,US,32.715126,-96.886132,standard,400.0
827,34960,emerson.kim34960@bigcorp.test,Emerson,Kim,Austin,TX,78702,US,30.083786,-97.864762,standard,7261.44
828,34985,jamie.chen34985@bigcorp.test,Jamie,Chen,Dallas,TX,75206,US,32.977397,-96.552382,standard,3906.72
829,35081,casey.hall35081@bigcorp.test,Casey,Hall,San Diego,CA,92105,US,32.858251,-117.250902,standard,1977.52
830,35147,robin.patel35147@bigcorp.test,Robin,Patel,Dallas,TX,75206,US,32.868905,-96.583314,standard,1908.8
831,35156,casey.lopez35156@bigcorp.test,Casey,Lopez,Dallas,TX,75206,US,33.040035,-96.793942,standard,2016.4
832,35183,taylor.chen35183@bigcorp.test,Taylor,Chen,Columbus,OH,43203,US,39.984287,-82.484287,standard,529.84
833,35189,robin.martin35189@bigcorp.test,Robin,Martin,Austin,TX,78702,US,30.324185,-98.095066,standard,4049.56
834,35200,dana.lopez35200@bigcorp.test,Dana,Lopez,Dallas,TX,75206,US,32.527734,-97.058465,standard,2183.04
835,35258,cameron.lee35258@bigcorp.test,Cameron,Lee,Dallas,TX,75206,US,32.680777,-96.906411,standard,2458.0
836,35284,morgan.lopez35284@bigcorp.test,Morgan,Lopez,Columbus,OH,43203,US,39.99705,-83.143546,standard,1810.68
837,35299,taylor.clark35299@bigcorp.test,Taylor,Clark,San Diego,CA,92105,US,32.659455,-116.921013,standard,2391.92
838,35321,sam.martin35321@bigcorp.test,Sam,Martin,Austin,TX,78702,US,30.210473,-97.535168,standard,2021.16
839,35327,blake.lopez35327@bigcorp.test,Blake,Lopez,Dallas,TX,75206,US,33.083456,-97.124736,preferred,1643.32
840,35338,adam.king35338@bigcorp.test,Adam,King,Dallas,TX,75206,US,32.618548,-96.515081,standard,4970.88
841,35351,riley.singh35351@bigcorp.test,Riley,Singh,Dallas,TX,75206,US,33.047921,-96.792302,standard,2157.6
842,35404,morgan.chen35404@bigcorp.test,Morgan,Chen,Dallas,TX,75206,US,32.595349,-97.015412,standard,4419.88
843,35412,hayden.hall35412@bigcorp.test,Hayden,Hall,San Diego,CA,92105,US,32.886525,-116.903974,standard,6109.0
844,35575,quinn.jones35575@bigcorp.test,Quinn,Jones,San Diego,CA,92105,US,32.506525,-117.470638,preferred,3087.6
845,35689,rowan.king35689@bigcorp.test,Rowan,King,Dallas,TX,75206,US,32.419343,-96.973037,standard,2188.08
846,35705,quinn.wilson35705@bigcorp.test,Quinn,Wilson,Columbus,OH,43203,US,39.941045,-82.802523,preferred,3657.4
847,35780,parker.young35780@bigcorp.test,Parker,Young,San Diego,CA,92105,US,32.731213,-117.275531,standard,5290.48
848,35809,alex.lee35809@bigcorp.test,Alex,Lee,Dallas,TX,75206,US,32.448109,-96.596006,standard,1526.0
849,35824,robin.wilson35824@bigcorp.test,Robin,Wilson,Dallas,TX,75206,US,32.547467,-97.021188,standard,3827.04
850,35829,sam.singh35829@bigcorp.test,Sam,Singh,Dallas,TX,75206,US,32.534934,-96.90697,standard,2913.6
851,35844,riley.king35844@bigcorp.test,Riley,King,Dallas,TX,75206,US,32.918852,-96.630366,standard,1519.68
852,35883,anne.allen35883@bigcorp.test,Anne,Allen,Dallas,TX,75206,US,32.447457,-96.93636,standard,2558.88
853,35898,cameron.patel35898@bigcorp.test,Cameron,Patel,Dallas,TX,75206,US,32.788781,-97.199519,standard,1279.16
854,35912,anne.walker35912@bigcorp.test,Anne,Walker,Dallas,TX,75206,US,32.826096,-97.195039,standard,6020.56
855,36030,morgan.walker36030@bigcorp.test,Morgan,Walker,Dallas,TX,75206,US,32.72931,-97.006468,standard,2070.84
856,36180,blake.allen36180@bigcorp.test,Blake,Allen,Dallas,TX,75206,US,32.946827,-96.964208,standard,4875.56
857,36219,parker.martin36219@bigcorp.test,Parker,Martin,Dallas,TX,75206,US,32.913489,-96.913588,standard,2887.36
858,36264,anne.singh36264@bigcorp.test,Anne,Singh,Columbus,OH,43203,US,39.661383,-82.759346,standard,4720.04
859,36266,casey.singh36266@bigcorp.test,Casey,Singh,Austin,TX,78702,US,30.038524,-98.047305,standard,905.48
860,36350,david.smith36350@bigcorp.test,David,Smith,San Francisco,CA,94103,US,37.998887,-122.252341,standard,3511.6
861,36388,blake.lewis36388@bigcorp.test,Blake,Lewis,Austin,TX,78702,US,30.123139,-98.029983,standard,3419.72
862,36515,casey.chen36515@bigcorp.test,Casey,Chen,Dallas,TX,75206,US,33.083624,-96.911546,standard,2060.64
863,36587,riley.allen36587@bigcorp.test,Riley,Allen,Dallas,TX,75206,US,32.941841,-97.147861,standard,3537.8
864,36596,anne.smith36596@bigcorp.test,Anne,Smith,Columbus,OH,43203,US,40.136667,-83.361425,standard,6027.16
865,36774,casey.chen36774@bigcorp.test,Casey,Chen,Dallas,TX,75206,US,32.637302,-96.820369,preferred,3538.2
866,36814,casey.jones36814@bigcorp.test,Casey,Jones,San Diego,CA,92105,US,33.0035,-117.312686,standard,3173.68
867,36913,avery.wilson36913@bigcorp.test,Avery,Wilson,Dallas,TX,75206,US,32.692674,-96.694902,standard,4241.32
868,36923,avery.brown36923@bigcorp.test,Avery,Brown,San Diego,CA,92105,US,32.709775,-116.839967,standard,3593.92
869,36941,avery.wilson36941@bigcorp.test,Avery,Wilson,Columbus,OH,43203,US,39.954359,-82.766483,standard,2475.8
870,36946,blake.jones36946@bigcorp.test,Blake,Jones,Dallas,TX,75206,US,33.070434,-96.878008,standard,3958.68
871,36948,adam.king36948@bigcorp.test,Adam,King,San Francisco,CA,94109,US,37.532936,-122.57464,standard,4117.48
872,37041,emerson.wilson37041@bigcorp.test,Emerson,Wilson,Dallas,TX,75206,US,32.914097,-97.200336,preferred,400.0
873,37060,casey.wilson37060@bigcorp.test,Casey,Wilson,Dallas,TX,75206,US,32.951672,-97.184235,standard,3944.6
874,37069,david.smith37069@bigcorp.test,David,Smith,Dallas,TX,75206,US,32.67311,-96.844061,standard,2602.64
875,37157,taylor.singh37157@bigcorp.test,Taylor,Singh,Dallas,TX,75206,US,32.779511,-96.901934,vip,7558.4
876,37216,anne.lee37216@bigcorp.test,Anne,Lee,San Diego,CA,92105,US,33.087182,-116.85287,standard,2542.48
877,37227,casey.nguyen37227@bigcorp.test,Casey,Nguyen,Dallas,TX,75206,US,32.914139,-96.577096,standard,4193.88
878,37315,david.martin37315@bigcorp.test,David,Martin,Phoenix,AZ,85018,US,33.564942,-111.928933,standard,3919.4
879,37321,taylor.garcia37321@bigcorp.test,Taylor,Garcia,Dallas,TX,75206,US,33.051925,-97.130703,standard,3569.32
880,37388,parker.walker37388@bigcorp.test,Parker,Walker,Dallas,TX,75206,US,32.935475,-96.539121,standard,2862.28
881,37434,hayden.nguyen37434@bigcorp.test,Hayden,Nguyen,Dallas,TX,75206,US,32.939314,-97.157125,standard,5262.96
882,37581,adam.allen37581@bigcorp.test,Adam,Allen,Dallas,TX,75206,US,32.646117,-97.167888,standard,3487.92
883,37593,parker.martin37593@bigcorp.test,Parker,Martin,Columbus,OH,43203,US,40.100932,-82.684896,standard,2214.4
884,37647,cameron.lopez37647@bigcorp.test,Cameron,Lopez,Dallas,TX,75206,US,32.958974,-96.92049,standard,3182.52
885,37695,morgan.patel37695@bigcorp.test,Morgan,Patel,Dallas,TX,75206,US,32.436022,-97.201454,standard,823.72
886,37702,quinn.king37702@bigcorp.test,Quinn,King,Dallas,TX,75206,US,32.788316,-97.049479,vip,3323.44
887,37817,anne.singh37817@bigcorp.test,Anne,Singh,Dallas,TX,75206,US,32.632578,-96.66365,standard,3269.44
888,37870,sam.garcia37870@bigcorp.test,Sam,Garcia,Dallas,TX,75206,US,32.838737,-96.532555,preferred,4561.96
889,37898,anne.smith37898@bigcorp.test,Anne,Smith,Dallas,TX,75206,US,32.779357,-97.063525,standard,5351.72
890,37910,blake.garcia37910@bigcorp.test,Blake,Garcia,Dallas,TX,75206,US,32.802297,-96.97393,preferred,1934.12
891,37956,jamie.lopez37956@bigcorp.test,Jamie,Lopez,Dallas,TX,75206,US,32.941979,-96.588236,vip,2802.04
892,37983,david.allen37983@bigcorp.test,David,Allen,Dallas,TX,75206,US,32.580515,-96.771525,preferred,2772.4
893,37984,sam.patel37984@bigcorp.test,Sam,Patel,Dallas,TX,75206,US,32.494464,-96.945861,standard,5755.76
894,38016,emerson.allen38016@bigcorp.test,Emerson,Allen,Dallas,TX,75206,US,32.838526,-96.803954,vip,1422.04
895,38043,dana.hall38043@bigcorp.test,Dana,Hall,San Jose,CA,95110,US,37.413509,-121.688929,standard,3515.64
896,38063,avery.lopez38063@bigcorp.test,Avery,Lopez,Indianapolis,IN,46202,US,39.891561,-85.937073,standard,4215.48
897,38108,taylor.brown38108@bigcorp.test,Taylor,Brown,Dallas,TX,75206,US,33.043905,-96.659367,standard,8293.64
898,38145,hayden.martin38145@bigcorp.test,Hayden,Martin,Dallas,TX,75206,US,33.014306,-96.597826,preferred,2192.64
899,38161,emerson.walker38161@bigcorp.test,Emerson,Walker,Dallas,TX,75206,US,33.018845,-97.06956,standard,5978.44
900,38275,hayden.jones38275@bigcorp.test,Hayden,Jones,Dallas,TX,75206,US,32.659779,-97.06276,standard,6689.36
901,38284,dana.nguyen38284@bigcorp.test,Dana,Nguyen,Austin,TX,78702,US,29.993109,-97.550181,standard,2448.64
902,38633,riley.garcia38633@bigcorp.test,Riley,Garcia,San Diego,CA,92105,US,32.769032,-117.449482,preferred,2208.96
903,38642,david.walker38642@bigcorp.test,David,Walker,Austin,TX,78702,US,30.015396,-97.838797,standard,6153.08
904,38671,adam.martin38671@bigcorp.test,Adam,Martin,Dallas,TX,75206,US,32.432523,-96.576725,standard,3213.12
905,38708,hayden.singh38708@bigcorp.test,Hayden,Singh,Indianapolis,IN,46202,US,39.681768,-85.993792,standard,3599.04
906,38715,riley.brown38715@bigcorp.test,Riley,Brown,Dallas,TX,75206,US,32.938115,-96.854556,preferred,3281.52
907,38717,quinn.king38717@bigcorp.test,Quinn,King,Dallas,TX,75206,US,32.987969,-96.661709,standard,3545.76
908,38758,sam.young38758@bigcorp.test,Sam,Young,Columbus,OH,43203,US,40.00752,-82.954666,standard,2693.56
909,38762,reese.young38762@bigcorp.test,Reese,Young,San Diego,CA,92105,US,33.089271,-117.445418,standard,2726.16
910,38765,jordan.smith38765@bigcorp.test,Jordan,Smith,Dallas,TX,75206,US,32.558143,-96.613191,standard,1719.28
911,38771,taylor.smith38771@bigcorp.test,Taylor,Smith,Dallas,TX,75206,US,32.500849,-96.874404,standard,1683.72
912,38844,adam.patel38844@bigcorp.test,Adam,Patel,San Diego,CA,92105,US,32.94868,-117.358424,preferred,3864.8
913,38850,casey.jones38850@bigcorp.test,Casey,Jones,San Jose,CA,95110,US,37.021535,-121.790666,standard,3379.6
914,38880,david.king38880@bigcorp.test,David,King,Dallas,TX,75206,US,32.957239,-96.815738,standard,1473.96
915,38891,rowan.kim38891@bigcorp.test,Rowan,Kim,Dallas,TX,75206,US,33.019698,-97.044087,standard,4051.92
916,38950,kendall.wilson38950@bigcorp.test,Kendall,Wilson,Dallas,TX,75206,US,32.494204,-97.04591,standard,1834.88
917,38991,avery.young38991@bigcorp.test,Avery,Young,Dallas,TX,75206,US,32.99794,-96.534292,vip,3261.96
918,39015,anne.lopez39015@bigcorp.test,Anne,Lopez,Dallas,TX,75206,US,32.697849,-96.989787,standard,1481.16
919,39024,david.wilson39024@bigcorp.test,David,Wilson,San Diego,CA,92105,US,33.050726,-117.118274,standard,503.84
920,39045,casey.king39045@bigcorp.test,Casey,King,Columbus,OH,43203,US,39.714887,-82.572282,standard,2435.44
921,39064,quinn.young39064@bigcorp.test,Quinn,Young,Dallas,TX,75206,US,32.61012,-96.758615,standard,4477.36
922,39194,blake.brown39194@bigcorp.test,Blake,Brown,San Diego,CA,92105,US,32.946683,-117.52547,standard,1681.36
923,39207,riley.kim39207@bigcorp.test,Riley,Kim,Dallas,TX,75206,US,32.742303,-96.892977,standard,4426.36
924,39296,rowan.smith39296@bigcorp.test,Rowan,Smith,San Diego,CA,92105,US,33.032939,-117.162982,standard,4060.36
925,39412,sam.lee39412@bigcorp.test,Sam,Lee,Columbus,OH,43203,US,39.890686,-82.779844,standard,2948.8
926,39474,taylor.hall39474@bigcorp.test,Taylor,Hall,Dallas,TX,75206,US,32.869508,-96.796624,standard,5868.16
927,39487,anne.walker39487@bigcorp.test,Anne,Walker,San Diego,CA,92102,US,32.588476,-117.23526,standard,4542.84
928,39544,rowan.singh39544@bigcorp.test,Rowan,Singh,Dallas,TX,75206,US,32.511569,-96.742077,standard,5541.76
929,39615,adam.king39615@bigcorp.test,Adam,King,Indianapolis,IN,46202,US,39.91114,-86.095188,standard,2156.08
930,39672,dana.lopez39672@bigcorp.test,Dana,Lopez,Columbus,OH,43201,US,40.187634,-82.829132,standard,2429.88
931,39679,jordan.jones39679@bigcorp.test,Jordan,Jones,Austin,TX,78702,US,29.894479,-97.731268,standard,4045.44
932,39720,morgan.kim39720@bigcorp.test,Morgan,Kim,Dallas,TX,75206,US,33.016593,-96.715095,standard,3019.64
933,39787,taylor.lee39787@bigcorp.test,Taylor,Lee,San Diego,CA,92105,US,32.946167,-117.489533,preferred,6442.24
934,39790,david.lee39790@bigcorp.test,David,Lee,San Diego,CA,92105,US,33.043323,-117.387036,standard,3796.4
935,39849,kendall.lewis39849@bigcorp.test,Kendall,Lewis,Dallas,TX,75206,US,33.005445,-96.928493,standard,4490.56
936,39932,rowan.chen39932@bigcorp.test,Rowan,Chen,San Diego,CA,92105,US,33.042883,-116.91421,standard,3325.76
937,39969,sam.clark39969@bigcorp.test,Sam,Clark,Dallas,TX,75206,US,32.704416,-96.693002,standard,2355.04
938,39981,emerson.chen39981@bigcorp.test,Emerson,Chen,Austin,TX,78702,US,30.114554,-98.165284,standard,3953.08
939,40025,kendall.lopez40025@bigcorp.test,Kendall,Lopez,San Diego,CA,92102,US,32.656434,-117.236269,standard,2340.28
940,40065,quinn.chen40065@bigcorp.test,Quinn,Chen,Dallas,TX,75206,US,33.035112,-96.695817,standard,5640.96
941,40190,riley.lopez40190@bigcorp.test,Riley,Lopez,Dallas,TX,75206,US,32.926038,-96.99599,preferred,4530.92
942,40193,blake.lee40193@bigcorp.test,Blake,Lee,Dallas,TX,75206,US,32.871748,-97.144351,preferred,4945.6
943,40205,reese.lopez40205@bigcorp.test,Reese,Lopez,San Diego,CA,92105,US,32.534252,-117.102584,standard,1855.16
944,40259,dana.king40259@bigcorp.test,Dana,King,Dallas,TX,75206,US,32.525694,-96.595564,standard,3514.84
945,40283,riley.lewis40283@bigcorp.test,Riley,Lewis,San Diego,CA,92105,US,32.927459,-117.065288,preferred,4151.28
946,40289,casey.walker40289@bigcorp.test,Casey,Walker,Austin,TX,78702,US,30.031055,-97.740829,standard,5702.28
947,40299,sam.patel40299@bigcorp.test,Sam,Patel,Columbus,OH,43203,US,39.899778,-82.692988,standard,2883.92
948,40384,emerson.nguyen40384@bigcorp.test,Emerson,Nguyen,Austin,TX,78702,US,30.500275,-97.695178,standard,5957.84
949,40389,quinn.kim40389@bigcorp.test,Quinn,Kim,Columbus,OH,43203,US,40.129506,-83.127923,preferred,1928.88
950,40399,jamie.young40399@bigcorp.test,Jamie,Young,Dallas,TX,75206,US,32.800383,-96.590018,standard,2843.84
951,40410,quinn.king40410@bigcorp.test,Quinn,King,Columbus,OH,43203,US,40.202154,-82.751168,standard,2710.2
952,40461,hayden.young40461@bigcorp.test,Hayden,Young,Dallas,TX,75206,US,33.043753,-96.548893,standard,2736.92
953,40494,hayden.chen40494@bigcorp.test,Hayden,Chen,Dallas,TX,75206,US,32.414095,-97.058517,standard,1482.12
954,40514,sam.chen40514@bigcorp.test,Sam,Chen,Columbus,OH,43203,US,39.957,-83.01937,standard,2229.24
955,40665,quinn.walker40665@bigcorp.test,Quinn,Walker,San Diego,CA,92105,US,32.435611,-116.907737,standard,3731.24
956,40754,hayden.kim40754@bigcorp.test,Hayden,Kim,Dallas,TX,75206,US,32.911477,-96.575814,standard,5591.4
957,40849,riley.wilson40849@bigcorp.test,Riley,Wilson,Dallas,TX,75206,US,32.622119,-96.985708,standard,1176.68
958,40983,blake.walker40983@bigcorp.test,Blake,Walker,Dallas,TX,75206,US,32.768836,-97.103094,standard,2255.08
959,41062,morgan.lee41062@bigcorp.test,Morgan,Lee,Dallas,TX,75206,US,32.646052,-96.878642,standard,3258.28
960,41119,avery.singh41119@bigcorp.test,Avery,Singh,Dallas,TX,75206,US,32.444078,-96.563212,standard,2205.12
961,41183,riley.young41183@bigcorp.test,Riley,Young,Dallas,TX,75206,US,32.68754,-97.064737,vip,2955.88
962,41188,adam.lewis41188@bigcorp.test,Adam,Lewis,Dallas,TX,75206,US,32.7896,-96.898444,standard,1333.24
963,41265,hayden.martin41265@bigcorp.test,Hayden,Martin,Dallas,TX,75206,US,32.674155,-97.003877,standard,1995.12
964,41311,parker.allen41311@bigcorp.test,Parker,Allen,Indianapolis,IN,46202,US,39.851724,-85.789732,vip,1217.92
965,41357,hayden.jones41357@bigcorp.test,Hayden,Jones,San Diego,CA,92105,US,33.021597,-117.318738,standard,996.12
966,41360,rowan.martin41360@bigcorp.test,Rowan,Martin,Austin,TX,78702,US,30.194347,-97.550855,standard,3176.6
967,41367,hayden.brown41367@bigcorp.test,Hayden,Brown,Dallas,TX,75206,US,32.533337,-97.043118,standard,5726.0
968,41512,david.smith41512@bigcorp.test,David,Smith,San Diego,CA,92105,US,32.441768,-117.40864,standard,1265.92
969,41604,avery.patel41604@bigcorp.test,Avery,Patel,Dallas,TX,75206,US,32.824205,-97.053019,preferred,3293.28
970,41700,adam.chen41700@bigcorp.test,Adam,Chen,Dallas,TX,75206,US,32.828311,-96.51236,standard,4832.84
971,41720,anne.smith41720@bigcorp.test,Anne,Smith,San Diego,CA,92105,US,32.844846,-116.838788,standard,2851.36
972,41908,sam.clark41908@bigcorp.test,Sam,Clark,Austin,TX,78702,US,30.186238,-97.669112,preferred,2380.28
973,41966,anne.smith41966@bigcorp.test,Anne,Smith,Dallas,TX,75206,US,32.537812,-96.666224,preferred,2472.28
974,42001,jamie.patel42001@bigcorp.test,Jamie,Patel,Dallas,TX,75206,US,32.413909,-96.610222,standard,579.56
975,42053,reese.allen42053@bigcorp.test,Reese,Allen,Dallas,TX,75206,US,32.592372,-96.782956,standard,4953.96
976,42072,alex.garcia42072@bigcorp.test,Alex,Garcia,Dallas,TX,75206,US,32.958501,-97.029368,standard,3266.48
977,42077,sam.young42077@bigcorp.test,Sam,Young,San Diego,CA,92105,US,32.789151,-116.911048,standard,2635.72
978,42114,kendall.walker42114@bigcorp.test,Kendall,Walker,Dallas,TX,75206,US,33.056217,-96.678395,standard,1954.96
979,42129,jamie.lee42129@bigcorp.test,Jamie,Lee,Austin,TX,78702,US,30.436986,-97.893579,standard,6754.44
980,42140,cameron.garcia42140@bigcorp.test,Cameron,Garcia,San Diego,CA,92105,US,32.654227,-116.980114,standard,866.92
981,42163,emerson.chen42163@bigcorp.test,Emerson,Chen,San Diego,CA,92105,US,32.414945,-117.321561,standard,1748.6
982,42182,kendall.hall42182@bigcorp.test,Kendall,Hall,Dallas,TX,75206,US,32.465445,-97.016059,standard,2282.52
983,42215,quinn.king42215@bigcorp.test,Quinn,King,Dallas,TX,75206,US,33.035275,-96.511606,standard,3825.04
984,42223,dana.singh42223@bigcorp.test,Dana,Singh,Columbus,OH,43203,US,39.664422,-82.814899,standard,1150.88
985,42276,anne.young42276@bigcorp.test,Anne,Young,San Diego,CA,92105,US,32.750502,-116.842807,standard,4235.84
986,42365,morgan.king42365@bigcorp.test,Morgan,King,Austin,TX,78702,US,30.127078,-97.491891,standard,2038.92
987,42395,casey.patel42395@bigcorp.test,Casey,Patel,Dallas,TX,75206,US,32.527923,-96.747605,standard,3686.48
988,42398,blake.chen42398@bigcorp.test,Blake,Chen,Dallas,TX,75206,US,32.485657,-96.761696,preferred,4902.16
989,42465,taylor.lee42465@bigcorp.test,Taylor,Lee,Dallas,TX,75206,US,32.923752,-96.902744,standard,4415.96
990,42570,avery.kim42570@bigcorp.test,Avery,Kim,Dallas,TX,75206,US,32.510834,-96.987999,standard,1639.64
991,42577,riley.lewis42577@bigcorp.test,Riley,Lewis,Dallas,TX,75206,US,32.497619,-96.75471,standard,1587.24
992,42644,kendall.young42644@bigcorp.test,Kendall,Young,Dallas,TX,75206,US,32.976713,-97.034196,standard,3288.24
993,42645,taylor.singh42645@bigcorp.test,Taylor,Singh,Columbus,OH,43203,US,40.060618,-83.154708,preferred,5436.4
994,42661,avery.martin42661@bigcorp.test,Avery,Martin,Austin,TX,78702,US,30.180974,-97.721646,standard,4783.96
995,42671,david.allen42671@bigcorp.test,David,Allen,San Diego,CA,92105,US,32.83084,-116.92045,vip,4832.6
996,42715,sam.garcia42715@bigcorp.test,Sam,Garcia,Dallas,TX,75206,US,32.666415,-96.755801,standard,4528.44
997,42724,riley.kim42724@bigcorp.test,Riley,Kim,Columbus,OH,43203,US,39.956513,-82.662552,standard,5021.32
998,42740,alex.patel42740@bigcorp.test,Alex,Patel,Dallas,TX,75206,US,32.866519,-97.099568,standard,4840.84
999,42779,alex.smith42779@bigcorp.test,Alex,Smith,Austin,TX,78702,US,30.227858,-97.697697,standard,3442.52
1000,42787,quinn.brown42787@bigcorp.test,Quinn,Brown,Columbus,OH,43203,US,40.307504,-82.608899,standard,3776.64
1001,42858,parker.martin42858@bigcorp.test,Parker,Martin,San Diego,CA,92105,US,32.755479,-117.43518,standard,2457.28
1002,42907,quinn.young42907@bigcorp.test,Quinn,Young,Dallas,TX,75206,US,32.956081,-96.701408,standard,4173.12
1003,42986,rowan.hall42986@bigcorp.test,Rowan,Hall,San Diego,CA,92105,US,32.966689,-117.108976,standard,2217.32
1004,43046,adam.kim43046@bigcorp.test,Adam,Kim,Dallas,TX,75206,US,32.679129,-96.749072,preferred,3879.52
1005,43051,cameron.allen43051@bigcorp.test,Cameron,Allen,Dallas,TX,75206,US,32.628751,-97.015522,standard,2934.76
1006,43080,adam.chen43080@bigcorp.test,Adam,Chen,Dallas,TX,75206,US,32.865346,-96.590066,standard,5489.44
1007,43106,rowan.chen43106@bigcorp.test,Rowan,Chen,Austin,TX,78702,US,30.324877,-97.678913,standard,2145.28
1008,43162,adam.hall43162@bigcorp.test,Adam,Hall,Dallas,TX,75206,US,32.981175,-96.99945,vip,4383.96
1009,43209,adam.martin43209@bigcorp.test,Adam,Martin,San Diego,CA,92105,US,32.984391,-116.867666,standard,2178.16
1010,43229,reese.wilson43229@bigcorp.test,Reese,Wilson,Dallas,TX,75206,US,32.412259,-97.145752,preferred,3762.6
1011,43271,parker.jones43271@bigcorp.test,Parker,Jones,Indianapolis,IN,46202,US,39.572069,-86.353986,preferred,5336.12
1012,43371,casey.king43371@bigcorp.test,Casey,King,Dallas,TX,75206,US,32.857848,-96.569186,standard,1981.32
1013,43373,emerson.young43373@bigcorp.test,Emerson,Young,Columbus,OH,43203,US,39.736736,-82.9173,standard,2330.68
1014,43409,anne.smith43409@bigcorp.test,Anne,Smith,Dallas,TX,75206,US,32.892603,-96.668062,standard,1635.6
1015,43419,jamie.kim43419@bigcorp.test,Jamie,Kim,Dallas,TX,75206,US,32.729119,-96.940409,standard,3765.52
1016,43437,alex.lopez43437@bigcorp.test,Alex,Lopez,Dallas,TX,75206,US,33.059103,-96.703486,standard,3470.72
1017,43463,kendall.martin43463@bigcorp.test,Kendall,Martin,San Diego,CA,92105,US,32.670645,-117.37054,preferred,4088.6
1018,43499,rowan.hall43499@bigcorp.test,Rowan,Hall,Austin,TX,78702,US,30.443528,-98.08926,standard,4506.16
1019,43510,rowan.clark43510@bigcorp.test,Rowan,Clark,Dallas,TX,75206,US,32.743234,-96.658141,standard,3489.96
1020,43513,morgan.brown43513@bigcorp.test,Morgan,Brown,Dallas,TX,75206,US,32.666222,-97.052038,vip,3019.12
1021,43520,quinn.chen43520@bigcorp.test,Quinn,Chen,Dallas,TX,75206,US,32.928512,-97.02444,standard,2162.96
1022,43540,kendall.singh43540@bigcorp.test,Kendall,Singh,Dallas,TX,75206,US,32.703895,-96.903537,standard,3896.64
1023,43667,hayden.garcia43667@bigcorp.test,Hayden,Garcia,San Diego,CA,92105,US,32.572045,-116.860221,standard,2072.44
1024,43699,casey.chen43699@bigcorp.test,Casey,Chen,Dallas,TX,75206,US,32.467204,-97.113607,standard,481.2
1025,43711,cameron.smith43711@bigcorp.test,Cameron,Smith,Dallas,TX,75206,US,32.539826,-96.564109,standard,1998.0
1026,43712,casey.lopez43712@bigcorp.test,Casey,Lopez,Columbus,OH,43203,US,40.163498,-82.515963,standard,2191.2
1027,43734,morgan.king43734@bigcorp.test,Morgan,King,Columbus,OH,43203,US,40.038259,-82.843946,standard,583.12
1028,43785,blake.walker43785@bigcorp.test,Blake,Walker,San Diego,CA,92101,US,32.839195,-117.350053,preferred,2885.56
1029,43809,anne.lopez43809@bigcorp.test,Anne,Lopez,San Diego,CA,92105,US,32.647355,-117.155202,vip,2769.84
1030,43815,jamie.patel43815@bigcorp.test,Jamie,Patel,Los Angeles,CA,90012,US,34.060515,-118.465527,standard,1344.04
1031,43877,sam.lee43877@bigcorp.test,Sam,Lee,Dallas,TX,75206,US,32.570247,-96.776106,standard,2030.4
1032,43928,david.young43928@bigcorp.test,David,Young,Dallas,TX,75206,US,32.775656,-96.668291,standard,1401.12
1033,43983,riley.smith43983@bigcorp.test,Riley,Smith,Dallas,TX,75206,US,32.662389,-96.806216,vip,5245.96
1034,44030,rowan.nguyen44030@bigcorp.test,Rowan,Nguyen,Dallas,TX,75206,US,33.00912,-96.997413,standard,4634.32
1035,44073,rowan.kim44073@bigcorp.test,Rowan,Kim,Dallas,TX,75206,US,32.856003,-96.652692,preferred,2532.32
1036,44100,alex.walker44100@bigcorp.test,Alex,Walker,Columbus,OH,43203,US,40.129731,-83.332659,standard,5528.44
1037,44108,parker.jones44108@bigcorp.test,Parker,Jones,Austin,TX,78702,US,30.152036,-97.976906,preferred,2258.88
1038,44143,hayden.singh44143@bigcorp.test,Hayden,Singh,Dallas,TX,75206,US,33.054169,-96.521517,preferred,4368.0
1039,44193,emerson.martin44193@bigcorp.test,Emerson,Martin,San Diego,CA,92105,US,32.619101,-117.474481,standard,5745.28
1040,44401,cameron.kim44401@bigcorp.test,Cameron,Kim,Dallas,TX,75206,US,32.450213,-96.867053,standard,3471.72
1041,44425,kendall.brown44425@bigcorp.test,Kendall,Brown,Dallas,TX,75206,US,32.575126,-96.542205,standard,1393.64
1042,44504,sam.walker44504@bigcorp.test,Sam,Walker,Dallas,TX,75206,US,32.589809,-97.144752,standard,3473.44
1043,44526,kendall.nguyen44526@bigcorp.test,Kendall,Nguyen,San Diego,CA,92105,US,33.020917,-117.14725,standard,2614.8
1044,44669,avery.smith44669@bigcorp.test,Avery,Smith,Dallas,TX,75206,US,32.976042,-96.745306,standard,2280.96
1045,44678,quinn.hall44678@bigcorp.test,Quinn,Hall,San Diego,CA,92105,US,32.648681,-117.058927,standard,4841.56
1046,44706,robin.brown44706@bigcorp.test,Robin,Brown,Indianapolis,IN,46202,US,39.495627,-86.317731,standard,3454.84
1047,44715,dana.brown44715@bigcorp.test,Dana,Brown,Dallas,TX,75206,US,32.472624,-96.752917,vip,3673.84
1048,44724,blake.king44724@bigcorp.test,Blake,King,Phoenix,AZ,85018,US,33.672564,-112.288467,standard,4906.84
1049,44729,hayden.lopez44729@bigcorp.test,Hayden,Lopez,Dallas,TX,75206,US,32.424441,-96.74266,standard,3893.6
1050,44737,dana.king44737@bigcorp.test,Dana,King,Dallas,TX,75206,US,33.014679,-97.018966,standard,8502.84
1051,44747,hayden.garcia44747@bigcorp.test,Hayden,Garcia,Dallas,TX,75206,US,32.993439,-97.099902,standard,4483.48
1052,44773,kendall.smith44773@bigcorp.test,Kendall,Smith,Dallas,TX,75206,US,32.871869,-96.7911,standard,542.12
1053,44835,dana.wilson44835@bigcorp.test,Dana,Wilson,Dallas,TX,75206,US,32.789846,-96.916471,standard,4110.88
1054,44871,blake.lopez44871@bigcorp.test,Blake,Lopez,Columbus,OH,43203,US,39.848073,-83.248966,preferred,2880.48
1055,44880,alex.wilson44880@bigcorp.test,Alex,Wilson,Austin,TX,78702,US,30.495676,-97.526044,preferred,4007.24
1056,44908,alex.hall44908@bigcorp.test,Alex,Hall,Columbus,OH,43203,US,39.810561,-82.873045,standard,4061.68
1057,44917,kendall.martin44917@bigcorp.test,Kendall,Martin,San Diego,CA,92105,US,32.609699,-117.245125,preferred,2614.96
1058,44939,morgan.jones44939@bigcorp.test,Morgan,Jones,Dallas,TX,75206,US,33.04932,-97.17101,standard,4065.64
1059,45015,anne.garcia45015@bigcorp.test,Anne,Garcia,Dallas,TX,75206,US,33.065476,-96.926253,standard,1228.36
1060,45154,hayden.patel45154@bigcorp.test,Hayden,Patel,Dallas,TX,75206,US,32.613034,-96.654821,standard,3417.4
1061,45228,alex.nguyen45228@bigcorp.test,Alex,Nguyen,Dallas,TX,75206,US,32.471057,-97.188229,preferred,5138.16
1062,45270,alex.lopez45270@bigcorp.test,Alex,Lopez,Dallas,TX,75206,US,33.017808,-97.011303,standard,3128.4
1063,45407,parker.lopez45407@bigcorp.test,Parker,Lopez,San Diego,CA,92105,US,32.927689,-116.859936,standard,4754.04
1064,45461,taylor.clark45461@bigcorp.test,Taylor,Clark,Dallas,TX,75206,US,32.450561,-96.61738,standard,2728.84
1065,45501,hayden.wilson45501@bigcorp.test,Hayden,Wilson,Dallas,TX,75206,US,32.47708,-96.997776,vip,4693.96
1066,45503,anne.martin45503@bigcorp.test,Anne,Martin,San Diego,CA,92105,US,33.092468,-117.47891,standard,2775.84
1067,45558,reese.hall45558@bigcorp.test,Reese,Hall,Dallas,TX,75206,US,32.596392,-97.187968,standard,4679.84
1068,45593,riley.walker45593@bigcorp.test,Riley,Walker,Dallas,TX,75206,US,32.928051,-97.051542,vip,3568.6
1069,45608,morgan.young45608@bigcorp.test,Morgan,Young,Dallas,TX,75206,US,32.530175,-97.047342,standard,5128.48
1070,45628,sam.chen45628@bigcorp.test,Sam,Chen,Dallas,TX,75206,US,32.591188,-97.148754,standard,400.0
1071,45634,kendall.chen45634@bigcorp.test,Kendall,Chen,Dallas,TX,75206,US,32.809808,-97.096549,standard,2022.08
1072,45649,david.walker45649@bigcorp.test,David,Walker,Dallas,TX,75206,US,32.729183,-96.73078,standard,4172.32
1073,45674,alex.smith45674@bigcorp.test,Alex,Smith,Dallas,TX,75206,US,32.666708,-97.112091,standard,2217.64
1074,45733,taylor.lee45733@bigcorp.test,Taylor,Lee,Dallas,TX,75206,US,32.884882,-96.772656,standard,1284.16
1075,45824,quinn.singh45824@bigcorp.test,Quinn,Singh,Philadelphia,PA,19104,US,40.289822,-75.031587,standard,5567.64
1076,45852,casey.young45852@bigcorp.test,Casey,Young,Dallas,TX,75206,US,32.95126,-97.116193,standard,4082.28
1077,45903,jamie.king45903@bigcorp.test,Jamie,King,Dallas,TX,75206,US,32.51382,-96.863759,standard,2036.72
1078,45929,david.walker45929@bigcorp.test,David,Walker,San Diego,CA,92105,US,32.945297,-117.509328,standard,3816.88
1079,45961,taylor.clark45961@bigcorp.test,Taylor,Clark,Dallas,TX,75206,US,33.041747,-97.202404,standard,2718.48
1080,45998,alex.smith45998@bigcorp.test,Alex,Smith,Dallas,TX,75206,US,32.633818,-96.538033,standard,3160.2
1081,46065,anne.walker46065@bigcorp.test,Anne,Walker,Columbus,OH,43203,US,40.082895,-83.032376,standard,3652.76
1082,46094,parker.patel46094@bigcorp.test,Parker,Patel,Austin,TX,78702,US,30.528145,-98.044003,standard,2474.92
1083,46172,avery.patel46172@bigcorp.test,Avery,Patel,Columbus,OH,43203,US,39.638817,-82.945859,preferred,1129.28
1084,46219,dana.lee46219@bigcorp.test,Dana,Lee,Dallas,TX,75206,US,33.01675,-96.551874,standard,5103.56
1085,46309,adam.allen46309@bigcorp.test,Adam,Allen,Austin,TX,78702,US,30.321411,-97.827009,preferred,4315.76
1086,46340,anne.walker46340@bigcorp.test,Anne,Walker,San Diego,CA,92105,US,32.711759,-117.20471,standard,4388.64
1087,46349,alex.chen46349@bigcorp.test,Alex,Chen,Dallas,TX,75206,US,32.965107,-97.003333,preferred,2971.96
1088,46450,cameron.chen46450@bigcorp.test,Cameron,Chen,San Diego,CA,92102,US,32.520174,-117.136283,vip,4196.72
1089,46535,reese.walker46535@bigcorp.test,Reese,Walker,Dallas,TX,75206,US,32.421817,-96.715349,standard,4120.84
1090,46554,casey.chen46554@bigcorp.test,Casey,Chen,Columbus,OH,43201,US,40.136399,-82.874392,standard,3355.44
1091,46615,parker.smith46615@bigcorp.test,Parker,Smith,Dallas,TX,75206,US,32.869653,-96.881031,standard,3588.32
1092,46640,morgan.brown46640@bigcorp.test,Morgan,Brown,San Diego,CA,92105,US,32.438452,-117.156982,standard,3884.88
1093,46641,reese.garcia46641@bigcorp.test,Reese,Garcia,Dallas,TX,75206,US,32.806735,-97.009591,standard,3320.52
1094,46757,blake.lee46757@bigcorp.test,Blake,Lee,San Diego,CA,92105,US,32.716048,-116.954111,standard,2529.12
1095,46763,jamie.patel46763@bigcorp.test,Jamie,Patel,Dallas,TX,75206,US,32.871552,-96.981409,standard,6395.52
1096,46813,cameron.hall46813@bigcorp.test,Cameron,Hall,Dallas,TX,75206,US,32.592502,-96.602067,standard,2801.4
1097,46882,kendall.lewis46882@bigcorp.test,Kendall,Lewis,Dallas,TX,75206,US,32.711199,-96.717684,standard,3020.4
1098,46915,adam.young46915@bigcorp.test,Adam,Young,Dallas,TX,75206,US,32.625207,-96.835766,standard,4336.24
1099,46969,david.patel46969@bigcorp.test,David,Patel,Dallas,TX,75206,US,33.086878,-96.535306,standard,2287.52
1100,47035,dana.lee47035@bigcorp.test,Dana,Lee,Austin,TX,78702,US,30.11903,-97.584228,standard,1498.28
1101,47053,david.hall47053@bigcorp.test,David,Hall,San Diego,CA,92105,US,32.642726,-117.27361,standard,2682.96
1102,47088,cameron.nguyen47088@bigcorp.test,Cameron,Nguyen,Dallas,TX,75206,US,32.872444,-96.552481,standard,3782.64
1103,47113,blake.jones47113@bigcorp.test,Blake,Jones,San Diego,CA,92105,US,32.714053,-117.069839,standard,5296.08
1104,47147,taylor.smith47147@bigcorp.test,Taylor,Smith,Columbus,OH,43203,US,39.9938,-82.61024,standard,4754.84
1105,47179,dana.nguyen47179@bigcorp.test,Dana,Nguyen,Los Angeles,CA,90012,US,34.095724,-118.655143,preferred,2942.36
1106,47221,avery.jones47221@bigcorp.test,Avery,Jones,Dallas,TX,75206,US,32.686278,-96.653913,standard,2931.56
1107,47243,parker.wilson47243@bigcorp.test,Parker,Wilson,San Diego,CA,92105,US,32.402264,-116.974985,standard,3258.12
1108,47313,taylor.singh47313@bigcorp.test,Taylor,Singh,Dallas,TX,75206,US,32.707543,-96.66273,standard,5007.0
1109,47444,dana.martin47444@bigcorp.test,Dana,Martin,Columbus,OH,43203,US,39.702886,-82.847649,standard,3158.04
1110,47467,rowan.martin47467@bigcorp.test,Rowan,Martin,Dallas,TX,75206,US,32.748884,-97.175931,standard,674.16
1111,47479,morgan.lopez47479@bigcorp.test,Morgan,Lopez,Dallas,TX,75206,US,32.871706,-97.165695,standard,629.36
1112,47556,robin.lee47556@bigcorp.test,Robin,Lee,Dallas,TX,75206,US,32.591102,-96.633687,standard,3926.6
1113,47654,david.lee47654@bigcorp.test,David,Lee,Dallas,TX,75206,US,32.570641,-97.012245,vip,3083.28
1114,47659,cameron.king47659@bigcorp.test,Cameron,King,Los Angeles,CA,90012,US,33.708389,-118.3476,standard,3615.72
1115,47709,quinn.lewis47709@bigcorp.test,Quinn,Lewis,Dallas,TX,75206,US,33.049709,-96.751144,vip,4417.52
1116,47737,jordan.allen47737@bigcorp.test,Jordan,Allen,San Diego,CA,92105,US,33.017245,-117.160222,standard,2940.88
1117,47753,blake.garcia47753@bigcorp.test,Blake,Garcia,Los Angeles,CA,90012,US,34.327351,-118.208506,standard,7846.44
1118,47837,avery.king47837@bigcorp.test,Avery,King,Columbus,OH,43203,US,40.221516,-83.064664,standard,4039.4
1119,47853,sam.chen47853@bigcorp.test,Sam,Chen,Philadelphia,PA,19104,US,39.905152,-75.363317,standard,4145.28
1120,47860,casey.young47860@bigcorp.test,Casey,Young,San Diego,CA,92105,US,32.754042,-116.936254,preferred,1571.4
1121,47902,casey.lee47902@bigcorp.test,Casey,Lee,Dallas,TX,75206,US,32.929424,-96.879633,vip,4047.28
1122,47918,morgan.garcia47918@bigcorp.test,Morgan,Garcia,San Diego,CA,92105,US,32.398706,-117.4302,standard,2536.64
1123,47984,parker.allen47984@bigcorp.test,Parker,Allen,Dallas,TX,75206,US,32.739069,-96.528418,standard,3239.84
1124,48023,avery.hall48023@bigcorp.test,Avery,Hall,Dallas,TX,75206,US,32.551802,-96.763239,standard,3935.76
1125,48026,avery.walker48026@bigcorp.test,Avery,Walker,Austin,TX,78702,US,30.29793,-97.818054,preferred,4112.48
1126,48047,robin.brown48047@bigcorp.test,Robin,Brown,Phoenix,AZ,85018,US,33.83169,-111.808038,standard,2109.92
1127,48089,anne.nguyen48089@bigcorp.test,Anne,Nguyen,Dallas,TX,75206,US,32.583338,-97.17334,vip,1991.08
1128,48110,dana.singh48110@bigcorp.test,Dana,Singh,Dallas,TX,75206,US,32.830605,-96.611289,standard,885.68
1129,48157,jordan.lee48157@bigcorp.test,Jordan,Lee,Dallas,TX,75206,US,32.48778,-96.959847,preferred,2455.12
1130,48211,rowan.garcia48211@bigcorp.test,Rowan,Garcia,San Diego,CA,92105,US,33.089123,-117.502877,standard,4600.8
1131,48244,alex.allen48244@bigcorp.test,Alex,Allen,Austin,TX,78702,US,30.391022,-97.880276,preferred,4787.76
1132,48295,dana.young48295@bigcorp.test,Dana,Young,Dallas,TX,75206,US,32.912353,-97.064025,standard,2849.88
1133,48301,parker.nguyen48301@bigcorp.test,Parker,Nguyen,Dallas,TX,75206,US,32.466164,-96.546555,standard,4901.88
1134,48559,anne.lewis48559@bigcorp.test,Anne,Lewis,Dallas,TX,75206,US,32.649155,-96.62806,standard,2274.64
1135,48563,hayden.allen48563@bigcorp.test,Hayden,Allen,Columbus,OH,43203,US,39.76464,-82.876199,standard,1679.0
1136,48589,riley.lee48589@bigcorp.test,Riley,Lee,San Diego,CA,92105,US,33.047449,-117.321421,standard,4297.32
1137,48606,hayden.jones48606@bigcorp.test,Hayden,Jones,Dallas,TX,75206,US,32.873246,-96.758513,standard,1666.68
1138,48618,dana.lewis48618@bigcorp.test,Dana,Lewis,San Diego,CA,92105,US,32.771858,-117.38318,standard,622.36
1139,48669,rowan.wilson48669@bigcorp.test,Rowan,Wilson,Dallas,TX,75206,US,32.945319,-97.089546,standard,400.0
1140,48679,jordan.lopez48679@bigcorp.test,Jordan,Lopez,Columbus,OH,43203,US,39.754503,-82.535248,vip,4097.12
1141,48858,taylor.garcia48858@bigcorp.test,Taylor,Garcia,San Diego,CA,92105,US,33.060195,-117.396509,standard,4932.92
1142,48878,emerson.singh48878@bigcorp.test,Emerson,Singh,San Diego,CA,92105,US,32.810635,-117.031252,vip,3986.16
1143,48922,taylor.patel48922@bigcorp.test,Taylor,Patel,Dallas,TX,75206,US,32.846636,-96.595323,standard,1942.04
1144,49004,emerson.kim49004@bigcorp.test,Emerson,Kim,Dallas,TX,75206,US,32.42547,-96.751309,standard,1704.48
1145,49009,taylor.jones49009@bigcorp.test,Taylor,Jones,Dallas,TX,75206,US,32.67164,-96.549204,vip,2035.24
1146,49022,reese.singh49022@bigcorp.test,Reese,Singh,Dallas,TX,75206,US,32.431653,-97.064789,standard,2375.16
1147,49102,hayden.young49102@bigcorp.test,Hayden,Young,Dallas,TX,75206,US,32.579593,-97.004847,preferred,3585.96
1148,49244,dana.patel49244@bigcorp.test,Dana,Patel,Columbus,OH,43203,US,39.855495,-82.522816,standard,881.64
1149,49291,jamie.garcia49291@bigcorp.test,Jamie,Garcia,Dallas,TX,75206,US,32.830952,-96.886051,standard,3729.08
1150,49337,david.singh49337@bigcorp.test,David,Singh,Columbus,OH,43203,US,39.644795,-82.851429,standard,1154.16
1151,49400,rowan.singh49400@bigcorp.test,Rowan,Singh,Dallas,TX,75206,US,32.749455,-96.850046,standard,4253.28
1152,49412,alex.lewis49412@bigcorp.test,Alex,Lewis,Dallas,TX,75206,US,32.517089,-97.05874,standard,2095.56
1153,49458,kendall.walker49458@bigcorp.test,Kendall,Walker,Dallas,TX,75206,US,32.764901,-96.679086,standard,1087.04
1154,49489,hayden.kim49489@bigcorp.test,Hayden,Kim,Columbus,OH,43203,US,39.717238,-83.023592,standard,2147.04
1155,49545,anne.clark49545@bigcorp.test,Anne,Clark,Dallas,TX,75206,US,32.639085,-96.6214,standard,6260.48
1156,49576,alex.lee49576@bigcorp.test,Alex,Lee,Columbus,OH,43203,US,39.757289,-83.094683,standard,2072.72
1157,49621,rowan.smith49621@bigcorp.test,Rowan,Smith,Dallas,TX,75206,US,32.955001,-96.879685,preferred,1147.88
1158,49653,rowan.patel49653@bigcorp.test,Rowan,Patel,Columbus,OH,43203,US,39.799642,-82.632583,preferred,3596.48
1159,49682,cameron.singh49682@bigcorp.test,Cameron,Singh,Dallas,TX,75206,US,32.427178,-96.798244,standard,4026.72
1160,49717,dana.lewis49717@bigcorp.test,Dana,Lewis,Dallas,TX,75206,US,32.940356,-97.131231,standard,1996.96
1161,49740,kendall.smith49740@bigcorp.test,Kendall,Smith,Dallas,TX,75206,US,32.934209,-97.024955,standard,4465.48
1162,49754,robin.walker49754@bigcorp.test,Robin,Walker,San Diego,CA,92105,US,32.462978,-117.046533,standard,1268.92
1163,49819,david.smith49819@bigcorp.test,David,Smith,Dallas,TX,75206,US,32.909281,-97.123491,standard,4947.52
1164,49843,reese.garcia49843@bigcorp.test,Reese,Garcia,Dallas,TX,75206,US,32.590773,-97.075629,standard,2926.2
1165,49888,emerson.young49888@bigcorp.test,Emerson,Young,Dallas,TX,75206,US,32.711291,-96.975427,standard,4385.84
1166,49928,avery.walker49928@bigcorp.test,Avery,Walker,San Diego,CA,92105,US,33.035335,-117.284385,standard,960.28
1167,49964,emerson.allen49964@bigcorp.test,Emerson,Allen,Dallas,TX,75206,US,32.657652,-97.141965,preferred,1618.36
1168,50019,jamie.hall50019@bigcorp.test,Jamie,Hall,San Diego,CA,92105,US,32.785014,-117.058079,standard,1923.88
1169,50029,taylor.chen50029@bigcorp.test,Taylor,Chen,Columbus,OH,43203,US,40.228166,-82.959465,standard,4829.84
1170,50057,avery.clark50057@bigcorp.test,Avery,Clark,Dallas,TX,75206,US,32.805323,-96.987755,standard,2549.6
1171,50087,kendall.clark50087@bigcorp.test,Kendall,Clark,Fort Worth,TX,76102,US,32.996653,-97.016338,standard,6069.24
1172,50125,rowan.brown50125@bigcorp.test,Rowan,Brown,Dallas,TX,75206,US,32.697467,-96.863454,standard,1586.12
1173,50162,casey.lewis50162@bigcorp.test,Casey,Lewis,Dallas,TX,75206,US,32.49728,-96.948675,standard,2871.12
1174,50222,jamie.patel50222@bigcorp.test,Jamie,Patel,Dallas,TX,75206,US,32.510204,-96.888736,standard,3175.32
1175,50292,kendall.walker50292@bigcorp.test,Kendall,Walker,San Diego,CA,92105,US,32.916554,-117.302543,standard,3493.72
1176,50297,anne.brown50297@bigcorp.test,Anne,Brown,San Diego,CA,92105,US,32.682708,-117.47137,standard,3471.56
1177,50418,rowan.chen50418@bigcorp.test,Rowan,Chen,Austin,TX,78702,US,30.304269,-97.518692,standard,3928.2
1178,50427,robin.kim50427@bigcorp.test,Robin,Kim,San Diego,CA,92105,US,32.912818,-117.524438,standard,3925.16
1179,50475,avery.brown50475@bigcorp.test,Avery,Brown,Columbus,OH,43203,US,40.179684,-82.9224,standard,4472.04
1180,50539,alex.chen50539@bigcorp.test,Alex,Chen,Dallas,TX,75206,US,32.776891,-96.598047,vip,2716.08
1181,50631,alex.king50631@bigcorp.test,Alex,King,Dallas,TX,75206,US,32.476087,-96.683146,standard,2755.4
1182,50732,riley.king50732@bigcorp.test,Riley,King,Dallas,TX,75206,US,32.696993,-96.655191,preferred,3260.44
1183,50785,hayden.walker50785@bigcorp.test,Hayden,Walker,Austin,TX,78702,US,29.992409,-97.926178,vip,3115.84
1184,50800,cameron.clark50800@bigcorp.test,Cameron,Clark,Dallas,TX,75206,US,32.615593,-97.163002,standard,3464.44
1185,50871,reese.kim50871@bigcorp.test,Reese,Kim,Dallas,TX,75206,US,33.056833,-96.551037,standard,1322.44
1186,50887,jamie.allen50887@bigcorp.test,Jamie,Allen,Dallas,TX,75206,US,32.623593,-96.69199,standard,3648.68
1187,50923,parker.chen50923@bigcorp.test,Parker,Chen,Dallas,TX,75206,US,32.761117,-96.774597,standard,2755.32
1188,50941,reese.brown50941@bigcorp.test,Reese,Brown,Dallas,TX,75206,US,32.487146,-97.090742,standard,1429.32
1189,50998,quinn.smith50998@bigcorp.test,Quinn,Smith,Dallas,TX,75206,US,32.56559,-97.184889,preferred,3214.8
1190,51003,jamie.allen51003@bigcorp.test,Jamie,Allen,Columbus,OH,43203,US,40.173712,-83.136976,preferred,1674.36
1191,51022,cameron.brown51022@bigcorp.test,Cameron,Brown,Dallas,TX,75206,US,32.850393,-96.681298,standard,1075.8
1192,51058,kendall.martin51058@bigcorp.test,Kendall,Martin,Dallas,TX,75206,US,32.721611,-97.122173,standard,2172.08
1193,51091,alex.patel51091@bigcorp.test,Alex,Patel,Dallas,TX,75206,US,32.759815,-97.110449,standard,1966.72
1194,51111,avery.lewis51111@bigcorp.test,Avery,Lewis,Dallas,TX,75206,US,32.816368,-96.892432,standard,3332.4
1195,51131,parker.brown51131@bigcorp.test,Parker,Brown,Dallas,TX,75206,US,33.001737,-96.859759,standard,1738.04
1196,51161,quinn.wilson51161@bigcorp.test,Quinn,Wilson,Austin,TX,78704,US,30.262819,-97.458377,standard,4151.08
1197,51174,parker.walker51174@bigcorp.test,Parker,Walker,Dallas,TX,75206,US,32.972981,-96.938939,standard,3934.12
1198,51219,casey.lee51219@bigcorp.test,Casey,Lee,Dallas,TX,75206,US,32.516649,-96.980807,standard,1341.64
1199,51310,alex.walker51310@bigcorp.test,Alex,Walker,Dallas,TX,75206,US,32.73063,-96.876238,preferred,3764.08
1200,51341,alex.walker51341@bigcorp.test,Alex,Walker,Dallas,TX,75206,US,32.693543,-96.742286,standard,4285.0
1201,51360,adam.singh51360@bigcorp.test,Adam,Singh,Dallas,TX,75206,US,32.720345,-96.527534,standard,2908.28
1202,51372,blake.garcia51372@bigcorp.test,Blake,Garcia,Columbus,OH,43203,US,39.870866,-82.878782,standard,1236.96
1203,51401,emerson.allen51401@bigcorp.test,Emerson,Allen,Dallas,TX,75206,US,33.071389,-96.711525,standard,2713.08
1204,51417,adam.kim51417@bigcorp.test,Adam,Kim,Phoenix,AZ,85018,US,33.800225,-111.959325,standard,4832.04
1205,51441,alex.young51441@bigcorp.test,Alex,Young,Dallas,TX,75206,US,33.053795,-96.715611,standard,6366.48
1206,51481,morgan.young51481@bigcorp.test,Morgan,Young,Dallas,TX,75206,US,32.723143,-96.995681,standard,3551.36
1207,51491,casey.nguyen51491@bigcorp.test,Casey,Nguyen,Dallas,TX,75206,US,32.792907,-96.896247,vip,5318.48
1208,51505,riley.singh51505@bigcorp.test,Riley,Singh,Dallas,TX,75206,US,32.923947,-96.675792,standard,1815.92
1209,51538,rowan.nguyen51538@bigcorp.test,Rowan,Nguyen,Dallas,TX,75206,US,32.481033,-97.020363,preferred,2007.52
1210,51584,jordan.singh51584@bigcorp.test,Jordan,Singh,Dallas,TX,75206,US,32.918986,-96.95852,standard,3433.64
1211,51623,emerson.clark51623@bigcorp.test,Emerson,Clark,Columbus,OH,43203,US,39.916817,-83.132925,standard,1344.0
1212,51624,rowan.allen51624@bigcorp.test,Rowan,Allen,San Diego,CA,92105,US,32.671884,-116.875515,vip,4206.88
1213,51688,blake.kim51688@bigcorp.test,Blake,Kim,Dallas,TX,75206,US,33.068956,-96.896317,preferred,3259.08
1214,51816,david.lewis51816@bigcorp.test,David,Lewis,San Diego,CA,92105,US,32.996231,-117.480881,standard,2812.32
1215,51834,jordan.wilson51834@bigcorp.test,Jordan,Wilson,Dallas,TX,75206,US,32.987542,-97.03578,standard,4398.72
1216,51839,avery.jones51839@bigcorp.test,Avery,Jones,Dallas,TX,75206,US,32.657877,-96.951143,standard,3919.16
1217,51845,riley.wilson51845@bigcorp.test,Riley,Wilson,Dallas,TX,75206,US,32.90597,-96.928961,standard,3389.08
1218,51864,rowan.patel51864@bigcorp.test,Rowan,Patel,Dallas,TX,75206,US,32.624929,-96.983718,standard,4283.0
1219,51867,anne.smith51867@bigcorp.test,Anne,Smith,Dallas,TX,75206,US,32.847697,-96.886254,standard,3741.72
1220,51874,morgan.lewis51874@bigcorp.test,Morgan,Lewis,Dallas,TX,75206,US,32.839139,-96.681187,standard,1673.68
1221,51926,reese.nguyen51926@bigcorp.test,Reese,Nguyen,Dallas,TX,75206,US,33.029629,-96.911517,preferred,2809.8
1222,51930,emerson.lee51930@bigcorp.test,Emerson,Lee,Dallas,TX,75206,US,33.015862,-96.884092,preferred,4937.4
1223,51976,sam.martin51976@bigcorp.test,Sam,Martin,Dallas,TX,75206,US,32.408964,-96.94957,standard,4278.56
1224,52096,taylor.patel52096@bigcorp.test,Taylor,Patel,San Diego,CA,92105,US,32.541143,-116.899591,standard,3928.52
1225,52274,rowan.singh52274@bigcorp.test,Rowan,Singh,Dallas,TX,75206,US,32.880397,-96.657666,standard,2126.92
1226,52361,rowan.smith52361@bigcorp.test,Rowan,Smith,Dallas,TX,75206,US,32.837404,-96.750193,standard,2823.6
1227,52418,casey.garcia52418@bigcorp.test,Casey,Garcia,Dallas,TX,75206,US,32.81643,-96.830639,standard,3719.16
1228,52456,dana.hall52456@bigcorp.test,Dana,Hall,San Diego,CA,92105,US,33.055368,-117.10077,standard,2493.28
1229,52465,hayden.walker52465@bigcorp.test,Hayden,Walker,Dallas,TX,75206,US,32.618257,-96.846164,standard,5454.44
1230,52518,quinn.jones52518@bigcorp.test,Quinn,Jones,San Diego,CA,92105,US,32.800669,-117.485813,standard,4158.2
1231,52561,dana.chen52561@bigcorp.test,Dana,Chen,Dallas,TX,75206,US,32.813254,-96.988197,standard,5662.72
1232,52628,david.smith52628@bigcorp.test,David,Smith,Dallas,TX,75206,US,32.799174,-97.202497,standard,2550.04
1233,52639,parker.lopez52639@bigcorp.test,Parker,Lopez,Dallas,TX,75206,US,32.555527,-96.991769,vip,2859.2
1234,52672,riley.martin52672@bigcorp.test,Riley,Martin,San Diego,CA,92105,US,32.813989,-117.510432,preferred,3267.28
1235,52676,david.clark52676@bigcorp.test,David,Clark,Phoenix,AZ,85018,US,33.445741,-111.813801,standard,5322.56
1236,52680,cameron.garcia52680@bigcorp.test,Cameron,Garcia,San Diego,CA,92105,US,32.877481,-116.917505,standard,4768.68
1237,52683,hayden.brown52683@bigcorp.test,Hayden,Brown,Austin,TX,78702,US,30.239765,-97.758649,standard,2579.04
1238,52743,casey.allen52743@bigcorp.test,Casey,Allen,San Jose,CA,95110,US,37.325667,-122.004342,preferred,3003.32
1239,52757,robin.patel52757@bigcorp.test,Robin,Patel,Dallas,TX,75206,US,32.859612,-97.09459,standard,2274.68
1240,52782,reese.nguyen52782@bigcorp.test,Reese,Nguyen,Dallas,TX,75206,US,32.817602,-96.685621,standard,4275.48
1241,52795,avery.lewis52795@bigcorp.test,Avery,Lewis,Columbus,OH,43203,US,39.714238,-83.24078,standard,1434.92
1242,52805,adam.patel52805@bigcorp.test,Adam,Patel,Dallas,TX,75206,US,32.690581,-97.072813,standard,2532.92
1243,52828,emerson.jones52828@bigcorp.test,Emerson,Jones,Dallas,TX,75206,US,32.654974,-96.720788,standard,2909.48
1244,52836,dana.brown52836@bigcorp.test,Dana,Brown,Dallas,TX,75206,US,32.693607,-96.870502,standard,1255.36
1245,52888,rowan.wilson52888@bigcorp.test,Rowan,Wilson,Los Angeles,CA,90012,US,34.282285,-118.148351,standard,2502.88
1246,52914,kendall.garcia52914@bigcorp.test,Kendall,Garcia,Dallas,TX,75206,US,32.726989,-97.034778,standard,2805.44
1247,52929,jordan.allen52929@bigcorp.test,Jordan,Allen,Dallas,TX,75206,US,32.54383,-96.680185,standard,3097.28
1248,52966,parker.king52966@bigcorp.test,Parker,King,Dallas,TX,75206,US,32.737897,-97.056782,standard,2041.36
1249,52984,parker.lopez52984@bigcorp.test,Parker,Lopez,Dallas,TX,75206,US,32.555908,-96.730308,preferred,2904.08
1250,52987,cameron.patel52987@bigcorp.test,Cameron,Patel,Austin,TX,78702,US,30.246483,-98.16703,preferred,3750.16
1251,52989,morgan.patel52989@bigcorp.test,Morgan,Patel,Dallas,TX,75206,US,32.807274,-96.564493,standard,7079.88
1252,53050,robin.martin53050@bigcorp.test,Robin,Martin,Dallas,TX,75206,US,32.833976,-96.866561,standard,2622.24
1253,53077,anne.young53077@bigcorp.test,Anne,Young,Dallas,TX,75206,US,32.763417,-96.540257,standard,4321.24
1254,53094,riley.garcia53094@bigcorp.test,Riley,Garcia,Los Angeles,CA,90012,US,33.718148,-118.147744,standard,4706.56
1255,53205,dana.smith53205@bigcorp.test,Dana,Smith,Austin,TX,78702,US,30.495478,-97.645007,vip,1019.32
1256,53244,sam.smith53244@bigcorp.test,Sam,Smith,Dallas,TX,75206,US,33.03268,-96.535188,standard,2286.16
1257,53272,jamie.lewis53272@bigcorp.test,Jamie,Lewis,Dallas,TX,75206,US,33.069865,-96.74931,standard,3581.44
1258,53391,blake.walker53391@bigcorp.test,Blake,Walker,Dallas,TX,75206,US,33.006993,-96.735795,preferred,2725.76
1259,53420,casey.kim53420@bigcorp.test,Casey,Kim,San Diego,CA,92105,US,32.779244,-117.299577,standard,2047.96
1260,53421,hayden.smith53421@bigcorp.test,Hayden,Smith,Columbus,OH,43203,US,40.057168,-82.824538,standard,2857.0
1261,53452,morgan.kim53452@bigcorp.test,Morgan,Kim,Dallas,TX,75206,US,32.792843,-96.608294,standard,3574.0
1262,53468,kendall.hall53468@bigcorp.test,Kendall,Hall,Austin,TX,78702,US,30.223224,-98.055789,standard,3064.6
1263,53525,kendall.jones53525@bigcorp.test,Kendall,Jones,Dallas,TX,75206,US,32.69016,-97.162572,standard,4293.16
1264,53540,adam.singh53540@bigcorp.test,Adam,Singh,Dallas,TX,75206,US,32.54203,-96.729038,vip,3935.68
1265,53553,riley.young53553@bigcorp.test,Riley,Young,Dallas,TX,75206,US,32.643745,-96.695828,standard,4652.48
1266,53582,reese.patel53582@bigcorp.test,Reese,Patel,Dallas,TX,75206,US,32.525434,-96.770955,standard,4703.64
1267,53653,quinn.lopez53653@bigcorp.test,Quinn,Lopez,Dallas,TX,75206,US,33.003199,-96.771203,standard,2435.92
1268,53695,parker.kim53695@bigcorp.test,Parker,Kim,San Diego,CA,92105,US,32.625827,-116.963511,standard,4554.04
1269,53769,parker.smith53769@bigcorp.test,Parker,Smith,Dallas,TX,75206,US,32.558415,-96.731007,standard,5186.84
1270,53860,reese.hall53860@bigcorp.test,Reese,Hall,Columbus,OH,43203,US,39.844621,-83.037169,standard,2486.56
1271,53877,dana.smith53877@bigcorp.test,Dana,Smith,Dallas,TX,75206,US,32.907555,-97.016918,standard,5402.68
1272,53934,quinn.lewis53934@bigcorp.test,Quinn,Lewis,Dallas,TX,75206,US,32.494859,-96.610639,standard,2180.72
1273,54054,rowan.clark54054@bigcorp.test,Rowan,Clark,Dallas,TX,75206,US,32.481486,-96.910228,standard,1847.24
1274,54093,robin.young54093@bigcorp.test,Robin,Young,Dallas,TX,75206,US,32.680493,-96.927072,standard,1624.6
1275,54136,sam.nguyen54136@bigcorp.test,Sam,Nguyen,San Diego,CA,92105,US,32.528472,-117.136441,standard,4910.68
1276,54141,emerson.martin54141@bigcorp.test,Emerson,Martin,Dallas,TX,75206,US,33.078864,-96.597295,preferred,3024.84
1277,54144,dana.wilson54144@bigcorp.test,Dana,Wilson,San Diego,CA,92105,US,32.854179,-116.958368,standard,1305.08
1278,54147,blake.singh54147@bigcorp.test,Blake,Singh,San Diego,CA,92105,US,32.547257,-117.134752,standard,5188.76
1279,54233,casey.patel54233@bigcorp.test,Casey,Patel,Dallas,TX,75206,US,32.891224,-97.009016,standard,2425.88
1280,54285,david.allen54285@bigcorp.test,David,Allen,Austin,TX,78702,US,30.037534,-97.526574,standard,4090.8
1281,54368,hayden.lopez54368@bigcorp.test,Hayden,Lopez,San Diego,CA,92105,US,32.620645,-117.209635,standard,3284.16
1282,54391,parker.allen54391@bigcorp.test,Parker,Allen,San Diego,CA,92105,US,32.497896,-117.341249,standard,3000.4
1283,54393,casey.walker54393@bigcorp.test,Casey,Walker,Dallas,TX,75206,US,32.503729,-96.73818,standard,3708.24
1284,54499,riley.smith54499@bigcorp.test,Riley,Smith,Dallas,TX,75206,US,32.741317,-97.063322,standard,4523.44
1285,54538,hayden.chen54538@bigcorp.test,Hayden,Chen,San Diego,CA,92105,US,32.667849,-116.919414,standard,1584.36
1286,54540,jordan.smith54540@bigcorp.test,Jordan,Smith,Dallas,TX,75206,US,32.901215,-96.596058,standard,4404.24
1287,54566,riley.martin54566@bigcorp.test,Riley,Martin,Columbus,OH,43203,US,39.766955,-83.022251,standard,3119.92
1288,54603,hayden.lee54603@bigcorp.test,Hayden,Lee,San Diego,CA,92105,US,32.470128,-117.426694,standard,4386.2
1289,54749,taylor.patel54749@bigcorp.test,Taylor,Patel,Dallas,TX,75206,US,32.891183,-97.061487,standard,4961.24
1290,54799,morgan.smith54799@bigcorp.test,Morgan,Smith,Seattle,WA,98101,US,47.259206,-122.118176,standard,5388.56
1291,54896,jordan.kim54896@bigcorp.test,Jordan,Kim,Dallas,TX,75206,US,32.941712,-97.089234,standard,4990.08
1292,54965,robin.nguyen54965@bigcorp.test,Robin,Nguyen,Dallas,TX,75206,US,32.743809,-96.550935,standard,3660.56
1293,55153,avery.garcia55153@bigcorp.test,Avery,Garcia,San Jose,CA,95110,US,37.251571,-122.129596,standard,6682.2
1294,55207,rowan.smith55207@bigcorp.test,Rowan,Smith,Dallas,TX,75206,US,33.028761,-97.139883,standard,3125.2
1295,55270,blake.smith55270@bigcorp.test,Blake,Smith,Dallas,TX,75206,US,32.679753,-96.842302,standard,3784.6
1296,55287,reese.kim55287@bigcorp.test,Reese,Kim,Dallas,TX,75206,US,32.614526,-96.702503,standard,5826.88
1297,55290,david.patel55290@bigcorp.test,David,Patel,Austin,TX,78702,US,30.303422,-98.168639,vip,2831.8
1298,55451,robin.martin55451@bigcorp.test,Robin,Martin,San Diego,CA,92105,US,32.53993,-116.971861,vip,2002.36
1299,55479,casey.brown55479@bigcorp.test,Casey,Brown,San Diego,CA,92105,US,33.053959,-116.991829,standard,6189.16
1300,55490,sam.clark55490@bigcorp.test,Sam,Clark,San Diego,CA,92105,US,32.779023,-117.099064,preferred,5114.68
1301,55522,jamie.walker55522@bigcorp.test,Jamie,Walker,Austin,TX,78702,US,30.17903,-98.045589,standard,5035.72
1302,55587,hayden.chen55587@bigcorp.test,Hayden,Chen,Columbus,OH,43203,US,40.029353,-82.528413,standard,1080.0
1303,55740,casey.patel55740@bigcorp.test,Casey,Patel,San Diego,CA,92105,US,32.873274,-117.471464,preferred,4196.08
1304,55853,dana.lee55853@bigcorp.test,Dana,Lee,San Diego,CA,92105,US,33.019017,-117.115711,standard,3639.36
1305,55859,parker.brown55859@bigcorp.test,Parker,Brown,Dallas,TX,75206,US,32.6346,-97.203233,standard,9819.48
1306,55905,morgan.garcia55905@bigcorp.test,Morgan,Garcia,Dallas,TX,75206,US,32.806959,-97.186597,preferred,3819.68
1307,56009,emerson.king56009@bigcorp.test,Emerson,King,Dallas,TX,75206,US,32.407842,-96.917783,preferred,4048.92
1308,56074,adam.king56074@bigcorp.test,Adam,King,Dallas,TX,75206,US,32.557856,-96.711394,standard,755.8
1309,56163,riley.smith56163@bigcorp.test,Riley,Smith,San Diego,CA,92105,US,33.079212,-117.316323,preferred,6831.72
1310,56171,cameron.nguyen56171@bigcorp.test,Cameron,Nguyen,Dallas,TX,75206,US,32.762556,-97.164232,standard,3362.2
1311,56338,kendall.lopez56338@bigcorp.test,Kendall,Lopez,Austin,TX,78702,US,30.132405,-98.092055,preferred,2418.32
1312,56406,alex.king56406@bigcorp.test,Alex,King,Dallas,TX,75206,US,32.603934,-96.936072,standard,4037.28
1313,56555,blake.lewis56555@bigcorp.test,Blake,Lewis,Dallas,TX,75206,US,32.616,-96.614509,standard,7299.08
1314,56597,reese.singh56597@bigcorp.test,Reese,Singh,San Jose,CA,95110,US,37.614602,-122.18277,preferred,1732.12
1315,56713,avery.smith56713@bigcorp.test,Avery,Smith,Dallas,TX,75206,US,32.87887,-97.139333,standard,4106.16
1316,56821,reese.garcia56821@bigcorp.test,Reese,Garcia,Dallas,TX,75206,US,32.779591,-96.57299,standard,5164.64
1317,56833,parker.kim56833@bigcorp.test,Parker,Kim,Dallas,TX,75206,US,32.686978,-97.030281,standard,4294.92
1318,56863,casey.garcia56863@bigcorp.test,Casey,Garcia,Dallas,TX,75206,US,32.856684,-96.869781,preferred,3569.04
1319,56868,cameron.singh56868@bigcorp.test,Cameron,Singh,Dallas,TX,75206,US,32.564114,-97.173139,standard,1915.08
1320,56890,emerson.lopez56890@bigcorp.test,Emerson,Lopez,Dallas,TX,75206,US,32.601161,-96.728966,standard,3552.72
1321,56932,emerson.king56932@bigcorp.test,Emerson,King,San Diego,CA,92105,US,33.06869,-117.270725,standard,2975.44
1322,56993,alex.young56993@bigcorp.test,Alex,Young,San Diego,CA,92105,US,32.614053,-117.398281,standard,2318.04
1323,57032,dana.chen57032@bigcorp.test,Dana,Chen,Dallas,TX,75206,US,32.471338,-96.978053,preferred,2996.8
1324,57060,dana.lopez57060@bigcorp.test,Dana,Lopez,Austin,TX,78702,US,29.951417,-97.826955,preferred,2797.12
1325,57072,sam.lee57072@bigcorp.test,Sam,Lee,Columbus,OH,43201,US,40.287797,-82.749419,standard,1985.12
1326,57086,jordan.singh57086@bigcorp.test,Jordan,Singh,San Diego,CA,92105,US,32.839221,-117.143182,vip,1890.16
1327,57098,cameron.patel57098@bigcorp.test,Cameron,Patel,San Jose,CA,95110,US,37.551881,-121.841201,standard,3332.6
1328,57123,robin.patel57123@bigcorp.test,Robin,Patel,Dallas,TX,75206,US,32.572676,-96.627745,vip,5404.72
1329,57167,alex.chen57167@bigcorp.test,Alex,Chen,Dallas,TX,75206,US,32.841394,-97.165099,standard,2770.0
1330,57284,robin.nguyen57284@bigcorp.test,Robin,Nguyen,Indianapolis,IN,46202,US,39.591606,-85.743781,standard,4370.84
1331,57292,blake.lewis57292@bigcorp.test,Blake,Lewis,Dallas,TX,75206,US,33.023684,-96.649718,standard,1366.16
1332,57313,hayden.walker57313@bigcorp.test,Hayden,Walker,Phoenix,AZ,85018,US,33.692745,-112.119293,standard,3568.96
1333,57325,anne.lewis57325@bigcorp.test,Anne,Lewis,Dallas,TX,75206,US,33.093228,-97.108134,preferred,2391.36
1334,57406,emerson.lee57406@bigcorp.test,Emerson,Lee,San Diego,CA,92105,US,32.874177,-116.85136,standard,5440.64
1335,57435,riley.walker57435@bigcorp.test,Riley,Walker,Dallas,TX,75206,US,32.65164,-96.867258,vip,1376.08
1336,57479,alex.kim57479@bigcorp.test,Alex,Kim,Dallas,TX,75206,US,32.866941,-96.595112,standard,2705.48
1337,57488,adam.clark57488@bigcorp.test,Adam,Clark,Dallas,TX,75206,US,32.687403,-96.967444,standard,3470.76
1338,57506,anne.king57506@bigcorp.test,Anne,King,Columbus,OH,43203,US,39.960741,-82.49071,vip,5778.56
1339,57529,riley.kim57529@bigcorp.test,Riley,Kim,Dallas,TX,75206,US,32.930926,-97.138392,standard,3726.36
1340,57542,david.king57542@bigcorp.test,David,King,Indianapolis,IN,46202,US,40.107185,-85.933754,standard,1749.72
1341,57648,casey.lewis57648@bigcorp.test,Casey,Lewis,Dallas,TX,75206,US,32.864292,-97.047784,standard,1773.4
1342,57730,alex.walker57730@bigcorp.test,Alex,Walker,Dallas,TX,75206,US,33.0825,-96.827415,standard,2964.0
1343,57755,jamie.king57755@bigcorp.test,Jamie,King,San Diego,CA,92105,US,32.77484,-117.254905,standard,2846.24
1344,57756,david.lewis57756@bigcorp.test,David,Lewis,Dallas,TX,75206,US,32.980887,-96.762514,standard,5015.84
1345,57787,emerson.lee57787@bigcorp.test,Emerson,Lee,San Diego,CA,92105,US,33.000148,-117.035678,standard,400.0
1346,57807,riley.hall57807@bigcorp.test,Riley,Hall,Austin,TX,78702,US,30.042707,-97.796332,standard,596.24
1347,57845,robin.nguyen57845@bigcorp.test,Robin,Nguyen,Dallas,TX,75206,US,32.561317,-96.928102,standard,2521.2
1348,57864,adam.chen57864@bigcorp.test,Adam,Chen,San Diego,CA,92105,US,32.525761,-117.464923,standard,1634.44
1349,57876,casey.lewis57876@bigcorp.test,Casey,Lewis,Columbus,OH,43201,US,39.723981,-82.800664,preferred,3139.36
1350,57932,reese.allen57932@bigcorp.test,Reese,Allen,San Jose,CA,95110,US,37.111567,-122.23185,standard,3182.16
1351,57965,david.garcia57965@bigcorp.test,David,Garcia,Austin,TX,78702,US,30.343893,-97.757324,standard,4208.8
1352,57970,rowan.hall57970@bigcorp.test,Rowan,Hall,Dallas,TX,75206,US,33.07757,-96.94769,standard,3092.68
1353,58048,parker.garcia58048@bigcorp.test,Parker,Garcia,Dallas,TX,75206,US,32.571687,-96.640453,standard,3053.48
1354,58094,riley.smith58094@bigcorp.test,Riley,Smith,San Diego,CA,92105,US,33.084415,-117.46804,standard,3771.92
1355,58165,dana.clark58165@bigcorp.test,Dana,Clark,Dallas,TX,75206,US,32.609125,-97.159508,vip,8760.4
1356,58177,dana.smith58177@bigcorp.test,Dana,Smith,Dallas,TX,75206,US,32.805839,-96.654447,standard,4794.4
1357,58200,casey.jones58200@bigcorp.test,Casey,Jones,Dallas,TX,75206,US,32.795626,-97.019412,standard,2154.28
1358,58219,parker.smith58219@bigcorp.test,Parker,Smith,San Diego,CA,92105,US,32.520367,-117.413071,standard,2868.84
1359,58226,morgan.young58226@bigcorp.test,Morgan,Young,Dallas,TX,75206,US,32.976474,-96.724888,standard,3308.56
1360,58273,emerson.clark58273@bigcorp.test,Emerson,Clark,Dallas,TX,75206,US,32.550646,-97.002168,vip,3768.04
1361,58286,david.lee58286@bigcorp.test,David,Lee,San Diego,CA,92105,US,32.687615,-116.928199,standard,3816.32
1362,58303,dana.young58303@bigcorp.test,Dana,Young,Dallas,TX,75206,US,32.910366,-96.977948,standard,810.48
1363,58321,kendall.smith58321@bigcorp.test,Kendall,Smith,Austin,TX,78702,US,30.380866,-97.419832,preferred,4718.52
1364,58324,dana.allen58324@bigcorp.test,Dana,Allen,Dallas,TX,75206,US,32.396862,-96.929513,standard,3210.32
1365,58375,kendall.lopez58375@bigcorp.test,Kendall,Lopez,San Francisco,CA,94109,US,37.697644,-122.450547,standard,2320.96
1366,58379,riley.kim58379@bigcorp.test,Riley,Kim,Columbus,OH,43203,US,40.215693,-82.913303,vip,2845.92
1367,58417,riley.brown58417@bigcorp.test,Riley,Brown,Dallas,TX,75206,US,32.697984,-96.938611,standard,2909.36
1368,58450,blake.nguyen58450@bigcorp.test,Blake,Nguyen,Dallas,TX,75206,US,33.06451,-97.150988,standard,1247.84
1369,58518,robin.king58518@bigcorp.test,Robin,King,Phoenix,AZ,85018,US,33.223016,-112.042111,standard,4737.36
1370,58689,morgan.lopez58689@bigcorp.test,Morgan,Lopez,San Diego,CA,92105,US,32.479185,-116.935707,standard,5006.84
1371,58714,reese.patel58714@bigcorp.test,Reese,Patel,San Diego,CA,92105,US,33.060477,-117.034091,standard,2071.4
1372,58716,avery.lewis58716@bigcorp.test,Avery,Lewis,Dallas,TX,75206,US,33.000112,-97.010422,preferred,5927.84
1373,58742,morgan.chen58742@bigcorp.test,Morgan,Chen,San Diego,CA,92105,US,32.919963,-117.072937,standard,3721.24
1374,58756,robin.chen58756@bigcorp.test,Robin,Chen,Dallas,TX,75206,US,32.416493,-97.16255,standard,1707.44
1375,58759,david.hall58759@bigcorp.test,David,Hall,Phoenix,AZ,85018,US,33.466339,-111.839554,standard,4450.12
1376,58898,morgan.patel58898@bigcorp.test,Morgan,Patel,San Diego,CA,92105,US,32.460735,-117.528509,standard,3928.8
1377,58912,robin.jones58912@bigcorp.test,Robin,Jones,Dallas,TX,75206,US,32.438801,-96.864838,standard,7770.8
1378,59049,blake.lee59049@bigcorp.test,Blake,Lee,Dallas,TX,75206,US,33.066731,-96.575302,standard,2902.04
1379,59065,sam.lewis59065@bigcorp.test,Sam,Lewis,Austin,TX,78702,US,30.456041,-97.528878,vip,2690.52
1380,59070,alex.jones59070@bigcorp.test,Alex,Jones,Dallas,TX,75206,US,32.756857,-96.923879,standard,1706.92
1381,59077,morgan.lopez59077@bigcorp.test,Morgan,Lopez,Dallas,TX,75206,US,32.4008,-97.149489,standard,2100.52
1382,59088,avery.walker59088@bigcorp.test,Avery,Walker,San Jose,CA,95113,US,37.262152,-122.044824,standard,2548.32
1383,59110,taylor.patel59110@bigcorp.test,Taylor,Patel,Austin,TX,78702,US,29.941488,-98.029758,standard,2968.6
1384,59119,kendall.brown59119@bigcorp.test,Kendall,Brown,Dallas,TX,75206,US,32.686984,-96.625333,standard,3265.96
1385,59196,reese.martin59196@bigcorp.test,Reese,Martin,San Diego,CA,92105,US,32.782332,-117.081863,standard,956.76
1386,59253,quinn.wilson59253@bigcorp.test,Quinn,Wilson,Dallas,TX,75206,US,32.853685,-96.991104,standard,1934.68
1387,59353,morgan.martin59353@bigcorp.test,Morgan,Martin,Dallas,TX,75206,US,32.995092,-96.544071,standard,3086.36
1388,59379,david.brown59379@bigcorp.test,David,Brown,San Diego,CA,92105,US,32.551995,-117.495875,standard,1821.48
1389,59417,adam.hall59417@bigcorp.test,Adam,Hall,Dallas,TX,75206,US,32.900441,-96.578698,standard,3358.08
1390,59439,morgan.nguyen59439@bigcorp.test,Morgan,Nguyen,San Jose,CA,95110,US,37.506129,-121.617234,standard,2432.08
1391,59462,blake.smith59462@bigcorp.test,Blake,Smith,Dallas,TX,75206,US,32.464653,-96.667898,vip,5660.92
1392,59483,avery.garcia59483@bigcorp.test,Avery,Garcia,San Diego,CA,92101,US,32.917937,-117.076006,preferred,400.0
1393,59486,avery.lewis59486@bigcorp.test,Avery,Lewis,Dallas,TX,75206,US,32.86039,-96.744218,standard,2351.52
1394,59571,morgan.brown59571@bigcorp.test,Morgan,Brown,Dallas,TX,75206,US,33.048487,-96.814635,standard,3491.6
1395,59576,jamie.singh59576@bigcorp.test,Jamie,Singh,Austin,TX,78702,US,30.429188,-98.153027,standard,2089.44
1396,59670,alex.lopez59670@bigcorp.test,Alex,Lopez,Indianapolis,IN,46202,US,40.141679,-85.757311,standard,4529.44
1397,59677,rowan.chen59677@bigcorp.test,Rowan,Chen,Dallas,TX,75206,US,32.865583,-96.772472,preferred,5069.68
1398,59745,rowan.smith59745@bigcorp.test,Rowan,Smith,Dallas,TX,75206,US,32.941642,-97.074321,standard,1639.32
1399,59773,morgan.young59773@bigcorp.test,Morgan,Young,San Diego,CA,92105,US,33.082918,-116.901909,standard,6403.0
1400,59807,kendall.king59807@bigcorp.test,Kendall,King,San Diego,CA,92105,US,33.090477,-116.834187,standard,7312.28
1401,59867,reese.chen59867@bigcorp.test,Reese,Chen,Dallas,TX,75206,US,32.802738,-97.054754,standard,690.56
1402,59871,anne.wilson59871@bigcorp.test,Anne,Wilson,Dallas,TX,75206,US,32.659543,-97.124042,standard,3049.8
1403,59896,jordan.chen59896@bigcorp.test,Jordan,Chen,Dallas,TX,75206,US,32.538864,-97.159441,standard,5561.36
1404,59924,anne.chen59924@bigcorp.test,Anne,Chen,Dallas,TX,75206,US,33.068329,-97.000728,standard,1867.6
1405,59940,jordan.martin59940@bigcorp.test,Jordan,Martin,Dallas,TX,75206,US,32.543327,-97.198975,preferred,6257.72
1406,59976,dana.smith59976@bigcorp.test,Dana,Smith,Dallas,TX,75206,US,32.839772,-96.865591,standard,2672.84
1407,60071,taylor.smith60071@bigcorp.test,Taylor,Smith,San Jose,CA,95110,US,37.028945,-121.936421,standard,3770.76
1408,60293,parker.garcia60293@bigcorp.test,Parker,Garcia,Dallas,TX,75206,US,32.870014,-97.163673,preferred,400.0
1409,60305,robin.lee60305@bigcorp.test,Robin,Lee,San Diego,CA,92105,US,32.601674,-117.2825,standard,3625.6
1410,60391,jordan.smith60391@bigcorp.test,Jordan,Smith,Seattle,WA,98101,US,47.551067,-122.419009,vip,2460.04
1411,60517,anne.smith60517@bigcorp.test,Anne,Smith,Dallas,TX,75206,US,32.45934,-96.739001,preferred,2426.44
1412,60572,adam.allen60572@bigcorp.test,Adam,Allen,Austin,TX,78702,US,29.901919,-98.083443,standard,3016.56
1413,60669,riley.smith60669@bigcorp.test,Riley,Smith,Dallas,TX,75206,US,32.416399,-96.999756,standard,5597.48
1414,60688,sam.kim60688@bigcorp.test,Sam,Kim,Dallas,TX,75206,US,32.746853,-96.989263,preferred,1301.52
1415,60733,taylor.hall60733@bigcorp.test,Taylor,Hall,Dallas,TX,75206,US,32.560178,-96.58135,standard,4006.68
1416,60785,dana.nguyen60785@bigcorp.test,Dana,Nguyen,Dallas,TX,75206,US,32.734316,-96.590229,standard,6677.84
1417,60841,riley.young60841@bigcorp.test,Riley,Young,San Diego,CA,92105,US,32.597759,-117.492332,standard,3940.48
1418,60903,david.garcia60903@bigcorp.test,David,Garcia,Phoenix,AZ,85018,US,33.274118,-111.945052,standard,3201.56
1419,60914,cameron.lopez60914@bigcorp.test,Cameron,Lopez,Dallas,TX,75206,US,32.847863,-96.593281,standard,3224.56
1420,60945,emerson.king60945@bigcorp.test,Emerson,King,Dallas,TX,75206,US,32.491584,-97.07278,preferred,3416.56
1421,61055,alex.smith61055@bigcorp.test,Alex,Smith,Dallas,TX,75206,US,32.575075,-96.826732,standard,1029.4
1422,61062,casey.smith61062@bigcorp.test,Casey,Smith,Dallas,TX,75206,US,32.492797,-96.743228,standard,2222.36
1423,61125,emerson.chen61125@bigcorp.test,Emerson,Chen,Dallas,TX,75206,US,32.769683,-96.9886,standard,2756.56
1424,61205,hayden.jones61205@bigcorp.test,Hayden,Jones,San Diego,CA,92105,US,32.901349,-116.925152,standard,4750.52
1425,61249,kendall.lewis61249@bigcorp.test,Kendall,Lewis,Columbus,OH,43203,US,39.774145,-82.620748,standard,3286.12
1426,61318,avery.lee61318@bigcorp.test,Avery,Lee,Dallas,TX,75206,US,32.902179,-97.154969,standard,2563.48
1427,61387,jordan.martin61387@bigcorp.test,Jordan,Martin,Dallas,TX,75206,US,32.725912,-96.654473,standard,2557.48
1428,61523,avery.smith61523@bigcorp.test,Avery,Smith,Dallas,TX,75206,US,32.395723,-96.789754,standard,3611.76
1429,61615,david.lee61615@bigcorp.test,David,Lee,San Diego,CA,92105,US,32.708313,-117.526673,preferred,600.48
1430,61650,taylor.martin61650@bigcorp.test,Taylor,Martin,Phoenix,AZ,85018,US,33.735079,-112.398972,standard,1992.72
1431,61714,emerson.lewis61714@bigcorp.test,Emerson,Lewis,San Diego,CA,92105,US,33.007304,-117.10035,standard,3071.68
1432,61741,morgan.wilson61741@bigcorp.test,Morgan,Wilson,Columbus,OH,43203,US,39.664303,-82.904255,vip,3282.24
1433,61758,jordan.walker61758@bigcorp.test,Jordan,Walker,Dallas,TX,75206,US,32.885096,-97.163955,standard,5587.92
1434,61821,dana.brown61821@bigcorp.test,Dana,Brown,San Diego,CA,92105,US,32.542965,-117.309786,standard,3633.84
1435,61863,alex.lewis61863@bigcorp.test,Alex,Lewis,Fort Worth,TX,76102,US,32.541596,-97.174589,preferred,2913.32
1436,61865,alex.young61865@bigcorp.test,Alex,Young,San Diego,CA,92105,US,32.543269,-117.20921,standard,3578.88
1437,61885,robin.chen61885@bigcorp.test,Robin,Chen,Dallas,TX,75206,US,32.449341,-97.164576,standard,2117.96
1438,61922,jordan.clark61922@bigcorp.test,Jordan,Clark,Dallas,TX,75206,US,32.416833,-96.685493,standard,3113.68
1439,61964,cameron.brown61964@bigcorp.test,Cameron,Brown,San Diego,CA,92105,US,33.000324,-117.269999,preferred,1177.32
1440,61982,quinn.wilson61982@bigcorp.test,Quinn,Wilson,San Diego,CA,92105,US,32.51261,-117.303332,standard,5621.2
1441,61987,jamie.garcia61987@bigcorp.test,Jamie,Garcia,Dallas,TX,75206,US,32.992828,-96.882102,preferred,2231.04
1442,62145,taylor.jones62145@bigcorp.test,Taylor,Jones,San Diego,CA,92105,US,32.951537,-117.038161,standard,3847.16
1443,62279,kendall.nguyen62279@bigcorp.test,Kendall,Nguyen,Dallas,TX,75206,US,32.996295,-96.884612,standard,1827.56
1444,62287,morgan.young62287@bigcorp.test,Morgan,Young,San Diego,CA,92105,US,32.789936,-117.034121,standard,2087.44
1445,62312,casey.martin62312@bigcorp.test,Casey,Martin,Austin,TX,78702,US,30.16334,-97.649443,standard,1749.12
1446,62322,morgan.young62322@bigcorp.test,Morgan,Young,Dallas,TX,75206,US,32.488464,-96.927732,standard,5036.84
1447,62358,alex.clark62358@bigcorp.test,Alex,Clark,Austin,TX,78702,US,29.988388,-98.019904,standard,2277.56
1448,62419,jamie.hall62419@bigcorp.test,Jamie,Hall,Dallas,TX,75206,US,33.093662,-96.953909,standard,1479.68
1449,62644,casey.allen62644@bigcorp.test,Casey,Allen,Dallas,TX,75206,US,32.740732,-96.742984,standard,2744.44
1450,62647,quinn.chen62647@bigcorp.test,Quinn,Chen,Dallas,TX,75206,US,32.80305,-96.658563,preferred,2535.6
1451,62649,cameron.brown62649@bigcorp.test,Cameron,Brown,Dallas,TX,75206,US,33.05614,-96.706617,standard,4838.16
1452,62664,morgan.wilson62664@bigcorp.test,Morgan,Wilson,Dallas,TX,75206,US,33.006213,-97.051404,standard,2041.44
1453,62685,alex.patel62685@bigcorp.test,Alex,Patel,Columbus,OH,43203,US,40.142617,-82.977034,standard,2173.12
1454,62731,parker.singh62731@bigcorp.test,Parker,Singh,Dallas,TX,75206,US,32.540197,-96.950479,standard,3607.2
1455,62748,quinn.patel62748@bigcorp.test,Quinn,Patel,Dallas,TX,75206,US,33.004144,-97.133295,vip,4248.48
1456,62780,emerson.smith62780@bigcorp.test,Emerson,Smith,Dallas,TX,75206,US,32.896625,-96.753473,standard,400.0
1457,62788,alex.hall62788@bigcorp.test,Alex,Hall,Phoenix,AZ,85018,US,33.56165,-111.742715,standard,4348.24
1458,62811,kendall.wilson62811@bigcorp.test,Kendall,Wilson,Dallas,TX,75206,US,32.935365,-97.151109,standard,1684.84
1459,62872,alex.nguyen62872@bigcorp.test,Alex,Nguyen,Austin,TX,78704,US,30.084775,-97.738675,standard,1258.4
1460,62910,robin.patel62910@bigcorp.test,Robin,Patel,Dallas,TX,75206,US,32.60443,-96.966179,standard,5699.88
1461,62953,robin.lee62953@bigcorp.test,Robin,Lee,Austin,TX,78702,US,30.052399,-97.792469,standard,446.44
1462,63014,quinn.brown63014@bigcorp.test,Quinn,Brown,Dallas,TX,75206,US,32.769712,-97.16609,standard,4181.48
1463,63052,taylor.patel63052@bigcorp.test,Taylor,Patel,San Diego,CA,92105,US,33.058993,-117.464657,standard,6135.2
1464,63132,emerson.clark63132@bigcorp.test,Emerson,Clark,Dallas,TX,75206,US,32.74518,-96.824208,standard,3049.72
1465,63146,robin.walker63146@bigcorp.test,Robin,Walker,San Diego,CA,92105,US,32.816281,-117.038816,standard,3653.04
1466,63148,parker.wilson63148@bigcorp.test,Parker,Wilson,San Diego,CA,92105,US,33.014321,-117.474843,standard,1795.12
1467,63180,casey.lee63180@bigcorp.test,Casey,Lee,San Diego,CA,92105,US,32.47766,-117.196555,standard,1094.92
1468,63310,riley.lewis63310@bigcorp.test,Riley,Lewis,Dallas,TX,75206,US,32.956472,-96.836102,preferred,3557.4
1469,63355,blake.hall63355@bigcorp.test,Blake,Hall,Dallas,TX,75206,US,32.939626,-97.163943,standard,400.0
1470,63444,quinn.king63444@bigcorp.test,Quinn,King,Dallas,TX,75206,US,32.738332,-96.699626,standard,4753.16
1471,63453,cameron.kim63453@bigcorp.test,Cameron,Kim,Dallas,TX,75206,US,32.715611,-97.019377,standard,1461.68
1472,63532,dana.lewis63532@bigcorp.test,Dana,Lewis,Columbus,OH,43203,US,40.112076,-82.679925,standard,4298.52
1473,63564,dana.king63564@bigcorp.test,Dana,King,Dallas,TX,75206,US,32.466072,-96.750313,standard,400.0
1474,63582,kendall.allen63582@bigcorp.test,Kendall,Allen,San Diego,CA,92105,US,32.691997,-117.47737,standard,3091.64
1475,63649,casey.singh63649@bigcorp.test,Casey,Singh,Dallas,TX,75206,US,32.674266,-96.703436,standard,741.04
1476,63740,adam.walker63740@bigcorp.test,Adam,Walker,San Diego,CA,92105,US,32.442801,-116.85827,standard,1674.44
1477,63880,riley.lee63880@bigcorp.test,Riley,Lee,Dallas,TX,75206,US,32.681339,-97.188254,standard,4464.36
1478,63881,emerson.walker63881@bigcorp.test,Emerson,Walker,Dallas,TX,75206,US,32.660326,-97.057913,standard,4055.24
1479,63902,alex.smith63902@bigcorp.test,Alex,Smith,Dallas,TX,75206,US,32.61542,-96.95432,preferred,3422.48
1480,64018,sam.smith64018@bigcorp.test,Sam,Smith,Dallas,TX,75206,US,32.929719,-96.759173,standard,5700.32
1481,64123,david.lewis64123@bigcorp.test,David,Lewis,Dallas,TX,75206,US,32.51442,-96.69707,standard,4431.36
1482,64178,quinn.walker64178@bigcorp.test,Quinn,Walker,Dallas,TX,75206,US,32.458511,-96.893376,standard,4573.24
1483,64230,taylor.martin64230@bigcorp.test,Taylor,Martin,San Diego,CA,92105,US,32.785374,-117.01831,standard,9205.84
1484,64245,anne.nguyen64245@bigcorp.test,Anne,Nguyen,Austin,TX,78702,US,30.36491,-97.814764,standard,2124.88
1485,64301,taylor.young64301@bigcorp.test,Taylor,Young,Dallas,TX,75206,US,32.73892,-96.552729,standard,2314.64
1486,64356,parker.allen64356@bigcorp.test,Parker,Allen,San Jose,CA,95113,US,37.094863,-122.140739,standard,3460.32
1487,64503,david.allen64503@bigcorp.test,David,Allen,Dallas,TX,75206,US,32.85296,-96.801195,standard,2519.28
1488,64517,taylor.lewis64517@bigcorp.test,Taylor,Lewis,San Diego,CA,92105,US,32.571686,-117.252234,standard,3249.64
1489,64534,kendall.walker64534@bigcorp.test,Kendall,Walker,San Diego,CA,92105,US,32.855435,-117.261307,standard,3001.88
1490,64539,rowan.lewis64539@bigcorp.test,Rowan,Lewis,Dallas,TX,75206,US,32.769404,-97.137439,standard,1059.92
1491,64546,parker.smith64546@bigcorp.test,Parker,Smith,Dallas,TX,75206,US,32.812756,-96.861948,standard,400.0
1492,64571,kendall.lopez64571@bigcorp.test,Kendall,Lopez,Austin,TX,78702,US,30.371916,-97.865236,standard,2261.32
1493,64641,riley.young64641@bigcorp.test,Riley,Young,San Diego,CA,92105,US,32.438202,-117.521028,standard,1852.2
1494,64785,blake.smith64785@bigcorp.test,Blake,Smith,Dallas,TX,75206,US,32.420605,-96.826143,standard,3324.32
1495,64792,alex.clark64792@bigcorp.test,Alex,Clark,Dallas,TX,75206,US,32.948405,-96.831759,standard,4694.32
1496,64811,cameron.walker64811@bigcorp.test,Cameron,Walker,Dallas,TX,75206,US,33.058975,-96.562908,standard,1043.04
1497,64899,anne.allen64899@bigcorp.test,Anne,Allen,Dallas,TX,75206,US,32.542519,-97.159988,standard,1305.32
1498,64924,avery.kim64924@bigcorp.test,Avery,Kim,Columbus,OH,43203,US,40.065282,-83.166145,standard,2536.28
1499,64943,robin.lopez64943@bigcorp.test,Robin,Lopez,Columbus,OH,43203,US,40.036866,-83.115662,standard,5663.24
1500,64982,parker.singh64982@bigcorp.test,Parker,Singh,San Diego,CA,92105,US,32.58474,-117.513016,preferred,3159.24
1501,65010,dana.young65010@bigcorp.test,Dana,Young,San Diego,CA,92105,US,32.406343,-116.925872,vip,1331.04
1502,65026,quinn.chen65026@bigcorp.test,Quinn,Chen,Dallas,TX,75206,US,32.837991,-97.194134,standard,690.72
1503,65045,david.garcia65045@bigcorp.test,David,Garcia,Columbus,OH,43203,US,39.934666,-82.7192,standard,3857.32
1504,65076,emerson.lee65076@bigcorp.test,Emerson,Lee,Dallas,TX,75206,US,33.05171,-96.735861,standard,3799.84
1505,65120,jamie.lewis65120@bigcorp.test,Jamie,Lewis,Dallas,TX,75206,US,32.549783,-96.900615,standard,2133.6
1506,65331,adam.allen65331@bigcorp.test,Adam,Allen,Dallas,TX,75206,US,32.420218,-97.077007,preferred,4454.44
1507,65458,emerson.smith65458@bigcorp.test,Emerson,Smith,Dallas,TX,75206,US,32.594069,-96.681717,standard,1259.76
1508,65467,jamie.patel65467@bigcorp.test,Jamie,Patel,Dallas,TX,75206,US,32.628045,-96.628974,standard,3229.32
1509,65480,emerson.garcia65480@bigcorp.test,Emerson,Garcia,San Diego,CA,92105,US,32.928135,-117.165225,standard,4128.8
1510,65548,blake.lewis65548@bigcorp.test,Blake,Lewis,Dallas,TX,75206,US,32.998201,-96.7906,standard,3967.4
1511,65570,kendall.wilson65570@bigcorp.test,Kendall,Wilson,Dallas,TX,75206,US,32.726977,-96.514178,standard,4334.52
1512,65628,emerson.garcia65628@bigcorp.test,Emerson,Garcia,Dallas,TX,75206,US,32.756387,-96.889179,standard,1822.76
1513,65677,alex.clark65677@bigcorp.test,Alex,Clark,Dallas,TX,75206,US,32.674407,-97.066494,standard,1599.12
1514,65680,casey.lewis65680@bigcorp.test,Casey,Lewis,Dallas,TX,75206,US,33.035545,-97.024607,preferred,1066.72
1515,65723,avery.lee65723@bigcorp.test,Avery,Lee,Austin,TX,78702,US,29.981884,-97.742491,vip,5263.6
1516,65772,reese.clark65772@bigcorp.test,Reese,Clark,Austin,TX,78702,US,30.375871,-97.548466,standard,2867.68
1517,65822,casey.garcia65822@bigcorp.test,Casey,Garcia,Dallas,TX,75206,US,32.70113,-96.646442,standard,2362.08
1518,65882,kendall.nguyen65882@bigcorp.test,Kendall,Nguyen,Dallas,TX,75206,US,33.05202,-96.803399,standard,2886.32
1519,65909,hayden.martin65909@bigcorp.test,Hayden,Martin,San Diego,CA,92105,US,32.469211,-117.474804,standard,8416.4
1520,65927,robin.walker65927@bigcorp.test,Robin,Walker,Dallas,TX,75206,US,32.413223,-96.827273,preferred,5458.8
1521,65937,blake.clark65937@bigcorp.test,Blake,Clark,Dallas,TX,75206,US,32.508662,-97.059868,standard,6003.2
1522,66017,riley.jones66017@bigcorp.test,Riley,Jones,Dallas,TX,75206,US,32.851648,-96.508899,standard,2355.76
1523,66183,kendall.allen66183@bigcorp.test,Kendall,Allen,Dallas,TX,75206,US,32.873316,-96.986538,standard,3522.44
1524,66280,robin.chen66280@bigcorp.test,Robin,Chen,Dallas,TX,75206,US,32.400519,-96.866261,standard,5270.08
1525,66340,robin.kim66340@bigcorp.test,Robin,Kim,Dallas,TX,75206,US,32.504909,-97.11985,vip,1984.0
1526,66349,blake.clark66349@bigcorp.test,Blake,Clark,Dallas,TX,75206,US,32.710865,-96.812839,standard,4797.8
1527,66368,parker.lee66368@bigcorp.test,Parker,Lee,Columbus,OH,43203,US,40.272176,-82.971984,standard,3346.0
1528,66385,anne.hall66385@bigcorp.test,Anne,Hall,Dallas,TX,75206,US,32.536314,-96.712046,standard,3114.8
1529,66440,quinn.walker66440@bigcorp.test,Quinn,Walker,San Jose,CA,95110,US,37.043875,-121.891608,standard,3999.84
1530,66447,blake.allen66447@bigcorp.test,Blake,Allen,Indianapolis,IN,46202,US,40.089009,-86.097882,standard,3254.2
1531,66473,hayden.chen66473@bigcorp.test,Hayden,Chen,Dallas,TX,75206,US,32.516606,-96.85465,preferred,3959.32
1532,66511,taylor.king66511@bigcorp.test,Taylor,King,Dallas,TX,75206,US,33.030537,-96.837663,standard,5325.28
1533,66519,cameron.nguyen66519@bigcorp.test,Cameron,Nguyen,Austin,TX,78702,US,29.917254,-97.927636,preferred,6991.68
1534,66561,cameron.patel66561@bigcorp.test,Cameron,Patel,Phoenix,AZ,85018,US,33.320452,-112.388863,standard,2598.04
1535,66568,robin.nguyen66568@bigcorp.test,Robin,Nguyen,Dallas,TX,75206,US,32.69078,-97.170017,standard,2777.76
1536,66624,reese.singh66624@bigcorp.test,Reese,Singh,Dallas,TX,75206,US,32.857684,-97.060061,standard,2581.36
1537,66629,parker.lopez66629@bigcorp.test,Parker,Lopez,Dallas,TX,75206,US,32.720853,-97.096141,standard,2791.16
1538,66665,quinn.garcia66665@bigcorp.test,Quinn,Garcia,Dallas,TX,75206,US,32.718273,-96.897997,standard,3612.68
1539,66709,kendall.king66709@bigcorp.test,Kendall,King,San Diego,CA,92105,US,33.027689,-117.131619,standard,4497.72
1540,66751,cameron.king66751@bigcorp.test,Cameron,King,Columbus,OH,43203,US,39.663663,-82.821515,preferred,6226.68
1541,66801,emerson.brown66801@bigcorp.test,Emerson,Brown,Austin,TX,78702,US,29.937297,-97.583205,vip,3766.0
1542,66828,casey.kim66828@bigcorp.test,Casey,Kim,Dallas,TX,75206,US,32.632306,-97.094718,standard,400.0
1543,66829,avery.smith66829@bigcorp.test,Avery,Smith,San Diego,CA,92105,US,32.953279,-117.011391,preferred,3417.68
1544,66849,jamie.allen66849@bigcorp.test,Jamie,Allen,Dallas,TX,75206,US,32.54092,-96.678165,standard,2589.48
1545,66888,adam.smith66888@bigcorp.test,Adam,Smith,Dallas,TX,75206,US,32.711862,-97.185468,preferred,2890.0
1546,66935,rowan.nguyen66935@bigcorp.test,Rowan,Nguyen,Indianapolis,IN,46202,US,39.534261,-85.784949,standard,619.44
1547,66936,emerson.patel66936@bigcorp.test,Emerson,Patel,Dallas,TX,75206,US,32.937917,-96.625649,standard,4102.88
1548,67057,taylor.singh67057@bigcorp.test,Taylor,Singh,Dallas,TX,75206,US,32.691471,-96.943535,standard,1514.44
1549,67085,david.patel67085@bigcorp.test,David,Patel,Dallas,TX,75206,US,32.824892,-96.736799,standard,1254.2
1550,67105,avery.clark67105@bigcorp.test,Avery,Clark,San Diego,CA,92105,US,33.036877,-117.035094,preferred,2203.44
1551,67190,emerson.singh67190@bigcorp.test,Emerson,Singh,Dallas,TX,75206,US,32.895458,-96.702067,standard,2027.48
1552,67229,blake.lee67229@bigcorp.test,Blake,Lee,Dallas,TX,75206,US,33.078199,-97.150736,standard,5084.0
1553,67267,jamie.chen67267@bigcorp.test,Jamie,Chen,Dallas,TX,75206,US,32.747729,-96.781117,standard,2422.92
1554,67331,robin.lopez67331@bigcorp.test,Robin,Lopez,Austin,TX,78702,US,29.988974,-97.58269,standard,2482.48
1555,67472,jordan.brown67472@bigcorp.test,Jordan,Brown,Dallas,TX,75206,US,32.511813,-96.731659,standard,4015.16
1556,67516,dana.singh67516@bigcorp.test,Dana,Singh,Dallas,TX,75206,US,32.424293,-97.055765,standard,896.04
1557,67518,blake.clark67518@bigcorp.test,Blake,Clark,Dallas,TX,75206,US,32.635086,-96.919991,standard,2338.2
1558,67545,kendall.nguyen67545@bigcorp.test,Kendall,Nguyen,Dallas,TX,75206,US,32.771556,-96.610375,standard,5256.68
1559,67548,blake.martin67548@bigcorp.test,Blake,Martin,Dallas,TX,75206,US,32.685884,-97.108514,standard,2720.92
1560,67567,cameron.smith67567@bigcorp.test,Cameron,Smith,Columbus,OH,43203,US,40.002078,-82.684,standard,577.08
1561,67631,dana.allen67631@bigcorp.test,Dana,Allen,Dallas,TX,75206,US,32.482897,-97.105002,preferred,1977.92
1562,67660,dana.patel67660@bigcorp.test,Dana,Patel,Dallas,TX,75206,US,33.077054,-96.650972,standard,2528.16
1563,67743,sam.allen67743@bigcorp.test,Sam,Allen,Phoenix,AZ,85018,US,33.841937,-111.729004,standard,3014.32
1564,67863,dana.jones67863@bigcorp.test,Dana,Jones,Dallas,TX,75206,US,33.06606,-96.666408,standard,5430.24
1565,67883,adam.smith67883@bigcorp.test,Adam,Smith,Dallas,TX,75206,US,32.694845,-96.920617,standard,4745.08
1566,67895,jamie.jones67895@bigcorp.test,Jamie,Jones,Dallas,TX,75206,US,33.076292,-97.018464,standard,3059.88
1567,67908,jordan.clark67908@bigcorp.test,Jordan,Clark,Dallas,TX,75206,US,32.671932,-96.779784,vip,1297.4
1568,68028,alex.patel68028@bigcorp.test,Alex,Patel,San Diego,CA,92105,US,32.611799,-117.083863,standard,845.36
1569,68035,riley.lopez68035@bigcorp.test,Riley,Lopez,Dallas,TX,75206,US,32.434268,-96.511944,standard,2524.4
1570,68096,blake.allen68096@bigcorp.test,Blake,Allen,San Diego,CA,92105,US,33.060502,-117.123544,standard,4631.32
1571,68106,adam.hall68106@bigcorp.test,Adam,Hall,Indianapolis,IN,46202,US,39.818894,-85.666987,preferred,5639.76
1572,68236,robin.jones68236@bigcorp.test,Robin,Jones,Dallas,TX,75206,US,32.617106,-96.899712,preferred,3778.76
1573,68252,robin.smith68252@bigcorp.test,Robin,Smith,Dallas,TX,75206,US,32.881822,-96.987029,standard,3010.6
1574,68278,avery.nguyen68278@bigcorp.test,Avery,Nguyen,Dallas,TX,75206,US,32.420895,-96.77336,standard,5561.0
1575,68280,reese.martin68280@bigcorp.test,Reese,Martin,Dallas,TX,75206,US,32.753477,-96.998357,standard,3693.84
1576,68333,blake.lopez68333@bigcorp.test,Blake,Lopez,Dallas,TX,75206,US,32.871895,-96.729674,standard,3422.04
1577,68394,reese.lopez68394@bigcorp.test,Reese,Lopez,Austin,TX,78702,US,30.310509,-98.189611,standard,4622.76
1578,68422,parker.smith68422@bigcorp.test,Parker,Smith,Dallas,TX,75206,US,32.607296,-96.901447,standard,1644.24
1579,68515,kendall.garcia68515@bigcorp.test,Kendall,Garcia,Dallas,TX,75206,US,32.64312,-97.047094,standard,2005.24
1580,68604,morgan.brown68604@bigcorp.test,Morgan,Brown,Dallas,TX,75206,US,32.805601,-97.081463,preferred,2797.0
1581,68627,dana.singh68627@bigcorp.test,Dana,Singh,Dallas,TX,75206,US,33.018185,-96.799901,preferred,819.64
1582,68696,riley.martin68696@bigcorp.test,Riley,Martin,Dallas,TX,75206,US,32.880168,-96.673449,standard,3319.32
1583,68738,anne.garcia68738@bigcorp.test,Anne,Garcia,San Diego,CA,92105,US,32.931553,-117.248087,standard,1619.76
1584,68750,alex.allen68750@bigcorp.test,Alex,Allen,Dallas,TX,75206,US,33.042211,-96.915215,standard,3704.56
1585,68773,sam.smith68773@bigcorp.test,Sam,Smith,Indianapolis,IN,46202,US,39.612583,-85.733632,standard,1263.4
1586,68849,kendall.smith68849@bigcorp.test,Kendall,Smith,Dallas,TX,75206,US,32.507831,-96.604142,standard,3295.48
1587,68897,quinn.smith68897@bigcorp.test,Quinn,Smith,Austin,TX,78702,US,30.344471,-97.940185,vip,2755.04
1588,68899,jordan.lewis68899@bigcorp.test,Jordan,Lewis,Indianapolis,IN,46202,US,39.654674,-85.710619,vip,2319.88
1589,69232,casey.allen69232@bigcorp.test,Casey,Allen,Dallas,TX,75206,US,32.72585,-96.891089,vip,3242.4
1590,69234,avery.lopez69234@bigcorp.test,Avery,Lopez,Dallas,TX,75206,US,32.67674,-96.83174,preferred,5428.16
1591,69274,emerson.young69274@bigcorp.test,Emerson,Young,San Diego,CA,92105,US,32.903648,-116.916568,standard,2593.96
1592,69303,blake.patel69303@bigcorp.test,Blake,Patel,Dallas,TX,75206,US,32.697045,-97.081639,standard,2185.16
1593,69345,robin.clark69345@bigcorp.test,Robin,Clark,San Diego,CA,92105,US,32.463195,-117.482018,standard,4490.24
1594,69352,quinn.patel69352@bigcorp.test,Quinn,Patel,Dallas,TX,75206,US,32.925858,-96.980613,vip,2254.0
1595,69406,blake.young69406@bigcorp.test,Blake,Young,Dallas,TX,75206,US,32.796005,-96.995729,standard,3278.88
1596,69409,david.smith69409@bigcorp.test,David,Smith,Dallas,TX,75206,US,32.902709,-96.537981,standard,4242.68
1597,69429,sam.brown69429@bigcorp.test,Sam,Brown,Jacksonville,FL,32202,US,30.0698,-81.415308,preferred,3955.28
1598,69430,casey.brown69430@bigcorp.test,Casey,Brown,Dallas,TX,75206,US,32.939174,-96.621541,standard,2178.24
1599,69470,hayden.patel69470@bigcorp.test,Hayden,Patel,Dallas,TX,75206,US,32.602057,-96.968297,standard,4564.0
1600,69521,dana.nguyen69521@bigcorp.test,Dana,Nguyen,San Francisco,CA,94103,US,37.498463,-122.172704,preferred,1454.4
1601,69617,avery.smith69617@bigcorp.test,Avery,Smith,Dallas,TX,75206,US,32.848075,-96.897687,standard,2975.64
1602,69636,anne.singh69636@bigcorp.test,Anne,Singh,San Diego,CA,92105,US,32.965582,-117.424127,preferred,4765.96
1603,69680,taylor.jones69680@bigcorp.test,Taylor,Jones,Dallas,TX,75206,US,33.021931,-96.605749,standard,4967.68
1604,69722,alex.kim69722@bigcorp.test,Alex,Kim,Dallas,TX,75206,US,32.939392,-96.908922,standard,4861.36
1605,69743,jamie.singh69743@bigcorp.test,Jamie,Singh,Austin,TX,78702,US,30.424883,-98.094651,preferred,2958.88
1606,69863,dana.kim69863@bigcorp.test,Dana,Kim,Dallas,TX,75206,US,32.875064,-96.518135,standard,2475.72
1607,69893,david.jones69893@bigcorp.test,David,Jones,Dallas,TX,75206,US,32.472484,-96.962676,standard,2759.2
1608,69896,robin.clark69896@bigcorp.test,Robin,Clark,Dallas,TX,75206,US,32.781073,-96.615398,preferred,2282.12
1609,69918,avery.brown69918@bigcorp.test,Avery,Brown,Dallas,TX,75206,US,32.424379,-97.199118,standard,4936.24
1610,69926,parker.allen69926@bigcorp.test,Parker,Allen,Dallas,TX,75206,US,32.819371,-96.855627,standard,470.0
1611,69938,anne.lewis69938@bigcorp.test,Anne,Lewis,Dallas,TX,75206,US,32.409575,-96.926071,preferred,3185.2
1612,69956,avery.hall69956@bigcorp.test,Avery,Hall,San Francisco,CA,94109,US,37.506471,-122.139979,standard,1783.0
1613,70031,avery.smith70031@bigcorp.test,Avery,Smith,Dallas,TX,75206,US,32.64708,-96.755295,standard,1141.52
1614,70083,parker.young70083@bigcorp.test,Parker,Young,Indianapolis,IN,46202,US,39.737408,-85.989912,standard,2854.6
1615,70133,morgan.young70133@bigcorp.test,Morgan,Young,San Diego,CA,92105,US,32.462036,-117.331276,standard,2126.24
1616,70144,cameron.king70144@bigcorp.test,Cameron,King,Dallas,TX,75206,US,32.907631,-96.718141,standard,2657.08
1617,70169,anne.jones70169@bigcorp.test,Anne,Jones,Dallas,TX,75206,US,32.650816,-97.023011,standard,4114.84
1618,70223,dana.allen70223@bigcorp.test,Dana,Allen,Columbus,OH,43203,US,39.791878,-83.07934,standard,4679.72
1619,70241,hayden.lopez70241@bigcorp.test,Hayden,Lopez,San Diego,CA,92105,US,33.070265,-117.46855,standard,3506.28
1620,70261,reese.kim70261@bigcorp.test,Reese,Kim,Dallas,TX,75206,US,32.725881,-96.967861,standard,1125.76
1621,70266,reese.wilson70266@bigcorp.test,Reese,Wilson,Dallas,TX,75206,US,32.721515,-96.637956,standard,2729.48
1622,70326,riley.king70326@bigcorp.test,Riley,King,Dallas,TX,75206,US,32.8059,-96.657435,standard,3232.76
1623,70349,emerson.young70349@bigcorp.test,Emerson,Young,Dallas,TX,75206,US,32.604281,-96.96213,standard,3977.72
1624,70355,jamie.singh70355@bigcorp.test,Jamie,Singh,Dallas,TX,75206,US,32.454571,-96.721106,standard,2151.88
1625,70378,parker.king70378@bigcorp.test,Parker,King,San Diego,CA,92105,US,33.063835,-117.295101,standard,3512.52
1626,70436,sam.lee70436@bigcorp.test,Sam,Lee,San Diego,CA,92105,US,32.50528,-117.454542,standard,1851.12
1627,70459,anne.kim70459@bigcorp.test,Anne,Kim,Philadelphia,PA,19104,US,40.100496,-75.434876,preferred,1026.68
1628,70480,robin.smith70480@bigcorp.test,Robin,Smith,Dallas,TX,75206,US,32.810004,-97.030094,preferred,1748.0
1629,70500,cameron.allen70500@bigcorp.test,Cameron,Allen,Dallas,TX,75206,US,32.871843,-96.929456,standard,2609.4
1630,70551,kendall.king70551@bigcorp.test,Kendall,King,Dallas,TX,75206,US,32.861754,-96.825639,preferred,3890.72
1631,70685,parker.garcia70685@bigcorp.test,Parker,Garcia,Dallas,TX,75206,US,32.776797,-97.017956,standard,809.84
1632,70691,quinn.young70691@bigcorp.test,Quinn,Young,Dallas,TX,75206,US,32.960432,-96.724952,standard,5002.04
1633,70719,sam.patel70719@bigcorp.test,Sam,Patel,Dallas,TX,75206,US,32.621909,-97.161955,standard,4830.12
1634,70776,avery.smith70776@bigcorp.test,Avery,Smith,Dallas,TX,75206,US,33.006054,-97.097433,standard,4486.16
1635,70802,casey.smith70802@bigcorp.test,Casey,Smith,Dallas,TX,75206,US,32.528426,-97.022481,standard,400.0
1636,70991,anne.walker70991@bigcorp.test,Anne,Walker,Dallas,TX,75206,US,32.442567,-96.530137,standard,2230.08
1637,70998,parker.nguyen70998@bigcorp.test,Parker,Nguyen,Dallas,TX,75206,US,32.562491,-96.97512,standard,1927.64
1638,71043,parker.lee71043@bigcorp.test,Parker,Lee,San Diego,CA,92105,US,32.842012,-117.417591,standard,4269.8
1639,71073,david.jones71073@bigcorp.test,David,Jones,San Diego,CA,92105,US,32.825069,-116.899318,preferred,3613.32
1640,71080,parker.lewis71080@bigcorp.test,Parker,Lewis,Columbus,OH,43203,US,39.662954,-82.958308,standard,3648.4
1641,71109,adam.nguyen71109@bigcorp.test,Adam,Nguyen,Dallas,TX,75206,US,32.743471,-96.865308,standard,6315.8
1642,71175,hayden.patel71175@bigcorp.test,Hayden,Patel,Dallas,TX,75206,US,33.072271,-96.885252,standard,3606.4
1643,71263,emerson.walker71263@bigcorp.test,Emerson,Walker,Phoenix,AZ,85018,US,33.363271,-111.958213,standard,4888.84
1644,71268,rowan.clark71268@bigcorp.test,Rowan,Clark,Dallas,TX,75206,US,32.712142,-96.694315,standard,2985.04
1645,71274,casey.patel71274@bigcorp.test,Casey,Patel,San Diego,CA,92105,US,33.061411,-117.479366,standard,4046.24
1646,71306,quinn.garcia71306@bigcorp.test,Quinn,Garcia,San Diego,CA,92105,US,32.914816,-117.425199,standard,1511.52
1647,71340,taylor.singh71340@bigcorp.test,Taylor,Singh,Indianapolis,IN,46202,US,40.000558,-85.69647,standard,3609.44
1648,71341,dana.lee71341@bigcorp.test,Dana,Lee,Dallas,TX,75206,US,32.715969,-97.147633,standard,1893.0
1649,71356,robin.walker71356@bigcorp.test,Robin,Walker,Dallas,TX,75206,US,32.841993,-97.075748,standard,2846.8
1650,71399,reese.patel71399@bigcorp.test,Reese,Patel,San Diego,CA,92105,US,32.861021,-116.972422,preferred,4150.28
1651,71426,anne.wilson71426@bigcorp.test,Anne,Wilson,Dallas,TX,75206,US,32.421534,-97.016822,vip,7557.32
1652,71517,emerson.nguyen71517@bigcorp.test,Emerson,Nguyen,San Diego,CA,92105,US,32.984369,-117.458628,standard,3275.04
1653,71529,robin.smith71529@bigcorp.test,Robin,Smith,Dallas,TX,75206,US,32.886638,-96.725594,standard,3819.84
1654,71599,morgan.singh71599@bigcorp.test,Morgan,Singh,Dallas,TX,75206,US,32.681774,-96.793447,standard,4042.4
1655,71608,taylor.lee71608@bigcorp.test,Taylor,Lee,San Diego,CA,92105,US,32.597827,-116.938121,standard,5827.24
1656,71611,blake.jones71611@bigcorp.test,Blake,Jones,Dallas,TX,75206,US,33.092233,-96.709524,standard,1987.84
1657,71637,anne.kim71637@bigcorp.test,Anne,Kim,Dallas,TX,75206,US,32.554081,-96.57064,standard,1859.28
1658,71680,adam.king71680@bigcorp.test,Adam,King,Dallas,TX,75206,US,32.432071,-96.696699,standard,2611.08
1659,71681,adam.patel71681@bigcorp.test,Adam,Patel,Dallas,TX,75206,US,32.607319,-96.755286,standard,2214.24
1660,71708,parker.allen71708@bigcorp.test,Parker,Allen,Dallas,TX,75206,US,32.555307,-96.894274,vip,2644.72
1661,71764,emerson.patel71764@bigcorp.test,Emerson,Patel,Dallas,TX,75206,US,32.428514,-96.702427,standard,3412.96
1662,71770,adam.king71770@bigcorp.test,Adam,King,Dallas,TX,75206,US,32.473071,-96.569254,standard,2275.28
1663,71865,cameron.walker71865@bigcorp.test,Cameron,Walker,San Diego,CA,92105,US,32.439649,-116.841505,preferred,4560.4
1664,71959,blake.garcia71959@bigcorp.test,Blake,Garcia,Dallas,TX,75206,US,32.977233,-97.04792,preferred,5189.6
1665,71961,blake.chen71961@bigcorp.test,Blake,Chen,Dallas,TX,75206,US,32.520858,-97.016253,standard,3456.24
1666,71981,sam.hall71981@bigcorp.test,Sam,Hall,Dallas,TX,75206,US,32.610983,-97.036552,standard,2281.76
1667,71993,adam.jones71993@bigcorp.test,Adam,Jones,Dallas,TX,75206,US,32.960275,-97.065598,standard,4682.2
1668,71997,hayden.clark71997@bigcorp.test,Hayden,Clark,Dallas,TX,75206,US,32.42847,-96.74973,standard,2586.04
1669,72016,blake.singh72016@bigcorp.test,Blake,Singh,San Diego,CA,92105,US,32.679111,-116.948274,standard,1698.6
1670,72175,blake.lewis72175@bigcorp.test,Blake,Lewis,Dallas,TX,75206,US,32.767728,-97.117043,preferred,2245.6
1671,72189,taylor.garcia72189@bigcorp.test,Taylor,Garcia,Dallas,TX,75206,US,32.544854,-97.045613,standard,1087.84
1672,72243,taylor.smith72243@bigcorp.test,Taylor,Smith,Philadelphia,PA,19104,US,39.701049,-75.200073,standard,1630.12
1673,72282,anne.nguyen72282@bigcorp.test,Anne,Nguyen,San Diego,CA,92105,US,32.557012,-117.185815,standard,3059.2
1674,72284,blake.garcia72284@bigcorp.test,Blake,Garcia,Dallas,TX,75206,US,32.993343,-96.599306,standard,2946.96
1675,72351,david.lopez72351@bigcorp.test,David,Lopez,Dallas,TX,75206,US,32.776986,-97.196431,standard,5218.72
1676,72488,parker.lewis72488@bigcorp.test,Parker,Lewis,Dallas,TX,75206,US,32.777179,-97.111427,standard,4392.12
1677,72494,hayden.hall72494@bigcorp.test,Hayden,Hall,Dallas,TX,75206,US,32.908259,-97.192864,standard,3256.4
1678,72511,sam.patel72511@bigcorp.test,Sam,Patel,Dallas,TX,75206,US,32.994132,-97.096047,standard,4529.64
1679,72582,adam.singh72582@bigcorp.test,Adam,Singh,Dallas,TX,75206,US,32.693987,-96.796483,standard,729.96
1680,72624,avery.walker72624@bigcorp.test,Avery,Walker,Dallas,TX,75206,US,32.680091,-97.154731,standard,400.0
1681,72722,adam.lopez72722@bigcorp.test,Adam,Lopez,Austin,TX,78702,US,30.179284,-98.141569,standard,4758.68
1682,72756,jamie.garcia72756@bigcorp.test,Jamie,Garcia,Dallas,TX,75206,US,32.864528,-97.069208,standard,2364.0
1683,72770,quinn.singh72770@bigcorp.test,Quinn,Singh,Dallas,TX,75206,US,32.469589,-97.096999,preferred,5009.48
1684,72819,alex.patel72819@bigcorp.test,Alex,Patel,Dallas,TX,75206,US,32.669895,-96.6875,standard,2205.12
1685,72861,emerson.walker72861@bigcorp.test,Emerson,Walker,Dallas,TX,75206,US,32.662154,-96.743988,standard,2861.8
1686,72928,morgan.lee72928@bigcorp.test,Morgan,Lee,Austin,TX,78702,US,30.554277,-98.175234,standard,2489.32
1687,72969,cameron.wilson72969@bigcorp.test,Cameron,Wilson,San Diego,CA,92105,US,32.903448,-117.155815,standard,2234.04
1688,72986,rowan.kim72986@bigcorp.test,Rowan,Kim,Indianapolis,IN,46202,US,39.488802,-85.807354,standard,1215.72
1689,73015,blake.lopez73015@bigcorp.test,Blake,Lopez,Dallas,TX,75206,US,32.558461,-97.034148,preferred,2939.68
1690,73070,taylor.jones73070@bigcorp.test,Taylor,Jones,Dallas,TX,75206,US,32.919841,-97.02538,standard,3185.88
1691,73135,jordan.patel73135@bigcorp.test,Jordan,Patel,Dallas,TX,75206,US,33.065162,-96.628096,standard,5568.4
1692,73257,anne.singh73257@bigcorp.test,Anne,Singh,Dallas,TX,75206,US,32.622626,-96.583359,standard,3237.84
1693,73258,alex.lee73258@bigcorp.test,Alex,Lee,Dallas,TX,75206,US,33.063144,-97.171329,standard,411.56
1694,73354,hayden.hall73354@bigcorp.test,Hayden,Hall,Dallas,TX,75206,US,32.68197,-96.530617,standard,4599.08
1695,73368,alex.walker73368@bigcorp.test,Alex,Walker,Dallas,TX,75206,US,32.763345,-97.070282,standard,3334.92
1696,73471,alex.kim73471@bigcorp.test,Alex,Kim,Dallas,TX,75206,US,32.416762,-97.065963,standard,3387.92
1697,73481,hayden.patel73481@bigcorp.test,Hayden,Patel,Dallas,TX,75206,US,32.713229,-96.665073,standard,1680.72
1698,73489,kendall.lewis73489@bigcorp.test,Kendall,Lewis,Dallas,TX,75206,US,33.059753,-96.914813,preferred,4446.28
1699,73501,casey.lee73501@bigcorp.test,Casey,Lee,Austin,TX,78702,US,30.444331,-98.03486,standard,1821.56
1700,73548,emerson.allen73548@bigcorp.test,Emerson,Allen,Dallas,TX,75206,US,32.652905,-97.191007,preferred,2052.28
1701,73621,dana.clark73621@bigcorp.test,Dana,Clark,Dallas,TX,75206,US,33.060833,-96.677497,preferred,1584.28
1702,73658,jamie.lewis73658@bigcorp.test,Jamie,Lewis,San Diego,CA,92105,US,32.636843,-117.113983,preferred,4108.96
1703,73885,robin.kim73885@bigcorp.test,Robin,Kim,San Diego,CA,92105,US,32.876928,-117.170294,standard,3923.6
1704,73906,jamie.king73906@bigcorp.test,Jamie,King,Austin,TX,78702,US,30.209812,-97.964526,standard,4587.88
1705,73907,dana.wilson73907@bigcorp.test,Dana,Wilson,Dallas,TX,75206,US,32.723297,-96.727857,standard,3363.44
1706,73910,rowan.chen73910@bigcorp.test,Rowan,Chen,San Diego,CA,92105,US,32.56765,-117.04253,preferred,1291.96
1707,73942,dana.hall73942@bigcorp.test,Dana,Hall,Dallas,TX,75206,US,32.773824,-97.134791,standard,2103.2
1708,73982,hayden.allen73982@bigcorp.test,Hayden,Allen,Dallas,TX,75206,US,32.572649,-96.708184,standard,1600.76
1709,73997,hayden.martin73997@bigcorp.test,Hayden,Martin,Dallas,TX,75206,US,32.533253,-96.51672,standard,6704.64
1710,74002,quinn.lee74002@bigcorp.test,Quinn,Lee,San Diego,CA,92105,US,32.928367,-117.153468,standard,2451.72
1711,74090,kendall.chen74090@bigcorp.test,Kendall,Chen,Dallas,TX,75206,US,32.612821,-96.934379,standard,3128.52
1712,74166,robin.lee74166@bigcorp.test,Robin,Lee,Dallas,TX,75206,US,32.542222,-97.20588,preferred,3165.92
1713,74372,quinn.hall74372@bigcorp.test,Quinn,Hall,Dallas,TX,75206,US,32.707836,-96.642052,standard,4354.44
1714,74383,sam.allen74383@bigcorp.test,Sam,Allen,Dallas,TX,75206,US,32.758448,-96.598042,preferred,3073.52
1715,74414,rowan.singh74414@bigcorp.test,Rowan,Singh,Dallas,TX,75206,US,32.819633,-96.548053,preferred,1592.84
1716,74434,riley.kim74434@bigcorp.test,Riley,Kim,Dallas,TX,75206,US,32.406809,-97.028375,standard,5129.56
1717,74449,rowan.lopez74449@bigcorp.test,Rowan,Lopez,Austin,TX,78702,US,30.039874,-97.478418,standard,1167.32
1718,74508,alex.king74508@bigcorp.test,Alex,King,Dallas,TX,75206,US,32.647703,-97.15444,standard,2416.6
1719,74564,sam.wilson74564@bigcorp.test,Sam,Wilson,San Diego,CA,92105,US,32.878302,-117.359717,standard,1472.48
1720,74589,casey.singh74589@bigcorp.test,Casey,Singh,San Jose,CA,95113,US,37.084963,-122.043219,standard,2440.6
1721,74704,quinn.brown74704@bigcorp.test,Quinn,Brown,Dallas,TX,75206,US,32.553907,-97.045017,standard,2108.68
1722,74731,anne.walker74731@bigcorp.test,Anne,Walker,Dallas,TX,75206,US,32.697779,-96.642722,standard,4580.84
1723,74761,anne.hall74761@bigcorp.test,Anne,Hall,Dallas,TX,75206,US,32.963279,-96.555627,standard,2024.68
1724,74794,dana.lopez74794@bigcorp.test,Dana,Lopez,San Diego,CA,92105,US,32.498886,-117.06466,standard,2083.92
1725,74799,blake.clark74799@bigcorp.test,Blake,Clark,San Diego,CA,92105,US,32.560838,-117.097448,standard,3610.88
1726,74809,david.patel74809@bigcorp.test,David,Patel,San Diego,CA,92105,US,33.009931,-117.288544,standard,2205.6
1727,74816,jamie.young74816@bigcorp.test,Jamie,Young,Dallas,TX,75206,US,32.927516,-97.052136,standard,4564.2
1728,74851,taylor.lewis74851@bigcorp.test,Taylor,Lewis,Dallas,TX,75206,US,32.543167,-96.552713,standard,4163.16
1729,74872,david.smith74872@bigcorp.test,David,Smith,Dallas,TX,75206,US,32.412706,-96.608346,vip,4517.2
1730,74874,avery.wilson74874@bigcorp.test,Avery,Wilson,Dallas,TX,75206,US,32.918972,-96.812,standard,3336.72
1731,74894,sam.hall74894@bigcorp.test,Sam,Hall,Dallas,TX,75206,US,32.962577,-97.179597,standard,2685.68
1732,74930,parker.nguyen74930@bigcorp.test,Parker,Nguyen,Dallas,TX,75206,US,32.443845,-96.936205,standard,965.72
1733,74955,casey.chen74955@bigcorp.test,Casey,Chen,Dallas,TX,75206,US,32.581116,-96.618689,standard,4434.48
1734,74985,anne.allen74985@bigcorp.test,Anne,Allen,San Diego,CA,92105,US,32.643124,-116.956695,standard,4368.04
1735,75000,morgan.martin75000@bigcorp.test,Morgan,Martin,Dallas,TX,75206,US,32.426976,-96.684044,standard,5073.36
1736,75002,reese.chen75002@bigcorp.test,Reese,Chen,San Diego,CA,92105,US,32.761372,-117.229559,standard,3045.04
1737,75061,emerson.lee75061@bigcorp.test,Emerson,Lee,Dallas,TX,75206,US,32.852315,-96.711613,standard,3317.28
1738,75063,jamie.nguyen75063@bigcorp.test,Jamie,Nguyen,San Diego,CA,92105,US,32.605662,-117.423273,vip,3361.24
1739,75068,anne.singh75068@bigcorp.test,Anne,Singh,Columbus,OH,43201,US,40.029157,-83.125501,standard,2065.32
1740,75137,hayden.king75137@bigcorp.test,Hayden,King,San Diego,CA,92105,US,32.903657,-117.252217,standard,4530.64
1741,75148,casey.walker75148@bigcorp.test,Casey,Walker,Dallas,TX,75206,US,32.692113,-96.647001,standard,2932.72
1742,75233,hayden.brown75233@bigcorp.test,Hayden,Brown,Austin,TX,78702,US,30.256448,-97.886102,standard,4900.72
1743,75251,quinn.walker75251@bigcorp.test,Quinn,Walker,Dallas,TX,75206,US,32.90515,-96.917587,standard,5046.24
1744,75258,morgan.walker75258@bigcorp.test,Morgan,Walker,Columbus,OH,43203,US,39.793939,-83.142957,standard,3080.96
1745,75306,alex.lee75306@bigcorp.test,Alex,Lee,San Diego,CA,92105,US,33.069928,-117.145449,standard,3144.04
1746,75318,reese.clark75318@bigcorp.test,Reese,Clark,Dallas,TX,75206,US,33.030398,-96.910587,preferred,2821.68
1747,75344,jamie.lewis75344@bigcorp.test,Jamie,Lewis,Austin,TX,78702,US,30.094948,-97.813129,standard,1745.44
1748,75522,emerson.garcia75522@bigcorp.test,Emerson,Garcia,Columbus,OH,43201,US,40.161631,-83.100202,standard,3166.64
1749,75533,reese.smith75533@bigcorp.test,Reese,Smith,San Diego,CA,92105,US,32.812446,-117.094278,standard,4328.16
1750,75560,sam.smith75560@bigcorp.test,Sam,Smith,Dallas,TX,75206,US,32.824084,-96.577192,standard,2142.52
1751,75618,riley.jones75618@bigcorp.test,Riley,Jones,Dallas,TX,75206,US,32.701372,-96.903678,standard,3559.08
1752,75651,jordan.singh75651@bigcorp.test,Jordan,Singh,Dallas,TX,75206,US,32.515769,-96.82272,standard,2912.0
1753,75673,reese.nguyen75673@bigcorp.test,Reese,Nguyen,Dallas,TX,75206,US,32.601829,-97.028924,standard,2324.68
1754,75699,morgan.chen75699@bigcorp.test,Morgan,Chen,Dallas,TX,75206,US,32.740165,-96.585684,standard,3849.72
1755,75750,emerson.smith75750@bigcorp.test,Emerson,Smith,Dallas,TX,75206,US,32.680731,-96.681989,standard,5363.8
1756,75769,parker.young75769@bigcorp.test,Parker,Young,Austin,TX,78704,US,30.301618,-97.876594,standard,1542.56
1757,75785,quinn.singh75785@bigcorp.test,Quinn,Singh,Dallas,TX,75206,US,32.689704,-97.174257,standard,5653.24
1758,75808,kendall.smith75808@bigcorp.test,Kendall,Smith,San Diego,CA,92105,US,32.653398,-117.086268,standard,6640.48
1759,75826,alex.young75826@bigcorp.test,Alex,Young,Dallas,TX,75206,US,33.053123,-96.725274,standard,2353.0
1760,75953,robin.brown75953@bigcorp.test,Robin,Brown,San Diego,CA,92105,US,32.646956,-117.287357,standard,4106.36
1761,75963,robin.allen75963@bigcorp.test,Robin,Allen,Dallas,TX,75206,US,32.72289,-96.984889,standard,4025.44
1762,75972,david.smith75972@bigcorp.test,David,Smith,San Diego,CA,92105,US,32.763409,-117.073272,vip,3058.28
1763,75996,adam.wilson75996@bigcorp.test,Adam,Wilson,Dallas,TX,75206,US,32.607431,-97.106391,standard,4511.6
1764,76112,hayden.nguyen76112@bigcorp.test,Hayden,Nguyen,Dallas,TX,75206,US,32.835277,-96.690587,preferred,4980.2
1765,76131,quinn.garcia76131@bigcorp.test,Quinn,Garcia,Dallas,TX,75206,US,32.726268,-96.944845,preferred,1399.4
1766,76168,robin.patel76168@bigcorp.test,Robin,Patel,San Diego,CA,92105,US,32.495005,-117.479368,standard,2348.72
1767,76199,riley.martin76199@bigcorp.test,Riley,Martin,Dallas,TX,75206,US,32.430201,-97.022056,preferred,2954.36
1768,76216,robin.brown76216@bigcorp.test,Robin,Brown,Dallas,TX,75206,US,32.778468,-96.915692,standard,4621.04
1769,76251,kendall.smith76251@bigcorp.test,Kendall,Smith,Dallas,TX,75206,US,32.624274,-96.935411,standard,3657.16
1770,76269,dana.chen76269@bigcorp.test,Dana,Chen,Columbus,OH,43203,US,40.295938,-82.538573,vip,4053.8
1771,76311,parker.allen76311@bigcorp.test,Parker,Allen,Dallas,TX,75206,US,32.826649,-97.07543,preferred,7985.96
1772,76369,dana.brown76369@bigcorp.test,Dana,Brown,Dallas,TX,75206,US,32.953151,-96.655456,preferred,2689.96
1773,76388,taylor.young76388@bigcorp.test,Taylor,Young,Columbus,OH,43203,US,40.234663,-82.756397,standard,5604.12
1774,76396,cameron.walker76396@bigcorp.test,Cameron,Walker,Dallas,TX,75206,US,32.815908,-96.639147,standard,2700.28
1775,76421,jordan.brown76421@bigcorp.test,Jordan,Brown,Dallas,TX,75206,US,32.873611,-96.914624,standard,3036.44
1776,76511,jamie.patel76511@bigcorp.test,Jamie,Patel,Dallas,TX,75206,US,32.906272,-96.912335,standard,1655.4
1777,76587,jordan.nguyen76587@bigcorp.test,Jordan,Nguyen,Dallas,TX,75206,US,32.703621,-96.802564,standard,2691.32
1778,76647,cameron.singh76647@bigcorp.test,Cameron,Singh,Dallas,TX,75206,US,32.655563,-97.193115,standard,5605.36
1779,76670,emerson.young76670@bigcorp.test,Emerson,Young,Dallas,TX,75206,US,32.676227,-97.156946,standard,4731.68
1780,76676,david.smith76676@bigcorp.test,David,Smith,Dallas,TX,75206,US,33.056433,-97.142844,standard,3540.76
1781,76799,david.smith76799@bigcorp.test,David,Smith,Columbus,OH,43203,US,39.742759,-83.140188,standard,10258.64
1782,76841,parker.smith76841@bigcorp.test,Parker,Smith,Dallas,TX,75206,US,32.576715,-96.968226,standard,1176.88
1783,76944,jordan.smith76944@bigcorp.test,Jordan,Smith,San Diego,CA,92105,US,32.431079,-117.52353,vip,3597.0
1784,76969,anne.nguyen76969@bigcorp.test,Anne,Nguyen,Dallas,TX,75206,US,32.869392,-96.510804,standard,2679.64
1785,77018,david.singh77018@bigcorp.test,David,Singh,Columbus,OH,43203,US,39.729567,-82.921538,standard,2875.96
1786,77078,jamie.singh77078@bigcorp.test,Jamie,Singh,Indianapolis,IN,46202,US,39.758565,-85.711369,standard,2168.56
1787,77094,robin.wilson77094@bigcorp.test,Robin,Wilson,Dallas,TX,75206,US,33.065131,-96.970436,standard,888.64
1788,77098,jordan.clark77098@bigcorp.test,Jordan,Clark,Dallas,TX,75206,US,33.039178,-97.055727,standard,1471.48
1789,77105,casey.clark77105@bigcorp.test,Casey,Clark,Austin,TX,78702,US,30.267408,-97.741391,standard,2921.16
1790,77115,morgan.smith77115@bigcorp.test,Morgan,Smith,San Diego,CA,92105,US,32.774456,-116.89119,standard,894.64
1791,77139,morgan.smith77139@bigcorp.test,Morgan,Smith,Dallas,TX,75206,US,32.712363,-96.77045,standard,2889.44
1792,77147,anne.clark77147@bigcorp.test,Anne,Clark,San Diego,CA,92105,US,32.806544,-117.09016,standard,2194.0
1793,77198,parker.hall77198@bigcorp.test,Parker,Hall,San Diego,CA,92105,US,32.928207,-117.093386,standard,5415.12
1794,77248,rowan.nguyen77248@bigcorp.test,Rowan,Nguyen,Austin,TX,78702,US,30.311503,-97.718223,standard,3740.64
1795,77251,dana.smith77251@bigcorp.test,Dana,Smith,Dallas,TX,75206,US,32.835232,-96.936777,preferred,544.76
1796,77279,taylor.kim77279@bigcorp.test,Taylor,Kim,Dallas,TX,75206,US,32.568819,-96.728335,standard,3444.48
1797,77300,hayden.king77300@bigcorp.test,Hayden,King,Dallas,TX,75206,US,32.649808,-96.556455,standard,2930.48
1798,77338,reese.smith77338@bigcorp.test,Reese,Smith,Dallas,TX,75206,US,32.452321,-97.174972,preferred,8107.6
1799,77344,sam.king77344@bigcorp.test,Sam,King,Dallas,TX,75206,US,32.691918,-96.702436,standard,929.64
1800,77459,avery.lopez77459@bigcorp.test,Avery,Lopez,Dallas,TX,75206,US,32.458615,-96.922106,preferred,1096.52
1801,77473,hayden.garcia77473@bigcorp.test,Hayden,Garcia,Indianapolis,IN,46202,US,39.855714,-86.290766,standard,4587.44
1802,77562,riley.smith77562@bigcorp.test,Riley,Smith,Dallas,TX,75206,US,32.796047,-96.828335,standard,5608.56
1803,77623,avery.hall77623@bigcorp.test,Avery,Hall,Columbus,OH,43203,US,40.136579,-82.89114,standard,4082.48
1804,77662,parker.singh77662@bigcorp.test,Parker,Singh,San Diego,CA,92105,US,33.097127,-117.117154,standard,2325.48
1805,77696,alex.singh77696@bigcorp.test,Alex,Singh,Dallas,TX,75206,US,32.697869,-96.871585,standard,3245.64
1806,77747,jordan.garcia77747@bigcorp.test,Jordan,Garcia,Dallas,TX,75206,US,32.898061,-96.77523,standard,4112.64
1807,77756,robin.clark77756@bigcorp.test,Robin,Clark,Dallas,TX,75206,US,32.623751,-96.641578,standard,3172.88
1808,77799,blake.brown77799@bigcorp.test,Blake,Brown,San Diego,CA,92105,US,32.739958,-117.454156,standard,400.0
1809,77822,emerson.wilson77822@bigcorp.test,Emerson,Wilson,San Diego,CA,92105,US,32.754769,-117.40911,preferred,2747.6
1810,77834,rowan.kim77834@bigcorp.test,Rowan,Kim,San Diego,CA,92105,US,32.806483,-116.834872,preferred,4835.8
1811,77866,rowan.smith77866@bigcorp.test,Rowan,Smith,San Diego,CA,92105,US,32.588768,-116.886768,preferred,7117.12
1812,77989,casey.walker77989@bigcorp.test,Casey,Walker,Dallas,TX,75206,US,32.444095,-96.536427,standard,6523.28
1813,78056,cameron.smith78056@bigcorp.test,Cameron,Smith,Dallas,TX,75206,US,32.739353,-97.103629,standard,2141.44
1814,78061,alex.smith78061@bigcorp.test,Alex,Smith,Dallas,TX,75206,US,32.51777,-96.720358,standard,3008.44
1815,78071,morgan.lee78071@bigcorp.test,Morgan,Lee,Indianapolis,IN,46202,US,39.52299,-85.834234,standard,4602.04
1816,78110,rowan.jones78110@bigcorp.test,Rowan,Jones,Austin,TX,78702,US,30.323473,-97.989425,standard,5700.16
1817,78123,dana.smith78123@bigcorp.test,Dana,Smith,Dallas,TX,75206,US,32.819871,-96.709495,standard,1297.72
1818,78162,reese.allen78162@bigcorp.test,Reese,Allen,Dallas,TX,75206,US,32.78317,-96.652007,standard,2452.92
1819,78279,robin.allen78279@bigcorp.test,Robin,Allen,Dallas,TX,75206,US,32.666565,-96.631472,standard,4015.16
1820,78329,cameron.lee78329@bigcorp.test,Cameron,Lee,San Diego,CA,92105,US,32.845041,-117.292241,standard,4519.2
1821,78348,kendall.king78348@bigcorp.test,Kendall,King,San Diego,CA,92105,US,32.576833,-117.078907,standard,2909.8
1822,78361,jordan.clark78361@bigcorp.test,Jordan,Clark,Dallas,TX,75206,US,32.448534,-97.107578,standard,4552.24
1823,78475,avery.chen78475@bigcorp.test,Avery,Chen,Columbus,OH,43203,US,39.860906,-82.758218,standard,3900.2
1824,78485,kendall.kim78485@bigcorp.test,Kendall,Kim,Dallas,TX,75206,US,32.820035,-97.021069,standard,2198.28
1825,78579,robin.jones78579@bigcorp.test,Robin,Jones,Dallas,TX,75206,US,32.72505,-97.034554,standard,1585.96
1826,78580,jordan.hall78580@bigcorp.test,Jordan,Hall,Dallas,TX,75206,US,32.612858,-97.062703,standard,1605.04
1827,78604,hayden.king78604@bigcorp.test,Hayden,King,Dallas,TX,75206,US,32.996358,-97.168275,standard,3035.76
1828,78699,emerson.jones78699@bigcorp.test,Emerson,Jones,Dallas,TX,75206,US,33.036638,-96.961903,standard,3396.52
1829,78792,blake.patel78792@bigcorp.test,Blake,Patel,Dallas,TX,75206,US,32.394726,-97.050971,vip,2619.52
1830,78872,sam.smith78872@bigcorp.test,Sam,Smith,Dallas,TX,75206,US,32.863952,-96.638507,standard,3185.4
1831,78903,cameron.allen78903@bigcorp.test,Cameron,Allen,Dallas,TX,75206,US,32.400762,-97.030209,standard,3357.88
1832,78980,casey.king78980@bigcorp.test,Casey,King,San Diego,CA,92105,US,32.68493,-116.926999,standard,4986.0
1833,79028,robin.garcia79028@bigcorp.test,Robin,Garcia,Dallas,TX,75206,US,33.070834,-96.777981,standard,1140.04
1834,79099,kendall.brown79099@bigcorp.test,Kendall,Brown,Austin,TX,78704,US,30.233117,-97.763061,preferred,3584.72
1835,79103,parker.chen79103@bigcorp.test,Parker,Chen,Dallas,TX,75206,US,32.943593,-96.964988,vip,1240.12
1836,79117,kendall.lee79117@bigcorp.test,Kendall,Lee,San Diego,CA,92105,US,32.511162,-116.954011,standard,1595.64
1837,79127,riley.garcia79127@bigcorp.test,Riley,Garcia,Dallas,TX,75206,US,32.976412,-96.596768,standard,2610.36
1838,79155,jamie.king79155@bigcorp.test,Jamie,King,Columbus,OH,43203,US,39.877784,-82.630237,standard,542.6
1839,79161,rowan.patel79161@bigcorp.test,Rowan,Patel,San Diego,CA,92105,US,33.034304,-117.46477,standard,3365.56
1840,79206,sam.martin79206@bigcorp.test,Sam,Martin,Austin,TX,78702,US,29.896646,-97.932153,standard,6173.76
1841,79396,jamie.clark79396@bigcorp.test,Jamie,Clark,Dallas,TX,75206,US,32.574243,-96.767954,standard,1240.76
1842,79402,taylor.lopez79402@bigcorp.test,Taylor,Lopez,Dallas,TX,75206,US,32.611373,-96.85147,standard,2123.32
1843,79470,riley.chen79470@bigcorp.test,Riley,Chen,Dallas,TX,75206,US,32.753276,-96.511206,standard,3464.04
1844,79531,jordan.jones79531@bigcorp.test,Jordan,Jones,Dallas,TX,75206,US,32.46785,-96.860963,standard,4434.76
1845,79543,taylor.smith79543@bigcorp.test,Taylor,Smith,Dallas,TX,75206,US,32.832094,-96.820414,standard,4069.76
1846,79557,blake.brown79557@bigcorp.test,Blake,Brown,Dallas,TX,75206,US,32.945112,-96.694822,standard,3261.52
1847,79565,avery.martin79565@bigcorp.test,Avery,Martin,San Diego,CA,92105,US,32.409236,-117.194265,standard,770.0
1848,79586,parker.singh79586@bigcorp.test,Parker,Singh,Indianapolis,IN,46202,US,40.150101,-86.197402,standard,726.88
1849,79639,adam.singh79639@bigcorp.test,Adam,Singh,Dallas,TX,75206,US,32.61345,-97.014555,preferred,3395.0
1850,79647,parker.smith79647@bigcorp.test,Parker,Smith,San Diego,CA,92105,US,32.869977,-117.165329,standard,3320.2
1851,79703,sam.nguyen79703@bigcorp.test,Sam,Nguyen,Dallas,TX,75206,US,32.852585,-96.931597,vip,2593.0
1852,79748,parker.singh79748@bigcorp.test,Parker,Singh,Dallas,TX,75206,US,32.90911,-97.141415,preferred,802.88
1853,79812,riley.hall79812@bigcorp.test,Riley,Hall,Dallas,TX,75206,US,32.475017,-97.011153,standard,3481.04
1854,79909,anne.clark79909@bigcorp.test,Anne,Clark,Dallas,TX,75206,US,32.945784,-97.183416,standard,3502.96
1855,79937,sam.garcia79937@bigcorp.test,Sam,Garcia,Dallas,TX,75206,US,32.848054,-96.964793,preferred,1397.36
1856,79983,david.wilson79983@bigcorp.test,David,Wilson,Columbus,OH,43203,US,40.1633,-82.695054,standard,3710.96
1857,79989,sam.wilson79989@bigcorp.test,Sam,Wilson,Dallas,TX,75206,US,32.86523,-96.687442,preferred,3027.96
1858,80005,alex.hall80005@bigcorp.test,Alex,Hall,Dallas,TX,75206,US,32.400514,-96.964145,standard,2898.76
1859,80045,adam.chen80045@bigcorp.test,Adam,Chen,Dallas,TX,75206,US,32.89437,-96.636548,standard,4345.24
1860,80107,anne.singh80107@bigcorp.test,Anne,Singh,Dallas,TX,75206,US,32.509748,-96.576009,standard,1711.48
1861,80108,alex.smith80108@bigcorp.test,Alex,Smith,Dallas,TX,75206,US,32.42939,-96.878382,standard,3408.76
1862,80169,rowan.nguyen80169@bigcorp.test,Rowan,Nguyen,Indianapolis,IN,46202,US,40.153246,-86.159083,standard,3950.92
1863,80183,rowan.lewis80183@bigcorp.test,Rowan,Lewis,Dallas,TX,75206,US,32.960642,-96.764457,standard,5453.72
1864,80216,jordan.brown80216@bigcorp.test,Jordan,Brown,Dallas,TX,75206,US,33.028572,-96.671247,standard,2475.32
1865,80266,riley.clark80266@bigcorp.test,Riley,Clark,San Diego,CA,92105,US,33.02296,-117.288546,standard,5668.0
1866,80320,riley.lopez80320@bigcorp.test,Riley,Lopez,Dallas,TX,75206,US,32.929332,-97.018727,standard,5077.52
1867,80334,reese.wilson80334@bigcorp.test,Reese,Wilson,Austin,TX,78702,US,30.062899,-97.803867,standard,4603.84
1868,80351,adam.patel80351@bigcorp.test,Adam,Patel,Dallas,TX,75206,US,32.761618,-96.531475,standard,3162.0
1869,80361,adam.jones80361@bigcorp.test,Adam,Jones,Dallas,TX,75206,US,32.712228,-96.858176,standard,3003.96
1870,80367,robin.lee80367@bigcorp.test,Robin,Lee,San Diego,CA,92105,US,32.591096,-116.86139,standard,4119.64
1871,80409,anne.brown80409@bigcorp.test,Anne,Brown,Dallas,TX,75206,US,32.587078,-96.683233,preferred,3361.88
1872,80466,rowan.hall80466@bigcorp.test,Rowan,Hall,Dallas,TX,75206,US,32.473004,-96.614484,preferred,4947.92
1873,80486,jamie.young80486@bigcorp.test,Jamie,Young,San Diego,CA,92105,US,32.720916,-116.944937,standard,3196.12
1874,80557,avery.hall80557@bigcorp.test,Avery,Hall,Dallas,TX,75206,US,32.725442,-97.092801,standard,3448.44
1875,80607,quinn.patel80607@bigcorp.test,Quinn,Patel,Philadelphia,PA,19104,US,39.676068,-75.155955,preferred,3303.8
1876,80611,jamie.smith80611@bigcorp.test,Jamie,Smith,Dallas,TX,75206,US,33.051347,-96.541735,standard,4826.68
1877,80620,hayden.clark80620@bigcorp.test,Hayden,Clark,San Diego,CA,92105,US,32.768773,-117.511907,standard,535.32
1878,80622,blake.kim80622@bigcorp.test,Blake,Kim,Dallas,TX,75206,US,33.046558,-96.673767,preferred,4436.68
1879,80638,hayden.young80638@bigcorp.test,Hayden,Young,Dallas,TX,75206,US,33.062364,-96.823715,standard,3973.2
1880,80658,casey.brown80658@bigcorp.test,Casey,Brown,Dallas,TX,75206,US,32.408412,-96.794611,preferred,6628.72
1881,80677,adam.kim80677@bigcorp.test,Adam,Kim,Dallas,TX,75206,US,32.41225,-96.716163,standard,4758.68
1882,80685,jordan.allen80685@bigcorp.test,Jordan,Allen,Dallas,TX,75206,US,32.703459,-97.066565,vip,2092.92
1883,80703,robin.jones80703@bigcorp.test,Robin,Jones,Dallas,TX,75206,US,32.556438,-96.586834,standard,1278.8
1884,80713,quinn.chen80713@bigcorp.test,Quinn,Chen,Dallas,TX,75206,US,32.99947,-97.049525,standard,2090.64
1885,80765,jamie.young80765@bigcorp.test,Jamie,Young,San Diego,CA,92105,US,32.871711,-116.843623,standard,4352.44
1886,80777,quinn.smith80777@bigcorp.test,Quinn,Smith,Dallas,TX,75206,US,33.044996,-96.740691,preferred,1473.96
1887,80826,anne.clark80826@bigcorp.test,Anne,Clark,San Diego,CA,92105,US,32.414454,-117.002045,standard,5845.2
1888,80847,jordan.chen80847@bigcorp.test,Jordan,Chen,San Francisco,CA,94103,US,37.696426,-122.659685,preferred,4845.56
1889,80960,anne.allen80960@bigcorp.test,Anne,Allen,Columbus,OH,43203,US,40.214802,-83.022203,standard,2044.6
1890,80965,hayden.kim80965@bigcorp.test,Hayden,Kim,San Diego,CA,92105,US,32.851402,-117.522272,standard,2381.0
1891,80974,kendall.lopez80974@bigcorp.test,Kendall,Lopez,Columbus,OH,43203,US,40.227694,-83.121299,standard,4547.76
1892,80985,hayden.patel80985@bigcorp.test,Hayden,Patel,Columbus,OH,43203,US,40.041905,-83.10794,standard,5512.48
1893,81039,dana.garcia81039@bigcorp.test,Dana,Garcia,Austin,TX,78702,US,30.318352,-97.530382,standard,2872.44
1894,81055,alex.smith81055@bigcorp.test,Alex,Smith,Dallas,TX,75206,US,33.002341,-97.006612,preferred,2912.6
1895,81111,hayden.young81111@bigcorp.test,Hayden,Young,San Diego,CA,92105,US,32.754172,-117.014668,standard,3321.64
1896,81121,rowan.jones81121@bigcorp.test,Rowan,Jones,Dallas,TX,75206,US,32.505979,-97.187472,standard,1750.32
1897,81181,riley.jones81181@bigcorp.test,Riley,Jones,Philadelphia,PA,19104,US,40.029671,-75.169167,standard,1022.44
1898,81327,taylor.young81327@bigcorp.test,Taylor,Young,Dallas,TX,75206,US,32.591609,-96.611763,standard,2742.32
1899,81331,parker.garcia81331@bigcorp.test,Parker,Garcia,Dallas,TX,75206,US,33.068291,-96.590523,standard,2111.52
1900,81365,morgan.brown81365@bigcorp.test,Morgan,Brown,Dallas,TX,75206,US,32.811782,-96.523559,standard,2467.64
1901,81412,blake.young81412@bigcorp.test,Blake,Young,Dallas,TX,75206,US,32.585302,-96.842514,standard,2458.36
1902,81488,david.smith81488@bigcorp.test,David,Smith,Philadelphia,PA,19104,US,40.082792,-75.359311,preferred,2258.48
1903,81516,rowan.nguyen81516@bigcorp.test,Rowan,Nguyen,Dallas,TX,75206,US,32.963316,-96.676629,standard,4058.04
1904,81584,avery.singh81584@bigcorp.test,Avery,Singh,Columbus,OH,43203,US,40.328874,-82.657813,standard,3005.16
1905,81604,cameron.young81604@bigcorp.test,Cameron,Young,Columbus,OH,43203,US,40.000291,-82.861952,preferred,3879.04
1906,81672,hayden.martin81672@bigcorp.test,Hayden,Martin,Dallas,TX,75206,US,32.868112,-96.668085,standard,3010.0
1907,81674,hayden.nguyen81674@bigcorp.test,Hayden,Nguyen,Austin,TX,78702,US,30.570814,-97.738232,preferred,2923.28
1908,81692,robin.walker81692@bigcorp.test,Robin,Walker,San Diego,CA,92105,US,32.941061,-116.907961,standard,3271.52
1909,81716,reese.kim81716@bigcorp.test,Reese,Kim,San Jose,CA,95110,US,37.529877,-121.989158,preferred,2142.44
1910,81746,taylor.king81746@bigcorp.test,Taylor,King,Dallas,TX,75206,US,32.469311,-96.848514,standard,2187.48
1911,81755,david.nguyen81755@bigcorp.test,David,Nguyen,Indianapolis,IN,46202,US,39.86771,-86.272936,preferred,400.0
1912,81767,morgan.patel81767@bigcorp.test,Morgan,Patel,Dallas,TX,75206,US,32.944725,-96.843069,standard,4144.88
1913,81807,avery.patel81807@bigcorp.test,Avery,Patel,Dallas,TX,75206,US,32.718408,-96.509282,standard,2344.52
1914,81814,adam.smith81814@bigcorp.test,Adam,Smith,Dallas,TX,75206,US,32.521079,-96.636818,standard,3560.6
1915,81820,riley.garcia81820@bigcorp.test,Riley,Garcia,Dallas,TX,75206,US,32.698356,-97.008093,preferred,2852.68
1916,81834,sam.smith81834@bigcorp.test,Sam,Smith,Austin,TX,78702,US,29.912107,-97.51521,standard,5751.16
1917,81918,dana.clark81918@bigcorp.test,Dana,Clark,Dallas,TX,75206,US,33.078351,-97.110262,standard,6389.32
1918,81937,hayden.brown81937@bigcorp.test,Hayden,Brown,Dallas,TX,75206,US,32.676742,-97.103667,standard,5312.0
1919,81939,avery.martin81939@bigcorp.test,Avery,Martin,Dallas,TX,75206,US,32.828667,-96.637021,standard,3590.4
1920,81974,jordan.nguyen81974@bigcorp.test,Jordan,Nguyen,Dallas,TX,75206,US,32.977287,-96.627708,standard,5364.24
1921,81997,reese.walker81997@bigcorp.test,Reese,Walker,San Diego,CA,92105,US,32.403949,-116.83982,preferred,4719.76
1922,82071,taylor.allen82071@bigcorp.test,Taylor,Allen,Dallas,TX,75206,US,32.880299,-96.62225,standard,6170.12
1923,82086,rowan.lopez82086@bigcorp.test,Rowan,Lopez,Dallas,TX,75206,US,32.830842,-96.835662,standard,4383.08
1924,82152,anne.brown82152@bigcorp.test,Anne,Brown,San Diego,CA,92105,US,32.659707,-117.31863,standard,5081.32
1925,82231,jordan.lopez82231@bigcorp.test,Jordan,Lopez,Dallas,TX,75206,US,32.790298,-97.077765,standard,2097.68
1926,82286,sam.lee82286@bigcorp.test,Sam,Lee,Columbus,OH,43203,US,39.780966,-82.627063,standard,3316.36
1927,82289,david.patel82289@bigcorp.test,David,Patel,Dallas,TX,75206,US,32.93207,-97.085558,standard,3775.92
1928,82305,jamie.lopez82305@bigcorp.test,Jamie,Lopez,Dallas,TX,75206,US,32.577865,-96.682986,standard,1592.2
1929,82309,robin.chen82309@bigcorp.test,Robin,Chen,San Diego,CA,92105,US,32.985312,-117.136531,preferred,400.0
1930,82393,david.king82393@bigcorp.test,David,King,Dallas,TX,75206,US,33.037691,-96.746777,standard,1019.76
1931,82432,cameron.patel82432@bigcorp.test,Cameron,Patel,Phoenix,AZ,85018,US,33.65313,-112.112892,standard,3197.48
1932,82504,sam.kim82504@bigcorp.test,Sam,Kim,Dallas,TX,75206,US,32.907573,-96.507429,preferred,2658.48
1933,82514,kendall.clark82514@bigcorp.test,Kendall,Clark,Dallas,TX,75206,US,32.561236,-96.607016,standard,3335.68
1934,82639,cameron.clark82639@bigcorp.test,Cameron,Clark,Dallas,TX,75206,US,32.507222,-96.904564,standard,3219.72
1935,82736,jordan.brown82736@bigcorp.test,Jordan,Brown,San Diego,CA,92105,US,32.838691,-116.845189,standard,1013.68
1936,82740,hayden.lee82740@bigcorp.test,Hayden,Lee,Dallas,TX,75206,US,33.007702,-96.802572,standard,3920.44
1937,82974,hayden.smith82974@bigcorp.test,Hayden,Smith,Dallas,TX,75206,US,32.846113,-97.007781,preferred,3488.4
1938,82979,taylor.garcia82979@bigcorp.test,Taylor,Garcia,Dallas,TX,75206,US,32.899021,-96.515609,standard,4094.92
1939,83029,parker.young83029@bigcorp.test,Parker,Young,San Diego,CA,92105,US,32.542368,-116.917505,standard,3438.16
1940,83037,sam.hall83037@bigcorp.test,Sam,Hall,Dallas,TX,75206,US,32.470684,-96.69771,standard,3231.0
1941,83038,dana.martin83038@bigcorp.test,Dana,Martin,San Diego,CA,92105,US,32.691541,-117.432045,preferred,4109.32
1942,83105,blake.martin83105@bigcorp.test,Blake,Martin,Dallas,TX,75206,US,33.048211,-96.679318,standard,4210.48
1943,83120,cameron.young83120@bigcorp.test,Cameron,Young,Dallas,TX,75206,US,33.049675,-96.948586,standard,4816.24
1944,83169,parker.hall83169@bigcorp.test,Parker,Hall,Dallas,TX,75206,US,33.00111,-97.022813,standard,2007.04
1945,83190,parker.jones83190@bigcorp.test,Parker,Jones,Columbus,OH,43203,US,40.173407,-82.788731,standard,4977.84
1946,83206,avery.lopez83206@bigcorp.test,Avery,Lopez,San Diego,CA,92105,US,32.671962,-117.06508,standard,4778.84
1947,83245,blake.kim83245@bigcorp.test,Blake,Kim,Dallas,TX,75206,US,32.527794,-97.042626,standard,3649.24
1948,83375,blake.smith83375@bigcorp.test,Blake,Smith,Dallas,TX,75206,US,32.926276,-96.66045,standard,1020.4
1949,83458,casey.garcia83458@bigcorp.test,Casey,Garcia,San Jose,CA,95110,US,37.312157,-121.698537,standard,2191.04
1950,83497,jamie.brown83497@bigcorp.test,Jamie,Brown,Austin,TX,78702,US,30.393454,-97.650413,standard,4368.68
1951,83517,kendall.clark83517@bigcorp.test,Kendall,Clark,Dallas,TX,75206,US,32.758233,-97.201313,preferred,2760.84
1952,83564,emerson.brown83564@bigcorp.test,Emerson,Brown,Dallas,TX,75206,US,32.869173,-97.199404,standard,1960.72
1953,83586,kendall.wilson83586@bigcorp.test,Kendall,Wilson,Dallas,TX,75206,US,32.419874,-96.546458,standard,6340.44
1954,83595,casey.martin83595@bigcorp.test,Casey,Martin,Dallas,TX,75206,US,32.674141,-96.809277,standard,1636.64
1955,83617,jamie.lewis83617@bigcorp.test,Jamie,Lewis,Dallas,TX,75206,US,32.813181,-96.809773,standard,2323.04
1956,83621,dana.walker83621@bigcorp.test,Dana,Walker,San Diego,CA,92105,US,32.416262,-116.955752,standard,4127.76
1957,83629,riley.allen83629@bigcorp.test,Riley,Allen,San Diego,CA,92105,US,32.794784,-117.257036,preferred,3166.56
1958,83648,robin.lewis83648@bigcorp.test,Robin,Lewis,Dallas,TX,75206,US,32.946079,-96.563795,standard,2158.52
1959,83735,taylor.nguyen83735@bigcorp.test,Taylor,Nguyen,Dallas,TX,75206,US,32.842452,-96.630193,standard,733.16
1960,83776,jamie.kim83776@bigcorp.test,Jamie,Kim,Dallas,TX,75206,US,32.545696,-96.552504,standard,3936.12
1961,83807,reese.kim83807@bigcorp.test,Reese,Kim,Dallas,TX,75206,US,32.580984,-96.987573,standard,5266.56
1962,83830,adam.hall83830@bigcorp.test,Adam,Hall,Dallas,TX,75206,US,32.600778,-96.970483,standard,2338.52
1963,83862,avery.lopez83862@bigcorp.test,Avery,Lopez,San Diego,CA,92105,US,32.699609,-117.329201,standard,2860.96
1964,83874,anne.martin83874@bigcorp.test,Anne,Martin,San Diego,CA,92105,US,32.473357,-116.874094,standard,3213.36
1965,83884,emerson.smith83884@bigcorp.test,Emerson,Smith,Dallas,TX,75206,US,32.531782,-97.183271,standard,4409.24
1966,84000,anne.patel84000@bigcorp.test,Anne,Patel,Dallas,TX,75206,US,32.48895,-97.128672,standard,5370.96
1967,84004,riley.smith84004@bigcorp.test,Riley,Smith,San Diego,CA,92105,US,33.047527,-117.150489,standard,4892.36
1968,84017,david.nguyen84017@bigcorp.test,David,Nguyen,Indianapolis,IN,46202,US,39.778836,-85.809183,vip,2747.88
1969,84037,quinn.lopez84037@bigcorp.test,Quinn,Lopez,Indianapolis,IN,46202,US,39.81662,-85.816074,preferred,2146.84
1970,84120,emerson.jones84120@bigcorp.test,Emerson,Jones,Dallas,TX,75206,US,33.025583,-97.07654,standard,4085.44
1971,84162,casey.kim84162@bigcorp.test,Casey,Kim,Dallas,TX,75206,US,32.518903,-97.163597,standard,3377.72
1972,84254,quinn.martin84254@bigcorp.test,Quinn,Martin,Los Angeles,CA,90012,US,33.9012,-118.367618,vip,4717.72
1973,84270,parker.king84270@bigcorp.test,Parker,King,Columbus,OH,43203,US,39.667952,-83.090001,standard,4083.44
1974,84380,adam.king84380@bigcorp.test,Adam,King,Dallas,TX,75206,US,32.942914,-97.162634,standard,2774.32
1975,84398,anne.kim84398@bigcorp.test,Anne,Kim,San Diego,CA,92105,US,32.853012,-117.373909,preferred,1599.24
1976,84432,quinn.garcia84432@bigcorp.test,Quinn,Garcia,San Diego,CA,92105,US,32.894217,-117.025949,standard,3737.96
1977,84440,riley.lewis84440@bigcorp.test,Riley,Lewis,Dallas,TX,75206,US,32.938266,-96.731935,preferred,1310.36
1978,84471,adam.nguyen84471@bigcorp.test,Adam,Nguyen,Dallas,TX,75206,US,32.655951,-96.612487,standard,2531.88
1979,84503,david.lewis84503@bigcorp.test,David,Lewis,Dallas,TX,75206,US,32.72219,-97.059244,standard,1758.64
1980,84526,casey.smith84526@bigcorp.test,Casey,Smith,San Diego,CA,92105,US,32.571796,-116.996595,standard,2615.32
1981,84585,casey.patel84585@bigcorp.test,Casey,Patel,Austin,TX,78702,US,30.376385,-97.574106,standard,3446.12
1982,84603,cameron.king84603@bigcorp.test,Cameron,King,San Diego,CA,92105,US,33.016225,-116.837773,standard,1663.36
1983,84638,emerson.wilson84638@bigcorp.test,Emerson,Wilson,Dallas,TX,75206,US,32.603857,-97.087191,preferred,1947.32
1984,84648,reese.smith84648@bigcorp.test,Reese,Smith,Dallas,TX,75206,US,32.58525,-96.943608,standard,4344.56
1985,84703,robin.king84703@bigcorp.test,Robin,King,Columbus,OH,43203,US,39.892539,-82.948048,standard,1807.68
1986,84753,dana.patel84753@bigcorp.test,Dana,Patel,San Diego,CA,92105,US,33.086816,-117.206103,standard,2979.6
1987,84826,alex.nguyen84826@bigcorp.test,Alex,Nguyen,Dallas,TX,75206,US,32.730946,-96.518065,standard,1680.32
1988,84832,casey.king84832@bigcorp.test,Casey,King,Dallas,TX,75206,US,32.778954,-97.081977,standard,2592.72
1989,84975,dana.nguyen84975@bigcorp.test,Dana,Nguyen,Dallas,TX,75206,US,32.744936,-97.083374,preferred,400.0
1990,85048,adam.clark85048@bigcorp.test,Adam,Clark,San Diego,CA,92105,US,32.476255,-116.878743,standard,1057.36
1991,85052,jamie.garcia85052@bigcorp.test,Jamie,Garcia,Phoenix,AZ,85008,US,33.527326,-112.043597,standard,1388.2
1992,85064,parker.lee85064@bigcorp.test,Parker,Lee,Dallas,TX,75206,US,33.022887,-96.994613,standard,2271.28
1993,85079,sam.martin85079@bigcorp.test,Sam,Martin,Dallas,TX,75206,US,32.931249,-96.95092,preferred,2525.84
1994,85102,dana.martin85102@bigcorp.test,Dana,Martin,Dallas,TX,75206,US,32.765108,-96.839056,standard,2951.6
1995,85115,riley.clark85115@bigcorp.test,Riley,Clark,Philadelphia,PA,19104,US,39.716025,-75.338996,standard,3954.24
1996,85200,casey.hall85200@bigcorp.test,Casey,Hall,Dallas,TX,75206,US,32.621458,-97.003549,standard,3063.08
1997,85202,kendall.lee85202@bigcorp.test,Kendall,Lee,San Diego,CA,92105,US,32.849029,-116.910964,standard,4420.68
1998,85216,avery.chen85216@bigcorp.test,Avery,Chen,Dallas,TX,75206,US,32.62189,-96.638906,standard,4786.92
1999,85258,david.young85258@bigcorp.test,David,Young,Dallas,TX,75206,US,33.064488,-96.982122,standard,4973.16
2000,85288,blake.jones85288@bigcorp.test,Blake,Jones,Dallas,TX,75206,US,33.055893,-96.944218,standard,3054.64
2001,85317,rowan.jones85317@bigcorp.test,Rowan,Jones,Columbus,OH,43203,US,39.97123,-83.044266,standard,2214.96
2002,85332,sam.smith85332@bigcorp.test,Sam,Smith,Dallas,TX,75206,US,32.819889,-96.534198,preferred,2210.8
2003,85344,reese.hall85344@bigcorp.test,Reese,Hall,Dallas,TX,75206,US,32.53633,-96.599784,standard,3171.96
2004,85370,emerson.allen85370@bigcorp.test,Emerson,Allen,Dallas,TX,75206,US,33.018301,-97.15267,standard,4520.0
2005,85433,casey.singh85433@bigcorp.test,Casey,Singh,San Diego,CA,92105,US,32.521505,-117.361758,standard,2545.8
2006,85459,riley.chen85459@bigcorp.test,Riley,Chen,Dallas,TX,75206,US,32.716759,-96.975101,standard,8312.36
2007,85515,jordan.young85515@bigcorp.test,Jordan,Young,Austin,TX,78702,US,30.388038,-97.808077,standard,3837.68
2008,85565,robin.smith85565@bigcorp.test,Robin,Smith,Dallas,TX,75206,US,32.982958,-96.658865,standard,1893.32
2009,85594,anne.smith85594@bigcorp.test,Anne,Smith,Austin,TX,78702,US,30.248714,-97.804933,standard,400.0
2010,85615,blake.singh85615@bigcorp.test,Blake,Singh,San Diego,CA,92105,US,32.750466,-117.137947,standard,3823.56
2011,85685,robin.brown85685@bigcorp.test,Robin,Brown,Dallas,TX,75206,US,32.885747,-96.817617,standard,2007.56
2012,85728,reese.walker85728@bigcorp.test,Reese,Walker,Dallas,TX,75206,US,32.399538,-96.828279,standard,2089.8
2013,85750,reese.lee85750@bigcorp.test,Reese,Lee,Dallas,TX,75206,US,32.586316,-96.760594,preferred,2525.92
2014,85786,hayden.martin85786@bigcorp.test,Hayden,Martin,Dallas,TX,75206,US,32.396103,-96.987858,standard,4472.76
2015,85839,robin.jones85839@bigcorp.test,Robin,Jones,Dallas,TX,75206,US,32.406771,-97.106812,standard,1647.48
2016,85988,blake.smith85988@bigcorp.test,Blake,Smith,Dallas,TX,75206,US,32.683526,-97.191582,standard,3749.04
2017,85994,alex.patel85994@bigcorp.test,Alex,Patel,Dallas,TX,75206,US,32.804089,-97.171643,standard,4817.48
2018,86043,jamie.chen86043@bigcorp.test,Jamie,Chen,Dallas,TX,75206,US,32.833883,-97.20275,standard,1567.2
2019,86120,hayden.young86120@bigcorp.test,Hayden,Young,San Diego,CA,92105,US,32.694643,-117.440469,standard,2411.96
2020,86210,robin.nguyen86210@bigcorp.test,Robin,Nguyen,San Diego,CA,92105,US,33.003074,-117.185583,standard,2610.32
2021,86225,jamie.walker86225@bigcorp.test,Jamie,Walker,Dallas,TX,75206,US,32.68651,-96.563528,standard,2993.32
2022,86296,avery.hall86296@bigcorp.test,Avery,Hall,Indianapolis,IN,46202,US,40.111793,-86.056604,standard,3073.16
2023,86375,emerson.clark86375@bigcorp.test,Emerson,Clark,Dallas,TX,75206,US,32.75722,-97.137553,standard,4054.12
2024,86405,morgan.smith86405@bigcorp.test,Morgan,Smith,San Diego,CA,92105,US,32.75705,-117.083604,standard,5546.4
2025,86438,sam.young86438@bigcorp.test,Sam,Young,Dallas,TX,75206,US,33.068169,-97.01257,standard,4716.08
2026,86463,jordan.brown86463@bigcorp.test,Jordan,Brown,Dallas,TX,75206,US,32.473987,-96.985143,standard,2031.24
2027,86490,kendall.smith86490@bigcorp.test,Kendall,Smith,Dallas,TX,75206,US,32.466154,-96.810931,standard,4207.08
2028,86527,taylor.smith86527@bigcorp.test,Taylor,Smith,Columbus,OH,43203,US,39.570618,-83.052522,preferred,2671.52
2029,86563,reese.patel86563@bigcorp.test,Reese,Patel,Dallas,TX,75206,US,32.779961,-96.671457,preferred,5121.64
2030,86636,alex.chen86636@bigcorp.test,Alex,Chen,San Diego,CA,92105,US,32.935297,-117.074986,standard,3294.32
2031,86684,alex.lewis86684@bigcorp.test,Alex,Lewis,San Jose,CA,95110,US,37.407972,-122.148775,standard,3588.68
2032,86700,dana.hall86700@bigcorp.test,Dana,Hall,Dallas,TX,75206,US,32.422543,-97.033319,standard,3004.2
2033,86707,hayden.king86707@bigcorp.test,Hayden,King,Columbus,OH,43201,US,40.05778,-82.82443,standard,1853.92
2034,86730,anne.walker86730@bigcorp.test,Anne,Walker,Austin,TX,78702,US,30.362083,-97.391554,standard,2396.52
2035,86776,adam.wilson86776@bigcorp.test,Adam,Wilson,San Diego,CA,92105,US,32.816353,-117.063015,vip,4793.6
2036,86846,blake.chen86846@bigcorp.test,Blake,Chen,San Diego,CA,92105,US,32.459982,-117.20121,standard,3418.24
2037,86871,parker.garcia86871@bigcorp.test,Parker,Garcia,Dallas,TX,75206,US,32.851812,-96.512873,preferred,798.88
2038,86941,jordan.young86941@bigcorp.test,Jordan,Young,Dallas,TX,75206,US,32.50823,-96.516817,standard,5211.64
2039,86953,avery.walker86953@bigcorp.test,Avery,Walker,Dallas,TX,75206,US,32.8527,-96.507666,standard,3326.32
2040,86958,rowan.smith86958@bigcorp.test,Rowan,Smith,San Diego,CA,92105,US,32.602998,-117.325879,standard,2720.96
2041,87010,david.king87010@bigcorp.test,David,King,Dallas,TX,75206,US,33.064546,-96.539353,standard,5148.52
2042,87032,taylor.lopez87032@bigcorp.test,Taylor,Lopez,Dallas,TX,75206,US,32.741213,-96.76527,standard,665.08
2043,87117,rowan.patel87117@bigcorp.test,Rowan,Patel,Dallas,TX,75206,US,32.949122,-96.708917,standard,2910.32
2044,87194,morgan.clark87194@bigcorp.test,Morgan,Clark,Dallas,TX,75206,US,32.711616,-97.130074,standard,4253.96
2045,87245,rowan.walker87245@bigcorp.test,Rowan,Walker,Dallas,TX,75206,US,32.521883,-96.589308,standard,2981.04
2046,87282,emerson.clark87282@bigcorp.test,Emerson,Clark,Dallas,TX,75206,US,32.441897,-96.688271,standard,4742.08
2047,87368,jordan.smith87368@bigcorp.test,Jordan,Smith,Dallas,TX,75206,US,32.874479,-96.73406,standard,3954.44
2048,87377,cameron.smith87377@bigcorp.test,Cameron,Smith,Dallas,TX,75206,US,32.933004,-96.966339,vip,3317.88
2049,87410,blake.chen87410@bigcorp.test,Blake,Chen,Dallas,TX,75206,US,32.801801,-96.879985,standard,1923.88
2050,87439,parker.smith87439@bigcorp.test,Parker,Smith,Austin,TX,78702,US,30.24729,-98.0083,standard,3865.92
2051,87479,anne.walker87479@bigcorp.test,Anne,Walker,Dallas,TX,75206,US,32.764494,-96.772943,standard,2477.68
2052,87544,morgan.hall87544@bigcorp.test,Morgan,Hall,Dallas,TX,75206,US,32.698025,-96.553003,standard,1362.6
2053,87548,parker.brown87548@bigcorp.test,Parker,Brown,Dallas,TX,75206,US,32.865789,-96.532706,standard,3326.96
2054,87622,parker.garcia87622@bigcorp.test,Parker,Garcia,Indianapolis,IN,46202,US,39.505107,-86.303242,standard,4763.08
2055,87630,robin.lee87630@bigcorp.test,Robin,Lee,Dallas,TX,75206,US,32.639809,-97.098218,standard,3612.92
2056,87642,alex.nguyen87642@bigcorp.test,Alex,Nguyen,San Diego,CA,92105,US,32.594088,-117.21829,standard,2500.12
2057,87703,parker.lee87703@bigcorp.test,Parker,Lee,San Diego,CA,92105,US,32.471423,-117.235913,standard,3293.76
2058,87803,parker.walker87803@bigcorp.test,Parker,Walker,Dallas,TX,75206,US,32.755869,-96.681012,vip,3823.0
2059,87974,morgan.wilson87974@bigcorp.test,Morgan,Wilson,Dallas,TX,75206,US,32.516006,-97.01319,standard,2865.96
2060,87983,taylor.king87983@bigcorp.test,Taylor,King,Dallas,TX,75206,US,32.8097,-96.549511,preferred,3060.24
2061,87987,parker.garcia87987@bigcorp.test,Parker,Garcia,Dallas,TX,75206,US,32.676893,-97.103672,standard,2899.44
2062,88064,alex.chen88064@bigcorp.test,Alex,Chen,Dallas,TX,75206,US,32.644256,-96.535399,standard,3744.88
2063,88118,alex.brown88118@bigcorp.test,Alex,Brown,Dallas,TX,75206,US,32.668193,-96.629361,standard,4187.32
2064,88119,taylor.lewis88119@bigcorp.test,Taylor,Lewis,Columbus,OH,43203,US,39.633804,-83.115294,standard,2359.84
2065,88125,robin.lee88125@bigcorp.test,Robin,Lee,San Diego,CA,92105,US,32.918372,-117.059077,standard,2578.4
2066,88205,emerson.martin88205@bigcorp.test,Emerson,Martin,Dallas,TX,75206,US,32.803924,-96.67973,standard,1113.84
2067,88219,jordan.allen88219@bigcorp.test,Jordan,Allen,Dallas,TX,75206,US,32.754928,-96.549239,standard,7360.4
2068,88263,sam.wilson88263@bigcorp.test,Sam,Wilson,Dallas,TX,75206,US,32.824985,-97.024702,standard,3637.8
2069,88279,alex.lewis88279@bigcorp.test,Alex,Lewis,Columbus,OH,43203,US,39.972915,-82.738802,standard,1877.76
2070,88377,casey.kim88377@bigcorp.test,Casey,Kim,Dallas,TX,75206,US,32.554773,-97.187266,standard,4271.64
2071,88449,riley.king88449@bigcorp.test,Riley,King,Dallas,TX,75206,US,32.490604,-96.594454,vip,4938.44
2072,88471,jordan.singh88471@bigcorp.test,Jordan,Singh,Dallas,TX,75206,US,32.467158,-96.590509,standard,5248.56
2073,88618,rowan.lopez88618@bigcorp.test,Rowan,Lopez,San Diego,CA,92105,US,32.696278,-117.266976,preferred,4212.72
2074,88634,quinn.lopez88634@bigcorp.test,Quinn,Lopez,Dallas,TX,75206,US,32.633968,-96.959764,standard,4016.04
2075,88646,casey.garcia88646@bigcorp.test,Casey,Garcia,Columbus,OH,43203,US,39.812016,-82.771124,standard,2035.36
2076,88686,emerson.lewis88686@bigcorp.test,Emerson,Lewis,Dallas,TX,75206,US,32.74098,-96.63399,standard,3716.36
2077,88688,dana.king88688@bigcorp.test,Dana,King,San Diego,CA,92105,US,32.526334,-117.062835,standard,4726.64
2078,88766,cameron.smith88766@bigcorp.test,Cameron,Smith,Dallas,TX,75206,US,33.038481,-96.957003,standard,1387.76
2079,88790,dana.brown88790@bigcorp.test,Dana,Brown,Indianapolis,IN,46202,US,39.722554,-86.026641,standard,4581.28
2080,88813,dana.young88813@bigcorp.test,Dana,Young,Dallas,TX,75206,US,32.731523,-96.890877,standard,3684.84
2081,88869,adam.martin88869@bigcorp.test,Adam,Martin,Dallas,TX,75206,US,32.527983,-97.134146,standard,1179.6
2082,88961,parker.allen88961@bigcorp.test,Parker,Allen,Dallas,TX,75206,US,33.066214,-96.661242,standard,2590.4
2083,88988,kendall.kim88988@bigcorp.test,Kendall,Kim,Dallas,TX,75206,US,32.508362,-97.126126,standard,2228.48
2084,89070,sam.kim89070@bigcorp.test,Sam,Kim,Dallas,TX,75206,US,32.971659,-96.945255,standard,5090.2
2085,89073,casey.kim89073@bigcorp.test,Casey,Kim,Dallas,TX,75206,US,32.669331,-97.196489,standard,2341.72
2086,89084,rowan.wilson89084@bigcorp.test,Rowan,Wilson,Indianapolis,IN,46202,US,40.029198,-86.012928,standard,3598.28
2087,89108,kendall.wilson89108@bigcorp.test,Kendall,Wilson,Dallas,TX,75206,US,32.415303,-97.007806,preferred,3619.48
2088,89147,sam.allen89147@bigcorp.test,Sam,Allen,Dallas,TX,75206,US,32.590756,-96.694438,preferred,4605.96
2089,89262,casey.hall89262@bigcorp.test,Casey,Hall,Columbus,OH,43203,US,39.671792,-83.121533,standard,3410.12
2090,89296,hayden.singh89296@bigcorp.test,Hayden,Singh,Dallas,TX,75206,US,33.068998,-96.889086,standard,1405.76
2091,89314,reese.lewis89314@bigcorp.test,Reese,Lewis,Columbus,OH,43203,US,40.20057,-83.078595,standard,1952.44
2092,89320,anne.patel89320@bigcorp.test,Anne,Patel,San Diego,CA,92105,US,32.750707,-117.032304,standard,4496.6
2093,89407,avery.hall89407@bigcorp.test,Avery,Hall,Dallas,TX,75206,US,32.974429,-97.040167,standard,4892.56
2094,89445,quinn.lewis89445@bigcorp.test,Quinn,Lewis,Dallas,TX,75206,US,32.453505,-96.696303,preferred,4362.0
2095,89461,rowan.chen89461@bigcorp.test,Rowan,Chen,San Diego,CA,92105,US,32.692938,-117.117129,standard,5207.12
2096,89472,david.singh89472@bigcorp.test,David,Singh,Dallas,TX,75206,US,32.472806,-96.590137,standard,5506.84
2097,89508,adam.smith89508@bigcorp.test,Adam,Smith,Dallas,TX,75206,US,32.617573,-96.68929,preferred,2158.04
2098,89526,blake.patel89526@bigcorp.test,Blake,Patel,Columbus,OH,43203,US,40.284331,-83.15267,standard,2812.24
2099,89529,reese.smith89529@bigcorp.test,Reese,Smith,Dallas,TX,75206,US,32.579734,-96.849957,standard,4767.12
2100,89551,emerson.wilson89551@bigcorp.test,Emerson,Wilson,San Diego,CA,92105,US,32.859648,-117.205951,preferred,1503.68
2101,89552,hayden.patel89552@bigcorp.test,Hayden,Patel,Phoenix,AZ,85018,US,33.233489,-112.151776,standard,3980.16
2102,89556,adam.wilson89556@bigcorp.test,Adam,Wilson,Dallas,TX,75206,US,32.980048,-97.153114,standard,2783.92
2103,89586,quinn.young89586@bigcorp.test,Quinn,Young,Dallas,TX,75206,US,32.852756,-97.027115,standard,5186.56
2104,89596,blake.patel89596@bigcorp.test,Blake,Patel,San Diego,CA,92105,US,32.875583,-117.110769,standard,1216.72
2105,89737,blake.smith89737@bigcorp.test,Blake,Smith,Dallas,TX,75206,US,32.40555,-96.917396,preferred,400.0
2106,89777,quinn.walker89777@bigcorp.test,Quinn,Walker,Dallas,TX,75206,US,32.652026,-96.802451,standard,2232.0
2107,89811,david.nguyen89811@bigcorp.test,David,Nguyen,Dallas,TX,75206,US,32.725757,-96.980597,standard,4606.96
2108,89812,robin.clark89812@bigcorp.test,Robin,Clark,Dallas,TX,75206,US,32.971218,-97.069408,standard,5327.56
2109,89815,morgan.patel89815@bigcorp.test,Morgan,Patel,Dallas,TX,75206,US,32.878152,-96.849944,standard,5324.64
2110,89829,casey.patel89829@bigcorp.test,Casey,Patel,Austin,TX,78702,US,30.049292,-97.730212,standard,1622.2
2111,89843,hayden.lopez89843@bigcorp.test,Hayden,Lopez,Dallas,TX,75206,US,32.65567,-96.904005,standard,4304.44
2112,89867,rowan.jones89867@bigcorp.test,Rowan,Jones,Dallas,TX,75206,US,32.81807,-96.894029,standard,4297.48
2113,89885,taylor.brown89885@bigcorp.test,Taylor,Brown,Dallas,TX,75206,US,33.020539,-96.816582,standard,4238.16
2114,89922,morgan.kim89922@bigcorp.test,Morgan,Kim,Indianapolis,IN,46202,US,40.128201,-85.810132,preferred,3966.16
2115,90011,hayden.kim90011@bigcorp.test,Hayden,Kim,Indianapolis,IN,46202,US,39.507347,-85.70433,standard,1930.4
2116,90082,casey.jones90082@bigcorp.test,Casey,Jones,Dallas,TX,75206,US,32.948804,-96.707629,standard,400.0
2117,90087,hayden.lewis90087@bigcorp.test,Hayden,Lewis,Dallas,TX,75206,US,33.085147,-96.877594,standard,3677.0
2118,90173,reese.young90173@bigcorp.test,Reese,Young,San Diego,CA,92105,US,32.721863,-117.185504,vip,1371.92
2119,90198,rowan.wilson90198@bigcorp.test,Rowan,Wilson,Austin,TX,78702,US,30.068277,-97.892333,standard,2347.4
2120,90254,alex.singh90254@bigcorp.test,Alex,Singh,Austin,TX,78702,US,29.953371,-97.706086,standard,1388.72
2121,90265,jordan.smith90265@bigcorp.test,Jordan,Smith,Dallas,TX,75206,US,33.074331,-97.076166,standard,5485.64
2122,90304,jordan.patel90304@bigcorp.test,Jordan,Patel,Dallas,TX,75206,US,32.745913,-96.934563,standard,6111.64
2123,90497,taylor.patel90497@bigcorp.test,Taylor,Patel,Dallas,TX,75206,US,32.541345,-97.111717,preferred,5437.36
2124,90595,parker.martin90595@bigcorp.test,Parker,Martin,Columbus,OH,43203,US,39.979338,-82.898691,standard,4748.0
2125,90624,jordan.smith90624@bigcorp.test,Jordan,Smith,Dallas,TX,75206,US,32.491341,-97.204436,standard,1120.32
2126,90629,jamie.nguyen90629@bigcorp.test,Jamie,Nguyen,Dallas,TX,75206,US,32.90283,-96.515273,preferred,3959.48
2127,90648,anne.wilson90648@bigcorp.test,Anne,Wilson,Dallas,TX,75206,US,32.791181,-96.515048,preferred,2021.96
2128,90680,jamie.smith90680@bigcorp.test,Jamie,Smith,Phoenix,AZ,85018,US,33.800692,-111.930066,standard,3165.08
2129,90767,sam.walker90767@bigcorp.test,Sam,Walker,Dallas,TX,75206,US,32.848731,-97.0385,standard,3216.92
2130,90874,reese.allen90874@bigcorp.test,Reese,Allen,Indianapolis,IN,46202,US,39.626639,-85.833552,vip,3944.92
2131,90896,emerson.wilson90896@bigcorp.test,Emerson,Wilson,Dallas,TX,75206,US,32.922695,-97.178532,standard,4932.52
2132,90897,robin.martin90897@bigcorp.test,Robin,Martin,San Diego,CA,92105,US,32.751471,-117.181624,standard,5117.04
2133,90929,morgan.brown90929@bigcorp.test,Morgan,Brown,Austin,TX,78702,US,30.537977,-98.095882,standard,3266.12
2134,90953,parker.kim90953@bigcorp.test,Parker,Kim,Dallas,TX,75206,US,32.702057,-96.871069,standard,3420.6
2135,90959,blake.wilson90959@bigcorp.test,Blake,Wilson,San Diego,CA,92105,US,33.088885,-117.276542,preferred,4103.36
2136,91005,kendall.wilson91005@bigcorp.test,Kendall,Wilson,San Diego,CA,92105,US,32.772839,-117.384517,preferred,3232.12
2137,91166,dana.lewis91166@bigcorp.test,Dana,Lewis,Dallas,TX,75206,US,32.982268,-96.560153,standard,4591.6
2138,91183,dana.allen91183@bigcorp.test,Dana,Allen,San Diego,CA,92105,US,32.659928,-117.510889,standard,528.76
2139,91219,taylor.singh91219@bigcorp.test,Taylor,Singh,Dallas,TX,75206,US,32.467627,-97.1106,vip,2656.2
2140,91242,emerson.lewis91242@bigcorp.test,Emerson,Lewis,Indianapolis,IN,46202,US,39.886276,-85.914876,standard,2525.44
2141,91248,riley.smith91248@bigcorp.test,Riley,Smith,Dallas,TX,75206,US,33.056017,-96.534866,standard,4194.44
2142,91290,taylor.martin91290@bigcorp.test,Taylor,Martin,Columbus,OH,43203,US,39.881249,-83.005391,standard,3620.4
2143,91318,hayden.chen91318@bigcorp.test,Hayden,Chen,Dallas,TX,75206,US,32.566059,-96.529609,standard,4725.56
2144,91357,reese.garcia91357@bigcorp.test,Reese,Garcia,Philadelphia,PA,19104,US,39.626657,-75.188157,preferred,3420.32
2145,91420,jordan.walker91420@bigcorp.test,Jordan,Walker,Dallas,TX,75206,US,32.866599,-96.781049,standard,5736.92
2146,91424,cameron.smith91424@bigcorp.test,Cameron,Smith,Dallas,TX,75206,US,32.800747,-96.819499,standard,3203.92
2147,91471,taylor.king91471@bigcorp.test,Taylor,King,Dallas,TX,75206,US,32.660563,-96.816034,standard,2831.24
2148,91474,quinn.lopez91474@bigcorp.test,Quinn,Lopez,Dallas,TX,75206,US,32.477431,-96.950079,standard,2367.16
2149,91496,adam.patel91496@bigcorp.test,Adam,Patel,Dallas,TX,75206,US,32.806443,-96.782883,standard,2836.8
2150,91500,rowan.young91500@bigcorp.test,Rowan,Young,San Diego,CA,92105,US,32.58551,-116.941616,standard,400.0
2151,91505,morgan.smith91505@bigcorp.test,Morgan,Smith,Columbus,OH,43203,US,40.01884,-83.167841,standard,1267.04
2152,91773,hayden.nguyen91773@bigcorp.test,Hayden,Nguyen,Dallas,TX,75206,US,32.976796,-97.014873,standard,2182.8
2153,91780,jordan.jones91780@bigcorp.test,Jordan,Jones,San Diego,CA,92105,US,32.866674,-117.128074,preferred,1952.88
2154,91812,rowan.smith91812@bigcorp.test,Rowan,Smith,Dallas,TX,75206,US,32.430258,-97.152028,standard,1679.92
2155,91858,jordan.kim91858@bigcorp.test,Jordan,Kim,San Diego,CA,92105,US,32.533593,-117.435968,standard,6284.32
2156,91861,morgan.nguyen91861@bigcorp.test,Morgan,Nguyen,Dallas,TX,75206,US,32.962236,-96.639794,standard,8211.24
2157,92015,reese.king92015@bigcorp.test,Reese,King,Dallas,TX,75206,US,33.00297,-96.61598,standard,6000.56
2158,92016,jordan.king92016@bigcorp.test,Jordan,King,Dallas,TX,75206,US,33.038518,-96.730543,standard,3187.48
2159,92039,anne.lopez92039@bigcorp.test,Anne,Lopez,Dallas,TX,75206,US,32.435744,-96.581731,standard,3708.52
2160,92052,adam.walker92052@bigcorp.test,Adam,Walker,San Diego,CA,92105,US,32.435088,-117.33427,standard,3861.88
2161,92167,emerson.allen92167@bigcorp.test,Emerson,Allen,Dallas,TX,75206,US,32.696246,-97.073433,standard,2430.08
2162,92173,adam.jones92173@bigcorp.test,Adam,Jones,San Diego,CA,92105,US,32.510561,-117.368271,standard,2864.16
2163,92182,avery.patel92182@bigcorp.test,Avery,Patel,Austin,TX,78702,US,30.500613,-98.036936,preferred,3940.2
2164,92220,kendall.young92220@bigcorp.test,Kendall,Young,San Diego,CA,92105,US,32.623737,-116.850143,preferred,1651.68
2165,92272,kendall.hall92272@bigcorp.test,Kendall,Hall,San Jose,CA,95110,US,37.037877,-122.094512,standard,1171.12
2166,92289,avery.kim92289@bigcorp.test,Avery,Kim,Dallas,TX,75206,US,32.983294,-96.659031,standard,2444.96
2167,92352,taylor.king92352@bigcorp.test,Taylor,King,Dallas,TX,75206,US,32.835069,-96.550786,preferred,5061.08
2168,92541,alex.patel92541@bigcorp.test,Alex,Patel,Dallas,TX,75206,US,32.918696,-96.750394,standard,1874.68
2169,92564,adam.clark92564@bigcorp.test,Adam,Clark,Dallas,TX,75206,US,32.959619,-97.085874,standard,3136.4
2170,92592,parker.hall92592@bigcorp.test,Parker,Hall,Dallas,TX,75206,US,32.701773,-97.19324,standard,2149.68
2171,92617,alex.king92617@bigcorp.test,Alex,King,Dallas,TX,75206,US,33.053762,-96.777439,standard,2563.24
2172,92646,hayden.singh92646@bigcorp.test,Hayden,Singh,Columbus,OH,43203,US,40.030074,-83.166245,standard,2342.72
2173,92698,robin.garcia92698@bigcorp.test,Robin,Garcia,Dallas,TX,75206,US,32.621107,-96.592219,standard,3793.04
2174,92702,parker.singh92702@bigcorp.test,Parker,Singh,Dallas,TX,75206,US,32.902644,-96.98367,standard,5414.76
2175,92761,jamie.wilson92761@bigcorp.test,Jamie,Wilson,Dallas,TX,75206,US,32.64129,-96.635585,standard,5090.4
2176,92768,alex.young92768@bigcorp.test,Alex,Young,Dallas,TX,75206,US,32.980474,-96.750435,vip,2036.92
2177,92797,quinn.hall92797@bigcorp.test,Quinn,Hall,Dallas,TX,75206,US,32.877309,-97.16256,standard,2698.96
2178,92827,morgan.smith92827@bigcorp.test,Morgan,Smith,Columbus,OH,43203,US,40.236659,-82.621643,preferred,554.92
2179,92950,kendall.clark92950@bigcorp.test,Kendall,Clark,Dallas,TX,75206,US,32.763184,-96.588182,preferred,3634.16
2180,93096,morgan.smith93096@bigcorp.test,Morgan,Smith,Dallas,TX,75206,US,32.595128,-96.974316,standard,2403.68
2181,93163,dana.hall93163@bigcorp.test,Dana,Hall,Dallas,TX,75206,US,33.019213,-96.554167,preferred,4563.08
2182,93242,cameron.walker93242@bigcorp.test,Cameron,Walker,Houston,TX,77007,US,29.525608,-95.64028,preferred,1820.96
2183,93247,reese.clark93247@bigcorp.test,Reese,Clark,San Diego,CA,92105,US,32.955454,-116.891903,standard,2246.6
2184,93258,riley.garcia93258@bigcorp.test,Riley,Garcia,Dallas,TX,75206,US,33.044445,-97.191961,standard,3723.12
2185,93284,anne.king93284@bigcorp.test,Anne,King,Columbus,OH,43203,US,40.17327,-82.694136,preferred,6838.92
2186,93301,emerson.allen93301@bigcorp.test,Emerson,Allen,San Diego,CA,92105,US,32.570609,-117.455022,vip,3778.6
2187,93306,casey.brown93306@bigcorp.test,Casey,Brown,Dallas,TX,75206,US,32.846952,-96.511711,preferred,503.36
2188,93354,avery.allen93354@bigcorp.test,Avery,Allen,Dallas,TX,75206,US,33.017602,-96.780023,standard,4853.6
2189,93401,casey.patel93401@bigcorp.test,Casey,Patel,Dallas,TX,75206,US,32.546088,-96.655773,standard,2542.08
2190,93419,emerson.hall93419@bigcorp.test,Emerson,Hall,Dallas,TX,75206,US,33.024074,-96.851096,standard,1843.44
2191,93421,anne.patel93421@bigcorp.test,Anne,Patel,Dallas,TX,75206,US,32.762866,-97.011881,standard,5759.36
2192,93505,blake.lopez93505@bigcorp.test,Blake,Lopez,Dallas,TX,75206,US,32.958781,-96.51061,standard,2745.44
2193,93515,david.garcia93515@bigcorp.test,David,Garcia,Dallas,TX,75206,US,32.50948,-96.919814,standard,5141.4
2194,93578,riley.kim93578@bigcorp.test,Riley,Kim,Dallas,TX,75206,US,32.814113,-97.191838,standard,4060.2
2195,93584,hayden.allen93584@bigcorp.test,Hayden,Allen,Columbus,OH,43203,US,39.792138,-83.074212,standard,2473.6
2196,93601,anne.lewis93601@bigcorp.test,Anne,Lewis,Dallas,TX,75206,US,33.045695,-96.890355,standard,1623.68
2197,93662,cameron.lee93662@bigcorp.test,Cameron,Lee,Phoenix,AZ,85018,US,33.54452,-111.954894,standard,3303.04
2198,93681,kendall.garcia93681@bigcorp.test,Kendall,Garcia,San Diego,CA,92105,US,32.889542,-117.320337,preferred,2341.4
2199,93794,reese.jones93794@bigcorp.test,Reese,Jones,San Diego,CA,92105,US,32.994304,-117.011193,preferred,851.52
2200,93795,kendall.brown93795@bigcorp.test,Kendall,Brown,San Diego,CA,92105,US,32.965239,-117.265768,standard,4478.32
2201,93808,sam.walker93808@bigcorp.test,Sam,Walker,Dallas,TX,75206,US,32.791291,-97.062382,standard,1493.76
2202,93867,jamie.garcia93867@bigcorp.test,Jamie,Garcia,Columbus,OH,43203,US,39.686681,-83.063457,standard,3246.68
2203,93981,kendall.clark93981@bigcorp.test,Kendall,Clark,Austin,TX,78702,US,29.985175,-97.923543,standard,5205.0
2204,94011,jordan.nguyen94011@bigcorp.test,Jordan,Nguyen,San Diego,CA,92105,US,32.469464,-116.871097,standard,3816.72
2205,94062,hayden.smith94062@bigcorp.test,Hayden,Smith,Indianapolis,IN,46202,US,39.864959,-85.923057,standard,3035.32
2206,94078,riley.martin94078@bigcorp.test,Riley,Martin,San Diego,CA,92105,US,32.998388,-117.478522,standard,1080.8
2207,94134,avery.walker94134@bigcorp.test,Avery,Walker,Dallas,TX,75206,US,32.924739,-97.085224,standard,3223.28
2208,94174,sam.chen94174@bigcorp.test,Sam,Chen,Dallas,TX,75206,US,33.013501,-96.523757,standard,5194.36
2209,94261,taylor.nguyen94261@bigcorp.test,Taylor,Nguyen,Dallas,TX,75206,US,32.968109,-97.027872,standard,1410.12
2210,94279,hayden.clark94279@bigcorp.test,Hayden,Clark,Dallas,TX,75206,US,32.726873,-96.688152,standard,2606.08
2211,94379,blake.lopez94379@bigcorp.test,Blake,Lopez,San Diego,CA,92105,US,32.562568,-117.268623,standard,4721.68
2212,94485,avery.lopez94485@bigcorp.test,Avery,Lopez,Dallas,TX,75206,US,32.721664,-96.949623,standard,2358.8
2213,94504,robin.young94504@bigcorp.test,Robin,Young,Dallas,TX,75206,US,33.054838,-96.724336,standard,3783.28
2214,94535,adam.smith94535@bigcorp.test,Adam,Smith,Dallas,TX,75206,US,33.087118,-97.06835,standard,4566.24
2215,94541,emerson.king94541@bigcorp.test,Emerson,King,Dallas,TX,75206,US,32.503374,-96.72757,standard,1328.44
2216,94734,reese.lopez94734@bigcorp.test,Reese,Lopez,Dallas,TX,75206,US,32.641644,-96.632402,standard,1868.76
2217,94744,quinn.allen94744@bigcorp.test,Quinn,Allen,Phoenix,AZ,85018,US,33.782559,-112.134401,standard,5354.68
2218,94832,anne.hall94832@bigcorp.test,Anne,Hall,San Diego,CA,92105,US,32.40895,-116.883543,standard,6895.92
2219,94838,emerson.king94838@bigcorp.test,Emerson,King,Dallas,TX,75206,US,32.632352,-96.538909,standard,400.0
2220,94914,emerson.smith94914@bigcorp.test,Emerson,Smith,Dallas,TX,75206,US,32.962269,-97.140454,preferred,1959.88
2221,94931,casey.young94931@bigcorp.test,Casey,Young,Austin,TX,78702,US,30.335786,-98.163655,standard,8407.92
2222,94972,jamie.singh94972@bigcorp.test,Jamie,Singh,Dallas,TX,75206,US,32.57466,-96.888569,standard,3121.12
2223,95104,adam.martin95104@bigcorp.test,Adam,Martin,San Jose,CA,95110,US,37.011412,-121.691799,standard,2330.64
2224,95160,avery.allen95160@bigcorp.test,Avery,Allen,Dallas,TX,75206,US,32.628574,-96.978849,preferred,4933.76
2225,95204,avery.king95204@bigcorp.test,Avery,King,Dallas,TX,75206,US,32.507081,-96.767915,standard,1865.72
2226,95212,alex.wilson95212@bigcorp.test,Alex,Wilson,Dallas,TX,75206,US,32.967381,-97.173132,preferred,1681.48
2227,95213,rowan.patel95213@bigcorp.test,Rowan,Patel,San Jose,CA,95110,US,37.624717,-121.854029,standard,1403.28
2228,95297,quinn.wilson95297@bigcorp.test,Quinn,Wilson,San Diego,CA,92105,US,33.050591,-117.417389,standard,3535.56
2229,95351,casey.chen95351@bigcorp.test,Casey,Chen,Austin,TX,78702,US,30.006924,-97.964912,standard,1630.64
2230,95400,avery.young95400@bigcorp.test,Avery,Young,Dallas,TX,75206,US,32.519351,-96.629788,standard,4819.44
2231,95403,quinn.lewis95403@bigcorp.test,Quinn,Lewis,Dallas,TX,75206,US,32.46759,-96.607613,standard,676.56
2232,95436,avery.chen95436@bigcorp.test,Avery,Chen,San Diego,CA,92105,US,32.931094,-117.422746,standard,2820.8
2233,95451,david.king95451@bigcorp.test,David,King,San Diego,CA,92105,US,32.572921,-117.226466,standard,2101.84
2234,95458,taylor.king95458@bigcorp.test,Taylor,King,Columbus,OH,43203,US,40.201823,-83.162859,standard,4041.6
2235,95502,parker.singh95502@bigcorp.test,Parker,Singh,Dallas,TX,75206,US,33.045221,-96.749475,standard,4382.04
2236,95517,anne.lewis95517@bigcorp.test,Anne,Lewis,Dallas,TX,75206,US,32.444973,-96.693815,standard,1725.28
2237,95543,morgan.chen95543@bigcorp.test,Morgan,Chen,Dallas,TX,75206,US,32.913965,-97.150513,standard,2971.96
2238,95655,anne.lopez95655@bigcorp.test,Anne,Lopez,Dallas,TX,75206,US,32.569739,-96.6806,preferred,4565.6
2239,95664,david.chen95664@bigcorp.test,David,Chen,San Diego,CA,92105,US,32.804911,-116.906395,preferred,4299.96
2240,95675,emerson.wilson95675@bigcorp.test,Emerson,Wilson,Dallas,TX,75206,US,32.487954,-97.052673,preferred,3521.84
2241,95734,blake.lopez95734@bigcorp.test,Blake,Lopez,San Diego,CA,92105,US,32.901006,-116.878479,standard,2598.48
2242,95749,hayden.garcia95749@bigcorp.test,Hayden,Garcia,Dallas,TX,75206,US,33.046338,-96.635874,standard,7059.92
2243,95779,jamie.chen95779@bigcorp.test,Jamie,Chen,San Diego,CA,92105,US,32.670947,-116.855679,standard,747.36
2244,95785,dana.hall95785@bigcorp.test,Dana,Hall,Dallas,TX,75206,US,32.981477,-96.582283,standard,5951.04
2245,95872,hayden.smith95872@bigcorp.test,Hayden,Smith,Dallas,TX,75206,US,32.561154,-97.11774,standard,434.4
2246,95931,parker.hall95931@bigcorp.test,Parker,Hall,San Diego,CA,92105,US,32.479086,-117.296668,standard,3172.76
2247,95936,riley.hall95936@bigcorp.test,Riley,Hall,Dallas,TX,75206,US,32.68799,-97.129837,preferred,1879.44
2248,95944,jordan.brown95944@bigcorp.test,Jordan,Brown,Philadelphia,PA,19104,US,40.207568,-75.175502,standard,2715.92
2249,95955,kendall.chen95955@bigcorp.test,Kendall,Chen,San Diego,CA,92105,US,32.908253,-117.120694,standard,6798.0
2250,95967,quinn.clark95967@bigcorp.test,Quinn,Clark,San Diego,CA,92105,US,32.426644,-116.989011,standard,2545.6
2251,95976,rowan.kim95976@bigcorp.test,Rowan,Kim,Columbus,OH,43203,US,39.82542,-83.156398,standard,2052.48
2252,95994,jamie.wilson95994@bigcorp.test,Jamie,Wilson,Columbus,OH,43203,US,40.028127,-82.790354,standard,5447.8
2253,95997,casey.walker95997@bigcorp.test,Casey,Walker,Dallas,TX,75206,US,32.594914,-97.102501,standard,2540.96
2254,96048,morgan.lewis96048@bigcorp.test,Morgan,Lewis,Dallas,TX,75206,US,33.058233,-97.09049,standard,3558.92
2255,96108,alex.lewis96108@bigcorp.test,Alex,Lewis,Dallas,TX,75206,US,32.940957,-97.024573,standard,4267.72
2256,96135,david.clark96135@bigcorp.test,David,Clark,Dallas,TX,75206,US,32.816533,-96.660167,standard,3888.2
2257,96136,cameron.brown96136@bigcorp.test,Cameron,Brown,Dallas,TX,75206,US,32.493776,-97.123545,standard,2645.64
2258,96219,jordan.king96219@bigcorp.test,Jordan,King,Dallas,TX,75206,US,32.585609,-97.000563,standard,6016.28
2259,96242,reese.singh96242@bigcorp.test,Reese,Singh,Dallas,TX,75206,US,33.034277,-96.95178,preferred,2412.64
2260,96246,riley.allen96246@bigcorp.test,Riley,Allen,Dallas,TX,75206,US,33.074757,-96.881728,preferred,489.12
2261,96260,emerson.smith96260@bigcorp.test,Emerson,Smith,San Diego,CA,92105,US,32.704288,-117.260153,standard,3335.72
2262,96343,riley.young96343@bigcorp.test,Riley,Young,San Diego,CA,92105,US,32.559433,-117.381345,standard,3120.52
2263,96399,robin.chen96399@bigcorp.test,Robin,Chen,Dallas,TX,75206,US,32.434016,-96.8757,preferred,1262.68
2264,96487,casey.martin96487@bigcorp.test,Casey,Martin,Dallas,TX,75206,US,33.009584,-96.64538,standard,3098.48
2265,96555,hayden.martin96555@bigcorp.test,Hayden,Martin,Dallas,TX,75206,US,32.78581,-96.724604,preferred,2989.44
2266,96579,alex.smith96579@bigcorp.test,Alex,Smith,Dallas,TX,75206,US,32.424505,-97.135667,standard,2577.64
2267,96595,taylor.king96595@bigcorp.test,Taylor,King,Columbus,OH,43203,US,39.70077,-82.59574,standard,8146.08
2268,96608,robin.allen96608@bigcorp.test,Robin,Allen,San Diego,CA,92105,US,32.750323,-117.413165,standard,3689.84
2269,96619,parker.lee96619@bigcorp.test,Parker,Lee,Dallas,TX,75206,US,32.584757,-96.910168,standard,2877.64
2270,96686,taylor.jones96686@bigcorp.test,Taylor,Jones,Dallas,TX,75206,US,32.466503,-96.782493,preferred,1241.28
2271,96710,parker.allen96710@bigcorp.test,Parker,Allen,Dallas,TX,75206,US,32.43399,-97.058415,standard,3953.0
2272,96741,cameron.lopez96741@bigcorp.test,Cameron,Lopez,San Diego,CA,92105,US,32.820529,-116.929654,standard,2859.8
2273,96932,reese.allen96932@bigcorp.test,Reese,Allen,Dallas,TX,75206,US,32.828034,-96.898556,standard,7668.2
2274,96936,kendall.jones96936@bigcorp.test,Kendall,Jones,Dallas,TX,75206,US,32.533234,-97.146618,standard,665.52
2275,96960,cameron.kim96960@bigcorp.test,Cameron,Kim,Dallas,TX,75206,US,32.996525,-97.144163,standard,1417.4
2276,97040,avery.walker97040@bigcorp.test,Avery,Walker,Dallas,TX,75206,US,32.957528,-96.537607,standard,8284.2
2277,97060,alex.chen97060@bigcorp.test,Alex,Chen,Dallas,TX,75206,US,32.580638,-96.862394,standard,2540.8
2278,97107,dana.smith97107@bigcorp.test,Dana,Smith,Dallas,TX,75206,US,32.784223,-97.110626,standard,4059.32
2279,97180,blake.lewis97180@bigcorp.test,Blake,Lewis,Austin,TX,78702,US,30.008556,-97.704086,vip,3736.84
2280,97241,sam.lewis97241@bigcorp.test,Sam,Lewis,Dallas,TX,75206,US,32.405154,-96.682847,standard,3724.0
2281,97258,reese.lewis97258@bigcorp.test,Reese,Lewis,Dallas,TX,75206,US,32.416108,-96.984052,standard,2549.44
2282,97268,morgan.lee97268@bigcorp.test,Morgan,Lee,Austin,TX,78702,US,29.928609,-98.000791,standard,4235.36
2283,97302,emerson.nguyen97302@bigcorp.test,Emerson,Nguyen,Dallas,TX,75206,US,32.811786,-96.820689,vip,1909.16
2284,97304,david.jones97304@bigcorp.test,David,Jones,Dallas,TX,75206,US,33.005503,-96.83698,standard,7319.6
2285,97316,parker.lopez97316@bigcorp.test,Parker,Lopez,Dallas,TX,75206,US,32.432857,-96.637071,standard,5593.92
2286,97350,taylor.young97350@bigcorp.test,Taylor,Young,Dallas,TX,75206,US,32.556985,-96.705288,vip,2707.28
2287,97359,alex.patel97359@bigcorp.test,Alex,Patel,Dallas,TX,75206,US,32.462152,-96.784976,standard,2400.76
2288,97376,david.allen97376@bigcorp.test,David,Allen,Dallas,TX,75206,US,32.759713,-96.581502,standard,2286.08
2289,97398,sam.walker97398@bigcorp.test,Sam,Walker,Dallas,TX,75206,US,33.007987,-96.641094,standard,3609.32
2290,97589,anne.martin97589@bigcorp.test,Anne,Martin,Columbus,OH,43203,US,39.941537,-82.915827,standard,2635.04
2291,97630,blake.smith97630@bigcorp.test,Blake,Smith,San Diego,CA,92105,US,32.701049,-116.907775,standard,4204.48
2292,97641,reese.lee97641@bigcorp.test,Reese,Lee,Dallas,TX,75206,US,32.486252,-97.077409,preferred,3755.44
2293,97757,jamie.chen97757@bigcorp.test,Jamie,Chen,San Jose,CA,95110,US,37.574825,-122.195758,standard,2100.64
2294,97758,riley.hall97758@bigcorp.test,Riley,Hall,Austin,TX,78702,US,30.390057,-97.870016,standard,4461.0
2295,97799,hayden.garcia97799@bigcorp.test,Hayden,Garcia,Dallas,TX,75206,US,32.767685,-96.879528,standard,2192.12
2296,97842,quinn.allen97842@bigcorp.test,Quinn,Allen,Dallas,TX,75206,US,32.651738,-97.086196,standard,2825.36
2297,97866,jordan.lee97866@bigcorp.test,Jordan,Lee,Indianapolis,IN,46202,US,39.884302,-86.331495,preferred,3825.96
2298,97898,hayden.young97898@bigcorp.test,Hayden,Young,Dallas,TX,75206,US,32.646861,-96.694389,standard,8327.56
2299,97903,alex.wilson97903@bigcorp.test,Alex,Wilson,San Diego,CA,92105,US,32.941463,-117.281826,preferred,3627.72
2300,97917,morgan.walker97917@bigcorp.test,Morgan,Walker,Dallas,TX,75206,US,32.449443,-96.752387,preferred,3946.72
2301,97935,blake.smith97935@bigcorp.test,Blake,Smith,Columbus,OH,43203,US,40.306444,-83.03415,standard,7221.64
2302,97948,taylor.lewis97948@bigcorp.test,Taylor,Lewis,Dallas,TX,75206,US,32.598245,-96.565326,standard,5520.4
2303,98044,rowan.kim98044@bigcorp.test,Rowan,Kim,San Diego,CA,92105,US,32.489969,-117.397868,standard,5086.4
2304,98198,morgan.smith98198@bigcorp.test,Morgan,Smith,Dallas,TX,75206,US,32.870588,-97.024441,vip,2906.84
2305,98322,morgan.lee98322@bigcorp.test,Morgan,Lee,San Diego,CA,92105,US,32.717808,-116.890492,preferred,966.08
2306,98348,alex.chen98348@bigcorp.test,Alex,Chen,Austin,TX,78702,US,29.961009,-97.879117,standard,3346.56
2307,98351,sam.walker98351@bigcorp.test,Sam,Walker,Columbus,OH,43203,US,39.789993,-82.496208,standard,7047.92
2308,98361,parker.garcia98361@bigcorp.test,Parker,Garcia,Dallas,TX,75206,US,32.633488,-97.143304,standard,3320.92
2309,98378,morgan.patel98378@bigcorp.test,Morgan,Patel,San Diego,CA,92105,US,32.903645,-117.08823,preferred,2451.92
2310,98487,anne.allen98487@bigcorp.test,Anne,Allen,San Jose,CA,95110,US,37.198734,-121.889338,standard,4016.84
2311,98522,hayden.lewis98522@bigcorp.test,Hayden,Lewis,Dallas,TX,75206,US,32.473952,-96.901166,standard,2045.44
2312,98528,blake.lewis98528@bigcorp.test,Blake,Lewis,Columbus,OH,43203,US,40.329798,-83.119462,standard,4440.04
2313,98631,reese.martin98631@bigcorp.test,Reese,Martin,Austin,TX,78702,US,30.035982,-97.783558,standard,2095.64
2314,98737,hayden.smith98737@bigcorp.test,Hayden,Smith,San Francisco,CA,94109,US,37.517652,-122.059575,standard,5690.96
2315,98750,rowan.brown98750@bigcorp.test,Rowan,Brown,Dallas,TX,75206,US,32.517607,-96.539277,standard,1219.68
2316,98785,morgan.chen98785@bigcorp.test,Morgan,Chen,Austin,TX,78702,US,30.140586,-97.710796,preferred,997.4
2317,98788,rowan.singh98788@bigcorp.test,Rowan,Singh,Columbus,OH,43203,US,40.293202,-82.786339,standard,4401.68
2318,99001,kendall.lopez99001@bigcorp.test,Kendall,Lopez,Dallas,TX,75206,US,32.64186,-97.091717,standard,5790.68
2319,99024,riley.walker99024@bigcorp.test,Riley,Walker,Los Angeles,CA,90012,US,34.19445,-118.169626,preferred,2242.92
2320,99036,blake.allen99036@bigcorp.test,Blake,Allen,Columbus,OH,43203,US,39.562106,-83.438775,vip,5254.64
2321,99087,sam.singh99087@bigcorp.test,Sam,Singh,San Diego,CA,92105,US,32.793606,-117.015396,standard,2547.08
2322,99128,sam.clark99128@bigcorp.test,Sam,Clark,San Diego,CA,92105,US,32.510635,-117.486221,standard,1008.72
2323,99164,adam.jones99164@bigcorp.test,Adam,Jones,Dallas,TX,75206,US,32.927894,-96.623348,preferred,1501.0
2324,99167,quinn.nguyen99167@bigcorp.test,Quinn,Nguyen,Dallas,TX,75206,US,32.925578,-96.568216,preferred,5363.16
2325,99309,reese.lewis99309@bigcorp.test,Reese,Lewis,Dallas,TX,75206,US,32.403452,-97.200946,standard,5009.4
2326,99358,robin.garcia99358@bigcorp.test,Robin,Garcia,Columbus,OH,43203,US,40.275638,-83.093496,standard,3069.92
2327,99462,hayden.walker99462@bigcorp.test,Hayden,Walker,Dallas,TX,75206,US,32.558398,-96.676199,standard,5259.0
2328,99543,quinn.smith99543@bigcorp.test,Quinn,Smith,Columbus,OH,43203,US,40.181303,-83.252687,standard,1786.2
2329,99565,dana.kim99565@bigcorp.test,Dana,Kim,Columbus,OH,43203,US,39.69283,-82.948383,standard,3382.04
2330,99567,alex.smith99567@bigcorp.test,Alex,Smith,Dallas,TX,75206,US,32.419437,-96.77929,preferred,2327.6
2331,99592,alex.martin99592@bigcorp.test,Alex,Martin,Dallas,TX,75206,US,33.07333,-96.804188,standard,2692.0
2332,99613,kendall.young99613@bigcorp.test,Kendall,Young,Dallas,TX,75206,US,32.521312,-97.157342,standard,2105.88
2333,99683,cameron.clark99683@bigcorp.test,Cameron,Clark,Dallas,TX,75206,US,32.419749,-96.824825,standard,400.0
2334,99706,jamie.smith99706@bigcorp.test,Jamie,Smith,San Jose,CA,95110,US,37.370026,-122.229111,standard,4545.88
2335,99733,kendall.singh99733@bigcorp.test,Kendall,Singh,San Diego,CA,92105,US,32.550317,-116.844213,standard,4558.48
2336,99901,taylor.walker99901@bigcorp.test,Taylor,Walker,Dallas,TX,75206,US,32.923133,-97.033832,standard,1533.92
2337,99907,kendall.nguyen99907@bigcorp.test,Kendall,Nguyen,Dallas,TX,75206,US,33.081977,-96.570236,standard,712.4
2338,100011,anne.nguyen100011@bigcorp.test,Anne,Nguyen,San Diego,CA,92105,US,32.843748,-117.051674,standard,3446.44
2339,100054,hayden.lopez100054@bigcorp.test,Hayden,Lopez,Dallas,TX,75206,US,33.053417,-97.090048,standard,4521.36
2340,100067,quinn.lopez100067@bigcorp.test,Quinn,Lopez,San Diego,CA,92105,US,33.006267,-117.484597,standard,5211.04
2341,100069,jamie.patel100069@bigcorp.test,Jamie,Patel,Dallas,TX,75206,US,32.509611,-97.107221,standard,2550.08
2342,100123,hayden.young100123@bigcorp.test,Hayden,Young,Dallas,TX,75206,US,32.929507,-96.889656,standard,3473.12
2343,100125,cameron.nguyen100125@bigcorp.test,Cameron,Nguyen,Dallas,TX,75206,US,32.624902,-97.083999,standard,2669.4
2344,100144,morgan.jones100144@bigcorp.test,Morgan,Jones,Dallas,TX,75206,US,33.054421,-96.68308,preferred,5666.88
2345,100175,taylor.walker100175@bigcorp.test,Taylor,Walker,Dallas,TX,75206,US,32.649945,-96.759673,standard,2033.4
2346,100182,david.smith100182@bigcorp.test,David,Smith,Columbus,OH,43203,US,40.248308,-83.061948,standard,4456.2
2347,100225,anne.hall100225@bigcorp.test,Anne,Hall,San Diego,CA,92105,US,32.700811,-117.012259,standard,866.0
2348,100244,taylor.nguyen100244@bigcorp.test,Taylor,Nguyen,San Diego,CA,92105,US,32.839582,-117.156275,standard,4703.44
2349,100260,robin.lopez100260@bigcorp.test,Robin,Lopez,Columbus,OH,43203,US,39.726642,-82.836513,standard,3063.08
2350,100302,rowan.clark100302@bigcorp.test,Rowan,Clark,San Diego,CA,92105,US,32.624674,-117.402414,standard,4177.72
2351,100330,reese.nguyen100330@bigcorp.test,Reese,Nguyen,Columbus,OH,43201,US,40.134024,-82.68038,standard,5259.04
2352,100356,taylor.brown100356@bigcorp.test,Taylor,Brown,Dallas,TX,75206,US,32.772154,-96.743936,standard,2722.36
2353,100371,rowan.jones100371@bigcorp.test,Rowan,Jones,Dallas,TX,75206,US,33.05348,-96.840142,standard,4279.68
2354,100445,jamie.nguyen100445@bigcorp.test,Jamie,Nguyen,Dallas,TX,75206,US,32.836078,-97.185792,standard,3464.84
2355,100452,anne.clark100452@bigcorp.test,Anne,Clark,San Diego,CA,92105,US,32.915878,-117.484319,standard,2120.96
2356,100492,quinn.chen100492@bigcorp.test,Quinn,Chen,Dallas,TX,75206,US,33.069036,-96.83872,standard,500.76
2357,100511,david.kim100511@bigcorp.test,David,Kim,Austin,TX,78702,US,29.930732,-98.146186,standard,1028.28
2358,100624,kendall.young100624@bigcorp.test,Kendall,Young,Dallas,TX,75206,US,32.676607,-96.984458,standard,1384.44
2359,100645,casey.king100645@bigcorp.test,Casey,King,Austin,TX,78702,US,30.324982,-97.713047,vip,4774.96
2360,100651,alex.nguyen100651@bigcorp.test,Alex,Nguyen,San Diego,CA,92105,US,32.786111,-117.122353,standard,4142.92
2361,100688,reese.lopez100688@bigcorp.test,Reese,Lopez,Dallas,TX,75206,US,32.877415,-96.93418,standard,1246.6
2362,100704,dana.kim100704@bigcorp.test,Dana,Kim,Dallas,TX,75206,US,32.51017,-97.148104,preferred,2526.72
2363,100741,hayden.martin100741@bigcorp.test,Hayden,Martin,Dallas,TX,75206,US,32.501715,-96.786464,standard,1587.32
2364,100784,quinn.nguyen100784@bigcorp.test,Quinn,Nguyen,Dallas,TX,75206,US,32.547466,-96.772222,standard,1986.32
2365,100837,kendall.lee100837@bigcorp.test,Kendall,Lee,Austin,TX,78702,US,30.23687,-98.14503,standard,4403.32
2366,100838,sam.brown100838@bigcorp.test,Sam,Brown,Dallas,TX,75206,US,32.966963,-96.896381,standard,2148.6
2367,100940,david.clark100940@bigcorp.test,David,Clark,Dallas,TX,75206,US,32.725342,-97.100877,preferred,2575.32
2368,100941,taylor.young100941@bigcorp.test,Taylor,Young,Dallas,TX,75206,US,32.477272,-97.084567,standard,5028.2
2369,100954,david.kim100954@bigcorp.test,David,Kim,Austin,TX,78702,US,30.013932,-98.184203,standard,2893.24
2370,100990,jamie.walker100990@bigcorp.test,Jamie,Walker,Philadelphia,PA,19104,US,39.884597,-75.161719,standard,4944.24
2371,101002,taylor.king101002@bigcorp.test,Taylor,King,San Diego,CA,92105,US,33.058774,-117.257553,preferred,2558.56
2372,101026,kendall.hall101026@bigcorp.test,Kendall,Hall,Dallas,TX,75206,US,33.048011,-96.908857,standard,4298.16
2373,101028,adam.lee101028@bigcorp.test,Adam,Lee,Columbus,OH,43203,US,39.951422,-82.618339,standard,3921.84
2374,101032,emerson.brown101032@bigcorp.test,Emerson,Brown,Dallas,TX,75206,US,33.093451,-96.688949,standard,2825.04
2375,101102,anne.lopez101102@bigcorp.test,Anne,Lopez,Columbus,OH,43203,US,39.687679,-82.951848,preferred,3902.84
2376,101122,cameron.martin101122@bigcorp.test,Cameron,Martin,Dallas,TX,75206,US,32.972816,-97.079961,standard,8936.4
2377,101155,alex.nguyen101155@bigcorp.test,Alex,Nguyen,San Diego,CA,92105,US,32.86736,-117.496178,standard,4659.12
2378,101180,anne.garcia101180@bigcorp.test,Anne,Garcia,Dallas,TX,75206,US,32.751038,-96.53876,standard,3189.48
2379,101189,avery.lopez101189@bigcorp.test,Avery,Lopez,Dallas,TX,75206,US,33.060856,-96.66934,preferred,3257.76
2380,101309,taylor.lopez101309@bigcorp.test,Taylor,Lopez,San Diego,CA,92105,US,32.754779,-117.029078,standard,3611.0
2381,101317,jamie.smith101317@bigcorp.test,Jamie,Smith,Dallas,TX,75206,US,32.855482,-96.632275,standard,7902.96
2382,101345,sam.walker101345@bigcorp.test,Sam,Walker,Dallas,TX,75206,US,32.917526,-96.989523,standard,3171.32
2383,101349,casey.walker101349@bigcorp.test,Casey,Walker,Indianapolis,IN,46202,US,40.097441,-86.313445,standard,2477.12
2384,101428,casey.young101428@bigcorp.test,Casey,Young,San Diego,CA,92105,US,32.398613,-116.995031,standard,662.84
2385,101479,jamie.smith101479@bigcorp.test,Jamie,Smith,Dallas,TX,75206,US,32.555087,-96.765657,standard,572.36
2386,101504,parker.nguyen101504@bigcorp.test,Parker,Nguyen,San Francisco,CA,94109,US,37.499202,-122.537168,standard,3072.16
2387,101562,adam.lewis101562@bigcorp.test,Adam,Lewis,Dallas,TX,75206,US,32.404644,-97.14379,preferred,5626.32
2388,101573,robin.brown101573@bigcorp.test,Robin,Brown,Dallas,TX,75206,US,32.738182,-96.895274,standard,4842.8
2389,101605,blake.smith101605@bigcorp.test,Blake,Smith,Dallas,TX,75206,US,32.71513,-96.629819,standard,4777.96
2390,101644,kendall.martin101644@bigcorp.test,Kendall,Martin,Dallas,TX,75206,US,32.941473,-96.851556,standard,1171.08
2391,101701,quinn.lee101701@bigcorp.test,Quinn,Lee,Dallas,TX,75206,US,32.691167,-96.802834,standard,3314.6
2392,101728,hayden.walker101728@bigcorp.test,Hayden,Walker,Philadelphia,PA,19104,US,40.059981,-75.447233,standard,2634.56
2393,101769,jamie.brown101769@bigcorp.test,Jamie,Brown,Columbus,OH,43203,US,39.79673,-82.552386,standard,3608.88
2394,101779,dana.singh101779@bigcorp.test,Dana,Singh,San Diego,CA,92105,US,32.720496,-117.406722,preferred,5179.28
2395,101815,rowan.lewis101815@bigcorp.test,Rowan,Lewis,Dallas,TX,75206,US,32.867156,-97.205091,vip,1552.56
2396,101860,casey.hall101860@bigcorp.test,Casey,Hall,Dallas,TX,75206,US,33.040904,-96.919527,preferred,2335.24
2397,101944,dana.smith101944@bigcorp.test,Dana,Smith,Dallas,TX,75206,US,32.687206,-96.802813,standard,1984.92
2398,102013,casey.walker102013@bigcorp.test,Casey,Walker,Columbus,OH,43203,US,39.655842,-82.876318,standard,2533.52
2399,102045,reese.lewis102045@bigcorp.test,Reese,Lewis,Dallas,TX,75206,US,32.925381,-97.153527,standard,4819.28
2400,102184,alex.kim102184@bigcorp.test,Alex,Kim,San Francisco,CA,94103,US,37.780004,-122.313642,standard,10250.28
2401,102195,reese.jones102195@bigcorp.test,Reese,Jones,Columbus,OH,43203,US,40.136021,-83.154183,preferred,1742.48
2402,102243,anne.allen102243@bigcorp.test,Anne,Allen,Dallas,TX,75206,US,32.399969,-96.733604,preferred,4320.36
2403,102245,taylor.clark102245@bigcorp.test,Taylor,Clark,Dallas,TX,75206,US,32.707936,-96.914372,standard,2803.88
2404,102266,jamie.walker102266@bigcorp.test,Jamie,Walker,San Diego,CA,92105,US,32.824666,-117.178033,vip,4515.68
2405,102325,dana.allen102325@bigcorp.test,Dana,Allen,Columbus,OH,43203,US,40.145397,-82.564963,standard,1453.12
2406,102351,hayden.clark102351@bigcorp.test,Hayden,Clark,Dallas,TX,75206,US,32.763454,-96.937147,standard,3830.36
2407,102452,kendall.young102452@bigcorp.test,Kendall,Young,Dallas,TX,75206,US,33.01517,-97.120376,standard,3986.52
2408,102510,parker.smith102510@bigcorp.test,Parker,Smith,San Diego,CA,92105,US,33.089333,-117.059409,vip,2895.92
2409,102567,kendall.allen102567@bigcorp.test,Kendall,Allen,Austin,TX,78702,US,30.551166,-97.987172,standard,4145.84
2410,102575,reese.smith102575@bigcorp.test,Reese,Smith,Dallas,TX,75206,US,32.971553,-96.578434,standard,3997.08
2411,102681,sam.singh102681@bigcorp.test,Sam,Singh,Dallas,TX,75206,US,32.916451,-97.134754,standard,1863.04
2412,102697,parker.singh102697@bigcorp.test,Parker,Singh,Dallas,TX,75206,US,32.640059,-96.990225,standard,1975.48
2413,102706,robin.smith102706@bigcorp.test,Robin,Smith,Dallas,TX,75206,US,32.635402,-96.765124,standard,4171.08
2414,102709,quinn.martin102709@bigcorp.test,Quinn,Martin,Dallas,TX,75206,US,33.020102,-96.701089,standard,400.0
2415,102864,casey.young102864@bigcorp.test,Casey,Young,Dallas,TX,75206,US,32.551137,-96.887997,standard,3609.84
2416,102913,quinn.clark102913@bigcorp.test,Quinn,Clark,Dallas,TX,75206,US,32.812256,-96.805485,standard,1880.96
2417,102918,emerson.brown102918@bigcorp.test,Emerson,Brown,Dallas,TX,75206,US,32.495365,-97.093074,standard,4943.84
2418,102926,anne.lopez102926@bigcorp.test,Anne,Lopez,Dallas,TX,75206,US,32.980784,-96.842187,standard,3471.28
2419,102942,parker.lopez102942@bigcorp.test,Parker,Lopez,Dallas,TX,75206,US,32.481336,-96.808861,standard,1582.36
2420,102945,parker.young102945@bigcorp.test,Parker,Young,Dallas,TX,75206,US,32.663074,-97.195102,preferred,1481.2
2421,102996,anne.clark102996@bigcorp.test,Anne,Clark,Dallas,TX,75206,US,32.717206,-96.715122,standard,4246.2
2422,103043,alex.king103043@bigcorp.test,Alex,King,Columbus,OH,43203,US,39.851122,-82.805688,standard,3975.44
2423,103052,anne.lewis103052@bigcorp.test,Anne,Lewis,San Jose,CA,95110,US,37.528357,-122.070603,standard,772.36
2424,103061,alex.patel103061@bigcorp.test,Alex,Patel,Indianapolis,IN,46202,US,39.813993,-85.683689,standard,2455.64
2425,103124,morgan.martin103124@bigcorp.test,Morgan,Martin,Dallas,TX,75206,US,32.734607,-97.133882,standard,3397.76
2426,103146,morgan.nguyen103146@bigcorp.test,Morgan,Nguyen,Indianapolis,IN,46202,US,40.001967,-85.746379,preferred,4008.52
2427,103165,taylor.smith103165@bigcorp.test,Taylor,Smith,Dallas,TX,75206,US,32.560888,-96.725373,preferred,3152.52
2428,103170,jordan.smith103170@bigcorp.test,Jordan,Smith,San Diego,CA,92105,US,32.643686,-117.285129,standard,1539.8
2429,103194,cameron.smith103194@bigcorp.test,Cameron,Smith,Dallas,TX,75206,US,32.744209,-97.021618,standard,3822.72
2430,103225,rowan.singh103225@bigcorp.test,Rowan,Singh,Dallas,TX,75206,US,32.433086,-96.881149,standard,4921.92
2431,103275,robin.king103275@bigcorp.test,Robin,King,Dallas,TX,75206,US,32.406363,-96.928979,standard,4474.64
2432,103397,alex.allen103397@bigcorp.test,Alex,Allen,San Diego,CA,92105,US,32.972255,-117.484565,standard,7562.04
2433,103413,avery.king103413@bigcorp.test,Avery,King,Austin,TX,78702,US,30.288607,-97.571181,standard,832.8
2434,103543,parker.martin103543@bigcorp.test,Parker,Martin,Austin,TX,78704,US,30.012457,-97.598297,standard,1481.64
2435,103617,rowan.jones103617@bigcorp.test,Rowan,Jones,Dallas,TX,75206,US,32.656615,-96.844744,standard,3277.32
2436,103661,quinn.lopez103661@bigcorp.test,Quinn,Lopez,Columbus,OH,43203,US,40.090779,-83.098611,standard,2024.04
2437,103701,jordan.lee103701@bigcorp.test,Jordan,Lee,Dallas,TX,75206,US,32.602853,-96.959438,standard,2010.2
2438,103745,casey.allen103745@bigcorp.test,Casey,Allen,Dallas,TX,75206,US,32.760037,-96.999844,standard,3102.64
2439,103923,casey.kim103923@bigcorp.test,Casey,Kim,Dallas,TX,75206,US,32.842156,-96.852936,standard,2686.28
2440,103964,anne.singh103964@bigcorp.test,Anne,Singh,Los Angeles,CA,90012,US,33.837662,-118.178531,preferred,1815.52
2441,104011,morgan.lopez104011@bigcorp.test,Morgan,Lopez,San Jose,CA,95110,US,37.608819,-121.723571,standard,2581.64
2442,104074,rowan.martin104074@bigcorp.test,Rowan,Martin,Dallas,TX,75206,US,32.949862,-96.802323,preferred,4120.2
2443,104081,dana.patel104081@bigcorp.test,Dana,Patel,Dallas,TX,75206,US,33.061046,-96.664598,standard,3905.88
2444,104144,dana.patel104144@bigcorp.test,Dana,Patel,Dallas,TX,75206,US,32.913917,-96.826559,standard,3349.0
2445,104179,robin.brown104179@bigcorp.test,Robin,Brown,Dallas,TX,75206,US,32.670787,-96.689426,standard,5954.84
2446,104182,reese.garcia104182@bigcorp.test,Reese,Garcia,Dallas,TX,75206,US,32.423425,-96.55491,standard,2318.76
2447,104210,jordan.smith104210@bigcorp.test,Jordan,Smith,Dallas,TX,75206,US,32.773006,-97.094454,standard,812.36
2448,104214,taylor.hall104214@bigcorp.test,Taylor,Hall,Dallas,TX,75206,US,32.528805,-97.050581,standard,1817.68
2449,104292,avery.brown104292@bigcorp.test,Avery,Brown,Dallas,TX,75206,US,32.844195,-96.948399,standard,1367.64
2450,104356,jamie.clark104356@bigcorp.test,Jamie,Clark,Columbus,OH,43203,US,39.672575,-83.093247,standard,2664.8
2451,104382,jamie.nguyen104382@bigcorp.test,Jamie,Nguyen,Dallas,TX,75206,US,32.847642,-96.526185,standard,2867.72
2452,104396,david.allen104396@bigcorp.test,David,Allen,Indianapolis,IN,46202,US,39.879315,-86.210287,preferred,1826.72
2453,104416,alex.chen104416@bigcorp.test,Alex,Chen,San Diego,CA,92105,US,32.989733,-116.861222,standard,5148.44
2454,104436,dana.hall104436@bigcorp.test,Dana,Hall,Charlotte,NC,28206,US,35.442569,-80.662014,standard,1819.48
2455,104444,reese.chen104444@bigcorp.test,Reese,Chen,San Diego,CA,92105,US,32.861712,-117.324636,standard,2141.56
2456,104463,david.allen104463@bigcorp.test,David,Allen,San Diego,CA,92105,US,32.672384,-117.299898,standard,2194.16
2457,104566,emerson.allen104566@bigcorp.test,Emerson,Allen,San Diego,CA,92105,US,32.452479,-116.910526,standard,1840.04
2458,104602,quinn.clark104602@bigcorp.test,Quinn,Clark,Dallas,TX,75206,US,32.637088,-97.157058,standard,3318.04
2459,104603,hayden.allen104603@bigcorp.test,Hayden,Allen,Dallas,TX,75206,US,32.603797,-96.952498,standard,4027.44
2460,104697,casey.jones104697@bigcorp.test,Casey,Jones,Dallas,TX,75206,US,32.455067,-96.546852,vip,4122.36
2461,104718,anne.chen104718@bigcorp.test,Anne,Chen,Dallas,TX,75206,US,32.567429,-97.059903,standard,2780.56
2462,104742,taylor.nguyen104742@bigcorp.test,Taylor,Nguyen,San Diego,CA,92105,US,32.658994,-116.935053,standard,6395.52
2463,104850,jamie.garcia104850@bigcorp.test,Jamie,Garcia,Dallas,TX,75206,US,32.6693,-96.903851,standard,1573.24
2464,105026,taylor.jones105026@bigcorp.test,Taylor,Jones,Dallas,TX,75206,US,32.756814,-96.975238,standard,6103.32
2465,105030,jamie.singh105030@bigcorp.test,Jamie,Singh,Dallas,TX,75206,US,32.940875,-96.761338,standard,2181.16
2466,105080,casey.jones105080@bigcorp.test,Casey,Jones,Dallas,TX,75206,US,32.673013,-97.17784,standard,1883.12
2467,105086,reese.jones105086@bigcorp.test,Reese,Jones,Dallas,TX,75206,US,32.920729,-96.734338,standard,3340.0
2468,105139,david.lee105139@bigcorp.test,David,Lee,Dallas,TX,75206,US,32.617463,-97.194045,preferred,4082.88
2469,105149,adam.lewis105149@bigcorp.test,Adam,Lewis,Dallas,TX,75206,US,32.680763,-96.567226,standard,2677.32
2470,105187,quinn.martin105187@bigcorp.test,Quinn,Martin,Dallas,TX,75206,US,32.403529,-96.770757,preferred,4760.84
2471,105254,jamie.nguyen105254@bigcorp.test,Jamie,Nguyen,San Diego,CA,92105,US,32.417194,-117.292587,standard,1704.36
2472,105271,casey.allen105271@bigcorp.test,Casey,Allen,Dallas,TX,75206,US,32.57442,-96.585868,preferred,2182.08
2473,105274,robin.patel105274@bigcorp.test,Robin,Patel,Dallas,TX,75206,US,32.815356,-96.845734,preferred,3998.72
2474,105293,riley.smith105293@bigcorp.test,Riley,Smith,Dallas,TX,75206,US,32.688098,-96.523506,preferred,894.08
2475,105338,robin.jones105338@bigcorp.test,Robin,Jones,Dallas,TX,75206,US,32.661708,-97.20138,vip,2453.92
2476,105378,david.chen105378@bigcorp.test,David,Chen,Dallas,TX,75206,US,32.517619,-97.097425,standard,5044.24
2477,105405,riley.martin105405@bigcorp.test,Riley,Martin,Dallas,TX,75206,US,32.525815,-96.637609,preferred,3294.8
2478,105422,kendall.lopez105422@bigcorp.test,Kendall,Lopez,San Diego,CA,92105,US,33.086253,-116.848086,standard,2226.84
2479,105436,hayden.hall105436@bigcorp.test,Hayden,Hall,San Diego,CA,92105,US,32.53233,-117.332751,standard,3010.72
2480,105510,blake.chen105510@bigcorp.test,Blake,Chen,Dallas,TX,75206,US,32.527988,-96.706649,standard,3981.44
2481,105515,riley.clark105515@bigcorp.test,Riley,Clark,Dallas,TX,75206,US,33.00565,-97.17562,standard,2875.92
2482,105523,sam.patel105523@bigcorp.test,Sam,Patel,Dallas,TX,75206,US,32.970147,-96.717659,standard,2001.2
2483,105572,david.hall105572@bigcorp.test,David,Hall,Dallas,TX,75206,US,32.821188,-96.735796,standard,4325.0
2484,105591,alex.smith105591@bigcorp.test,Alex,Smith,Dallas,TX,75206,US,32.454614,-97.029362,standard,1519.96
2485,105613,parker.lee105613@bigcorp.test,Parker,Lee,Phoenix,AZ,85018,US,33.636348,-112.250502,standard,2705.96
2486,105615,sam.allen105615@bigcorp.test,Sam,Allen,Dallas,TX,75206,US,33.074898,-96.932033,preferred,3968.84
2487,105635,riley.brown105635@bigcorp.test,Riley,Brown,Dallas,TX,75206,US,32.987884,-96.774064,standard,5589.92
2488,105655,parker.clark105655@bigcorp.test,Parker,Clark,Dallas,TX,75206,US,32.610324,-96.583118,preferred,3123.52
2489,105685,anne.brown105685@bigcorp.test,Anne,Brown,Dallas,TX,75206,US,32.933756,-97.035671,preferred,3259.8
2490,105687,jordan.chen105687@bigcorp.test,Jordan,Chen,Dallas,TX,75206,US,33.07178,-97.076661,standard,1830.88
2491,105817,kendall.wilson105817@bigcorp.test,Kendall,Wilson,Dallas,TX,75206,US,33.007633,-96.555914,preferred,3657.36
2492,105820,avery.lewis105820@bigcorp.test,Avery,Lewis,San Diego,CA,92105,US,32.684788,-117.43744,preferred,3599.64
2493,105852,blake.king105852@bigcorp.test,Blake,King,Dallas,TX,75206,US,32.862256,-96.554037,preferred,1310.68
2494,105912,hayden.brown105912@bigcorp.test,Hayden,Brown,Dallas,TX,75206,US,33.048129,-96.837047,standard,3019.52
2495,105948,sam.walker105948@bigcorp.test,Sam,Walker,Dallas,TX,75206,US,32.738673,-96.571979,standard,4881.08
2496,105951,reese.garcia105951@bigcorp.test,Reese,Garcia,Dallas,TX,75206,US,32.752641,-96.645161,preferred,5446.96
2497,105957,avery.garcia105957@bigcorp.test,Avery,Garcia,Indianapolis,IN,46202,US,40.03028,-86.00469,standard,2676.4
2498,106076,jamie.walker106076@bigcorp.test,Jamie,Walker,Dallas,TX,75206,US,32.485531,-96.760373,standard,2457.24
2499,106086,quinn.jones106086@bigcorp.test,Quinn,Jones,San Diego,CA,92105,US,32.594566,-116.905465,standard,1870.56
2500,106110,dana.nguyen106110@bigcorp.test,Dana,Nguyen,Dallas,TX,75206,US,32.787046,-97.040197,standard,6245.56
2501,106128,adam.allen106128@bigcorp.test,Adam,Allen,Dallas,TX,75206,US,32.680238,-96.698604,preferred,2540.52
2502,106149,casey.martin106149@bigcorp.test,Casey,Martin,Dallas,TX,75206,US,32.572743,-97.124623,standard,4185.52
2503,106162,hayden.kim106162@bigcorp.test,Hayden,Kim,Dallas,TX,75206,US,32.520092,-96.518004,standard,5568.2
2504,106228,kendall.lee106228@bigcorp.test,Kendall,Lee,Dallas,TX,75206,US,32.611053,-96.773291,standard,3142.8
2505,106283,hayden.nguyen106283@bigcorp.test,Hayden,Nguyen,Dallas,TX,75206,US,32.593024,-97.056085,standard,4136.08
2506,106424,avery.walker106424@bigcorp.test,Avery,Walker,Dallas,TX,75206,US,32.999301,-96.644233,standard,6385.56
2507,106440,casey.young106440@bigcorp.test,Casey,Young,Indianapolis,IN,46202,US,39.968906,-86.164703,standard,3781.04
2508,106476,reese.jones106476@bigcorp.test,Reese,Jones,Dallas,TX,75206,US,32.71519,-97.036523,standard,3264.04
2509,106587,parker.singh106587@bigcorp.test,Parker,Singh,Dallas,TX,75206,US,33.057686,-96.790331,preferred,1854.92
2510,106606,jordan.lee106606@bigcorp.test,Jordan,Lee,Dallas,TX,75206,US,32.441266,-96.854353,standard,2777.92
2511,106616,anne.king106616@bigcorp.test,Anne,King,Dallas,TX,75206,US,32.927462,-97.179424,standard,3955.76
2512,106622,quinn.smith106622@bigcorp.test,Quinn,Smith,Indianapolis,IN,46202,US,39.564006,-86.139433,standard,3572.0
2513,106692,rowan.nguyen106692@bigcorp.test,Rowan,Nguyen,Dallas,TX,75206,US,32.477559,-96.633299,standard,2334.32
2514,106748,dana.wilson106748@bigcorp.test,Dana,Wilson,Dallas,TX,75206,US,32.423048,-96.984987,standard,2089.12
2515,106773,adam.singh106773@bigcorp.test,Adam,Singh,Indianapolis,IN,46202,US,40.153215,-86.271069,standard,1929.68
2516,106884,emerson.martin106884@bigcorp.test,Emerson,Martin,Dallas,TX,75206,US,32.553827,-96.620695,standard,4373.64
2517,106916,hayden.patel106916@bigcorp.test,Hayden,Patel,San Diego,CA,92105,US,32.888549,-117.204741,standard,994.44
2518,106922,parker.lee106922@bigcorp.test,Parker,Lee,Dallas,TX,75206,US,32.645973,-96.686465,standard,7752.0
2519,106938,jamie.clark106938@bigcorp.test,Jamie,Clark,San Diego,CA,92105,US,32.551423,-117.493319,standard,3336.24
2520,107010,kendall.young107010@bigcorp.test,Kendall,Young,Dallas,TX,75206,US,32.717759,-96.577856,standard,3030.04
2521,107040,alex.young107040@bigcorp.test,Alex,Young,Dallas,TX,75206,US,32.503348,-96.9739,standard,2419.72
2522,107042,quinn.kim107042@bigcorp.test,Quinn,Kim,Dallas,TX,75206,US,32.429184,-96.800881,vip,417.48
2523,107048,emerson.clark107048@bigcorp.test,Emerson,Clark,Dallas,TX,75206,US,32.739707,-97.178297,standard,4936.88
2524,107209,reese.smith107209@bigcorp.test,Reese,Smith,Columbus,OH,43203,US,39.989136,-83.007386,standard,4823.24
2525,107250,emerson.patel107250@bigcorp.test,Emerson,Patel,Dallas,TX,75206,US,33.045041,-96.85995,preferred,2396.04
2526,107280,anne.allen107280@bigcorp.test,Anne,Allen,Dallas,TX,75206,US,32.820084,-96.520705,standard,5922.92
2527,107362,blake.kim107362@bigcorp.test,Blake,Kim,Dallas,TX,75206,US,32.870805,-96.87958,standard,3551.04
2528,107408,anne.hall107408@bigcorp.test,Anne,Hall,Dallas,TX,75206,US,32.567654,-96.759903,standard,1415.32
2529,107428,cameron.singh107428@bigcorp.test,Cameron,Singh,Columbus,OH,43203,US,40.226541,-83.065838,standard,5079.68
2530,107440,blake.smith107440@bigcorp.test,Blake,Smith,Columbus,OH,43203,US,39.894801,-83.363888,vip,6203.88
2531,107518,rowan.walker107518@bigcorp.test,Rowan,Walker,Dallas,TX,75206,US,32.717484,-96.834606,standard,2062.08
2532,107553,parker.brown107553@bigcorp.test,Parker,Brown,San Diego,CA,92105,US,32.776564,-117.143269,standard,2368.84
2533,107576,cameron.young107576@bigcorp.test,Cameron,Young,Dallas,TX,75206,US,32.453458,-96.712844,standard,1502.72
2534,107603,hayden.nguyen107603@bigcorp.test,Hayden,Nguyen,Dallas,TX,75206,US,33.059243,-96.555237,standard,3082.52
2535,107726,robin.wilson107726@bigcorp.test,Robin,Wilson,Dallas,TX,75206,US,32.830632,-96.636211,standard,1059.2
2536,107749,jordan.clark107749@bigcorp.test,Jordan,Clark,Dallas,TX,75206,US,32.795679,-96.637173,standard,2050.24
2537,107759,quinn.smith107759@bigcorp.test,Quinn,Smith,Austin,TX,78702,US,30.362836,-97.8985,standard,4488.0
2538,107794,quinn.allen107794@bigcorp.test,Quinn,Allen,Chicago,IL,60654,US,42.059325,-87.327383,standard,4475.92
2539,107833,robin.chen107833@bigcorp.test,Robin,Chen,Columbus,OH,43203,US,40.026295,-83.115156,standard,1760.28
2540,107841,morgan.martin107841@bigcorp.test,Morgan,Martin,Houston,TX,77007,US,29.794728,-95.169757,standard,2420.72
2541,107953,taylor.hall107953@bigcorp.test,Taylor,Hall,Dallas,TX,75206,US,32.713498,-96.567653,standard,5486.32
2542,108002,rowan.kim108002@bigcorp.test,Rowan,Kim,Dallas,TX,75206,US,33.093258,-96.754055,preferred,6077.8
2543,108077,reese.kim108077@bigcorp.test,Reese,Kim,Dallas,TX,75206,US,32.556048,-96.79022,standard,4436.44
2544,108124,casey.patel108124@bigcorp.test,Casey,Patel,Dallas,TX,75206,US,32.473755,-96.877085,standard,3356.64
2545,108130,blake.king108130@bigcorp.test,Blake,King,Dallas,TX,75206,US,32.90827,-97.160415,standard,3898.84
2546,108144,rowan.jones108144@bigcorp.test,Rowan,Jones,Austin,TX,78702,US,30.464098,-97.627418,standard,4888.92
2547,108282,adam.smith108282@bigcorp.test,Adam,Smith,Columbus,OH,43203,US,39.937173,-82.626388,standard,3758.12
2548,108316,hayden.king108316@bigcorp.test,Hayden,King,Dallas,TX,75206,US,32.831575,-97.074865,standard,1959.32
2549,108345,taylor.wilson108345@bigcorp.test,Taylor,Wilson,Dallas,TX,75206,US,32.902014,-96.692627,standard,985.4
2550,108361,taylor.smith108361@bigcorp.test,Taylor,Smith,Dallas,TX,75206,US,32.45835,-96.519344,standard,2985.0
2551,108399,jamie.kim108399@bigcorp.test,Jamie,Kim,Dallas,TX,75206,US,33.00486,-96.555528,standard,2856.04
2552,108458,kendall.brown108458@bigcorp.test,Kendall,Brown,Dallas,TX,75206,US,32.558634,-96.63426,standard,3374.52
2553,108516,parker.smith108516@bigcorp.test,Parker,Smith,Dallas,TX,75206,US,32.544951,-96.92091,standard,1519.04
2554,108574,sam.clark108574@bigcorp.test,Sam,Clark,Austin,TX,78702,US,29.965712,-97.62377,standard,4525.12
2555,108588,alex.wilson108588@bigcorp.test,Alex,Wilson,Dallas,TX,75206,US,33.067151,-97.007894,standard,4767.52
2556,108599,rowan.smith108599@bigcorp.test,Rowan,Smith,Dallas,TX,75206,US,32.868147,-96.957957,standard,2378.8
2557,108654,casey.clark108654@bigcorp.test,Casey,Clark,Dallas,TX,75206,US,32.547271,-97.092549,standard,4935.8
2558,108719,reese.lopez108719@bigcorp.test,Reese,Lopez,Dallas,TX,75206,US,32.970488,-96.81696,standard,1844.8
2559,108728,alex.hall108728@bigcorp.test,Alex,Hall,Columbus,OH,43203,US,39.737492,-83.000219,standard,2302.28
2560,108741,hayden.patel108741@bigcorp.test,Hayden,Patel,San Diego,CA,92105,US,32.627759,-117.44564,standard,1515.28
2561,108747,taylor.allen108747@bigcorp.test,Taylor,Allen,Dallas,TX,75206,US,32.723097,-96.732948,standard,2855.72
2562,108755,alex.nguyen108755@bigcorp.test,Alex,Nguyen,San Diego,CA,92105,US,32.516018,-116.886849,vip,4292.48
2563,108919,morgan.garcia108919@bigcorp.test,Morgan,Garcia,Dallas,TX,75206,US,32.417008,-96.897719,standard,3436.88
2564,108977,jordan.allen108977@bigcorp.test,Jordan,Allen,Dallas,TX,75206,US,32.891771,-96.690695,standard,5429.44
2565,109010,blake.kim109010@bigcorp.test,Blake,Kim,Indianapolis,IN,46202,US,39.952897,-86.331678,vip,2386.0
2566,109031,rowan.kim109031@bigcorp.test,Rowan,Kim,Dallas,TX,75206,US,33.067491,-97.065097,standard,1989.84
2567,109105,blake.lee109105@bigcorp.test,Blake,Lee,San Diego,CA,92105,US,32.840721,-117.261261,preferred,3383.0
2568,109140,reese.kim109140@bigcorp.test,Reese,Kim,Dallas,TX,75206,US,32.432236,-96.9655,preferred,2706.04
2569,109162,adam.singh109162@bigcorp.test,Adam,Singh,Dallas,TX,75206,US,32.465186,-96.759857,standard,5207.52
2570,109163,riley.martin109163@bigcorp.test,Riley,Martin,San Diego,CA,92105,US,32.66019,-117.168256,preferred,1566.04
2571,109248,sam.wilson109248@bigcorp.test,Sam,Wilson,Columbus,OH,43203,US,39.752554,-83.103999,standard,2261.16
2572,109273,reese.patel109273@bigcorp.test,Reese,Patel,Dallas,TX,75206,US,32.579092,-96.863667,standard,4090.84
2573,109277,jamie.king109277@bigcorp.test,Jamie,King,Dallas,TX,75206,US,32.705614,-97.192279,standard,3757.44
2574,109328,kendall.chen109328@bigcorp.test,Kendall,Chen,Austin,TX,78702,US,30.064911,-97.762718,preferred,3389.76
2575,109432,anne.nguyen109432@bigcorp.test,Anne,Nguyen,Dallas,TX,75206,US,32.658622,-96.85188,standard,2430.76
2576,109497,emerson.wilson109497@bigcorp.test,Emerson,Wilson,Dallas,TX,75206,US,32.533784,-96.667786,standard,2996.64
2577,109654,jordan.wilson109654@bigcorp.test,Jordan,Wilson,Dallas,TX,75206,US,32.67222,-96.858423,standard,3041.76
2578,109727,parker.smith109727@bigcorp.test,Parker,Smith,Dallas,TX,75206,US,32.707782,-96.854984,standard,2738.24
2579,109742,blake.clark109742@bigcorp.test,Blake,Clark,Dallas,TX,75206,US,32.43549,-96.669579,standard,2795.04
2580,109846,anne.wilson109846@bigcorp.test,Anne,Wilson,Indianapolis,IN,46202,US,39.939102,-85.849254,standard,3796.04
2581,109847,adam.smith109847@bigcorp.test,Adam,Smith,Dallas,TX,75206,US,32.541728,-96.78189,preferred,1972.8
2582,109884,robin.lopez109884@bigcorp.test,Robin,Lopez,Dallas,TX,75206,US,32.780361,-96.997182,standard,1879.16
2583,109953,david.lopez109953@bigcorp.test,David,Lopez,San Diego,CA,92105,US,32.655787,-116.949546,standard,6104.6
2584,109985,rowan.lee109985@bigcorp.test,Rowan,Lee,Dallas,TX,75206,US,32.587475,-96.531073,preferred,2778.36
2585,110003,robin.walker110003@bigcorp.test,Robin,Walker,San Diego,CA,92105,US,32.694627,-117.379678,standard,3268.72
2586,110056,robin.clark110056@bigcorp.test,Robin,Clark,Dallas,TX,75206,US,32.763191,-96.983551,standard,5405.72
2587,110058,sam.martin110058@bigcorp.test,Sam,Martin,Dallas,TX,75206,US,32.519971,-96.850764,vip,3114.12
2588,110146,riley.allen110146@bigcorp.test,Riley,Allen,Dallas,TX,75206,US,32.679369,-96.821453,standard,4366.12
2589,110205,cameron.hall110205@bigcorp.test,Cameron,Hall,Dallas,TX,75206,US,32.535779,-96.997985,standard,3175.84
2590,110351,blake.lopez110351@bigcorp.test,Blake,Lopez,Austin,TX,78702,US,30.21717,-97.6011,standard,2207.0
2591,110362,sam.king110362@bigcorp.test,Sam,King,Dallas,TX,75206,US,32.706862,-96.865215,standard,1467.72
2592,110364,adam.hall110364@bigcorp.test,Adam,Hall,Dallas,TX,75206,US,32.92229,-97.08729,standard,5073.0
2593,110370,david.allen110370@bigcorp.test,David,Allen,Dallas,TX,75206,US,33.033719,-97.049607,standard,1869.92
2594,110383,cameron.smith110383@bigcorp.test,Cameron,Smith,San Diego,CA,92105,US,32.978289,-116.915368,standard,1563.4
2595,110405,sam.hall110405@bigcorp.test,Sam,Hall,Dallas,TX,75206,US,32.950785,-96.654941,standard,4664.96
2596,110446,emerson.jones110446@bigcorp.test,Emerson,Jones,Dallas,TX,75206,US,32.480392,-96.832724,standard,2856.36
2597,110544,cameron.patel110544@bigcorp.test,Cameron,Patel,Dallas,TX,75206,US,32.561352,-96.91416,standard,2337.76
2598,110563,emerson.kim110563@bigcorp.test,Emerson,Kim,San Diego,CA,92105,US,32.647944,-117.014894,standard,1944.56
2599,110641,reese.nguyen110641@bigcorp.test,Reese,Nguyen,Austin,TX,78702,US,30.03126,-97.595765,standard,5346.36
2600,110680,emerson.lopez110680@bigcorp.test,Emerson,Lopez,Dallas,TX,75206,US,33.018806,-96.719827,vip,1514.56
2601,110685,jamie.garcia110685@bigcorp.test,Jamie,Garcia,San Diego,CA,92105,US,32.474315,-117.033298,vip,5380.08
2602,110688,rowan.wilson110688@bigcorp.test,Rowan,Wilson,Dallas,TX,75206,US,32.661469,-96.633915,preferred,5724.88
2603,110731,blake.walker110731@bigcorp.test,Blake,Walker,Dallas,TX,75206,US,32.921801,-96.518944,standard,1620.12
2604,110766,kendall.kim110766@bigcorp.test,Kendall,Kim,Dallas,TX,75206,US,32.811982,-96.776715,standard,3249.08
2605,110778,sam.brown110778@bigcorp.test,Sam,Brown,Dallas,TX,75206,US,32.769264,-96.987703,standard,2638.56
2606,110862,sam.smith110862@bigcorp.test,Sam,Smith,Dallas,TX,75206,US,32.560017,-96.517634,standard,2661.44
2607,110868,riley.kim110868@bigcorp.test,Riley,Kim,Dallas,TX,75206,US,32.620018,-97.137204,standard,915.64
2608,110899,david.king110899@bigcorp.test,David,King,Dallas,TX,75206,US,32.937155,-96.658578,standard,818.6
2609,110947,alex.patel110947@bigcorp.test,Alex,Patel,Dallas,TX,75206,US,32.785338,-96.68365,standard,4032.76
2610,110981,avery.lopez110981@bigcorp.test,Avery,Lopez,San Diego,CA,92105,US,32.843033,-117.087567,standard,715.6
2611,110983,kendall.wilson110983@bigcorp.test,Kendall,Wilson,Dallas,TX,75206,US,32.613604,-96.621841,preferred,4530.92
2612,110996,adam.garcia110996@bigcorp.test,Adam,Garcia,Dallas,TX,75206,US,32.396064,-96.916347,standard,820.64
2613,110998,blake.brown110998@bigcorp.test,Blake,Brown,Dallas,TX,75206,US,32.708595,-97.050477,standard,2166.32
2614,111010,alex.lewis111010@bigcorp.test,Alex,Lewis,Los Angeles,CA,90012,US,33.905575,-118.002021,standard,3995.76
2615,111014,robin.lewis111014@bigcorp.test,Robin,Lewis,Dallas,TX,75206,US,32.930757,-96.922282,standard,3103.64
2616,111036,blake.chen111036@bigcorp.test,Blake,Chen,San Diego,CA,92105,US,32.510982,-117.470093,standard,6257.4
2617,111047,emerson.hall111047@bigcorp.test,Emerson,Hall,San Diego,CA,92105,US,33.070567,-117.060916,standard,8624.48
2618,111063,jordan.king111063@bigcorp.test,Jordan,King,Dallas,TX,75206,US,32.722457,-97.11982,standard,3546.2
2619,111092,parker.hall111092@bigcorp.test,Parker,Hall,Dallas,TX,75206,US,32.633213,-97.130423,vip,3770.08
2620,111148,adam.brown111148@bigcorp.test,Adam,Brown,Dallas,TX,75206,US,32.946882,-97.100661,standard,3083.72
2621,111149,sam.allen111149@bigcorp.test,Sam,Allen,San Francisco,CA,94109,US,37.814622,-122.503336,standard,6322.16
2622,111174,riley.patel111174@bigcorp.test,Riley,Patel,Indianapolis,IN,46202,US,39.751749,-85.965234,standard,3529.92
2623,111207,dana.smith111207@bigcorp.test,Dana,Smith,Dallas,TX,75206,US,32.712509,-97.083458,standard,5422.08
2624,111271,parker.singh111271@bigcorp.test,Parker,Singh,Dallas,TX,75206,US,32.975875,-96.942339,standard,2206.12
2625,111303,reese.smith111303@bigcorp.test,Reese,Smith,San Diego,CA,92105,US,32.91608,-117.317886,standard,400.0
2626,111339,jamie.nguyen111339@bigcorp.test,Jamie,Nguyen,San Diego,CA,92105,US,32.56998,-117.078247,preferred,2771.2
2627,111373,jordan.martin111373@bigcorp.test,Jordan,Martin,Dallas,TX,75206,US,33.019456,-97.181375,standard,4091.28
2628,111395,kendall.lopez111395@bigcorp.test,Kendall,Lopez,Dallas,TX,75206,US,32.417305,-96.814905,standard,1902.56
2629,111444,blake.smith111444@bigcorp.test,Blake,Smith,Dallas,TX,75206,US,32.576634,-96.791228,standard,4788.08
2630,111461,emerson.patel111461@bigcorp.test,Emerson,Patel,Dallas,TX,75206,US,32.868522,-96.942154,standard,2153.8
2631,111474,sam.lewis111474@bigcorp.test,Sam,Lewis,Dallas,TX,75206,US,32.46256,-96.61684,standard,4425.56
2632,111538,reese.smith111538@bigcorp.test,Reese,Smith,San Diego,CA,92105,US,32.862439,-117.144294,standard,400.0
2633,111692,avery.allen111692@bigcorp.test,Avery,Allen,Columbus,OH,43203,US,40.113958,-82.587116,preferred,4745.48
2634,111698,emerson.clark111698@bigcorp.test,Emerson,Clark,Dallas,TX,75206,US,32.737865,-97.171579,standard,2448.28
2635,111728,jamie.young111728@bigcorp.test,Jamie,Young,Dallas,TX,75206,US,32.417026,-97.20099,standard,592.88
2636,111811,emerson.lopez111811@bigcorp.test,Emerson,Lopez,Dallas,TX,75206,US,33.088913,-96.859282,standard,3401.68
2637,111902,cameron.king111902@bigcorp.test,Cameron,King,Dallas,TX,75206,US,32.590369,-96.77182,standard,2052.52
2638,112011,jamie.young112011@bigcorp.test,Jamie,Young,San Diego,CA,92105,US,32.962614,-116.988507,standard,400.0
2639,112038,jamie.lee112038@bigcorp.test,Jamie,Lee,Dallas,TX,75206,US,32.806578,-96.925502,standard,2095.16
2640,112096,alex.allen112096@bigcorp.test,Alex,Allen,Dallas,TX,75206,US,32.702508,-96.959117,standard,3741.72
2641,112106,rowan.king112106@bigcorp.test,Rowan,King,San Diego,CA,92105,US,32.91142,-117.199375,standard,1945.72
2642,112120,reese.kim112120@bigcorp.test,Reese,Kim,Dallas,TX,75206,US,32.95574,-96.748537,vip,4539.32
2643,112131,quinn.hall112131@bigcorp.test,Quinn,Hall,Dallas,TX,75206,US,33.057021,-97.156295,standard,2941.88
2644,112158,adam.chen112158@bigcorp.test,Adam,Chen,Dallas,TX,75206,US,32.740266,-96.912998,standard,2603.2
2645,112167,avery.jones112167@bigcorp.test,Avery,Jones,Dallas,TX,75206,US,32.926814,-96.917202,preferred,6460.56
2646,112211,taylor.chen112211@bigcorp.test,Taylor,Chen,Dallas,TX,75206,US,33.089976,-96.717415,standard,2668.76
2647,112220,riley.kim112220@bigcorp.test,Riley,Kim,Dallas,TX,75206,US,32.740665,-96.823097,standard,3558.96
2648,112224,anne.martin112224@bigcorp.test,Anne,Martin,Philadelphia,PA,19104,US,39.818097,-74.878059,vip,4342.44
2649,112245,reese.jones112245@bigcorp.test,Reese,Jones,Dallas,TX,75206,US,32.803939,-97.069808,standard,3115.04
2650,112295,alex.chen112295@bigcorp.test,Alex,Chen,Columbus,OH,43203,US,40.075802,-82.975384,standard,2243.04
2651,112298,riley.lewis112298@bigcorp.test,Riley,Lewis,Dallas,TX,75206,US,32.452048,-96.596043,standard,5138.08
2652,112325,alex.nguyen112325@bigcorp.test,Alex,Nguyen,Dallas,TX,75206,US,32.858226,-96.595615,standard,1812.96
2653,112384,quinn.lewis112384@bigcorp.test,Quinn,Lewis,Dallas,TX,75206,US,32.695673,-96.592151,standard,2919.04
2654,112393,anne.king112393@bigcorp.test,Anne,King,Dallas,TX,75206,US,32.456934,-96.833996,preferred,3357.68
2655,112440,dana.lopez112440@bigcorp.test,Dana,Lopez,Columbus,OH,43203,US,40.238689,-82.729528,standard,3790.72
2656,112450,taylor.garcia112450@bigcorp.test,Taylor,Garcia,San Diego,CA,92105,US,32.648103,-117.190116,preferred,3794.8
2657,112457,jordan.lewis112457@bigcorp.test,Jordan,Lewis,Dallas,TX,75206,US,32.895878,-96.573128,vip,3934.04
2658,112509,avery.chen112509@bigcorp.test,Avery,Chen,Dallas,TX,75206,US,32.448667,-96.855706,standard,5029.04
2659,112560,dana.smith112560@bigcorp.test,Dana,Smith,Dallas,TX,75206,US,33.034283,-97.149491,standard,4135.04
2660,112605,david.kim112605@bigcorp.test,David,Kim,Indianapolis,IN,46202,US,39.960205,-86.103606,standard,5079.4
2661,112643,kendall.jones112643@bigcorp.test,Kendall,Jones,Dallas,TX,75206,US,32.636918,-96.815021,standard,2586.96
2662,112651,riley.nguyen112651@bigcorp.test,Riley,Nguyen,Indianapolis,IN,46202,US,39.937589,-86.113223,standard,3422.68
2663,112683,casey.chen112683@bigcorp.test,Casey,Chen,Dallas,TX,75206,US,33.082038,-96.651607,standard,2000.68
2664,112696,adam.martin112696@bigcorp.test,Adam,Martin,Austin,TX,78702,US,30.531852,-97.958403,standard,3765.48
2665,112751,adam.allen112751@bigcorp.test,Adam,Allen,Dallas,TX,75206,US,32.879928,-96.950585,standard,3647.24
2666,112822,david.nguyen112822@bigcorp.test,David,Nguyen,San Diego,CA,92105,US,32.498971,-117.400488,standard,4620.88
2667,112867,quinn.hall112867@bigcorp.test,Quinn,Hall,Phoenix,AZ,85018,US,33.306405,-112.198343,standard,4436.68
2668,112872,rowan.kim112872@bigcorp.test,Rowan,Kim,Dallas,TX,75206,US,32.707471,-97.075565,standard,4621.6
2669,112915,dana.clark112915@bigcorp.test,Dana,Clark,Dallas,TX,75206,US,32.882756,-96.592363,preferred,3727.76
2670,112946,parker.smith112946@bigcorp.test,Parker,Smith,Dallas,TX,75206,US,32.975692,-96.910153,standard,2405.6
2671,112965,alex.garcia112965@bigcorp.test,Alex,Garcia,Dallas,TX,75206,US,32.7067,-96.948174,preferred,1759.88
2672,113048,kendall.young113048@bigcorp.test,Kendall,Young,San Diego,CA,92105,US,32.462654,-117.392751,standard,3753.68
2673,113149,reese.lee113149@bigcorp.test,Reese,Lee,Columbus,OH,43201,US,40.159423,-82.689342,standard,4165.08
2674,113184,parker.king113184@bigcorp.test,Parker,King,San Diego,CA,92105,US,32.787051,-116.9566,standard,7410.56
2675,113325,dana.lewis113325@bigcorp.test,Dana,Lewis,San Francisco,CA,94103,US,37.47547,-122.429485,standard,400.0
2676,113330,quinn.chen113330@bigcorp.test,Quinn,Chen,San Diego,CA,92105,US,32.96835,-116.929836,vip,2717.2
2677,113352,reese.kim113352@bigcorp.test,Reese,Kim,Dallas,TX,75206,US,32.77632,-97.196526,vip,2795.64
2678,113361,blake.wilson113361@bigcorp.test,Blake,Wilson,Dallas,TX,75206,US,32.828045,-96.901703,standard,5336.24
2679,113409,cameron.patel113409@bigcorp.test,Cameron,Patel,Dallas,TX,75206,US,32.845848,-96.555245,standard,3085.04
2680,113469,dana.patel113469@bigcorp.test,Dana,Patel,Dallas,TX,75206,US,32.728972,-97.134743,standard,4217.28
2681,113472,riley.wilson113472@bigcorp.test,Riley,Wilson,Austin,TX,78702,US,29.904185,-98.065135,preferred,3660.44
2682,113474,hayden.kim113474@bigcorp.test,Hayden,Kim,Dallas,TX,75206,US,32.462889,-97.138684,standard,2402.16
2683,113481,jordan.jones113481@bigcorp.test,Jordan,Jones,Dallas,TX,75206,US,32.789567,-96.591656,standard,4485.92
2684,113506,jamie.lewis113506@bigcorp.test,Jamie,Lewis,Dallas,TX,75206,US,32.956554,-96.597192,standard,2649.36
2685,113703,hayden.allen113703@bigcorp.test,Hayden,Allen,Dallas,TX,75206,US,32.475169,-96.702346,standard,3157.52
2686,113716,jordan.chen113716@bigcorp.test,Jordan,Chen,Dallas,TX,75206,US,32.748295,-97.075554,preferred,2563.92
2687,113776,cameron.clark113776@bigcorp.test,Cameron,Clark,San Diego,CA,92105,US,32.864963,-117.242902,preferred,2053.44
2688,113809,quinn.young113809@bigcorp.test,Quinn,Young,San Jose,CA,95110,US,37.147825,-121.804022,standard,4159.4
2689,113908,rowan.lewis113908@bigcorp.test,Rowan,Lewis,Dallas,TX,75206,US,32.997454,-97.150973,standard,4063.28
2690,113911,taylor.smith113911@bigcorp.test,Taylor,Smith,Columbus,OH,43203,US,40.227318,-83.101357,standard,400.0
2691,113992,jamie.walker113992@bigcorp.test,Jamie,Walker,Dallas,TX,75206,US,32.793109,-96.707922,standard,4183.44
2692,114019,casey.king114019@bigcorp.test,Casey,King,Dallas,TX,75206,US,32.46337,-96.843102,preferred,1404.36
2693,114048,dana.martin114048@bigcorp.test,Dana,Martin,Indianapolis,IN,46202,US,39.918458,-86.20688,standard,4410.68
2694,114062,alex.clark114062@bigcorp.test,Alex,Clark,Dallas,TX,75206,US,32.597509,-96.814098,standard,2919.44
2695,114080,quinn.lopez114080@bigcorp.test,Quinn,Lopez,Dallas,TX,75206,US,32.601661,-97.105211,preferred,4089.32
2696,114163,emerson.lee114163@bigcorp.test,Emerson,Lee,Dallas,TX,75206,US,32.607622,-96.523725,standard,1626.56
2697,114226,sam.hall114226@bigcorp.test,Sam,Hall,Dallas,TX,75206,US,32.424085,-96.554957,standard,3047.12
2698,114263,sam.hall114263@bigcorp.test,Sam,Hall,San Diego,CA,92105,US,32.535065,-117.389279,standard,6261.84
2699,114362,alex.young114362@bigcorp.test,Alex,Young,Dallas,TX,75206,US,33.03276,-97.009804,standard,4346.12
2700,114403,kendall.king114403@bigcorp.test,Kendall,King,Austin,TX,78702,US,30.024184,-97.74413,standard,2460.52
2701,114410,taylor.garcia114410@bigcorp.test,Taylor,Garcia,San Diego,CA,92105,US,32.478046,-117.325799,standard,2466.64
2702,114431,reese.king114431@bigcorp.test,Reese,King,San Diego,CA,92105,US,33.084226,-117.090571,standard,608.2
2703,114447,kendall.allen114447@bigcorp.test,Kendall,Allen,Dallas,TX,75206,US,32.773493,-96.549063,standard,710.08
2704,114498,sam.nguyen114498@bigcorp.test,Sam,Nguyen,Dallas,TX,75206,US,32.842922,-97.109835,standard,2531.08
2705,114528,emerson.clark114528@bigcorp.test,Emerson,Clark,Dallas,TX,75206,US,32.858941,-96.695558,standard,5055.76
2706,114747,reese.patel114747@bigcorp.test,Reese,Patel,Dallas,TX,75206,US,32.800716,-97.164321,preferred,5566.68
2707,114781,robin.kim114781@bigcorp.test,Robin,Kim,Dallas,TX,75206,US,33.033685,-96.785204,standard,2810.96
2708,114784,kendall.garcia114784@bigcorp.test,Kendall,Garcia,San Diego,CA,92105,US,33.053885,-117.405982,standard,2946.56
2709,114831,emerson.walker114831@bigcorp.test,Emerson,Walker,Dallas,TX,75206,US,32.738793,-97.176795,standard,2207.72
2710,114868,adam.patel114868@bigcorp.test,Adam,Patel,Columbus,OH,43203,US,40.092031,-82.848763,vip,4310.64
2711,115013,jordan.smith115013@bigcorp.test,Jordan,Smith,San Diego,CA,92105,US,33.052948,-117.463625,standard,3519.72
2712,115016,emerson.smith115016@bigcorp.test,Emerson,Smith,San Diego,CA,92105,US,33.030686,-116.865753,standard,3835.92
2713,115100,sam.smith115100@bigcorp.test,Sam,Smith,Dallas,TX,75206,US,32.539464,-96.569369,standard,2960.48
2714,115103,kendall.lewis115103@bigcorp.test,Kendall,Lewis,Dallas,TX,75206,US,32.43513,-96.751143,standard,3829.24
2715,115164,jordan.garcia115164@bigcorp.test,Jordan,Garcia,Austin,TX,78702,US,30.247796,-98.022572,standard,3852.44
2716,115241,jordan.chen115241@bigcorp.test,Jordan,Chen,Dallas,TX,75206,US,32.978266,-96.741084,standard,3992.4
2717,115246,david.lopez115246@bigcorp.test,David,Lopez,Dallas,TX,75206,US,32.917922,-97.111852,standard,3049.88
2718,115268,parker.singh115268@bigcorp.test,Parker,Singh,Dallas,TX,75206,US,32.85656,-97.080746,standard,4183.44
2719,115290,cameron.garcia115290@bigcorp.test,Cameron,Garcia,Dallas,TX,75206,US,32.556285,-96.554139,standard,1544.68
2720,115299,david.allen115299@bigcorp.test,David,Allen,Dallas,TX,75206,US,33.035381,-97.059623,standard,2202.12
2721,115349,anne.allen115349@bigcorp.test,Anne,Allen,Philadelphia,PA,19104,US,39.976444,-74.974502,preferred,3921.8
2722,115422,sam.lewis115422@bigcorp.test,Sam,Lewis,Dallas,TX,75206,US,32.922518,-97.093028,preferred,4303.24
2723,115425,kendall.clark115425@bigcorp.test,Kendall,Clark,Indianapolis,IN,46202,US,39.878749,-85.830741,standard,4228.0
2724,115457,cameron.patel115457@bigcorp.test,Cameron,Patel,Dallas,TX,75206,US,33.090459,-96.887309,standard,2711.6
2725,115479,jamie.brown115479@bigcorp.test,Jamie,Brown,Dallas,TX,75206,US,32.750606,-96.605753,preferred,1135.64
2726,115498,anne.young115498@bigcorp.test,Anne,Young,Dallas,TX,75206,US,32.999373,-96.781198,standard,3689.84
2727,115538,parker.nguyen115538@bigcorp.test,Parker,Nguyen,Columbus,OH,43203,US,39.786301,-82.575965,vip,7772.08
2728,115575,casey.patel115575@bigcorp.test,Casey,Patel,Dallas,TX,75206,US,32.703203,-96.927814,preferred,2040.24
2729,115622,cameron.nguyen115622@bigcorp.test,Cameron,Nguyen,San Diego,CA,92105,US,32.687858,-117.421356,standard,3285.96
2730,115703,anne.nguyen115703@bigcorp.test,Anne,Nguyen,Dallas,TX,75206,US,32.658833,-97.029972,standard,5710.68
2731,115772,cameron.hall115772@bigcorp.test,Cameron,Hall,San Diego,CA,92105,US,32.459284,-116.893031,standard,8864.92
2732,115776,dana.martin115776@bigcorp.test,Dana,Martin,Austin,TX,78702,US,30.212215,-97.952705,standard,2150.96
2733,115881,david.chen115881@bigcorp.test,David,Chen,Dallas,TX,75206,US,33.022951,-97.111578,standard,3054.32
2734,115896,blake.young115896@bigcorp.test,Blake,Young,Dallas,TX,75206,US,33.088361,-96.796866,standard,3641.2
2735,115918,morgan.jones115918@bigcorp.test,Morgan,Jones,Dallas,TX,75206,US,32.754158,-96.549261,standard,3897.44
2736,115931,avery.lee115931@bigcorp.test,Avery,Lee,Dallas,TX,75206,US,32.716738,-96.82927,standard,2023.16
2737,115953,casey.singh115953@bigcorp.test,Casey,Singh,Dallas,TX,75206,US,32.729842,-96.611133,standard,1888.4
2738,115980,blake.smith115980@bigcorp.test,Blake,Smith,San Diego,CA,92105,US,33.07162,-117.318755,standard,5267.44
2739,115999,avery.garcia115999@bigcorp.test,Avery,Garcia,Dallas,TX,75206,US,32.78346,-96.508599,standard,455.12
2740,116029,casey.king116029@bigcorp.test,Casey,King,Seattle,WA,98101,US,47.268852,-122.603523,standard,7258.88
2741,116064,anne.singh116064@bigcorp.test,Anne,Singh,Dallas,TX,75206,US,32.676888,-96.758081,standard,2624.68
2742,116091,david.lewis116091@bigcorp.test,David,Lewis,Indianapolis,IN,46202,US,39.910825,-85.685153,standard,4827.6
2743,116122,reese.jones116122@bigcorp.test,Reese,Jones,Columbus,OH,43203,US,39.744519,-82.951352,standard,3046.2
2744,116141,robin.martin116141@bigcorp.test,Robin,Martin,San Diego,CA,92105,US,33.064371,-117.400813,standard,2513.12
2745,116349,casey.lopez116349@bigcorp.test,Casey,Lopez,Houston,TX,77007,US,29.481927,-95.408425,vip,2676.32
2746,116358,cameron.king116358@bigcorp.test,Cameron,King,Dallas,TX,75206,US,32.981929,-96.837089,standard,4336.32
2747,116404,dana.garcia116404@bigcorp.test,Dana,Garcia,Dallas,TX,75206,US,32.727628,-97.147894,vip,5504.76
2748,116411,blake.lopez116411@bigcorp.test,Blake,Lopez,Jacksonville,FL,32202,US,30.036328,-81.529632,standard,2595.6
2749,116452,rowan.walker116452@bigcorp.test,Rowan,Walker,Dallas,TX,75206,US,32.927726,-96.648436,preferred,1955.68
2750,116521,adam.martin116521@bigcorp.test,Adam,Martin,Dallas,TX,75206,US,32.594771,-96.533686,standard,3242.12
2751,116527,david.walker116527@bigcorp.test,David,Walker,Dallas,TX,75206,US,32.4237,-97.066507,standard,3494.08
2752,116530,taylor.king116530@bigcorp.test,Taylor,King,Dallas,TX,75206,US,32.451879,-96.907921,standard,3019.44
2753,116545,casey.hall116545@bigcorp.test,Casey,Hall,Dallas,TX,75206,US,33.003831,-97.1026,standard,1342.4
2754,116620,dana.chen116620@bigcorp.test,Dana,Chen,Phoenix,AZ,85018,US,33.721499,-111.748659,vip,1653.68
2755,116659,robin.smith116659@bigcorp.test,Robin,Smith,Dallas,TX,75206,US,32.541463,-97.127713,standard,1390.6
2756,116940,sam.lopez116940@bigcorp.test,Sam,Lopez,San Diego,CA,92105,US,32.708451,-117.451225,standard,4135.44
2757,117026,robin.young117026@bigcorp.test,Robin,Young,San Jose,CA,95110,US,37.262009,-121.557349,vip,1950.8
2758,117108,david.kim117108@bigcorp.test,David,Kim,Dallas,TX,75206,US,32.817245,-97.189543,standard,4127.4
2759,117246,sam.hall117246@bigcorp.test,Sam,Hall,Dallas,TX,75206,US,33.022937,-96.648637,standard,2620.56
2760,117247,robin.hall117247@bigcorp.test,Robin,Hall,Austin,TX,78702,US,30.120533,-97.720669,vip,3053.08
2761,117271,kendall.patel117271@bigcorp.test,Kendall,Patel,Dallas,TX,75206,US,33.006482,-96.774384,standard,1571.4
2762,117341,quinn.nguyen117341@bigcorp.test,Quinn,Nguyen,Phoenix,AZ,85018,US,33.656436,-112.014741,preferred,2616.72
2763,117397,jordan.kim117397@bigcorp.test,Jordan,Kim,Phoenix,AZ,85012,US,33.143929,-112.343345,standard,5003.68
2764,117464,blake.wilson117464@bigcorp.test,Blake,Wilson,San Diego,CA,92105,US,33.027778,-117.331442,preferred,4151.52
2765,117485,riley.garcia117485@bigcorp.test,Riley,Garcia,Dallas,TX,75206,US,32.857445,-97.173833,standard,1959.64
2766,117592,rowan.king117592@bigcorp.test,Rowan,King,Dallas,TX,75206,US,32.789545,-96.879295,standard,4032.24
2767,117662,riley.young117662@bigcorp.test,Riley,Young,Columbus,OH,43203,US,39.712521,-83.125408,standard,4387.72
2768,117725,quinn.smith117725@bigcorp.test,Quinn,Smith,San Diego,CA,92105,US,32.662183,-117.494611,standard,1627.4
2769,117806,anne.singh117806@bigcorp.test,Anne,Singh,San Diego,CA,92105,US,32.880361,-117.339934,standard,2110.68
2770,117842,avery.smith117842@bigcorp.test,Avery,Smith,Dallas,TX,75206,US,32.485502,-97.127052,preferred,5712.36
2771,117849,kendall.jones117849@bigcorp.test,Kendall,Jones,Dallas,TX,75206,US,32.560133,-96.811889,standard,5124.96
2772,117905,sam.young117905@bigcorp.test,Sam,Young,Columbus,OH,43203,US,40.182796,-82.910648,standard,5165.24
2773,118002,adam.brown118002@bigcorp.test,Adam,Brown,Dallas,TX,75206,US,32.403794,-97.084271,standard,4828.88
2774,118036,jamie.hall118036@bigcorp.test,Jamie,Hall,Dallas,TX,75206,US,32.676943,-96.776065,standard,2474.48
2775,118044,alex.lopez118044@bigcorp.test,Alex,Lopez,San Diego,CA,92105,US,32.87322,-116.933341,standard,1687.6
2776,118078,dana.young118078@bigcorp.test,Dana,Young,Columbus,OH,43203,US,39.839399,-83.066014,standard,2419.4
2777,118086,emerson.lee118086@bigcorp.test,Emerson,Lee,Dallas,TX,75206,US,33.063599,-96.711205,standard,3510.24
2778,118166,jamie.wilson118166@bigcorp.test,Jamie,Wilson,Dallas,TX,75206,US,32.676639,-96.984022,standard,1934.6
2779,118186,dana.hall118186@bigcorp.test,Dana,Hall,Dallas,TX,75206,US,32.912658,-97.169402,standard,1779.28
2780,118266,hayden.kim118266@bigcorp.test,Hayden,Kim,Dallas,TX,75206,US,32.752541,-96.614897,preferred,2421.12
2781,118311,riley.kim118311@bigcorp.test,Riley,Kim,Columbus,OH,43203,US,40.032967,-82.535463,standard,4346.56
2782,118370,avery.lee118370@bigcorp.test,Avery,Lee,Dallas,TX,75206,US,32.610682,-96.949826,standard,4323.84
2783,118440,david.singh118440@bigcorp.test,David,Singh,San Diego,CA,92105,US,32.971507,-117.174089,standard,787.76
2784,118443,casey.clark118443@bigcorp.test,Casey,Clark,Phoenix,AZ,85018,US,33.535323,-111.808625,standard,4510.92
2785,118541,taylor.lewis118541@bigcorp.test,Taylor,Lewis,Dallas,TX,75206,US,32.598066,-97.074288,standard,5370.6
2786,118601,adam.smith118601@bigcorp.test,Adam,Smith,Dallas,TX,75206,US,32.746839,-96.925208,standard,4032.52
2787,118651,emerson.walker118651@bigcorp.test,Emerson,Walker,Dallas,TX,75206,US,32.951994,-96.948201,standard,3220.04
2788,118664,david.allen118664@bigcorp.test,David,Allen,Dallas,TX,75206,US,32.398641,-96.540422,standard,3873.56
2789,118669,taylor.kim118669@bigcorp.test,Taylor,Kim,Houston,TX,77007,US,29.858629,-95.260048,standard,1769.28
2790,118794,anne.brown118794@bigcorp.test,Anne,Brown,Dallas,TX,75206,US,32.823706,-96.822167,standard,888.28
2791,118819,reese.garcia118819@bigcorp.test,Reese,Garcia,Dallas,TX,75206,US,32.973872,-96.653105,standard,2878.68
2792,118908,sam.lewis118908@bigcorp.test,Sam,Lewis,Austin,TX,78702,US,30.387035,-97.502276,standard,420.24
2793,118954,anne.jones118954@bigcorp.test,Anne,Jones,Dallas,TX,75206,US,32.955172,-96.692615,standard,3198.08
2794,118976,rowan.smith118976@bigcorp.test,Rowan,Smith,Dallas,TX,75206,US,32.464797,-96.971117,standard,1912.72
2795,118995,sam.wilson118995@bigcorp.test,Sam,Wilson,Dallas,TX,75206,US,32.801253,-96.918015,standard,6083.56
2796,119051,dana.wilson119051@bigcorp.test,Dana,Wilson,San Francisco,CA,94109,US,37.757242,-122.677825,standard,4733.84
2797,119132,blake.young119132@bigcorp.test,Blake,Young,Dallas,TX,75206,US,33.079821,-97.018015,standard,3673.36
2798,119201,robin.clark119201@bigcorp.test,Robin,Clark,Dallas,TX,75206,US,32.535142,-96.989484,standard,4451.72
2799,119243,riley.jones119243@bigcorp.test,Riley,Jones,San Diego,CA,92105,US,32.90161,-117.088478,vip,3083.12
2800,119246,adam.walker119246@bigcorp.test,Adam,Walker,Columbus,OH,43203,US,40.172042,-82.785328,standard,4793.28
2801,119254,dana.smith119254@bigcorp.test,Dana,Smith,Columbus,OH,43203,US,39.952751,-82.790105,vip,2505.2
2802,119271,cameron.martin119271@bigcorp.test,Cameron,Martin,Dallas,TX,75206,US,32.827146,-96.917819,standard,2919.76
2803,119276,blake.lewis119276@bigcorp.test,Blake,Lewis,Dallas,TX,75206,US,32.796378,-96.724936,standard,5702.88
2804,119315,rowan.nguyen119315@bigcorp.test,Rowan,Nguyen,Dallas,TX,75206,US,32.513836,-97.17398,standard,5108.52
2805,119326,anne.chen119326@bigcorp.test,Anne,Chen,Dallas,TX,75206,US,32.719841,-96.604946,standard,4323.64
2806,119341,jamie.patel119341@bigcorp.test,Jamie,Patel,Dallas,TX,75206,US,32.693143,-97.17201,standard,400.0
2807,119499,parker.lopez119499@bigcorp.test,Parker,Lopez,Indianapolis,IN,46202,US,39.972984,-86.300644,standard,4281.0
2808,119585,sam.brown119585@bigcorp.test,Sam,Brown,Dallas,TX,75206,US,32.890941,-97.118184,standard,5637.76
2809,119642,anne.lopez119642@bigcorp.test,Anne,Lopez,Dallas,TX,75206,US,32.757341,-96.651134,standard,2134.48
2810,119714,dana.chen119714@bigcorp.test,Dana,Chen,Dallas,TX,75206,US,32.9806,-96.815646,standard,2667.16
2811,119795,robin.chen119795@bigcorp.test,Robin,Chen,Dallas,TX,75206,US,32.910526,-97.153121,standard,5830.16
2812,119801,anne.clark119801@bigcorp.test,Anne,Clark,Dallas,TX,75206,US,32.650096,-96.91356,standard,2592.84
2813,119803,adam.allen119803@bigcorp.test,Adam,Allen,Dallas,TX,75206,US,32.698322,-96.953534,standard,1468.56
2814,119831,alex.martin119831@bigcorp.test,Alex,Martin,San Diego,CA,92105,US,32.55444,-117.43885,standard,4182.96
2815,119919,dana.young119919@bigcorp.test,Dana,Young,Dallas,TX,75206,US,33.065666,-96.780798,standard,2576.24
2816,119926,casey.patel119926@bigcorp.test,Casey,Patel,Dallas,TX,75206,US,32.636683,-97.167807,standard,4089.08
2817,119927,quinn.brown119927@bigcorp.test,Quinn,Brown,Austin,TX,78702,US,30.494059,-97.621706,standard,4614.28
2818,119937,sam.kim119937@bigcorp.test,Sam,Kim,San Diego,CA,92105,US,32.779177,-117.521123,standard,2967.16
2819,120061,emerson.nguyen120061@bigcorp.test,Emerson,Nguyen,San Diego,CA,92105,US,32.690359,-117.065627,standard,1378.2
2820,120112,adam.singh120112@bigcorp.test,Adam,Singh,Dallas,TX,75206,US,32.971561,-97.135856,standard,400.0
2821,120194,david.walker120194@bigcorp.test,David,Walker,San Diego,CA,92105,US,33.059699,-117.438374,standard,2930.24
2822,120272,cameron.singh120272@bigcorp.test,Cameron,Singh,San Diego,CA,92105,US,32.592313,-117.456122,standard,1754.6
2823,120292,avery.patel120292@bigcorp.test,Avery,Patel,Columbus,OH,43203,US,39.947861,-82.510655,standard,4749.72
2824,120305,david.lopez120305@bigcorp.test,David,Lopez,Dallas,TX,75206,US,32.804568,-97.146772,vip,400.0
2825,120370,cameron.martin120370@bigcorp.test,Cameron,Martin,San Diego,CA,92105,US,32.706726,-117.360607,standard,3386.84
2826,120419,emerson.wilson120419@bigcorp.test,Emerson,Wilson,Dallas,TX,75206,US,32.944494,-96.66628,standard,5275.76
2827,120475,quinn.hall120475@bigcorp.test,Quinn,Hall,Dallas,TX,75206,US,32.477349,-96.642754,standard,3973.48
2828,120501,parker.martin120501@bigcorp.test,Parker,Martin,Dallas,TX,75206,US,32.796739,-96.945041,standard,4285.24
2829,120535,emerson.lewis120535@bigcorp.test,Emerson,Lewis,San Diego,CA,92105,US,32.738578,-117.190515,standard,1985.28
2830,120563,dana.clark120563@bigcorp.test,Dana,Clark,Fort Worth,TX,76107,US,32.592475,-97.452814,standard,2523.16
2831,120583,reese.lopez120583@bigcorp.test,Reese,Lopez,Dallas,TX,75206,US,32.840961,-96.832074,standard,6081.64
2832,120607,morgan.hall120607@bigcorp.test,Morgan,Hall,San Diego,CA,92105,US,32.885524,-116.960022,vip,400.0
2833,120713,casey.patel120713@bigcorp.test,Casey,Patel,Dallas,TX,75206,US,32.481994,-96.624879,standard,6195.88
2834,120747,robin.kim120747@bigcorp.test,Robin,Kim,Dallas,TX,75206,US,32.819344,-96.596742,standard,1464.76
2835,120782,kendall.lee120782@bigcorp.test,Kendall,Lee,Dallas,TX,75206,US,32.714539,-96.802442,standard,2563.68
2836,120846,morgan.jones120846@bigcorp.test,Morgan,Jones,Dallas,TX,75206,US,33.068144,-96.751988,preferred,1814.2
2837,120860,kendall.nguyen120860@bigcorp.test,Kendall,Nguyen,Dallas,TX,75206,US,32.897978,-96.801693,standard,4870.84
2838,120901,robin.young120901@bigcorp.test,Robin,Young,Dallas,TX,75206,US,33.073686,-96.794072,standard,2238.8
2839,120904,hayden.smith120904@bigcorp.test,Hayden,Smith,Dallas,TX,75206,US,32.8825,-97.048582,standard,3657.56
2840,120948,cameron.chen120948@bigcorp.test,Cameron,Chen,Dallas,TX,75206,US,32.523515,-96.957962,standard,5144.44
2841,120965,cameron.nguyen120965@bigcorp.test,Cameron,Nguyen,Philadelphia,PA,19104,US,40.057954,-75.40853,standard,3141.52
2842,121062,reese.martin121062@bigcorp.test,Reese,Martin,Dallas,TX,75206,US,32.395248,-97.008113,standard,3693.8
2843,121084,blake.lopez121084@bigcorp.test,Blake,Lopez,Austin,TX,78702,US,30.558509,-97.737908,standard,4274.64
2844,121115,emerson.young121115@bigcorp.test,Emerson,Young,San Diego,CA,92105,US,32.821173,-117.100977,standard,4412.0
2845,121123,avery.martin121123@bigcorp.test,Avery,Martin,San Diego,CA,92105,US,33.016134,-116.933984,standard,4603.36
2846,121183,rowan.wilson121183@bigcorp.test,Rowan,Wilson,San Diego,CA,92105,US,32.79609,-117.252586,standard,3835.68
2847,121191,blake.wilson121191@bigcorp.test,Blake,Wilson,Columbus,OH,43203,US,40.148343,-82.605983,standard,4490.12
2848,121194,dana.singh121194@bigcorp.test,Dana,Singh,Dallas,TX,75206,US,32.767431,-96.90084,standard,2668.36
2849,121243,anne.lewis121243@bigcorp.test,Anne,Lewis,Dallas,TX,75206,US,32.967558,-96.531244,preferred,2507.28
2850,121250,taylor.brown121250@bigcorp.test,Taylor,Brown,Dallas,TX,75206,US,32.582046,-96.613168,standard,1916.36
2851,121307,robin.patel121307@bigcorp.test,Robin,Patel,Dallas,TX,75206,US,32.933615,-97.190021,standard,2587.04
2852,121316,robin.allen121316@bigcorp.test,Robin,Allen,Dallas,TX,75206,US,32.476214,-96.842446,standard,4696.52
2853,121337,jordan.young121337@bigcorp.test,Jordan,Young,Dallas,TX,75206,US,32.97047,-97.17304,standard,3461.64
2854,121354,dana.allen121354@bigcorp.test,Dana,Allen,Dallas,TX,75206,US,32.469301,-96.742317,standard,3448.8
2855,121442,cameron.hall121442@bigcorp.test,Cameron,Hall,Dallas,TX,75206,US,32.864597,-96.947473,standard,7018.32
2856,121488,jamie.chen121488@bigcorp.test,Jamie,Chen,Columbus,OH,43203,US,39.781047,-83.071307,preferred,2989.44
2857,121539,avery.wilson121539@bigcorp.test,Avery,Wilson,Dallas,TX,75206,US,32.503081,-96.59743,standard,3361.56
2858,121599,dana.king121599@bigcorp.test,Dana,King,Dallas,TX,75206,US,32.854907,-96.667478,standard,2505.08
2859,121601,adam.chen121601@bigcorp.test,Adam,Chen,Dallas,TX,75206,US,32.481518,-97.019997,standard,4109.12
2860,121630,jordan.smith121630@bigcorp.test,Jordan,Smith,San Diego,CA,92105,US,32.976704,-116.893599,standard,918.48
2861,121674,parker.nguyen121674@bigcorp.test,Parker,Nguyen,Los Angeles,CA,90012,US,34.002141,-118.330771,standard,3331.96
2862,121686,riley.singh121686@bigcorp.test,Riley,Singh,Dallas,TX,75206,US,32.903946,-96.798005,standard,1445.92
2863,121788,adam.brown121788@bigcorp.test,Adam,Brown,Dallas,TX,75206,US,32.653882,-96.79978,standard,2143.4
2864,121822,dana.chen121822@bigcorp.test,Dana,Chen,Dallas,TX,75206,US,32.877573,-96.923932,vip,3003.4
2865,121851,jamie.allen121851@bigcorp.test,Jamie,Allen,Dallas,TX,75206,US,32.518669,-96.669089,standard,2783.92
2866,121889,morgan.martin121889@bigcorp.test,Morgan,Martin,Dallas,TX,75206,US,32.946538,-96.703736,standard,2379.44
2867,121898,david.wilson121898@bigcorp.test,David,Wilson,Dallas,TX,75206,US,32.84121,-96.545346,standard,4621.56
2868,121922,taylor.brown121922@bigcorp.test,Taylor,Brown,Dallas,TX,75206,US,32.980286,-96.684873,standard,4573.08
2869,122022,rowan.patel122022@bigcorp.test,Rowan,Patel,Dallas,TX,75206,US,32.611815,-96.50797,standard,1275.36
2870,122047,jordan.lee122047@bigcorp.test,Jordan,Lee,San Diego,CA,92105,US,32.931917,-117.064946,standard,3331.0
2871,122134,anne.smith122134@bigcorp.test,Anne,Smith,Dallas,TX,75206,US,32.941318,-96.880603,standard,3546.32
2872,122172,adam.young122172@bigcorp.test,Adam,Young,San Diego,CA,92105,US,32.478117,-117.24239,standard,8681.92
2873,122174,jamie.lewis122174@bigcorp.test,Jamie,Lewis,Dallas,TX,75206,US,32.459022,-97.04121,standard,843.2
2874,122202,emerson.garcia122202@bigcorp.test,Emerson,Garcia,Indianapolis,IN,46202,US,39.689019,-85.93627,standard,3207.52
2875,122213,parker.lewis122213@bigcorp.test,Parker,Lewis,Dallas,TX,75206,US,32.4603,-97.080655,standard,400.0
2876,122242,hayden.lopez122242@bigcorp.test,Hayden,Lopez,Austin,TX,78702,US,29.99341,-97.763681,standard,4173.12
2877,122275,cameron.chen122275@bigcorp.test,Cameron,Chen,Dallas,TX,75206,US,32.630322,-96.56891,standard,1384.56
2878,122299,reese.brown122299@bigcorp.test,Reese,Brown,Dallas,TX,75206,US,32.733403,-96.860518,standard,2591.92
2879,122359,parker.king122359@bigcorp.test,Parker,King,San Diego,CA,92105,US,33.049605,-117.11713,standard,4681.84
2880,122377,emerson.jones122377@bigcorp.test,Emerson,Jones,Dallas,TX,75206,US,32.837467,-96.563283,standard,2312.52
2881,122500,emerson.lopez122500@bigcorp.test,Emerson,Lopez,Dallas,TX,75206,US,33.017691,-97.05301,vip,1782.16
2882,122586,jordan.hall122586@bigcorp.test,Jordan,Hall,San Diego,CA,92105,US,32.751096,-116.954549,standard,2863.16
2883,122592,rowan.martin122592@bigcorp.test,Rowan,Martin,Columbus,OH,43203,US,39.883259,-82.938135,standard,2155.28
2884,122612,anne.smith122612@bigcorp.test,Anne,Smith,Dallas,TX,75206,US,32.917443,-97.107884,preferred,2673.64
2885,122643,jamie.lee122643@bigcorp.test,Jamie,Lee,Dallas,TX,75206,US,32.737665,-96.646802,preferred,961.56
2886,122718,taylor.king122718@bigcorp.test,Taylor,King,Dallas,TX,75206,US,32.754651,-96.953257,standard,1245.12
2887,122725,reese.garcia122725@bigcorp.test,Reese,Garcia,Austin,TX,78702,US,30.48737,-97.436534,standard,5152.52
2888,122740,hayden.allen122740@bigcorp.test,Hayden,Allen,Dallas,TX,75206,US,32.84909,-96.921656,vip,3318.32
2889,122762,riley.clark122762@bigcorp.test,Riley,Clark,San Diego,CA,92105,US,33.02595,-117.500034,standard,1903.28
2890,122795,alex.brown122795@bigcorp.test,Alex,Brown,Dallas,TX,75206,US,32.537006,-97.193024,preferred,2081.96
2891,122842,dana.garcia122842@bigcorp.test,Dana,Garcia,Columbus,OH,43203,US,40.269874,-82.522359,standard,3239.2
2892,122921,cameron.lee122921@bigcorp.test,Cameron,Lee,Dallas,TX,75206,US,32.504231,-96.566498,standard,5732.24
2893,122947,casey.allen122947@bigcorp.test,Casey,Allen,San Diego,CA,92105,US,32.907521,-117.034653,standard,5779.2
2894,123075,riley.clark123075@bigcorp.test,Riley,Clark,Dallas,TX,75206,US,32.708458,-96.660394,standard,3036.8
2895,123124,jamie.wilson123124@bigcorp.test,Jamie,Wilson,San Diego,CA,92105,US,32.835653,-117.409881,standard,3834.64
2896,123155,dana.patel123155@bigcorp.test,Dana,Patel,Dallas,TX,75206,US,32.536689,-96.59219,preferred,4395.36
2897,123193,riley.lopez123193@bigcorp.test,Riley,Lopez,San Jose,CA,95110,US,37.657021,-121.715444,standard,2872.2
2898,123254,taylor.walker123254@bigcorp.test,Taylor,Walker,Dallas,TX,75206,US,32.41446,-96.867784,standard,3798.52
2899,123255,hayden.nguyen123255@bigcorp.test,Hayden,Nguyen,Dallas,TX,75206,US,32.564059,-96.857846,standard,5466.52
2900,123298,cameron.nguyen123298@bigcorp.test,Cameron,Nguyen,Dallas,TX,75206,US,32.449262,-96.598619,vip,1115.8
2901,123300,emerson.kim123300@bigcorp.test,Emerson,Kim,San Diego,CA,92105,US,32.814841,-117.127489,standard,3967.24
2902,123386,anne.jones123386@bigcorp.test,Anne,Jones,Dallas,TX,75206,US,32.416993,-96.851882,standard,918.96
2903,123407,quinn.singh123407@bigcorp.test,Quinn,Singh,Columbus,OH,43203,US,40.172386,-82.833763,standard,3297.04
2904,123467,jordan.walker123467@bigcorp.test,Jordan,Walker,Dallas,TX,75206,US,32.595901,-97.114015,preferred,3840.88
2905,123511,morgan.kim123511@bigcorp.test,Morgan,Kim,Columbus,OH,43203,US,40.129407,-83.404681,standard,3903.72
2906,123684,cameron.kim123684@bigcorp.test,Cameron,Kim,Dallas,TX,75206,US,32.704513,-97.108691,standard,4020.56
2907,123714,robin.brown123714@bigcorp.test,Robin,Brown,Dallas,TX,75206,US,32.411599,-97.052879,standard,3462.72
2908,123742,cameron.king123742@bigcorp.test,Cameron,King,San Diego,CA,92105,US,33.019552,-116.886022,standard,400.0
2909,123877,alex.kim123877@bigcorp.test,Alex,Kim,Columbus,OH,43203,US,39.819523,-82.549171,preferred,2114.76
2910,124003,taylor.nguyen124003@bigcorp.test,Taylor,Nguyen,Columbus,OH,43203,US,39.902576,-82.844579,preferred,6269.24
2911,124010,jordan.garcia124010@bigcorp.test,Jordan,Garcia,San Diego,CA,92105,US,32.737298,-116.972135,standard,4958.64
2912,124019,parker.patel124019@bigcorp.test,Parker,Patel,Columbus,OH,43203,US,39.98735,-82.889122,standard,3030.08
2913,124033,alex.walker124033@bigcorp.test,Alex,Walker,Dallas,TX,75206,US,32.824803,-96.741147,standard,3310.16
2914,124113,rowan.allen124113@bigcorp.test,Rowan,Allen,Dallas,TX,75206,US,33.014983,-96.891335,standard,3248.56
2915,124121,avery.wilson124121@bigcorp.test,Avery,Wilson,Dallas,TX,75206,US,32.646526,-97.059372,standard,4374.72
2916,124175,alex.young124175@bigcorp.test,Alex,Young,Dallas,TX,75206,US,33.044848,-96.903414,standard,3589.52
2917,124176,robin.nguyen124176@bigcorp.test,Robin,Nguyen,Austin,TX,78702,US,30.501814,-97.86127,standard,2727.16
2918,124208,dana.garcia124208@bigcorp.test,Dana,Garcia,Dallas,TX,75206,US,32.908797,-96.742834,standard,3716.12
2919,124265,anne.allen124265@bigcorp.test,Anne,Allen,Columbus,OH,43203,US,40.154515,-82.670886,standard,1923.08
2920,124281,jamie.hall124281@bigcorp.test,Jamie,Hall,San Diego,CA,92105,US,32.775813,-117.354825,preferred,2555.0
2921,124320,david.walker124320@bigcorp.test,David,Walker,San Diego,CA,92105,US,32.733587,-117.237028,vip,2893.28
2922,124420,sam.allen124420@bigcorp.test,Sam,Allen,Dallas,TX,75206,US,32.856514,-96.985088,preferred,2545.36
2923,124488,sam.king124488@bigcorp.test,Sam,King,Dallas,TX,75206,US,32.566029,-97.003453,standard,4301.52
2924,124529,anne.king124529@bigcorp.test,Anne,King,Indianapolis,IN,46202,US,39.850813,-85.932226,preferred,1981.08
2925,124544,jamie.king124544@bigcorp.test,Jamie,King,San Diego,CA,92105,US,32.693447,-117.321575,preferred,1396.8
2926,124566,kendall.martin124566@bigcorp.test,Kendall,Martin,Dallas,TX,75206,US,32.783352,-96.610314,standard,3196.6
2927,124581,taylor.lewis124581@bigcorp.test,Taylor,Lewis,Dallas,TX,75206,US,32.867054,-97.076885,preferred,2636.0
2928,124607,quinn.garcia124607@bigcorp.test,Quinn,Garcia,Columbus,OH,43203,US,39.99006,-82.978531,standard,4374.56
2929,124647,riley.lee124647@bigcorp.test,Riley,Lee,Dallas,TX,75206,US,33.071776,-97.16255,standard,4324.72
2930,124652,kendall.smith124652@bigcorp.test,Kendall,Smith,Dallas,TX,75206,US,32.687079,-96.733178,preferred,2440.08
2931,124698,adam.nguyen124698@bigcorp.test,Adam,Nguyen,Columbus,OH,43203,US,39.830971,-83.043883,standard,2082.64
2932,124777,hayden.garcia124777@bigcorp.test,Hayden,Garcia,Columbus,OH,43203,US,39.690537,-82.733424,standard,5264.2
2933,124786,blake.young124786@bigcorp.test,Blake,Young,Dallas,TX,75206,US,32.765081,-97.043561,standard,3644.4
2934,124810,rowan.walker124810@bigcorp.test,Rowan,Walker,Columbus,OH,43203,US,40.035782,-82.602229,preferred,4258.84
2935,124885,emerson.patel124885@bigcorp.test,Emerson,Patel,Dallas,TX,75206,US,32.52961,-97.070637,standard,2147.4
2936,124943,hayden.chen124943@bigcorp.test,Hayden,Chen,Dallas,TX,75206,US,32.499599,-96.896805,standard,3326.76
2937,124965,hayden.smith124965@bigcorp.test,Hayden,Smith,Austin,TX,78702,US,30.222967,-97.859012,standard,3496.4
2938,125004,riley.singh125004@bigcorp.test,Riley,Singh,Dallas,TX,75206,US,32.500434,-96.748613,standard,4809.32
2939,125141,emerson.wilson125141@bigcorp.test,Emerson,Wilson,Dallas,TX,75206,US,32.54697,-97.197783,standard,8502.88
2940,125202,jordan.smith125202@bigcorp.test,Jordan,Smith,Dallas,TX,75206,US,33.047741,-96.659778,standard,3309.48
2941,125290,adam.garcia125290@bigcorp.test,Adam,Garcia,Columbus,OH,43203,US,40.272254,-83.136744,standard,3438.84
2942,125324,reese.wilson125324@bigcorp.test,Reese,Wilson,Dallas,TX,75206,US,33.005183,-96.571823,preferred,3160.28
2943,125338,reese.garcia125338@bigcorp.test,Reese,Garcia,Dallas,TX,75206,US,32.533191,-96.91039,standard,3136.72
2944,125483,taylor.patel125483@bigcorp.test,Taylor,Patel,Dallas,TX,75206,US,32.823443,-96.790119,standard,606.56
2945,125533,rowan.lee125533@bigcorp.test,Rowan,Lee,Austin,TX,78702,US,30.404054,-97.873932,standard,4477.68
2946,125655,morgan.smith125655@bigcorp.test,Morgan,Smith,Dallas,TX,75206,US,32.83728,-96.524448,preferred,4993.44
2947,125706,blake.kim125706@bigcorp.test,Blake,Kim,Columbus,OH,43203,US,39.804864,-82.979598,standard,1705.72
2948,125839,parker.nguyen125839@bigcorp.test,Parker,Nguyen,Dallas,TX,75206,US,32.595978,-96.694452,vip,2388.16
2949,125934,avery.singh125934@bigcorp.test,Avery,Singh,Dallas,TX,75206,US,32.657426,-96.82618,standard,4214.04
2950,125982,anne.smith125982@bigcorp.test,Anne,Smith,Dallas,TX,75206,US,33.0008,-96.86428,standard,3905.52
2951,125990,taylor.smith125990@bigcorp.test,Taylor,Smith,Dallas,TX,75206,US,33.053456,-96.78584,standard,3361.16
2952,126028,casey.kim126028@bigcorp.test,Casey,Kim,Dallas,TX,75206,US,32.776269,-96.83798,standard,3886.08
2953,126042,david.walker126042@bigcorp.test,David,Walker,Dallas,TX,75206,US,32.880533,-96.672971,standard,2542.88
2954,126048,blake.wilson126048@bigcorp.test,Blake,Wilson,Dallas,TX,75206,US,32.992812,-96.569442,standard,479.08
2955,126066,dana.chen126066@bigcorp.test,Dana,Chen,Dallas,TX,75206,US,32.753626,-97.127894,standard,400.0
2956,126186,cameron.hall126186@bigcorp.test,Cameron,Hall,Dallas,TX,75206,US,32.852639,-97.095508,standard,1452.36
2957,126218,rowan.brown126218@bigcorp.test,Rowan,Brown,Dallas,TX,75206,US,32.538012,-97.120908,standard,3248.6
2958,126279,david.allen126279@bigcorp.test,David,Allen,Dallas,TX,75206,US,32.711584,-96.936148,preferred,3542.64
2959,126451,avery.patel126451@bigcorp.test,Avery,Patel,San Diego,CA,92105,US,32.439127,-117.402887,standard,4136.96
2960,126502,reese.king126502@bigcorp.test,Reese,King,San Diego,CA,92105,US,32.945845,-117.019715,preferred,4603.88
2961,126513,jamie.patel126513@bigcorp.test,Jamie,Patel,Dallas,TX,75206,US,32.774379,-96.927885,preferred,2160.24
2962,126514,taylor.wilson126514@bigcorp.test,Taylor,Wilson,Chicago,IL,60654,US,41.915062,-87.387535,standard,2368.6
2963,126541,alex.lee126541@bigcorp.test,Alex,Lee,Dallas,TX,75206,US,32.876261,-96.574821,standard,3540.16
2964,126562,anne.brown126562@bigcorp.test,Anne,Brown,Dallas,TX,75206,US,32.869334,-96.536124,standard,4397.48
2965,126578,sam.smith126578@bigcorp.test,Sam,Smith,Dallas,TX,75206,US,32.77491,-96.549031,vip,2107.76
2966,126587,kendall.brown126587@bigcorp.test,Kendall,Brown,Philadelphia,PA,19103,US,39.954774,-75.935691,standard,775.84
2967,126592,emerson.kim126592@bigcorp.test,Emerson,Kim,Dallas,TX,75206,US,32.979237,-96.9671,standard,3867.84
2968,126602,adam.lewis126602@bigcorp.test,Adam,Lewis,Dallas,TX,75206,US,32.67209,-96.752692,standard,3930.24
2969,126773,casey.singh126773@bigcorp.test,Casey,Singh,Dallas,TX,75206,US,32.458798,-96.854857,preferred,879.48
2970,126939,riley.king126939@bigcorp.test,Riley,King,San Diego,CA,92105,US,32.767,-117.135598,preferred,1566.44
2971,126953,cameron.singh126953@bigcorp.test,Cameron,Singh,Dallas,TX,75206,US,32.522367,-96.991013,preferred,3145.48
2972,126975,emerson.jones126975@bigcorp.test,Emerson,Jones,San Diego,CA,92105,US,32.781428,-116.945608,standard,4368.76
2973,126978,blake.martin126978@bigcorp.test,Blake,Martin,Columbus,OH,43203,US,39.706973,-82.957033,standard,5890.68
2974,126997,taylor.lee126997@bigcorp.test,Taylor,Lee,Dallas,TX,75206,US,32.595483,-97.038354,standard,1775.96
2975,127018,alex.walker127018@bigcorp.test,Alex,Walker,Austin,TX,78702,US,29.953459,-98.169465,standard,4883.48
2976,127022,casey.nguyen127022@bigcorp.test,Casey,Nguyen,Dallas,TX,75206,US,32.674165,-96.613227,standard,3004.84
2977,127044,kendall.martin127044@bigcorp.test,Kendall,Martin,San Diego,CA,92105,US,32.922173,-117.166781,standard,5243.96
2978,127073,sam.kim127073@bigcorp.test,Sam,Kim,Dallas,TX,75206,US,32.824241,-97.188803,standard,2742.36
2979,127099,david.wilson127099@bigcorp.test,David,Wilson,Dallas,TX,75206,US,33.084076,-96.537963,standard,5050.6
2980,127214,sam.lewis127214@bigcorp.test,Sam,Lewis,Dallas,TX,75206,US,32.788222,-96.679242,standard,1502.04
2981,127217,anne.king127217@bigcorp.test,Anne,King,San Diego,CA,92105,US,32.513137,-117.049223,standard,2215.2
2982,127239,quinn.lee127239@bigcorp.test,Quinn,Lee,Dallas,TX,75206,US,32.434955,-96.541061,standard,2583.72
2983,127289,taylor.kim127289@bigcorp.test,Taylor,Kim,Columbus,OH,43201,US,39.742037,-83.24374,standard,2709.16
2984,127296,david.jones127296@bigcorp.test,David,Jones,Dallas,TX,75206,US,33.006018,-96.741983,standard,1126.56
2985,127302,dana.singh127302@bigcorp.test,Dana,Singh,Dallas,TX,75206,US,32.745989,-97.161112,vip,7477.48
2986,127368,adam.singh127368@bigcorp.test,Adam,Singh,Indianapolis,IN,46202,US,39.824836,-86.208544,vip,3168.24
2987,127379,jordan.wilson127379@bigcorp.test,Jordan,Wilson,Dallas,TX,75206,US,33.047641,-96.668341,standard,1568.16
2988,127395,emerson.patel127395@bigcorp.test,Emerson,Patel,Dallas,TX,75206,US,32.482995,-97.074145,preferred,3611.0
2989,127399,emerson.smith127399@bigcorp.test,Emerson,Smith,Dallas,TX,75206,US,32.691496,-97.007687,preferred,2283.76
2990,127407,kendall.patel127407@bigcorp.test,Kendall,Patel,Dallas,TX,75206,US,32.93261,-97.157506,standard,2974.08
2991,127419,david.brown127419@bigcorp.test,David,Brown,Dallas,TX,75206,US,32.994969,-97.033546,standard,400.0
2992,127439,sam.kim127439@bigcorp.test,Sam,Kim,San Diego,CA,92105,US,32.571641,-117.329418,standard,2252.16
2993,127450,jordan.king127450@bigcorp.test,Jordan,King,Austin,TX,78702,US,30.202142,-98.026565,standard,3741.2
2994,127548,hayden.lewis127548@bigcorp.test,Hayden,Lewis,San Diego,CA,92105,US,33.032488,-117.303281,preferred,2404.84
2995,127569,parker.young127569@bigcorp.test,Parker,Young,Dallas,TX,75206,US,32.854028,-97.096922,preferred,3360.88
2996,127580,rowan.young127580@bigcorp.test,Rowan,Young,Dallas,TX,75206,US,32.933284,-96.862517,standard,4061.88
2997,127593,casey.smith127593@bigcorp.test,Casey,Smith,Dallas,TX,75206,US,32.41,-96.775427,standard,4690.24
2998,127600,alex.chen127600@bigcorp.test,Alex,Chen,San Diego,CA,92105,US,32.838,-117.42959,standard,6423.0
2999,127637,parker.martin127637@bigcorp.test,Parker,Martin,Indianapolis,IN,46202,US,39.947754,-86.147369,preferred,3314.56
3000,127658,reese.singh127658@bigcorp.test,Reese,Singh,San Diego,CA,92105,US,32.659977,-117.232135,standard,1113.6
3001,127871,quinn.young127871@bigcorp.test,Quinn,Young,San Diego,CA,92105,US,32.81528,-117.415397,preferred,4105.32
3002,127905,sam.martin127905@bigcorp.test,Sam,Martin,Dallas,TX,75206,US,33.051723,-96.571563,standard,5243.56
3003,127906,cameron.nguyen127906@bigcorp.test,Cameron,Nguyen,Dallas,TX,75206,US,32.741272,-96.838684,standard,3438.56
3004,127938,robin.walker127938@bigcorp.test,Robin,Walker,Dallas,TX,75206,US,32.775679,-97.095155,standard,905.04
3005,128072,adam.chen128072@bigcorp.test,Adam,Chen,San Jose,CA,95110,US,37.048021,-121.630505,standard,2034.0
3006,128173,rowan.lee128173@bigcorp.test,Rowan,Lee,Austin,TX,78702,US,30.421455,-98.04471,standard,2099.68
3007,128178,jamie.lee128178@bigcorp.test,Jamie,Lee,Dallas,TX,75206,US,32.455963,-96.578438,standard,7155.2
3008,128330,sam.hall128330@bigcorp.test,Sam,Hall,Columbus,OH,43203,US,40.033387,-82.637494,preferred,2660.24
3009,128382,sam.lee128382@bigcorp.test,Sam,Lee,Philadelphia,PA,19104,US,40.237524,-75.304888,standard,2236.04
3010,128431,cameron.smith128431@bigcorp.test,Cameron,Smith,Dallas,TX,75206,US,32.455121,-96.864352,standard,3715.44
3011,128496,avery.wilson128496@bigcorp.test,Avery,Wilson,San Diego,CA,92105,US,32.889854,-116.996528,standard,3965.04
3012,128637,parker.king128637@bigcorp.test,Parker,King,Dallas,TX,75206,US,32.761236,-96.814831,standard,3145.68
3013,128662,adam.lewis128662@bigcorp.test,Adam,Lewis,Dallas,TX,75206,US,32.587391,-96.780626,vip,1888.72
3014,128782,jordan.wilson128782@bigcorp.test,Jordan,Wilson,Dallas,TX,75206,US,32.999208,-96.765928,preferred,3935.76
3015,128818,riley.clark128818@bigcorp.test,Riley,Clark,Dallas,TX,75206,US,32.708211,-96.57343,standard,4797.36
3016,128893,david.patel128893@bigcorp.test,David,Patel,Dallas,TX,75206,US,32.859925,-96.966912,standard,1789.28
3017,128962,casey.wilson128962@bigcorp.test,Casey,Wilson,Dallas,TX,75206,US,32.486328,-96.674451,standard,2894.36
3018,128967,parker.patel128967@bigcorp.test,Parker,Patel,Dallas,TX,75206,US,32.53101,-96.889381,standard,3649.16
3019,129007,morgan.jones129007@bigcorp.test,Morgan,Jones,Dallas,TX,75206,US,32.77633,-96.995547,standard,5066.28
3020,129030,morgan.chen129030@bigcorp.test,Morgan,Chen,Dallas,TX,75206,US,32.666371,-97.003082,standard,4167.28
3021,129107,morgan.king129107@bigcorp.test,Morgan,King,Dallas,TX,75206,US,32.622081,-96.814879,preferred,3628.84
3022,129109,taylor.nguyen129109@bigcorp.test,Taylor,Nguyen,Dallas,TX,75206,US,32.932185,-96.701959,standard,2112.8
3023,129111,cameron.brown129111@bigcorp.test,Cameron,Brown,San Diego,CA,92105,US,32.78241,-117.194033,standard,2184.12
3024,129137,quinn.nguyen129137@bigcorp.test,Quinn,Nguyen,Dallas,TX,75206,US,32.432094,-96.552612,standard,4651.32
3025,129195,robin.singh129195@bigcorp.test,Robin,Singh,Dallas,TX,75206,US,32.927867,-97.027777,standard,2276.36
3026,129282,casey.king129282@bigcorp.test,Casey,King,Dallas,TX,75206,US,32.95836,-96.642492,standard,2672.36
3027,129284,kendall.hall129284@bigcorp.test,Kendall,Hall,Dallas,TX,75206,US,33.063698,-97.064871,standard,3771.88
3028,129306,quinn.brown129306@bigcorp.test,Quinn,Brown,Dallas,TX,75206,US,32.479697,-96.817839,standard,1016.36
3029,129338,emerson.smith129338@bigcorp.test,Emerson,Smith,Dallas,TX,75206,US,32.429277,-97.077592,standard,3208.36
3030,129451,rowan.lopez129451@bigcorp.test,Rowan,Lopez,Austin,TX,78702,US,30.545687,-97.959046,standard,1236.64
3031,129484,adam.jones129484@bigcorp.test,Adam,Jones,Dallas,TX,75206,US,32.934008,-96.907062,standard,400.0
3032,129569,anne.clark129569@bigcorp.test,Anne,Clark,San Jose,CA,95110,US,37.03772,-121.721117,standard,1644.56
3033,129643,adam.walker129643@bigcorp.test,Adam,Walker,Dallas,TX,75206,US,32.481936,-96.767813,standard,2761.36
3034,129683,robin.smith129683@bigcorp.test,Robin,Smith,San Diego,CA,92105,US,32.744667,-117.248754,standard,2071.24
3035,129722,casey.martin129722@bigcorp.test,Casey,Martin,Dallas,TX,75206,US,32.818535,-96.87221,standard,7544.48
3036,129770,parker.hall129770@bigcorp.test,Parker,Hall,Dallas,TX,75206,US,32.539457,-97.097969,standard,3505.4
3037,129857,david.young129857@bigcorp.test,David,Young,Dallas,TX,75206,US,32.685707,-96.618838,standard,2004.92
3038,129859,dana.singh129859@bigcorp.test,Dana,Singh,Dallas,TX,75206,US,32.899052,-96.523373,standard,3995.4
3039,129896,parker.smith129896@bigcorp.test,Parker,Smith,Dallas,TX,75206,US,32.644629,-96.545991,standard,3476.28
3040,129912,morgan.king129912@bigcorp.test,Morgan,King,San Diego,CA,92105,US,32.962281,-117.037303,standard,651.0
3041,129922,reese.walker129922@bigcorp.test,Reese,Walker,Columbus,OH,43203,US,40.167139,-83.147732,standard,3011.48
3042,129934,david.brown129934@bigcorp.test,David,Brown,San Diego,CA,92105,US,32.49443,-117.312228,standard,2054.8
3043,129958,jordan.young129958@bigcorp.test,Jordan,Young,Dallas,TX,75206,US,32.756888,-96.796241,preferred,5087.32
3044,130018,taylor.lewis130018@bigcorp.test,Taylor,Lewis,Dallas,TX,75206,US,33.035556,-97.02753,vip,4271.56
3045,130042,robin.walker130042@bigcorp.test,Robin,Walker,San Diego,CA,92101,US,33.011441,-116.808995,standard,2485.6
3046,130053,jamie.young130053@bigcorp.test,Jamie,Young,Dallas,TX,75206,US,33.088617,-96.642939,standard,2178.84
3047,130061,jamie.patel130061@bigcorp.test,Jamie,Patel,Austin,TX,78702,US,30.02386,-97.733909,preferred,3570.84
3048,130125,sam.singh130125@bigcorp.test,Sam,Singh,Dallas,TX,75206,US,32.739441,-96.81537,preferred,2571.64
3049,130138,cameron.patel130138@bigcorp.test,Cameron,Patel,Dallas,TX,75206,US,32.435546,-96.855367,vip,4578.92
3050,130152,dana.smith130152@bigcorp.test,Dana,Smith,Dallas,TX,75206,US,32.737528,-96.949263,preferred,7093.2
3051,130171,kendall.lewis130171@bigcorp.test,Kendall,Lewis,San Diego,CA,92105,US,32.954095,-116.936434,preferred,4570.44
3052,130318,robin.clark130318@bigcorp.test,Robin,Clark,Austin,TX,78702,US,30.562084,-97.742042,standard,4661.84
3053,130321,adam.patel130321@bigcorp.test,Adam,Patel,Dallas,TX,75206,US,32.809077,-96.938345,standard,2843.44
3054,130355,hayden.kim130355@bigcorp.test,Hayden,Kim,Dallas,TX,75206,US,32.423883,-96.662533,standard,3204.08
3055,130356,dana.lee130356@bigcorp.test,Dana,Lee,Dallas,TX,75206,US,32.845493,-97.027273,standard,4480.36
3056,130364,blake.smith130364@bigcorp.test,Blake,Smith,Dallas,TX,75206,US,32.755446,-97.113484,standard,3391.28
3057,130431,casey.brown130431@bigcorp.test,Casey,Brown,Dallas,TX,75206,US,33.002946,-96.556423,standard,3895.0
3058,130531,sam.allen130531@bigcorp.test,Sam,Allen,San Jose,CA,95110,US,37.53162,-121.930337,preferred,4092.2
3059,130533,cameron.hall130533@bigcorp.test,Cameron,Hall,Austin,TX,78702,US,30.421517,-97.7449,standard,675.48
3060,130556,blake.lopez130556@bigcorp.test,Blake,Lopez,Dallas,TX,75206,US,32.993009,-96.929156,standard,4949.56
3061,130560,david.brown130560@bigcorp.test,David,Brown,Dallas,TX,75206,US,32.959957,-96.764599,standard,3716.16
3062,130624,casey.smith130624@bigcorp.test,Casey,Smith,Dallas,TX,75206,US,32.424676,-96.978485,standard,3768.04
3063,130660,jordan.garcia130660@bigcorp.test,Jordan,Garcia,Dallas,TX,75206,US,32.808214,-96.894296,vip,1706.4
3064,130665,quinn.lopez130665@bigcorp.test,Quinn,Lopez,Dallas,TX,75206,US,32.754425,-96.875786,standard,5148.16
3065,130796,parker.chen130796@bigcorp.test,Parker,Chen,Dallas,TX,75206,US,32.976841,-96.725852,standard,6168.8
3066,130851,robin.lee130851@bigcorp.test,Robin,Lee,Dallas,TX,75206,US,32.651269,-96.574306,standard,8062.32
3067,130876,blake.chen130876@bigcorp.test,Blake,Chen,Dallas,TX,75206,US,33.033797,-96.714126,standard,5153.76
3068,130955,cameron.lopez130955@bigcorp.test,Cameron,Lopez,San Diego,CA,92105,US,32.477085,-116.973415,standard,3986.96
3069,130976,dana.king130976@bigcorp.test,Dana,King,San Diego,CA,92105,US,32.704076,-117.213689,standard,5098.4
3070,130987,alex.brown130987@bigcorp.test,Alex,Brown,Austin,TX,78702,US,30.165067,-97.761367,vip,4217.24
3071,131024,kendall.young131024@bigcorp.test,Kendall,Young,Dallas,TX,75206,US,32.80402,-97.017568,standard,1078.52
3072,131064,alex.lewis131064@bigcorp.test,Alex,Lewis,Austin,TX,78704,US,30.426024,-97.593007,standard,2604.88
3073,131070,dana.brown131070@bigcorp.test,Dana,Brown,Austin,TX,78702,US,30.306853,-97.559006,preferred,1901.4
3074,131084,david.lopez131084@bigcorp.test,David,Lopez,Dallas,TX,75206,US,32.520709,-97.199969,standard,4627.4
3075,131163,blake.hall131163@bigcorp.test,Blake,Hall,Dallas,TX,75206,US,32.79403,-96.535935,preferred,2305.28
3076,131171,hayden.smith131171@bigcorp.test,Hayden,Smith,Dallas,TX,75206,US,32.732824,-97.203136,standard,7899.48
3077,131182,hayden.lewis131182@bigcorp.test,Hayden,Lewis,Dallas,TX,75206,US,32.814777,-96.667652,vip,3642.32
3078,131187,quinn.patel131187@bigcorp.test,Quinn,Patel,Dallas,TX,75206,US,32.941387,-97.008304,standard,1997.24
3079,131189,jamie.garcia131189@bigcorp.test,Jamie,Garcia,Indianapolis,IN,46202,US,39.694847,-86.086336,standard,1682.64
3080,131206,robin.clark131206@bigcorp.test,Robin,Clark,San Diego,CA,92105,US,32.611477,-116.852355,standard,3334.32
3081,131240,emerson.garcia131240@bigcorp.test,Emerson,Garcia,Dallas,TX,75206,US,33.03956,-96.645516,preferred,5438.16
3082,131265,hayden.jones131265@bigcorp.test,Hayden,Jones,San Diego,CA,92105,US,32.586563,-117.316421,standard,4061.92
3083,131273,robin.allen131273@bigcorp.test,Robin,Allen,Dallas,TX,75206,US,32.800348,-96.95428,standard,3186.44
3084,131351,david.lee131351@bigcorp.test,David,Lee,Philadelphia,PA,19104,US,39.739395,-75.192566,standard,4014.68
3085,131523,emerson.king131523@bigcorp.test,Emerson,King,Dallas,TX,75206,US,32.505297,-96.794066,standard,3086.64
3086,131575,quinn.lewis131575@bigcorp.test,Quinn,Lewis,Dallas,TX,75206,US,32.772632,-96.966015,standard,1797.36
3087,131579,quinn.hall131579@bigcorp.test,Quinn,Hall,San Diego,CA,92105,US,32.731294,-117.390354,standard,3764.92
3088,131584,casey.kim131584@bigcorp.test,Casey,Kim,Dallas,TX,75206,US,32.652376,-97.102882,standard,3542.4
3089,131790,alex.wilson131790@bigcorp.test,Alex,Wilson,Dallas,TX,75206,US,32.904669,-96.755443,preferred,3650.68
3090,131802,emerson.lee131802@bigcorp.test,Emerson,Lee,Dallas,TX,75206,US,32.685157,-97.006867,standard,3506.8
3091,131827,cameron.smith131827@bigcorp.test,Cameron,Smith,San Diego,CA,92105,US,32.968941,-117.382322,standard,3570.16
3092,131977,riley.young131977@bigcorp.test,Riley,Young,Dallas,TX,75206,US,32.724318,-97.205073,standard,2544.88
3093,132003,jamie.kim132003@bigcorp.test,Jamie,Kim,Dallas,TX,75206,US,32.839329,-96.986383,standard,4793.68
3094,132114,blake.garcia132114@bigcorp.test,Blake,Garcia,San Diego,CA,92105,US,32.807746,-117.516016,standard,855.52
3095,132162,casey.jones132162@bigcorp.test,Casey,Jones,San Diego,CA,92105,US,32.674517,-117.52737,standard,768.24
3096,132199,reese.walker132199@bigcorp.test,Reese,Walker,San Diego,CA,92105,US,32.760095,-116.85634,standard,2913.56
3097,132251,casey.patel132251@bigcorp.test,Casey,Patel,Philadelphia,PA,19104,US,40.11469,-75.444388,standard,5415.64
3098,132386,cameron.nguyen132386@bigcorp.test,Cameron,Nguyen,San Diego,CA,92105,US,32.423533,-117.116671,standard,3175.4
3099,132425,casey.walker132425@bigcorp.test,Casey,Walker,Austin,TX,78702,US,30.267637,-98.118843,preferred,3905.52
3100,132433,taylor.singh132433@bigcorp.test,Taylor,Singh,Dallas,TX,75206,US,32.551014,-97.124441,standard,3007.72
3101,132445,jamie.nguyen132445@bigcorp.test,Jamie,Nguyen,Columbus,OH,43203,US,40.129907,-83.119309,standard,2098.4
3102,132466,emerson.lewis132466@bigcorp.test,Emerson,Lewis,San Diego,CA,92105,US,32.7879,-117.208258,standard,2855.44
3103,132491,cameron.lewis132491@bigcorp.test,Cameron,Lewis,Indianapolis,IN,46202,US,39.67835,-85.799192,standard,3386.0
3104,132602,kendall.kim132602@bigcorp.test,Kendall,Kim,Dallas,TX,75206,US,32.546291,-96.760943,standard,6740.12
3105,132645,kendall.chen132645@bigcorp.test,Kendall,Chen,San Diego,CA,92105,US,32.90574,-117.415209,standard,2470.36
3106,132705,avery.walker132705@bigcorp.test,Avery,Walker,Dallas,TX,75206,US,32.477552,-97.184869,standard,3489.56
3107,132762,kendall.wilson132762@bigcorp.test,Kendall,Wilson,Dallas,TX,75206,US,33.076305,-96.980237,standard,1737.64
3108,132843,anne.garcia132843@bigcorp.test,Anne,Garcia,Dallas,TX,75206,US,32.618968,-96.876966,standard,1124.0
3109,132924,blake.smith132924@bigcorp.test,Blake,Smith,Dallas,TX,75206,US,32.848048,-96.661018,preferred,1154.2
3110,132946,dana.singh132946@bigcorp.test,Dana,Singh,Dallas,TX,75206,US,32.479087,-97.113232,standard,3700.56
3111,132969,kendall.martin132969@bigcorp.test,Kendall,Martin,Columbus,OH,43203,US,40.21186,-83.041505,standard,2227.52
3112,133057,dana.walker133057@bigcorp.test,Dana,Walker,Dallas,TX,75206,US,33.090619,-97.179269,standard,3328.0
3113,133124,jamie.walker133124@bigcorp.test,Jamie,Walker,Dallas,TX,75206,US,32.752308,-96.667515,standard,3562.0
3114,133137,riley.nguyen133137@bigcorp.test,Riley,Nguyen,Dallas,TX,75206,US,32.956755,-96.63189,standard,2314.28
3115,133167,blake.smith133167@bigcorp.test,Blake,Smith,San Diego,CA,92105,US,32.679506,-117.416627,standard,3457.6
3116,133172,riley.brown133172@bigcorp.test,Riley,Brown,Austin,TX,78702,US,30.039218,-98.039374,standard,3766.08
3117,133189,david.martin133189@bigcorp.test,David,Martin,Austin,TX,78702,US,29.88917,-98.028247,standard,3632.84
3118,133339,emerson.smith133339@bigcorp.test,Emerson,Smith,Dallas,TX,75206,US,33.007764,-96.986711,standard,6819.36
3119,133397,cameron.kim133397@bigcorp.test,Cameron,Kim,Phoenix,AZ,85018,US,33.778738,-112.203563,standard,5159.08
3120,133400,david.lopez133400@bigcorp.test,David,Lopez,Dallas,TX,75206,US,32.480911,-96.854816,standard,2115.44
3121,133473,riley.hall133473@bigcorp.test,Riley,Hall,Dallas,TX,75206,US,32.856882,-97.001872,standard,514.36
3122,133492,emerson.brown133492@bigcorp.test,Emerson,Brown,Houston,TX,77007,US,29.644117,-95.488544,preferred,4517.4
3123,133514,adam.garcia133514@bigcorp.test,Adam,Garcia,Indianapolis,IN,46202,US,39.915292,-85.857927,standard,2979.6
3124,133564,blake.martin133564@bigcorp.test,Blake,Martin,Dallas,TX,75206,US,33.018303,-97.19601,standard,2201.56
3125,133588,adam.brown133588@bigcorp.test,Adam,Brown,Indianapolis,IN,46202,US,40.046656,-86.117283,preferred,2074.48
3126,133662,blake.walker133662@bigcorp.test,Blake,Walker,Dallas,TX,75206,US,32.893481,-96.510679,preferred,4681.96
3127,133686,morgan.garcia133686@bigcorp.test,Morgan,Garcia,San Diego,CA,92105,US,32.829099,-116.871843,standard,3561.56
3128,133704,dana.king133704@bigcorp.test,Dana,King,San Diego,CA,92105,US,32.610164,-117.355879,standard,2401.44
3129,133763,reese.patel133763@bigcorp.test,Reese,Patel,Dallas,TX,75206,US,32.921278,-96.542722,standard,400.0
3130,133770,dana.king133770@bigcorp.test,Dana,King,San Diego,CA,92105,US,32.669761,-116.847951,standard,1774.28
3131,133813,riley.nguyen133813@bigcorp.test,Riley,Nguyen,San Diego,CA,92105,US,32.435536,-117.519689,standard,5757.16
3132,133826,morgan.walker133826@bigcorp.test,Morgan,Walker,Dallas,TX,75206,US,32.611804,-96.980493,standard,2586.28
3133,133847,anne.lewis133847@bigcorp.test,Anne,Lewis,Dallas,TX,75206,US,32.405159,-96.84637,standard,3659.0
3134,133901,reese.lee133901@bigcorp.test,Reese,Lee,Dallas,TX,75206,US,32.523637,-97.195026,standard,4993.92
3135,133992,reese.brown133992@bigcorp.test,Reese,Brown,San Diego,CA,92105,US,32.697075,-117.463873,standard,2243.64
3136,133994,parker.hall133994@bigcorp.test,Parker,Hall,Dallas,TX,75206,US,32.806262,-96.553682,standard,4462.24
3137,134029,dana.smith134029@bigcorp.test,Dana,Smith,Dallas,TX,75206,US,32.991194,-96.520755,standard,1262.44
3138,134147,emerson.chen134147@bigcorp.test,Emerson,Chen,Austin,TX,78702,US,30.010107,-97.56086,preferred,1460.16
3139,134149,emerson.clark134149@bigcorp.test,Emerson,Clark,Austin,TX,78702,US,30.296937,-98.172132,standard,6737.36
3140,134190,anne.smith134190@bigcorp.test,Anne,Smith,Dallas,TX,75206,US,32.797052,-96.822011,standard,3220.92
3141,134212,riley.wilson134212@bigcorp.test,Riley,Wilson,Dallas,TX,75206,US,32.548557,-96.655533,preferred,2557.96
3142,134236,morgan.lewis134236@bigcorp.test,Morgan,Lewis,Dallas,TX,75206,US,32.430689,-96.70427,standard,4572.68
3143,134294,parker.smith134294@bigcorp.test,Parker,Smith,San Diego,CA,92105,US,32.649018,-117.030603,standard,3888.96
3144,134366,robin.garcia134366@bigcorp.test,Robin,Garcia,Dallas,TX,75206,US,32.766724,-96.587754,standard,1964.52
3145,134367,david.smith134367@bigcorp.test,David,Smith,Austin,TX,78702,US,30.38844,-97.670703,standard,1492.12
3146,134380,rowan.garcia134380@bigcorp.test,Rowan,Garcia,San Diego,CA,92105,US,32.8684,-116.996351,standard,2365.8
3147,134394,quinn.wilson134394@bigcorp.test,Quinn,Wilson,Dallas,TX,75206,US,32.476546,-97.067381,standard,1675.2
3148,134405,cameron.smith134405@bigcorp.test,Cameron,Smith,Dallas,TX,75206,US,32.462592,-96.970453,standard,3518.96
3149,134439,taylor.smith134439@bigcorp.test,Taylor,Smith,Indianapolis,IN,46202,US,40.107746,-86.255493,preferred,1355.52
3150,134489,quinn.clark134489@bigcorp.test,Quinn,Clark,Dallas,TX,75206,US,32.724665,-96.659088,standard,5038.08
3151,134532,adam.lewis134532@bigcorp.test,Adam,Lewis,Dallas,TX,75206,US,32.780595,-96.815305,standard,4528.16
3152,134545,kendall.lewis134545@bigcorp.test,Kendall,Lewis,San Diego,CA,92105,US,32.463937,-117.437056,standard,3218.72
3153,134555,taylor.chen134555@bigcorp.test,Taylor,Chen,Dallas,TX,75206,US,32.490817,-96.883066,vip,1107.28
3154,134592,jordan.kim134592@bigcorp.test,Jordan,Kim,San Diego,CA,92105,US,32.629316,-117.360897,preferred,3334.96
3155,134745,dana.lewis134745@bigcorp.test,Dana,Lewis,Dallas,TX,75206,US,32.671703,-96.629502,standard,2309.48
3156,134777,jamie.smith134777@bigcorp.test,Jamie,Smith,Dallas,TX,75206,US,32.915076,-96.513038,standard,2366.08
3157,134794,rowan.patel134794@bigcorp.test,Rowan,Patel,Columbus,OH,43203,US,40.25728,-82.965669,standard,2445.16
3158,134810,cameron.clark134810@bigcorp.test,Cameron,Clark,San Diego,CA,92105,US,32.542978,-117.254097,standard,3620.76
3159,134832,alex.clark134832@bigcorp.test,Alex,Clark,San Francisco,CA,94103,US,37.883759,-122.569231,standard,2725.96
3160,134866,rowan.hall134866@bigcorp.test,Rowan,Hall,Dallas,TX,75206,US,33.054323,-97.078252,standard,5666.6
3161,134867,parker.nguyen134867@bigcorp.test,Parker,Nguyen,Dallas,TX,75206,US,32.859918,-96.553327,standard,2452.12
3162,134955,cameron.king134955@bigcorp.test,Cameron,King,Austin,TX,78702,US,30.131221,-97.66867,standard,4044.0
3163,135094,sam.lopez135094@bigcorp.test,Sam,Lopez,Dallas,TX,75206,US,32.897233,-97.006645,standard,2521.4
3164,135149,blake.hall135149@bigcorp.test,Blake,Hall,San Diego,CA,92105,US,32.819034,-117.490026,standard,2890.84
3165,135184,robin.nguyen135184@bigcorp.test,Robin,Nguyen,Dallas,TX,75206,US,32.782268,-96.799536,standard,2754.52
3166,135191,emerson.walker135191@bigcorp.test,Emerson,Walker,Dallas,TX,75206,US,32.877528,-96.672033,standard,2195.6
3167,135195,reese.singh135195@bigcorp.test,Reese,Singh,Dallas,TX,75206,US,32.721765,-96.630873,standard,4013.0
3168,135296,sam.lopez135296@bigcorp.test,Sam,Lopez,Dallas,TX,75206,US,32.833072,-96.889626,standard,3448.92
3169,135341,cameron.allen135341@bigcorp.test,Cameron,Allen,Austin,TX,78702,US,29.976499,-97.933867,standard,6466.6
3170,135351,rowan.martin135351@bigcorp.test,Rowan,Martin,Dallas,TX,75206,US,32.757158,-96.537126,preferred,4708.8
3171,135370,emerson.king135370@bigcorp.test,Emerson,King,Dallas,TX,75206,US,32.642596,-96.7009,preferred,5006.36
3172,135469,cameron.walker135469@bigcorp.test,Cameron,Walker,Dallas,TX,75206,US,32.577624,-96.951328,standard,3019.52
3173,135509,jamie.nguyen135509@bigcorp.test,Jamie,Nguyen,Dallas,TX,75206,US,32.672582,-97.164202,standard,5872.08
3174,135570,adam.allen135570@bigcorp.test,Adam,Allen,Dallas,TX,75206,US,32.909264,-97.143187,standard,2711.12
3175,135591,hayden.lewis135591@bigcorp.test,Hayden,Lewis,Dallas,TX,75206,US,32.8629,-96.941488,standard,4842.8
3176,135690,blake.patel135690@bigcorp.test,Blake,Patel,San Jose,CA,95110,US,37.177311,-122.240876,standard,2215.32
3177,135724,emerson.nguyen135724@bigcorp.test,Emerson,Nguyen,Dallas,TX,75206,US,32.570339,-96.71457,standard,1663.04
3178,135789,david.walker135789@bigcorp.test,David,Walker,Dallas,TX,75206,US,32.913746,-96.555224,standard,2529.12
3179,135796,blake.walker135796@bigcorp.test,Blake,Walker,Dallas,TX,75206,US,32.482759,-96.527634,standard,4625.84
3180,135797,robin.young135797@bigcorp.test,Robin,Young,Dallas,TX,75206,US,32.615276,-97.041247,preferred,4692.68
3181,135866,quinn.smith135866@bigcorp.test,Quinn,Smith,Austin,TX,78702,US,30.405458,-97.715507,preferred,3962.64
3182,135874,hayden.hall135874@bigcorp.test,Hayden,Hall,Dallas,TX,75206,US,32.809588,-97.063924,standard,3770.28
3183,135899,hayden.lewis135899@bigcorp.test,Hayden,Lewis,Dallas,TX,75206,US,32.92642,-96.585041,standard,2708.52
3184,135937,avery.walker135937@bigcorp.test,Avery,Walker,Columbus,OH,43203,US,40.3286,-82.814126,standard,3798.76
3185,135946,casey.jones135946@bigcorp.test,Casey,Jones,Dallas,TX,75206,US,32.534597,-96.865059,standard,403.68
3186,135957,taylor.wilson135957@bigcorp.test,Taylor,Wilson,Dallas,TX,75206,US,32.452496,-96.627342,vip,2452.12
3187,135980,morgan.nguyen135980@bigcorp.test,Morgan,Nguyen,Dallas,TX,75206,US,32.520135,-97.190364,standard,2617.84
3188,135990,quinn.lee135990@bigcorp.test,Quinn,Lee,Dallas,TX,75206,US,33.088596,-96.944847,standard,4564.8
3189,135995,sam.lopez135995@bigcorp.test,Sam,Lopez,Dallas,TX,75206,US,32.682719,-96.964917,vip,2602.48
3190,136071,cameron.lewis136071@bigcorp.test,Cameron,Lewis,Dallas,TX,75206,US,32.53103,-96.974598,standard,6440.36
3191,136078,jordan.chen136078@bigcorp.test,Jordan,Chen,Columbus,OH,43203,US,40.157765,-83.147882,standard,2760.56
3192,136099,blake.brown136099@bigcorp.test,Blake,Brown,Dallas,TX,75206,US,32.874986,-96.966534,preferred,4012.04
3193,136139,sam.smith136139@bigcorp.test,Sam,Smith,Indianapolis,IN,46202,US,39.610444,-85.87315,standard,2175.28
3194,136197,david.brown136197@bigcorp.test,David,Brown,Dallas,TX,75206,US,32.56207,-96.67385,standard,2715.2
3195,136256,morgan.martin136256@bigcorp.test,Morgan,Martin,San Diego,CA,92105,US,33.067152,-117.239364,standard,7895.88
3196,136345,taylor.allen136345@bigcorp.test,Taylor,Allen,Dallas,TX,75206,US,32.478083,-96.74411,standard,4484.08
3197,136403,avery.smith136403@bigcorp.test,Avery,Smith,Dallas,TX,75206,US,32.558546,-96.507036,standard,2783.0
3198,136404,hayden.walker136404@bigcorp.test,Hayden,Walker,San Francisco,CA,94103,US,37.455748,-122.646705,standard,4118.28
3199,136444,hayden.lopez136444@bigcorp.test,Hayden,Lopez,Dallas,TX,75206,US,32.680393,-97.179056,standard,4895.2
3200,136475,quinn.king136475@bigcorp.test,Quinn,King,Dallas,TX,75206,US,33.016143,-97.170378,standard,4063.56
3201,136494,riley.hall136494@bigcorp.test,Riley,Hall,Dallas,TX,75206,US,33.08628,-96.934845,preferred,2380.0
3202,136535,kendall.clark136535@bigcorp.test,Kendall,Clark,Dallas,TX,75206,US,32.920499,-96.768201,standard,6595.88
3203,136547,alex.martin136547@bigcorp.test,Alex,Martin,Dallas,TX,75206,US,32.926028,-97.201212,preferred,5506.32
3204,136555,casey.allen136555@bigcorp.test,Casey,Allen,San Diego,CA,92105,US,32.519904,-117.201743,standard,5184.96
3205,136617,adam.nguyen136617@bigcorp.test,Adam,Nguyen,Columbus,OH,43203,US,40.127339,-82.502444,standard,5325.64
3206,136680,dana.wilson136680@bigcorp.test,Dana,Wilson,Dallas,TX,75206,US,32.774426,-97.203783,standard,746.52
3207,136688,robin.smith136688@bigcorp.test,Robin,Smith,Dallas,TX,75206,US,32.436126,-96.570487,standard,3082.24
3208,136689,taylor.jones136689@bigcorp.test,Taylor,Jones,San Diego,CA,92105,US,32.557417,-117.283334,standard,1610.12
3209,136691,riley.walker136691@bigcorp.test,Riley,Walker,Austin,TX,78702,US,30.131402,-97.716349,standard,3507.96
3210,136730,adam.kim136730@bigcorp.test,Adam,Kim,Dallas,TX,75206,US,32.641977,-96.777398,standard,1330.04
3211,136762,adam.martin136762@bigcorp.test,Adam,Martin,Los Angeles,CA,90012,US,34.179876,-118.356879,standard,5440.84
3212,136815,emerson.chen136815@bigcorp.test,Emerson,Chen,Dallas,TX,75206,US,32.506548,-97.150873,standard,4477.2
3213,136838,reese.lopez136838@bigcorp.test,Reese,Lopez,Dallas,TX,75206,US,32.681447,-96.685551,standard,1489.56
3214,136847,adam.walker136847@bigcorp.test,Adam,Walker,Dallas,TX,75206,US,32.843045,-96.97746,vip,3138.44
3215,136911,quinn.wilson136911@bigcorp.test,Quinn,Wilson,Dallas,TX,75206,US,32.616102,-96.916445,standard,1892.96
3216,136971,cameron.king136971@bigcorp.test,Cameron,King,Columbus,OH,43203,US,40.208802,-82.956462,standard,4666.84
3217,136983,parker.chen136983@bigcorp.test,Parker,Chen,Austin,TX,78702,US,30.27201,-97.962184,vip,716.72
3218,137098,robin.hall137098@bigcorp.test,Robin,Hall,Dallas,TX,75206,US,32.902559,-97.169035,standard,4596.44
3219,137115,taylor.clark137115@bigcorp.test,Taylor,Clark,Dallas,TX,75206,US,32.432884,-96.585392,preferred,1871.24
3220,137132,riley.singh137132@bigcorp.test,Riley,Singh,Dallas,TX,75206,US,32.581099,-97.180445,standard,4156.48
3221,137202,quinn.walker137202@bigcorp.test,Quinn,Walker,Dallas,TX,75206,US,32.923112,-97.089423,standard,3014.2
3222,137233,blake.martin137233@bigcorp.test,Blake,Martin,Dallas,TX,75206,US,32.831425,-96.904307,standard,4367.72
3223,137238,jamie.hall137238@bigcorp.test,Jamie,Hall,Dallas,TX,75206,US,32.726518,-97.116634,standard,4272.96
3224,137287,emerson.young137287@bigcorp.test,Emerson,Young,San Diego,CA,92105,US,32.868066,-117.202297,standard,1051.0
3225,137313,emerson.young137313@bigcorp.test,Emerson,Young,Columbus,OH,43203,US,40.30222,-82.505591,preferred,4134.56
3226,137420,dana.smith137420@bigcorp.test,Dana,Smith,San Diego,CA,92105,US,32.473605,-117.240309,standard,4393.16
3227,137437,riley.lee137437@bigcorp.test,Riley,Lee,Columbus,OH,43203,US,40.151418,-82.89958,standard,4739.24
3228,137470,kendall.lopez137470@bigcorp.test,Kendall,Lopez,Dallas,TX,75206,US,32.939758,-97.153945,standard,4253.88
3229,137499,dana.jones137499@bigcorp.test,Dana,Jones,Indianapolis,IN,46202,US,39.870514,-85.805838,standard,3338.28
3230,137550,emerson.jones137550@bigcorp.test,Emerson,Jones,Philadelphia,PA,19104,US,39.672297,-75.186018,standard,5083.84
3231,137723,riley.walker137723@bigcorp.test,Riley,Walker,Dallas,TX,75206,US,32.606074,-97.102635,preferred,3638.08
3232,137752,parker.young137752@bigcorp.test,Parker,Young,Dallas,TX,75206,US,33.031567,-97.202094,standard,1164.64
3233,137768,parker.chen137768@bigcorp.test,Parker,Chen,Dallas,TX,75206,US,32.612387,-97.163298,standard,3442.44
3234,137842,avery.lewis137842@bigcorp.test,Avery,Lewis,Austin,TX,78702,US,30.123858,-97.858897,vip,4676.56
3235,137910,avery.nguyen137910@bigcorp.test,Avery,Nguyen,Dallas,TX,75206,US,32.885339,-96.88873,standard,3531.8
3236,138009,morgan.walker138009@bigcorp.test,Morgan,Walker,Indianapolis,IN,46202,US,39.851607,-85.940244,standard,4036.8
3237,138020,rowan.jones138020@bigcorp.test,Rowan,Jones,Dallas,TX,75206,US,32.942415,-96.754625,standard,4232.52
3238,138042,kendall.lee138042@bigcorp.test,Kendall,Lee,Dallas,TX,75206,US,32.797713,-97.017348,preferred,2578.28
3239,138048,cameron.allen138048@bigcorp.test,Cameron,Allen,San Diego,CA,92105,US,32.837538,-117.020551,standard,885.48
3240,138059,riley.garcia138059@bigcorp.test,Riley,Garcia,Columbus,OH,43203,US,40.199409,-82.810026,standard,3306.56
3241,138085,morgan.hall138085@bigcorp.test,Morgan,Hall,Dallas,TX,75206,US,32.578217,-96.7874,standard,1875.48
3242,138179,morgan.singh138179@bigcorp.test,Morgan,Singh,San Diego,CA,92105,US,32.835186,-117.379933,standard,3871.84
3243,138191,avery.clark138191@bigcorp.test,Avery,Clark,San Diego,CA,92105,US,33.028174,-117.378305,standard,3154.6
3244,138203,jamie.garcia138203@bigcorp.test,Jamie,Garcia,Dallas,TX,75206,US,33.019028,-96.613231,standard,5116.4
3245,138239,jordan.martin138239@bigcorp.test,Jordan,Martin,Dallas,TX,75206,US,32.927302,-96.612831,standard,3091.72
3246,138275,jamie.lopez138275@bigcorp.test,Jamie,Lopez,Dallas,TX,75206,US,33.03242,-96.629749,standard,4723.28
3247,138278,robin.walker138278@bigcorp.test,Robin,Walker,Dallas,TX,75206,US,32.82538,-96.677655,standard,1354.56
3248,138292,emerson.wilson138292@bigcorp.test,Emerson,Wilson,Dallas,TX,75206,US,32.534993,-97.036362,standard,3242.44
3249,138310,reese.kim138310@bigcorp.test,Reese,Kim,Dallas,TX,75206,US,32.912043,-97.177301,standard,2491.84
3250,138320,alex.garcia138320@bigcorp.test,Alex,Garcia,Austin,TX,78702,US,29.965214,-97.555046,standard,1972.16
3251,138354,david.chen138354@bigcorp.test,David,Chen,Dallas,TX,75206,US,32.491358,-96.916393,preferred,2304.6
3252,138408,david.jones138408@bigcorp.test,David,Jones,Dallas,TX,75206,US,32.609492,-96.841654,standard,1765.6
3253,138543,sam.smith138543@bigcorp.test,Sam,Smith,San Diego,CA,92105,US,32.942959,-117.213667,standard,6310.52
3254,138597,robin.lopez138597@bigcorp.test,Robin,Lopez,Dallas,TX,75206,US,32.466192,-96.638747,standard,3657.64
3255,138627,alex.martin138627@bigcorp.test,Alex,Martin,Dallas,TX,75206,US,32.514284,-96.853514,standard,1753.68
3256,138724,adam.garcia138724@bigcorp.test,Adam,Garcia,Columbus,OH,43203,US,40.086632,-82.582327,standard,5221.16
3257,138775,riley.garcia138775@bigcorp.test,Riley,Garcia,Dallas,TX,75206,US,32.497651,-96.568525,preferred,3465.4
3258,138797,casey.wilson138797@bigcorp.test,Casey,Wilson,Indianapolis,IN,46202,US,40.01551,-85.710689,standard,2334.52
3259,138847,riley.brown138847@bigcorp.test,Riley,Brown,Dallas,TX,75206,US,32.811157,-96.729748,standard,3892.08
3260,138896,dana.smith138896@bigcorp.test,Dana,Smith,Dallas,TX,75206,US,32.443684,-96.848326,standard,3394.6
3261,138979,rowan.singh138979@bigcorp.test,Rowan,Singh,Dallas,TX,75206,US,32.73812,-96.59235,standard,6219.88
3262,139008,morgan.martin139008@bigcorp.test,Morgan,Martin,San Diego,CA,92105,US,33.05848,-117.351586,standard,1637.64
3263,139013,david.garcia139013@bigcorp.test,David,Garcia,Dallas,TX,75206,US,32.480305,-97.084494,standard,2853.36
3264,139018,emerson.martin139018@bigcorp.test,Emerson,Martin,Austin,TX,78702,US,30.411831,-97.531832,standard,4077.76
3265,139031,robin.singh139031@bigcorp.test,Robin,Singh,Dallas,TX,75206,US,32.816143,-97.050177,standard,4569.28
3266,139163,jamie.patel139163@bigcorp.test,Jamie,Patel,San Jose,CA,95113,US,37.354584,-121.61932,standard,3497.52
3267,139189,cameron.clark139189@bigcorp.test,Cameron,Clark,San Diego,CA,92105,US,33.021887,-116.987558,standard,863.04
3268,139345,riley.nguyen139345@bigcorp.test,Riley,Nguyen,Dallas,TX,75206,US,32.724803,-97.06725,standard,2447.52
3269,139409,kendall.patel139409@bigcorp.test,Kendall,Patel,Dallas,TX,75206,US,32.811306,-96.923884,standard,3474.08
3270,139474,hayden.young139474@bigcorp.test,Hayden,Young,Dallas,TX,75206,US,32.724914,-96.586036,standard,1144.16
3271,139584,casey.jones139584@bigcorp.test,Casey,Jones,Phoenix,AZ,85018,US,33.454874,-111.72687,standard,1362.36
3272,139623,jordan.kim139623@bigcorp.test,Jordan,Kim,Dallas,TX,75206,US,32.693833,-96.650528,standard,2888.48
3273,139624,robin.lee139624@bigcorp.test,Robin,Lee,Dallas,TX,75206,US,32.793397,-96.792515,standard,4850.12
3274,139646,kendall.walker139646@bigcorp.test,Kendall,Walker,Dallas,TX,75206,US,32.803511,-97.11326,standard,2400.12
3275,139685,avery.king139685@bigcorp.test,Avery,King,Dallas,TX,75206,US,32.64935,-97.19061,standard,2689.8
3276,139687,anne.young139687@bigcorp.test,Anne,Young,Dallas,TX,75206,US,32.94001,-97.191163,standard,4833.56
3277,139703,rowan.walker139703@bigcorp.test,Rowan,Walker,Dallas,TX,75206,US,32.744095,-96.837987,standard,7509.16
3278,139740,kendall.jones139740@bigcorp.test,Kendall,Jones,Indianapolis,IN,46202,US,40.057956,-86.099971,standard,2207.92
3279,139783,emerson.lopez139783@bigcorp.test,Emerson,Lopez,Dallas,TX,75206,US,32.653327,-97.086221,vip,4218.36
3280,139938,alex.smith139938@bigcorp.test,Alex,Smith,Dallas,TX,75206,US,32.879562,-97.079725,standard,2684.16
3281,139940,robin.kim139940@bigcorp.test,Robin,Kim,Columbus,OH,43203,US,40.261026,-82.61029,standard,2485.44
3282,139943,jamie.clark139943@bigcorp.test,Jamie,Clark,Dallas,TX,75206,US,32.478049,-96.692651,standard,2939.6
3283,140052,anne.chen140052@bigcorp.test,Anne,Chen,Columbus,OH,43203,US,39.836527,-83.015307,preferred,2001.76
3284,140131,parker.brown140131@bigcorp.test,Parker,Brown,Dallas,TX,75206,US,32.537974,-96.933966,standard,1881.28
3285,140149,david.smith140149@bigcorp.test,David,Smith,Columbus,OH,43203,US,40.292355,-82.683833,standard,3413.68
3286,140171,robin.patel140171@bigcorp.test,Robin,Patel,Dallas,TX,75206,US,32.88997,-96.882585,standard,3844.12
3287,140188,jamie.walker140188@bigcorp.test,Jamie,Walker,Columbus,OH,43203,US,40.314931,-82.853411,preferred,1973.36
3288,140215,blake.martin140215@bigcorp.test,Blake,Martin,Dallas,TX,75206,US,32.665165,-96.560899,standard,3634.56
3289,140239,rowan.lewis140239@bigcorp.test,Rowan,Lewis,Dallas,TX,75206,US,32.58704,-96.964399,standard,1637.12
3290,140245,alex.wilson140245@bigcorp.test,Alex,Wilson,Dallas,TX,75206,US,32.471259,-97.053116,standard,3113.4
3291,140416,reese.walker140416@bigcorp.test,Reese,Walker,Dallas,TX,75206,US,32.615147,-96.781612,preferred,4815.64
3292,140428,casey.garcia140428@bigcorp.test,Casey,Garcia,San Diego,CA,92105,US,32.863355,-116.895411,vip,4403.8
3293,140520,avery.wilson140520@bigcorp.test,Avery,Wilson,Dallas,TX,75206,US,32.671782,-96.628756,standard,4836.08
3294,140629,alex.smith140629@bigcorp.test,Alex,Smith,Columbus,OH,43203,US,39.78709,-82.975633,standard,2971.24
3295,140633,adam.walker140633@bigcorp.test,Adam,Walker,Dallas,TX,75206,US,32.845579,-96.951764,standard,3290.44
3296,140660,parker.singh140660@bigcorp.test,Parker,Singh,Dallas,TX,75206,US,32.773948,-96.937767,standard,1446.2
3297,140701,emerson.patel140701@bigcorp.test,Emerson,Patel,San Diego,CA,92105,US,32.536834,-117.342505,standard,5869.88
3298,140728,dana.allen140728@bigcorp.test,Dana,Allen,Columbus,OH,43203,US,40.324271,-83.029985,standard,2741.52
3299,140736,avery.king140736@bigcorp.test,Avery,King,Columbus,OH,43203,US,39.914338,-82.520315,vip,3603.32
3300,140909,anne.lopez140909@bigcorp.test,Anne,Lopez,Columbus,OH,43203,US,40.310201,-82.558086,standard,2519.8
3301,140926,kendall.lee140926@bigcorp.test,Kendall,Lee,San Diego,CA,92101,US,32.558463,-117.488427,preferred,4259.32
3302,140934,riley.lee140934@bigcorp.test,Riley,Lee,Dallas,TX,75206,US,32.584184,-96.644277,vip,4608.28
3303,140954,emerson.young140954@bigcorp.test,Emerson,Young,San Diego,CA,92105,US,33.062627,-116.854664,standard,4152.96
3304,140958,blake.singh140958@bigcorp.test,Blake,Singh,Philadelphia,PA,19104,US,39.913899,-75.36131,standard,2831.92
3305,140965,avery.singh140965@bigcorp.test,Avery,Singh,San Diego,CA,92105,US,32.561179,-116.926058,standard,2086.16
3306,141151,sam.smith141151@bigcorp.test,Sam,Smith,Dallas,TX,75206,US,32.565603,-96.512006,standard,2434.88
3307,141309,jordan.smith141309@bigcorp.test,Jordan,Smith,San Diego,CA,92105,US,32.451821,-117.011216,standard,4429.44
3308,141376,morgan.smith141376@bigcorp.test,Morgan,Smith,Dallas,TX,75206,US,33.017594,-96.726166,standard,4820.76
3309,141483,emerson.martin141483@bigcorp.test,Emerson,Martin,Austin,TX,78702,US,30.324298,-97.819534,standard,2019.96
3310,141572,anne.young141572@bigcorp.test,Anne,Young,Austin,TX,78704,US,30.454894,-97.950843,standard,1682.72
3311,141637,avery.lopez141637@bigcorp.test,Avery,Lopez,Columbus,OH,43203,US,40.239673,-82.812175,preferred,1288.52
3312,141668,cameron.lopez141668@bigcorp.test,Cameron,Lopez,Dallas,TX,75206,US,32.637611,-97.196189,standard,2762.36
3313,141678,rowan.lee141678@bigcorp.test,Rowan,Lee,Dallas,TX,75206,US,32.873934,-97.171492,standard,3885.72
3314,141698,morgan.smith141698@bigcorp.test,Morgan,Smith,Dallas,TX,75206,US,32.922431,-96.942675,preferred,3286.96
3315,141717,hayden.lewis141717@bigcorp.test,Hayden,Lewis,Dallas,TX,75206,US,32.953952,-96.907309,standard,4817.92
3316,141812,taylor.walker141812@bigcorp.test,Taylor,Walker,San Diego,CA,92105,US,32.681447,-116.993448,preferred,4821.44
3317,141822,riley.walker141822@bigcorp.test,Riley,Walker,Austin,TX,78702,US,30.173781,-97.911994,preferred,3757.72
3318,141823,jordan.brown141823@bigcorp.test,Jordan,Brown,Dallas,TX,75206,US,32.77106,-96.621835,standard,1989.84
3319,141827,parker.walker141827@bigcorp.test,Parker,Walker,Columbus,OH,43203,US,40.245836,-82.828312,standard,3713.36
3320,141916,hayden.chen141916@bigcorp.test,Hayden,Chen,Dallas,TX,75206,US,32.448142,-96.577181,standard,5207.96
3321,142013,parker.nguyen142013@bigcorp.test,Parker,Nguyen,Indianapolis,IN,46202,US,39.754525,-85.785788,standard,2076.4
3322,142039,jordan.jones142039@bigcorp.test,Jordan,Jones,Austin,TX,78702,US,29.893962,-97.766863,standard,3084.96
3323,142215,cameron.brown142215@bigcorp.test,Cameron,Brown,Columbus,OH,43203,US,39.823959,-82.763765,preferred,3280.88
3324,142217,riley.walker142217@bigcorp.test,Riley,Walker,Austin,TX,78702,US,30.007055,-97.890714,standard,1282.04
3325,142237,alex.king142237@bigcorp.test,Alex,King,Philadelphia,PA,19104,US,39.731456,-75.425606,standard,4179.08
3326,142264,riley.singh142264@bigcorp.test,Riley,Singh,Dallas,TX,75206,US,33.060959,-97.081786,standard,3224.52
3327,142339,anne.jones142339@bigcorp.test,Anne,Jones,Dallas,TX,75206,US,32.959645,-96.964376,standard,8649.8
3328,142348,taylor.garcia142348@bigcorp.test,Taylor,Garcia,San Jose,CA,95110,US,37.446796,-121.990634,standard,5590.16
3329,142363,kendall.king142363@bigcorp.test,Kendall,King,Austin,TX,78702,US,30.599765,-98.045524,vip,3294.88
3330,142452,david.lewis142452@bigcorp.test,David,Lewis,San Diego,CA,92105,US,32.9233,-117.085051,vip,2547.72
3331,142517,cameron.allen142517@bigcorp.test,Cameron,Allen,Dallas,TX,75206,US,32.828314,-96.607223,standard,4867.32
3332,142540,avery.walker142540@bigcorp.test,Avery,Walker,Dallas,TX,75206,US,32.738143,-96.782138,preferred,1957.08
3333,142546,reese.clark142546@bigcorp.test,Reese,Clark,San Diego,CA,92105,US,32.666702,-117.391348,standard,4773.4
3334,142590,jordan.brown142590@bigcorp.test,Jordan,Brown,Austin,TX,78702,US,29.998842,-98.13478,standard,1132.08
3335,142606,hayden.chen142606@bigcorp.test,Hayden,Chen,Dallas,TX,75206,US,32.754574,-96.746941,standard,3844.52
3336,142715,reese.hall142715@bigcorp.test,Reese,Hall,Dallas,TX,75206,US,33.026177,-96.713583,standard,2878.56
3337,142725,jordan.garcia142725@bigcorp.test,Jordan,Garcia,Dallas,TX,75206,US,32.980659,-97.14471,standard,4552.84
3338,142733,jordan.lee142733@bigcorp.test,Jordan,Lee,Dallas,TX,75206,US,32.420265,-96.51444,standard,3702.32
3339,142774,emerson.young142774@bigcorp.test,Emerson,Young,Dallas,TX,75206,US,32.80943,-96.671465,vip,1289.68
3340,142781,quinn.jones142781@bigcorp.test,Quinn,Jones,San Diego,CA,92105,US,32.991654,-117.159441,standard,947.36
3341,142916,hayden.lopez142916@bigcorp.test,Hayden,Lopez,San Diego,CA,92105,US,32.408454,-117.17529,standard,433.4
3342,142952,parker.garcia142952@bigcorp.test,Parker,Garcia,Dallas,TX,75206,US,32.694098,-96.585894,preferred,4806.56
3343,142988,reese.young142988@bigcorp.test,Reese,Young,Dallas,TX,75206,US,32.598789,-96.565125,standard,3583.0
3344,143012,blake.hall143012@bigcorp.test,Blake,Hall,Dallas,TX,75206,US,32.819062,-97.11287,standard,3222.6
3345,143032,morgan.smith143032@bigcorp.test,Morgan,Smith,Dallas,TX,75206,US,33.057447,-96.765282,standard,3525.44
3346,143034,dana.smith143034@bigcorp.test,Dana,Smith,Dallas,TX,75206,US,32.995355,-96.654628,standard,4571.52
3347,143057,emerson.jones143057@bigcorp.test,Emerson,Jones,Dallas,TX,75206,US,32.423633,-96.603465,standard,2315.92
3348,143126,adam.jones143126@bigcorp.test,Adam,Jones,Dallas,TX,75206,US,32.9275,-96.774031,standard,1300.16
3349,143215,sam.wilson143215@bigcorp.test,Sam,Wilson,San Diego,CA,92105,US,32.832159,-116.872319,standard,2803.44
3350,143216,david.clark143216@bigcorp.test,David,Clark,Dallas,TX,75206,US,32.732125,-96.622552,standard,2583.92
3351,143233,rowan.brown143233@bigcorp.test,Rowan,Brown,Dallas,TX,75206,US,32.635807,-97.194336,standard,1453.52
3352,143251,riley.brown143251@bigcorp.test,Riley,Brown,Dallas,TX,75206,US,32.958624,-96.908337,standard,2537.56
3353,143357,emerson.brown143357@bigcorp.test,Emerson,Brown,Dallas,TX,75206,US,33.007695,-96.938592,standard,1651.44
3354,143416,sam.hall143416@bigcorp.test,Sam,Hall,San Diego,CA,92105,US,32.803815,-117.101032,standard,4232.8
3355,143517,taylor.allen143517@bigcorp.test,Taylor,Allen,Dallas,TX,75206,US,32.475578,-96.881382,standard,6646.88
3356,143527,riley.singh143527@bigcorp.test,Riley,Singh,Dallas,TX,75206,US,32.877542,-96.909239,standard,3048.24
3357,143531,anne.wilson143531@bigcorp.test,Anne,Wilson,Dallas,TX,75206,US,32.515513,-96.857121,preferred,5005.0
3358,143562,kendall.nguyen143562@bigcorp.test,Kendall,Nguyen,Dallas,TX,75206,US,33.016971,-96.973205,standard,3087.24
3359,143606,parker.lewis143606@bigcorp.test,Parker,Lewis,Dallas,TX,75206,US,32.917982,-96.650104,standard,3974.68
3360,143639,riley.garcia143639@bigcorp.test,Riley,Garcia,Dallas,TX,75206,US,32.827219,-96.512099,standard,5097.04
3361,143667,alex.kim143667@bigcorp.test,Alex,Kim,Dallas,TX,75206,US,33.004779,-97.034275,standard,2456.68
3362,143784,avery.lewis143784@bigcorp.test,Avery,Lewis,Dallas,TX,75206,US,32.597762,-96.510891,standard,1967.2
3363,143809,parker.garcia143809@bigcorp.test,Parker,Garcia,Columbus,OH,43203,US,39.882195,-82.491096,standard,3323.84
3364,143855,david.walker143855@bigcorp.test,David,Walker,San Diego,CA,92105,US,32.559509,-116.928791,standard,5595.96
3365,143862,taylor.lee143862@bigcorp.test,Taylor,Lee,Dallas,TX,75206,US,32.59864,-96.704572,preferred,5252.52
3366,143901,rowan.jones143901@bigcorp.test,Rowan,Jones,Dallas,TX,75206,US,32.863833,-96.898656,standard,4826.88
3367,143912,david.jones143912@bigcorp.test,David,Jones,Dallas,TX,75206,US,32.588205,-96.521979,standard,4268.8
3368,143954,emerson.garcia143954@bigcorp.test,Emerson,Garcia,San Diego,CA,92105,US,33.006696,-117.35655,standard,2295.16
3369,143983,casey.allen143983@bigcorp.test,Casey,Allen,Columbus,OH,43203,US,39.926307,-82.705463,standard,3751.04
3370,144017,adam.lee144017@bigcorp.test,Adam,Lee,Dallas,TX,75206,US,32.571732,-97.080199,vip,2283.16
3371,144079,david.lee144079@bigcorp.test,David,Lee,Dallas,TX,75206,US,32.744956,-96.768163,standard,3489.76
3372,144128,dana.chen144128@bigcorp.test,Dana,Chen,Dallas,TX,75206,US,32.8176,-97.014472,standard,3405.92
3373,144149,jamie.martin144149@bigcorp.test,Jamie,Martin,Dallas,TX,75206,US,32.39696,-96.691516,standard,3048.04
3374,144205,sam.smith144205@bigcorp.test,Sam,Smith,Dallas,TX,75206,US,32.943301,-96.824513,preferred,5332.4
3375,144236,riley.lopez144236@bigcorp.test,Riley,Lopez,Columbus,OH,43203,US,39.982587,-82.476904,standard,3629.8
3376,144246,anne.martin144246@bigcorp.test,Anne,Martin,Dallas,TX,75206,US,32.54134,-96.650019,standard,6368.48
3377,144348,sam.clark144348@bigcorp.test,Sam,Clark,San Diego,CA,92105,US,32.842777,-117.050352,standard,4079.76
3378,144377,dana.singh144377@bigcorp.test,Dana,Singh,Dallas,TX,75206,US,32.422997,-96.574592,standard,2312.28
3379,144399,jamie.king144399@bigcorp.test,Jamie,King,Dallas,TX,75206,US,32.771842,-96.858131,standard,2296.48
3380,144488,hayden.martin144488@bigcorp.test,Hayden,Martin,Dallas,TX,75206,US,32.80781,-97.148963,standard,1619.92
3381,144514,emerson.smith144514@bigcorp.test,Emerson,Smith,Dallas,TX,75206,US,32.54972,-96.830921,standard,2052.52
3382,144549,alex.lee144549@bigcorp.test,Alex,Lee,Dallas,TX,75206,US,32.706461,-96.856103,standard,4615.68
3383,144551,robin.smith144551@bigcorp.test,Robin,Smith,San Diego,CA,92105,US,32.677917,-117.515545,standard,2890.44
3384,144772,riley.lewis144772@bigcorp.test,Riley,Lewis,Dallas,TX,75206,US,33.061229,-97.134348,standard,3426.32
3385,144864,rowan.patel144864@bigcorp.test,Rowan,Patel,Dallas,TX,75206,US,32.872638,-96.756458,standard,3700.52
3386,145003,david.smith145003@bigcorp.test,David,Smith,Dallas,TX,75206,US,32.77613,-96.875848,standard,2509.52
3387,145012,reese.garcia145012@bigcorp.test,Reese,Garcia,Dallas,TX,75206,US,32.656714,-96.871299,preferred,4072.96
3388,145017,reese.martin145017@bigcorp.test,Reese,Martin,San Diego,CA,92105,US,32.980235,-116.943221,standard,1310.48
3389,145073,reese.garcia145073@bigcorp.test,Reese,Garcia,Dallas,TX,75206,US,32.808946,-96.783902,standard,5437.08
3390,145380,sam.hall145380@bigcorp.test,Sam,Hall,Dallas,TX,75206,US,32.822188,-96.661164,standard,5346.8
3391,145397,david.clark145397@bigcorp.test,David,Clark,Dallas,TX,75206,US,32.722533,-96.513247,standard,2779.4
3392,145407,quinn.young145407@bigcorp.test,Quinn,Young,Dallas,TX,75206,US,32.851337,-97.097801,standard,3222.16
3393,145408,rowan.wilson145408@bigcorp.test,Rowan,Wilson,Columbus,OH,43203,US,40.165271,-83.094828,preferred,5339.76
3394,145409,morgan.young145409@bigcorp.test,Morgan,Young,San Diego,CA,92105,US,32.570342,-117.330553,standard,1546.52
3395,145463,cameron.jones145463@bigcorp.test,Cameron,Jones,Dallas,TX,75206,US,32.527447,-97.070872,standard,8788.16
3396,145492,parker.chen145492@bigcorp.test,Parker,Chen,Phoenix,AZ,85018,US,33.816351,-111.905243,standard,4234.6
3397,145530,rowan.smith145530@bigcorp.test,Rowan,Smith,Phoenix,AZ,85018,US,33.385761,-112.263666,standard,2688.28
3398,145556,casey.hall145556@bigcorp.test,Casey,Hall,Dallas,TX,75206,US,33.016822,-96.872367,standard,2312.84
3399,145676,david.jones145676@bigcorp.test,David,Jones,Dallas,TX,75206,US,32.653984,-96.994616,standard,3958.64
3400,145694,dana.singh145694@bigcorp.test,Dana,Singh,San Francisco,CA,94109,US,37.960176,-122.297242,preferred,3517.88
3401,145716,morgan.hall145716@bigcorp.test,Morgan,Hall,Dallas,TX,75206,US,32.731143,-96.676904,standard,5342.0
3402,145726,sam.martin145726@bigcorp.test,Sam,Martin,Dallas,TX,75206,US,32.500229,-97.084753,preferred,3713.64
3403,145818,alex.patel145818@bigcorp.test,Alex,Patel,Austin,TX,78702,US,30.115523,-97.664552,standard,2472.84
3404,145842,dana.martin145842@bigcorp.test,Dana,Martin,Dallas,TX,75206,US,32.631333,-96.764121,standard,1559.52
3405,145912,quinn.clark145912@bigcorp.test,Quinn,Clark,Columbus,OH,43203,US,39.731746,-82.884962,standard,4007.36
3406,145925,adam.clark145925@bigcorp.test,Adam,Clark,Dallas,TX,75206,US,32.99738,-96.74866,standard,4484.52
3407,145941,anne.allen145941@bigcorp.test,Anne,Allen,Dallas,TX,75206,US,32.613983,-97.149304,standard,2960.64
3408,146014,david.smith146014@bigcorp.test,David,Smith,Dallas,TX,75206,US,32.924221,-97.017756,standard,2700.68
3409,146038,hayden.lewis146038@bigcorp.test,Hayden,Lewis,Dallas,TX,75206,US,32.590698,-96.537672,standard,3545.2
3410,146039,parker.young146039@bigcorp.test,Parker,Young,Dallas,TX,75206,US,32.444139,-97.067368,standard,2680.08
3411,146146,adam.hall146146@bigcorp.test,Adam,Hall,Columbus,OH,43203,US,40.184931,-83.015183,standard,1569.16
3412,146231,kendall.patel146231@bigcorp.test,Kendall,Patel,Dallas,TX,75206,US,33.07879,-97.178957,standard,2189.36
3413,146237,avery.lewis146237@bigcorp.test,Avery,Lewis,Dallas,TX,75206,US,33.087227,-96.995824,standard,3448.0
3414,146241,jamie.lopez146241@bigcorp.test,Jamie,Lopez,Phoenix,AZ,85018,US,33.297967,-111.910149,standard,752.6
3415,146263,jamie.jones146263@bigcorp.test,Jamie,Jones,Dallas,TX,75206,US,32.968408,-96.748683,standard,4500.4
3416,146324,taylor.lee146324@bigcorp.test,Taylor,Lee,Dallas,TX,75206,US,32.581449,-96.964614,standard,1298.12
3417,146326,anne.allen146326@bigcorp.test,Anne,Allen,Dallas,TX,75206,US,33.040827,-96.597056,standard,2291.16
3418,146376,dana.smith146376@bigcorp.test,Dana,Smith,Austin,TX,78702,US,30.245136,-98.164509,standard,2284.68
3419,146433,alex.young146433@bigcorp.test,Alex,Young,San Diego,CA,92105,US,32.545948,-117.48014,standard,4211.0
3420,146509,jordan.garcia146509@bigcorp.test,Jordan,Garcia,Dallas,TX,75206,US,32.889109,-96.9445,standard,3049.08
3421,146552,alex.jones146552@bigcorp.test,Alex,Jones,Dallas,TX,75206,US,32.605718,-96.654014,standard,400.0
3422,146577,anne.lopez146577@bigcorp.test,Anne,Lopez,Dallas,TX,75206,US,32.633388,-96.91922,standard,2879.12
3423,146689,anne.smith146689@bigcorp.test,Anne,Smith,San Diego,CA,92105,US,32.941163,-117.298558,standard,4096.76
3424,146699,jordan.hall146699@bigcorp.test,Jordan,Hall,Dallas,TX,75206,US,32.50539,-96.924492,standard,1151.48
3425,146711,jamie.lee146711@bigcorp.test,Jamie,Lee,Dallas,TX,75206,US,33.075791,-97.105593,standard,6588.04
3426,146758,sam.kim146758@bigcorp.test,Sam,Kim,Philadelphia,PA,19104,US,40.298765,-75.061058,vip,2120.12
3427,146760,jamie.kim146760@bigcorp.test,Jamie,Kim,Houston,TX,77007,US,29.708145,-95.347462,standard,6144.04
3428,146790,sam.kim146790@bigcorp.test,Sam,Kim,Dallas,TX,75206,US,32.452807,-96.600729,standard,722.68
3429,146932,reese.wilson146932@bigcorp.test,Reese,Wilson,Columbus,OH,43203,US,39.874466,-82.887782,standard,4778.64
3430,146937,taylor.smith146937@bigcorp.test,Taylor,Smith,Dallas,TX,75206,US,32.626913,-97.102331,standard,2683.88
3431,146991,david.hall146991@bigcorp.test,David,Hall,Philadelphia,PA,19104,US,39.840295,-74.939195,standard,1375.08
3432,147113,blake.king147113@bigcorp.test,Blake,King,Dallas,TX,75206,US,32.441488,-96.552126,standard,4051.84
3433,147172,casey.allen147172@bigcorp.test,Casey,Allen,Dallas,TX,75206,US,32.906009,-97.182413,standard,625.08
3434,147173,david.young147173@bigcorp.test,David,Young,Dallas,TX,75206,US,32.750992,-96.618537,standard,2073.88
3435,147182,robin.patel147182@bigcorp.test,Robin,Patel,Dallas,TX,75206,US,32.761557,-97.063076,vip,1973.72
3436,147211,taylor.king147211@bigcorp.test,Taylor,King,Austin,TX,78702,US,30.431103,-97.941439,standard,4886.88
3437,147215,avery.brown147215@bigcorp.test,Avery,Brown,Columbus,OH,43203,US,39.693523,-82.925612,standard,2253.36
3438,147265,casey.lee147265@bigcorp.test,Casey,Lee,Austin,TX,78702,US,30.313351,-97.883446,standard,3533.84
3439,147349,jordan.martin147349@bigcorp.test,Jordan,Martin,Dallas,TX,75206,US,32.771697,-96.676367,preferred,2551.44
3440,147483,alex.garcia147483@bigcorp.test,Alex,Garcia,San Diego,CA,92105,US,32.716622,-117.220971,standard,2850.48
3441,147567,jamie.jones147567@bigcorp.test,Jamie,Jones,San Diego,CA,92105,US,32.745062,-117.516565,standard,4280.0
3442,147569,morgan.lee147569@bigcorp.test,Morgan,Lee,Dallas,TX,75206,US,33.018191,-96.683663,standard,5752.36
3443,147597,hayden.garcia147597@bigcorp.test,Hayden,Garcia,Dallas,TX,75206,US,32.704668,-97.09335,standard,1603.2
3444,147622,morgan.hall147622@bigcorp.test,Morgan,Hall,Dallas,TX,75206,US,32.918266,-96.869755,standard,4003.76
3445,147690,jordan.chen147690@bigcorp.test,Jordan,Chen,Columbus,OH,43203,US,39.70904,-82.58664,standard,3563.12
3446,147750,anne.martin147750@bigcorp.test,Anne,Martin,Indianapolis,IN,46202,US,39.501592,-86.02327,preferred,1995.52
3447,147785,avery.jones147785@bigcorp.test,Avery,Jones,Austin,TX,78702,US,30.193471,-97.776896,preferred,2245.68
3448,147786,sam.lee147786@bigcorp.test,Sam,Lee,San Diego,CA,92105,US,32.990206,-117.480951,standard,3345.68
3449,147847,casey.walker147847@bigcorp.test,Casey,Walker,Columbus,OH,43203,US,39.963793,-82.627621,preferred,4222.32
3450,147848,jamie.jones147848@bigcorp.test,Jamie,Jones,Dallas,TX,75206,US,32.546514,-97.01885,standard,1685.92
3451,147866,jamie.jones147866@bigcorp.test,Jamie,Jones,Dallas,TX,75206,US,32.723718,-96.635684,standard,2787.36
3452,147889,parker.smith147889@bigcorp.test,Parker,Smith,Dallas,TX,75206,US,32.569441,-96.584653,standard,982.16
3453,147946,rowan.kim147946@bigcorp.test,Rowan,Kim,San Jose,CA,95110,US,37.296802,-122.180439,preferred,2858.72
3454,147957,jordan.patel147957@bigcorp.test,Jordan,Patel,Austin,TX,78704,US,29.901964,-97.80281,standard,4298.16
3455,147982,reese.chen147982@bigcorp.test,Reese,Chen,Dallas,TX,75206,US,32.829633,-97.173119,preferred,2530.2
3456,147989,avery.chen147989@bigcorp.test,Avery,Chen,Dallas,TX,75206,US,32.514579,-96.763712,standard,5140.4
3457,148000,blake.jones148000@bigcorp.test,Blake,Jones,Dallas,TX,75206,US,32.630366,-96.686494,standard,3052.2
3458,148007,parker.walker148007@bigcorp.test,Parker,Walker,San Diego,CA,92105,US,33.034992,-117.218891,standard,2653.24
3459,148039,hayden.clark148039@bigcorp.test,Hayden,Clark,Dallas,TX,75206,US,32.856258,-96.953557,standard,3778.24
3460,148052,taylor.smith148052@bigcorp.test,Taylor,Smith,Columbus,OH,43203,US,39.685877,-83.02601,standard,4205.44
3461,148098,sam.clark148098@bigcorp.test,Sam,Clark,Dallas,TX,75206,US,32.95895,-96.873787,standard,1449.36
3462,148122,jordan.kim148122@bigcorp.test,Jordan,Kim,Phoenix,AZ,85018,US,33.850889,-112.052894,standard,2147.96
3463,148126,sam.lewis148126@bigcorp.test,Sam,Lewis,San Diego,CA,92105,US,32.702869,-116.935379,standard,2141.92
3464,148132,rowan.chen148132@bigcorp.test,Rowan,Chen,Austin,TX,78702,US,30.121514,-97.85414,standard,3809.92
3465,148147,kendall.nguyen148147@bigcorp.test,Kendall,Nguyen,Columbus,OH,43203,US,39.907945,-83.105379,standard,4085.6
3466,148220,emerson.kim148220@bigcorp.test,Emerson,Kim,Dallas,TX,75206,US,32.655669,-97.150525,standard,3427.04
3467,148246,dana.garcia148246@bigcorp.test,Dana,Garcia,San Diego,CA,92105,US,32.765978,-117.128863,preferred,2722.56
3468,148277,dana.walker148277@bigcorp.test,Dana,Walker,Dallas,TX,75206,US,32.506164,-97.005245,standard,3249.96
3469,148401,cameron.brown148401@bigcorp.test,Cameron,Brown,Dallas,TX,75206,US,32.446732,-97.100379,standard,3332.4
3470,148414,david.allen148414@bigcorp.test,David,Allen,Austin,TX,78702,US,30.356465,-98.0725,standard,8869.4
3471,148476,adam.king148476@bigcorp.test,Adam,King,Dallas,TX,75206,US,32.584974,-96.992894,standard,2291.32
3472,148498,casey.smith148498@bigcorp.test,Casey,Smith,Dallas,TX,75206,US,32.944655,-97.084431,standard,4851.4
3473,148521,anne.young148521@bigcorp.test,Anne,Young,Dallas,TX,75206,US,32.768197,-96.850875,standard,2580.08
3474,148549,hayden.garcia148549@bigcorp.test,Hayden,Garcia,San Diego,CA,92105,US,33.092725,-117.203069,preferred,1313.64
3475,148561,adam.lewis148561@bigcorp.test,Adam,Lewis,Dallas,TX,75206,US,32.418347,-97.047039,standard,3625.76
3476,148595,blake.kim148595@bigcorp.test,Blake,Kim,Dallas,TX,75206,US,32.990521,-96.620551,vip,3246.52
3477,148621,kendall.wilson148621@bigcorp.test,Kendall,Wilson,Dallas,TX,75206,US,32.918838,-96.727874,standard,1887.84
3478,148669,jamie.smith148669@bigcorp.test,Jamie,Smith,Indianapolis,IN,46202,US,39.949687,-85.701914,standard,1515.64
3479,148671,cameron.clark148671@bigcorp.test,Cameron,Clark,Dallas,TX,75206,US,32.67877,-96.715242,standard,2077.44
3480,148672,quinn.clark148672@bigcorp.test,Quinn,Clark,Indianapolis,IN,46202,US,39.767499,-85.920753,standard,5480.36
3481,148689,cameron.smith148689@bigcorp.test,Cameron,Smith,Columbus,OH,43203,US,40.049458,-82.628109,standard,3394.84
3482,148698,rowan.brown148698@bigcorp.test,Rowan,Brown,Dallas,TX,75206,US,32.647097,-96.631921,standard,4113.12
3483,148699,anne.kim148699@bigcorp.test,Anne,Kim,Dallas,TX,75206,US,33.045514,-97.004175,preferred,2320.32
3484,148716,cameron.jones148716@bigcorp.test,Cameron,Jones,Columbus,OH,43203,US,39.706875,-83.056996,preferred,1669.16
3485,148826,casey.lee148826@bigcorp.test,Casey,Lee,Dallas,TX,75206,US,32.975027,-97.098113,standard,3567.32
3486,148857,avery.nguyen148857@bigcorp.test,Avery,Nguyen,Dallas,TX,75206,US,32.473114,-96.947017,vip,2148.64
3487,148873,david.walker148873@bigcorp.test,David,Walker,Dallas,TX,75206,US,32.772274,-97.112063,standard,3834.84
3488,148875,quinn.allen148875@bigcorp.test,Quinn,Allen,Dallas,TX,75206,US,32.883984,-96.629127,standard,400.0
3489,148908,kendall.smith148908@bigcorp.test,Kendall,Smith,Dallas,TX,75206,US,33.010536,-96.842429,standard,1208.56
3490,148962,kendall.clark148962@bigcorp.test,Kendall,Clark,Dallas,TX,75206,US,32.49944,-97.097675,standard,2028.92
3491,148999,parker.brown148999@bigcorp.test,Parker,Brown,San Diego,CA,92105,US,32.461774,-117.520814,standard,1937.72
3492,149043,blake.clark149043@bigcorp.test,Blake,Clark,Dallas,TX,75206,US,32.545951,-96.736414,standard,1154.08
3493,149104,dana.jones149104@bigcorp.test,Dana,Jones,Austin,TX,78704,US,30.342422,-97.391126,standard,4410.44
3494,149233,jordan.young149233@bigcorp.test,Jordan,Young,Dallas,TX,75206,US,32.791269,-96.795835,preferred,2734.56
3495,149236,avery.martin149236@bigcorp.test,Avery,Martin,Columbus,OH,43203,US,39.813269,-82.56176,preferred,3429.96
3496,149241,robin.kim149241@bigcorp.test,Robin,Kim,Dallas,TX,75206,US,32.661451,-96.858859,standard,4581.16
3497,149361,cameron.walker149361@bigcorp.test,Cameron,Walker,Dallas,TX,75206,US,32.996642,-96.92941,standard,2573.76
3498,149368,parker.martin149368@bigcorp.test,Parker,Martin,Austin,TX,78702,US,29.932765,-97.614127,standard,2209.96
3499,149392,rowan.hall149392@bigcorp.test,Rowan,Hall,Dallas,TX,75206,US,32.975687,-97.175101,standard,5697.4
3500,149395,alex.chen149395@bigcorp.test,Alex,Chen,Dallas,TX,75206,US,32.954535,-97.136844,standard,843.4
3501,149408,avery.singh149408@bigcorp.test,Avery,Singh,Dallas,TX,75206,US,32.589687,-97.13762,standard,3665.72
3502,149424,rowan.allen149424@bigcorp.test,Rowan,Allen,Austin,TX,78702,US,30.577764,-97.774341,standard,3667.16
3503,149460,casey.brown149460@bigcorp.test,Casey,Brown,Columbus,OH,43203,US,40.004941,-82.949952,standard,5291.24
3504,149470,morgan.hall149470@bigcorp.test,Morgan,Hall,San Jose,CA,95110,US,37.455664,-121.589983,preferred,3337.88
3505,149513,jordan.patel149513@bigcorp.test,Jordan,Patel,Dallas,TX,75206,US,32.813357,-96.876204,standard,2106.72
3506,149603,alex.hall149603@bigcorp.test,Alex,Hall,Dallas,TX,75206,US,32.461666,-97.146952,standard,4233.4
3507,149607,morgan.martin149607@bigcorp.test,Morgan,Martin,Dallas,TX,75206,US,32.628737,-96.544157,standard,2910.2
3508,149655,reese.patel149655@bigcorp.test,Reese,Patel,Austin,TX,78702,US,30.189143,-97.680711,standard,7123.36
3509,149666,blake.martin149666@bigcorp.test,Blake,Martin,Dallas,TX,75206,US,32.555373,-96.601228,standard,2431.68
3510,149677,jordan.jones149677@bigcorp.test,Jordan,Jones,Austin,TX,78702,US,30.317152,-97.969679,standard,1069.0
3511,149800,parker.nguyen149800@bigcorp.test,Parker,Nguyen,Dallas,TX,75206,US,32.944143,-96.936478,standard,4231.56
3512,149854,emerson.chen149854@bigcorp.test,Emerson,Chen,San Diego,CA,92105,US,32.564985,-116.83155,vip,2336.04
3513,149957,emerson.lee149957@bigcorp.test,Emerson,Lee,San Diego,CA,92105,US,32.581581,-117.238945,standard,2857.36
3514,150010,jamie.nguyen150010@bigcorp.test,Jamie,Nguyen,San Diego,CA,92105,US,32.410797,-117.082513,standard,3323.16
3515,150041,taylor.chen150041@bigcorp.test,Taylor,Chen,Fort Worth,TX,76107,US,32.874545,-97.625832,standard,3594.84
3516,150079,rowan.smith150079@bigcorp.test,Rowan,Smith,Dallas,TX,75206,US,33.075619,-96.935524,standard,3210.12
3517,150106,dana.chen150106@bigcorp.test,Dana,Chen,Dallas,TX,75206,US,32.747899,-96.648911,standard,883.92
3518,150127,reese.wilson150127@bigcorp.test,Reese,Wilson,Dallas,TX,75206,US,32.937619,-96.873875,standard,3033.04
3519,150135,dana.wilson150135@bigcorp.test,Dana,Wilson,Columbus,OH,43203,US,40.198261,-82.559998,standard,4097.32
3520,150195,kendall.young150195@bigcorp.test,Kendall,Young,Dallas,TX,75206,US,32.968951,-96.651592,standard,4394.6
3521,150293,taylor.nguyen150293@bigcorp.test,Taylor,Nguyen,Dallas,TX,75206,US,32.947296,-96.540972,standard,3847.8
3522,150305,riley.chen150305@bigcorp.test,Riley,Chen,Dallas,TX,75206,US,32.953852,-96.564946,standard,1037.68
3523,150317,parker.allen150317@bigcorp.test,Parker,Allen,San Diego,CA,92105,US,32.926124,-117.167499,standard,5873.12
3524,150389,taylor.garcia150389@bigcorp.test,Taylor,Garcia,Dallas,TX,75206,US,32.491852,-96.726405,preferred,1583.88
3525,150442,taylor.walker150442@bigcorp.test,Taylor,Walker,Dallas,TX,75206,US,32.985073,-96.767277,standard,5184.16
3526,150486,casey.garcia150486@bigcorp.test,Casey,Garcia,Dallas,TX,75206,US,32.42991,-97.203409,standard,2729.32
3527,150489,jordan.garcia150489@bigcorp.test,Jordan,Garcia,Columbus,OH,43203,US,40.154061,-83.012241,standard,4709.04
3528,150518,casey.kim150518@bigcorp.test,Casey,Kim,Dallas,TX,75206,US,32.673154,-97.063999,standard,2405.64
3529,150522,parker.young150522@bigcorp.test,Parker,Young,Dallas,TX,75206,US,32.903272,-96.51294,standard,4581.28
3530,150541,david.lewis150541@bigcorp.test,David,Lewis,Dallas,TX,75206,US,32.515974,-96.674832,standard,6291.12
3531,150584,emerson.singh150584@bigcorp.test,Emerson,Singh,Dallas,TX,75206,US,32.737219,-96.949999,vip,4667.32
3532,150593,parker.walker150593@bigcorp.test,Parker,Walker,Dallas,TX,75206,US,32.878827,-97.141416,vip,4240.8
3533,150662,robin.hall150662@bigcorp.test,Robin,Hall,Columbus,OH,43203,US,40.240861,-82.856522,standard,3995.16
3534,150694,anne.lee150694@bigcorp.test,Anne,Lee,Dallas,TX,75206,US,32.572107,-96.979122,standard,5591.24
3535,150709,parker.singh150709@bigcorp.test,Parker,Singh,Dallas,TX,75206,US,32.95577,-96.69281,standard,4164.76
3536,150727,kendall.walker150727@bigcorp.test,Kendall,Walker,Dallas,TX,75206,US,32.994088,-97.055156,standard,2153.88
3537,150752,anne.singh150752@bigcorp.test,Anne,Singh,Dallas,TX,75206,US,32.882775,-97.117341,standard,4133.4
3538,150994,cameron.young150994@bigcorp.test,Cameron,Young,Dallas,TX,75206,US,32.883185,-96.813522,standard,796.88
3539,150999,blake.allen150999@bigcorp.test,Blake,Allen,Columbus,OH,43203,US,39.641507,-82.978169,standard,4192.64
3540,151014,cameron.walker151014@bigcorp.test,Cameron,Walker,Dallas,TX,75206,US,32.727785,-97.04541,standard,4210.0
3541,151036,jamie.smith151036@bigcorp.test,Jamie,Smith,Dallas,TX,75206,US,32.700186,-96.664496,vip,3678.44
3542,151053,emerson.smith151053@bigcorp.test,Emerson,Smith,Dallas,TX,75206,US,32.979328,-96.600169,vip,1563.4
3543,151070,reese.smith151070@bigcorp.test,Reese,Smith,San Diego,CA,92105,US,32.544333,-117.34288,standard,4652.04
3544,151079,reese.chen151079@bigcorp.test,Reese,Chen,Phoenix,AZ,85018,US,33.374538,-112.078626,standard,4554.92
3545,151133,jamie.smith151133@bigcorp.test,Jamie,Smith,Columbus,OH,43203,US,40.269058,-82.573895,standard,2508.2
3546,151165,emerson.lewis151165@bigcorp.test,Emerson,Lewis,Austin,TX,78702,US,30.115425,-97.593215,standard,1145.2
3547,151172,anne.king151172@bigcorp.test,Anne,King,San Diego,CA,92105,US,32.413542,-117.446451,preferred,2318.4
3548,151249,casey.wilson151249@bigcorp.test,Casey,Wilson,Dallas,TX,75206,US,32.744487,-96.61457,standard,1650.04
3549,151267,cameron.young151267@bigcorp.test,Cameron,Young,Dallas,TX,75206,US,33.046073,-97.060764,standard,5017.08
3550,151291,jamie.chen151291@bigcorp.test,Jamie,Chen,Dallas,TX,75206,US,32.677101,-96.907193,standard,3495.8
3551,151372,hayden.garcia151372@bigcorp.test,Hayden,Garcia,San Diego,CA,92105,US,32.962852,-117.224211,preferred,3010.28
3552,151400,david.king151400@bigcorp.test,David,King,Dallas,TX,75206,US,32.776397,-96.735651,preferred,1382.24
3553,151414,casey.nguyen151414@bigcorp.test,Casey,Nguyen,Dallas,TX,75206,US,32.438646,-97.125329,standard,4078.08
3554,151463,reese.lewis151463@bigcorp.test,Reese,Lewis,Columbus,OH,43203,US,40.195039,-83.098947,standard,2708.8
3555,151500,reese.jones151500@bigcorp.test,Reese,Jones,Columbus,OH,43203,US,39.679085,-82.861307,standard,3014.24
3556,151541,casey.king151541@bigcorp.test,Casey,King,Columbus,OH,43203,US,40.312864,-82.942129,standard,4112.24
3557,151547,sam.chen151547@bigcorp.test,Sam,Chen,Dallas,TX,75206,US,32.518653,-96.85391,standard,3850.08
3558,151578,jamie.clark151578@bigcorp.test,Jamie,Clark,Austin,TX,78702,US,30.292178,-97.828435,preferred,4289.16
3559,151604,taylor.smith151604@bigcorp.test,Taylor,Smith,Dallas,TX,75206,US,32.831648,-96.583896,vip,5031.12
3560,151624,hayden.lopez151624@bigcorp.test,Hayden,Lopez,Dallas,TX,75206,US,32.544542,-96.984864,preferred,586.88
3561,151647,alex.allen151647@bigcorp.test,Alex,Allen,Dallas,TX,75206,US,32.906953,-96.764206,standard,1940.96
3562,151734,sam.allen151734@bigcorp.test,Sam,Allen,San Diego,CA,92105,US,33.024306,-117.347788,standard,3671.28
3563,151735,parker.allen151735@bigcorp.test,Parker,Allen,San Diego,CA,92105,US,32.503629,-117.452371,standard,4131.72
3564,151802,quinn.lopez151802@bigcorp.test,Quinn,Lopez,San Diego,CA,92105,US,32.776535,-117.415481,preferred,2177.76
3565,151810,rowan.wilson151810@bigcorp.test,Rowan,Wilson,Dallas,TX,75206,US,32.751151,-96.683695,preferred,3066.32
3566,151845,jordan.singh151845@bigcorp.test,Jordan,Singh,Austin,TX,78702,US,30.447397,-98.042492,standard,1402.0
3567,151847,parker.smith151847@bigcorp.test,Parker,Smith,Dallas,TX,75206,US,32.697447,-96.880886,standard,4215.96
3568,151892,riley.walker151892@bigcorp.test,Riley,Walker,San Diego,CA,92105,US,32.663199,-117.22135,vip,2361.52
3569,151959,rowan.nguyen151959@bigcorp.test,Rowan,Nguyen,Dallas,TX,75206,US,32.394639,-96.938185,standard,2201.96
3570,151962,anne.nguyen151962@bigcorp.test,Anne,Nguyen,Columbus,OH,43203,US,39.695046,-83.042927,standard,2801.28
3571,151997,hayden.clark151997@bigcorp.test,Hayden,Clark,Dallas,TX,75206,US,32.453821,-96.622681,standard,5651.0
3572,152004,dana.chen152004@bigcorp.test,Dana,Chen,Dallas,TX,75206,US,32.761825,-96.985625,standard,6141.96
3573,152033,anne.lewis152033@bigcorp.test,Anne,Lewis,Dallas,TX,75206,US,32.916337,-96.963372,standard,3438.72
3574,152093,avery.singh152093@bigcorp.test,Avery,Singh,San Diego,CA,92105,US,32.805168,-116.917356,preferred,3964.8
3575,152096,casey.chen152096@bigcorp.test,Casey,Chen,Dallas,TX,75206,US,32.926154,-96.992037,standard,3127.4
3576,152180,riley.martin152180@bigcorp.test,Riley,Martin,Dallas,TX,75206,US,32.526232,-97.128466,standard,1876.0
3577,152195,parker.jones152195@bigcorp.test,Parker,Jones,Dallas,TX,75206,US,32.513572,-96.695174,standard,847.92
3578,152219,quinn.lewis152219@bigcorp.test,Quinn,Lewis,San Diego,CA,92105,US,32.576848,-117.461713,standard,720.12
3579,152220,casey.singh152220@bigcorp.test,Casey,Singh,Dallas,TX,75206,US,32.671311,-96.595119,standard,400.0
3580,152332,jamie.jones152332@bigcorp.test,Jamie,Jones,Dallas,TX,75206,US,32.956866,-97.016952,preferred,3287.96
3581,152334,quinn.jones152334@bigcorp.test,Quinn,Jones,San Diego,CA,92105,US,32.657262,-117.467005,standard,2883.2
3582,152350,rowan.clark152350@bigcorp.test,Rowan,Clark,Dallas,TX,75206,US,32.584433,-96.621819,preferred,831.88
3583,152384,hayden.hall152384@bigcorp.test,Hayden,Hall,Dallas,TX,75206,US,32.714831,-96.976522,standard,4790.76
3584,152391,blake.singh152391@bigcorp.test,Blake,Singh,Dallas,TX,75206,US,32.682652,-96.976693,standard,1926.84
3585,152417,riley.lewis152417@bigcorp.test,Riley,Lewis,Dallas,TX,75206,US,32.831008,-96.547196,standard,4507.4
3586,152451,jordan.singh152451@bigcorp.test,Jordan,Singh,Dallas,TX,75206,US,32.868751,-96.661368,preferred,2946.2
3587,152468,david.lopez152468@bigcorp.test,David,Lopez,Dallas,TX,75206,US,32.974998,-96.678819,standard,6662.04
3588,152499,cameron.wilson152499@bigcorp.test,Cameron,Wilson,Dallas,TX,75206,US,32.736563,-96.918087,preferred,5570.6
3589,152503,jordan.smith152503@bigcorp.test,Jordan,Smith,San Diego,CA,92105,US,32.468981,-117.440722,preferred,5258.8
3590,152580,reese.walker152580@bigcorp.test,Reese,Walker,Dallas,TX,75206,US,33.013102,-96.531635,preferred,3994.44
3591,152601,reese.smith152601@bigcorp.test,Reese,Smith,Columbus,OH,43203,US,39.969323,-83.129065,standard,4522.04
3592,152607,alex.lewis152607@bigcorp.test,Alex,Lewis,Dallas,TX,75206,US,32.813518,-96.708412,standard,5657.28
3593,152693,david.hall152693@bigcorp.test,David,Hall,Columbus,OH,43203,US,39.704834,-82.675375,standard,3763.96
3594,152699,taylor.smith152699@bigcorp.test,Taylor,Smith,Austin,TX,78702,US,29.987637,-97.954218,standard,3796.0
3595,152745,parker.patel152745@bigcorp.test,Parker,Patel,Austin,TX,78702,US,30.105818,-97.619854,standard,3932.96
3596,152748,jordan.young152748@bigcorp.test,Jordan,Young,Columbus,OH,43203,US,39.747694,-82.600625,preferred,2350.96
3597,152788,alex.lewis152788@bigcorp.test,Alex,Lewis,Dallas,TX,75206,US,33.018553,-97.168551,standard,2290.28
3598,152792,adam.wilson152792@bigcorp.test,Adam,Wilson,Dallas,TX,75206,US,33.035062,-97.02388,standard,2342.28
3599,152811,avery.garcia152811@bigcorp.test,Avery,Garcia,Dallas,TX,75206,US,32.427329,-97.119892,preferred,4526.4
3600,152866,dana.singh152866@bigcorp.test,Dana,Singh,Dallas,TX,75206,US,32.44824,-97.143071,standard,3329.16
3601,152920,robin.lewis152920@bigcorp.test,Robin,Lewis,Dallas,TX,75206,US,32.624575,-96.639861,standard,1574.72
3602,152968,anne.wilson152968@bigcorp.test,Anne,Wilson,San Diego,CA,92105,US,32.996541,-117.43115,standard,2200.88
3603,153184,alex.smith153184@bigcorp.test,Alex,Smith,San Diego,CA,92105,US,32.856705,-116.904707,standard,1023.2
3604,153185,reese.patel153185@bigcorp.test,Reese,Patel,San Diego,CA,92105,US,32.711207,-116.972318,vip,1251.72
3605,153220,quinn.jones153220@bigcorp.test,Quinn,Jones,San Diego,CA,92105,US,32.634528,-117.507746,standard,1911.96
3606,153236,taylor.allen153236@bigcorp.test,Taylor,Allen,San Jose,CA,95110,US,37.335101,-122.115588,vip,3207.84
3607,153263,blake.martin153263@bigcorp.test,Blake,Martin,Dallas,TX,75206,US,32.9725,-96.590229,standard,4414.04
3608,153316,blake.brown153316@bigcorp.test,Blake,Brown,Austin,TX,78702,US,30.038981,-97.832391,vip,2841.16
3609,153322,jordan.nguyen153322@bigcorp.test,Jordan,Nguyen,Dallas,TX,75206,US,33.074211,-97.064882,standard,5532.12
3610,153366,cameron.king153366@bigcorp.test,Cameron,King,Dallas,TX,75206,US,32.768628,-97.148483,standard,1271.28
3611,153416,reese.martin153416@bigcorp.test,Reese,Martin,Dallas,TX,75206,US,32.852206,-96.507639,standard,3363.2
3612,153436,blake.lopez153436@bigcorp.test,Blake,Lopez,Dallas,TX,75206,US,33.031732,-97.065974,standard,4751.0
3613,153611,riley.chen153611@bigcorp.test,Riley,Chen,Dallas,TX,75206,US,33.002975,-96.764883,preferred,3739.28
3614,153632,robin.smith153632@bigcorp.test,Robin,Smith,San Diego,CA,92105,US,32.488935,-117.48833,standard,4852.96
3615,153677,alex.martin153677@bigcorp.test,Alex,Martin,Indianapolis,IN,46202,US,40.12017,-86.030703,standard,2720.08
3616,153837,jamie.smith153837@bigcorp.test,Jamie,Smith,Dallas,TX,75206,US,32.949124,-96.955641,standard,5143.88
3617,153842,reese.nguyen153842@bigcorp.test,Reese,Nguyen,Dallas,TX,75206,US,32.497952,-96.614576,standard,3440.32
3618,153886,adam.jones153886@bigcorp.test,Adam,Jones,Dallas,TX,75206,US,32.916129,-96.890353,standard,2431.32
3619,154001,quinn.brown154001@bigcorp.test,Quinn,Brown,Dallas,TX,75206,US,32.698392,-96.710373,standard,2205.88
3620,154043,adam.smith154043@bigcorp.test,Adam,Smith,Dallas,TX,75206,US,32.408664,-96.928272,standard,7230.28
3621,154086,riley.hall154086@bigcorp.test,Riley,Hall,Austin,TX,78702,US,30.38459,-97.388336,standard,2421.8
3622,154105,taylor.jones154105@bigcorp.test,Taylor,Jones,Dallas,TX,75206,US,32.877406,-96.532434,standard,3281.12
3623,154184,emerson.smith154184@bigcorp.test,Emerson,Smith,Dallas,TX,75206,US,32.496215,-96.828775,standard,4053.28
3624,154264,jordan.walker154264@bigcorp.test,Jordan,Walker,Austin,TX,78702,US,30.339499,-97.755014,standard,1816.6
3625,154278,riley.wilson154278@bigcorp.test,Riley,Wilson,Dallas,TX,75206,US,32.534617,-96.766287,standard,3074.68
3626,154291,taylor.wilson154291@bigcorp.test,Taylor,Wilson,Dallas,TX,75206,US,32.727031,-97.179957,preferred,926.6
3627,154304,dana.martin154304@bigcorp.test,Dana,Martin,Dallas,TX,75206,US,32.913066,-96.880839,standard,5171.64
3628,154327,dana.hall154327@bigcorp.test,Dana,Hall,Dallas,TX,75206,US,32.912382,-96.827258,standard,4268.6
3629,154400,reese.smith154400@bigcorp.test,Reese,Smith,Dallas,TX,75206,US,32.451009,-97.026004,preferred,4434.76
3630,154423,david.smith154423@bigcorp.test,David,Smith,Dallas,TX,75206,US,32.921079,-96.576692,standard,4197.52
3631,154445,reese.garcia154445@bigcorp.test,Reese,Garcia,Dallas,TX,75206,US,32.853629,-96.617243,preferred,3302.96
3632,154491,blake.kim154491@bigcorp.test,Blake,Kim,Dallas,TX,75206,US,32.984771,-96.924829,standard,3882.8
3633,154572,dana.singh154572@bigcorp.test,Dana,Singh,Dallas,TX,75206,US,32.597284,-96.860841,standard,1422.8
3634,154637,david.patel154637@bigcorp.test,David,Patel,Dallas,TX,75206,US,32.491196,-96.587512,standard,6399.92
3635,154726,morgan.lopez154726@bigcorp.test,Morgan,Lopez,San Diego,CA,92105,US,33.052179,-117.19439,standard,3268.12
3636,154745,anne.chen154745@bigcorp.test,Anne,Chen,Dallas,TX,75206,US,32.711637,-97.179438,standard,3779.96
3637,154750,adam.singh154750@bigcorp.test,Adam,Singh,Dallas,TX,75206,US,32.794057,-96.931216,standard,5047.4
3638,154781,cameron.clark154781@bigcorp.test,Cameron,Clark,Dallas,TX,75206,US,32.787305,-96.732404,standard,2550.52
3639,154845,jordan.lewis154845@bigcorp.test,Jordan,Lewis,Dallas,TX,75206,US,32.921513,-96.97313,standard,4283.0
3640,154883,blake.martin154883@bigcorp.test,Blake,Martin,Dallas,TX,75206,US,32.98519,-96.681146,standard,3406.24
3641,154957,morgan.lopez154957@bigcorp.test,Morgan,Lopez,Dallas,TX,75206,US,32.432278,-97.018556,preferred,2379.84
3642,154982,rowan.lopez154982@bigcorp.test,Rowan,Lopez,Dallas,TX,75206,US,32.62196,-96.967594,standard,3685.8
3643,155037,alex.brown155037@bigcorp.test,Alex,Brown,San Diego,CA,92105,US,32.85043,-117.206462,standard,2336.76
3644,155078,hayden.brown155078@bigcorp.test,Hayden,Brown,San Diego,CA,92105,US,32.600464,-117.126831,standard,4038.6
3645,155095,anne.lee155095@bigcorp.test,Anne,Lee,Dallas,TX,75206,US,32.619318,-96.716431,standard,3749.92
3646,155096,reese.smith155096@bigcorp.test,Reese,Smith,San Diego,CA,92105,US,32.530595,-116.884409,standard,3354.92
3647,155189,cameron.martin155189@bigcorp.test,Cameron,Martin,San Diego,CA,92105,US,32.445031,-117.490623,standard,3372.76
3648,155195,adam.jones155195@bigcorp.test,Adam,Jones,Dallas,TX,75206,US,32.546772,-96.726511,standard,2823.92
3649,155215,taylor.martin155215@bigcorp.test,Taylor,Martin,San Jose,CA,95110,US,37.496909,-122.170489,vip,686.2
3650,155249,david.brown155249@bigcorp.test,David,Brown,San Jose,CA,95110,US,37.669006,-121.614994,standard,3037.24
3651,155266,reese.smith155266@bigcorp.test,Reese,Smith,Dallas,TX,75206,US,33.004844,-97.139815,standard,2505.08
3652,155267,kendall.garcia155267@bigcorp.test,Kendall,Garcia,Phoenix,AZ,85018,US,33.417034,-112.338138,standard,3223.6
3653,155362,quinn.garcia155362@bigcorp.test,Quinn,Garcia,Columbus,OH,43203,US,39.697264,-82.728743,standard,1041.8
3654,155435,hayden.young155435@bigcorp.test,Hayden,Young,Dallas,TX,75206,US,32.547277,-96.521347,standard,2441.08
3655,155438,sam.wilson155438@bigcorp.test,Sam,Wilson,Dallas,TX,75206,US,32.958017,-96.764587,standard,2165.56
3656,155447,rowan.nguyen155447@bigcorp.test,Rowan,Nguyen,Dallas,TX,75206,US,32.61489,-96.878304,standard,2064.08
3657,155508,quinn.smith155508@bigcorp.test,Quinn,Smith,Dallas,TX,75206,US,32.644804,-97.018055,standard,1606.56
3658,155634,reese.smith155634@bigcorp.test,Reese,Smith,Dallas,TX,75206,US,32.643568,-96.914393,standard,3247.68
3659,155680,alex.patel155680@bigcorp.test,Alex,Patel,Dallas,TX,75206,US,32.634689,-97.197539,preferred,3053.72
3660,155767,adam.hall155767@bigcorp.test,Adam,Hall,Dallas,TX,75206,US,32.574201,-97.201585,standard,2040.44
3661,155778,jordan.singh155778@bigcorp.test,Jordan,Singh,Indianapolis,IN,46202,US,39.566657,-85.99121,preferred,2970.0
3662,155859,parker.smith155859@bigcorp.test,Parker,Smith,Dallas,TX,75206,US,32.406118,-96.636682,standard,3957.16
3663,155909,avery.lee155909@bigcorp.test,Avery,Lee,Dallas,TX,75206,US,32.92203,-97.159701,standard,1243.0
3664,155954,jordan.lee155954@bigcorp.test,Jordan,Lee,San Diego,CA,92105,US,32.866301,-117.44909,standard,2346.76
3665,155960,blake.young155960@bigcorp.test,Blake,Young,Dallas,TX,75206,US,32.698928,-96.615953,preferred,2132.16
3666,156031,casey.brown156031@bigcorp.test,Casey,Brown,Dallas,TX,75206,US,32.479487,-96.552061,standard,4577.8
3667,156055,robin.lopez156055@bigcorp.test,Robin,Lopez,Dallas,TX,75206,US,32.914113,-97.194813,preferred,3571.16
3668,156057,blake.king156057@bigcorp.test,Blake,King,Dallas,TX,75206,US,32.828892,-96.555776,standard,1500.44
3669,156130,reese.singh156130@bigcorp.test,Reese,Singh,Dallas,TX,75206,US,32.460843,-96.760587,standard,4068.24
3670,156154,casey.singh156154@bigcorp.test,Casey,Singh,Dallas,TX,75206,US,33.079425,-96.733656,preferred,3510.28
3671,156205,kendall.patel156205@bigcorp.test,Kendall,Patel,Dallas,TX,75206,US,32.534465,-97.034557,standard,1930.04
3672,156310,jordan.lopez156310@bigcorp.test,Jordan,Lopez,Dallas,TX,75206,US,32.771973,-96.550881,standard,4362.96
3673,156356,david.brown156356@bigcorp.test,David,Brown,San Diego,CA,92105,US,32.805809,-116.969328,standard,605.2
3674,156375,riley.smith156375@bigcorp.test,Riley,Smith,Dallas,TX,75206,US,32.413697,-96.506995,standard,2824.0
3675,156488,blake.patel156488@bigcorp.test,Blake,Patel,Dallas,TX,75206,US,33.057031,-96.808409,standard,2368.56
3676,156492,blake.kim156492@bigcorp.test,Blake,Kim,Dallas,TX,75206,US,32.646528,-97.170129,standard,2400.68
3677,156636,kendall.allen156636@bigcorp.test,Kendall,Allen,Dallas,TX,75206,US,32.839894,-96.803985,standard,1703.52
3678,156656,anne.hall156656@bigcorp.test,Anne,Hall,Dallas,TX,75206,US,32.59573,-96.61375,standard,6011.88
3679,156707,riley.nguyen156707@bigcorp.test,Riley,Nguyen,Dallas,TX,75206,US,32.751231,-97.073692,standard,2050.52
3680,156785,sam.patel156785@bigcorp.test,Sam,Patel,Columbus,OH,43203,US,40.307029,-82.531502,vip,4556.24
3681,156850,cameron.patel156850@bigcorp.test,Cameron,Patel,Columbus,OH,43203,US,40.322749,-82.500533,standard,3228.76
3682,156857,riley.young156857@bigcorp.test,Riley,Young,San Diego,CA,92105,US,32.941067,-117.33218,standard,3370.96
3683,156895,anne.kim156895@bigcorp.test,Anne,Kim,Dallas,TX,75206,US,32.754987,-96.897063,standard,3126.52
3684,156932,casey.kim156932@bigcorp.test,Casey,Kim,Dallas,TX,75206,US,33.049977,-96.628328,standard,1448.8
3685,157019,parker.brown157019@bigcorp.test,Parker,Brown,Dallas,TX,75206,US,32.874375,-96.749638,standard,5878.08
3686,157056,kendall.lee157056@bigcorp.test,Kendall,Lee,San Diego,CA,92105,US,32.739687,-116.857672,standard,6373.44
3687,157135,david.king157135@bigcorp.test,David,King,Dallas,TX,75206,US,32.640138,-96.94307,standard,5032.4
3688,157199,quinn.smith157199@bigcorp.test,Quinn,Smith,Dallas,TX,75206,US,32.869503,-96.626706,preferred,2730.64
3689,157200,blake.allen157200@bigcorp.test,Blake,Allen,Dallas,TX,75206,US,32.899043,-96.614485,standard,2253.44
3690,157236,avery.patel157236@bigcorp.test,Avery,Patel,Dallas,TX,75206,US,32.428557,-96.726388,standard,3234.52
3691,157269,adam.martin157269@bigcorp.test,Adam,Martin,Dallas,TX,75206,US,32.986635,-96.716644,standard,1576.88
3692,157281,kendall.brown157281@bigcorp.test,Kendall,Brown,Dallas,TX,75206,US,33.015059,-96.547378,preferred,1741.52
3693,157287,dana.smith157287@bigcorp.test,Dana,Smith,Dallas,TX,75206,US,33.054827,-97.059276,preferred,2466.32
3694,157307,anne.jones157307@bigcorp.test,Anne,Jones,Dallas,TX,75206,US,32.921396,-96.563523,vip,1524.2
3695,157331,david.kim157331@bigcorp.test,David,Kim,Dallas,TX,75206,US,32.927479,-97.003678,standard,2452.2
3696,157347,jordan.patel157347@bigcorp.test,Jordan,Patel,Dallas,TX,75206,US,32.600299,-97.185022,standard,4493.76
3697,157355,adam.clark157355@bigcorp.test,Adam,Clark,Philadelphia,PA,19104,US,40.019745,-74.941349,preferred,4338.4
3698,157358,jordan.king157358@bigcorp.test,Jordan,King,Dallas,TX,75206,US,32.459144,-96.856233,standard,1775.12
3699,157415,jordan.allen157415@bigcorp.test,Jordan,Allen,Dallas,TX,75206,US,32.89481,-96.975103,standard,2690.32
3700,157423,hayden.nguyen157423@bigcorp.test,Hayden,Nguyen,Dallas,TX,75206,US,33.063069,-97.185164,standard,4242.44
3701,157425,sam.martin157425@bigcorp.test,Sam,Martin,Phoenix,AZ,85018,US,33.746296,-112.293007,standard,2574.52
3702,157432,jordan.jones157432@bigcorp.test,Jordan,Jones,Dallas,TX,75206,US,32.781544,-96.985892,standard,4264.24
3703,157436,dana.hall157436@bigcorp.test,Dana,Hall,Dallas,TX,75206,US,32.906317,-96.52427,vip,7073.32
3704,157454,quinn.clark157454@bigcorp.test,Quinn,Clark,Dallas,TX,75206,US,32.493312,-97.09818,standard,5126.6
3705,157498,rowan.chen157498@bigcorp.test,Rowan,Chen,San Diego,CA,92105,US,33.062589,-117.333174,standard,2887.68
3706,157529,jamie.smith157529@bigcorp.test,Jamie,Smith,San Diego,CA,92105,US,32.624016,-117.475788,standard,1481.92
3707,157545,jordan.jones157545@bigcorp.test,Jordan,Jones,Dallas,TX,75206,US,32.957521,-96.829912,standard,3560.84
3708,157612,david.patel157612@bigcorp.test,David,Patel,Austin,TX,78702,US,30.268684,-97.968639,standard,4286.0
3709,157626,jordan.hall157626@bigcorp.test,Jordan,Hall,San Diego,CA,92105,US,32.98108,-117.088025,standard,3754.68
3710,157643,quinn.smith157643@bigcorp.test,Quinn,Smith,Dallas,TX,75206,US,32.640431,-96.832077,standard,2759.36
3711,157650,emerson.kim157650@bigcorp.test,Emerson,Kim,Dallas,TX,75206,US,32.718981,-97.177851,standard,1983.08
3712,157685,hayden.king157685@bigcorp.test,Hayden,King,Dallas,TX,75206,US,32.479651,-96.714975,preferred,1695.72
3713,157733,anne.jones157733@bigcorp.test,Anne,Jones,Dallas,TX,75206,US,32.755077,-97.160818,preferred,1020.96
3714,157735,blake.king157735@bigcorp.test,Blake,King,Dallas,TX,75206,US,32.543171,-97.066279,standard,2961.8
3715,157839,rowan.nguyen157839@bigcorp.test,Rowan,Nguyen,Phoenix,AZ,85008,US,33.170864,-111.900769,standard,5105.2
3716,157875,emerson.garcia157875@bigcorp.test,Emerson,Garcia,Columbus,OH,43203,US,39.911099,-82.975564,preferred,585.28
3717,157906,alex.lopez157906@bigcorp.test,Alex,Lopez,San Diego,CA,92105,US,32.652577,-117.39502,standard,1123.28
3718,157954,sam.wilson157954@bigcorp.test,Sam,Wilson,Dallas,TX,75206,US,32.563363,-97.184042,standard,3579.32
3719,158034,morgan.lee158034@bigcorp.test,Morgan,Lee,Dallas,TX,75206,US,32.642585,-97.010595,standard,4737.56
3720,158037,rowan.clark158037@bigcorp.test,Rowan,Clark,Dallas,TX,75206,US,33.047695,-96.805471,standard,4578.76
3721,158082,anne.lewis158082@bigcorp.test,Anne,Lewis,Dallas,TX,75206,US,32.56171,-96.575834,standard,2906.48
3722,158122,robin.jones158122@bigcorp.test,Robin,Jones,San Diego,CA,92105,US,33.005941,-117.181867,preferred,2746.76
3723,158135,david.lewis158135@bigcorp.test,David,Lewis,Indianapolis,IN,46202,US,39.969524,-86.052017,standard,4487.88
3724,158174,morgan.kim158174@bigcorp.test,Morgan,Kim,San Diego,CA,92105,US,32.947048,-116.978366,preferred,3896.84
3725,158291,jamie.smith158291@bigcorp.test,Jamie,Smith,San Diego,CA,92105,US,32.840267,-116.986324,preferred,2594.16
3726,158292,jamie.wilson158292@bigcorp.test,Jamie,Wilson,Austin,TX,78702,US,30.531442,-97.875831,standard,2604.24
3727,158450,robin.smith158450@bigcorp.test,Robin,Smith,Columbus,OH,43203,US,39.870563,-82.695986,standard,3920.72
3728,158452,cameron.lee158452@bigcorp.test,Cameron,Lee,Austin,TX,78702,US,30.444997,-97.604794,standard,1632.96
3729,158522,kendall.smith158522@bigcorp.test,Kendall,Smith,Dallas,TX,75206,US,33.080489,-96.58716,standard,5511.92
3730,158530,taylor.patel158530@bigcorp.test,Taylor,Patel,Dallas,TX,75206,US,32.644315,-96.849676,vip,3290.28
3731,158557,avery.wilson158557@bigcorp.test,Avery,Wilson,Dallas,TX,75206,US,32.978023,-96.598865,standard,1120.52
3732,158630,avery.singh158630@bigcorp.test,Avery,Singh,San Diego,CA,92105,US,32.67759,-117.349045,standard,4472.16
3733,158683,jamie.garcia158683@bigcorp.test,Jamie,Garcia,Dallas,TX,75206,US,32.810516,-97.175717,preferred,3886.6
3734,158696,kendall.kim158696@bigcorp.test,Kendall,Kim,Dallas,TX,75206,US,33.066949,-97.036932,standard,5142.56
3735,158699,jamie.young158699@bigcorp.test,Jamie,Young,Dallas,TX,75206,US,32.658448,-97.131212,standard,1929.2
3736,158749,david.brown158749@bigcorp.test,David,Brown,Dallas,TX,75206,US,32.404641,-97.057399,standard,2725.2
3737,158779,emerson.nguyen158779@bigcorp.test,Emerson,Nguyen,San Jose,CA,95110,US,37.064447,-121.986833,vip,1875.16
3738,158830,morgan.smith158830@bigcorp.test,Morgan,Smith,Columbus,OH,43203,US,40.028515,-83.151407,standard,5095.36
3739,158846,reese.smith158846@bigcorp.test,Reese,Smith,Phoenix,AZ,85018,US,33.841469,-112.308883,vip,3810.8
3740,158860,anne.hall158860@bigcorp.test,Anne,Hall,Columbus,OH,43203,US,40.032427,-82.471227,standard,1674.64
3741,158873,robin.garcia158873@bigcorp.test,Robin,Garcia,San Diego,CA,92105,US,32.788172,-117.292026,standard,3846.76
3742,158909,reese.lopez158909@bigcorp.test,Reese,Lopez,Austin,TX,78702,US,30.431382,-97.503301,standard,3123.04
3743,158947,sam.allen158947@bigcorp.test,Sam,Allen,Indianapolis,IN,46202,US,39.505425,-86.229678,standard,612.24
3744,159047,dana.patel159047@bigcorp.test,Dana,Patel,Dallas,TX,75206,US,32.866282,-96.731584,preferred,4753.72
3745,159070,rowan.brown159070@bigcorp.test,Rowan,Brown,San Diego,CA,92105,US,32.616005,-117.400344,standard,4614.04
3746,159134,hayden.chen159134@bigcorp.test,Hayden,Chen,Dallas,TX,75206,US,33.02515,-97.152851,standard,5606.16
3747,159183,emerson.lee159183@bigcorp.test,Emerson,Lee,San Diego,CA,92105,US,32.443936,-116.924491,standard,2032.04
3748,159187,jordan.allen159187@bigcorp.test,Jordan,Allen,Philadelphia,PA,19104,US,39.721208,-75.3366,preferred,3433.76
3749,159203,jordan.kim159203@bigcorp.test,Jordan,Kim,Dallas,TX,75206,US,32.763742,-96.744147,preferred,2768.88
3750,159317,alex.hall159317@bigcorp.test,Alex,Hall,Phoenix,AZ,85018,US,33.848651,-111.861616,standard,3910.44
3751,159319,emerson.kim159319@bigcorp.test,Emerson,Kim,Dallas,TX,75206,US,33.085341,-96.871689,standard,2092.44
3752,159331,jamie.clark159331@bigcorp.test,Jamie,Clark,Dallas,TX,75206,US,32.662817,-96.841652,standard,1246.2
3753,159355,reese.kim159355@bigcorp.test,Reese,Kim,Dallas,TX,75206,US,32.950334,-97.128327,standard,1782.2
3754,159386,blake.chen159386@bigcorp.test,Blake,Chen,Dallas,TX,75206,US,32.744694,-97.184579,preferred,4206.48
3755,159392,riley.martin159392@bigcorp.test,Riley,Martin,Dallas,TX,75206,US,32.518583,-96.687185,standard,1977.56
3756,159415,kendall.nguyen159415@bigcorp.test,Kendall,Nguyen,San Diego,CA,92105,US,32.739173,-116.869145,standard,3347.76
3757,159424,taylor.lee159424@bigcorp.test,Taylor,Lee,Dallas,TX,75206,US,32.997082,-96.716592,standard,1473.6
3758,159444,sam.king159444@bigcorp.test,Sam,King,San Diego,CA,92105,US,32.420748,-117.066793,standard,4125.76
3759,159480,robin.smith159480@bigcorp.test,Robin,Smith,Phoenix,AZ,85018,US,33.737776,-111.980228,standard,1222.72
3760,159544,blake.lopez159544@bigcorp.test,Blake,Lopez,Dallas,TX,75206,US,32.446932,-96.895045,standard,4067.72
3761,159552,blake.walker159552@bigcorp.test,Blake,Walker,Dallas,TX,75206,US,32.702126,-96.975023,preferred,1890.72
3762,159561,kendall.garcia159561@bigcorp.test,Kendall,Garcia,Dallas,TX,75206,US,32.94175,-97.01432,standard,2594.72
3763,159600,reese.jones159600@bigcorp.test,Reese,Jones,Dallas,TX,75206,US,32.723924,-96.526415,standard,3128.48
3764,159625,kendall.lopez159625@bigcorp.test,Kendall,Lopez,San Diego,CA,92105,US,32.433365,-117.525028,standard,1971.92
3765,159632,morgan.smith159632@bigcorp.test,Morgan,Smith,Austin,TX,78702,US,30.122573,-97.513164,standard,4237.84
3766,159724,david.jones159724@bigcorp.test,David,Jones,Columbus,OH,43203,US,40.182962,-82.731341,vip,3071.64
3767,159741,sam.brown159741@bigcorp.test,Sam,Brown,San Diego,CA,92105,US,32.903833,-117.083429,standard,2681.44
3768,159750,jamie.martin159750@bigcorp.test,Jamie,Martin,San Diego,CA,92105,US,32.646492,-117.10403,standard,2310.28
3769,159752,jordan.chen159752@bigcorp.test,Jordan,Chen,Dallas,TX,75206,US,32.736217,-96.65856,standard,2185.24
3770,159764,kendall.brown159764@bigcorp.test,Kendall,Brown,Dallas,TX,75206,US,32.536021,-96.994826,preferred,2332.84
3771,159828,rowan.patel159828@bigcorp.test,Rowan,Patel,Dallas,TX,75206,US,32.77936,-96.80281,standard,5561.92
3772,159881,casey.jones159881@bigcorp.test,Casey,Jones,San Diego,CA,92105,US,32.491883,-116.911197,standard,2535.64
3773,159920,cameron.lewis159920@bigcorp.test,Cameron,Lewis,Dallas,TX,75206,US,32.584365,-96.986321,preferred,2069.8
3774,159937,parker.clark159937@bigcorp.test,Parker,Clark,Austin,TX,78702,US,30.520966,-97.720584,standard,2414.2
3775,159944,blake.kim159944@bigcorp.test,Blake,Kim,Los Angeles,CA,90012,US,33.760454,-118.59722,preferred,3170.84
3776,159987,casey.lewis159987@bigcorp.test,Casey,Lewis,Dallas,TX,75206,US,32.703493,-97.021872,standard,4172.32
3777,160080,morgan.singh160080@bigcorp.test,Morgan,Singh,San Diego,CA,92105,US,32.895756,-117.064223,preferred,3006.28
3778,160245,emerson.kim160245@bigcorp.test,Emerson,Kim,Dallas,TX,75206,US,32.741085,-96.903053,standard,4366.52
3779,160269,alex.garcia160269@bigcorp.test,Alex,Garcia,Dallas,TX,75206,US,33.005876,-96.559116,standard,4990.16
3780,160307,kendall.brown160307@bigcorp.test,Kendall,Brown,Dallas,TX,75206,US,32.600814,-96.595956,standard,2747.4
3781,160330,rowan.allen160330@bigcorp.test,Rowan,Allen,Dallas,TX,75206,US,32.509374,-97.045602,standard,2046.68
3782,160346,morgan.smith160346@bigcorp.test,Morgan,Smith,Dallas,TX,75206,US,32.454699,-97.073389,standard,4005.96
3783,160360,riley.walker160360@bigcorp.test,Riley,Walker,Columbus,OH,43203,US,40.090383,-82.736803,preferred,4131.92
3784,160543,jamie.smith160543@bigcorp.test,Jamie,Smith,Dallas,TX,75206,US,32.655675,-96.681296,standard,2014.52
3785,160545,jordan.king160545@bigcorp.test,Jordan,King,Fort Worth,TX,76107,US,33.032223,-97.663807,standard,4705.84
3786,160552,david.lopez160552@bigcorp.test,David,Lopez,Dallas,TX,75206,US,32.731033,-96.593224,standard,2533.04
3787,160662,robin.clark160662@bigcorp.test,Robin,Clark,Dallas,TX,75206,US,32.89137,-96.590842,standard,5235.84
3788,160665,anne.brown160665@bigcorp.test,Anne,Brown,Dallas,TX,75206,US,33.029999,-96.786313,standard,6159.68
3789,160691,jamie.hall160691@bigcorp.test,Jamie,Hall,Dallas,TX,75206,US,32.920503,-96.51708,standard,3488.24
3790,160743,hayden.young160743@bigcorp.test,Hayden,Young,Columbus,OH,43203,US,40.324311,-82.536374,preferred,4014.64
3791,160763,hayden.chen160763@bigcorp.test,Hayden,Chen,Dallas,TX,75206,US,32.894929,-96.721011,standard,4481.88
3792,160786,adam.allen160786@bigcorp.test,Adam,Allen,Dallas,TX,75206,US,32.529453,-96.508892,standard,2422.52
3793,160883,cameron.nguyen160883@bigcorp.test,Cameron,Nguyen,Dallas,TX,75206,US,32.827193,-96.610796,standard,2260.64
3794,160920,jordan.jones160920@bigcorp.test,Jordan,Jones,Dallas,TX,75206,US,33.019797,-96.741577,standard,1650.48
3795,160927,reese.nguyen160927@bigcorp.test,Reese,Nguyen,Dallas,TX,75206,US,32.506884,-96.549299,standard,5691.28
3796,160928,parker.walker160928@bigcorp.test,Parker,Walker,Dallas,TX,75206,US,32.632062,-96.906448,standard,5331.2
3797,160948,jamie.king160948@bigcorp.test,Jamie,King,Dallas,TX,75206,US,32.736352,-96.870017,standard,1896.2
3798,160957,sam.smith160957@bigcorp.test,Sam,Smith,Dallas,TX,75206,US,32.697403,-97.16747,standard,4124.84
3799,160958,jamie.lopez160958@bigcorp.test,Jamie,Lopez,Dallas,TX,75206,US,32.909711,-96.827058,standard,2672.68
3800,160992,hayden.allen160992@bigcorp.test,Hayden,Allen,Dallas,TX,75206,US,32.468584,-96.817783,standard,4008.32
3801,161017,david.king161017@bigcorp.test,David,King,San Jose,CA,95110,US,37.656113,-121.95433,preferred,5327.36
3802,161045,parker.martin161045@bigcorp.test,Parker,Martin,Dallas,TX,75206,US,32.553099,-96.646289,standard,4187.12
3803,161060,dana.martin161060@bigcorp.test,Dana,Martin,Austin,TX,78702,US,30.050903,-97.739029,standard,2568.0
3804,161069,morgan.smith161069@bigcorp.test,Morgan,Smith,Dallas,TX,75206,US,32.514444,-97.07279,standard,2544.48
3805,161071,cameron.smith161071@bigcorp.test,Cameron,Smith,San Diego,CA,92105,US,32.742909,-117.337827,standard,901.88
3806,161099,adam.chen161099@bigcorp.test,Adam,Chen,Dallas,TX,75206,US,32.640935,-96.924477,preferred,1112.64
3807,161110,anne.brown161110@bigcorp.test,Anne,Brown,Columbus,OH,43203,US,40.148274,-82.656795,standard,2307.48
3808,161120,sam.smith161120@bigcorp.test,Sam,Smith,Dallas,TX,75206,US,32.681084,-96.908764,standard,1337.4
3809,161141,david.allen161141@bigcorp.test,David,Allen,San Diego,CA,92105,US,33.046187,-117.298062,standard,4203.48
3810,161155,riley.martin161155@bigcorp.test,Riley,Martin,Indianapolis,IN,46202,US,39.863971,-86.010828,standard,5228.32
3811,161161,alex.walker161161@bigcorp.test,Alex,Walker,Austin,TX,78702,US,29.901771,-98.123483,standard,1928.2
3812,161335,casey.young161335@bigcorp.test,Casey,Young,Dallas,TX,75206,US,32.942777,-96.690755,standard,2353.52
3813,161381,quinn.patel161381@bigcorp.test,Quinn,Patel,Dallas,TX,75206,US,32.934832,-96.569663,standard,3102.08
3814,161400,jamie.singh161400@bigcorp.test,Jamie,Singh,Dallas,TX,75206,US,32.869262,-96.619763,standard,6738.04
3815,161420,jordan.nguyen161420@bigcorp.test,Jordan,Nguyen,Dallas,TX,75206,US,33.093678,-97.168587,standard,6140.24
3816,161424,rowan.martin161424@bigcorp.test,Rowan,Martin,Philadelphia,PA,19102,US,39.850302,-75.233331,standard,3062.04
3817,161504,parker.nguyen161504@bigcorp.test,Parker,Nguyen,Dallas,TX,75206,US,32.96636,-96.723806,standard,2863.24
3818,161608,avery.hall161608@bigcorp.test,Avery,Hall,Indianapolis,IN,46202,US,39.762719,-86.067435,preferred,4592.8
3819,161674,robin.lee161674@bigcorp.test,Robin,Lee,San Diego,CA,92105,US,33.053654,-117.152027,standard,3001.64
3820,161885,casey.smith161885@bigcorp.test,Casey,Smith,Dallas,TX,75206,US,32.57585,-96.839676,preferred,1212.8
3821,161892,riley.patel161892@bigcorp.test,Riley,Patel,Dallas,TX,75206,US,32.971425,-96.603317,standard,4477.72
3822,161957,parker.lopez161957@bigcorp.test,Parker,Lopez,Dallas,TX,75206,US,32.513449,-96.941375,preferred,714.8
3823,162009,quinn.lewis162009@bigcorp.test,Quinn,Lewis,Dallas,TX,75206,US,32.857316,-97.032769,standard,1937.36
3824,162036,jordan.kim162036@bigcorp.test,Jordan,Kim,Dallas,TX,75206,US,32.712926,-96.567679,preferred,4007.52
3825,162074,quinn.garcia162074@bigcorp.test,Quinn,Garcia,Dallas,TX,75206,US,32.527604,-97.201231,standard,1445.92
3826,162118,emerson.allen162118@bigcorp.test,Emerson,Allen,Dallas,TX,75206,US,33.084569,-96.894612,preferred,1849.76
3827,162137,emerson.hall162137@bigcorp.test,Emerson,Hall,Austin,TX,78702,US,30.107091,-97.815351,vip,2544.64
3828,162201,alex.clark162201@bigcorp.test,Alex,Clark,Dallas,TX,75206,US,33.021516,-96.53523,standard,3368.24
3829,162260,casey.garcia162260@bigcorp.test,Casey,Garcia,San Diego,CA,92105,US,32.906382,-116.90893,standard,3378.0
3830,162283,taylor.smith162283@bigcorp.test,Taylor,Smith,Dallas,TX,75206,US,32.944229,-96.53135,standard,5057.56
3831,162323,casey.brown162323@bigcorp.test,Casey,Brown,Dallas,TX,75206,US,32.883195,-97.066126,standard,1391.36
3832,162351,jordan.patel162351@bigcorp.test,Jordan,Patel,San Diego,CA,92105,US,32.494497,-117.084529,preferred,3955.6
3833,162369,emerson.walker162369@bigcorp.test,Emerson,Walker,Dallas,TX,75206,US,32.715945,-96.853646,standard,2332.28
3834,162401,jamie.clark162401@bigcorp.test,Jamie,Clark,Austin,TX,78702,US,30.476098,-97.508328,standard,4039.96
3835,162444,cameron.smith162444@bigcorp.test,Cameron,Smith,Columbus,OH,43203,US,39.851895,-82.818334,standard,2030.76
3836,162464,parker.lee162464@bigcorp.test,Parker,Lee,Dallas,TX,75206,US,33.021187,-97.025029,standard,4932.92
3837,162515,morgan.garcia162515@bigcorp.test,Morgan,Garcia,Dallas,TX,75206,US,32.434287,-96.693127,standard,1622.24
3838,162526,rowan.smith162526@bigcorp.test,Rowan,Smith,Dallas,TX,75206,US,32.931896,-97.024398,standard,2079.32
3839,162530,emerson.wilson162530@bigcorp.test,Emerson,Wilson,Dallas,TX,75206,US,32.702798,-96.789585,standard,3061.48
3840,162539,quinn.smith162539@bigcorp.test,Quinn,Smith,San Diego,CA,92105,US,33.044652,-117.091153,vip,4526.36
3841,162654,emerson.nguyen162654@bigcorp.test,Emerson,Nguyen,San Diego,CA,92105,US,32.833209,-117.398899,standard,400.0
3842,162755,sam.lee162755@bigcorp.test,Sam,Lee,Dallas,TX,75206,US,32.852835,-96.851314,standard,5538.68
3843,162780,anne.kim162780@bigcorp.test,Anne,Kim,Columbus,OH,43203,US,39.767266,-83.086419,standard,2543.08
3844,162807,avery.allen162807@bigcorp.test,Avery,Allen,Dallas,TX,75206,US,33.017333,-96.526828,standard,5529.92
3845,162835,dana.chen162835@bigcorp.test,Dana,Chen,Dallas,TX,75206,US,33.050431,-96.733549,standard,1991.6
3846,162889,jordan.patel162889@bigcorp.test,Jordan,Patel,Dallas,TX,75206,US,32.746369,-96.700306,standard,400.0
3847,163013,parker.kim163013@bigcorp.test,Parker,Kim,San Diego,CA,92105,US,32.522668,-117.321238,standard,1713.76
3848,163048,anne.smith163048@bigcorp.test,Anne,Smith,San Diego,CA,92105,US,32.579154,-117.060438,preferred,3710.68
3849,163054,rowan.allen163054@bigcorp.test,Rowan,Allen,Dallas,TX,75206,US,32.906071,-96.980486,standard,6237.56
3850,163079,parker.chen163079@bigcorp.test,Parker,Chen,San Diego,CA,92105,US,32.538824,-117.021258,preferred,3219.0
3851,163096,alex.brown163096@bigcorp.test,Alex,Brown,Columbus,OH,43203,US,39.71842,-82.996195,standard,1593.52
3852,163116,jamie.wilson163116@bigcorp.test,Jamie,Wilson,San Diego,CA,92105,US,32.659841,-116.832717,standard,6077.88
3853,163205,parker.hall163205@bigcorp.test,Parker,Hall,Columbus,OH,43203,US,40.11777,-82.504865,standard,3926.96
3854,163237,alex.lopez163237@bigcorp.test,Alex,Lopez,San Jose,CA,95110,US,37.663554,-121.994803,standard,2075.6
3855,163243,jordan.allen163243@bigcorp.test,Jordan,Allen,Dallas,TX,75206,US,32.642668,-97.026117,vip,4549.56
3856,163255,dana.nguyen163255@bigcorp.test,Dana,Nguyen,Dallas,TX,75206,US,32.926029,-96.568629,preferred,2864.56
3857,163269,robin.patel163269@bigcorp.test,Robin,Patel,San Diego,CA,92105,US,32.811042,-117.227101,preferred,3631.96
3858,163283,cameron.lee163283@bigcorp.test,Cameron,Lee,Dallas,TX,75206,US,32.846273,-96.870938,standard,3109.92
3859,163292,alex.king163292@bigcorp.test,Alex,King,Columbus,OH,43203,US,40.174895,-82.72291,standard,1337.88
3860,163332,alex.brown163332@bigcorp.test,Alex,Brown,Dallas,TX,75206,US,32.866315,-97.018392,standard,3611.32
3861,163408,david.lewis163408@bigcorp.test,David,Lewis,San Diego,CA,92105,US,33.034818,-116.882615,standard,5829.8
3862,163436,quinn.patel163436@bigcorp.test,Quinn,Patel,Dallas,TX,75206,US,32.494495,-97.005883,standard,6163.68
3863,163444,reese.wilson163444@bigcorp.test,Reese,Wilson,Dallas,TX,75206,US,32.431773,-96.656774,standard,3219.64
3864,163678,rowan.lee163678@bigcorp.test,Rowan,Lee,San Diego,CA,92105,US,32.600117,-117.046273,standard,400.0
3865,163711,rowan.smith163711@bigcorp.test,Rowan,Smith,Indianapolis,IN,46202,US,40.148757,-85.704525,standard,1022.08
3866,163779,dana.hall163779@bigcorp.test,Dana,Hall,Dallas,TX,75206,US,32.838648,-96.990423,standard,4697.24
3867,163781,dana.lee163781@bigcorp.test,Dana,Lee,Dallas,TX,75206,US,32.920638,-96.894757,standard,4228.72
3868,163840,cameron.young163840@bigcorp.test,Cameron,Young,Dallas,TX,75206,US,32.721123,-96.555224,preferred,3171.76
3869,163957,emerson.walker163957@bigcorp.test,Emerson,Walker,San Diego,CA,92105,US,32.765206,-117.459668,standard,5286.2
3870,163961,cameron.brown163961@bigcorp.test,Cameron,Brown,Dallas,TX,75206,US,32.590238,-96.535386,standard,4758.44
3871,163978,anne.wilson163978@bigcorp.test,Anne,Wilson,Dallas,TX,75206,US,32.772381,-97.018997,standard,4646.76
3872,164066,sam.smith164066@bigcorp.test,Sam,Smith,Dallas,TX,75206,US,32.720165,-96.540424,standard,3209.76
3873,164067,sam.garcia164067@bigcorp.test,Sam,Garcia,Dallas,TX,75206,US,32.499071,-96.837271,vip,4054.36
3874,164104,anne.hall164104@bigcorp.test,Anne,Hall,Dallas,TX,75206,US,32.934283,-96.519863,standard,8110.16
3875,164134,sam.lee164134@bigcorp.test,Sam,Lee,San Diego,CA,92105,US,32.85091,-117.461715,standard,4444.96
3876,164151,hayden.patel164151@bigcorp.test,Hayden,Patel,Columbus,OH,43203,US,40.116656,-83.021153,standard,2966.24
3877,164186,adam.smith164186@bigcorp.test,Adam,Smith,Dallas,TX,75206,US,32.545725,-96.524793,standard,4107.48
3878,164201,parker.hall164201@bigcorp.test,Parker,Hall,Austin,TX,78702,US,29.964531,-98.05983,standard,3339.44
3879,164216,blake.lee164216@bigcorp.test,Blake,Lee,Dallas,TX,75206,US,32.433394,-96.584863,standard,860.76
3880,164270,avery.young164270@bigcorp.test,Avery,Young,Columbus,OH,43203,US,40.08037,-82.974111,standard,4044.16
3881,164389,robin.brown164389@bigcorp.test,Robin,Brown,Dallas,TX,75206,US,32.71443,-97.165077,standard,1607.08
3882,164431,taylor.lopez164431@bigcorp.test,Taylor,Lopez,Austin,TX,78702,US,30.229057,-98.197433,standard,4468.12
3883,164486,hayden.nguyen164486@bigcorp.test,Hayden,Nguyen,Dallas,TX,75206,US,33.037376,-97.07752,standard,5255.76
3884,164511,casey.clark164511@bigcorp.test,Casey,Clark,Dallas,TX,75206,US,33.069109,-96.906182,standard,5519.32
3885,164533,emerson.kim164533@bigcorp.test,Emerson,Kim,Indianapolis,IN,46202,US,40.171465,-85.796514,vip,3210.4
3886,164538,morgan.lee164538@bigcorp.test,Morgan,Lee,Columbus,OH,43203,US,40.306776,-82.604879,standard,2451.0
3887,164635,casey.lee164635@bigcorp.test,Casey,Lee,Dallas,TX,75206,US,32.604833,-96.793833,standard,2379.8
3888,164637,taylor.kim164637@bigcorp.test,Taylor,Kim,San Diego,CA,92105,US,32.619245,-117.09109,standard,4171.72
3889,164684,morgan.kim164684@bigcorp.test,Morgan,Kim,Columbus,OH,43203,US,40.278447,-82.928039,standard,2788.8
3890,164729,cameron.lopez164729@bigcorp.test,Cameron,Lopez,Dallas,TX,75206,US,32.970156,-96.84195,preferred,3687.0
3891,164731,quinn.allen164731@bigcorp.test,Quinn,Allen,Dallas,TX,75206,US,33.092842,-96.574063,vip,1372.0
3892,164740,jamie.wilson164740@bigcorp.test,Jamie,Wilson,Dallas,TX,75206,US,32.577061,-96.956856,standard,4438.44
3893,164805,blake.chen164805@bigcorp.test,Blake,Chen,Dallas,TX,75206,US,32.620183,-97.016012,standard,1499.88
3894,164834,morgan.lee164834@bigcorp.test,Morgan,Lee,Dallas,TX,75206,US,33.034389,-96.646073,standard,4377.68
3895,164902,riley.allen164902@bigcorp.test,Riley,Allen,Austin,TX,78704,US,30.362856,-98.024622,preferred,4392.52
3896,164936,sam.chen164936@bigcorp.test,Sam,Chen,Philadelphia,PA,19104,US,39.77025,-75.264237,standard,2443.16
3897,164978,robin.martin164978@bigcorp.test,Robin,Martin,Dallas,TX,75206,US,33.019595,-96.880813,standard,4555.92
3898,165149,jordan.wilson165149@bigcorp.test,Jordan,Wilson,Dallas,TX,75206,US,32.625397,-96.936539,preferred,2262.64
3899,165191,alex.kim165191@bigcorp.test,Alex,Kim,Dallas,TX,75206,US,33.065317,-96.897635,standard,3783.08
3900,165207,robin.nguyen165207@bigcorp.test,Robin,Nguyen,Dallas,TX,75206,US,32.475448,-96.559446,standard,663.16
3901,165232,morgan.singh165232@bigcorp.test,Morgan,Singh,Dallas,TX,75206,US,32.585353,-97.032176,standard,3877.96
3902,165362,morgan.smith165362@bigcorp.test,Morgan,Smith,San Diego,CA,92105,US,32.524915,-116.901023,preferred,3180.0
3903,165375,cameron.lewis165375@bigcorp.test,Cameron,Lewis,Dallas,TX,75206,US,32.602612,-97.176421,vip,3708.2
3904,165385,cameron.jones165385@bigcorp.test,Cameron,Jones,Dallas,TX,75206,US,32.963657,-97.164904,standard,5483.12
3905,165454,reese.martin165454@bigcorp.test,Reese,Martin,Columbus,OH,43203,US,40.307991,-82.773518,standard,2452.68
3906,165460,david.walker165460@bigcorp.test,David,Walker,San Diego,CA,92105,US,33.086689,-117.007789,standard,2314.08
3907,165466,dana.singh165466@bigcorp.test,Dana,Singh,Dallas,TX,75206,US,32.870728,-96.706147,preferred,4396.8
3908,165477,david.patel165477@bigcorp.test,David,Patel,Dallas,TX,75206,US,32.960566,-96.822527,standard,522.84
3909,165502,david.young165502@bigcorp.test,David,Young,Dallas,TX,75206,US,32.524403,-96.521473,standard,1267.48
3910,165516,riley.patel165516@bigcorp.test,Riley,Patel,Dallas,TX,75206,US,32.540013,-97.139788,preferred,5075.68
3911,165529,taylor.smith165529@bigcorp.test,Taylor,Smith,Dallas,TX,75206,US,32.426442,-96.79792,standard,5845.24
3912,165530,robin.clark165530@bigcorp.test,Robin,Clark,Dallas,TX,75206,US,32.730478,-96.637638,preferred,2492.8
3913,165575,hayden.patel165575@bigcorp.test,Hayden,Patel,Dallas,TX,75206,US,32.725365,-97.195906,standard,6875.6
3914,165587,taylor.clark165587@bigcorp.test,Taylor,Clark,Dallas,TX,75206,US,32.511844,-96.97984,standard,2128.12
3915,165638,david.smith165638@bigcorp.test,David,Smith,Austin,TX,78702,US,30.549209,-97.880065,standard,2954.44
3916,165734,dana.king165734@bigcorp.test,Dana,King,Dallas,TX,75206,US,32.54273,-96.817935,standard,4050.04
3917,165737,avery.martin165737@bigcorp.test,Avery,Martin,Dallas,TX,75206,US,32.603979,-96.720826,vip,3497.6
3918,165741,reese.nguyen165741@bigcorp.test,Reese,Nguyen,Dallas,TX,75206,US,32.55553,-96.604832,standard,2556.12
3919,165760,alex.young165760@bigcorp.test,Alex,Young,San Diego,CA,92105,US,32.987697,-117.154836,standard,4170.88
3920,165775,anne.hall165775@bigcorp.test,Anne,Hall,Dallas,TX,75206,US,32.611729,-96.959809,standard,2722.04
3921,165786,hayden.walker165786@bigcorp.test,Hayden,Walker,Dallas,TX,75206,US,32.570761,-96.718702,standard,3629.28
3922,165849,riley.singh165849@bigcorp.test,Riley,Singh,Columbus,OH,43203,US,40.076606,-83.039039,preferred,4235.56
3923,165860,alex.singh165860@bigcorp.test,Alex,Singh,Indianapolis,IN,46202,US,39.52886,-86.097837,standard,6222.28
3924,165863,jordan.lee165863@bigcorp.test,Jordan,Lee,Austin,TX,78702,US,30.3658,-97.680219,preferred,2674.8
3925,166054,reese.clark166054@bigcorp.test,Reese,Clark,Dallas,TX,75206,US,32.578615,-96.610477,standard,4646.88
3926,166071,morgan.garcia166071@bigcorp.test,Morgan,Garcia,San Diego,CA,92105,US,32.850503,-117.167867,standard,2604.64
3927,166083,blake.clark166083@bigcorp.test,Blake,Clark,San Diego,CA,92105,US,32.864118,-117.334418,preferred,3648.64
3928,166090,casey.nguyen166090@bigcorp.test,Casey,Nguyen,Dallas,TX,75206,US,32.622344,-96.747915,standard,433.8
3929,166099,avery.wilson166099@bigcorp.test,Avery,Wilson,Dallas,TX,75206,US,32.463823,-96.920448,vip,2592.68
3930,166117,david.singh166117@bigcorp.test,David,Singh,Dallas,TX,75206,US,32.920049,-96.633829,preferred,2072.44
3931,166127,jordan.chen166127@bigcorp.test,Jordan,Chen,Austin,TX,78702,US,30.369655,-97.956045,preferred,3489.92
3932,166148,hayden.nguyen166148@bigcorp.test,Hayden,Nguyen,Dallas,TX,75206,US,32.41311,-97.066355,standard,4206.6
3933,166150,david.smith166150@bigcorp.test,David,Smith,Columbus,OH,43203,US,40.209183,-82.81989,standard,9053.76
3934,166192,david.singh166192@bigcorp.test,David,Singh,Dallas,TX,75206,US,32.895068,-96.839553,standard,4557.08
3935,166213,alex.walker166213@bigcorp.test,Alex,Walker,San Diego,CA,92105,US,32.904459,-117.134627,standard,2043.64
3936,166248,anne.chen166248@bigcorp.test,Anne,Chen,Dallas,TX,75206,US,32.41542,-96.655725,standard,1399.48
3937,166275,parker.chen166275@bigcorp.test,Parker,Chen,Dallas,TX,75206,US,32.907716,-96.895123,preferred,4532.76
3938,166295,reese.nguyen166295@bigcorp.test,Reese,Nguyen,Dallas,TX,75206,US,32.690912,-97.158281,standard,2244.48
3939,166372,sam.walker166372@bigcorp.test,Sam,Walker,Dallas,TX,75206,US,32.881848,-96.572798,standard,2279.4
3940,166396,adam.smith166396@bigcorp.test,Adam,Smith,Phoenix,AZ,85018,US,33.509875,-111.77014,standard,4167.8
3941,166436,rowan.chen166436@bigcorp.test,Rowan,Chen,Dallas,TX,75206,US,32.900705,-97.145772,standard,3959.44
3942,166446,reese.kim166446@bigcorp.test,Reese,Kim,San Diego,CA,92105,US,32.813725,-117.048032,standard,1785.6
3943,166464,quinn.clark166464@bigcorp.test,Quinn,Clark,San Diego,CA,92105,US,32.975624,-117.467412,standard,1797.4
3944,166470,alex.lee166470@bigcorp.test,Alex,Lee,Dallas,TX,75206,US,32.816365,-97.006318,standard,3726.04
3945,166514,dana.walker166514@bigcorp.test,Dana,Walker,Dallas,TX,75206,US,32.805303,-96.717801,preferred,2186.56
3946,166520,taylor.allen166520@bigcorp.test,Taylor,Allen,Phoenix,AZ,85018,US,33.760847,-112.036183,standard,1281.88
3947,166633,avery.chen166633@bigcorp.test,Avery,Chen,Columbus,OH,43203,US,39.65904,-82.479256,standard,4028.48
3948,166876,adam.brown166876@bigcorp.test,Adam,Brown,Dallas,TX,75206,US,32.721162,-96.995333,standard,3016.56
3949,166891,morgan.walker166891@bigcorp.test,Morgan,Walker,Columbus,OH,43203,US,39.856454,-83.070631,preferred,3063.76
3950,166896,reese.lewis166896@bigcorp.test,Reese,Lewis,San Diego,CA,92105,US,32.851815,-117.387462,standard,7241.32
3951,166964,cameron.brown166964@bigcorp.test,Cameron,Brown,Austin,TX,78702,US,29.953538,-97.837822,standard,2407.32
3952,167001,kendall.chen167001@bigcorp.test,Kendall,Chen,Dallas,TX,75206,US,32.638573,-96.891956,standard,1123.0
3953,167079,jordan.lopez167079@bigcorp.test,Jordan,Lopez,San Diego,CA,92105,US,32.784498,-117.333919,standard,1092.64
3954,167110,riley.chen167110@bigcorp.test,Riley,Chen,Austin,TX,78702,US,30.114043,-97.956075,standard,3083.04
3955,167123,quinn.smith167123@bigcorp.test,Quinn,Smith,Dallas,TX,75206,US,32.720081,-96.876129,standard,5909.6
3956,167137,jordan.garcia167137@bigcorp.test,Jordan,Garcia,Phoenix,AZ,85018,US,33.673666,-112.035828,standard,2584.12
3957,167245,adam.singh167245@bigcorp.test,Adam,Singh,Dallas,TX,75206,US,32.660995,-96.718953,standard,2744.04
3958,167299,alex.allen167299@bigcorp.test,Alex,Allen,San Diego,CA,92105,US,32.867379,-117.03797,standard,1595.76
3959,167339,reese.clark167339@bigcorp.test,Reese,Clark,Dallas,TX,75206,US,32.686509,-96.72247,standard,1353.32
3960,167366,taylor.lewis167366@bigcorp.test,Taylor,Lewis,Indianapolis,IN,46202,US,39.552538,-86.216415,standard,4154.12
3961,167429,robin.martin167429@bigcorp.test,Robin,Martin,Dallas,TX,75206,US,32.692634,-97.055184,standard,1669.08
3962,167483,kendall.young167483@bigcorp.test,Kendall,Young,Dallas,TX,75206,US,32.992737,-96.543445,standard,4469.04
3963,167497,alex.walker167497@bigcorp.test,Alex,Walker,Columbus,OH,43203,US,40.003216,-82.896545,standard,3991.44
3964,167528,kendall.lopez167528@bigcorp.test,Kendall,Lopez,Dallas,TX,75206,US,32.758881,-96.859753,standard,1199.8
3965,167545,anne.garcia167545@bigcorp.test,Anne,Garcia,Indianapolis,IN,46202,US,39.956881,-85.756096,standard,2235.44
3966,167550,rowan.kim167550@bigcorp.test,Rowan,Kim,Dallas,TX,75206,US,32.973837,-96.555723,standard,3394.24
3967,167581,robin.allen167581@bigcorp.test,Robin,Allen,Dallas,TX,75206,US,32.637456,-96.610636,standard,6728.64
3968,167594,david.clark167594@bigcorp.test,David,Clark,Columbus,OH,43203,US,39.994767,-82.883478,standard,1703.6
3969,167635,cameron.smith167635@bigcorp.test,Cameron,Smith,Dallas,TX,75206,US,32.799743,-96.837354,standard,5016.12
3970,167692,rowan.king167692@bigcorp.test,Rowan,King,Dallas,TX,75206,US,32.522444,-96.783006,standard,1307.96
3971,167720,taylor.garcia167720@bigcorp.test,Taylor,Garcia,San Diego,CA,92105,US,33.095492,-117.254357,standard,4324.68
3972,167748,anne.jones167748@bigcorp.test,Anne,Jones,Dallas,TX,75206,US,32.77983,-96.562347,standard,2985.68
3973,167853,parker.young167853@bigcorp.test,Parker,Young,San Diego,CA,92105,US,32.594524,-117.204352,standard,4770.36
3974,167860,jamie.patel167860@bigcorp.test,Jamie,Patel,Dallas,TX,75206,US,32.91466,-96.642766,standard,2083.64
3975,167863,sam.lee167863@bigcorp.test,Sam,Lee,Dallas,TX,75206,US,32.579668,-96.892002,standard,882.16
3976,167866,casey.lopez167866@bigcorp.test,Casey,Lopez,Dallas,TX,75206,US,32.40144,-96.761509,standard,4988.76
3977,167920,reese.lee167920@bigcorp.test,Reese,Lee,Dallas,TX,75206,US,32.549567,-96.717578,standard,2747.64
3978,168006,kendall.garcia168006@bigcorp.test,Kendall,Garcia,Dallas,TX,75206,US,32.471843,-97.023504,standard,3377.24
3979,168069,alex.hall168069@bigcorp.test,Alex,Hall,Dallas,TX,75206,US,32.668657,-96.524986,standard,7371.36
3980,168193,morgan.nguyen168193@bigcorp.test,Morgan,Nguyen,Dallas,TX,75206,US,32.454305,-96.958389,standard,2426.16
3981,168220,quinn.garcia168220@bigcorp.test,Quinn,Garcia,Dallas,TX,75206,US,32.78448,-96.905241,preferred,3656.48
3982,168249,morgan.nguyen168249@bigcorp.test,Morgan,Nguyen,Dallas,TX,75206,US,32.550327,-96.581175,preferred,2057.28
3983,168260,jamie.wilson168260@bigcorp.test,Jamie,Wilson,Dallas,TX,75206,US,32.53837,-96.815806,standard,4229.8
3984,168300,dana.smith168300@bigcorp.test,Dana,Smith,Dallas,TX,75206,US,32.74439,-96.985323,standard,2367.8
3985,168305,quinn.brown168305@bigcorp.test,Quinn,Brown,San Diego,CA,92105,US,32.539044,-117.320353,standard,2275.8
3986,168307,jordan.hall168307@bigcorp.test,Jordan,Hall,Austin,TX,78702,US,30.286645,-97.719209,standard,2591.6
3987,168342,parker.singh168342@bigcorp.test,Parker,Singh,Dallas,TX,75206,US,32.551961,-97.008758,vip,1270.56
3988,168462,rowan.jones168462@bigcorp.test,Rowan,Jones,Dallas,TX,75206,US,33.087371,-96.811174,standard,6244.56
3989,168511,hayden.chen168511@bigcorp.test,Hayden,Chen,Los Angeles,CA,90012,US,34.184827,-118.004955,standard,1131.4
3990,168573,adam.jones168573@bigcorp.test,Adam,Jones,Columbus,OH,43203,US,39.65074,-83.158061,preferred,3283.44
3991,168875,taylor.jones168875@bigcorp.test,Taylor,Jones,Indianapolis,IN,46202,US,40.048837,-86.034347,preferred,5640.36
3992,168900,riley.patel168900@bigcorp.test,Riley,Patel,Austin,TX,78702,US,30.326168,-97.969168,standard,1606.84
3993,168901,parker.lee168901@bigcorp.test,Parker,Lee,Dallas,TX,75206,US,32.84697,-96.620784,standard,4674.36
3994,168907,jamie.lee168907@bigcorp.test,Jamie,Lee,San Diego,CA,92105,US,32.831712,-116.990677,standard,1539.56
3995,168910,avery.singh168910@bigcorp.test,Avery,Singh,Dallas,TX,75206,US,32.963937,-96.513538,standard,3446.04
3996,168973,robin.garcia168973@bigcorp.test,Robin,Garcia,Dallas,TX,75206,US,32.935675,-96.524406,standard,1249.56
3997,169000,reese.chen169000@bigcorp.test,Reese,Chen,Dallas,TX,75206,US,32.652548,-97.116265,standard,972.24
3998,169024,reese.nguyen169024@bigcorp.test,Reese,Nguyen,Dallas,TX,75206,US,32.436916,-96.888608,standard,684.2
3999,169027,sam.hall169027@bigcorp.test,Sam,Hall,San Diego,CA,92105,US,32.890926,-117.387103,preferred,2928.68
4000,169072,emerson.lewis169072@bigcorp.test,Emerson,Lewis,Columbus,OH,43203,US,39.778264,-82.855023,preferred,3516.52
4001,169098,jamie.nguyen169098@bigcorp.test,Jamie,Nguyen,Dallas,TX,75206,US,32.610131,-97.042319,standard,4761.2
4002,169172,cameron.nguyen169172@bigcorp.test,Cameron,Nguyen,Dallas,TX,75206,US,32.800438,-97.175716,standard,6137.84
4003,169310,adam.hall169310@bigcorp.test,Adam,Hall,Dallas,TX,75206,US,32.408372,-97.125503,standard,1358.2
4004,169371,jamie.garcia169371@bigcorp.test,Jamie,Garcia,Dallas,TX,75206,US,33.028244,-96.992693,standard,3490.44
4005,169432,david.kim169432@bigcorp.test,David,Kim,Houston,TX,77007,US,29.81588,-95.53762,standard,5906.08
4006,169497,dana.allen169497@bigcorp.test,Dana,Allen,Dallas,TX,75206,US,32.913303,-96.594604,standard,4103.44
4007,169499,alex.allen169499@bigcorp.test,Alex,Allen,Dallas,TX,75206,US,33.078883,-96.770342,standard,1244.72
4008,169552,jordan.lewis169552@bigcorp.test,Jordan,Lewis,Dallas,TX,75206,US,32.708593,-96.930239,standard,3687.64
4009,169604,reese.singh169604@bigcorp.test,Reese,Singh,Dallas,TX,75206,US,32.829346,-96.728013,standard,1486.84
4010,169647,casey.jones169647@bigcorp.test,Casey,Jones,Dallas,TX,75206,US,32.725425,-96.654465,standard,4696.6
4011,169662,alex.lewis169662@bigcorp.test,Alex,Lewis,Dallas,TX,75206,US,33.012185,-97.193075,standard,1859.56
4012,169687,avery.clark169687@bigcorp.test,Avery,Clark,Dallas,TX,75206,US,32.728746,-96.529251,standard,2222.64
4013,169712,hayden.jones169712@bigcorp.test,Hayden,Jones,Dallas,TX,75206,US,33.073073,-96.695558,standard,1665.96
4014,169735,casey.garcia169735@bigcorp.test,Casey,Garcia,Dallas,TX,75206,US,32.684269,-97.080519,standard,4347.12
4015,169794,reese.smith169794@bigcorp.test,Reese,Smith,Dallas,TX,75206,US,33.056232,-96.96228,vip,2713.88
4016,169821,david.martin169821@bigcorp.test,David,Martin,Dallas,TX,75206,US,32.636614,-96.907636,standard,3740.16
4017,169833,riley.smith169833@bigcorp.test,Riley,Smith,Dallas,TX,75206,US,32.591689,-97.20058,standard,775.92
4018,169913,quinn.smith169913@bigcorp.test,Quinn,Smith,Dallas,TX,75206,US,32.863976,-97.042629,preferred,3093.28
4019,169922,rowan.kim169922@bigcorp.test,Rowan,Kim,Columbus,OH,43203,US,39.692667,-82.902977,standard,1256.32
4020,169953,quinn.allen169953@bigcorp.test,Quinn,Allen,Austin,TX,78704,US,29.957673,-97.699679,standard,1913.64
4021,170046,riley.martin170046@bigcorp.test,Riley,Martin,Dallas,TX,75206,US,32.738656,-96.675156,preferred,1607.36
4022,170047,dana.lee170047@bigcorp.test,Dana,Lee,Dallas,TX,75206,US,32.837069,-97.01911,preferred,1009.88
4023,170118,kendall.patel170118@bigcorp.test,Kendall,Patel,Dallas,TX,75206,US,32.769161,-96.536077,standard,2181.52
4024,170269,cameron.allen170269@bigcorp.test,Cameron,Allen,Dallas,TX,75206,US,32.554951,-96.819313,standard,3725.48
4025,170278,cameron.patel170278@bigcorp.test,Cameron,Patel,Dallas,TX,75206,US,32.740752,-97.100528,preferred,8125.4
4026,170288,quinn.patel170288@bigcorp.test,Quinn,Patel,Dallas,TX,75206,US,32.899692,-97.005171,standard,1851.88
4027,170300,hayden.chen170300@bigcorp.test,Hayden,Chen,Dallas,TX,75206,US,32.451767,-96.994606,standard,3745.08
4028,170380,jamie.young170380@bigcorp.test,Jamie,Young,Austin,TX,78702,US,30.486788,-97.646767,standard,4854.92
4029,170539,taylor.smith170539@bigcorp.test,Taylor,Smith,Philadelphia,PA,19104,US,40.029317,-75.146006,standard,2176.4
4030,170541,robin.garcia170541@bigcorp.test,Robin,Garcia,Dallas,TX,75206,US,32.851915,-96.730374,standard,4244.12
4031,170574,cameron.singh170574@bigcorp.test,Cameron,Singh,San Diego,CA,92105,US,32.642538,-117.432692,standard,4502.08
4032,170724,quinn.lopez170724@bigcorp.test,Quinn,Lopez,Dallas,TX,75206,US,32.892383,-97.066216,standard,2765.88
4033,170796,robin.singh170796@bigcorp.test,Robin,Singh,Dallas,TX,75206,US,32.646038,-96.985254,preferred,3264.04
4034,170851,taylor.kim170851@bigcorp.test,Taylor,Kim,Austin,TX,78702,US,30.038044,-97.757017,standard,2833.84
4035,170888,sam.smith170888@bigcorp.test,Sam,Smith,Columbus,OH,43203,US,39.662386,-83.064729,standard,4555.28
4036,170908,jamie.walker170908@bigcorp.test,Jamie,Walker,Dallas,TX,75206,US,32.702442,-96.912213,standard,2694.56
4037,170995,casey.brown170995@bigcorp.test,Casey,Brown,Dallas,TX,75206,US,32.41833,-96.939736,standard,1028.08
4038,171008,cameron.singh171008@bigcorp.test,Cameron,Singh,Dallas,TX,75206,US,32.733343,-96.85391,standard,2428.92
4039,171027,emerson.patel171027@bigcorp.test,Emerson,Patel,San Diego,CA,92105,US,32.452952,-117.208573,standard,4455.92
4040,171034,taylor.chen171034@bigcorp.test,Taylor,Chen,Dallas,TX,75206,US,32.453429,-96.832942,standard,2621.56
4041,171087,taylor.clark171087@bigcorp.test,Taylor,Clark,Dallas,TX,75206,US,32.902214,-96.658586,preferred,4254.72
4042,171203,emerson.singh171203@bigcorp.test,Emerson,Singh,Dallas,TX,75206,US,32.941394,-96.772704,standard,2743.68
4043,171205,quinn.young171205@bigcorp.test,Quinn,Young,Dallas,TX,75206,US,32.822709,-96.668115,standard,3220.32
4044,171314,robin.singh171314@bigcorp.test,Robin,Singh,Dallas,TX,75206,US,32.808562,-96.723983,standard,1591.84
4045,171333,kendall.garcia171333@bigcorp.test,Kendall,Garcia,Dallas,TX,75206,US,32.503144,-97.150677,standard,580.84
4046,171534,kendall.singh171534@bigcorp.test,Kendall,Singh,San Jose,CA,95110,US,37.476021,-121.702818,standard,1740.24
4047,171542,dana.garcia171542@bigcorp.test,Dana,Garcia,Columbus,OH,43203,US,40.25352,-83.129288,standard,3705.28
4048,171548,sam.wilson171548@bigcorp.test,Sam,Wilson,Phoenix,AZ,85018,US,33.776031,-112.103707,standard,1720.76
4049,171564,casey.walker171564@bigcorp.test,Casey,Walker,Dallas,TX,75206,US,32.655678,-96.60413,standard,3199.8
4050,171633,emerson.kim171633@bigcorp.test,Emerson,Kim,Dallas,TX,75206,US,32.50074,-96.732813,standard,4079.6
4051,171687,dana.brown171687@bigcorp.test,Dana,Brown,Dallas,TX,75206,US,32.667429,-97.206591,standard,3508.36
4052,171694,avery.young171694@bigcorp.test,Avery,Young,Dallas,TX,75206,US,32.733305,-97.146662,standard,7768.36
4053,171806,quinn.singh171806@bigcorp.test,Quinn,Singh,Dallas,TX,75206,US,32.926731,-96.952335,standard,4143.28
4054,171834,avery.lewis171834@bigcorp.test,Avery,Lewis,Dallas,TX,75206,US,32.613734,-96.578818,standard,3311.6
4055,171853,robin.martin171853@bigcorp.test,Robin,Martin,Columbus,OH,43203,US,39.909788,-82.886589,standard,2050.64
4056,171911,adam.walker171911@bigcorp.test,Adam,Walker,Dallas,TX,75206,US,32.700077,-97.204501,preferred,1711.76
4057,172033,emerson.nguyen172033@bigcorp.test,Emerson,Nguyen,San Diego,CA,92105,US,32.80902,-117.333133,preferred,2741.08
4058,172063,adam.garcia172063@bigcorp.test,Adam,Garcia,San Diego,CA,92105,US,32.815973,-117.383426,preferred,1419.0
4059,172115,taylor.singh172115@bigcorp.test,Taylor,Singh,San Diego,CA,92105,US,32.965111,-116.993272,standard,2860.56
4060,172116,quinn.brown172116@bigcorp.test,Quinn,Brown,Dallas,TX,75206,US,32.548446,-96.634327,standard,1414.96
4061,172142,blake.kim172142@bigcorp.test,Blake,Kim,Austin,TX,78702,US,30.021753,-97.595493,standard,3222.2
4062,172175,taylor.lewis172175@bigcorp.test,Taylor,Lewis,Dallas,TX,75206,US,32.504753,-96.970409,preferred,2480.76
4063,172176,parker.young172176@bigcorp.test,Parker,Young,Phoenix,AZ,85018,US,33.754354,-112.34585,standard,4359.96
4064,172213,blake.young172213@bigcorp.test,Blake,Young,Dallas,TX,75206,US,32.510206,-97.002125,standard,4330.68
4065,172232,hayden.singh172232@bigcorp.test,Hayden,Singh,Columbus,OH,43203,US,40.142752,-82.511509,standard,2505.88
4066,172244,casey.kim172244@bigcorp.test,Casey,Kim,Indianapolis,IN,46202,US,39.630901,-85.934417,standard,2178.92
4067,172266,rowan.smith172266@bigcorp.test,Rowan,Smith,Dallas,TX,75206,US,33.024327,-97.113671,standard,8355.92
4068,172271,alex.garcia172271@bigcorp.test,Alex,Garcia,Dallas,TX,75206,US,32.590831,-96.991211,standard,2101.08
4069,172274,morgan.lewis172274@bigcorp.test,Morgan,Lewis,Dallas,TX,75206,US,32.510313,-97.09591,standard,2419.76
4070,172281,dana.patel172281@bigcorp.test,Dana,Patel,Dallas,TX,75206,US,33.08877,-97.054191,preferred,2231.32
4071,172294,quinn.nguyen172294@bigcorp.test,Quinn,Nguyen,Dallas,TX,75206,US,32.664615,-96.69652,standard,3249.2
4072,172308,rowan.smith172308@bigcorp.test,Rowan,Smith,San Diego,CA,92105,US,32.989954,-117.14113,standard,1477.56
4073,172331,dana.clark172331@bigcorp.test,Dana,Clark,Dallas,TX,75206,US,32.948992,-97.129816,standard,948.84
4074,172613,taylor.lewis172613@bigcorp.test,Taylor,Lewis,Dallas,TX,75206,US,32.638553,-97.164287,preferred,4498.4
4075,172806,dana.lee172806@bigcorp.test,Dana,Lee,Dallas,TX,75206,US,32.615962,-96.885935,standard,4060.56
4076,172808,anne.martin172808@bigcorp.test,Anne,Martin,Columbus,OH,43203,US,39.842597,-82.6912,standard,1909.2
4077,172839,adam.jones172839@bigcorp.test,Adam,Jones,Dallas,TX,75206,US,32.52627,-96.547536,standard,4832.36
4078,172876,blake.lee172876@bigcorp.test,Blake,Lee,Dallas,TX,75206,US,32.618619,-96.632861,standard,6503.6
4079,172900,riley.chen172900@bigcorp.test,Riley,Chen,Dallas,TX,75206,US,32.524456,-97.040565,standard,1375.48
4080,172951,riley.wilson172951@bigcorp.test,Riley,Wilson,Dallas,TX,75206,US,32.438705,-96.524826,standard,1648.36
4081,173075,casey.singh173075@bigcorp.test,Casey,Singh,Dallas,TX,75206,US,33.024902,-96.970805,standard,7219.6
4082,173118,cameron.clark173118@bigcorp.test,Cameron,Clark,San Diego,CA,92105,US,32.941358,-116.85019,standard,3974.88
4083,173147,casey.hall173147@bigcorp.test,Casey,Hall,San Diego,CA,92105,US,32.659648,-117.013863,standard,3966.88
4084,173164,parker.lopez173164@bigcorp.test,Parker,Lopez,Dallas,TX,75206,US,32.939072,-96.98458,standard,4988.4
4085,173184,avery.lopez173184@bigcorp.test,Avery,Lopez,San Diego,CA,92105,US,32.427501,-117.123086,standard,2683.04
4086,173235,alex.chen173235@bigcorp.test,Alex,Chen,Dallas,TX,75206,US,32.849261,-96.993699,standard,2997.44
4087,173257,rowan.nguyen173257@bigcorp.test,Rowan,Nguyen,Los Angeles,CA,90012,US,33.940697,-118.190688,standard,5125.64
4088,173277,quinn.brown173277@bigcorp.test,Quinn,Brown,Dallas,TX,75206,US,32.974024,-96.564784,standard,824.28
4089,173322,cameron.smith173322@bigcorp.test,Cameron,Smith,Columbus,OH,43203,US,39.755886,-82.698435,standard,2321.4
4090,173347,casey.chen173347@bigcorp.test,Casey,Chen,Dallas,TX,75206,US,32.419794,-96.968167,standard,6481.16
4091,173369,adam.jones173369@bigcorp.test,Adam,Jones,Dallas,TX,75206,US,32.69893,-96.795933,preferred,1344.84
4092,173385,jamie.walker173385@bigcorp.test,Jamie,Walker,Dallas,TX,75206,US,32.611913,-96.604297,standard,4802.72
4093,173438,sam.kim173438@bigcorp.test,Sam,Kim,Dallas,TX,75206,US,32.900572,-96.918766,standard,989.8
4094,173440,jamie.brown173440@bigcorp.test,Jamie,Brown,Dallas,TX,75206,US,33.030027,-97.202794,standard,8795.68
4095,173442,adam.garcia173442@bigcorp.test,Adam,Garcia,Dallas,TX,75206,US,32.761936,-97.09963,standard,2636.88
4096,173445,david.lee173445@bigcorp.test,David,Lee,Phoenix,AZ,85008,US,33.171429,-112.03307,standard,6650.92
4097,173448,cameron.young173448@bigcorp.test,Cameron,Young,Austin,TX,78702,US,29.951588,-97.633939,standard,1522.72
4098,173488,cameron.lewis173488@bigcorp.test,Cameron,Lewis,San Jose,CA,95110,US,37.525817,-121.656572,preferred,840.52
4099,173505,hayden.smith173505@bigcorp.test,Hayden,Smith,San Diego,CA,92105,US,32.746387,-117.430339,preferred,3152.4
4100,173651,kendall.smith173651@bigcorp.test,Kendall,Smith,Indianapolis,IN,46202,US,39.968991,-86.025031,preferred,921.08
4101,173720,parker.hall173720@bigcorp.test,Parker,Hall,Dallas,TX,75206,US,33.002164,-96.783427,standard,4454.8
4102,173773,jamie.chen173773@bigcorp.test,Jamie,Chen,Dallas,TX,75206,US,32.71519,-96.676412,standard,4066.92
4103,173776,reese.allen173776@bigcorp.test,Reese,Allen,Dallas,TX,75206,US,32.645187,-96.753654,standard,3544.52
4104,173835,sam.kim173835@bigcorp.test,Sam,Kim,Dallas,TX,75206,US,32.404739,-96.768802,standard,2404.72
4105,173841,casey.king173841@bigcorp.test,Casey,King,Dallas,TX,75206,US,32.836262,-97.116571,standard,3220.44
4106,173843,emerson.garcia173843@bigcorp.test,Emerson,Garcia,Dallas,TX,75206,US,32.693286,-96.693047,preferred,5634.92
4107,173888,avery.brown173888@bigcorp.test,Avery,Brown,Dallas,TX,75206,US,32.72231,-96.557888,standard,3333.32
4108,173916,jordan.walker173916@bigcorp.test,Jordan,Walker,Dallas,TX,75206,US,32.869526,-97.023124,preferred,4883.0
4109,173945,kendall.lewis173945@bigcorp.test,Kendall,Lewis,Dallas,TX,75206,US,33.015742,-97.100452,standard,2831.56
4110,173977,cameron.wilson173977@bigcorp.test,Cameron,Wilson,Dallas,TX,75206,US,32.969019,-96.717718,standard,2215.16
4111,174017,kendall.king174017@bigcorp.test,Kendall,King,Dallas,TX,75206,US,32.595677,-97.056534,standard,1780.6
4112,174032,robin.wilson174032@bigcorp.test,Robin,Wilson,Dallas,TX,75206,US,32.811722,-96.514742,standard,1485.48
4113,174073,cameron.allen174073@bigcorp.test,Cameron,Allen,San Diego,CA,92105,US,32.492193,-116.906237,standard,3384.48
4114,174175,jordan.smith174175@bigcorp.test,Jordan,Smith,Austin,TX,78702,US,30.031196,-98.153148,standard,3028.6
4115,174268,jordan.lopez174268@bigcorp.test,Jordan,Lopez,Dallas,TX,75206,US,32.809681,-96.670166,standard,5880.96
4116,174291,david.hall174291@bigcorp.test,David,Hall,Dallas,TX,75206,US,32.789244,-96.644031,preferred,8004.64
4117,174395,anne.wilson174395@bigcorp.test,Anne,Wilson,Dallas,TX,75206,US,32.73972,-96.518965,preferred,1652.92
4118,174405,cameron.patel174405@bigcorp.test,Cameron,Patel,Los Angeles,CA,90012,US,33.776705,-118.629687,standard,1951.16
4119,174422,dana.clark174422@bigcorp.test,Dana,Clark,Columbus,OH,43203,US,39.828786,-82.775075,standard,4942.52
4120,174479,rowan.patel174479@bigcorp.test,Rowan,Patel,Dallas,TX,75206,US,32.775403,-96.750621,preferred,1200.56
4121,174577,jamie.young174577@bigcorp.test,Jamie,Young,Dallas,TX,75206,US,32.685011,-97.168093,standard,4369.48
4122,174595,quinn.allen174595@bigcorp.test,Quinn,Allen,Dallas,TX,75206,US,32.683333,-96.631079,standard,3077.0
4123,174696,jordan.singh174696@bigcorp.test,Jordan,Singh,Dallas,TX,75206,US,32.723275,-96.891581,standard,3924.16
4124,174806,jordan.wilson174806@bigcorp.test,Jordan,Wilson,San Diego,CA,92105,US,33.061853,-116.94755,standard,6039.56
4125,174855,parker.young174855@bigcorp.test,Parker,Young,San Diego,CA,92105,US,32.977885,-116.849378,standard,1632.68
4126,174856,anne.garcia174856@bigcorp.test,Anne,Garcia,San Diego,CA,92105,US,32.44337,-117.019444,standard,3498.32
4127,175237,blake.young175237@bigcorp.test,Blake,Young,San Diego,CA,92105,US,32.821511,-116.90363,vip,2877.08
4128,175284,david.lee175284@bigcorp.test,David,Lee,Dallas,TX,75206,US,32.907884,-96.778663,standard,3742.96
4129,175290,jordan.lewis175290@bigcorp.test,Jordan,Lewis,Phoenix,AZ,85018,US,33.411356,-111.898563,standard,4375.04
4130,175292,blake.hall175292@bigcorp.test,Blake,Hall,Dallas,TX,75206,US,32.834839,-97.159709,standard,4587.56
4131,175360,cameron.lee175360@bigcorp.test,Cameron,Lee,Dallas,TX,75206,US,33.021011,-96.634583,standard,1456.56
4132,175391,david.young175391@bigcorp.test,David,Young,Houston,TX,77007,US,29.51468,-95.742655,standard,4295.72
4133,175392,dana.lopez175392@bigcorp.test,Dana,Lopez,Dallas,TX,75206,US,32.543606,-97.142362,standard,1947.36
4134,175522,kendall.hall175522@bigcorp.test,Kendall,Hall,San Francisco,CA,94109,US,37.861964,-122.067837,standard,4771.0
4135,175551,casey.jones175551@bigcorp.test,Casey,Jones,Dallas,TX,75206,US,32.54807,-96.696114,standard,4971.04
4136,175613,hayden.smith175613@bigcorp.test,Hayden,Smith,Austin,TX,78702,US,30.118346,-97.961437,standard,4090.8
4137,175662,emerson.jones175662@bigcorp.test,Emerson,Jones,Dallas,TX,75206,US,32.434883,-97.181576,standard,2485.4
4138,175698,adam.clark175698@bigcorp.test,Adam,Clark,Dallas,TX,75206,US,32.899028,-96.671998,standard,7052.36
4139,175701,kendall.lopez175701@bigcorp.test,Kendall,Lopez,Dallas,TX,75206,US,32.900239,-96.824255,standard,2067.24
4140,175771,david.lee175771@bigcorp.test,David,Lee,Dallas,TX,75206,US,32.413251,-97.144992,standard,6791.68
4141,175797,blake.lee175797@bigcorp.test,Blake,Lee,San Diego,CA,92105,US,32.894315,-117.381286,preferred,4235.4
4142,175853,dana.walker175853@bigcorp.test,Dana,Walker,Dallas,TX,75206,US,32.412121,-97.126307,preferred,413.64
4143,175857,cameron.brown175857@bigcorp.test,Cameron,Brown,Dallas,TX,75206,US,32.901359,-96.547122,standard,2952.0
4144,175909,robin.lopez175909@bigcorp.test,Robin,Lopez,Dallas,TX,75206,US,32.968058,-97.08274,standard,3378.36
4145,175926,robin.allen175926@bigcorp.test,Robin,Allen,Dallas,TX,75206,US,32.439333,-97.053851,standard,2085.24
4146,175934,alex.allen175934@bigcorp.test,Alex,Allen,Dallas,TX,75206,US,32.524066,-96.610982,standard,2555.0
4147,175985,alex.lewis175985@bigcorp.test,Alex,Lewis,Phoenix,AZ,85018,US,33.553153,-112.002745,standard,2484.8
4148,176050,alex.garcia176050@bigcorp.test,Alex,Garcia,Dallas,TX,75206,US,32.88264,-96.687551,standard,1632.6
4149,176079,riley.hall176079@bigcorp.test,Riley,Hall,Austin,TX,78702,US,30.322124,-97.576144,standard,2432.72
4150,176093,hayden.king176093@bigcorp.test,Hayden,King,Dallas,TX,75206,US,33.045893,-96.949398,preferred,3179.0
4151,176165,adam.lewis176165@bigcorp.test,Adam,Lewis,Dallas,TX,75206,US,32.554789,-96.542262,standard,4621.88
4152,176168,anne.wilson176168@bigcorp.test,Anne,Wilson,San Jose,CA,95110,US,37.547344,-121.786241,standard,3699.56
4153,176170,jamie.garcia176170@bigcorp.test,Jamie,Garcia,Dallas,TX,75206,US,32.395272,-97.083605,standard,4408.36
4154,176321,jordan.nguyen176321@bigcorp.test,Jordan,Nguyen,Columbus,OH,43203,US,40.038766,-82.939053,standard,3211.52
4155,176323,robin.allen176323@bigcorp.test,Robin,Allen,Philadelphia,PA,19104,US,40.136141,-75.047021,standard,4018.76
4156,176338,jordan.singh176338@bigcorp.test,Jordan,Singh,Dallas,TX,75206,US,32.73952,-97.112221,standard,3185.36
4157,176360,hayden.smith176360@bigcorp.test,Hayden,Smith,Columbus,OH,43203,US,39.922758,-82.836413,standard,2520.68
4158,176379,parker.hall176379@bigcorp.test,Parker,Hall,San Diego,CA,92105,US,32.413161,-117.38053,standard,4037.16
4159,176391,hayden.chen176391@bigcorp.test,Hayden,Chen,Dallas,TX,75206,US,32.56558,-97.102702,standard,1832.72
4160,176400,cameron.jones176400@bigcorp.test,Cameron,Jones,Dallas,TX,75206,US,33.071889,-96.729406,standard,3907.8
4161,176467,blake.hall176467@bigcorp.test,Blake,Hall,San Diego,CA,92105,US,32.935856,-116.895042,vip,6012.68
4162,176473,rowan.allen176473@bigcorp.test,Rowan,Allen,Dallas,TX,75206,US,32.487978,-96.694744,standard,3709.6
4163,176476,david.smith176476@bigcorp.test,David,Smith,San Jose,CA,95110,US,37.402083,-121.809163,standard,6189.52
4164,176540,dana.singh176540@bigcorp.test,Dana,Singh,Dallas,TX,75206,US,32.715131,-96.673914,vip,2243.96
4165,176548,cameron.garcia176548@bigcorp.test,Cameron,Garcia,Dallas,TX,75206,US,33.070542,-96.552159,standard,2365.88
4166,176595,hayden.singh176595@bigcorp.test,Hayden,Singh,Dallas,TX,75206,US,32.890042,-96.632598,preferred,5032.0
4167,176626,robin.wilson176626@bigcorp.test,Robin,Wilson,Dallas,TX,75206,US,32.975285,-97.011217,standard,1713.28
4168,176646,reese.lewis176646@bigcorp.test,Reese,Lewis,Columbus,OH,43203,US,40.062321,-83.039134,standard,4538.2
4169,176732,sam.smith176732@bigcorp.test,Sam,Smith,San Diego,CA,92105,US,32.507195,-117.30266,standard,902.8
4170,176748,sam.chen176748@bigcorp.test,Sam,Chen,Indianapolis,IN,46202,US,39.527271,-86.28545,standard,4187.0
4171,176807,morgan.chen176807@bigcorp.test,Morgan,Chen,Austin,TX,78702,US,30.22716,-98.044059,standard,3108.4
4172,176937,david.lee176937@bigcorp.test,David,Lee,Austin,TX,78702,US,30.472544,-97.554382,preferred,4129.88
4173,176948,quinn.hall176948@bigcorp.test,Quinn,Hall,Dallas,TX,75206,US,32.992797,-96.993888,standard,2781.88
4174,176954,blake.lee176954@bigcorp.test,Blake,Lee,San Diego,CA,92105,US,33.095174,-117.408716,standard,3401.52
4175,176965,jamie.smith176965@bigcorp.test,Jamie,Smith,San Jose,CA,95110,US,37.366214,-122.129141,standard,3952.16
4176,177021,robin.kim177021@bigcorp.test,Robin,Kim,Columbus,OH,43203,US,40.238097,-83.081307,standard,3115.2
4177,177025,parker.martin177025@bigcorp.test,Parker,Martin,Dallas,TX,75206,US,32.42389,-97.005903,standard,1399.28
4178,177027,casey.lewis177027@bigcorp.test,Casey,Lewis,Dallas,TX,75206,US,32.910642,-96.727968,standard,2517.56
4179,177046,dana.walker177046@bigcorp.test,Dana,Walker,Dallas,TX,75206,US,32.419641,-96.519409,vip,3533.48
4180,177113,david.smith177113@bigcorp.test,David,Smith,Columbus,OH,43203,US,39.650293,-83.017322,standard,2953.48
4181,177204,avery.allen177204@bigcorp.test,Avery,Allen,Dallas,TX,75206,US,32.836682,-97.075036,standard,3578.68
4182,177228,sam.singh177228@bigcorp.test,Sam,Singh,San Diego,CA,92105,US,32.924131,-117.481262,standard,2044.2
4183,177235,anne.nguyen177235@bigcorp.test,Anne,Nguyen,Columbus,OH,43203,US,40.071719,-82.85346,standard,5108.16
4184,177257,alex.young177257@bigcorp.test,Alex,Young,Dallas,TX,75206,US,32.544526,-96.95029,standard,4045.96
4185,177318,riley.nguyen177318@bigcorp.test,Riley,Nguyen,Austin,TX,78702,US,30.033309,-97.505645,standard,3689.08
4186,177336,jordan.nguyen177336@bigcorp.test,Jordan,Nguyen,Dallas,TX,75206,US,32.700747,-96.822988,preferred,3992.4
4187,177346,anne.lewis177346@bigcorp.test,Anne,Lewis,San Diego,CA,92105,US,32.959392,-117.167804,standard,1757.84
4188,177469,jordan.kim177469@bigcorp.test,Jordan,Kim,Dallas,TX,75206,US,32.543281,-97.199534,standard,2487.96
4189,177515,anne.lewis177515@bigcorp.test,Anne,Lewis,Austin,TX,78702,US,30.095926,-97.632229,standard,1387.08
4190,177595,emerson.hall177595@bigcorp.test,Emerson,Hall,Columbus,OH,43203,US,39.899975,-82.629089,standard,5643.04
4191,177793,avery.young177793@bigcorp.test,Avery,Young,Dallas,TX,75206,US,32.950913,-97.135829,standard,4687.04
4192,177840,blake.lewis177840@bigcorp.test,Blake,Lewis,Indianapolis,IN,46202,US,39.907144,-85.835036,standard,2368.0
4193,177842,rowan.kim177842@bigcorp.test,Rowan,Kim,Dallas,TX,75206,US,32.573545,-96.923065,preferred,3010.24
4194,177876,reese.lopez177876@bigcorp.test,Reese,Lopez,San Diego,CA,92105,US,33.094553,-117.076147,standard,5813.4
4195,177914,hayden.lopez177914@bigcorp.test,Hayden,Lopez,Dallas,TX,75206,US,32.562777,-96.617201,standard,4995.76
4196,177930,david.lopez177930@bigcorp.test,David,Lopez,Dallas,TX,75206,US,33.063422,-97.197351,standard,2776.8
4197,177981,rowan.king177981@bigcorp.test,Rowan,King,Dallas,TX,75206,US,32.886859,-97.019609,preferred,4402.44
4198,178023,quinn.jones178023@bigcorp.test,Quinn,Jones,Dallas,TX,75206,US,32.771354,-96.834252,standard,3053.64
4199,178059,jordan.kim178059@bigcorp.test,Jordan,Kim,Dallas,TX,75206,US,32.745661,-96.970048,standard,5309.04
4200,178087,casey.singh178087@bigcorp.test,Casey,Singh,Austin,TX,78702,US,29.897204,-97.770528,standard,3025.6
4201,178172,kendall.martin178172@bigcorp.test,Kendall,Martin,Dallas,TX,75206,US,32.454951,-96.634198,standard,1135.2
4202,178267,robin.nguyen178267@bigcorp.test,Robin,Nguyen,Dallas,TX,75206,US,32.447095,-96.97788,standard,3381.4
4203,178331,alex.garcia178331@bigcorp.test,Alex,Garcia,Dallas,TX,75206,US,33.050351,-96.677812,standard,2861.12
4204,178357,parker.smith178357@bigcorp.test,Parker,Smith,Dallas,TX,75206,US,33.034794,-96.872038,standard,2332.24
4205,178401,david.garcia178401@bigcorp.test,David,Garcia,Dallas,TX,75206,US,32.899869,-96.749511,standard,3226.4
4206,178405,reese.nguyen178405@bigcorp.test,Reese,Nguyen,San Diego,CA,92105,US,32.408491,-116.913108,standard,6632.56
4207,178440,adam.lewis178440@bigcorp.test,Adam,Lewis,Dallas,TX,75206,US,32.630414,-97.16344,standard,874.2
4208,178463,emerson.lee178463@bigcorp.test,Emerson,Lee,Dallas,TX,75206,US,32.805786,-96.893932,standard,3648.92
4209,178574,alex.lewis178574@bigcorp.test,Alex,Lewis,Los Angeles,CA,90012,US,34.237077,-118.091477,standard,3945.2
4210,178589,alex.garcia178589@bigcorp.test,Alex,Garcia,Phoenix,AZ,85018,US,33.654762,-112.205055,preferred,3167.08
4211,178645,robin.martin178645@bigcorp.test,Robin,Martin,Dallas,TX,75206,US,32.803313,-96.791212,standard,2171.96
4212,178675,emerson.chen178675@bigcorp.test,Emerson,Chen,San Diego,CA,92105,US,32.973477,-117.43553,standard,3105.52
4213,178683,alex.hall178683@bigcorp.test,Alex,Hall,San Diego,CA,92105,US,32.530285,-116.960899,preferred,3396.48
4214,178821,reese.hall178821@bigcorp.test,Reese,Hall,San Diego,CA,92105,US,32.701155,-116.855884,standard,2610.56
4215,178919,parker.allen178919@bigcorp.test,Parker,Allen,Dallas,TX,75206,US,32.947777,-97.018524,standard,3299.36
4216,179046,jordan.lee179046@bigcorp.test,Jordan,Lee,Dallas,TX,75206,US,33.042066,-96.569717,standard,400.0
4217,179119,reese.nguyen179119@bigcorp.test,Reese,Nguyen,Dallas,TX,75206,US,32.634729,-97.171237,standard,5859.52
4218,179153,david.walker179153@bigcorp.test,David,Walker,Dallas,TX,75206,US,32.632743,-96.690803,standard,2484.08
4219,179261,riley.patel179261@bigcorp.test,Riley,Patel,Dallas,TX,75206,US,32.868156,-96.653818,vip,2465.24
4220,179312,parker.lopez179312@bigcorp.test,Parker,Lopez,Dallas,TX,75206,US,32.936433,-96.613109,standard,2635.76
4221,179323,quinn.lee179323@bigcorp.test,Quinn,Lee,San Diego,CA,92105,US,32.488826,-117.13892,standard,5124.68
4222,179360,dana.brown179360@bigcorp.test,Dana,Brown,Dallas,TX,75206,US,32.635115,-96.530864,standard,3732.92
4223,179402,morgan.patel179402@bigcorp.test,Morgan,Patel,Dallas,TX,75206,US,32.881215,-96.606647,standard,2055.36
4224,179414,avery.clark179414@bigcorp.test,Avery,Clark,Dallas,TX,75206,US,33.081611,-96.638406,standard,2546.2
4225,179429,quinn.clark179429@bigcorp.test,Quinn,Clark,San Diego,CA,92105,US,32.899669,-117.127553,standard,5174.6
4226,179534,blake.garcia179534@bigcorp.test,Blake,Garcia,Dallas,TX,75206,US,32.989892,-96.631621,standard,3032.68
4227,179566,morgan.walker179566@bigcorp.test,Morgan,Walker,Dallas,TX,75206,US,32.701624,-96.916187,standard,3284.32
4228,179594,jamie.king179594@bigcorp.test,Jamie,King,Dallas,TX,75206,US,32.407856,-96.96452,standard,1811.08
4229,179606,taylor.garcia179606@bigcorp.test,Taylor,Garcia,Dallas,TX,75206,US,33.005028,-97.069967,standard,3858.68
4230,179612,emerson.kim179612@bigcorp.test,Emerson,Kim,Columbus,OH,43203,US,39.742727,-82.724687,standard,2904.24
4231,179757,alex.clark179757@bigcorp.test,Alex,Clark,Dallas,TX,75206,US,32.521748,-96.78262,standard,1002.0
4232,179779,hayden.smith179779@bigcorp.test,Hayden,Smith,Phoenix,AZ,85018,US,33.265265,-112.192425,standard,3065.0
4233,179807,parker.chen179807@bigcorp.test,Parker,Chen,Dallas,TX,75206,US,32.722597,-96.797121,standard,7196.12
4234,179860,blake.singh179860@bigcorp.test,Blake,Singh,Austin,TX,78702,US,30.433627,-97.442951,vip,3511.92
4235,179871,avery.jones179871@bigcorp.test,Avery,Jones,Dallas,TX,75206,US,32.586273,-96.9761,preferred,3588.4
4236,179929,alex.garcia179929@bigcorp.test,Alex,Garcia,Dallas,TX,75206,US,32.6416,-96.870536,standard,1210.48
4237,180007,anne.patel180007@bigcorp.test,Anne,Patel,San Diego,CA,92105,US,33.005158,-117.34565,standard,3576.8
4238,180067,blake.king180067@bigcorp.test,Blake,King,Dallas,TX,75206,US,32.808073,-97.012365,standard,4167.76
4239,180123,blake.singh180123@bigcorp.test,Blake,Singh,Dallas,TX,75206,US,32.710745,-97.172585,standard,4282.68
4240,180162,anne.chen180162@bigcorp.test,Anne,Chen,Columbus,OH,43203,US,40.001632,-83.025899,standard,3122.2
4241,180187,morgan.clark180187@bigcorp.test,Morgan,Clark,Columbus,OH,43203,US,40.153228,-82.584253,standard,1158.48
4242,180209,adam.kim180209@bigcorp.test,Adam,Kim,Dallas,TX,75206,US,32.927324,-96.590504,standard,2725.36
4243,180212,hayden.king180212@bigcorp.test,Hayden,King,Columbus,OH,43203,US,40.122837,-82.633847,standard,3452.52
4244,180230,reese.clark180230@bigcorp.test,Reese,Clark,Dallas,TX,75206,US,32.754512,-96.681551,standard,4834.4
4245,180309,parker.brown180309@bigcorp.test,Parker,Brown,Dallas,TX,75206,US,32.765066,-96.886068,standard,694.8
4246,180324,sam.young180324@bigcorp.test,Sam,Young,Indianapolis,IN,46202,US,39.677046,-86.124554,preferred,5064.68
4247,180326,adam.young180326@bigcorp.test,Adam,Young,Dallas,TX,75206,US,32.581601,-97.013924,standard,2385.8
4248,180368,adam.brown180368@bigcorp.test,Adam,Brown,Columbus,OH,43203,US,40.232818,-82.924914,standard,2855.16
4249,180386,adam.singh180386@bigcorp.test,Adam,Singh,Dallas,TX,75206,US,32.514353,-96.559882,preferred,2687.48
4250,180392,hayden.walker180392@bigcorp.test,Hayden,Walker,Dallas,TX,75206,US,32.926659,-96.929942,standard,1683.0
4251,180412,rowan.hall180412@bigcorp.test,Rowan,Hall,Austin,TX,78702,US,30.116468,-98.165891,standard,3016.28
4252,180505,parker.lee180505@bigcorp.test,Parker,Lee,Dallas,TX,75206,US,32.933445,-96.529501,standard,5158.04
4253,180547,jordan.hall180547@bigcorp.test,Jordan,Hall,Dallas,TX,75206,US,32.92503,-97.175248,standard,7266.8
4254,180564,riley.lopez180564@bigcorp.test,Riley,Lopez,San Diego,CA,92105,US,32.654344,-117.49125,standard,5356.84
4255,180580,quinn.patel180580@bigcorp.test,Quinn,Patel,Dallas,TX,75206,US,32.899815,-96.524163,standard,3519.56
4256,180688,robin.martin180688@bigcorp.test,Robin,Martin,Dallas,TX,75206,US,33.087229,-97.18753,standard,3105.48
4257,180721,jordan.jones180721@bigcorp.test,Jordan,Jones,San Diego,CA,92105,US,33.022041,-117.375721,standard,3319.12
4258,180737,jamie.lopez180737@bigcorp.test,Jamie,Lopez,San Jose,CA,95110,US,37.045038,-122.084501,preferred,3228.24
4259,180749,anne.king180749@bigcorp.test,Anne,King,Dallas,TX,75206,US,32.752311,-96.543467,standard,2167.96
4260,180785,jamie.singh180785@bigcorp.test,Jamie,Singh,San Diego,CA,92105,US,32.719909,-117.295633,standard,2968.28
4261,180826,morgan.nguyen180826@bigcorp.test,Morgan,Nguyen,Columbus,OH,43203,US,39.999084,-82.810603,vip,6514.48
4262,181056,casey.smith181056@bigcorp.test,Casey,Smith,Dallas,TX,75206,US,32.869784,-96.880415,standard,1812.52
4263,181109,alex.singh181109@bigcorp.test,Alex,Singh,San Diego,CA,92105,US,32.474767,-117.254995,standard,5053.44
4264,181185,anne.king181185@bigcorp.test,Anne,King,Dallas,TX,75206,US,32.70515,-96.564304,standard,1746.96
4265,181203,blake.smith181203@bigcorp.test,Blake,Smith,Dallas,TX,75206,US,33.039488,-96.981163,standard,2178.24
4266,181232,anne.patel181232@bigcorp.test,Anne,Patel,San Diego,CA,92105,US,32.879625,-117.475219,standard,4382.92
4267,181242,taylor.clark181242@bigcorp.test,Taylor,Clark,Dallas,TX,75206,US,32.402276,-96.931053,standard,3823.96
4268,181288,quinn.smith181288@bigcorp.test,Quinn,Smith,Dallas,TX,75206,US,32.783804,-96.965756,standard,2940.56
4269,181469,rowan.walker181469@bigcorp.test,Rowan,Walker,Austin,TX,78702,US,30.451646,-97.725692,standard,2053.16
4270,181493,alex.martin181493@bigcorp.test,Alex,Martin,San Diego,CA,92105,US,32.572729,-116.944124,preferred,2656.48
4271,181512,sam.lewis181512@bigcorp.test,Sam,Lewis,San Diego,CA,92105,US,33.034015,-117.326552,standard,4275.6
4272,181527,casey.clark181527@bigcorp.test,Casey,Clark,San Diego,CA,92105,US,32.785874,-117.033528,standard,1331.68
4273,181543,sam.singh181543@bigcorp.test,Sam,Singh,Dallas,TX,75206,US,32.424154,-96.731554,standard,3755.92
4274,181603,anne.brown181603@bigcorp.test,Anne,Brown,Dallas,TX,75206,US,32.884589,-96.533373,standard,2250.16
4275,181630,adam.chen181630@bigcorp.test,Adam,Chen,San Jose,CA,95110,US,37.066114,-122.208486,standard,1575.16
4276,181675,blake.patel181675@bigcorp.test,Blake,Patel,Dallas,TX,75206,US,32.96007,-97.086401,standard,2562.84
4277,181702,david.brown181702@bigcorp.test,David,Brown,Columbus,OH,43203,US,39.784009,-83.131499,standard,5509.32
4278,181743,riley.lewis181743@bigcorp.test,Riley,Lewis,San Diego,CA,92105,US,32.521084,-117.500501,standard,3463.16
4279,181760,rowan.brown181760@bigcorp.test,Rowan,Brown,Dallas,TX,75206,US,32.574279,-96.60706,preferred,1621.72
4280,181946,avery.wilson181946@bigcorp.test,Avery,Wilson,San Diego,CA,92105,US,32.662145,-116.937596,standard,3082.72
4281,181975,quinn.garcia181975@bigcorp.test,Quinn,Garcia,Dallas,TX,75206,US,32.844763,-97.126209,standard,936.08
4282,181998,quinn.smith181998@bigcorp.test,Quinn,Smith,Austin,TX,78702,US,30.28704,-97.800403,standard,2537.44
4283,182004,morgan.brown182004@bigcorp.test,Morgan,Brown,Dallas,TX,75206,US,32.470811,-96.982158,standard,2601.2
4284,182015,parker.lee182015@bigcorp.test,Parker,Lee,Dallas,TX,75206,US,32.594213,-97.122467,standard,2134.2
4285,182017,jordan.patel182017@bigcorp.test,Jordan,Patel,Columbus,OH,43203,US,40.101317,-83.04101,standard,2436.44
4286,182045,rowan.jones182045@bigcorp.test,Rowan,Jones,Dallas,TX,75206,US,32.83573,-96.53791,standard,4212.6
4287,182110,dana.singh182110@bigcorp.test,Dana,Singh,Columbus,OH,43203,US,40.173918,-82.48337,standard,5195.76
4288,182111,riley.young182111@bigcorp.test,Riley,Young,Dallas,TX,75206,US,32.970031,-96.743367,standard,1407.4
4289,182198,cameron.patel182198@bigcorp.test,Cameron,Patel,Dallas,TX,75206,US,33.007502,-96.705664,standard,400.0
4290,182318,robin.lee182318@bigcorp.test,Robin,Lee,Dallas,TX,75206,US,32.441897,-96.905164,preferred,4526.48
4291,182369,alex.garcia182369@bigcorp.test,Alex,Garcia,Dallas,TX,75206,US,32.501566,-96.760318,preferred,4754.72
4292,182507,kendall.allen182507@bigcorp.test,Kendall,Allen,Dallas,TX,75206,US,32.8607,-96.52911,standard,4006.92
4293,182610,anne.lee182610@bigcorp.test,Anne,Lee,Dallas,TX,75206,US,32.472603,-96.843329,standard,4174.44
4294,182616,alex.young182616@bigcorp.test,Alex,Young,Austin,TX,78702,US,29.961786,-97.705957,standard,1615.32
4295,182626,blake.king182626@bigcorp.test,Blake,King,Dallas,TX,75206,US,32.924861,-96.619449,standard,3631.56
4296,182663,kendall.martin182663@bigcorp.test,Kendall,Martin,Dallas,TX,75206,US,32.538538,-96.901611,standard,3664.32
4297,182697,kendall.smith182697@bigcorp.test,Kendall,Smith,Dallas,TX,75206,US,32.711622,-96.982338,standard,6705.4
4298,182719,blake.brown182719@bigcorp.test,Blake,Brown,Dallas,TX,75206,US,32.432164,-96.918549,standard,4679.16
4299,182740,sam.singh182740@bigcorp.test,Sam,Singh,Columbus,OH,43203,US,39.869775,-82.525613,vip,3218.04
4300,182741,jordan.smith182741@bigcorp.test,Jordan,Smith,Seattle,WA,98101,US,47.330224,-122.219107,standard,3887.52
4301,182778,avery.nguyen182778@bigcorp.test,Avery,Nguyen,Dallas,TX,75206,US,33.005589,-97.142127,standard,2085.76
4302,182782,blake.wilson182782@bigcorp.test,Blake,Wilson,Dallas,TX,75206,US,32.880111,-96.957038,standard,400.0
4303,182867,morgan.wilson182867@bigcorp.test,Morgan,Wilson,Philadelphia,PA,19104,US,40.220596,-74.88482,preferred,3632.04
4304,182890,alex.lopez182890@bigcorp.test,Alex,Lopez,Dallas,TX,75206,US,32.641983,-96.743872,standard,2591.84
4305,182920,parker.brown182920@bigcorp.test,Parker,Brown,San Diego,CA,92105,US,32.995733,-117.44111,preferred,7006.48
4306,182984,avery.allen182984@bigcorp.test,Avery,Allen,Dallas,TX,75206,US,32.578659,-96.967941,standard,8506.56
4307,182993,morgan.garcia182993@bigcorp.test,Morgan,Garcia,Dallas,TX,75206,US,33.01097,-97.199603,standard,4030.36
4308,182999,david.walker182999@bigcorp.test,David,Walker,Dallas,TX,75206,US,32.729205,-96.794882,preferred,3196.84
4309,183028,sam.wilson183028@bigcorp.test,Sam,Wilson,San Diego,CA,92105,US,32.589382,-117.085332,standard,631.48
4310,183074,emerson.patel183074@bigcorp.test,Emerson,Patel,Indianapolis,IN,46202,US,39.966039,-86.011333,standard,3359.84
4311,183085,hayden.patel183085@bigcorp.test,Hayden,Patel,Dallas,TX,75206,US,32.529816,-96.984542,standard,3996.6
4312,183100,rowan.lewis183100@bigcorp.test,Rowan,Lewis,Columbus,OH,43203,US,39.745896,-82.828497,standard,4641.04
4313,183186,kendall.clark183186@bigcorp.test,Kendall,Clark,Dallas,TX,75206,US,32.881887,-96.681244,standard,4155.52
4314,183216,anne.martin183216@bigcorp.test,Anne,Martin,Dallas,TX,75206,US,32.820149,-96.745528,standard,3136.4
4315,183247,kendall.lewis183247@bigcorp.test,Kendall,Lewis,Dallas,TX,75206,US,33.01702,-97.01384,preferred,4410.32
4316,183308,anne.martin183308@bigcorp.test,Anne,Martin,Austin,TX,78702,US,30.165104,-97.619451,preferred,2059.84
4317,183317,adam.patel183317@bigcorp.test,Adam,Patel,Dallas,TX,75206,US,32.531351,-96.920422,standard,4476.68
4318,183332,blake.smith183332@bigcorp.test,Blake,Smith,San Diego,CA,92105,US,32.683584,-116.85248,standard,3834.08
4319,183345,alex.singh183345@bigcorp.test,Alex,Singh,Dallas,TX,75206,US,32.808762,-96.655666,standard,3307.16
4320,183385,hayden.martin183385@bigcorp.test,Hayden,Martin,Dallas,TX,75206,US,32.61449,-96.726127,standard,3852.8
4321,183386,cameron.chen183386@bigcorp.test,Cameron,Chen,San Diego,CA,92105,US,32.579151,-116.968329,standard,1692.88
4322,183425,reese.young183425@bigcorp.test,Reese,Young,San Diego,CA,92105,US,32.521039,-117.412423,standard,3329.6
4323,183530,taylor.king183530@bigcorp.test,Taylor,King,Dallas,TX,75206,US,32.737369,-96.63979,preferred,832.44
4324,183576,morgan.martin183576@bigcorp.test,Morgan,Martin,Dallas,TX,75206,US,32.862759,-96.699314,standard,3743.8
4325,183582,robin.brown183582@bigcorp.test,Robin,Brown,San Diego,CA,92105,US,32.891906,-116.996182,standard,400.0
4326,183592,rowan.patel183592@bigcorp.test,Rowan,Patel,Austin,TX,78704,US,30.283356,-97.689891,standard,2928.4
4327,183649,morgan.lewis183649@bigcorp.test,Morgan,Lewis,Dallas,TX,75206,US,32.457783,-96.623134,preferred,3369.48
4328,183664,rowan.young183664@bigcorp.test,Rowan,Young,Dallas,TX,75206,US,33.000011,-96.861071,standard,1457.48
4329,183740,reese.lewis183740@bigcorp.test,Reese,Lewis,Dallas,TX,75206,US,32.612363,-96.742917,preferred,2308.52
4330,183781,parker.lewis183781@bigcorp.test,Parker,Lewis,Dallas,TX,75206,US,32.766603,-96.869329,standard,2816.72
4331,183784,jordan.chen183784@bigcorp.test,Jordan,Chen,San Diego,CA,92105,US,32.795241,-117.468119,standard,1525.84
4332,183912,jamie.king183912@bigcorp.test,Jamie,King,Dallas,TX,75206,US,32.414645,-96.595535,standard,2458.44
4333,183924,morgan.wilson183924@bigcorp.test,Morgan,Wilson,Columbus,OH,43203,US,39.684961,-82.52688,standard,2997.68
4334,184012,casey.smith184012@bigcorp.test,Casey,Smith,Dallas,TX,75206,US,32.557463,-97.122697,standard,4953.48
4335,184116,jamie.garcia184116@bigcorp.test,Jamie,Garcia,Dallas,TX,75206,US,32.588543,-97.070704,standard,4118.48
4336,184141,dana.allen184141@bigcorp.test,Dana,Allen,Dallas,TX,75206,US,32.949225,-96.899099,standard,4091.4
4337,184176,kendall.garcia184176@bigcorp.test,Kendall,Garcia,Dallas,TX,75206,US,32.569366,-97.024533,standard,2597.88
4338,184199,morgan.patel184199@bigcorp.test,Morgan,Patel,Dallas,TX,75206,US,32.542757,-96.973898,preferred,3848.52
4339,184247,casey.lewis184247@bigcorp.test,Casey,Lewis,San Jose,CA,95113,US,37.308491,-122.084308,standard,2137.24
4340,184349,casey.brown184349@bigcorp.test,Casey,Brown,Austin,TX,78702,US,30.451219,-97.988649,preferred,2719.96
4341,184350,emerson.wilson184350@bigcorp.test,Emerson,Wilson,San Diego,CA,92105,US,32.629101,-116.862643,standard,6257.56
4342,184352,rowan.hall184352@bigcorp.test,Rowan,Hall,San Diego,CA,92105,US,32.995679,-116.892962,standard,1690.56
4343,184399,hayden.jones184399@bigcorp.test,Hayden,Jones,Austin,TX,78702,US,30.041491,-98.133855,standard,3619.0
4344,184420,riley.lee184420@bigcorp.test,Riley,Lee,Dallas,TX,75206,US,32.472908,-96.761806,standard,4425.44
4345,184450,hayden.young184450@bigcorp.test,Hayden,Young,Dallas,TX,75206,US,33.034774,-96.791934,standard,3441.56
4346,184453,rowan.clark184453@bigcorp.test,Rowan,Clark,Dallas,TX,75206,US,32.891463,-96.970295,preferred,2236.4
4347,184460,cameron.wilson184460@bigcorp.test,Cameron,Wilson,Dallas,TX,75206,US,32.831699,-96.635147,standard,3041.6
4348,184466,sam.kim184466@bigcorp.test,Sam,Kim,Columbus,OH,43203,US,39.779553,-82.683198,preferred,6202.72
4349,184473,david.singh184473@bigcorp.test,David,Singh,Dallas,TX,75206,US,32.912957,-96.582654,standard,3635.28
4350,184607,jamie.allen184607@bigcorp.test,Jamie,Allen,Dallas,TX,75206,US,32.534151,-97.14274,standard,1767.6
4351,184634,morgan.chen184634@bigcorp.test,Morgan,Chen,Jacksonville,FL,32202,US,30.254141,-81.501793,standard,1706.92
4352,184660,parker.allen184660@bigcorp.test,Parker,Allen,San Diego,CA,92105,US,32.674968,-117.485367,standard,2471.36
4353,184694,kendall.king184694@bigcorp.test,Kendall,King,Dallas,TX,75206,US,32.536812,-96.707441,standard,4759.52
4354,184760,dana.garcia184760@bigcorp.test,Dana,Garcia,Dallas,TX,75206,US,32.986551,-96.542067,standard,783.52
4355,184870,dana.kim184870@bigcorp.test,Dana,Kim,Dallas,TX,75206,US,32.768391,-97.068696,standard,3476.92
4356,184920,quinn.smith184920@bigcorp.test,Quinn,Smith,San Diego,CA,92105,US,32.603844,-117.48156,standard,2604.4
4357,184951,adam.martin184951@bigcorp.test,Adam,Martin,San Diego,CA,92105,US,32.92629,-117.076399,standard,5271.12
4358,184982,parker.allen184982@bigcorp.test,Parker,Allen,Austin,TX,78702,US,30.51862,-97.730865,standard,4544.92
4359,185048,rowan.wilson185048@bigcorp.test,Rowan,Wilson,Dallas,TX,75206,US,32.474907,-96.666915,standard,3845.16
4360,185083,taylor.lewis185083@bigcorp.test,Taylor,Lewis,Austin,TX,78702,US,30.122454,-97.508392,standard,3182.56
4361,185117,david.singh185117@bigcorp.test,David,Singh,Dallas,TX,75206,US,32.464311,-96.667358,standard,400.0
4362,185126,riley.walker185126@bigcorp.test,Riley,Walker,Dallas,TX,75206,US,32.698843,-97.025541,standard,1424.28
4363,185166,avery.king185166@bigcorp.test,Avery,King,San Diego,CA,92105,US,32.814821,-117.462283,standard,3967.4
4364,185304,hayden.smith185304@bigcorp.test,Hayden,Smith,Indianapolis,IN,46202,US,39.568199,-85.81681,preferred,4202.4
4365,185328,parker.walker185328@bigcorp.test,Parker,Walker,Dallas,TX,75206,US,32.50446,-96.599917,standard,3207.8
4366,185345,kendall.lewis185345@bigcorp.test,Kendall,Lewis,Dallas,TX,75206,US,33.05551,-96.754792,standard,5854.92
4367,185387,casey.lewis185387@bigcorp.test,Casey,Lewis,San Diego,CA,92105,US,32.477062,-117.510195,standard,2249.88
4368,185528,quinn.garcia185528@bigcorp.test,Quinn,Garcia,Dallas,TX,75206,US,32.626577,-96.59098,standard,3047.12
4369,185606,anne.wilson185606@bigcorp.test,Anne,Wilson,Austin,TX,78702,US,30.529603,-97.795798,standard,3915.16
4370,185628,alex.jones185628@bigcorp.test,Alex,Jones,Dallas,TX,75206,US,32.935544,-96.55538,standard,3390.76
4371,185656,parker.clark185656@bigcorp.test,Parker,Clark,Dallas,TX,75206,US,32.576963,-96.731905,standard,6204.72
4372,185666,dana.young185666@bigcorp.test,Dana,Young,San Diego,CA,92105,US,32.722695,-117.482362,standard,4925.24
4373,185718,avery.smith185718@bigcorp.test,Avery,Smith,Austin,TX,78702,US,29.95545,-97.640954,standard,3547.0
4374,185740,blake.jones185740@bigcorp.test,Blake,Jones,Dallas,TX,75206,US,32.872512,-96.513724,standard,2958.4
4375,185752,quinn.jones185752@bigcorp.test,Quinn,Jones,Dallas,TX,75206,US,32.505903,-96.806029,standard,1426.32
4376,185887,taylor.smith185887@bigcorp.test,Taylor,Smith,Dallas,TX,75206,US,32.665618,-96.784651,preferred,4491.6
4377,185972,taylor.chen185972@bigcorp.test,Taylor,Chen,Austin,TX,78702,US,30.234584,-98.046317,standard,2546.12
4378,186013,anne.kim186013@bigcorp.test,Anne,Kim,Dallas,TX,75206,US,32.67431,-96.842519,standard,2609.0
4379,186269,emerson.allen186269@bigcorp.test,Emerson,Allen,Dallas,TX,75206,US,32.732133,-96.944412,vip,7942.44
4380,186364,anne.garcia186364@bigcorp.test,Anne,Garcia,Dallas,TX,75206,US,32.517225,-97.141478,standard,3690.56
4381,186386,reese.martin186386@bigcorp.test,Reese,Martin,Dallas,TX,75206,US,32.849226,-97.173756,standard,3217.08
4382,186408,parker.chen186408@bigcorp.test,Parker,Chen,Dallas,TX,75206,US,32.597216,-96.661629,standard,3658.84
4383,186445,kendall.king186445@bigcorp.test,Kendall,King,San Diego,CA,92105,US,32.992287,-117.462363,standard,5509.0
4384,186496,anne.brown186496@bigcorp.test,Anne,Brown,Dallas,TX,75206,US,32.83671,-97.103197,standard,3967.12
4385,186508,riley.young186508@bigcorp.test,Riley,Young,Dallas,TX,75206,US,33.019909,-96.719091,standard,1022.6
4386,186515,adam.patel186515@bigcorp.test,Adam,Patel,Dallas,TX,75206,US,32.561376,-97.154853,preferred,3465.88
4387,186519,dana.young186519@bigcorp.test,Dana,Young,Austin,TX,78702,US,30.185648,-98.073678,preferred,1160.16
4388,186667,morgan.smith186667@bigcorp.test,Morgan,Smith,Dallas,TX,75206,US,32.582512,-96.692426,standard,8049.16
4389,186760,riley.garcia186760@bigcorp.test,Riley,Garcia,Dallas,TX,75206,US,32.769207,-96.892761,standard,6242.72
4390,186784,jordan.brown186784@bigcorp.test,Jordan,Brown,Austin,TX,78702,US,30.532644,-97.505824,standard,3377.08
4391,186839,parker.patel186839@bigcorp.test,Parker,Patel,San Diego,CA,92105,US,32.594154,-116.889114,standard,2980.32
4392,186902,kendall.martin186902@bigcorp.test,Kendall,Martin,Dallas,TX,75206,US,32.689469,-96.877983,standard,2327.88
4393,186969,anne.singh186969@bigcorp.test,Anne,Singh,Dallas,TX,75206,US,32.965388,-96.600784,standard,2453.04
4394,187019,cameron.nguyen187019@bigcorp.test,Cameron,Nguyen,San Diego,CA,92105,US,32.950338,-116.971218,standard,3265.0
4395,187132,avery.lee187132@bigcorp.test,Avery,Lee,Dallas,TX,75206,US,32.655734,-96.826872,standard,4103.0
4396,187163,emerson.patel187163@bigcorp.test,Emerson,Patel,San Diego,CA,92105,US,32.93232,-116.926103,standard,3304.44
4397,187178,parker.clark187178@bigcorp.test,Parker,Clark,Dallas,TX,75206,US,32.600318,-97.022133,standard,1270.16
4398,187205,robin.kim187205@bigcorp.test,Robin,Kim,Dallas,TX,75206,US,32.85195,-97.196973,standard,4119.64
4399,187265,alex.young187265@bigcorp.test,Alex,Young,Dallas,TX,75206,US,32.445834,-96.80079,preferred,6501.08
4400,187304,dana.smith187304@bigcorp.test,Dana,Smith,San Diego,CA,92105,US,33.066088,-117.233345,standard,1535.92
4401,187338,robin.kim187338@bigcorp.test,Robin,Kim,Dallas,TX,75206,US,32.473059,-97.157521,standard,2800.76
4402,187399,taylor.kim187399@bigcorp.test,Taylor,Kim,Dallas,TX,75206,US,32.473078,-96.928887,preferred,4542.76
4403,187402,parker.wilson187402@bigcorp.test,Parker,Wilson,Dallas,TX,75206,US,32.745165,-97.120069,standard,2981.68
4404,187649,jamie.kim187649@bigcorp.test,Jamie,Kim,Dallas,TX,75206,US,32.55464,-96.897392,standard,400.0
4405,187767,jordan.clark187767@bigcorp.test,Jordan,Clark,Columbus,OH,43203,US,40.121313,-82.967458,standard,5996.28
4406,187845,quinn.garcia187845@bigcorp.test,Quinn,Garcia,Dallas,TX,75206,US,33.071959,-96.563645,standard,1842.6
4407,187999,anne.hall187999@bigcorp.test,Anne,Hall,Columbus,OH,43203,US,39.633805,-82.667001,standard,1653.6
4408,188066,blake.garcia188066@bigcorp.test,Blake,Garcia,Dallas,TX,75206,US,32.687834,-96.593434,standard,3078.08
4409,188111,avery.singh188111@bigcorp.test,Avery,Singh,Phoenix,AZ,85018,US,33.557491,-112.309879,standard,3854.32
4410,188232,alex.brown188232@bigcorp.test,Alex,Brown,Phoenix,AZ,85018,US,33.611511,-112.104536,standard,3783.12
4411,188253,emerson.young188253@bigcorp.test,Emerson,Young,Philadelphia,PA,19102,US,39.669701,-75.288373,standard,946.48
4412,188312,david.allen188312@bigcorp.test,David,Allen,Dallas,TX,75206,US,32.502299,-97.169128,standard,5773.12
4413,188332,anne.kim188332@bigcorp.test,Anne,Kim,San Diego,CA,92105,US,32.427189,-117.046778,preferred,3650.6
4414,188491,avery.martin188491@bigcorp.test,Avery,Martin,Dallas,TX,75206,US,33.05408,-97.065774,standard,2808.16
4415,188573,emerson.lewis188573@bigcorp.test,Emerson,Lewis,Dallas,TX,75206,US,32.834677,-97.124119,preferred,3459.28
4416,188610,david.martin188610@bigcorp.test,David,Martin,San Diego,CA,92105,US,32.457261,-116.94416,standard,624.6
4417,188629,dana.jones188629@bigcorp.test,Dana,Jones,Dallas,TX,75206,US,33.058379,-96.724894,standard,4165.44
4418,188654,taylor.walker188654@bigcorp.test,Taylor,Walker,Dallas,TX,75206,US,32.468713,-96.685609,standard,3431.88
4419,188841,sam.jones188841@bigcorp.test,Sam,Jones,Dallas,TX,75206,US,32.538645,-97.041777,vip,4695.56
4420,188939,david.martin188939@bigcorp.test,David,Martin,Columbus,OH,43203,US,40.181572,-82.750641,standard,1977.36
4421,188949,sam.garcia188949@bigcorp.test,Sam,Garcia,Phoenix,AZ,85018,US,33.823503,-111.784062,standard,3222.84
4422,188952,blake.young188952@bigcorp.test,Blake,Young,Phoenix,AZ,85012,US,33.545917,-112.125484,standard,2216.36
4423,189064,adam.smith189064@bigcorp.test,Adam,Smith,Dallas,TX,75206,US,33.09308,-96.611534,standard,3121.88
4424,189086,reese.clark189086@bigcorp.test,Reese,Clark,Dallas,TX,75206,US,32.464249,-96.845728,standard,2560.56
4425,189257,adam.patel189257@bigcorp.test,Adam,Patel,Austin,TX,78702,US,30.15273,-97.523416,preferred,2772.4
4426,189270,casey.brown189270@bigcorp.test,Casey,Brown,Dallas,TX,75206,US,32.603635,-96.562734,standard,5858.32
4427,189306,cameron.smith189306@bigcorp.test,Cameron,Smith,Dallas,TX,75206,US,32.946471,-96.992049,standard,1189.72
4428,189340,blake.lee189340@bigcorp.test,Blake,Lee,San Diego,CA,92105,US,32.473037,-117.487182,standard,5158.16
4429,189345,emerson.king189345@bigcorp.test,Emerson,King,Columbus,OH,43203,US,39.757755,-82.7415,standard,3039.0
4430,189357,casey.king189357@bigcorp.test,Casey,King,Dallas,TX,75206,US,32.685383,-97.202609,standard,3119.12
4431,189374,david.garcia189374@bigcorp.test,David,Garcia,Columbus,OH,43203,US,39.920238,-82.862686,standard,3196.76
4432,189467,adam.young189467@bigcorp.test,Adam,Young,Dallas,TX,75206,US,32.464466,-96.812907,standard,2278.8
4433,189481,cameron.allen189481@bigcorp.test,Cameron,Allen,San Diego,CA,92105,US,32.950309,-116.905893,standard,1782.92
4434,189483,blake.wilson189483@bigcorp.test,Blake,Wilson,Dallas,TX,75206,US,33.022029,-96.929514,preferred,2437.0
4435,189484,kendall.smith189484@bigcorp.test,Kendall,Smith,San Diego,CA,92105,US,32.55868,-117.097807,standard,5493.4
4436,189535,taylor.young189535@bigcorp.test,Taylor,Young,Dallas,TX,75206,US,32.463931,-97.082137,standard,543.88
4437,189600,kendall.young189600@bigcorp.test,Kendall,Young,Dallas,TX,75206,US,32.949383,-96.765995,standard,5156.96
4438,189611,parker.lee189611@bigcorp.test,Parker,Lee,Dallas,TX,75206,US,32.691701,-96.908187,standard,5949.92
4439,189655,robin.chen189655@bigcorp.test,Robin,Chen,San Diego,CA,92105,US,32.543436,-116.973986,standard,2431.08
4440,189659,hayden.martin189659@bigcorp.test,Hayden,Martin,San Diego,CA,92105,US,32.652634,-117.231522,standard,2477.64
4441,189662,jamie.lopez189662@bigcorp.test,Jamie,Lopez,San Diego,CA,92105,US,33.093485,-117.443252,vip,1160.24
4442,189664,quinn.singh189664@bigcorp.test,Quinn,Singh,Columbus,OH,43203,US,39.989319,-82.934951,standard,2424.76
4443,189667,hayden.kim189667@bigcorp.test,Hayden,Kim,Dallas,TX,75206,US,32.453171,-96.752514,standard,4849.88
4444,189697,cameron.garcia189697@bigcorp.test,Cameron,Garcia,Dallas,TX,75206,US,33.085027,-96.98248,preferred,3896.68
4445,189706,rowan.young189706@bigcorp.test,Rowan,Young,Dallas,TX,75206,US,32.596654,-96.592937,preferred,3783.52
4446,189747,alex.chen189747@bigcorp.test,Alex,Chen,Dallas,TX,75206,US,32.67223,-97.16868,preferred,5532.76
4447,189764,anne.smith189764@bigcorp.test,Anne,Smith,San Diego,CA,92105,US,32.506887,-117.208924,standard,2687.72
4448,189836,kendall.chen189836@bigcorp.test,Kendall,Chen,San Diego,CA,92105,US,32.832137,-117.515825,standard,3056.16
4449,189909,david.kim189909@bigcorp.test,David,Kim,Dallas,TX,75206,US,32.906038,-96.948253,preferred,3622.6
4450,189956,sam.singh189956@bigcorp.test,Sam,Singh,Dallas,TX,75206,US,32.986427,-96.888792,vip,3704.84
4451,189961,david.king189961@bigcorp.test,David,King,Dallas,TX,75206,US,32.744225,-97.001662,standard,2810.44
4452,189969,robin.allen189969@bigcorp.test,Robin,Allen,San Diego,CA,92105,US,32.935908,-116.93137,standard,2281.08
4453,189970,jordan.smith189970@bigcorp.test,Jordan,Smith,Philadelphia,PA,19104,US,39.978263,-75.249441,standard,3747.08
4454,190080,parker.king190080@bigcorp.test,Parker,King,Indianapolis,IN,46202,US,39.670408,-86.306765,standard,4588.6
4455,190083,morgan.clark190083@bigcorp.test,Morgan,Clark,Dallas,TX,75206,US,33.079993,-97.151478,standard,2982.08
4456,190117,avery.lewis190117@bigcorp.test,Avery,Lewis,Dallas,TX,75206,US,32.531158,-96.756601,preferred,5171.24
4457,190144,anne.lopez190144@bigcorp.test,Anne,Lopez,Dallas,TX,75206,US,32.61491,-96.678185,standard,2758.72
4458,190221,sam.jones190221@bigcorp.test,Sam,Jones,Dallas,TX,75206,US,32.944972,-97.084137,standard,1445.72
4459,190222,adam.allen190222@bigcorp.test,Adam,Allen,San Diego,CA,92105,US,32.957054,-116.926464,standard,6749.44
4460,190338,sam.hall190338@bigcorp.test,Sam,Hall,San Diego,CA,92105,US,33.083637,-117.14927,preferred,5945.6
4461,190409,reese.lee190409@bigcorp.test,Reese,Lee,Dallas,TX,75206,US,32.718946,-97.128964,standard,5404.68
4462,190589,dana.king190589@bigcorp.test,Dana,King,Dallas,TX,75206,US,32.754744,-96.942902,standard,4518.44
4463,190665,sam.smith190665@bigcorp.test,Sam,Smith,Dallas,TX,75206,US,32.720428,-96.782633,preferred,754.16
4464,190671,cameron.martin190671@bigcorp.test,Cameron,Martin,Dallas,TX,75206,US,32.921472,-96.733873,standard,5552.64
4465,190742,sam.smith190742@bigcorp.test,Sam,Smith,Dallas,TX,75206,US,32.695946,-97.123274,standard,3884.72
4466,190749,anne.lopez190749@bigcorp.test,Anne,Lopez,Dallas,TX,75206,US,32.527611,-97.197773,standard,3755.8
4467,190768,blake.brown190768@bigcorp.test,Blake,Brown,Austin,TX,78704,US,30.365073,-98.032815,standard,2182.32
4468,190802,adam.smith190802@bigcorp.test,Adam,Smith,Dallas,TX,75206,US,33.051627,-97.145585,preferred,1264.52
4469,190848,robin.young190848@bigcorp.test,Robin,Young,Dallas,TX,75206,US,32.994019,-96.573002,standard,400.0
4470,190859,quinn.patel190859@bigcorp.test,Quinn,Patel,Dallas,TX,75206,US,32.537475,-96.605477,standard,2765.52
4471,190880,jordan.nguyen190880@bigcorp.test,Jordan,Nguyen,Dallas,TX,75206,US,32.446602,-96.621763,preferred,4429.76
4472,190887,parker.kim190887@bigcorp.test,Parker,Kim,Dallas,TX,75206,US,32.548138,-97.181438,standard,3502.96
4473,190889,avery.chen190889@bigcorp.test,Avery,Chen,Dallas,TX,75206,US,32.405186,-96.736838,preferred,4209.44
4474,190977,parker.allen190977@bigcorp.test,Parker,Allen,Columbus,OH,43203,US,40.128484,-82.97896,vip,2314.8
4475,190988,kendall.young190988@bigcorp.test,Kendall,Young,Dallas,TX,75206,US,33.018576,-96.998959,standard,2737.4
4476,190992,jordan.smith190992@bigcorp.test,Jordan,Smith,Dallas,TX,75206,US,32.556207,-96.963447,standard,4263.4
4477,191027,reese.nguyen191027@bigcorp.test,Reese,Nguyen,Dallas,TX,75206,US,32.983388,-96.774103,standard,5131.76
4478,191039,rowan.smith191039@bigcorp.test,Rowan,Smith,Dallas,TX,75206,US,32.660406,-96.65162,standard,2972.52
4479,191045,adam.clark191045@bigcorp.test,Adam,Clark,Dallas,TX,75206,US,33.020337,-96.847185,preferred,2612.68
4480,191132,casey.hall191132@bigcorp.test,Casey,Hall,Dallas,TX,75206,US,32.528107,-96.786237,preferred,1925.6
4481,191192,jamie.king191192@bigcorp.test,Jamie,King,Dallas,TX,75206,US,32.628021,-96.791099,standard,3981.88
4482,191249,anne.smith191249@bigcorp.test,Anne,Smith,San Diego,CA,92105,US,33.007,-116.904166,standard,3250.64
4483,191283,blake.young191283@bigcorp.test,Blake,Young,Dallas,TX,75206,US,32.535669,-96.521413,vip,5329.12
4484,191308,parker.lee191308@bigcorp.test,Parker,Lee,Austin,TX,78702,US,30.294547,-97.754608,standard,3613.04
4485,191317,jamie.lewis191317@bigcorp.test,Jamie,Lewis,Dallas,TX,75206,US,33.065742,-96.739985,preferred,3773.24
4486,191395,emerson.lee191395@bigcorp.test,Emerson,Lee,San Diego,CA,92105,US,33.009063,-117.468122,standard,2814.24
4487,191424,casey.hall191424@bigcorp.test,Casey,Hall,San Diego,CA,92105,US,32.570356,-117.278962,standard,7941.04
4488,191488,jamie.patel191488@bigcorp.test,Jamie,Patel,Indianapolis,IN,46202,US,40.131338,-86.335183,vip,1566.8
4489,191490,david.martin191490@bigcorp.test,David,Martin,Dallas,TX,75206,US,33.039508,-96.926097,standard,2394.24
4490,191586,avery.jones191586@bigcorp.test,Avery,Jones,Dallas,TX,75206,US,32.49404,-96.746845,standard,5879.72
4491,191587,riley.smith191587@bigcorp.test,Riley,Smith,San Diego,CA,92105,US,33.048255,-117.217407,standard,400.0
4492,191632,morgan.lewis191632@bigcorp.test,Morgan,Lewis,Indianapolis,IN,46202,US,39.742556,-85.981735,standard,4468.08
4493,191640,robin.chen191640@bigcorp.test,Robin,Chen,Dallas,TX,75206,US,32.432184,-97.074761,standard,2653.64
4494,191660,quinn.garcia191660@bigcorp.test,Quinn,Garcia,Dallas,TX,75206,US,32.826025,-96.634355,vip,1618.08
4495,191772,alex.brown191772@bigcorp.test,Alex,Brown,Dallas,TX,75206,US,32.537829,-96.597966,standard,1803.84
4496,191775,anne.nguyen191775@bigcorp.test,Anne,Nguyen,Dallas,TX,75206,US,32.595931,-96.573922,standard,847.6
4497,191806,kendall.jones191806@bigcorp.test,Kendall,Jones,Dallas,TX,75206,US,32.453898,-96.820866,standard,5157.36
4498,191811,jordan.lewis191811@bigcorp.test,Jordan,Lewis,Dallas,TX,75206,US,32.404453,-97.169113,standard,2805.0
4499,191822,taylor.nguyen191822@bigcorp.test,Taylor,Nguyen,Dallas,TX,75206,US,32.748263,-97.132893,preferred,3378.28
4500,191872,jamie.lee191872@bigcorp.test,Jamie,Lee,San Diego,CA,92105,US,32.833983,-117.32218,standard,1428.28
4501,191902,robin.nguyen191902@bigcorp.test,Robin,Nguyen,Dallas,TX,75206,US,32.533648,-96.850829,standard,3261.2
4502,191903,blake.young191903@bigcorp.test,Blake,Young,Dallas,TX,75206,US,32.616907,-96.652633,standard,3435.44
4503,191913,casey.garcia191913@bigcorp.test,Casey,Garcia,Dallas,TX,75206,US,32.910711,-96.965682,standard,4263.36
4504,191968,jamie.allen191968@bigcorp.test,Jamie,Allen,Columbus,OH,43203,US,39.851637,-82.614438,standard,4311.12
4505,191980,alex.lewis191980@bigcorp.test,Alex,Lewis,San Jose,CA,95110,US,37.590405,-121.865611,standard,1260.4
4506,191984,anne.young191984@bigcorp.test,Anne,Young,Dallas,TX,75206,US,32.661026,-97.05394,standard,2622.4
4507,192025,blake.jones192025@bigcorp.test,Blake,Jones,Austin,TX,78702,US,30.35202,-98.074307,standard,3606.92
4508,192057,emerson.king192057@bigcorp.test,Emerson,King,Dallas,TX,75206,US,32.76276,-97.153063,standard,3399.12
4509,192061,avery.smith192061@bigcorp.test,Avery,Smith,Dallas,TX,75206,US,32.708199,-96.564463,standard,3072.4
4510,192072,quinn.martin192072@bigcorp.test,Quinn,Martin,Dallas,TX,75206,US,33.087936,-96.930054,standard,4951.12
4511,192111,parker.lewis192111@bigcorp.test,Parker,Lewis,San Diego,CA,92105,US,32.87904,-117.199481,standard,1097.0
4512,192112,david.walker192112@bigcorp.test,David,Walker,San Diego,CA,92105,US,32.53102,-117.055425,standard,3513.88
4513,192122,avery.allen192122@bigcorp.test,Avery,Allen,San Diego,CA,92105,US,33.092146,-117.093609,standard,4947.84
4514,192125,hayden.chen192125@bigcorp.test,Hayden,Chen,Columbus,OH,43203,US,40.074013,-82.762156,standard,1360.4
4515,192141,jordan.martin192141@bigcorp.test,Jordan,Martin,Dallas,TX,75206,US,32.635621,-96.74841,standard,1104.24
4516,192209,robin.lee192209@bigcorp.test,Robin,Lee,Dallas,TX,75206,US,32.945203,-96.969489,standard,3805.76
4517,192228,rowan.martin192228@bigcorp.test,Rowan,Martin,San Diego,CA,92105,US,32.533788,-117.191505,preferred,2436.28
4518,192253,reese.lopez192253@bigcorp.test,Reese,Lopez,Indianapolis,IN,46202,US,39.737997,-86.145126,standard,3751.08
4519,192286,anne.lee192286@bigcorp.test,Anne,Lee,Dallas,TX,75206,US,32.706842,-96.561953,standard,3489.76
4520,192331,taylor.allen192331@bigcorp.test,Taylor,Allen,Dallas,TX,75206,US,33.052617,-96.920645,standard,1328.04
4521,192338,kendall.patel192338@bigcorp.test,Kendall,Patel,Columbus,OH,43203,US,40.033041,-82.649802,standard,3265.36
4522,192340,jordan.walker192340@bigcorp.test,Jordan,Walker,Dallas,TX,75206,US,32.807842,-96.870184,standard,2564.68
4523,192402,taylor.lee192402@bigcorp.test,Taylor,Lee,Dallas,TX,75206,US,33.036345,-96.843643,preferred,8113.36
4524,192460,hayden.walker192460@bigcorp.test,Hayden,Walker,Dallas,TX,75206,US,32.511568,-97.114892,standard,400.0
4525,192494,sam.nguyen192494@bigcorp.test,Sam,Nguyen,Dallas,TX,75206,US,32.606185,-97.022507,standard,4131.12
4526,192545,robin.young192545@bigcorp.test,Robin,Young,Dallas,TX,75206,US,32.447929,-96.787131,preferred,1485.8
4527,192586,adam.brown192586@bigcorp.test,Adam,Brown,San Diego,CA,92105,US,32.469647,-117.434737,standard,2509.88
4528,192606,cameron.clark192606@bigcorp.test,Cameron,Clark,Dallas,TX,75206,US,32.63982,-96.659728,standard,3550.36
4529,192622,taylor.garcia192622@bigcorp.test,Taylor,Garcia,Dallas,TX,75206,US,32.472395,-96.508959,standard,4014.92
4530,192747,quinn.king192747@bigcorp.test,Quinn,King,Dallas,TX,75206,US,32.812194,-96.734352,standard,3716.44
4531,192833,adam.young192833@bigcorp.test,Adam,Young,Dallas,TX,75206,US,32.496365,-96.733825,standard,1935.32
4532,192839,casey.smith192839@bigcorp.test,Casey,Smith,Austin,TX,78702,US,30.437848,-97.982411,preferred,3742.08
4533,192905,adam.king192905@bigcorp.test,Adam,King,Dallas,TX,75206,US,32.673532,-96.736311,standard,2362.2
4534,192914,cameron.smith192914@bigcorp.test,Cameron,Smith,Dallas,TX,75206,US,32.876599,-96.5417,standard,4016.88
4535,192963,anne.lopez192963@bigcorp.test,Anne,Lopez,Dallas,TX,75206,US,32.860662,-96.540698,standard,5224.76
4536,192981,david.martin192981@bigcorp.test,David,Martin,Dallas,TX,75206,US,32.816665,-96.801729,standard,2833.04
4537,193030,emerson.kim193030@bigcorp.test,Emerson,Kim,Dallas,TX,75206,US,32.815507,-96.83621,standard,5786.52
4538,193087,jordan.patel193087@bigcorp.test,Jordan,Patel,San Diego,CA,92105,US,32.743222,-117.251296,preferred,3072.64
4539,193115,alex.brown193115@bigcorp.test,Alex,Brown,Dallas,TX,75206,US,32.542761,-96.694866,standard,3613.24
4540,193129,robin.kim193129@bigcorp.test,Robin,Kim,Dallas,TX,75206,US,32.593541,-97.161248,preferred,1528.64
4541,193134,alex.smith193134@bigcorp.test,Alex,Smith,San Diego,CA,92105,US,32.619706,-117.446276,standard,4966.64
4542,193158,cameron.chen193158@bigcorp.test,Cameron,Chen,Dallas,TX,75206,US,32.442131,-96.91487,standard,2276.76
4543,193164,blake.lopez193164@bigcorp.test,Blake,Lopez,Philadelphia,PA,19102,US,40.052366,-75.42933,standard,3535.0
4544,193191,avery.lewis193191@bigcorp.test,Avery,Lewis,Austin,TX,78702,US,30.397171,-97.920061,standard,4586.12
4545,193231,sam.young193231@bigcorp.test,Sam,Young,Dallas,TX,75206,US,32.995252,-96.993208,standard,3169.6
4546,193234,anne.clark193234@bigcorp.test,Anne,Clark,Dallas,TX,75206,US,32.945656,-97.085577,standard,4577.32
4547,193254,anne.clark193254@bigcorp.test,Anne,Clark,Dallas,TX,75206,US,32.575609,-96.853701,standard,4533.6
4548,193269,adam.young193269@bigcorp.test,Adam,Young,Dallas,TX,75206,US,32.730686,-96.56389,standard,1004.44
4549,193414,riley.wilson193414@bigcorp.test,Riley,Wilson,Columbus,OH,43203,US,40.273277,-83.017272,standard,5151.52
4550,193439,reese.allen193439@bigcorp.test,Reese,Allen,Dallas,TX,75206,US,32.572777,-96.937719,standard,4622.64
4551,193501,adam.brown193501@bigcorp.test,Adam,Brown,Indianapolis,IN,46202,US,39.61061,-85.90047,standard,2828.56
4552,193511,quinn.king193511@bigcorp.test,Quinn,King,Austin,TX,78702,US,30.369324,-97.559191,standard,2750.28
4553,193545,taylor.walker193545@bigcorp.test,Taylor,Walker,Columbus,OH,43203,US,40.007467,-83.076746,preferred,3049.8
4554,193570,blake.wilson193570@bigcorp.test,Blake,Wilson,Dallas,TX,75206,US,32.414147,-96.909738,standard,5100.36
4555,193626,alex.smith193626@bigcorp.test,Alex,Smith,Dallas,TX,75206,US,32.958751,-96.61232,standard,5862.64
4556,193712,riley.smith193712@bigcorp.test,Riley,Smith,Dallas,TX,75206,US,32.429311,-96.946415,standard,1861.44
4557,193810,parker.smith193810@bigcorp.test,Parker,Smith,Dallas,TX,75206,US,33.001472,-97.024313,standard,3407.68
4558,193823,blake.king193823@bigcorp.test,Blake,King,Dallas,TX,75206,US,32.50859,-96.700055,preferred,1279.12
4559,193884,reese.brown193884@bigcorp.test,Reese,Brown,Dallas,TX,75206,US,32.769639,-97.027143,standard,1328.04
4560,193888,david.chen193888@bigcorp.test,David,Chen,Dallas,TX,75206,US,32.738785,-96.956791,standard,4559.48
4561,193924,adam.chen193924@bigcorp.test,Adam,Chen,Dallas,TX,75206,US,32.492887,-97.078626,standard,4272.6
4562,194020,morgan.patel194020@bigcorp.test,Morgan,Patel,San Diego,CA,92105,US,32.485869,-117.450186,standard,3157.44
4563,194042,sam.nguyen194042@bigcorp.test,Sam,Nguyen,Austin,TX,78702,US,30.175091,-98.012402,standard,3078.4
4564,194109,cameron.walker194109@bigcorp.test,Cameron,Walker,Dallas,TX,75206,US,32.527535,-96.609054,standard,2947.68
4565,194116,alex.king194116@bigcorp.test,Alex,King,Dallas,TX,75206,US,32.770769,-96.852217,standard,3634.0
4566,194119,cameron.smith194119@bigcorp.test,Cameron,Smith,Columbus,OH,43203,US,40.01285,-82.739991,standard,5858.88
4567,194123,jordan.chen194123@bigcorp.test,Jordan,Chen,Dallas,TX,75206,US,32.938773,-96.579568,standard,5128.4
4568,194152,sam.lopez194152@bigcorp.test,Sam,Lopez,Dallas,TX,75206,US,33.030323,-96.736844,standard,2335.6
4569,194162,cameron.chen194162@bigcorp.test,Cameron,Chen,San Diego,CA,92105,US,32.913121,-116.943814,standard,3585.64
4570,194180,casey.king194180@bigcorp.test,Casey,King,Dallas,TX,75206,US,32.812572,-97.078815,standard,3987.32
4571,194187,robin.walker194187@bigcorp.test,Robin,Walker,Dallas,TX,75206,US,32.65129,-96.55033,standard,4426.08
4572,194206,avery.king194206@bigcorp.test,Avery,King,Columbus,OH,43203,US,39.814167,-82.991499,standard,2156.56
4573,194220,blake.brown194220@bigcorp.test,Blake,Brown,San Diego,CA,92105,US,32.633464,-117.453712,preferred,3162.36
4574,194282,riley.brown194282@bigcorp.test,Riley,Brown,Dallas,TX,75206,US,32.755702,-96.519951,standard,3550.76
4575,194290,adam.brown194290@bigcorp.test,Adam,Brown,Columbus,OH,43203,US,39.71806,-83.012713,standard,4415.6
4576,194367,adam.jones194367@bigcorp.test,Adam,Jones,Dallas,TX,75206,US,32.69295,-96.70407,preferred,1569.48
4577,194408,rowan.hall194408@bigcorp.test,Rowan,Hall,Dallas,TX,75206,US,32.638861,-97.123125,preferred,3669.0
4578,194528,morgan.singh194528@bigcorp.test,Morgan,Singh,Dallas,TX,75206,US,32.810675,-97.030986,standard,2382.92
4579,194558,blake.allen194558@bigcorp.test,Blake,Allen,Dallas,TX,75206,US,32.967566,-96.771084,preferred,1999.08
4580,194560,david.smith194560@bigcorp.test,David,Smith,Dallas,TX,75206,US,32.763139,-96.932569,standard,3660.24
4581,194570,morgan.patel194570@bigcorp.test,Morgan,Patel,Dallas,TX,75206,US,32.60814,-96.712152,vip,2898.56
4582,194597,sam.singh194597@bigcorp.test,Sam,Singh,Dallas,TX,75206,US,32.460241,-97.027031,standard,2617.52
4583,194615,morgan.smith194615@bigcorp.test,Morgan,Smith,Dallas,TX,75206,US,32.741049,-96.820179,standard,3550.96
4584,194646,adam.brown194646@bigcorp.test,Adam,Brown,Dallas,TX,75206,US,32.903781,-96.81374,standard,3748.96
4585,194661,taylor.wilson194661@bigcorp.test,Taylor,Wilson,San Diego,CA,92105,US,32.514076,-117.143544,standard,3012.28
4586,194805,parker.kim194805@bigcorp.test,Parker,Kim,Dallas,TX,75206,US,32.889476,-96.654576,standard,3166.2
4587,194836,sam.brown194836@bigcorp.test,Sam,Brown,Dallas,TX,75206,US,32.888647,-96.782803,standard,2974.88
4588,194948,taylor.smith194948@bigcorp.test,Taylor,Smith,Dallas,TX,75206,US,32.81066,-96.591056,standard,2608.04
4589,194954,anne.nguyen194954@bigcorp.test,Anne,Nguyen,Dallas,TX,75206,US,32.978745,-96.515204,standard,6144.88
4590,195009,avery.smith195009@bigcorp.test,Avery,Smith,Dallas,TX,75206,US,32.750137,-96.705036,standard,3017.36
4591,195016,hayden.king195016@bigcorp.test,Hayden,King,Dallas,TX,75206,US,33.037144,-97.123712,vip,2823.52
4592,195035,adam.patel195035@bigcorp.test,Adam,Patel,Dallas,TX,75206,US,32.61504,-97.040997,standard,3658.96
4593,195083,alex.smith195083@bigcorp.test,Alex,Smith,Dallas,TX,75206,US,32.894527,-96.880031,standard,1510.92
4594,195144,alex.clark195144@bigcorp.test,Alex,Clark,Austin,TX,78702,US,30.379002,-97.594422,standard,1329.92
4595,195296,rowan.kim195296@bigcorp.test,Rowan,Kim,Dallas,TX,75206,US,33.057287,-96.980146,standard,4974.24
4596,195303,david.kim195303@bigcorp.test,David,Kim,Austin,TX,78702,US,30.373394,-97.713123,standard,4142.72
4597,195319,adam.smith195319@bigcorp.test,Adam,Smith,San Diego,CA,92105,US,32.965138,-117.233639,standard,2125.48
4598,195329,dana.lopez195329@bigcorp.test,Dana,Lopez,Austin,TX,78702,US,30.516913,-97.993281,standard,4489.72
4599,195378,sam.young195378@bigcorp.test,Sam,Young,Dallas,TX,75206,US,32.557776,-96.76823,standard,2808.64
4600,195410,morgan.brown195410@bigcorp.test,Morgan,Brown,Dallas,TX,75206,US,32.81418,-96.549576,standard,3976.72
4601,195453,dana.allen195453@bigcorp.test,Dana,Allen,Dallas,TX,75206,US,32.963506,-96.627448,standard,2852.56
4602,195459,alex.wilson195459@bigcorp.test,Alex,Wilson,Dallas,TX,75206,US,32.769621,-97.094818,standard,3025.72
4603,195562,anne.lopez195562@bigcorp.test,Anne,Lopez,Indianapolis,IN,46202,US,40.020182,-86.232689,standard,2180.2
4604,195670,quinn.patel195670@bigcorp.test,Quinn,Patel,Dallas,TX,75206,US,32.75395,-96.771796,standard,6954.92
4605,195678,emerson.wilson195678@bigcorp.test,Emerson,Wilson,Columbus,OH,43201,US,39.679169,-82.941194,standard,2158.52
4606,195730,dana.clark195730@bigcorp.test,Dana,Clark,Dallas,TX,75206,US,32.549523,-96.87283,standard,2356.0
4607,195739,david.patel195739@bigcorp.test,David,Patel,Dallas,TX,75206,US,32.561241,-97.115052,standard,4787.64
4608,195816,riley.garcia195816@bigcorp.test,Riley,Garcia,San Diego,CA,92105,US,32.913515,-116.837431,preferred,4745.64
4609,195818,rowan.allen195818@bigcorp.test,Rowan,Allen,Dallas,TX,75206,US,32.679004,-97.117342,preferred,2778.72
4610,195857,quinn.kim195857@bigcorp.test,Quinn,Kim,San Diego,CA,92105,US,32.890583,-117.199609,standard,2132.44
4611,195905,morgan.wilson195905@bigcorp.test,Morgan,Wilson,Dallas,TX,75206,US,33.08103,-97.095216,standard,4730.48
4612,195921,parker.walker195921@bigcorp.test,Parker,Walker,Dallas,TX,75206,US,33.007191,-96.997777,standard,4608.64
4613,195929,hayden.king195929@bigcorp.test,Hayden,King,Philadelphia,PA,19104,US,40.262464,-74.996645,preferred,2994.0
4614,195959,blake.chen195959@bigcorp.test,Blake,Chen,Dallas,TX,75206,US,33.048028,-96.780217,preferred,3377.88
4615,196057,parker.patel196057@bigcorp.test,Parker,Patel,San Diego,CA,92105,US,32.398702,-117.309343,standard,2574.24
4616,196075,alex.chen196075@bigcorp.test,Alex,Chen,Dallas,TX,75206,US,32.611972,-97.116578,standard,3683.04
4617,196100,taylor.wilson196100@bigcorp.test,Taylor,Wilson,Dallas,TX,75206,US,33.073006,-97.133503,standard,1709.36
4618,196105,casey.jones196105@bigcorp.test,Casey,Jones,Columbus,OH,43203,US,40.096045,-82.536034,preferred,3105.36
4619,196152,jamie.nguyen196152@bigcorp.test,Jamie,Nguyen,Phoenix,AZ,85018,US,33.392516,-112.282924,standard,4815.84
4620,196207,riley.patel196207@bigcorp.test,Riley,Patel,Dallas,TX,75206,US,32.998746,-96.852147,standard,3531.64
4621,196235,sam.patel196235@bigcorp.test,Sam,Patel,Dallas,TX,75206,US,32.861461,-97.069108,standard,2967.64
4622,196304,jordan.brown196304@bigcorp.test,Jordan,Brown,San Diego,CA,92105,US,32.8916,-116.894327,preferred,4705.52
4623,196419,reese.allen196419@bigcorp.test,Reese,Allen,Dallas,TX,75206,US,33.084005,-96.99134,preferred,4995.12
4624,196425,alex.young196425@bigcorp.test,Alex,Young,Dallas,TX,75206,US,32.935877,-97.106353,standard,3790.88
4625,196433,alex.chen196433@bigcorp.test,Alex,Chen,Dallas,TX,75206,US,32.477303,-96.773606,preferred,2773.6
4626,196445,riley.young196445@bigcorp.test,Riley,Young,San Diego,CA,92105,US,32.642154,-117.161345,standard,4852.2
4627,196498,quinn.wilson196498@bigcorp.test,Quinn,Wilson,Austin,TX,78702,US,30.445154,-98.020872,standard,3848.44
4628,196503,riley.smith196503@bigcorp.test,Riley,Smith,Dallas,TX,75206,US,32.866988,-96.915637,standard,6244.68
4629,196537,quinn.patel196537@bigcorp.test,Quinn,Patel,Dallas,TX,75206,US,32.835296,-96.96397,standard,2910.12
4630,196547,adam.patel196547@bigcorp.test,Adam,Patel,Dallas,TX,75206,US,32.645569,-97.134112,standard,2423.88
4631,196562,jamie.smith196562@bigcorp.test,Jamie,Smith,Dallas,TX,75206,US,32.812272,-96.845173,standard,4236.96
4632,196602,cameron.garcia196602@bigcorp.test,Cameron,Garcia,Dallas,TX,75206,US,32.522055,-96.864138,standard,3985.2
4633,196619,avery.kim196619@bigcorp.test,Avery,Kim,San Diego,CA,92105,US,32.918475,-117.405847,standard,2680.48
4634,196627,rowan.hall196627@bigcorp.test,Rowan,Hall,Dallas,TX,75206,US,33.09273,-96.697223,vip,4484.16
4635,196681,cameron.martin196681@bigcorp.test,Cameron,Martin,Dallas,TX,75206,US,32.917366,-97.12908,standard,2838.12
4636,196697,avery.martin196697@bigcorp.test,Avery,Martin,Dallas,TX,75206,US,32.471323,-96.821726,standard,5816.72
4637,196714,morgan.nguyen196714@bigcorp.test,Morgan,Nguyen,Dallas,TX,75206,US,32.724031,-96.68619,standard,2972.44
4638,196737,alex.lopez196737@bigcorp.test,Alex,Lopez,Columbus,OH,43203,US,40.091803,-82.839578,standard,5460.84
4639,196826,adam.young196826@bigcorp.test,Adam,Young,Dallas,TX,75206,US,32.81405,-96.625293,standard,3654.92
4640,196834,quinn.lopez196834@bigcorp.test,Quinn,Lopez,Dallas,TX,75206,US,32.79239,-96.918464,standard,2630.88
4641,196842,adam.lopez196842@bigcorp.test,Adam,Lopez,Dallas,TX,75206,US,32.461513,-96.526505,vip,2691.44
4642,196848,dana.kim196848@bigcorp.test,Dana,Kim,Dallas,TX,75206,US,32.520657,-96.883326,standard,3508.56
4643,196870,alex.young196870@bigcorp.test,Alex,Young,Dallas,TX,75206,US,32.817426,-97.020693,preferred,400.0
4644,196875,morgan.smith196875@bigcorp.test,Morgan,Smith,Indianapolis,IN,46202,US,39.524652,-85.830107,standard,2026.0
4645,196907,morgan.lopez196907@bigcorp.test,Morgan,Lopez,San Diego,CA,92105,US,32.67055,-117.514601,preferred,6721.76
4646,196920,dana.smith196920@bigcorp.test,Dana,Smith,Dallas,TX,75206,US,32.905323,-97.131614,standard,2632.84
4647,196927,blake.jones196927@bigcorp.test,Blake,Jones,Dallas,TX,75206,US,32.847495,-96.964903,standard,3534.64
4648,196974,rowan.martin196974@bigcorp.test,Rowan,Martin,Dallas,TX,75206,US,32.699726,-96.762736,standard,2937.0
4649,197066,robin.lopez197066@bigcorp.test,Robin,Lopez,Dallas,TX,75206,US,32.624573,-96.589934,preferred,3849.28
4650,197123,jordan.patel197123@bigcorp.test,Jordan,Patel,Dallas,TX,75206,US,32.975153,-97.102085,standard,4320.2
4651,197174,robin.singh197174@bigcorp.test,Robin,Singh,San Diego,CA,92105,US,33.050113,-117.238069,vip,4335.76
4652,197214,cameron.garcia197214@bigcorp.test,Cameron,Garcia,San Diego,CA,92105,US,32.541417,-117.18332,standard,2062.12
4653,197225,adam.clark197225@bigcorp.test,Adam,Clark,San Diego,CA,92105,US,32.601555,-116.8701,standard,5013.24
4654,197273,reese.garcia197273@bigcorp.test,Reese,Garcia,Dallas,TX,75206,US,32.629995,-97.117217,standard,3213.68
4655,197290,emerson.patel197290@bigcorp.test,Emerson,Patel,Dallas,TX,75206,US,33.005934,-96.686277,standard,2900.76
4656,197339,morgan.allen197339@bigcorp.test,Morgan,Allen,Dallas,TX,75206,US,32.483357,-96.965239,standard,2593.16
4657,197349,kendall.chen197349@bigcorp.test,Kendall,Chen,Dallas,TX,75206,US,32.861312,-96.982958,preferred,2783.0
4658,197369,emerson.patel197369@bigcorp.test,Emerson,Patel,Columbus,OH,43203,US,39.684412,-82.709019,preferred,7973.36
4659,197484,rowan.jones197484@bigcorp.test,Rowan,Jones,Dallas,TX,75206,US,32.539259,-97.180114,preferred,1097.2
4660,197515,sam.nguyen197515@bigcorp.test,Sam,Nguyen,Columbus,OH,43203,US,40.194838,-82.610664,standard,6143.32
4661,197541,cameron.smith197541@bigcorp.test,Cameron,Smith,Dallas,TX,75206,US,32.88135,-96.935234,preferred,3901.24
4662,197545,rowan.lee197545@bigcorp.test,Rowan,Lee,San Diego,CA,92105,US,33.066431,-116.992927,standard,2401.0
4663,197606,riley.lopez197606@bigcorp.test,Riley,Lopez,Dallas,TX,75206,US,33.068261,-96.948653,standard,400.0
4664,197645,sam.lee197645@bigcorp.test,Sam,Lee,Philadelphia,PA,19103,US,39.85291,-75.419608,standard,3439.12
4665,197687,riley.jones197687@bigcorp.test,Riley,Jones,Dallas,TX,75206,US,32.586074,-96.765688,standard,2626.76
4666,197692,dana.nguyen197692@bigcorp.test,Dana,Nguyen,Dallas,TX,75206,US,32.44595,-96.67276,standard,2965.0
4667,197720,jamie.singh197720@bigcorp.test,Jamie,Singh,Dallas,TX,75206,US,33.007405,-96.776877,standard,1514.76
4668,197753,robin.brown197753@bigcorp.test,Robin,Brown,Columbus,OH,43203,US,40.014243,-82.675234,standard,4456.28
4669,197763,emerson.allen197763@bigcorp.test,Emerson,Allen,Dallas,TX,75206,US,32.672474,-96.99461,standard,1960.96
4670,197769,anne.lewis197769@bigcorp.test,Anne,Lewis,Dallas,TX,75206,US,32.952522,-97.112582,standard,5012.4
4671,197772,david.king197772@bigcorp.test,David,King,San Diego,CA,92105,US,32.417224,-117.40126,standard,1902.68
4672,197969,jordan.nguyen197969@bigcorp.test,Jordan,Nguyen,Dallas,TX,75206,US,32.945611,-96.552508,standard,792.44
4673,197970,rowan.brown197970@bigcorp.test,Rowan,Brown,San Jose,CA,95110,US,37.575501,-121.706318,standard,1000.8
4674,197999,sam.lopez197999@bigcorp.test,Sam,Lopez,Dallas,TX,75206,US,32.431259,-97.067631,standard,1791.24
4675,198124,dana.wilson198124@bigcorp.test,Dana,Wilson,San Diego,CA,92105,US,32.814664,-117.351641,preferred,2079.96
4676,198320,reese.clark198320@bigcorp.test,Reese,Clark,Austin,TX,78702,US,29.981609,-98.034245,standard,2197.72
4677,198345,quinn.lee198345@bigcorp.test,Quinn,Lee,San Diego,CA,92105,US,32.465741,-116.83924,standard,2406.76
4678,198413,anne.wilson198413@bigcorp.test,Anne,Wilson,San Diego,CA,92105,US,32.723745,-116.900981,standard,4645.84
4679,198489,jordan.allen198489@bigcorp.test,Jordan,Allen,San Diego,CA,92105,US,32.717401,-117.474404,standard,3450.28
4680,198508,dana.singh198508@bigcorp.test,Dana,Singh,Dallas,TX,75206,US,32.734717,-96.935736,standard,4720.36
4681,198526,sam.smith198526@bigcorp.test,Sam,Smith,Dallas,TX,75206,US,32.849671,-96.814387,standard,2537.48
4682,198552,alex.smith198552@bigcorp.test,Alex,Smith,San Diego,CA,92105,US,32.525803,-117.415601,standard,4392.04
4683,198603,parker.garcia198603@bigcorp.test,Parker,Garcia,Dallas,TX,75206,US,32.876261,-97.153104,standard,2013.12
4684,198619,taylor.smith198619@bigcorp.test,Taylor,Smith,Dallas,TX,75206,US,33.030787,-97.040186,preferred,3874.12
4685,198620,david.wilson198620@bigcorp.test,David,Wilson,San Diego,CA,92105,US,33.034531,-117.277269,preferred,1514.88
4686,198675,parker.kim198675@bigcorp.test,Parker,Kim,Phoenix,AZ,85018,US,33.798585,-112.305512,vip,4144.12
4687,198732,kendall.wilson198732@bigcorp.test,Kendall,Wilson,Dallas,TX,75206,US,32.468842,-96.804635,standard,3996.92
4688,198752,hayden.garcia198752@bigcorp.test,Hayden,Garcia,Dallas,TX,75206,US,32.962088,-96.619776,standard,1795.56
4689,198939,anne.garcia198939@bigcorp.test,Anne,Garcia,Dallas,TX,75206,US,32.897727,-96.724902,standard,3302.92
4690,198983,cameron.walker198983@bigcorp.test,Cameron,Walker,Columbus,OH,43203,US,40.130173,-82.722183,standard,3598.8
4691,199026,avery.martin199026@bigcorp.test,Avery,Martin,Dallas,TX,75206,US,32.83218,-96.680555,standard,2324.12
4692,199029,rowan.smith199029@bigcorp.test,Rowan,Smith,Dallas,TX,75206,US,32.504961,-96.633692,standard,5020.2
4693,199097,hayden.hall199097@bigcorp.test,Hayden,Hall,Dallas,TX,75206,US,32.397338,-97.025515,standard,588.68
4694,199106,avery.lee199106@bigcorp.test,Avery,Lee,Seattle,WA,98104,US,47.962124,-122.206879,preferred,4282.6
4695,199109,robin.smith199109@bigcorp.test,Robin,Smith,San Diego,CA,92105,US,32.753206,-117.37455,standard,5901.32
4696,199172,dana.wilson199172@bigcorp.test,Dana,Wilson,Dallas,TX,75206,US,32.62576,-97.158959,standard,4405.48
4697,199242,parker.brown199242@bigcorp.test,Parker,Brown,Dallas,TX,75206,US,32.972432,-96.873995,standard,2963.84
4698,199244,quinn.garcia199244@bigcorp.test,Quinn,Garcia,Dallas,TX,75206,US,32.53416,-96.67917,standard,2349.36
4699,199295,casey.hall199295@bigcorp.test,Casey,Hall,San Diego,CA,92105,US,32.482268,-117.374993,standard,1484.2
4700,199322,jamie.brown199322@bigcorp.test,Jamie,Brown,Dallas,TX,75206,US,32.888631,-97.008218,standard,1717.04
4701,199332,casey.singh199332@bigcorp.test,Casey,Singh,Austin,TX,78702,US,30.496942,-97.503299,standard,1425.24
4702,199335,jamie.kim199335@bigcorp.test,Jamie,Kim,Philadelphia,PA,19104,US,39.753812,-75.186127,standard,4068.56
4703,199376,taylor.smith199376@bigcorp.test,Taylor,Smith,Dallas,TX,75206,US,32.447674,-96.726419,standard,3454.8
4704,199380,riley.young199380@bigcorp.test,Riley,Young,Columbus,OH,43201,US,39.841167,-82.800032,standard,3751.12
4705,199396,riley.martin199396@bigcorp.test,Riley,Martin,Los Angeles,CA,90012,US,34.180174,-118.603806,vip,4221.24
4706,199407,sam.hall199407@bigcorp.test,Sam,Hall,Philadelphia,PA,19104,US,39.852169,-75.16961,standard,3920.44
4707,199489,jordan.martin199489@bigcorp.test,Jordan,Martin,Dallas,TX,75206,US,32.69895,-96.988977,standard,3969.16
4708,199520,taylor.clark199520@bigcorp.test,Taylor,Clark,San Jose,CA,95110,US,37.224322,-122.137502,standard,3070.0
4709,199563,sam.lewis199563@bigcorp.test,Sam,Lewis,Dallas,TX,75206,US,32.975564,-96.956264,standard,2106.36
4710,199571,jamie.nguyen199571@bigcorp.test,Jamie,Nguyen,Columbus,OH,43203,US,39.948928,-83.053998,standard,1820.48
4711,199576,robin.lewis199576@bigcorp.test,Robin,Lewis,Dallas,TX,75206,US,32.532717,-96.542348,standard,2712.28
4712,199639,jordan.jones199639@bigcorp.test,Jordan,Jones,Dallas,TX,75206,US,32.871954,-96.573761,standard,2300.2
4713,199644,anne.kim199644@bigcorp.test,Anne,Kim,San Diego,CA,92105,US,32.81191,-116.96467,standard,6142.16
4714,199744,morgan.king199744@bigcorp.test,Morgan,King,Dallas,TX,75206,US,32.397397,-97.113326,standard,2620.88
4715,199767,rowan.young199767@bigcorp.test,Rowan,Young,Dallas,TX,75206,US,32.741606,-96.546669,standard,3733.68
4716,199774,cameron.kim199774@bigcorp.test,Cameron,Kim,San Diego,CA,92105,US,32.525475,-117.013642,vip,5932.2
4717,199777,taylor.smith199777@bigcorp.test,Taylor,Smith,San Diego,CA,92105,US,32.604254,-116.973336,standard,2160.92
4718,199821,alex.smith199821@bigcorp.test,Alex,Smith,Dallas,TX,75206,US,32.438702,-97.141989,standard,3330.48
4719,199913,parker.wilson199913@bigcorp.test,Parker,Wilson,Dallas,TX,75206,US,32.545653,-96.569779,standard,2507.56
4720,199953,avery.young199953@bigcorp.test,Avery,Young,Austin,TX,78702,US,30.504001,-97.94033,standard,4016.88
4721,199981,alex.garcia199981@bigcorp.test,Alex,Garcia,Dallas,TX,75206,US,32.554232,-96.746937,standard,8004.76
4722,200071,adam.allen200071@bigcorp.test,Adam,Allen,Phoenix,AZ,85018,US,33.40564,-111.864692,standard,3221.4
4723,200115,rowan.smith200115@bigcorp.test,Rowan,Smith,Austin,TX,78702,US,30.04972,-97.901213,preferred,4398.72
4724,200133,taylor.lee200133@bigcorp.test,Taylor,Lee,San Diego,CA,92105,US,32.876105,-117.288907,standard,3144.8
4725,200153,cameron.smith200153@bigcorp.test,Cameron,Smith,Dallas,TX,75206,US,32.544014,-96.84212,standard,2447.68
4726,200197,parker.brown200197@bigcorp.test,Parker,Brown,Dallas,TX,75206,US,32.397446,-97.083394,standard,4179.68
4727,200255,parker.brown200255@bigcorp.test,Parker,Brown,Columbus,OH,43201,US,39.635998,-83.10073,preferred,2022.88
4728,200303,hayden.king200303@bigcorp.test,Hayden,King,Dallas,TX,75206,US,32.525044,-96.66146,standard,3798.24
4729,200407,reese.smith200407@bigcorp.test,Reese,Smith,San Diego,CA,92105,US,32.498208,-117.179545,standard,2602.6
4730,200417,robin.garcia200417@bigcorp.test,Robin,Garcia,San Diego,CA,92105,US,33.06506,-117.115837,standard,953.72
4731,200478,dana.hall200478@bigcorp.test,Dana,Hall,Columbus,OH,43203,US,40.043855,-82.904093,standard,3341.84
4732,200514,morgan.smith200514@bigcorp.test,Morgan,Smith,San Diego,CA,92105,US,32.849079,-117.05357,standard,435.76
4733,200566,adam.patel200566@bigcorp.test,Adam,Patel,Phoenix,AZ,85018,US,33.562392,-111.901782,standard,2740.6
4734,200656,jamie.kim200656@bigcorp.test,Jamie,Kim,Dallas,TX,75206,US,32.534596,-96.513164,preferred,4309.0
4735,200745,cameron.smith200745@bigcorp.test,Cameron,Smith,Dallas,TX,75206,US,32.891868,-96.922714,standard,2620.84
4736,200885,hayden.singh200885@bigcorp.test,Hayden,Singh,Dallas,TX,75206,US,33.015987,-97.11633,standard,3081.24
4737,200982,rowan.allen200982@bigcorp.test,Rowan,Allen,Columbus,OH,43203,US,39.993023,-82.731358,standard,1926.88
4738,201070,anne.lopez201070@bigcorp.test,Anne,Lopez,Dallas,TX,75206,US,32.734585,-97.03762,standard,1406.8
4739,201096,emerson.wilson201096@bigcorp.test,Emerson,Wilson,Dallas,TX,75206,US,32.874575,-96.545196,preferred,4855.8
4740,201124,david.brown201124@bigcorp.test,David,Brown,San Jose,CA,95110,US,37.220572,-122.228987,standard,6380.88
4741,201194,cameron.wilson201194@bigcorp.test,Cameron,Wilson,Dallas,TX,75206,US,32.704456,-96.776893,standard,1972.16
4742,201223,cameron.singh201223@bigcorp.test,Cameron,Singh,Dallas,TX,75206,US,32.499535,-96.537547,standard,2837.6
4743,201266,parker.garcia201266@bigcorp.test,Parker,Garcia,Dallas,TX,75206,US,32.981167,-96.811097,standard,6566.84
4744,201296,david.lewis201296@bigcorp.test,David,Lewis,San Diego,CA,92105,US,32.715539,-116.839722,standard,3836.56
4745,201364,riley.wilson201364@bigcorp.test,Riley,Wilson,Columbus,OH,43203,US,40.186636,-83.024937,standard,5118.4
4746,201383,quinn.king201383@bigcorp.test,Quinn,King,Dallas,TX,75206,US,32.675676,-96.623828,preferred,2495.28
4747,201385,blake.nguyen201385@bigcorp.test,Blake,Nguyen,Dallas,TX,75206,US,33.025461,-97.164352,standard,2129.92
4748,201502,parker.young201502@bigcorp.test,Parker,Young,Dallas,TX,75206,US,32.603555,-96.751253,preferred,3662.52
4749,201530,adam.chen201530@bigcorp.test,Adam,Chen,Dallas,TX,75206,US,32.416191,-96.698551,standard,2717.92
4750,201546,robin.walker201546@bigcorp.test,Robin,Walker,Dallas,TX,75206,US,32.849246,-97.187981,standard,3399.16
4751,201559,reese.clark201559@bigcorp.test,Reese,Clark,Dallas,TX,75206,US,32.42258,-96.804933,standard,9213.08
4752,201587,hayden.nguyen201587@bigcorp.test,Hayden,Nguyen,San Diego,CA,92105,US,33.024123,-116.995315,standard,4328.64
4753,201666,riley.singh201666@bigcorp.test,Riley,Singh,Dallas,TX,75206,US,32.522269,-97.090385,standard,3506.76
4754,201700,hayden.walker201700@bigcorp.test,Hayden,Walker,Columbus,OH,43203,US,40.206105,-82.694103,standard,3233.12
4755,201723,alex.singh201723@bigcorp.test,Alex,Singh,Dallas,TX,75206,US,32.594872,-97.000244,standard,3501.36
4756,201747,cameron.brown201747@bigcorp.test,Cameron,Brown,San Diego,CA,92105,US,32.823677,-116.880151,standard,1153.68
4757,201784,alex.clark201784@bigcorp.test,Alex,Clark,Dallas,TX,75206,US,32.829041,-97.081633,standard,4214.16
4758,201794,rowan.patel201794@bigcorp.test,Rowan,Patel,Columbus,OH,43203,US,39.959512,-83.243941,preferred,5010.92
4759,201830,hayden.chen201830@bigcorp.test,Hayden,Chen,Dallas,TX,75206,US,32.622584,-97.090833,standard,1749.68
4760,201983,robin.singh201983@bigcorp.test,Robin,Singh,Dallas,TX,75206,US,32.976348,-96.795602,vip,2528.88
4761,202018,cameron.nguyen202018@bigcorp.test,Cameron,Nguyen,Dallas,TX,75206,US,33.007136,-96.716877,standard,4789.96
4762,202031,reese.young202031@bigcorp.test,Reese,Young,Dallas,TX,75206,US,32.797624,-96.977916,preferred,3086.04
4763,202058,riley.wilson202058@bigcorp.test,Riley,Wilson,San Diego,CA,92105,US,32.690845,-117.049994,standard,3892.24
4764,202078,dana.wilson202078@bigcorp.test,Dana,Wilson,San Francisco,CA,94103,US,37.570882,-122.536693,standard,4162.36
4765,202089,quinn.king202089@bigcorp.test,Quinn,King,Dallas,TX,75206,US,32.899126,-96.525235,standard,1797.52
4766,202110,morgan.walker202110@bigcorp.test,Morgan,Walker,Dallas,TX,75206,US,32.85013,-96.718154,standard,4460.04
4767,202134,kendall.lopez202134@bigcorp.test,Kendall,Lopez,Dallas,TX,75206,US,32.935485,-97.143728,standard,5081.72
4768,202139,riley.brown202139@bigcorp.test,Riley,Brown,Dallas,TX,75206,US,33.010218,-97.066131,standard,5055.24
4769,202173,dana.martin202173@bigcorp.test,Dana,Martin,Dallas,TX,75206,US,33.039533,-96.855059,standard,932.68
4770,202239,emerson.hall202239@bigcorp.test,Emerson,Hall,Philadelphia,PA,19104,US,39.640863,-75.015417,preferred,4166.16
4771,202298,sam.clark202298@bigcorp.test,Sam,Clark,San Diego,CA,92105,US,32.878204,-117.188628,standard,2035.2
4772,202418,riley.jones202418@bigcorp.test,Riley,Jones,Indianapolis,IN,46202,US,40.06569,-86.065021,preferred,1990.2
4773,202421,alex.wilson202421@bigcorp.test,Alex,Wilson,Dallas,TX,75206,US,33.005696,-96.995842,standard,2999.24
4774,202502,jordan.chen202502@bigcorp.test,Jordan,Chen,Dallas,TX,75206,US,32.49809,-96.685145,standard,1404.52
4775,202585,emerson.garcia202585@bigcorp.test,Emerson,Garcia,Columbus,OH,43203,US,40.080163,-83.127241,standard,1325.32
4776,202663,blake.smith202663@bigcorp.test,Blake,Smith,San Jose,CA,95110,US,37.413108,-122.024908,standard,2250.08
4777,202692,adam.lopez202692@bigcorp.test,Adam,Lopez,Dallas,TX,75206,US,32.520064,-97.004287,standard,2512.76
4778,202753,avery.lopez202753@bigcorp.test,Avery,Lopez,Columbus,OH,43203,US,39.817038,-82.690679,standard,4368.04
4779,202763,taylor.martin202763@bigcorp.test,Taylor,Martin,Dallas,TX,75206,US,33.073726,-96.659758,standard,4025.76
4780,202812,sam.allen202812@bigcorp.test,Sam,Allen,Philadelphia,PA,19103,US,39.774877,-75.879168,standard,2042.84
4781,202818,alex.martin202818@bigcorp.test,Alex,Martin,San Diego,CA,92105,US,32.826189,-117.354394,standard,3658.8
4782,202823,morgan.martin202823@bigcorp.test,Morgan,Martin,San Diego,CA,92105,US,32.690571,-117.337506,standard,4381.32
4783,202831,riley.brown202831@bigcorp.test,Riley,Brown,Indianapolis,IN,46202,US,39.493328,-86.074063,standard,2354.52
4784,202947,emerson.hall202947@bigcorp.test,Emerson,Hall,Dallas,TX,75206,US,32.888892,-97.102842,preferred,2882.04
4785,202951,taylor.brown202951@bigcorp.test,Taylor,Brown,Dallas,TX,75206,US,32.790321,-96.599706,standard,2509.92
4786,202997,hayden.lee202997@bigcorp.test,Hayden,Lee,San Diego,CA,92105,US,32.855118,-116.996226,preferred,1459.92
4787,203053,dana.wilson203053@bigcorp.test,Dana,Wilson,Columbus,OH,43203,US,40.023307,-83.316479,standard,2953.0
4788,203067,anne.king203067@bigcorp.test,Anne,King,Dallas,TX,75206,US,32.707237,-96.784016,standard,4595.36
4789,203147,alex.clark203147@bigcorp.test,Alex,Clark,Dallas,TX,75206,US,32.711031,-96.881581,preferred,5816.24
4790,203166,riley.singh203166@bigcorp.test,Riley,Singh,San Diego,CA,92105,US,32.43742,-117.259027,standard,3549.12
4791,203197,hayden.chen203197@bigcorp.test,Hayden,Chen,Dallas,TX,75206,US,32.774511,-96.902957,standard,4983.12
4792,203214,morgan.hall203214@bigcorp.test,Morgan,Hall,Dallas,TX,75206,US,32.74101,-97.139871,standard,3710.24
4793,203499,morgan.wilson203499@bigcorp.test,Morgan,Wilson,San Diego,CA,92105,US,32.492099,-117.244114,standard,2544.08
4794,203555,morgan.walker203555@bigcorp.test,Morgan,Walker,San Diego,CA,92105,US,32.721246,-117.27151,preferred,4744.8
4795,203590,quinn.brown203590@bigcorp.test,Quinn,Brown,San Diego,CA,92105,US,33.03872,-117.048551,standard,2944.2
4796,203607,rowan.martin203607@bigcorp.test,Rowan,Martin,Dallas,TX,75206,US,32.611647,-96.951584,standard,2178.64
4797,203612,taylor.walker203612@bigcorp.test,Taylor,Walker,Dallas,TX,75206,US,33.08759,-97.175127,preferred,4879.52
4798,203741,cameron.king203741@bigcorp.test,Cameron,King,Dallas,TX,75206,US,32.67826,-96.886975,standard,2569.0
4799,203760,riley.lewis203760@bigcorp.test,Riley,Lewis,Dallas,TX,75206,US,32.763961,-97.102898,preferred,3135.68
4800,203769,cameron.walker203769@bigcorp.test,Cameron,Walker,Dallas,TX,75206,US,32.629657,-96.6666,vip,2396.88
4801,203822,parker.smith203822@bigcorp.test,Parker,Smith,Dallas,TX,75206,US,32.846773,-96.677178,standard,1869.24
4802,203988,avery.garcia203988@bigcorp.test,Avery,Garcia,San Diego,CA,92105,US,32.813803,-117.176416,vip,4385.76
4803,204032,quinn.wilson204032@bigcorp.test,Quinn,Wilson,Dallas,TX,75206,US,32.502411,-96.860456,preferred,4558.28
4804,204080,robin.lewis204080@bigcorp.test,Robin,Lewis,Columbus,OH,43203,US,40.070634,-82.837757,preferred,3269.92
4805,204136,sam.lewis204136@bigcorp.test,Sam,Lewis,Dallas,TX,75206,US,33.018313,-96.558807,standard,2615.04
4806,204211,taylor.garcia204211@bigcorp.test,Taylor,Garcia,Dallas,TX,75206,US,32.642767,-97.037036,standard,4320.68
4807,204220,jamie.king204220@bigcorp.test,Jamie,King,Austin,TX,78702,US,30.482529,-97.785248,standard,3746.48
4808,204241,dana.garcia204241@bigcorp.test,Dana,Garcia,Dallas,TX,75206,US,32.708969,-96.934728,standard,3648.48
4809,204258,emerson.kim204258@bigcorp.test,Emerson,Kim,Dallas,TX,75206,US,32.398764,-96.566972,preferred,3471.28
4810,204288,hayden.wilson204288@bigcorp.test,Hayden,Wilson,Dallas,TX,75206,US,32.998548,-97.138263,standard,4255.48
4811,204356,morgan.garcia204356@bigcorp.test,Morgan,Garcia,Dallas,TX,75206,US,32.83774,-96.547256,standard,3152.88
4812,204364,alex.wilson204364@bigcorp.test,Alex,Wilson,San Diego,CA,92105,US,32.775415,-117.087843,standard,2961.92
4813,204390,riley.chen204390@bigcorp.test,Riley,Chen,Dallas,TX,75206,US,32.748982,-96.572161,vip,1553.16
4814,204450,david.smith204450@bigcorp.test,David,Smith,Dallas,TX,75206,US,32.531373,-97.18877,standard,2376.0
4815,204497,alex.singh204497@bigcorp.test,Alex,Singh,San Diego,CA,92105,US,32.774737,-117.048881,standard,1135.12
4816,204540,quinn.young204540@bigcorp.test,Quinn,Young,Dallas,TX,75206,US,32.779775,-96.656797,standard,1983.88
4817,204573,hayden.lee204573@bigcorp.test,Hayden,Lee,Austin,TX,78702,US,30.153415,-97.829784,standard,2582.68
4818,204625,casey.walker204625@bigcorp.test,Casey,Walker,Indianapolis,IN,46202,US,39.513402,-86.302527,standard,5774.36
4819,204644,alex.smith204644@bigcorp.test,Alex,Smith,Dallas,TX,75206,US,32.435528,-96.514972,standard,5091.08
4820,204726,adam.smith204726@bigcorp.test,Adam,Smith,Dallas,TX,75206,US,32.579359,-96.955909,standard,3384.84
4821,204759,rowan.lee204759@bigcorp.test,Rowan,Lee,Dallas,TX,75206,US,32.986477,-96.733848,standard,2102.16
4822,204761,taylor.lee204761@bigcorp.test,Taylor,Lee,Dallas,TX,75206,US,32.551781,-96.819899,preferred,3165.76
4823,204762,blake.young204762@bigcorp.test,Blake,Young,Dallas,TX,75206,US,32.697102,-96.833339,standard,2842.56
4824,204765,blake.walker204765@bigcorp.test,Blake,Walker,Dallas,TX,75206,US,32.504742,-96.988046,preferred,5484.8
4825,204775,rowan.smith204775@bigcorp.test,Rowan,Smith,Dallas,TX,75206,US,32.773699,-97.204408,standard,4027.48
4826,204784,riley.brown204784@bigcorp.test,Riley,Brown,Dallas,TX,75206,US,33.063711,-96.630565,standard,2858.48
4827,204803,sam.lewis204803@bigcorp.test,Sam,Lewis,Columbus,OH,43201,US,40.102453,-82.782993,standard,2077.92
4828,204835,morgan.lee204835@bigcorp.test,Morgan,Lee,Dallas,TX,75206,US,32.889628,-96.743047,standard,4019.28
4829,204860,cameron.kim204860@bigcorp.test,Cameron,Kim,Dallas,TX,75206,US,32.504735,-96.790826,standard,5750.64
4830,204939,rowan.young204939@bigcorp.test,Rowan,Young,Dallas,TX,75206,US,32.58235,-97.139322,standard,400.0
4831,205087,blake.singh205087@bigcorp.test,Blake,Singh,Dallas,TX,75206,US,32.582273,-96.671548,standard,969.08
4832,205103,morgan.patel205103@bigcorp.test,Morgan,Patel,Dallas,TX,75206,US,32.862945,-96.589243,preferred,1348.48
4833,205154,avery.garcia205154@bigcorp.test,Avery,Garcia,San Diego,CA,92105,US,32.56295,-116.9245,standard,2961.0
4834,205223,kendall.lewis205223@bigcorp.test,Kendall,Lewis,San Diego,CA,92105,US,32.542919,-116.977958,standard,6753.52
4835,205262,kendall.walker205262@bigcorp.test,Kendall,Walker,San Diego,CA,92105,US,32.914332,-116.916937,vip,2008.72
4836,205278,kendall.jones205278@bigcorp.test,Kendall,Jones,Dallas,TX,75206,US,32.546718,-97.027674,standard,3997.24
4837,205452,adam.garcia205452@bigcorp.test,Adam,Garcia,Dallas,TX,75206,US,32.854861,-96.907257,preferred,4340.08
4838,205493,reese.hall205493@bigcorp.test,Reese,Hall,Dallas,TX,75206,US,32.730656,-96.795041,standard,2687.24
4839,205520,avery.wilson205520@bigcorp.test,Avery,Wilson,San Diego,CA,92101,US,32.576634,-116.993014,standard,6263.8
4840,205530,hayden.smith205530@bigcorp.test,Hayden,Smith,San Diego,CA,92105,US,32.601432,-117.288395,standard,2284.16
4841,205547,riley.jones205547@bigcorp.test,Riley,Jones,Dallas,TX,75206,US,32.752993,-96.820877,standard,3030.76
4842,205562,emerson.lopez205562@bigcorp.test,Emerson,Lopez,Los Angeles,CA,90012,US,34.187368,-118.233499,standard,3324.4
4843,205592,robin.wilson205592@bigcorp.test,Robin,Wilson,Dallas,TX,75206,US,32.900476,-96.898075,standard,2829.12
4844,205598,jamie.wilson205598@bigcorp.test,Jamie,Wilson,Dallas,TX,75206,US,32.865996,-96.639257,standard,4308.64
4845,205604,david.singh205604@bigcorp.test,David,Singh,Dallas,TX,75206,US,32.57021,-96.941881,standard,3041.8
4846,205622,avery.lee205622@bigcorp.test,Avery,Lee,Dallas,TX,75206,US,32.842655,-96.845004,standard,3667.8
4847,205775,anne.garcia205775@bigcorp.test,Anne,Garcia,Dallas,TX,75206,US,33.018573,-97.063863,standard,3583.96
4848,205822,parker.lee205822@bigcorp.test,Parker,Lee,Indianapolis,IN,46202,US,39.578579,-86.049879,preferred,4462.6
4849,205876,riley.patel205876@bigcorp.test,Riley,Patel,Dallas,TX,75206,US,32.965011,-96.756687,standard,2406.24
4850,205898,cameron.lee205898@bigcorp.test,Cameron,Lee,Dallas,TX,75206,US,32.605154,-96.521373,standard,4186.76
4851,205955,parker.clark205955@bigcorp.test,Parker,Clark,Dallas,TX,75206,US,32.858934,-96.987852,standard,4317.48
4852,205973,riley.king205973@bigcorp.test,Riley,King,Austin,TX,78702,US,30.314425,-97.588667,standard,5261.44
4853,205986,reese.walker205986@bigcorp.test,Reese,Walker,Dallas,TX,75206,US,32.641321,-96.873593,standard,1681.16
4854,206045,adam.young206045@bigcorp.test,Adam,Young,Dallas,TX,75206,US,32.497822,-96.638478,standard,1809.28
4855,206116,alex.jones206116@bigcorp.test,Alex,Jones,Dallas,TX,75206,US,32.997913,-96.539693,standard,1810.32
4856,206139,dana.patel206139@bigcorp.test,Dana,Patel,Dallas,TX,75206,US,32.882397,-96.989096,standard,2676.24
4857,206144,parker.jones206144@bigcorp.test,Parker,Jones,Dallas,TX,75206,US,32.912487,-96.965336,standard,3373.64
4858,206208,anne.wilson206208@bigcorp.test,Anne,Wilson,San Diego,CA,92105,US,32.593039,-117.217185,standard,6020.36
4859,206229,quinn.brown206229@bigcorp.test,Quinn,Brown,Dallas,TX,75206,US,32.494958,-97.023254,preferred,5040.08
4860,206242,rowan.singh206242@bigcorp.test,Rowan,Singh,Dallas,TX,75206,US,32.560529,-96.768466,standard,2842.16
4861,206265,dana.jones206265@bigcorp.test,Dana,Jones,San Diego,CA,92105,US,32.720423,-117.102246,standard,917.48
4862,206297,quinn.chen206297@bigcorp.test,Quinn,Chen,Dallas,TX,75206,US,32.998474,-97.197507,standard,6470.16
4863,206319,reese.smith206319@bigcorp.test,Reese,Smith,Dallas,TX,75206,US,32.918909,-96.917861,standard,4412.24
4864,206320,adam.nguyen206320@bigcorp.test,Adam,Nguyen,San Diego,CA,92105,US,32.913558,-117.45449,standard,1828.84
4865,206330,jordan.walker206330@bigcorp.test,Jordan,Walker,Dallas,TX,75206,US,32.859346,-96.881513,standard,5334.64
4866,206344,riley.young206344@bigcorp.test,Riley,Young,Dallas,TX,75206,US,32.763586,-96.800288,standard,2423.44
4867,206352,quinn.walker206352@bigcorp.test,Quinn,Walker,Dallas,TX,75206,US,32.6968,-97.089127,standard,2257.52
4868,206385,casey.lee206385@bigcorp.test,Casey,Lee,Dallas,TX,75206,US,32.896847,-96.956625,standard,7919.08
4869,206487,dana.young206487@bigcorp.test,Dana,Young,Indianapolis,IN,46202,US,39.972324,-85.903627,standard,4794.28
4870,206522,reese.allen206522@bigcorp.test,Reese,Allen,San Diego,CA,92105,US,32.635492,-116.973731,standard,4361.4
4871,206552,adam.martin206552@bigcorp.test,Adam,Martin,Dallas,TX,75206,US,32.777321,-97.056926,standard,3739.48
4872,206562,robin.nguyen206562@bigcorp.test,Robin,Nguyen,Dallas,TX,75206,US,32.946177,-97.009067,preferred,7251.04
4873,206589,rowan.jones206589@bigcorp.test,Rowan,Jones,Dallas,TX,75206,US,32.848984,-96.70042,standard,400.0
4874,206697,riley.wilson206697@bigcorp.test,Riley,Wilson,Indianapolis,IN,46202,US,39.589158,-86.290316,standard,2038.36
4875,206757,sam.kim206757@bigcorp.test,Sam,Kim,Dallas,TX,75206,US,33.025283,-96.713215,standard,4101.96
4876,206822,hayden.kim206822@bigcorp.test,Hayden,Kim,Dallas,TX,75206,US,32.755668,-96.692952,standard,2741.28
4877,206837,morgan.garcia206837@bigcorp.test,Morgan,Garcia,Dallas,TX,75206,US,32.693432,-96.615096,standard,1435.0
4878,206862,morgan.lewis206862@bigcorp.test,Morgan,Lewis,Dallas,TX,75206,US,32.914293,-97.179977,standard,1392.88
4879,206897,blake.chen206897@bigcorp.test,Blake,Chen,Dallas,TX,75206,US,32.491522,-97.132694,vip,4883.88
4880,206903,blake.young206903@bigcorp.test,Blake,Young,Dallas,TX,75206,US,32.817455,-96.843616,standard,2377.08
4881,206913,avery.clark206913@bigcorp.test,Avery,Clark,San Diego,CA,92105,US,32.745042,-117.289592,standard,2396.48
4882,206916,avery.kim206916@bigcorp.test,Avery,Kim,Dallas,TX,75206,US,32.788153,-96.688707,standard,1923.64
4883,206933,robin.nguyen206933@bigcorp.test,Robin,Nguyen,Dallas,TX,75206,US,32.872028,-96.88589,vip,5784.44
4884,206945,avery.martin206945@bigcorp.test,Avery,Martin,Dallas,TX,75206,US,33.053183,-97.051188,standard,4680.4
4885,206974,avery.kim206974@bigcorp.test,Avery,Kim,Dallas,TX,75206,US,32.731805,-96.81063,preferred,3308.72
4886,206986,rowan.king206986@bigcorp.test,Rowan,King,Dallas,TX,75206,US,32.953083,-96.566208,standard,2098.72
4887,207021,robin.king207021@bigcorp.test,Robin,King,Indianapolis,IN,46202,US,40.121827,-86.285431,standard,1506.16
4888,207052,jordan.jones207052@bigcorp.test,Jordan,Jones,Columbus,OH,43203,US,39.739948,-83.046471,standard,3078.64
4889,207114,emerson.singh207114@bigcorp.test,Emerson,Singh,Dallas,TX,75206,US,33.075379,-96.959458,standard,3486.52
4890,207183,anne.hall207183@bigcorp.test,Anne,Hall,San Diego,CA,92105,US,32.993163,-117.227762,standard,1593.32
4891,207226,avery.smith207226@bigcorp.test,Avery,Smith,Dallas,TX,75206,US,32.965288,-96.618615,preferred,3563.12
4892,207303,adam.lewis207303@bigcorp.test,Adam,Lewis,Dallas,TX,75206,US,32.638409,-96.97731,preferred,5933.16
4893,207336,casey.allen207336@bigcorp.test,Casey,Allen,Dallas,TX,75206,US,32.614468,-96.574248,standard,3515.32
4894,207350,sam.jones207350@bigcorp.test,Sam,Jones,San Jose,CA,95110,US,37.421226,-121.776918,vip,4925.88
4895,207387,reese.lopez207387@bigcorp.test,Reese,Lopez,Dallas,TX,75206,US,32.747554,-96.916741,standard,2107.72
4896,207394,jordan.wilson207394@bigcorp.test,Jordan,Wilson,Dallas,TX,75206,US,32.68094,-97.103304,preferred,3563.92
4897,207425,blake.king207425@bigcorp.test,Blake,King,Dallas,TX,75206,US,32.413752,-96.852016,preferred,3235.36
4898,207475,casey.martin207475@bigcorp.test,Casey,Martin,Dallas,TX,75206,US,33.013577,-96.820236,standard,4216.28
4899,207536,morgan.lopez207536@bigcorp.test,Morgan,Lopez,Dallas,TX,75206,US,32.898915,-97.012076,standard,4626.44
4900,207625,sam.patel207625@bigcorp.test,Sam,Patel,Dallas,TX,75206,US,32.923726,-96.81086,standard,4660.96
4901,207667,dana.young207667@bigcorp.test,Dana,Young,Columbus,OH,43201,US,40.079404,-83.153969,standard,1676.76
4902,207676,robin.clark207676@bigcorp.test,Robin,Clark,Columbus,OH,43203,US,39.895632,-82.786706,standard,2363.88
4903,207686,anne.patel207686@bigcorp.test,Anne,Patel,Austin,TX,78702,US,30.243279,-97.571791,standard,1535.04
4904,207707,anne.lee207707@bigcorp.test,Anne,Lee,Dallas,TX,75206,US,32.814174,-96.552085,standard,591.96
4905,207716,parker.martin207716@bigcorp.test,Parker,Martin,Dallas,TX,75206,US,32.639435,-96.630143,standard,8759.0
4906,207814,casey.allen207814@bigcorp.test,Casey,Allen,San Diego,CA,92105,US,32.621444,-117.089608,preferred,4442.84
4907,207941,riley.garcia207941@bigcorp.test,Riley,Garcia,San Diego,CA,92105,US,32.440692,-117.212765,preferred,4896.16
4908,207976,taylor.martin207976@bigcorp.test,Taylor,Martin,Dallas,TX,75206,US,32.722186,-96.653969,standard,3820.88
4909,208014,cameron.martin208014@bigcorp.test,Cameron,Martin,Dallas,TX,75206,US,32.709851,-96.83788,preferred,6339.44
4910,208053,kendall.garcia208053@bigcorp.test,Kendall,Garcia,San Diego,CA,92105,US,32.62915,-117.47028,standard,879.72
4911,208088,adam.young208088@bigcorp.test,Adam,Young,San Diego,CA,92105,US,32.540083,-116.947686,standard,1389.68
4912,208119,avery.singh208119@bigcorp.test,Avery,Singh,Dallas,TX,75206,US,33.009201,-96.71358,preferred,1830.88
4913,208183,hayden.lee208183@bigcorp.test,Hayden,Lee,Dallas,TX,75206,US,32.98179,-96.839026,preferred,5972.84
4914,208185,alex.garcia208185@bigcorp.test,Alex,Garcia,San Diego,CA,92105,US,32.603376,-117.15757,standard,3597.48
4915,208191,dana.patel208191@bigcorp.test,Dana,Patel,Dallas,TX,75206,US,32.468903,-96.520684,standard,2259.0
4916,208225,avery.king208225@bigcorp.test,Avery,King,San Diego,CA,92105,US,32.642372,-117.334292,standard,1318.92
4917,208271,sam.lewis208271@bigcorp.test,Sam,Lewis,Dallas,TX,75206,US,32.692236,-96.861184,standard,8227.36
4918,208273,riley.singh208273@bigcorp.test,Riley,Singh,Dallas,TX,75206,US,32.619405,-96.892463,standard,2801.28
4919,208292,avery.hall208292@bigcorp.test,Avery,Hall,Dallas,TX,75206,US,32.835686,-96.795834,preferred,1543.36
4920,208334,blake.young208334@bigcorp.test,Blake,Young,Dallas,TX,75206,US,32.941265,-97.183699,standard,3175.6
4921,208340,reese.clark208340@bigcorp.test,Reese,Clark,Columbus,OH,43203,US,40.003916,-82.773669,standard,2975.84
4922,208358,rowan.allen208358@bigcorp.test,Rowan,Allen,Los Angeles,CA,90012,US,33.796328,-118.114665,standard,2850.8
4923,208425,sam.lewis208425@bigcorp.test,Sam,Lewis,Austin,TX,78702,US,30.498264,-97.431237,standard,3953.0
4924,208485,riley.kim208485@bigcorp.test,Riley,Kim,San Diego,CA,92105,US,32.923468,-116.868824,standard,400.0
4925,208552,casey.wilson208552@bigcorp.test,Casey,Wilson,San Diego,CA,92105,US,33.032293,-117.509157,standard,2597.96
4926,208600,jordan.brown208600@bigcorp.test,Jordan,Brown,Philadelphia,PA,19104,US,40.1613,-75.15275,standard,4271.76
4927,208611,sam.patel208611@bigcorp.test,Sam,Patel,Dallas,TX,75206,US,32.732191,-97.069164,standard,4278.08
4928,208687,taylor.hall208687@bigcorp.test,Taylor,Hall,Austin,TX,78702,US,29.926515,-97.868652,standard,3304.08
4929,208709,reese.garcia208709@bigcorp.test,Reese,Garcia,San Diego,CA,92102,US,32.848491,-117.477177,preferred,3556.72
4930,208754,riley.lee208754@bigcorp.test,Riley,Lee,San Diego,CA,92105,US,32.582274,-117.301792,preferred,3971.96
4931,208758,jordan.nguyen208758@bigcorp.test,Jordan,Nguyen,San Diego,CA,92105,US,32.978004,-117.034057,standard,2609.0
4932,208761,adam.jones208761@bigcorp.test,Adam,Jones,Philadelphia,PA,19104,US,40.273935,-75.11591,standard,2920.84
4933,208777,avery.patel208777@bigcorp.test,Avery,Patel,Dallas,TX,75206,US,32.577284,-96.967643,standard,8156.64
4934,208783,reese.patel208783@bigcorp.test,Reese,Patel,Columbus,OH,43203,US,39.708978,-82.807237,standard,2436.16
4935,208828,cameron.wilson208828@bigcorp.test,Cameron,Wilson,Dallas,TX,75206,US,32.908858,-96.696565,standard,2661.88
4936,208831,taylor.singh208831@bigcorp.test,Taylor,Singh,Dallas,TX,75206,US,32.666607,-96.840126,standard,2721.32
4937,208833,jordan.garcia208833@bigcorp.test,Jordan,Garcia,Columbus,OH,43203,US,40.275582,-82.851291,standard,3517.88
4938,208853,parker.lee208853@bigcorp.test,Parker,Lee,Dallas,TX,75206,US,32.463736,-97.089484,preferred,1004.0
4939,208875,anne.smith208875@bigcorp.test,Anne,Smith,Phoenix,AZ,85018,US,33.226141,-111.762771,standard,2272.16
4940,209014,quinn.lee209014@bigcorp.test,Quinn,Lee,Dallas,TX,75206,US,32.619981,-96.601912,standard,2893.2
4941,209068,robin.lewis209068@bigcorp.test,Robin,Lewis,Dallas,TX,75206,US,32.856642,-97.101774,standard,1851.52
4942,209115,avery.jones209115@bigcorp.test,Avery,Jones,Columbus,OH,43203,US,40.091298,-82.488887,preferred,2624.0
4943,209140,quinn.jones209140@bigcorp.test,Quinn,Jones,Indianapolis,IN,46202,US,39.797549,-86.023682,standard,3236.64
4944,209169,reese.walker209169@bigcorp.test,Reese,Walker,Dallas,TX,75206,US,32.655665,-97.074896,standard,4108.08
4945,209224,avery.smith209224@bigcorp.test,Avery,Smith,Dallas,TX,75206,US,32.540222,-96.87325,standard,400.0
4946,209260,alex.hall209260@bigcorp.test,Alex,Hall,Dallas,TX,75206,US,32.933432,-96.509523,standard,6128.2
4947,209281,hayden.lopez209281@bigcorp.test,Hayden,Lopez,San Jose,CA,95110,US,37.631843,-122.236658,standard,1822.12
4948,209341,david.lewis209341@bigcorp.test,David,Lewis,San Diego,CA,92105,US,32.730999,-116.896539,preferred,6373.72
4949,209351,taylor.singh209351@bigcorp.test,Taylor,Singh,Dallas,TX,75206,US,32.819616,-96.559586,standard,2233.8
4950,209446,david.lee209446@bigcorp.test,David,Lee,Dallas,TX,75206,US,32.428261,-97.187171,standard,3983.12
4951,209485,jamie.allen209485@bigcorp.test,Jamie,Allen,Dallas,TX,75206,US,32.56149,-96.919175,standard,5066.24
4952,209508,parker.martin209508@bigcorp.test,Parker,Martin,Dallas,TX,75206,US,32.511895,-97.090981,standard,4812.64
4953,209534,quinn.young209534@bigcorp.test,Quinn,Young,Dallas,TX,75206,US,32.518388,-96.639963,standard,5177.84
4954,209595,robin.king209595@bigcorp.test,Robin,King,Dallas,TX,75206,US,32.540407,-97.146046,standard,2102.76
4955,209736,robin.king209736@bigcorp.test,Robin,King,Dallas,TX,75206,US,33.001532,-96.587204,standard,2491.48
4956,209753,rowan.hall209753@bigcorp.test,Rowan,Hall,Dallas,TX,75206,US,32.674198,-96.695854,standard,2380.88
4957,209776,dana.clark209776@bigcorp.test,Dana,Clark,Dallas,TX,75206,US,32.400896,-97.076671,preferred,5287.84
4958,209834,morgan.patel209834@bigcorp.test,Morgan,Patel,Dallas,TX,75206,US,32.954173,-96.676219,vip,3337.04
4959,209845,morgan.patel209845@bigcorp.test,Morgan,Patel,Austin,TX,78702,US,30.582832,-97.554257,standard,2033.04
4960,209948,cameron.allen209948@bigcorp.test,Cameron,Allen,Dallas,TX,75206,US,32.424136,-96.580329,vip,1603.64
4961,209949,david.garcia209949@bigcorp.test,David,Garcia,Dallas,TX,75206,US,32.942367,-96.890369,standard,5847.48
4962,209954,casey.patel209954@bigcorp.test,Casey,Patel,Austin,TX,78702,US,29.952555,-97.526157,standard,4561.56
4963,209963,quinn.allen209963@bigcorp.test,Quinn,Allen,Dallas,TX,75206,US,32.591241,-96.977366,preferred,8884.48
4964,209972,reese.jones209972@bigcorp.test,Reese,Jones,Dallas,TX,75206,US,32.902124,-96.767503,standard,2500.72
4965,210020,blake.patel210020@bigcorp.test,Blake,Patel,Dallas,TX,75206,US,32.571144,-96.808145,standard,705.6
4966,210072,jordan.nguyen210072@bigcorp.test,Jordan,Nguyen,Columbus,OH,43203,US,40.272344,-82.697644,standard,1173.56
4967,210079,taylor.king210079@bigcorp.test,Taylor,King,Dallas,TX,75206,US,32.457767,-97.120773,standard,1842.12
4968,210134,robin.smith210134@bigcorp.test,Robin,Smith,Dallas,TX,75206,US,32.864504,-96.572559,standard,3704.16
4969,210143,david.garcia210143@bigcorp.test,David,Garcia,San Diego,CA,92105,US,32.575489,-116.963024,standard,3437.72
4970,210182,alex.chen210182@bigcorp.test,Alex,Chen,San Diego,CA,92105,US,32.622889,-116.960022,standard,3513.32
4971,210259,david.young210259@bigcorp.test,David,Young,San Diego,CA,92105,US,32.551664,-117.48541,standard,4148.0
4972,210270,sam.smith210270@bigcorp.test,Sam,Smith,Dallas,TX,75206,US,32.492068,-97.012564,standard,3211.64
4973,210277,cameron.singh210277@bigcorp.test,Cameron,Singh,Dallas,TX,75206,US,32.694651,-96.94471,standard,3584.88
4974,210283,david.brown210283@bigcorp.test,David,Brown,Dallas,TX,75206,US,32.581262,-96.738873,standard,1042.64
4975,210303,sam.brown210303@bigcorp.test,Sam,Brown,Dallas,TX,75206,US,32.629405,-96.889202,standard,1876.36
4976,210318,robin.smith210318@bigcorp.test,Robin,Smith,Dallas,TX,75206,US,32.69173,-96.665734,preferred,2974.96
4977,210359,parker.clark210359@bigcorp.test,Parker,Clark,Phoenix,AZ,85018,US,33.484977,-112.175893,preferred,822.48
4978,210403,david.hall210403@bigcorp.test,David,Hall,Phoenix,AZ,85018,US,33.371745,-112.225424,standard,4306.64
4979,210461,kendall.brown210461@bigcorp.test,Kendall,Brown,Dallas,TX,75206,US,32.960209,-96.612189,standard,1717.56
4980,210573,riley.lee210573@bigcorp.test,Riley,Lee,Indianapolis,IN,46202,US,39.746616,-85.748363,standard,2350.84
4981,210614,sam.wilson210614@bigcorp.test,Sam,Wilson,Dallas,TX,75206,US,32.833648,-97.20222,vip,2605.08
4982,210623,riley.young210623@bigcorp.test,Riley,Young,Dallas,TX,75206,US,32.728195,-96.683022,standard,5088.88
4983,210696,david.chen210696@bigcorp.test,David,Chen,Dallas,TX,75206,US,32.706021,-96.734757,standard,951.2
4984,210737,anne.young210737@bigcorp.test,Anne,Young,San Diego,CA,92105,US,33.042974,-117.497577,standard,4549.8
4985,210746,cameron.kim210746@bigcorp.test,Cameron,Kim,San Diego,CA,92105,US,33.042036,-117.357706,standard,8149.0
4986,210817,riley.smith210817@bigcorp.test,Riley,Smith,Dallas,TX,75206,US,32.830288,-96.824961,standard,4721.76
4987,210844,david.martin210844@bigcorp.test,David,Martin,Dallas,TX,75206,US,33.05994,-97.012558,vip,3528.96
4988,210880,quinn.nguyen210880@bigcorp.test,Quinn,Nguyen,Dallas,TX,75206,US,32.626083,-96.79265,standard,3647.96
4989,210897,taylor.singh210897@bigcorp.test,Taylor,Singh,Austin,TX,78702,US,30.580657,-97.524291,standard,2740.32
4990,210945,alex.martin210945@bigcorp.test,Alex,Martin,Dallas,TX,75206,US,32.957797,-97.063128,standard,662.8
4991,210950,adam.smith210950@bigcorp.test,Adam,Smith,Dallas,TX,75206,US,32.682375,-96.634062,standard,4765.24
4992,211022,reese.lewis211022@bigcorp.test,Reese,Lewis,Dallas,TX,75206,US,32.4934,-96.69655,standard,2873.96
4993,211072,adam.kim211072@bigcorp.test,Adam,Kim,Dallas,TX,75206,US,33.017091,-96.56563,standard,1543.92
4994,211081,casey.martin211081@bigcorp.test,Casey,Martin,Dallas,TX,75206,US,32.807768,-96.654035,standard,4311.24
4995,211129,emerson.smith211129@bigcorp.test,Emerson,Smith,Philadelphia,PA,19103,US,40.03045,-75.309889,standard,3071.2
4996,211161,dana.lopez211161@bigcorp.test,Dana,Lopez,Dallas,TX,75206,US,32.952819,-96.633704,preferred,4247.48
4997,211242,taylor.lewis211242@bigcorp.test,Taylor,Lewis,Dallas,TX,75206,US,32.980964,-97.134614,standard,1743.72
4998,211256,avery.nguyen211256@bigcorp.test,Avery,Nguyen,Dallas,TX,75206,US,32.773292,-96.821954,standard,3460.8
4999,211504,parker.smith211504@bigcorp.test,Parker,Smith,Indianapolis,IN,46202,US,39.870231,-86.01469,standard,3701.32
5000,211550,avery.wilson211550@bigcorp.test,Avery,Wilson,San Diego,CA,92105,US,32.59343,-117.518845,standard,2637.36
5001,211559,dana.hall211559@bigcorp.test,Dana,Hall,Dallas,TX,75206,US,33.009128,-96.89748,standard,4434.88
5002,211586,dana.nguyen211586@bigcorp.test,Dana,Nguyen,Columbus,OH,43203,US,39.767255,-82.940578,vip,2673.2
5003,211609,cameron.young211609@bigcorp.test,Cameron,Young,Dallas,TX,75206,US,32.545511,-96.71387,standard,1460.56
5004,211638,robin.chen211638@bigcorp.test,Robin,Chen,San Diego,CA,92105,US,32.867498,-117.357665,standard,1390.8
5005,211724,dana.smith211724@bigcorp.test,Dana,Smith,San Jose,CA,95110,US,37.617294,-121.719122,preferred,4254.84
5006,211770,sam.nguyen211770@bigcorp.test,Sam,Nguyen,Dallas,TX,75206,US,32.710617,-97.148584,standard,5370.24
5007,211803,anne.young211803@bigcorp.test,Anne,Young,Dallas,TX,75206,US,32.516984,-96.612273,standard,4766.36
5008,211807,cameron.lopez211807@bigcorp.test,Cameron,Lopez,Dallas,TX,75206,US,32.701661,-96.915758,standard,3380.76
5009,211815,jordan.clark211815@bigcorp.test,Jordan,Clark,Dallas,TX,75206,US,32.816676,-96.957435,preferred,2662.52
5010,211892,quinn.king211892@bigcorp.test,Quinn,King,Dallas,TX,75206,US,32.906708,-96.596055,standard,5116.48
5011,211896,avery.nguyen211896@bigcorp.test,Avery,Nguyen,Houston,TX,77007,US,29.513507,-95.619487,vip,1539.04
5012,211914,quinn.nguyen211914@bigcorp.test,Quinn,Nguyen,Dallas,TX,75206,US,32.764202,-96.601506,standard,1845.04
5013,211940,taylor.walker211940@bigcorp.test,Taylor,Walker,Dallas,TX,75206,US,32.756327,-97.172158,standard,1550.96
5014,211990,sam.lewis211990@bigcorp.test,Sam,Lewis,Dallas,TX,75206,US,33.019951,-96.623357,standard,4218.32
5015,212011,quinn.king212011@bigcorp.test,Quinn,King,Philadelphia,PA,19104,US,40.172384,-74.861357,standard,6987.36
5016,212142,dana.lopez212142@bigcorp.test,Dana,Lopez,Dallas,TX,75206,US,32.629284,-97.13802,preferred,2630.96
5017,212221,blake.jones212221@bigcorp.test,Blake,Jones,Austin,TX,78702,US,30.432622,-97.723449,preferred,4016.72
5018,212282,jordan.hall212282@bigcorp.test,Jordan,Hall,Dallas,TX,75206,US,32.807821,-97.117163,standard,1239.76
5019,212289,jordan.patel212289@bigcorp.test,Jordan,Patel,Dallas,TX,75206,US,32.445702,-96.698154,standard,2781.88
5020,212385,morgan.kim212385@bigcorp.test,Morgan,Kim,Dallas,TX,75206,US,32.533923,-97.085589,standard,3253.28
5021,212395,dana.smith212395@bigcorp.test,Dana,Smith,Phoenix,AZ,85018,US,33.302355,-111.848068,standard,1366.0
5022,212542,jamie.lewis212542@bigcorp.test,Jamie,Lewis,Dallas,TX,75206,US,33.02999,-96.775624,standard,4846.88
5023,212721,cameron.wilson212721@bigcorp.test,Cameron,Wilson,Indianapolis,IN,46202,US,39.749219,-85.998773,preferred,4581.6
5024,212722,dana.smith212722@bigcorp.test,Dana,Smith,Dallas,TX,75206,US,32.395436,-96.763374,standard,2423.64
5025,212761,rowan.allen212761@bigcorp.test,Rowan,Allen,Dallas,TX,75206,US,32.589374,-96.648634,standard,4539.48
5026,212762,avery.patel212762@bigcorp.test,Avery,Patel,Austin,TX,78702,US,30.114956,-98.008422,preferred,4445.8
5027,212873,hayden.walker212873@bigcorp.test,Hayden,Walker,Dallas,TX,75206,US,32.565726,-96.970117,standard,6086.88
5028,212940,emerson.singh212940@bigcorp.test,Emerson,Singh,Dallas,TX,75206,US,32.507936,-97.091499,standard,3366.28
5029,213083,casey.king213083@bigcorp.test,Casey,King,San Diego,CA,92105,US,32.444561,-117.176061,standard,2189.32
5030,213087,taylor.jones213087@bigcorp.test,Taylor,Jones,Dallas,TX,75206,US,32.67672,-96.997832,standard,3659.64
5031,213129,dana.kim213129@bigcorp.test,Dana,Kim,Dallas,TX,75206,US,32.585179,-96.512802,standard,4020.12
5032,213144,emerson.lewis213144@bigcorp.test,Emerson,Lewis,Dallas,TX,75206,US,32.450915,-96.744756,preferred,400.0
5033,213152,sam.smith213152@bigcorp.test,Sam,Smith,Dallas,TX,75206,US,32.868144,-97.147551,standard,2948.96
5034,213164,david.nguyen213164@bigcorp.test,David,Nguyen,Dallas,TX,75206,US,32.703123,-97.135985,standard,1493.04
5035,213165,hayden.hall213165@bigcorp.test,Hayden,Hall,Dallas,TX,75206,US,32.412677,-96.591977,standard,3273.24
5036,213170,dana.nguyen213170@bigcorp.test,Dana,Nguyen,Dallas,TX,75206,US,32.636398,-97.056969,standard,2120.36
5037,213178,jordan.allen213178@bigcorp.test,Jordan,Allen,San Diego,CA,92105,US,33.034535,-117.241783,standard,6280.84
5038,213265,taylor.chen213265@bigcorp.test,Taylor,Chen,Dallas,TX,75206,US,32.715475,-96.598408,standard,5479.84
5039,213303,casey.patel213303@bigcorp.test,Casey,Patel,Dallas,TX,75206,US,32.729775,-96.695292,standard,1668.44
5040,213315,sam.martin213315@bigcorp.test,Sam,Martin,Dallas,TX,75206,US,33.083413,-96.908883,standard,1395.88
5041,213325,robin.brown213325@bigcorp.test,Robin,Brown,Dallas,TX,75206,US,33.024901,-96.839065,standard,5920.64
5042,213334,emerson.clark213334@bigcorp.test,Emerson,Clark,San Diego,CA,92105,US,32.776209,-117.310206,preferred,1575.84
5043,213342,david.jones213342@bigcorp.test,David,Jones,Dallas,TX,75206,US,32.458622,-96.523836,standard,2594.8
5044,213351,reese.garcia213351@bigcorp.test,Reese,Garcia,Dallas,TX,75206,US,32.811502,-96.833943,standard,5431.92
5045,213413,taylor.chen213413@bigcorp.test,Taylor,Chen,Dallas,TX,75206,US,33.067739,-97.171995,standard,5672.32
5046,213488,david.allen213488@bigcorp.test,David,Allen,Austin,TX,78702,US,30.038137,-97.655964,standard,3611.12
5047,213526,morgan.garcia213526@bigcorp.test,Morgan,Garcia,Dallas,TX,75206,US,32.661744,-96.937924,standard,4539.36
5048,213562,anne.clark213562@bigcorp.test,Anne,Clark,San Diego,CA,92105,US,32.798833,-117.291629,standard,6342.48
5049,213570,dana.young213570@bigcorp.test,Dana,Young,Columbus,OH,43203,US,40.068193,-82.769788,preferred,4023.84
5050,213611,robin.garcia213611@bigcorp.test,Robin,Garcia,San Diego,CA,92105,US,32.883585,-117.362552,standard,3035.92
5051,213620,parker.jones213620@bigcorp.test,Parker,Jones,Dallas,TX,75206,US,32.882083,-96.532713,preferred,6175.4
5052,213658,anne.wilson213658@bigcorp.test,Anne,Wilson,Dallas,TX,75206,US,32.52947,-96.583955,standard,1540.16
5053,213659,anne.smith213659@bigcorp.test,Anne,Smith,Dallas,TX,75206,US,32.562346,-96.935824,standard,3576.16
5054,213697,dana.jones213697@bigcorp.test,Dana,Jones,Dallas,TX,75206,US,32.785343,-96.676197,standard,4108.8
5055,213711,kendall.clark213711@bigcorp.test,Kendall,Clark,San Diego,CA,92105,US,32.712966,-117.316532,standard,2491.12
5056,213725,dana.allen213725@bigcorp.test,Dana,Allen,Dallas,TX,75206,US,33.018162,-97.042812,vip,2533.84
5057,213796,emerson.allen213796@bigcorp.test,Emerson,Allen,Dallas,TX,75206,US,32.997044,-96.855753,standard,1328.52
5058,213799,sam.king213799@bigcorp.test,Sam,King,Dallas,TX,75206,US,33.050609,-96.913106,standard,1568.68
5059,213826,reese.martin213826@bigcorp.test,Reese,Martin,Dallas,TX,75206,US,32.553771,-97.053662,standard,2901.68
5060,213829,morgan.lee213829@bigcorp.test,Morgan,Lee,Jacksonville,FL,32202,US,30.449186,-81.76749,standard,1575.36
5061,213902,hayden.brown213902@bigcorp.test,Hayden,Brown,Dallas,TX,75206,US,32.981557,-96.58301,standard,2553.08
5062,213938,hayden.hall213938@bigcorp.test,Hayden,Hall,Dallas,TX,75206,US,32.439838,-96.930846,standard,3193.64
5063,213956,hayden.clark213956@bigcorp.test,Hayden,Clark,Columbus,OH,43203,US,39.756145,-82.937085,standard,4705.04
5064,214039,emerson.wilson214039@bigcorp.test,Emerson,Wilson,San Diego,CA,92105,US,32.981053,-117.487251,standard,2572.0
5065,214116,morgan.king214116@bigcorp.test,Morgan,King,Indianapolis,IN,46202,US,40.112298,-85.882617,preferred,4230.44
5066,214123,cameron.walker214123@bigcorp.test,Cameron,Walker,San Diego,CA,92105,US,32.948486,-117.342731,preferred,2811.0
5067,214166,blake.young214166@bigcorp.test,Blake,Young,Dallas,TX,75206,US,33.043147,-96.985709,standard,7287.68
5068,214307,avery.singh214307@bigcorp.test,Avery,Singh,Austin,TX,78702,US,30.024259,-97.828437,standard,2419.72
5069,214330,dana.clark214330@bigcorp.test,Dana,Clark,San Diego,CA,92105,US,32.544517,-117.17916,standard,1406.28
5070,214355,kendall.young214355@bigcorp.test,Kendall,Young,Fort Worth,TX,76107,US,32.880284,-97.611215,preferred,1232.76
5071,214375,casey.lewis214375@bigcorp.test,Casey,Lewis,Dallas,TX,75206,US,32.789314,-96.93677,standard,860.92
5072,214384,taylor.king214384@bigcorp.test,Taylor,King,Dallas,TX,75206,US,32.458254,-96.792098,standard,1243.04
5073,214430,jordan.garcia214430@bigcorp.test,Jordan,Garcia,Dallas,TX,75206,US,32.4064,-97.038781,vip,2153.4
5074,214477,david.lee214477@bigcorp.test,David,Lee,Dallas,TX,75206,US,32.577695,-97.196185,standard,5138.0
5075,214539,parker.clark214539@bigcorp.test,Parker,Clark,Austin,TX,78702,US,30.388911,-97.471307,preferred,2414.28
5076,214542,parker.lee214542@bigcorp.test,Parker,Lee,Columbus,OH,43203,US,40.23093,-82.753442,standard,4641.12
5077,214604,alex.patel214604@bigcorp.test,Alex,Patel,Dallas,TX,75206,US,33.048568,-96.807553,standard,1487.76
5078,214608,riley.chen214608@bigcorp.test,Riley,Chen,Dallas,TX,75206,US,32.71985,-96.865173,standard,2069.72
5079,214621,taylor.patel214621@bigcorp.test,Taylor,Patel,San Diego,CA,92105,US,32.848116,-117.220751,standard,2955.64
5080,214640,anne.brown214640@bigcorp.test,Anne,Brown,Dallas,TX,75206,US,32.831155,-96.579395,standard,5857.92
5081,214727,blake.lewis214727@bigcorp.test,Blake,Lewis,Indianapolis,IN,46202,US,39.553011,-86.131377,standard,3310.6
5082,214739,blake.allen214739@bigcorp.test,Blake,Allen,Dallas,TX,75206,US,32.643486,-96.599036,standard,4839.16
5083,214775,jordan.walker214775@bigcorp.test,Jordan,Walker,Dallas,TX,75206,US,32.48039,-96.523468,preferred,3401.72
5084,214777,riley.walker214777@bigcorp.test,Riley,Walker,San Diego,CA,92105,US,32.859376,-117.121548,standard,5533.84
5085,214865,adam.smith214865@bigcorp.test,Adam,Smith,San Diego,CA,92105,US,32.599408,-117.155622,standard,2360.04
5086,214917,kendall.jones214917@bigcorp.test,Kendall,Jones,Columbus,OH,43203,US,39.65207,-82.718486,preferred,4279.04
5087,214944,emerson.wilson214944@bigcorp.test,Emerson,Wilson,Dallas,TX,75206,US,32.857274,-96.989368,standard,5971.68
5088,215089,reese.chen215089@bigcorp.test,Reese,Chen,Dallas,TX,75206,US,33.04433,-96.6273,preferred,1704.56
5089,215094,riley.nguyen215094@bigcorp.test,Riley,Nguyen,San Diego,CA,92105,US,32.663714,-117.308567,standard,400.0
5090,215145,emerson.patel215145@bigcorp.test,Emerson,Patel,San Jose,CA,95113,US,37.185556,-121.798188,preferred,1495.92
5091,215155,jordan.lewis215155@bigcorp.test,Jordan,Lewis,Dallas,TX,75206,US,32.462223,-96.842326,standard,4873.84
5092,215168,avery.kim215168@bigcorp.test,Avery,Kim,Dallas,TX,75206,US,32.577605,-97.168873,standard,4868.96
5093,215171,morgan.lopez215171@bigcorp.test,Morgan,Lopez,Dallas,TX,75206,US,32.70888,-97.048479,preferred,1740.32
5094,215327,hayden.martin215327@bigcorp.test,Hayden,Martin,Dallas,TX,75206,US,33.040759,-96.983596,preferred,3320.72
5095,215331,cameron.lee215331@bigcorp.test,Cameron,Lee,Dallas,TX,75206,US,32.6048,-96.780233,standard,2993.44
5096,215359,riley.chen215359@bigcorp.test,Riley,Chen,Dallas,TX,75206,US,33.084306,-97.174738,standard,3755.44
5097,215362,quinn.walker215362@bigcorp.test,Quinn,Walker,Austin,TX,78701,US,30.396785,-97.869265,preferred,794.88
5098,215374,emerson.lopez215374@bigcorp.test,Emerson,Lopez,San Diego,CA,92105,US,33.07471,-116.863608,standard,5474.24
5099,215435,morgan.martin215435@bigcorp.test,Morgan,Martin,Dallas,TX,75206,US,32.541465,-96.723548,standard,2047.16
5100,215491,sam.martin215491@bigcorp.test,Sam,Martin,Dallas,TX,75206,US,32.50193,-97.024091,standard,968.76
5101,215515,adam.singh215515@bigcorp.test,Adam,Singh,Columbus,OH,43203,US,39.744131,-82.986153,preferred,1818.4
5102,215541,emerson.young215541@bigcorp.test,Emerson,Young,Columbus,OH,43203,US,39.954091,-82.580855,standard,2523.48
5103,215600,kendall.brown215600@bigcorp.test,Kendall,Brown,Dallas,TX,75206,US,33.041533,-97.081542,standard,5353.4
5104,215611,casey.smith215611@bigcorp.test,Casey,Smith,Dallas,TX,75206,US,32.636835,-96.889004,standard,3436.04
5105,215726,blake.clark215726@bigcorp.test,Blake,Clark,San Diego,CA,92105,US,32.706632,-116.914845,standard,3406.52
5106,215732,emerson.lee215732@bigcorp.test,Emerson,Lee,Dallas,TX,75206,US,32.823756,-96.873005,standard,3323.48
5107,215837,emerson.smith215837@bigcorp.test,Emerson,Smith,Dallas,TX,75206,US,32.907999,-96.851633,standard,2548.4
5108,215891,taylor.lopez215891@bigcorp.test,Taylor,Lopez,San Francisco,CA,94109,US,38.123601,-122.083837,standard,3564.64
5109,215894,jamie.smith215894@bigcorp.test,Jamie,Smith,San Diego,CA,92105,US,32.91625,-117.092917,standard,2709.24
5110,216042,riley.clark216042@bigcorp.test,Riley,Clark,Dallas,TX,75206,US,32.90849,-96.588553,standard,1776.08
5111,216058,blake.smith216058@bigcorp.test,Blake,Smith,Austin,TX,78702,US,30.481324,-97.820828,standard,2468.84
5112,216097,taylor.martin216097@bigcorp.test,Taylor,Martin,Dallas,TX,75206,US,32.674555,-96.617679,standard,1891.8
5113,216126,jordan.patel216126@bigcorp.test,Jordan,Patel,Dallas,TX,75206,US,32.598834,-96.988731,standard,2095.36
5114,216151,reese.lopez216151@bigcorp.test,Reese,Lopez,Dallas,TX,75206,US,32.462842,-96.954864,standard,5298.64
5115,216186,reese.lewis216186@bigcorp.test,Reese,Lewis,Dallas,TX,75206,US,32.60363,-96.545681,vip,3801.4
5116,216223,cameron.chen216223@bigcorp.test,Cameron,Chen,San Jose,CA,95110,US,37.583429,-121.774406,standard,3228.2
5117,216236,morgan.walker216236@bigcorp.test,Morgan,Walker,Dallas,TX,75206,US,32.897621,-96.870721,standard,7494.52
5118,216266,quinn.kim216266@bigcorp.test,Quinn,Kim,Dallas,TX,75206,US,33.059886,-97.035354,standard,5021.6
5119,216331,morgan.martin216331@bigcorp.test,Morgan,Martin,San Diego,CA,92105,US,33.03354,-117.426007,standard,3675.56
5120,216344,avery.kim216344@bigcorp.test,Avery,Kim,Dallas,TX,75206,US,32.405441,-96.523653,standard,1662.52
5121,216350,riley.smith216350@bigcorp.test,Riley,Smith,Indianapolis,IN,46202,US,39.726347,-85.903707,standard,400.0
5122,216502,adam.patel216502@bigcorp.test,Adam,Patel,Dallas,TX,75206,US,32.898416,-96.818699,standard,1277.08
5123,216514,quinn.smith216514@bigcorp.test,Quinn,Smith,Dallas,TX,75206,US,32.831064,-97.012727,standard,2643.32
5124,216638,blake.brown216638@bigcorp.test,Blake,Brown,Dallas,TX,75206,US,32.991788,-96.665656,standard,3893.84
5125,216658,riley.patel216658@bigcorp.test,Riley,Patel,Dallas,TX,75206,US,32.650728,-96.622311,standard,6002.4
5126,216679,adam.young216679@bigcorp.test,Adam,Young,Dallas,TX,75206,US,32.729868,-96.598481,standard,3389.32
5127,216687,alex.smith216687@bigcorp.test,Alex,Smith,Dallas,TX,75206,US,32.436582,-96.729124,standard,3846.92
5128,216692,taylor.singh216692@bigcorp.test,Taylor,Singh,Dallas,TX,75206,US,32.942234,-96.722848,standard,2660.12
5129,216763,hayden.jones216763@bigcorp.test,Hayden,Jones,Dallas,TX,75206,US,32.834118,-97.138999,standard,2929.04
5130,216778,jamie.smith216778@bigcorp.test,Jamie,Smith,San Diego,CA,92105,US,33.090374,-117.197021,standard,5620.8
5131,216786,jamie.hall216786@bigcorp.test,Jamie,Hall,San Diego,CA,92105,US,33.021885,-117.127081,standard,2578.56
5132,216802,anne.singh216802@bigcorp.test,Anne,Singh,Austin,TX,78702,US,30.329233,-98.025211,standard,2392.12
5133,216818,sam.garcia216818@bigcorp.test,Sam,Garcia,Dallas,TX,75206,US,32.910381,-97.135779,vip,2272.88
5134,216864,jamie.nguyen216864@bigcorp.test,Jamie,Nguyen,Dallas,TX,75206,US,32.412691,-96.844394,standard,4270.4
5135,216867,taylor.garcia216867@bigcorp.test,Taylor,Garcia,Dallas,TX,75206,US,32.412313,-96.71426,vip,2416.48
5136,216923,casey.lopez216923@bigcorp.test,Casey,Lopez,Dallas,TX,75206,US,32.576415,-96.660269,standard,3610.48
5137,216931,jordan.hall216931@bigcorp.test,Jordan,Hall,Dallas,TX,75206,US,32.665407,-96.690487,standard,1952.08
5138,216935,robin.lewis216935@bigcorp.test,Robin,Lewis,San Diego,CA,92105,US,33.044098,-117.274998,standard,2732.56
5139,216953,riley.martin216953@bigcorp.test,Riley,Martin,Dallas,TX,75206,US,32.790011,-97.005058,standard,2344.6
5140,216960,cameron.young216960@bigcorp.test,Cameron,Young,Dallas,TX,75206,US,32.89151,-96.552471,standard,3616.48
5141,216966,emerson.wilson216966@bigcorp.test,Emerson,Wilson,San Diego,CA,92105,US,32.745411,-117.527867,vip,3646.72
5142,216975,taylor.smith216975@bigcorp.test,Taylor,Smith,Dallas,TX,75206,US,32.590735,-96.902775,standard,2188.2
5143,217099,avery.lewis217099@bigcorp.test,Avery,Lewis,Columbus,OH,43203,US,40.072932,-82.933794,standard,1478.36
5144,217228,rowan.nguyen217228@bigcorp.test,Rowan,Nguyen,Austin,TX,78704,US,30.58582,-97.958382,preferred,1150.44
5145,217259,robin.smith217259@bigcorp.test,Robin,Smith,Dallas,TX,75206,US,32.867381,-96.611143,standard,2089.24
5146,217318,david.smith217318@bigcorp.test,David,Smith,Dallas,TX,75206,US,32.634241,-96.578349,standard,5442.36
5147,217326,kendall.smith217326@bigcorp.test,Kendall,Smith,Dallas,TX,75206,US,32.802915,-96.590303,standard,1889.76
5148,217339,robin.walker217339@bigcorp.test,Robin,Walker,Dallas,TX,75206,US,32.824784,-96.948431,standard,905.44
5149,217410,jordan.singh217410@bigcorp.test,Jordan,Singh,Indianapolis,IN,46202,US,39.99585,-85.843053,standard,1475.68
5150,217432,adam.singh217432@bigcorp.test,Adam,Singh,Dallas,TX,75206,US,32.400886,-97.013567,standard,3889.04
5151,217456,emerson.kim217456@bigcorp.test,Emerson,Kim,Dallas,TX,75206,US,32.650223,-96.623682,standard,2264.0
5152,217500,robin.martin217500@bigcorp.test,Robin,Martin,Dallas,TX,75206,US,32.62192,-96.539051,standard,4032.28
5153,217501,reese.patel217501@bigcorp.test,Reese,Patel,Columbus,OH,43203,US,39.731934,-83.165865,standard,2123.48
5154,217505,emerson.hall217505@bigcorp.test,Emerson,Hall,Dallas,TX,75206,US,32.483432,-96.621309,standard,2466.48
5155,217512,anne.martin217512@bigcorp.test,Anne,Martin,Dallas,TX,75206,US,32.404197,-97.020733,standard,7225.24
5156,217554,blake.wilson217554@bigcorp.test,Blake,Wilson,San Diego,CA,92105,US,32.621942,-117.176114,standard,2144.92
5157,217586,casey.allen217586@bigcorp.test,Casey,Allen,Dallas,TX,75206,US,33.083104,-96.5221,standard,2362.04
5158,217646,jordan.jones217646@bigcorp.test,Jordan,Jones,Austin,TX,78702,US,30.194964,-97.542103,standard,1937.28
5159,217739,jordan.wilson217739@bigcorp.test,Jordan,Wilson,Dallas,TX,75206,US,32.994943,-96.63429,standard,2778.96
5160,217768,avery.nguyen217768@bigcorp.test,Avery,Nguyen,Dallas,TX,75206,US,32.571884,-96.845799,preferred,773.92
5161,217806,riley.garcia217806@bigcorp.test,Riley,Garcia,Dallas,TX,75206,US,33.010836,-96.990777,standard,1506.96
5162,217838,jamie.allen217838@bigcorp.test,Jamie,Allen,Austin,TX,78702,US,30.46749,-97.362398,standard,4888.56
5163,217840,dana.wilson217840@bigcorp.test,Dana,Wilson,Dallas,TX,75206,US,33.079401,-96.776902,standard,3112.24
5164,217865,morgan.brown217865@bigcorp.test,Morgan,Brown,San Francisco,CA,94109,US,38.010216,-122.583213,standard,2245.0
5165,217902,morgan.young217902@bigcorp.test,Morgan,Young,San Diego,CA,92105,US,32.43223,-117.196411,standard,2920.24
5166,217918,kendall.young217918@bigcorp.test,Kendall,Young,Dallas,TX,75206,US,33.004984,-96.836171,standard,4806.84
5167,217927,blake.lopez217927@bigcorp.test,Blake,Lopez,Dallas,TX,75206,US,32.617595,-96.820547,vip,1901.16
5168,217970,david.garcia217970@bigcorp.test,David,Garcia,Dallas,TX,75206,US,32.476809,-96.715023,standard,1487.32
5169,218071,jamie.wilson218071@bigcorp.test,Jamie,Wilson,San Francisco,CA,94103,US,37.510665,-122.250861,standard,1903.64
5170,218127,blake.martin218127@bigcorp.test,Blake,Martin,Columbus,OH,43203,US,40.180669,-82.896742,standard,4834.8
5171,218169,emerson.clark218169@bigcorp.test,Emerson,Clark,Dallas,TX,75206,US,32.651319,-96.612762,preferred,4344.72
5172,218247,riley.king218247@bigcorp.test,Riley,King,Dallas,TX,75206,US,32.841808,-97.071799,standard,5928.12
5173,218290,quinn.lopez218290@bigcorp.test,Quinn,Lopez,San Diego,CA,92105,US,33.061323,-117.468903,standard,3275.68
5174,218356,anne.lee218356@bigcorp.test,Anne,Lee,Dallas,TX,75206,US,32.883958,-96.87377,vip,2684.76
5175,218377,casey.young218377@bigcorp.test,Casey,Young,Indianapolis,IN,46202,US,39.732653,-85.923195,standard,3560.44
5176,218387,parker.lewis218387@bigcorp.test,Parker,Lewis,Dallas,TX,75206,US,32.935105,-96.803697,standard,2523.4
5177,218442,morgan.kim218442@bigcorp.test,Morgan,Kim,Dallas,TX,75206,US,32.477272,-96.924031,standard,4152.84
5178,218450,avery.martin218450@bigcorp.test,Avery,Martin,Dallas,TX,75206,US,32.708859,-96.508342,standard,2684.2
5179,218467,avery.chen218467@bigcorp.test,Avery,Chen,Dallas,TX,75206,US,32.875125,-96.900926,standard,3119.56
5180,218553,adam.patel218553@bigcorp.test,Adam,Patel,San Diego,CA,92105,US,32.442196,-117.342215,standard,4819.76
5181,218595,emerson.patel218595@bigcorp.test,Emerson,Patel,Dallas,TX,75206,US,32.555408,-96.891427,preferred,5837.28
5182,218607,sam.garcia218607@bigcorp.test,Sam,Garcia,Dallas,TX,75206,US,32.626121,-96.751706,standard,4727.24
5183,218658,dana.allen218658@bigcorp.test,Dana,Allen,Dallas,TX,75206,US,33.007683,-96.837463,vip,3661.16
5184,218679,blake.martin218679@bigcorp.test,Blake,Martin,Dallas,TX,75206,US,32.56237,-96.542225,standard,3585.92
5185,218703,morgan.kim218703@bigcorp.test,Morgan,Kim,Dallas,TX,75206,US,32.870693,-96.53109,preferred,7576.68
5186,218756,adam.smith218756@bigcorp.test,Adam,Smith,Dallas,TX,75206,US,33.019851,-96.585321,standard,8040.2
5187,218818,rowan.smith218818@bigcorp.test,Rowan,Smith,Dallas,TX,75206,US,32.426606,-96.933434,preferred,1902.4
5188,218912,dana.king218912@bigcorp.test,Dana,King,Dallas,TX,75206,US,32.426244,-96.527557,vip,4185.68
5189,218926,riley.garcia218926@bigcorp.test,Riley,Garcia,Austin,TX,78702,US,30.058861,-97.563041,standard,3479.52
5190,218937,avery.singh218937@bigcorp.test,Avery,Singh,Dallas,TX,75206,US,32.859517,-97.020341,standard,1100.56
5191,218949,riley.clark218949@bigcorp.test,Riley,Clark,San Diego,CA,92105,US,33.015771,-117.167768,standard,2902.08
5192,218958,dana.smith218958@bigcorp.test,Dana,Smith,Dallas,TX,75206,US,32.787109,-96.58569,standard,1187.28
5193,219039,adam.patel219039@bigcorp.test,Adam,Patel,San Diego,CA,92105,US,33.084605,-117.266546,preferred,4405.04
5194,219067,avery.lopez219067@bigcorp.test,Avery,Lopez,Phoenix,AZ,85018,US,33.511343,-112.011907,standard,4471.0
5195,219071,emerson.patel219071@bigcorp.test,Emerson,Patel,Austin,TX,78702,US,30.463734,-97.641838,standard,3773.72
5196,219090,jordan.chen219090@bigcorp.test,Jordan,Chen,Dallas,TX,75206,US,32.513329,-96.549106,standard,5029.08
5197,219103,blake.nguyen219103@bigcorp.test,Blake,Nguyen,Dallas,TX,75206,US,33.050233,-96.949985,standard,5352.08
5198,219128,emerson.martin219128@bigcorp.test,Emerson,Martin,Dallas,TX,75206,US,32.763205,-96.941548,standard,2644.24
5199,219166,reese.brown219166@bigcorp.test,Reese,Brown,Dallas,TX,75206,US,32.867683,-96.627633,standard,1751.56
5200,219174,jamie.nguyen219174@bigcorp.test,Jamie,Nguyen,Los Angeles,CA,90012,US,34.235486,-118.411453,standard,3036.32
5201,219201,kendall.lopez219201@bigcorp.test,Kendall,Lopez,San Jose,CA,95110,US,37.385005,-121.882588,preferred,1385.24
5202,219209,dana.young219209@bigcorp.test,Dana,Young,Dallas,TX,75206,US,32.815451,-96.530722,standard,766.48
5203,219239,parker.brown219239@bigcorp.test,Parker,Brown,Dallas,TX,75206,US,32.858494,-96.805392,standard,2065.24
5204,219276,jamie.smith219276@bigcorp.test,Jamie,Smith,San Diego,CA,92105,US,32.65522,-117.270199,standard,5416.36
5205,219350,rowan.lewis219350@bigcorp.test,Rowan,Lewis,Dallas,TX,75206,US,32.620467,-96.715183,standard,3045.24
5206,219396,rowan.garcia219396@bigcorp.test,Rowan,Garcia,Dallas,TX,75206,US,33.012852,-96.665077,preferred,2409.32
5207,219461,blake.lopez219461@bigcorp.test,Blake,Lopez,Dallas,TX,75206,US,33.062642,-96.778698,standard,2549.32
5208,219523,dana.king219523@bigcorp.test,Dana,King,San Diego,CA,92105,US,32.431166,-117.424342,standard,3172.6
5209,219561,dana.walker219561@bigcorp.test,Dana,Walker,San Diego,CA,92105,US,32.568198,-117.030614,standard,5742.92
5210,219563,avery.patel219563@bigcorp.test,Avery,Patel,Dallas,TX,75206,US,32.672926,-97.14394,preferred,2244.68
5211,219622,riley.wilson219622@bigcorp.test,Riley,Wilson,Columbus,OH,43203,US,39.981061,-82.559405,standard,2360.92
5212,219625,jordan.chen219625@bigcorp.test,Jordan,Chen,San Diego,CA,92105,US,32.633299,-116.896537,standard,2816.68
5213,219629,reese.young219629@bigcorp.test,Reese,Young,Dallas,TX,75206,US,32.602028,-96.97133,preferred,4685.56
5214,219641,dana.allen219641@bigcorp.test,Dana,Allen,Dallas,TX,75206,US,32.425682,-96.744091,standard,3105.12
5215,219688,casey.singh219688@bigcorp.test,Casey,Singh,Dallas,TX,75206,US,32.649029,-97.179562,standard,3202.8
5216,219689,hayden.king219689@bigcorp.test,Hayden,King,San Jose,CA,95110,US,37.630795,-122.039822,standard,5076.2
5217,219717,taylor.young219717@bigcorp.test,Taylor,Young,Columbus,OH,43203,US,39.953172,-82.518718,standard,5294.24
5218,219731,casey.clark219731@bigcorp.test,Casey,Clark,Dallas,TX,75206,US,32.646729,-96.540617,standard,2920.0
5219,219760,emerson.garcia219760@bigcorp.test,Emerson,Garcia,Dallas,TX,75206,US,32.805856,-97.028108,preferred,3319.52
5220,219784,jamie.allen219784@bigcorp.test,Jamie,Allen,Dallas,TX,75206,US,32.643204,-96.821314,standard,2290.08
5221,219809,alex.lopez219809@bigcorp.test,Alex,Lopez,Columbus,OH,43203,US,39.947556,-83.431009,vip,874.68
5222,220024,dana.nguyen220024@bigcorp.test,Dana,Nguyen,Dallas,TX,75206,US,32.49404,-96.613213,preferred,2334.4
5223,220029,riley.allen220029@bigcorp.test,Riley,Allen,Dallas,TX,75206,US,32.928553,-96.842514,preferred,2319.28
5224,220070,david.clark220070@bigcorp.test,David,Clark,San Diego,CA,92105,US,32.587185,-117.135299,standard,3732.2
5225,220125,parker.lopez220125@bigcorp.test,Parker,Lopez,Dallas,TX,75206,US,32.670424,-96.773826,standard,2328.32
5226,220172,dana.chen220172@bigcorp.test,Dana,Chen,Dallas,TX,75206,US,33.019487,-96.98577,standard,3489.68
5227,220175,morgan.young220175@bigcorp.test,Morgan,Young,San Diego,CA,92105,US,32.711229,-117.119395,standard,2313.52
5228,220249,hayden.clark220249@bigcorp.test,Hayden,Clark,Dallas,TX,75206,US,32.573103,-96.512746,standard,4418.88
5229,220272,morgan.walker220272@bigcorp.test,Morgan,Walker,Dallas,TX,75206,US,32.588571,-96.648928,standard,2451.24
5230,220309,jordan.king220309@bigcorp.test,Jordan,King,Austin,TX,78702,US,30.144306,-97.526235,standard,5175.92
5231,220500,dana.clark220500@bigcorp.test,Dana,Clark,Dallas,TX,75206,US,32.791732,-97.108836,standard,2057.36
5232,220561,morgan.clark220561@bigcorp.test,Morgan,Clark,Dallas,TX,75206,US,32.986002,-96.662866,standard,3687.04
5233,220573,reese.martin220573@bigcorp.test,Reese,Martin,San Diego,CA,92105,US,32.466802,-117.058661,standard,2376.28
5234,220597,reese.lee220597@bigcorp.test,Reese,Lee,Dallas,TX,75206,US,32.427111,-96.663123,standard,877.12
5235,220637,avery.smith220637@bigcorp.test,Avery,Smith,Austin,TX,78702,US,29.965938,-98.159074,preferred,1777.12
5236,220638,cameron.hall220638@bigcorp.test,Cameron,Hall,Dallas,TX,75206,US,32.603401,-96.911712,standard,2584.88
5237,220659,blake.lopez220659@bigcorp.test,Blake,Lopez,San Diego,CA,92105,US,32.955079,-116.949656,standard,3380.8
5238,220710,casey.wilson220710@bigcorp.test,Casey,Wilson,San Diego,CA,92105,US,32.686507,-117.12582,standard,1419.52
5239,220727,dana.king220727@bigcorp.test,Dana,King,Dallas,TX,75206,US,32.984268,-96.630652,standard,4928.28
5240,220745,alex.clark220745@bigcorp.test,Alex,Clark,Dallas,TX,75206,US,32.79511,-96.603288,standard,4360.28
5241,220755,jordan.king220755@bigcorp.test,Jordan,King,Austin,TX,78702,US,30.324346,-98.170677,standard,2914.32
5242,220770,taylor.martin220770@bigcorp.test,Taylor,Martin,Philadelphia,PA,19104,US,39.904675,-75.377068,vip,3007.84
5243,220773,robin.smith220773@bigcorp.test,Robin,Smith,San Francisco,CA,94109,US,37.539384,-122.620665,standard,3707.72
5244,220998,avery.walker220998@bigcorp.test,Avery,Walker,Dallas,TX,75206,US,32.697852,-97.198671,standard,2973.36
5245,221023,morgan.kim221023@bigcorp.test,Morgan,Kim,Dallas,TX,75206,US,33.01482,-96.824378,preferred,7017.56
5246,221116,morgan.chen221116@bigcorp.test,Morgan,Chen,Dallas,TX,75206,US,33.046109,-96.783992,standard,2627.24
5247,221128,hayden.lewis221128@bigcorp.test,Hayden,Lewis,Dallas,TX,75206,US,32.862535,-97.202893,standard,1228.12
5248,221164,adam.nguyen221164@bigcorp.test,Adam,Nguyen,San Diego,CA,92105,US,32.858071,-117.038083,standard,2243.88
5249,221232,avery.kim221232@bigcorp.test,Avery,Kim,Dallas,TX,75206,US,32.806207,-97.111852,standard,4345.88
5250,221236,dana.lee221236@bigcorp.test,Dana,Lee,Dallas,TX,75206,US,32.789375,-97.054926,standard,3506.92
5251,221272,adam.chen221272@bigcorp.test,Adam,Chen,Dallas,TX,75206,US,32.934107,-97.011882,standard,5366.32
5252,221279,sam.jones221279@bigcorp.test,Sam,Jones,Dallas,TX,75206,US,32.472145,-96.707926,standard,1955.84
5253,221339,emerson.lopez221339@bigcorp.test,Emerson,Lopez,Dallas,TX,75206,US,32.562595,-96.889812,standard,3967.16
5254,221356,anne.kim221356@bigcorp.test,Anne,Kim,Dallas,TX,75206,US,32.862059,-97.203779,preferred,3466.28
5255,221513,adam.jones221513@bigcorp.test,Adam,Jones,San Diego,CA,92105,US,32.491393,-116.978136,standard,2387.72
5256,221538,sam.king221538@bigcorp.test,Sam,King,Dallas,TX,75206,US,32.715287,-97.118315,standard,6150.24
5257,221550,dana.hall221550@bigcorp.test,Dana,Hall,Dallas,TX,75206,US,32.453511,-97.04109,vip,3498.32
5258,221557,alex.young221557@bigcorp.test,Alex,Young,Austin,TX,78702,US,29.936748,-98.144002,standard,762.6
5259,221610,david.nguyen221610@bigcorp.test,David,Nguyen,Dallas,TX,75206,US,32.636757,-97.169759,preferred,3583.72
5260,221670,emerson.smith221670@bigcorp.test,Emerson,Smith,Dallas,TX,75206,US,32.847056,-96.516483,standard,4883.88
5261,221734,adam.smith221734@bigcorp.test,Adam,Smith,Dallas,TX,75206,US,32.531586,-97.061308,standard,5713.88
5262,221738,david.young221738@bigcorp.test,David,Young,Dallas,TX,75206,US,32.572736,-96.853768,preferred,5412.76
5263,221780,adam.king221780@bigcorp.test,Adam,King,Dallas,TX,75206,US,33.02245,-96.825612,vip,3871.04
5264,221800,dana.martin221800@bigcorp.test,Dana,Martin,Dallas,TX,75206,US,32.967756,-96.637023,standard,1421.88
5265,221839,morgan.lopez221839@bigcorp.test,Morgan,Lopez,Dallas,TX,75206,US,32.841157,-97.194779,standard,1265.88
5266,221875,riley.singh221875@bigcorp.test,Riley,Singh,Dallas,TX,75206,US,32.898351,-96.803455,standard,2762.8
5267,221882,rowan.walker221882@bigcorp.test,Rowan,Walker,San Francisco,CA,94103,US,37.610509,-122.309879,standard,4074.04
5268,221896,alex.lopez221896@bigcorp.test,Alex,Lopez,Dallas,TX,75206,US,32.660597,-97.0741,standard,3948.24
5269,221905,reese.clark221905@bigcorp.test,Reese,Clark,Austin,TX,78702,US,30.367164,-97.574176,standard,3129.32
5270,221942,alex.lee221942@bigcorp.test,Alex,Lee,Dallas,TX,75206,US,32.66849,-96.623161,standard,3460.44
5271,221948,quinn.nguyen221948@bigcorp.test,Quinn,Nguyen,Dallas,TX,75206,US,32.616126,-96.816502,standard,3853.36
5272,222070,anne.lewis222070@bigcorp.test,Anne,Lewis,Austin,TX,78702,US,30.043778,-98.053651,standard,2340.08
5273,222082,adam.nguyen222082@bigcorp.test,Adam,Nguyen,Austin,TX,78702,US,30.016507,-97.782112,standard,2070.72
5274,222114,david.kim222114@bigcorp.test,David,Kim,Austin,TX,78702,US,30.484239,-97.603062,standard,4588.28
5275,222136,parker.martin222136@bigcorp.test,Parker,Martin,Dallas,TX,75206,US,33.026275,-96.96376,preferred,4051.24
5276,222200,jordan.lee222200@bigcorp.test,Jordan,Lee,San Diego,CA,92105,US,32.87848,-117.238896,vip,4757.2
5277,222247,riley.martin222247@bigcorp.test,Riley,Martin,Columbus,OH,43203,US,39.785364,-83.025261,standard,4693.16
5278,222263,hayden.nguyen222263@bigcorp.test,Hayden,Nguyen,Dallas,TX,75206,US,32.910395,-96.519414,standard,4912.8
5279,222264,cameron.king222264@bigcorp.test,Cameron,King,Dallas,TX,75206,US,33.007492,-96.833763,standard,4570.6
5280,222271,alex.smith222271@bigcorp.test,Alex,Smith,Indianapolis,IN,46202,US,39.64403,-85.894394,preferred,2070.08
5281,222288,anne.hall222288@bigcorp.test,Anne,Hall,Dallas,TX,75206,US,32.502306,-97.00829,vip,2912.44
5282,222351,hayden.chen222351@bigcorp.test,Hayden,Chen,Austin,TX,78702,US,30.144098,-97.536402,standard,2030.84
5283,222354,taylor.smith222354@bigcorp.test,Taylor,Smith,Dallas,TX,75206,US,32.436908,-96.553561,standard,1739.2
5284,222448,david.king222448@bigcorp.test,David,King,Dallas,TX,75206,US,32.405728,-96.827491,standard,1595.8
5285,222511,jamie.chen222511@bigcorp.test,Jamie,Chen,San Diego,CA,92105,US,33.002417,-117.48374,standard,2835.28
5286,222523,blake.lopez222523@bigcorp.test,Blake,Lopez,San Diego,CA,92105,US,32.78402,-116.902046,standard,3160.16
5287,222557,riley.clark222557@bigcorp.test,Riley,Clark,San Diego,CA,92105,US,32.595272,-117.074676,standard,3531.6
5288,222564,anne.king222564@bigcorp.test,Anne,King,San Diego,CA,92105,US,32.62358,-117.413983,standard,3282.76
5289,222694,kendall.kim222694@bigcorp.test,Kendall,Kim,Dallas,TX,75206,US,33.010451,-96.521153,standard,2781.16
5290,222723,rowan.young222723@bigcorp.test,Rowan,Young,Dallas,TX,75206,US,32.441675,-96.67896,preferred,4853.56
5291,222752,emerson.smith222752@bigcorp.test,Emerson,Smith,Dallas,TX,75206,US,32.570418,-96.773018,preferred,7748.64
5292,222804,avery.lopez222804@bigcorp.test,Avery,Lopez,Dallas,TX,75206,US,32.889122,-96.635269,standard,2018.28
5293,222844,blake.patel222844@bigcorp.test,Blake,Patel,Dallas,TX,75206,US,32.971967,-96.53913,standard,4114.36
5294,222852,emerson.jones222852@bigcorp.test,Emerson,Jones,Dallas,TX,75206,US,32.485682,-97.016464,preferred,3233.56
5295,222866,cameron.smith222866@bigcorp.test,Cameron,Smith,Dallas,TX,75206,US,32.476424,-97.143976,preferred,3711.4
5296,222915,anne.singh222915@bigcorp.test,Anne,Singh,Dallas,TX,75206,US,32.487901,-96.672726,standard,4115.04
5297,222929,dana.brown222929@bigcorp.test,Dana,Brown,Dallas,TX,75206,US,32.830089,-96.931912,standard,3417.56
5298,222946,emerson.lee222946@bigcorp.test,Emerson,Lee,Dallas,TX,75206,US,32.968241,-96.87935,preferred,7870.44
5299,222959,avery.walker222959@bigcorp.test,Avery,Walker,Dallas,TX,75206,US,32.76896,-96.513231,standard,1842.44
5300,223019,kendall.lewis223019@bigcorp.test,Kendall,Lewis,Dallas,TX,75206,US,32.417107,-96.758993,standard,2322.4
5301,223028,cameron.smith223028@bigcorp.test,Cameron,Smith,Dallas,TX,75206,US,32.628443,-97.091588,standard,4742.08
5302,223054,parker.lewis223054@bigcorp.test,Parker,Lewis,Dallas,TX,75206,US,32.632187,-96.908048,standard,1838.64
5303,223056,emerson.allen223056@bigcorp.test,Emerson,Allen,Dallas,TX,75206,US,32.417851,-96.971122,standard,4797.92
5304,223066,quinn.smith223066@bigcorp.test,Quinn,Smith,Dallas,TX,75206,US,32.532248,-97.064799,preferred,3558.72
5305,223080,parker.wilson223080@bigcorp.test,Parker,Wilson,Columbus,OH,43203,US,39.810777,-82.479633,preferred,2550.2
5306,223191,alex.singh223191@bigcorp.test,Alex,Singh,Dallas,TX,75206,US,32.97078,-96.677136,standard,5717.04
5307,223335,adam.chen223335@bigcorp.test,Adam,Chen,San Diego,CA,92105,US,32.579384,-117.418024,preferred,3006.4
5308,223406,emerson.young223406@bigcorp.test,Emerson,Young,Dallas,TX,75206,US,32.544052,-97.186686,standard,5804.72
5309,223445,rowan.hall223445@bigcorp.test,Rowan,Hall,Dallas,TX,75206,US,33.09375,-96.629165,standard,3179.6
5310,223468,adam.kim223468@bigcorp.test,Adam,Kim,Dallas,TX,75206,US,32.745786,-97.04701,preferred,1425.04
5311,223474,reese.chen223474@bigcorp.test,Reese,Chen,Phoenix,AZ,85018,US,33.510153,-111.940144,standard,5593.0
5312,223488,jordan.smith223488@bigcorp.test,Jordan,Smith,Dallas,TX,75206,US,32.834804,-97.131006,standard,2348.04
5313,223491,taylor.lopez223491@bigcorp.test,Taylor,Lopez,Dallas,TX,75206,US,32.624538,-96.522294,standard,2267.24
5314,223534,alex.clark223534@bigcorp.test,Alex,Clark,Dallas,TX,75206,US,32.730591,-97.138254,standard,4322.84
5315,223553,quinn.smith223553@bigcorp.test,Quinn,Smith,San Diego,CA,92105,US,32.80549,-116.8793,standard,3113.8
5316,223572,hayden.smith223572@bigcorp.test,Hayden,Smith,Austin,TX,78702,US,30.501508,-97.538878,preferred,4762.04
5317,223576,robin.clark223576@bigcorp.test,Robin,Clark,Dallas,TX,75206,US,33.041894,-97.090983,preferred,4258.12
5318,223604,blake.singh223604@bigcorp.test,Blake,Singh,Dallas,TX,75206,US,32.410445,-96.515294,standard,3131.48
5319,223651,blake.wilson223651@bigcorp.test,Blake,Wilson,San Diego,CA,92105,US,33.012118,-117.233003,vip,2513.96
5320,223669,anne.singh223669@bigcorp.test,Anne,Singh,San Diego,CA,92105,US,32.564158,-117.466749,standard,5064.84
5321,223678,emerson.patel223678@bigcorp.test,Emerson,Patel,Austin,TX,78702,US,30.37969,-97.759051,standard,4600.4
5322,223706,alex.nguyen223706@bigcorp.test,Alex,Nguyen,San Diego,CA,92105,US,33.008369,-117.315682,standard,400.0
5323,223764,morgan.patel223764@bigcorp.test,Morgan,Patel,Dallas,TX,75206,US,32.633306,-96.572061,standard,7519.16
5324,223810,taylor.garcia223810@bigcorp.test,Taylor,Garcia,Dallas,TX,75206,US,33.001297,-96.775586,standard,6384.48
5325,223833,avery.smith223833@bigcorp.test,Avery,Smith,Dallas,TX,75206,US,33.069697,-96.992576,standard,4217.8
5326,223863,parker.king223863@bigcorp.test,Parker,King,Dallas,TX,75206,US,32.586345,-96.634834,vip,4080.04
5327,223921,emerson.wilson223921@bigcorp.test,Emerson,Wilson,Dallas,TX,75206,US,33.024259,-96.832612,preferred,3422.24
5328,223923,reese.martin223923@bigcorp.test,Reese,Martin,Austin,TX,78704,US,30.147663,-97.553159,standard,1475.84
5329,223953,taylor.wilson223953@bigcorp.test,Taylor,Wilson,Dallas,TX,75206,US,32.717981,-96.544391,standard,3554.24
5330,223988,hayden.walker223988@bigcorp.test,Hayden,Walker,Dallas,TX,75206,US,32.526818,-96.840115,standard,3796.6
5331,224049,parker.singh224049@bigcorp.test,Parker,Singh,Dallas,TX,75206,US,32.480765,-97.084332,standard,3926.76
5332,224090,alex.lewis224090@bigcorp.test,Alex,Lewis,Dallas,TX,75206,US,32.814907,-96.638878,standard,5664.04
5333,224102,avery.king224102@bigcorp.test,Avery,King,San Jose,CA,95110,US,37.643843,-121.823739,standard,4729.24
5334,224134,reese.allen224134@bigcorp.test,Reese,Allen,Indianapolis,IN,46202,US,39.655179,-86.131158,standard,5241.92
5335,224182,david.chen224182@bigcorp.test,David,Chen,Dallas,TX,75206,US,32.55745,-96.725697,preferred,2766.88
5336,224184,morgan.nguyen224184@bigcorp.test,Morgan,Nguyen,San Diego,CA,92105,US,32.594944,-117.082408,standard,1640.68
5337,224257,blake.garcia224257@bigcorp.test,Blake,Garcia,Dallas,TX,75206,US,32.74058,-96.932134,standard,3272.32
5338,224270,dana.chen224270@bigcorp.test,Dana,Chen,Dallas,TX,75206,US,32.654774,-97.201628,standard,5216.16
5339,224311,taylor.clark224311@bigcorp.test,Taylor,Clark,Dallas,TX,75206,US,32.402584,-96.639323,standard,2660.88
5340,224332,reese.garcia224332@bigcorp.test,Reese,Garcia,San Jose,CA,95110,US,37.396764,-122.234986,standard,1888.2
5341,224333,dana.young224333@bigcorp.test,Dana,Young,San Diego,CA,92105,US,32.463205,-116.862848,vip,4626.96
5342,224355,adam.wilson224355@bigcorp.test,Adam,Wilson,Dallas,TX,75206,US,32.932417,-97.122552,standard,3484.12
5343,224470,jamie.lee224470@bigcorp.test,Jamie,Lee,Dallas,TX,75206,US,32.823575,-97.17084,standard,4119.76
5344,224558,david.walker224558@bigcorp.test,David,Walker,Austin,TX,78702,US,29.902433,-97.573898,standard,1717.28
5345,224611,parker.hall224611@bigcorp.test,Parker,Hall,San Diego,CA,92105,US,32.667237,-116.909849,preferred,3979.04
5346,224626,robin.patel224626@bigcorp.test,Robin,Patel,Dallas,TX,75206,US,32.842701,-96.591787,standard,3107.48
5347,224654,cameron.kim224654@bigcorp.test,Cameron,Kim,Columbus,OH,43203,US,40.128776,-82.654261,standard,3994.48
5348,224693,cameron.jones224693@bigcorp.test,Cameron,Jones,Dallas,TX,75206,US,32.8833,-96.574955,standard,3630.92
5349,224840,riley.smith224840@bigcorp.test,Riley,Smith,Dallas,TX,75206,US,32.714892,-96.90754,standard,1963.68
5350,224847,morgan.patel224847@bigcorp.test,Morgan,Patel,San Diego,CA,92105,US,32.640831,-117.329773,standard,3984.28
5351,224859,cameron.martin224859@bigcorp.test,Cameron,Martin,Dallas,TX,75206,US,32.985886,-97.070837,standard,3481.56
5352,224922,kendall.lewis224922@bigcorp.test,Kendall,Lewis,Dallas,TX,75206,US,32.593199,-96.709575,standard,3945.08
5353,225047,parker.lopez225047@bigcorp.test,Parker,Lopez,Dallas,TX,75206,US,33.081805,-96.647459,standard,2725.24
5354,225067,parker.king225067@bigcorp.test,Parker,King,Dallas,TX,75206,US,32.816115,-97.064895,preferred,4283.56
5355,225069,jamie.wilson225069@bigcorp.test,Jamie,Wilson,Dallas,TX,75206,US,32.706727,-96.921948,standard,2465.2
5356,225097,sam.lopez225097@bigcorp.test,Sam,Lopez,San Diego,CA,92105,US,32.467002,-117.207762,standard,5386.0
5357,225123,jamie.wilson225123@bigcorp.test,Jamie,Wilson,Indianapolis,IN,46202,US,39.505197,-85.678976,standard,2873.84
5358,225139,avery.lee225139@bigcorp.test,Avery,Lee,Columbus,OH,43203,US,40.32213,-82.839761,standard,1431.72
5359,225150,david.lopez225150@bigcorp.test,David,Lopez,Dallas,TX,75206,US,32.674396,-96.749211,standard,2347.32
5360,225177,quinn.lewis225177@bigcorp.test,Quinn,Lewis,Dallas,TX,75206,US,32.868647,-96.634683,standard,3898.44
5361,225242,morgan.brown225242@bigcorp.test,Morgan,Brown,Dallas,TX,75206,US,32.742393,-96.552501,standard,2350.6
5362,225275,anne.walker225275@bigcorp.test,Anne,Walker,Austin,TX,78702,US,29.945296,-97.729555,standard,3662.04
5363,225332,riley.brown225332@bigcorp.test,Riley,Brown,Dallas,TX,75206,US,32.867849,-96.616086,preferred,4509.84
5364,225418,robin.allen225418@bigcorp.test,Robin,Allen,Dallas,TX,75206,US,32.744566,-96.930263,standard,5742.0
5365,225453,kendall.nguyen225453@bigcorp.test,Kendall,Nguyen,San Diego,CA,92105,US,32.780768,-117.229193,standard,3557.96
5366,225478,anne.lee225478@bigcorp.test,Anne,Lee,Seattle,WA,98101,US,47.80734,-122.335367,standard,2195.0
5367,225594,emerson.king225594@bigcorp.test,Emerson,King,Dallas,TX,75206,US,32.692865,-97.04299,standard,2266.12
5368,225626,morgan.lopez225626@bigcorp.test,Morgan,Lopez,Dallas,TX,75206,US,32.750456,-97.014313,standard,2533.88
5369,225682,hayden.king225682@bigcorp.test,Hayden,King,Dallas,TX,75206,US,32.647591,-96.771541,standard,3873.6
5370,225693,reese.jones225693@bigcorp.test,Reese,Jones,Dallas,TX,75206,US,32.731804,-97.143287,preferred,675.88
5371,225712,rowan.wilson225712@bigcorp.test,Rowan,Wilson,Dallas,TX,75206,US,32.924684,-97.089917,standard,5602.44
5372,225759,emerson.hall225759@bigcorp.test,Emerson,Hall,San Diego,CA,92105,US,33.015885,-116.849151,standard,2872.92
5373,225827,hayden.chen225827@bigcorp.test,Hayden,Chen,Dallas,TX,75206,US,33.075042,-96.874386,standard,3038.64
5374,225838,avery.brown225838@bigcorp.test,Avery,Brown,Phoenix,AZ,85018,US,33.418996,-112.316483,standard,4587.04
5375,225877,taylor.allen225877@bigcorp.test,Taylor,Allen,Dallas,TX,75206,US,32.81179,-96.890871,standard,2725.32
5376,225878,reese.young225878@bigcorp.test,Reese,Young,Dallas,TX,75206,US,32.721185,-96.59883,standard,2705.88
5377,225943,taylor.allen225943@bigcorp.test,Taylor,Allen,Dallas,TX,75206,US,32.630807,-96.984293,standard,5440.96
5378,226037,hayden.smith226037@bigcorp.test,Hayden,Smith,San Diego,CA,92105,US,32.46298,-117.185221,standard,3536.0
5379,226092,dana.king226092@bigcorp.test,Dana,King,Indianapolis,IN,46202,US,39.540321,-85.945975,standard,6294.84
5380,226142,cameron.smith226142@bigcorp.test,Cameron,Smith,Dallas,TX,75206,US,32.424126,-96.610496,standard,2077.72
5381,226166,dana.smith226166@bigcorp.test,Dana,Smith,Dallas,TX,75206,US,32.938753,-96.871951,standard,5229.04
5382,226214,avery.kim226214@bigcorp.test,Avery,Kim,Dallas,TX,75206,US,33.073641,-97.196149,standard,3335.96
5383,226217,emerson.allen226217@bigcorp.test,Emerson,Allen,San Diego,CA,92105,US,33.092264,-117.416235,standard,5862.48
5384,226239,dana.singh226239@bigcorp.test,Dana,Singh,Dallas,TX,75206,US,32.645011,-96.895865,preferred,3892.52
5385,226246,robin.king226246@bigcorp.test,Robin,King,San Diego,CA,92105,US,33.025674,-116.957043,standard,4332.52
5386,226286,anne.kim226286@bigcorp.test,Anne,Kim,San Diego,CA,92105,US,32.989141,-116.843235,standard,2543.64
5387,226310,riley.patel226310@bigcorp.test,Riley,Patel,San Diego,CA,92105,US,32.53713,-117.422802,standard,6669.2
5388,226383,emerson.hall226383@bigcorp.test,Emerson,Hall,Dallas,TX,75206,US,32.649277,-96.622387,standard,4854.96
5389,226507,blake.king226507@bigcorp.test,Blake,King,Dallas,TX,75206,US,32.40423,-97.089289,preferred,3596.36
5390,226519,sam.lewis226519@bigcorp.test,Sam,Lewis,Austin,TX,78702,US,30.017503,-97.778759,standard,1114.2
5391,226544,rowan.lopez226544@bigcorp.test,Rowan,Lopez,San Diego,CA,92105,US,32.933144,-117.048682,standard,2706.6
5392,226611,adam.smith226611@bigcorp.test,Adam,Smith,Dallas,TX,75206,US,32.496296,-96.721686,standard,3538.04
5393,226694,jamie.lopez226694@bigcorp.test,Jamie,Lopez,Dallas,TX,75206,US,32.907385,-96.726779,standard,3454.88
5394,226711,casey.brown226711@bigcorp.test,Casey,Brown,Dallas,TX,75206,US,32.445877,-97.040683,standard,3646.16
5395,226743,riley.wilson226743@bigcorp.test,Riley,Wilson,Dallas,TX,75206,US,32.690673,-96.902992,standard,5973.16
5396,226806,sam.young226806@bigcorp.test,Sam,Young,Columbus,OH,43203,US,40.028203,-82.761238,standard,1774.36
5397,226852,sam.walker226852@bigcorp.test,Sam,Walker,Dallas,TX,75206,US,32.54892,-96.859036,standard,4485.88
5398,226920,parker.patel226920@bigcorp.test,Parker,Patel,Dallas,TX,75206,US,32.82703,-97.091376,preferred,2470.2
5399,226948,dana.young226948@bigcorp.test,Dana,Young,Dallas,TX,75206,US,33.078165,-97.000472,standard,3171.08
5400,227120,cameron.allen227120@bigcorp.test,Cameron,Allen,Dallas,TX,75206,US,32.541298,-96.753311,standard,4913.92
5401,227132,jamie.patel227132@bigcorp.test,Jamie,Patel,San Diego,CA,92105,US,33.073988,-117.249884,standard,2647.04
5402,227219,parker.kim227219@bigcorp.test,Parker,Kim,Columbus,OH,43203,US,40.190184,-82.940525,standard,3890.8
5403,227220,rowan.jones227220@bigcorp.test,Rowan,Jones,Dallas,TX,75206,US,32.90648,-97.010589,standard,3772.16
5404,227289,jamie.wilson227289@bigcorp.test,Jamie,Wilson,Columbus,OH,43203,US,39.829774,-82.926338,standard,2781.56
5405,227333,anne.nguyen227333@bigcorp.test,Anne,Nguyen,Columbus,OH,43203,US,40.093087,-82.92007,preferred,4195.52
5406,227341,adam.wilson227341@bigcorp.test,Adam,Wilson,Columbus,OH,43203,US,39.626702,-83.106981,standard,6307.4
5407,227406,robin.brown227406@bigcorp.test,Robin,Brown,Dallas,TX,75206,US,32.914122,-96.557745,standard,2006.84
5408,227419,jamie.smith227419@bigcorp.test,Jamie,Smith,Dallas,TX,75206,US,32.859793,-96.575191,standard,3381.12
5409,227454,riley.garcia227454@bigcorp.test,Riley,Garcia,Dallas,TX,75206,US,32.992783,-96.77902,standard,1191.76
5410,227461,avery.martin227461@bigcorp.test,Avery,Martin,Dallas,TX,75206,US,32.705869,-97.095697,preferred,2163.04
5411,227539,dana.clark227539@bigcorp.test,Dana,Clark,Dallas,TX,75206,US,32.80292,-96.898429,standard,4568.36
5412,227580,morgan.kim227580@bigcorp.test,Morgan,Kim,San Diego,CA,92105,US,32.799708,-117.452186,preferred,2858.64
5413,227651,jordan.hall227651@bigcorp.test,Jordan,Hall,Dallas,TX,75206,US,32.694945,-97.113877,standard,1590.68
5414,227670,jamie.smith227670@bigcorp.test,Jamie,Smith,San Diego,CA,92105,US,33.093422,-116.837985,preferred,3198.48
5415,227671,morgan.chen227671@bigcorp.test,Morgan,Chen,Dallas,TX,75206,US,32.645892,-96.75343,standard,1810.84
5416,227678,sam.lewis227678@bigcorp.test,Sam,Lewis,Dallas,TX,75206,US,32.843958,-96.907739,standard,577.6
5417,227796,sam.walker227796@bigcorp.test,Sam,Walker,Dallas,TX,75206,US,32.778238,-96.616802,standard,2012.92
5418,227847,morgan.martin227847@bigcorp.test,Morgan,Martin,Dallas,TX,75206,US,32.91008,-97.133899,standard,4844.52
5419,227858,riley.king227858@bigcorp.test,Riley,King,Dallas,TX,75206,US,32.699556,-96.634133,standard,4239.92
5420,227931,kendall.martin227931@bigcorp.test,Kendall,Martin,Dallas,TX,75206,US,33.059317,-96.881355,preferred,2135.44
5421,227937,hayden.chen227937@bigcorp.test,Hayden,Chen,Dallas,TX,75206,US,33.006103,-97.129076,preferred,2969.84
5422,227945,dana.chen227945@bigcorp.test,Dana,Chen,Dallas,TX,75206,US,32.994276,-96.847459,standard,3862.96
5423,227997,adam.patel227997@bigcorp.test,Adam,Patel,Dallas,TX,75206,US,32.635678,-96.902386,standard,4070.64
5424,228005,rowan.jones228005@bigcorp.test,Rowan,Jones,San Diego,CA,92105,US,33.030044,-117.159692,vip,3574.72
5425,228006,taylor.martin228006@bigcorp.test,Taylor,Martin,Dallas,TX,75206,US,32.749837,-96.6815,standard,3455.24
5426,228081,sam.hall228081@bigcorp.test,Sam,Hall,Dallas,TX,75206,US,32.711585,-96.745831,standard,1414.6
5427,228105,robin.jones228105@bigcorp.test,Robin,Jones,San Diego,CA,92105,US,33.013092,-117.246022,standard,2441.36
5428,228154,quinn.chen228154@bigcorp.test,Quinn,Chen,Dallas,TX,75206,US,32.619925,-96.699246,standard,1743.6
5429,228207,alex.lopez228207@bigcorp.test,Alex,Lopez,Austin,TX,78702,US,30.511602,-97.931247,standard,5310.56
5430,228224,morgan.lewis228224@bigcorp.test,Morgan,Lewis,Dallas,TX,75206,US,32.681119,-96.772971,standard,1725.2
5431,228240,quinn.walker228240@bigcorp.test,Quinn,Walker,Dallas,TX,75206,US,32.952829,-96.580099,standard,3183.52
5432,228390,kendall.martin228390@bigcorp.test,Kendall,Martin,Los Angeles,CA,90013,US,34.315704,-118.539535,standard,3717.24
5433,228429,sam.lewis228429@bigcorp.test,Sam,Lewis,Philadelphia,PA,19104,US,39.89556,-75.153479,preferred,2700.64
5434,228471,riley.allen228471@bigcorp.test,Riley,Allen,Dallas,TX,75206,US,32.77203,-96.972977,preferred,2032.04
5435,228474,casey.jones228474@bigcorp.test,Casey,Jones,Columbus,OH,43203,US,39.656963,-82.786575,standard,5005.2
5436,228482,sam.lee228482@bigcorp.test,Sam,Lee,Dallas,TX,75206,US,32.747036,-96.756841,standard,3283.32
5437,228485,jordan.chen228485@bigcorp.test,Jordan,Chen,Austin,TX,78702,US,30.156028,-98.153667,standard,1824.12
5438,228516,taylor.nguyen228516@bigcorp.test,Taylor,Nguyen,Dallas,TX,75206,US,32.940012,-96.737829,standard,5980.64
5439,228547,quinn.walker228547@bigcorp.test,Quinn,Walker,Dallas,TX,75206,US,32.845643,-97.077355,preferred,2374.96
5440,228584,taylor.king228584@bigcorp.test,Taylor,King,Austin,TX,78702,US,30.083149,-97.787288,standard,3268.6
5441,228603,adam.garcia228603@bigcorp.test,Adam,Garcia,Dallas,TX,75206,US,32.443859,-96.944029,standard,1811.12
5442,228619,taylor.smith228619@bigcorp.test,Taylor,Smith,Dallas,TX,75206,US,32.501031,-96.735291,standard,4388.32
5443,228631,avery.hall228631@bigcorp.test,Avery,Hall,San Diego,CA,92105,US,32.470378,-116.837966,standard,4451.8
5444,228637,david.chen228637@bigcorp.test,David,Chen,Dallas,TX,75206,US,32.971025,-96.809125,vip,1236.36
5445,228717,morgan.lee228717@bigcorp.test,Morgan,Lee,San Diego,CA,92105,US,32.519866,-117.021749,standard,3363.2
5446,228721,casey.lewis228721@bigcorp.test,Casey,Lewis,San Diego,CA,92105,US,33.009112,-117.303372,standard,4439.6
5447,228724,adam.walker228724@bigcorp.test,Adam,Walker,Dallas,TX,75206,US,32.544587,-96.627263,preferred,4009.44
5448,228750,dana.smith228750@bigcorp.test,Dana,Smith,Austin,TX,78702,US,29.907775,-97.83613,standard,2279.32
5449,228841,adam.jones228841@bigcorp.test,Adam,Jones,Austin,TX,78702,US,30.55469,-97.928869,preferred,7099.24
5450,228850,parker.young228850@bigcorp.test,Parker,Young,Dallas,TX,75206,US,32.740058,-96.584031,standard,2098.44
5451,228863,adam.young228863@bigcorp.test,Adam,Young,San Diego,CA,92105,US,32.930792,-117.234441,preferred,3445.76
5452,228912,rowan.smith228912@bigcorp.test,Rowan,Smith,Dallas,TX,75206,US,32.647108,-96.79797,preferred,4378.6
5453,228946,blake.clark228946@bigcorp.test,Blake,Clark,Dallas,TX,75206,US,32.969765,-96.987355,vip,6134.32
5454,228960,parker.martin228960@bigcorp.test,Parker,Martin,Dallas,TX,75206,US,32.932031,-97.155163,preferred,1338.92
5455,228982,jamie.kim228982@bigcorp.test,Jamie,Kim,San Diego,CA,92105,US,32.799638,-117.358778,standard,1073.08
5456,228997,anne.hall228997@bigcorp.test,Anne,Hall,Dallas,TX,75206,US,33.085201,-97.047804,standard,7059.72
5457,229018,alex.hall229018@bigcorp.test,Alex,Hall,Dallas,TX,75206,US,32.799227,-96.63207,preferred,1291.8
5458,229066,quinn.smith229066@bigcorp.test,Quinn,Smith,Dallas,TX,75206,US,32.953147,-97.024499,standard,6453.16
5459,229102,sam.king229102@bigcorp.test,Sam,King,Phoenix,AZ,85018,US,33.301685,-111.773901,standard,4699.48
5460,229140,cameron.king229140@bigcorp.test,Cameron,King,Dallas,TX,75206,US,32.528722,-97.0397,standard,2876.48
5461,229146,reese.singh229146@bigcorp.test,Reese,Singh,Philadelphia,PA,19104,US,39.879093,-75.385414,standard,4927.44
5462,229176,alex.smith229176@bigcorp.test,Alex,Smith,Dallas,TX,75206,US,32.743204,-96.510246,standard,3820.72
5463,229179,blake.singh229179@bigcorp.test,Blake,Singh,San Diego,CA,92105,US,32.551327,-117.518718,preferred,4683.48
5464,229194,riley.chen229194@bigcorp.test,Riley,Chen,Dallas,TX,75206,US,32.884228,-96.531742,standard,8670.28
5465,229243,quinn.lewis229243@bigcorp.test,Quinn,Lewis,San Diego,CA,92105,US,32.504446,-116.996314,standard,2744.92
5466,229250,anne.garcia229250@bigcorp.test,Anne,Garcia,Dallas,TX,75206,US,32.887989,-96.552878,standard,4476.2
5467,229322,adam.hall229322@bigcorp.test,Adam,Hall,Indianapolis,IN,46202,US,40.152376,-86.135,standard,837.52
5468,229323,alex.king229323@bigcorp.test,Alex,King,San Diego,CA,92105,US,32.703195,-117.394,preferred,2480.84
5469,229336,riley.clark229336@bigcorp.test,Riley,Clark,Austin,TX,78702,US,29.948842,-97.570567,standard,4507.56
5470,229338,sam.lee229338@bigcorp.test,Sam,Lee,Dallas,TX,75206,US,32.937733,-96.585604,standard,3573.2
5471,229351,emerson.lopez229351@bigcorp.test,Emerson,Lopez,Dallas,TX,75206,US,32.715295,-96.966926,standard,3018.84
5472,229379,david.lee229379@bigcorp.test,David,Lee,Dallas,TX,75206,US,33.024631,-96.549687,standard,4723.16
5473,229387,blake.smith229387@bigcorp.test,Blake,Smith,Dallas,TX,75206,US,32.431563,-97.011482,standard,1812.36
5474,229463,casey.smith229463@bigcorp.test,Casey,Smith,Austin,TX,78702,US,30.148531,-97.902934,vip,2452.28
5475,229490,blake.lopez229490@bigcorp.test,Blake,Lopez,San Diego,CA,92105,US,32.4172,-117.315257,standard,1205.28
5476,229518,dana.walker229518@bigcorp.test,Dana,Walker,Dallas,TX,75206,US,32.746077,-96.853841,standard,5536.04
5477,229529,sam.wilson229529@bigcorp.test,Sam,Wilson,San Diego,CA,92105,US,32.725328,-116.918027,standard,3146.04
5478,229541,alex.young229541@bigcorp.test,Alex,Young,Dallas,TX,75206,US,32.819154,-96.674912,preferred,5169.84
5479,229576,quinn.jones229576@bigcorp.test,Quinn,Jones,Dallas,TX,75206,US,33.029959,-96.861233,standard,5022.04
5480,229772,rowan.young229772@bigcorp.test,Rowan,Young,Dallas,TX,75206,US,33.081792,-97.041127,vip,3484.88
5481,229813,robin.jones229813@bigcorp.test,Robin,Jones,Dallas,TX,75206,US,32.751935,-96.6311,standard,5263.64
5482,229816,sam.wilson229816@bigcorp.test,Sam,Wilson,San Francisco,CA,94109,US,37.688592,-122.564321,standard,3994.88
5483,229839,emerson.kim229839@bigcorp.test,Emerson,Kim,Dallas,TX,75206,US,32.662867,-97.146711,standard,2283.44
5484,229856,morgan.kim229856@bigcorp.test,Morgan,Kim,Dallas,TX,75206,US,32.523641,-97.138135,standard,3677.64
5485,229876,emerson.smith229876@bigcorp.test,Emerson,Smith,Austin,TX,78702,US,30.468344,-97.498315,vip,5340.64
5486,229904,reese.jones229904@bigcorp.test,Reese,Jones,Dallas,TX,75206,US,32.786365,-96.688044,standard,2614.28
5487,229923,kendall.clark229923@bigcorp.test,Kendall,Clark,Dallas,TX,75206,US,32.457364,-97.045862,preferred,3836.16
5488,229961,blake.garcia229961@bigcorp.test,Blake,Garcia,Dallas,TX,75206,US,32.786568,-96.865622,standard,1893.68
5489,230127,jamie.lopez230127@bigcorp.test,Jamie,Lopez,San Diego,CA,92105,US,32.653869,-117.490445,standard,5170.04
5490,230331,parker.smith230331@bigcorp.test,Parker,Smith,Austin,TX,78704,US,30.181993,-97.80157,standard,4599.92
5491,230522,jordan.allen230522@bigcorp.test,Jordan,Allen,Dallas,TX,75206,US,32.577202,-96.782127,standard,2860.56
5492,230556,casey.jones230556@bigcorp.test,Casey,Jones,Phoenix,AZ,85018,US,33.216431,-111.856884,standard,4188.76
5493,230592,quinn.clark230592@bigcorp.test,Quinn,Clark,San Diego,CA,92105,US,33.008875,-117.432646,standard,5545.72
5494,230596,quinn.hall230596@bigcorp.test,Quinn,Hall,Dallas,TX,75206,US,32.602233,-96.598285,preferred,6646.68
5495,230611,kendall.garcia230611@bigcorp.test,Kendall,Garcia,Dallas,TX,75206,US,33.088257,-97.001537,preferred,2337.4
5496,230620,morgan.smith230620@bigcorp.test,Morgan,Smith,Dallas,TX,75206,US,32.905794,-96.593263,standard,1461.76
5497,230622,avery.smith230622@bigcorp.test,Avery,Smith,Dallas,TX,75206,US,32.913106,-97.019916,standard,2131.52
5498,230702,dana.smith230702@bigcorp.test,Dana,Smith,Dallas,TX,75206,US,32.821925,-96.759105,preferred,3206.36
5499,230751,david.allen230751@bigcorp.test,David,Allen,Dallas,TX,75206,US,32.771701,-97.000246,vip,3918.16
5500,230847,sam.smith230847@bigcorp.test,Sam,Smith,Dallas,TX,75206,US,33.034427,-96.612409,standard,2373.16
5501,230900,kendall.hall230900@bigcorp.test,Kendall,Hall,San Diego,CA,92105,US,32.91053,-116.999376,standard,3239.72
5502,230926,david.martin230926@bigcorp.test,David,Martin,Dallas,TX,75206,US,32.477356,-96.801478,standard,1277.36
5503,231035,jamie.clark231035@bigcorp.test,Jamie,Clark,San Jose,CA,95110,US,37.243752,-121.742232,preferred,5578.2
5504,231051,anne.jones231051@bigcorp.test,Anne,Jones,San Diego,CA,92105,US,32.480171,-117.095371,standard,6594.2
5505,231109,quinn.brown231109@bigcorp.test,Quinn,Brown,Dallas,TX,75206,US,32.582582,-97.029249,standard,1795.68
5506,231171,casey.nguyen231171@bigcorp.test,Casey,Nguyen,Dallas,TX,75206,US,32.428051,-96.546863,standard,4285.4
5507,231174,jordan.allen231174@bigcorp.test,Jordan,Allen,Dallas,TX,75206,US,32.595034,-96.595238,standard,2362.04
5508,231310,robin.lewis231310@bigcorp.test,Robin,Lewis,San Diego,CA,92105,US,32.42962,-117.336056,standard,2070.96
5509,231407,emerson.chen231407@bigcorp.test,Emerson,Chen,San Diego,CA,92105,US,32.480442,-117.193644,standard,4213.08
5510,231478,anne.clark231478@bigcorp.test,Anne,Clark,Columbus,OH,43203,US,40.172489,-82.78686,standard,4436.16
5511,231528,quinn.smith231528@bigcorp.test,Quinn,Smith,Dallas,TX,75206,US,32.80085,-97.107402,standard,3102.56
5512,231573,casey.kim231573@bigcorp.test,Casey,Kim,Austin,TX,78702,US,30.270719,-97.844051,standard,3852.76
5513,231604,casey.allen231604@bigcorp.test,Casey,Allen,Dallas,TX,75206,US,32.635618,-97.126153,standard,3426.96
5514,231636,rowan.wilson231636@bigcorp.test,Rowan,Wilson,Dallas,TX,75206,US,32.877288,-96.652568,standard,5015.32
5515,231644,adam.singh231644@bigcorp.test,Adam,Singh,San Diego,CA,92105,US,32.956589,-116.891682,standard,1146.6
5516,231719,david.hall231719@bigcorp.test,David,Hall,San Diego,CA,92105,US,32.883342,-117.017314,preferred,1028.6
5517,231827,anne.king231827@bigcorp.test,Anne,King,San Diego,CA,92105,US,33.002967,-117.096733,preferred,1820.16
5518,231890,morgan.garcia231890@bigcorp.test,Morgan,Garcia,Dallas,TX,75206,US,32.707221,-96.606285,standard,3530.04
5519,231906,parker.lee231906@bigcorp.test,Parker,Lee,San Diego,CA,92105,US,33.055167,-117.068483,standard,2628.08
5520,231951,avery.young231951@bigcorp.test,Avery,Young,Dallas,TX,75206,US,33.080302,-97.126695,preferred,4698.12
5521,231980,cameron.lee231980@bigcorp.test,Cameron,Lee,Dallas,TX,75206,US,32.66414,-96.610295,vip,3143.52
5522,232058,dana.lewis232058@bigcorp.test,Dana,Lewis,San Diego,CA,92105,US,32.479904,-117.027433,standard,3953.56
5523,232105,parker.jones232105@bigcorp.test,Parker,Jones,San Diego,CA,92105,US,32.890899,-117.033491,standard,2536.2
5524,232108,avery.lopez232108@bigcorp.test,Avery,Lopez,Dallas,TX,75206,US,32.633815,-96.929241,standard,3993.88
5525,232134,kendall.smith232134@bigcorp.test,Kendall,Smith,Dallas,TX,75206,US,32.871403,-97.0908,standard,400.0
5526,232272,rowan.smith232272@bigcorp.test,Rowan,Smith,Dallas,TX,75206,US,33.074118,-97.078588,preferred,3277.52
5527,232286,dana.nguyen232286@bigcorp.test,Dana,Nguyen,Dallas,TX,75206,US,32.736466,-96.640758,standard,2375.04
5528,232293,avery.garcia232293@bigcorp.test,Avery,Garcia,Dallas,TX,75206,US,32.448897,-97.132615,standard,4853.48
5529,232318,blake.hall232318@bigcorp.test,Blake,Hall,Austin,TX,78702,US,30.531337,-97.623069,standard,2995.96
5530,232343,jordan.chen232343@bigcorp.test,Jordan,Chen,Dallas,TX,75206,US,32.641788,-97.189456,standard,2374.56
5531,232363,jordan.hall232363@bigcorp.test,Jordan,Hall,Dallas,TX,75206,US,32.403078,-96.569235,standard,3170.96
5532,232378,taylor.chen232378@bigcorp.test,Taylor,Chen,Dallas,TX,75206,US,33.065504,-96.536252,standard,4121.4
5533,232420,sam.martin232420@bigcorp.test,Sam,Martin,Dallas,TX,75206,US,32.546709,-96.689281,preferred,2899.88
5534,232447,dana.kim232447@bigcorp.test,Dana,Kim,San Diego,CA,92105,US,32.955412,-117.205405,standard,3645.0
5535,232556,robin.allen232556@bigcorp.test,Robin,Allen,Dallas,TX,75206,US,33.05451,-96.833258,standard,585.6
5536,232567,taylor.patel232567@bigcorp.test,Taylor,Patel,Philadelphia,PA,19104,US,40.049663,-75.319371,standard,5676.92
5537,232569,taylor.walker232569@bigcorp.test,Taylor,Walker,San Diego,CA,92105,US,32.467706,-117.518558,preferred,3247.4
5538,232710,casey.walker232710@bigcorp.test,Casey,Walker,Columbus,OH,43203,US,39.795511,-82.769612,preferred,5399.96
5539,232738,anne.chen232738@bigcorp.test,Anne,Chen,Dallas,TX,75206,US,32.559765,-96.937379,standard,4383.6
5540,232746,emerson.singh232746@bigcorp.test,Emerson,Singh,Dallas,TX,75206,US,32.666419,-96.869812,standard,4599.88
5541,232798,anne.walker232798@bigcorp.test,Anne,Walker,Columbus,OH,43203,US,40.027,-83.156131,standard,5157.2
5542,232850,parker.nguyen232850@bigcorp.test,Parker,Nguyen,San Diego,CA,92105,US,32.686672,-117.04898,standard,3910.16
5543,232959,quinn.king232959@bigcorp.test,Quinn,King,Dallas,TX,75206,US,32.716272,-96.898461,standard,2965.6
5544,233125,parker.patel233125@bigcorp.test,Parker,Patel,San Diego,CA,92105,US,32.7121,-117.072404,standard,3978.8
5545,233129,jamie.patel233129@bigcorp.test,Jamie,Patel,Dallas,TX,75206,US,32.601162,-96.725761,standard,750.6
5546,233141,casey.lopez233141@bigcorp.test,Casey,Lopez,Dallas,TX,75206,US,32.593756,-97.084942,preferred,4424.84
5547,233219,taylor.king233219@bigcorp.test,Taylor,King,Dallas,TX,75206,US,32.960705,-96.642287,standard,1922.04
5548,233223,emerson.nguyen233223@bigcorp.test,Emerson,Nguyen,Dallas,TX,75206,US,32.765202,-96.660981,preferred,1183.4
5549,233291,dana.lewis233291@bigcorp.test,Dana,Lewis,Dallas,TX,75206,US,32.690676,-96.928229,standard,2596.24
5550,233319,hayden.garcia233319@bigcorp.test,Hayden,Garcia,San Francisco,CA,94109,US,37.637795,-122.743366,standard,4602.64
5551,233372,jordan.lewis233372@bigcorp.test,Jordan,Lewis,Dallas,TX,75206,US,32.97438,-96.954685,preferred,2601.96
5552,233425,jamie.jones233425@bigcorp.test,Jamie,Jones,San Diego,CA,92105,US,33.041609,-116.889814,standard,3693.4
5553,233462,casey.brown233462@bigcorp.test,Casey,Brown,Dallas,TX,75206,US,32.587086,-96.847146,standard,1356.84
5554,233497,blake.clark233497@bigcorp.test,Blake,Clark,Indianapolis,IN,46202,US,39.508952,-85.79007,preferred,2204.0
5555,233519,david.walker233519@bigcorp.test,David,Walker,San Diego,CA,92105,US,32.616114,-117.315172,standard,2337.32
5556,233547,emerson.nguyen233547@bigcorp.test,Emerson,Nguyen,San Diego,CA,92105,US,32.504036,-117.510004,standard,3169.6
5557,233580,david.martin233580@bigcorp.test,David,Martin,Dallas,TX,75206,US,32.605069,-97.089001,standard,3602.96
5558,233680,robin.martin233680@bigcorp.test,Robin,Martin,Dallas,TX,75206,US,32.598526,-96.522495,preferred,1668.56
5559,233712,quinn.patel233712@bigcorp.test,Quinn,Patel,Dallas,TX,75206,US,32.418414,-96.793065,standard,6838.68
5560,233714,alex.walker233714@bigcorp.test,Alex,Walker,Dallas,TX,75206,US,33.054051,-96.66988,vip,1248.72
5561,233749,quinn.smith233749@bigcorp.test,Quinn,Smith,Dallas,TX,75206,US,32.761261,-96.77356,preferred,2281.56
5562,233810,sam.wilson233810@bigcorp.test,Sam,Wilson,Seattle,WA,98101,US,47.415079,-122.449763,preferred,2374.04
5563,233826,morgan.jones233826@bigcorp.test,Morgan,Jones,Dallas,TX,75206,US,32.67004,-97.050891,standard,2787.24
5564,233905,cameron.singh233905@bigcorp.test,Cameron,Singh,Dallas,TX,75206,US,32.933984,-96.932998,standard,1833.24
5565,233915,rowan.chen233915@bigcorp.test,Rowan,Chen,Dallas,TX,75206,US,32.992434,-96.605437,standard,1153.6
5566,233928,quinn.clark233928@bigcorp.test,Quinn,Clark,Dallas,TX,75206,US,32.852828,-96.778207,standard,3553.8
5567,233958,robin.hall233958@bigcorp.test,Robin,Hall,Austin,TX,78702,US,30.3983,-97.534517,standard,1576.56
5568,233999,jordan.patel233999@bigcorp.test,Jordan,Patel,Dallas,TX,75206,US,32.482918,-96.771816,standard,4233.64
5569,234011,taylor.singh234011@bigcorp.test,Taylor,Singh,Dallas,TX,75206,US,32.794089,-96.606659,preferred,1552.72
5570,234057,jamie.garcia234057@bigcorp.test,Jamie,Garcia,Dallas,TX,75206,US,32.421192,-96.733958,standard,3202.64
5571,234104,taylor.lee234104@bigcorp.test,Taylor,Lee,Austin,TX,78702,US,29.967108,-97.570121,standard,4321.12
5572,234136,alex.garcia234136@bigcorp.test,Alex,Garcia,Dallas,TX,75206,US,32.561476,-96.976331,standard,3581.56
5573,234207,jamie.allen234207@bigcorp.test,Jamie,Allen,Dallas,TX,75206,US,32.790717,-96.765119,standard,5293.0
5574,234291,taylor.chen234291@bigcorp.test,Taylor,Chen,San Diego,CA,92105,US,32.435723,-117.364817,preferred,2955.2
5575,234299,cameron.smith234299@bigcorp.test,Cameron,Smith,San Diego,CA,92105,US,32.872371,-117.411022,standard,1819.4
5576,234328,reese.nguyen234328@bigcorp.test,Reese,Nguyen,Dallas,TX,75206,US,33.081113,-96.725959,vip,1286.52
5577,234390,avery.garcia234390@bigcorp.test,Avery,Garcia,Dallas,TX,75206,US,33.057885,-96.567049,standard,3665.48
5578,234395,reese.hall234395@bigcorp.test,Reese,Hall,Dallas,TX,75206,US,32.934235,-96.935971,standard,3033.96
5579,234406,hayden.allen234406@bigcorp.test,Hayden,Allen,Dallas,TX,75206,US,32.932193,-96.96482,standard,400.0
5580,234433,cameron.allen234433@bigcorp.test,Cameron,Allen,San Diego,CA,92105,US,32.714627,-117.367402,standard,3268.96
5581,234454,hayden.jones234454@bigcorp.test,Hayden,Jones,Dallas,TX,75206,US,33.066923,-96.838938,preferred,9088.84
5582,234470,kendall.patel234470@bigcorp.test,Kendall,Patel,Dallas,TX,75206,US,32.490876,-96.985845,standard,2053.76
5583,234473,kendall.singh234473@bigcorp.test,Kendall,Singh,Dallas,TX,75206,US,32.693638,-96.882813,standard,4981.72
5584,234532,avery.chen234532@bigcorp.test,Avery,Chen,Dallas,TX,75206,US,32.993104,-96.810685,preferred,3747.96
5585,234565,avery.hall234565@bigcorp.test,Avery,Hall,Dallas,TX,75206,US,32.779016,-96.679562,standard,4484.28
5586,234632,avery.smith234632@bigcorp.test,Avery,Smith,Dallas,TX,75206,US,32.66615,-97.113062,standard,3009.24
5587,234681,riley.smith234681@bigcorp.test,Riley,Smith,Dallas,TX,75206,US,32.537263,-96.814896,standard,2332.84
5588,234717,alex.lewis234717@bigcorp.test,Alex,Lewis,Dallas,TX,75206,US,32.953752,-97.167691,standard,1983.12
5589,234726,sam.wilson234726@bigcorp.test,Sam,Wilson,Dallas,TX,75206,US,32.67101,-96.766601,preferred,5154.08
5590,234750,anne.allen234750@bigcorp.test,Anne,Allen,Dallas,TX,75206,US,33.081722,-96.876786,standard,1741.24
5591,234760,jordan.singh234760@bigcorp.test,Jordan,Singh,Dallas,TX,75206,US,32.938334,-96.885033,vip,2158.72
5592,234781,dana.king234781@bigcorp.test,Dana,King,San Diego,CA,92105,US,32.424055,-117.161498,standard,3440.88
5593,234827,david.garcia234827@bigcorp.test,David,Garcia,Dallas,TX,75206,US,32.77356,-97.089621,standard,4364.48
5594,234843,quinn.lewis234843@bigcorp.test,Quinn,Lewis,Dallas,TX,75206,US,32.929349,-97.048888,standard,3235.88
5595,234897,david.lopez234897@bigcorp.test,David,Lopez,San Diego,CA,92105,US,32.942494,-117.224195,preferred,3616.52
5596,234948,morgan.allen234948@bigcorp.test,Morgan,Allen,Dallas,TX,75206,US,32.669348,-96.631219,standard,3765.12
5597,234993,alex.clark234993@bigcorp.test,Alex,Clark,Columbus,OH,43203,US,39.896468,-82.880062,standard,4619.56
5598,235001,jordan.walker235001@bigcorp.test,Jordan,Walker,Dallas,TX,75206,US,32.52924,-96.922688,standard,899.92
5599,235070,parker.king235070@bigcorp.test,Parker,King,Columbus,OH,43203,US,40.025065,-83.137995,preferred,3864.16
5600,235223,morgan.lewis235223@bigcorp.test,Morgan,Lewis,Indianapolis,IN,46202,US,40.178981,-86.290466,standard,2319.6
5601,235250,blake.singh235250@bigcorp.test,Blake,Singh,Dallas,TX,75206,US,32.842967,-96.858456,preferred,2338.4
5602,235280,adam.allen235280@bigcorp.test,Adam,Allen,Dallas,TX,75206,US,32.600966,-96.624819,standard,2469.56
5603,235307,avery.lee235307@bigcorp.test,Avery,Lee,Dallas,TX,75206,US,32.975768,-97.096734,standard,5345.6
5604,235332,quinn.lopez235332@bigcorp.test,Quinn,Lopez,Dallas,TX,75206,US,32.722822,-96.856002,standard,2043.64
5605,235337,david.lee235337@bigcorp.test,David,Lee,Dallas,TX,75206,US,32.710554,-96.857369,standard,3012.2
5606,235406,emerson.walker235406@bigcorp.test,Emerson,Walker,San Diego,CA,92105,US,32.664204,-117.086537,standard,4362.84
5607,235461,jordan.lopez235461@bigcorp.test,Jordan,Lopez,Dallas,TX,75206,US,32.602853,-96.702088,standard,3973.84
5608,235462,parker.smith235462@bigcorp.test,Parker,Smith,Seattle,WA,98101,US,47.610344,-122.589096,standard,1769.96
5609,235478,avery.smith235478@bigcorp.test,Avery,Smith,San Diego,CA,92105,US,32.487403,-117.06139,preferred,1696.32
5610,235494,kendall.young235494@bigcorp.test,Kendall,Young,Dallas,TX,75206,US,32.518253,-97.130747,standard,786.2
5611,235583,cameron.allen235583@bigcorp.test,Cameron,Allen,Dallas,TX,75206,US,32.437649,-96.573426,standard,1244.92
5612,235637,robin.king235637@bigcorp.test,Robin,King,Dallas,TX,75206,US,32.48221,-97.1201,standard,5410.76
5613,235651,sam.king235651@bigcorp.test,Sam,King,Dallas,TX,75206,US,32.797611,-96.66154,standard,2414.24
5614,235688,rowan.patel235688@bigcorp.test,Rowan,Patel,Dallas,TX,75206,US,32.503241,-96.929262,standard,5494.88
5615,235728,blake.martin235728@bigcorp.test,Blake,Martin,Dallas,TX,75206,US,32.562296,-96.568604,standard,4658.72
5616,235822,jordan.smith235822@bigcorp.test,Jordan,Smith,San Diego,CA,92105,US,33.033864,-117.196375,standard,4055.48
5617,235898,adam.smith235898@bigcorp.test,Adam,Smith,Dallas,TX,75206,US,32.402266,-96.543251,standard,515.0
5618,235923,alex.lewis235923@bigcorp.test,Alex,Lewis,San Diego,CA,92105,US,32.524435,-117.243971,standard,2672.36
5619,236020,robin.walker236020@bigcorp.test,Robin,Walker,Dallas,TX,75206,US,32.765274,-96.65222,standard,2977.64
5620,236063,kendall.walker236063@bigcorp.test,Kendall,Walker,Phoenix,AZ,85012,US,33.23427,-111.974619,standard,1919.44
5621,236099,jordan.king236099@bigcorp.test,Jordan,King,Dallas,TX,75206,US,32.973847,-96.741535,standard,2316.72
5622,236113,robin.hall236113@bigcorp.test,Robin,Hall,Phoenix,AZ,85018,US,33.729773,-111.808432,standard,3542.92
5623,236197,robin.lee236197@bigcorp.test,Robin,Lee,Dallas,TX,75206,US,32.504652,-96.712121,standard,3381.76
5624,236200,david.smith236200@bigcorp.test,David,Smith,Dallas,TX,75206,US,32.513609,-96.885579,standard,5451.2
5625,236202,dana.chen236202@bigcorp.test,Dana,Chen,Dallas,TX,75206,US,32.678335,-97.08563,standard,5713.0
5626,236219,rowan.nguyen236219@bigcorp.test,Rowan,Nguyen,San Diego,CA,92105,US,33.079283,-116.911463,standard,2852.36
5627,236433,david.smith236433@bigcorp.test,David,Smith,Dallas,TX,75206,US,32.587937,-96.524577,standard,1909.24
5628,236454,rowan.singh236454@bigcorp.test,Rowan,Singh,Dallas,TX,75206,US,33.008142,-96.789355,standard,2941.36
5629,236468,sam.garcia236468@bigcorp.test,Sam,Garcia,Columbus,OH,43203,US,39.85213,-82.747023,standard,3819.68
5630,236552,robin.martin236552@bigcorp.test,Robin,Martin,Dallas,TX,75206,US,32.644449,-96.709583,preferred,4390.44
5631,236611,dana.garcia236611@bigcorp.test,Dana,Garcia,Dallas,TX,75206,US,32.400168,-96.732123,standard,3647.52
5632,236644,cameron.king236644@bigcorp.test,Cameron,King,Dallas,TX,75206,US,32.545363,-97.190753,standard,1765.88
5633,236657,morgan.singh236657@bigcorp.test,Morgan,Singh,San Diego,CA,92105,US,32.830832,-117.235573,standard,5468.24
5634,236786,adam.singh236786@bigcorp.test,Adam,Singh,Dallas,TX,75206,US,32.404739,-96.731473,standard,3437.28
5635,236794,adam.nguyen236794@bigcorp.test,Adam,Nguyen,Philadelphia,PA,19102,US,40.133135,-75.025247,standard,1252.76
5636,236831,riley.lopez236831@bigcorp.test,Riley,Lopez,Columbus,OH,43203,US,40.139051,-82.863151,standard,640.6
5637,236906,casey.wilson236906@bigcorp.test,Casey,Wilson,Dallas,TX,75206,US,32.451891,-96.603374,standard,5210.92
5638,236911,kendall.smith236911@bigcorp.test,Kendall,Smith,Dallas,TX,75206,US,32.408828,-96.960666,standard,3600.64
5639,236989,cameron.martin236989@bigcorp.test,Cameron,Martin,Dallas,TX,75206,US,33.040659,-97.087676,standard,1841.64
5640,237079,jordan.allen237079@bigcorp.test,Jordan,Allen,San Diego,CA,92105,US,32.596607,-116.856534,preferred,5222.4
5641,237104,parker.brown237104@bigcorp.test,Parker,Brown,Dallas,TX,75206,US,32.894821,-96.780282,standard,4433.2
5642,237187,adam.garcia237187@bigcorp.test,Adam,Garcia,San Diego,CA,92105,US,32.487513,-117.174307,standard,2775.32
5643,237318,adam.young237318@bigcorp.test,Adam,Young,Dallas,TX,75206,US,32.818376,-96.841135,standard,3038.4
5644,237345,anne.clark237345@bigcorp.test,Anne,Clark,Dallas,TX,75206,US,32.515684,-97.054627,standard,3093.72
5645,237423,alex.nguyen237423@bigcorp.test,Alex,Nguyen,Dallas,TX,75206,US,32.59217,-96.59102,standard,4555.44
5646,237504,kendall.smith237504@bigcorp.test,Kendall,Smith,Austin,TX,78702,US,30.027535,-97.802448,standard,1233.8
5647,237639,hayden.lee237639@bigcorp.test,Hayden,Lee,Dallas,TX,75206,US,32.809741,-97.091831,standard,3500.28
5648,237687,sam.chen237687@bigcorp.test,Sam,Chen,Dallas,TX,75206,US,32.66783,-96.516338,standard,400.0
5649,237695,jamie.smith237695@bigcorp.test,Jamie,Smith,Philadelphia,PA,19104,US,39.902625,-74.853191,standard,2141.6
5650,237739,cameron.kim237739@bigcorp.test,Cameron,Kim,Dallas,TX,75206,US,32.453174,-97.191024,standard,3371.88
5651,237746,kendall.chen237746@bigcorp.test,Kendall,Chen,Austin,TX,78702,US,30.50831,-97.686468,vip,1702.44
5652,237747,anne.smith237747@bigcorp.test,Anne,Smith,Houston,TX,77007,US,29.608311,-95.547676,standard,6014.96
5653,237750,cameron.wilson237750@bigcorp.test,Cameron,Wilson,Columbus,OH,43203,US,39.996885,-82.790538,standard,1627.48
5654,237757,sam.patel237757@bigcorp.test,Sam,Patel,Dallas,TX,75206,US,32.429653,-97.147071,standard,3702.36
5655,237804,parker.allen237804@bigcorp.test,Parker,Allen,Columbus,OH,43203,US,40.2238,-82.963628,standard,3741.24
5656,237882,casey.lee237882@bigcorp.test,Casey,Lee,Dallas,TX,75206,US,32.969836,-96.796683,standard,1529.64
5657,237892,hayden.garcia237892@bigcorp.test,Hayden,Garcia,Dallas,TX,75206,US,32.754173,-96.817872,standard,5830.04
5658,237915,sam.nguyen237915@bigcorp.test,Sam,Nguyen,Dallas,TX,75206,US,32.924779,-96.611334,standard,2412.6
5659,237956,taylor.chen237956@bigcorp.test,Taylor,Chen,San Antonio,TX,78205,US,29.440168,-98.843787,standard,1879.6
5660,237981,adam.singh237981@bigcorp.test,Adam,Singh,Philadelphia,PA,19104,US,39.895005,-75.126403,standard,4508.04
5661,237983,jamie.smith237983@bigcorp.test,Jamie,Smith,San Diego,CA,92105,US,32.648257,-117.361218,standard,5861.96
5662,238012,taylor.kim238012@bigcorp.test,Taylor,Kim,Dallas,TX,75206,US,33.093735,-96.560925,standard,4420.24
5663,238026,kendall.hall238026@bigcorp.test,Kendall,Hall,Austin,TX,78702,US,29.94036,-97.796149,standard,5358.48
5664,238058,alex.jones238058@bigcorp.test,Alex,Jones,San Diego,CA,92105,US,32.821354,-117.331882,standard,2886.96
5665,238075,avery.smith238075@bigcorp.test,Avery,Smith,Dallas,TX,75206,US,33.088262,-96.71338,standard,7135.52
5666,238099,david.nguyen238099@bigcorp.test,David,Nguyen,Houston,TX,77007,US,29.463113,-95.117758,standard,2141.56
5667,238262,sam.lopez238262@bigcorp.test,Sam,Lopez,San Francisco,CA,94103,US,37.771523,-122.215601,standard,1743.0
5668,238271,parker.smith238271@bigcorp.test,Parker,Smith,San Diego,CA,92105,US,32.681987,-117.192084,standard,955.6
5669,238303,blake.garcia238303@bigcorp.test,Blake,Garcia,Dallas,TX,75206,US,32.749869,-96.984136,standard,3393.12
5670,238338,adam.smith238338@bigcorp.test,Adam,Smith,Dallas,TX,75206,US,32.463721,-96.780349,standard,2923.08
5671,238370,kendall.hall238370@bigcorp.test,Kendall,Hall,Dallas,TX,75206,US,32.637112,-96.880477,standard,3698.52
5672,238405,emerson.hall238405@bigcorp.test,Emerson,Hall,San Diego,CA,92105,US,32.717517,-117.387145,standard,1196.32
5673,238425,anne.brown238425@bigcorp.test,Anne,Brown,Dallas,TX,75206,US,32.522224,-96.972592,standard,2652.08
5674,238566,riley.garcia238566@bigcorp.test,Riley,Garcia,Dallas,TX,75206,US,32.448071,-96.726933,standard,4287.48
5675,238624,parker.clark238624@bigcorp.test,Parker,Clark,Dallas,TX,75206,US,32.565896,-96.522006,standard,2909.48
5676,238662,jamie.king238662@bigcorp.test,Jamie,King,Columbus,OH,43201,US,39.769298,-82.903475,preferred,1887.0
5677,238688,adam.kim238688@bigcorp.test,Adam,Kim,San Diego,CA,92105,US,32.595456,-117.24647,preferred,3623.88
5678,238826,emerson.jones238826@bigcorp.test,Emerson,Jones,San Diego,CA,92105,US,32.544071,-117.263191,standard,4682.08
5679,238861,jordan.wilson238861@bigcorp.test,Jordan,Wilson,Dallas,TX,75206,US,32.579331,-96.580702,standard,3241.52
5680,238886,anne.brown238886@bigcorp.test,Anne,Brown,Columbus,OH,43203,US,39.875173,-83.02609,standard,3791.0
5681,238911,emerson.young238911@bigcorp.test,Emerson,Young,Dallas,TX,75206,US,32.923218,-96.948241,standard,2757.68
5682,238952,cameron.wilson238952@bigcorp.test,Cameron,Wilson,Dallas,TX,75206,US,32.776437,-97.037736,standard,917.08
5683,238979,blake.nguyen238979@bigcorp.test,Blake,Nguyen,Dallas,TX,75206,US,32.849732,-96.96432,standard,4871.16
5684,239022,blake.clark239022@bigcorp.test,Blake,Clark,Dallas,TX,75206,US,33.016764,-96.540724,standard,5585.52
5685,239229,emerson.garcia239229@bigcorp.test,Emerson,Garcia,San Diego,CA,92105,US,32.841106,-117.013495,standard,1701.68
5686,239287,casey.chen239287@bigcorp.test,Casey,Chen,Dallas,TX,75206,US,32.932021,-96.686452,standard,7684.56
5687,239304,kendall.singh239304@bigcorp.test,Kendall,Singh,Dallas,TX,75206,US,32.767862,-96.884765,standard,4683.88
5688,239323,hayden.brown239323@bigcorp.test,Hayden,Brown,Dallas,TX,75206,US,32.721334,-96.946619,standard,7685.36
5689,239369,dana.lee239369@bigcorp.test,Dana,Lee,Columbus,OH,43203,US,39.719843,-83.027257,standard,5486.04
5690,239372,quinn.lopez239372@bigcorp.test,Quinn,Lopez,Dallas,TX,75206,US,32.700505,-96.527889,standard,2231.52
5691,239374,morgan.lee239374@bigcorp.test,Morgan,Lee,Columbus,OH,43201,US,39.944836,-82.868,standard,4735.68
5692,239422,reese.king239422@bigcorp.test,Reese,King,Dallas,TX,75206,US,33.033012,-96.705806,standard,3229.32
5693,239440,avery.wilson239440@bigcorp.test,Avery,Wilson,Dallas,TX,75206,US,32.562862,-96.961704,standard,4102.88
5694,239479,morgan.nguyen239479@bigcorp.test,Morgan,Nguyen,Dallas,TX,75206,US,32.645779,-97.065284,standard,4588.6
5695,239575,alex.lewis239575@bigcorp.test,Alex,Lewis,Dallas,TX,75206,US,32.910515,-97.084929,standard,2738.56
5696,239598,blake.lee239598@bigcorp.test,Blake,Lee,Los Angeles,CA,90012,US,33.72827,-118.055744,standard,4926.76
5697,239609,jordan.king239609@bigcorp.test,Jordan,King,Dallas,TX,75206,US,32.452346,-96.744866,standard,5731.48
5698,239614,emerson.king239614@bigcorp.test,Emerson,King,San Diego,CA,92105,US,32.94127,-117.241305,standard,1904.76
5699,239621,dana.garcia239621@bigcorp.test,Dana,Garcia,Dallas,TX,75206,US,32.541149,-97.156864,standard,1514.2
5700,239625,casey.singh239625@bigcorp.test,Casey,Singh,San Diego,CA,92105,US,32.830812,-117.484793,standard,1231.4
5701,239655,blake.hall239655@bigcorp.test,Blake,Hall,Dallas,TX,75206,US,32.440739,-97.133534,standard,1002.68
5702,239657,parker.smith239657@bigcorp.test,Parker,Smith,Dallas,TX,75206,US,32.523245,-96.844526,standard,1719.72
5703,239696,adam.king239696@bigcorp.test,Adam,King,Dallas,TX,75206,US,32.89705,-96.722597,standard,5688.56
5704,239807,jamie.allen239807@bigcorp.test,Jamie,Allen,San Diego,CA,92105,US,32.415337,-117.267908,standard,2546.68
5705,239846,rowan.smith239846@bigcorp.test,Rowan,Smith,Dallas,TX,75206,US,32.680027,-96.99835,standard,2279.84
5706,239888,riley.chen239888@bigcorp.test,Riley,Chen,Dallas,TX,75206,US,32.618938,-97.072514,standard,3839.12
5707,239973,jordan.chen239973@bigcorp.test,Jordan,Chen,Dallas,TX,75206,US,33.035521,-96.620262,standard,3076.44
5708,240027,dana.hall240027@bigcorp.test,Dana,Hall,Dallas,TX,75206,US,32.672822,-96.550961,standard,3332.88
5709,240042,parker.lewis240042@bigcorp.test,Parker,Lewis,Dallas,TX,75206,US,32.566678,-96.937423,standard,3661.4
5710,240090,cameron.hall240090@bigcorp.test,Cameron,Hall,Dallas,TX,75206,US,32.972701,-97.00478,standard,5446.72
5711,240113,jordan.smith240113@bigcorp.test,Jordan,Smith,Dallas,TX,75206,US,32.977044,-96.760652,standard,4005.84
5712,240126,blake.smith240126@bigcorp.test,Blake,Smith,Dallas,TX,75206,US,32.410888,-96.553482,standard,2682.52
5713,240130,riley.walker240130@bigcorp.test,Riley,Walker,Dallas,TX,75206,US,33.022514,-96.814201,standard,3212.6
5714,240141,morgan.jones240141@bigcorp.test,Morgan,Jones,Dallas,TX,75206,US,32.645405,-96.581559,standard,3963.32
5715,240170,emerson.lee240170@bigcorp.test,Emerson,Lee,San Diego,CA,92105,US,32.714132,-116.905797,standard,3783.72
5716,240228,hayden.jones240228@bigcorp.test,Hayden,Jones,San Diego,CA,92105,US,32.750487,-117.290014,standard,4533.52
5717,240247,adam.lopez240247@bigcorp.test,Adam,Lopez,Dallas,TX,75206,US,32.784825,-97.115284,standard,2092.16
5718,240323,rowan.singh240323@bigcorp.test,Rowan,Singh,San Jose,CA,95110,US,37.435232,-121.558472,standard,5783.04
5719,240433,kendall.brown240433@bigcorp.test,Kendall,Brown,Austin,TX,78702,US,30.557576,-97.770496,preferred,3200.92
5720,240444,reese.walker240444@bigcorp.test,Reese,Walker,Dallas,TX,75206,US,33.005453,-97.057376,standard,2781.08
5721,240558,quinn.walker240558@bigcorp.test,Quinn,Walker,Austin,TX,78702,US,30.205737,-97.530835,vip,4242.0
5722,240565,kendall.allen240565@bigcorp.test,Kendall,Allen,Dallas,TX,75206,US,33.064279,-96.873577,standard,4284.56
5723,240570,jamie.martin240570@bigcorp.test,Jamie,Martin,Dallas,TX,75206,US,32.402409,-96.601786,standard,1812.24
5724,240592,quinn.garcia240592@bigcorp.test,Quinn,Garcia,Dallas,TX,75206,US,32.488804,-96.793291,standard,2387.04
5725,240703,reese.lewis240703@bigcorp.test,Reese,Lewis,Dallas,TX,75206,US,32.89443,-96.751236,preferred,2330.24
5726,240705,dana.smith240705@bigcorp.test,Dana,Smith,Columbus,OH,43203,US,40.013666,-82.906159,standard,3801.08
5727,240719,adam.lee240719@bigcorp.test,Adam,Lee,Dallas,TX,75206,US,33.051522,-97.130601,standard,4091.2
5728,240722,david.smith240722@bigcorp.test,David,Smith,Columbus,OH,43203,US,39.637536,-82.485721,preferred,5623.24
5729,240782,kendall.chen240782@bigcorp.test,Kendall,Chen,Los Angeles,CA,90012,US,34.275486,-118.64418,standard,1364.0
5730,240788,casey.young240788@bigcorp.test,Casey,Young,Dallas,TX,75206,US,33.059079,-97.121796,preferred,2416.12
5731,240836,reese.kim240836@bigcorp.test,Reese,Kim,Dallas,TX,75206,US,32.764535,-97.097115,standard,2254.8
5732,240847,adam.patel240847@bigcorp.test,Adam,Patel,Dallas,TX,75206,US,32.76025,-97.173204,preferred,5218.44
5733,240898,dana.jones240898@bigcorp.test,Dana,Jones,Dallas,TX,75206,US,32.528105,-97.187691,standard,5421.36
5734,240909,jordan.chen240909@bigcorp.test,Jordan,Chen,Los Angeles,CA,90012,US,34.328731,-118.519314,standard,1582.6
5735,241023,taylor.smith241023@bigcorp.test,Taylor,Smith,Indianapolis,IN,46202,US,39.874537,-86.102502,standard,2707.84
5736,241127,sam.garcia241127@bigcorp.test,Sam,Garcia,Dallas,TX,75206,US,33.07283,-97.017781,standard,2877.32
5737,241169,sam.singh241169@bigcorp.test,Sam,Singh,Dallas,TX,75206,US,32.526184,-96.996644,preferred,4866.52
5738,241174,david.hall241174@bigcorp.test,David,Hall,Indianapolis,IN,46202,US,39.805348,-86.318404,preferred,4337.08
5739,241181,alex.martin241181@bigcorp.test,Alex,Martin,Dallas,TX,75206,US,32.636795,-96.9438,standard,6192.0
5740,241255,anne.martin241255@bigcorp.test,Anne,Martin,Dallas,TX,75206,US,32.754974,-96.57043,vip,425.56
5741,241267,avery.nguyen241267@bigcorp.test,Avery,Nguyen,Dallas,TX,75206,US,32.841961,-96.510425,standard,2510.16
5742,241274,cameron.chen241274@bigcorp.test,Cameron,Chen,San Diego,CA,92105,US,32.59642,-117.162764,standard,5747.56
5743,241275,riley.allen241275@bigcorp.test,Riley,Allen,Dallas,TX,75206,US,32.985069,-96.988833,preferred,4991.16
5744,241284,avery.nguyen241284@bigcorp.test,Avery,Nguyen,San Diego,CA,92105,US,32.713049,-117.198979,standard,3616.52
5745,241291,david.brown241291@bigcorp.test,David,Brown,San Diego,CA,92105,US,32.844977,-117.239436,standard,5124.12
5746,241315,kendall.wilson241315@bigcorp.test,Kendall,Wilson,Austin,TX,78702,US,30.485237,-97.651482,standard,4676.96
5747,241336,quinn.brown241336@bigcorp.test,Quinn,Brown,Dallas,TX,75206,US,32.64312,-96.582712,standard,2408.12
5748,241378,quinn.chen241378@bigcorp.test,Quinn,Chen,San Diego,CA,92105,US,32.581785,-117.038343,standard,4992.68
5749,241527,quinn.singh241527@bigcorp.test,Quinn,Singh,Dallas,TX,75206,US,32.673355,-96.946314,standard,3954.52
5750,241543,sam.walker241543@bigcorp.test,Sam,Walker,San Diego,CA,92105,US,32.832727,-116.922967,standard,763.84
5751,241596,jamie.smith241596@bigcorp.test,Jamie,Smith,Dallas,TX,75206,US,32.473134,-97.122118,standard,3918.48
5752,241604,hayden.patel241604@bigcorp.test,Hayden,Patel,Dallas,TX,75206,US,32.498701,-96.744451,standard,5307.84
5753,241625,casey.walker241625@bigcorp.test,Casey,Walker,Dallas,TX,75206,US,32.4597,-96.886951,standard,4534.4
5754,241635,parker.clark241635@bigcorp.test,Parker,Clark,Dallas,TX,75206,US,33.047181,-96.638031,standard,2643.72
5755,241646,kendall.smith241646@bigcorp.test,Kendall,Smith,Dallas,TX,75206,US,32.759254,-96.765358,standard,2483.6
5756,241691,kendall.lewis241691@bigcorp.test,Kendall,Lewis,Dallas,TX,75206,US,32.472883,-96.973022,vip,2500.24
5757,241707,david.smith241707@bigcorp.test,David,Smith,San Diego,CA,92105,US,32.984028,-117.185963,standard,1783.08
5758,241839,sam.smith241839@bigcorp.test,Sam,Smith,Dallas,TX,75206,US,32.855322,-96.661851,standard,4524.88
5759,241852,emerson.jones241852@bigcorp.test,Emerson,Jones,Indianapolis,IN,46202,US,40.139574,-86.218162,standard,3715.4
5760,241863,cameron.brown241863@bigcorp.test,Cameron,Brown,Dallas,TX,75206,US,32.786348,-97.146796,standard,1581.52
5761,241955,riley.hall241955@bigcorp.test,Riley,Hall,San Diego,CA,92105,US,32.703897,-116.900474,standard,3508.32
5762,242022,avery.singh242022@bigcorp.test,Avery,Singh,Dallas,TX,75206,US,32.835124,-96.96993,standard,6970.92
5763,242047,jordan.kim242047@bigcorp.test,Jordan,Kim,Dallas,TX,75206,US,32.945948,-96.77142,standard,563.96
5764,242078,jordan.allen242078@bigcorp.test,Jordan,Allen,Dallas,TX,75206,US,32.921904,-97.166827,preferred,5429.32
5765,242202,emerson.jones242202@bigcorp.test,Emerson,Jones,Dallas,TX,75206,US,32.937096,-96.722153,standard,1795.32
5766,242313,david.kim242313@bigcorp.test,David,Kim,Columbus,OH,43201,US,39.982746,-82.961357,vip,4751.68
5767,242314,anne.garcia242314@bigcorp.test,Anne,Garcia,San Diego,CA,92105,US,32.807225,-117.393377,standard,1848.76
5768,242368,alex.lee242368@bigcorp.test,Alex,Lee,Dallas,TX,75206,US,32.99296,-96.508782,standard,7035.32
5769,242461,morgan.patel242461@bigcorp.test,Morgan,Patel,Dallas,TX,75206,US,32.934852,-96.899111,standard,3012.76
5770,242463,morgan.singh242463@bigcorp.test,Morgan,Singh,Austin,TX,78702,US,30.255563,-97.610311,standard,3049.04
5771,242471,quinn.king242471@bigcorp.test,Quinn,King,Dallas,TX,75206,US,32.603144,-97.130098,standard,4201.72
5772,242475,dana.allen242475@bigcorp.test,Dana,Allen,Dallas,TX,75206,US,32.743593,-97.044284,standard,2180.12
5773,242476,casey.singh242476@bigcorp.test,Casey,Singh,Dallas,TX,75206,US,32.556176,-96.885595,standard,4451.44
5774,242484,rowan.lopez242484@bigcorp.test,Rowan,Lopez,San Diego,CA,92105,US,32.398485,-117.164924,preferred,503.44
5775,242485,quinn.smith242485@bigcorp.test,Quinn,Smith,San Diego,CA,92105,US,32.480772,-117.090264,standard,1061.48
5776,242519,reese.lewis242519@bigcorp.test,Reese,Lewis,Austin,TX,78702,US,30.178199,-97.743541,standard,1754.76
5777,242534,parker.kim242534@bigcorp.test,Parker,Kim,Jacksonville,FL,32202,US,30.523887,-81.665349,standard,3142.36
5778,242550,anne.kim242550@bigcorp.test,Anne,Kim,Dallas,TX,75206,US,32.531114,-96.874634,standard,2764.4
5779,242589,avery.lewis242589@bigcorp.test,Avery,Lewis,Dallas,TX,75206,US,32.449785,-96.937974,standard,2876.92
5780,242634,hayden.hall242634@bigcorp.test,Hayden,Hall,Phoenix,AZ,85012,US,33.190355,-112.216188,preferred,3316.12
5781,242701,sam.garcia242701@bigcorp.test,Sam,Garcia,Dallas,TX,75206,US,32.442296,-96.998979,vip,5526.28
5782,242709,avery.wilson242709@bigcorp.test,Avery,Wilson,Dallas,TX,75206,US,32.595631,-97.004994,preferred,2097.6
5783,242723,parker.chen242723@bigcorp.test,Parker,Chen,Indianapolis,IN,46202,US,39.940961,-86.215072,standard,5060.88
5784,242817,casey.king242817@bigcorp.test,Casey,King,Dallas,TX,75206,US,32.414419,-96.623955,standard,3434.64
5785,242840,taylor.clark242840@bigcorp.test,Taylor,Clark,Philadelphia,PA,19104,US,40.266207,-75.277968,preferred,2888.56
5786,242985,reese.walker242985@bigcorp.test,Reese,Walker,Dallas,TX,75206,US,32.883772,-96.58131,standard,2204.36
5787,242989,sam.brown242989@bigcorp.test,Sam,Brown,Dallas,TX,75206,US,32.531474,-96.624883,standard,3104.0
5788,242991,avery.lee242991@bigcorp.test,Avery,Lee,Dallas,TX,75206,US,32.512082,-96.96001,standard,5273.6
5789,243057,jamie.garcia243057@bigcorp.test,Jamie,Garcia,Dallas,TX,75206,US,32.881845,-96.754902,standard,731.04
5790,243096,quinn.jones243096@bigcorp.test,Quinn,Jones,Dallas,TX,75206,US,33.017551,-97.143368,standard,3215.8
5791,243125,alex.kim243125@bigcorp.test,Alex,Kim,Dallas,TX,75206,US,32.864681,-96.612734,preferred,6245.56
5792,243204,rowan.jones243204@bigcorp.test,Rowan,Jones,Dallas,TX,75206,US,32.71034,-96.918636,standard,3429.6
5793,243222,hayden.chen243222@bigcorp.test,Hayden,Chen,Philadelphia,PA,19104,US,39.624023,-74.883608,standard,3822.68
5794,243285,parker.nguyen243285@bigcorp.test,Parker,Nguyen,Dallas,TX,75206,US,32.410969,-96.559856,preferred,2525.92
5795,243299,robin.patel243299@bigcorp.test,Robin,Patel,Dallas,TX,75206,US,32.829756,-97.1862,standard,4509.28
5796,243341,robin.allen243341@bigcorp.test,Robin,Allen,Dallas,TX,75206,US,32.546262,-96.90184,vip,1808.8
5797,243380,parker.walker243380@bigcorp.test,Parker,Walker,Dallas,TX,75206,US,32.943314,-97.03692,preferred,3604.2
5798,243393,anne.hall243393@bigcorp.test,Anne,Hall,Dallas,TX,75206,US,32.987506,-96.877187,standard,5122.6
5799,243417,dana.chen243417@bigcorp.test,Dana,Chen,San Diego,CA,92105,US,32.474343,-117.225167,standard,4341.12
5800,243424,parker.lewis243424@bigcorp.test,Parker,Lewis,Dallas,TX,75206,US,32.871369,-96.544101,preferred,3525.2
5801,243460,anne.lee243460@bigcorp.test,Anne,Lee,Dallas,TX,75206,US,32.563257,-96.858093,standard,2525.16
5802,243514,riley.patel243514@bigcorp.test,Riley,Patel,Fort Worth,TX,76102,US,32.87116,-97.430866,standard,5005.52
5803,243531,jamie.lopez243531@bigcorp.test,Jamie,Lopez,Columbus,OH,43203,US,40.229652,-82.650832,standard,2870.52
5804,243599,alex.walker243599@bigcorp.test,Alex,Walker,San Diego,CA,92105,US,33.068654,-116.924456,standard,1775.72
5805,243600,jamie.wilson243600@bigcorp.test,Jamie,Wilson,Dallas,TX,75206,US,32.449304,-96.959314,standard,2317.96
5806,243632,reese.young243632@bigcorp.test,Reese,Young,San Diego,CA,92105,US,32.732524,-116.932166,standard,3728.64
5807,243665,adam.smith243665@bigcorp.test,Adam,Smith,Columbus,OH,43203,US,40.098415,-82.496916,standard,1713.88
5808,243678,avery.patel243678@bigcorp.test,Avery,Patel,Dallas,TX,75206,US,32.8514,-96.515075,standard,3292.48
5809,243684,casey.smith243684@bigcorp.test,Casey,Smith,San Diego,CA,92105,US,32.631898,-116.958492,standard,3122.0
5810,243718,david.lewis243718@bigcorp.test,David,Lewis,Los Angeles,CA,90012,US,33.957937,-118.275532,standard,3952.08
5811,243721,reese.patel243721@bigcorp.test,Reese,Patel,Columbus,OH,43203,US,39.91675,-82.894353,standard,1914.84
5812,243740,avery.nguyen243740@bigcorp.test,Avery,Nguyen,Dallas,TX,75206,US,32.513672,-96.790828,standard,1696.48
5813,243760,alex.lopez243760@bigcorp.test,Alex,Lopez,San Diego,CA,92105,US,32.540941,-117.259561,standard,4667.16
5814,243840,quinn.walker243840@bigcorp.test,Quinn,Walker,Dallas,TX,75206,US,32.415172,-96.887795,standard,5658.64
5815,243895,sam.lopez243895@bigcorp.test,Sam,Lopez,Dallas,TX,75206,US,32.512057,-96.661727,preferred,400.0
5816,243938,jordan.walker243938@bigcorp.test,Jordan,Walker,San Diego,CA,92105,US,33.02388,-117.329054,preferred,4532.16
5817,244018,emerson.patel244018@bigcorp.test,Emerson,Patel,San Diego,CA,92105,US,32.855183,-117.152679,standard,3227.36
5818,244041,reese.singh244041@bigcorp.test,Reese,Singh,Dallas,TX,75206,US,32.878572,-96.731808,standard,3469.4
5819,244083,riley.lee244083@bigcorp.test,Riley,Lee,Dallas,TX,75206,US,32.681251,-96.597092,standard,879.28
5820,244381,hayden.singh244381@bigcorp.test,Hayden,Singh,San Francisco,CA,94103,US,37.537194,-122.576283,standard,7014.76
5821,244400,blake.garcia244400@bigcorp.test,Blake,Garcia,Dallas,TX,75206,US,32.520547,-96.903905,standard,951.72
5822,244406,riley.lee244406@bigcorp.test,Riley,Lee,Dallas,TX,75206,US,32.450676,-96.967861,standard,4431.68
5823,244424,jamie.king244424@bigcorp.test,Jamie,King,San Diego,CA,92105,US,33.077909,-117.136611,preferred,1808.12
5824,244675,blake.wilson244675@bigcorp.test,Blake,Wilson,Columbus,OH,43203,US,39.790461,-82.963871,standard,3806.2
5825,244679,kendall.wilson244679@bigcorp.test,Kendall,Wilson,Dallas,TX,75206,US,32.534875,-97.087525,standard,2739.4
5826,244687,riley.king244687@bigcorp.test,Riley,King,Houston,TX,77007,US,29.52311,-95.120073,standard,1235.56
5827,244740,kendall.clark244740@bigcorp.test,Kendall,Clark,Dallas,TX,75206,US,33.030576,-96.935685,standard,1452.36
5828,244816,avery.nguyen244816@bigcorp.test,Avery,Nguyen,Austin,TX,78702,US,30.267752,-97.920192,standard,2450.44
5829,244817,rowan.young244817@bigcorp.test,Rowan,Young,Austin,TX,78702,US,29.99557,-97.688809,preferred,4088.08
5830,244833,kendall.clark244833@bigcorp.test,Kendall,Clark,Dallas,TX,75206,US,32.589354,-97.132841,preferred,4953.04
5831,244872,sam.smith244872@bigcorp.test,Sam,Smith,Dallas,TX,75206,US,32.629863,-97.011287,preferred,4102.68
5832,244917,kendall.wilson244917@bigcorp.test,Kendall,Wilson,Los Angeles,CA,90012,US,33.996636,-118.330968,standard,2716.16
5833,244984,riley.young244984@bigcorp.test,Riley,Young,Dallas,TX,75206,US,33.006088,-96.963907,preferred,4707.32
5834,244986,taylor.lopez244986@bigcorp.test,Taylor,Lopez,Dallas,TX,75206,US,32.594054,-96.717146,standard,592.64
5835,245024,emerson.martin245024@bigcorp.test,Emerson,Martin,Dallas,TX,75206,US,33.02817,-96.849205,standard,1901.88
5836,245031,riley.singh245031@bigcorp.test,Riley,Singh,Dallas,TX,75206,US,33.0923,-96.684175,standard,2183.12
5837,245094,quinn.jones245094@bigcorp.test,Quinn,Jones,Columbus,OH,43203,US,39.817438,-83.063137,preferred,2049.12
5838,245152,blake.nguyen245152@bigcorp.test,Blake,Nguyen,Dallas,TX,75206,US,32.735535,-97.158701,standard,4792.2
5839,245191,avery.patel245191@bigcorp.test,Avery,Patel,Columbus,OH,43203,US,39.645216,-83.049885,standard,3806.28
5840,245199,jamie.jones245199@bigcorp.test,Jamie,Jones,Austin,TX,78702,US,30.486749,-97.556953,standard,1086.6
5841,245216,taylor.lopez245216@bigcorp.test,Taylor,Lopez,Austin,TX,78702,US,30.028017,-97.612729,standard,1221.36
5842,245218,kendall.clark245218@bigcorp.test,Kendall,Clark,Austin,TX,78702,US,30.028488,-97.54575,standard,2712.0
5843,245219,riley.nguyen245219@bigcorp.test,Riley,Nguyen,Columbus,OH,43201,US,40.241471,-82.662435,vip,2927.12
5844,245259,rowan.garcia245259@bigcorp.test,Rowan,Garcia,Dallas,TX,75206,US,32.938109,-96.742112,standard,2641.52
5845,245342,morgan.walker245342@bigcorp.test,Morgan,Walker,San Diego,CA,92105,US,32.442108,-117.051021,standard,5035.0
5846,245370,blake.king245370@bigcorp.test,Blake,King,Dallas,TX,75206,US,33.02528,-96.568617,vip,4387.84
5847,245389,anne.brown245389@bigcorp.test,Anne,Brown,San Diego,CA,92105,US,32.60063,-116.892491,standard,2447.4
5848,245456,blake.jones245456@bigcorp.test,Blake,Jones,Dallas,TX,75206,US,32.88972,-96.527741,standard,596.72
5849,245633,sam.garcia245633@bigcorp.test,Sam,Garcia,Dallas,TX,75206,US,32.744242,-97.166751,standard,4473.0
5850,245653,morgan.king245653@bigcorp.test,Morgan,King,Dallas,TX,75206,US,32.633121,-97.201767,standard,3430.92
5851,245689,hayden.smith245689@bigcorp.test,Hayden,Smith,Austin,TX,78702,US,30.162337,-97.630037,standard,3831.8
5852,245716,dana.kim245716@bigcorp.test,Dana,Kim,Columbus,OH,43203,US,40.109407,-82.877269,standard,2153.48
5853,245740,avery.king245740@bigcorp.test,Avery,King,Dallas,TX,75206,US,32.68021,-96.534874,standard,3661.96
5854,245748,hayden.clark245748@bigcorp.test,Hayden,Clark,Dallas,TX,75206,US,32.652092,-97.068827,standard,4353.48
5855,245778,robin.nguyen245778@bigcorp.test,Robin,Nguyen,Dallas,TX,75206,US,32.654592,-97.181928,standard,3063.84
5856,245804,robin.lee245804@bigcorp.test,Robin,Lee,Dallas,TX,75206,US,32.757168,-96.508245,vip,2515.24
5857,245843,adam.smith245843@bigcorp.test,Adam,Smith,Dallas,TX,75206,US,32.843585,-96.649058,preferred,2865.28
5858,245879,emerson.kim245879@bigcorp.test,Emerson,Kim,Dallas,TX,75206,US,33.016354,-97.095744,standard,6090.12
5859,245931,quinn.jones245931@bigcorp.test,Quinn,Jones,Dallas,TX,75206,US,32.442269,-97.069458,preferred,2234.32
5860,245967,riley.singh245967@bigcorp.test,Riley,Singh,Dallas,TX,75206,US,32.487935,-96.797256,standard,5987.68
5861,245999,jamie.allen245999@bigcorp.test,Jamie,Allen,San Diego,CA,92105,US,32.417426,-117.34704,standard,2978.56
5862,246037,taylor.lewis246037@bigcorp.test,Taylor,Lewis,Dallas,TX,75206,US,33.035432,-96.630841,standard,5766.04
5863,246082,jordan.walker246082@bigcorp.test,Jordan,Walker,Austin,TX,78704,US,30.136008,-97.665041,standard,4589.48
5864,246110,david.brown246110@bigcorp.test,David,Brown,Columbus,OH,43203,US,40.314892,-83.166649,preferred,2194.8
5865,246150,reese.garcia246150@bigcorp.test,Reese,Garcia,San Diego,CA,92105,US,32.797732,-116.984269,standard,400.0
5866,246177,reese.lewis246177@bigcorp.test,Reese,Lewis,Dallas,TX,75206,US,32.953529,-96.591113,standard,3024.56
5867,246190,david.walker246190@bigcorp.test,David,Walker,San Diego,CA,92105,US,32.768618,-117.195417,standard,2626.48
5868,246406,parker.singh246406@bigcorp.test,Parker,Singh,Austin,TX,78702,US,30.216614,-97.927016,standard,2937.48
5869,246428,reese.singh246428@bigcorp.test,Reese,Singh,Dallas,TX,75206,US,33.01902,-97.085016,standard,5324.2
5870,246447,adam.smith246447@bigcorp.test,Adam,Smith,Dallas,TX,75206,US,32.860424,-96.979959,standard,3467.44
5871,246454,avery.hall246454@bigcorp.test,Avery,Hall,Dallas,TX,75206,US,32.404457,-96.56299,preferred,7030.6
5872,246456,reese.lewis246456@bigcorp.test,Reese,Lewis,Dallas,TX,75206,US,33.042567,-96.867334,standard,7794.08
5873,246515,dana.lewis246515@bigcorp.test,Dana,Lewis,Jacksonville,FL,32206,US,29.971405,-81.644467,standard,3220.56
5874,246539,blake.lopez246539@bigcorp.test,Blake,Lopez,Dallas,TX,75206,US,32.889522,-96.737966,standard,2815.4
5875,246582,casey.walker246582@bigcorp.test,Casey,Walker,San Diego,CA,92105,US,32.565923,-116.889063,standard,1693.68
5876,246664,cameron.singh246664@bigcorp.test,Cameron,Singh,Dallas,TX,75206,US,32.868858,-97.120909,standard,2680.68
5877,246688,jordan.clark246688@bigcorp.test,Jordan,Clark,San Francisco,CA,94103,US,37.808828,-122.526203,standard,5284.2
5878,246699,casey.lopez246699@bigcorp.test,Casey,Lopez,Dallas,TX,75206,US,33.052325,-97.124283,standard,2454.6
5879,246721,riley.walker246721@bigcorp.test,Riley,Walker,Dallas,TX,75206,US,32.956354,-97.02239,standard,2557.52
5880,246742,kendall.brown246742@bigcorp.test,Kendall,Brown,San Diego,CA,92105,US,32.443911,-117.390176,vip,3854.4
5881,246807,anne.garcia246807@bigcorp.test,Anne,Garcia,Dallas,TX,75206,US,32.98006,-96.983824,standard,2531.72
5882,246809,kendall.garcia246809@bigcorp.test,Kendall,Garcia,San Diego,CA,92105,US,32.578546,-117.237363,standard,2824.88
5883,246831,kendall.wilson246831@bigcorp.test,Kendall,Wilson,Indianapolis,IN,46202,US,39.696257,-86.319262,preferred,1402.32
5884,246854,reese.smith246854@bigcorp.test,Reese,Smith,Austin,TX,78702,US,30.297405,-97.723976,standard,1572.08
5885,246886,sam.lopez246886@bigcorp.test,Sam,Lopez,San Diego,CA,92105,US,32.794429,-117.466752,preferred,4762.96
5886,246887,hayden.young246887@bigcorp.test,Hayden,Young,Phoenix,AZ,85018,US,33.301447,-112.279028,standard,2842.48
5887,246988,blake.clark246988@bigcorp.test,Blake,Clark,San Diego,CA,92105,US,32.889436,-117.305991,vip,4843.16
5888,247092,robin.lewis247092@bigcorp.test,Robin,Lewis,Dallas,TX,75206,US,32.776239,-96.689812,standard,8003.2
5889,247158,dana.smith247158@bigcorp.test,Dana,Smith,Dallas,TX,75206,US,32.889106,-96.764102,standard,1005.16
5890,247177,casey.hall247177@bigcorp.test,Casey,Hall,Dallas,TX,75206,US,32.624352,-97.183171,standard,4613.96
5891,247208,riley.kim247208@bigcorp.test,Riley,Kim,Austin,TX,78702,US,30.192567,-97.363977,standard,5868.56
5892,247232,sam.martin247232@bigcorp.test,Sam,Martin,Dallas,TX,75206,US,32.856522,-96.734663,standard,554.36
5893,247432,parker.brown247432@bigcorp.test,Parker,Brown,Dallas,TX,75206,US,32.591128,-97.098433,standard,3544.4
5894,247537,blake.lee247537@bigcorp.test,Blake,Lee,Dallas,TX,75206,US,32.963296,-96.852154,standard,5471.48
5895,247593,dana.jones247593@bigcorp.test,Dana,Jones,Dallas,TX,75206,US,32.920156,-96.991673,standard,4130.16
5896,247613,jordan.singh247613@bigcorp.test,Jordan,Singh,Dallas,TX,75206,US,32.809838,-97.165505,standard,2671.24
5897,247690,riley.patel247690@bigcorp.test,Riley,Patel,Dallas,TX,75206,US,32.863424,-96.512492,standard,1242.8
5898,247698,avery.singh247698@bigcorp.test,Avery,Singh,Dallas,TX,75206,US,32.756745,-97.128967,vip,2142.88
5899,247726,adam.lee247726@bigcorp.test,Adam,Lee,Dallas,TX,75206,US,32.746012,-97.079982,standard,4579.52
5900,247735,anne.smith247735@bigcorp.test,Anne,Smith,Dallas,TX,75206,US,32.405839,-97.103562,standard,1121.6
5901,247797,taylor.walker247797@bigcorp.test,Taylor,Walker,San Diego,CA,92105,US,33.045531,-117.45705,standard,4363.04
5902,247860,david.jones247860@bigcorp.test,David,Jones,San Diego,CA,92105,US,32.774838,-117.398432,standard,2026.04
5903,248010,emerson.brown248010@bigcorp.test,Emerson,Brown,San Diego,CA,92105,US,33.003671,-117.370635,standard,4989.88
5904,248020,blake.brown248020@bigcorp.test,Blake,Brown,Dallas,TX,75206,US,32.956415,-96.68847,standard,4762.68
5905,248056,casey.young248056@bigcorp.test,Casey,Young,San Diego,CA,92105,US,32.685263,-117.511612,standard,3964.96
5906,248096,emerson.smith248096@bigcorp.test,Emerson,Smith,Dallas,TX,75206,US,32.554907,-97.197947,standard,4514.4
5907,248176,sam.wilson248176@bigcorp.test,Sam,Wilson,San Diego,CA,92105,US,32.981823,-117.158609,standard,3721.64
5908,248247,cameron.lewis248247@bigcorp.test,Cameron,Lewis,Dallas,TX,75206,US,32.584113,-96.882358,standard,3301.48
5909,248264,robin.smith248264@bigcorp.test,Robin,Smith,Dallas,TX,75206,US,32.881908,-96.776456,standard,5740.16
5910,248276,hayden.patel248276@bigcorp.test,Hayden,Patel,Dallas,TX,75206,US,32.829537,-96.874726,preferred,4445.36
5911,248282,cameron.allen248282@bigcorp.test,Cameron,Allen,Dallas,TX,75206,US,32.757039,-97.059871,standard,4133.96
5912,248342,sam.kim248342@bigcorp.test,Sam,Kim,Dallas,TX,75206,US,32.771668,-97.186573,standard,3441.4
5913,248347,blake.kim248347@bigcorp.test,Blake,Kim,San Diego,CA,92105,US,32.707474,-117.004991,standard,3025.12
5914,248403,kendall.martin248403@bigcorp.test,Kendall,Martin,Dallas,TX,75206,US,32.461346,-96.670836,standard,2651.92
5915,248423,adam.smith248423@bigcorp.test,Adam,Smith,Dallas,TX,75206,US,32.785213,-96.808242,standard,3443.56
5916,248435,quinn.wilson248435@bigcorp.test,Quinn,Wilson,Phoenix,AZ,85018,US,33.404267,-112.222419,standard,2227.72
5917,248449,reese.smith248449@bigcorp.test,Reese,Smith,Dallas,TX,75206,US,32.792601,-97.083459,standard,3453.36
5918,248553,hayden.chen248553@bigcorp.test,Hayden,Chen,San Diego,CA,92105,US,32.660482,-116.943705,standard,3499.92
5919,248595,rowan.chen248595@bigcorp.test,Rowan,Chen,San Diego,CA,92105,US,32.597542,-117.510633,standard,2872.24
5920,248598,taylor.garcia248598@bigcorp.test,Taylor,Garcia,Dallas,TX,75206,US,32.843703,-96.557306,standard,4060.8
5921,248599,casey.lee248599@bigcorp.test,Casey,Lee,San Diego,CA,92105,US,32.797855,-116.968559,standard,3861.4
5922,248606,reese.patel248606@bigcorp.test,Reese,Patel,Dallas,TX,75206,US,32.998427,-96.548215,standard,1184.4
5923,248653,emerson.jones248653@bigcorp.test,Emerson,Jones,San Diego,CA,92105,US,32.950831,-117.250794,standard,3238.92
5924,248663,morgan.smith248663@bigcorp.test,Morgan,Smith,Dallas,TX,75206,US,32.848386,-96.610566,standard,1192.48
5925,248671,casey.kim248671@bigcorp.test,Casey,Kim,Dallas,TX,75206,US,32.828115,-97.108488,standard,1358.56
5926,248672,casey.hall248672@bigcorp.test,Casey,Hall,Dallas,TX,75206,US,32.94835,-97.136694,preferred,2325.36
5927,248683,dana.clark248683@bigcorp.test,Dana,Clark,Dallas,TX,75206,US,32.968714,-97.048334,standard,660.56
5928,248688,david.king248688@bigcorp.test,David,King,Fort Worth,TX,76107,US,32.802369,-97.398949,standard,5771.36
5929,248776,rowan.wilson248776@bigcorp.test,Rowan,Wilson,San Diego,CA,92105,US,32.952794,-117.004595,standard,2928.88
5930,248829,dana.king248829@bigcorp.test,Dana,King,San Diego,CA,92105,US,32.399169,-117.402806,standard,2995.96
5931,248877,riley.smith248877@bigcorp.test,Riley,Smith,Dallas,TX,75206,US,32.705418,-96.955218,preferred,4497.4
5932,248932,casey.chen248932@bigcorp.test,Casey,Chen,Dallas,TX,75206,US,32.535111,-96.895009,standard,1892.56
5933,248971,quinn.smith248971@bigcorp.test,Quinn,Smith,Dallas,TX,75206,US,32.761195,-97.159603,preferred,2431.28
5934,248982,jordan.smith248982@bigcorp.test,Jordan,Smith,Dallas,TX,75206,US,32.709299,-96.658114,standard,3585.28
5935,248993,quinn.walker248993@bigcorp.test,Quinn,Walker,Dallas,TX,75206,US,33.023714,-97.173174,preferred,6523.04
5936,249056,morgan.jones249056@bigcorp.test,Morgan,Jones,Dallas,TX,75206,US,32.454749,-96.694367,standard,1000.16
5937,249077,alex.kim249077@bigcorp.test,Alex,Kim,Dallas,TX,75206,US,33.018231,-96.96401,standard,2273.52
5938,249081,alex.lopez249081@bigcorp.test,Alex,Lopez,Dallas,TX,75206,US,32.591013,-96.575742,standard,3601.0
5939,249144,reese.lewis249144@bigcorp.test,Reese,Lewis,Dallas,TX,75206,US,32.600055,-97.018666,standard,6606.16
5940,249159,kendall.singh249159@bigcorp.test,Kendall,Singh,San Jose,CA,95110,US,37.585944,-121.779089,standard,2573.4
5941,249170,parker.king249170@bigcorp.test,Parker,King,San Diego,CA,92105,US,32.632549,-117.100909,preferred,2947.08
5942,249257,hayden.smith249257@bigcorp.test,Hayden,Smith,Columbus,OH,43203,US,40.089105,-82.826488,standard,3522.64
5943,249258,casey.wilson249258@bigcorp.test,Casey,Wilson,Dallas,TX,75206,US,32.744369,-96.919986,standard,1176.08
5944,249407,sam.hall249407@bigcorp.test,Sam,Hall,San Diego,CA,92105,US,33.059446,-117.396932,standard,3793.84
5945,249462,quinn.kim249462@bigcorp.test,Quinn,Kim,Dallas,TX,75206,US,33.07036,-96.670269,preferred,3006.24
5946,249543,alex.jones249543@bigcorp.test,Alex,Jones,Dallas,TX,75206,US,32.496929,-96.866537,standard,1532.96
5947,249558,avery.patel249558@bigcorp.test,Avery,Patel,San Diego,CA,92105,US,32.632985,-117.085033,standard,2971.72
5948,249585,dana.chen249585@bigcorp.test,Dana,Chen,Dallas,TX,75206,US,32.945632,-97.086758,standard,4359.76
5949,249628,casey.allen249628@bigcorp.test,Casey,Allen,Dallas,TX,75206,US,32.860088,-96.64204,standard,4720.0
5950,249783,sam.hall249783@bigcorp.test,Sam,Hall,Dallas,TX,75206,US,32.995996,-97.106095,standard,5398.28
5951,249875,dana.brown249875@bigcorp.test,Dana,Brown,Dallas,TX,75206,US,32.869821,-96.803704,preferred,2950.56
5952,249958,jordan.lee249958@bigcorp.test,Jordan,Lee,Dallas,TX,75206,US,32.871292,-97.035914,standard,2021.8
