inventory_id,product_id,center_id,quantity_on_hand,quantity_reserved,quantity_incoming,reorder_point,reorder_qty,last_restock_date
1,1,1,75,6,45,40,160,2025-12-30
2,1,2,112,6,0,11,80,2025-11-29
3,1,3,165,6,0,26,104,2025-12-23
4,1,4,189,6,0,49,196,2025-12-01
5,1,5,122,6,4,42,168,2025-12-10
6,1,6,196,6,0,29,116,2025-11-10
7,1,7,205,6,0,10,80,2025-12-21
8,1,8,18,6,78,32,128,2025-12-22
9,1,9,117,6,0,21,84,2025-11-30
10,1,10,161,6,0,21,84,2025-12-22
11,1,11,160,6,17,59,236,2025-12-03
12,1,12,132,6,15,49,196,2025-11-22
13,1,13,99,6,0,10,80,2025-11-11
14,1,14,129,6,39,56,224,2025-12-28
15,1,15,124,6,26,50,200,2025-12-03
16,1,16,100,6,0,14,80,2025-11-04
17,1,17,121,6,0,12,80,2025-12-16
18,1,18,173,6,0,32,128,2025-12-03
19,1,20,101,6,0,26,104,2025-12-05
20,1,21,93,6,0,10,80,2025-12-07
21,1,23,199,6,0,48,192,2025-12-09
22,1,25,154,6,0,29,116,2025-11-18
23,1,26,228,6,0,15,80,2025-11-06
24,1,27,85,6,44,43,172,2025-11-05
25,1,28,175,6,0,34,136,2025-11-08
26,1,29,162,6,0,43,172,2025-11-24
27,1,32,78,6,78,52,208,2025-11-13
28,1,33,208,6,0,25,100,2025-12-05
29,1,36,138,6,30,56,224,2025-12-19
30,1,37,113,6,0,10,80,2025-11-18
31,1,38,205,6,0,57,228,2025-12-13
32,1,41,70,6,0,11,80,2025-12-24
33,1,43,176,6,1,59,236,2025-12-14
34,1,44,104,6,22,42,168,2025-12-29
35,1,46,193,6,0,10,80,2025-11-11
36,1,48,127,6,0,36,144,2025-11-13
37,1,49,115,6,17,44,176,2025-11-06
38,2,1,153,7,0,35,140,2025-12-10
39,2,2,89,7,40,43,172,2025-12-17
40,2,3,106,7,59,55,220,2025-12-17
41,2,4,110,7,49,53,212,2025-11-19
42,2,5,185,7,0,22,88,2025-12-14
43,2,6,167,7,0,31,124,2025-11-18
44,2,7,59,7,0,17,80,2025-11-13
45,2,8,173,7,0,50,200,2025-12-03
46,2,9,117,7,30,49,196,2025-11-08
47,2,10,166,7,0,52,208,2025-12-09
48,2,11,128,7,28,52,208,2025-11-25
49,2,12,255,7,0,12,80,2025-11-07
50,2,14,171,7,0,43,172,2025-12-05
51,2,15,189,7,0,23,92,2025-12-22
52,2,16,249,7,0,10,80,2025-11-06
53,2,17,191,7,0,42,168,2025-11-11
54,2,18,239,7,0,11,80,2025-11-10
55,2,21,118,7,0,11,80,2025-11-09
56,2,22,179,7,0,38,152,2025-12-19
57,2,23,137,7,10,49,196,2025-11-04
58,2,25,182,7,0,45,180,2025-12-15
59,2,27,225,7,0,23,92,2025-12-25
60,2,28,141,7,0,24,96,2025-12-06
61,2,31,200,7,0,49,196,2025-11-15
62,2,35,200,7,0,49,196,2025-11-26
63,2,36,154,7,0,22,88,2025-12-05
64,2,37,106,7,0,30,120,2025-11-06
65,2,39,149,7,16,55,220,2025-12-25
66,2,48,173,7,0,10,80,2025-11-08
67,3,1,238,8,0,48,192,2025-11-04
68,3,2,53,8,0,16,80,2025-12-15
69,3,3,184,8,0,24,96,2025-11-05
70,3,4,125,8,0,10,80,2025-12-05
71,3,5,106,8,11,39,156,2025-11-03
72,3,6,92,8,0,19,80,2025-11-19
73,3,7,52,8,8,20,80,2025-12-29
74,3,8,92,8,61,51,204,2025-12-03
75,3,10,142,8,0,25,100,2025-12-30
76,3,13,138,8,21,53,212,2025-11-21
77,3,14,169,8,0,30,120,2025-11-30
78,3,15,169,8,0,24,96,2025-11-05
79,3,16,92,8,25,39,156,2025-12-13
80,3,18,171,8,0,43,172,2025-11-08
81,3,19,190,8,0,39,156,2025-12-12
82,3,20,71,8,91,54,216,2025-12-21
83,3,21,200,8,0,29,116,2025-11-15
84,3,22,195,8,0,47,188,2025-12-09
85,3,23,138,8,0,26,104,2025-12-02
86,3,24,64,8,83,49,196,2025-11-01
87,3,25,106,8,0,29,116,2025-11-07
88,3,29,133,8,0,29,116,2025-11-08
89,3,30,136,8,0,16,80,2025-12-09
90,3,31,103,8,62,55,220,2025-12-20
91,3,32,68,8,88,52,208,2025-12-02
92,3,34,226,8,0,10,80,2025-11-08
93,3,36,125,8,0,37,148,2025-12-05
94,3,41,117,8,63,60,240,2025-12-10
95,3,42,180,8,0,26,104,2025-12-18
96,3,44,161,8,0,51,204,2025-12-05
97,3,45,200,8,0,14,80,2025-11-12
98,3,46,202,8,0,44,176,2025-11-07
99,3,47,56,8,67,41,164,2025-12-04
100,3,48,153,8,0,10,80,2025-11-08
101,5,1,217,10,0,18,80,2025-12-20
102,5,2,142,10,0,47,188,2025-11-24
103,5,3,184,10,0,13,80,2025-11-21
104,5,4,147,10,0,21,84,2025-11-17
105,5,5,169,10,0,48,192,2025-12-24
106,5,6,163,10,0,15,80,2025-11-22
107,5,7,115,10,0,38,152,2025-11-14
108,5,8,183,10,0,56,224,2025-12-07
109,5,9,72,10,27,33,132,2025-12-22
110,5,10,142,10,0,41,164,2025-12-26
111,5,11,263,10,0,42,168,2025-12-06
112,5,12,145,10,0,10,80,2025-11-14
113,5,13,272,10,0,32,128,2025-11-14
114,5,14,165,10,0,38,152,2025-12-09
115,5,15,138,10,0,14,80,2025-12-30
116,5,16,201,10,0,15,80,2025-12-08
117,5,17,81,10,0,17,80,2025-12-02
118,5,18,150,10,0,44,176,2025-11-17
119,5,19,96,10,0,31,124,2025-12-13
120,5,20,237,10,0,36,144,2025-12-12
121,5,23,130,10,0,20,80,2025-12-07
122,5,26,217,10,0,43,172,2025-11-10
123,5,27,129,10,0,23,92,2025-11-08
124,5,29,155,10,0,33,132,2025-11-02
125,5,33,133,10,0,22,88,2025-11-13
126,5,35,30,10,27,19,80,2025-12-13
127,5,37,241,10,0,10,80,2025-12-01
128,5,38,121,10,0,21,84,2025-11-06
129,5,39,166,10,0,10,80,2025-12-26
130,5,41,74,10,52,42,168,2025-12-29
131,5,47,123,10,18,47,188,2025-12-18
132,5,49,116,10,28,48,192,2025-12-27
133,5,50,213,10,0,28,112,2025-12-03
134,6,1,332,11,0,24,96,2025-12-04
135,6,2,103,11,0,22,88,2025-11-08
136,6,3,110,11,22,44,176,2025-11-06
137,6,4,21,11,51,24,96,2025-11-11
138,6,5,115,11,0,31,124,2025-12-02
139,6,6,150,11,27,59,236,2025-11-02
140,6,7,173,11,0,27,108,2025-11-24
141,6,8,130,11,0,22,88,2025-12-12
142,6,9,99,11,0,15,80,2025-12-08
143,6,10,95,11,0,29,116,2025-12-14
144,6,11,88,11,0,20,80,2025-12-17
145,6,12,41,11,103,48,192,2025-11-17
146,6,13,57,11,0,10,80,2025-12-18
147,6,14,223,11,0,19,80,2025-11-08
148,6,15,198,11,0,57,228,2025-11-12
149,6,16,243,11,0,43,172,2025-11-06
150,6,17,143,11,0,33,132,2025-12-27
151,6,18,159,11,0,11,80,2025-12-27
152,6,19,138,11,0,38,152,2025-11-04
153,6,20,102,11,36,46,184,2025-12-05
154,6,21,190,11,0,33,132,2025-12-10
155,6,22,121,11,0,10,80,2025-12-17
156,6,23,155,11,22,59,236,2025-11-30
157,6,24,193,11,0,29,116,2025-11-07
158,6,26,141,11,0,35,140,2025-12-29
159,6,27,111,11,0,30,120,2025-12-06
160,6,28,29,11,1,10,80,2025-11-03
161,6,30,130,11,8,46,184,2025-12-22
162,6,32,114,11,0,35,140,2025-12-29
163,6,33,140,11,40,60,240,2025-12-17
164,6,34,164,11,16,60,240,2025-12-15
165,6,35,130,11,0,27,108,2025-11-08
166,6,36,90,11,0,12,80,2025-12-14
167,6,39,118,11,0,14,80,2025-11-04
168,6,42,145,11,0,10,80,2025-12-24
169,6,43,116,11,0,30,120,2025-12-20
170,6,44,188,11,0,51,204,2025-12-10
171,6,45,45,11,99,48,192,2025-12-18
172,6,46,239,11,0,19,80,2025-12-15
173,6,48,116,11,31,49,196,2025-12-25
174,6,50,124,11,0,15,80,2025-12-21
175,7,1,118,12,50,56,224,2025-12-30
176,7,2,92,12,16,36,144,2025-11-17
177,7,3,231,12,0,23,92,2025-11-14
178,7,4,90,12,72,54,216,2025-11-20
179,7,5,130,12,0,24,96,2025-11-01
180,7,6,156,12,3,53,212,2025-11-06
181,7,7,112,12,0,20,80,2025-11-22
182,7,8,126,12,3,43,172,2025-12-21
183,7,9,208,12,0,48,192,2025-12-12
184,7,10,198,12,0,43,172,2025-12-20
185,7,11,116,12,0,31,124,2025-11-04
186,7,12,63,12,0,18,80,2025-12-16
187,7,13,80,12,31,37,148,2025-12-01
188,7,14,59,12,43,34,136,2025-12-03
189,7,15,210,12,0,50,200,2025-12-02
190,7,16,175,12,0,12,80,2025-11-24
191,7,18,206,12,0,51,204,2025-12-23
192,7,19,9,9,24,11,80,2025-11-15
193,7,20,167,12,0,55,220,2025-11-02
194,7,22,99,12,36,45,180,2025-12-10
195,7,25,236,12,0,46,184,2025-11-14
196,7,26,113,12,0,36,144,2025-11-10
197,7,27,183,12,0,41,164,2025-11-30
198,7,28,166,12,0,44,176,2025-12-12
199,7,29,202,12,0,57,228,2025-11-25
200,7,31,106,12,17,41,164,2025-11-28
201,7,32,113,12,34,49,196,2025-12-25
202,7,33,134,12,0,24,96,2025-12-20
203,7,35,84,12,24,36,144,2025-11-18
204,7,37,85,12,56,47,188,2025-12-17
205,7,38,116,12,0,10,80,2025-11-23
206,7,42,189,12,0,10,80,2025-11-16
207,7,43,69,12,15,28,112,2025-11-08
208,7,44,216,12,0,42,168,2025-12-22
209,7,46,0,0,126,42,168,2025-12-08
210,7,48,114,12,15,43,172,2025-12-23
211,7,50,126,12,0,30,120,2025-12-02
212,8,1,144,13,0,10,80,2025-11-11
213,8,2,161,13,0,21,84,2025-11-12
214,8,3,160,13,0,52,208,2025-12-04
215,8,4,184,13,0,10,80,2025-12-30
216,8,5,55,13,0,10,80,2025-12-12
217,8,6,212,13,0,46,184,2025-11-16
218,8,7,145,13,29,58,232,2025-12-21
219,8,8,252,13,0,28,112,2025-11-30
220,8,9,168,13,0,22,88,2025-11-26
221,8,10,185,13,0,34,136,2025-11-22
222,8,11,50,13,0,16,80,2025-12-03
223,8,12,176,13,0,56,224,2025-11-25
224,8,13,135,13,0,10,80,2025-11-18
225,8,15,112,13,0,23,92,2025-11-24
226,8,16,228,13,0,35,140,2025-12-12
227,8,17,141,13,0,31,124,2025-12-22
228,8,18,222,13,0,20,80,2025-11-23
229,8,19,151,13,0,35,140,2025-12-29
230,8,20,150,13,0,45,180,2025-12-09
231,8,22,174,13,0,30,120,2025-12-01
232,8,23,57,13,66,41,164,2025-11-02
233,8,24,91,13,17,36,144,2025-11-24
234,8,25,241,13,0,10,80,2025-11-18
235,8,28,131,13,0,23,92,2025-11-21
236,8,29,199,13,0,46,184,2025-11-15
237,8,31,290,13,0,46,184,2025-11-03
238,8,32,220,13,0,33,132,2025-11-12
239,8,33,126,13,39,55,220,2025-11-25
240,8,34,136,13,0,30,120,2025-12-21
241,8,35,128,13,7,45,180,2025-11-03
242,8,36,187,13,0,47,188,2025-12-03
243,8,38,144,13,0,18,80,2025-12-01
244,8,40,186,13,0,50,200,2025-12-27
245,8,41,230,13,0,25,100,2025-11-09
246,8,43,189,13,0,29,116,2025-11-06
247,8,45,47,13,0,10,80,2025-12-10
248,8,47,186,13,0,34,136,2025-11-09
249,8,48,71,13,55,42,168,2025-12-12
250,9,1,69,14,78,49,196,2025-11-11
251,9,2,138,14,0,10,80,2025-11-04
252,9,3,180,14,0,38,152,2025-12-13
253,9,4,172,14,0,33,132,2025-12-28
254,9,5,128,14,52,60,240,2025-12-08
255,9,6,186,14,0,55,220,2025-11-24
256,9,7,29,14,1,10,80,2025-12-30
257,9,8,187,14,0,38,152,2025-11-08
258,9,9,140,14,0,34,136,2025-12-17
259,9,10,126,14,0,33,132,2025-11-10
260,9,11,213,14,0,52,208,2025-11-25
261,9,12,169,14,0,32,128,2025-12-15
262,9,13,27,14,150,59,236,2025-11-16
263,9,14,214,14,0,35,140,2025-11-25
264,9,15,176,14,0,17,80,2025-11-07
265,9,16,153,14,0,13,80,2025-11-25
266,9,17,139,14,0,46,184,2025-11-08
267,9,18,188,14,0,29,116,2025-12-06
268,9,19,18,14,66,28,112,2025-12-13
269,9,20,238,14,0,47,188,2025-12-11
270,9,21,143,14,25,56,224,2025-12-14
271,9,22,97,14,38,45,180,2025-11-24
272,9,25,93,14,21,38,152,2025-12-09
273,9,29,141,14,0,46,184,2025-12-23
274,9,30,95,14,0,16,80,2025-12-07
275,9,31,162,14,0,42,168,2025-12-01
276,9,35,136,14,44,60,240,2025-11-22
277,9,37,57,14,0,12,80,2025-12-15
278,9,38,114,14,66,60,240,2025-12-08
279,9,39,133,14,0,36,144,2025-12-07
280,9,42,174,14,0,39,156,2025-11-20
281,9,44,127,14,0,10,80,2025-12-10
282,9,47,132,14,0,42,168,2025-11-10
283,9,48,126,14,21,49,196,2025-12-01
284,9,49,131,14,0,19,80,2025-11-03
285,10,1,154,15,0,33,132,2025-11-02
286,10,2,191,15,0,10,80,2025-11-27
287,10,3,168,15,0,13,80,2025-11-23
288,10,4,233,15,0,47,188,2025-11-29
289,10,5,181,15,0,26,104,2025-12-08
290,10,6,173,15,0,36,144,2025-11-03
291,10,8,133,15,0,13,80,2025-12-22
292,10,9,214,15,0,18,80,2025-12-14
293,10,10,147,15,0,48,192,2025-12-19
294,10,12,195,15,0,31,124,2025-11-26
295,10,13,243,15,0,10,80,2025-11-10
296,10,14,236,15,0,26,104,2025-11-16
297,10,17,122,15,0,40,160,2025-11-05
298,10,18,213,15,0,36,144,2025-11-19
299,10,19,72,15,21,31,124,2025-12-13
300,10,20,128,15,25,51,204,2025-12-12
301,10,21,183,15,0,19,80,2025-11-21
302,10,22,159,15,0,21,84,2025-12-16
303,10,23,57,15,99,52,208,2025-12-14
304,10,25,117,15,42,53,212,2025-12-26
305,10,26,155,15,0,35,140,2025-11-12
306,10,27,154,15,0,37,148,2025-12-21
307,10,28,126,15,0,12,80,2025-12-08
308,10,33,148,15,0,15,80,2025-12-25
309,10,34,139,15,0,36,144,2025-12-09
310,10,35,106,15,0,27,108,2025-12-22
311,10,38,139,15,17,52,208,2025-12-03
312,10,39,61,15,116,59,236,2025-12-27
313,10,40,115,15,0,35,140,2025-11-22
314,10,41,159,15,0,21,84,2025-12-13
315,10,42,151,15,0,23,92,2025-12-22
316,10,44,135,15,0,27,108,2025-11-02
317,10,48,174,15,0,33,132,2025-11-03
318,10,49,169,15,0,38,152,2025-11-08
319,10,50,165,15,12,59,236,2025-11-18
320,11,1,90,16,18,36,144,2025-12-21
321,11,2,3,3,135,46,184,2025-11-16
322,11,3,170,16,0,37,148,2025-11-23
323,11,4,119,16,0,14,80,2025-11-07
324,11,5,128,16,0,34,136,2025-12-11
325,11,6,176,16,0,14,80,2025-12-30
326,11,7,228,16,0,32,128,2025-12-11
327,11,8,134,16,19,51,204,2025-11-23
328,11,9,164,16,0,43,172,2025-11-21
329,11,10,162,16,0,41,164,2025-11-22
330,11,11,146,16,28,58,232,2025-11-21
331,11,12,121,16,0,27,108,2025-11-02
332,11,13,194,16,0,28,112,2025-12-28
333,11,14,196,16,0,10,80,2025-11-12
334,11,16,126,16,18,48,192,2025-11-06
335,11,17,45,16,0,10,80,2025-12-02
336,11,18,168,16,6,58,232,2025-12-29
337,11,20,144,16,0,23,92,2025-12-24
338,11,21,127,16,0,11,80,2025-12-07
339,11,24,51,16,93,48,192,2025-12-05
340,11,25,93,16,63,52,208,2025-12-28
341,11,26,156,16,0,37,148,2025-11-12
342,11,27,88,16,0,10,80,2025-12-15
343,11,28,118,16,0,23,92,2025-11-02
344,11,31,121,16,0,12,80,2025-12-23
345,11,32,182,16,0,36,144,2025-11-09
346,11,33,79,16,53,44,176,2025-12-02
347,11,34,164,16,0,10,80,2025-12-03
348,11,36,125,16,1,42,168,2025-11-09
349,11,38,48,16,0,13,80,2025-12-11
350,11,39,100,16,0,20,80,2025-12-15
351,11,41,120,16,0,22,88,2025-11-05
352,11,43,31,16,89,40,160,2025-11-16
353,11,44,68,16,61,43,172,2025-12-17
354,11,46,161,16,0,26,104,2025-12-14
355,11,47,0,0,30,10,80,2025-12-29
356,11,49,148,16,0,14,80,2025-12-21
357,12,1,123,17,0,21,84,2025-11-10
358,12,2,216,17,0,22,88,2025-11-16
359,12,3,200,17,0,26,104,2025-12-26
360,12,4,104,17,0,18,80,2025-11-04
361,12,5,166,17,0,50,200,2025-12-05
362,12,6,185,17,0,55,220,2025-11-23
363,12,7,147,17,0,10,80,2025-11-10
364,12,8,197,17,0,50,200,2025-11-09
365,12,9,127,17,32,53,212,2025-11-21
366,12,10,154,17,0,11,80,2025-12-26
367,12,11,109,17,0,16,80,2025-11-28
368,12,12,139,17,0,10,80,2025-11-18
369,12,13,151,17,2,51,204,2025-12-05
370,12,14,60,17,24,28,112,2025-12-26
371,12,15,164,17,0,49,196,2025-11-19
372,12,16,242,17,0,48,192,2025-12-27
373,12,18,178,17,0,50,200,2025-12-27
374,12,19,104,17,19,41,164,2025-12-28
375,12,20,195,17,0,26,104,2025-11-16
376,12,21,140,17,0,16,80,2025-11-01
377,12,22,60,17,108,56,224,2025-11-17
378,12,23,137,17,0,23,92,2025-12-09
379,12,24,80,17,28,36,144,2025-11-17
380,12,25,165,17,0,27,108,2025-11-03
381,12,26,125,17,0,29,116,2025-11-16
382,12,27,176,17,0,36,144,2025-12-29
383,12,28,110,17,0,10,80,2025-11-26
384,12,31,96,17,57,51,204,2025-12-21
385,12,33,130,17,41,57,228,2025-12-14
386,12,34,94,17,0,30,120,2025-12-05
387,12,35,125,17,0,12,80,2025-11-21
388,12,36,163,17,0,16,80,2025-12-11
389,12,37,170,17,1,57,228,2025-12-16
390,12,39,91,17,14,35,140,2025-11-21
391,12,41,140,17,0,16,80,2025-12-14
392,12,42,182,17,0,18,80,2025-12-10
393,12,43,240,17,0,15,80,2025-11-09
394,12,46,143,17,0,10,80,2025-12-28
395,12,47,126,17,0,30,120,2025-11-06
396,12,49,167,17,0,44,176,2025-11-25
397,13,1,136,18,0,10,80,2025-11-11
398,13,2,168,18,0,22,88,2025-12-03
399,13,3,111,18,0,20,80,2025-12-30
400,13,4,112,18,0,33,132,2025-11-06
401,13,5,196,18,0,36,144,2025-11-29
402,13,6,98,18,10,36,144,2025-11-10
403,13,7,147,18,0,10,80,2025-12-10
404,13,8,169,18,0,53,212,2025-12-02
405,13,9,109,18,0,31,124,2025-11-20
406,13,10,194,18,0,20,80,2025-11-19
407,13,11,135,18,0,29,116,2025-12-14
408,13,12,62,18,0,15,80,2025-12-07
409,13,13,185,18,0,36,144,2025-11-04
410,13,14,144,18,0,48,192,2025-11-07
411,13,15,157,18,0,10,80,2025-12-02
412,13,16,207,18,0,30,120,2025-12-09
413,13,17,240,18,0,26,104,2025-11-03
414,13,18,143,18,0,19,80,2025-12-10
415,13,19,129,18,0,32,128,2025-12-30
416,13,20,198,18,0,31,124,2025-11-01
417,13,21,159,18,0,22,88,2025-11-10
418,13,22,119,18,0,23,92,2025-11-01
419,13,23,123,18,0,39,156,2025-11-09
420,13,24,206,18,0,51,204,2025-12-13
421,13,25,173,18,0,52,208,2025-12-30
422,13,28,142,18,0,44,176,2025-12-21
423,13,29,168,18,0,11,80,2025-12-12
424,13,31,219,18,0,27,108,2025-12-17
425,13,32,55,18,65,40,160,2025-11-01
426,13,33,127,18,0,10,80,2025-11-13
427,13,34,57,18,63,40,160,2025-12-13
428,13,36,183,18,0,10,80,2025-12-11
429,13,37,190,18,0,12,80,2025-11-18
430,13,38,252,18,0,59,236,2025-12-13
431,13,39,52,18,122,58,232,2025-11-25
432,13,40,61,18,0,10,80,2025-12-24
433,13,43,127,18,0,14,80,2025-12-14
434,13,44,54,18,0,18,80,2025-12-23
435,13,46,184,18,0,38,152,2025-11-19
436,13,48,155,18,0,10,80,2025-11-13
437,14,1,100,19,0,26,104,2025-11-08
438,14,2,150,19,24,58,232,2025-11-09
439,14,3,173,19,1,58,232,2025-12-15
440,14,4,195,19,0,50,200,2025-11-23
441,14,5,135,19,33,56,224,2025-12-22
442,14,6,90,19,0,11,80,2025-12-12
443,14,7,126,19,21,49,196,2025-12-05
444,14,8,127,19,0,17,80,2025-11-05
445,14,9,199,19,0,43,172,2025-12-06
446,14,10,120,19,0,11,80,2025-12-07
447,14,11,101,19,0,33,132,2025-12-15
448,14,12,240,19,0,42,168,2025-11-03
449,14,13,129,19,0,10,80,2025-12-26
450,14,14,159,19,0,18,80,2025-11-23
451,14,15,131,19,0,10,80,2025-12-09
452,14,17,118,19,0,10,80,2025-11-18
453,14,18,141,19,0,10,80,2025-12-27
454,14,19,61,19,77,46,184,2025-11-14
455,14,22,216,19,0,55,220,2025-12-27
456,14,23,159,19,0,26,104,2025-12-19
457,14,24,145,19,11,52,208,2025-12-02
458,14,27,155,19,0,40,160,2025-12-07
459,14,28,238,19,0,11,80,2025-12-21
460,14,29,180,19,0,29,116,2025-12-05
461,14,30,231,19,0,58,232,2025-12-02
462,14,31,226,19,0,25,100,2025-12-28
463,14,37,133,19,0,25,100,2025-11-28
464,14,39,191,19,0,19,80,2025-11-16
465,14,40,87,19,0,13,80,2025-11-18
466,14,41,78,19,60,46,184,2025-12-10
467,14,43,143,19,0,33,132,2025-12-26
468,14,46,116,19,0,10,80,2025-12-21
469,14,47,171,19,0,46,184,2025-11-02
470,14,49,195,19,0,10,80,2025-12-22
471,14,50,163,19,0,39,156,2025-12-24
472,15,1,145,20,32,59,236,2025-12-08
473,15,2,99,20,0,13,80,2025-11-04
474,15,3,178,20,0,10,80,2025-11-18
475,15,4,104,20,19,41,164,2025-11-21
476,15,5,111,20,0,26,104,2025-12-02
477,15,6,241,20,0,60,240,2025-11-10
478,15,7,168,20,0,36,144,2025-12-10
479,15,8,182,20,0,40,160,2025-11-12
480,15,9,140,20,0,35,140,2025-12-15
481,15,10,156,20,0,38,152,2025-12-02
482,15,11,85,20,23,36,144,2025-11-13
483,15,12,204,20,0,18,80,2025-12-03
484,15,13,83,20,0,17,80,2025-12-14
485,15,14,193,20,0,42,168,2025-11-14
486,15,15,173,20,1,58,232,2025-12-30
487,15,16,177,20,0,56,224,2025-12-22
488,15,17,267,20,0,11,80,2025-12-13
489,15,18,131,20,0,26,104,2025-11-09
490,15,21,214,20,0,11,80,2025-11-16
491,15,22,94,20,23,39,156,2025-11-27
492,15,24,131,20,28,53,212,2025-12-26
493,15,25,113,20,0,18,80,2025-12-12
494,15,26,156,20,0,30,120,2025-12-09
495,15,29,139,20,20,53,212,2025-12-14
496,15,31,99,20,66,55,220,2025-12-19
497,15,33,50,20,49,33,132,2025-11-09
498,15,34,123,20,0,40,160,2025-11-21
499,15,35,159,20,0,48,192,2025-11-26
500,15,38,125,20,0,29,116,2025-12-03
501,15,39,143,20,13,52,208,2025-11-26
502,15,40,125,20,16,47,188,2025-11-10
503,15,41,102,20,57,53,212,2025-11-11
504,15,43,161,20,0,19,80,2025-12-24
505,15,46,171,20,0,15,80,2025-12-16
506,15,48,114,20,36,50,200,2025-11-28
507,15,49,284,20,0,34,136,2025-11-08
508,16,1,223,21,0,16,80,2025-11-30
509,16,2,140,21,0,12,80,2025-12-10
510,16,3,134,21,0,17,80,2025-12-16
511,16,4,158,21,0,24,96,2025-11-18
512,16,5,258,21,0,52,208,2025-11-16
513,16,6,281,21,0,49,196,2025-12-15
514,16,7,75,21,57,44,176,2025-11-01
515,16,8,98,21,0,13,80,2025-11-06
516,16,9,160,21,0,31,124,2025-12-08
517,16,10,109,21,0,21,84,2025-12-08
518,16,11,191,21,0,31,124,2025-11-30
519,16,12,184,21,0,37,148,2025-11-09
520,16,13,63,21,6,23,92,2025-12-03
521,16,14,55,21,44,33,132,2025-11-19
522,16,16,100,21,0,21,84,2025-11-22
523,16,17,124,21,2,42,168,2025-12-01
524,16,18,74,21,31,35,140,2025-11-20
525,16,19,89,21,0,28,112,2025-11-21
526,16,22,167,21,4,57,228,2025-12-20
527,16,23,188,21,0,43,172,2025-11-17
528,16,24,155,21,0,38,152,2025-11-27
529,16,26,150,21,0,14,80,2025-11-29
530,16,27,236,21,0,30,120,2025-11-27
531,16,28,202,21,0,38,152,2025-11-11
532,16,29,133,21,0,10,80,2025-12-02
533,16,31,140,21,0,15,80,2025-12-27
534,16,32,156,21,0,34,136,2025-12-09
535,16,33,209,21,0,58,232,2025-12-27
536,16,34,103,21,26,43,172,2025-11-02
537,16,36,52,21,71,41,164,2025-11-10
538,16,37,174,21,0,42,168,2025-12-09
539,16,38,158,21,0,49,196,2025-12-24
540,16,39,65,21,0,18,80,2025-12-03
541,16,41,123,21,27,50,200,2025-11-16
542,16,43,155,21,0,13,80,2025-11-20
543,16,44,233,21,0,26,104,2025-12-29
544,16,50,68,21,43,37,148,2025-12-27
545,17,1,86,22,34,40,160,2025-12-18
546,17,2,95,22,0,27,108,2025-12-17
547,17,3,203,22,0,38,152,2025-11-03
548,17,4,109,22,0,16,80,2025-12-18
549,17,5,165,22,0,18,80,2025-11-20
550,17,6,93,22,24,39,156,2025-12-05
551,17,7,264,22,0,34,136,2025-11-24
552,17,8,192,22,0,14,80,2025-12-14
553,17,9,140,22,28,56,224,2025-11-20
554,17,10,164,22,0,10,80,2025-11-14
555,17,11,225,22,0,45,180,2025-12-11
556,17,12,108,22,0,20,80,2025-11-18
557,17,13,130,22,44,58,232,2025-12-25
558,17,14,239,22,0,10,80,2025-11-26
559,17,15,59,22,94,51,204,2025-12-23
560,17,17,184,22,0,54,216,2025-11-13
561,17,18,81,22,0,17,80,2025-12-16
562,17,19,95,22,10,35,140,2025-12-05
563,17,21,164,22,0,13,80,2025-11-08
564,17,23,209,22,0,41,164,2025-11-23
565,17,24,168,22,0,18,80,2025-11-22
566,17,27,179,22,0,32,128,2025-11-17
567,17,28,191,22,0,16,80,2025-12-05
568,17,29,172,22,0,50,200,2025-11-15
569,17,31,92,22,0,10,80,2025-12-20
570,17,34,243,22,0,41,164,2025-11-28
571,17,37,187,22,0,58,232,2025-11-28
572,17,38,142,22,0,34,136,2025-12-28
573,17,39,186,22,0,55,220,2025-11-01
574,17,40,290,22,0,10,80,2025-12-08
575,17,43,162,22,0,10,80,2025-12-13
576,17,44,168,22,0,32,128,2025-11-06
577,17,45,79,22,56,45,180,2025-11-16
578,17,47,51,22,63,38,152,2025-11-22
579,17,49,138,22,0,46,184,2025-11-28
580,17,50,170,22,0,41,164,2025-11-13
581,18,1,155,5,0,35,140,2025-12-05
582,18,2,110,5,0,15,80,2025-11-06
583,18,3,136,5,23,53,212,2025-12-24
584,18,4,127,5,0,12,80,2025-12-17
585,18,5,161,5,0,37,148,2025-12-25
586,18,6,107,5,0,28,112,2025-12-28
587,18,7,60,5,93,51,204,2025-12-08
588,18,8,164,5,0,37,148,2025-11-27
589,18,9,201,5,0,39,156,2025-11-21
590,18,10,52,5,23,25,100,2025-12-06
591,18,11,121,5,59,60,240,2025-12-15
592,18,12,180,5,0,10,80,2025-11-14
593,18,13,87,5,0,18,80,2025-12-13
594,18,14,193,5,0,23,92,2025-11-21
595,18,15,252,5,0,32,128,2025-11-19
596,18,16,116,5,0,10,80,2025-11-22
597,18,17,66,5,96,54,216,2025-12-27
598,18,18,168,5,12,60,240,2025-12-30
599,18,19,176,5,0,41,164,2025-12-17
600,18,22,71,5,0,10,80,2025-12-06
601,18,23,71,5,0,10,80,2025-12-17
602,18,25,243,5,0,37,148,2025-11-16
603,18,26,249,5,0,35,140,2025-12-29
604,18,27,141,5,0,10,80,2025-12-26
605,18,28,221,5,0,17,80,2025-12-08
606,18,29,147,5,0,40,160,2025-11-24
607,18,30,55,5,65,40,160,2025-12-05
608,18,31,190,5,0,17,80,2025-11-03
609,18,32,155,5,0,45,180,2025-11-07
610,18,34,272,5,0,17,80,2025-11-25
611,18,36,119,5,34,51,204,2025-12-19
612,18,41,133,5,0,20,80,2025-12-26
613,18,42,77,5,0,10,80,2025-12-08
614,18,43,85,5,0,15,80,2025-11-12
615,18,44,166,5,0,53,212,2025-12-08
616,18,47,147,5,0,29,116,2025-11-30
617,18,48,142,5,32,58,232,2025-11-16
618,18,50,90,5,42,44,176,2025-11-08
619,19,1,145,6,20,55,220,2025-11-06
620,19,2,10,6,56,22,88,2025-12-24
621,19,3,297,6,0,56,224,2025-12-26
622,19,4,112,6,0,10,80,2025-12-02
623,19,5,125,6,0,17,80,2025-11-09
624,19,6,148,6,0,13,80,2025-12-24
625,19,7,153,6,0,10,80,2025-12-14
626,19,8,106,6,0,24,96,2025-12-23
627,19,9,54,6,33,29,116,2025-12-13
628,19,10,163,6,0,41,164,2025-11-22
629,19,12,104,6,0,20,80,2025-11-09
630,19,13,133,6,23,52,208,2025-12-07
631,19,14,231,6,0,36,144,2025-12-08
632,19,15,169,6,0,23,92,2025-12-05
633,19,16,147,6,0,27,108,2025-12-04
634,19,17,87,6,0,23,92,2025-12-28
635,19,18,229,6,0,44,176,2025-11-11
636,19,19,64,6,0,10,80,2025-11-29
637,19,20,185,6,0,44,176,2025-12-18
638,19,22,143,6,0,10,80,2025-11-09
639,19,23,111,6,66,59,236,2025-11-23
640,19,24,282,6,0,10,80,2025-12-06
641,19,25,20,6,145,55,220,2025-12-30
642,19,26,140,6,0,40,160,2025-11-26
643,19,27,151,6,0,32,128,2025-12-25
644,19,28,164,6,0,15,80,2025-11-18
645,19,29,224,6,0,48,192,2025-11-04
646,19,30,185,6,0,41,164,2025-11-04
647,19,32,232,6,0,26,104,2025-11-10
648,19,33,0,0,108,36,144,2025-12-05
649,19,35,74,6,94,56,224,2025-11-06
650,19,36,180,6,0,53,212,2025-11-15
651,19,37,99,6,0,24,96,2025-12-29
652,19,38,95,6,0,10,80,2025-11-12
653,19,39,124,6,23,49,196,2025-11-17
654,19,41,109,6,41,50,200,2025-12-13
655,19,43,140,6,0,36,144,2025-11-09
656,19,44,103,6,71,58,232,2025-12-30
657,19,45,146,6,0,23,92,2025-11-30
658,19,46,217,6,0,39,156,2025-11-23
659,19,47,158,6,0,33,132,2025-12-11
660,21,1,64,8,113,59,236,2025-11-17
661,21,2,257,8,0,40,160,2025-12-11
662,21,3,203,8,0,59,236,2025-11-18
663,21,4,144,8,0,10,80,2025-12-30
664,21,5,170,8,7,59,236,2025-12-13
665,21,6,165,8,0,10,80,2025-12-30
666,21,7,135,8,0,14,80,2025-12-18
667,21,8,117,8,12,43,172,2025-11-13
668,21,9,164,8,0,50,200,2025-11-01
669,21,10,160,8,2,54,216,2025-12-29
670,21,11,155,8,1,52,208,2025-12-26
671,21,12,161,8,0,18,80,2025-12-24
672,21,13,153,8,0,10,80,2025-11-17
673,21,14,139,8,0,46,184,2025-11-09
674,21,15,145,8,0,16,80,2025-11-11
675,21,16,185,8,0,47,188,2025-11-08
676,21,17,97,8,0,10,80,2025-11-16
677,21,19,186,8,0,29,116,2025-12-20
678,21,20,221,8,0,11,80,2025-12-26
679,21,23,170,8,0,23,92,2025-12-06
680,21,26,150,8,0,15,80,2025-12-03
681,21,27,117,8,9,42,168,2025-12-03
682,21,30,177,8,0,42,168,2025-12-25
683,21,32,218,8,0,37,148,2025-12-29
684,21,36,122,8,0,13,80,2025-12-24
685,21,37,244,8,0,25,100,2025-11-08
686,21,39,146,8,0,31,124,2025-11-27
687,21,40,148,8,0,10,80,2025-12-21
688,21,42,101,8,22,41,164,2025-11-01
689,21,43,276,8,0,32,128,2025-12-23
690,21,44,169,8,0,37,148,2025-11-28
691,21,45,99,8,0,27,108,2025-12-01
692,21,46,204,8,0,56,224,2025-11-12
693,21,47,158,8,0,26,104,2025-12-27
694,21,48,230,8,0,12,80,2025-12-13
695,21,49,198,8,0,10,80,2025-11-07
696,21,50,237,8,0,58,232,2025-12-23
697,22,1,181,9,0,14,80,2025-11-17
698,22,2,60,9,0,12,80,2025-12-22
699,22,3,108,9,0,10,80,2025-11-12
700,22,4,162,9,0,24,96,2025-12-22
701,22,5,0,0,36,12,80,2025-12-20
702,22,6,46,9,47,31,124,2025-11-11
703,22,7,88,9,44,44,176,2025-12-19
704,22,8,109,9,5,38,152,2025-12-02
705,22,9,42,9,21,21,84,2025-12-13
706,22,10,117,9,0,10,80,2025-12-06
707,22,11,118,9,0,24,96,2025-11-04
708,22,12,206,9,0,10,80,2025-11-06
709,22,14,163,9,0,24,96,2025-12-30
710,22,15,148,9,0,33,132,2025-11-18
711,22,16,143,9,0,42,168,2025-12-09
712,22,17,257,9,0,53,212,2025-11-22
713,22,18,153,9,0,25,100,2025-12-28
714,22,19,172,9,0,34,136,2025-11-27
715,22,20,94,9,0,23,92,2025-11-13
716,22,21,179,9,0,10,80,2025-12-20
717,22,23,140,9,22,54,216,2025-11-24
718,22,24,77,9,0,10,80,2025-12-16
719,22,26,131,9,0,38,152,2025-11-16
720,22,27,141,9,39,60,240,2025-11-09
721,22,28,4,4,92,32,128,2025-12-30
722,22,29,121,9,0,32,128,2025-11-02
723,22,31,191,9,0,45,180,2025-12-08
724,22,32,79,9,0,15,80,2025-12-12
725,22,34,130,9,0,10,80,2025-11-27
726,22,35,193,9,0,10,80,2025-11-11
727,22,36,196,9,0,36,144,2025-11-06
728,22,40,161,9,0,41,164,2025-11-08
729,22,42,129,9,3,44,176,2025-12-15
730,22,43,179,9,0,49,196,2025-12-29
731,22,44,297,9,0,47,188,2025-12-25
732,22,46,121,9,47,56,224,2025-11-05
733,22,47,134,9,0,20,80,2025-11-26
734,22,48,79,9,0,20,80,2025-11-08
735,22,49,76,9,11,29,116,2025-12-15
736,23,1,117,10,0,32,128,2025-12-20
737,23,2,213,10,0,56,224,2025-12-16
738,23,3,139,10,35,58,232,2025-12-17
739,23,4,171,10,0,31,124,2025-11-11
740,23,5,119,10,49,56,224,2025-12-26
741,23,6,189,10,0,59,236,2025-11-06
742,23,7,117,10,0,21,84,2025-12-26
743,23,8,105,10,36,47,188,2025-12-12
744,23,9,182,10,0,56,224,2025-12-29
745,23,10,132,10,0,10,80,2025-12-01
746,23,11,156,10,0,12,80,2025-11-03
747,23,12,170,10,7,59,236,2025-11-06
748,23,13,173,10,0,40,160,2025-12-06
749,23,15,1,1,152,51,204,2025-12-12
750,23,16,135,10,24,53,212,2025-11-15
751,23,17,117,10,0,11,80,2025-11-01
752,23,19,115,10,59,58,232,2025-12-21
753,23,20,34,10,101,45,180,2025-12-10
754,23,21,136,10,23,53,212,2025-12-27
755,23,22,173,10,0,36,144,2025-12-06
756,23,24,140,10,0,35,140,2025-11-09
757,23,25,37,10,65,34,136,2025-12-22
758,23,28,60,10,45,35,140,2025-12-13
759,23,29,214,10,0,44,176,2025-12-22
760,23,30,133,10,0,30,120,2025-12-08
761,23,31,205,10,0,27,108,2025-12-10
762,23,32,284,10,0,35,140,2025-11-07
763,23,33,228,10,0,18,80,2025-11-07
764,23,34,197,10,0,36,144,2025-11-10
765,23,36,99,10,69,56,224,2025-11-08
766,23,38,133,10,0,43,172,2025-11-09
767,23,40,102,10,54,52,208,2025-12-13
768,23,43,140,10,0,30,120,2025-11-29
769,23,45,162,10,0,21,84,2025-11-27
770,23,46,159,10,0,39,156,2025-12-10
771,23,47,90,10,78,56,224,2025-11-01
772,23,49,156,10,0,10,80,2025-12-26
773,23,50,142,10,0,30,120,2025-12-12
774,24,1,178,11,0,15,80,2025-12-08
775,24,2,159,11,0,10,80,2025-12-07
776,24,3,229,11,0,50,200,2025-11-14
777,24,4,140,11,28,56,224,2025-12-22
778,24,5,137,11,31,56,224,2025-11-24
779,24,6,147,11,3,50,200,2025-11-05
780,24,7,205,11,0,31,124,2025-12-16
781,24,8,50,11,25,25,100,2025-11-25
782,24,9,19,11,119,46,184,2025-12-11
783,24,10,227,11,0,18,80,2025-11-28
784,24,11,223,11,0,30,120,2025-11-27
785,24,12,160,11,0,17,80,2025-12-06
786,24,13,140,11,0,26,104,2025-11-25
787,24,14,192,11,0,37,148,2025-11-10
788,24,15,171,11,0,42,168,2025-11-09
789,24,19,125,11,0,23,92,2025-12-05
790,24,20,66,11,66,44,176,2025-11-04
791,24,21,105,11,45,50,200,2025-11-09
792,24,22,169,11,0,10,80,2025-12-21
793,24,23,137,11,0,43,172,2025-11-21
794,24,24,95,11,34,43,172,2025-12-04
795,24,25,82,11,20,34,136,2025-11-02
796,24,28,77,11,34,37,148,2025-12-09
797,24,29,204,11,0,29,116,2025-11-08
798,24,30,112,11,0,28,112,2025-11-20
799,24,32,111,11,9,40,160,2025-12-05
800,24,33,108,11,30,46,184,2025-12-16
801,24,39,198,11,0,29,116,2025-11-01
802,24,42,85,11,0,13,80,2025-11-08
803,24,43,191,11,0,11,80,2025-11-29
804,25,1,122,12,31,51,204,2025-11-11
805,25,2,152,12,0,33,132,2025-11-21
806,25,3,203,12,0,10,80,2025-11-06
807,25,4,261,12,0,41,164,2025-12-28
808,25,5,198,12,0,49,196,2025-12-28
809,25,6,214,12,0,59,236,2025-11-02
810,25,7,164,12,0,10,80,2025-12-22
811,25,8,211,12,0,59,236,2025-11-19
812,25,9,139,12,23,54,216,2025-12-05
813,25,10,170,12,0,40,160,2025-11-13
814,25,11,166,12,0,10,80,2025-12-16
815,25,12,226,12,0,41,164,2025-11-20
816,25,13,79,12,80,53,212,2025-11-19
817,25,14,129,12,0,11,80,2025-11-01
818,25,15,102,12,0,24,96,2025-11-27
819,25,16,172,12,0,57,228,2025-11-05
820,25,17,128,12,0,12,80,2025-11-28
821,25,18,133,12,0,10,80,2025-11-09
822,25,19,172,12,0,54,216,2025-12-11
823,25,20,116,12,0,16,80,2025-12-24
824,25,21,139,12,0,44,176,2025-12-07
825,25,23,105,12,54,53,212,2025-11-14
826,25,25,190,12,0,42,168,2025-12-26
827,25,26,189,12,0,28,112,2025-11-11
828,25,27,61,12,0,18,80,2025-12-30
829,25,28,38,12,73,37,148,2025-11-20
830,25,29,122,12,0,10,80,2025-12-02
831,25,30,170,12,0,29,116,2025-12-03
832,25,32,78,12,99,59,236,2025-12-13
833,25,33,194,12,0,24,96,2025-11-16
834,25,34,115,12,47,54,216,2025-11-21
835,25,36,130,12,0,15,80,2025-11-26
836,25,38,162,12,0,40,160,2025-11-22
837,25,39,159,12,0,42,168,2025-12-26
838,25,41,119,12,0,21,84,2025-12-17
839,25,42,159,12,12,57,228,2025-11-23
840,25,44,158,12,0,39,156,2025-11-03
841,25,45,108,12,51,53,212,2025-11-08
842,25,46,159,12,0,42,168,2025-11-05
843,25,49,186,12,0,55,220,2025-11-27
844,26,1,147,13,0,11,80,2025-11-26
845,26,2,181,13,0,12,80,2025-11-24
846,26,3,195,13,0,53,212,2025-12-04
847,26,4,202,13,0,51,204,2025-12-03
848,26,5,144,13,0,38,152,2025-11-11
849,26,6,66,13,21,29,116,2025-12-28
850,26,7,105,13,0,12,80,2025-12-07
851,26,8,178,13,0,39,156,2025-11-28
852,26,9,156,13,0,24,96,2025-11-01
853,26,10,83,13,73,52,208,2025-12-25
854,26,11,148,13,0,42,168,2025-12-28
855,26,12,128,13,0,31,124,2025-11-10
856,26,13,245,13,0,31,124,2025-11-16
857,26,14,166,13,0,38,152,2025-11-12
858,26,15,158,13,7,55,220,2025-11-19
859,26,16,201,13,0,47,188,2025-11-21
860,26,17,217,13,0,12,80,2025-12-29
861,26,18,193,13,0,26,104,2025-11-02
862,26,22,174,13,0,55,220,2025-12-12
863,26,23,185,13,0,25,100,2025-11-04
864,26,26,215,13,0,15,80,2025-12-26
865,26,27,168,13,6,58,232,2025-12-21
866,26,28,94,13,0,31,124,2025-11-19
867,26,29,219,13,0,51,204,2025-11-29
868,26,31,172,13,0,35,140,2025-12-14
869,26,34,100,13,53,51,204,2025-12-13
870,26,37,166,13,0,10,80,2025-12-02
871,26,39,177,13,0,11,80,2025-12-27
872,26,42,149,13,0,10,80,2025-12-08
873,26,47,61,13,0,10,80,2025-12-14
874,26,50,105,13,27,44,176,2025-11-22
875,27,1,120,14,36,52,208,2025-11-27
876,27,2,125,14,0,12,80,2025-12-26
877,27,3,109,14,47,52,208,2025-12-05
878,27,4,124,14,0,14,80,2025-11-04
879,27,5,203,14,0,41,164,2025-11-23
880,27,6,170,14,0,25,100,2025-11-18
881,27,7,177,14,0,51,204,2025-12-11
882,27,8,118,14,0,31,124,2025-11-10
883,27,9,89,14,0,26,104,2025-11-09
884,27,10,0,0,48,16,80,2025-11-12
885,27,11,112,14,47,53,212,2025-12-08
886,27,12,157,14,0,10,80,2025-12-28
887,27,13,138,14,21,53,212,2025-11-08
888,27,14,132,14,0,27,108,2025-12-02
889,27,15,127,14,0,26,104,2025-11-15
890,27,17,131,14,0,10,80,2025-12-24
891,27,18,104,14,70,58,232,2025-11-11
892,27,20,164,14,1,55,220,2025-11-28
893,27,22,181,14,0,36,144,2025-12-15
894,27,23,161,14,0,21,84,2025-11-02
895,27,24,225,14,0,20,80,2025-12-18
896,27,25,149,14,0,27,108,2025-12-10
897,27,26,133,14,0,10,80,2025-11-14
898,27,27,162,14,0,29,116,2025-12-16
899,27,28,209,14,0,56,224,2025-12-21
900,27,30,112,14,0,15,80,2025-11-17
901,27,31,128,14,34,54,216,2025-11-14
902,27,39,34,14,23,19,80,2025-11-26
903,27,40,227,14,0,20,80,2025-11-16
904,27,41,173,14,0,21,84,2025-12-30
905,27,46,153,14,0,40,160,2025-12-03
906,27,48,142,14,0,24,96,2025-12-23
907,27,50,172,14,0,10,80,2025-12-10
908,28,1,135,15,0,22,88,2025-11-06
909,28,2,35,15,43,26,104,2025-11-26
910,28,3,133,15,0,14,80,2025-12-10
911,28,4,69,15,111,60,240,2025-12-01
912,28,5,213,15,0,39,156,2025-11-28
913,28,6,95,15,76,57,228,2025-12-02
914,28,7,27,15,9,12,80,2025-12-08
915,28,8,185,15,0,36,144,2025-11-07
916,28,9,160,15,0,23,92,2025-12-29
917,28,10,167,15,0,42,168,2025-12-28
918,28,11,84,15,72,52,208,2025-11-17
919,28,12,149,15,1,50,200,2025-11-11
920,28,13,106,15,0,10,80,2025-11-15
921,28,14,160,15,0,43,172,2025-12-05
922,28,15,162,15,0,23,92,2025-11-13
923,28,16,115,15,59,58,232,2025-12-23
924,28,17,123,15,0,11,80,2025-12-01
925,28,18,247,15,0,53,212,2025-12-30
926,28,19,152,15,0,44,176,2025-11-20
927,28,20,134,15,0,36,144,2025-12-03
928,28,21,205,15,0,20,80,2025-11-07
929,28,22,148,15,0,39,156,2025-12-30
930,28,23,187,15,0,22,88,2025-12-13
931,28,25,124,15,0,23,92,2025-11-26
932,28,28,228,15,0,21,84,2025-11-21
933,28,29,114,15,0,21,84,2025-11-23
934,28,30,262,15,0,60,240,2025-11-24
935,28,31,122,15,10,44,176,2025-11-19
936,28,34,161,15,0,41,164,2025-12-12
937,28,35,198,15,0,10,80,2025-11-18
938,28,36,16,15,137,51,204,2025-12-05
939,28,38,110,15,0,28,112,2025-11-05
940,28,39,168,15,0,29,116,2025-11-04
941,28,47,205,15,0,29,116,2025-11-13
942,28,48,122,15,0,11,80,2025-12-26
943,28,49,105,15,0,29,116,2025-12-01
944,28,50,187,15,0,57,228,2025-12-29
945,29,1,69,16,0,18,80,2025-12-19
946,29,2,186,16,0,56,224,2025-11-20
947,29,3,158,16,0,38,152,2025-11-10
948,29,4,165,16,0,14,80,2025-12-24
949,29,5,175,16,0,37,148,2025-12-16
950,29,6,182,16,0,15,80,2025-12-05
951,29,7,24,16,84,36,144,2025-12-06
952,29,8,182,16,0,46,184,2025-11-18
953,29,9,209,16,0,33,132,2025-11-11
954,29,10,69,16,93,54,216,2025-11-16
955,29,11,90,16,15,35,140,2025-11-05
956,29,12,91,16,89,60,240,2025-11-16
957,29,13,152,16,0,10,80,2025-11-16
958,29,14,174,16,0,18,80,2025-12-14
959,29,15,144,16,0,31,124,2025-12-25
960,29,16,211,16,0,35,140,2025-12-02
961,29,17,150,16,0,17,80,2025-11-16
962,29,18,77,16,46,41,164,2025-11-17
963,29,19,277,16,0,40,160,2025-12-10
964,29,20,116,16,46,54,216,2025-12-18
965,29,22,191,16,0,53,212,2025-11-21
966,29,23,126,16,0,13,80,2025-11-18
967,29,24,90,16,0,22,88,2025-11-09
968,29,25,250,16,0,47,188,2025-11-23
969,29,26,179,16,0,55,220,2025-11-22
970,29,27,33,16,138,57,228,2025-11-13
971,29,28,238,16,0,44,176,2025-11-14
972,29,29,216,16,0,13,80,2025-12-07
973,29,30,161,16,0,10,80,2025-11-02
974,29,31,98,16,37,45,180,2025-12-19
975,29,34,109,16,0,22,88,2025-12-18
976,29,35,100,16,23,41,164,2025-11-29
977,29,36,220,16,0,16,80,2025-11-12
978,29,37,154,16,5,53,212,2025-11-25
979,29,38,220,16,0,37,148,2025-11-20
980,29,41,146,16,0,18,80,2025-12-01
981,29,42,96,16,0,19,80,2025-12-21
982,29,44,97,16,0,21,84,2025-12-26
983,29,45,200,16,0,20,80,2025-12-11
984,29,46,131,16,0,23,92,2025-12-06
985,29,49,98,16,0,20,80,2025-11-01
986,29,50,165,16,15,60,240,2025-12-28
987,30,1,133,17,0,16,80,2025-12-13
988,30,2,176,17,0,45,180,2025-11-18
989,30,3,138,17,0,18,80,2025-11-02
990,30,4,107,17,0,10,80,2025-11-06
991,30,5,104,17,0,18,80,2025-12-03
992,30,6,202,17,0,18,80,2025-12-05
993,30,7,95,17,40,45,180,2025-11-21
994,30,8,246,17,0,55,220,2025-11-18
995,30,9,24,17,99,41,164,2025-11-30
996,30,10,126,17,21,49,196,2025-12-08
997,30,11,232,17,0,23,92,2025-12-18
998,30,12,137,17,0,22,88,2025-12-24
999,30,13,141,17,0,42,168,2025-11-03
1000,30,14,226,17,0,23,92,2025-12-02
1001,30,15,145,17,0,26,104,2025-11-12
1002,30,16,269,17,0,42,168,2025-11-17
1003,30,17,75,17,9,28,112,2025-12-07
1004,30,18,96,17,0,15,80,2025-11-03
1005,30,20,76,17,65,47,188,2025-11-30
1006,30,21,111,17,0,32,128,2025-11-12
1007,30,22,218,17,0,38,152,2025-12-02
1008,30,23,57,17,27,28,112,2025-11-16
1009,30,24,127,17,0,10,80,2025-11-12
1010,30,26,181,17,0,56,224,2025-12-27
1011,30,27,211,17,0,55,220,2025-12-15
1012,30,29,169,17,0,23,92,2025-11-05
1013,30,31,111,17,42,51,204,2025-11-03
1014,30,32,146,17,0,46,184,2025-11-08
1015,30,34,215,17,0,58,232,2025-12-03
1016,30,35,87,17,48,45,180,2025-11-02
1017,30,36,50,17,16,22,88,2025-12-20
1018,30,38,198,17,0,50,200,2025-12-18
1019,30,43,143,17,0,43,172,2025-12-04
1020,30,44,118,17,32,50,200,2025-11-13
1021,30,45,87,17,36,41,164,2025-11-29
1022,30,47,192,17,0,45,180,2025-12-11
1023,30,48,131,17,0,23,92,2025-11-21
1024,30,50,164,17,0,22,88,2025-11-25
1025,31,1,151,18,0,10,80,2025-11-09
1026,31,2,193,18,0,14,80,2025-11-02
1027,31,3,168,18,0,49,196,2025-12-06
1028,31,4,93,18,45,46,184,2025-12-08
1029,31,5,113,18,0,14,80,2025-11-07
1030,31,6,208,18,0,10,80,2025-12-22
1031,31,7,160,18,0,35,140,2025-12-10
1032,31,8,86,18,4,30,120,2025-11-22
1033,31,9,190,18,0,23,92,2025-11-18
1034,31,10,78,18,60,46,184,2025-12-20
1035,31,11,175,18,5,60,240,2025-11-14
1036,31,12,149,18,0,15,80,2025-11-14
1037,31,13,141,18,0,37,148,2025-11-03
1038,31,14,141,18,0,21,84,2025-11-14
1039,31,15,92,18,0,15,80,2025-12-14
1040,31,17,161,18,0,34,136,2025-12-05
1041,31,18,74,18,0,19,80,2025-12-01
1042,31,20,214,18,0,59,236,2025-12-15
1043,31,21,60,18,15,25,100,2025-11-05
1044,31,22,155,18,0,11,80,2025-12-25
1045,31,23,135,18,21,52,208,2025-12-24
1046,31,25,180,18,0,27,108,2025-12-04
1047,31,27,194,18,0,36,144,2025-11-13
1048,31,28,146,18,0,10,80,2025-11-10
1049,31,29,143,18,22,55,220,2025-11-11
1050,31,30,173,18,0,23,92,2025-12-01
1051,31,31,79,18,74,51,204,2025-11-08
1052,31,32,171,18,0,26,104,2025-11-19
1053,31,34,190,18,0,17,80,2025-11-21
1054,31,37,231,18,0,28,112,2025-11-25
1055,31,38,109,18,0,27,108,2025-12-22
1056,31,40,64,18,0,10,80,2025-12-29
1057,31,41,101,18,25,42,168,2025-12-01
1058,31,44,71,18,0,18,80,2025-11-11
1059,31,45,109,18,0,18,80,2025-12-01
1060,31,46,39,18,132,57,228,2025-12-24
1061,31,47,225,18,0,58,232,2025-11-29
1062,31,48,224,18,0,40,160,2025-11-28
1063,31,49,129,18,0,20,80,2025-11-29
1064,31,50,103,18,0,32,128,2025-11-05
1065,32,1,76,19,0,21,84,2025-12-28
1066,32,2,145,19,17,54,216,2025-12-23
1067,32,3,207,19,0,36,144,2025-12-25
1068,32,4,127,19,0,10,80,2025-12-24
1069,32,5,98,19,40,46,184,2025-12-21
1070,32,6,166,19,0,10,80,2025-12-24
1071,32,7,213,19,0,27,108,2025-11-29
1072,32,8,184,19,0,35,140,2025-11-20
1073,32,9,83,19,7,30,120,2025-11-11
1074,32,10,144,19,0,10,80,2025-11-14
1075,32,11,190,19,0,10,80,2025-12-26
1076,32,12,96,19,0,28,112,2025-11-23
1077,32,13,101,19,0,17,80,2025-12-03
1078,32,14,113,19,0,32,128,2025-12-28
1079,32,15,129,19,0,42,168,2025-12-28
1080,32,17,11,11,79,30,120,2025-12-07
1081,32,19,139,19,0,31,124,2025-12-03
1082,32,21,144,19,0,21,84,2025-12-02
1083,32,22,108,19,30,46,184,2025-11-07
1084,32,23,82,19,62,48,192,2025-11-22
1085,32,24,106,19,0,23,92,2025-12-29
1086,32,25,201,19,0,14,80,2025-12-19
1087,32,27,133,19,0,10,80,2025-12-19
1088,32,28,100,19,65,55,220,2025-11-10
1089,32,29,83,19,0,26,104,2025-12-04
1090,32,30,137,19,0,16,80,2025-12-16
1091,32,31,152,19,0,26,104,2025-11-27
1092,32,33,71,19,19,30,120,2025-11-26
1093,32,34,154,19,0,18,80,2025-12-24
1094,32,35,114,19,9,41,164,2025-12-25
1095,32,36,177,19,0,10,80,2025-11-19
1096,32,37,180,19,0,55,220,2025-11-25
1097,32,38,122,19,0,20,80,2025-12-22
1098,32,40,95,19,79,58,232,2025-12-19
1099,32,48,237,19,0,13,80,2025-11-03
1100,32,49,210,19,0,41,164,2025-11-14
1101,32,50,140,19,0,18,80,2025-12-03
1102,33,1,73,20,95,56,224,2025-11-14
1103,33,2,78,20,39,39,156,2025-11-22
1104,33,3,214,20,0,48,192,2025-11-01
1105,33,4,127,20,0,10,80,2025-11-24
1106,33,5,86,20,88,58,232,2025-11-04
1107,33,6,183,20,0,46,184,2025-11-02
1108,33,7,123,20,9,44,176,2025-11-27
1109,33,8,140,20,0,26,104,2025-12-07
1110,33,9,111,20,0,14,80,2025-11-22
1111,33,10,100,20,0,15,80,2025-11-11
1112,33,11,103,20,0,10,80,2025-11-29
1113,33,12,52,20,110,54,216,2025-11-16
1114,33,13,294,20,0,10,80,2025-11-27
1115,33,14,148,20,11,53,212,2025-11-11
1116,33,16,114,20,0,28,112,2025-11-03
1117,33,17,182,20,0,36,144,2025-12-10
1118,33,18,137,20,0,44,176,2025-11-16
1119,33,19,143,20,0,32,128,2025-12-07
1120,33,20,213,20,0,37,148,2025-12-14
1121,33,22,94,20,0,21,84,2025-11-28
1122,33,23,121,20,0,24,96,2025-12-10
1123,33,24,113,20,4,39,156,2025-11-23
1124,33,27,178,20,0,23,92,2025-12-03
1125,33,28,145,20,0,45,180,2025-11-26
1126,33,30,112,20,11,41,164,2025-12-03
1127,33,31,128,20,16,48,192,2025-11-07
1128,33,36,167,20,0,52,208,2025-11-05
1129,33,37,77,20,0,25,100,2025-11-22
1130,33,39,62,20,115,59,236,2025-12-20
1131,33,40,143,20,7,50,200,2025-11-14
1132,33,41,216,20,0,55,220,2025-12-06
1133,33,43,181,20,0,52,208,2025-11-16
1134,33,46,229,20,0,27,108,2025-12-28
1135,33,49,174,20,0,20,80,2025-11-21
1136,33,50,95,20,55,50,200,2025-12-25
1137,34,1,161,21,0,30,120,2025-12-03
1138,34,2,104,21,58,54,216,2025-12-19
1139,34,3,91,21,0,30,120,2025-12-19
1140,34,4,238,21,0,51,204,2025-12-18
1141,34,5,145,21,0,32,128,2025-11-03
1142,34,6,84,21,0,24,96,2025-12-05
1143,34,8,132,21,0,41,164,2025-12-21
1144,34,9,133,21,35,56,224,2025-11-11
1145,34,10,195,21,0,23,92,2025-12-14
1146,34,11,194,21,0,10,80,2025-12-04
1147,34,12,147,21,33,60,240,2025-12-12
1148,34,13,201,21,0,29,116,2025-11-24
1149,34,14,167,21,0,29,116,2025-12-29
1150,34,15,102,21,12,38,152,2025-12-05
1151,34,16,108,21,0,29,116,2025-11-16
1152,34,17,85,21,29,38,152,2025-12-28
1153,34,18,142,21,0,45,180,2025-11-17
1154,34,19,148,21,0,26,104,2025-11-12
1155,34,20,96,21,0,10,80,2025-11-30
1156,34,21,253,21,0,19,80,2025-11-10
1157,34,22,174,21,0,37,148,2025-12-14
1158,34,23,62,21,91,51,204,2025-12-11
1159,34,24,159,21,0,33,132,2025-11-04
1160,34,25,163,21,0,10,80,2025-11-02
1161,34,28,137,21,0,31,124,2025-12-27
1162,34,29,60,21,0,10,80,2025-12-20
1163,34,31,156,21,0,38,152,2025-11-10
1164,34,32,56,21,40,32,128,2025-11-09
1165,34,33,116,21,0,36,144,2025-11-16
1166,34,36,85,21,65,50,200,2025-12-16
1167,34,38,29,21,52,27,108,2025-11-21
1168,34,39,164,21,0,46,184,2025-12-11
1169,34,41,122,21,0,31,124,2025-11-09
1170,34,42,82,21,80,54,216,2025-12-14
1171,34,45,175,21,0,12,80,2025-12-17
1172,34,46,221,21,0,10,80,2025-11-05
1173,34,48,155,21,0,27,108,2025-11-17
1174,34,50,194,21,0,23,92,2025-12-02
1175,35,1,57,22,75,44,176,2025-12-11
1176,35,2,184,22,0,29,116,2025-12-02
1177,35,3,100,22,0,17,80,2025-11-06
1178,35,4,212,22,0,12,80,2025-11-28
1179,35,5,208,22,0,37,148,2025-11-26
1180,35,6,55,22,35,30,120,2025-11-01
1181,35,7,117,22,54,57,228,2025-11-08
1182,35,8,186,22,0,10,80,2025-11-25
1183,35,9,115,22,0,24,96,2025-11-08
1184,35,10,130,22,0,20,80,2025-12-09
1185,35,11,141,22,0,10,80,2025-12-02
1186,35,12,168,22,0,13,80,2025-12-04
1187,35,13,139,22,0,25,100,2025-12-24
1188,35,14,23,22,22,15,80,2025-12-18
1189,35,15,93,22,0,28,112,2025-11-11
1190,35,16,87,22,72,53,212,2025-12-12
1191,35,17,130,22,0,11,80,2025-11-23
1192,35,18,134,22,0,42,168,2025-12-04
1193,35,19,229,22,0,57,228,2025-11-28
1194,35,20,157,22,0,10,80,2025-11-20
1195,35,21,220,22,0,36,144,2025-12-22
1196,35,22,241,22,0,14,80,2025-12-26
1197,35,23,136,22,0,10,80,2025-12-14
1198,35,24,184,22,0,16,80,2025-12-16
1199,35,25,98,22,0,26,104,2025-11-08
1200,35,27,92,22,0,28,112,2025-11-28
1201,35,28,129,22,0,20,80,2025-12-01
1202,35,29,180,22,0,12,80,2025-11-22
1203,35,31,207,22,0,31,124,2025-12-24
1204,35,32,190,22,0,43,172,2025-11-24
1205,35,34,71,22,4,25,100,2025-11-06
1206,35,36,173,22,0,53,212,2025-11-05
1207,35,37,198,22,0,21,84,2025-11-13
1208,35,39,176,22,0,25,100,2025-11-26
1209,35,40,210,22,0,20,80,2025-12-09
1210,35,42,112,22,0,15,80,2025-11-22
1211,35,44,163,22,0,23,92,2025-11-12
1212,35,45,120,22,3,41,164,2025-11-15
1213,35,46,165,22,0,12,80,2025-12-24
1214,35,49,198,22,0,53,212,2025-12-29
1215,36,1,108,5,57,55,220,2025-11-29
1216,36,2,112,5,0,31,124,2025-12-29
1217,36,3,252,5,0,21,84,2025-11-07
1218,36,4,211,5,0,16,80,2025-11-02
1219,36,5,274,5,0,56,224,2025-12-29
1220,36,6,163,5,0,10,80,2025-12-18
1221,36,7,93,5,0,12,80,2025-12-04
1222,36,8,167,5,0,37,148,2025-12-21
1223,36,9,39,5,102,47,188,2025-11-20
1224,36,10,178,5,0,15,80,2025-12-05
1225,36,11,91,5,0,10,80,2025-11-06
1226,36,12,100,5,0,29,116,2025-11-29
1227,36,13,161,5,0,24,96,2025-12-23
1228,36,14,107,5,52,53,212,2025-12-25
1229,36,15,1,1,95,32,128,2025-12-04
1230,36,16,105,5,48,51,204,2025-11-06
1231,36,17,172,5,0,25,100,2025-11-16
1232,36,18,56,5,0,10,80,2025-11-26
1233,36,19,138,5,21,53,212,2025-11-02
1234,36,21,173,5,0,20,80,2025-11-24
1235,36,23,142,5,29,57,228,2025-12-13
1236,36,25,177,5,0,30,120,2025-11-13
1237,36,26,178,5,2,60,240,2025-12-19
1238,36,27,209,5,0,51,204,2025-11-27
1239,36,28,181,5,0,10,80,2025-11-04
1240,36,29,155,5,0,10,80,2025-11-24
1241,36,30,181,5,0,59,236,2025-12-28
1242,36,31,221,5,0,43,172,2025-12-11
1243,36,32,24,5,39,21,84,2025-11-15
1244,36,33,178,5,0,20,80,2025-12-16
1245,36,34,82,5,74,52,208,2025-11-30
1246,36,37,137,5,0,35,140,2025-11-16
1247,36,39,169,5,0,49,196,2025-11-12
1248,36,40,121,5,0,27,108,2025-12-30
1249,36,41,153,5,0,48,192,2025-11-25
1250,36,44,179,5,0,35,140,2025-11-06
1251,36,45,200,5,0,42,168,2025-12-18
1252,36,47,60,5,63,41,164,2025-12-25
1253,36,50,151,5,0,18,80,2025-11-11
1254,37,1,117,6,0,13,80,2025-11-02
1255,37,2,127,6,0,27,108,2025-11-07
1256,37,3,167,6,0,28,112,2025-11-26
1257,37,4,87,6,6,31,124,2025-12-15
1258,37,5,166,6,0,12,80,2025-11-15
1259,37,6,180,6,0,53,212,2025-12-30
1260,37,7,175,6,0,38,152,2025-11-16
1261,37,8,172,6,0,38,152,2025-11-01
1262,37,9,171,6,0,53,212,2025-12-23
1263,37,10,96,6,24,40,160,2025-11-25
1264,37,11,102,6,78,60,240,2025-12-01
1265,37,12,194,6,0,42,168,2025-12-06
1266,37,13,201,6,0,30,120,2025-11-26
1267,37,14,182,6,0,19,80,2025-11-29
1268,37,15,222,6,0,44,176,2025-12-26
1269,37,16,215,6,0,31,124,2025-12-30
1270,37,17,264,6,0,52,208,2025-12-05
1271,37,18,168,6,0,44,176,2025-12-29
1272,37,19,120,6,27,49,196,2025-12-08
1273,37,20,144,6,0,29,116,2025-12-24
1274,37,21,110,6,0,10,80,2025-11-25
1275,37,22,171,6,0,47,188,2025-12-08
1276,37,23,162,6,0,21,84,2025-12-21
1277,37,24,187,6,0,49,196,2025-12-30
1278,37,26,116,6,43,53,212,2025-11-07
1279,37,27,208,6,0,15,80,2025-11-05
1280,37,28,143,6,0,10,80,2025-12-06
1281,37,29,92,6,0,23,92,2025-12-23
1282,37,31,149,6,0,23,92,2025-11-20
1283,37,33,179,6,0,50,200,2025-12-05
1284,37,35,200,6,0,41,164,2025-12-19
1285,37,37,142,6,0,10,80,2025-11-04
1286,37,38,143,6,31,58,232,2025-11-30
1287,37,39,172,6,0,23,92,2025-11-17
1288,37,40,184,6,0,40,160,2025-11-11
1289,37,46,208,6,0,36,144,2025-12-07
1290,37,47,126,6,0,20,80,2025-11-20
1291,37,48,132,6,0,44,176,2025-12-01
1292,37,49,123,6,0,32,128,2025-12-25
1293,37,50,153,6,0,27,108,2025-11-09
1294,38,1,134,7,0,16,80,2025-11-25
1295,38,2,130,7,0,11,80,2025-12-30
1296,38,3,241,7,0,14,80,2025-12-08
1297,38,4,116,7,49,55,220,2025-12-19
1298,38,5,193,7,0,16,80,2025-11-03
1299,38,6,103,7,29,44,176,2025-12-10
1300,38,7,136,7,2,46,184,2025-11-07
1301,38,8,120,7,27,49,196,2025-11-04
1302,38,9,139,7,0,13,80,2025-12-24
1303,38,10,169,7,0,39,156,2025-11-02
1304,38,11,125,7,0,35,140,2025-11-24
1305,38,12,60,7,0,11,80,2025-11-28
1306,38,14,130,7,0,31,124,2025-12-12
1307,38,16,62,7,40,34,136,2025-11-28
1308,38,17,274,7,0,16,80,2025-12-24
1309,38,18,123,7,0,28,112,2025-12-30
1310,38,19,106,7,35,47,188,2025-12-22
1311,38,20,114,7,42,52,208,2025-11-06
1312,38,21,91,7,0,13,80,2025-12-22
1313,38,22,82,7,0,16,80,2025-12-20
1314,38,23,114,7,0,14,80,2025-12-14
1315,38,24,92,7,70,54,216,2025-12-16
1316,38,25,183,7,0,54,216,2025-12-12
1317,38,26,284,7,0,29,116,2025-12-20
1318,38,27,36,7,114,50,200,2025-11-15
1319,38,35,83,7,0,24,96,2025-12-29
1320,38,37,178,7,0,22,88,2025-11-06
1321,38,38,216,7,0,32,128,2025-12-01
1322,38,39,228,7,0,10,80,2025-11-11
1323,38,41,120,7,0,16,80,2025-11-02
1324,38,43,140,7,0,12,80,2025-11-28
1325,38,46,161,7,0,23,92,2025-11-03
1326,38,50,95,7,76,57,228,2025-12-11
1327,39,1,117,8,0,31,124,2025-12-21
1328,39,2,173,8,0,18,80,2025-12-22
1329,39,3,77,8,97,58,232,2025-11-29
1330,39,4,189,8,0,15,80,2025-11-19
1331,39,5,167,8,0,42,168,2025-12-25
1332,39,6,97,8,11,36,144,2025-11-25
1333,39,8,129,8,12,47,188,2025-12-12
1334,39,9,113,8,0,28,112,2025-11-15
1335,39,11,270,8,0,57,228,2025-12-08
1336,39,12,149,8,0,36,144,2025-12-25
1337,39,13,103,8,0,21,84,2025-11-26
1338,39,14,110,8,28,46,184,2025-12-18
1339,39,15,97,8,2,33,132,2025-11-17
1340,39,16,115,8,50,55,220,2025-12-01
1341,39,17,182,8,0,10,80,2025-11-17
1342,39,18,146,8,13,53,212,2025-12-29
1343,39,19,101,8,10,37,148,2025-11-06
1344,39,20,8,8,154,54,216,2025-11-10
1345,39,22,106,8,0,17,80,2025-11-21
1346,39,23,161,8,0,12,80,2025-11-01
1347,39,26,175,8,0,45,180,2025-11-09
1348,39,29,171,8,0,12,80,2025-11-30
1349,39,30,54,8,108,54,216,2025-12-14
1350,39,31,73,8,86,53,212,2025-11-11
1351,39,32,18,8,69,29,116,2025-11-06
1352,39,33,166,8,0,50,200,2025-12-08
1353,39,35,142,8,0,30,120,2025-12-13
1354,39,38,152,8,1,51,204,2025-11-28
1355,39,41,280,8,0,56,224,2025-11-07
1356,39,44,169,8,0,14,80,2025-11-10
1357,39,45,129,8,0,30,120,2025-12-25
1358,39,47,99,8,81,60,240,2025-12-16
1359,39,48,97,8,50,49,196,2025-12-13
1360,39,49,138,8,0,27,108,2025-11-23
1361,39,50,178,8,0,57,228,2025-11-24
1362,40,1,143,9,1,48,192,2025-12-25
1363,40,2,165,9,0,10,80,2025-12-10
1364,40,3,121,9,0,18,80,2025-12-19
1365,40,4,232,9,0,38,152,2025-12-13
1366,40,5,121,9,0,20,80,2025-12-21
1367,40,6,123,9,0,37,148,2025-11-08
1368,40,7,63,9,111,58,232,2025-11-06
1369,40,8,198,9,0,56,224,2025-12-17
1370,40,9,89,9,0,29,116,2025-12-11
1371,40,10,293,9,0,37,148,2025-11-17
1372,40,11,138,9,0,32,128,2025-12-06
1373,40,12,76,9,0,16,80,2025-11-06
1374,40,13,130,9,0,21,84,2025-12-01
1375,40,14,100,9,26,42,168,2025-12-01
1376,40,15,89,9,0,18,80,2025-12-06
1377,40,20,126,9,0,18,80,2025-12-13
1378,40,21,50,9,79,43,172,2025-11-14
1379,40,22,157,9,0,18,80,2025-11-16
1380,40,23,208,9,0,18,80,2025-11-10
1381,40,24,129,9,0,37,148,2025-12-01
1382,40,25,71,9,88,53,212,2025-12-03
1383,40,26,193,9,0,10,80,2025-11-20
1384,40,28,20,9,148,56,224,2025-12-25
1385,40,29,151,9,0,17,80,2025-11-25
1386,40,31,147,9,0,12,80,2025-11-02
1387,40,32,68,9,40,36,144,2025-11-30
1388,40,33,110,9,0,28,112,2025-12-15
1389,40,34,131,9,0,40,160,2025-12-25
1390,40,35,56,9,94,50,200,2025-11-14
1391,40,38,167,9,0,26,104,2025-11-03
1392,40,40,202,9,0,57,228,2025-12-09
1393,40,43,178,9,0,12,80,2025-12-14
1394,40,44,198,9,0,49,196,2025-11-06
1395,40,46,0,0,66,22,88,2025-11-23
1396,40,48,169,9,2,57,228,2025-11-05
1397,40,50,157,9,0,41,164,2025-11-27
1398,41,1,107,10,37,48,192,2025-12-02
1399,41,2,107,10,70,59,236,2025-11-03
1400,41,3,89,10,10,33,132,2025-11-27
1401,41,4,77,10,79,52,208,2025-12-16
1402,41,5,143,10,0,18,80,2025-11-12
1403,41,6,144,10,0,36,144,2025-11-20
1404,41,7,209,10,0,25,100,2025-11-23
1405,41,8,215,10,0,37,148,2025-12-30
1406,41,9,166,10,0,10,80,2025-12-24
1407,41,10,196,10,0,50,200,2025-11-23
1408,41,11,146,10,0,35,140,2025-11-16
1409,41,12,202,10,0,44,176,2025-12-28
1410,41,13,132,10,39,57,228,2025-12-10
1411,41,14,87,10,75,54,216,2025-12-02
1412,41,15,114,10,0,20,80,2025-11-30
1413,41,16,193,10,0,16,80,2025-11-01
1414,41,17,108,10,18,42,168,2025-11-30
1415,41,20,109,10,2,37,148,2025-11-28
1416,41,21,129,10,0,33,132,2025-11-17
1417,41,22,47,10,0,10,80,2025-11-23
1418,41,24,214,10,0,46,184,2025-11-21
1419,41,25,139,10,0,45,180,2025-12-09
1420,41,27,46,10,17,21,84,2025-11-27
1421,41,28,133,10,0,24,96,2025-11-03
1422,41,30,137,10,0,10,80,2025-12-18
1423,41,32,124,10,0,29,116,2025-11-15
1424,41,33,154,10,0,37,148,2025-11-27
1425,41,34,214,10,0,25,100,2025-11-04
1426,41,35,153,10,6,53,212,2025-11-29
1427,41,36,100,10,74,58,232,2025-12-05
1428,41,37,206,10,0,20,80,2025-12-08
1429,41,38,153,10,0,18,80,2025-12-05
1430,41,40,0,0,39,13,80,2025-11-19
1431,41,41,143,10,0,16,80,2025-12-11
1432,41,42,142,10,0,17,80,2025-11-11
1433,41,43,80,10,58,46,184,2025-11-04
1434,41,46,241,10,0,28,112,2025-11-10
1435,41,50,174,10,0,15,80,2025-11-25
1436,42,1,0,0,111,37,148,2025-11-20
1437,42,2,142,11,0,10,80,2025-11-29
1438,42,3,161,11,0,11,80,2025-12-18
1439,42,4,154,11,0,10,80,2025-12-19
1440,42,5,181,11,0,30,120,2025-11-30
1441,42,6,107,11,0,12,80,2025-11-23
1442,42,7,165,11,0,31,124,2025-11-05
1443,42,8,135,11,3,46,184,2025-12-05
1444,42,9,142,11,0,42,168,2025-11-13
1445,42,10,69,11,18,29,116,2025-12-25
1446,42,11,83,11,43,42,168,2025-11-08
1447,42,12,214,11,0,24,96,2025-11-30
1448,42,13,163,11,0,27,108,2025-11-10
1449,42,14,111,11,27,46,184,2025-12-12
1450,42,15,145,11,0,10,80,2025-11-03
1451,42,16,220,11,0,31,124,2025-11-17
1452,42,17,162,11,3,55,220,2025-12-11
1453,42,18,214,11,0,47,188,2025-11-05
1454,42,19,86,11,25,37,148,2025-11-11
1455,42,20,170,11,0,54,216,2025-11-28
1456,42,21,189,11,0,16,80,2025-12-08
1457,42,23,205,11,0,27,108,2025-12-08
1458,42,25,169,11,0,51,204,2025-11-13
1459,42,27,158,11,0,49,196,2025-11-18
1460,42,28,148,11,0,30,120,2025-11-22
1461,42,29,157,11,0,30,120,2025-12-06
1462,42,31,143,11,0,20,80,2025-12-16
1463,42,33,249,11,0,23,92,2025-12-13
1464,42,35,122,11,16,46,184,2025-12-14
1465,42,36,236,11,0,11,80,2025-11-10
1466,42,37,91,11,41,44,176,2025-11-25
1467,42,39,92,11,0,27,108,2025-12-21
1468,42,40,223,11,0,31,124,2025-11-25
1469,42,41,132,11,12,48,192,2025-12-26
1470,42,42,160,11,0,22,88,2025-11-18
1471,42,43,90,11,27,39,156,2025-12-25
1472,42,44,115,11,32,49,196,2025-11-14
1473,42,48,159,11,0,25,100,2025-12-24
1474,43,1,146,12,0,41,164,2025-11-05
1475,43,2,181,12,0,28,112,2025-12-20
1476,43,3,111,12,0,20,80,2025-12-10
1477,43,4,15,12,84,33,132,2025-12-09
1478,43,5,62,12,0,17,80,2025-11-27
1479,43,6,196,12,0,42,168,2025-11-04
1480,43,7,104,12,0,19,80,2025-12-09
1481,43,8,243,12,0,22,88,2025-11-02
1482,43,9,100,12,20,40,160,2025-12-18
1483,43,10,104,12,31,45,180,2025-11-07
1484,43,11,80,12,31,37,148,2025-12-13
1485,43,12,156,12,3,53,212,2025-11-24
1486,43,13,167,12,0,10,80,2025-12-25
1487,43,14,144,12,0,14,80,2025-11-01
1488,43,15,140,12,0,16,80,2025-11-20
1489,43,16,197,12,0,44,176,2025-12-21
1490,43,17,158,12,19,59,236,2025-11-10
1491,43,18,278,12,0,41,164,2025-11-23
1492,43,19,156,12,0,30,120,2025-11-30
1493,43,21,239,12,0,49,196,2025-11-24
1494,43,25,170,12,10,60,240,2025-12-12
1495,43,26,49,12,65,38,152,2025-11-11
1496,43,27,212,12,0,55,220,2025-12-12
1497,43,30,305,12,0,59,236,2025-12-15
1498,43,31,170,12,0,53,212,2025-12-09
1499,43,32,178,12,0,57,228,2025-11-08
1500,43,35,206,12,0,24,96,2025-11-09
1501,43,36,120,12,0,14,80,2025-11-27
1502,43,37,229,12,0,48,192,2025-12-15
1503,43,38,115,12,56,57,228,2025-12-19
1504,43,40,109,12,0,18,80,2025-12-11
1505,43,43,142,12,0,45,180,2025-11-12
1506,43,44,177,12,0,55,220,2025-12-09
1507,43,45,165,12,9,58,232,2025-12-18
1508,43,47,95,12,0,25,100,2025-12-04
1509,43,48,170,12,0,12,80,2025-12-02
1510,43,49,158,12,0,29,116,2025-11-18
1511,44,1,132,13,6,46,184,2025-11-25
1512,44,2,27,13,102,43,172,2025-12-02
1513,44,3,119,13,0,10,80,2025-11-14
1514,44,4,137,13,7,48,192,2025-12-25
1515,44,5,249,13,0,10,80,2025-12-03
1516,44,6,98,13,40,46,184,2025-12-13
1517,44,7,151,13,0,12,80,2025-12-05
1518,44,8,256,13,0,32,128,2025-12-08
1519,44,9,179,13,0,26,104,2025-11-02
1520,44,10,85,13,0,10,80,2025-12-19
1521,44,11,234,13,0,19,80,2025-12-20
1522,44,13,208,13,0,41,164,2025-12-04
1523,44,14,122,13,55,59,236,2025-11-21
1524,44,15,115,13,0,19,80,2025-11-02
1525,44,16,120,13,0,32,128,2025-11-16
1526,44,18,21,13,18,13,80,2025-11-18
1527,44,19,79,13,29,36,144,2025-11-04
1528,44,20,118,13,0,14,80,2025-12-20
1529,44,21,259,13,0,16,80,2025-11-07
1530,44,22,85,13,0,26,104,2025-12-03
1531,44,25,148,13,0,30,120,2025-11-04
1532,44,27,110,13,0,10,80,2025-12-01
1533,44,29,161,13,0,29,116,2025-12-02
1534,44,34,43,13,0,10,80,2025-12-15
1535,44,35,118,13,59,59,236,2025-12-08
1536,44,37,91,13,0,10,80,2025-12-06
1537,44,38,121,13,0,26,104,2025-12-02
1538,44,39,99,13,0,10,80,2025-12-15
1539,44,40,114,13,0,36,144,2025-11-09
1540,44,43,163,13,0,45,180,2025-11-12
1541,44,44,90,13,0,30,120,2025-12-04
1542,44,47,201,13,0,40,160,2025-11-30
1543,44,48,169,13,0,38,152,2025-12-17
1544,44,50,49,13,35,28,112,2025-11-22
1545,45,1,166,14,0,16,80,2025-11-17
1546,45,2,125,14,0,11,80,2025-11-29
1547,45,3,213,14,0,60,240,2025-11-03
1548,45,4,158,14,0,10,80,2025-12-05
1549,45,5,152,14,0,41,164,2025-11-20
1550,45,6,240,14,0,54,216,2025-12-24
1551,45,7,131,14,0,41,164,2025-12-09
1552,45,8,125,14,0,18,80,2025-11-21
1553,45,9,158,14,0,10,80,2025-12-09
1554,45,10,105,14,63,56,224,2025-11-14
1555,45,11,179,14,0,49,196,2025-11-12
1556,45,12,155,14,0,12,80,2025-11-25
1557,45,13,123,14,51,58,232,2025-12-26
1558,45,14,186,14,0,35,140,2025-11-15
1559,45,15,98,14,16,38,152,2025-12-03
1560,45,16,113,14,43,52,208,2025-11-03
1561,45,17,220,14,0,23,92,2025-12-17
1562,45,19,204,14,0,39,156,2025-12-18
1563,45,20,224,14,0,24,96,2025-11-06
1564,45,21,148,14,0,39,156,2025-11-07
1565,45,23,29,14,13,14,80,2025-11-07
1566,45,25,146,14,0,10,80,2025-12-18
1567,45,26,97,14,83,60,240,2025-11-29
1568,45,28,146,14,0,26,104,2025-12-17
1569,45,32,145,14,0,31,124,2025-12-28
1570,45,34,136,14,0,40,160,2025-12-06
1571,45,36,114,14,0,36,144,2025-11-10
1572,45,37,159,14,0,12,80,2025-12-28
1573,45,38,1,1,89,30,120,2025-12-13
1574,45,39,148,14,0,13,80,2025-11-05
1575,45,40,135,14,0,45,180,2025-11-24
1576,45,44,123,14,18,47,188,2025-12-19
1577,45,46,255,14,0,21,84,2025-11-29
1578,45,49,168,14,0,49,196,2025-12-04
1579,46,1,217,15,0,13,80,2025-11-07
1580,46,2,186,15,0,55,220,2025-11-18
1581,46,3,93,15,0,10,80,2025-11-23
1582,46,4,184,15,0,38,152,2025-11-04
1583,46,5,83,15,61,48,192,2025-12-29
1584,46,6,228,15,0,23,92,2025-11-25
1585,46,7,183,15,0,10,80,2025-12-14
1586,46,8,49,15,14,21,84,2025-12-27
1587,46,9,262,15,0,18,80,2025-12-17
1588,46,10,118,15,0,23,92,2025-12-04
1589,46,11,142,15,0,22,88,2025-12-24
1590,46,12,189,15,0,16,80,2025-12-26
1591,46,13,174,15,0,50,200,2025-11-23
1592,46,14,260,15,0,21,84,2025-12-30
1593,46,15,170,15,0,14,80,2025-12-11
1594,46,16,95,15,16,37,148,2025-11-21
1595,46,17,3,3,120,41,164,2025-12-07
1596,46,18,197,15,0,28,112,2025-11-28
1597,46,19,107,15,58,55,220,2025-11-21
1598,46,20,133,15,0,25,100,2025-11-13
1599,46,22,160,15,0,43,172,2025-11-15
1600,46,23,195,15,0,10,80,2025-11-05
1601,46,25,121,15,47,56,224,2025-12-04
1602,46,26,150,15,0,10,80,2025-11-27
1603,46,27,161,15,0,52,208,2025-11-03
1604,46,29,58,15,0,10,80,2025-11-29
1605,46,32,69,15,0,17,80,2025-12-13
1606,46,37,232,15,0,18,80,2025-12-02
1607,46,39,144,15,3,49,196,2025-12-16
1608,46,40,127,15,0,14,80,2025-11-05
1609,46,44,121,15,0,29,116,2025-11-03
1610,46,45,106,15,14,40,160,2025-12-15
1611,46,48,211,15,0,60,240,2025-12-06
1612,46,50,119,15,0,11,80,2025-11-21
1613,48,1,57,17,117,58,232,2025-11-06
1614,48,2,139,17,17,52,208,2025-12-25
1615,48,3,70,17,71,47,188,2025-11-07
1616,48,4,130,17,0,41,164,2025-11-16
1617,48,5,137,17,0,37,148,2025-12-22
1618,48,6,122,17,0,31,124,2025-12-28
1619,48,7,200,17,0,23,92,2025-11-03
1620,48,8,236,17,0,15,80,2025-11-02
1621,48,9,147,17,0,22,88,2025-12-16
1622,48,11,242,17,0,19,80,2025-12-24
1623,48,12,137,17,0,13,80,2025-12-16
1624,48,13,163,17,0,10,80,2025-12-05
1625,48,14,192,17,0,11,80,2025-12-25
1626,48,15,214,17,0,10,80,2025-12-04
1627,48,16,116,17,0,14,80,2025-12-15
1628,48,17,152,17,0,33,132,2025-12-06
1629,48,18,135,17,0,37,148,2025-12-07
1630,48,19,132,17,0,35,140,2025-11-16
1631,48,20,143,17,7,50,200,2025-11-22
1632,48,21,144,17,3,49,196,2025-11-24
1633,48,23,60,17,0,10,80,2025-12-27
1634,48,25,148,17,2,50,200,2025-12-28
1635,48,26,229,17,0,22,88,2025-11-20
1636,48,31,162,17,0,24,96,2025-11-29
1637,48,32,202,17,0,11,80,2025-11-18
1638,48,33,108,17,66,58,232,2025-11-21
1639,48,36,72,17,0,18,80,2025-11-10
1640,48,37,124,17,0,23,92,2025-11-06
1641,48,40,77,17,0,10,80,2025-11-26
1642,48,42,213,17,0,51,204,2025-12-29
1643,48,45,209,17,0,16,80,2025-11-14
1644,48,46,46,17,26,24,96,2025-12-05
1645,48,47,112,17,35,49,196,2025-11-09
1646,49,1,125,18,0,29,116,2025-12-19
1647,49,2,110,18,0,26,104,2025-11-19
1648,49,3,193,18,0,27,108,2025-12-27
1649,49,4,255,18,0,32,128,2025-11-29
1650,49,5,167,18,0,52,208,2025-12-01
1651,49,6,234,18,0,51,204,2025-12-18
1652,49,7,220,18,0,58,232,2025-11-04
1653,49,8,131,18,25,52,208,2025-11-17
1654,49,9,164,18,0,39,156,2025-11-08
1655,49,10,138,18,0,41,164,2025-11-05
1656,49,11,216,18,0,32,128,2025-11-14
1657,49,12,65,18,91,52,208,2025-12-03
1658,49,13,188,18,0,48,192,2025-12-21
1659,49,14,148,18,0,32,128,2025-12-22
1660,49,15,182,18,0,42,168,2025-11-05
1661,49,17,205,18,0,40,160,2025-11-17
1662,49,18,73,18,26,33,132,2025-12-29
1663,49,19,116,18,10,42,168,2025-11-11
1664,49,20,145,18,0,10,80,2025-12-24
1665,49,21,140,18,13,51,204,2025-12-16
1666,49,22,89,18,0,14,80,2025-11-02
1667,49,23,198,18,0,37,148,2025-12-11
1668,49,24,178,18,0,25,100,2025-12-20
1669,49,25,115,18,17,44,176,2025-12-23
1670,49,26,86,18,58,48,192,2025-11-08
1671,49,28,143,18,0,12,80,2025-11-24
1672,49,29,63,18,102,55,220,2025-12-19
1673,49,30,195,18,0,35,140,2025-12-19
1674,49,31,125,18,0,16,80,2025-12-17
1675,49,32,77,18,25,34,136,2025-11-23
1676,49,33,124,18,5,43,172,2025-11-20
1677,49,34,96,18,0,22,88,2025-11-11
1678,49,36,153,18,0,47,188,2025-12-10
1679,49,37,261,18,0,13,80,2025-12-06
1680,49,38,124,18,26,50,200,2025-11-04
1681,49,40,183,18,0,15,80,2025-12-12
1682,49,41,149,18,0,42,168,2025-11-17
1683,49,49,117,18,0,10,80,2025-11-11
1684,50,1,95,19,0,10,80,2025-12-19
1685,50,2,213,19,0,46,184,2025-11-15
1686,50,3,187,19,0,10,80,2025-11-06
1687,50,4,126,19,0,25,100,2025-11-19
1688,50,5,0,0,135,45,180,2025-12-23
1689,50,6,104,19,52,52,208,2025-12-26
1690,50,7,134,19,0,35,140,2025-11-08
1691,50,8,127,19,0,10,80,2025-11-15
1692,50,9,152,19,0,24,96,2025-11-09
1693,50,10,202,19,0,54,216,2025-11-28
1694,50,11,85,19,8,31,124,2025-11-06
1695,50,12,153,19,0,39,156,2025-11-22
1696,50,13,233,19,0,19,80,2025-12-02
1697,50,14,193,19,0,58,232,2025-12-04
1698,50,16,193,19,0,47,188,2025-12-16
1699,50,17,111,19,0,10,80,2025-11-07
1700,50,20,170,19,0,47,188,2025-12-02
1701,50,21,144,19,12,52,208,2025-12-06
1702,50,22,187,19,0,37,148,2025-12-03
1703,50,23,152,19,0,29,116,2025-11-19
1704,50,25,237,19,0,39,156,2025-11-26
1705,50,26,153,19,0,10,80,2025-11-01
1706,50,29,144,19,0,16,80,2025-11-28
1707,50,30,144,19,0,32,128,2025-12-07
1708,50,31,88,19,0,21,84,2025-12-01
1709,50,33,194,19,0,10,80,2025-12-17
1710,50,37,93,19,0,18,80,2025-12-26
1711,50,42,113,19,0,22,88,2025-12-25
1712,50,43,171,19,0,33,132,2025-12-21
1713,50,45,285,19,0,45,180,2025-12-28
1714,50,46,115,19,0,26,104,2025-11-23
1715,50,50,132,19,0,34,136,2025-11-15
1716,51,1,116,20,1,39,156,2025-11-09
1717,51,2,182,20,0,10,80,2025-11-16
1718,51,3,74,20,103,59,236,2025-11-17
1719,51,4,194,20,0,12,80,2025-11-14
1720,51,5,142,20,0,10,80,2025-11-11
1721,51,6,118,20,0,34,136,2025-11-21
1722,51,7,206,20,0,47,188,2025-11-24
1723,51,8,59,20,28,29,116,2025-11-03
1724,51,9,105,20,75,60,240,2025-12-24
1725,51,10,82,20,0,11,80,2025-12-30
1726,51,11,144,20,0,29,116,2025-12-12
1727,51,12,119,20,0,36,144,2025-12-12
1728,51,13,167,20,0,13,80,2025-11-26
1729,51,14,150,20,0,28,112,2025-12-29
1730,51,15,165,20,0,38,152,2025-12-20
1731,51,16,142,20,0,13,80,2025-12-19
1732,51,17,184,20,0,22,88,2025-12-14
1733,51,18,129,20,3,44,176,2025-12-27
1734,51,19,118,20,20,46,184,2025-11-27
1735,51,20,150,20,30,60,240,2025-11-23
1736,51,22,194,20,0,55,220,2025-12-27
1737,51,23,81,20,0,13,80,2025-12-25
1738,51,25,191,20,0,36,144,2025-12-29
1739,51,27,190,20,0,48,192,2025-12-29
1740,51,28,121,20,0,10,80,2025-12-17
1741,51,29,90,20,0,29,116,2025-12-02
1742,51,33,88,20,0,17,80,2025-12-26
1743,51,34,96,20,0,10,80,2025-11-26
1744,51,36,200,20,0,41,164,2025-11-12
1745,51,37,172,20,0,24,96,2025-11-02
1746,51,38,178,20,0,39,156,2025-12-07
1747,51,39,108,20,0,18,80,2025-11-03
1748,51,40,196,20,0,42,168,2025-11-02
1749,51,42,131,20,0,15,80,2025-12-01
1750,51,43,146,20,0,19,80,2025-11-24
1751,51,47,111,20,0,11,80,2025-12-22
1752,51,48,54,20,78,44,176,2025-11-27
1753,51,49,85,20,47,44,176,2025-12-23
1754,51,50,111,20,0,20,80,2025-12-20
1755,52,1,93,21,0,27,108,2025-11-29
1756,52,2,206,21,0,19,80,2025-11-08
1757,52,3,71,21,31,34,136,2025-12-11
1758,52,4,4,4,41,15,80,2025-11-07
1759,52,5,159,21,0,36,144,2025-11-14
1760,52,6,162,21,3,55,220,2025-11-27
1761,52,7,112,21,0,10,80,2025-12-09
1762,52,8,147,21,0,34,136,2025-12-17
1763,52,9,101,21,49,50,200,2025-11-26
1764,52,10,134,21,28,54,216,2025-12-01
1765,52,11,105,21,0,16,80,2025-11-08
1766,52,12,88,21,53,47,188,2025-12-20
1767,52,13,75,21,96,57,228,2025-11-10
1768,52,14,128,21,0,10,80,2025-11-30
1769,52,15,283,21,0,59,236,2025-12-05
1770,52,16,136,21,0,31,124,2025-12-07
1771,52,19,65,21,0,10,80,2025-11-20
1772,52,20,41,21,25,22,88,2025-12-16
1773,52,21,141,21,36,59,236,2025-12-28
1774,52,23,119,21,46,55,220,2025-12-07
1775,52,25,66,21,99,55,220,2025-12-11
1776,52,26,141,21,0,41,164,2025-12-04
1777,52,27,185,21,0,32,128,2025-11-26
1778,52,28,110,21,0,29,116,2025-12-10
1779,52,31,200,21,0,54,216,2025-12-14
1780,52,33,73,21,17,30,120,2025-12-04
1781,52,34,137,21,7,48,192,2025-11-05
1782,52,36,106,21,23,43,172,2025-12-15
1783,52,37,107,21,52,53,212,2025-12-15
1784,52,40,103,21,2,35,140,2025-12-27
1785,52,41,157,21,0,10,80,2025-12-12
1786,52,42,187,21,0,46,184,2025-11-05
1787,52,47,88,21,23,37,148,2025-12-22
1788,52,48,156,21,0,33,132,2025-11-28
1789,52,49,189,21,0,42,168,2025-12-09
1790,52,50,137,21,0,13,80,2025-11-08
1791,53,1,73,22,5,26,104,2025-11-17
1792,53,2,77,22,19,32,128,2025-11-07
1793,53,3,140,22,0,13,80,2025-12-14
1794,53,4,110,22,0,34,136,2025-12-24
1795,53,5,158,22,4,54,216,2025-11-23
1796,53,6,255,22,0,34,136,2025-12-27
1797,53,7,111,22,0,14,80,2025-11-11
1798,53,8,159,22,0,15,80,2025-11-20
1799,53,9,159,22,0,20,80,2025-12-10
1800,53,10,165,22,3,56,224,2025-11-05
1801,53,11,139,22,0,13,80,2025-11-13
1802,53,12,70,22,74,48,192,2025-12-08
1803,53,13,173,22,0,10,80,2025-11-06
1804,53,14,224,22,0,44,176,2025-11-30
1805,53,16,174,22,0,53,212,2025-12-06
1806,53,17,70,22,107,59,236,2025-11-27
1807,53,18,196,22,0,18,80,2025-11-18
1808,53,19,92,22,70,54,216,2025-12-29
1809,53,20,254,22,0,51,204,2025-11-23
1810,53,22,157,22,0,38,152,2025-11-26
1811,53,23,108,22,69,59,236,2025-12-13
1812,53,24,27,22,150,59,236,2025-11-17
1813,53,26,131,22,22,51,204,2025-12-09
1814,53,28,91,22,5,32,128,2025-11-28
1815,53,30,191,22,0,40,160,2025-12-29
1816,53,32,167,22,0,19,80,2025-11-22
1817,53,34,79,22,89,56,224,2025-12-15
1818,53,35,66,22,69,45,180,2025-12-16
1819,53,36,142,22,0,10,80,2025-11-20
1820,53,46,156,22,0,27,108,2025-12-30
1821,53,47,186,22,0,10,80,2025-12-24
1822,53,48,130,22,23,51,204,2025-12-07
1823,54,1,206,5,0,59,236,2025-12-08
1824,54,2,195,5,0,32,128,2025-11-16
1825,54,3,122,5,0,25,100,2025-11-09
1826,54,4,147,5,0,42,168,2025-11-18
1827,54,5,169,5,0,24,96,2025-11-22
1828,54,6,258,5,0,36,144,2025-11-02
1829,54,7,133,5,0,13,80,2025-12-02
1830,54,8,142,5,0,22,88,2025-12-16
1831,54,9,103,5,0,34,136,2025-11-29
1832,54,10,251,5,0,18,80,2025-11-01
1833,54,11,226,5,0,57,228,2025-11-12
1834,54,12,199,5,0,10,80,2025-12-03
1835,54,14,142,5,0,10,80,2025-12-16
1836,54,15,116,5,0,36,144,2025-12-09
1837,54,17,179,5,0,41,164,2025-11-10
1838,54,18,116,5,0,34,136,2025-11-13
1839,54,19,141,5,0,28,112,2025-12-04
1840,54,20,58,5,50,36,144,2025-12-18
1841,54,22,132,5,3,45,180,2025-12-20
1842,54,23,85,5,56,47,188,2025-11-21
1843,54,25,143,5,0,41,164,2025-11-30
1844,54,28,123,5,0,15,80,2025-12-20
1845,54,29,199,5,0,18,80,2025-12-28
1846,54,30,125,5,0,25,100,2025-12-05
1847,54,31,57,5,18,25,100,2025-12-11
1848,54,32,177,5,0,35,140,2025-12-09
1849,54,33,171,5,0,12,80,2025-11-22
1850,54,34,153,5,15,56,224,2025-11-08
1851,54,38,145,5,0,25,100,2025-11-24
1852,54,45,161,5,0,41,164,2025-11-10
1853,54,46,148,5,5,51,204,2025-12-20
1854,54,47,104,5,0,22,88,2025-12-24
1855,54,49,264,5,0,30,120,2025-11-08
1856,54,50,114,5,57,57,228,2025-12-21
1857,55,1,64,6,104,56,224,2025-11-13
1858,55,2,148,6,0,30,120,2025-12-23
1859,55,3,218,6,0,44,176,2025-11-13
1860,55,4,69,6,60,43,172,2025-11-11
1861,55,5,143,6,0,42,168,2025-11-12
1862,55,6,143,6,4,49,196,2025-11-13
1863,55,7,153,6,0,51,204,2025-11-23
1864,55,8,118,6,0,39,156,2025-11-02
1865,55,9,27,6,99,42,168,2025-11-19
1866,55,10,102,6,12,38,152,2025-12-26
1867,55,11,185,6,0,35,140,2025-12-05
1868,55,12,130,6,0,34,136,2025-12-18
1869,55,13,208,6,0,47,188,2025-12-28
1870,55,14,112,6,0,10,80,2025-12-19
1871,55,15,220,6,0,26,104,2025-12-12
1872,55,16,189,6,0,10,80,2025-11-15
1873,55,17,165,6,0,10,80,2025-11-30
1874,55,18,188,6,0,22,88,2025-12-07
1875,55,20,204,6,0,48,192,2025-12-11
1876,55,22,191,6,0,54,216,2025-11-09
1877,55,23,112,6,2,38,152,2025-11-21
1878,55,25,170,6,0,45,180,2025-11-23
1879,55,26,121,6,0,10,80,2025-12-27
1880,55,28,150,6,0,32,128,2025-12-06
1881,55,29,92,6,16,36,144,2025-11-22
1882,55,30,171,6,0,19,80,2025-12-03
1883,55,31,139,6,0,21,84,2025-11-19
1884,55,33,156,6,0,35,140,2025-11-21
1885,55,34,94,6,50,48,192,2025-12-09
1886,55,35,153,6,27,60,240,2025-11-12
1887,55,36,131,6,0,10,80,2025-12-10
1888,55,37,48,6,123,57,228,2025-12-02
1889,55,38,90,6,0,10,80,2025-12-10
1890,55,41,205,6,0,21,84,2025-12-04
1891,55,42,187,6,0,10,80,2025-12-11
1892,55,44,158,6,0,35,140,2025-11-24
1893,55,46,179,6,0,55,220,2025-12-01
1894,55,47,84,6,36,40,160,2025-11-26
1895,55,48,76,6,56,44,176,2025-12-27
1896,55,49,190,6,0,16,80,2025-12-08
1897,56,1,203,7,0,53,212,2025-11-01
1898,56,2,147,7,0,31,124,2025-11-10
1899,56,3,92,7,0,10,80,2025-12-14
1900,56,4,135,7,0,32,128,2025-11-17
1901,56,5,139,7,0,31,124,2025-12-16
1902,56,6,211,7,0,11,80,2025-12-11
1903,56,7,277,7,0,44,176,2025-12-02
1904,56,8,180,7,0,10,80,2025-12-21
1905,56,9,242,7,0,56,224,2025-12-23
1906,56,10,133,7,0,40,160,2025-12-18
1907,56,11,116,7,0,14,80,2025-11-09
1908,56,12,128,7,0,10,80,2025-11-14
1909,56,13,108,7,0,29,116,2025-12-14
1910,56,14,74,7,0,23,92,2025-12-06
1911,56,15,109,7,0,10,80,2025-12-28
1912,56,16,209,7,0,47,188,2025-11-21
1913,56,17,272,7,0,13,80,2025-11-09
1914,56,18,157,7,0,36,144,2025-12-13
1915,56,19,141,7,0,19,80,2025-12-28
1916,56,20,28,7,86,38,152,2025-11-08
1917,56,21,201,7,0,11,80,2025-12-11
1918,56,22,144,7,0,10,80,2025-12-10
1919,56,24,177,7,0,50,200,2025-11-19
1920,56,25,144,7,0,35,140,2025-12-18
1921,56,26,124,7,0,23,92,2025-11-15
1922,56,27,185,7,0,28,112,2025-12-12
1923,56,30,161,7,0,14,80,2025-11-13
1924,56,32,199,7,0,26,104,2025-12-28
1925,56,34,158,7,0,33,132,2025-12-06
1926,56,35,127,7,0,10,80,2025-11-11
1927,56,36,110,7,0,21,84,2025-11-05
1928,56,37,62,7,4,22,88,2025-12-30
1929,56,39,146,7,0,13,80,2025-11-07
1930,56,43,142,7,0,25,100,2025-12-13
1931,56,45,168,7,0,19,80,2025-11-27
1932,56,46,139,7,0,10,80,2025-12-05
1933,56,47,216,7,0,42,168,2025-11-05
1934,56,49,42,7,66,36,144,2025-12-08
1935,57,1,62,8,106,56,224,2025-12-29
1936,57,2,140,8,0,32,128,2025-12-01
1937,57,3,83,8,55,46,184,2025-11-29
1938,57,4,221,8,0,10,80,2025-12-14
1939,57,5,169,8,0,15,80,2025-11-26
1940,57,6,99,8,54,51,204,2025-11-03
1941,57,7,206,8,0,57,228,2025-11-23
1942,57,8,147,8,0,14,80,2025-12-09
1943,57,9,211,8,0,28,112,2025-12-03
1944,57,10,49,8,44,31,124,2025-12-18
1945,57,11,65,8,0,11,80,2025-12-01
1946,57,15,192,8,0,53,212,2025-11-14
1947,57,16,94,8,62,52,208,2025-11-05
1948,57,17,191,8,0,28,112,2025-11-13
1949,57,18,151,8,0,25,100,2025-12-02
1950,57,20,137,8,19,52,208,2025-12-27
1951,57,21,188,8,0,34,136,2025-12-12
1952,57,22,186,8,0,15,80,2025-12-09
1953,57,23,141,8,0,18,80,2025-12-03
1954,57,24,240,8,0,30,120,2025-12-12
1955,57,28,134,8,25,53,212,2025-12-20
1956,57,29,211,8,0,20,80,2025-11-05
1957,57,30,152,8,19,57,228,2025-11-03
1958,57,31,155,8,0,13,80,2025-11-06
1959,57,32,180,8,0,16,80,2025-11-08
1960,57,33,7,7,23,10,80,2025-12-13
1961,57,35,107,8,0,10,80,2025-11-01
1962,57,36,81,8,0,11,80,2025-11-05
1963,57,37,185,8,0,22,88,2025-11-04
1964,57,39,176,8,0,17,80,2025-11-15
1965,57,41,181,8,0,10,80,2025-11-28
1966,57,42,196,8,0,59,236,2025-11-22
1967,57,44,170,8,0,24,96,2025-12-13
1968,57,45,122,8,0,27,108,2025-12-30
1969,57,48,184,8,0,41,164,2025-11-12
1970,57,50,141,8,0,33,132,2025-11-27
1971,58,1,156,9,0,43,172,2025-12-19
1972,58,2,188,9,0,40,160,2025-11-03
1973,58,3,94,9,0,27,108,2025-12-22
1974,58,4,122,9,40,54,216,2025-11-06
1975,58,5,204,9,0,38,152,2025-12-02
1976,58,6,202,9,0,18,80,2025-12-20
1977,58,7,157,9,0,31,124,2025-12-30
1978,58,8,81,9,0,10,80,2025-11-05
1979,58,9,185,9,0,17,80,2025-12-06
1980,58,10,169,9,5,58,232,2025-12-08
1981,58,11,167,9,4,57,228,2025-12-09
1982,58,13,178,9,0,41,164,2025-12-23
1983,58,14,253,9,0,10,80,2025-11-28
1984,58,15,90,9,18,36,144,2025-12-17
1985,58,16,135,9,0,25,100,2025-12-20
1986,58,17,25,9,77,34,136,2025-12-08
1987,58,18,124,9,47,57,228,2025-11-08
1988,58,20,108,9,0,36,144,2025-12-07
1989,58,23,265,9,0,29,116,2025-11-09
1990,58,24,171,9,0,15,80,2025-12-18
1991,58,25,90,9,0,28,112,2025-11-07
1992,58,27,181,9,0,37,148,2025-11-18
1993,58,28,150,9,24,58,232,2025-12-08
1994,58,29,189,9,0,51,204,2025-11-26
1995,58,30,150,9,0,38,152,2025-11-13
1996,58,33,175,9,0,23,92,2025-12-25
1997,58,34,91,9,5,32,128,2025-11-11
1998,58,35,103,9,0,30,120,2025-11-20
1999,58,37,113,9,0,10,80,2025-11-29
2000,58,41,308,9,0,30,120,2025-12-19
2001,58,43,221,9,0,20,80,2025-12-16
2002,58,46,197,9,0,10,80,2025-12-06
2003,58,48,164,9,0,30,120,2025-12-23
2004,58,49,41,9,7,16,80,2025-12-02
2005,59,1,129,10,0,17,80,2025-11-28
2006,59,2,231,10,0,52,208,2025-12-18
2007,59,3,167,10,0,35,140,2025-12-09
2008,59,4,220,10,0,49,196,2025-12-15
2009,59,5,122,10,0,25,100,2025-12-14
2010,59,6,101,10,40,47,188,2025-12-12
2011,59,7,89,10,82,57,228,2025-12-27
2012,59,8,184,10,0,11,80,2025-12-10
2013,59,9,46,10,29,25,100,2025-11-03
2014,59,10,171,10,0,10,80,2025-12-03
2015,59,11,114,10,30,48,192,2025-12-03
2016,59,12,206,10,0,22,88,2025-11-02
2017,59,13,92,10,37,43,172,2025-12-27
2018,59,14,194,10,0,25,100,2025-12-17
2019,59,15,116,10,1,39,156,2025-12-20
2020,59,16,75,10,0,10,80,2025-12-13
2021,59,17,88,10,83,57,228,2025-12-11
2022,59,18,116,10,37,51,204,2025-12-27
2023,59,19,160,10,0,51,204,2025-11-19
2024,59,20,40,10,0,12,80,2025-12-12
2025,59,23,101,10,52,51,204,2025-12-15
2026,59,24,146,10,0,21,84,2025-11-17
2027,59,26,165,10,0,36,144,2025-11-25
2028,59,27,232,10,0,36,144,2025-11-12
2029,59,28,136,10,0,33,132,2025-12-16
2030,59,29,196,10,0,10,80,2025-11-17
2031,59,31,175,10,0,20,80,2025-12-28
2032,59,33,77,10,0,12,80,2025-12-12
2033,59,35,190,10,0,34,136,2025-11-24
2034,59,36,109,10,35,48,192,2025-12-24
2035,59,38,263,10,0,36,144,2025-11-20
2036,59,39,123,10,54,59,236,2025-11-15
2037,59,40,224,10,0,31,124,2025-11-30
2038,59,41,243,10,0,40,160,2025-12-24
2039,59,42,121,10,14,45,180,2025-11-06
2040,59,44,174,10,0,24,96,2025-11-05
2041,59,45,180,10,0,36,144,2025-12-04
2042,59,46,248,10,0,43,172,2025-11-30
2043,59,49,143,10,0,10,80,2025-11-08
2044,60,1,138,11,0,28,112,2025-11-20
2045,60,2,151,11,0,13,80,2025-11-28
2046,60,3,298,11,0,27,108,2025-11-08
2047,60,4,177,11,0,42,168,2025-11-12
2048,60,5,77,11,16,31,124,2025-12-07
2049,60,6,111,11,0,35,140,2025-11-08
2050,60,7,94,11,53,49,196,2025-11-17
2051,60,8,18,11,141,53,212,2025-11-22
2052,60,9,69,11,69,46,184,2025-12-29
2053,60,10,200,11,0,10,80,2025-11-10
2054,60,11,91,11,5,32,128,2025-12-14
2055,60,12,300,11,0,59,236,2025-11-19
2056,60,13,124,11,0,23,92,2025-12-03
2057,60,14,91,11,0,10,80,2025-11-29
2058,60,15,55,11,86,47,188,2025-11-10
2059,60,19,99,11,0,23,92,2025-11-21
2060,60,20,176,11,0,51,204,2025-11-19
2061,60,21,100,11,20,40,160,2025-11-14
2062,60,22,138,11,0,46,184,2025-11-18
2063,60,24,123,11,0,20,80,2025-12-17
2064,60,25,85,11,0,26,104,2025-11-29
2065,60,26,85,11,0,10,80,2025-11-04
2066,60,27,176,11,0,10,80,2025-12-09
2067,60,28,94,11,0,10,80,2025-11-16
2068,60,31,136,11,0,31,124,2025-11-03
2069,60,34,137,11,0,41,164,2025-12-19
2070,60,35,126,11,39,55,220,2025-12-25
2071,60,36,133,11,0,23,92,2025-11-27
2072,60,37,112,11,0,30,120,2025-11-01
2073,60,38,296,11,0,10,80,2025-12-17
2074,60,39,198,11,0,51,204,2025-11-17
2075,60,40,264,11,0,10,80,2025-11-24
2076,60,42,104,11,0,25,100,2025-11-19
2077,60,46,205,11,0,53,212,2025-11-06
2078,60,47,144,11,0,10,80,2025-12-22
2079,60,48,231,11,0,53,212,2025-11-04
2080,60,49,131,11,19,50,200,2025-12-20
2081,61,1,153,12,0,43,172,2025-12-11
2082,61,2,239,12,0,22,88,2025-11-16
2083,61,3,159,12,0,25,100,2025-12-01
2084,61,4,114,12,54,56,224,2025-11-21
2085,61,5,137,12,0,26,104,2025-11-18
2086,61,6,146,12,1,49,196,2025-11-12
2087,61,7,211,12,0,30,120,2025-11-06
2088,61,8,54,12,0,10,80,2025-12-10
2089,61,9,133,12,23,52,208,2025-12-11
2090,61,10,185,12,0,22,88,2025-12-25
2091,61,11,161,12,0,43,172,2025-11-01
2092,61,12,74,12,19,31,124,2025-11-16
2093,61,13,45,12,30,25,100,2025-12-23
2094,61,14,144,12,0,37,148,2025-11-07
2095,61,15,258,12,0,32,128,2025-12-16
2096,61,16,163,12,0,26,104,2025-11-05
2097,61,17,2,2,178,60,240,2025-11-02
2098,61,18,15,12,72,29,116,2025-12-16
2099,61,21,124,12,0,10,80,2025-12-26
2100,61,22,119,12,0,22,88,2025-12-27
2101,61,23,245,12,0,10,80,2025-11-13
2102,61,24,91,12,41,44,176,2025-12-08
2103,61,25,62,12,79,47,188,2025-11-25
2104,61,27,190,12,0,30,120,2025-11-08
2105,61,29,166,12,0,29,116,2025-11-03
2106,61,30,116,12,49,55,220,2025-12-18
2107,61,31,164,12,0,13,80,2025-12-13
2108,61,33,61,12,29,30,120,2025-12-14
2109,61,34,173,12,0,36,144,2025-11-19
2110,61,36,324,12,0,31,124,2025-12-11
2111,61,37,194,12,0,42,168,2025-12-08
2112,61,38,285,12,0,58,232,2025-11-11
2113,61,40,155,12,0,29,116,2025-11-07
2114,61,41,277,12,0,56,224,2025-12-04
2115,61,43,172,12,0,54,216,2025-12-08
2116,61,44,105,12,0,10,80,2025-11-23
2117,61,49,190,12,0,50,200,2025-11-17
2118,61,50,94,12,0,20,80,2025-11-26
2119,62,1,201,13,0,22,88,2025-12-29
2120,62,2,102,13,51,51,204,2025-12-09
2121,62,3,208,13,0,38,152,2025-11-17
2122,62,4,85,13,41,42,168,2025-11-18
2123,62,5,215,13,0,45,180,2025-12-28
2124,62,6,31,13,128,53,212,2025-12-29
2125,62,7,84,13,0,16,80,2025-12-06
2126,62,8,88,13,0,13,80,2025-12-15
2127,62,9,92,13,0,30,120,2025-12-09
2128,62,10,154,13,0,23,92,2025-11-15
2129,62,11,103,13,0,10,80,2025-11-18
2130,62,12,205,13,0,21,84,2025-12-04
2131,62,13,123,13,0,16,80,2025-12-27
2132,62,14,199,13,0,11,80,2025-11-02
2133,62,16,113,13,58,57,228,2025-11-03
2134,62,17,132,13,0,39,156,2025-11-03
2135,62,18,205,13,0,13,80,2025-12-15
2136,62,19,101,13,76,59,236,2025-11-03
2137,62,21,62,13,0,15,80,2025-11-23
2138,62,23,136,13,5,47,188,2025-12-18
2139,62,25,43,13,35,26,104,2025-12-14
2140,62,26,194,13,0,23,92,2025-11-08
2141,62,27,127,13,44,57,228,2025-12-29
2142,62,29,209,13,0,35,140,2025-11-15
2143,62,30,136,13,14,50,200,2025-12-10
2144,62,32,69,13,108,59,236,2025-11-16
2145,62,33,277,13,0,33,132,2025-11-04
2146,62,40,171,13,0,33,132,2025-12-13
2147,62,41,173,13,0,21,84,2025-12-18
2148,62,42,246,13,0,34,136,2025-12-08
2149,62,44,323,13,0,16,80,2025-12-20
2150,62,46,256,13,0,39,156,2025-11-28
2151,62,48,104,13,0,34,136,2025-11-21
2152,63,1,235,14,0,54,216,2025-12-16
2153,63,2,90,14,51,47,188,2025-11-10
2154,63,3,199,14,0,22,88,2025-12-10
2155,63,4,118,14,5,41,164,2025-11-30
2156,63,5,146,14,0,11,80,2025-11-11
2157,63,6,83,14,0,10,80,2025-12-04
2158,63,7,219,14,0,52,208,2025-11-11
2159,63,8,185,14,0,51,204,2025-11-01
2160,63,9,143,14,0,17,80,2025-12-01
2161,63,10,115,14,0,10,80,2025-11-25
2162,63,11,147,14,33,60,240,2025-12-22
2163,63,12,118,14,0,38,152,2025-11-24
2164,63,13,130,14,32,54,216,2025-12-23
2165,63,14,69,14,105,58,232,2025-11-17
2166,63,15,176,14,0,38,152,2025-11-26
2167,63,16,110,14,10,40,160,2025-12-28
2168,63,17,245,14,0,10,80,2025-12-15
2169,63,18,160,14,0,14,80,2025-12-03
2170,63,20,149,14,0,39,156,2025-12-18
2171,63,21,133,14,0,22,88,2025-11-22
2172,63,22,172,14,0,55,220,2025-11-22
2173,63,23,230,14,0,38,152,2025-12-18
2174,63,24,311,14,0,60,240,2025-11-12
2175,63,25,163,14,0,54,216,2025-12-19
2176,63,26,230,14,0,47,188,2025-12-21
2177,63,27,148,14,0,26,104,2025-12-20
2178,63,28,82,14,0,13,80,2025-11-05
2179,63,32,234,14,0,41,164,2025-11-21
2180,63,33,144,14,9,51,204,2025-12-22
2181,63,34,241,14,0,48,192,2025-12-25
2182,63,35,217,14,0,19,80,2025-11-02
2183,63,36,154,14,0,10,80,2025-12-25
2184,63,39,96,14,72,56,224,2025-12-15
2185,63,42,67,14,71,46,184,2025-11-13
2186,63,44,121,14,0,15,80,2025-11-02
2187,63,46,171,14,3,58,232,2025-11-16
2188,63,47,150,14,18,56,224,2025-11-04
2189,63,49,220,14,0,40,160,2025-11-12
2190,64,1,245,15,0,23,92,2025-12-27
2191,64,2,183,15,0,19,80,2025-12-04
2192,64,3,149,15,0,23,92,2025-12-17
2193,64,4,164,15,4,56,224,2025-11-16
2194,64,5,244,15,0,35,140,2025-12-18
2195,64,6,116,15,0,24,96,2025-11-05
2196,64,7,187,15,0,52,208,2025-12-02
2197,64,8,203,15,0,10,80,2025-11-07
2198,64,9,95,15,0,22,88,2025-11-01
2199,64,10,132,15,9,47,188,2025-12-01
2200,64,11,76,15,0,16,80,2025-12-11
2201,64,12,247,15,0,23,92,2025-11-12
2202,64,13,180,15,0,55,220,2025-11-17
2203,64,15,169,15,0,46,184,2025-11-05
2204,64,16,61,15,116,59,236,2025-12-29
2205,64,18,144,15,0,10,80,2025-12-05
2206,64,19,176,15,0,14,80,2025-11-01
2207,64,21,169,15,0,49,196,2025-11-21
2208,64,22,111,15,0,30,120,2025-12-14
2209,64,23,166,15,8,58,232,2025-12-23
2210,64,24,160,15,14,58,232,2025-11-07
2211,64,25,79,15,0,16,80,2025-12-13
2212,64,28,146,15,0,38,152,2025-12-03
2213,64,29,95,15,52,49,196,2025-11-15
2214,64,31,151,15,0,13,80,2025-12-28
2215,64,32,176,15,0,49,196,2025-12-07
2216,64,34,79,15,8,29,116,2025-12-15
2217,64,36,199,15,0,52,208,2025-11-23
2218,64,37,179,15,0,28,112,2025-12-13
2219,64,38,188,15,0,35,140,2025-12-13
2220,64,39,200,15,0,13,80,2025-11-12
2221,64,40,149,15,0,24,96,2025-11-02
2222,64,41,158,15,7,55,220,2025-12-10
2223,64,42,142,15,0,27,108,2025-12-22
2224,64,45,180,15,0,59,236,2025-12-20
2225,64,47,209,15,0,30,120,2025-11-06
2226,64,50,58,15,8,22,88,2025-12-10
2227,65,1,205,16,0,48,192,2025-12-03
2228,65,2,122,16,0,12,80,2025-12-28
2229,65,3,155,16,0,43,172,2025-12-05
2230,65,4,64,16,68,44,176,2025-12-23
2231,65,5,91,16,65,52,208,2025-12-23
2232,65,6,155,16,0,22,88,2025-11-12
2233,65,7,51,16,48,33,132,2025-11-30
2234,65,8,84,16,0,11,80,2025-11-07
2235,65,9,151,16,0,29,116,2025-11-09
2236,65,10,231,16,0,28,112,2025-11-07
2237,65,11,216,16,0,22,88,2025-11-04
2238,65,13,217,16,0,10,80,2025-12-01
2239,65,15,221,16,0,41,164,2025-12-19
2240,65,16,140,16,4,48,192,2025-12-17
2241,65,17,143,16,0,20,80,2025-11-30
2242,65,18,147,16,0,24,96,2025-12-28
2243,65,19,147,16,0,10,80,2025-12-13
2244,65,20,158,16,1,53,212,2025-11-14
2245,65,21,95,16,19,38,152,2025-12-01
2246,65,23,196,16,0,47,188,2025-11-22
2247,65,25,235,16,0,30,120,2025-12-21
2248,65,26,186,16,0,58,232,2025-12-15
2249,65,27,284,16,0,48,192,2025-12-14
2250,65,28,129,16,0,33,132,2025-11-19
2251,65,29,89,16,0,28,112,2025-11-24
2252,65,30,99,16,0,12,80,2025-11-25
2253,65,32,57,16,51,36,144,2025-11-19
2254,65,33,232,16,0,59,236,2025-11-08
2255,65,34,84,16,12,32,128,2025-12-09
2256,65,35,67,16,110,59,236,2025-12-02
2257,65,38,98,16,0,15,80,2025-12-16
2258,65,40,160,16,0,13,80,2025-11-27
2259,65,41,123,16,30,51,204,2025-11-27
2260,65,42,218,16,0,26,104,2025-11-18
2261,65,44,102,16,0,31,124,2025-11-29
2262,65,46,149,16,0,38,152,2025-11-24
2263,66,1,176,17,0,10,80,2025-11-18
2264,66,2,132,17,0,23,92,2025-12-27
2265,66,3,101,17,55,52,208,2025-12-07
2266,66,4,166,17,8,58,232,2025-12-25
2267,66,5,140,17,0,44,176,2025-11-28
2268,66,6,195,17,0,21,84,2025-11-16
2269,66,7,93,17,0,19,80,2025-11-30
2270,66,8,125,17,0,36,144,2025-12-01
2271,66,9,140,17,0,17,80,2025-11-24
2272,66,10,106,17,0,34,136,2025-12-07
2273,66,11,165,17,0,45,180,2025-11-25
2274,66,12,192,17,0,24,96,2025-11-18
2275,66,13,196,17,0,49,196,2025-12-25
2276,66,14,32,17,76,36,144,2025-12-02
2277,66,15,125,17,0,27,108,2025-11-23
2278,66,17,195,17,0,43,172,2025-11-25
2279,66,18,174,17,0,23,92,2025-12-03
2280,66,19,154,17,0,22,88,2025-12-24
2281,66,20,144,17,0,12,80,2025-11-23
2282,66,22,104,17,0,16,80,2025-11-20
2283,66,23,178,17,0,49,196,2025-11-29
2284,66,24,138,17,0,26,104,2025-11-30
2285,66,25,171,17,0,45,180,2025-12-25
2286,66,26,157,17,20,59,236,2025-11-28
2287,66,27,221,17,0,14,80,2025-12-21
2288,66,28,132,17,9,47,188,2025-11-08
2289,66,29,148,17,0,10,80,2025-11-13
2290,66,31,132,17,21,51,204,2025-11-20
2291,66,32,186,17,0,17,80,2025-11-18
2292,66,33,66,17,0,10,80,2025-11-27
2293,66,34,180,17,0,27,108,2025-12-04
2294,66,35,97,17,53,50,200,2025-12-24
2295,66,37,128,17,0,28,112,2025-11-18
2296,66,38,226,17,0,41,164,2025-11-03
2297,66,39,126,17,0,36,144,2025-11-26
2298,66,40,125,17,0,33,132,2025-11-06
2299,66,42,185,17,0,51,204,2025-11-20
2300,66,43,137,17,0,17,80,2025-12-16
2301,66,44,164,17,0,54,216,2025-12-03
2302,66,45,113,17,55,56,224,2025-11-07
2303,66,46,176,17,0,24,96,2025-12-22
2304,66,47,150,17,0,22,88,2025-11-20
2305,66,48,157,17,0,41,164,2025-12-02
2306,66,49,215,17,0,50,200,2025-12-08
2307,66,50,224,17,0,27,108,2025-11-14
2308,67,1,164,18,0,14,80,2025-11-22
2309,67,2,209,18,0,28,112,2025-12-13
2310,67,3,38,18,100,46,184,2025-11-22
2311,67,4,85,18,8,31,124,2025-11-10
2312,67,5,135,18,0,37,148,2025-11-15
2313,67,6,121,18,0,31,124,2025-12-02
2314,67,7,95,18,0,22,88,2025-12-24
2315,67,8,19,18,158,59,236,2025-12-16
2316,67,9,179,18,0,39,156,2025-11-16
2317,67,10,78,18,0,24,96,2025-12-19
2318,67,11,76,18,0,14,80,2025-11-09
2319,67,12,17,17,163,60,240,2025-12-04
2320,67,13,159,18,0,19,80,2025-12-04
2321,67,14,127,18,0,34,136,2025-11-28
2322,67,15,114,18,6,40,160,2025-12-01
2323,67,16,113,18,0,22,88,2025-11-20
2324,67,17,216,18,0,46,184,2025-11-23
2325,67,18,97,18,0,22,88,2025-12-23
2326,67,19,225,18,0,46,184,2025-11-21
2327,67,20,233,18,0,49,196,2025-12-23
2328,67,21,187,18,0,25,100,2025-12-13
2329,67,22,133,18,0,44,176,2025-12-13
2330,67,25,67,18,68,45,180,2025-11-21
2331,67,26,162,18,0,28,112,2025-12-27
2332,67,27,98,18,0,13,80,2025-11-04
2333,67,29,215,18,0,10,80,2025-11-01
2334,67,30,235,18,0,25,100,2025-11-13
2335,67,32,197,18,0,41,164,2025-12-13
2336,67,33,204,18,0,31,124,2025-12-17
2337,67,34,51,18,93,48,192,2025-12-10
2338,67,36,154,18,0,50,200,2025-11-24
2339,67,37,206,18,0,29,116,2025-11-11
2340,67,38,78,18,81,53,212,2025-12-05
2341,67,40,199,18,0,31,124,2025-12-29
2342,67,41,178,18,0,10,80,2025-12-08
2343,67,42,202,18,0,45,180,2025-12-17
2344,67,43,231,18,0,46,184,2025-12-03
2345,67,46,201,18,0,56,224,2025-11-27
2346,67,48,135,18,0,27,108,2025-12-11
2347,67,49,137,18,0,31,124,2025-11-23
2348,68,1,118,19,0,37,148,2025-11-25
2349,68,2,239,19,0,53,212,2025-11-08
2350,68,3,146,19,16,54,216,2025-12-07
2351,68,4,167,19,0,17,80,2025-11-06
2352,68,5,14,14,103,39,156,2025-11-16
2353,68,6,81,19,87,56,224,2025-11-09
2354,68,7,150,19,0,23,92,2025-12-12
2355,68,8,180,19,0,16,80,2025-12-20
2356,68,9,149,19,0,29,116,2025-12-01
2357,68,10,162,19,0,10,80,2025-12-06
2358,68,11,199,19,0,14,80,2025-12-28
2359,68,13,172,19,0,33,132,2025-11-08
2360,68,14,216,19,0,37,148,2025-11-15
2361,68,15,47,19,7,18,80,2025-12-06
2362,68,16,142,19,8,50,200,2025-12-14
2363,68,17,166,19,0,40,160,2025-12-29
2364,68,18,71,19,0,13,80,2025-11-18
2365,68,19,184,19,0,44,176,2025-12-08
2366,68,20,115,19,0,18,80,2025-12-12
2367,68,21,0,0,126,42,168,2025-12-24
2368,68,22,150,19,0,33,132,2025-12-14
2369,68,23,141,19,0,37,148,2025-11-05
2370,68,24,148,19,0,10,80,2025-12-08
2371,68,25,94,19,0,20,80,2025-12-17
2372,68,26,211,19,0,47,188,2025-12-30
2373,68,27,162,19,0,45,180,2025-11-01
2374,68,30,141,19,0,32,128,2025-12-09
2375,68,36,193,19,0,44,176,2025-12-19
2376,68,37,259,19,0,33,132,2025-12-10
2377,68,38,145,19,0,27,108,2025-12-07
2378,68,39,59,19,43,34,136,2025-12-25
2379,68,41,92,19,0,30,120,2025-12-24
2380,68,42,162,19,0,47,188,2025-12-25
2381,68,43,123,19,6,43,172,2025-11-24
2382,68,44,185,19,0,42,168,2025-12-20
2383,68,48,144,19,0,27,108,2025-12-16
2384,70,1,143,21,0,13,80,2025-12-30
2385,70,2,104,21,52,52,208,2025-11-01
2386,70,3,230,21,0,23,92,2025-11-17
2387,70,4,143,21,0,20,80,2025-11-21
2388,70,5,131,21,0,31,124,2025-12-24
2389,70,6,49,21,50,33,132,2025-12-11
2390,70,7,78,21,0,10,80,2025-12-23
2391,70,8,151,21,26,59,236,2025-11-24
2392,70,9,211,21,0,60,240,2025-11-24
2393,70,10,148,21,0,10,80,2025-11-30
2394,70,11,149,21,0,10,80,2025-11-18
2395,70,12,191,21,0,46,184,2025-11-01
2396,70,13,71,21,0,10,80,2025-11-22
2397,70,15,275,21,0,47,188,2025-12-28
2398,70,16,218,21,0,17,80,2025-12-15
2399,70,17,192,21,0,29,116,2025-11-02
2400,70,18,91,21,38,43,172,2025-12-01
2401,70,19,107,21,0,11,80,2025-11-09
2402,70,20,144,21,6,50,200,2025-11-01
2403,70,21,79,21,50,43,172,2025-11-15
2404,70,22,106,21,26,44,176,2025-12-12
2405,70,23,124,21,0,39,156,2025-12-11
2406,70,25,50,21,0,10,80,2025-12-17
2407,70,26,129,21,0,15,80,2025-11-06
2408,70,30,208,21,0,47,188,2025-11-12
2409,70,31,78,21,0,26,104,2025-12-07
2410,70,32,117,21,0,10,80,2025-12-04
2411,70,34,197,21,0,33,132,2025-12-25
2412,70,37,221,21,0,52,208,2025-12-16
2413,70,38,178,21,0,10,80,2025-12-22
2414,70,40,46,21,107,51,204,2025-11-23
2415,70,41,34,21,113,49,196,2025-11-27
2416,70,42,133,21,0,33,132,2025-11-02
2417,70,43,58,21,62,40,160,2025-12-19
2418,70,45,61,21,98,53,212,2025-11-06
2419,70,47,159,21,0,25,100,2025-11-16
2420,70,48,88,21,0,10,80,2025-12-11
2421,70,49,223,21,0,26,104,2025-11-17
2422,71,1,32,22,136,56,224,2025-12-18
2423,71,2,103,22,0,31,124,2025-12-01
2424,71,3,71,22,64,45,180,2025-12-15
2425,71,4,182,22,0,20,80,2025-12-16
2426,71,5,209,22,0,13,80,2025-11-04
2427,71,6,176,22,0,21,84,2025-11-27
2428,71,7,195,22,0,16,80,2025-12-18
2429,71,8,114,22,0,29,116,2025-11-05
2430,71,9,173,22,0,18,80,2025-11-02
2431,71,10,151,22,0,49,196,2025-12-24
2432,71,11,139,22,23,54,216,2025-11-28
2433,71,12,126,22,0,39,156,2025-11-08
2434,71,13,222,22,0,36,144,2025-11-23
2435,71,14,73,22,0,20,80,2025-11-25
2436,71,15,101,22,0,10,80,2025-11-22
2437,71,16,78,22,0,20,80,2025-12-23
2438,71,17,135,22,0,10,80,2025-12-22
2439,71,19,93,22,15,36,144,2025-12-25
2440,71,20,235,22,0,21,84,2025-12-01
2441,71,21,221,22,0,19,80,2025-11-18
2442,71,22,144,22,0,10,80,2025-11-08
2443,71,23,133,22,44,59,236,2025-12-13
2444,71,24,170,22,0,20,80,2025-11-12
2445,71,25,70,22,23,31,124,2025-12-05
2446,71,26,194,22,0,12,80,2025-11-21
2447,71,27,216,22,0,34,136,2025-12-16
2448,71,28,120,22,36,52,208,2025-11-13
2449,71,29,161,22,0,12,80,2025-12-11
2450,71,30,160,22,0,15,80,2025-11-30
2451,71,31,248,22,0,16,80,2025-12-10
2452,71,33,133,22,0,10,80,2025-11-13
2453,71,36,134,22,0,31,124,2025-12-06
2454,71,38,38,22,103,47,188,2025-12-17
2455,71,40,115,22,0,17,80,2025-12-08
2456,71,47,186,22,0,32,128,2025-12-24
2457,72,1,161,5,0,45,180,2025-11-14
2458,72,2,186,5,0,45,180,2025-12-07
2459,72,3,170,5,0,42,168,2025-11-27
2460,72,4,22,5,155,59,236,2025-12-08
2461,72,5,208,5,0,18,80,2025-11-16
2462,72,6,213,5,0,36,144,2025-12-03
2463,72,7,219,5,0,58,232,2025-12-10
2464,72,8,169,5,5,58,232,2025-12-06
2465,72,9,176,5,0,26,104,2025-11-16
2466,72,10,172,5,5,59,236,2025-12-29
2467,72,11,226,5,0,39,156,2025-11-26
2468,72,12,65,5,115,60,240,2025-11-14
2469,72,13,157,5,17,58,232,2025-12-25
2470,72,14,85,5,83,56,224,2025-11-11
2471,72,15,88,5,0,26,104,2025-11-23
2472,72,17,48,5,66,38,152,2025-12-03
2473,72,18,229,5,0,13,80,2025-12-20
2474,72,19,201,5,0,10,80,2025-11-11
2475,72,20,122,5,0,10,80,2025-11-20
2476,72,22,172,5,0,10,80,2025-11-19
2477,72,23,208,5,0,44,176,2025-12-04
2478,72,24,40,5,125,55,220,2025-11-01
2479,72,26,268,5,0,10,80,2025-11-14
2480,72,30,128,5,28,52,208,2025-11-19
2481,72,33,137,5,0,25,100,2025-11-02
2482,72,34,255,5,0,54,216,2025-12-10
2483,72,36,130,5,0,39,156,2025-12-08
2484,72,38,169,5,0,53,212,2025-12-22
2485,72,39,252,5,0,46,184,2025-11-21
2486,72,40,142,5,23,55,220,2025-12-02
2487,72,48,189,5,0,28,112,2025-11-02
2488,72,49,155,5,0,47,188,2025-12-10
2489,72,50,103,5,0,10,80,2025-11-09
2490,73,1,116,6,0,19,80,2025-11-13
2491,73,2,45,6,0,13,80,2025-12-25
2492,73,3,174,6,0,54,216,2025-11-09
2493,73,4,218,6,0,49,196,2025-12-06
2494,73,5,158,6,0,30,120,2025-11-29
2495,73,6,108,6,0,10,80,2025-12-03
2496,73,7,162,6,3,55,220,2025-11-03
2497,73,8,140,6,0,38,152,2025-11-08
2498,73,9,217,6,0,27,108,2025-11-17
2499,73,10,165,6,0,30,120,2025-12-01
2500,73,11,121,6,0,33,132,2025-12-16
2501,73,12,144,6,0,37,148,2025-12-27
2502,73,13,151,6,0,17,80,2025-12-25
2503,73,14,137,6,0,39,156,2025-12-03
2504,73,15,161,6,0,41,164,2025-11-15
2505,73,16,237,6,0,29,116,2025-11-08
2506,73,17,152,6,0,10,80,2025-11-23
2507,73,18,212,6,0,39,156,2025-11-14
2508,73,19,108,6,57,55,220,2025-12-21
2509,73,20,200,6,0,10,80,2025-12-14
2510,73,21,159,6,0,16,80,2025-12-24
2511,73,22,156,6,0,32,128,2025-11-04
2512,73,23,100,6,29,43,172,2025-12-04
2513,73,25,282,6,0,55,220,2025-11-22
2514,73,26,187,6,0,55,220,2025-11-06
2515,73,28,151,6,0,31,124,2025-11-10
2516,73,29,109,6,0,29,116,2025-11-27
2517,73,30,78,6,81,53,212,2025-12-02
2518,73,31,210,6,0,48,192,2025-11-28
2519,73,33,64,6,8,24,96,2025-11-23
2520,73,34,129,6,9,46,184,2025-12-12
2521,73,35,161,6,0,25,100,2025-12-20
2522,73,37,89,6,0,25,100,2025-11-10
2523,73,38,88,6,14,34,136,2025-11-17
2524,73,42,123,6,33,52,208,2025-11-09
2525,73,47,59,6,91,50,200,2025-12-10
2526,73,48,91,6,0,19,80,2025-11-28
2527,74,1,127,7,53,60,240,2025-11-06
2528,74,2,88,7,17,35,140,2025-11-13
2529,74,3,99,7,45,48,192,2025-11-09
2530,74,4,213,7,0,26,104,2025-11-26
2531,74,5,135,7,0,38,152,2025-11-07
2532,74,6,152,7,0,35,140,2025-12-21
2533,74,7,125,7,19,48,192,2025-12-27
2534,74,8,192,7,0,39,156,2025-11-21
2535,74,9,160,7,0,12,80,2025-11-27
2536,74,10,80,7,0,19,80,2025-11-12
2537,74,11,138,7,0,28,112,2025-12-11
2538,74,12,153,7,0,49,196,2025-12-06
2539,74,13,157,7,0,43,172,2025-12-19
2540,74,14,68,7,64,44,176,2025-11-05
2541,74,16,88,7,0,10,80,2025-12-17
2542,74,17,68,7,79,49,196,2025-11-26
2543,74,18,173,7,0,31,124,2025-11-08
2544,74,19,92,7,52,48,192,2025-12-04
2545,74,20,177,7,0,10,80,2025-12-23
2546,74,21,126,7,0,40,160,2025-11-17
2547,74,22,166,7,0,46,184,2025-11-14
2548,74,23,208,7,0,28,112,2025-12-19
2549,74,25,74,7,4,26,104,2025-11-23
2550,74,27,193,7,0,53,212,2025-11-03
2551,74,28,136,7,0,24,96,2025-12-21
2552,74,29,159,7,12,57,228,2025-12-06
2553,74,31,146,7,13,53,212,2025-12-08
2554,74,32,146,7,0,33,132,2025-12-30
2555,74,33,122,7,0,29,116,2025-12-20
2556,74,36,177,7,0,20,80,2025-11-06
2557,74,37,93,7,0,10,80,2025-11-25
2558,74,38,121,7,0,13,80,2025-11-25
2559,74,41,73,7,0,19,80,2025-11-25
2560,74,43,118,7,0,18,80,2025-12-21
2561,74,46,104,7,4,36,144,2025-11-25
2562,74,48,72,7,54,42,168,2025-11-18
2563,75,1,131,8,0,39,156,2025-12-04
2564,75,2,131,8,0,25,100,2025-12-14
2565,75,3,170,8,0,10,80,2025-11-20
2566,75,4,219,8,0,57,228,2025-11-04
2567,75,5,190,8,0,17,80,2025-12-07
2568,75,6,128,8,0,29,116,2025-12-22
2569,75,7,121,8,0,33,132,2025-12-29
2570,75,8,153,8,15,56,224,2025-12-05
2571,75,9,339,8,0,56,224,2025-12-29
2572,75,10,121,8,0,34,136,2025-11-02
2573,75,11,104,8,0,15,80,2025-11-10
2574,75,12,168,8,0,44,176,2025-12-09
2575,75,14,235,8,0,10,80,2025-11-02
2576,75,15,188,8,0,40,160,2025-12-05
2577,75,16,137,8,0,44,176,2025-12-20
2578,75,17,171,8,0,52,208,2025-11-23
2579,75,18,103,8,62,55,220,2025-11-06
2580,75,19,122,8,34,52,208,2025-11-02
2581,75,20,180,8,0,34,136,2025-12-18
2582,75,21,173,8,0,56,224,2025-12-07
2583,75,23,205,8,0,14,80,2025-11-09
2584,75,24,178,8,0,45,180,2025-12-06
2585,75,25,112,8,0,28,112,2025-11-28
2586,75,26,166,8,0,51,204,2025-11-04
2587,75,27,71,8,0,10,80,2025-12-25
2588,75,28,194,8,0,44,176,2025-11-27
2589,75,29,210,8,0,22,88,2025-11-22
2590,75,30,163,8,0,11,80,2025-12-21
2591,75,31,175,8,0,37,148,2025-11-21
2592,75,32,94,8,11,35,140,2025-11-28
2593,75,34,136,8,44,60,240,2025-11-04
2594,75,36,165,8,0,12,80,2025-11-13
2595,75,37,151,8,0,26,104,2025-12-17
2596,75,38,203,8,0,54,216,2025-12-10
2597,75,39,132,8,0,14,80,2025-12-09
2598,75,40,22,8,113,45,180,2025-12-16
2599,75,41,181,8,0,13,80,2025-11-27
2600,75,42,207,8,0,11,80,2025-11-20
2601,75,43,187,8,0,46,184,2025-11-26
2602,75,44,174,8,0,53,212,2025-11-22
2603,75,45,65,8,25,30,120,2025-11-29
2604,75,46,270,8,0,26,104,2025-11-02
2605,75,49,170,8,0,37,148,2025-12-16
2606,75,50,261,8,0,10,80,2025-12-12
2607,76,1,127,9,0,22,88,2025-11-22
2608,76,2,119,9,0,10,80,2025-11-27
2609,76,3,103,9,59,54,216,2025-11-22
2610,76,4,105,9,0,15,80,2025-11-14
2611,76,5,107,9,40,49,196,2025-11-25
2612,76,6,66,9,66,44,176,2025-12-11
2613,76,7,250,9,0,28,112,2025-11-22
2614,76,8,271,9,0,23,92,2025-11-18
2615,76,9,209,9,0,52,208,2025-12-26
2616,76,10,246,9,0,43,172,2025-11-07
2617,76,11,145,9,0,47,188,2025-11-08
2618,76,13,127,9,0,24,96,2025-11-12
2619,76,14,141,9,0,39,156,2025-12-30
2620,76,15,95,9,0,15,80,2025-11-14
2621,76,16,85,9,92,59,236,2025-12-19
2622,76,17,164,9,0,48,192,2025-12-17
2623,76,18,183,9,0,25,100,2025-12-20
2624,76,19,131,9,10,47,188,2025-12-15
2625,76,20,116,9,64,60,240,2025-12-08
2626,76,21,90,9,0,21,84,2025-11-03
2627,76,22,146,9,22,56,224,2025-11-03
2628,76,23,191,9,0,43,172,2025-12-24
2629,76,24,73,9,2,25,100,2025-11-08
2630,76,26,171,9,0,11,80,2025-11-18
2631,76,27,197,9,0,51,204,2025-11-13
2632,76,29,167,9,0,10,80,2025-11-19
2633,76,31,220,9,0,24,96,2025-11-17
2634,76,34,366,9,0,26,104,2025-11-24
2635,76,35,116,9,10,42,168,2025-11-24
2636,76,40,122,9,40,54,216,2025-11-11
2637,76,42,152,9,0,10,80,2025-11-24
2638,76,45,166,9,0,53,212,2025-12-09
2639,76,46,162,9,0,10,80,2025-12-17
2640,76,47,187,9,0,28,112,2025-12-26
2641,76,50,95,9,25,40,160,2025-11-29
2642,77,1,74,10,82,52,208,2025-12-09
2643,77,2,78,10,69,49,196,2025-12-14
2644,77,3,101,10,13,38,152,2025-11-05
2645,77,4,69,10,0,10,80,2025-12-30
2646,77,5,171,10,0,57,228,2025-12-01
2647,77,6,113,10,0,10,80,2025-11-10
2648,77,7,108,10,45,51,204,2025-11-30
2649,77,8,127,10,0,10,80,2025-11-15
2650,77,9,123,10,0,31,124,2025-11-05
2651,77,10,71,10,79,50,200,2025-11-10
2652,77,11,168,10,0,11,80,2025-12-17
2653,77,12,186,10,0,10,80,2025-12-02
2654,77,13,199,10,0,58,232,2025-12-14
2655,77,14,237,10,0,11,80,2025-11-11
2656,77,15,68,10,16,28,112,2025-12-17
2657,77,16,97,10,0,30,120,2025-11-08
2658,77,17,190,10,0,53,212,2025-11-30
2659,77,18,227,10,0,10,80,2025-11-19
2660,77,19,146,10,0,30,120,2025-12-03
2661,77,20,253,10,0,49,196,2025-12-07
2662,77,21,203,10,0,41,164,2025-12-26
2663,77,22,182,10,0,47,188,2025-12-02
2664,77,23,159,10,0,30,120,2025-12-15
2665,77,24,87,10,72,53,212,2025-11-01
2666,77,26,0,0,132,44,176,2025-12-21
2667,77,27,134,10,0,23,92,2025-12-29
2668,77,29,150,10,0,10,80,2025-11-19
2669,77,30,182,10,0,22,88,2025-11-22
2670,77,31,151,10,0,28,112,2025-12-23
2671,77,34,141,10,0,15,80,2025-11-20
2672,77,36,153,10,0,28,112,2025-11-21
2673,77,37,209,10,0,10,80,2025-11-13
2674,77,39,168,10,0,46,184,2025-11-10
2675,77,42,141,10,0,44,176,2025-11-17
2676,77,43,136,10,0,41,164,2025-11-25
2677,77,44,107,10,0,34,136,2025-11-18
2678,77,46,34,10,107,47,188,2025-11-18
2679,77,50,161,10,10,57,228,2025-11-14
2680,78,1,117,11,0,22,88,2025-11-15
2681,78,2,136,11,17,51,204,2025-12-10
2682,78,3,193,11,0,34,136,2025-11-13
2683,78,4,43,11,77,40,160,2025-12-09
2684,78,5,24,11,6,10,80,2025-11-15
2685,78,6,185,11,0,25,100,2025-12-02
2686,78,7,118,11,0,10,80,2025-12-05
2687,78,8,159,11,0,34,136,2025-11-20
2688,78,9,95,11,37,44,176,2025-11-17
2689,78,10,132,11,0,18,80,2025-12-16
2690,78,11,145,11,0,34,136,2025-12-16
2691,78,12,162,11,0,53,212,2025-11-09
2692,78,13,136,11,0,17,80,2025-12-25
2693,78,14,88,11,50,46,184,2025-11-08
2694,78,15,159,11,3,54,216,2025-11-26
2695,78,16,185,11,0,23,92,2025-12-03
2696,78,17,88,11,0,10,80,2025-12-25
2697,78,18,188,11,0,41,164,2025-12-22
2698,78,19,129,11,0,39,156,2025-11-21
2699,78,20,91,11,80,57,228,2025-12-07
2700,78,21,102,11,0,28,112,2025-11-25
2701,78,22,198,11,0,41,164,2025-11-02
2702,78,23,149,11,0,39,156,2025-11-05
2703,78,24,138,11,0,32,128,2025-12-05
2704,78,25,119,11,19,46,184,2025-11-17
2705,78,26,221,11,0,19,80,2025-12-09
2706,78,28,120,11,12,44,176,2025-11-22
2707,78,29,144,11,0,14,80,2025-12-05
2708,78,30,157,11,23,60,240,2025-11-25
2709,78,31,138,11,0,32,128,2025-12-17
2710,78,33,200,11,0,53,212,2025-11-25
2711,78,34,122,11,0,13,80,2025-12-16
2712,78,35,189,11,0,10,80,2025-11-05
2713,78,36,143,11,0,43,172,2025-12-22
2714,78,37,95,11,58,51,204,2025-11-08
2715,78,38,257,11,0,10,80,2025-12-12
2716,78,41,184,11,0,51,204,2025-11-14
2717,78,42,195,11,0,43,172,2025-12-07
2718,78,43,124,11,0,26,104,2025-11-14
2719,78,46,103,11,44,49,196,2025-12-06
2720,78,47,140,11,0,14,80,2025-12-03
2721,79,1,157,12,0,10,80,2025-12-28
2722,79,2,68,12,0,10,80,2025-11-11
2723,79,3,131,12,0,42,168,2025-11-19
2724,79,4,0,0,168,56,224,2025-12-15
2725,79,5,160,12,0,27,108,2025-12-28
2726,79,6,172,12,0,40,160,2025-12-28
2727,79,7,100,12,71,57,228,2025-11-25
2728,79,8,249,12,0,32,128,2025-11-28
2729,79,9,168,12,0,10,80,2025-12-21
2730,79,10,115,12,0,20,80,2025-12-18
2731,79,11,39,12,0,10,80,2025-12-12
2732,79,12,0,0,45,15,80,2025-11-30
2733,79,14,191,12,0,50,200,2025-11-04
2734,79,15,128,12,40,56,224,2025-12-09
2735,79,16,117,12,0,12,80,2025-11-28
2736,79,17,93,12,0,10,80,2025-11-11
2737,79,18,114,12,30,48,192,2025-12-02
2738,79,19,122,12,0,33,132,2025-11-06
2739,79,20,42,12,81,41,164,2025-11-05
2740,79,22,80,12,19,33,132,2025-12-07
2741,79,23,165,12,9,58,232,2025-11-29
2742,79,24,88,12,20,36,144,2025-11-24
2743,79,28,96,12,60,52,208,2025-11-11
2744,79,29,208,12,0,52,208,2025-12-01
2745,79,30,182,12,0,49,196,2025-12-03
2746,79,31,173,12,0,11,80,2025-12-23
2747,79,33,68,12,0,17,80,2025-12-26
2748,79,34,157,12,0,27,108,2025-11-05
2749,79,35,167,12,13,60,240,2025-11-01
2750,79,40,170,12,0,37,148,2025-12-28
2751,79,41,180,12,0,15,80,2025-11-13
2752,79,42,165,12,0,53,212,2025-12-07
2753,79,43,141,12,0,29,116,2025-11-25
2754,79,46,134,12,0,39,156,2025-12-15
2755,79,49,152,12,0,39,156,2025-11-03
2756,80,1,119,13,0,18,80,2025-12-30
2757,80,2,182,13,0,48,192,2025-11-19
2758,80,3,188,13,0,14,80,2025-12-02
2759,80,4,103,13,56,53,212,2025-12-25
2760,80,5,156,13,0,41,164,2025-12-19
2761,80,6,225,13,0,38,152,2025-12-10
2762,80,7,60,13,102,54,216,2025-12-04
2763,80,8,158,13,0,32,128,2025-11-27
2764,80,9,67,13,0,20,80,2025-12-03
2765,80,10,209,13,0,19,80,2025-12-16
2766,80,11,81,13,3,28,112,2025-11-22
2767,80,12,251,13,0,22,88,2025-12-17
2768,80,13,92,13,0,17,80,2025-11-08
2769,80,14,249,13,0,37,148,2025-12-03
2770,80,15,137,13,0,29,116,2025-12-06
2771,80,16,153,13,0,47,188,2025-12-28
2772,80,17,205,13,0,56,224,2025-11-05
2773,80,18,165,13,0,37,148,2025-12-06
2774,80,20,142,13,0,16,80,2025-11-28
2775,80,21,152,13,1,51,204,2025-12-24
2776,80,22,98,13,64,54,216,2025-12-09
2777,80,23,230,13,0,54,216,2025-11-07
2778,80,24,150,13,0,21,84,2025-12-10
2779,80,26,137,13,19,52,208,2025-12-20
2780,80,27,165,13,0,43,172,2025-12-13
2781,80,29,230,13,0,36,144,2025-11-04
2782,80,30,198,13,0,11,80,2025-11-07
2783,80,31,59,13,82,47,188,2025-11-25
2784,80,32,92,13,0,10,80,2025-12-01
2785,80,33,106,13,0,12,80,2025-11-28
2786,80,37,98,13,0,21,84,2025-11-12
2787,80,39,190,13,0,52,208,2025-11-27
2788,80,42,128,13,25,51,204,2025-11-14
2789,80,43,173,13,1,58,232,2025-11-26
2790,80,44,165,13,0,29,116,2025-12-20
2791,80,46,31,13,41,24,96,2025-11-17
2792,80,47,156,13,0,15,80,2025-12-20
2793,80,48,81,13,57,46,184,2025-12-09
2794,81,1,67,14,89,52,208,2025-11-17
2795,81,2,91,14,56,49,196,2025-12-18
2796,81,3,104,14,0,12,80,2025-12-07
2797,81,4,170,14,0,10,80,2025-12-08
2798,81,5,152,14,0,16,80,2025-11-28
2799,81,6,212,14,0,40,160,2025-12-28
2800,81,7,135,14,0,13,80,2025-11-21
2801,81,8,92,14,0,10,80,2025-12-09
2802,81,9,174,14,0,36,144,2025-12-19
2803,81,10,196,14,0,13,80,2025-11-29
2804,81,11,162,14,0,27,108,2025-12-19
2805,81,12,98,14,40,46,184,2025-12-15
2806,81,13,134,14,46,60,240,2025-11-26
2807,81,15,249,14,0,31,124,2025-11-27
2808,81,17,190,14,0,31,124,2025-11-09
2809,81,18,141,14,0,45,180,2025-12-06
2810,81,19,68,14,70,46,184,2025-12-05
2811,81,20,119,14,22,47,188,2025-11-20
2812,81,21,75,14,0,23,92,2025-11-28
2813,81,22,28,14,125,51,204,2025-12-23
2814,81,25,122,14,0,40,160,2025-11-27
2815,81,27,261,14,0,50,200,2025-12-25
2816,81,29,76,14,0,22,88,2025-12-11
2817,81,31,250,14,0,10,80,2025-11-10
2818,81,32,137,14,43,60,240,2025-12-06
2819,81,37,219,14,0,37,148,2025-11-26
2820,81,39,178,14,0,32,128,2025-12-28
2821,81,40,132,14,0,10,80,2025-12-29
2822,81,41,219,14,0,30,120,2025-12-22
2823,81,42,111,14,3,38,152,2025-11-11
2824,81,46,122,14,43,55,220,2025-11-24
2825,81,47,127,14,0,10,80,2025-11-23
2826,81,48,117,14,0,15,80,2025-12-15
2827,81,50,134,14,0,37,148,2025-12-19
2828,82,1,117,15,0,21,84,2025-12-01
2829,82,2,0,0,99,33,132,2025-12-19
2830,82,3,106,15,0,22,88,2025-11-30
2831,82,4,127,15,8,45,180,2025-11-28
2832,82,5,203,15,0,30,120,2025-12-05
2833,82,6,190,15,0,15,80,2025-12-19
2834,82,7,107,15,0,10,80,2025-12-18
2835,82,8,135,15,0,31,124,2025-12-19
2836,82,9,92,15,61,51,204,2025-11-10
2837,82,10,147,15,18,55,220,2025-11-10
2838,82,11,171,15,0,19,80,2025-12-09
2839,82,12,138,15,27,55,220,2025-12-02
2840,82,13,120,15,0,23,92,2025-11-10
2841,82,14,149,15,0,21,84,2025-12-16
2842,82,15,56,15,112,56,224,2025-12-13
2843,82,16,124,15,0,21,84,2025-12-22
2844,82,17,195,15,0,28,112,2025-11-17
2845,82,18,30,15,51,27,108,2025-12-18
2846,82,19,119,15,25,48,192,2025-11-14
2847,82,20,108,15,66,58,232,2025-11-23
2848,82,22,209,15,0,35,140,2025-11-03
2849,82,25,129,15,0,38,152,2025-11-11
2850,82,26,117,15,0,23,92,2025-12-05
2851,82,27,166,15,0,48,192,2025-12-07
2852,82,28,304,15,0,46,184,2025-12-23
2853,82,29,140,15,28,56,224,2025-11-29
2854,82,30,160,15,0,35,140,2025-12-18
2855,82,33,214,15,0,40,160,2025-12-08
2856,82,34,187,15,0,10,80,2025-11-03
2857,82,35,125,15,0,18,80,2025-12-20
2858,82,37,117,15,0,12,80,2025-11-02
2859,82,38,214,15,0,60,240,2025-11-25
2860,82,39,211,15,0,51,204,2025-11-18
2861,82,40,85,15,86,57,228,2025-11-17
2862,82,43,73,15,8,27,108,2025-11-08
2863,82,44,193,15,0,35,140,2025-12-04
2864,82,47,192,15,0,49,196,2025-11-03
2865,82,49,177,15,3,60,240,2025-11-15
2866,83,1,121,16,0,10,80,2025-12-11
2867,83,2,214,16,0,47,188,2025-11-07
2868,83,3,140,16,0,33,132,2025-11-13
2869,83,4,111,16,0,10,80,2025-12-25
2870,83,5,103,16,32,45,180,2025-12-28
2871,83,6,230,16,0,34,136,2025-12-28
2872,83,7,193,16,0,57,228,2025-12-28
2873,83,8,235,16,0,20,80,2025-12-01
2874,83,9,176,16,0,24,96,2025-12-28
2875,83,10,119,16,0,19,80,2025-11-17
2876,83,11,109,16,0,10,80,2025-11-09
2877,83,13,121,16,0,31,124,2025-12-07
2878,83,14,282,16,0,12,80,2025-11-21
2879,83,15,122,16,0,39,156,2025-12-23
2880,83,17,181,16,0,39,156,2025-12-27
2881,83,18,213,16,0,10,80,2025-11-06
2882,83,20,165,16,15,60,240,2025-12-02
2883,83,21,49,16,29,26,104,2025-11-12
2884,83,22,173,16,0,23,92,2025-12-12
2885,83,23,157,16,0,15,80,2025-12-05
2886,83,24,173,16,0,43,172,2025-12-25
2887,83,25,204,16,0,51,204,2025-11-10
2888,83,26,208,16,0,15,80,2025-11-15
2889,83,27,228,16,0,40,160,2025-11-18
2890,83,28,2,2,28,10,80,2025-11-19
2891,83,29,145,16,0,18,80,2025-11-04
2892,83,30,204,16,0,14,80,2025-12-30
2893,83,31,229,16,0,10,80,2025-12-26
2894,83,32,215,16,0,59,236,2025-11-13
2895,83,33,96,16,45,47,188,2025-11-16
2896,83,40,63,16,0,20,80,2025-11-18
2897,83,41,102,16,0,17,80,2025-12-20
2898,83,42,115,16,0,26,104,2025-12-07
2899,83,43,182,16,0,27,108,2025-12-27
2900,83,44,153,16,0,49,196,2025-11-17
2901,83,46,117,16,36,51,204,2025-11-13
2902,83,47,90,16,0,26,104,2025-12-16
2903,83,48,189,16,0,60,240,2025-11-17
2904,84,1,84,17,51,45,180,2025-12-28
2905,84,2,123,17,0,31,124,2025-11-08
2906,84,3,122,17,0,40,160,2025-11-20
2907,84,4,201,17,0,21,84,2025-11-18
2908,84,5,82,17,0,10,80,2025-11-03
2909,84,6,133,17,0,36,144,2025-12-27
2910,84,7,92,17,58,50,200,2025-11-16
2911,84,8,102,17,0,24,96,2025-11-09
2912,84,9,149,17,0,25,100,2025-11-24
2913,84,10,48,17,24,24,96,2025-11-07
2914,84,11,219,17,0,42,168,2025-12-05
2915,84,12,94,17,59,51,204,2025-11-15
2916,84,13,156,17,0,10,80,2025-11-17
2917,84,14,158,17,0,25,100,2025-11-04
2918,84,15,218,17,0,39,156,2025-12-23
2919,84,16,281,17,0,10,80,2025-11-23
2920,84,18,192,17,0,14,80,2025-11-15
2921,84,19,181,17,0,13,80,2025-12-02
2922,84,20,73,17,0,10,80,2025-11-24
2923,84,22,147,17,0,49,196,2025-12-12
2924,84,23,93,17,0,19,80,2025-11-19
2925,84,24,121,17,0,13,80,2025-12-29
2926,84,25,156,17,0,35,140,2025-12-03
2927,84,26,134,17,0,19,80,2025-11-30
2928,84,27,133,17,0,15,80,2025-12-07
2929,84,29,170,17,0,42,168,2025-11-20
2930,84,31,57,17,0,15,80,2025-11-06
2931,84,32,154,17,17,57,228,2025-12-10
2932,84,33,60,17,0,10,80,2025-11-08
2933,84,34,194,17,0,46,184,2025-11-11
2934,84,35,153,17,0,13,80,2025-12-22
2935,84,37,80,17,97,59,236,2025-11-30
2936,84,39,194,17,0,57,228,2025-11-30
2937,84,40,109,17,0,21,84,2025-11-27
2938,84,42,103,17,41,48,192,2025-11-01
2939,84,43,116,17,0,15,80,2025-12-14
2940,84,44,163,17,0,11,80,2025-12-06
2941,84,46,164,17,0,19,80,2025-12-18
2942,84,47,37,17,104,47,188,2025-11-03
2943,84,48,214,17,0,19,80,2025-11-08
2944,84,49,142,17,0,10,80,2025-12-26
2945,85,1,166,18,0,35,140,2025-11-21
2946,85,2,171,18,0,51,204,2025-12-22
2947,85,3,188,18,0,45,180,2025-12-16
2948,85,4,42,18,84,42,168,2025-11-12
2949,85,5,122,18,37,53,212,2025-11-07
2950,85,6,117,18,0,10,80,2025-11-19
2951,85,7,165,18,15,60,240,2025-11-26
2952,85,8,225,18,0,28,112,2025-12-14
2953,85,9,84,18,12,32,128,2025-11-19
2954,85,10,138,18,0,26,104,2025-12-11
2955,85,11,177,18,0,47,188,2025-12-14
2956,85,12,110,18,0,34,136,2025-12-19
2957,85,13,151,18,0,17,80,2025-11-20
2958,85,14,188,18,0,56,224,2025-12-03
2959,85,15,94,18,0,11,80,2025-12-27
2960,85,16,138,18,0,17,80,2025-11-30
2961,85,17,131,18,25,52,208,2025-11-28
2962,85,18,223,18,0,46,184,2025-12-22
2963,85,19,196,18,0,24,96,2025-11-03
2964,85,20,159,18,0,24,96,2025-11-26
2965,85,21,132,18,0,43,172,2025-12-10
2966,85,22,159,18,0,42,168,2025-12-02
2967,85,23,105,18,51,52,208,2025-11-06
2968,85,25,161,18,0,47,188,2025-11-05
2969,85,27,61,18,23,28,112,2025-12-15
2970,85,29,144,18,0,47,188,2025-12-02
2971,85,31,103,18,0,31,124,2025-11-18
2972,85,32,121,18,0,10,80,2025-12-11
2973,85,33,100,18,14,38,152,2025-12-01
2974,85,34,176,18,0,51,204,2025-12-16
2975,85,35,142,18,8,50,200,2025-12-05
2976,85,36,43,18,134,59,236,2025-12-23
2977,85,37,72,18,78,50,200,2025-12-09
2978,85,38,134,18,0,21,84,2025-12-29
2979,85,39,172,18,0,20,80,2025-12-13
2980,85,41,165,18,0,10,80,2025-12-09
2981,85,42,140,18,0,19,80,2025-12-24
2982,85,43,207,18,0,19,80,2025-12-04
2983,85,44,181,18,0,19,80,2025-12-03
2984,85,45,118,18,20,46,184,2025-12-17
2985,85,46,197,18,0,57,228,2025-12-20
2986,85,48,108,18,51,53,212,2025-12-16
2987,86,1,168,19,0,27,108,2025-11-21
2988,86,2,177,19,0,19,80,2025-12-03
2989,86,3,9,9,75,28,112,2025-11-22
2990,86,4,145,19,0,37,148,2025-12-30
2991,86,5,116,19,0,11,80,2025-11-28
2992,86,6,165,19,3,56,224,2025-12-04
2993,86,7,91,19,0,30,120,2025-11-12
2994,86,8,114,19,0,29,116,2025-11-20
2995,86,9,118,19,59,59,236,2025-11-20
2996,86,10,80,19,0,20,80,2025-11-16
2997,86,11,98,19,0,22,88,2025-11-25
2998,86,12,155,19,0,46,184,2025-11-26
2999,86,13,160,19,0,10,80,2025-11-12
3000,86,15,113,19,67,60,240,2025-12-20
3001,86,16,65,19,0,17,80,2025-11-10
3002,86,17,178,19,0,38,152,2025-12-25
3003,86,18,205,19,0,15,80,2025-11-13
3004,86,20,170,19,0,49,196,2025-11-28
3005,86,22,130,19,0,11,80,2025-12-19
3006,86,23,70,19,0,14,80,2025-11-09
3007,86,27,147,19,0,49,196,2025-12-10
3008,86,28,167,19,0,13,80,2025-12-30
3009,86,29,202,19,0,43,172,2025-11-14
3010,86,30,193,19,0,14,80,2025-12-20
3011,86,31,131,19,1,44,176,2025-12-04
3012,86,33,201,19,0,34,136,2025-12-19
3013,86,34,148,19,0,35,140,2025-12-27
3014,86,35,170,19,0,22,88,2025-11-30
3015,86,36,219,19,0,53,212,2025-11-23
3016,86,37,118,19,20,46,184,2025-11-07
3017,86,39,97,19,65,54,216,2025-11-26
3018,86,40,187,19,0,17,80,2025-12-30
3019,86,43,175,19,0,14,80,2025-12-06
3020,86,45,204,19,0,10,80,2025-11-22
3021,86,47,135,19,0,21,84,2025-12-28
3022,86,48,89,19,7,32,128,2025-12-28
3023,86,50,28,19,35,21,84,2025-11-20
3024,87,1,221,20,0,23,92,2025-12-02
3025,87,2,162,20,0,20,80,2025-11-09
3026,87,3,129,20,0,33,132,2025-12-11
3027,87,4,170,20,0,17,80,2025-12-04
3028,87,5,108,20,24,44,176,2025-12-03
3029,87,6,155,20,0,50,200,2025-11-08
3030,87,7,212,20,0,14,80,2025-12-16
3031,87,8,110,20,43,51,204,2025-12-10
3032,87,9,174,20,0,10,80,2025-11-26
3033,87,10,222,20,0,38,152,2025-12-19
3034,87,11,137,20,0,36,144,2025-12-17
3035,87,12,247,20,0,52,208,2025-12-30
3036,87,13,125,20,0,10,80,2025-12-24
3037,87,14,115,20,47,54,216,2025-12-21
3038,87,15,226,20,0,44,176,2025-12-25
3039,87,16,86,20,0,10,80,2025-11-14
3040,87,17,170,20,0,33,132,2025-11-28
3041,87,18,58,20,47,35,140,2025-12-16
3042,87,19,176,20,0,13,80,2025-12-03
3043,87,21,184,20,0,44,176,2025-12-11
3044,87,22,192,20,0,56,224,2025-12-30
3045,87,23,91,20,32,41,164,2025-12-09
3046,87,24,113,20,40,51,204,2025-11-21
3047,87,26,268,20,0,17,80,2025-12-21
3048,87,29,132,20,42,58,232,2025-11-13
3049,87,30,71,20,100,57,228,2025-12-15
3050,87,31,147,20,18,55,220,2025-11-26
3051,87,34,157,20,0,32,128,2025-12-06
3052,87,35,209,20,0,12,80,2025-12-29
3053,87,36,125,20,55,60,240,2025-11-06
3054,87,38,138,20,3,47,188,2025-11-05
3055,87,40,99,20,0,10,80,2025-11-30
3056,87,43,119,20,28,49,196,2025-12-20
3057,87,44,61,20,26,29,116,2025-11-28
3058,87,46,94,20,68,54,216,2025-11-14
3059,87,47,110,20,0,10,80,2025-12-20
3060,87,50,112,20,11,41,164,2025-12-04
3061,88,1,103,21,0,13,80,2025-11-16
3062,88,2,167,21,10,59,236,2025-11-14
3063,88,3,146,21,0,30,120,2025-12-15
3064,88,4,74,21,103,59,236,2025-11-15
3065,88,5,118,21,0,26,104,2025-11-27
3066,88,6,194,21,0,19,80,2025-11-30
3067,88,7,186,21,0,22,88,2025-12-11
3068,88,8,173,21,0,31,124,2025-12-01
3069,88,9,82,21,53,45,180,2025-11-13
3070,88,10,174,21,0,22,88,2025-11-08
3071,88,11,54,21,3,19,80,2025-11-21
3072,88,12,148,21,0,31,124,2025-11-22
3073,88,13,83,21,0,20,80,2025-11-03
3074,88,14,106,21,20,42,168,2025-12-10
3075,88,15,256,21,0,40,160,2025-11-20
3076,88,16,105,21,66,57,228,2025-11-13
3077,88,17,98,21,0,30,120,2025-11-22
3078,88,18,177,21,0,27,108,2025-11-17
3079,88,19,51,21,99,50,200,2025-12-28
3080,88,20,127,21,41,56,224,2025-12-02
3081,88,21,110,21,0,32,128,2025-12-05
3082,88,22,217,21,0,50,200,2025-11-15
3083,88,23,195,21,0,46,184,2025-11-15
3084,88,26,106,21,0,14,80,2025-12-13
3085,88,28,216,21,0,10,80,2025-12-27
3086,88,30,42,21,66,36,144,2025-12-16
3087,88,31,170,21,0,25,100,2025-11-24
3088,88,34,181,21,0,10,80,2025-12-28
3089,88,35,166,21,0,27,108,2025-12-13
3090,88,36,123,21,0,10,80,2025-12-05
3091,88,39,236,21,0,60,240,2025-12-12
3092,88,40,303,21,0,45,180,2025-11-07
3093,88,41,142,21,0,36,144,2025-12-10
3094,88,42,204,21,0,13,80,2025-11-05
3095,88,46,123,21,15,46,184,2025-11-16
3096,88,48,30,21,126,52,208,2025-12-06
3097,88,50,105,21,0,20,80,2025-11-20
3098,89,1,0,0,171,57,228,2025-11-27
3099,89,2,191,22,0,24,96,2025-11-26
3100,89,3,138,22,0,23,92,2025-12-25
3101,89,4,167,22,0,47,188,2025-12-14
3102,89,5,177,22,0,54,216,2025-12-27
3103,89,6,144,22,0,30,120,2025-12-23
3104,89,7,67,22,104,57,228,2025-11-26
3105,89,8,144,22,0,28,112,2025-11-30
3106,89,9,234,22,0,47,188,2025-12-01
3107,89,10,101,22,0,13,80,2025-12-18
3108,89,11,149,22,0,42,168,2025-11-18
3109,89,12,141,22,0,45,180,2025-11-19
3110,89,14,176,22,0,14,80,2025-12-12
3111,89,15,176,22,0,40,160,2025-12-03
3112,89,16,210,22,0,39,156,2025-11-18
3113,89,17,162,22,0,10,80,2025-11-26
3114,89,19,136,22,0,27,108,2025-12-10
3115,89,21,152,22,0,11,80,2025-11-26
3116,89,23,106,22,26,44,176,2025-11-09
3117,89,24,137,22,0,34,136,2025-11-17
3118,89,25,235,22,0,22,88,2025-12-09
3119,89,26,207,22,0,45,180,2025-11-04
3120,89,27,123,22,0,10,80,2025-11-11
3121,89,29,128,22,0,13,80,2025-11-26
3122,89,30,158,22,0,36,144,2025-12-06
3123,89,31,177,22,0,16,80,2025-12-12
3124,89,32,77,22,0,15,80,2025-11-30
3125,89,33,23,22,25,16,80,2025-11-10
3126,89,34,268,22,0,57,228,2025-12-25
3127,89,35,101,22,0,12,80,2025-12-18
3128,89,36,146,22,0,36,144,2025-12-01
3129,89,37,160,22,0,19,80,2025-12-04
3130,89,40,46,22,104,50,200,2025-12-18
3131,89,42,74,22,13,29,116,2025-12-03
3132,89,45,164,22,0,13,80,2025-11-05
3133,89,49,138,22,12,50,200,2025-11-18
3134,89,50,99,22,0,25,100,2025-11-25
3135,90,1,159,5,0,37,148,2025-12-22
3136,90,2,116,5,0,10,80,2025-12-01
3137,90,3,90,5,0,13,80,2025-11-05
3138,90,4,153,5,9,54,216,2025-12-25
3139,90,5,77,5,0,17,80,2025-12-14
3140,90,6,160,5,0,11,80,2025-11-20
3141,90,7,156,5,0,10,80,2025-12-28
3142,90,8,114,5,0,37,148,2025-12-28
3143,90,9,197,5,0,43,172,2025-12-12
3144,90,10,0,0,138,46,184,2025-12-26
3145,90,11,136,5,0,36,144,2025-11-18
3146,90,12,195,5,0,14,80,2025-12-29
3147,90,13,222,5,0,20,80,2025-12-05
3148,90,14,202,5,0,29,116,2025-12-10
3149,90,15,132,5,0,10,80,2025-12-03
3150,90,16,123,5,30,51,204,2025-12-02
3151,90,17,231,5,0,22,88,2025-12-25
3152,90,18,230,5,0,30,120,2025-12-19
3153,90,19,112,5,62,58,232,2025-12-20
3154,90,20,188,5,0,10,80,2025-12-20
3155,90,24,168,5,0,28,112,2025-12-04
3156,90,26,235,5,0,13,80,2025-12-23
3157,90,31,101,5,0,31,124,2025-12-23
3158,90,32,170,5,0,36,144,2025-12-02
3159,90,34,182,5,0,56,224,2025-12-30
3160,90,35,213,5,0,48,192,2025-12-01
3161,90,36,294,5,0,10,80,2025-12-02
3162,90,37,174,5,0,49,196,2025-12-13
3163,90,38,160,5,0,47,188,2025-11-18
3164,90,42,89,5,0,29,116,2025-11-23
3165,90,43,63,5,0,10,80,2025-12-12
3166,90,44,167,5,0,50,200,2025-11-30
3167,90,46,224,5,0,21,84,2025-12-15
3168,90,48,31,5,56,29,116,2025-12-25
3169,90,49,145,5,32,59,236,2025-12-25
3170,90,50,126,5,27,51,204,2025-11-10
3171,91,1,145,6,0,21,84,2025-12-08
3172,91,2,167,6,0,10,80,2025-11-18
3173,91,3,151,6,0,38,152,2025-11-16
3174,91,4,203,6,0,31,124,2025-12-28
3175,91,5,125,6,0,10,80,2025-11-07
3176,91,6,139,6,0,10,80,2025-11-13
3177,91,7,126,6,15,47,188,2025-12-24
3178,91,8,138,6,0,10,80,2025-11-12
3179,91,9,167,6,0,35,140,2025-11-21
3180,91,10,76,6,0,25,100,2025-11-18
3181,91,11,122,6,52,58,232,2025-12-09
3182,91,13,126,6,33,53,212,2025-12-29
3183,91,14,165,6,0,42,168,2025-11-04
3184,91,15,45,6,66,37,148,2025-11-18
3185,91,16,36,6,0,10,80,2025-12-21
3186,91,17,193,6,0,21,84,2025-12-13
3187,91,18,160,6,5,55,220,2025-11-26
3188,91,19,62,6,67,43,172,2025-11-05
3189,91,20,62,6,0,15,80,2025-12-13
3190,91,21,224,6,0,45,180,2025-12-01
3191,91,23,130,6,0,11,80,2025-12-23
3192,91,24,185,6,0,24,96,2025-12-10
3193,91,25,135,6,0,42,168,2025-12-15
3194,91,27,208,6,0,17,80,2025-12-21
3195,91,29,159,6,0,17,80,2025-12-17
3196,91,31,69,6,60,43,172,2025-11-16
3197,91,33,103,6,0,27,108,2025-11-01
3198,91,34,299,6,0,10,80,2025-11-22
3199,91,35,72,6,0,18,80,2025-11-19
3200,91,36,167,6,0,29,116,2025-11-23
3201,91,39,102,6,0,34,136,2025-12-18
3202,91,42,74,6,4,26,104,2025-12-17
3203,91,46,163,6,0,29,116,2025-12-29
3204,91,48,118,6,0,12,80,2025-12-17
3205,92,1,198,7,0,10,80,2025-12-28
3206,92,2,135,7,45,60,240,2025-12-01
3207,92,3,19,7,68,29,116,2025-12-01
3208,92,4,151,7,0,28,112,2025-11-15
3209,92,5,157,7,0,10,80,2025-11-22
3210,92,6,183,7,0,15,80,2025-12-02
3211,92,8,218,7,0,38,152,2025-11-29
3212,92,9,232,7,0,21,84,2025-11-02
3213,92,10,109,7,0,35,140,2025-12-02
3214,92,11,116,7,37,51,204,2025-12-12
3215,92,12,229,7,0,44,176,2025-11-19
3216,92,13,199,7,0,37,148,2025-11-15
3217,92,14,110,7,67,59,236,2025-12-01
3218,92,15,265,7,0,36,144,2025-11-18
3219,92,16,69,7,9,26,104,2025-11-11
3220,92,17,145,7,0,13,80,2025-12-12
3221,92,18,139,7,32,57,228,2025-12-04
3222,92,19,204,7,0,25,100,2025-12-03
3223,92,20,122,7,28,50,200,2025-11-06
3224,92,21,190,7,0,10,80,2025-11-11
3225,92,22,80,7,4,28,112,2025-12-16
3226,92,23,166,7,0,22,88,2025-12-16
3227,92,24,113,7,31,48,192,2025-12-28
3228,92,26,264,7,0,26,104,2025-12-13
3229,92,29,99,7,0,10,80,2025-11-02
3230,92,30,94,7,62,52,208,2025-11-13
3231,92,34,165,7,0,11,80,2025-12-17
3232,92,36,91,7,0,14,80,2025-11-29
3233,92,37,153,7,0,34,136,2025-12-20
3234,92,39,225,7,0,41,164,2025-12-22
3235,92,40,203,7,0,47,188,2025-12-30
3236,92,42,73,7,68,47,188,2025-11-17
3237,92,43,174,7,0,21,84,2025-12-17
3238,92,44,166,7,0,11,80,2025-12-11
3239,92,45,171,7,0,10,80,2025-11-07
3240,92,46,151,7,0,41,164,2025-12-21
3241,92,48,158,7,0,18,80,2025-11-20
3242,92,49,255,7,0,41,164,2025-11-17
3243,93,1,152,8,0,48,192,2025-11-02
3244,93,2,36,8,66,34,136,2025-12-06
3245,93,3,92,8,0,25,100,2025-12-01
3246,93,4,220,8,0,49,196,2025-11-14
3247,93,5,202,8,0,56,224,2025-12-25
3248,93,6,151,8,0,14,80,2025-12-24
3249,93,7,123,8,0,28,112,2025-12-05
3250,93,8,159,8,0,23,92,2025-12-23
3251,93,9,80,8,0,26,104,2025-12-08
3252,93,10,104,8,7,37,148,2025-12-29
3253,93,12,176,8,4,60,240,2025-12-04
3254,93,13,129,8,0,14,80,2025-11-13
3255,93,14,139,8,0,20,80,2025-11-11
3256,93,16,138,8,0,39,156,2025-11-06
3257,93,17,82,8,17,33,132,2025-11-20
3258,93,18,249,8,0,59,236,2025-11-22
3259,93,22,108,8,24,44,176,2025-12-12
3260,93,23,144,8,0,22,88,2025-12-09
3261,93,24,137,8,0,10,80,2025-11-16
3262,93,26,98,8,34,44,176,2025-11-19
3263,93,27,209,8,0,54,216,2025-11-06
3264,93,28,116,8,58,58,232,2025-12-06
3265,93,29,158,8,0,33,132,2025-11-25
3266,93,30,248,8,0,28,112,2025-11-16
3267,93,31,98,8,31,43,172,2025-11-04
3268,93,32,116,8,0,28,112,2025-12-29
3269,93,35,145,8,0,41,164,2025-12-24
3270,93,38,59,8,64,41,164,2025-12-28
3271,93,39,194,8,0,45,180,2025-11-21
3272,93,40,145,8,0,33,132,2025-11-09
3273,93,41,144,8,0,46,184,2025-12-12
3274,93,42,216,8,0,50,200,2025-11-03
3275,93,44,164,8,0,43,172,2025-11-29
3276,93,45,182,8,0,57,228,2025-11-01
3277,93,47,187,8,0,28,112,2025-12-22
3278,93,48,204,8,0,10,80,2025-11-14
3279,94,1,230,9,0,42,168,2025-11-24
3280,94,2,96,9,0,23,92,2025-12-17
3281,94,3,34,9,0,10,80,2025-12-15
3282,94,4,162,9,0,26,104,2025-12-16
3283,94,5,152,9,22,58,232,2025-12-24
3284,94,6,124,9,0,32,128,2025-11-07
3285,94,7,148,9,0,18,80,2025-11-09
3286,94,8,226,9,0,49,196,2025-12-04
3287,94,9,120,9,45,55,220,2025-11-01
3288,94,10,126,9,27,51,204,2025-12-03
3289,94,11,194,9,0,45,180,2025-12-07
3290,94,12,104,9,0,10,80,2025-12-14
3291,94,13,49,9,0,10,80,2025-11-17
3292,94,14,203,9,0,35,140,2025-11-22
3293,94,15,94,9,0,26,104,2025-12-02
3294,94,16,90,9,48,46,184,2025-11-09
3295,94,18,110,9,61,57,228,2025-12-19
3296,94,19,132,9,45,59,236,2025-11-10
3297,94,20,182,9,0,25,100,2025-11-04
3298,94,21,170,9,0,13,80,2025-11-17
3299,94,24,184,9,0,32,128,2025-12-09
3300,94,25,127,9,17,48,192,2025-11-13
3301,94,26,122,9,0,21,84,2025-12-27
3302,94,27,128,9,0,10,80,2025-11-17
3303,94,28,129,9,0,32,128,2025-11-24
3304,94,30,125,9,0,25,100,2025-12-20
3305,94,33,165,9,0,45,180,2025-11-21
3306,94,34,118,9,8,42,168,2025-12-09
3307,94,37,173,9,0,49,196,2025-12-23
3308,94,45,126,9,0,41,164,2025-12-05
3309,94,48,160,9,0,30,120,2025-11-14
3310,95,1,147,10,0,16,80,2025-12-20
3311,95,2,128,10,0,41,164,2025-12-18
3312,95,3,130,10,0,10,80,2025-11-29
3313,95,4,173,10,0,36,144,2025-12-26
3314,95,6,21,10,159,60,240,2025-12-20
3315,95,7,229,10,0,33,132,2025-11-12
3316,95,8,126,10,0,42,168,2025-11-27
3317,95,9,126,10,24,50,200,2025-11-22
3318,95,10,65,10,97,54,216,2025-12-22
3319,95,11,104,10,0,11,80,2025-11-02
3320,95,12,136,10,0,43,172,2025-11-11
3321,95,13,161,10,0,28,112,2025-11-26
3322,95,14,104,10,0,26,104,2025-12-22
3323,95,15,159,10,0,26,104,2025-12-20
3324,95,16,226,10,0,24,96,2025-11-18
3325,95,17,163,10,11,58,232,2025-12-28
3326,95,18,113,10,0,19,80,2025-12-21
3327,95,19,144,10,30,58,232,2025-11-27
3328,95,20,215,10,0,22,88,2025-11-24
3329,95,21,165,10,0,53,212,2025-12-05
3330,95,22,211,10,0,21,84,2025-12-30
3331,95,23,149,10,1,50,200,2025-11-23
3332,95,24,123,10,42,55,220,2025-12-18
3333,95,25,126,10,0,26,104,2025-12-30
3334,95,26,136,10,0,38,152,2025-11-21
3335,95,27,121,10,0,24,96,2025-12-04
3336,95,29,38,10,49,29,116,2025-12-27
3337,95,30,113,10,1,38,152,2025-12-09
3338,95,33,161,10,19,60,240,2025-12-08
3339,95,34,169,10,0,32,128,2025-12-13
3340,95,37,90,10,0,24,96,2025-11-07
3341,95,38,125,10,0,17,80,2025-12-24
3342,95,40,164,10,0,28,112,2025-12-09
3343,95,43,113,10,0,34,136,2025-12-21
3344,95,47,193,10,0,16,80,2025-11-25
3345,95,49,221,10,0,10,80,2025-12-11
3346,95,50,237,10,0,41,164,2025-11-03
3347,96,1,137,11,0,37,148,2025-12-10
3348,96,2,97,11,53,50,200,2025-11-28
3349,96,3,154,11,0,10,80,2025-12-02
3350,96,4,145,11,26,57,228,2025-12-13
3351,96,5,145,11,0,10,80,2025-12-24
3352,96,6,133,11,0,10,80,2025-11-19
3353,96,7,132,11,0,35,140,2025-11-11
3354,96,8,109,11,53,54,216,2025-11-29
3355,96,9,132,11,18,50,200,2025-11-03
3356,96,10,132,11,0,31,124,2025-11-29
3357,96,11,138,11,0,10,80,2025-12-17
3358,96,12,177,11,0,10,80,2025-12-14
3359,96,13,17,11,13,10,80,2025-12-14
3360,96,14,178,11,0,59,236,2025-12-06
3361,96,15,31,11,137,56,224,2025-12-18
3362,96,16,101,11,0,12,80,2025-11-25
3363,96,17,243,11,0,15,80,2025-11-07
3364,96,18,115,11,38,51,204,2025-12-08
3365,96,19,203,11,0,10,80,2025-12-20
3366,96,20,146,11,0,19,80,2025-12-27
3367,96,21,248,11,0,41,164,2025-11-11
3368,96,23,132,11,0,12,80,2025-11-02
3369,96,26,174,11,0,40,160,2025-12-10
3370,96,27,85,11,26,37,148,2025-12-22
3371,96,29,247,11,0,44,176,2025-12-13
3372,96,30,210,11,0,35,140,2025-12-17
3373,96,31,127,11,0,10,80,2025-11-05
3374,96,32,147,11,0,46,184,2025-12-14
3375,96,33,197,11,0,49,196,2025-12-17
3376,96,37,65,11,64,43,172,2025-11-20
3377,96,38,123,11,0,23,92,2025-11-19
3378,96,41,171,11,0,10,80,2025-11-26
3379,96,43,193,11,0,53,212,2025-11-27
3380,96,44,50,11,52,34,136,2025-11-09
3381,96,47,157,11,0,10,80,2025-11-01
3382,96,49,46,11,26,24,96,2025-12-11
3383,97,1,91,12,32,41,164,2025-11-08
3384,97,2,203,12,0,45,180,2025-12-03
3385,97,3,213,12,0,22,88,2025-12-25
3386,97,4,160,12,0,43,172,2025-11-24
3387,97,5,145,12,0,42,168,2025-12-17
3388,97,6,233,12,0,29,116,2025-12-02
3389,97,7,182,12,0,10,80,2025-12-28
3390,97,8,164,12,0,18,80,2025-12-21
3391,97,9,115,12,44,53,212,2025-11-18
3392,97,10,147,12,0,35,140,2025-12-15
3393,97,12,100,12,0,20,80,2025-11-15
3394,97,13,87,12,69,52,208,2025-11-09
3395,97,14,127,12,26,51,204,2025-11-06
3396,97,15,23,12,64,29,116,2025-12-25
3397,97,16,178,12,0,55,220,2025-11-24
3398,97,17,113,12,0,10,80,2025-11-03
3399,97,18,156,12,0,10,80,2025-11-02
3400,97,19,99,12,0,10,80,2025-11-15
3401,97,20,123,12,0,31,124,2025-12-28
3402,97,21,86,12,0,25,100,2025-12-07
3403,97,23,123,12,0,24,96,2025-11-05
3404,97,24,193,12,0,43,172,2025-12-19
3405,97,25,68,12,25,31,124,2025-12-28
3406,97,26,156,12,0,33,132,2025-11-22
3407,97,27,203,12,0,19,80,2025-12-30
3408,97,29,151,12,0,10,80,2025-11-14
3409,97,30,180,12,0,58,232,2025-11-10
3410,97,32,172,12,0,24,96,2025-11-13
3411,97,33,161,12,0,28,112,2025-12-20
3412,97,34,193,12,0,41,164,2025-12-21
3413,97,36,127,12,38,55,220,2025-11-20
3414,97,37,96,12,0,12,80,2025-11-16
3415,97,38,107,12,55,54,216,2025-12-26
3416,97,39,148,12,0,26,104,2025-12-15
3417,97,41,190,12,0,24,96,2025-11-19
3418,97,45,255,12,0,28,112,2025-12-04
3419,97,46,180,12,0,45,180,2025-11-09
3420,97,49,107,12,0,27,108,2025-11-10
3421,97,50,168,12,9,59,236,2025-11-23
3422,98,1,123,13,3,42,168,2025-12-01
3423,98,2,92,13,67,53,212,2025-11-20
3424,98,3,105,13,54,53,212,2025-11-15
3425,98,4,95,13,46,47,188,2025-11-29
3426,98,5,202,13,0,59,236,2025-12-13
3427,98,6,212,13,0,10,80,2025-12-03
3428,98,7,130,13,47,59,236,2025-12-30
3429,98,8,132,13,3,45,180,2025-11-16
3430,98,9,112,13,0,33,132,2025-12-27
3431,98,10,178,13,0,39,156,2025-12-21
3432,98,11,189,13,0,50,200,2025-12-28
3433,98,12,147,13,0,28,112,2025-11-30
3434,98,13,110,13,0,16,80,2025-11-05
3435,98,14,121,13,0,34,136,2025-12-01
3436,98,15,184,13,0,34,136,2025-11-29
3437,98,16,147,13,0,48,192,2025-12-02
3438,98,17,35,13,112,49,196,2025-12-08
3439,98,18,213,13,0,27,108,2025-11-10
3440,98,19,143,13,0,11,80,2025-12-08
3441,98,21,33,13,66,33,132,2025-12-26
3442,98,22,118,13,14,44,176,2025-12-10
3443,98,23,168,13,3,57,228,2025-11-11
3444,98,24,241,13,0,16,80,2025-12-03
3445,98,25,202,13,0,21,84,2025-11-07
3446,98,26,129,13,0,25,100,2025-12-30
3447,98,30,73,13,2,25,100,2025-12-11
3448,98,31,222,13,0,43,172,2025-11-12
3449,98,32,163,13,0,31,124,2025-12-19
3450,98,33,67,13,29,32,128,2025-12-27
3451,98,37,231,13,0,56,224,2025-11-22
3452,98,39,82,13,56,46,184,2025-11-11
3453,98,40,209,13,0,59,236,2025-11-23
3454,98,41,147,13,33,60,240,2025-12-30
3455,98,42,147,13,0,34,136,2025-12-06
3456,98,44,172,13,0,56,224,2025-12-06
3457,98,45,158,13,0,40,160,2025-11-20
3458,98,46,185,13,0,23,92,2025-11-10
3459,98,50,235,13,0,18,80,2025-12-30
3460,99,1,127,14,0,35,140,2025-12-16
3461,99,2,194,14,0,43,172,2025-11-11
3462,99,3,99,14,48,49,196,2025-11-27
3463,99,4,187,14,0,45,180,2025-11-07
3464,99,5,163,14,0,18,80,2025-12-24
3465,99,6,130,14,2,44,176,2025-12-26
3466,99,7,168,14,0,10,80,2025-11-01
3467,99,8,100,14,20,40,160,2025-11-29
3468,99,9,173,14,0,26,104,2025-12-25
3469,99,10,186,14,0,48,192,2025-11-15
3470,99,11,151,14,0,15,80,2025-11-19
3471,99,12,139,14,0,30,120,2025-12-07
3472,99,13,151,14,0,37,148,2025-11-06
3473,99,14,263,14,0,21,84,2025-11-17
3474,99,15,191,14,0,10,80,2025-12-13
3475,99,16,67,14,0,14,80,2025-12-15
3476,99,17,108,14,0,23,92,2025-12-24
3477,99,18,249,14,0,35,140,2025-12-04
3478,99,19,163,14,0,10,80,2025-11-09
3479,99,20,185,14,0,58,232,2025-12-10
3480,99,21,175,14,0,10,80,2025-12-22
3481,99,22,45,14,126,57,228,2025-11-24
3482,99,23,160,14,0,40,160,2025-12-16
3483,99,24,89,14,1,30,120,2025-11-25
3484,99,25,181,14,0,25,100,2025-11-29
3485,99,26,164,14,0,33,132,2025-12-27
3486,99,27,242,14,0,55,220,2025-12-18
3487,99,31,170,14,0,11,80,2025-11-30
3488,99,36,127,14,0,36,144,2025-12-02
3489,99,37,32,14,1,11,80,2025-11-16
3490,99,38,197,14,0,33,132,2025-12-25
3491,99,42,95,14,0,10,80,2025-11-17
3492,99,44,207,14,0,56,224,2025-11-26
3493,99,46,159,14,6,55,220,2025-11-06
3494,99,48,187,14,0,18,80,2025-11-26
3495,99,49,192,14,0,43,172,2025-12-28
3496,100,1,119,15,37,52,208,2025-12-09
3497,100,2,210,15,0,10,80,2025-12-20
3498,100,3,208,15,0,32,128,2025-11-30
3499,100,4,222,15,0,45,180,2025-11-23
3500,100,5,150,15,0,32,128,2025-12-29
3501,100,6,106,15,59,55,220,2025-12-16
3502,100,7,38,15,70,36,144,2025-11-22
3503,100,8,80,15,70,50,200,2025-12-15
3504,100,9,255,15,0,21,84,2025-12-07
3505,100,11,147,15,12,53,212,2025-11-05
3506,100,12,124,15,0,36,144,2025-12-05
3507,100,13,184,15,0,31,124,2025-12-30
3508,100,14,124,15,35,53,212,2025-11-16
3509,100,15,86,15,0,26,104,2025-11-11
3510,100,16,170,15,0,34,136,2025-11-04
3511,100,17,224,15,0,42,168,2025-11-04
3512,100,20,68,15,55,41,164,2025-11-02
3513,100,21,11,11,70,27,108,2025-12-23
3514,100,22,201,15,0,51,204,2025-12-18
3515,100,23,155,15,0,25,100,2025-11-08
3516,100,25,140,15,10,50,200,2025-12-30
3517,100,26,161,15,0,29,116,2025-12-06
3518,100,27,142,15,0,25,100,2025-12-04
3519,100,28,54,15,15,23,92,2025-11-02
3520,100,30,213,15,0,31,124,2025-11-11
3521,100,31,115,15,0,10,80,2025-12-02
3522,100,33,219,15,0,52,208,2025-11-25
3523,100,34,77,15,40,39,156,2025-11-24
3524,100,36,216,15,0,50,200,2025-11-14
3525,100,37,157,15,0,12,80,2025-12-24
3526,100,38,135,15,15,50,200,2025-12-27
3527,100,39,129,15,15,48,192,2025-11-30
3528,100,40,157,15,0,47,188,2025-11-07
3529,100,41,111,15,0,25,100,2025-12-02
3530,100,44,128,15,0,41,164,2025-12-01
3531,100,45,169,15,0,26,104,2025-11-16
3532,100,47,73,15,0,10,80,2025-11-29
3533,101,1,44,16,109,51,204,2025-12-24
3534,101,2,121,16,0,14,80,2025-12-07
3535,101,3,286,16,0,10,80,2025-12-17
3536,101,4,147,16,21,56,224,2025-12-21
3537,101,5,128,16,28,52,208,2025-12-22
3538,101,6,50,16,76,42,168,2025-11-16
3539,101,7,137,16,0,38,152,2025-12-19
3540,101,8,113,16,10,41,164,2025-12-01
3541,101,9,102,16,36,46,184,2025-12-28
3542,101,11,237,16,0,37,148,2025-11-25
3543,101,12,180,16,0,14,80,2025-12-06
3544,101,13,108,16,45,51,204,2025-12-27
3545,101,14,90,16,84,58,232,2025-12-18
3546,101,15,141,16,0,10,80,2025-11-28
3547,101,16,104,16,0,11,80,2025-12-21
3548,101,17,84,16,21,35,140,2025-11-06
3549,101,18,80,16,58,46,184,2025-12-29
3550,101,19,141,16,0,38,152,2025-12-01
3551,101,20,171,16,0,34,136,2025-12-22
3552,101,21,243,16,0,28,112,2025-12-28
3553,101,22,127,16,0,10,80,2025-11-21
3554,101,23,110,16,0,10,80,2025-11-04
3555,101,24,127,16,0,27,108,2025-12-30
3556,101,25,183,16,0,12,80,2025-12-29
3557,101,26,95,16,22,39,156,2025-11-19
3558,101,28,205,16,0,10,80,2025-11-20
3559,101,30,208,16,0,36,144,2025-11-04
3560,101,34,111,16,0,16,80,2025-12-10
3561,101,35,59,16,82,47,188,2025-11-07
3562,101,43,163,16,0,47,188,2025-12-29
3563,101,44,116,16,16,44,176,2025-12-12
3564,101,45,197,16,0,10,80,2025-11-29
3565,101,46,79,16,0,15,80,2025-12-15
3566,101,47,156,16,0,29,116,2025-11-27
3567,101,48,43,16,32,25,100,2025-11-22
3568,101,49,200,16,0,10,80,2025-12-01
3569,101,50,109,16,0,10,80,2025-11-17
3570,102,1,148,17,2,50,200,2025-11-29
3571,102,2,332,17,0,56,224,2025-12-08
3572,102,3,163,17,0,10,80,2025-12-10
3573,102,4,138,17,0,46,184,2025-12-23
3574,102,5,47,17,4,17,80,2025-12-02
3575,102,6,225,17,0,26,104,2025-11-17
3576,102,7,153,17,0,10,80,2025-11-02
3577,102,8,38,17,121,53,212,2025-11-19
3578,102,9,160,17,0,49,196,2025-11-08
3579,102,10,197,17,0,26,104,2025-12-25
3580,102,11,71,17,0,18,80,2025-12-26
3581,102,12,181,17,0,46,184,2025-11-19
3582,102,13,115,17,26,47,188,2025-12-14
3583,102,14,254,17,0,60,240,2025-11-17
3584,102,15,157,17,0,16,80,2025-11-14
3585,102,16,159,17,0,50,200,2025-12-14
3586,102,17,192,17,0,10,80,2025-12-22
3587,102,18,112,17,62,58,232,2025-12-07
3588,102,19,197,17,0,19,80,2025-12-09
3589,102,21,24,17,117,47,188,2025-11-16
3590,102,22,211,17,0,31,124,2025-11-23
3591,102,23,148,17,0,32,128,2025-11-11
3592,102,24,169,17,0,29,116,2025-12-13
3593,102,26,58,17,0,10,80,2025-11-12
3594,102,27,177,17,0,45,180,2025-12-29
3595,102,29,192,17,0,10,80,2025-12-24
3596,102,30,188,17,0,21,84,2025-12-08
3597,102,31,160,17,0,53,212,2025-11-25
3598,102,33,76,17,62,46,184,2025-11-26
3599,102,34,163,17,0,10,80,2025-12-08
3600,102,36,170,17,0,29,116,2025-12-06
3601,102,38,79,17,0,10,80,2025-11-13
3602,102,41,151,17,0,40,160,2025-12-13
3603,102,43,145,17,0,15,80,2025-12-18
3604,102,44,185,17,0,10,80,2025-11-18
3605,102,46,70,17,56,42,168,2025-11-23
3606,102,50,91,17,0,22,88,2025-12-23
3607,103,1,179,18,0,10,80,2025-11-05
3608,103,2,91,18,38,43,172,2025-12-18
3609,103,3,271,18,0,19,80,2025-12-23
3610,103,4,170,18,7,59,236,2025-12-01
3611,103,5,62,18,43,35,140,2025-12-24
3612,103,6,91,18,59,50,200,2025-11-14
3613,103,7,63,18,0,11,80,2025-12-28
3614,103,8,144,18,30,58,232,2025-11-24
3615,103,9,119,18,28,49,196,2025-12-19
3616,103,10,74,18,106,60,240,2025-11-20
3617,103,11,244,18,0,50,200,2025-11-11
3618,103,12,202,18,0,24,96,2025-12-14
3619,103,14,171,18,0,10,80,2025-12-17
3620,103,15,211,18,0,21,84,2025-11-24
3621,103,16,113,18,1,38,152,2025-12-22
3622,103,17,124,18,0,12,80,2025-12-16
3623,103,18,106,18,32,46,184,2025-12-14
3624,103,20,207,18,0,32,128,2025-12-21
3625,103,21,205,18,0,46,184,2025-12-22
3626,103,22,79,18,17,32,128,2025-11-15
3627,103,23,112,18,0,19,80,2025-11-30
3628,103,24,36,18,39,25,100,2025-11-30
3629,103,25,150,18,0,17,80,2025-11-26
3630,103,26,49,18,20,23,92,2025-11-01
3631,103,27,105,18,51,52,208,2025-12-22
3632,103,28,151,18,26,59,236,2025-11-18
3633,103,30,162,18,0,42,168,2025-12-03
3634,103,32,184,18,0,10,80,2025-12-02
3635,103,35,170,18,0,15,80,2025-11-17
3636,103,40,174,18,0,50,200,2025-12-17
3637,103,41,188,18,0,10,80,2025-12-25
3638,103,44,239,18,0,25,100,2025-11-20
3639,103,45,177,18,0,10,80,2025-11-28
3640,103,50,100,18,23,41,164,2025-11-20
3641,104,1,238,19,0,13,80,2025-12-11
3642,104,2,155,19,0,34,136,2025-12-07
3643,104,3,116,19,55,57,228,2025-12-28
3644,104,4,156,19,0,42,168,2025-11-22
3645,104,5,194,19,0,41,164,2025-11-18
3646,104,6,190,19,0,31,124,2025-11-20
3647,104,7,167,19,0,29,116,2025-11-20
3648,104,8,185,19,0,10,80,2025-12-30
3649,104,9,186,19,0,10,80,2025-12-20
3650,104,10,192,19,0,49,196,2025-12-23
3651,104,11,191,19,0,18,80,2025-11-26
3652,104,12,201,19,0,60,240,2025-12-14
3653,104,13,163,19,0,30,120,2025-12-03
3654,104,14,143,19,0,15,80,2025-12-06
3655,104,15,189,19,0,58,232,2025-11-25
3656,104,16,138,19,0,17,80,2025-12-20
3657,104,17,133,19,0,17,80,2025-12-07
3658,104,18,68,19,10,26,104,2025-11-05
3659,104,19,86,19,25,37,148,2025-12-12
3660,104,21,83,19,70,51,204,2025-11-19
3661,104,22,181,19,0,54,216,2025-12-21
3662,104,23,162,19,0,53,212,2025-12-20
3663,104,24,107,19,34,47,188,2025-11-18
3664,104,25,65,19,0,10,80,2025-11-18
3665,104,26,116,19,0,34,136,2025-12-11
3666,104,27,159,19,0,50,200,2025-12-05
3667,104,28,253,19,0,33,132,2025-12-08
3668,104,31,73,19,44,39,156,2025-12-03
3669,104,32,163,19,0,31,124,2025-11-03
3670,104,33,167,19,0,37,148,2025-12-25
3671,104,34,238,19,0,27,108,2025-11-04
3672,104,37,175,19,0,40,160,2025-12-24
3673,104,42,173,19,0,15,80,2025-11-03
3674,105,1,107,20,1,36,144,2025-12-29
3675,105,2,193,20,0,18,80,2025-12-20
3676,105,3,123,20,39,54,216,2025-11-08
3677,105,4,218,20,0,22,88,2025-12-29
3678,105,5,55,20,50,35,140,2025-11-29
3679,105,6,188,20,0,36,144,2025-12-15
3680,105,7,107,20,70,59,236,2025-11-22
3681,105,8,218,20,0,10,80,2025-12-07
3682,105,9,205,20,0,35,140,2025-12-14
3683,105,10,185,20,0,37,148,2025-12-06
3684,105,11,109,20,0,31,124,2025-12-17
3685,105,12,130,20,50,60,240,2025-12-17
3686,105,14,205,20,0,52,208,2025-11-23
3687,105,16,64,20,23,29,116,2025-11-07
3688,105,17,156,20,0,32,128,2025-12-27
3689,105,18,109,20,11,40,160,2025-12-23
3690,105,19,129,20,0,32,128,2025-12-06
3691,105,20,220,20,0,33,132,2025-11-21
3692,105,21,85,20,29,38,152,2025-12-13
3693,105,23,93,20,12,35,140,2025-11-22
3694,105,25,107,20,0,33,132,2025-11-04
3695,105,26,137,20,1,46,184,2025-11-20
3696,105,27,138,20,0,13,80,2025-11-23
3697,105,29,177,20,0,30,120,2025-11-16
3698,105,31,140,20,0,24,96,2025-11-09
3699,105,32,180,20,0,10,80,2025-11-21
3700,105,33,96,20,6,34,136,2025-12-05
3701,105,36,134,20,0,22,88,2025-11-14
3702,105,37,69,20,0,12,80,2025-11-29
3703,105,39,138,20,0,26,104,2025-12-18
3704,105,41,162,20,0,48,192,2025-11-18
3705,105,43,207,20,0,41,164,2025-12-16
3706,105,44,114,20,0,24,96,2025-12-24
3707,105,48,156,20,0,16,80,2025-11-17
3708,105,49,44,20,64,36,144,2025-11-27
3709,106,1,196,21,0,36,144,2025-11-22
3710,106,2,75,21,0,12,80,2025-12-04
3711,106,3,177,21,0,29,116,2025-12-04
3712,106,4,129,21,0,23,92,2025-11-05
3713,106,5,225,21,0,24,96,2025-12-26
3714,106,6,201,21,0,49,196,2025-11-30
3715,106,7,163,21,0,53,212,2025-12-15
3716,106,8,133,21,29,54,216,2025-11-27
3717,106,9,139,21,0,35,140,2025-11-21
3718,106,10,175,21,0,16,80,2025-11-08
3719,106,11,193,21,0,54,216,2025-11-18
3720,106,12,173,21,0,22,88,2025-12-13
3721,106,13,48,21,39,29,116,2025-12-14
3722,106,14,242,21,0,58,232,2025-11-12
3723,106,15,124,21,0,20,80,2025-11-14
3724,106,16,223,21,0,57,228,2025-12-05
3725,106,19,141,21,0,10,80,2025-11-28
3726,106,20,79,21,62,47,188,2025-11-25
3727,106,21,180,21,0,10,80,2025-12-07
3728,106,22,24,21,15,13,80,2025-12-04
3729,106,23,223,21,0,58,232,2025-12-20
3730,106,25,69,21,99,56,224,2025-11-17
3731,106,28,133,21,0,32,128,2025-12-07
3732,106,29,222,21,0,54,216,2025-11-10
3733,106,30,148,21,0,38,152,2025-12-17
3734,106,31,149,21,1,50,200,2025-11-12
3735,106,34,137,21,0,41,164,2025-11-26
3736,106,37,112,21,0,10,80,2025-12-05
3737,106,38,163,21,14,59,236,2025-12-03
3738,106,39,295,21,0,11,80,2025-11-24
3739,106,41,229,21,0,17,80,2025-12-01
3740,106,42,121,21,59,60,240,2025-12-05
3741,106,47,264,21,0,24,96,2025-12-04
3742,106,49,107,21,0,14,80,2025-11-06
3743,107,1,78,22,0,13,80,2025-11-27
3744,107,2,53,22,64,39,156,2025-12-06
3745,107,3,234,22,0,50,200,2025-11-28
3746,107,4,0,0,81,27,108,2025-12-15
3747,107,5,206,22,0,10,80,2025-11-08
3748,107,6,172,22,0,24,96,2025-12-26
3749,107,7,178,22,0,25,100,2025-11-24
3750,107,8,248,22,0,42,168,2025-12-18
3751,107,9,227,22,0,54,216,2025-11-23
3752,107,10,216,22,0,50,200,2025-12-19
3753,107,11,165,22,0,38,152,2025-12-22
3754,107,12,180,22,0,11,80,2025-11-11
3755,107,13,204,22,0,36,144,2025-12-18
3756,107,14,102,22,0,24,96,2025-11-02
3757,107,15,109,22,38,49,196,2025-12-23
3758,107,16,212,22,0,37,148,2025-11-12
3759,107,17,129,22,0,15,80,2025-12-19
3760,107,18,202,22,0,42,168,2025-12-12
3761,107,19,144,22,0,10,80,2025-11-16
3762,107,20,171,22,0,26,104,2025-11-18
3763,107,21,163,22,0,10,80,2025-11-11
3764,107,22,150,22,0,47,188,2025-11-22
3765,107,23,135,22,6,47,188,2025-11-09
3766,107,24,160,22,0,36,144,2025-11-21
3767,107,26,77,22,0,10,80,2025-12-07
3768,107,27,173,22,0,57,228,2025-11-04
3769,107,28,219,22,0,60,240,2025-11-02
3770,107,29,100,22,68,56,224,2025-11-20
3771,107,30,131,22,46,59,236,2025-11-04
3772,107,31,113,22,0,18,80,2025-11-13
3773,107,35,219,22,0,46,184,2025-11-09
3774,107,37,171,22,0,25,100,2025-11-09
3775,107,41,133,22,0,37,148,2025-12-17
3776,107,44,157,22,0,36,144,2025-12-21
3777,107,45,106,22,0,14,80,2025-12-02
3778,107,47,178,22,0,21,84,2025-11-06
3779,107,49,209,22,0,19,80,2025-12-08
3780,108,1,35,5,0,10,80,2025-11-26
3781,108,2,180,5,0,12,80,2025-11-14
3782,108,3,230,5,0,26,104,2025-11-13
3783,108,4,238,5,0,51,204,2025-12-04
3784,108,5,164,5,0,47,188,2025-12-26
3785,108,6,176,5,0,24,96,2025-11-11
3786,108,7,114,5,0,25,100,2025-11-16
3787,108,8,140,5,0,19,80,2025-12-11
3788,108,9,258,5,0,31,124,2025-12-10
3789,108,10,189,5,0,43,172,2025-11-26
3790,108,11,55,5,65,40,160,2025-12-14
3791,108,12,190,5,0,43,172,2025-12-15
3792,108,13,119,5,0,19,80,2025-12-03
3793,108,14,64,5,65,43,172,2025-12-06
3794,108,15,153,5,0,11,80,2025-12-24
3795,108,16,139,5,0,30,120,2025-11-20
3796,108,17,124,5,0,17,80,2025-12-13
3797,108,18,56,5,0,10,80,2025-11-12
3798,108,20,92,5,0,11,80,2025-11-25
3799,108,21,34,5,20,18,80,2025-11-20
3800,108,25,145,5,0,11,80,2025-11-27
3801,108,26,73,5,0,23,92,2025-11-13
3802,108,27,109,5,0,24,96,2025-11-21
3803,108,28,201,5,0,32,128,2025-12-18
3804,108,30,188,5,0,55,220,2025-11-04
3805,108,32,190,5,0,20,80,2025-11-13
3806,108,34,120,5,42,54,216,2025-12-15
3807,108,37,179,5,0,32,128,2025-12-23
3808,108,38,198,5,0,27,108,2025-11-24
3809,108,47,161,5,0,24,96,2025-11-10
3810,108,48,141,5,0,16,80,2025-12-20
3811,108,49,160,5,0,46,184,2025-11-16
3812,108,50,217,5,0,43,172,2025-12-08
3813,109,1,130,6,0,30,120,2025-12-04
3814,109,2,192,6,0,49,196,2025-11-20
3815,109,3,0,0,111,37,148,2025-12-23
3816,109,4,101,6,1,34,136,2025-11-29
3817,109,5,89,6,0,26,104,2025-12-29
3818,109,6,97,6,23,40,160,2025-12-16
3819,109,7,93,6,0,10,80,2025-11-04
3820,109,8,171,6,0,45,180,2025-12-01
3821,109,9,165,6,0,29,116,2025-12-29
3822,109,10,220,6,0,27,108,2025-11-23
3823,109,11,122,6,0,10,80,2025-12-24
3824,109,12,168,6,0,11,80,2025-11-22
3825,109,13,96,6,33,43,172,2025-11-09
3826,109,14,134,6,0,37,148,2025-11-04
3827,109,15,105,6,0,19,80,2025-12-03
3828,109,16,119,6,0,29,116,2025-11-01
3829,109,19,30,6,27,19,80,2025-11-18
3830,109,21,170,6,0,55,220,2025-11-17
3831,109,22,163,6,0,10,80,2025-12-05
3832,109,23,231,6,0,57,228,2025-11-10
3833,109,24,139,6,0,34,136,2025-12-04
3834,109,26,260,6,0,10,80,2025-12-15
3835,109,27,84,6,0,22,88,2025-11-19
3836,109,28,78,6,39,39,156,2025-11-16
3837,109,29,67,6,53,40,160,2025-12-15
3838,109,30,174,6,3,59,236,2025-12-22
3839,109,32,87,6,0,25,100,2025-11-28
3840,109,33,261,6,0,40,160,2025-11-01
3841,109,34,138,6,0,36,144,2025-12-24
3842,109,40,54,6,6,20,80,2025-12-22
3843,109,44,119,6,0,27,108,2025-11-07
3844,109,47,123,6,0,37,148,2025-11-08
3845,109,48,164,6,0,26,104,2025-11-18
3846,110,1,151,7,0,17,80,2025-12-15
3847,110,2,158,7,0,49,196,2025-11-12
3848,110,3,86,7,76,54,216,2025-11-02
3849,110,4,120,7,0,36,144,2025-12-09
3850,110,5,173,7,0,10,80,2025-11-17
3851,110,6,122,7,0,18,80,2025-12-07
3852,110,7,309,7,0,15,80,2025-11-23
3853,110,8,169,7,0,15,80,2025-12-13
3854,110,9,194,7,0,26,104,2025-12-17
3855,110,10,145,7,0,11,80,2025-12-09
3856,110,11,157,7,0,26,104,2025-12-12
3857,110,12,198,7,0,31,124,2025-12-14
3858,110,13,176,7,0,25,100,2025-12-24
3859,110,14,247,7,0,10,80,2025-12-24
3860,110,15,129,7,0,41,164,2025-12-17
3861,110,16,99,7,33,44,176,2025-12-15
3862,110,17,244,7,0,18,80,2025-12-25
3863,110,18,153,7,0,15,80,2025-12-25
3864,110,19,170,7,0,31,124,2025-11-27
3865,110,20,200,7,0,50,200,2025-11-17
3866,110,21,162,7,0,25,100,2025-11-10
3867,110,22,241,7,0,46,184,2025-12-27
3868,110,23,180,7,0,56,224,2025-12-04
3869,110,24,112,7,0,14,80,2025-12-10
3870,110,25,207,7,0,40,160,2025-11-09
3871,110,26,196,7,0,55,220,2025-12-11
3872,110,27,141,7,3,48,192,2025-12-01
3873,110,29,57,7,0,10,80,2025-11-15
3874,110,31,176,7,0,53,212,2025-11-29
3875,110,33,129,7,0,38,152,2025-11-27
3876,110,34,190,7,0,25,100,2025-11-19
3877,110,35,209,7,0,27,108,2025-11-26
3878,110,37,242,7,0,48,192,2025-12-09
3879,110,38,181,7,0,25,100,2025-12-17
3880,110,39,95,7,31,42,168,2025-12-22
3881,110,42,223,7,0,46,184,2025-12-08
3882,110,43,145,7,0,23,92,2025-12-20
3883,110,44,178,7,0,41,164,2025-11-24
3884,110,46,162,7,0,28,112,2025-12-13
3885,110,49,98,7,0,15,80,2025-12-19
3886,111,1,172,8,0,30,120,2025-12-04
3887,111,2,137,8,0,28,112,2025-11-16
3888,111,3,180,8,0,14,80,2025-12-25
3889,111,4,97,8,26,41,164,2025-11-28
3890,111,5,138,8,0,43,172,2025-11-02
3891,111,6,80,8,88,56,224,2025-11-03
3892,111,7,245,8,0,19,80,2025-11-06
3893,111,8,149,8,0,21,84,2025-11-24
3894,111,9,10,8,65,25,100,2025-11-20
3895,111,10,83,8,22,35,140,2025-11-21
3896,111,11,120,8,27,49,196,2025-12-05
3897,111,12,120,8,39,53,212,2025-12-04
3898,111,13,104,8,0,26,104,2025-12-05
3899,111,14,100,8,0,10,80,2025-12-13
3900,111,15,68,8,7,25,100,2025-12-26
3901,111,16,136,8,0,22,88,2025-11-11
3902,111,17,195,8,0,14,80,2025-11-28
3903,111,18,0,0,69,23,92,2025-12-18
3904,111,20,126,8,0,16,80,2025-11-28
3905,111,21,219,8,0,47,188,2025-12-18
3906,111,23,234,8,0,10,80,2025-12-22
3907,111,24,29,8,88,39,156,2025-12-25
3908,111,27,174,8,0,39,156,2025-11-29
3909,111,28,117,8,15,44,176,2025-12-02
3910,111,29,123,8,51,58,232,2025-12-07
3911,111,31,123,8,0,10,80,2025-11-05
3912,111,34,43,8,5,16,80,2025-12-30
3913,111,35,129,8,0,10,80,2025-12-14
3914,111,36,238,8,0,27,108,2025-11-07
3915,111,38,105,8,0,21,84,2025-12-23
3916,111,39,100,8,17,39,156,2025-11-01
3917,111,41,191,8,0,38,152,2025-12-29
3918,111,42,88,8,20,36,144,2025-12-01
3919,111,45,113,8,0,18,80,2025-11-24
3920,111,49,125,8,0,39,156,2025-12-07
3921,112,1,201,9,0,59,236,2025-11-04
3922,112,2,121,9,0,38,152,2025-12-18
3923,112,3,260,9,0,10,80,2025-12-04
3924,112,4,119,9,0,29,116,2025-11-21
3925,112,5,197,9,0,29,116,2025-11-07
3926,112,6,116,9,0,26,104,2025-12-03
3927,112,7,150,9,0,36,144,2025-12-19
3928,112,8,213,9,0,13,80,2025-12-15
3929,112,9,206,9,0,17,80,2025-12-14
3930,112,10,180,9,0,46,184,2025-12-16
3931,112,11,103,9,0,25,100,2025-12-05
3932,112,12,99,9,3,34,136,2025-12-29
3933,112,13,239,9,0,38,152,2025-12-12
3934,112,14,156,9,0,47,188,2025-11-28
3935,112,15,162,9,0,10,80,2025-12-14
3936,112,16,137,9,0,41,164,2025-12-04
3937,112,17,231,9,0,18,80,2025-12-30
3938,112,18,146,9,0,26,104,2025-12-01
3939,112,19,195,9,0,45,180,2025-12-03
3940,112,20,160,9,0,11,80,2025-12-25
3941,112,21,197,9,0,22,88,2025-11-20
3942,112,23,179,9,0,45,180,2025-11-01
3943,112,25,142,9,0,33,132,2025-11-20
3944,112,27,87,9,0,23,92,2025-12-27
3945,112,28,117,9,51,56,224,2025-12-27
3946,112,31,162,9,0,50,200,2025-12-12
3947,112,32,240,9,0,24,96,2025-11-12
3948,112,35,157,9,0,10,80,2025-12-21
3949,112,37,157,9,0,10,80,2025-11-15
3950,112,40,98,9,0,11,80,2025-12-14
3951,112,45,162,9,0,19,80,2025-12-02
3952,113,1,255,10,0,42,168,2025-11-29
3953,113,2,120,10,0,26,104,2025-11-29
3954,113,3,190,10,0,16,80,2025-11-12
3955,113,4,97,10,0,22,88,2025-11-22
3956,113,5,146,10,0,32,128,2025-12-19
3957,113,6,84,10,0,10,80,2025-11-18
3958,113,7,177,10,0,27,108,2025-11-22
3959,113,8,258,10,0,58,232,2025-12-12
3960,113,9,160,10,0,23,92,2025-12-09
3961,113,10,68,10,109,59,236,2025-11-16
3962,113,11,154,10,0,30,120,2025-12-10
3963,113,12,138,10,0,18,80,2025-12-06
3964,113,13,194,10,0,18,80,2025-12-15
3965,113,14,154,10,0,36,144,2025-11-23
3966,113,15,273,10,0,50,200,2025-12-01
3967,113,16,177,10,0,29,116,2025-12-20
3968,113,17,202,10,0,22,88,2025-11-10
3969,113,18,221,10,0,44,176,2025-12-07
3970,113,20,145,10,0,10,80,2025-11-16
3971,113,21,178,10,0,52,208,2025-12-12
3972,113,22,191,10,0,43,172,2025-11-26
3973,113,24,159,10,0,34,136,2025-12-14
3974,113,25,61,10,2,21,84,2025-12-06
3975,113,26,210,10,0,10,80,2025-11-15
3976,113,27,152,10,0,14,80,2025-11-25
3977,113,30,184,10,0,32,128,2025-12-08
3978,113,32,152,10,0,20,80,2025-11-05
3979,113,33,187,10,0,31,124,2025-11-03
3980,113,34,138,10,0,21,84,2025-12-29
3981,113,37,103,10,0,21,84,2025-11-10
3982,113,41,112,10,26,46,184,2025-11-23
3983,113,42,137,10,0,16,80,2025-11-10
3984,113,43,213,10,0,50,200,2025-11-09
3985,113,44,37,10,26,21,84,2025-12-11
3986,113,46,196,10,0,27,108,2025-11-05
3987,113,48,53,10,0,10,80,2025-11-30
3988,113,49,183,10,0,15,80,2025-12-05
3989,113,50,191,10,0,43,172,2025-12-30
3990,114,1,185,11,0,10,80,2025-11-17
3991,114,2,92,11,16,36,144,2025-12-18
3992,114,3,61,11,101,54,216,2025-11-23
3993,114,4,145,11,0,30,120,2025-12-19
3994,114,5,214,11,0,43,172,2025-11-05
3995,114,6,290,11,0,60,240,2025-12-20
3996,114,7,27,11,42,23,92,2025-11-24
3997,114,8,146,11,0,30,120,2025-11-02
3998,114,9,172,11,0,40,160,2025-11-09
3999,114,10,204,11,0,10,80,2025-11-23
4000,114,11,186,11,0,11,80,2025-11-13
4001,114,12,176,11,0,46,184,2025-12-13
4002,114,13,161,11,0,50,200,2025-12-04
4003,114,15,196,11,0,43,172,2025-12-02
4004,114,16,123,11,0,30,120,2025-11-26
4005,114,17,129,11,45,58,232,2025-12-09
4006,114,18,118,11,8,42,168,2025-11-25
4007,114,19,153,11,0,41,164,2025-11-30
4008,114,20,173,11,0,34,136,2025-12-23
4009,114,21,144,11,0,18,80,2025-12-16
4010,114,22,55,11,65,40,160,2025-12-12
4011,114,23,135,11,0,15,80,2025-11-19
4012,114,26,192,11,0,51,204,2025-12-21
4013,114,27,155,11,0,43,172,2025-12-01
4014,114,28,68,11,25,31,124,2025-12-04
4015,114,29,83,11,34,39,156,2025-11-10
4016,114,30,78,11,27,35,140,2025-11-17
4017,114,32,71,11,0,23,92,2025-12-19
4018,114,35,258,11,0,37,148,2025-12-08
4019,114,37,177,11,0,16,80,2025-11-19
4020,114,38,101,11,70,57,228,2025-12-19
4021,114,39,161,11,0,52,208,2025-11-16
4022,114,40,46,11,98,48,192,2025-12-03
4023,114,41,220,11,0,23,92,2025-12-10
4024,114,42,52,11,56,36,144,2025-11-04
4025,114,44,27,11,21,16,80,2025-11-12
4026,114,45,161,11,0,35,140,2025-11-28
4027,114,49,159,11,0,14,80,2025-12-25
4028,114,50,210,11,0,13,80,2025-11-11
4029,115,1,108,12,0,22,88,2025-12-10
4030,115,2,140,12,0,10,80,2025-11-15
4031,115,3,163,12,0,19,80,2025-12-30
4032,115,4,88,12,0,25,100,2025-12-08
4033,115,5,168,12,0,29,116,2025-12-21
4034,115,6,119,12,4,41,164,2025-12-24
4035,115,7,124,12,8,44,176,2025-12-29
4036,115,8,208,12,0,22,88,2025-11-13
4037,115,9,181,12,0,45,180,2025-11-13
4038,115,10,169,12,0,42,168,2025-11-23
4039,115,11,99,12,0,23,92,2025-11-02
4040,115,12,141,12,0,32,128,2025-11-28
4041,115,13,118,12,0,10,80,2025-12-27
4042,115,14,12,12,63,25,100,2025-11-11
4043,115,15,78,12,0,10,80,2025-12-01
4044,115,16,188,12,0,34,136,2025-11-15
4045,115,18,212,12,0,14,80,2025-12-07
4046,115,19,173,12,0,51,204,2025-11-02
4047,115,20,107,12,52,53,212,2025-11-24
4048,115,22,189,12,0,45,180,2025-12-04
4049,115,23,178,12,0,21,84,2025-11-11
4050,115,25,169,12,0,18,80,2025-11-12
4051,115,26,156,12,0,12,80,2025-11-26
4052,115,27,70,12,59,43,172,2025-12-29
4053,115,29,82,12,0,18,80,2025-12-18
4054,115,32,159,12,18,59,236,2025-12-20
4055,115,33,181,12,0,18,80,2025-12-17
4056,115,36,117,12,54,57,228,2025-12-23
4057,115,38,100,12,56,52,208,2025-11-01
4058,115,39,107,12,0,10,80,2025-12-20
4059,115,40,156,12,6,54,216,2025-12-01
4060,115,41,190,12,0,59,236,2025-11-24
4061,115,43,218,12,0,10,80,2025-11-01
4062,115,45,24,12,150,58,232,2025-12-18
4063,115,46,185,12,0,53,212,2025-11-15
4064,115,47,175,12,2,59,236,2025-12-18
4065,115,48,231,12,0,41,164,2025-12-26
4066,115,49,137,12,13,50,200,2025-12-02
4067,115,50,209,12,0,13,80,2025-12-11
4068,116,1,203,13,0,59,236,2025-11-20
4069,116,2,150,13,21,57,228,2025-12-06
4070,116,3,150,13,0,38,152,2025-12-06
4071,116,4,210,13,0,33,132,2025-11-04
4072,116,5,86,13,40,42,168,2025-11-12
4073,116,6,182,13,0,34,136,2025-12-13
4074,116,7,109,13,56,55,220,2025-12-25
4075,116,8,162,13,0,32,128,2025-11-04
4076,116,9,156,13,0,31,124,2025-12-20
4077,116,10,240,13,0,31,124,2025-12-20
4078,116,11,128,13,0,10,80,2025-12-27
4079,116,12,153,13,9,54,216,2025-11-17
4080,116,13,166,13,0,38,152,2025-12-24
4081,116,14,156,13,0,40,160,2025-11-03
4082,116,15,209,13,0,16,80,2025-12-01
4083,116,18,7,7,65,24,96,2025-11-02
4084,116,19,180,13,0,47,188,2025-11-07
4085,116,24,96,13,0,28,112,2025-12-02
4086,116,25,137,13,0,22,88,2025-11-08
4087,116,27,118,13,0,20,80,2025-12-10
4088,116,28,186,13,0,12,80,2025-11-12
4089,116,29,38,13,0,10,80,2025-12-05
4090,116,30,219,13,0,19,80,2025-12-05
4091,116,31,105,13,42,49,196,2025-11-28
4092,116,33,217,13,0,49,196,2025-11-09
4093,116,34,87,13,3,30,120,2025-12-02
4094,116,36,163,13,0,34,136,2025-11-29
4095,116,38,151,13,0,12,80,2025-12-23
4096,116,39,169,13,0,10,80,2025-12-25
4097,116,40,236,13,0,21,84,2025-12-04
4098,116,43,178,13,0,46,184,2025-11-26
4099,116,46,96,13,0,20,80,2025-12-01
4100,116,47,177,13,0,10,80,2025-12-04
4101,116,49,118,13,44,54,216,2025-12-14
4102,117,1,109,14,0,19,80,2025-11-28
4103,117,2,86,14,0,10,80,2025-12-19
4104,117,3,122,14,0,26,104,2025-12-24
4105,117,4,190,14,0,10,80,2025-11-03
4106,117,5,195,14,0,53,212,2025-11-09
4107,117,6,226,14,0,34,136,2025-11-14
4108,117,7,222,14,0,22,88,2025-12-27
4109,117,8,152,14,0,45,180,2025-11-11
4110,117,9,140,14,31,57,228,2025-11-04
4111,117,10,93,14,81,58,232,2025-11-19
4112,117,11,112,14,0,12,80,2025-11-30
4113,117,12,217,14,0,18,80,2025-12-20
4114,117,13,206,14,0,18,80,2025-11-05
4115,117,15,27,14,123,50,200,2025-11-02
4116,117,16,116,14,46,54,216,2025-11-11
4117,117,17,156,14,0,35,140,2025-11-18
4118,117,18,125,14,0,10,80,2025-11-07
4119,117,19,171,14,0,10,80,2025-12-24
4120,117,20,208,14,0,27,108,2025-12-30
4121,117,21,88,14,0,25,100,2025-12-05
4122,117,23,98,14,25,41,164,2025-12-11
4123,117,24,154,14,0,25,100,2025-11-04
4124,117,25,246,14,0,51,204,2025-12-09
4125,117,26,155,14,0,43,172,2025-12-05
4126,117,27,248,14,0,60,240,2025-12-19
4127,117,28,127,14,23,50,200,2025-12-09
4128,117,30,155,14,0,49,196,2025-11-25
4129,117,33,58,14,50,36,144,2025-11-26
4130,117,35,162,14,6,56,224,2025-11-30
4131,117,37,213,14,0,45,180,2025-11-16
4132,117,38,126,14,0,10,80,2025-12-27
4133,117,42,158,14,0,28,112,2025-12-23
4134,117,45,203,14,0,51,204,2025-12-14
4135,117,48,155,14,0,14,80,2025-11-12
4136,117,49,134,14,0,21,84,2025-11-22
4137,118,1,122,15,0,38,152,2025-11-23
4138,118,2,179,15,0,58,232,2025-12-05
4139,118,3,188,15,0,10,80,2025-11-06
4140,118,4,187,15,0,50,200,2025-12-02
4141,118,5,60,15,60,40,160,2025-12-07
4142,118,6,80,15,46,42,168,2025-12-03
4143,118,7,129,15,6,45,180,2025-12-21
4144,118,8,154,15,0,33,132,2025-12-15
4145,118,9,145,15,0,25,100,2025-12-12
4146,118,10,145,15,11,52,208,2025-11-27
4147,118,11,167,15,0,11,80,2025-11-06
4148,118,13,136,15,0,25,100,2025-11-06
4149,118,15,175,15,0,25,100,2025-12-27
4150,118,16,186,15,0,36,144,2025-11-14
4151,118,17,163,15,0,20,80,2025-12-15
4152,118,18,177,15,0,45,180,2025-12-01
4153,118,19,99,15,81,60,240,2025-12-10
4154,118,22,106,15,71,59,236,2025-11-09
4155,118,24,298,15,0,15,80,2025-12-09
4156,118,26,71,15,1,24,96,2025-11-02
4157,118,27,147,15,33,60,240,2025-12-03
4158,118,28,195,15,0,18,80,2025-12-25
4159,118,29,204,15,0,37,148,2025-11-30
4160,118,30,185,15,0,34,136,2025-11-25
4161,118,31,172,15,0,27,108,2025-12-07
4162,118,33,128,15,0,39,156,2025-11-09
4163,118,34,158,15,16,58,232,2025-12-21
4164,118,35,120,15,54,58,232,2025-12-16
4165,118,37,182,15,0,17,80,2025-11-15
4166,118,38,182,15,0,19,80,2025-12-21
4167,118,41,247,15,0,29,116,2025-12-25
4168,118,42,125,15,25,50,200,2025-11-28
4169,118,44,149,15,0,27,108,2025-12-27
4170,118,46,102,15,0,25,100,2025-12-11
4171,118,49,165,15,9,58,232,2025-11-13
4172,119,1,203,16,0,60,240,2025-12-20
4173,119,2,139,16,0,10,80,2025-11-06
4174,119,3,119,16,0,27,108,2025-11-24
4175,119,4,144,16,24,56,224,2025-12-05
4176,119,5,187,16,0,10,80,2025-12-25
4177,119,6,126,16,0,32,128,2025-12-27
4178,119,7,0,0,99,33,132,2025-12-19
4179,119,8,106,16,8,38,152,2025-12-28
4180,119,9,191,16,0,32,128,2025-11-02
4181,119,10,202,16,0,11,80,2025-11-30
4182,119,11,225,16,0,45,180,2025-11-08
4183,119,12,66,16,0,13,80,2025-12-23
4184,119,13,216,16,0,28,112,2025-11-10
4185,119,14,258,16,0,58,232,2025-12-04
4186,119,15,121,16,0,31,124,2025-11-17
4187,119,16,102,16,0,31,124,2025-12-18
4188,119,17,76,16,0,25,100,2025-12-29
4189,119,18,230,16,0,18,80,2025-11-12
4190,119,19,159,16,0,12,80,2025-11-13
4191,119,20,134,16,0,30,120,2025-11-03
4192,119,21,172,16,0,10,80,2025-11-08
4193,119,23,131,16,0,42,168,2025-12-23
4194,119,24,89,16,73,54,216,2025-11-14
4195,119,25,107,16,0,23,92,2025-11-17
4196,119,28,156,16,21,59,236,2025-12-30
4197,119,29,191,16,0,10,80,2025-12-10
4198,119,30,111,16,0,10,80,2025-12-24
4199,119,32,128,16,0,11,80,2025-11-03
4200,119,35,70,16,92,54,216,2025-11-22
4201,119,36,78,16,69,49,196,2025-11-22
4202,119,37,197,16,0,10,80,2025-12-02
4203,119,39,52,16,92,48,192,2025-12-20
4204,119,42,181,16,0,23,92,2025-11-28
4205,119,43,67,16,95,54,216,2025-11-16
4206,119,44,214,16,0,23,92,2025-12-29
4207,119,45,114,16,48,54,216,2025-11-11
4208,119,46,91,16,0,18,80,2025-11-01
4209,119,47,164,16,4,56,224,2025-12-12
4210,119,50,176,16,0,58,232,2025-11-23
4211,120,1,78,17,48,42,168,2025-11-07
4212,120,2,93,17,66,53,212,2025-11-10
4213,120,3,53,17,70,41,164,2025-11-22
4214,120,4,52,17,80,44,176,2025-11-28
4215,120,5,158,17,0,32,128,2025-11-11
4216,120,6,186,17,0,10,80,2025-11-15
4217,120,7,200,17,0,55,220,2025-11-29
4218,120,8,116,17,40,52,208,2025-12-13
4219,120,9,74,17,0,15,80,2025-11-22
4220,120,10,226,17,0,59,236,2025-12-26
4221,120,11,98,17,46,48,192,2025-11-20
4222,120,12,67,17,92,53,212,2025-12-18
4223,120,13,218,17,0,48,192,2025-11-05
4224,120,14,182,17,0,49,196,2025-12-03
4225,120,15,248,17,0,23,92,2025-12-30
4226,120,16,153,17,0,24,96,2025-12-28
4227,120,17,172,17,0,21,84,2025-12-11
4228,120,18,108,17,0,29,116,2025-12-17
4229,120,19,25,17,116,47,188,2025-11-10
4230,120,21,94,17,0,17,80,2025-11-16
4231,120,22,168,17,0,15,80,2025-11-23
4232,120,23,241,17,0,17,80,2025-12-09
4233,120,24,185,17,0,32,128,2025-12-21
4234,120,25,191,17,0,54,216,2025-11-19
4235,120,27,129,17,0,37,148,2025-12-16
4236,120,28,114,17,30,48,192,2025-11-14
4237,120,32,81,17,60,47,188,2025-11-25
4238,120,33,194,17,0,36,144,2025-11-30
4239,120,34,125,17,0,35,140,2025-11-17
4240,120,35,187,17,0,19,80,2025-12-20
4241,120,37,111,17,45,52,208,2025-11-29
4242,120,38,238,17,0,10,80,2025-11-01
4243,120,39,115,17,0,10,80,2025-11-22
4244,120,42,110,17,22,44,176,2025-12-20
4245,120,44,165,17,0,11,80,2025-12-20
4246,120,45,109,17,0,31,124,2025-12-02
4247,120,48,162,17,0,31,124,2025-11-25
4248,121,1,190,18,0,47,188,2025-11-10
4249,121,2,193,18,0,57,228,2025-11-11
4250,121,3,109,18,38,49,196,2025-12-01
4251,121,4,255,18,0,42,168,2025-12-25
4252,121,5,178,18,0,55,220,2025-11-13
4253,121,6,56,18,13,23,92,2025-12-02
4254,121,7,68,18,52,40,160,2025-12-01
4255,121,8,223,18,0,48,192,2025-12-07
4256,121,9,157,18,23,60,240,2025-12-26
4257,121,10,236,18,0,10,80,2025-11-07
4258,121,11,144,18,0,29,116,2025-11-02
4259,121,12,118,18,0,28,112,2025-11-16
4260,121,13,178,18,0,37,148,2025-11-09
4261,121,14,159,18,0,29,116,2025-12-12
4262,121,15,138,18,21,53,212,2025-12-10
4263,121,16,88,18,5,31,124,2025-11-14
4264,121,17,129,18,0,42,168,2025-12-24
4265,121,18,259,18,0,13,80,2025-12-28
4266,121,19,194,18,0,26,104,2025-12-20
4267,121,20,81,18,0,10,80,2025-12-07
4268,121,21,145,18,0,47,188,2025-12-20
4269,121,22,168,18,0,48,192,2025-12-29
4270,121,23,100,18,0,23,92,2025-12-08
4271,121,25,51,18,45,32,128,2025-11-22
4272,121,26,124,18,41,55,220,2025-12-19
4273,121,27,203,18,0,24,96,2025-11-30
4274,121,28,203,18,0,15,80,2025-11-29
4275,121,29,235,18,0,50,200,2025-11-04
4276,121,30,151,18,0,20,80,2025-11-07
4277,121,31,110,18,0,20,80,2025-11-17
4278,121,35,143,18,0,38,152,2025-12-10
4279,121,36,158,18,0,13,80,2025-11-17
4280,121,47,157,18,0,18,80,2025-12-30
4281,121,48,139,18,0,30,120,2025-12-23
4282,122,1,194,19,0,43,172,2025-12-22
4283,122,2,108,19,0,33,132,2025-11-26
4284,122,3,125,19,0,11,80,2025-12-01
4285,122,4,83,19,43,42,168,2025-12-29
4286,122,5,145,19,0,46,184,2025-12-15
4287,122,6,143,19,28,57,228,2025-11-11
4288,122,7,49,19,0,10,80,2025-11-11
4289,122,8,190,19,0,59,236,2025-12-30
4290,122,9,167,19,0,27,108,2025-12-05
4291,122,10,98,19,0,10,80,2025-11-23
4292,122,11,96,19,75,57,228,2025-11-09
4293,122,12,70,19,0,18,80,2025-11-14
4294,122,13,222,19,0,26,104,2025-11-26
4295,122,14,131,19,0,22,88,2025-11-14
4296,122,15,182,19,0,40,160,2025-12-20
4297,122,16,202,19,0,14,80,2025-11-16
4298,122,17,42,19,57,33,132,2025-12-06
4299,122,18,313,19,0,53,212,2025-11-09
4300,122,19,135,19,0,18,80,2025-11-14
4301,122,20,167,19,0,23,92,2025-12-28
4302,122,21,162,19,0,31,124,2025-11-29
4303,122,22,99,19,18,39,156,2025-11-17
4304,122,24,127,19,47,58,232,2025-12-19
4305,122,25,82,19,92,58,232,2025-12-29
4306,122,27,200,19,0,10,80,2025-12-10
4307,122,29,169,19,0,32,128,2025-12-21
4308,122,30,228,19,0,10,80,2025-11-13
4309,122,32,151,19,26,59,236,2025-12-27
4310,122,34,200,19,0,15,80,2025-11-21
4311,122,35,176,19,0,50,200,2025-12-27
4312,122,39,141,19,0,42,168,2025-12-18
4313,122,41,154,19,0,43,172,2025-12-26
4314,122,44,105,19,0,29,116,2025-11-05
4315,122,46,177,19,3,60,240,2025-12-04
4316,122,48,130,19,17,49,196,2025-12-09
4317,122,50,160,19,0,38,152,2025-11-28
4318,123,1,21,20,24,15,80,2025-12-10
4319,123,2,138,20,0,18,80,2025-12-07
4320,123,3,158,20,0,34,136,2025-11-08
4321,123,4,126,20,0,21,84,2025-11-14
4322,123,5,121,20,8,43,172,2025-11-19
4323,123,6,177,20,0,22,88,2025-11-15
4324,123,7,195,20,0,52,208,2025-12-14
4325,123,8,101,20,0,24,96,2025-12-14
4326,123,9,205,20,0,10,80,2025-11-02
4327,123,11,159,20,0,16,80,2025-11-29
4328,123,12,124,20,2,42,168,2025-11-29
4329,123,13,109,20,26,45,180,2025-12-16
4330,123,14,200,20,0,30,120,2025-12-02
4331,123,15,257,20,0,58,232,2025-11-16
4332,123,16,114,20,0,18,80,2025-11-05
4333,123,17,151,20,0,32,128,2025-12-26
4334,123,18,162,20,0,39,156,2025-12-06
4335,123,20,114,20,0,35,140,2025-11-18
4336,123,22,193,20,0,47,188,2025-11-20
4337,123,25,183,20,0,31,124,2025-12-17
4338,123,27,27,20,36,21,84,2025-12-27
4339,123,28,180,20,0,11,80,2025-12-18
4340,123,29,103,20,35,46,184,2025-12-06
4341,123,30,109,20,0,34,136,2025-12-04
4342,123,31,140,20,0,18,80,2025-11-03
4343,123,32,267,20,0,32,128,2025-12-06
4344,123,34,113,20,58,57,228,2025-12-24
4345,123,35,121,20,29,50,200,2025-11-04
4346,123,36,136,20,44,60,240,2025-11-22
4347,123,39,69,20,0,10,80,2025-12-08
4348,123,40,132,20,45,59,236,2025-12-25
4349,123,41,141,20,0,25,100,2025-11-16
4350,123,45,25,20,11,12,80,2025-12-09
4351,123,46,191,20,0,21,84,2025-12-24
4352,123,48,65,20,88,51,204,2025-11-18
4353,124,1,164,21,0,13,80,2025-11-17
4354,124,2,174,21,0,57,228,2025-12-08
4355,124,3,188,21,0,10,80,2025-12-22
4356,124,4,122,21,0,30,120,2025-11-23
4357,124,5,233,21,0,53,212,2025-12-29
4358,124,6,115,21,0,36,144,2025-12-29
4359,124,7,171,21,0,43,172,2025-11-20
4360,124,8,124,21,0,32,128,2025-11-16
4361,124,10,0,0,111,37,148,2025-11-08
4362,124,11,135,21,45,60,240,2025-12-23
4363,124,12,126,21,0,14,80,2025-12-18
4364,124,13,173,21,0,17,80,2025-11-14
4365,124,14,259,21,0,56,224,2025-11-29
4366,124,15,203,21,0,19,80,2025-11-29
4367,124,16,183,21,0,56,224,2025-11-12
4368,124,17,147,21,0,42,168,2025-12-29
4369,124,18,103,21,5,36,144,2025-12-26
4370,124,20,149,21,0,22,88,2025-12-21
4371,124,21,107,21,10,39,156,2025-11-25
4372,124,22,118,21,0,15,80,2025-11-28
4373,124,23,199,21,0,47,188,2025-11-01
4374,124,24,167,21,0,53,212,2025-12-13
4375,124,25,142,21,0,30,120,2025-11-20
4376,124,27,207,21,0,57,228,2025-12-09
4377,124,28,111,21,24,45,180,2025-12-22
4378,124,30,95,21,40,45,180,2025-11-22
4379,124,31,118,21,0,29,116,2025-12-29
4380,124,32,181,21,0,43,172,2025-12-05
4381,124,34,121,21,47,56,224,2025-12-29
4382,124,36,85,21,0,16,80,2025-11-11
4383,124,37,193,21,0,49,196,2025-12-22
4384,124,38,136,21,0,26,104,2025-11-14
4385,124,40,118,21,59,59,236,2025-11-24
4386,124,45,192,21,0,10,80,2025-11-28
4387,124,46,123,21,0,36,144,2025-11-02
4388,124,50,203,21,0,59,236,2025-12-13
4389,126,1,141,5,0,24,96,2025-12-24
4390,126,2,109,5,0,32,128,2025-11-04
4391,126,3,112,5,0,32,128,2025-12-23
4392,126,4,93,5,15,36,144,2025-11-08
4393,126,5,28,5,86,38,152,2025-11-07
4394,126,6,169,5,0,47,188,2025-11-06
4395,126,7,73,5,56,43,172,2025-12-18
4396,126,8,193,5,0,13,80,2025-11-29
4397,126,9,144,5,0,34,136,2025-11-07
4398,126,10,178,5,0,11,80,2025-12-19
4399,126,11,193,5,0,45,180,2025-12-02
4400,126,12,119,5,0,39,156,2025-11-01
4401,126,14,80,5,100,60,240,2025-12-19
4402,126,15,185,5,0,22,88,2025-12-27
4403,126,16,115,5,0,30,120,2025-11-01
4404,126,17,215,5,0,42,168,2025-11-20
4405,126,18,134,5,7,47,188,2025-11-19
4406,126,19,176,5,0,49,196,2025-11-14
4407,126,21,111,5,0,32,128,2025-12-17
4408,126,22,150,5,0,14,80,2025-11-17
4409,126,26,143,5,0,24,96,2025-11-24
4410,126,27,184,5,0,47,188,2025-11-18
4411,126,28,101,5,0,12,80,2025-12-15
4412,126,29,130,5,0,10,80,2025-12-16
4413,126,30,89,5,49,46,184,2025-11-28
4414,126,34,240,5,0,42,168,2025-11-19
4415,126,35,115,5,0,34,136,2025-11-28
4416,126,37,165,5,3,56,224,2025-12-10
4417,126,39,115,5,29,48,192,2025-12-06
4418,126,40,218,5,0,60,240,2025-12-25
4419,126,41,176,5,0,32,128,2025-11-13
4420,126,43,151,5,0,44,176,2025-12-10
4421,126,45,239,5,0,14,80,2025-12-24
4422,126,46,185,5,0,52,208,2025-11-02
4423,126,47,126,5,0,40,160,2025-12-13
4424,126,48,141,5,0,17,80,2025-12-16
4425,126,49,232,5,0,52,208,2025-11-21
4426,126,50,231,5,0,59,236,2025-11-21
4427,127,1,255,6,0,40,160,2025-11-14
4428,127,2,155,6,7,54,216,2025-11-24
4429,127,3,271,6,0,33,132,2025-11-28
4430,127,4,144,6,0,16,80,2025-11-29
4431,127,5,89,6,7,32,128,2025-12-17
4432,127,6,81,6,18,33,132,2025-12-07
4433,127,7,205,6,0,15,80,2025-11-22
4434,127,8,203,6,0,34,136,2025-11-01
4435,127,9,190,6,0,24,96,2025-12-18
4436,127,10,189,6,0,40,160,2025-12-28
4437,127,11,131,6,0,10,80,2025-11-03
4438,127,12,107,6,0,21,84,2025-12-05
4439,127,14,178,6,0,50,200,2025-11-25
4440,127,15,105,6,54,53,212,2025-12-11
4441,127,16,57,6,60,39,156,2025-11-23
4442,127,17,78,6,27,35,140,2025-12-02
4443,127,18,177,6,0,44,176,2025-11-09
4444,127,19,188,6,0,32,128,2025-11-13
4445,127,20,209,6,0,14,80,2025-11-29
4446,127,21,84,6,0,27,108,2025-11-15
4447,127,22,180,6,0,57,228,2025-12-06
4448,127,24,230,6,0,10,80,2025-11-12
4449,127,25,202,6,0,57,228,2025-12-03
4450,127,27,134,6,0,41,164,2025-11-17
4451,127,28,159,6,0,30,120,2025-12-26
4452,127,31,133,6,0,18,80,2025-12-20
4453,127,33,137,6,0,10,80,2025-12-16
4454,127,35,168,6,0,17,80,2025-11-16
4455,127,37,198,6,0,10,80,2025-12-19
4456,127,41,115,6,0,10,80,2025-11-15
4457,127,44,255,6,0,42,168,2025-12-16
4458,127,46,269,6,0,33,132,2025-11-23
4459,127,47,102,6,0,34,136,2025-11-17
4460,127,48,221,6,0,50,200,2025-11-26
4461,128,1,142,7,0,46,184,2025-12-07
4462,128,2,226,7,0,32,128,2025-11-10
4463,128,3,82,7,0,10,80,2025-12-14
4464,128,4,198,7,0,57,228,2025-11-23
4465,128,5,113,7,0,16,80,2025-11-23
4466,128,6,195,7,0,20,80,2025-12-11
4467,128,7,132,7,0,26,104,2025-12-26
4468,128,8,94,7,17,37,148,2025-12-04
4469,128,9,110,7,0,35,140,2025-11-11
4470,128,10,136,7,23,53,212,2025-12-09
4471,128,11,216,7,0,43,172,2025-11-27
4472,128,12,69,7,99,56,224,2025-11-07
4473,128,13,122,7,0,40,160,2025-12-21
4474,128,14,72,7,51,41,164,2025-12-07
4475,128,15,181,7,0,48,192,2025-11-05
4476,128,16,225,7,0,28,112,2025-11-28
4477,128,17,144,7,0,10,80,2025-11-29
4478,128,18,147,7,0,48,192,2025-11-16
4479,128,19,127,7,38,55,220,2025-12-14
4480,128,20,195,7,0,10,80,2025-12-27
4481,128,21,103,7,0,30,120,2025-12-11
4482,128,23,116,7,0,22,88,2025-12-11
4483,128,24,108,7,0,24,96,2025-11-19
4484,128,25,134,7,46,60,240,2025-11-16
4485,128,27,146,7,0,45,180,2025-12-27
4486,128,28,138,7,0,14,80,2025-11-20
4487,128,29,87,7,36,41,164,2025-12-07
4488,128,30,167,7,0,23,92,2025-11-25
4489,128,32,89,7,34,41,164,2025-12-25
4490,128,36,137,7,28,55,220,2025-12-18
4491,128,39,199,7,0,42,168,2025-12-01
4492,128,42,145,7,0,37,148,2025-12-29
4493,128,43,181,7,0,49,196,2025-12-18
4494,128,46,247,7,0,37,148,2025-12-16
4495,128,50,133,7,0,15,80,2025-12-24
4496,129,1,129,8,0,10,80,2025-11-10
4497,129,2,88,8,0,15,80,2025-11-05
4498,129,3,103,8,0,20,80,2025-11-08
4499,129,4,93,8,78,57,228,2025-11-07
4500,129,5,125,8,0,13,80,2025-12-08
4501,129,6,93,8,0,14,80,2025-11-16
4502,129,7,76,8,95,57,228,2025-12-01
4503,129,8,214,8,0,30,120,2025-11-23
4504,129,9,188,8,0,17,80,2025-11-16
4505,129,10,132,8,0,40,160,2025-11-05
4506,129,11,226,8,0,58,232,2025-12-20
4507,129,12,222,8,0,40,160,2025-12-25
4508,129,13,121,8,0,17,80,2025-12-29
4509,129,14,161,8,0,10,80,2025-11-02
4510,129,15,254,8,0,10,80,2025-11-27
4511,129,16,87,8,0,25,100,2025-11-13
4512,129,17,168,8,0,15,80,2025-12-23
4513,129,18,193,8,0,36,144,2025-12-19
4514,129,21,88,8,8,32,128,2025-12-20
4515,129,22,81,8,0,25,100,2025-11-12
4516,129,23,171,8,0,32,128,2025-11-28
4517,129,28,195,8,0,44,176,2025-11-25
4518,129,30,108,8,0,17,80,2025-12-25
4519,129,31,193,8,0,22,88,2025-12-29
4520,129,32,198,8,0,53,212,2025-12-22
4521,129,33,121,8,29,50,200,2025-11-08
4522,129,34,100,8,2,34,136,2025-12-03
4523,129,36,61,8,0,10,80,2025-11-09
4524,129,40,143,8,22,55,220,2025-11-07
4525,129,41,133,8,17,50,200,2025-11-30
4526,129,42,174,8,0,51,204,2025-11-22
4527,129,43,70,8,53,41,164,2025-11-24
4528,129,44,161,8,0,23,92,2025-11-23
4529,129,45,133,8,0,13,80,2025-12-21
4530,129,47,130,8,0,20,80,2025-11-17
4531,129,50,148,8,0,12,80,2025-11-06
4532,130,1,115,9,38,51,204,2025-11-04
4533,130,2,214,9,0,21,84,2025-11-21
4534,130,3,166,9,0,28,112,2025-12-11
4535,130,4,79,9,0,10,80,2025-12-30
4536,130,5,193,9,0,58,232,2025-11-25
4537,130,6,112,9,35,49,196,2025-12-14
4538,130,7,32,9,82,38,152,2025-12-01
4539,130,8,81,9,42,41,164,2025-12-26
4540,130,9,271,9,0,13,80,2025-12-24
4541,130,10,126,9,39,55,220,2025-12-30
4542,130,11,189,9,0,10,80,2025-11-04
4543,130,12,174,9,0,18,80,2025-11-10
4544,130,13,231,9,0,29,116,2025-12-05
4545,130,14,121,9,0,31,124,2025-12-26
4546,130,15,263,9,0,10,80,2025-12-05
4547,130,16,164,9,0,46,184,2025-12-24
4548,130,18,116,9,46,54,216,2025-12-21
4549,130,19,86,9,85,57,228,2025-11-12
4550,130,20,108,9,42,50,200,2025-12-13
4551,130,21,235,9,0,59,236,2025-12-21
4552,130,22,128,9,0,32,128,2025-12-18
4553,130,23,150,9,0,43,172,2025-11-09
4554,130,24,129,9,21,50,200,2025-11-30
4555,130,25,150,9,0,15,80,2025-12-22
4556,130,26,93,9,24,39,156,2025-12-16
4557,130,29,111,9,36,49,196,2025-12-14
4558,130,30,136,9,35,57,228,2025-11-06
4559,130,31,162,9,0,25,100,2025-12-19
4560,130,32,185,9,0,47,188,2025-11-04
4561,130,33,155,9,0,15,80,2025-12-02
4562,130,34,68,9,43,37,148,2025-12-16
4563,130,36,115,9,0,24,96,2025-11-08
4564,130,37,137,9,0,45,180,2025-11-02
4565,130,38,219,9,0,11,80,2025-11-20
4566,130,39,117,9,12,43,172,2025-12-29
4567,130,41,182,9,0,31,124,2025-11-13
4568,130,43,117,9,0,28,112,2025-12-04
4569,130,44,205,9,0,22,88,2025-11-30
4570,130,45,190,9,0,30,120,2025-11-19
4571,130,48,99,9,0,32,128,2025-12-14
4572,130,50,52,9,125,59,236,2025-12-27
4573,131,1,201,10,0,58,232,2025-11-27
4574,131,2,141,10,0,22,88,2025-12-11
4575,131,3,104,10,0,10,80,2025-11-05
4576,131,4,91,10,0,17,80,2025-12-08
4577,131,5,114,10,39,51,204,2025-11-11
4578,131,6,185,10,0,59,236,2025-12-16
4579,131,7,193,10,0,10,80,2025-12-27
4580,131,8,191,10,0,31,124,2025-12-22
4581,131,9,134,10,0,24,96,2025-12-21
4582,131,10,79,10,83,54,216,2025-11-21
4583,131,12,91,10,65,52,208,2025-12-18
4584,131,13,0,0,180,60,240,2025-12-08
4585,131,14,144,10,0,31,124,2025-12-18
4586,131,15,148,10,0,29,116,2025-12-16
4587,131,16,53,10,0,13,80,2025-11-30
4588,131,17,220,10,0,34,136,2025-12-25
4589,131,18,88,10,0,14,80,2025-11-20
4590,131,19,101,10,61,54,216,2025-12-22
4591,131,20,212,10,0,15,80,2025-12-16
4592,131,21,65,10,52,39,156,2025-11-16
4593,131,23,245,10,0,51,204,2025-11-29
4594,131,24,179,10,0,14,80,2025-12-30
4595,131,26,127,10,20,49,196,2025-11-26
4596,131,27,220,10,0,42,168,2025-11-22
4597,131,28,247,10,0,35,140,2025-11-26
4598,131,31,99,10,9,36,144,2025-12-16
4599,131,32,132,10,27,53,212,2025-11-11
4600,131,33,157,10,0,10,80,2025-12-06
4601,131,36,102,10,0,10,80,2025-12-14
4602,131,38,182,10,0,18,80,2025-12-30
4603,131,40,159,10,0,44,176,2025-12-25
4604,131,41,188,10,0,33,132,2025-11-09
4605,131,42,180,10,0,13,80,2025-11-19
4606,131,43,118,10,0,10,80,2025-11-25
4607,131,45,174,10,0,37,148,2025-12-09
4608,131,48,159,10,3,54,216,2025-12-29
4609,131,50,154,10,0,45,180,2025-12-17
4610,132,1,135,11,0,28,112,2025-12-07
4611,132,2,149,11,0,24,96,2025-12-10
4612,132,3,155,11,0,49,196,2025-12-28
4613,132,4,128,11,0,33,132,2025-12-11
4614,132,5,88,11,5,31,124,2025-11-01
4615,132,6,146,11,0,10,80,2025-12-04
4616,132,7,136,11,35,57,228,2025-11-16
4617,132,8,137,11,0,20,80,2025-12-08
4618,132,9,126,11,0,31,124,2025-12-06
4619,132,10,173,11,0,35,140,2025-12-20
4620,132,11,148,11,17,55,220,2025-11-16
4621,132,12,198,11,0,48,192,2025-12-18
4622,132,13,149,11,0,30,120,2025-11-11
4623,132,14,73,11,0,23,92,2025-11-09
4624,132,15,103,11,0,27,108,2025-11-13
4625,132,16,122,11,0,18,80,2025-12-03
4626,132,17,184,11,0,56,224,2025-12-27
4627,132,18,41,11,103,48,192,2025-11-23
4628,132,19,126,11,12,46,184,2025-12-13
4629,132,20,152,11,19,57,228,2025-11-27
4630,132,21,134,11,0,10,80,2025-12-14
4631,132,22,77,11,67,48,192,2025-12-11
4632,132,23,46,11,101,49,196,2025-11-03
4633,132,24,95,11,13,36,144,2025-12-14
4634,132,25,117,11,24,47,188,2025-12-11
4635,132,26,123,11,0,22,88,2025-11-21
4636,132,27,211,11,0,24,96,2025-11-03
4637,132,29,185,11,0,22,88,2025-11-01
4638,132,30,193,11,0,10,80,2025-11-01
4639,132,31,234,11,0,23,92,2025-11-14
4640,132,32,67,11,59,42,168,2025-12-09
4641,132,34,100,11,0,32,128,2025-12-08
4642,132,35,118,11,62,60,240,2025-12-17
4643,132,37,219,11,0,15,80,2025-12-08
4644,132,39,215,11,0,35,140,2025-12-06
4645,132,40,105,11,9,38,152,2025-12-04
4646,133,1,112,12,17,43,172,2025-12-19
4647,133,2,22,12,8,10,80,2025-12-26
4648,133,3,6,6,162,56,224,2025-11-29
4649,133,4,157,12,0,16,80,2025-11-30
4650,133,5,276,12,0,33,132,2025-12-20
4651,133,6,126,12,0,10,80,2025-11-29
4652,133,7,104,12,0,16,80,2025-12-23
4653,133,8,70,12,0,13,80,2025-12-20
4654,133,9,227,12,0,23,92,2025-12-03
4655,133,10,44,12,16,20,80,2025-11-11
4656,133,11,62,12,0,18,80,2025-11-11
4657,133,12,89,12,10,33,132,2025-11-14
4658,133,13,98,12,0,29,116,2025-12-14
4659,133,14,186,12,0,25,100,2025-12-07
4660,133,15,169,12,0,37,148,2025-11-10
4661,133,17,45,12,123,56,224,2025-11-21
4662,133,19,105,12,0,33,132,2025-11-27
4663,133,20,74,12,0,10,80,2025-12-12
4664,133,21,185,12,0,41,164,2025-12-15
4665,133,22,131,12,0,29,116,2025-12-30
4666,133,24,106,12,23,43,172,2025-11-14
4667,133,25,76,12,0,10,80,2025-11-20
4668,133,26,95,12,49,48,192,2025-11-14
4669,133,27,107,12,70,59,236,2025-11-17
4670,133,30,173,12,0,42,168,2025-11-16
4671,133,31,101,12,49,50,200,2025-11-26
4672,133,32,53,12,7,20,80,2025-11-01
4673,133,35,85,12,0,14,80,2025-12-07
4674,133,36,69,12,69,46,184,2025-12-14
4675,133,39,154,12,0,40,160,2025-12-13
4676,133,40,37,12,11,16,80,2025-12-22
4677,133,41,27,12,6,11,80,2025-11-15
4678,133,43,106,12,0,34,136,2025-12-16
4679,133,47,9,9,21,10,80,2025-11-05
4680,133,49,238,12,0,40,160,2025-12-17
4681,133,50,165,12,0,48,192,2025-12-13
4682,134,1,139,13,0,10,80,2025-11-06
4683,134,2,105,13,0,25,100,2025-11-20
4684,134,3,173,13,0,36,144,2025-11-03
4685,134,4,79,13,101,60,240,2025-12-01
4686,134,5,152,13,0,35,140,2025-11-02
4687,134,6,138,13,0,31,124,2025-11-10
4688,134,7,273,13,0,39,156,2025-12-12
4689,134,8,144,13,0,26,104,2025-11-27
4690,134,9,159,13,0,41,164,2025-11-11
4691,134,10,220,13,0,55,220,2025-12-17
4692,134,11,122,13,10,44,176,2025-12-10
4693,134,12,190,13,0,10,80,2025-11-22
4694,134,13,170,13,0,47,188,2025-12-28
4695,134,14,229,13,0,38,152,2025-11-02
4696,134,15,166,13,0,34,136,2025-12-24
4697,134,17,130,13,0,34,136,2025-12-05
4698,134,18,81,13,84,55,220,2025-11-10
4699,134,19,50,13,79,43,172,2025-11-06
4700,134,20,203,13,0,56,224,2025-12-30
4701,134,22,127,13,0,12,80,2025-12-16
4702,134,24,79,13,74,51,204,2025-11-25
4703,134,27,38,13,112,50,200,2025-11-27
4704,134,28,162,13,0,45,180,2025-11-02
4705,134,30,136,13,5,47,188,2025-12-17
4706,134,32,146,13,0,21,84,2025-11-25
4707,134,33,167,13,0,32,128,2025-12-23
4708,134,34,24,13,102,42,168,2025-12-24
4709,134,35,163,13,0,27,108,2025-12-12
4710,134,36,51,13,72,41,164,2025-12-16
4711,134,41,332,13,0,10,80,2025-12-01
4712,134,43,185,13,0,35,140,2025-11-27
4713,134,46,147,13,0,26,104,2025-11-25
4714,134,48,84,13,81,55,220,2025-11-10
4715,134,49,134,13,0,10,80,2025-11-12
4716,134,50,179,13,0,25,100,2025-12-02
4717,135,1,155,14,0,30,120,2025-12-20
4718,135,2,136,14,41,59,236,2025-11-30
4719,135,3,146,14,34,60,240,2025-12-28
4720,135,4,148,14,0,19,80,2025-11-14
4721,135,5,87,14,0,15,80,2025-12-10
4722,135,6,183,14,0,51,204,2025-11-26
4723,135,7,136,14,0,10,80,2025-12-18
4724,135,8,144,14,0,10,80,2025-12-01
4725,135,9,223,14,0,36,144,2025-11-08
4726,135,11,128,14,0,41,164,2025-11-30
4727,135,12,64,14,83,49,196,2025-11-17
4728,135,14,256,14,0,59,236,2025-12-10
4729,135,16,184,14,0,10,80,2025-11-06
4730,135,17,105,14,57,54,216,2025-11-06
4731,135,18,149,14,0,42,168,2025-11-06
4732,135,21,127,14,32,53,212,2025-11-16
4733,135,22,202,14,0,57,228,2025-11-23
4734,135,23,170,14,0,50,200,2025-11-19
4735,135,25,75,14,0,17,80,2025-11-06
4736,135,26,90,14,69,53,212,2025-12-24
4737,135,27,105,14,0,30,120,2025-12-11
4738,135,29,94,14,20,38,152,2025-12-07
4739,135,30,196,14,0,38,152,2025-11-16
4740,135,31,90,14,87,59,236,2025-11-15
4741,135,32,146,14,25,57,228,2025-12-07
4742,135,33,164,14,0,53,212,2025-11-01
4743,135,37,111,14,0,31,124,2025-11-05
4744,135,38,68,14,19,29,116,2025-11-11
4745,135,39,123,14,0,10,80,2025-11-28
4746,135,45,80,14,70,50,200,2025-11-16
4747,135,49,154,14,11,55,220,2025-11-15
4748,136,1,124,15,38,54,216,2025-11-11
4749,136,2,229,15,0,27,108,2025-11-07
4750,136,3,129,15,0,32,128,2025-12-17
4751,136,4,166,15,0,29,116,2025-12-12
4752,136,5,126,15,27,51,204,2025-11-02
4753,136,6,152,15,0,19,80,2025-12-01
4754,136,7,107,15,0,29,116,2025-11-01
4755,136,8,170,15,0,41,164,2025-12-18
4756,136,9,61,15,53,38,152,2025-12-23
4757,136,10,102,15,72,58,232,2025-12-29
4758,136,11,60,15,36,32,128,2025-11-02
4759,136,12,97,15,17,38,152,2025-12-01
4760,136,13,228,15,0,33,132,2025-11-03
4761,136,14,178,15,0,47,188,2025-11-22
4762,136,15,135,15,0,37,148,2025-12-28
4763,136,16,215,15,0,10,80,2025-12-19
4764,136,17,144,15,0,30,120,2025-12-26
4765,136,19,200,15,0,28,112,2025-12-06
4766,136,20,111,15,21,44,176,2025-11-14
4767,136,21,87,15,54,47,188,2025-11-03
4768,136,22,91,15,0,28,112,2025-12-15
4769,136,23,162,15,0,37,148,2025-11-30
4770,136,25,184,15,0,22,88,2025-11-20
4771,136,26,144,15,0,35,140,2025-12-30
4772,136,28,122,15,0,31,124,2025-12-21
4773,136,29,69,15,27,32,128,2025-12-13
4774,136,30,169,15,0,27,108,2025-12-04
4775,136,32,196,15,0,23,92,2025-12-02
4776,136,33,72,15,99,57,228,2025-11-26
4777,136,37,75,15,21,32,128,2025-11-23
4778,136,39,149,15,0,16,80,2025-11-11
4779,136,42,199,15,0,38,152,2025-12-30
4780,137,1,151,16,0,31,124,2025-11-06
4781,137,2,126,16,0,20,80,2025-12-14
4782,137,3,129,16,0,26,104,2025-11-22
4783,137,4,120,16,0,23,92,2025-11-04
4784,137,5,83,16,0,27,108,2025-12-13
4785,137,6,177,16,0,21,84,2025-11-01
4786,137,7,161,16,0,10,80,2025-11-27
4787,137,8,201,16,0,47,188,2025-12-19
4788,137,9,140,16,19,53,212,2025-12-19
4789,137,10,225,16,0,41,164,2025-11-24
4790,137,11,137,16,31,56,224,2025-11-01
4791,137,12,149,16,0,32,128,2025-11-18
4792,137,13,230,16,0,31,124,2025-12-05
4793,137,14,137,16,31,56,224,2025-12-26
4794,137,15,101,16,0,18,80,2025-12-16
4795,137,16,172,16,0,12,80,2025-12-13
4796,137,17,156,16,0,10,80,2025-12-19
4797,137,18,199,16,0,36,144,2025-11-28
4798,137,19,66,16,51,39,156,2025-11-06
4799,137,20,159,16,0,26,104,2025-11-23
4800,137,21,179,16,0,31,124,2025-12-13
4801,137,22,57,16,48,35,140,2025-12-09
4802,137,23,89,16,13,34,136,2025-11-03
4803,137,26,131,16,0,11,80,2025-12-04
4804,137,27,134,16,0,13,80,2025-11-19
4805,137,28,155,16,7,54,216,2025-11-26
4806,137,30,211,16,0,59,236,2025-12-02
4807,137,31,102,16,0,33,132,2025-12-04
4808,137,32,259,16,0,23,92,2025-11-02
4809,137,35,122,16,0,35,140,2025-11-06
4810,137,36,124,16,0,39,156,2025-11-26
4811,137,37,206,16,0,39,156,2025-11-20
4812,137,38,121,16,32,51,204,2025-12-08
4813,137,40,223,16,0,49,196,2025-12-15
4814,137,41,117,16,0,24,96,2025-11-11
4815,137,42,66,16,0,10,80,2025-12-12
4816,137,46,143,16,0,19,80,2025-12-13
4817,137,47,106,16,20,42,168,2025-11-29
4818,137,49,166,16,0,17,80,2025-11-18
4819,138,1,159,17,3,54,216,2025-11-03
4820,138,2,174,17,0,24,96,2025-11-30
4821,138,3,133,17,0,14,80,2025-11-09
4822,138,4,167,17,0,50,200,2025-11-30
4823,138,5,28,17,35,21,84,2025-12-25
4824,138,6,90,17,75,55,220,2025-11-21
4825,138,7,177,17,0,55,220,2025-12-02
4826,138,8,246,17,0,45,180,2025-12-24
4827,138,9,89,17,0,23,92,2025-12-18
4828,138,10,108,17,48,52,208,2025-11-04
4829,138,11,117,17,12,43,172,2025-11-19
4830,138,12,89,17,0,10,80,2025-11-10
4831,138,13,111,17,24,45,180,2025-12-13
4832,138,14,144,17,0,37,148,2025-12-12
4833,138,15,159,17,0,40,160,2025-12-18
4834,138,17,215,17,0,48,192,2025-11-12
4835,138,18,119,17,0,10,80,2025-12-29
4836,138,19,174,17,0,10,80,2025-11-22
4837,138,21,212,17,0,51,204,2025-11-27
4838,138,22,70,17,0,15,80,2025-12-03
4839,138,25,112,17,0,26,104,2025-11-05
4840,138,28,124,17,26,50,200,2025-12-13
4841,138,30,68,17,0,10,80,2025-12-28
4842,138,34,118,17,50,56,224,2025-11-12
4843,138,35,137,17,0,40,160,2025-11-07
4844,138,36,74,17,0,10,80,2025-11-26
4845,138,39,134,17,37,57,228,2025-11-04
4846,138,42,160,17,0,27,108,2025-11-28
4847,138,43,150,17,0,13,80,2025-11-02
4848,138,48,106,17,23,43,172,2025-12-26
4849,138,49,114,17,48,54,216,2025-11-19
4850,138,50,71,17,67,46,184,2025-12-17
4851,139,1,233,18,0,51,204,2025-12-05
4852,139,2,135,18,3,46,184,2025-12-06
4853,139,3,151,18,0,34,136,2025-12-20
4854,139,4,63,18,99,54,216,2025-12-26
4855,139,5,181,18,0,14,80,2025-12-20
4856,139,6,268,18,0,10,80,2025-12-07
4857,139,7,234,18,0,40,160,2025-12-12
4858,139,8,167,18,0,51,204,2025-11-06
4859,139,9,0,0,60,20,80,2025-11-14
4860,139,10,211,18,0,24,96,2025-12-18
4861,139,12,171,18,0,10,80,2025-12-17
4862,139,13,105,18,30,45,180,2025-11-01
4863,139,14,192,18,0,36,144,2025-12-12
4864,139,15,236,18,0,28,112,2025-12-01
4865,139,16,173,18,0,35,140,2025-11-06
4866,139,17,186,18,0,17,80,2025-11-18
4867,139,18,51,18,87,46,184,2025-11-16
4868,139,19,108,18,0,30,120,2025-12-03
4869,139,20,151,18,0,45,180,2025-11-14
4870,139,21,205,18,0,18,80,2025-12-23
4871,139,23,37,18,68,35,140,2025-11-30
4872,139,24,216,18,0,28,112,2025-12-11
4873,139,25,128,18,0,24,96,2025-12-21
4874,139,26,275,18,0,53,212,2025-11-24
4875,139,28,136,18,0,32,128,2025-11-21
4876,139,29,108,18,57,55,220,2025-12-07
4877,139,30,145,18,32,59,236,2025-11-08
4878,139,33,169,18,0,10,80,2025-12-22
4879,139,34,82,18,0,10,80,2025-12-23
4880,139,36,79,18,0,20,80,2025-12-24
4881,139,39,60,18,33,31,124,2025-11-14
4882,139,45,32,18,88,40,160,2025-11-18
4883,139,48,138,18,0,27,108,2025-12-04
4884,139,49,92,18,79,57,228,2025-11-17
4885,140,1,128,19,25,51,204,2025-12-08
4886,140,2,118,19,0,22,88,2025-12-30
4887,140,3,78,19,0,10,80,2025-12-23
4888,140,4,225,19,0,58,232,2025-12-05
4889,140,5,197,19,0,56,224,2025-12-30
4890,140,6,148,19,0,11,80,2025-11-15
4891,140,7,157,19,0,24,96,2025-12-28
4892,140,8,219,19,0,42,168,2025-11-11
4893,140,9,191,19,0,37,148,2025-12-15
4894,140,10,140,19,0,39,156,2025-11-13
4895,140,11,113,19,0,34,136,2025-12-09
4896,140,12,132,19,0,19,80,2025-11-19
4897,140,13,151,19,0,49,196,2025-12-27
4898,140,14,191,19,0,19,80,2025-12-10
4899,140,15,136,19,0,35,140,2025-11-17
4900,140,22,132,19,0,10,80,2025-11-08
4901,140,23,85,19,0,16,80,2025-12-26
4902,140,24,225,19,0,28,112,2025-11-13
4903,140,26,30,19,111,47,188,2025-11-18
4904,140,27,155,19,0,26,104,2025-11-05
4905,140,28,218,19,0,53,212,2025-11-15
4906,140,29,191,19,0,10,80,2025-11-10
4907,140,30,204,19,0,53,212,2025-11-07
4908,140,31,96,19,3,33,132,2025-12-26
4909,140,32,197,19,0,58,232,2025-11-12
4910,140,33,139,19,0,11,80,2025-11-02
4911,140,34,173,19,0,10,80,2025-12-21
4912,140,36,36,19,6,14,80,2025-11-05
4913,140,38,81,19,30,37,148,2025-11-20
4914,140,39,157,19,0,25,100,2025-11-03
4915,140,41,157,19,0,27,108,2025-11-07
4916,140,43,127,19,0,25,100,2025-12-16
4917,140,48,156,19,0,12,80,2025-12-24
4918,140,50,155,19,19,58,232,2025-11-23
4919,141,1,151,20,0,49,196,2025-12-09
4920,141,2,122,20,0,16,80,2025-12-18
4921,141,3,203,20,0,13,80,2025-11-12
4922,141,4,228,20,0,23,92,2025-12-10
4923,141,5,180,20,0,10,80,2025-11-12
4924,141,6,120,20,6,42,168,2025-11-12
4925,141,7,187,20,0,47,188,2025-11-09
4926,141,8,106,20,50,52,208,2025-11-02
4927,141,9,331,20,0,47,188,2025-12-03
4928,141,10,219,20,0,28,112,2025-12-23
4929,141,11,166,20,14,60,240,2025-12-15
4930,141,12,166,20,0,27,108,2025-12-04
4931,141,13,218,20,0,49,196,2025-12-12
4932,141,14,112,20,0,10,80,2025-11-03
4933,141,15,89,20,1,30,120,2025-11-14
4934,141,17,126,20,0,38,152,2025-11-03
4935,141,18,280,20,0,53,212,2025-11-23
4936,141,19,209,20,0,43,172,2025-12-04
4937,141,20,178,20,0,11,80,2025-12-09
4938,141,21,177,20,0,49,196,2025-12-22
4939,141,22,59,20,0,10,80,2025-12-10
4940,141,23,146,20,0,17,80,2025-12-06
4941,141,24,232,20,0,22,88,2025-12-28
4942,141,25,111,20,54,55,220,2025-11-05
4943,141,27,186,20,0,38,152,2025-12-28
4944,141,31,99,20,0,22,88,2025-11-22
4945,141,33,91,20,0,19,80,2025-12-23
4946,141,34,138,20,0,28,112,2025-11-13
4947,141,35,194,20,0,16,80,2025-12-26
4948,141,36,188,20,0,23,92,2025-12-25
4949,141,38,49,20,26,25,100,2025-11-15
4950,141,42,163,20,0,29,116,2025-11-15
4951,141,43,171,20,0,34,136,2025-11-03
4952,141,44,162,20,0,51,204,2025-12-24
4953,141,45,152,20,0,22,88,2025-12-21
4954,141,46,59,20,97,52,208,2025-11-13
4955,141,47,74,20,0,10,80,2025-12-09
4956,141,48,175,20,0,33,132,2025-12-28
4957,141,49,138,20,0,21,84,2025-12-23
4958,141,50,69,20,0,16,80,2025-12-10
4959,142,1,201,21,0,29,116,2025-12-16
4960,142,2,209,21,0,18,80,2025-11-27
4961,142,3,118,21,0,14,80,2025-12-28
4962,142,4,148,21,0,41,164,2025-11-07
4963,142,5,196,21,0,49,196,2025-11-23
4964,142,6,68,21,94,54,216,2025-12-21
4965,142,7,241,21,0,22,88,2025-11-30
4966,142,8,105,21,0,18,80,2025-11-08
4967,142,9,189,21,0,51,204,2025-11-19
4968,142,10,189,21,0,41,164,2025-11-01
4969,142,11,89,21,70,53,212,2025-11-23
4970,142,13,111,21,0,33,132,2025-11-01
4971,142,14,212,21,0,49,196,2025-11-09
4972,142,15,44,21,118,54,216,2025-11-12
4973,142,17,49,21,116,55,220,2025-12-19
4974,142,18,201,21,0,26,104,2025-11-07
4975,142,19,107,21,0,30,120,2025-12-27
4976,142,20,128,21,0,22,88,2025-12-17
4977,142,21,117,21,39,52,208,2025-11-27
4978,142,22,110,21,0,34,136,2025-11-05
4979,142,24,80,21,13,31,124,2025-11-21
4980,142,29,159,21,18,59,236,2025-12-30
4981,142,32,155,21,0,45,180,2025-12-15
4982,142,35,169,21,0,36,144,2025-12-27
4983,142,36,151,21,0,46,184,2025-11-19
4984,142,37,87,21,0,27,108,2025-12-08
4985,142,39,151,21,0,43,172,2025-11-17
4986,142,40,155,21,0,46,184,2025-11-04
4987,142,42,202,21,0,10,80,2025-11-11
4988,142,44,147,21,0,24,96,2025-11-20
4989,142,45,89,21,25,38,152,2025-12-19
4990,142,46,179,21,0,39,156,2025-12-25
4991,142,49,101,21,76,59,236,2025-12-02
4992,143,1,92,22,0,27,108,2025-12-14
4993,143,2,122,22,0,27,108,2025-12-25
4994,143,3,80,22,0,19,80,2025-11-14
4995,143,4,193,22,0,10,80,2025-11-22
4996,143,5,150,22,9,53,212,2025-11-28
4997,143,6,116,22,52,56,224,2025-11-15
4998,143,7,121,22,0,39,156,2025-11-17
4999,143,8,88,22,0,11,80,2025-12-26
5000,143,9,236,22,0,14,80,2025-12-02
5001,143,10,80,22,58,46,184,2025-11-12
5002,143,11,146,22,0,32,128,2025-11-25
5003,143,12,205,22,0,35,140,2025-11-01
5004,143,13,63,22,0,10,80,2025-12-07
5005,143,14,139,22,0,10,80,2025-11-10
5006,143,15,199,22,0,38,152,2025-11-29
5007,143,16,133,22,0,12,80,2025-12-28
5008,143,17,137,22,0,10,80,2025-11-08
5009,143,19,139,22,0,19,80,2025-11-16
5010,143,20,166,22,0,26,104,2025-12-13
5011,143,21,79,22,86,55,220,2025-12-02
5012,143,22,105,22,60,55,220,2025-12-23
5013,143,23,168,22,0,18,80,2025-11-24
5014,143,24,89,22,0,20,80,2025-12-07
5015,143,26,157,22,0,18,80,2025-11-28
5016,143,27,31,22,0,10,80,2025-11-18
5017,143,28,184,22,0,12,80,2025-11-08
5018,143,29,189,22,0,24,96,2025-12-11
5019,143,30,216,22,0,50,200,2025-11-06
5020,143,31,204,22,0,32,128,2025-12-21
5021,143,32,148,22,0,10,80,2025-12-13
5022,143,33,161,22,0,37,148,2025-12-08
5023,143,36,182,22,0,19,80,2025-12-20
5024,143,40,152,22,0,22,88,2025-12-17
5025,143,42,184,22,0,36,144,2025-11-22
5026,143,46,147,22,0,36,144,2025-11-16
5027,143,47,20,20,43,21,84,2025-12-05
5028,143,48,198,22,0,10,80,2025-12-26
5029,143,50,67,22,77,48,192,2025-12-16
5030,144,1,207,5,0,23,92,2025-12-17
5031,144,2,150,5,0,15,80,2025-12-29
5032,144,3,80,5,37,39,156,2025-12-29
5033,144,4,59,5,49,36,144,2025-11-04
5034,144,5,81,5,42,41,164,2025-11-18
5035,144,6,69,5,12,27,108,2025-12-15
5036,144,7,192,5,0,27,108,2025-12-28
5037,144,8,225,5,0,25,100,2025-12-23
5038,144,9,83,5,0,10,80,2025-11-28
5039,144,11,169,5,0,40,160,2025-11-28
5040,144,12,51,5,51,34,136,2025-12-22
5041,144,13,164,5,0,25,100,2025-11-03
5042,144,14,160,5,0,50,200,2025-12-17
5043,144,15,76,5,77,51,204,2025-11-11
5044,144,16,165,5,0,27,108,2025-11-05
5045,144,17,159,5,0,15,80,2025-11-18
5046,144,19,161,5,0,10,80,2025-11-21
5047,144,21,152,5,0,33,132,2025-11-24
5048,144,22,141,5,33,58,232,2025-11-08
5049,144,23,129,5,0,10,80,2025-11-17
5050,144,24,77,5,76,51,204,2025-11-29
5051,144,26,211,5,0,32,128,2025-12-27
5052,144,27,134,5,0,32,128,2025-11-14
5053,144,28,49,5,53,34,136,2025-11-09
5054,144,29,82,5,74,52,208,2025-12-08
5055,144,31,95,5,52,49,196,2025-11-02
5056,144,33,212,5,0,50,200,2025-12-18
5057,144,34,202,5,0,47,188,2025-12-22
5058,144,36,125,5,0,37,148,2025-11-25
5059,144,37,170,5,0,50,200,2025-12-08
5060,144,38,113,5,0,21,84,2025-11-03
5061,144,43,163,5,8,57,228,2025-11-18
5062,144,45,139,5,0,38,152,2025-11-24
5063,144,46,88,5,0,10,80,2025-11-25
5064,144,47,158,5,0,16,80,2025-12-15
5065,144,48,154,5,0,23,92,2025-12-30
5066,144,49,149,5,0,19,80,2025-11-03
5067,145,1,92,6,0,21,84,2025-12-06
5068,145,2,111,6,0,20,80,2025-11-08
5069,145,3,229,6,0,46,184,2025-11-24
5070,145,4,65,6,70,45,180,2025-11-08
5071,145,5,140,6,0,35,140,2025-11-18
5072,145,6,109,6,0,31,124,2025-11-12
5073,145,7,186,6,0,20,80,2025-11-22
5074,145,8,53,6,10,21,84,2025-12-19
5075,145,9,176,6,0,38,152,2025-11-29
5076,145,10,236,6,0,38,152,2025-11-04
5077,145,11,195,6,0,31,124,2025-11-01
5078,145,12,156,6,18,58,232,2025-12-11
5079,145,13,141,6,0,18,80,2025-12-23
5080,145,14,123,6,0,32,128,2025-11-20
5081,145,15,189,6,0,31,124,2025-11-18
5082,145,17,90,6,0,17,80,2025-12-12
5083,145,19,279,6,0,51,204,2025-12-22
5084,145,21,254,6,0,10,80,2025-11-19
5085,145,22,91,6,62,51,204,2025-12-04
5086,145,23,147,6,0,34,136,2025-12-25
5087,145,26,135,6,0,25,100,2025-11-29
5088,145,27,148,6,0,20,80,2025-12-10
5089,145,28,156,6,0,24,96,2025-11-11
5090,145,29,152,6,0,35,140,2025-11-09
5091,145,31,193,6,0,11,80,2025-12-25
5092,145,34,130,6,11,47,188,2025-11-04
5093,145,38,170,6,0,10,80,2025-12-30
5094,145,39,166,6,0,38,152,2025-12-06
5095,145,42,125,6,0,12,80,2025-12-17
5096,145,43,118,6,11,43,172,2025-12-22
5097,145,45,255,6,0,37,148,2025-11-17
5098,145,46,105,6,0,15,80,2025-12-11
5099,145,47,155,6,0,50,200,2025-11-25
5100,145,48,129,6,0,10,80,2025-12-13
5101,145,49,194,6,0,44,176,2025-12-25
5102,146,1,129,7,3,44,176,2025-12-12
5103,146,2,0,0,168,56,224,2025-11-10
5104,146,3,198,7,0,12,80,2025-12-25
5105,146,4,110,7,0,10,80,2025-11-06
5106,146,5,156,7,0,19,80,2025-11-14
5107,146,6,184,7,0,11,80,2025-12-22
5108,146,7,133,7,0,30,120,2025-11-29
5109,146,8,203,7,0,20,80,2025-12-27
5110,146,9,99,7,0,21,84,2025-11-02
5111,146,10,164,7,0,10,80,2025-12-03
5112,146,11,100,7,41,47,188,2025-12-07
5113,146,12,130,7,0,10,80,2025-12-17
5114,146,13,43,7,0,10,80,2025-12-27
5115,146,14,180,7,0,17,80,2025-11-30
5116,146,15,140,7,19,53,212,2025-11-12
5117,146,16,152,7,0,31,124,2025-11-05
5118,146,17,218,7,0,55,220,2025-12-19
5119,146,18,165,7,0,27,108,2025-11-18
5120,146,19,107,7,0,17,80,2025-11-27
5121,146,20,68,7,55,41,164,2025-12-12
5122,146,22,216,7,0,17,80,2025-11-11
5123,146,25,194,7,0,39,156,2025-12-08
5124,146,26,48,7,87,45,180,2025-11-13
5125,146,28,88,7,20,36,144,2025-12-11
5126,146,29,194,7,0,31,124,2025-11-15
5127,146,31,90,7,57,49,196,2025-12-06
5128,146,33,138,7,0,25,100,2025-11-21
5129,146,34,234,7,0,52,208,2025-11-19
5130,146,37,201,7,0,25,100,2025-11-30
5131,146,38,175,7,0,23,92,2025-11-02
5132,146,39,109,7,11,40,160,2025-12-19
5133,146,43,155,7,0,34,136,2025-11-07
5134,146,44,124,7,0,38,152,2025-11-28
5135,146,45,58,7,8,22,88,2025-12-29
5136,146,46,167,7,0,31,124,2025-11-06
5137,146,47,239,7,0,46,184,2025-11-18
5138,147,1,70,8,0,17,80,2025-12-04
5139,147,2,221,8,0,16,80,2025-11-22
5140,147,3,164,8,0,11,80,2025-12-18
5141,147,4,251,8,0,46,184,2025-12-20
5142,147,5,167,8,0,32,128,2025-12-06
5143,147,6,188,8,0,10,80,2025-12-22
5144,147,7,188,8,0,10,80,2025-12-25
5145,147,8,157,8,0,52,208,2025-12-05
5146,147,9,153,8,0,40,160,2025-12-26
5147,147,10,192,8,0,41,164,2025-12-23
5148,147,12,138,8,0,18,80,2025-12-03
5149,147,13,132,8,0,10,80,2025-12-30
5150,147,14,150,8,0,10,80,2025-11-16
5151,147,15,50,8,82,44,176,2025-11-18
5152,147,16,73,8,38,37,148,2025-11-22
5153,147,17,158,8,0,45,180,2025-11-17
5154,147,18,169,8,0,46,184,2025-11-16
5155,147,19,52,8,74,42,168,2025-12-26
5156,147,20,137,8,25,54,216,2025-12-12
5157,147,21,133,8,0,37,148,2025-11-22
5158,147,23,190,8,0,52,208,2025-12-01
5159,147,25,181,8,0,39,156,2025-12-12
5160,147,26,179,8,0,42,168,2025-12-04
5161,147,27,73,8,35,36,144,2025-11-04
5162,147,28,96,8,69,55,220,2025-11-29
5163,147,29,74,8,0,10,80,2025-11-15
5164,147,31,175,8,0,42,168,2025-12-21
5165,147,32,190,8,0,57,228,2025-12-02
5166,147,33,126,8,0,29,116,2025-12-07
5167,147,36,27,8,102,43,172,2025-11-15
5168,147,37,127,8,0,37,148,2025-11-10
5169,147,39,181,8,0,36,144,2025-12-18
5170,147,40,179,8,0,49,196,2025-12-03
5171,147,41,123,8,24,49,196,2025-11-19
5172,147,42,147,8,0,10,80,2025-12-30
5173,147,43,102,8,0,10,80,2025-12-06
5174,147,44,215,8,0,44,176,2025-11-21
5175,147,45,122,8,31,51,204,2025-11-05
5176,147,47,214,8,0,43,172,2025-11-25
5177,147,48,151,8,0,10,80,2025-12-07
5178,148,1,182,9,0,23,92,2025-11-20
5179,148,2,129,9,0,10,80,2025-11-05
5180,148,3,38,9,124,54,216,2025-11-11
5181,148,4,266,9,0,15,80,2025-11-03
5182,148,5,225,9,0,37,148,2025-12-15
5183,148,6,142,9,14,52,208,2025-11-12
5184,148,7,217,9,0,39,156,2025-12-18
5185,148,8,186,9,0,10,80,2025-11-05
5186,148,9,131,9,0,34,136,2025-11-14
5187,148,10,93,9,45,46,184,2025-12-07
5188,148,11,192,9,0,46,184,2025-11-27
5189,148,12,151,9,0,10,80,2025-11-05
5190,148,13,147,9,21,56,224,2025-11-20
5191,148,14,181,9,0,10,80,2025-11-11
5192,148,15,188,9,0,53,212,2025-12-01
5193,148,16,148,9,0,12,80,2025-12-17
5194,148,17,174,9,0,48,192,2025-11-06
5195,148,19,179,9,0,42,168,2025-12-24
5196,148,21,131,9,0,10,80,2025-11-18
5197,148,22,197,9,0,30,120,2025-11-13
5198,148,23,68,9,0,10,80,2025-12-30
5199,148,26,160,9,0,18,80,2025-12-05
5200,148,27,153,9,0,19,80,2025-12-21
5201,148,28,207,9,0,56,224,2025-11-15
5202,148,29,183,9,0,53,212,2025-12-17
5203,148,30,56,9,0,10,80,2025-11-04
5204,148,32,145,9,20,55,220,2025-12-28
5205,148,33,206,9,0,10,80,2025-11-03
5206,148,35,165,9,0,31,124,2025-12-15
5207,148,36,219,9,0,37,148,2025-11-09
5208,148,37,124,9,14,46,184,2025-12-17
5209,148,38,209,9,0,21,84,2025-12-12
5210,148,39,35,9,133,56,224,2025-11-02
5211,148,42,150,9,0,46,184,2025-12-14
5212,148,45,213,9,0,49,196,2025-11-20
5213,148,48,169,9,0,38,152,2025-12-16
5214,148,50,176,9,0,10,80,2025-11-16
5215,149,1,91,10,47,46,184,2025-12-03
5216,149,2,107,10,0,30,120,2025-12-10
5217,149,3,295,10,0,27,108,2025-11-03
5218,149,4,173,10,0,57,228,2025-12-22
5219,149,5,194,10,0,33,132,2025-12-05
5220,149,6,119,10,0,21,84,2025-12-11
5221,149,7,222,10,0,28,112,2025-12-23
5222,149,8,168,10,0,38,152,2025-12-20
5223,149,9,144,10,0,13,80,2025-12-09
5224,149,10,129,10,0,14,80,2025-11-15
5225,149,11,154,10,0,43,172,2025-12-17
5226,149,12,214,10,0,19,80,2025-11-15
5227,149,13,102,10,0,27,108,2025-11-16
5228,149,14,208,10,0,36,144,2025-11-28
5229,149,15,218,10,0,10,80,2025-12-06
5230,149,16,121,10,0,30,120,2025-11-23
5231,149,17,135,10,12,49,196,2025-11-10
5232,149,18,189,10,0,50,200,2025-12-16
5233,149,19,152,10,0,17,80,2025-12-05
5234,149,20,148,10,0,33,132,2025-12-05
5235,149,21,188,10,0,10,80,2025-11-16
5236,149,22,93,10,9,34,136,2025-11-26
5237,149,23,116,10,0,27,108,2025-12-04
5238,149,24,194,10,0,30,120,2025-11-03
5239,149,25,0,0,30,10,80,2025-11-02
5240,149,26,111,10,42,51,204,2025-12-23
5241,149,27,210,10,0,41,164,2025-12-18
5242,149,28,190,10,0,39,156,2025-12-15
5243,149,29,182,10,0,29,116,2025-12-29
5244,149,30,172,10,0,41,164,2025-11-15
5245,149,31,189,10,0,22,88,2025-12-04
5246,149,33,96,10,0,24,96,2025-12-12
5247,149,34,49,10,26,25,100,2025-11-12
5248,149,35,106,10,44,50,200,2025-12-13
5249,149,36,163,10,0,43,172,2025-11-03
5250,149,37,171,10,0,10,80,2025-12-18
5251,149,39,202,10,0,49,196,2025-12-26
5252,149,40,187,10,0,24,96,2025-12-03
5253,149,42,117,10,0,15,80,2025-11-21
5254,149,43,56,10,46,34,136,2025-11-09
5255,149,44,148,10,0,33,132,2025-11-13
5256,149,47,160,10,0,14,80,2025-11-20
5257,149,48,196,10,0,54,216,2025-11-05
5258,149,50,100,10,35,45,180,2025-12-24
5259,150,1,147,11,0,49,196,2025-12-22
5260,150,2,180,11,0,55,220,2025-12-02
5261,150,3,160,11,0,36,144,2025-12-24
5262,150,4,150,11,0,38,152,2025-12-24
5263,150,5,226,11,0,37,148,2025-12-23
5264,150,6,220,11,0,46,184,2025-12-04
5265,150,7,126,11,0,23,92,2025-11-06
5266,150,8,124,11,0,17,80,2025-11-06
5267,150,9,142,11,23,55,220,2025-12-26
5268,150,10,142,11,0,34,136,2025-12-01
5269,150,11,162,11,0,51,204,2025-11-18
5270,150,12,204,11,0,10,80,2025-12-30
5271,150,13,30,11,0,10,80,2025-12-23
5272,150,14,93,11,42,45,180,2025-11-01
5273,150,15,106,11,0,10,80,2025-12-02
5274,150,17,170,11,0,10,80,2025-11-13
5275,150,22,112,11,0,21,84,2025-12-14
5276,150,23,153,11,9,54,216,2025-12-10
5277,150,24,113,11,34,49,196,2025-12-30
5278,150,26,149,11,0,40,160,2025-12-05
5279,150,28,161,11,0,20,80,2025-12-11
5280,150,29,159,11,0,29,116,2025-11-01
5281,150,30,161,11,0,40,160,2025-11-15
5282,150,33,164,11,0,38,152,2025-11-21
5283,150,35,130,11,17,49,196,2025-12-11
5284,150,36,102,11,60,54,216,2025-12-13
5285,150,37,186,11,0,15,80,2025-12-17
5286,150,38,205,11,0,57,228,2025-12-16
5287,150,41,80,11,70,50,200,2025-12-28
5288,150,44,128,11,0,42,168,2025-11-05
5289,150,46,208,11,0,32,128,2025-11-29
5290,150,47,179,11,0,42,168,2025-12-23
5291,150,48,165,11,0,51,204,2025-12-23
5292,150,50,216,11,0,42,168,2025-11-02
5293,151,1,231,12,0,37,148,2025-12-29
5294,151,2,127,12,0,10,80,2025-12-18
5295,151,3,204,12,0,60,240,2025-11-19
5296,151,4,158,12,0,30,120,2025-12-21
5297,151,5,177,12,0,18,80,2025-11-20
5298,151,6,196,12,0,28,112,2025-11-15
5299,151,7,226,12,0,54,216,2025-11-05
5300,151,8,217,12,0,30,120,2025-12-02
5301,151,9,104,12,0,31,124,2025-12-02
5302,151,11,160,12,0,53,212,2025-11-19
5303,151,12,76,12,0,18,80,2025-12-13
5304,151,13,214,12,0,53,212,2025-12-08
5305,151,14,204,12,0,49,196,2025-12-25
5306,151,15,196,12,0,57,228,2025-12-23
5307,151,16,135,12,0,36,144,2025-12-12
5308,151,17,36,12,0,10,80,2025-12-29
5309,151,19,136,12,0,34,136,2025-11-01
5310,151,20,105,12,12,39,156,2025-11-14
5311,151,21,53,12,106,53,212,2025-12-23
5312,151,22,171,12,6,59,236,2025-11-11
5313,151,23,213,12,0,36,144,2025-12-22
5314,151,25,120,12,30,50,200,2025-12-22
5315,151,26,178,12,0,10,80,2025-11-21
5316,151,29,124,12,35,53,212,2025-12-03
5317,151,30,219,12,0,58,232,2025-12-17
5318,151,31,199,12,0,52,208,2025-11-16
5319,151,36,112,12,0,10,80,2025-12-19
5320,151,37,147,12,3,50,200,2025-12-10
5321,151,38,201,12,0,23,92,2025-11-03
5322,151,39,132,12,0,41,164,2025-12-17
5323,151,40,127,12,0,19,80,2025-12-12
5324,151,42,182,12,0,58,232,2025-12-05
5325,151,43,151,12,0,34,136,2025-11-19
5326,151,47,203,12,0,15,80,2025-12-05
5327,151,49,156,12,0,15,80,2025-11-05
5328,151,50,178,12,0,55,220,2025-11-16
5329,152,1,158,13,0,29,116,2025-11-27
5330,152,2,243,13,0,23,92,2025-11-14
5331,152,3,155,13,0,42,168,2025-12-14
5332,152,4,128,13,37,55,220,2025-11-10
5333,152,5,165,13,6,57,228,2025-12-25
5334,152,6,104,13,52,52,208,2025-11-11
5335,152,7,143,13,13,52,208,2025-11-10
5336,152,8,157,13,0,25,100,2025-11-25
5337,152,9,145,13,0,17,80,2025-11-22
5338,152,10,184,13,0,10,80,2025-12-19
5339,152,11,112,13,17,43,172,2025-11-19
5340,152,12,174,13,0,23,92,2025-12-13
5341,152,13,173,13,0,10,80,2025-11-23
5342,152,15,192,13,0,40,160,2025-12-23
5343,152,16,73,13,2,25,100,2025-11-12
5344,152,17,96,13,0,16,80,2025-12-04
5345,152,18,247,13,0,54,216,2025-11-22
5346,152,19,137,13,0,36,144,2025-12-29
5347,152,20,46,13,41,29,116,2025-12-25
5348,152,21,42,13,12,18,80,2025-11-30
5349,152,22,97,13,0,20,80,2025-11-29
5350,152,24,186,13,0,18,80,2025-11-13
5351,152,26,168,13,0,10,80,2025-12-05
5352,152,27,178,13,0,15,80,2025-12-02
5353,152,28,178,13,0,59,236,2025-12-27
5354,152,30,144,13,0,31,124,2025-12-04
5355,152,34,158,13,0,39,156,2025-12-08
5356,152,38,161,13,0,10,80,2025-12-14
5357,152,39,134,13,0,10,80,2025-11-09
5358,152,40,85,13,0,12,80,2025-12-12
5359,152,42,229,13,0,22,88,2025-12-16
5360,152,44,222,13,0,43,172,2025-12-22
5361,152,45,36,13,33,23,92,2025-12-02
5362,152,46,283,13,0,32,128,2025-11-14
5363,152,47,106,13,0,13,80,2025-11-03
5364,152,49,136,13,0,10,80,2025-11-22
5365,153,1,176,14,0,26,104,2025-11-06
5366,153,2,162,14,3,55,220,2025-11-30
5367,153,3,162,14,9,57,228,2025-12-14
5368,153,4,126,14,0,10,80,2025-12-01
5369,153,5,162,14,0,10,80,2025-12-03
5370,153,6,151,14,0,48,192,2025-11-07
5371,153,7,142,14,0,42,168,2025-11-05
5372,153,8,107,14,22,43,172,2025-12-28
5373,153,9,181,14,0,28,112,2025-11-25
5374,153,10,225,14,0,29,116,2025-11-28
5375,153,11,72,14,0,17,80,2025-12-24
5376,153,12,183,14,0,34,136,2025-12-21
5377,153,14,220,14,0,16,80,2025-12-08
5378,153,15,140,14,22,54,216,2025-11-30
5379,153,16,117,14,30,49,196,2025-12-18
5380,153,17,166,14,0,22,88,2025-11-06
5381,153,18,195,14,0,34,136,2025-12-26
5382,153,20,84,14,6,30,120,2025-12-04
5383,153,21,156,14,0,22,88,2025-11-19
5384,153,22,207,14,0,46,184,2025-12-07
5385,153,23,138,14,0,37,148,2025-11-04
5386,153,24,111,14,42,51,204,2025-12-19
5387,153,25,189,14,0,43,172,2025-11-23
5388,153,26,144,14,0,48,192,2025-12-29
5389,153,33,158,14,0,24,96,2025-12-05
5390,153,34,107,14,46,51,204,2025-12-05
5391,153,35,125,14,0,21,84,2025-11-19
5392,153,36,129,14,0,13,80,2025-11-21
5393,153,37,201,14,0,15,80,2025-12-06
5394,153,38,85,14,0,10,80,2025-12-09
5395,153,44,218,14,0,14,80,2025-11-27
5396,153,45,88,14,0,10,80,2025-11-28
5397,153,46,76,14,0,10,80,2025-12-13
5398,153,49,142,14,0,45,180,2025-11-17
5399,153,50,177,14,0,12,80,2025-12-05
5400,154,1,239,15,0,42,168,2025-12-12
5401,154,2,224,15,0,51,204,2025-12-30
5402,154,3,104,15,40,48,192,2025-12-30
5403,154,4,196,15,0,20,80,2025-11-16
5404,154,5,117,15,42,53,212,2025-12-14
5405,154,6,109,15,68,59,236,2025-11-01
5406,154,7,146,15,22,56,224,2025-11-04
5407,154,8,137,15,0,30,120,2025-12-18
5408,154,9,133,15,0,11,80,2025-12-23
5409,154,10,96,15,48,48,192,2025-11-14
5410,154,11,261,15,0,30,120,2025-11-30
5411,154,12,203,15,0,56,224,2025-11-05
5412,154,13,193,15,0,38,152,2025-12-19
5413,154,14,85,15,0,27,108,2025-11-13
5414,154,15,135,15,0,11,80,2025-11-25
5415,154,16,84,15,0,10,80,2025-12-18
5416,154,17,167,15,0,19,80,2025-12-27
5417,154,18,145,15,0,14,80,2025-11-09
5418,154,19,162,15,0,13,80,2025-12-08
5419,154,20,59,15,31,30,120,2025-11-27
5420,154,21,199,15,0,21,84,2025-11-04
5421,154,24,143,15,0,16,80,2025-12-26
5422,154,25,143,15,0,38,152,2025-11-14
5423,154,26,296,15,0,43,172,2025-12-24
5424,154,28,72,15,18,30,120,2025-12-25
5425,154,31,46,15,89,45,180,2025-11-04
5426,154,33,104,15,0,10,80,2025-11-15
5427,154,35,118,15,0,31,124,2025-11-17
5428,154,36,110,15,64,58,232,2025-12-08
5429,154,38,176,15,0,41,164,2025-12-21
5430,154,39,78,15,0,10,80,2025-12-25
5431,154,40,73,15,17,30,120,2025-11-29
5432,154,42,121,15,0,13,80,2025-11-19
5433,154,44,144,15,0,47,188,2025-11-26
5434,154,45,56,15,91,49,196,2025-11-22
5435,154,50,126,15,0,14,80,2025-12-16
5436,155,1,112,16,59,57,228,2025-11-18
5437,155,2,71,16,37,36,144,2025-12-04
5438,155,3,149,16,0,10,80,2025-12-02
5439,155,4,109,16,41,50,200,2025-11-06
5440,155,5,182,16,0,14,80,2025-11-03
5441,155,6,156,16,0,15,80,2025-11-25
5442,155,7,175,16,0,56,224,2025-11-08
5443,155,8,124,16,0,34,136,2025-12-24
5444,155,9,197,16,0,47,188,2025-12-05
5445,155,10,69,16,102,57,228,2025-12-24
5446,155,11,209,16,0,14,80,2025-12-15
5447,155,12,91,16,0,22,88,2025-11-16
5448,155,13,208,16,0,11,80,2025-11-12
5449,155,14,120,16,27,49,196,2025-11-18
5450,155,15,198,16,0,48,192,2025-11-03
5451,155,16,107,16,0,18,80,2025-11-15
5452,155,17,174,16,0,41,164,2025-11-21
5453,155,19,110,16,0,32,128,2025-12-11
5454,155,21,214,16,0,10,80,2025-12-13
5455,155,23,166,16,2,56,224,2025-12-04
5456,155,26,130,16,32,54,216,2025-12-21
5457,155,27,94,16,44,46,184,2025-11-14
5458,155,28,151,16,0,35,140,2025-12-25
5459,155,29,284,16,0,10,80,2025-11-26
5460,155,30,191,16,0,60,240,2025-12-25
5461,155,33,208,16,0,37,148,2025-11-18
5462,155,34,178,16,0,40,160,2025-11-05
5463,155,35,120,16,0,40,160,2025-12-30
5464,155,36,149,16,0,26,104,2025-11-06
5465,155,38,160,16,0,10,80,2025-12-25
5466,155,39,178,16,0,41,164,2025-12-26
5467,155,40,183,16,0,23,92,2025-11-03
5468,155,42,115,16,26,47,188,2025-12-14
5469,155,45,120,16,3,41,164,2025-12-02
5470,155,47,210,16,0,59,236,2025-12-16
5471,156,1,152,17,0,11,80,2025-12-11
5472,156,2,251,17,0,20,80,2025-11-08
5473,156,3,149,17,16,55,220,2025-11-09
5474,156,4,163,17,0,11,80,2025-11-10
5475,156,5,205,17,0,43,172,2025-11-08
5476,156,6,162,17,0,50,200,2025-12-09
5477,156,7,97,17,0,24,96,2025-11-03
5478,156,8,93,17,0,12,80,2025-11-20
5479,156,9,215,17,0,50,200,2025-11-03
5480,156,10,198,17,0,47,188,2025-11-18
5481,156,11,165,17,12,59,236,2025-12-30
5482,156,12,207,17,0,29,116,2025-11-22
5483,156,13,140,17,16,52,208,2025-11-04
5484,156,14,188,17,0,21,84,2025-11-14
5485,156,15,126,17,42,56,224,2025-11-04
5486,156,16,118,17,47,55,220,2025-12-02
5487,156,18,171,17,0,38,152,2025-12-15
5488,156,20,137,17,16,51,204,2025-11-09
5489,156,21,116,17,22,46,184,2025-11-05
5490,156,23,230,17,0,56,224,2025-12-29
5491,156,25,124,17,44,56,224,2025-12-06
5492,156,26,136,17,41,59,236,2025-12-08
5493,156,27,54,17,54,36,144,2025-12-08
5494,156,28,84,17,0,13,80,2025-11-24
5495,156,29,73,17,0,24,96,2025-12-27
5496,156,31,211,17,0,27,108,2025-12-19
5497,156,37,169,17,0,55,220,2025-12-26
5498,156,38,7,7,23,10,80,2025-11-17
5499,156,39,132,17,0,39,156,2025-12-11
5500,156,41,169,17,0,10,80,2025-11-01
5501,156,42,106,17,59,55,220,2025-12-17
5502,156,43,70,17,14,28,112,2025-12-15
5503,156,44,205,17,0,14,80,2025-12-21
5504,156,45,185,17,0,53,212,2025-11-18
5505,156,46,190,17,0,51,204,2025-11-29
5506,157,1,105,18,0,10,80,2025-12-30
5507,157,2,206,18,0,51,204,2025-11-21
5508,157,3,64,18,107,57,228,2025-12-09
5509,157,4,101,18,0,31,124,2025-12-01
5510,157,5,54,18,51,35,140,2025-12-22
5511,157,6,162,18,0,28,112,2025-11-21
5512,157,7,140,18,0,22,88,2025-12-01
5513,157,8,133,18,0,38,152,2025-11-21
5514,157,9,205,18,0,33,132,2025-11-26
5515,157,10,102,18,75,59,236,2025-12-10
5516,157,11,64,18,11,25,100,2025-12-21
5517,157,12,264,18,0,26,104,2025-12-08
5518,157,13,143,18,0,11,80,2025-12-12
5519,157,14,72,18,0,17,80,2025-12-04
5520,157,15,171,18,0,42,168,2025-12-13
5521,157,16,98,18,31,43,172,2025-12-19
5522,157,17,72,18,66,46,184,2025-12-06
5523,157,18,229,18,0,42,168,2025-11-04
5524,157,19,119,18,25,48,192,2025-12-01
5525,157,20,102,18,0,10,80,2025-11-27
5526,157,21,117,18,0,28,112,2025-11-11
5527,157,22,11,11,115,42,168,2025-12-22
5528,157,23,151,18,0,43,172,2025-12-22
5529,157,24,183,18,0,38,152,2025-11-03
5530,157,25,114,18,0,33,132,2025-12-25
5531,157,26,196,18,0,25,100,2025-11-28
5532,157,28,280,18,0,51,204,2025-12-07
5533,157,30,113,18,0,24,96,2025-11-07
5534,157,31,230,18,0,10,80,2025-11-05
5535,157,32,81,18,87,56,224,2025-12-08
5536,157,34,85,18,0,10,80,2025-11-30
5537,157,35,44,18,13,19,80,2025-12-14
5538,157,39,35,18,4,13,80,2025-11-12
5539,157,40,298,18,0,20,80,2025-11-07
5540,157,41,207,18,0,55,220,2025-11-06
5541,157,43,83,18,13,32,128,2025-12-20
5542,157,44,107,18,0,16,80,2025-12-27
5543,157,45,210,18,0,59,236,2025-11-02
5544,158,1,106,19,0,24,96,2025-11-28
5545,158,2,204,19,0,10,80,2025-12-16
5546,158,3,107,19,58,55,220,2025-11-28
5547,158,4,102,19,0,22,88,2025-12-02
5548,158,5,179,19,0,24,96,2025-12-18
5549,158,6,104,19,0,33,132,2025-11-14
5550,158,7,120,19,6,42,168,2025-12-21
5551,158,8,142,19,0,31,124,2025-12-07
5552,158,9,81,19,87,56,224,2025-11-16
5553,158,10,144,19,0,15,80,2025-11-21
5554,158,11,79,19,0,10,80,2025-12-29
5555,158,12,201,19,0,28,112,2025-11-28
5556,158,13,195,19,0,10,80,2025-11-02
5557,158,14,92,19,25,39,156,2025-12-25
5558,158,16,3,3,87,30,120,2025-11-11
5559,158,18,190,19,0,45,180,2025-11-28
5560,158,19,174,19,0,24,96,2025-11-17
5561,158,23,105,19,30,45,180,2025-12-27
5562,158,25,132,19,48,60,240,2025-11-21
5563,158,28,215,19,0,57,228,2025-12-21
5564,158,29,86,19,28,38,152,2025-11-03
5565,158,30,158,19,0,25,100,2025-12-27
5566,158,31,134,19,4,46,184,2025-11-18
5567,158,34,117,19,24,47,188,2025-11-06
5568,158,35,105,19,0,11,80,2025-11-06
5569,158,37,111,19,0,18,80,2025-11-21
5570,158,38,132,19,0,41,164,2025-11-21
5571,158,41,221,19,0,33,132,2025-12-21
5572,158,43,197,19,0,36,144,2025-11-15
5573,158,47,168,19,0,39,156,2025-11-10
5574,158,48,160,19,20,60,240,2025-12-16
5575,158,50,179,19,0,57,228,2025-11-04
5576,159,1,161,20,0,30,120,2025-11-11
5577,159,2,113,20,1,38,152,2025-12-18
5578,159,3,123,20,39,54,216,2025-11-29
5579,159,4,226,20,0,49,196,2025-12-23
5580,159,5,88,20,0,18,80,2025-11-24
5581,159,6,105,20,0,34,136,2025-12-16
5582,159,7,93,20,0,26,104,2025-12-06
5583,159,8,106,20,0,10,80,2025-12-29
5584,159,9,131,20,28,53,212,2025-11-27
5585,159,10,93,20,0,22,88,2025-12-24
5586,159,11,143,20,0,37,148,2025-12-12
5587,159,12,91,20,35,42,168,2025-11-08
5588,159,13,115,20,0,16,80,2025-11-03
5589,159,14,20,20,40,20,80,2025-12-19
5590,159,15,133,20,0,10,80,2025-11-11
5591,159,18,138,20,0,10,80,2025-12-01
5592,159,19,174,20,0,56,224,2025-12-17
5593,159,20,158,20,0,25,100,2025-12-01
5594,159,21,95,20,0,31,124,2025-11-27
5595,159,22,184,20,0,57,228,2025-11-27
5596,159,25,176,20,0,11,80,2025-12-09
5597,159,26,92,20,0,19,80,2025-11-27
5598,159,27,140,20,0,10,80,2025-12-11
5599,159,28,234,20,0,60,240,2025-11-16
5600,159,29,166,20,0,36,144,2025-11-28
5601,159,30,82,20,0,10,80,2025-12-10
5602,159,32,45,20,99,48,192,2025-12-08
5603,159,34,194,20,0,28,112,2025-11-21
5604,159,36,99,20,0,10,80,2025-12-29
5605,159,37,119,20,13,44,176,2025-11-07
5606,159,42,168,20,0,36,144,2025-11-11
5607,159,43,137,20,25,54,216,2025-12-28
5608,159,45,120,20,36,52,208,2025-12-29
5609,160,1,96,21,21,39,156,2025-11-01
5610,160,2,205,21,0,14,80,2025-11-20
5611,160,3,209,21,0,13,80,2025-12-04
5612,160,4,93,21,0,25,100,2025-11-06
5613,160,5,148,21,0,46,184,2025-12-15
5614,160,6,183,21,0,14,80,2025-11-14
5615,160,7,136,21,32,56,224,2025-12-02
5616,160,8,132,21,0,15,80,2025-12-29
5617,160,9,101,21,55,52,208,2025-11-16
5618,160,10,205,21,0,42,168,2025-12-21
5619,160,11,103,21,74,59,236,2025-12-02
5620,160,12,197,21,0,54,216,2025-11-27
5621,160,13,182,21,0,28,112,2025-11-14
5622,160,14,170,21,0,23,92,2025-11-18
5623,160,15,50,21,88,46,184,2025-11-05
5624,160,16,97,21,53,50,200,2025-12-29
5625,160,17,239,21,0,41,164,2025-12-18
5626,160,18,125,21,0,40,160,2025-11-28
5627,160,19,168,21,0,38,152,2025-12-26
5628,160,20,156,21,0,29,116,2025-12-03
5629,160,22,120,21,0,12,80,2025-11-21
5630,160,23,265,21,0,39,156,2025-12-14
5631,160,24,197,21,0,38,152,2025-12-28
5632,160,26,126,21,0,32,128,2025-11-07
5633,160,29,114,21,0,10,80,2025-11-25
5634,160,31,157,21,0,10,80,2025-12-13
5635,160,34,260,21,0,20,80,2025-12-27
5636,160,35,223,21,0,53,212,2025-11-21
5637,160,36,119,21,49,56,224,2025-12-08
5638,160,38,173,21,0,43,172,2025-11-06
5639,160,42,105,21,0,24,96,2025-12-22
5640,160,45,162,21,0,17,80,2025-12-12
5641,161,1,193,22,0,37,148,2025-11-16
5642,161,2,183,22,0,23,92,2025-11-03
5643,161,3,198,22,0,10,80,2025-11-07
5644,161,4,26,22,91,39,156,2025-11-11
5645,161,5,102,22,0,18,80,2025-12-24
5646,161,6,112,22,0,25,100,2025-12-27
5647,161,7,95,22,10,35,140,2025-12-28
5648,161,8,139,22,0,16,80,2025-12-24
5649,161,9,162,22,0,53,212,2025-11-28
5650,161,10,241,22,0,17,80,2025-11-16
5651,161,11,94,22,0,18,80,2025-11-05
5652,161,13,120,22,0,32,128,2025-12-02
5653,161,14,64,22,47,37,148,2025-11-02
5654,161,16,172,22,0,23,92,2025-12-30
5655,161,17,178,22,0,48,192,2025-11-14
5656,161,18,159,22,0,27,108,2025-12-15
5657,161,20,166,22,0,52,208,2025-12-23
5658,161,22,194,22,0,40,160,2025-11-03
5659,161,23,161,22,0,25,100,2025-11-30
5660,161,24,93,22,0,15,80,2025-12-16
5661,161,25,192,22,0,36,144,2025-12-13
5662,161,26,148,22,0,10,80,2025-11-10
5663,161,28,62,22,94,52,208,2025-12-26
5664,161,29,204,22,0,28,112,2025-12-18
5665,161,30,138,22,0,17,80,2025-11-02
5666,161,31,32,22,133,55,220,2025-11-02
5667,161,32,221,22,0,51,204,2025-11-18
5668,161,33,33,22,132,55,220,2025-12-18
5669,161,37,231,22,0,13,80,2025-12-09
5670,161,41,120,22,18,46,184,2025-11-04
5671,161,42,182,22,0,59,236,2025-12-23
5672,161,43,235,22,0,53,212,2025-11-27
5673,161,45,221,22,0,14,80,2025-11-10
5674,161,50,18,18,150,56,224,2025-11-01
5675,162,1,220,5,0,50,200,2025-12-16
5676,162,2,214,5,0,58,232,2025-12-17
5677,162,3,127,5,0,35,140,2025-11-08
5678,162,4,131,5,0,17,80,2025-12-03
5679,162,5,164,5,0,48,192,2025-12-15
5680,162,6,173,5,0,51,204,2025-12-20
5681,162,7,188,5,0,40,160,2025-11-24
5682,162,8,68,5,0,18,80,2025-12-17
5683,162,9,158,5,0,20,80,2025-11-30
5684,162,10,79,5,0,11,80,2025-11-14
5685,162,11,229,5,0,51,204,2025-11-20
5686,162,12,180,5,0,17,80,2025-11-14
5687,162,14,215,5,0,10,80,2025-12-13
5688,162,16,153,5,0,28,112,2025-12-12
5689,162,17,189,5,0,46,184,2025-11-01
5690,162,18,60,5,0,13,80,2025-12-28
5691,162,19,107,5,0,23,92,2025-12-03
5692,162,21,117,5,0,38,152,2025-12-01
5693,162,22,61,5,113,58,232,2025-12-28
5694,162,23,137,5,0,13,80,2025-12-30
5695,162,24,172,5,0,54,216,2025-11-17
5696,162,25,217,5,0,21,84,2025-12-09
5697,162,27,181,5,0,40,160,2025-11-03
5698,162,28,77,5,0,16,80,2025-12-29
5699,162,29,207,5,0,44,176,2025-11-15
5700,162,30,144,5,0,48,192,2025-11-30
5701,162,31,131,5,0,25,100,2025-12-08
5702,162,32,99,5,45,48,192,2025-12-26
5703,162,33,152,5,0,44,176,2025-11-15
5704,162,35,167,5,0,21,84,2025-12-03
5705,162,36,219,5,0,19,80,2025-11-23
5706,162,37,203,5,0,10,80,2025-12-20
5707,162,46,184,5,0,48,192,2025-12-24
5708,163,1,223,6,0,22,88,2025-11-20
5709,163,2,102,6,66,56,224,2025-12-27
5710,163,3,147,6,0,26,104,2025-12-01
5711,163,4,28,6,101,43,172,2025-11-05
5712,163,5,129,6,0,24,96,2025-12-29
5713,163,6,121,6,0,19,80,2025-11-26
5714,163,7,161,6,0,24,96,2025-12-04
5715,163,8,212,6,0,48,192,2025-12-27
5716,163,9,182,6,0,55,220,2025-12-14
5717,163,10,168,6,0,42,168,2025-11-25
5718,163,11,152,6,0,47,188,2025-12-13
5719,163,12,77,6,25,34,136,2025-11-04
5720,163,13,135,6,0,38,152,2025-12-01
5721,163,14,157,6,0,38,152,2025-11-03
5722,163,15,125,6,49,58,232,2025-12-04
5723,163,16,152,6,28,60,240,2025-12-30
5724,163,22,192,6,0,29,116,2025-11-13
5725,163,23,134,6,0,19,80,2025-12-04
5726,163,24,99,6,0,31,124,2025-11-24
5727,163,26,224,6,0,10,80,2025-11-06
5728,163,34,135,6,0,22,88,2025-11-11
5729,163,36,136,6,0,35,140,2025-11-11
5730,163,39,98,6,0,15,80,2025-12-25
5731,163,43,159,6,0,30,120,2025-11-02
5732,163,45,130,6,0,20,80,2025-12-24
5733,163,46,191,6,0,58,232,2025-12-15
5734,163,47,103,6,0,15,80,2025-12-04
5735,163,48,138,6,0,10,80,2025-12-12
5736,164,1,72,7,0,17,80,2025-11-20
5737,164,2,136,7,0,10,80,2025-12-25
5738,164,3,58,7,62,40,160,2025-12-10
5739,164,4,112,7,0,30,120,2025-11-14
5740,164,5,159,7,0,16,80,2025-11-03
5741,164,6,163,7,0,38,152,2025-12-14
5742,164,7,234,7,0,42,168,2025-11-23
5743,164,8,101,7,31,44,176,2025-12-03
5744,164,9,147,7,0,42,168,2025-11-12
5745,164,12,54,7,54,36,144,2025-11-15
5746,164,13,56,7,64,40,160,2025-12-23
5747,164,14,170,7,0,14,80,2025-12-10
5748,164,16,234,7,0,45,180,2025-12-16
5749,164,17,96,7,63,53,212,2025-12-18
5750,164,19,154,7,0,10,80,2025-11-26
5751,164,20,144,7,15,53,212,2025-11-27
5752,164,21,165,7,0,10,80,2025-11-07
5753,164,22,143,7,31,58,232,2025-12-28
5754,164,23,141,7,15,52,208,2025-12-29
5755,164,24,91,7,14,35,140,2025-12-06
5756,164,25,161,7,0,42,168,2025-11-23
5757,164,26,193,7,0,54,216,2025-12-12
5758,164,27,116,7,0,12,80,2025-12-29
5759,164,28,98,7,13,37,148,2025-12-11
5760,164,29,223,7,0,19,80,2025-12-22
5761,164,30,107,7,55,54,216,2025-12-30
5762,164,31,119,7,46,55,220,2025-11-18
5763,164,32,187,7,0,29,116,2025-12-16
5764,164,36,153,7,0,45,180,2025-11-25
5765,164,37,199,7,0,42,168,2025-12-17
5766,164,40,236,7,0,19,80,2025-11-10
5767,164,41,196,7,0,57,228,2025-11-04
5768,164,42,99,7,9,36,144,2025-12-03
5769,164,44,165,7,0,24,96,2025-11-22
5770,164,47,131,7,0,25,100,2025-12-09
5771,164,48,129,7,0,33,132,2025-12-21
5772,164,50,196,7,0,38,152,2025-12-16
5773,165,1,202,8,0,35,140,2025-12-26
5774,165,2,187,8,0,52,208,2025-11-07
5775,165,3,227,8,0,50,200,2025-12-24
5776,165,4,168,8,0,39,156,2025-12-28
5777,165,5,151,8,0,24,96,2025-11-23
5778,165,6,83,8,4,29,116,2025-11-15
5779,165,7,131,8,49,60,240,2025-12-19
5780,165,8,110,8,0,31,124,2025-11-03
5781,165,9,167,8,0,35,140,2025-11-13
5782,165,10,178,8,0,24,96,2025-11-29
5783,165,11,88,8,80,56,224,2025-11-28
5784,165,12,132,8,42,58,232,2025-11-29
5785,165,13,110,8,0,10,80,2025-11-09
5786,165,14,158,8,0,22,88,2025-12-12
5787,165,15,33,8,0,10,80,2025-12-08
5788,165,16,199,8,0,52,208,2025-11-08
5789,165,17,68,8,97,55,220,2025-12-30
5790,165,18,68,8,55,41,164,2025-11-25
5791,165,19,84,8,72,52,208,2025-12-12
5792,165,20,123,8,0,32,128,2025-11-03
5793,165,21,134,8,0,34,136,2025-12-18
5794,165,22,159,8,0,10,80,2025-11-02
5795,165,23,146,8,19,55,220,2025-12-02
5796,165,25,186,8,0,52,208,2025-12-26
5797,165,28,244,8,0,18,80,2025-12-24
5798,165,29,218,8,0,52,208,2025-12-22
5799,165,30,224,8,0,11,80,2025-11-28
5800,165,31,34,8,131,55,220,2025-12-28
5801,165,32,125,8,28,51,204,2025-12-06
5802,165,33,170,8,0,10,80,2025-12-27
5803,165,36,87,8,0,12,80,2025-11-12
5804,165,37,170,8,0,36,144,2025-12-28
5805,165,39,205,8,0,16,80,2025-11-13
5806,165,40,110,8,0,34,136,2025-11-13
5807,165,41,177,8,0,57,228,2025-11-10
5808,165,42,85,8,0,19,80,2025-11-29
5809,165,43,31,8,50,27,108,2025-11-14
5810,165,46,233,8,0,10,80,2025-11-22
5811,165,47,135,8,0,40,160,2025-12-16
5812,165,48,204,8,0,60,240,2025-12-11
5813,165,50,212,8,0,16,80,2025-11-07
5814,166,1,198,9,0,59,236,2025-12-05
5815,166,2,108,9,6,38,152,2025-12-08
5816,166,3,139,9,0,25,100,2025-11-21
5817,166,4,160,9,0,53,212,2025-11-21
5818,166,5,206,9,0,55,220,2025-11-13
5819,166,6,169,9,0,10,80,2025-11-23
5820,166,7,153,9,0,38,152,2025-12-05
5821,166,8,72,9,63,45,180,2025-12-12
5822,166,9,174,9,0,10,80,2025-11-03
5823,166,10,113,9,31,48,192,2025-11-23
5824,166,11,141,9,0,13,80,2025-12-09
5825,166,12,72,9,63,45,180,2025-12-06
5826,166,13,152,9,0,14,80,2025-12-14
5827,166,14,96,9,0,31,124,2025-11-21
5828,166,17,75,9,0,23,92,2025-12-18
5829,166,19,200,9,0,21,84,2025-11-08
5830,166,22,166,9,0,35,140,2025-12-05
5831,166,24,199,9,0,40,160,2025-12-06
5832,166,25,93,9,33,42,168,2025-11-20
5833,166,26,67,9,0,22,88,2025-11-27
5834,166,27,252,9,0,37,148,2025-12-27
5835,166,28,204,9,0,10,80,2025-11-23
5836,166,29,199,9,0,30,120,2025-11-07
5837,166,32,103,9,0,31,124,2025-12-26
5838,166,33,163,9,0,14,80,2025-12-11
5839,166,42,162,9,0,21,84,2025-11-01
5840,166,44,174,9,0,10,80,2025-12-02
5841,166,45,166,9,0,50,200,2025-12-04
5842,166,46,133,9,0,27,108,2025-11-27
5843,166,47,170,9,0,10,80,2025-11-26
5844,166,49,174,9,0,13,80,2025-11-21
5845,166,50,52,9,95,49,196,2025-12-18
5846,167,1,67,10,95,54,216,2025-12-08
5847,167,2,232,10,0,26,104,2025-12-04
5848,167,3,128,10,43,57,228,2025-11-14
5849,167,4,122,10,0,13,80,2025-12-18
5850,167,5,145,10,0,43,172,2025-11-12
5851,167,7,41,10,37,26,104,2025-11-05
5852,167,8,249,10,0,35,140,2025-11-25
5853,167,9,175,10,0,44,176,2025-11-19
5854,167,10,119,10,0,21,84,2025-12-16
5855,167,11,145,10,0,21,84,2025-11-06
5856,167,12,0,0,165,55,220,2025-12-11
5857,167,13,158,10,0,22,88,2025-11-30
5858,167,14,110,10,0,10,80,2025-12-29
5859,167,17,169,10,0,15,80,2025-11-01
5860,167,19,186,10,0,22,88,2025-11-17
5861,167,20,89,10,0,10,80,2025-11-14
5862,167,21,175,10,0,43,172,2025-11-24
5863,167,23,114,10,0,21,84,2025-11-15
5864,167,24,163,10,0,54,216,2025-11-07
5865,167,25,67,10,0,13,80,2025-11-13
5866,167,26,104,10,0,16,80,2025-11-16
5867,167,28,74,10,0,19,80,2025-11-19
5868,167,30,133,10,0,10,80,2025-12-23
5869,167,37,189,10,0,18,80,2025-12-30
5870,167,41,121,10,0,36,144,2025-12-07
5871,167,47,164,10,0,46,184,2025-12-04
5872,167,50,289,10,0,57,228,2025-12-19
5873,168,1,120,11,0,14,80,2025-11-16
5874,168,2,157,11,23,60,240,2025-12-20
5875,168,3,83,11,13,32,128,2025-12-10
5876,168,4,19,11,95,38,152,2025-11-28
5877,168,5,155,11,0,10,80,2025-11-15
5878,168,6,126,11,0,38,152,2025-11-27
5879,168,7,77,11,0,10,80,2025-12-05
5880,168,8,138,11,0,10,80,2025-12-10
5881,168,9,213,11,0,55,220,2025-11-04
5882,168,10,151,11,17,56,224,2025-12-17
5883,168,11,137,11,28,55,220,2025-12-23
5884,168,12,172,11,0,16,80,2025-12-03
5885,168,13,153,11,27,60,240,2025-12-11
5886,168,14,105,11,0,24,96,2025-12-01
5887,168,15,188,11,0,19,80,2025-12-10
5888,168,16,121,11,0,40,160,2025-12-17
5889,168,17,141,11,0,25,100,2025-11-30
5890,168,18,176,11,0,58,232,2025-12-25
5891,168,19,93,11,42,45,180,2025-11-09
5892,168,20,122,11,0,19,80,2025-12-23
5893,168,21,137,11,0,24,96,2025-12-07
5894,168,22,237,11,0,55,220,2025-12-10
5895,168,23,204,11,0,10,80,2025-11-27
5896,168,24,207,11,0,19,80,2025-12-02
5897,168,25,303,11,0,39,156,2025-12-09
5898,168,26,116,11,0,24,96,2025-12-21
5899,168,27,239,11,0,46,184,2025-12-03
5900,168,28,99,11,57,52,208,2025-11-28
5901,168,30,195,11,0,36,144,2025-11-27
5902,168,31,119,11,0,15,80,2025-11-17
5903,168,33,78,11,0,11,80,2025-11-25
5904,168,34,54,11,0,18,80,2025-11-17
5905,168,35,190,11,0,42,168,2025-11-20
5906,168,36,86,11,0,26,104,2025-11-26
5907,168,37,136,11,0,24,96,2025-11-22
5908,168,38,50,11,55,35,140,2025-11-28
5909,168,41,257,11,0,11,80,2025-11-24
5910,168,42,134,11,0,38,152,2025-12-30
5911,168,44,202,11,0,60,240,2025-11-09
5912,168,46,145,11,0,40,160,2025-12-24
5913,168,49,154,11,0,22,88,2025-12-05
5914,169,1,152,12,0,24,96,2025-12-13
5915,169,2,113,12,0,32,128,2025-11-14
5916,169,3,146,12,0,31,124,2025-11-03
5917,169,4,115,12,35,50,200,2025-11-03
5918,169,5,208,12,0,46,184,2025-12-28
5919,169,6,151,12,2,51,204,2025-12-11
5920,169,7,139,12,38,59,236,2025-11-05
5921,169,8,146,12,0,10,80,2025-12-22
5922,169,9,202,12,0,39,156,2025-12-17
5923,169,10,222,12,0,33,132,2025-11-29
5924,169,11,169,12,0,34,136,2025-11-13
5925,169,12,88,12,0,21,84,2025-11-06
5926,169,13,177,12,0,50,200,2025-12-14
5927,169,14,186,12,0,45,180,2025-11-11
5928,169,15,89,12,67,52,208,2025-12-11
5929,169,16,171,12,0,56,224,2025-12-23
5930,169,18,152,12,0,16,80,2025-11-22
5931,169,19,126,12,0,10,80,2025-12-30
5932,169,20,211,12,0,43,172,2025-12-07
5933,169,21,177,12,0,54,216,2025-12-07
5934,169,23,221,12,0,32,128,2025-12-29
5935,169,26,191,12,0,22,88,2025-12-26
5936,169,27,129,12,0,18,80,2025-12-17
5937,169,28,70,12,0,10,80,2025-11-16
5938,169,29,192,12,0,56,224,2025-12-20
5939,169,30,107,12,58,55,220,2025-12-18
5940,169,31,158,12,0,10,80,2025-11-08
5941,169,32,178,12,0,59,236,2025-11-27
5942,169,34,165,12,0,30,120,2025-11-24
5943,169,35,167,12,0,47,188,2025-12-09
5944,169,42,158,12,0,31,124,2025-11-23
5945,169,43,156,12,0,10,80,2025-12-10
5946,169,45,95,12,0,27,108,2025-11-16
5947,169,46,194,12,0,26,104,2025-12-21
5948,169,49,137,12,43,60,240,2025-12-14
5949,169,50,103,12,11,38,152,2025-11-13
5950,170,1,161,13,0,15,80,2025-11-09
5951,170,2,78,13,0,10,80,2025-11-26
5952,170,3,128,13,0,36,144,2025-11-28
5953,170,4,85,13,11,32,128,2025-11-15
5954,170,5,154,13,0,35,140,2025-11-07
5955,170,6,219,13,0,39,156,2025-12-13
5956,170,7,170,13,0,30,120,2025-12-15
5957,170,8,31,13,23,18,80,2025-11-29
5958,170,9,266,13,0,10,80,2025-12-21
5959,170,10,187,13,0,28,112,2025-12-25
5960,170,11,132,13,36,56,224,2025-11-08
5961,170,12,205,13,0,32,128,2025-11-21
5962,170,13,104,13,76,60,240,2025-12-27
5963,170,14,129,13,51,60,240,2025-12-14
5964,170,15,175,13,0,22,88,2025-11-28
5965,170,16,95,13,0,16,80,2025-11-17
5966,170,17,129,13,0,34,136,2025-12-19
5967,170,19,145,13,0,39,156,2025-12-20
5968,170,20,148,13,14,54,216,2025-11-13
5969,170,22,123,13,0,10,80,2025-11-14
5970,170,24,211,13,0,28,112,2025-11-22
5971,170,25,45,13,126,57,228,2025-12-23
5972,170,26,101,13,28,43,172,2025-12-14
5973,170,29,212,13,0,51,204,2025-12-10
5974,170,30,25,13,68,31,124,2025-11-04
5975,170,31,97,13,11,36,144,2025-12-01
5976,170,32,129,13,0,34,136,2025-12-10
5977,170,35,200,13,0,40,160,2025-11-30
5978,170,36,86,13,0,11,80,2025-12-05
5979,170,37,230,13,0,13,80,2025-11-26
5980,170,38,83,13,67,50,200,2025-12-03
5981,170,39,296,13,0,18,80,2025-11-03
5982,170,41,67,13,2,23,92,2025-12-13
5983,170,44,212,13,0,33,132,2025-12-26
5984,170,46,88,13,0,11,80,2025-11-16
5985,170,47,113,13,0,24,96,2025-11-18
5986,170,50,124,13,56,60,240,2025-11-13
5987,171,1,130,14,0,24,96,2025-11-09
5988,171,2,153,14,0,26,104,2025-11-03
5989,171,3,159,14,0,32,128,2025-11-19
5990,171,4,195,14,0,56,224,2025-11-23
5991,171,5,196,14,0,21,84,2025-12-13
5992,171,6,203,14,0,12,80,2025-11-13
5993,171,7,190,14,0,26,104,2025-12-25
5994,171,8,152,14,1,51,204,2025-11-26
5995,171,10,193,14,0,39,156,2025-11-16
5996,171,11,166,14,0,10,80,2025-12-28
5997,171,12,59,14,91,50,200,2025-12-01
5998,171,13,186,14,0,43,172,2025-11-05
5999,171,15,186,14,0,15,80,2025-12-20
6000,171,16,193,14,0,17,80,2025-11-13
