item_id,order_id,product_id,quantity,unit_price,fulfilled_from
1,1,482,1,19.0,1
2,2,595,1,27.0,2
3,3,460,1,37.0,1
4,3,326,3,162.85,1
5,4,460,1,37.0,1
6,4,327,1,378.42,1
7,5,460,3,37.0,2
8,6,496,1,72.0,1
9,6,365,3,475.59,1
10,7,336,1,94.0,4
11,8,336,1,94.0,2
12,9,533,1,99.0,3
13,10,349,1,300.0,3
14,11,349,4,300.0,1
15,12,349,2,300.0,1
16,13,349,2,300.0,3
17,14,349,1,300.0,1
18,15,349,1,300.0,1
19,11,332,4,264.3,1
20,16,349,1,300.0,1
21,17,349,1,300.0,3
22,18,560,4,3.06,1
23,19,524,1,3.8,2
24,20,481,1,5.6,3
25,21,570,1,8.45,2
26,22,550,3,7.88,1
27,23,207,1,9.91,1
28,23,198,1,247.95,1
29,24,207,3,9.91,1
30,24,199,3,282.16,1
31,25,185,2,12.03,1
32,26,185,1,12.03,1
33,27,185,1,12.03,1
34,28,185,1,12.03,1
35,29,185,1,12.03,2
36,30,185,3,12.03,8
37,31,185,2,12.03,1
38,32,185,1,12.03,1
39,33,185,1,12.03,1
40,34,185,1,12.03,1
41,35,185,1,12.03,3
42,36,185,1,12.03,4
43,37,185,3,12.03,1
44,38,185,2,12.03,1
45,39,185,1,12.03,1
46,40,185,1,12.03,4
47,41,185,1,12.03,1
48,42,185,1,12.03,1
49,39,179,1,40.43,1
50,43,185,4,12.03,2
51,44,185,2,12.03,11
52,45,185,2,12.03,1
53,46,185,1,12.03,2
54,47,185,1,12.03,1
55,48,185,1,12.03,1
56,26,166,1,83.04,1
57,31,171,1,243.48,1
58,49,185,1,12.03,1
59,50,185,3,12.03,1
60,51,185,2,12.03,1
61,52,185,1,12.03,6
62,53,185,1,12.03,1
63,38,178,1,59.31,1
64,54,185,1,12.03,1
65,55,185,1,12.03,1
66,25,165,1,300.0,1
67,56,185,1,12.03,3
68,57,185,3,12.03,1
69,58,185,2,12.03,1
70,59,185,1,12.03,2
71,60,185,1,12.03,1
72,61,185,1,12.03,5
73,62,185,1,12.03,2
74,63,185,4,12.03,1
75,64,185,2,12.03,1
76,65,185,2,12.03,1
77,50,190,1,123.51,1
78,66,185,1,12.03,3
79,67,185,1,12.03,1
80,68,185,1,12.03,6
81,63,203,1,394.7,1
82,69,185,1,12.03,1
83,70,185,3,12.03,1
84,71,185,2,12.03,14
85,72,601,1,9.84,1
86,72,650,2,158.99,1
87,73,207,1,9.91,1
88,74,207,1,9.91,4
89,75,207,1,9.91,1
90,76,207,1,9.91,3
91,77,207,4,9.91,1
92,78,207,2,9.91,1
93,79,207,2,9.91,1
94,80,207,1,9.91,1
95,81,207,1,9.91,1
96,82,207,1,9.91,6
97,83,207,1,9.91,2
98,84,207,3,9.91,1
99,85,207,2,9.91,1
100,86,207,1,9.91,1
101,87,207,1,9.91,1
102,88,207,1,9.91,2
103,89,207,1,9.91,3
104,90,207,1,9.91,1
105,91,207,3,9.91,9
106,92,207,2,9.91,1
107,75,250,1,347.36,1
108,93,207,1,9.91,1
109,94,207,1,9.91,1
110,95,207,1,9.91,1
111,96,207,1,9.91,1
112,97,207,4,9.91,1
113,98,207,2,9.91,1
114,81,256,2,225.05,1
115,99,207,2,9.91,1
116,100,207,1,9.91,1
117,101,207,1,9.91,7
118,102,207,1,9.91,1
119,103,207,1,9.91,1
120,104,207,3,9.91,1
121,105,207,2,9.91,1
122,103,278,1,184.2,1
123,106,207,1,9.91,7
124,76,251,2,558.01,3
125,107,207,1,9.91,1
126,93,268,1,139.52,1
127,108,207,1,9.91,1
128,109,207,1,9.91,1
129,110,207,1,9.91,1
130,111,207,3,9.91,3
131,112,207,2,9.91,4
132,113,207,1,9.91,1
133,114,207,1,9.91,45
134,107,282,1,265.94,1
135,115,207,1,9.91,5
136,116,207,1,9.91,2
137,117,207,4,9.91,1
138,118,207,2,9.91,2
139,119,207,2,9.91,1
140,120,207,1,9.91,1
141,121,207,1,9.91,4
142,122,207,1,9.91,1
143,123,207,1,9.91,1
144,124,185,2,12.03,1
145,125,185,2,12.03,8
146,126,185,1,12.03,1
147,127,185,1,12.03,2
148,128,185,1,12.03,3
149,129,185,1,12.03,2
150,130,185,3,12.03,5
151,131,185,2,12.03,1
152,132,185,1,12.03,1
153,133,185,1,12.03,29
154,134,185,1,12.03,2
155,135,185,1,12.03,5
156,136,185,1,12.03,14
157,137,185,3,12.03,2
158,138,185,2,12.03,2
159,139,185,1,12.03,1
160,140,185,1,12.03,7
161,141,185,1,12.03,1
162,142,185,1,12.03,5
163,143,185,4,12.03,1
164,144,185,2,12.03,1
165,145,185,2,12.03,2
166,146,185,1,12.03,2
167,147,185,1,12.03,1
168,148,185,1,12.03,5
169,149,185,1,12.03,3
170,139,279,1,104.59,1
171,150,185,3,12.03,1
172,151,185,2,12.03,1
173,152,185,1,12.03,8
174,153,185,1,12.03,2
175,154,185,1,12.03,2
176,155,185,1,12.03,1
177,156,185,1,12.03,4
178,157,185,3,12.03,5
179,158,185,2,12.03,1
180,159,185,1,12.03,1
181,160,185,1,12.03,1
182,161,185,1,12.03,1
183,143,283,1,264.19,1
184,162,185,1,12.03,2
185,163,185,4,12.03,2
186,164,226,1,10.44,1
187,165,226,1,10.44,25
188,166,226,1,10.44,2
189,167,226,3,10.44,1
190,168,226,2,10.44,1
191,169,226,1,10.44,10
192,170,226,1,10.44,1
193,171,226,1,10.44,1
194,172,226,1,10.44,1
195,167,256,2,225.05,1
196,173,226,1,10.44,2
197,174,226,3,10.44,1
198,175,226,2,10.44,2
199,176,226,1,10.44,1
200,177,226,1,10.44,1
201,178,185,2,12.03,9
202,179,185,1,12.03,1
203,180,185,1,12.03,4
204,181,185,1,12.03,2
205,182,185,1,12.03,1
206,183,185,4,12.03,1
207,184,185,2,12.03,1
208,185,185,2,12.03,1
209,186,185,1,12.03,1
210,187,185,1,12.03,1
211,188,185,1,12.03,1
212,189,185,1,12.03,1
213,190,185,3,12.03,1
214,191,185,2,12.03,2
215,192,185,1,12.03,1
216,193,185,1,12.03,1
217,194,185,1,12.03,1
218,195,185,1,12.03,2
219,196,185,1,12.03,1
220,197,185,3,12.03,3
221,198,185,2,12.03,1
222,199,185,1,12.03,3
223,200,185,1,12.03,1
224,201,185,1,12.03,1
225,202,185,1,12.03,3
226,203,185,4,12.03,1
227,204,185,2,12.03,2
228,205,185,2,12.03,12
229,206,185,1,12.03,1
230,207,185,1,12.03,1
231,208,185,1,12.03,1
232,209,185,1,12.03,14
233,210,185,3,12.03,1
234,211,185,2,12.03,1
235,212,185,1,12.03,1
236,213,185,1,12.03,1
237,214,185,1,12.03,1
238,215,185,1,12.03,1
239,216,185,1,12.03,1
240,217,185,3,12.03,1
241,218,185,2,12.03,1
242,219,185,1,12.03,1
243,220,185,1,12.03,1
244,221,185,1,12.03,1
245,222,185,1,12.03,3
246,223,185,4,12.03,1
247,224,185,2,12.03,10
248,225,185,2,12.03,1
249,226,185,1,12.03,1
250,227,185,1,12.03,1
251,228,185,1,12.03,1
252,229,185,1,12.03,1
253,230,185,3,12.03,1
254,231,185,2,12.03,1
255,232,185,1,12.03,4
256,233,185,1,12.03,4
257,234,185,1,12.03,9
258,235,185,1,12.03,10
259,236,185,1,12.03,1
260,237,185,3,12.03,1
261,238,185,2,12.03,1
262,239,185,1,12.03,1
263,240,185,1,12.03,1
264,241,185,1,12.03,1
265,242,185,1,12.03,1
266,243,185,4,12.03,1
267,244,185,2,12.03,1
268,245,185,2,12.03,1
269,246,185,1,12.03,1
270,247,185,1,12.03,1
271,248,185,1,12.03,6
272,249,185,1,12.03,1
273,250,185,3,12.03,1
274,251,185,2,12.03,1
275,252,185,1,12.03,3
276,253,185,1,12.03,1
277,254,185,1,12.03,1
278,255,185,1,12.03,1
279,256,185,1,12.03,1
280,257,185,3,12.03,1
281,258,185,2,12.03,1
282,259,185,1,12.03,2
283,260,185,1,12.03,2
284,261,185,1,12.03,1
285,262,185,1,12.03,1
286,263,185,4,12.03,1
287,264,185,2,12.03,2
288,265,185,2,12.03,2
289,266,185,1,12.03,1
290,267,185,1,12.03,4
291,268,185,1,12.03,1
292,269,185,1,12.03,1
293,270,185,3,12.03,1
294,271,185,2,12.03,3
295,272,185,1,12.03,1
296,273,185,1,12.03,1
297,274,185,1,12.03,2
298,275,185,1,12.03,1
299,276,185,1,12.03,1
300,277,185,3,12.03,11
301,278,185,2,12.03,4
302,279,185,1,12.03,1
303,280,185,1,12.03,1
304,281,185,1,12.03,2
305,282,185,1,12.03,1
306,283,185,4,12.03,1
307,284,185,2,12.03,1
308,285,185,2,12.03,1
309,286,185,1,12.03,1
310,287,185,1,12.03,1
311,288,185,1,12.03,1
312,289,185,1,12.03,3
313,290,185,3,12.03,4
314,291,185,2,12.03,11
315,292,185,1,12.03,1
316,293,185,1,12.03,2
317,294,185,1,12.03,15
318,269,409,1,451.06,1
319,295,185,1,12.03,1
320,296,185,1,12.03,2
321,297,185,3,12.03,1
322,298,185,2,12.03,3
323,299,185,1,12.03,1
324,300,185,1,12.03,1
325,301,185,1,12.03,1
326,302,185,1,12.03,1
327,303,185,4,12.03,1
328,304,185,2,12.03,1
329,305,185,2,12.03,1
330,306,185,1,12.03,4
331,307,185,1,12.03,6
332,308,185,1,12.03,5
333,309,185,1,12.03,1
334,310,185,3,12.03,1
335,311,185,2,12.03,2
336,312,185,1,12.03,1
337,313,185,1,12.03,1
338,314,185,1,12.03,1
339,315,185,1,12.03,1
340,316,185,1,12.03,2
341,317,185,3,12.03,2
342,318,185,2,12.03,1
343,319,185,1,12.03,3
344,320,185,1,12.03,22
345,321,185,1,12.03,2
346,322,185,1,12.03,1
347,323,185,4,12.03,2
348,324,185,2,12.03,1
349,325,185,2,12.03,22
350,326,185,1,12.03,2
351,327,185,1,12.03,4
352,328,185,1,12.03,3
353,329,185,1,12.03,1
354,330,185,3,12.03,1
355,331,185,2,12.03,1
356,332,185,1,12.03,3
357,333,185,1,12.03,1
358,334,185,1,12.03,1
359,335,185,1,12.03,1
360,336,185,1,12.03,1
361,337,185,3,12.03,1
362,338,185,2,12.03,5
363,339,185,1,12.03,1
364,340,185,1,12.03,1
365,341,185,1,12.03,1
366,342,185,1,12.03,1
367,343,185,4,12.03,1
368,344,185,2,12.03,2
369,345,185,2,12.03,2
370,346,185,1,12.03,4
371,347,185,1,12.03,2
372,348,185,1,12.03,1
373,349,185,1,12.03,1
374,350,185,3,12.03,3
375,351,185,2,12.03,2
376,352,185,1,12.03,3
377,353,185,1,12.03,3
378,354,185,1,12.03,1
379,355,185,1,12.03,4
380,356,185,1,12.03,2
381,357,185,3,12.03,2
382,358,185,2,12.03,2
383,359,185,1,12.03,2
384,360,185,1,12.03,1
385,361,185,1,12.03,1
386,362,185,1,12.03,1
387,363,185,4,12.03,4
388,364,185,2,12.03,1
389,365,185,2,12.03,1
390,366,185,1,12.03,5
391,367,185,1,12.03,1
392,368,185,1,12.03,2
393,369,185,1,12.03,1
394,370,185,3,12.03,1
395,371,185,2,12.03,2
396,372,185,1,12.03,1
397,373,185,1,12.03,3
398,374,185,1,12.03,10
399,375,185,1,12.03,1
400,376,185,1,12.03,1
401,377,185,3,12.03,1
402,378,185,2,12.03,1
403,379,185,1,12.03,11
404,380,185,1,12.03,1
405,381,185,1,12.03,1
406,382,185,1,12.03,5
407,383,185,4,12.03,1
408,384,185,2,12.03,7
409,385,185,2,12.03,1
410,386,185,1,12.03,1
411,387,185,1,12.03,11
412,388,185,1,12.03,4
413,389,185,1,12.03,3
414,390,185,3,12.03,1
415,391,185,2,12.03,1
416,392,185,1,12.03,1
417,393,185,1,12.03,1
418,394,185,1,12.03,1
419,395,185,1,12.03,1
420,396,185,1,12.03,1
421,397,185,3,12.03,9
422,398,185,2,12.03,1
423,399,185,1,12.03,1
424,400,185,1,12.03,1
425,401,185,1,12.03,1
426,402,185,1,12.03,12
427,403,185,4,12.03,2
428,404,185,2,12.03,1
429,405,185,2,12.03,1
430,406,185,1,12.03,1
431,407,185,1,12.03,6
432,298,438,1,51.99,3
433,408,185,1,12.03,10
434,409,185,1,12.03,1
435,410,185,3,12.03,1
436,411,185,2,12.03,2
437,412,185,1,12.03,1
438,413,185,1,12.03,1
439,414,185,1,12.03,1
440,415,185,1,12.03,10
441,416,185,1,12.03,1
442,417,185,3,12.03,10
443,418,185,2,12.03,9
444,419,185,1,12.03,2
445,420,185,1,12.03,2
446,421,185,1,12.03,4
447,422,185,1,12.03,7
448,423,185,4,12.03,1
449,424,185,2,12.03,2
450,425,185,2,12.03,4
451,426,185,1,12.03,4
452,427,185,1,12.03,1
453,428,185,1,12.03,2
454,429,185,1,12.03,1
455,430,185,3,12.03,3
456,431,185,2,12.03,1
457,432,185,1,12.03,1
458,433,185,1,12.03,3
459,434,185,1,12.03,1
460,435,185,1,12.03,3
461,436,185,1,12.03,1
462,437,185,3,12.03,1
463,438,185,2,12.03,1
464,439,185,1,12.03,1
465,440,185,1,12.03,2
466,359,499,1,15.02,2
467,441,185,1,12.03,6
468,442,185,1,12.03,1
469,443,185,4,12.03,1
470,444,185,2,12.03,1
471,445,185,2,12.03,4
472,446,185,1,12.03,1
473,447,185,1,12.03,1
474,448,185,1,12.03,1
475,449,185,1,12.03,1
476,450,185,3,12.03,1
477,451,185,2,12.03,1
478,251,391,1,199.1,1
479,452,185,1,12.03,1
480,453,185,1,12.03,20
481,454,185,1,12.03,1
482,455,185,1,12.03,1
483,456,185,1,12.03,3
484,457,185,3,12.03,7
485,458,185,2,12.03,1
486,459,185,1,12.03,3
487,460,185,1,12.03,2
488,196,336,1,94.0,1
489,461,185,1,12.03,1
490,462,185,1,12.03,1
491,463,185,4,12.03,1
492,464,185,2,12.03,1
493,465,185,2,12.03,2
494,466,185,1,12.03,1
495,467,185,1,12.03,1
496,468,185,1,12.03,1
497,469,185,1,12.03,2
498,470,185,3,12.03,7
499,471,185,2,12.03,1
500,472,185,1,12.03,1
501,473,185,1,12.03,1
502,474,185,1,12.03,10
503,475,185,1,12.03,1
504,476,185,1,12.03,1
505,477,185,3,12.03,1
506,478,185,2,12.03,1
507,479,185,1,12.03,1
508,480,185,1,12.03,1
509,481,185,1,12.03,2
510,482,185,1,12.03,1
511,483,185,4,12.03,1
512,484,185,2,12.03,1
513,485,185,2,12.03,2
514,486,185,1,12.03,1
515,487,185,1,12.03,1
516,488,185,1,12.03,3
517,489,185,1,12.03,1
518,490,185,3,12.03,1
519,491,185,2,12.03,1
520,492,185,1,12.03,2
521,493,185,1,12.03,2
522,371,511,1,33.88,2
523,494,185,1,12.03,1
524,495,185,1,12.03,3
525,496,185,1,12.03,2
526,497,185,3,12.03,8
527,498,185,2,12.03,1
528,499,185,1,12.03,4
529,500,185,1,12.03,2
530,501,185,1,12.03,4
531,502,185,1,12.03,2
532,503,185,4,12.03,1
533,504,185,2,12.03,1
534,505,185,2,12.03,1
535,506,185,1,12.03,2
536,507,185,1,12.03,2
537,508,185,1,12.03,1
538,509,185,1,12.03,1
539,510,185,3,12.03,5
540,511,185,2,12.03,1
541,512,185,1,12.03,1
542,513,185,1,12.03,5
543,514,185,1,12.03,4
544,515,185,1,12.03,8
545,516,185,1,12.03,4
546,517,185,3,12.03,1
547,518,185,2,12.03,2
548,519,185,1,12.03,1
549,520,185,1,12.03,1
550,521,185,1,12.03,2
551,522,185,1,12.03,1
552,523,185,4,12.03,15
553,524,185,2,12.03,3
554,525,185,2,12.03,1
555,526,185,1,12.03,2
556,527,185,1,12.03,2
557,528,185,1,12.03,1
558,529,185,1,12.03,1
559,530,185,3,12.03,4
560,531,185,2,12.03,1
561,532,185,1,12.03,2
562,533,185,1,12.03,2
563,534,185,1,12.03,2
564,535,185,1,12.03,1
565,536,185,1,12.03,1
566,537,185,3,12.03,1
567,303,443,1,276.3,1
568,538,185,2,12.03,24
569,539,185,1,12.03,7
570,540,185,1,12.03,1
571,541,185,1,12.03,1
572,542,185,1,12.03,1
573,543,185,4,12.03,2
574,544,185,2,12.03,1
575,545,185,2,12.03,7
576,546,185,1,12.03,7
577,547,185,1,12.03,2
578,548,185,1,12.03,2
579,549,185,1,12.03,3
580,550,185,3,12.03,1
581,551,185,2,12.03,29
582,552,185,1,12.03,2
583,553,185,1,12.03,2
584,554,185,1,12.03,2
585,555,185,1,12.03,1
586,556,185,1,12.03,4
587,557,185,3,12.03,4
588,558,185,2,12.03,1
589,559,185,1,12.03,1
590,560,185,1,12.03,1
591,561,185,1,12.03,1
592,562,185,1,12.03,1
593,563,185,4,12.03,7
594,564,185,2,12.03,1
595,565,185,2,12.03,20
596,566,185,1,12.03,1
597,567,185,1,12.03,2
598,568,185,1,12.03,1
599,569,185,1,12.03,3
600,570,185,3,12.03,1
601,571,185,2,12.03,2
602,572,185,1,12.03,1
603,187,327,2,378.42,1
604,573,185,1,12.03,1
605,574,185,1,12.03,1
606,575,185,1,12.03,1
607,576,185,1,12.03,17
608,577,185,3,12.03,1
609,578,185,2,12.03,2
610,579,185,1,12.03,1
611,580,185,1,12.03,1
612,581,185,1,12.03,1
613,582,185,1,12.03,2
614,583,185,4,12.03,2
615,584,185,2,12.03,1
616,585,185,2,12.03,1
617,586,185,1,12.03,3
618,288,428,1,87.29,1
619,587,185,1,12.03,1
620,588,185,1,12.03,1
621,589,185,1,12.03,1
622,590,185,3,12.03,1
623,591,185,2,12.03,1
624,592,185,1,12.03,6
625,593,185,1,12.03,6
626,594,185,1,12.03,1
627,595,185,1,12.03,2
628,596,185,1,12.03,2
629,597,185,3,12.03,1
630,598,185,2,12.03,1
631,599,185,1,12.03,1
632,600,185,1,12.03,8
633,601,185,1,12.03,1
634,602,185,1,12.03,7
635,603,185,4,12.03,1
636,604,185,2,12.03,1
637,605,185,2,12.03,1
638,606,185,1,12.03,3
639,607,185,1,12.03,1
640,608,185,1,12.03,5
641,609,185,1,12.03,1
642,610,185,3,12.03,1
643,611,185,2,12.03,1
644,612,185,1,12.03,1
645,613,185,1,12.03,1
646,614,185,1,12.03,1
647,615,185,1,12.03,1
648,616,185,1,12.03,1
649,617,185,3,12.03,1
650,618,185,2,12.03,2
651,619,185,1,12.03,4
652,620,185,1,12.03,1
653,529,259,1,280.8,1
654,621,185,1,12.03,1
655,622,185,1,12.03,2
656,623,185,4,12.03,5
657,624,185,2,12.03,1
658,625,185,2,12.03,1
659,626,185,1,12.03,2
660,627,185,1,12.03,2
661,628,185,1,12.03,1
662,629,185,1,12.03,1
663,630,185,3,12.03,1
664,631,185,2,12.03,1
665,632,185,1,12.03,1
666,633,185,1,12.03,1
667,634,185,1,12.03,1
668,635,185,1,12.03,1
669,636,185,1,12.03,1
670,637,185,3,12.03,3
671,638,185,2,12.03,2
672,639,185,1,12.03,1
673,640,185,1,12.03,1
674,311,451,1,211.16,2
675,641,185,1,12.03,2
676,642,185,1,12.03,9
677,643,185,4,12.03,1
678,644,185,2,12.03,1
679,645,185,2,12.03,1
680,646,185,1,12.03,2
681,647,185,1,12.03,2
682,648,185,1,12.03,1
683,649,185,1,12.03,7
684,650,185,3,12.03,5
685,651,185,2,12.03,2
686,652,185,1,12.03,1
687,653,185,1,12.03,1
688,464,604,1,42.12,1
689,654,185,1,12.03,1
690,655,185,1,12.03,1
691,656,185,1,12.03,2
692,657,185,3,12.03,1
693,181,321,1,80.04,2
694,658,185,2,12.03,1
695,659,185,1,12.03,1
696,660,185,1,12.03,16
697,661,185,1,12.03,1
698,662,185,1,12.03,1
699,663,185,4,12.03,1
700,664,185,2,12.03,1
701,665,185,2,12.03,1
702,666,185,1,12.03,4
703,667,185,1,12.03,1
704,668,185,1,12.03,1
705,669,185,1,12.03,1
706,670,185,3,12.03,4
707,671,185,2,12.03,2
708,672,185,1,12.03,5
709,579,22,1,422.72,1
710,673,185,1,12.03,1
711,674,185,1,12.03,1
712,675,185,1,12.03,1
713,676,185,1,12.03,1
714,270,410,1,86.66,1
715,677,185,3,12.03,1
716,678,185,2,12.03,2
717,679,185,1,12.03,4
718,680,185,1,12.03,1
719,681,185,1,12.03,1
720,682,185,1,12.03,1
721,683,185,4,12.03,1
722,684,185,2,12.03,6
723,685,185,2,12.03,1
724,686,185,1,12.03,17
725,687,185,1,12.03,1
726,688,185,1,12.03,2
727,689,185,1,12.03,1
728,690,185,3,12.03,1
729,691,185,2,12.03,1
730,692,185,1,12.03,1
731,693,185,1,12.03,1
732,694,185,1,12.03,2
733,695,185,1,12.03,12
734,696,185,1,12.03,2
735,697,185,3,12.03,1
736,698,185,2,12.03,1
737,699,185,1,12.03,3
738,700,185,1,12.03,3
739,701,185,1,12.03,12
740,702,185,1,12.03,2
741,703,185,4,12.03,1
742,704,185,2,12.03,39
743,705,185,2,12.03,1
744,706,185,1,12.03,1
745,707,185,1,12.03,2
746,708,185,1,12.03,1
747,709,185,1,12.03,1
748,710,185,3,12.03,2
749,711,185,2,12.03,1
750,712,185,1,12.03,1
751,713,185,1,12.03,3
752,714,185,1,12.03,2
753,715,185,1,12.03,1
754,716,185,1,12.03,1
755,717,185,3,12.03,1
756,718,185,2,12.03,6
757,719,185,1,12.03,2
758,720,185,1,12.03,2
759,507,647,2,410.61,2
760,721,185,1,12.03,1
761,722,185,1,12.03,1
762,723,185,4,12.03,1
763,724,185,2,12.03,2
764,725,185,2,12.03,2
765,726,185,1,12.03,1
766,727,185,1,12.03,1
767,728,185,1,12.03,6
768,729,185,1,12.03,1
769,730,185,3,12.03,2
770,731,185,2,12.03,2
771,732,185,1,12.03,1
772,733,185,1,12.03,1
773,734,185,1,12.03,1
774,735,185,1,12.03,1
775,736,185,1,12.03,1
776,737,185,3,12.03,3
777,738,185,2,12.03,2
778,739,185,1,12.03,4
779,740,185,1,12.03,1
780,741,185,1,12.03,1
781,742,185,1,12.03,1
782,743,185,4,12.03,1
783,744,185,2,12.03,1
784,745,185,2,12.03,1
785,746,185,1,12.03,1
786,747,185,1,12.03,1
787,748,185,1,12.03,5
788,749,185,1,12.03,1
789,750,185,3,12.03,2
790,751,185,2,12.03,6
791,752,185,1,12.03,1
792,753,185,1,12.03,1
793,754,185,1,12.03,1
794,755,185,1,12.03,2
795,756,185,1,12.03,1
796,757,185,3,12.03,1
797,758,185,2,12.03,16
798,620,63,2,343.2,1
799,759,185,1,12.03,1
800,760,185,1,12.03,1
801,761,185,1,12.03,1
802,762,185,1,12.03,3
803,763,185,4,12.03,3
804,764,185,2,12.03,3
805,765,185,2,12.03,1
806,766,185,1,12.03,1
807,767,185,1,12.03,1
808,768,185,1,12.03,3
809,769,185,1,12.03,6
810,770,185,3,12.03,2
811,771,185,2,12.03,1
812,772,185,1,12.03,5
813,773,185,1,12.03,1
814,774,185,1,12.03,1
815,775,185,1,12.03,1
816,776,185,1,12.03,1
817,777,185,3,12.03,1
818,778,185,2,12.03,1
819,779,185,1,12.03,7
820,780,185,1,12.03,1
821,781,185,1,12.03,2
822,782,185,1,12.03,1
823,783,185,4,12.03,1
824,784,185,2,12.03,2
825,785,185,2,12.03,1
826,786,185,1,12.03,1
827,787,185,1,12.03,2
828,788,185,1,12.03,1
829,789,185,1,12.03,1
830,497,637,2,28.13,8
831,790,185,3,12.03,1
832,791,185,2,12.03,2
833,792,185,1,12.03,2
834,793,185,1,12.03,1
835,794,185,1,12.03,1
836,335,475,1,17.35,1
837,795,185,1,12.03,1
838,796,185,1,12.03,1
839,797,185,3,12.03,1
840,798,185,2,12.03,2
841,799,185,1,12.03,5
842,800,185,1,12.03,5
843,801,185,1,12.03,1
844,802,185,1,12.03,10
845,803,185,4,12.03,3
846,804,185,2,12.03,1
847,491,631,1,33.2,1
848,805,185,2,12.03,2
849,806,185,1,12.03,3
850,807,185,1,12.03,2
851,808,185,1,12.03,1
852,809,185,1,12.03,1
853,810,185,3,12.03,1
854,811,185,2,12.03,21
855,812,185,1,12.03,1
856,813,185,1,12.03,1
857,814,185,1,12.03,1
858,815,185,1,12.03,1
859,816,185,1,12.03,3
860,817,185,3,12.03,4
861,818,185,2,12.03,4
862,819,185,1,12.03,4
863,820,185,1,12.03,1
864,821,185,1,12.03,1
865,822,185,1,12.03,1
866,823,185,4,12.03,1
867,824,185,2,12.03,1
868,825,185,2,12.03,1
869,826,185,1,12.03,1
870,827,185,1,12.03,2
871,828,185,1,12.03,1
872,829,185,1,12.03,1
873,830,185,3,12.03,8
874,831,185,2,12.03,2
875,832,185,1,12.03,1
876,833,185,1,12.03,2
877,834,185,1,12.03,1
878,835,185,1,12.03,1
879,836,185,1,12.03,1
880,837,185,3,12.03,1
881,447,587,2,12.42,1
882,838,185,2,12.03,5
883,839,185,1,12.03,1
884,840,185,1,12.03,1
885,841,185,1,12.03,1
886,842,185,1,12.03,1
887,843,185,4,12.03,1
888,844,185,2,12.03,3
889,845,185,2,12.03,2
890,846,185,1,12.03,1
891,847,185,1,12.03,1
892,848,185,1,12.03,3
893,849,185,1,12.03,1
894,850,185,3,12.03,2
895,851,185,2,12.03,1
896,852,185,1,12.03,1
897,853,185,1,12.03,1
898,854,185,1,12.03,1
899,855,185,1,12.03,1
900,856,185,1,12.03,3
901,857,185,3,12.03,1
902,858,185,2,12.03,2
903,822,265,1,59.21,1
904,859,185,1,12.03,1
905,860,185,1,12.03,2
906,861,185,1,12.03,1
907,862,185,1,12.03,1
908,863,185,4,12.03,3
909,864,185,2,12.03,2
910,865,185,2,12.03,7
911,866,185,1,12.03,1
912,867,185,1,12.03,1
913,868,185,1,12.03,1
914,869,185,1,12.03,4
915,870,185,3,12.03,5
916,871,185,2,12.03,1
917,872,185,1,12.03,4
918,873,185,1,12.03,6
919,874,185,1,12.03,1
920,875,185,1,12.03,3
921,876,185,1,12.03,1
922,877,185,3,12.03,1
923,878,185,2,12.03,1
924,879,185,1,12.03,5
925,880,185,1,12.03,2
926,881,185,1,12.03,4
927,882,185,1,12.03,1
928,883,185,4,12.03,5
929,884,185,2,12.03,3
930,885,185,2,12.03,3
931,886,185,1,12.03,1
932,887,185,1,12.03,1
933,888,185,1,12.03,1
934,889,185,1,12.03,3
935,890,185,3,12.03,2
936,891,185,2,12.03,1
937,892,185,1,12.03,1
938,893,185,1,12.03,1
939,894,185,1,12.03,2
940,895,185,1,12.03,2
941,896,185,1,12.03,4
942,897,185,3,12.03,1
943,821,264,1,337.41,1
944,898,185,2,12.03,1
945,899,185,1,12.03,1
946,900,185,1,12.03,1
947,901,185,1,12.03,1
948,902,185,1,12.03,1
949,903,185,4,12.03,3
950,904,185,2,12.03,1
951,905,185,2,12.03,1
952,906,185,1,12.03,13
953,907,185,1,12.03,2
954,908,185,1,12.03,1
955,909,185,1,12.03,3
956,910,185,3,12.03,1
957,911,185,2,12.03,7
958,912,185,1,12.03,2
959,913,185,1,12.03,5
960,914,185,1,12.03,1
961,915,185,1,12.03,1
962,916,185,1,12.03,7
963,917,185,3,12.03,7
964,918,185,2,12.03,2
965,919,185,1,12.03,8
966,920,185,1,12.03,1
967,921,185,1,12.03,1
968,922,185,1,12.03,3
969,923,185,4,12.03,1
970,924,185,2,12.03,1
971,925,185,2,12.03,1
972,926,185,1,12.03,2
973,927,185,1,12.03,1
974,928,185,1,12.03,1
975,929,185,1,12.03,2
976,930,185,3,12.03,1
977,931,185,2,12.03,2
978,932,185,1,12.03,1
979,933,185,1,12.03,2
980,934,185,1,12.03,3
981,935,185,1,12.03,3
982,936,185,1,12.03,1
983,937,185,3,12.03,1
984,938,185,2,12.03,1
985,766,209,1,164.36,1
986,939,185,1,12.03,2
987,940,185,1,12.03,1
988,941,185,1,12.03,1
989,871,314,1,104.9,1
990,942,185,1,12.03,2
991,943,185,4,12.03,1
992,944,185,2,12.03,1
993,945,185,2,12.03,1
994,946,185,1,12.03,6
995,947,185,1,12.03,1
996,948,185,1,12.03,1
997,949,185,1,12.03,1
998,594,37,1,56.02,1
999,950,185,3,12.03,3
1000,951,185,2,12.03,2
1001,952,185,1,12.03,1
1002,953,185,1,12.03,1
1003,954,185,1,12.03,4
1004,955,185,1,12.03,1
1005,956,185,1,12.03,1
1006,957,185,3,12.03,5
1007,958,185,2,12.03,1
1008,959,185,1,12.03,2
1009,960,185,1,12.03,3
1010,877,320,1,139.5,1
1011,961,185,1,12.03,1
1012,962,185,1,12.03,2
1013,963,185,4,12.03,1
1014,964,185,2,12.03,1
1015,965,185,2,12.03,2
1016,966,185,1,12.03,3
1017,967,185,1,12.03,15
1018,968,185,1,12.03,1
1019,969,185,1,12.03,2
1020,970,185,3,12.03,1
1021,971,185,2,12.03,1
1022,972,185,1,12.03,1
1023,973,185,1,12.03,1
1024,974,185,1,12.03,1
1025,975,185,1,12.03,1
1026,976,185,1,12.03,1
1027,977,185,3,12.03,1
1028,978,185,2,12.03,8
1029,979,185,1,12.03,2
1030,225,365,1,475.59,1
1031,980,185,1,12.03,1
1032,981,185,1,12.03,1
1033,239,379,1,255.13,1
1034,982,185,1,12.03,3
1035,983,185,4,12.03,2
1036,984,185,2,12.03,2
1037,985,185,2,12.03,3
1038,986,185,1,12.03,12
1039,987,185,1,12.03,1
1040,988,185,1,12.03,1
1041,989,185,1,12.03,1
1042,990,185,3,12.03,4
1043,991,185,2,12.03,1
1044,184,324,1,113.49,1
1045,992,185,1,12.03,1
1046,993,185,1,12.03,1
1047,994,185,1,12.03,1
1048,995,185,1,12.03,1
1049,996,185,1,12.03,1
1050,997,185,3,12.03,1
1051,998,185,2,12.03,3
1052,999,185,1,12.03,2
1053,1000,185,1,12.03,1
1054,1001,185,1,12.03,5
1055,1002,185,1,12.03,15
1056,712,155,1,196.46,1
1057,1003,185,4,12.03,1
1058,871,315,4,94.67,1
1059,279,419,1,100.07,1
1060,1004,185,2,12.03,1
1061,1005,185,2,12.03,9
1062,1006,185,1,12.03,2
1063,1007,185,1,12.03,1
1064,1008,185,1,12.03,1
1065,1009,185,1,12.03,11
1066,1010,185,3,12.03,14
1067,797,240,1,331.12,1
1068,1011,185,2,12.03,1
1069,1012,185,1,12.03,1
1070,1013,185,1,12.03,2
1071,1014,185,1,12.03,1
1072,1015,185,1,12.03,1
1073,1016,185,1,12.03,1
1074,1017,185,3,12.03,2
1075,1018,185,2,12.03,1
1076,1019,185,1,12.03,1
1077,1020,185,1,12.03,1
1078,1021,185,1,12.03,1
1079,1022,185,1,12.03,1
1080,1023,185,4,12.03,1
1081,1024,185,2,12.03,1
1082,1025,185,2,12.03,1
1083,1026,185,1,12.03,1
1084,1027,185,1,12.03,1
1085,1028,185,1,12.03,1
1086,1029,185,1,12.03,2
1087,1030,185,3,12.03,39
1088,1031,185,2,12.03,1
1089,1032,185,1,12.03,3
1090,1033,185,1,12.03,1
1091,1034,185,1,12.03,1
1092,1035,185,1,12.03,10
1093,1036,185,1,12.03,8
1094,1037,185,3,12.03,1
1095,1038,185,2,12.03,1
1096,1039,185,1,12.03,5
1097,1040,185,1,12.03,2
1098,1041,185,1,12.03,2
1099,1042,185,1,12.03,1
1100,1043,185,4,12.03,1
1101,1044,185,2,12.03,1
1102,1045,185,2,12.03,2
1103,1046,185,1,12.03,1
1104,1047,185,1,12.03,1
1105,1048,185,1,12.03,1
1106,1049,185,1,12.03,2
1107,1050,185,3,12.03,1
1108,216,356,1,267.65,1
1109,1012,455,1,439.82,1
1110,1051,185,2,12.03,1
1111,1052,185,1,12.03,2
1112,1053,185,1,12.03,1
1113,1054,185,1,12.03,5
1114,1055,185,1,12.03,2
1115,955,398,2,41.17,1
1116,1056,185,1,12.03,1
1117,1057,185,3,12.03,5
1118,1058,185,2,12.03,1
1119,1059,185,1,12.03,1
1120,1060,185,1,12.03,1
1121,1061,185,1,12.03,5
1122,1062,185,1,12.03,1
1123,1063,185,4,12.03,2
1124,646,89,1,282.23,2
1125,1064,185,2,12.03,1
1126,1065,185,2,12.03,1
1127,1066,185,1,12.03,1
1128,950,393,2,87.95,3
1129,1067,185,1,12.03,1
1130,1068,185,1,12.03,1
1131,1069,185,1,12.03,3
1132,1070,185,3,12.03,11
1133,1071,185,2,12.03,1
1134,1072,185,1,12.03,31
1135,520,126,1,130.84,1
1136,689,132,1,494.65,1
1137,1073,185,1,12.03,3
1138,1074,185,1,12.03,1
1139,1075,185,1,12.03,1
1140,1076,185,1,12.03,1
1141,1077,185,3,12.03,6
1142,1078,185,2,12.03,2
1143,1079,185,1,12.03,1
1144,1080,185,1,12.03,1
1145,1081,185,1,12.03,1
1146,1082,185,1,12.03,2
1147,1083,185,4,12.03,1
1148,459,599,1,47.06,3
1149,1084,185,2,12.03,1
1150,1085,185,2,12.03,1
1151,1086,185,1,12.03,1
1152,1087,185,1,12.03,5
1153,1088,185,1,12.03,1
1154,1089,185,1,12.03,1
1155,1090,185,3,12.03,1
1156,1091,185,2,12.03,1
1157,1092,185,1,12.03,1
1158,1093,185,1,12.03,2
1159,1094,185,1,12.03,6
1160,1095,185,1,12.03,1
1161,1096,185,1,12.03,2
1162,1097,185,3,12.03,1
1163,1098,185,2,12.03,1
1164,587,30,1,26.27,1
1165,1099,185,1,12.03,2
1166,1100,185,1,12.03,2
1167,562,5,1,46.51,1
1168,1101,185,1,12.03,1
1169,1102,185,1,12.03,2
1170,1103,185,4,12.03,1
1171,1104,185,2,12.03,1
1172,1105,185,2,12.03,5
1173,1106,185,1,12.03,1
1174,1107,185,1,12.03,2
1175,1108,185,1,12.03,2
1176,1109,185,1,12.03,1
1177,734,177,1,28.52,1
1178,1110,185,3,12.03,1
1179,1111,185,2,12.03,1
1180,1112,185,1,12.03,1
1181,1113,185,1,12.03,2
1182,1114,185,1,12.03,1
1183,1115,185,1,12.03,1
1184,1116,185,1,12.03,2
1185,1117,185,3,12.03,1
1186,1118,185,2,12.03,1
1187,1119,185,1,12.03,1
1188,1120,185,1,12.03,1
1189,1121,185,1,12.03,1
1190,1122,185,1,12.03,9
1191,1123,185,4,12.03,1
1192,1124,185,2,12.03,3
1193,1125,185,2,12.03,1
1194,1126,185,1,12.03,1
1195,1127,185,1,12.03,1
1196,1128,185,1,12.03,1
1197,1129,185,1,12.03,1
1198,1130,185,3,12.03,1
1199,1131,185,2,12.03,1
1200,1132,185,1,12.03,1
1201,1133,185,1,12.03,1
1202,1134,185,1,12.03,1
1203,1135,185,1,12.03,8
1204,1136,185,1,12.03,3
1205,1137,185,3,12.03,1
1206,1138,185,2,12.03,5
1207,1139,185,1,12.03,1
1208,1140,185,1,12.03,1
1209,1141,185,1,12.03,1
1210,1142,185,1,12.03,6
1211,1143,185,4,12.03,2
1212,1144,185,2,12.03,1
1213,1145,185,2,12.03,1
1214,1146,185,1,12.03,2
1215,1147,185,1,12.03,3
1216,1148,185,1,12.03,2
1217,1149,185,1,12.03,1
1218,1150,185,3,12.03,1
1219,1151,185,2,12.03,1
1220,1152,185,1,12.03,1
1221,1153,185,1,12.03,9
1222,1154,185,1,12.03,1
1223,1155,185,1,12.03,1
1224,1156,185,1,12.03,3
1225,1157,185,3,12.03,4
1226,1158,185,2,12.03,24
1227,1159,185,1,12.03,5
1228,1160,185,1,12.03,3
1229,1161,185,1,12.03,2
1230,1162,185,1,12.03,1
1231,1163,185,4,12.03,1
1232,1164,185,2,12.03,1
1233,1165,185,2,12.03,1
1234,1166,185,1,12.03,1
1235,1167,185,1,12.03,2
1236,1168,185,1,12.03,1
1237,1169,185,1,12.03,4
1238,1170,185,3,12.03,4
1239,1171,185,2,12.03,7
1240,1172,185,1,12.03,19
1241,720,163,2,26.95,2
1242,1173,185,1,12.03,1
1243,1174,185,1,12.03,3
1244,1175,185,1,12.03,1
1245,1176,185,1,12.03,3
1246,1177,185,3,12.03,1
1247,1178,185,2,12.03,1
1248,1179,185,1,12.03,1
1249,1180,185,1,12.03,1
1250,1181,185,1,12.03,1
1251,1182,185,1,12.03,1
1252,1183,185,4,12.03,1
1253,1184,185,2,12.03,1
1254,1185,185,2,12.03,1
1255,1186,185,1,12.03,1
1256,1187,185,1,12.03,1
1257,1188,185,1,12.03,15
1258,1189,185,1,12.03,3
1259,1190,185,3,12.03,3
1260,1191,185,2,12.03,3
1261,1192,185,1,12.03,1
1262,1193,185,1,12.03,1
1263,1194,185,1,12.03,1
1264,1195,185,1,12.03,1
1265,1196,185,1,12.03,1
1266,1197,185,3,12.03,1
1267,1198,185,2,12.03,1
1268,1199,185,1,12.03,2
1269,1200,185,1,12.03,1
1270,1201,185,1,12.03,1
1271,1202,185,1,12.03,1
1272,1203,185,4,12.03,4
1273,1204,185,2,12.03,2
1274,1205,185,2,12.03,3
1275,1206,185,1,12.03,2
1276,1207,185,1,12.03,2
1277,1208,185,1,12.03,1
1278,1209,185,1,12.03,2
1279,1210,185,3,12.03,33
1280,1211,185,2,12.03,1
1281,1212,185,1,12.03,2
1282,1213,185,1,12.03,1
1283,1214,185,1,12.03,1
1284,1215,185,1,12.03,1
1285,1216,185,1,12.03,1
1286,1217,185,3,12.03,4
1287,1218,185,2,12.03,2
1288,1219,185,1,12.03,1
1289,1220,185,1,12.03,1
1290,1221,185,1,12.03,1
1291,1222,185,1,12.03,1
1292,1223,185,4,12.03,10
1293,1224,185,2,12.03,1
1294,1180,623,2,43.67,1
1295,1225,185,2,12.03,1
1296,580,23,2,9.91,1
1297,1226,185,1,12.03,1
1298,1227,185,1,12.03,2
1299,1228,185,1,12.03,5
1300,1229,185,1,12.03,1
1301,1230,185,3,12.03,1
1302,1231,185,2,12.03,2
1303,1232,185,1,12.03,2
1304,1233,185,1,12.03,1
1305,1234,185,1,12.03,1
1306,1235,185,1,12.03,6
1307,1236,185,1,12.03,1
1308,1237,185,3,12.03,3
1309,1238,185,2,12.03,2
1310,1239,185,1,12.03,1
1311,1240,185,1,12.03,1
1312,1241,185,1,12.03,1
1313,1242,185,1,12.03,3
1314,1243,185,4,12.03,1
1315,1244,185,2,12.03,1
1316,1245,185,2,12.03,1
1317,1246,185,1,12.03,3
1318,1247,185,1,12.03,3
1319,1248,185,1,12.03,3
1320,1249,185,1,12.03,1
1321,1250,185,3,12.03,1
1322,1251,185,2,12.03,6
1323,1252,185,1,12.03,1
1324,1253,185,1,12.03,2
1325,1254,185,1,12.03,1
1326,1255,185,1,12.03,1
1327,1256,185,1,12.03,2
1328,1257,185,3,12.03,2
1329,1258,185,2,12.03,1
1330,1259,185,1,12.03,1
1331,1260,185,1,12.03,1
1332,1261,185,1,12.03,3
1333,1262,185,1,12.03,3
1334,1263,185,4,12.03,1
1335,1028,471,3,29.72,1
1336,1264,185,2,12.03,1
1337,196,337,1,95.51,1
1338,1265,185,2,12.03,3
1339,1266,185,1,12.03,1
1340,266,406,1,28.1,1
1341,1267,185,1,12.03,1
1342,1268,185,1,12.03,1
1343,895,338,2,39.67,2
1344,1269,185,1,12.03,1
1345,1270,185,3,12.03,1
1346,1271,185,2,12.03,1
1347,1272,185,1,12.03,1
1348,1273,185,1,12.03,2
1349,1274,185,1,12.03,2
1350,1275,185,1,12.03,3
1351,1276,185,1,12.03,1
1352,1277,185,3,12.03,1
1353,1278,185,2,12.03,12
1354,1279,185,1,12.03,5
1355,1280,185,1,12.03,1
1356,1281,185,1,12.03,1
1357,1282,185,1,12.03,1
1358,1283,185,4,12.03,1
1359,1284,185,2,12.03,4
1360,1285,185,2,12.03,1
1361,1286,185,1,12.03,1
1362,1287,185,1,12.03,3
1363,1288,185,1,12.03,5
1364,1289,185,1,12.03,2
1365,1290,185,3,12.03,2
1366,1291,185,2,12.03,1
1367,1292,185,1,12.03,1
1368,1293,185,1,12.03,1
1369,1294,185,1,12.03,8
1370,1295,185,1,12.03,9
1371,1296,185,1,12.03,1
1372,1297,185,3,12.03,2
1373,1298,185,2,12.03,1
1374,1299,185,1,12.03,1
1375,601,44,1,201.84,1
1376,1300,185,1,12.03,1
1377,1301,185,1,12.03,1
1378,1302,185,1,12.03,1
1379,1303,185,4,12.03,1
1380,904,347,1,62.4,1
1381,1304,185,2,12.03,1
1382,1305,185,2,12.03,1
1383,1306,185,1,12.03,1
1384,310,450,1,154.45,1
1385,1272,18,1,77.98,1
1386,1307,185,1,12.03,8
1387,1308,185,1,12.03,2
1388,450,590,1,25.67,1
1389,1309,185,1,12.03,1
1390,1310,185,3,12.03,3
1391,1311,185,2,12.03,3
1392,1312,185,1,12.03,2
1393,1313,185,1,12.03,1
1394,1314,185,1,12.03,1
1395,1315,185,1,12.03,28
1396,1316,185,1,12.03,1
1397,1317,185,3,12.03,4
1398,1318,185,2,12.03,1
1399,1319,185,1,12.03,4
1400,1166,609,1,33.84,1
1401,1320,226,4,10.44,1
1402,1321,226,2,10.44,1
1403,1322,226,2,10.44,2
1404,1323,226,1,10.44,1
1405,1324,226,1,10.44,1
1406,1325,226,1,10.44,1
1407,1326,226,1,10.44,3
1408,167,257,2,73.53,1
1409,1327,226,3,10.44,3
1410,1325,625,1,27.74,1
1411,1328,226,2,10.44,2
1412,1329,226,1,10.44,1
1413,1330,226,1,10.44,1
1414,1331,226,1,10.44,1
1415,1332,226,1,10.44,1
1416,1322,622,2,41.08,2
1417,1324,624,1,16.22,1
1418,1333,185,1,12.03,1
1419,1334,185,1,12.03,2
1420,1335,185,1,12.03,3
1421,1336,185,1,12.03,1
1422,1337,185,3,12.03,23
1423,1338,185,2,12.03,37
1424,1339,185,1,12.03,1
1425,1340,185,1,12.03,1
1426,1341,185,1,12.03,1
1427,1342,185,1,12.03,1
1428,1343,185,4,12.03,1
1429,1344,185,2,12.03,2
1430,1345,185,2,12.03,2
1431,1340,86,1,86.04,1
1432,1346,185,1,12.03,1
1433,1340,87,1,86.3,1
1434,1347,185,1,12.03,1
1435,1344,90,3,335.29,2
1436,1348,185,1,12.03,30
1437,1349,185,1,12.03,1
1438,1350,185,3,12.03,1
1439,1351,185,2,12.03,1
1440,1352,185,1,12.03,2
1441,1353,185,1,12.03,2
1442,1354,185,1,12.03,1
1443,1347,93,1,159.38,1
1444,1355,185,1,12.03,10
1445,1333,79,1,69.22,1
1446,1356,185,1,12.03,5
1447,1357,185,3,12.03,2
1448,1341,87,2,86.3,1
1449,1358,185,2,12.03,1
1450,1359,185,1,12.03,2
1451,1360,185,1,12.03,1
1452,1361,185,1,12.03,6
1453,1362,185,1,12.03,8
1454,1363,185,4,12.03,3
1455,1364,185,2,12.03,2
1456,1365,185,2,12.03,1
1457,1366,185,1,12.03,2
1458,1367,185,1,12.03,1
1459,1368,185,1,12.03,5
1460,1369,185,1,12.03,1
1461,1365,111,1,257.63,1
1462,1370,185,3,12.03,1
1463,1371,185,2,12.03,1
1464,1372,185,1,12.03,1
1465,1373,185,1,12.03,3
1466,1374,185,1,12.03,1
1467,1333,80,1,170.35,1
1468,1375,481,2,5.6,5
1469,1376,621,2,11.76,1
1470,1377,185,3,12.03,2
1471,1378,185,2,12.03,2
1472,1379,185,1,12.03,2
1473,1380,185,1,12.03,2
1474,1381,185,1,12.03,1
1475,1382,185,1,12.03,1
1476,1383,185,4,12.03,1
1477,1384,185,2,12.03,2
1478,1385,185,2,12.03,15
1479,1386,185,1,12.03,2
1480,1387,185,1,12.03,1
1481,1388,185,1,12.03,1
1482,1389,185,1,12.03,1
1483,1390,185,3,12.03,3
1484,1391,185,2,12.03,2
1485,1392,185,1,12.03,35
1486,1393,185,1,12.03,3
1487,438,578,1,47.43,1
1488,1394,185,1,12.03,6
1489,1395,185,1,12.03,5
1490,1396,185,1,12.03,1
1491,1397,185,3,12.03,2
1492,1398,185,2,12.03,1
1493,1399,185,1,12.03,1
1494,1400,185,1,12.03,1
1495,1139,582,1,35.45,1
1496,1401,185,1,12.03,1
1497,1402,185,1,12.03,1
1498,1403,185,4,12.03,1
1499,778,221,3,346.71,1
1500,1404,185,2,12.03,18
1501,1250,556,1,36.03,1
1502,1405,185,2,12.03,1
1503,1406,185,1,12.03,1
1504,1407,185,1,12.03,1
1505,1408,185,1,12.03,1
1506,1409,185,1,12.03,1
1507,1410,185,3,12.03,3
1508,1411,185,2,12.03,2
1509,1412,185,1,12.03,18
1510,1413,185,1,12.03,1
1511,1414,185,1,12.03,1
1512,1415,185,1,12.03,3
1513,1416,185,1,12.03,1
1514,1417,185,3,12.03,1
1515,898,341,3,184.46,1
1516,1418,185,2,12.03,2
1517,1419,185,1,12.03,1
1518,1420,185,1,12.03,2
1519,1421,185,1,12.03,4
1520,1422,185,1,12.03,4
1521,1423,185,4,12.03,5
1522,962,405,1,154.41,2
1523,1424,185,2,12.03,2
1524,1425,185,2,12.03,5
1525,1426,185,1,12.03,2
1526,636,79,1,69.22,1
1527,1427,185,1,12.03,1
1528,1428,185,1,12.03,2
1529,1429,185,1,12.03,1
1530,1430,185,3,12.03,1
1531,1431,185,2,12.03,1
1532,1387,133,1,385.24,1
1533,1432,185,1,12.03,1
1534,1433,185,1,12.03,14
1535,1434,185,1,12.03,1
1536,255,395,1,125.62,1
1537,1435,185,1,12.03,1
1538,1436,185,1,12.03,5
1539,1437,185,3,12.03,2
1540,1438,185,2,12.03,1
1541,1439,185,1,12.03,1
1542,1440,185,1,12.03,1
1543,1441,185,1,12.03,2
1544,200,340,1,107.42,1
1545,1442,185,1,12.03,1
1546,242,382,2,152.61,1
1547,1443,185,4,12.03,1
1548,1444,185,2,12.03,2
1549,1445,185,2,12.03,1
1550,1446,185,1,12.03,1
1551,1447,185,1,12.03,1
1552,1448,185,1,12.03,1
1553,1449,185,1,12.03,1
1554,1450,185,3,12.03,1
1555,1451,185,2,12.03,2
1556,1452,185,1,12.03,2
1557,1453,185,1,12.03,1
1558,1454,185,1,12.03,9
1559,1455,185,1,12.03,2
1560,242,383,2,254.6,1
1561,1456,185,1,12.03,1
1562,1457,185,3,12.03,7
1563,1458,185,2,12.03,15
1564,1459,185,1,12.03,5
1565,1460,185,1,12.03,2
1566,1461,185,1,12.03,3
1567,1462,185,1,12.03,2
1568,1463,185,4,12.03,2
1569,1464,185,2,12.03,23
1570,1465,185,2,12.03,2
1571,1466,185,1,12.03,2
1572,1467,185,1,12.03,6
1573,1468,185,1,12.03,5
1574,1469,185,1,12.03,28
1575,1470,185,3,12.03,1
1576,1471,185,2,12.03,1
1577,1472,185,1,12.03,2
1578,1048,491,3,40.56,1
1579,1473,185,1,12.03,2
1580,1243,418,1,56.89,1
1581,363,503,1,13.24,4
1582,1474,185,1,12.03,1
1583,1475,185,1,12.03,1
1584,1476,185,1,12.03,1
1585,1477,185,3,12.03,1
1586,1478,185,2,12.03,1
1587,1479,185,1,12.03,1
1588,1480,185,1,12.03,1
1589,1481,185,1,12.03,1
1590,1482,185,1,12.03,1
1591,1483,185,4,12.03,1
1592,1446,192,2,276.57,1
1593,1484,185,2,12.03,1
1594,1485,185,2,12.03,1
1595,1486,185,1,12.03,3
1596,1487,185,1,12.03,4
1597,1488,185,1,12.03,2
1598,1489,185,1,12.03,1
1599,822,266,1,78.47,1
1600,1490,185,3,12.03,3
1601,1023,466,3,273.61,1
1602,1180,624,1,16.22,1
1603,1491,185,2,12.03,1
1604,1492,185,1,12.03,1
1605,1493,185,1,12.03,1
1606,1494,185,1,12.03,1
1607,1495,185,1,12.03,2
1608,1496,185,1,12.03,1
1609,1497,185,3,12.03,1
1610,994,437,1,217.83,1
1611,1498,185,2,12.03,1
1612,1499,185,1,12.03,1
1613,478,618,1,33.15,1
1614,1500,185,1,12.03,1
1615,1501,185,1,12.03,1
1616,1502,185,1,12.03,8
1617,1503,185,4,12.03,1
1618,1504,185,2,12.03,1
1619,1505,185,2,12.03,1
1620,1506,185,1,12.03,4
1621,1507,185,1,12.03,3
1622,1508,185,1,12.03,1
1623,1509,185,1,12.03,1
1624,1510,185,3,12.03,1
1625,1511,185,2,12.03,1
1626,1419,165,3,300.0,1
1627,1512,185,1,12.03,1
1628,1513,185,1,12.03,1
1629,1514,185,1,12.03,2
1630,1515,185,1,12.03,1
1631,1516,185,1,12.03,1
1632,1517,185,3,12.03,2
1633,1518,185,2,12.03,8
1634,1519,185,1,12.03,1
1635,1520,185,1,12.03,1
1636,1521,185,1,12.03,1
1637,1522,185,1,12.03,2
1638,1523,185,4,12.03,1
1639,1524,185,2,12.03,2
1640,1525,185,2,12.03,20
1641,1526,185,1,12.03,2
1642,1527,185,1,12.03,1
1643,1528,185,1,12.03,1
1644,1529,185,1,12.03,2
1645,1530,185,3,12.03,2
1646,1531,185,2,12.03,10
1647,220,360,1,259.19,1
1648,1532,185,1,12.03,3
1649,1533,185,1,12.03,1
1650,1534,185,1,12.03,1
1651,1535,185,1,12.03,2
1652,1536,185,1,12.03,1
1653,1537,185,3,12.03,5
1654,757,200,1,296.99,1
1655,1538,185,2,12.03,1
1656,1539,185,1,12.03,1
1657,1540,185,1,12.03,1
1658,1541,185,1,12.03,1
1659,1542,185,1,12.03,1
1660,1543,185,4,12.03,1
1661,1544,185,2,12.03,1
1662,1545,185,2,12.03,1
1663,1546,185,1,12.03,6
1664,1547,185,1,12.03,1
1665,1548,185,1,12.03,1
1666,1549,185,1,12.03,1
1667,1550,185,3,12.03,6
1668,454,594,1,18.73,1
1669,331,471,1,29.72,1
1670,1551,185,2,12.03,1
1671,1552,185,1,12.03,1
1672,1553,185,1,12.03,1
1673,1554,185,1,12.03,1
1674,1555,185,1,12.03,1
1675,1556,185,1,12.03,6
1676,1557,185,3,12.03,6
1677,1558,185,2,12.03,1
1678,1559,185,1,12.03,1
1679,1560,185,1,12.03,1
1680,1561,185,1,12.03,3
1681,1562,185,1,12.03,1
1682,1563,185,4,12.03,1
1683,1564,185,2,12.03,1
1684,1565,185,2,12.03,11
1685,1566,185,1,12.03,3
1686,1567,185,1,12.03,1
1687,1568,185,1,12.03,4
1688,1569,185,1,12.03,1
1689,1570,185,3,12.03,1
1690,1571,185,2,12.03,5
1691,1572,185,1,12.03,1
1692,1573,185,1,12.03,1
1693,1574,185,1,12.03,1
1694,1575,185,1,12.03,1
1695,1576,185,1,12.03,1
1696,1577,185,3,12.03,2
1697,1578,185,2,12.03,1
1698,1579,185,1,12.03,4
1699,1580,185,1,12.03,7
1700,1581,185,1,12.03,4
1701,1582,185,1,12.03,1
1702,1583,185,4,12.03,2
1703,1584,185,2,12.03,2
1704,1585,185,2,12.03,3
1705,1586,185,1,12.03,1
1706,1587,185,1,12.03,1
1707,1588,185,1,12.03,1
1708,1589,185,1,12.03,1
1709,1590,185,3,12.03,2
1710,1591,185,2,12.03,1
1711,1592,185,1,12.03,1
1712,1593,185,1,12.03,1
1713,1594,185,1,12.03,3
1714,1595,185,1,12.03,2
1715,1596,185,1,12.03,1
1716,1597,185,3,12.03,1
1717,199,339,1,189.44,3
1718,1598,185,2,12.03,3
1719,1599,185,1,12.03,1
1720,1600,185,1,12.03,2
1721,1601,185,1,12.03,6
1722,1602,185,1,12.03,2
1723,1603,185,4,12.03,1
1724,1604,185,2,12.03,1
1725,1605,185,2,12.03,49
1726,1606,185,1,12.03,2
1727,1607,185,1,12.03,2
1728,1608,185,1,12.03,1
1729,1609,185,1,12.03,4
1730,1610,185,3,12.03,1
1731,1611,185,2,12.03,1
1732,1612,185,1,12.03,1
1733,1613,185,1,12.03,1
1734,1113,556,3,36.03,2
1735,1614,185,1,12.03,1
1736,1615,185,1,12.03,1
1737,1616,185,1,12.03,1
1738,1617,185,3,12.03,1
1739,1618,185,2,12.03,2
1740,1619,185,1,12.03,5
1741,1620,185,1,12.03,1
1742,1621,185,1,12.03,1
1743,1622,185,1,12.03,1
1744,1623,185,4,12.03,1
1745,1624,185,2,12.03,2
1746,1625,185,2,12.03,2
1747,1626,185,1,12.03,1
1748,1627,185,1,12.03,4
1749,1628,185,1,12.03,49
1750,1629,185,1,12.03,1
1751,1150,593,2,21.21,1
1752,1630,185,3,12.03,1
1753,1631,185,2,12.03,3
1754,1632,185,1,12.03,2
1755,1633,185,1,12.03,3
1756,1634,185,1,12.03,1
1757,1635,185,1,12.03,1
1758,1636,185,1,12.03,1
1759,1637,185,3,12.03,4
1760,1638,185,2,12.03,4
1761,1639,185,1,12.03,1
1762,1640,185,1,12.03,1
1763,1641,185,1,12.03,5
1764,1642,185,1,12.03,2
1765,1643,185,4,12.03,1
1766,1644,185,2,12.03,1
1767,1645,185,2,12.03,2
1768,1646,185,1,12.03,1
1769,1647,185,1,12.03,1
1770,432,572,2,48.34,1
1771,1648,185,1,12.03,1
1772,1649,185,1,12.03,1
1773,1611,357,2,207.92,1
1774,1650,185,3,12.03,10
1775,1651,185,2,12.03,6
1776,1652,185,1,12.03,2
1777,1653,185,1,12.03,1
1778,1654,185,1,12.03,2
1779,1655,185,1,12.03,1
1780,1656,185,1,12.03,1
1781,1657,185,3,12.03,4
1782,1658,185,2,12.03,3
1783,1659,185,1,12.03,5
1784,1060,503,2,13.24,1
1785,1302,48,1,266.82,1
1786,1660,185,1,12.03,2
1787,1661,185,1,12.03,1
1788,1662,185,1,12.03,8
1789,902,345,1,462.19,1
1790,1663,185,4,12.03,1
1791,1664,185,2,12.03,1
1792,1665,185,2,12.03,2
1793,1666,185,1,12.03,2
1794,1667,185,1,12.03,1
1795,1668,185,1,12.03,1
1796,1669,185,1,12.03,1
1797,1475,221,1,346.71,1
1798,1670,185,3,12.03,1
1799,1671,185,2,12.03,1
1800,1672,185,1,12.03,1
1801,1673,185,1,12.03,1
1802,1674,185,1,12.03,1
1803,1675,185,1,12.03,1
1804,1112,555,1,13.49,1
1805,1676,185,1,12.03,1
1806,1677,185,3,12.03,1
1807,1678,185,2,12.03,9
1808,1679,185,1,12.03,1
1809,1680,185,1,12.03,1
1810,1681,185,1,12.03,3
1811,1682,185,1,12.03,1
1812,1683,185,4,12.03,1
1813,564,7,1,172.1,1
1814,1684,185,2,12.03,1
1815,1685,185,2,12.03,2
1816,1686,185,1,12.03,1
1817,188,328,1,114.92,1
1818,1687,185,1,12.03,1
1819,1688,185,1,12.03,2
1820,1689,185,1,12.03,1
1821,1690,185,3,12.03,1
1822,1691,185,2,12.03,17
1823,1692,185,1,12.03,6
1824,1693,185,1,12.03,2
1825,1694,185,1,12.03,4
1826,1695,185,1,12.03,1
1827,295,435,1,366.51,1
1828,1515,261,1,222.43,1
1829,1696,185,1,12.03,1
1830,975,418,2,56.89,1
1831,1697,185,3,12.03,32
1832,1698,185,2,12.03,2
1833,1699,185,1,12.03,1
1834,1700,185,1,12.03,1
1835,1676,422,2,56.42,1
1836,1701,185,1,12.03,2
1837,441,581,1,36.33,6
1838,1702,185,1,12.03,6
1839,1703,185,4,12.03,1
1840,1704,185,2,12.03,1
1841,1705,185,2,12.03,1
1842,1706,185,1,12.03,2
1843,1707,185,1,12.03,1
1844,1690,436,1,38.56,1
1845,1708,185,1,12.03,1
1846,1709,185,1,12.03,1
1847,1710,185,3,12.03,1
1848,1711,185,2,12.03,1
1849,1712,185,1,12.03,1
1850,1187,630,1,27.55,1
1851,1713,185,1,12.03,1
1852,1714,185,1,12.03,1
1853,1715,185,1,12.03,1
1854,1716,185,1,12.03,2
1855,1717,185,3,12.03,1
1856,1718,185,2,12.03,1
1857,1719,185,1,12.03,1
1858,1720,185,1,12.03,1
1859,1721,185,1,12.03,2
1860,1722,185,1,12.03,1
1861,1723,185,4,12.03,1
1862,1724,185,2,12.03,3
1863,1725,185,2,12.03,3
1864,1726,185,1,12.03,1
1865,1727,185,1,12.03,1
1866,1728,185,1,12.03,18
1867,1729,185,1,12.03,2
1868,1730,185,3,12.03,7
1869,1731,185,2,12.03,1
1870,1732,185,1,12.03,4
1871,1262,8,1,283.78,3
1872,1733,185,1,12.03,1
1873,1734,185,1,12.03,1
1874,1676,423,1,271.6,1
1875,1735,185,1,12.03,1
1876,1736,185,1,12.03,2
1877,1737,185,3,12.03,2
1878,1738,185,2,12.03,3
1879,1739,185,1,12.03,1
1880,1740,185,1,12.03,1
1881,1741,185,1,12.03,2
1882,1742,185,1,12.03,1
1883,1743,185,4,12.03,2
1884,1744,185,2,12.03,9
1885,1745,185,2,12.03,1
1886,1746,185,1,12.03,1
1887,1747,185,1,12.03,1
1888,1748,185,1,12.03,1
1889,1749,185,1,12.03,1
1890,1750,185,3,12.03,1
1891,1751,185,2,12.03,1
1892,1752,185,1,12.03,3
1893,1753,185,1,12.03,1
1894,1754,185,1,12.03,1
1895,1755,185,1,12.03,1
1896,1756,185,1,12.03,2
1897,939,382,1,152.61,2
1898,1757,185,3,12.03,5
1899,1758,185,2,12.03,1
1900,1759,185,1,12.03,1
1901,1760,185,1,12.03,1
1902,1761,185,1,12.03,1
1903,1762,185,1,12.03,1
1904,1763,185,4,12.03,3
1905,1764,185,2,12.03,1
1906,1765,185,2,12.03,1
1907,1766,185,1,12.03,4
1908,341,481,1,5.6,1
1909,1767,185,1,12.03,2
1910,1768,185,1,12.03,3
1911,1769,185,1,12.03,1
1912,1770,185,3,12.03,1
1913,1771,185,2,12.03,2
1914,1772,185,1,12.03,1
1915,1773,185,1,12.03,1
1916,1774,185,1,12.03,3
1917,1775,185,1,12.03,1
1918,1776,185,1,12.03,1
1919,1777,185,3,12.03,1
1920,1778,185,2,12.03,1
1921,1779,185,1,12.03,1
1922,1780,185,1,12.03,1
1923,1781,185,1,12.03,1
1924,1782,185,1,12.03,1
1925,1783,185,4,12.03,18
1926,1784,185,2,12.03,4
1927,1785,185,2,12.03,1
1928,298,439,1,196.39,3
1929,1786,185,1,12.03,1
1930,1787,185,1,12.03,5
1931,1788,185,1,12.03,3
1932,1789,185,1,12.03,1
1933,258,398,1,41.17,1
1934,1790,185,3,12.03,1
1935,1644,390,3,17.48,1
1936,1791,185,2,12.03,1
1937,1792,185,1,12.03,1
1938,977,420,1,166.79,1
1939,1793,185,1,12.03,1
1940,1794,185,1,12.03,2
1941,1795,185,1,12.03,1
1942,225,366,3,237.03,1
1943,1796,185,1,12.03,2
1944,712,156,1,190.27,1
1945,1797,185,3,12.03,1
1946,1798,185,2,12.03,2
1947,1140,583,2,22.95,1
1948,1799,185,1,12.03,6
1949,1800,185,1,12.03,4
1950,1801,185,1,12.03,1
1951,1802,185,1,12.03,1
1952,1803,185,4,12.03,1
1953,1804,185,2,12.03,2
1954,860,303,2,189.65,2
1955,1805,185,2,12.03,1
1956,1806,185,1,12.03,3
1957,1807,185,1,12.03,7
1958,1808,185,1,12.03,1
1959,1809,185,1,12.03,1
1960,1810,185,3,12.03,2
1961,1811,185,2,12.03,1
1962,1812,185,1,12.03,1
1963,1813,185,1,12.03,1
1964,1814,185,1,12.03,1
1965,1815,185,1,12.03,1
1966,1816,185,1,12.03,1
1967,1817,185,3,12.03,2
1968,1818,185,2,12.03,1
1969,1819,185,1,12.03,1
1970,1820,185,1,12.03,3
1971,1821,185,1,12.03,2
1972,1822,185,1,12.03,1
1973,1823,185,4,12.03,1
1974,1224,250,3,347.36,1
1975,1824,185,2,12.03,1
1976,1825,185,2,12.03,1
1977,1826,185,1,12.03,1
1978,1827,185,1,12.03,1
1979,1828,185,1,12.03,2
1980,1829,185,1,12.03,7
1981,1830,185,3,12.03,1
1982,1831,185,2,12.03,1
1983,1832,185,1,12.03,1
1984,1833,185,1,12.03,2
1985,1834,185,1,12.03,1
1986,1835,185,1,12.03,16
1987,1836,185,1,12.03,3
1988,1837,185,3,12.03,1
1989,1838,185,2,12.03,1
1990,1839,185,1,12.03,1
1991,1840,185,1,12.03,6
1992,1841,185,1,12.03,4
1993,1312,58,1,138.82,2
1994,1842,185,1,12.03,12
1995,1843,185,4,12.03,2
1996,1844,185,2,12.03,2
1997,1845,185,2,12.03,2
1998,1846,185,1,12.03,1
1999,1847,185,1,12.03,8
2000,1848,185,1,12.03,1
2001,1849,185,1,12.03,2
2002,1850,185,3,12.03,1
2003,231,371,1,390.63,1
2004,620,64,1,182.06,1
2005,1186,629,1,27.56,1
2006,1851,185,2,12.03,1
2007,1852,185,1,12.03,2
2008,1853,185,1,12.03,1
2009,1854,185,1,12.03,1
2010,1855,185,1,12.03,2
2011,1856,185,1,12.03,2
2012,1857,185,3,12.03,1
2013,1858,185,2,12.03,1
2014,1859,185,1,12.03,2
2015,1860,185,1,12.03,14
2016,1861,185,1,12.03,1
2017,1862,185,1,12.03,9
2018,1863,185,4,12.03,2
2019,1864,185,2,12.03,1
2020,1865,185,2,12.03,1
2021,1198,641,3,17.23,1
2022,1866,185,1,12.03,3
2023,1752,498,1,16.62,3
2024,1867,185,1,12.03,25
2025,1868,185,1,12.03,2
2026,1869,185,1,12.03,1
2027,1870,185,3,12.03,1
2028,1871,185,2,12.03,2
2029,1872,185,1,12.03,1
2030,1873,185,1,12.03,1
2031,1874,185,1,12.03,1
2032,1875,185,1,12.03,1
2033,1876,185,1,12.03,1
2034,867,310,1,30.04,1
2035,1877,185,3,12.03,1
2036,1878,185,2,12.03,12
2037,1879,185,1,12.03,1
2038,1880,185,1,12.03,1
2039,1881,185,1,12.03,1
2040,1882,185,1,12.03,1
2041,1883,185,4,12.03,1
2042,1884,185,2,12.03,1
2043,1885,185,2,12.03,7
2044,1886,185,1,12.03,1
2045,1445,191,1,291.13,1
2046,1887,185,1,12.03,1
2047,1888,185,1,12.03,5
2048,1889,185,1,12.03,1
2049,1890,185,3,12.03,1
2050,1891,185,2,12.03,1
2051,1892,185,1,12.03,1
2052,689,133,1,385.24,1
2053,1893,185,1,12.03,4
2054,1894,185,1,12.03,1
2055,1895,185,1,12.03,1
2056,1896,185,1,12.03,1
2057,1897,185,3,12.03,2
2058,1898,185,2,12.03,1
2059,1899,185,1,12.03,2
2060,508,648,1,66.5,1
2061,1900,185,1,12.03,5
2062,1901,185,1,12.03,2
2063,1902,185,1,12.03,5
2064,1903,185,4,12.03,1
2065,1904,185,2,12.03,1
2066,1905,185,2,12.03,1
2067,1906,185,1,12.03,1
2068,1907,185,1,12.03,1
2069,1908,185,1,12.03,3
2070,1909,185,1,12.03,2
2071,1910,185,3,12.03,1
2072,1911,185,2,12.03,1
2073,1912,185,1,12.03,1
2074,1913,185,1,12.03,1
2075,568,11,3,163.13,1
2076,1914,185,1,12.03,12
2077,1915,185,1,12.03,6
2078,1916,185,1,12.03,1
2079,1917,185,3,12.03,1
2080,1918,185,2,12.03,2
2081,1919,185,1,12.03,1
2082,1920,185,1,12.03,1
2083,1921,185,1,12.03,2
2084,1922,185,1,12.03,1
2085,1923,185,4,12.03,1
2086,1924,185,2,12.03,1
2087,1925,185,2,12.03,2
2088,1926,185,1,12.03,1
2089,1927,185,1,12.03,1
2090,1928,185,1,12.03,4
2091,1929,185,1,12.03,9
2092,1930,185,3,12.03,1
2093,1931,185,2,12.03,3
2094,1932,185,1,12.03,1
2095,1933,185,1,12.03,1
2096,1934,185,1,12.03,1
2097,1935,185,1,12.03,1
2098,1936,185,1,12.03,2
2099,1937,185,3,12.03,1
2100,777,220,1,346.04,1
2101,1938,185,2,12.03,1
2102,1939,185,1,12.03,4
2103,1940,185,1,12.03,1
2104,1941,185,1,12.03,1
2105,1942,185,1,12.03,3
2106,1943,185,4,12.03,1
2107,1944,185,2,12.03,1
2108,1945,185,2,12.03,1
2109,302,442,2,53.44,1
2110,1946,185,1,12.03,1
2111,1947,185,1,12.03,7
2112,1580,326,1,162.85,7
2113,1948,185,1,12.03,1
2114,1949,185,1,12.03,1
2115,1950,185,3,12.03,2
2116,1951,185,2,12.03,1
2117,1952,185,1,12.03,1
2118,1953,185,1,12.03,1
2119,1954,185,1,12.03,1
2120,1955,185,1,12.03,5
2121,1956,185,1,12.03,2
2122,1957,185,3,12.03,2
2123,1958,185,2,12.03,1
2124,1959,185,1,12.03,1
2125,1960,185,1,12.03,13
2126,1961,185,1,12.03,1
2127,1962,185,1,12.03,9
2128,1963,185,4,12.03,1
2129,1964,185,2,12.03,1
2130,511,11,1,163.13,1
2131,1965,185,2,12.03,4
2132,1640,386,1,486.91,1
2133,1966,185,1,12.03,1
2134,1967,185,1,12.03,1
2135,1079,522,1,48.21,1
2136,1968,185,1,12.03,1
2137,1969,185,1,12.03,2
2138,1970,185,3,12.03,1
2139,1971,185,2,12.03,1
2140,1972,185,1,12.03,1
2141,941,384,1,124.75,1
2142,1973,185,1,12.03,2
2143,1974,185,1,12.03,1
2144,1975,185,1,12.03,1
2145,1976,185,1,12.03,1
2146,745,188,2,26.71,1
2147,1080,523,2,27.77,1
2148,1977,185,3,12.03,1
2149,1978,185,2,12.03,1
2150,1979,185,1,12.03,1
2151,1875,621,1,11.76,1
2152,1980,185,1,12.03,5
2153,1981,185,1,12.03,1
2154,1982,185,1,12.03,33
2155,1983,185,4,12.03,1
2156,1984,185,2,12.03,1
2157,1985,185,2,12.03,6
2158,1986,185,1,12.03,1
2159,1987,185,1,12.03,1
2160,1988,185,1,12.03,2
2161,1989,185,1,12.03,1
2162,1121,564,1,16.72,1
2163,1990,185,3,12.03,1
2164,1991,185,2,12.03,2
2165,1119,562,1,33.09,1
2166,1992,185,1,12.03,1
2167,392,532,2,36.15,1
2168,1993,185,1,12.03,3
2169,1994,185,1,12.03,3
2170,1995,185,1,12.03,1
2171,1996,185,1,12.03,1
2172,1997,185,3,12.03,2
2173,1998,185,2,12.03,15
2174,1064,507,1,40.96,1
2175,1999,185,1,12.03,1
2176,2000,185,1,12.03,1
2177,2001,185,1,12.03,5
2178,2002,185,1,12.03,1
2179,2003,185,4,12.03,1
2180,2004,185,2,12.03,1
2181,1588,334,1,55.25,1
2182,2005,185,2,12.03,1
2183,1690,437,1,217.83,1
2184,2006,185,1,12.03,1
2185,2007,185,1,12.03,1
2186,2008,185,1,12.03,2
2187,1449,195,3,93.66,1
2188,2009,185,1,12.03,1
2189,2010,185,3,12.03,1
2190,2011,185,2,12.03,1
2191,2012,185,1,12.03,2
2192,1630,376,1,107.25,1
2193,2013,185,1,12.03,1
2194,2014,185,1,12.03,1
2195,2015,185,1,12.03,1
2196,2016,185,1,12.03,2
2197,1561,307,2,218.14,3
2198,2017,185,3,12.03,1
2199,1177,620,1,21.1,1
2200,2018,185,2,12.03,1
2201,2019,185,1,12.03,1
2202,2020,185,1,12.03,1
2203,2021,185,1,12.03,1
2204,2022,185,1,12.03,1
2205,2023,185,4,12.03,1
2206,1173,616,3,15.27,1
2207,2024,185,2,12.03,2
2208,2025,185,2,12.03,7
2209,2026,185,1,12.03,4
2210,2027,185,1,12.03,1
2211,2028,185,1,12.03,1
2212,2029,185,1,12.03,8
2213,1173,617,2,28.29,1
2214,2030,185,3,12.03,1
2215,2031,185,2,12.03,2
2216,2032,185,1,12.03,1
2217,2033,185,1,12.03,8
2218,2034,185,1,12.03,11
2219,2035,185,1,12.03,1
2220,2036,185,1,12.03,2
2221,2037,185,3,12.03,1
2222,2038,185,2,12.03,1
2223,2039,185,1,12.03,1
2224,2040,185,1,12.03,4
2225,2041,185,1,12.03,1
2226,1428,174,1,112.56,2
2227,2042,185,1,12.03,1
2228,2043,185,4,12.03,1
2229,983,426,3,16.9,2
2230,2044,185,2,12.03,2
2231,2045,185,2,12.03,1
2232,2046,185,1,12.03,4
2233,2047,185,1,12.03,16
2234,2048,185,1,12.03,1
2235,2049,185,1,12.03,1
2236,2050,185,3,12.03,1
2237,2051,185,2,12.03,1
2238,280,420,1,166.79,1
2239,709,152,1,41.58,1
2240,2052,185,1,12.03,1
2241,2053,185,1,12.03,1
2242,2020,69,4,487.87,1
2243,2054,185,1,12.03,1
2244,396,536,1,34.55,1
2245,2055,185,1,12.03,1
2246,2056,185,1,12.03,1
2247,2057,185,3,12.03,14
2248,2058,185,2,12.03,1
2249,2059,185,1,12.03,4
2250,2060,185,1,12.03,4
2251,189,329,1,113.12,1
2252,2061,185,1,12.03,1
2253,2062,185,1,12.03,1
2254,2063,185,4,12.03,1
2255,2064,185,2,12.03,1
2256,2065,185,2,12.03,1
2257,2066,185,1,12.03,1
2258,2067,185,1,12.03,1
2259,2068,185,1,12.03,1
2260,2069,185,1,12.03,1
2261,2070,185,3,12.03,1
2262,2071,185,2,12.03,1
2263,2072,185,1,12.03,1
2264,2073,185,1,12.03,1
2265,2074,185,1,12.03,2
2266,2075,185,1,12.03,1
2267,2076,185,1,12.03,1
2268,2077,185,3,12.03,2
2269,2078,185,2,12.03,2
2270,2079,185,1,12.03,4
2271,2080,185,1,12.03,2
2272,2081,185,1,12.03,1
2273,2082,185,1,12.03,1
2274,2083,185,4,12.03,1
2275,2084,185,2,12.03,1
2276,2085,185,2,12.03,1
2277,2086,185,1,12.03,1
2278,968,411,3,85.27,1
2279,2087,185,1,12.03,2
2280,2088,185,1,12.03,1
2281,2089,185,1,12.03,3
2282,2090,185,3,12.03,1
2283,2091,185,2,12.03,1
2284,2092,185,1,12.03,1
2285,2093,185,1,12.03,2
2286,2094,185,1,12.03,1
2287,2095,185,1,12.03,1
2288,2096,185,1,12.03,1
2289,1446,193,1,69.29,1
2290,2097,185,3,12.03,4
2291,2098,185,2,12.03,2
2292,362,502,2,48.34,1
2293,2099,185,1,12.03,5
2294,2100,185,1,12.03,1
2295,753,196,3,98.66,1
2296,2101,185,1,12.03,2
2297,1017,460,1,25.32,2
2298,2102,185,1,12.03,2
2299,2103,185,4,12.03,2
2300,2104,185,2,12.03,1
2301,2105,185,2,12.03,1
2302,2106,185,1,12.03,1
2303,2107,185,1,12.03,2
2304,2108,185,1,12.03,1
2305,2109,185,1,12.03,11
2306,2110,185,3,12.03,1
2307,2111,185,2,12.03,1
2308,2112,185,1,12.03,1
2309,2113,185,1,12.03,1
2310,2114,185,1,12.03,1
2311,2115,185,1,12.03,1
2312,761,204,1,112.48,1
2313,757,201,1,79.25,1
2314,2116,185,1,12.03,1
2315,1488,234,1,125.19,2
2316,2117,185,3,12.03,2
2317,1523,269,1,51.88,1
2318,2118,185,2,12.03,2
2319,2119,185,1,12.03,35
2320,2120,185,1,12.03,9
2321,2121,185,1,12.03,1
2322,2122,185,1,12.03,1
2323,1873,619,1,41.55,1
2324,2123,185,4,12.03,1
2325,2124,185,2,12.03,1
2326,2125,185,2,12.03,1
2327,2126,185,1,12.03,1
2328,2127,185,1,12.03,2
2329,2128,185,1,12.03,1
2330,2129,185,1,12.03,2
2331,2130,185,3,12.03,2
2332,2131,185,2,12.03,1
2333,2132,185,1,12.03,1
2334,2133,185,1,12.03,16
2335,2134,185,1,12.03,2
2336,1948,591,3,14.56,1
2337,1983,32,1,72.97,1
2338,2135,185,1,12.03,1
2339,2136,185,1,12.03,5
2340,2137,185,3,12.03,4
2341,2138,185,2,12.03,1
2342,2139,185,1,12.03,1
2343,2140,185,1,12.03,6
2344,2141,185,1,12.03,2
2345,2094,143,1,428.1,1
2346,2142,185,1,12.03,1
2347,2143,185,4,12.03,6
2348,2144,185,2,12.03,1
2349,2145,185,2,12.03,1
2350,2146,185,1,12.03,1
2351,1396,142,2,237.42,1
2352,2147,185,1,12.03,2
2353,2148,185,1,12.03,1
2354,2149,185,1,12.03,1
2355,2150,185,3,12.03,1
2356,2151,185,2,12.03,2
2357,2152,185,1,12.03,1
2358,1803,549,1,30.49,1
2359,2153,185,1,12.03,1
2360,2154,185,1,12.03,2
2361,2155,185,1,12.03,2
2362,2156,185,1,12.03,1
2363,2157,185,3,12.03,1
2364,2158,185,2,12.03,2
2365,1491,237,2,152.7,1
2366,558,1,3,12.03,1
2367,2159,185,1,12.03,1
2368,2160,185,1,12.03,1
2369,2161,185,1,12.03,1
2370,2162,185,1,12.03,1
2371,2163,185,4,12.03,1
2372,2164,185,2,12.03,3
2373,2165,185,2,12.03,1
2374,2166,185,1,12.03,1
2375,443,583,1,22.95,1
2376,2167,185,1,12.03,1
2377,2168,185,1,12.03,1
2378,2169,185,1,12.03,1
2379,2170,185,3,12.03,15
2380,2171,185,2,12.03,1
2381,2172,185,1,12.03,1
2382,2173,185,1,12.03,5
2383,2174,185,1,12.03,1
2384,2175,185,1,12.03,1
2385,2176,185,1,12.03,1
2386,2177,185,3,12.03,1
2387,2178,185,2,12.03,1
2388,2179,185,1,12.03,1
2389,454,595,1,27.0,1
2390,2180,185,1,12.03,1
2391,2064,113,1,104.06,1
2392,2181,185,1,12.03,1
2393,2182,185,1,12.03,1
2394,2183,185,4,12.03,1
2395,2184,185,2,12.03,2
2396,1074,517,1,25.54,1
2397,2185,185,2,12.03,1
2398,2186,185,1,12.03,1
2399,2187,185,1,12.03,1
2400,251,392,1,31.65,1
2401,2188,185,1,12.03,2
2402,2189,185,1,12.03,1
2403,1533,279,1,104.59,1
2404,2190,185,3,12.03,3
2405,2191,185,2,12.03,1
2406,2192,185,1,12.03,1
2407,2193,185,1,12.03,24
2408,2194,185,1,12.03,2
2409,2195,185,1,12.03,1
2410,721,164,1,45.22,1
2411,2196,185,1,12.03,1
2412,2197,185,3,12.03,1
2413,2198,185,2,12.03,1
2414,2199,185,1,12.03,2
2415,2200,185,1,12.03,19
2416,820,263,2,264.81,1
2417,2201,185,1,12.03,7
2418,1427,173,1,338.35,1
2419,2202,185,1,12.03,2
2420,2203,185,4,12.03,18
2421,2204,185,2,12.03,3
2422,2205,185,2,12.03,1
2423,2206,185,1,12.03,2
2424,2207,185,1,12.03,1
2425,2208,185,1,12.03,2
2426,2209,185,1,12.03,1
2427,2210,185,3,12.03,1
2428,2211,185,2,12.03,13
2429,2212,185,1,12.03,3
2430,2213,185,1,12.03,3
2431,2214,185,1,12.03,3
2432,2215,185,1,12.03,1
2433,2216,185,1,12.03,1
2434,2217,185,3,12.03,9
2435,2218,185,2,12.03,1
2436,2219,185,1,12.03,14
2437,2220,185,1,12.03,1
2438,1656,402,2,50.48,1
2439,2221,185,1,12.03,2
2440,2222,185,1,12.03,2
2441,2223,185,4,12.03,2
2442,2224,185,2,12.03,1
2443,2225,185,2,12.03,1
2444,2226,185,1,12.03,1
2445,2227,185,1,12.03,2
2446,1505,251,1,558.01,1
2447,2228,185,1,12.03,12
2448,1934,376,2,107.25,1
2449,2229,185,1,12.03,1
2450,2230,185,3,12.03,1
2451,2231,185,2,12.03,10
2452,2232,185,1,12.03,1
2453,2233,185,1,12.03,1
2454,1656,403,1,124.99,1
2455,1742,488,1,39.08,1
2456,1958,7,1,172.1,1
2457,2234,185,1,12.03,1
2458,2235,185,1,12.03,1
2459,1212,53,1,106.98,2
2460,2236,185,1,12.03,1
2461,2237,185,3,12.03,4
2462,2238,185,2,12.03,1
2463,2239,185,1,12.03,1
2464,2240,185,1,12.03,1
2465,2241,185,1,12.03,1
2466,2242,185,1,12.03,1
2467,2243,185,4,12.03,3
2468,2244,185,2,12.03,1
2469,2245,185,2,12.03,1
2470,2246,185,1,12.03,1
2471,2247,185,1,12.03,10
2472,2248,185,1,12.03,1
2473,2249,185,1,12.03,5
2474,1145,588,2,38.78,1
2475,2250,185,3,12.03,1
2476,2251,185,2,12.03,4
2477,2252,185,1,12.03,1
2478,2253,185,1,12.03,2
2479,755,198,2,247.95,2
2480,626,69,1,487.87,2
2481,812,255,1,50.21,1
2482,2254,185,1,12.03,1
2483,2255,185,1,12.03,41
2484,2256,185,1,12.03,2
2485,2257,185,3,12.03,2
2486,1979,28,1,90.46,1
2487,2258,185,2,12.03,4
2488,2259,185,1,12.03,2
2489,2260,185,1,12.03,1
2490,2261,185,1,12.03,19
2491,2262,185,1,12.03,1
2492,2263,185,4,12.03,5
2493,2264,185,2,12.03,1
2494,2265,185,2,12.03,1
2495,2266,185,1,12.03,1
2496,2267,185,1,12.03,1
2497,2268,185,1,12.03,1
2498,2269,185,1,12.03,1
2499,1219,146,1,293.21,1
2500,212,352,2,252.44,1
2501,2234,283,1,264.19,1
2502,2270,185,3,12.03,29
2503,2271,185,2,12.03,2
2504,2272,185,1,12.03,2
2505,2273,185,1,12.03,3
2506,2274,185,1,12.03,1
2507,2275,185,1,12.03,2
2508,2276,185,1,12.03,14
2509,2277,185,3,12.03,2
2510,2278,185,2,12.03,4
2511,2139,188,1,26.71,1
2512,2279,185,1,12.03,1
2513,2280,185,1,12.03,10
2514,2072,121,2,297.83,1
2515,1435,181,1,112.82,1
2516,2281,185,1,12.03,4
2517,2282,185,1,12.03,6
2518,2283,185,4,12.03,12
2519,2284,185,2,12.03,1
2520,1117,560,1,3.06,1
2521,2285,185,2,12.03,3
2522,2286,185,1,12.03,1
2523,2287,185,1,12.03,1
2524,2288,185,1,12.03,1
2525,2289,185,1,12.03,2
2526,2290,185,3,12.03,20
2527,2291,185,2,12.03,2
2528,2292,185,1,12.03,2
2529,2017,66,2,383.04,1
2530,2293,185,1,12.03,34
2531,2294,185,1,12.03,1
2532,2295,185,1,12.03,2
2533,2296,185,1,12.03,1
2534,2297,185,3,12.03,2
2535,2298,185,2,12.03,2
2536,2299,185,1,12.03,7
2537,2300,185,1,12.03,6
2538,2301,185,1,12.03,1
2539,2302,185,1,12.03,2
2540,1460,206,1,132.08,2
2541,1957,6,2,111.68,2
2542,2303,185,4,12.03,1
2543,2304,185,2,12.03,2
2544,2305,185,2,12.03,1
2545,2306,185,1,12.03,1
2546,2307,185,1,12.03,1
2547,2308,185,1,12.03,1
2548,2309,185,1,12.03,1
2549,1727,473,1,12.24,1
2550,2310,185,3,12.03,33
2551,1551,297,2,255.96,1
2552,1179,622,1,41.08,1
2553,2311,185,2,12.03,1
2554,491,632,1,57.27,1
2555,2312,185,1,12.03,1
2556,2313,185,1,12.03,1
2557,2314,185,1,12.03,1
2558,2315,185,1,12.03,2
2559,2316,185,1,12.03,1
2560,2317,473,1,12.24,4
2561,2318,587,2,12.42,2
2562,2319,438,2,12.49,1
2563,2320,438,1,12.49,1
2564,2321,438,1,12.49,1
2565,2322,472,4,13.2,1
2566,2322,311,2,76.76,1
2567,2323,503,3,13.24,3
2568,2324,503,2,13.24,15
2569,2325,555,1,13.49,1
2570,2326,602,3,13.62,1
2571,2327,272,1,15.17,25
2572,2328,603,1,14.4,1
2573,2329,591,1,14.56,1
2574,2330,476,4,14.64,3
2575,2331,542,1,14.77,1
2576,2332,644,1,14.94,2
2577,2332,472,2,13.2,2
2578,2333,594,1,18.73,15
2579,2334,499,1,15.02,1
2580,2335,272,1,15.17,2
2581,2336,272,3,15.17,3
2582,2337,272,2,15.17,1
2583,2338,272,1,15.17,2
2584,2339,272,1,15.17,1
2585,2340,272,1,15.17,3
2586,2337,405,1,154.41,1
2587,2341,272,1,15.17,3
2588,2342,272,4,15.17,2
2589,2343,311,1,16.06,2
2590,2344,311,1,16.06,1
2591,2345,311,4,16.06,1
2592,2345,540,1,37.72,1
2593,2346,311,2,16.06,1
2594,2345,541,1,38.63,1
2595,2347,624,2,16.22,1
2596,2348,521,1,16.29,2
2597,2349,600,1,16.6,1
2598,2349,445,1,201.39,1
2599,2350,498,1,16.62,1
2600,2351,498,3,16.62,3
2601,2352,185,1,12.03,1
2602,2353,185,1,12.03,1
2603,2354,185,1,12.03,20
2604,2355,185,1,12.03,1
2605,2356,185,1,12.03,1
2606,2357,185,3,12.03,1
2607,2358,185,2,12.03,1
2608,2359,185,1,12.03,5
2609,2360,185,1,12.03,1
2610,843,286,3,280.07,1
2611,1419,166,2,83.04,1
2612,2361,185,1,12.03,1
2613,2362,185,1,12.03,1
2614,2363,185,4,12.03,1
2615,2364,185,2,12.03,1
2616,825,268,2,139.52,1
2617,2365,185,2,12.03,2
2618,2366,185,1,12.03,2
2619,2367,185,1,12.03,16
2620,2368,185,1,12.03,1
2621,2369,185,1,12.03,2
2622,2370,185,3,12.03,5
2623,2371,185,2,12.03,2
2624,2303,352,1,252.44,1
2625,2372,185,1,12.03,1
2626,2373,185,1,12.03,1
2627,2374,185,1,12.03,1
2628,2375,185,1,12.03,4
2629,771,214,1,395.49,1
2630,2376,185,1,12.03,7
2631,1081,524,1,3.8,1
2632,2377,185,3,12.03,1
2633,2378,185,2,12.03,5
2634,2379,185,1,12.03,5
2635,2380,185,1,12.03,5
2636,2381,185,1,12.03,1
2637,2382,185,1,12.03,2
2638,2383,185,4,12.03,2
2639,2384,185,2,12.03,2
2640,2385,185,2,12.03,2
2641,2386,185,1,12.03,2
2642,2387,185,1,12.03,1
2643,2388,185,1,12.03,6
2644,2389,185,1,12.03,1
2645,2390,185,3,12.03,2
2646,2391,185,2,12.03,1
2647,2392,185,1,12.03,1
2648,2393,185,1,12.03,1
2649,193,333,1,74.38,1
2650,2394,185,1,12.03,2
2651,2395,185,1,12.03,1
2652,2396,185,1,12.03,3
2653,2397,185,3,12.03,2
2654,2398,185,2,12.03,14
2655,1092,535,1,47.58,1
2656,2399,185,1,12.03,6
2657,2400,185,1,12.03,1
2658,2401,185,1,12.03,2
2659,2402,185,1,12.03,1
2660,2403,185,4,12.03,1
2661,2404,185,2,12.03,1
2662,221,361,1,154.99,1
2663,2405,185,2,12.03,1
2664,2406,185,1,12.03,1
2665,2407,185,1,12.03,1
2666,2408,185,1,12.03,1
2667,2409,185,1,12.03,1
2668,2410,185,3,12.03,1
2669,2411,185,2,12.03,1
2670,2412,185,1,12.03,1
2671,1653,399,1,45.7,1
2672,2413,185,1,12.03,1
2673,2414,185,1,12.03,2
2674,2415,185,1,12.03,3
2675,2416,185,1,12.03,2
2676,2417,185,3,12.03,1
2677,2418,185,2,12.03,10
2678,2419,185,1,12.03,1
2679,2420,185,1,12.03,1
2680,2421,185,1,12.03,1
2681,2422,185,1,12.03,1
2682,2423,185,4,12.03,1
2683,2424,185,2,12.03,3
2684,2425,185,2,12.03,1
2685,2426,185,1,12.03,3
2686,2427,185,1,12.03,3
2687,2428,185,1,12.03,9
2688,2429,185,1,12.03,1
2689,2108,157,1,113.39,1
2690,2430,185,3,12.03,1
2691,2431,185,2,12.03,1
2692,2432,185,1,12.03,2
2693,2433,185,1,12.03,2
2694,2434,185,1,12.03,1
2695,1233,329,1,113.12,1
2696,2435,185,1,12.03,1
2697,2436,185,1,12.03,1
2698,848,291,3,370.4,3
2699,2437,185,3,12.03,1
2700,2438,185,2,12.03,1
2701,1286,32,2,72.97,1
2702,2439,185,1,12.03,17
2703,1969,18,1,77.98,2
2704,2440,185,1,12.03,1
2705,793,236,3,376.74,1
2706,2441,185,1,12.03,1
2707,2442,185,1,12.03,1
2708,1689,435,3,366.51,1
2709,899,342,1,316.09,1
2710,812,256,1,225.05,1
2711,2443,185,4,12.03,1
2712,2444,185,2,12.03,1
2713,2445,185,2,12.03,3
2714,1265,11,1,163.13,3
2715,2446,185,1,12.03,1
2716,2447,185,1,12.03,1
2717,2448,185,1,12.03,1
2718,2449,185,1,12.03,1
2719,2450,185,3,12.03,1
2720,2451,185,2,12.03,2
2721,2452,185,1,12.03,28
2722,2453,185,1,12.03,2
2723,2454,185,1,12.03,9
2724,2455,185,1,12.03,4
2725,2456,185,1,12.03,1
2726,2457,185,3,12.03,1
2727,2458,185,2,12.03,1
2728,2459,185,1,12.03,3
2729,2460,185,1,12.03,1
2730,2461,185,1,12.03,4
2731,1993,42,1,10.44,3
2732,2462,185,1,12.03,4
2733,2463,185,4,12.03,9
2734,2464,185,2,12.03,8
2735,2465,185,2,12.03,1
2736,2466,185,1,12.03,2
2737,2467,185,1,12.03,2
2738,2468,185,1,12.03,4
2739,2469,185,1,12.03,1
2740,2470,185,3,12.03,1
2741,2471,185,2,12.03,2
2742,2391,440,1,174.4,1
2743,2472,185,1,12.03,1
2744,2473,185,1,12.03,1
2745,2474,185,1,12.03,1
2746,2408,457,1,420.93,1
2747,1830,576,1,21.79,1
2748,2475,185,1,12.03,1
2749,2476,185,1,12.03,1
2750,2477,185,3,12.03,1
2751,2478,185,2,12.03,1
2752,2074,123,1,644.2,2
2753,2479,185,1,12.03,3
2754,2480,185,1,12.03,1
2755,2481,185,1,12.03,1
2756,2482,185,1,12.03,1
2757,2483,185,4,12.03,1
2758,1988,37,1,56.02,2
2759,2484,185,2,12.03,1
2760,2485,185,2,12.03,3
2761,2486,185,1,12.03,2
2762,2487,185,1,12.03,1
2763,2488,185,1,12.03,1
2764,2489,185,1,12.03,3
2765,2490,185,3,12.03,1
2766,2491,185,2,12.03,1
2767,2492,185,1,12.03,1
2768,1934,379,2,255.13,1
2769,2493,185,1,12.03,1
2770,2494,185,1,12.03,1
2771,2495,185,1,12.03,4
2772,554,591,4,14.56,2
2773,2496,185,1,12.03,1
2774,2497,185,3,12.03,3
2775,2498,185,2,12.03,1
2776,2499,185,1,12.03,9
2777,2500,185,1,12.03,1
2778,2501,185,1,12.03,1
2779,2502,185,1,12.03,1
2780,2503,185,4,12.03,4
2781,2504,185,2,12.03,3
2782,2505,185,2,12.03,4
2783,1286,33,1,132.1,1
2784,2227,276,2,37.0,2
2785,750,193,2,69.29,2
2786,2506,185,1,12.03,2
2787,1176,619,1,41.55,3
2788,2507,185,1,12.03,6
2789,2508,185,1,12.03,6
2790,2509,185,1,12.03,3
2791,2510,185,3,12.03,1
2792,2511,185,2,12.03,1
2793,2512,185,1,12.03,36
2794,2513,185,1,12.03,1
2795,2514,185,1,12.03,1
2796,2515,185,1,12.03,2
2797,2516,185,1,12.03,3
2798,2517,185,3,12.03,2
2799,2518,185,2,12.03,1
2800,2519,185,1,12.03,1
2801,2520,185,1,12.03,1
2802,2521,185,1,12.03,1
2803,2522,185,1,12.03,1
2804,2523,185,4,12.03,1
2805,1746,492,2,22.36,1
2806,2524,185,2,12.03,1
2807,882,325,1,111.94,1
2808,2460,509,4,39.42,1
2809,2525,185,2,12.03,2
2810,2526,185,1,12.03,20
2811,2527,185,1,12.03,3
2812,658,101,3,315.16,1
2813,2528,185,1,12.03,1
2814,2529,185,1,12.03,1
2815,2530,185,3,12.03,4
2816,2531,185,2,12.03,1
2817,2532,185,1,12.03,2
2818,2533,185,1,12.03,1
2819,2534,185,1,12.03,1
2820,2535,185,1,12.03,1
2821,1790,536,1,34.55,1
2822,2536,185,1,12.03,1
2823,2537,185,3,12.03,1
2824,961,404,1,217.87,1
2825,2538,185,2,12.03,3
2826,2539,185,1,12.03,1
2827,1974,23,1,9.91,1
2828,1491,238,1,355.89,1
2829,2540,185,1,12.03,1
2830,1586,332,2,264.3,1
2831,2541,185,1,12.03,1
2832,2542,185,1,12.03,1
2833,2543,185,4,12.03,3
2834,2544,185,2,12.03,1
2835,2545,185,2,12.03,1
2836,2546,185,1,12.03,2
2837,2547,185,1,12.03,4
2838,2548,185,1,12.03,1
2839,2542,591,2,14.56,1
2840,2549,185,1,12.03,1
2841,2550,185,3,12.03,1
2842,2551,185,2,12.03,1
2843,1488,235,1,214.0,2
2844,2552,185,1,12.03,1
2845,1709,455,3,439.82,1
2846,2553,185,1,12.03,1
2847,2235,284,4,32.58,1
2848,2430,479,4,47.3,1
2849,2554,185,1,12.03,2
2850,2555,185,1,12.03,3
2851,2556,185,1,12.03,6
2852,2557,185,3,12.03,6
2853,2558,185,2,12.03,1
2854,2210,259,4,280.8,1
2855,351,491,1,40.56,2
2856,2559,185,1,12.03,8
2857,1877,623,1,43.67,1
2858,2560,185,1,12.03,1
2859,1705,451,1,211.16,1
2860,2561,185,1,12.03,2
2861,2562,185,1,12.03,5
2862,2563,185,4,12.03,1
2863,2564,185,2,12.03,6
2864,2565,185,2,12.03,1
2865,645,88,2,15.17,1
2866,2566,185,1,12.03,1
2867,1983,33,1,132.1,1
2868,2567,185,1,12.03,2
2869,2568,185,1,12.03,1
2870,1946,550,1,7.88,1
2871,2569,185,1,12.03,1
2872,2570,185,3,12.03,1
2873,1184,627,1,17.59,1
2874,2571,185,2,12.03,1
2875,2572,185,1,12.03,1
2876,2573,185,1,12.03,1
2877,2574,185,1,12.03,2
2878,2575,185,1,12.03,2
2879,2576,185,1,12.03,1
2880,2577,185,3,12.03,2
2881,2578,185,2,12.03,8
2882,2579,185,1,12.03,7
2883,2580,185,1,12.03,1
2884,2043,92,1,87.38,1
2885,2581,185,1,12.03,1
2886,2582,185,1,12.03,1
2887,2583,185,4,12.03,1
2888,832,275,1,20.02,1
2889,2584,185,2,12.03,5
2890,2156,205,1,393.17,1
2891,1589,335,3,328.06,1
2892,2585,185,2,12.03,1
2893,2586,185,1,12.03,2
2894,1033,476,3,14.64,1
2895,2042,91,2,80.46,1
2896,309,449,1,39.29,1
2897,2587,185,1,12.03,1
2898,2588,185,1,12.03,2
2899,2498,547,1,21.69,1
2900,2589,185,1,12.03,1
2901,2590,185,3,12.03,3
2902,995,438,2,51.99,1
2903,2591,185,2,12.03,1
2904,2592,185,1,12.03,1
2905,2593,185,1,12.03,1
2906,2594,185,1,12.03,2
2907,2595,185,1,12.03,2
2908,2596,185,1,12.03,2
2909,2597,185,3,12.03,1
2910,2598,185,2,12.03,1
2911,1500,246,1,130.88,1
2912,2599,185,1,12.03,1
2913,2600,185,1,12.03,2
2914,2601,185,1,12.03,6
2915,2602,185,1,12.03,2
2916,2603,185,4,12.03,1
2917,2604,185,2,12.03,1
2918,1500,247,1,21.06,1
2919,1018,461,3,27.52,1
2920,2605,185,2,12.03,1
2921,2606,185,1,12.03,1
2922,2607,185,1,12.03,1
2923,2608,185,1,12.03,1
2924,2609,185,1,12.03,1
2925,532,307,1,218.14,2
2926,2610,185,3,12.03,3
2927,2611,185,2,12.03,4
2928,2612,185,1,12.03,2
2929,182,322,2,227.78,1
2930,2613,185,1,12.03,1
2931,2614,185,1,12.03,7
2932,2615,185,1,12.03,3
2933,2616,185,1,12.03,1
2934,2617,185,3,12.03,2
2935,2618,185,2,12.03,1
2936,2619,185,1,12.03,9
2937,975,419,1,100.07,1
2938,1896,642,2,41.29,1
2939,2620,185,1,12.03,1
2940,2621,185,1,12.03,1
2941,2622,185,1,12.03,2
2942,2623,185,4,12.03,7
2943,2624,185,2,12.03,1
2944,2625,185,2,12.03,4
2945,2626,185,1,12.03,3
2946,2627,185,1,12.03,1
2947,2628,185,1,12.03,1
2948,2621,293,1,18.75,1
2949,2629,185,1,12.03,10
2950,2630,185,3,12.03,1
2951,2631,185,2,12.03,1
2952,2632,185,1,12.03,1
2953,2633,185,1,12.03,4
2954,2634,185,1,12.03,33
2955,2635,185,1,12.03,1
2956,2636,185,1,12.03,1
2957,2637,185,3,12.03,1
2958,2638,185,2,12.03,1
2959,292,432,2,182.37,1
2960,529,293,1,18.75,1
2961,2639,185,1,12.03,1
2962,732,175,1,375.39,1
2963,2640,185,1,12.03,1
2964,2641,185,1,12.03,8
2965,2642,185,1,12.03,4
2966,2643,185,4,12.03,1
2967,2644,185,2,12.03,3
2968,2645,185,2,12.03,1
2969,2646,185,1,12.03,1
2970,2647,185,1,12.03,2
2971,2648,185,1,12.03,2
2972,230,370,1,109.98,1
2973,2649,185,1,12.03,1
2974,2650,185,3,12.03,1
2975,2651,185,2,12.03,1
2976,942,385,1,505.54,2
2977,2652,185,1,12.03,1
2978,2653,185,1,12.03,6
2979,2654,185,1,12.03,3
2980,2357,406,2,28.1,1
2981,2655,185,1,12.03,3
2982,2656,185,1,12.03,1
2983,2657,185,3,12.03,2
2984,2658,185,2,12.03,2
2985,2659,185,1,12.03,1
2986,2660,185,1,12.03,2
2987,2661,185,1,12.03,3
2988,2662,185,1,12.03,1
2989,2663,185,4,12.03,3
2990,1053,496,3,72.0,1
2991,2664,185,2,12.03,2
2992,2665,185,2,12.03,1
2993,2449,498,1,16.62,1
2994,2666,185,1,12.03,1
2995,2667,185,1,12.03,1
2996,2668,185,1,12.03,1
2997,713,156,3,190.27,3
2998,2669,185,1,12.03,1
2999,2670,185,3,12.03,1
3000,2671,185,2,12.03,4
3001,2672,185,1,12.03,1
3002,2673,185,1,12.03,4
3003,2674,185,1,12.03,3
3004,2675,185,1,12.03,1
3005,2676,185,1,12.03,1
3006,2677,185,3,12.03,3
3007,2678,185,2,12.03,1
3008,2679,185,1,12.03,36
3009,2680,185,1,12.03,1
3010,2681,185,1,12.03,1
3011,2682,185,1,12.03,1
3012,2683,185,4,12.03,2
3013,2684,185,2,12.03,1
3014,2685,185,2,12.03,3
3015,2686,185,1,12.03,1
3016,2216,265,1,59.21,1
3017,2687,185,1,12.03,1
3018,1111,554,1,27.9,1
3019,1638,384,1,124.75,4
3020,1770,516,1,29.34,1
3021,2688,185,1,12.03,1
3022,2689,185,1,12.03,3
3023,2690,185,3,12.03,3
3024,2691,185,2,12.03,5
3025,2692,185,1,12.03,6
3026,2693,185,1,12.03,1
3027,2694,185,1,12.03,2
3028,511,26,1,220.98,1
3029,2695,185,1,12.03,3
3030,2696,185,1,12.03,1
3031,2697,185,3,12.03,1
3032,2698,185,2,12.03,1
3033,2699,185,1,12.03,7
3034,1636,382,2,152.61,1
3035,2700,185,1,12.03,2
3036,938,381,3,28.1,1
3037,2701,185,1,12.03,7
3038,2702,185,1,12.03,4
3039,2703,185,4,12.03,6
3040,2704,185,2,12.03,7
3041,525,208,2,302.19,1
3042,2705,185,2,12.03,1
3043,536,329,1,113.12,1
3044,2706,185,1,12.03,3
3045,2707,185,1,12.03,1
3046,2708,185,1,12.03,1
3047,2709,185,1,12.03,1
3048,2710,185,3,12.03,1
3049,2711,185,2,12.03,2
3050,2712,185,1,12.03,2
3051,2713,185,1,12.03,1
3052,2714,185,1,12.03,2
3053,2715,185,1,12.03,1
3054,2716,185,1,12.03,1
3055,580,24,1,196.2,1
3056,1898,644,1,14.94,1
3057,2717,185,3,12.03,1
3058,2718,185,2,12.03,1
3059,2719,185,1,12.03,1
3060,2720,185,1,12.03,13
3061,2721,185,1,12.03,1
3062,2722,185,1,12.03,1
3063,2723,185,4,12.03,1
3064,2724,185,2,12.03,1
3065,2725,185,2,12.03,1
3066,412,552,2,39.38,1
3067,1226,259,1,280.8,1
3068,2726,185,1,12.03,1
3069,2727,185,1,12.03,3
3070,2728,185,1,12.03,1
3071,2729,185,1,12.03,1
3072,2730,185,3,12.03,1
3073,775,218,2,163.0,1
3074,2731,185,2,12.03,4
3075,2732,185,1,12.03,16
3076,1515,262,1,628.61,1
3077,2733,185,1,12.03,2
3078,2734,185,1,12.03,1
3079,2735,185,1,12.03,4
3080,2248,297,1,255.96,1
3081,2736,185,1,12.03,1
3082,2737,185,3,12.03,1
3083,2738,185,2,12.03,1
3084,2739,185,1,12.03,1
3085,2740,185,1,12.03,8
3086,2741,185,1,12.03,7
3087,2274,323,1,129.22,1
3088,2742,185,1,12.03,1
3089,2743,185,4,12.03,1
3090,2744,185,2,12.03,1
3091,2745,185,2,12.03,1
3092,2746,185,1,12.03,2
3093,2747,185,1,12.03,1
3094,2748,185,1,12.03,1
3095,2749,185,1,12.03,1
3096,2750,185,3,12.03,1
3097,2751,185,2,12.03,2
3098,2113,162,1,149.56,1
3099,2684,36,1,43.4,1
3100,403,543,1,32.18,2
3101,2752,185,1,12.03,1
3102,2753,185,1,12.03,3
3103,2100,149,4,301.18,1
3104,2754,185,1,12.03,1
3105,2755,185,1,12.03,4
3106,2756,185,1,12.03,1
3107,2265,314,4,104.9,1
3108,573,16,3,365.59,1
3109,2757,185,3,12.03,1
3110,2758,185,2,12.03,1
3111,2759,185,1,12.03,1
3112,2760,185,1,12.03,1
3113,2761,185,1,12.03,1
3114,2762,185,1,12.03,1
3115,2763,185,4,12.03,1
3116,2764,185,2,12.03,10
3117,2765,185,2,12.03,1
3118,2766,185,1,12.03,1
3119,2767,185,1,12.03,1
3120,2768,185,1,12.03,1
3121,2769,185,1,12.03,2
3122,2770,185,3,12.03,2
3123,2771,185,2,12.03,2
3124,2772,185,1,12.03,1
3125,2773,185,1,12.03,13
3126,2774,185,1,12.03,1
3127,1951,648,2,66.5,1
3128,2775,185,1,12.03,1
3129,1479,225,3,264.82,1
3130,579,23,1,9.91,1
3131,2776,185,1,12.03,4
3132,859,302,1,325.71,1
3133,2777,185,3,12.03,1
3134,2778,185,2,12.03,1
3135,2779,185,1,12.03,1
3136,2780,185,1,12.03,1
3137,2781,185,1,12.03,1
3138,2782,185,1,12.03,3
3139,2783,185,4,12.03,3
3140,2784,185,2,12.03,6
3141,1582,328,1,114.92,1
3142,2785,185,2,12.03,8
3143,2786,185,1,12.03,3
3144,1731,477,2,42.55,1
3145,2787,185,1,12.03,1
3146,1676,424,1,98.04,1
3147,1799,545,3,23.32,6
3148,2788,185,1,12.03,1
3149,2789,185,1,12.03,5
3150,2790,185,3,12.03,2
3151,2791,185,2,12.03,1
3152,2792,185,1,12.03,1
3153,2793,185,1,12.03,1
3154,2794,185,1,12.03,1
3155,2795,185,1,12.03,1
3156,2796,185,1,12.03,2
3157,910,353,2,345.94,1
3158,2797,185,3,12.03,2
3159,2798,185,2,12.03,2
3160,727,170,1,40.77,1
3161,2725,77,1,90.25,1
3162,2799,185,1,12.03,1
3163,2800,185,1,12.03,2
3164,2801,185,1,12.03,1
3165,2802,185,1,12.03,1
3166,2803,185,4,12.03,1
3167,2804,185,2,12.03,1
3168,2805,185,2,12.03,1
3169,2806,185,1,12.03,3
3170,2807,185,1,12.03,3
3171,319,459,1,195.72,3
3172,2808,185,1,12.03,3
3173,2809,185,1,12.03,1
3174,2810,185,3,12.03,2
3175,2811,185,2,12.03,1
3176,1264,10,3,141.81,1
3177,2812,185,1,12.03,1
3178,2813,185,1,12.03,1
3179,2814,185,1,12.03,1
3180,2815,185,1,12.03,2
3181,2816,185,1,12.03,1
3182,2817,185,3,12.03,1
3183,2818,185,2,12.03,6
3184,1957,7,2,172.1,2
3185,2819,185,1,12.03,2
3186,347,487,2,23.05,2
3187,2820,185,1,12.03,1
3188,2821,185,1,12.03,1
3189,2822,185,1,12.03,3
3190,2823,185,4,12.03,2
3191,2824,185,2,12.03,2
3192,2825,185,2,12.03,1
3193,2826,185,1,12.03,4
3194,2827,185,1,12.03,3
3195,2828,185,1,12.03,3
3196,820,264,1,337.41,1
3197,2829,185,1,12.03,1
3198,2830,185,3,12.03,1
3199,2831,185,2,12.03,1
3200,2832,185,1,12.03,1
3201,2833,426,1,16.9,1
3202,2834,426,3,16.9,1
3203,2833,427,3,123.74,1
3204,2835,426,2,16.9,5
3205,2836,640,1,17.08,4
3206,2837,641,2,17.23,2
3207,2838,533,2,10.8,1
3208,2839,475,1,17.35,1
3209,2840,490,1,17.48,1
3210,2841,490,1,17.48,1
3211,2842,627,1,17.59,2
3212,2843,514,3,17.82,5
3213,2844,299,1,17.88,1
3214,2845,299,1,17.88,2
3215,2846,299,1,17.88,5
3216,2847,638,1,18.44,3
3217,2848,293,1,18.75,1
3218,2849,185,2,12.03,1
3219,2850,185,2,12.03,1
3220,2851,185,2,12.03,8
3221,2852,527,2,19.29,1
3222,2853,203,1,24.54,4
3223,2854,203,1,24.54,1
3224,2855,207,2,9.91,7
3225,2856,207,2,9.91,1
3226,2857,207,2,9.91,2
3227,2858,207,2,9.91,1
3228,2859,207,2,9.91,2
3229,2860,207,2,9.91,2
3230,2861,207,2,9.91,1
3231,2862,207,2,9.91,2
3232,2863,207,2,9.91,1
3233,2864,459,1,20.02,1
3234,2865,529,3,20.02,2
3235,2866,459,1,20.02,2
3236,2867,459,1,20.02,1
3237,2868,188,3,25.07,3
3238,2869,188,2,25.07,1
3239,2870,188,1,25.07,1
3240,2871,188,1,25.07,1
3241,2872,188,1,25.07,1
3242,2873,188,1,25.07,2
3243,2874,188,4,25.07,1
3244,2875,188,2,25.07,1
3245,2876,188,2,25.07,1
3246,2877,188,1,25.07,1
3247,2878,188,1,25.07,1
3248,2879,615,1,20.24,1
3249,2880,592,1,20.28,2
3250,2881,185,2,12.03,1
3251,2882,185,2,12.03,1
3252,2883,185,2,12.03,2
3253,2884,185,2,12.03,1
3254,2885,185,2,12.03,1
3255,2886,185,2,12.03,3
3256,2887,185,2,12.03,1
3257,2888,185,2,12.03,1
3258,2889,185,2,12.03,3
3259,2886,238,2,355.89,3
3260,2890,185,2,12.03,1
3261,2888,240,2,331.12,1
3262,2891,185,2,12.03,2
3263,2881,233,2,72.1,1
3264,2892,185,2,12.03,1
3265,2893,403,1,20.54,3
3266,2894,403,1,20.54,2
3267,2895,403,1,20.54,2
3268,2896,403,3,20.54,1
3269,2897,403,2,20.54,13
3270,2898,528,1,20.72,1
3271,2899,528,1,20.72,4
3272,2900,203,1,24.54,1
3273,2900,160,1,257.65,1
3274,2901,226,2,10.44,1
3275,2902,226,2,10.44,2
3276,2903,226,2,10.44,1
3277,2901,623,2,43.67,1
3278,2904,626,1,20.93,1
3279,2905,539,1,21.04,6
3280,2906,431,2,21.06,1
3281,2906,529,1,20.02,1
3282,2907,431,2,21.06,1
3283,2908,513,1,21.09,1
3284,2909,620,1,21.1,1
3285,2910,500,1,21.15,1
3286,2910,117,3,406.66,1
3287,2911,611,1,21.19,2
3288,2912,593,1,21.21,4
3289,2913,188,1,25.07,1
3290,2914,188,4,25.07,1
3291,2915,188,2,25.07,1
3292,2916,188,2,25.07,18
3293,2917,188,1,25.07,1
3294,2918,533,2,10.8,3
3295,2919,489,2,21.61,1
3296,2920,493,2,21.64,1
3297,2921,185,2,12.03,3
3298,2922,185,2,12.03,2
3299,2923,185,2,12.03,1
3300,2924,185,2,12.03,1
3301,2925,185,2,12.03,1
3302,2926,185,2,12.03,2
3303,2927,185,2,12.03,3
3304,2928,185,2,12.03,2
3305,2929,185,2,12.03,7
3306,2930,185,2,12.03,2
3307,2923,275,2,20.02,1
3308,2931,185,2,12.03,1
3309,2931,283,2,264.19,1
3310,2932,185,2,12.03,1
3311,2933,547,1,21.69,1
3312,2934,576,1,21.79,5
3313,2935,203,1,24.54,5
3314,2936,557,1,22.13,1
3315,2936,575,3,37.13,1
3316,2936,576,2,21.79,1
3317,2937,214,2,26.27,1
3318,2938,504,1,22.36,1
3319,2939,406,1,28.1,7
3320,2940,188,1,25.07,1
3321,2941,188,3,25.07,2
3322,2942,188,2,25.07,1
3323,2943,188,1,25.07,2
3324,2940,624,1,16.22,1
3325,2944,188,1,25.07,1
3326,2945,188,1,25.07,2
3327,2946,188,1,25.07,1
3328,2942,626,1,20.93,1
3329,2947,188,1,25.07,2
3330,2940,625,1,27.74,1
3331,2948,188,3,25.07,3
3332,2949,188,2,25.07,2
3333,2950,472,2,22.71,1
3334,2951,472,1,22.71,2
3335,2952,472,1,22.71,1
3336,2953,472,1,22.71,1
3337,2954,472,1,22.71,1
3338,2955,606,2,22.71,4
3339,2956,472,3,22.71,2
3340,2953,617,1,28.29,1
3341,2953,618,1,33.15,1
3342,2957,559,1,22.77,1
3343,2958,583,1,22.95,1
3344,2959,485,1,23.01,2
3345,2960,485,1,23.01,1
3346,2961,487,1,23.05,1
3347,2962,487,1,23.05,10
3348,2963,545,4,23.32,1
3349,2964,305,2,11.71,1
3350,2965,214,1,26.27,1
3351,2966,520,2,23.7,1
3352,2967,185,2,12.03,1
3353,2968,185,2,12.03,4
3354,2969,185,2,12.03,49
3355,2970,185,2,12.03,1
3356,2971,185,2,12.03,1
3357,2972,185,2,12.03,1
3358,2973,185,2,12.03,2
3359,2974,185,2,12.03,1
3360,2975,185,2,12.03,1
3361,2976,185,2,12.03,3
3362,2977,185,2,12.03,2
3363,2978,185,2,12.03,2
3364,2979,185,2,12.03,1
3365,2980,185,2,12.03,1
3366,2981,185,2,12.03,1
3367,2982,185,2,12.03,1
3368,2983,185,2,12.03,3
3369,2984,185,2,12.03,1
3370,2985,185,2,12.03,1
3371,2986,185,2,12.03,1
3372,2987,185,2,12.03,1
3373,2988,185,2,12.03,1
3374,2989,185,2,12.03,2
3375,2990,185,2,12.03,6
3376,2991,185,2,12.03,2
3377,2992,185,2,12.03,4
3378,2993,185,2,12.03,1
3379,2994,185,2,12.03,2
3380,2995,185,2,12.03,1
3381,2996,185,2,12.03,2
3382,2997,185,2,12.03,5
3383,2998,185,2,12.03,1
3384,2999,185,2,12.03,1
3385,3000,185,2,12.03,5
3386,3001,185,2,12.03,6
3387,3002,185,2,12.03,1
3388,3003,185,2,12.03,2
3389,3004,185,2,12.03,1
3390,3005,185,2,12.03,3
3391,3006,185,2,12.03,1
3392,3007,185,2,12.03,1
3393,3008,185,2,12.03,1
3394,3009,185,2,12.03,1
3395,3010,185,2,12.03,4
3396,3011,185,2,12.03,1
3397,3012,185,2,12.03,1
3398,3013,185,2,12.03,3
3399,3014,185,2,12.03,1
3400,3015,185,2,12.03,1
3401,3016,185,2,12.03,1
3402,3017,185,2,12.03,4
3403,3018,185,2,12.03,2
3404,3019,185,2,12.03,1
3405,3020,185,2,12.03,17
3406,3021,185,2,12.03,2
3407,3022,185,2,12.03,1
3408,3023,185,2,12.03,1
3409,3024,185,2,12.03,2
3410,3025,185,2,12.03,1
3411,3026,185,2,12.03,1
3412,3027,185,2,12.03,1
3413,3028,185,2,12.03,5
3414,3029,185,2,12.03,1
3415,3030,185,2,12.03,2
3416,3031,185,2,12.03,1
3417,2977,329,2,113.12,2
3418,3032,185,2,12.03,4
3419,3022,374,2,88.57,1
3420,3033,185,2,12.03,2
3421,3034,185,2,12.03,1
3422,3035,185,2,12.03,1
3423,3036,185,2,12.03,1
3424,3037,185,2,12.03,4
3425,3038,185,2,12.03,1
3426,3039,185,2,12.03,1
3427,3040,185,2,12.03,2
3428,3041,185,2,12.03,1
3429,3042,185,2,12.03,2
3430,3043,185,2,12.03,1
3431,3044,185,2,12.03,3
3432,3045,185,2,12.03,1
3433,3046,185,2,12.03,1
3434,2980,332,2,264.3,1
3435,3047,185,2,12.03,1
3436,3048,185,2,12.03,1
3437,3049,185,2,12.03,1
3438,3050,185,2,12.03,3
3439,3051,185,2,12.03,2
3440,3052,185,2,12.03,1
3441,3053,185,2,12.03,1
3442,3054,185,2,12.03,1
3443,3055,185,2,12.03,1
3444,3056,185,2,12.03,4
3445,3057,185,2,12.03,1
3446,3058,185,2,12.03,10
3447,3059,185,2,12.03,2
3448,3060,185,2,12.03,2
3449,3061,185,2,12.03,1
3450,3062,185,2,12.03,3
3451,3063,185,2,12.03,2
3452,3064,185,2,12.03,8
3453,3065,185,2,12.03,12
3454,3066,185,2,12.03,2
3455,3067,185,2,12.03,1
3456,3068,185,2,12.03,7
3457,3069,185,2,12.03,1
3458,3070,185,2,12.03,1
3459,3071,185,2,12.03,7
3460,3072,185,2,12.03,1
3461,3073,185,2,12.03,2
3462,3074,185,2,12.03,28
3463,3075,185,2,12.03,1
3464,3076,185,2,12.03,1
3465,3077,185,2,12.03,1
3466,3078,185,2,12.03,1
3467,3079,185,2,12.03,1
3468,3080,185,2,12.03,2
3469,3081,185,2,12.03,1
3470,3082,185,2,12.03,2
3471,3083,185,2,12.03,2
3472,3084,185,2,12.03,1
3473,3085,185,2,12.03,1
3474,3086,185,2,12.03,1
3475,3087,185,2,12.03,1
3476,3088,185,2,12.03,1
3477,3089,185,2,12.03,1
3478,3090,185,2,12.03,3
3479,3091,185,2,12.03,4
3480,3092,185,2,12.03,1
3481,3093,185,2,12.03,1
3482,3002,354,2,78.72,1
3483,3094,185,2,12.03,1
3484,3095,185,2,12.03,1
3485,3096,185,2,12.03,1
3486,3097,185,2,12.03,1
3487,3098,185,2,12.03,1
3488,3099,185,2,12.03,2
3489,3100,185,2,12.03,1
3490,3101,185,2,12.03,1
3491,3102,185,2,12.03,1
3492,3103,185,2,12.03,3
3493,3104,185,2,12.03,3
3494,3105,185,2,12.03,1
3495,3106,185,2,12.03,1
3496,3107,185,2,12.03,1
3497,3108,185,2,12.03,1
3498,3109,185,2,12.03,1
3499,3110,185,2,12.03,1
3500,3111,185,2,12.03,1
3501,3112,185,2,12.03,1
3502,3113,185,2,12.03,2
3503,3114,185,2,12.03,1
3504,3115,185,2,12.03,1
3505,3116,185,2,12.03,2
3506,3117,185,2,12.03,1
3507,3118,185,2,12.03,3
3508,3119,185,2,12.03,1
3509,3120,185,2,12.03,1
3510,3121,185,2,12.03,1
3511,3011,363,2,187.49,1
3512,3122,185,2,12.03,2
3513,3123,185,2,12.03,9
3514,3124,185,2,12.03,3
3515,3125,185,2,12.03,1
3516,3126,185,2,12.03,1
3517,3127,185,2,12.03,1
3518,3128,185,2,12.03,1
3519,3129,185,2,12.03,2
3520,3130,185,2,12.03,1
3521,3131,185,2,12.03,4
3522,3132,185,2,12.03,2
3523,3133,185,2,12.03,4
3524,3134,185,2,12.03,1
3525,3135,185,2,12.03,1
3526,3136,185,2,12.03,1
3527,3137,185,2,12.03,1
3528,3138,185,2,12.03,1
3529,3072,424,2,98.04,1
3530,3139,185,2,12.03,1
3531,3140,185,2,12.03,1
3532,3141,185,2,12.03,1
3533,3142,185,2,12.03,2
3534,3143,185,2,12.03,1
3535,3144,185,2,12.03,1
3536,3145,185,2,12.03,1
3537,3146,185,2,12.03,1
3538,3147,185,2,12.03,2
3539,3148,185,2,12.03,1
3540,3149,185,2,12.03,1
3541,3150,185,2,12.03,1
3542,3151,185,2,12.03,4
3543,3152,185,2,12.03,1
3544,3153,185,2,12.03,2
3545,3154,185,2,12.03,1
3546,3155,185,2,12.03,1
3547,3156,185,2,12.03,1
3548,3157,185,2,12.03,2
3549,3158,185,2,12.03,4
3550,3159,185,2,12.03,1
3551,3160,185,2,12.03,1
3552,3161,185,2,12.03,16
3553,3162,185,2,12.03,1
3554,3163,185,2,12.03,1
3555,3164,185,2,12.03,3
3556,3165,185,2,12.03,1
3557,3166,185,2,12.03,1
3558,3167,185,2,12.03,1
3559,3168,185,2,12.03,44
3560,3169,185,2,12.03,1
3561,3170,185,2,12.03,7
3562,3171,185,2,12.03,1
3563,3172,185,2,12.03,1
3564,3173,185,2,12.03,1
3565,3174,185,2,12.03,1
3566,3175,185,2,12.03,1
3567,3176,185,2,12.03,1
3568,3177,185,2,12.03,1
3569,3178,185,2,12.03,4
3570,3179,185,2,12.03,1
3571,3180,185,2,12.03,1
3572,3181,185,2,12.03,2
3573,3182,185,2,12.03,1
3574,3183,185,2,12.03,1
3575,3184,185,2,12.03,1
3576,3185,185,2,12.03,1
3577,3186,185,2,12.03,1
3578,3187,185,2,12.03,1
3579,3188,185,2,12.03,1
3580,3189,185,2,12.03,1
3581,3190,185,2,12.03,7
3582,3191,185,2,12.03,1
3583,3192,185,2,12.03,1
3584,3193,185,2,12.03,2
3585,3194,185,2,12.03,2
3586,3195,185,2,12.03,4
3587,3196,185,2,12.03,8
3588,3197,185,2,12.03,1
3589,3198,185,2,12.03,1
3590,3012,364,2,402.26,1
3591,3199,185,2,12.03,4
3592,3200,185,2,12.03,1
3593,3201,185,2,12.03,1
3594,3202,185,2,12.03,1
3595,3203,185,2,12.03,8
3596,3204,185,2,12.03,1
3597,3205,185,2,12.03,1
3598,3206,185,2,12.03,4
3599,3207,185,2,12.03,1
3600,3208,185,2,12.03,1
3601,3209,185,2,12.03,1
3602,3210,185,2,12.03,1
3603,3211,185,2,12.03,25
3604,3212,185,2,12.03,7
3605,2981,333,2,74.38,1
3606,3213,185,2,12.03,1
3607,3214,185,2,12.03,1
3608,3215,185,2,12.03,1
3609,3216,185,2,12.03,1
3610,3134,486,2,34.36,1
3611,3217,185,2,12.03,6
3612,3181,533,2,10.8,2
3613,3218,185,2,12.03,4
3614,3081,433,2,244.8,1
3615,3161,513,2,21.09,16
3616,3219,185,2,12.03,1
3617,3220,185,2,12.03,1
3618,3221,185,2,12.03,1
3619,3222,185,2,12.03,1
3620,3223,185,2,12.03,1
3621,3148,500,2,21.15,1
3622,3224,185,2,12.03,1
3623,3225,185,2,12.03,1
3624,3226,185,2,12.03,1
3625,3185,537,2,28.69,1
3626,3227,185,2,12.03,6
3627,3228,185,2,12.03,2
3628,3229,185,2,12.03,1
3629,3230,185,2,12.03,5
3630,3033,385,2,505.54,2
3631,3231,185,2,12.03,5
3632,3232,185,2,12.03,7
3633,3233,185,2,12.03,3
3634,3234,185,2,12.03,1
3635,3235,185,2,12.03,2
3636,3053,405,2,154.41,1
3637,3236,185,2,12.03,1
3638,3237,185,2,12.03,1
3639,3238,185,2,12.03,1
3640,3239,185,2,12.03,1
3641,3240,185,2,12.03,2
3642,3241,185,2,12.03,1
3643,3242,185,2,12.03,4
3644,3022,375,2,183.55,1
3645,3243,185,2,12.03,1
3646,3244,185,2,12.03,3
3647,3245,185,2,12.03,1
3648,3246,185,2,12.03,1
3649,3247,185,2,12.03,1
3650,3248,185,2,12.03,1
3651,3249,185,2,12.03,1
3652,3250,185,2,12.03,1
3653,3251,185,2,12.03,1
3654,3252,185,2,12.03,1
3655,3052,404,2,217.87,1
3656,3253,185,2,12.03,1
3657,3254,185,2,12.03,1
3658,3255,185,2,12.03,3
3659,3256,185,2,12.03,1
3660,3257,185,2,12.03,1
3661,3258,185,2,12.03,1
3662,3259,185,2,12.03,1
3663,3201,553,2,38.87,1
3664,3260,185,2,12.03,1
3665,3261,185,2,12.03,1
3666,3262,185,2,12.03,2
3667,3263,185,2,12.03,1
3668,3264,185,2,12.03,1
3669,3265,185,2,12.03,1
3670,3266,185,2,12.03,1
3671,3267,185,2,12.03,2
3672,3268,185,2,12.03,4
3673,3031,383,2,254.6,1
3674,3269,185,2,12.03,1
3675,3270,185,2,12.03,1
3676,3271,185,2,12.03,1
3677,3272,185,2,12.03,3
3678,3273,185,2,12.03,1
3679,3274,185,2,12.03,2
3680,3275,185,2,12.03,1
3681,3276,185,2,12.03,1
3682,3277,185,2,12.03,2
3683,3278,185,2,12.03,3
3684,3279,185,2,12.03,1
3685,3280,185,2,12.03,9
3686,3281,185,2,12.03,1
3687,3282,185,2,12.03,1
3688,3283,185,2,12.03,1
3689,3284,185,2,12.03,1
3690,3285,185,2,12.03,2
3691,3286,185,2,12.03,2
3692,3287,185,2,12.03,2
3693,3288,185,2,12.03,1
3694,3279,631,2,33.2,1
3695,3289,185,2,12.03,1
3696,3290,185,2,12.03,1
3697,3291,185,2,12.03,1
3698,3292,185,2,12.03,1
3699,3293,185,2,12.03,5
3700,3294,185,2,12.03,5
3701,3295,185,2,12.03,1
3702,3296,185,2,12.03,1
3703,3297,185,2,12.03,2
3704,3298,185,2,12.03,1
3705,3299,185,2,12.03,1
3706,3024,376,2,107.25,2
3707,3300,185,2,12.03,2
3708,3301,185,2,12.03,1
3709,3302,185,2,12.03,1
3710,3303,185,2,12.03,9
3711,2983,335,2,328.06,3
3712,3304,185,2,12.03,2
3713,3305,185,2,12.03,4
3714,3306,185,2,12.03,3
3715,3307,185,2,12.03,1
3716,3308,185,2,12.03,8
3717,3309,185,2,12.03,1
3718,3226,578,2,47.43,1
3719,3310,185,2,12.03,1
3720,3148,501,2,32.69,1
3721,3311,185,2,12.03,6
3722,3312,185,2,12.03,1
3723,3313,185,2,12.03,1
3724,3314,185,2,12.03,1
3725,3049,401,2,102.99,1
3726,3315,185,2,12.03,1
3727,3316,185,2,12.03,1
3728,3317,185,2,12.03,6
3729,3271,623,2,43.67,1
3730,3318,185,2,12.03,1
3731,3319,185,2,12.03,2
3732,3320,185,2,12.03,1
3733,2992,344,2,132.89,4
3734,3321,185,2,12.03,1
3735,3322,185,2,12.03,2
3736,3323,185,2,12.03,1
3737,3324,185,2,12.03,2
3738,3325,185,2,12.03,2
3739,3155,507,2,40.96,1
3740,3326,185,2,12.03,2
3741,3327,185,2,12.03,1
3742,3289,641,2,17.23,1
3743,3328,185,2,12.03,2
3744,3137,489,2,21.61,1
3745,3329,185,2,12.03,1
3746,3330,185,2,12.03,1
3747,3331,185,2,12.03,1
3748,3332,185,2,12.03,1
3749,3333,185,2,12.03,6
3750,3334,185,2,12.03,1
3751,3335,185,2,12.03,1
3752,3336,185,2,12.03,2
3753,3337,185,2,12.03,1
3754,3338,185,2,12.03,1
3755,3339,185,2,12.03,2
3756,3340,185,2,12.03,1
3757,3341,185,2,12.03,3
3758,3342,185,2,12.03,1
3759,3343,185,2,12.03,5
3760,3344,185,2,12.03,1
3761,3345,185,2,12.03,1
3762,3346,185,2,12.03,2
3763,3347,185,2,12.03,1
3764,3348,185,2,12.03,1
3765,3349,185,2,12.03,5
3766,3350,185,2,12.03,2
3767,3351,185,2,12.03,1
3768,3070,422,2,56.42,1
3769,3024,377,2,45.07,2
3770,3352,185,2,12.03,7
3771,3353,185,2,12.03,1
3772,3354,185,2,12.03,4
3773,3355,185,2,12.03,1
3774,3356,185,2,12.03,1
3775,3357,185,2,12.03,1
3776,3358,185,2,12.03,1
3777,3359,185,2,12.03,1
3778,3360,185,2,12.03,1
3779,3361,185,2,12.03,1
3780,3362,185,2,12.03,3
3781,3363,185,2,12.03,1
3782,2993,345,2,462.19,1
3783,3364,185,2,12.03,1
3784,3365,185,2,12.03,1
3785,3366,185,2,12.03,6
3786,3367,185,2,12.03,1
3787,3368,185,2,12.03,1
3788,3369,185,2,12.03,14
3789,3370,185,2,12.03,5
3790,3049,402,2,50.48,1
3791,3371,185,2,12.03,1
3792,3372,185,2,12.03,1
3793,3373,185,2,12.03,10
3794,3374,185,2,12.03,1
3795,3375,185,2,12.03,3
3796,3376,185,2,12.03,1
3797,3377,185,2,12.03,1
3798,3378,185,2,12.03,1
3799,3379,185,2,12.03,1
3800,3380,185,2,12.03,1
3801,3381,185,2,12.03,5
3802,3382,185,2,12.03,1
3803,3383,185,2,12.03,2
3804,3384,185,2,12.03,1
3805,3385,185,2,12.03,3
3806,3386,185,2,12.03,1
3807,3387,185,2,12.03,7
3808,3388,185,2,12.03,23
3809,3389,185,2,12.03,2
3810,3390,185,2,12.03,1
3811,3391,185,2,12.03,5
3812,3392,185,2,12.03,1
3813,3289,642,2,41.29,1
3814,3393,185,2,12.03,7
3815,3394,185,2,12.03,1
3816,3395,185,2,12.03,1
3817,3396,185,2,12.03,1
3818,3397,185,2,12.03,4
3819,3398,185,2,12.03,1
3820,3399,185,2,12.03,3
3821,3400,185,2,12.03,3
3822,3357,12,2,274.41,1
3823,3401,185,2,12.03,1
3824,3402,185,2,12.03,1
3825,3403,185,2,12.03,3
3826,3404,185,2,12.03,1
3827,3405,185,2,12.03,1
3828,3406,185,2,12.03,1
3829,3407,185,2,12.03,5
3830,3322,318,2,49.93,2
3831,3408,185,2,12.03,1
3832,3409,185,2,12.03,1
3833,3410,185,2,12.03,3
3834,3146,498,2,16.62,1
3835,2973,325,2,111.94,2
3836,3411,185,2,12.03,1
3837,3412,185,2,12.03,2
3838,3413,185,2,12.03,1
3839,3414,185,2,12.03,1
3840,3415,185,2,12.03,2
3841,3416,185,2,12.03,1
3842,3417,185,2,12.03,2
3843,3117,469,2,57.25,1
3844,3418,185,2,12.03,3
3845,3419,185,2,12.03,1
3846,3420,185,2,12.03,1
3847,3421,185,2,12.03,1
3848,3422,185,2,12.03,1
3849,3423,185,2,12.03,1
3850,2970,322,2,227.78,1
3851,3424,185,2,12.03,1
3852,3184,536,2,34.55,1
3853,3425,185,2,12.03,6
3854,3426,185,2,12.03,26
3855,3427,185,2,12.03,13
3856,3428,185,2,12.03,2
3857,3429,185,2,12.03,1
3858,3430,185,2,12.03,1
3859,3431,185,2,12.03,1
3860,3432,185,2,12.03,4
3861,3027,379,2,255.13,1
3862,3433,185,2,12.03,3
3863,3300,26,2,220.98,2
3864,3434,185,2,12.03,4
3865,3435,185,2,12.03,1
3866,3296,648,2,66.5,1
3867,3436,185,2,12.03,1
3868,3437,185,2,12.03,32
3869,3438,185,2,12.03,1
3870,3439,185,2,12.03,3
3871,3440,185,2,12.03,1
3872,3441,185,2,12.03,1
3873,3092,444,2,29.7,1
3874,3289,643,2,28.48,1
3875,3363,18,2,77.98,1
3876,3442,185,2,12.03,2
3877,3443,185,2,12.03,2
3878,3444,185,2,12.03,1
3879,3445,185,2,12.03,1
3880,3446,185,2,12.03,1
3881,3447,185,2,12.03,3
3882,3438,93,2,159.38,1
3883,3448,203,1,24.54,1
3884,3449,203,4,24.54,2
3885,3450,203,2,24.54,10
3886,3451,203,2,24.54,1
3887,3452,203,1,24.54,19
3888,3453,203,1,24.54,2
3889,3454,203,1,24.54,1
3890,3455,203,1,24.54,1
3891,3456,203,3,24.54,1
3892,3457,203,2,24.54,1
3893,3458,203,1,24.54,1
3894,3459,203,1,24.54,2
3895,3460,203,1,24.54,1
3896,3461,203,1,24.54,1
3897,3462,203,1,24.54,1
3898,3463,203,3,24.54,1
3899,3464,203,2,24.54,1
3900,3465,203,1,24.54,1
3901,3466,203,1,24.54,1
3902,3467,203,1,24.54,4
3903,3468,203,1,24.54,1
3904,3469,203,4,24.54,1
3905,3467,8,1,283.78,4
3906,3470,203,2,24.54,1
3907,3471,203,2,24.54,4
3908,3472,203,1,24.54,3
3909,3473,203,1,24.54,2
3910,3458,594,1,18.73,1
3911,3474,203,1,24.54,1
3912,3458,639,1,14.3,1
3913,3475,203,1,24.54,2
3914,3476,203,3,24.54,1
3915,3477,203,2,24.54,1
3916,3478,203,1,24.54,1
3917,3479,203,1,24.54,1
3918,3480,203,1,24.54,1
3919,3481,203,1,24.54,1
3920,3482,203,1,24.54,3
3921,3483,203,3,24.54,1
3922,3484,203,2,24.54,3
3923,3485,203,1,24.54,2
3924,3486,203,1,24.54,1
3925,3487,203,1,24.54,1
3926,3488,203,1,24.54,1
3927,3489,203,4,24.54,1
3928,3490,203,2,24.54,1
3929,3462,3,1,162.66,1
3930,3483,24,2,196.2,1
3931,3469,10,1,141.81,1
3932,3491,203,2,24.54,3
3933,3463,4,2,25.07,1
3934,3492,203,1,24.54,3
3935,3462,4,1,25.07,1
3936,3493,203,1,24.54,1
3937,3494,203,1,24.54,1
3938,3465,6,1,111.68,1
3939,3495,203,1,24.54,5
3940,3496,203,3,24.54,4
3941,3497,203,2,24.54,1
3942,3498,203,1,24.54,1
3943,3499,203,1,24.54,1
3944,3500,203,1,24.54,1
3945,3501,203,1,24.54,2
3946,3502,203,1,24.54,1
3947,3479,20,1,230.76,1
3948,3503,203,3,24.54,2
3949,3504,203,2,24.54,1
3950,3505,203,1,24.54,1
3951,3451,452,4,198.07,1
3952,3478,19,2,24.54,1
3953,3466,7,4,172.1,1
3954,3476,17,4,41.61,1
3955,3506,203,1,24.54,2
3956,3507,188,1,25.07,2
3957,3508,188,3,25.07,2
3958,3509,188,2,25.07,1
3959,3510,188,1,25.07,1
3960,3511,188,1,25.07,1
3961,3512,188,1,25.07,1
3962,3513,188,1,25.07,1
3963,3514,188,4,25.07,1
3964,3515,188,2,25.07,2
3965,3516,188,2,25.07,2
3966,3517,188,1,25.07,1
3967,3518,188,1,25.07,1
3968,3519,188,1,25.07,4
3969,3520,188,1,25.07,1
3970,3521,188,3,25.07,1
3971,3522,188,2,25.07,2
3972,3523,188,1,25.07,1
3973,3524,188,1,25.07,1
3974,3525,188,1,25.07,8
3975,3526,188,1,25.07,1
3976,3527,188,1,25.07,1
3977,3528,188,3,25.07,1
3978,3529,188,2,25.07,1
3979,3530,188,1,25.07,2
3980,3531,188,1,25.07,1
3981,3532,188,1,25.07,6
3982,3533,188,1,25.07,2
3983,3534,188,4,25.07,1
3984,3535,188,2,25.07,1
3985,3536,188,2,25.07,3
3986,3511,406,2,28.1,1
3987,3537,188,1,25.07,1
3988,3538,188,1,25.07,1
3989,3539,188,1,25.07,24
3990,3540,188,1,25.07,1
3991,3541,188,3,25.07,1
3992,3542,188,2,25.07,1
3993,3543,188,1,25.07,1
3994,3544,188,1,25.07,1
3995,3545,188,1,25.07,1
3996,3546,188,1,25.07,1
3997,3547,188,1,25.07,3
3998,3548,188,3,25.07,1
3999,3549,188,2,25.07,1
4000,3550,188,1,25.07,1
4001,3551,188,1,25.07,1
4002,3552,188,1,25.07,1
4003,3553,188,1,25.07,1
4004,3554,188,4,25.07,1
4005,3555,188,2,25.07,1
4006,3556,188,2,25.07,1
4007,3557,188,1,25.07,1
4008,3558,188,1,25.07,1
4009,3559,188,1,25.07,1
4010,3560,188,1,25.07,2
4011,3561,188,3,25.07,2
4012,3562,188,2,25.07,1
4013,3563,188,1,25.07,4
4014,3564,188,1,25.07,7
4015,3565,188,1,25.07,1
4016,3566,188,1,25.07,1
4017,3567,188,1,25.07,1
4018,3568,188,3,25.07,1
4019,3569,188,2,25.07,2
4020,3570,188,1,25.07,1
4021,3571,188,1,25.07,1
4022,3572,188,1,25.07,1
4023,3573,188,1,25.07,7
4024,3574,188,4,25.07,1
4025,3575,188,2,25.07,1
4026,3576,188,2,25.07,1
4027,3577,188,1,25.07,1
4028,3578,188,1,25.07,3
4029,3579,188,1,25.07,1
4030,3580,188,1,25.07,1
4031,3581,188,3,25.07,1
4032,3582,188,2,25.07,14
4033,3583,188,1,25.07,1
4034,3584,188,1,25.07,1
4035,3585,188,1,25.07,1
4036,3586,188,1,25.07,1
4037,3587,188,1,25.07,1
4038,3588,188,3,25.07,1
4039,3579,474,3,32.65,1
4040,3589,188,2,25.07,1
4041,3590,188,1,25.07,4
4042,3591,188,1,25.07,3
4043,3592,188,1,25.07,3
4044,3593,188,1,25.07,2
4045,3594,188,4,25.07,1
4046,3595,188,2,25.07,2
4047,3596,188,2,25.07,1
4048,3597,188,1,25.07,28
4049,3598,188,1,25.07,1
4050,3599,188,1,25.07,1
4051,3600,188,1,25.07,2
4052,3601,188,3,25.07,22
4053,3602,188,2,25.07,1
4054,3603,188,1,25.07,2
4055,3604,188,1,25.07,2
4056,3605,188,1,25.07,1
4057,3606,188,1,25.07,1
4058,3607,188,1,25.07,3
4059,3608,188,3,25.07,1
4060,3609,188,2,25.07,1
4061,3610,188,1,25.07,1
4062,3611,188,1,25.07,8
4063,3612,188,1,25.07,1
4064,3613,188,1,25.07,1
4065,3614,188,4,25.07,6
4066,3615,188,2,25.07,2
4067,3616,188,2,25.07,1
4068,3617,188,1,25.07,1
4069,3618,188,1,25.07,12
4070,3619,188,1,25.07,1
4071,3620,188,1,25.07,1
4072,3621,188,3,25.07,1
4073,3600,495,1,27.06,2
4074,3622,188,2,25.07,2
4075,3623,188,1,25.07,3
4076,3624,188,1,25.07,1
4077,3625,188,1,25.07,4
4078,3626,188,1,25.07,2
4079,3627,188,1,25.07,1
4080,3628,188,3,25.07,6
4081,3629,188,2,25.07,3
4082,3630,188,1,25.07,1
4083,3631,188,1,25.07,4
4084,3632,188,1,25.07,1
4085,3633,188,1,25.07,1
4086,3634,188,4,25.07,1
4087,3635,188,2,25.07,15
4088,3636,188,2,25.07,1
4089,3637,188,1,25.07,1
4090,3638,188,1,25.07,1
4091,3639,188,1,25.07,1
4092,3640,188,1,25.07,2
4093,3641,188,3,25.07,2
4094,3642,188,2,25.07,1
4095,3643,188,1,25.07,1
4096,3644,188,1,25.07,1
4097,3645,188,1,25.07,2
4098,3646,188,1,25.07,6
4099,3647,188,1,25.07,1
4100,3648,188,3,25.07,4
4101,3649,188,2,25.07,1
4102,3650,188,1,25.07,1
4103,3651,188,1,25.07,1
4104,3652,188,1,25.07,1
4105,3653,188,1,25.07,3
4106,3654,188,4,25.07,5
4107,3655,188,2,25.07,1
4108,3656,188,2,25.07,1
4109,3657,188,1,25.07,1
4110,3658,188,1,25.07,2
4111,3659,188,1,25.07,1
4112,3660,188,1,25.07,39
4113,3661,188,3,25.07,1
4114,3509,404,3,217.87,1
4115,3662,188,2,25.07,1
4116,3663,188,1,25.07,2
4117,3664,188,1,25.07,4
4118,3545,440,1,174.4,1
4119,3665,188,1,25.07,1
4120,3666,188,1,25.07,6
4121,3667,188,1,25.07,1
4122,3668,188,3,25.07,1
4123,3669,188,2,25.07,1
4124,3670,188,1,25.07,1
4125,3671,188,1,25.07,2
4126,3672,188,1,25.07,2
4127,3673,188,1,25.07,1
4128,3674,188,4,25.07,1
4129,3675,188,2,25.07,1
4130,3676,188,2,25.07,1
4131,3677,188,1,25.07,13
4132,3512,407,1,120.06,1
4133,3678,188,1,25.07,1
4134,3679,188,1,25.07,5
4135,3680,188,1,25.07,2
4136,3681,188,3,25.07,1
4137,3682,188,2,25.07,1
4138,3683,188,1,25.07,2
4139,3684,188,1,25.07,3
4140,3685,188,1,25.07,2
4141,3686,188,1,25.07,7
4142,3687,188,1,25.07,1
4143,3588,483,1,48.04,1
4144,3688,188,3,25.07,1
4145,3689,188,2,25.07,1
4146,3591,486,2,34.36,3
4147,3690,188,1,25.07,8
4148,3691,188,1,25.07,3
4149,3692,188,1,25.07,1
4150,3693,188,1,25.07,1
4151,3694,188,4,25.07,1
4152,3695,188,2,25.07,2
4153,3696,188,2,25.07,1
4154,3697,188,1,25.07,1
4155,3698,188,1,25.07,1
4156,3699,188,1,25.07,2
4157,3700,188,1,25.07,1
4158,3701,188,3,25.07,1
4159,3702,188,2,25.07,1
4160,3703,188,1,25.07,1
4161,3704,188,1,25.07,1
4162,3705,188,1,25.07,1
4163,3513,408,1,21.46,1
4164,3576,471,2,29.72,1
4165,3706,188,1,25.07,1
4166,3707,188,1,25.07,1
4167,3708,188,3,25.07,1
4168,3709,188,2,25.07,1
4169,3710,188,1,25.07,5
4170,3711,188,1,25.07,1
4171,3712,188,1,25.07,1
4172,3713,188,1,25.07,1
4173,3714,188,4,25.07,10
4174,3715,188,2,25.07,1
4175,3716,188,2,25.07,1
4176,3717,188,1,25.07,1
4177,3718,188,1,25.07,1
4178,3719,188,1,25.07,1
4179,3720,188,1,25.07,1
4180,3721,188,3,25.07,1
4181,3722,188,2,25.07,2
4182,3723,188,1,25.07,1
4183,3724,188,1,25.07,1
4184,3725,188,1,25.07,1
4185,3726,188,1,25.07,1
4186,3727,188,1,25.07,2
4187,3728,188,3,25.07,1
4188,3729,188,2,25.07,1
4189,3730,188,1,25.07,2
4190,3731,188,1,25.07,1
4191,3732,188,1,25.07,2
4192,3528,423,1,271.6,1
4193,3733,188,1,25.07,7
4194,3734,188,4,25.07,1
4195,3735,188,2,25.07,1
4196,3670,565,1,31.67,1
4197,3736,188,2,25.07,4
4198,3737,188,1,25.07,1
4199,3738,188,1,25.07,2
4200,3739,188,1,25.07,2
4201,3740,188,1,25.07,2
4202,3741,188,3,25.07,2
4203,3742,188,2,25.07,1
4204,3743,188,1,25.07,1
4205,3744,188,1,25.07,2
4206,3745,188,1,25.07,4
4207,3746,188,1,25.07,2
4208,3747,188,1,25.07,2
4209,3748,188,3,25.07,1
4210,3581,476,2,14.64,1
4211,3749,188,2,25.07,1
4212,3750,188,1,25.07,2
4213,3751,188,1,25.07,1
4214,3752,188,1,25.07,2
4215,3753,188,1,25.07,3
4216,3754,188,4,25.07,1
4217,3755,188,2,25.07,2
4218,3756,188,2,25.07,2
4219,3616,511,2,33.88,1
4220,3757,188,1,25.07,1
4221,3758,188,1,25.07,14
4222,3759,188,1,25.07,1
4223,3760,188,1,25.07,1
4224,3761,188,3,25.07,3
4225,3762,188,2,25.07,1
4226,3763,188,1,25.07,1
4227,3764,188,1,25.07,6
4228,3765,188,1,25.07,1
4229,3594,489,3,21.61,1
4230,3766,188,1,25.07,1
4231,3767,188,1,25.07,3
4232,3768,188,3,25.07,1
4233,3769,188,2,25.07,1
4234,3770,188,1,25.07,1
4235,3771,188,1,25.07,1
4236,3772,188,1,25.07,3
4237,3576,472,1,13.2,1
4238,3773,188,1,25.07,1
4239,3774,188,4,25.07,1
4240,3775,188,2,25.07,1
4241,3776,188,2,25.07,1
4242,3583,478,1,47.81,1
4243,3777,188,1,25.07,1
4244,3778,188,1,25.07,1
4245,3779,188,1,25.07,1
4246,3780,188,1,25.07,6
4247,3781,188,3,25.07,3
4248,3782,188,2,25.07,1
4249,3783,188,1,25.07,3
4250,3784,188,1,25.07,3
4251,3785,188,1,25.07,1
4252,3786,188,1,25.07,3
4253,3787,188,1,25.07,2
4254,3788,188,3,25.07,1
4255,3789,188,2,25.07,1
4256,3790,188,1,25.07,1
4257,3791,188,1,25.07,1
4258,3792,188,1,25.07,1
4259,3793,188,1,25.07,1
4260,3794,188,4,25.07,3
4261,3795,188,2,25.07,16
4262,3796,188,2,25.07,2
4263,3797,188,1,25.07,1
4264,3798,188,1,25.07,1
4265,3762,33,3,132.1,1
4266,3799,188,1,25.07,1
4267,3800,188,1,25.07,1
4268,3801,188,3,25.07,5
4269,3802,188,2,25.07,4
4270,3639,534,3,21.04,1
4271,3803,188,1,25.07,1
4272,3804,188,1,25.07,1
4273,3805,188,1,25.07,1
4274,3806,188,1,25.07,2
4275,3807,188,1,25.07,1
4276,3808,188,3,25.07,1
4277,3809,188,2,25.07,1
4278,3810,188,1,25.07,1
4279,3744,639,3,14.3,2
4280,3811,188,1,25.07,2
4281,3552,447,1,69.64,1
4282,3812,188,1,25.07,10
4283,3813,188,1,25.07,1
4284,3814,188,4,25.07,1
4285,3815,188,2,25.07,1
4286,3816,188,2,25.07,1
4287,3817,188,1,25.07,1
4288,3818,188,1,25.07,2
4289,3819,188,1,25.07,1
4290,3820,188,1,25.07,1
4291,3821,188,3,25.07,1
4292,3822,188,2,25.07,1
4293,3823,188,1,25.07,1
4294,3824,188,1,25.07,1
4295,3825,188,1,25.07,1
4296,3826,188,1,25.07,1
4297,3827,188,1,25.07,1
4298,3828,188,3,25.07,15
4299,3829,188,2,25.07,1
4300,3821,447,2,69.64,1
4301,3830,188,1,25.07,1
4302,3831,188,1,25.07,4
4303,3832,188,1,25.07,10
4304,3833,188,1,25.07,7
4305,3834,188,4,25.07,1
4306,3835,188,2,25.07,1
4307,3836,188,2,25.07,6
4308,3837,188,1,25.07,5
4309,3838,188,1,25.07,1
4310,3731,626,2,20.93,1
4311,3839,188,1,25.07,39
4312,3534,429,3,82.96,1
4313,3840,188,1,25.07,3
4314,3841,188,3,25.07,2
4315,3842,188,2,25.07,6
4316,3843,188,1,25.07,1
4317,3662,557,1,22.13,1
4318,3844,188,1,25.07,1
4319,3845,188,1,25.07,7
4320,3728,623,1,43.67,1
4321,3846,188,1,25.07,19
4322,3744,640,2,17.08,2
4323,3847,188,1,25.07,2
4324,3848,188,3,25.07,1
4325,3849,188,2,25.07,1
4326,3850,188,1,25.07,1
4327,3851,188,1,25.07,1
4328,3852,188,1,25.07,2
4329,3853,188,1,25.07,1
4330,3854,188,4,25.07,1
4331,3855,188,2,25.07,1
4332,3856,188,2,25.07,12
4333,3857,188,1,25.07,1
4334,3858,188,1,25.07,9
4335,3859,188,1,25.07,1
4336,3699,594,3,18.73,2
4337,3860,188,1,25.07,1
4338,3659,554,3,27.9,1
4339,3688,583,1,22.95,1
4340,3861,188,3,25.07,1
4341,3736,631,2,33.2,4
4342,3743,638,1,18.44,1
4343,3862,188,2,25.07,1
4344,3863,188,1,25.07,1
4345,3741,636,2,31.43,2
4346,3864,188,1,25.07,8
4347,3865,188,1,25.07,2
4348,3866,188,1,25.07,11
4349,3867,188,1,25.07,1
4350,3868,188,3,25.07,1
4351,3755,650,1,158.99,2
4352,3869,188,2,25.07,1
4353,3870,188,1,25.07,1
4354,3871,188,1,25.07,1
4355,3872,188,1,25.07,1
4356,3873,188,1,25.07,1
4357,3874,188,4,25.07,10
4358,3875,188,2,25.07,6
4359,3876,188,2,25.07,6
4360,3877,188,1,25.07,9
4361,3878,188,1,25.07,1
4362,3879,188,1,25.07,1
4363,3880,188,1,25.07,8
4364,3881,188,3,25.07,1
4365,3882,188,2,25.07,1
4366,3557,452,1,198.07,1
4367,3883,188,1,25.07,1
4368,3884,188,1,25.07,1
4369,3706,601,2,9.84,1
4370,3885,188,1,25.07,7
4371,3886,188,1,25.07,4
4372,3887,188,1,25.07,3
4373,3817,429,1,82.96,1
4374,3888,188,3,25.07,2
4375,3889,188,2,25.07,1
4376,3890,188,1,25.07,1
4377,3681,576,2,21.79,1
4378,3891,188,1,25.07,1
4379,3613,508,1,32.74,1
4380,3892,188,1,25.07,42
4381,3893,188,1,25.07,1
4382,3894,188,4,25.07,8
4383,3895,188,2,25.07,1
4384,3896,188,2,25.07,1
4385,3897,188,1,25.07,1
4386,3898,188,1,25.07,4
4387,3747,642,1,41.29,2
4388,3899,188,1,25.07,1
4389,3900,188,1,25.07,1
4390,3886,631,1,33.2,4
4391,3901,188,3,25.07,1
4392,3895,1,1,12.03,1
4393,3902,188,2,25.07,6
4394,3549,444,3,29.7,1
4395,3903,188,1,25.07,1
4396,3904,188,1,25.07,2
4397,3905,188,1,25.07,8
4398,3906,188,1,25.07,1
4399,3907,188,1,25.07,1
4400,3908,188,3,25.07,4
4401,3909,188,2,25.07,1
4402,3910,188,1,25.07,1
4403,3911,188,1,25.07,1
4404,3912,188,1,25.07,1
4405,3913,188,1,25.07,1
4406,3914,188,4,25.07,3
4407,3915,188,2,25.07,1
4408,3916,188,2,25.07,1
4409,3917,188,1,25.07,1
4410,3918,188,1,25.07,6
4411,3919,188,1,25.07,1
4412,3920,188,1,25.07,1
4413,3921,188,3,25.07,1
4414,3922,188,2,25.07,1
4415,3906,12,2,274.41,1
4416,3923,188,1,25.07,2
4417,3924,188,1,25.07,1
4418,3563,458,1,227.7,4
4419,3925,188,1,25.07,1
4420,3926,188,1,25.07,1
4421,3927,188,1,25.07,2
4422,3852,537,1,28.69,2
4423,3928,188,3,25.07,24
4424,3929,188,2,25.07,1
4425,3763,37,3,56.02,1
4426,3715,610,1,40.1,1
4427,3713,608,1,49.49,1
4428,3859,551,1,33.78,1
4429,3930,188,1,25.07,2
4430,3931,188,1,25.07,2
4431,3777,180,1,71.2,1
4432,3932,188,1,25.07,1
4433,3933,188,1,25.07,2
4434,3934,188,4,25.07,12
4435,3935,188,2,25.07,1
4436,3936,188,2,25.07,1
4437,3937,188,1,25.07,2
4438,3938,188,1,25.07,12
4439,3939,188,1,25.07,1
4440,3766,78,1,80.48,1
4441,3940,188,1,25.07,1
4442,3941,188,3,25.07,2
4443,3942,188,2,25.07,1
4444,3943,188,1,25.07,1
4445,3944,188,1,25.07,6
4446,3945,188,1,25.07,1
4447,3946,188,1,25.07,1
4448,3947,188,1,25.07,2
4449,3948,188,3,25.07,2
4450,3949,188,2,25.07,2
4451,3950,188,1,25.07,1
4452,3951,188,1,25.07,1
4453,3952,188,1,25.07,2
4454,3953,188,1,25.07,2
4455,3954,188,4,25.07,2
4456,3903,9,1,29.61,1
4457,3915,21,1,81.2,1
4458,3955,193,1,29.61,1
4459,3956,193,1,29.61,2
4460,3957,193,1,29.61,1
4461,3958,460,4,25.32,1
4462,3959,517,1,25.54,7
4463,3960,590,1,25.67,1
4464,3961,474,1,32.65,8
4465,3962,214,1,26.27,1
4466,3963,214,3,26.27,3
4467,3964,214,2,26.27,1
4468,3965,214,1,26.27,1
4469,3966,214,1,26.27,1
4470,3967,214,1,26.27,1
4471,3968,214,1,26.27,8
4472,3969,214,1,26.27,1
4473,3970,214,3,26.27,1
4474,3971,214,2,26.27,3
4475,3972,214,1,26.27,1
4476,3973,214,1,26.27,1
4477,3974,214,1,26.27,31
4478,3964,546,2,29.19,1
4479,3975,214,1,26.27,7
4480,3976,214,4,26.27,4
4481,3977,214,2,26.27,1
4482,3978,214,2,26.27,7
4483,3979,214,1,26.27,4
4484,3980,214,1,26.27,4
4485,3981,214,1,26.27,5
4486,3982,214,1,26.27,2
4487,3983,214,3,26.27,2
4488,3984,214,2,26.27,4
4489,3985,214,1,26.27,1
4490,3986,214,1,26.27,1
4491,3987,214,1,26.27,1
4492,3988,214,1,26.27,1
4493,3989,214,1,26.27,1
4494,3978,560,1,3.06,7
4495,3990,214,3,26.27,1
4496,3991,214,2,26.27,2
4497,3977,559,3,22.77,1
4498,3992,214,1,26.27,1
4499,3993,214,1,26.27,2
4500,3985,567,1,27.59,1
4501,3994,214,1,26.27,2
4502,3995,214,1,26.27,1
4503,3996,472,2,13.2,1
4504,3997,472,2,13.2,1
4505,3998,193,1,29.61,7
4506,3999,193,4,29.61,2
4507,4000,372,1,26.71,1
4508,4001,372,1,26.71,1
4509,4002,372,4,26.71,1
4510,4003,372,2,26.71,3
4511,4004,347,3,26.95,1
4512,4005,347,2,26.95,2
4513,4006,347,1,26.95,4
4514,4007,347,1,26.95,3
4515,4008,347,1,26.95,7
4516,4009,347,1,26.95,1
4517,4010,347,1,26.95,1
4518,4011,495,1,27.06,2
4519,4012,495,1,27.06,7
4520,4013,259,1,31.88,7
4521,4014,397,2,13.6,1
4522,4015,506,2,27.28,1
4523,4016,373,1,27.3,1
4524,4017,373,1,27.3,2
4525,4017,163,1,26.95,2
4526,4018,373,1,27.3,9
4527,4019,373,4,27.3,3
4528,4020,461,1,27.52,1
4529,4021,630,1,27.55,6
4530,4022,629,1,27.56,3
4531,4023,567,1,27.59,1
4532,4024,468,1,32.58,1
4533,4024,419,3,100.07,1
4534,4025,625,2,27.74,15
4535,4026,523,1,27.77,1
4536,4027,554,1,27.9,2
4537,4028,406,2,28.1,1
4538,4029,489,1,28.1,3
4539,4030,637,1,28.13,1
4540,4030,585,1,46.6,1
4541,4031,510,1,28.21,4
4542,4032,617,1,28.29,1
4543,4033,230,1,33.45,9
4544,4034,643,1,28.48,1
4545,4035,361,4,28.52,2
4546,4036,361,2,28.52,1
4547,4037,361,2,28.52,1
4548,4038,361,1,28.52,2
4549,4039,361,1,28.52,1
4550,4040,361,1,28.52,1
4551,4041,361,1,28.52,2
4552,4042,361,3,28.52,1
4553,4043,361,2,28.52,1
4554,4044,361,1,28.52,2
4555,4045,577,1,28.54,1
4556,4045,540,1,37.72,1
4557,4046,577,1,28.54,20
4558,4047,639,2,14.3,1
4559,4048,537,2,28.69,2
4560,4049,185,3,12.03,11
4561,4050,185,3,12.03,1
4562,4050,8,3,283.78,1
4563,4051,525,2,36.41,2
4564,4052,546,1,29.19,1
4565,4053,586,1,29.32,3
4566,4054,586,3,29.32,10
4567,4055,516,1,29.34,1
4568,4055,489,2,21.61,1
4569,4056,544,1,29.4,1
4570,4057,544,1,29.4,1
4571,4058,193,1,29.61,1
4572,4059,193,4,29.61,1
4573,4060,193,2,29.61,1
4574,4061,193,2,29.61,1
4575,4062,193,1,29.61,1
4576,4063,193,1,29.61,4
4577,4064,193,1,29.61,2
4578,4065,193,1,29.61,2
4579,4066,193,3,29.61,1
4580,4067,193,2,29.61,10
4581,4068,193,1,29.61,1
4582,4069,193,1,29.61,6
4583,4070,193,1,29.61,1
4584,4071,193,1,29.61,1
4585,4072,193,1,29.61,10
4586,4073,193,3,29.61,1
4587,4074,193,2,29.61,1
4588,4075,193,1,29.61,4
4589,4076,193,1,29.61,2
4590,4077,193,1,29.61,1
4591,4078,193,1,29.61,3
4592,4079,193,4,29.61,1
4593,4080,193,2,29.61,1
4594,4081,193,2,29.61,1
4595,4082,193,1,29.61,3
4596,4058,169,1,83.89,1
4597,4083,193,1,29.61,1
4598,4084,193,1,29.61,1
4599,4085,193,1,29.61,4
4600,4086,193,3,29.61,1
4601,4087,581,1,36.33,23
4602,4088,287,1,36.46,1
4603,4089,287,1,36.46,1
4604,4090,287,1,36.46,11
4605,4091,287,3,36.46,1
4606,4092,287,2,36.46,1
4607,4093,287,1,36.46,1
4608,4094,287,1,36.46,1
4609,4095,287,1,36.46,1
4610,4096,287,1,36.46,1
4611,4097,287,4,36.46,1
4612,4098,287,2,36.46,1
4613,4099,220,2,43.4,1
4614,4100,220,2,43.4,1
4615,4101,575,2,37.13,1
4616,4102,189,1,46.51,1
4617,4103,189,1,46.51,2
4618,4104,189,1,46.51,1
4619,4105,189,3,46.51,1
4620,4105,67,1,226.7,1
4621,4106,189,2,46.51,1
4622,4107,504,2,37.3,1
4623,4108,504,2,37.3,1
4624,4109,568,2,37.31,3
4625,4110,569,1,37.37,2
4626,4111,519,1,37.38,1
4627,4111,508,2,32.74,1
4628,4111,509,2,39.42,1
4629,4112,201,1,41.61,1
4630,4113,438,3,12.49,1
4631,4114,540,1,37.72,1
4632,4115,589,1,37.81,3
4633,4116,607,1,38.45,6
4634,4117,185,4,12.03,2
4635,4118,436,2,38.56,2
4636,4119,541,1,38.63,1
4637,4120,588,1,38.78,1
4638,4121,553,2,38.87,15
4639,4122,488,2,39.08,1
4640,4122,528,1,20.72,1
4641,4123,512,2,39.13,1
4642,4124,612,2,39.17,1
4643,4125,571,4,39.28,1
4644,4126,449,2,39.29,1
4645,4126,327,4,378.42,1
4646,4127,598,1,39.37,1
4647,4128,552,1,39.38,1
4648,4129,509,1,39.42,1
4649,4130,509,1,39.42,1
4650,4129,544,3,29.4,1
4651,4131,189,4,46.51,1
4652,4132,189,2,46.51,1
4653,4133,189,2,46.51,2
4654,4134,189,1,46.51,1
4655,4131,93,1,159.38,1
4656,4135,189,1,46.51,1
4657,4136,189,1,46.51,1
4658,4137,558,1,39.58,4
4659,4138,207,4,9.91,2
4660,4139,610,1,40.1,1
4661,4140,188,2,25.07,1
4662,4141,188,2,25.07,1
4663,4141,247,2,21.06,1
4664,4142,531,1,40.23,1
4665,4143,584,1,40.32,5
4666,4144,363,2,40.43,1
4667,4144,315,2,94.67,1
4668,4144,316,1,114.66,1
4669,4145,363,1,40.43,1
4670,4146,363,1,40.43,1
4671,4147,628,1,40.46,8
4672,4148,337,2,47.69,8
4673,4148,363,1,187.49,8
4674,4149,491,1,40.56,2
4675,4150,354,3,40.77,1
4676,4150,375,2,183.55,1
4677,4151,354,2,40.77,7
4678,4152,185,4,12.03,1
4679,4153,507,1,40.96,1
4680,4153,524,1,3.8,1
4681,4154,507,1,40.96,1
4682,4155,622,1,41.08,1
4683,4156,398,1,41.17,7
4684,4157,398,1,41.17,1
4685,4158,642,1,41.29,1
4686,4158,251,1,558.01,1
4687,4159,563,1,41.4,2
4688,4160,563,1,41.4,3
4689,4161,619,4,41.55,33
4690,4162,336,1,41.58,1
4691,4163,336,1,41.58,1
4692,4164,201,1,41.61,1
4693,4165,201,1,41.61,1
4694,4166,201,1,41.61,2
4695,4167,201,1,41.61,1
4696,4168,201,1,41.61,1
4697,4169,201,3,41.61,1
4698,4170,201,2,41.61,2
4699,4171,201,1,41.61,2
4700,4172,201,1,41.61,1
4701,4173,201,1,41.61,1
4702,4174,201,1,41.61,1
4703,4175,201,4,41.61,2
4704,4176,201,2,41.61,2
4705,4177,201,2,41.61,1
4706,4178,201,1,41.61,3
4707,4179,201,1,41.61,7
4708,4180,201,1,41.61,7
4709,4181,201,1,41.61,6
4710,4182,201,3,41.61,1
4711,4183,201,2,41.61,1
4712,4184,201,1,41.61,2
4713,4185,201,1,41.61,1
4714,4186,201,1,41.61,1
4715,4187,201,1,41.61,2
4716,4188,201,1,41.61,2
4717,4189,201,3,41.61,1
4718,4190,201,2,41.61,1
4719,4191,201,1,41.61,2
4720,4192,201,1,41.61,1
4721,4193,201,1,41.61,1
4722,4194,201,1,41.61,2
4723,4194,313,1,49.84,2
4724,4195,201,4,41.61,1
4725,4196,201,2,41.61,2
4726,4174,293,1,18.75,1
4727,4197,201,2,41.61,2
4728,4192,311,1,76.76,1
4729,4169,288,1,22.71,1
4730,4198,201,1,41.61,2
4731,4199,201,1,41.61,1
4732,4200,201,1,41.61,13
4733,4201,201,1,41.61,2
4734,4202,201,3,41.61,1
4735,4197,316,1,114.66,2
4736,4203,201,2,41.61,6
4737,4204,201,1,41.61,2
4738,4205,201,1,41.61,1
4739,4206,201,1,41.61,1
4740,4207,201,1,41.61,1
4741,4187,306,1,34.12,2
4742,4208,201,1,41.61,1
4743,4209,201,3,41.61,2
4744,4210,201,2,41.61,1
4745,4211,201,1,41.61,1
4746,4208,327,2,378.42,1
4747,4212,201,1,41.61,1
4748,4213,201,1,41.61,7
4749,4214,201,1,41.61,1
4750,4182,301,1,199.92,1
4751,4210,329,1,113.12,1
4752,4215,201,4,41.61,15
4753,4216,201,2,41.61,1
4754,4217,201,2,41.61,1
4755,4218,201,1,41.61,1
4756,4219,201,1,41.61,2
4757,4220,201,1,41.61,1
4758,4221,201,1,41.61,10
4759,4222,201,3,41.61,3
4760,4223,201,2,41.61,2
4761,4224,189,1,46.51,3
4762,4225,189,3,46.51,1
4763,4226,189,2,46.51,1
4764,4227,189,1,46.51,1
4765,4228,189,1,46.51,1
4766,4229,189,1,46.51,1
4767,4230,189,1,46.51,1
4768,4230,192,1,276.57,1
4769,4231,604,1,42.12,1
4770,4231,636,1,31.43,1
4771,4232,431,2,21.06,4
4772,4233,494,1,42.4,1
4773,4233,381,1,28.1,1
4774,4234,477,3,42.55,5
4775,4235,188,2,25.07,2
4776,4236,530,2,42.66,2
4777,4237,530,1,42.66,1
4778,4238,645,2,43.33,1
4779,4239,311,3,16.06,8
4780,4240,220,2,43.4,1
4781,4241,220,1,43.4,1
4782,4242,220,1,43.4,1
4783,4243,220,1,43.4,1
4784,4244,220,1,43.4,1
4785,4245,220,3,43.4,1
4786,4246,220,2,43.4,1
4787,4247,220,1,43.4,1
4788,4248,220,1,43.4,1
4789,4249,220,1,43.4,1
4790,4250,220,1,43.4,5
4791,4251,220,1,43.4,2
4792,4252,220,3,43.4,1
4793,4253,220,2,43.4,13
4794,4254,220,1,43.4,1
4795,4255,220,1,43.4,1
4796,4246,85,3,339.88,1
4797,4256,220,1,43.4,1
4798,4257,220,1,43.4,2
4799,4258,220,4,43.4,2
4800,4259,220,2,43.4,1
4801,4260,189,1,46.51,1
4802,4261,189,1,46.51,1
4803,4262,189,1,46.51,2
4804,4263,189,1,46.51,1
4805,4264,189,1,46.51,8
4806,4265,189,3,46.51,1
4807,4266,189,2,46.51,4
4808,4267,189,1,46.51,6
4809,4268,189,1,46.51,6
4810,4269,189,1,46.51,11
4811,4270,189,1,46.51,1
4812,4271,189,4,46.51,1
4813,4272,189,2,46.51,6
4814,4273,189,2,46.51,1
4815,4274,189,1,46.51,1
4816,4275,189,1,46.51,8
4817,4276,189,1,46.51,5
4818,4277,189,1,46.51,1
4819,4278,189,3,46.51,1
4820,4279,189,2,46.51,1
4821,4280,189,1,46.51,1
4822,4281,189,1,46.51,1
4823,4282,189,1,46.51,1
4824,4283,189,1,46.51,1
4825,4284,189,1,46.51,1
4826,4285,189,3,46.51,1
4827,4286,189,2,46.51,2
4828,4287,189,1,46.51,6
4829,4288,189,1,46.51,4
4830,4273,235,1,214.0,1
4831,4289,189,1,46.51,1
4832,4290,189,1,46.51,1
4833,4291,189,4,46.51,1
4834,4292,189,2,46.51,2
4835,4293,189,2,46.51,1
4836,4294,189,1,46.51,1
4837,4295,189,1,46.51,1
4838,4293,255,1,50.21,1
4839,4296,189,1,46.51,32
4840,4297,189,1,46.51,1
4841,4298,189,3,46.51,3
4842,4299,189,2,46.51,1
4843,4300,189,1,46.51,1
4844,4301,189,1,46.51,1
4845,4302,189,1,46.51,1
4846,4303,189,1,46.51,1
4847,4304,189,1,46.51,1
4848,4305,189,3,46.51,1
4849,4306,189,2,46.51,1
4850,4307,189,1,46.51,1
4851,4308,189,1,46.51,1
4852,4309,189,1,46.51,1
4853,4310,189,1,46.51,3
4854,4311,189,4,46.51,1
4855,4312,189,2,46.51,1
4856,4313,189,2,46.51,1
4857,4314,189,1,46.51,1
4858,4315,189,1,46.51,1
4859,4316,189,1,46.51,1
4860,4317,189,1,46.51,1
4861,4318,189,3,46.51,13
4862,4319,189,2,46.51,1
4863,4320,189,1,46.51,1
4864,4321,189,1,46.51,1
4865,4322,189,1,46.51,1
4866,4323,189,1,46.51,1
4867,4324,189,1,46.51,5
4868,4307,269,3,51.88,1
4869,4325,189,3,46.51,1
4870,4326,189,2,46.51,1
4871,4327,189,1,46.51,2
4872,4328,189,1,46.51,2
4873,4329,189,1,46.51,3
4874,4330,189,1,46.51,1
4875,4331,189,4,46.51,4
4876,4332,189,2,46.51,1
4877,4333,189,2,46.51,1
4878,4274,236,2,376.74,1
4879,4334,189,1,46.51,1
4880,4335,189,1,46.51,1
4881,4336,189,1,46.51,3
4882,4337,189,1,46.51,1
4883,4338,189,3,46.51,7
4884,4339,189,2,46.51,1
4885,4340,189,1,46.51,5
4886,4341,189,1,46.51,1
4887,4342,189,1,46.51,8
4888,4343,189,1,46.51,4
4889,4344,189,1,46.51,1
4890,4345,189,3,46.51,1
4891,4346,189,2,46.51,1
4892,4347,189,1,46.51,3
4893,4348,189,1,46.51,2
4894,4349,189,1,46.51,2
4895,4350,189,1,46.51,1
4896,4351,189,4,46.51,1
4897,4352,189,2,46.51,2
4898,4353,189,2,46.51,2
4899,4354,189,1,46.51,1
4900,4355,189,1,46.51,1
4901,4356,189,1,46.51,2
4902,4357,189,1,46.51,2
4903,4358,189,3,46.51,1
4904,4304,266,2,78.47,1
4905,4359,189,2,46.51,2
4906,4360,189,1,46.51,2
4907,4361,189,1,46.51,1
4908,4362,189,1,46.51,2
4909,4363,189,1,46.51,1
4910,4364,189,1,46.51,1
4911,4365,189,3,46.51,4
4912,4366,189,2,46.51,1
4913,4367,189,1,46.51,1
4914,4368,189,1,46.51,3
4915,4369,189,1,46.51,1
4916,4370,189,1,46.51,1
4917,4371,189,4,46.51,4
4918,4372,189,2,46.51,1
4919,4373,189,2,46.51,1
4920,4374,189,1,46.51,23
4921,4375,189,1,46.51,1
4922,4376,189,1,46.51,1
4923,4377,189,1,46.51,2
4924,4378,189,3,46.51,21
4925,4379,189,2,46.51,1
4926,4380,189,1,46.51,1
4927,4381,189,1,46.51,1
4928,4382,189,1,46.51,2
4929,4383,189,1,46.51,1
4930,4384,189,1,46.51,1
4931,4385,189,3,46.51,1
4932,4386,189,2,46.51,8
4933,4387,189,1,46.51,1
4934,4388,189,1,46.51,2
4935,4389,189,1,46.51,6
4936,4390,189,1,46.51,3
4937,4391,189,4,46.51,1
4938,4392,189,2,46.51,3
4939,4393,189,2,46.51,1
4940,4394,189,1,46.51,1
4941,4395,189,1,46.51,2
4942,4396,189,1,46.51,1
4943,4397,189,1,46.51,2
4944,4398,189,3,46.51,1
4945,4399,189,2,46.51,1
4946,4400,189,1,46.51,1
4947,4401,189,1,46.51,1
4948,4402,189,1,46.51,2
4949,4403,189,1,46.51,1
4950,4404,189,1,46.51,1
4951,4370,332,1,264.3,1
4952,4405,189,3,46.51,3
4953,4406,189,2,46.51,1
4954,4407,189,1,46.51,3
4955,4408,189,1,46.51,1
4956,4409,189,1,46.51,1
4957,4410,189,1,46.51,2
4958,4411,189,4,46.51,2
4959,4412,189,2,46.51,1
4960,4413,189,2,46.51,1
4961,4414,189,1,46.51,1
4962,4415,189,1,46.51,1
4963,4416,189,1,46.51,2
4964,4417,189,1,46.51,1
4965,4418,189,3,46.51,1
4966,4419,189,2,46.51,1
4967,4420,189,1,46.51,4
4968,4421,189,1,46.51,2
4969,4366,328,1,114.92,1
4970,4422,189,1,46.51,1
4971,4423,189,1,46.51,1
4972,4424,189,1,46.51,1
4973,4368,330,1,199.0,3
4974,4425,189,3,46.51,3
4975,4426,189,2,46.51,2
4976,4281,243,1,410.05,1
4977,4427,189,1,46.51,1
4978,4428,189,1,46.51,1
4979,4429,189,1,46.51,1
4980,4430,189,1,46.51,3
4981,4431,189,4,46.51,1
4982,4432,189,2,46.51,5
4983,4263,225,1,264.82,1
4984,4433,189,2,46.51,1
4985,4434,189,1,46.51,1
4986,4435,189,1,46.51,1
4987,4436,189,1,46.51,2
4988,4437,189,1,46.51,22
4989,4438,189,3,46.51,1
4990,4439,189,2,46.51,2
4991,4440,189,1,46.51,1
4992,4288,250,1,347.36,4
4993,4441,189,1,46.51,1
4994,4442,189,1,46.51,5
4995,4443,189,1,46.51,5
4996,4444,189,1,46.51,3
4997,4281,244,1,132.69,1
4998,4445,189,3,46.51,1
4999,4446,189,2,46.51,1
5000,4447,189,1,46.51,1
5001,4448,189,1,46.51,1
5002,4449,189,1,46.51,3
5003,4450,189,1,46.51,2
5004,4451,189,4,46.51,4
5005,4452,189,2,46.51,15
5006,4453,189,2,46.51,1
5007,4454,189,1,46.51,1
5008,4455,189,1,46.51,1
5009,4311,273,1,182.46,1
5010,4456,189,1,46.51,4
5011,4457,189,1,46.51,6
5012,4458,189,3,46.51,1
5013,4459,189,2,46.51,5
5014,4460,189,1,46.51,2
5015,4404,366,2,237.03,1
5016,4352,314,3,104.9,2
5017,4461,189,1,46.51,1
5018,4462,189,1,46.51,1
5019,4301,263,1,264.81,1
5020,4463,189,1,46.51,4
5021,4464,189,1,46.51,7
5022,4465,189,3,46.51,1
5023,4466,189,2,46.51,2
5024,4467,189,1,46.51,1
5025,4468,189,1,46.51,2
5026,4469,189,1,46.51,3
5027,4470,189,1,46.51,1
5028,4461,423,1,271.6,1
5029,4471,189,4,46.51,1
5030,4472,189,2,46.51,3
5031,4473,189,2,46.51,9
5032,4281,245,1,308.01,1
5033,4474,189,1,46.51,1
5034,4475,189,1,46.51,9
5035,4476,189,1,46.51,1
5036,4477,189,1,46.51,1
5037,4478,189,3,46.51,1
5038,4479,189,2,46.51,1
5039,4448,410,1,86.66,1
5040,4480,189,1,46.51,2
5041,4481,189,1,46.51,5
5042,4482,189,1,46.51,2
5043,4483,189,1,46.51,1
5044,4484,585,2,46.6,5
5045,4484,198,1,247.95,5
5046,4485,356,2,46.76,8
5047,4486,356,1,46.76,1
5048,4487,356,1,46.76,1
5049,4488,356,1,46.76,1
5050,4487,23,1,9.91,1
5051,4489,356,1,46.76,5
5052,4490,356,4,46.76,1
5053,4491,356,2,46.76,2
5054,4492,356,2,46.76,2
5055,4486,22,1,422.72,1
5056,4491,27,1,91.01,2
5057,4493,305,4,11.71,3
5058,4494,599,1,47.06,1
5059,4495,479,3,47.3,1
5060,4496,479,2,47.3,6
5061,4497,479,1,47.3,2
5062,4495,226,1,55.74,1
5063,4498,614,2,47.38,1
5064,4499,539,2,23.69,1
5065,4500,578,1,47.43,1
5066,4500,18,3,77.98,1
5067,4501,535,2,47.58,1
5068,4502,337,2,47.69,36
5069,4503,337,1,47.69,1
5070,4504,337,1,47.69,1
5071,4505,337,1,47.69,1
5072,4506,337,1,47.69,1
5073,4507,337,4,47.69,1
5074,4503,36,1,43.4,1
5075,4508,337,2,47.69,2
5076,4509,480,1,47.81,3
5077,4510,499,1,47.81,1
5078,4511,499,1,47.81,8
5079,4512,480,3,47.81,30
5080,4513,483,1,48.04,2
5081,4514,483,1,48.04,1
5082,4513,192,2,276.57,2
5083,4515,185,4,12.03,1
5084,4516,185,4,12.03,2
5085,4517,185,4,12.03,2
5086,4518,185,4,12.03,1
5087,4519,185,4,12.03,1
5088,4520,185,4,12.03,7
5089,4521,185,4,12.03,6
5090,4522,185,4,12.03,1
5091,4523,185,4,12.03,1
5092,4524,185,4,12.03,1
5093,4525,185,4,12.03,2
5094,4526,185,4,12.03,1
5095,4527,185,4,12.03,4
5096,4528,185,4,12.03,1
5097,4529,185,4,12.03,1
5098,4530,185,4,12.03,1
5099,4531,185,4,12.03,5
5100,4532,185,4,12.03,1
5101,4533,185,4,12.03,1
5102,4534,185,4,12.03,1
5103,4535,185,4,12.03,5
5104,4536,185,4,12.03,1
5105,4537,185,4,12.03,1
5106,4538,185,4,12.03,4
5107,4539,185,4,12.03,2
5108,4540,185,4,12.03,1
5109,4541,185,4,12.03,5
5110,4542,185,4,12.03,1
5111,4543,185,4,12.03,3
5112,4544,185,4,12.03,1
5113,4545,185,4,12.03,1
5114,4546,185,4,12.03,1
5115,4547,185,4,12.03,1
5116,4548,185,4,12.03,2
5117,4537,495,4,27.06,1
5118,4549,185,4,12.03,1
5119,4550,185,4,12.03,2
5120,4551,185,4,12.03,2
5121,4552,185,4,12.03,2
5122,4553,185,4,12.03,1
5123,4554,185,4,12.03,1
5124,4555,185,4,12.03,1
5125,4522,480,4,47.81,1
5126,4556,185,4,12.03,27
5127,4557,185,4,12.03,1
5128,4558,185,4,12.03,1
5129,4559,185,4,12.03,2
5130,4560,185,4,12.03,1
5131,4515,473,4,12.24,1
5132,4561,185,4,12.03,1
5133,4562,185,4,12.03,8
5134,4563,311,3,16.06,3
5135,4564,522,1,48.21,2
5136,4565,522,1,48.21,1
5137,4566,572,1,48.34,1
5138,4566,190,1,123.51,1
5139,4567,502,2,48.34,1
5140,4566,191,1,291.13,1
5141,4567,198,3,247.95,1
5142,4568,518,1,48.49,1
5143,4569,632,3,57.27,1
5144,4570,203,2,24.54,1
5145,4571,203,2,24.54,3
5146,4572,203,2,24.54,1
5147,4573,203,2,24.54,3
5148,4574,203,2,24.54,4
5149,4575,203,2,24.54,5
5150,4570,392,2,31.65,1
5151,4576,203,2,24.54,1
5152,4577,203,2,24.54,1
5153,4578,203,2,24.54,9
5154,4579,203,2,24.54,2
5155,4580,203,2,24.54,2
5156,4581,608,3,49.49,3
5157,4582,318,1,49.93,2
5158,4583,318,1,49.93,1
5159,4584,318,4,49.93,1
5160,4585,198,2,62.44,8
5161,4586,198,2,62.44,1
5162,4587,198,1,62.44,1
5163,4588,198,1,62.44,1
5164,4589,198,1,62.44,3
5165,4585,437,1,217.83,8
5166,4590,548,1,50.11,1
5167,4591,188,2,25.07,1
5168,4592,188,2,25.07,1
5169,4593,188,2,25.07,2
5170,4594,188,2,25.07,1
5171,4595,188,2,25.07,1
5172,4596,188,2,25.07,1
5173,4597,188,2,25.07,1
5174,4598,188,2,25.07,1
5175,4599,188,2,25.07,2
5176,4600,188,2,25.07,1
5177,4601,188,2,25.07,1
5178,4602,188,2,25.07,1
5179,4603,188,2,25.07,1
5180,4604,188,2,25.07,1
5181,4605,188,2,25.07,1
5182,4606,188,2,25.07,2
5183,4607,188,2,25.07,1
5184,4608,188,2,25.07,1
5185,4609,188,2,25.07,1
5186,4610,188,2,25.07,1
5187,4611,188,2,25.07,17
5188,4612,188,2,25.07,1
5189,4613,188,2,25.07,1
5190,4614,188,2,25.07,7
5191,4615,188,2,25.07,1
5192,4616,188,2,25.07,1
5193,4617,188,2,25.07,1
5194,4618,188,2,25.07,1
5195,4619,188,2,25.07,1
5196,4620,188,2,25.07,1
5197,4621,188,2,25.07,11
5198,4622,188,2,25.07,1
5199,4623,188,2,25.07,1
5200,4624,188,2,25.07,1
5201,4625,193,1,29.61,1
5202,4626,193,3,29.61,2
5203,4627,193,2,29.61,2
5204,4628,193,1,29.61,1
5205,4629,193,1,29.61,1
5206,4630,193,1,29.61,3
5207,4631,193,1,29.61,3
5208,4059,170,2,40.77,1
5209,4632,193,1,29.61,32
5210,4633,193,3,29.61,1
5211,4634,193,2,29.61,1
5212,4635,193,1,29.61,1
5213,4636,193,1,29.61,1
5214,4637,193,1,29.61,1
5215,4638,193,1,29.61,1
5216,4639,193,4,29.61,1
5217,4640,193,2,29.61,2
5218,4641,193,2,29.61,1
5219,4642,193,1,29.61,1
5220,4643,193,1,29.61,1
5221,4644,193,1,29.61,1
5222,4645,193,1,29.61,1
5223,4646,193,3,29.61,2
5224,4647,193,2,29.61,2
5225,4648,193,1,29.61,1
5226,4649,193,1,29.61,1
5227,4650,193,1,29.61,2
5228,4651,193,1,29.61,2
5229,4652,193,1,29.61,1
5230,4653,193,3,29.61,1
5231,4654,193,2,29.61,3
5232,4655,193,1,29.61,1
5233,4656,193,1,29.61,1
5234,4657,193,1,29.61,1
5235,4658,193,1,29.61,1
5236,4659,193,4,29.61,1
5237,4660,193,2,29.61,1
5238,4661,193,2,29.61,1
5239,4662,193,1,29.61,1
5240,4663,193,1,29.61,1
5241,4664,193,1,29.61,1
5242,4665,193,1,29.61,1
5243,4666,193,3,29.61,2
5244,4667,193,2,29.61,1
5245,4668,193,1,29.61,1
5246,4669,193,1,29.61,1
5247,4670,193,1,29.61,3
5248,4671,193,1,29.61,1
5249,4672,193,1,29.61,2
5250,4653,571,1,39.28,1
5251,4673,193,3,29.61,4
5252,4674,193,2,29.61,3
5253,4675,193,1,29.61,3
5254,4676,193,1,29.61,1
5255,4677,193,1,29.61,6
5256,4678,193,1,29.61,1
5257,4679,193,4,29.61,8
5258,4680,193,2,29.61,4
5259,4681,193,2,29.61,4
5260,4682,193,1,29.61,1
5261,4683,193,1,29.61,4
5262,4684,193,1,29.61,8
5263,4685,193,1,29.61,3
5264,4657,581,1,36.33,1
5265,4686,193,3,29.61,1
5266,4687,193,2,29.61,1
5267,4688,193,1,29.61,20
5268,4689,193,1,29.61,1
5269,4690,193,1,29.61,1
5270,4691,193,1,29.61,1
5271,4628,521,1,16.29,1
5272,4660,587,3,12.42,1
5273,4692,193,1,29.61,4
5274,4693,193,3,29.61,6
5275,4694,193,2,29.61,1
5276,4695,193,1,29.61,1
5277,4696,193,1,29.61,1
5278,4657,583,1,22.95,1
5279,4697,193,1,29.61,1
5280,4663,598,1,39.37,1
5281,4698,193,1,29.61,3
5282,4699,193,4,29.61,1
5283,4700,193,2,29.61,1
5284,4701,193,2,29.61,1
5285,4702,193,1,29.61,1
5286,4703,193,1,29.61,1
5287,4704,193,1,29.61,5
5288,4705,193,1,29.61,1
5289,4641,548,1,50.11,1
5290,4706,193,3,29.61,5
5291,4644,552,1,39.38,1
5292,4707,193,2,29.61,1
5293,4708,193,1,29.61,1
5294,4709,193,1,29.61,1
5295,4710,193,1,29.61,3
5296,4711,193,1,29.61,1
5297,4712,193,1,29.61,1
5298,4713,193,3,29.61,1
5299,4714,193,2,29.61,1
5300,4715,193,1,29.61,1
5301,4716,193,1,29.61,7
5302,4717,193,1,29.61,8
5303,4718,193,1,29.61,3
5304,4719,193,4,29.61,2
5305,4720,193,2,29.61,1
5306,4721,193,2,29.61,1
5307,4722,193,1,29.61,4
5308,4723,193,1,29.61,1
5309,4724,193,1,29.61,20
5310,4725,193,1,29.61,5
5311,4726,193,3,29.61,8
5312,4077,188,3,26.71,1
5313,4727,193,2,29.61,2
5314,4728,193,1,29.61,2
5315,4729,193,1,29.61,1
5316,4730,193,1,29.61,1
5317,4731,193,1,29.61,1
5318,4732,193,1,29.61,2
5319,4687,9,3,29.61,1
5320,4733,193,3,29.61,1
5321,4734,193,2,29.61,1
5322,4735,193,1,29.61,25
5323,4736,193,1,29.61,1
5324,4736,58,1,138.82,1
5325,4656,577,4,28.54,1
5326,4737,193,1,29.61,32
5327,4738,193,1,29.61,1
5328,4694,16,2,365.59,1
5329,4739,193,4,29.61,1
5330,4740,193,2,29.61,1
5331,4689,11,2,163.13,1
5332,4083,194,1,490.71,1
5333,4741,193,2,29.61,6
5334,4742,193,1,29.61,1
5335,4743,193,1,29.61,1
5336,4744,193,1,29.61,1
5337,4745,193,1,29.61,2
5338,4746,193,3,29.61,1
5339,4747,193,2,29.61,1
5340,4748,193,1,29.61,2
5341,4749,193,1,29.61,4
5342,4750,193,1,29.61,1
5343,4751,193,1,29.61,1
5344,4649,562,2,33.09,1
5345,4752,193,1,29.61,1
5346,4753,193,3,29.61,1
5347,4076,187,1,327.2,2
5348,4754,193,2,29.61,1
5349,4755,193,1,29.61,2
5350,4756,193,1,29.61,1
5351,4757,193,1,29.61,1
5352,4758,444,1,29.7,1
5353,4759,471,3,29.72,1
5354,4759,282,1,265.94,1
5355,4760,471,2,29.72,1
5356,4761,207,3,9.91,2
5357,4762,518,1,29.83,1
5358,4763,605,4,29.87,1
5359,4764,573,1,29.96,3
5360,4765,566,1,37.51,3
5361,4766,310,1,30.04,3
5362,4767,230,1,33.45,2
5363,4768,230,4,33.45,3
5364,4769,272,2,15.17,1
5365,4770,272,2,15.17,1
5366,4771,549,4,30.49,3
5367,4772,549,2,30.49,1
5368,4773,616,2,15.27,1
5369,4774,185,3,12.03,1
5370,4775,185,3,12.03,1
5371,4776,579,2,15.37,1
5372,4777,596,3,30.93,2
5373,4778,636,2,31.43,5
5374,4779,574,1,31.45,2
5375,4780,597,1,31.55,2
5376,4781,490,1,31.61,2
5377,4782,392,4,31.65,13
5378,4783,565,4,31.67,1
5379,4784,515,1,31.72,1
5380,4785,515,1,31.72,1
5381,4786,580,2,31.72,1
5382,4787,259,1,31.88,1
5383,4788,259,3,31.88,6
5384,4788,123,1,644.2,6
5385,4789,259,2,31.88,1
5386,4790,259,1,31.88,7
5387,4791,259,1,31.88,1
5388,4791,126,2,130.84,1
5389,4792,543,1,32.18,6
5390,4793,185,3,12.03,1
5391,4794,185,3,12.03,1
5392,4795,185,3,12.03,1
5393,4796,185,3,12.03,1
5394,4797,185,3,12.03,5
5395,4798,185,3,12.03,7
5396,4799,468,1,32.58,1
5397,4800,468,1,32.58,16
5398,4801,474,1,32.65,6
5399,4802,501,3,32.69,1
5400,4803,508,1,32.74,1
5401,4804,634,2,32.83,2
5402,4805,562,1,33.09,1
5403,4806,562,3,33.09,3
5404,4807,618,1,33.15,3
5405,4808,631,1,33.2,4
5406,4809,498,2,16.62,1
5407,4810,336,4,41.58,1
5408,4811,613,1,33.28,1
5409,4812,201,1,41.61,5
5410,4813,564,2,16.72,1
5411,4814,230,1,33.45,1
5412,4815,230,3,33.45,1
5413,4816,230,2,33.45,1
5414,4817,230,1,33.45,1
5415,4818,230,1,33.45,8
5416,4819,230,1,33.45,4
5417,4820,230,1,33.45,3
5418,4821,230,1,33.45,1
5419,4822,230,3,33.45,1
5420,4823,230,2,33.45,5
5421,4824,230,1,33.45,1
5422,4825,230,1,33.45,1
5423,4826,230,1,33.45,2
5424,4827,230,1,33.45,1
5425,4828,230,4,33.45,1
5426,4829,230,2,33.45,1
5427,4830,230,2,33.45,1
5428,4831,230,1,33.45,28
5429,4814,476,2,14.64,1
5430,4816,495,3,27.06,1
5431,4822,578,1,47.43,1
5432,4832,551,3,33.78,2
5433,4833,551,2,33.78,1
5434,4832,512,2,39.13,2
5435,4834,314,1,33.81,2
5436,4835,314,1,33.81,4
5437,4836,314,4,33.81,4
5438,4837,314,2,33.81,1
5439,4834,400,3,214.91,2
5440,4838,314,2,33.81,1
5441,4839,314,1,33.81,1
5442,4840,314,1,33.81,2
5443,4841,609,1,33.84,1
5444,4842,511,1,33.88,21
5445,4843,306,1,34.12,3
5446,4844,633,1,34.22,1
5447,4845,486,1,34.36,1
5448,4845,407,1,120.06,1
5449,4846,486,1,34.36,6
5450,4847,486,3,34.36,1
5451,4848,536,1,34.55,2
5452,4849,475,2,17.35,14
5453,4850,635,1,43.6,1
5454,4851,430,1,34.9,3
5455,4852,497,3,11.77,1
5456,4852,577,3,28.54,1
5457,4853,201,1,41.61,1
5458,4853,183,2,247.9,1
5459,4853,184,1,227.34,1
5460,4854,582,2,35.45,1
5461,4855,561,4,42.06,1
5462,4856,556,1,36.03,1
5463,4857,185,3,12.03,1
5464,4858,185,3,12.03,1
5465,4859,185,3,12.03,11
5466,4860,185,3,12.03,2
5467,4861,185,3,12.03,1
5468,4862,185,3,12.03,1
5469,4863,185,3,12.03,1
5470,4864,185,3,12.03,2
5471,4865,185,3,12.03,1
5472,4866,185,3,12.03,1
5473,4867,185,3,12.03,1
5474,4868,185,3,12.03,1
5475,4869,185,3,12.03,2
5476,4870,185,3,12.03,1
5477,4871,185,3,12.03,1
5478,4872,185,3,12.03,3
5479,4873,185,3,12.03,2
5480,4874,185,3,12.03,3
5481,4875,185,3,12.03,1
5482,4876,185,3,12.03,1
5483,4877,185,3,12.03,1
5484,4878,185,3,12.03,2
5485,4879,185,3,12.03,9
5486,4880,185,3,12.03,1
5487,4881,185,3,12.03,5
5488,4882,185,3,12.03,4
5489,4883,185,3,12.03,2
5490,4884,185,3,12.03,3
5491,4885,185,3,12.03,1
5492,4886,185,3,12.03,1
5493,4887,185,3,12.03,1
5494,4888,185,3,12.03,3
5495,4889,185,3,12.03,1
5496,4890,185,3,12.03,2
5497,4891,185,3,12.03,1
5498,4877,138,3,242.8,1
5499,4892,185,3,12.03,1
5500,4893,185,3,12.03,1
5501,4894,185,3,12.03,6
5502,4895,185,3,12.03,1
5503,4896,185,3,12.03,1
5504,4897,185,3,12.03,4
5505,4898,185,3,12.03,1
5506,4899,185,3,12.03,4
5507,4900,185,3,12.03,1
5508,4901,185,3,12.03,1
5509,4902,185,3,12.03,5
5510,4903,185,3,12.03,2
5511,4904,185,3,12.03,1
5512,4905,185,3,12.03,1
5513,4906,185,3,12.03,1
5514,4869,130,3,33.81,2
5515,4907,185,3,12.03,1
5516,4908,185,3,12.03,2
5517,4909,185,3,12.03,1
5518,4910,185,3,12.03,1
5519,4911,185,3,12.03,2
5520,4912,185,3,12.03,1
5521,4913,185,3,12.03,1
5522,4914,185,3,12.03,2
5523,4915,185,3,12.03,1
5524,4916,185,3,12.03,1
5525,4917,185,3,12.03,1
5526,4918,185,3,12.03,1
5527,4892,153,3,47.69,1
5528,4919,185,3,12.03,4
5529,4920,185,3,12.03,1
5530,4921,185,3,12.03,1
5531,4864,125,3,309.27,2
5532,4922,185,3,12.03,1
5533,4923,185,3,12.03,2
5534,4898,159,3,289.02,1
5535,4924,484,1,36.09,2
5536,4925,185,3,12.03,5
5537,4926,185,3,12.03,14
5538,4927,185,3,12.03,1
5539,4928,185,3,12.03,1
5540,4929,185,3,12.03,1
5541,4889,150,3,165.4,1
5542,4930,185,3,12.03,1
5543,4931,185,3,12.03,11
5544,4932,185,3,12.03,4
5545,4933,185,3,12.03,1
5546,4934,185,3,12.03,1
5547,4935,185,3,12.03,2
5548,4936,185,3,12.03,1
5549,4937,185,3,12.03,1
5550,4938,185,3,12.03,1
5551,4939,185,3,12.03,2
5552,4940,185,3,12.03,1
5553,4941,185,3,12.03,1
5554,4870,131,3,214.03,1
5555,4942,185,3,12.03,1
5556,4943,185,3,12.03,1
5557,4944,185,3,12.03,1
5558,4945,185,3,12.03,5
5559,4946,185,3,12.03,1
5560,4947,185,3,12.03,1
5561,4948,185,3,12.03,1
5562,4949,185,3,12.03,1
5563,4950,185,3,12.03,3
5564,4951,185,3,12.03,1
5565,4952,185,3,12.03,1
5566,4868,129,3,580.11,1
5567,4953,185,3,12.03,1
5568,4954,185,3,12.03,1
5569,4955,185,3,12.03,1
5570,4956,185,3,12.03,1
5571,4957,185,3,12.03,1
5572,4958,185,3,12.03,1
5573,4959,185,3,12.03,3
5574,4960,185,3,12.03,11
5575,4961,185,3,12.03,2
5576,4962,185,3,12.03,1
5577,4963,185,3,12.03,1
5578,4964,185,3,12.03,1
5579,4965,185,3,12.03,1
5580,4953,214,3,395.49,1
5581,4966,185,3,12.03,17
5582,4967,185,3,12.03,1
5583,4968,185,3,12.03,4
5584,4969,185,3,12.03,2
5585,4970,185,3,12.03,11
5586,4971,185,3,12.03,1
5587,4972,185,3,12.03,3
5588,4973,185,3,12.03,1
5589,4974,185,3,12.03,1
5590,4870,132,3,494.65,1
5591,4943,204,3,112.48,1
5592,4975,185,3,12.03,1
5593,4976,185,3,12.03,1
5594,4977,185,3,12.03,2
5595,4978,538,3,36.14,2
5596,4979,532,1,36.15,1
5597,4980,304,3,36.33,1
5598,4981,304,2,36.33,1
5599,4982,304,1,36.33,4
5600,4983,304,1,36.33,1
5601,4984,220,1,43.4,1
5602,4985,220,3,43.4,1
5603,4986,220,2,43.4,1
5604,4987,220,1,43.4,2
5605,4988,220,1,43.4,3
5606,4989,220,1,43.4,30
5607,4990,220,1,43.4,1
5608,4991,220,1,43.4,1
5609,4992,220,3,43.4,1
5610,4993,220,2,43.4,1
5611,4994,220,1,43.4,2
5612,4995,220,1,43.4,7
5613,4990,110,1,253.04,1
5614,4252,91,1,80.46,1
5615,4996,220,1,43.4,1
5616,4991,111,1,257.63,1
5617,4997,220,1,43.4,1
5618,4998,220,4,43.4,1
5619,4999,220,2,43.4,4
5620,5000,623,1,43.67,1
5621,4285,247,1,21.06,1
5622,4361,323,1,129.22,1
5623,4323,285,1,305.99,1
5624,4420,382,1,152.61,4
5625,4477,439,3,196.39,1
5626,4375,337,1,95.51,1
5627,4283,245,1,308.01,1
5628,4280,242,1,116.99,1
5629,4312,274,3,229.96,1
5630,4424,386,2,486.91,1
5631,4449,411,2,85.27,3
5632,4467,429,3,82.96,1
5633,4424,387,1,360.97,1
5634,4303,265,1,59.21,1
5635,4326,288,1,22.71,1
5636,4449,412,1,263.13,3
5637,4324,286,2,280.07,5
5638,4410,372,1,69.35,2
5639,4423,385,1,505.54,1
5640,4612,460,2,25.32,1
5641,4597,392,2,31.65,1
5642,92,267,1,354.98,1
5643,73,248,1,548.79,1
5644,123,298,1,305.51,1
5645,103,279,1,104.59,1
5646,1328,628,1,40.46,2
5647,167,258,1,120.18,1
5648,1133,576,3,21.79,1
5649,2536,585,1,46.6,1
5650,1549,295,3,183.68,1
5651,717,160,1,257.65,1
5652,2786,138,1,242.8,3
5653,1822,568,1,37.31,1
5654,4605,419,2,100.07,1
5655,118,293,1,18.75,2
5656,83,258,1,120.18,2
5657,261,401,1,102.99,1
5658,2631,376,1,107.25,1
5659,447,588,2,38.78,1
5660,471,611,1,21.19,1
5661,874,317,1,394.12,1
5662,2730,82,1,177.94,1
5663,2248,298,1,305.51,1
5664,1996,45,1,399.11,1
5665,859,303,1,189.65,1
5666,1194,637,1,28.13,1
5667,2061,110,1,253.04,1
5668,705,148,2,79.09,1
5669,887,330,1,199.0,1
5670,677,120,1,219.78,1
5671,2600,649,4,42.26,2
5672,1671,417,2,275.03,1
5673,286,426,1,16.9,1
5674,1021,464,1,156.03,1
5675,550,486,2,34.36,1
5676,900,343,2,360.65,1
5677,981,424,1,98.04,1
5678,1037,480,1,47.81,1
5679,2319,533,1,10.8,1
5680,2328,163,1,26.95,1
5681,2335,403,1,124.99,2
5682,2345,542,1,14.77,1
5683,2841,38,2,211.05,1
5684,2882,234,2,125.19,1
5685,2904,612,1,39.17,1
5686,3326,359,2,222.82,2
5687,3024,378,2,109.14,2
5688,3251,603,2,14.4,1
5689,3270,622,2,41.08,1
5690,3008,360,2,259.19,1
5691,3049,403,2,124.99,1
5692,3041,393,2,87.95,1
5693,3154,506,2,27.28,1
5694,3084,436,2,38.56,1
5695,3176,528,2,20.72,1
5696,3494,35,1,72.37,1
5697,3560,455,1,439.82,2
5698,3639,535,2,47.58,1
5699,3777,190,1,123.51,1
5700,3676,571,2,39.28,1
5701,3825,469,1,57.25,1
5702,3650,545,1,23.32,1
5703,3736,632,1,57.27,4
5704,3688,584,1,40.32,1
5705,3819,442,1,53.44,1
5706,3544,439,3,196.39,1
5707,3970,552,1,39.38,1
5708,4035,442,3,53.44,2
5709,4756,78,1,80.48,1
5710,4763,548,4,50.11,1
5711,4772,450,2,154.45,1
5712,4839,405,3,154.41,1
5713,4968,229,3,101.05,4
5714,4903,164,3,45.22,2
5715,4866,127,3,16.06,1
5716,4981,414,1,196.42,1
5717,4134,96,2,131.44,1
5718,4439,401,2,102.99,2
5719,4358,320,1,139.5,1
5720,4321,283,1,264.19,1
5721,4289,251,2,558.01,1
5722,4311,274,1,229.96,1
5723,4453,415,1,105.31,1
5724,4518,476,4,14.64,1
5725,4600,402,2,50.48,1
5726,4623,496,2,72.0,1
5727,49,189,1,238.05,1
5728,129,269,1,51.88,2
5729,1343,89,1,282.23,1
5730,1450,196,1,98.66,1
5731,1095,538,2,36.14,1
5732,695,138,2,242.8,12
5733,2043,93,1,159.38,1
5734,1033,477,2,42.55,1
5735,1679,425,3,611.6,1
5736,232,372,2,69.35,4
5737,2183,232,1,165.54,1
5738,2098,147,1,249.63,2
5739,2600,650,3,158.99,2
5740,1277,23,1,9.91,1
5741,2244,293,1,18.75,1
5742,455,595,1,27.0,1
5743,769,212,1,299.61,6
5744,221,362,1,223.11,1
5745,1612,358,1,188.26,1
5746,1304,50,3,111.19,1
5747,1289,35,3,72.37,2
5748,2093,142,1,237.42,2
5749,1238,379,2,255.13,2
5750,1515,263,1,264.81,1
5751,323,463,1,434.78,2
5752,201,341,1,184.46,1
5753,1038,481,3,5.6,1
5754,2386,435,1,366.51,2
5755,838,281,3,76.32,5
5756,2355,404,4,217.87,1
5757,929,372,1,69.35,2
5758,2080,129,4,580.11,2
5759,534,318,2,49.93,2
5760,1091,534,1,21.04,1
5761,1707,453,1,75.15,1
5762,2681,33,1,132.1,1
5763,2174,223,1,157.02,1
5764,1450,197,1,369.09,1
5765,2788,140,2,212.83,1
5766,1976,25,1,105.01,1
5767,2518,567,1,27.59,1
5768,1941,426,1,16.9,1
5769,1076,519,1,37.38,1
5770,2112,161,2,139.14,1
5771,2820,172,1,46.76,1
5772,452,592,2,20.28,1
5773,182,323,2,129.22,1
5774,830,273,2,182.46,8
5775,210,350,1,259.16,1
5776,1679,426,2,16.9,1
5777,317,457,2,420.93,2
5778,2087,136,2,211.59,2
5779,2287,336,2,94.0,1
5780,227,367,2,377.4,1
5781,1024,467,1,36.16,1
5782,2738,90,2,335.29,1
5783,386,526,1,99.0,1
5784,1669,415,3,105.31,1
5785,955,399,1,45.7,1
5786,767,210,1,110.93,1
5787,503,643,1,28.48,1
5788,1267,13,1,122.11,1
5789,948,391,3,199.1,1
5790,1759,505,3,29.83,1
5791,1427,174,1,112.56,1
5792,1196,639,1,14.3,1
5793,1003,446,3,255.94,1
5794,2122,171,2,243.48,1
5795,1305,51,1,264.93,1
5796,551,544,1,29.4,29
5797,1610,356,1,267.65,1
5798,988,431,3,276.1,1
5799,1231,318,1,49.93,2
5800,514,48,1,266.82,4
5801,861,304,1,36.33,1
5802,809,252,1,449.04,1
5803,2062,111,2,257.63,1
5804,2708,60,2,290.58,1
5805,1059,502,1,48.34,1
5806,1170,613,2,33.28,4
5807,1885,631,1,33.2,7
5808,2253,302,1,325.71,2
5809,2155,204,4,112.48,2
5810,2176,225,1,264.82,1
5811,1906,26,1,220.98,1
5812,1307,53,1,106.98,8
5813,599,42,1,10.44,1
5814,826,269,1,51.88,1
5815,433,573,1,29.96,3
5816,1880,626,1,20.93,1
5817,720,164,1,45.22,2
5818,757,202,1,113.3,1
5819,2693,45,2,399.11,1
5820,1245,443,3,276.3,1
5821,238,378,1,109.14,1
5822,1020,463,2,434.78,1
5823,628,71,3,374.02,1
5824,2621,297,1,255.96,1
5825,372,512,2,39.13,1
5826,731,174,1,112.56,2
5827,1098,541,3,38.63,1
5828,4059,171,1,243.48,1
5829,4757,79,3,69.22,1
5830,4876,137,3,191.57,1
5831,4958,219,3,20.54,1
5832,4890,151,3,280.25,2
5833,4099,60,1,290.58,1
5834,4129,545,2,23.32,1
5835,4202,321,1,80.04,1
5836,4225,187,1,327.2,1
5837,4379,341,2,184.46,1
5838,4355,317,1,394.12,1
5839,4385,347,1,62.4,1
5840,4403,365,1,475.59,1
5841,4305,267,1,354.98,1
5842,4294,256,2,225.05,1
5843,4375,338,1,39.67,1
5844,4333,295,1,183.68,1
5845,4350,312,1,191.81,1
5846,4569,453,2,75.15,1
5847,4583,325,1,111.94,1
5848,4595,381,2,28.1,1
5849,709,153,1,47.69,1
5850,927,370,1,109.98,1
5851,207,347,2,62.4,1
5852,353,493,1,21.64,3
5853,1046,489,1,21.61,1
5854,2419,468,1,88.66,1
5855,705,149,1,301.18,1
5856,2523,572,1,48.34,1
5857,940,383,2,254.6,1
5858,1022,465,1,350.51,1
5859,1148,591,3,14.56,2
5860,1850,596,1,30.93,1
5861,1992,41,2,138.0,1
5862,1741,487,2,23.05,2
5863,775,219,1,20.54,1
5864,322,462,2,351.11,1
5865,1733,479,1,47.3,1
5866,2349,446,1,255.94,1
5867,2883,235,2,214.0,2
5868,2902,624,2,16.22,2
5869,3447,102,2,305.06,3
5870,3321,309,2,415.47,1
5871,3100,452,2,198.07,1
5872,3288,640,2,17.08,1
5873,3156,508,2,32.74,1
5874,3246,598,2,39.37,1
5875,3107,459,2,195.72,1
5876,3120,472,2,13.2,1
5877,3065,417,2,275.03,12
5878,3108,460,2,25.32,1
5879,3112,464,2,156.03,1
5880,3339,544,2,29.4,2
5881,3200,552,2,39.38,1
5882,3235,587,2,12.42,2
5883,3112,465,2,350.51,1
5884,3267,619,2,41.55,2
5885,3480,21,1,81.2,1
5886,3945,51,1,264.93,1
5887,3778,190,2,123.51,1
5888,3685,580,1,31.72,2
5889,3740,635,1,43.6,2
5890,1301,47,2,154.45,1
5891,790,233,2,72.1,1
5892,314,454,1,160.06,1
5893,853,296,3,148.93,1
5894,2705,57,1,228.53,1
5895,1541,287,2,395.96,1
5896,605,48,2,266.82,1
5897,2182,231,2,394.45,1
5898,2840,37,1,56.02,1
5899,2848,308,1,491.89,1
5900,2848,309,1,415.47,1
5901,2963,215,2,162.01,1
5902,3280,632,2,57.27,9
5903,3169,521,2,16.29,1
5904,3400,55,2,112.89,3
5905,3398,53,2,106.98,1
5906,3149,501,2,32.69,1
5907,3114,466,2,273.61,1
5908,3251,604,2,42.12,1
5909,3299,11,2,163.13,1
5910,3097,449,2,39.29,1
5911,3098,450,2,154.45,1
5912,3325,334,2,55.25,2
5913,3438,94,2,303.96,1
5914,3085,437,2,217.83,1
5915,3431,86,2,86.04,1
5916,3400,56,2,204.04,3
5917,3114,467,2,36.16,1
5918,3288,641,2,17.23,1
5919,3314,211,2,311.6,1
5920,3226,579,2,15.37,1
5921,3273,625,2,27.74,1
5922,3041,394,2,316.94,1
5923,3008,361,2,154.99,1
5924,3455,535,1,47.58,1
5925,3489,30,1,26.27,1
5926,3467,9,1,29.61,4
5927,3587,482,1,19.0,1
5928,3858,549,1,30.49,9
5929,3951,57,2,228.53,1
5930,3723,618,1,33.15,1
5931,3835,500,2,21.15,1
5932,3674,569,3,37.37,1
5933,3605,500,1,21.15,1
5934,3815,415,1,105.31,1
5935,3536,431,2,276.1,3
5936,3682,577,1,28.54,1
5937,3678,573,1,29.96,1
5938,3792,246,1,130.88,1
5939,3957,68,3,350.94,1
5940,3964,547,1,21.69,1
5941,4697,19,3,24.54,1
5942,3735,630,1,27.55,1
5943,3842,516,1,29.34,6
5944,3882,612,1,39.17,1
5945,3562,457,1,420.93,1
5946,3969,551,2,33.78,1
5947,3992,574,3,31.45,1
5948,4002,292,1,276.36,1
5949,4024,420,2,166.79,1
5950,4639,543,2,32.18,1
5951,4699,21,2,81.2,1
5952,4754,76,2,126.17,1
5953,4694,17,1,41.61,1
5954,4744,66,2,383.04,1
5955,4690,12,1,274.41,1
5956,4734,56,2,204.04,1
5957,4748,70,1,90.22,2
5958,4833,513,1,21.09,1
5959,4856,488,1,39.08,1
5960,4905,166,3,83.04,1
5961,4906,167,3,329.05,1
5962,4223,342,2,316.09,2
5963,4237,497,2,11.77,1
5964,4247,86,1,86.04,1
5965,4476,438,1,51.99,1
5966,4419,381,2,28.1,1
5967,4282,244,3,132.69,1
5968,4309,271,2,197.16,1
5969,4326,289,1,459.03,1
5970,4293,256,1,225.05,1
5971,4503,37,1,56.02,1
5972,4532,490,4,31.61,1
5973,4546,504,4,37.3,1
5974,4566,192,1,276.57,1
5975,4569,454,2,160.06,1
5976,151,291,1,370.4,1
5977,1374,120,3,219.78,1
5978,1357,103,1,36.46,2
5979,844,287,1,395.96,3
5980,1021,465,4,350.51,1
5981,409,549,1,30.49,1
5982,2627,329,3,113.12,1
5983,1654,400,3,214.91,2
5984,842,285,1,305.99,1
5985,1996,46,1,33.45,1
5986,314,455,1,439.82,1
5987,1542,288,1,22.71,1
5988,296,436,1,38.56,2
5989,1639,385,3,505.54,1
5990,1515,264,1,337.41,1
5991,1399,145,3,421.82,1
5992,500,640,1,17.08,2
5993,2450,499,4,15.02,1
5994,2654,6,1,111.68,3
5995,1645,391,1,199.1,2
5996,401,541,1,38.63,1
5997,2792,144,1,217.73,1
5998,1822,569,1,37.37,1
5999,2635,405,1,154.41,1
6000,2811,163,1,26.95,1
6001,2250,299,4,17.88,1
6002,706,149,1,301.18,1
6003,2719,71,1,374.02,1
6004,2528,577,1,28.54,1
6005,1191,634,1,32.83,3
6006,3374,29,2,191.99,1
6007,3250,602,2,13.62,1
6008,3346,1,2,12.03,2
6009,3495,36,1,43.4,5
6010,3542,437,1,217.83,1
6011,3951,58,1,138.82,1
6012,3900,6,1,111.68,1
6013,3557,453,4,75.15,1
6014,3587,483,4,48.04,1
6015,4064,175,2,375.39,2
6016,4802,491,2,40.56,1
6017,4821,570,1,8.45,1
6018,4962,223,3,157.02,1
6019,4916,177,3,28.52,1
6020,4208,328,1,114.92,1
6021,4399,361,2,154.99,1
6022,4492,28,1,90.46,2
6023,18,547,1,21.69,1
6024,39,180,1,71.2,1
6025,3616,512,1,39.13,1
6026,3548,443,1,276.3,1
6027,3567,462,1,351.11,1
6028,3778,193,2,69.29,1
6029,3608,503,1,13.24,1
6030,3713,609,1,33.84,1
6031,3709,604,3,42.12,1
6032,3707,602,1,13.62,1
6033,4754,77,1,90.25,1
6034,4730,52,1,55.33,1
6035,4676,644,2,14.94,1
6036,4756,79,1,69.22,1
6037,4761,148,3,79.09,2
6038,4778,511,1,33.88,5
6039,4866,128,3,68.39,1
6040,4857,118,3,243.5,1
6041,4884,145,3,421.82,3
6042,4975,236,3,376.74,1
6043,4095,190,1,123.51,1
6044,4143,381,1,28.1,5
6045,4150,376,2,107.25,1
6046,4175,294,1,115.89,2
6047,4238,635,1,43.6,1
6048,4984,104,1,246.1,1
6049,4282,245,2,308.01,1
6050,4315,277,1,126.86,1
6051,4475,437,1,217.83,9
6052,4424,388,1,272.88,1
6053,4283,246,1,130.88,1
6054,4320,282,1,265.94,1
6055,4260,222,1,128.57,1
6056,4306,268,1,139.52,1
6057,4400,362,1,223.11,1
6058,4472,434,3,76.18,3
6059,4302,264,3,337.41,1
6060,4533,491,4,40.56,1
6061,4536,494,4,42.4,1
6062,4591,328,2,114.92,1
6063,168,257,1,73.53,1
6064,1351,97,2,183.61,1
6065,494,634,1,32.83,1
6066,2386,436,1,38.56,2
6067,2239,288,1,22.71,1
6068,1239,387,1,360.97,1
6069,1403,149,1,301.18,1
6070,1540,286,1,280.07,1
6071,185,325,1,111.94,1
6072,2315,364,4,402.26,2
6073,395,535,1,47.58,1
6074,205,345,1,462.19,12
6075,788,231,3,394.45,1
6076,1775,521,1,16.29,1
6077,494,635,1,43.6,1
6078,1000,443,2,276.3,1
6079,1499,245,3,308.01,1
6080,733,176,3,239.68,1
6081,367,507,2,40.96,1
6082,1083,526,3,99.0,1
6083,885,328,2,114.92,3
6084,349,489,1,21.61,1
6085,480,620,1,21.1,1
6086,780,223,2,157.02,1
6087,2444,493,1,21.64,1
6088,2167,216,2,71.34,1
6089,2101,150,1,165.4,2
6090,1074,518,1,48.49,1
6091,448,588,1,38.78,1
6092,2113,163,1,26.95,1
6093,1589,336,2,94.0,1
6094,1533,280,1,145.57,1
6095,1566,312,2,191.81,3
6096,2021,70,1,90.22,1
6097,2762,114,1,50.23,1
6098,1803,550,1,7.88,1
6099,2229,278,1,184.2,1
6100,1226,293,1,18.75,1
6101,2393,442,1,53.44,1
6102,1215,114,1,50.23,1
6103,1475,222,1,128.57,1
6104,1505,252,1,449.04,1
6105,889,332,1,264.3,3
6106,2457,506,2,27.28,1
6107,2563,612,1,39.17,1
6108,1738,484,1,36.09,3
6109,1195,638,2,18.44,1
6110,1988,38,1,211.05,2
6111,1908,48,1,266.82,3
6112,1872,618,1,33.15,1
6113,1632,378,1,109.14,2
6114,1684,430,3,34.9,1
6115,287,427,2,123.74,1
6116,1112,556,1,36.03,1
6117,814,257,1,73.53,1
6118,2265,315,3,94.67,1
6119,1109,552,1,39.38,1
6120,2449,499,1,15.02,1
6121,1233,334,1,55.25,1
6122,1593,339,1,189.44,1
6123,1560,306,1,34.12,1
6124,1573,319,1,525.0,1
6125,1960,9,4,29.61,13
6126,2142,191,2,291.13,1
6127,2414,463,1,434.78,2
6128,2078,127,1,16.06,2
6129,2412,461,2,27.52,1
6130,2443,492,1,22.36,1
6131,2175,224,4,176.81,1
6132,2871,555,1,13.49,1
6133,2881,234,2,125.19,1
6134,2896,6,3,111.68,1
6135,3059,411,2,85.27,2
6136,3291,643,2,28.48,1
6137,3140,492,2,22.36,1
6138,3382,37,2,56.02,1
6139,3096,448,2,238.46,1
6140,3413,68,2,350.94,1
6141,3216,568,2,37.31,1
6142,3406,61,2,442.95,1
6143,3327,373,2,27.3,1
6144,3160,512,2,39.13,1
6145,3442,97,2,183.61,2
6146,3179,531,2,40.23,1
6147,3532,427,1,123.74,6
6148,3734,629,3,27.56,1
6149,3753,648,1,66.5,3
6150,3798,316,1,114.66,1
6151,3711,606,2,22.71,1
6152,126,266,1,78.47,1
6153,1347,94,1,303.96,1
6154,2545,594,4,18.73,1
6155,1559,305,3,11.71,1
6156,2127,176,2,239.68,2
6157,1573,320,1,139.5,1
6158,285,425,1,611.6,1
6159,1846,592,2,20.28,1
6160,354,494,1,42.4,1
6161,2578,627,1,17.59,8
6162,2572,621,2,11.76,1
6163,860,304,1,36.33,2
6164,2637,418,1,56.89,1
6165,2210,260,3,431.64,1
6166,702,145,1,421.82,2
6167,569,12,1,274.41,3
6168,943,386,3,486.91,1
6169,1819,565,3,31.67,1
6170,2667,19,1,24.54,1
6171,991,434,1,76.18,1
6172,1992,42,2,10.44,1
6173,1059,503,1,13.24,1
6174,1589,337,2,95.51,1
6175,1625,371,1,390.63,2
6176,1068,511,3,33.88,1
6177,334,474,1,32.65,1
6178,1496,242,2,116.99,1
6179,181,322,1,227.78,2
6180,851,294,1,115.89,1
6181,877,321,1,80.04,1
6182,2774,126,1,130.84,1
6183,407,547,2,21.69,6
6184,1959,8,1,283.78,1
6185,2668,20,2,230.76,1
6186,1119,563,1,41.4,1
6187,2174,224,1,176.81,1
6188,2484,533,1,10.8,1
6189,1192,635,1,43.6,1
6190,1543,289,1,459.03,1
6191,55,195,1,93.66,1
6192,41,181,1,112.82,1
6193,79,254,3,12.49,1
6194,107,283,4,264.19,1
6195,4615,473,2,12.24,1
6196,6,366,2,237.03,1
6197,109,284,3,32.58,1
6198,80,255,1,50.21,1
6199,1339,85,3,339.88,1
6200,1336,82,2,177.94,1
6201,531,297,2,255.96,1
6202,3920,26,1,220.98,1
6203,3769,109,1,68.55,1
6204,3644,539,3,23.69,1
6205,3622,517,1,25.54,2
6206,3755,3,2,162.66,2
6207,3936,42,2,10.44,1
6208,3990,572,1,48.34,1
6209,4814,494,4,42.4,1
6210,4887,148,3,79.09,1
6211,4958,220,3,346.04,1
6212,4973,234,3,125.19,1
6213,4963,224,3,176.81,1
6214,4983,416,1,211.5,1
6215,4150,377,1,45.07,1
6216,4240,79,1,69.22,1
6217,4372,334,3,55.25,1
6218,4314,276,2,37.0,1
6219,4491,28,1,90.46,2
6220,4519,477,4,42.55,1
6221,4571,393,2,87.95,3
6222,4620,490,2,31.61,1
6223,4623,500,2,21.15,1
6224,21,529,2,20.02,2
6225,55,196,3,98.66,1
6226,50,191,3,291.13,1
6227,107,284,3,32.58,1
6228,1365,112,1,109.74,1
6229,1343,90,1,335.29,1
6230,793,237,2,152.7,1
6231,1491,239,1,66.78,1
6232,643,86,3,86.04,1
6233,2656,8,1,283.78,1
6234,1947,556,2,36.03,7
6235,1818,564,1,16.72,1
6236,1955,4,4,25.07,5
6237,2514,563,1,41.4,1
6238,1967,16,2,365.59,1
6239,2440,489,4,21.61,1
6240,1604,350,3,259.16,1
6241,1784,530,3,42.66,4
6242,343,483,1,48.04,1
6243,928,371,3,390.63,1
6244,2591,640,1,17.08,1
6245,2400,449,4,39.29,1
6246,2230,279,4,104.59,1
6247,2094,144,1,217.73,1
6248,2587,636,2,31.43,1
6249,1671,418,1,56.89,1
6250,1075,518,2,48.49,1
6251,1216,116,1,65.4,1
6252,2573,622,1,41.08,1
6253,900,344,1,132.89,1
6254,1527,273,1,182.46,1
6255,1117,561,1,42.06,1
6256,2020,70,3,90.22,1
6257,323,464,1,156.03,2
6258,2218,267,1,354.98,1
6259,734,178,1,59.31,1
6260,1400,146,1,293.21,1
6261,1647,393,1,87.95,1
6262,1810,556,1,36.03,2
6263,1836,582,2,35.45,3
6264,602,45,1,399.11,7
6265,1528,274,1,229.96,1
6266,615,58,2,138.82,1
6267,1681,427,2,123.74,3
6268,1236,373,2,27.3,1
6269,259,399,1,45.7,2
6270,2386,437,1,217.83,2
6271,2678,30,2,26.27,1
6272,577,20,1,230.76,1
6273,1102,545,1,23.32,2
6274,2694,46,1,33.45,2
6275,2070,119,4,74.86,1
6276,889,333,1,74.38,3
6277,1567,313,1,49.84,1
6278,2759,111,1,257.63,1
6279,2759,112,1,109.74,1
6280,2672,24,1,196.2,1
6281,2477,526,2,99.0,1
6282,313,453,1,75.15,1
6283,1669,416,2,211.5,1
6284,2091,140,1,212.83,1
6285,1012,456,1,84.96,1
6286,2693,46,2,33.45,1
6287,1858,604,1,42.12,1
6288,1869,615,3,20.24,1
6289,1731,478,1,47.81,1
6290,3534,430,2,34.9,1
6291,3634,529,3,20.02,1
6292,3737,632,1,57.27,1
6293,3689,584,3,40.32,1
6294,3926,32,2,72.97,1
6295,3624,519,3,37.38,1
6296,3989,571,2,39.28,1
6297,4024,421,2,204.49,1
6298,4057,374,1,88.57,1
6299,4642,549,2,30.49,1
6300,4080,191,1,291.13,1
6301,4082,194,1,490.71,3
6302,4759,283,1,264.19,1
6303,4811,364,1,402.26,1
6304,4855,545,1,23.32,1
6305,4887,149,3,301.18,1
6306,4933,194,3,490.71,1
6307,4954,215,3,162.01,1
6308,4930,191,3,291.13,1
6309,4974,235,3,214.0,1
6310,4892,154,3,137.75,1
6311,4097,192,1,276.57,1
6312,4177,296,1,148.93,1
6313,4206,325,3,111.94,1
6314,4993,113,1,104.06,1
6315,4363,325,1,111.94,1
6316,4280,243,1,410.05,1
6317,4300,262,1,628.61,1
6318,4285,248,1,548.79,1
6319,4415,377,1,45.07,1
6320,4372,335,2,328.06,1
6321,4283,247,1,21.06,1
6322,4505,38,1,211.05,1
6323,4530,488,4,39.08,1
6324,4533,492,4,22.36,1
6325,2149,198,1,247.95,1
6326,2713,65,2,535.63,1
6327,1432,178,1,59.31,1
6328,364,504,1,37.3,1
6329,269,410,1,86.66,1
6330,1813,559,1,22.77,1
6331,1818,565,1,31.67,1
6332,1544,290,3,229.2,1
6333,2431,480,1,47.81,1
6334,1614,360,3,259.19,1
6335,280,421,3,204.49,1
6336,2316,365,1,475.59,1
6337,541,379,1,255.13,1
6338,1676,425,1,611.6,1
6339,1871,617,2,28.29,2
6340,2833,428,2,87.29,1
6341,2850,202,2,113.3,1
6342,2850,203,2,394.7,1
6343,2904,613,3,33.28,1
6344,2933,64,1,182.06,1
6345,2940,626,1,20.93,1
6346,3016,368,2,82.89,1
6347,3199,551,2,33.78,4
6348,3413,69,2,487.87,1
6349,3119,471,2,29.72,1
6350,3086,438,2,51.99,1
6351,3110,462,2,351.11,1
6352,3238,590,2,25.67,1
6353,3094,446,2,255.94,1
6354,3109,461,2,27.52,1
6355,3228,580,2,31.72,2
6356,3402,57,2,228.53,1
6357,3318,293,2,18.75,1
6358,3030,382,2,152.61,2
6359,2993,346,2,256.37,1
6360,3225,577,2,28.54,1
6361,3396,51,2,264.93,1
6362,3497,38,1,211.05,1
6363,3466,8,3,283.78,1
6364,3834,496,2,72.0,1
6365,3571,466,2,273.61,1
6366,3719,614,3,47.38,1
6367,3689,585,2,46.6,1
6368,3589,484,3,36.09,1
6369,3648,543,1,32.18,4
6370,3560,456,1,84.96,2
6371,1187,631,1,33.2,1
6372,2177,226,2,55.74,1
6373,1504,250,3,347.36,1
6374,2700,52,1,55.33,2
6375,1851,597,2,31.55,1
6376,594,38,1,211.05,1
6377,1254,648,1,66.5,1
6378,1770,517,1,25.54,1
6379,616,59,1,365.1,1
6380,2519,568,1,37.31,1
6381,2438,487,1,23.05,1
6382,1891,637,2,28.13,1
6383,2115,164,4,45.22,1
6384,348,488,1,39.08,1
6385,1614,361,2,154.99,1
6386,1592,338,1,39.67,1
6387,253,393,1,87.95,1
6388,2284,333,1,74.38,1
6389,522,146,1,293.21,1
6390,2092,141,2,348.57,1
6391,2777,129,1,580.11,1
6392,2707,59,1,365.1,1
6393,1992,43,1,231.72,1
6394,2498,548,1,50.11,1
6395,2084,133,1,385.24,1
6396,994,438,1,51.99,1
6397,1539,285,3,305.99,1
6398,1748,494,1,42.4,1
6399,577,21,1,81.2,1
6400,1296,42,2,10.44,1
6401,2032,81,2,413.9,1
6402,2436,485,1,23.01,1
6403,540,376,2,107.25,1
6404,1533,281,1,76.32,1
6405,2739,91,1,80.46,1
6406,1615,361,1,154.99,1
6407,1989,38,1,211.05,1
6408,1894,640,3,17.08,1
6409,2514,564,1,16.72,1
6410,1596,342,2,316.09,1
6411,1131,574,1,31.45,1
6412,1446,194,1,490.71,1
6413,572,15,1,477.9,1
6414,1034,477,1,42.55,1
6415,194,334,1,55.25,1
6416,1415,161,1,139.14,3
6417,1396,143,1,428.1,1
6418,357,497,2,11.77,2
6419,2821,173,1,338.35,1
6420,2192,241,2,557.86,1
6421,1435,182,1,611.53,1
6422,479,619,1,41.55,1
6423,1575,321,1,80.04,1
6424,1671,419,1,100.07,1
6425,1324,625,1,27.74,1
6426,1371,117,2,406.66,1
6427,842,286,1,280.07,1
6428,2794,146,1,293.21,1
6429,914,357,1,207.92,1
6430,2624,309,1,415.47,1
6431,480,621,3,11.76,1
6432,744,187,1,327.2,1
6433,2775,127,1,16.06,1
6434,1815,561,1,42.06,1
6435,1922,253,3,189.07,1
6436,1846,593,1,21.21,1
6437,489,629,1,27.56,1
6438,1710,456,1,84.96,1
6439,643,87,2,86.3,1
6440,1049,492,1,22.36,2
6441,1040,483,2,48.04,2
6442,594,39,1,88.58,1
6443,1773,519,1,37.38,1
6444,2545,595,3,27.0,1
6445,183,323,1,129.22,1
6446,2804,156,1,190.27,1
6447,2435,484,4,36.09,1
6448,839,282,1,265.94,1
6449,1216,126,1,130.84,1
6450,519,116,4,65.4,1
6451,1503,249,1,125.59,1
6452,2168,217,1,376.71,1
6453,553,556,3,36.03,2
6454,777,221,1,346.71,1
6455,1939,413,1,17.69,4
6456,354,495,1,27.06,1
6457,236,376,1,107.25,1
6458,341,482,1,19.0,1
6459,1661,407,2,120.06,1
6460,2238,287,1,395.96,1
6461,2188,237,1,152.7,2
6462,2174,225,1,264.82,1
6463,314,456,1,84.96,1
6464,683,126,3,130.84,1
6465,2800,152,1,41.58,2
6466,2024,73,1,75.84,2
6467,239,380,1,299.17,1
6468,2335,404,1,217.87,2
6469,2345,543,4,32.18,1
6470,3262,614,2,47.38,2
6471,3314,250,2,347.36,1
6472,3200,553,2,38.87,1
6473,3180,532,2,36.15,1
6474,3101,453,2,75.15,1
6475,2998,350,2,259.16,1
6476,3114,468,2,88.66,1
6477,3144,496,2,72.0,1
6478,3228,581,2,36.33,2
6479,3126,478,2,47.81,1
6480,3474,15,1,477.9,1
6481,3651,546,2,29.19,1
6482,4951,212,3,299.61,1
6483,4943,205,3,393.17,1
6484,4921,182,3,611.53,1
6485,4127,643,1,28.48,1
6486,4454,416,2,211.5,1
6487,4454,417,1,275.03,1
6488,4367,329,3,113.12,1
6489,4308,270,1,526.9,1
6490,4370,333,1,74.38,1
6491,4306,269,1,51.88,1
6492,4309,272,1,92.8,1
6493,4344,306,2,34.12,1
6494,4440,402,1,50.48,1
6495,4383,345,1,462.19,1
6496,4285,249,3,125.59,1
6497,4490,26,2,220.98,1
6498,4553,511,4,33.88,1
6499,4536,495,4,27.06,1
6500,4588,440,2,174.4,1
6501,4602,407,2,120.06,1
6502,3557,454,3,160.06,1
6503,3752,647,1,410.61,2
6504,3826,473,1,12.24,1
6505,3855,543,1,32.18,1
6506,3546,441,2,521.82,1
6507,3518,413,1,17.69,1
6508,3638,533,1,10.8,1
6509,3713,610,1,40.1,1
6510,3599,494,3,42.4,1
6511,3862,554,1,27.9,1
6512,3957,69,2,487.87,1
6513,3969,552,1,39.38,1
6514,3986,568,1,37.31,1
6515,4024,422,1,56.42,1
6516,4026,168,1,195.36,1
6517,4045,541,1,38.63,1
6518,4722,44,3,201.84,4
6519,4692,14,3,62.44,4
6520,4065,176,1,239.68,2
6521,4743,65,1,535.63,1
6522,4738,60,1,290.58,1
6523,4682,4,3,25.07,1
6524,4694,18,1,77.98,1
6525,4699,22,1,422.72,1
6526,4769,451,2,211.16,1
6527,4774,35,3,72.37,1
6528,4809,559,2,22.77,1
6529,4813,565,2,31.67,1
6530,4825,602,1,13.62,1
6531,4920,181,3,112.82,1
6532,4924,516,1,29.34,2
6533,4882,143,3,428.1,4
6534,4900,161,3,139.14,1
6535,4119,412,2,263.13,1
6536,4144,317,1,394.12,1
6537,4214,333,1,74.38,1
6538,4439,402,1,50.48,2
6539,4401,363,1,187.49,1
6540,4305,268,1,139.52,1
6541,2717,69,1,487.87,1
6542,1945,544,1,29.4,1
6543,2783,135,2,205.78,3
6544,1432,179,1,40.43,1
6545,2687,39,1,88.58,1
6546,727,171,1,243.48,1
6547,1285,31,1,340.92,1
6548,1771,517,2,25.54,2
6549,1855,601,1,9.84,2
6550,939,383,1,254.6,2
6551,2711,63,1,343.2,2
6552,1564,310,3,30.04,1
6553,1241,405,1,154.41,1
6554,992,435,1,366.51,1
6555,2358,407,1,120.06,1
6556,1905,11,1,163.13,1
6557,2809,161,1,139.14,1
6558,2738,91,2,80.46,1
6559,2578,628,1,40.46,8
6560,2659,11,1,163.13,1
6561,566,9,1,29.61,1
6562,1826,572,2,48.34,1
6563,2067,116,2,65.4,1
6564,1879,625,3,27.74,1
6565,1758,504,1,37.3,1
6566,2713,66,2,383.04,1
6567,2363,412,1,263.13,1
6568,963,406,3,28.1,1
6569,781,224,1,176.81,2
6570,1282,28,1,90.46,1
6571,1451,197,2,369.09,2
6572,1269,15,3,477.9,1
6573,1076,520,4,23.7,1
6574,1723,469,1,57.25,1
6575,680,123,2,644.2,1
6576,1710,457,1,420.93,1
6577,1290,36,1,43.4,2
6578,668,111,3,257.63,1
6579,2154,203,1,394.7,2
6580,213,353,1,345.94,1
6581,2048,97,1,183.61,1
6582,2474,523,1,27.77,1
6583,1761,507,2,40.96,1
6584,1167,610,1,40.1,2
6585,597,40,1,138.47,1
6586,2002,51,2,264.93,1
6587,2113,164,4,45.22,1
6588,2570,619,4,41.55,1
6589,285,426,3,16.9,1
6590,1316,62,2,52.96,1
6591,2269,318,1,49.93,1
6592,681,124,1,85.93,1
6593,2098,148,1,79.09,2
6594,2145,194,4,490.71,1
6595,522,189,1,238.05,1
6596,1687,433,1,244.8,1
6597,2349,447,1,69.64,1
6598,2887,239,2,66.78,1
6599,2937,233,1,72.1,1
6600,2940,627,3,17.59,1
6601,2982,334,2,55.25,1
6602,3105,457,2,420.93,1
6603,3262,615,2,20.24,2
6604,3105,458,2,227.7,1
6605,3138,490,2,31.61,1
6606,3378,33,2,132.1,1
6607,3243,595,2,27.0,1
6608,3256,608,2,49.49,1
6609,3022,376,2,107.25,1
6610,3105,459,2,195.72,1
6611,3093,445,2,201.39,1
6612,3372,27,2,91.01,1
6613,3431,87,2,86.3,1
6614,3188,540,2,37.72,1
6615,3339,550,2,7.88,2
6616,3299,26,2,220.98,1
6617,3106,458,2,227.7,1
6618,3169,522,2,48.21,1
6619,3483,25,2,105.01,1
6620,3870,573,2,29.96,1
6621,3522,417,1,275.03,2
6622,3670,566,1,37.51,1
6623,3509,405,2,154.41,1
6624,3596,491,2,40.56,1
6625,3811,402,1,50.48,2
6626,3770,113,2,104.06,1
6627,3603,498,1,16.62,2
6628,3838,504,1,37.3,1
6629,3692,587,1,12.42,1
6630,3599,495,2,27.06,1
6631,3990,573,1,29.96,1
6632,4015,175,1,375.39,1
6633,4043,450,1,154.45,1
6634,4052,399,2,45.7,1
6635,4723,45,1,399.11,1
6636,4744,67,1,226.7,1
6637,4086,197,1,369.09,1
6638,4763,549,3,30.49,1
6639,1150,594,1,18.73,1
6640,505,645,1,43.33,1
6641,1589,338,1,39.67,1
6642,1316,63,1,343.2,1
6643,2278,327,1,378.42,4
6644,1712,458,1,227.7,1
6645,2709,61,1,442.95,1
6646,455,596,3,30.93,1
6647,2737,89,1,282.23,1
6648,429,569,1,37.37,1
6649,634,77,1,90.25,1
6650,1109,553,1,38.87,1
6651,1868,614,1,47.38,2
6652,1505,253,1,189.07,1
6653,437,577,2,28.54,1
6654,598,41,3,138.0,1
6655,620,65,1,535.63,1
6656,1033,478,2,47.81,1
6657,880,323,2,129.22,2
6658,292,433,2,244.8,1
6659,324,464,1,156.03,1
6660,1536,282,2,265.94,1
6661,846,289,1,459.03,1
6662,1260,6,1,111.68,1
6663,1109,554,1,27.9,1
6664,264,404,1,217.87,2
6665,2762,115,1,362.61,1
6666,2575,624,4,16.22,2
6667,1488,236,1,376.74,2
6668,2551,600,1,16.6,1
6669,1589,339,1,189.44,1
6670,1778,524,1,3.8,1
6671,831,274,1,229.96,2
6672,2442,491,2,40.56,1
6673,2413,462,1,351.11,1
6674,1822,570,3,8.45,1
6675,1549,296,2,148.93,1
6676,548,443,1,276.3,2
6677,2434,483,1,48.04,1
6678,4783,477,3,42.55,1
6679,4794,55,3,112.89,1
6680,4832,513,2,21.09,2
6681,4185,304,1,36.33,1
6682,4201,320,3,139.5,2
6683,4170,289,1,459.03,2
6684,4167,286,1,280.07,1
6685,4243,82,2,177.94,1
6686,161,301,1,199.92,1
6687,577,22,1,422.72,1
6688,629,72,1,566.28,1
6689,1826,573,1,29.96,1
6690,1920,211,1,311.6,1
6691,568,12,2,274.41,1
6692,1428,175,1,375.39,2
6693,880,324,1,113.49,2
6694,2191,240,1,331.12,1
6695,1767,513,1,21.09,2
6696,390,530,1,42.66,1
6697,2362,411,2,85.27,1
6698,1053,497,2,11.77,1
6699,1589,340,1,107.42,1
6700,888,331,3,426.41,1
6701,499,639,1,14.3,4
6702,776,219,1,20.54,1
6703,1903,649,1,42.26,1
6704,2413,463,1,434.78,1
6705,2145,195,3,93.66,1
6706,2075,124,4,85.93,1
6707,2433,482,1,19.0,2
6708,379,519,1,37.38,11
6709,2326,10,1,141.81,1
6710,3081,434,2,76.18,1
6711,3261,613,2,33.28,1
6712,3013,365,2,475.59,3
6713,3851,534,1,21.04,1
6714,3822,456,1,84.96,1
6715,658,102,2,305.06,1
6716,2800,153,1,47.69,2
6717,1539,286,2,280.07,1
6718,230,371,3,390.63,1
6719,324,465,1,350.51,1
6720,2056,105,1,220.75,1
6721,1500,248,1,548.79,1
6722,2486,535,1,47.58,2
6723,1956,5,1,46.51,2
6724,1515,265,3,59.21,1
6725,1695,441,1,521.82,1
6726,1974,24,1,196.2,1
6727,2478,527,1,19.29,1
6728,835,278,2,184.2,1
6729,1886,632,2,57.27,1
6730,2457,507,2,40.96,1
6731,1431,177,2,28.52,1
6732,304,444,1,29.7,1
6733,2707,60,1,290.58,1
6734,535,325,1,111.94,1
6735,1726,472,2,13.2,1
6736,960,403,2,124.99,3
6737,2128,177,1,28.52,1
6738,808,251,3,558.01,1
6739,1845,591,1,14.56,2
6740,2849,201,2,79.25,1
6741,2854,114,1,50.23,1
6742,2867,513,1,21.09,1
6743,3061,413,2,17.69,1
6744,3355,10,2,141.81,1
6745,3177,529,2,20.02,1
6746,3050,402,2,50.48,3
6747,3221,573,2,29.96,1
6748,3160,513,2,21.09,1
6749,3395,50,2,111.19,1
6750,3320,307,2,218.14,1
6751,3087,439,2,196.39,1
6752,3249,601,2,9.84,1
6753,2991,343,2,360.65,2
6754,3208,560,2,3.06,1
6755,3282,634,2,32.83,1
6756,3499,40,1,138.47,1
6757,3492,33,1,132.1,3
6758,3929,35,3,72.37,1
6759,3548,444,1,29.7,1
6760,3748,643,1,28.48,1
6761,3820,444,1,29.7,1
6762,3870,574,1,31.45,1
6763,3722,617,1,28.29,2
6764,3607,502,1,48.34,3
6765,3648,544,1,29.4,4
6766,3838,508,1,32.74,1
6767,3701,596,2,30.93,1
6768,3882,616,3,15.27,1
6769,3554,449,3,39.29,1
6770,3605,501,1,32.69,1
6771,4000,290,1,229.2,1
6772,4701,23,1,9.91,1
6773,4664,600,1,16.6,1
6774,4823,580,1,31.72,5
6775,4869,131,3,214.03,2
6776,4892,155,3,196.46,1
6777,4868,130,3,33.81,1
6778,4876,138,3,242.8,1
6779,4980,413,1,17.69,1
6780,4093,188,1,26.71,1
6781,4132,94,3,303.96,1
6782,4222,341,1,184.46,3
6783,4175,295,1,183.68,2
6784,4220,339,1,189.44,1
6785,4225,188,1,26.71,1
6786,4350,313,1,49.84,1
6787,4406,368,1,82.89,1
6788,4426,388,1,272.88,2
6789,4431,393,1,87.95,1
6790,4333,296,1,148.93,1
6791,4439,403,1,124.99,2
6792,4458,420,1,166.79,1
6793,4428,390,1,17.48,1
6794,4495,227,4,325.52,1
6795,4617,480,2,47.81,1
6796,1,346,1,256.37,1
6797,46,186,1,86.74,2
6798,48,188,1,26.71,1
6799,37,177,2,28.52,1
6800,102,277,1,126.86,1
6801,143,284,1,32.58,1
6802,1229,307,1,218.14,1
6803,2416,465,1,350.51,2
6804,2443,493,1,21.64,1
6805,2475,524,4,3.8,1
6806,2019,68,1,350.94,1
6807,1483,229,1,101.05,1
6808,2759,113,1,104.06,1
6809,1630,377,1,45.07,1
6810,717,161,1,139.14,1
6811,2069,118,1,243.5,1
6812,1047,490,1,31.61,1
6813,598,42,2,10.44,1
6814,2645,591,1,14.56,1
6815,1597,343,1,360.65,1
6816,1636,383,1,254.6,1
6817,264,405,1,154.41,2
6818,647,90,1,335.29,2
6819,2660,12,1,274.41,2
6820,1959,9,1,29.61,1
6821,1907,38,3,211.05,1
6822,4353,315,1,94.67,2
6823,4537,496,4,72.0,1
6824,4623,502,2,48.34,1
6825,132,272,2,92.8,1
6826,1365,113,1,104.06,1
6827,1663,409,1,451.06,1
6828,810,253,2,189.07,1
6829,2390,439,4,196.39,2
6830,1169,612,1,39.17,4
6831,228,368,1,82.89,1
6832,2169,218,1,163.0,1
6833,2572,622,2,41.08,1
6834,690,133,2,385.24,1
6835,652,95,1,561.92,1
6836,1169,613,1,33.28,4
6837,2225,274,4,229.96,1
6838,854,297,1,255.96,1
6839,866,309,1,415.47,1
6840,1826,574,1,31.45,1
6841,675,118,2,243.5,1
6842,2718,70,2,90.22,1
6843,4850,425,1,611.6,1
6844,4924,517,1,25.54,2
6845,4958,221,3,346.71,1
6846,4970,231,3,394.45,11
6847,4126,328,3,114.92,1
6848,4136,98,1,55.93,1
6849,4155,324,4,113.49,1
6850,4163,307,1,218.14,1
6851,4178,297,2,255.96,3
6852,4203,322,2,227.78,6
6853,4230,193,1,69.29,1
6854,4255,94,1,303.96,1
6855,4337,299,3,17.88,1
6856,4261,223,1,157.02,1
6857,4447,409,3,451.06,1
6858,4577,399,2,45.7,1
6859,4623,503,2,13.24,1
6860,4615,475,2,17.35,1
6861,64,204,1,112.48,1
6862,45,186,1,86.74,1
6863,29,169,1,83.89,2
6864,75,251,1,558.01,1
6865,109,285,2,305.99,1
6866,1328,629,1,27.56,2
6867,1439,186,1,86.74,1
6868,2514,565,1,31.67,1
6869,2005,54,4,177.64,1
6870,2680,32,1,72.97,1
6871,1476,222,2,128.57,1
6872,2175,225,3,264.82,1
6873,594,40,4,138.47,1
6874,2763,115,2,362.61,1
6875,1140,584,1,40.32,1
6876,1184,628,1,40.46,1
6877,1479,226,2,55.74,1
6878,808,252,2,449.04,1
6879,193,334,1,55.25,1
6880,549,461,1,27.52,3
6881,2532,581,2,36.33,2
6882,1120,563,2,41.4,1
6883,2571,620,1,21.1,1
6884,919,362,1,223.11,8
6885,1132,575,1,37.13,1
6886,2819,171,1,243.48,2
6887,2198,247,1,21.06,1
6888,1052,495,1,27.06,2
6889,2098,149,4,301.18,2
6890,1988,39,4,88.58,2
6891,1527,274,1,229.96,1
6892,1265,12,1,274.41,3
6893,1542,289,1,459.03,1
6894,924,367,1,377.4,1
6895,630,73,2,75.84,1
6896,1978,27,1,91.01,1
6897,580,25,1,105.01,1
6898,1523,270,1,526.9,1
6899,1214,111,4,257.63,1
6900,235,375,1,183.55,10
6901,268,408,1,21.46,1
6902,1260,7,1,172.1,1
6903,487,627,2,17.59,1
6904,1811,557,2,22.13,1
6905,1516,262,2,628.61,1
6906,2475,525,3,36.41,1
6907,2757,109,1,68.55,1
6908,635,78,2,80.48,1
6909,2135,184,4,227.34,1
6910,1589,341,1,184.46,1
6911,1382,128,1,68.39,1
6912,804,247,1,21.06,1
6913,2020,71,2,374.02,1
6914,2849,202,2,113.3,1
6915,2913,597,1,31.55,1
6916,3100,453,2,75.15,1
6917,3049,404,2,217.87,1
6918,3147,499,2,15.02,2
6919,3084,437,2,217.83,1
6920,3247,599,2,47.06,1
6921,3185,538,2,36.14,1
6922,3293,645,2,43.33,5
6923,3372,28,2,90.46,1
6924,3019,371,2,390.63,1
6925,3382,38,2,211.05,1
6926,3726,621,2,11.76,1
6927,3779,190,2,123.51,1
6928,3847,529,3,20.02,2
6929,1563,309,1,415.47,1
6930,519,126,2,130.84,1
6931,1838,584,1,40.32,1
6932,2466,515,1,31.72,2
6933,2762,116,1,65.4,1
6934,216,357,1,207.92,1
6935,1476,223,1,157.02,1
6936,1718,464,1,156.03,1
6937,587,31,1,340.92,1
6938,2279,328,1,114.92,1
6939,1248,544,1,29.4,3
6940,1192,636,1,31.43,1
6941,1632,379,1,255.13,2
6942,310,451,3,211.16,1
6943,2247,296,2,148.93,10
6944,732,176,1,239.68,1
6945,2316,366,1,237.03,1
6946,1668,414,1,196.42,1
6947,1494,240,3,331.12,1
6948,311,452,1,198.07,2
6949,601,45,4,399.11,1
6950,1733,480,1,47.81,1
6951,391,531,1,40.23,1
6952,2233,282,1,265.94,1
6953,2894,4,1,25.07,2
6954,3421,76,2,126.17,1
6955,3268,620,2,21.1,4
6956,3334,418,2,56.89,1
6957,3003,355,2,314.84,2
6958,3138,491,2,40.56,1
6959,3251,605,2,29.87,1
6960,3263,615,2,20.24,1
6961,3149,502,2,48.34,1
6962,2999,351,2,319.42,1
6963,3323,325,2,111.94,1
6964,3097,450,2,154.45,1
6965,3127,479,2,47.3,1
6966,3416,71,2,374.02,1
6967,3344,625,2,27.74,1
6968,3106,459,2,195.72,1
6969,3282,635,2,43.6,1
6970,3744,641,2,17.23,2
6971,3915,22,1,422.72,1
6972,3559,454,3,160.06,1
6973,3588,484,1,36.09,1
6974,3754,649,3,42.26,1
6975,3805,378,1,109.14,1
6976,3658,553,1,38.87,2
6977,3698,593,1,21.21,1
6978,3992,575,2,37.13,1
6979,4000,291,1,370.4,1
6980,4635,534,1,21.04,1
6981,4699,23,1,9.91,1
6982,4772,451,1,211.16,1
6983,4776,567,2,27.59,1
6984,4854,488,1,39.08,1
6985,4971,232,3,165.54,1
6986,4094,189,3,238.05,1
6987,4136,99,1,304.95,1
6988,4134,97,1,183.61,1
6989,4153,525,1,36.41,1
6990,4227,190,1,123.51,1
6991,4231,637,1,28.13,1
6992,4259,98,1,55.93,1
6993,4304,267,1,354.98,1
6994,4441,403,1,124.99,1
6995,4542,500,4,21.15,1
6996,4565,216,1,71.34,1
6997,4595,382,2,152.61,1
6998,1149,592,1,20.28,1
6999,1677,423,1,271.6,1
7000,2207,256,2,225.05,1
7001,1444,190,3,123.51,2
7002,1501,247,2,21.06,1
7003,2518,568,1,37.31,1
7004,443,584,1,40.32,1
7005,1908,53,1,106.98,3
7006,1047,491,1,40.56,1
7007,2431,481,1,5.6,1
7008,2444,494,1,42.4,1
7009,955,400,1,214.91,1
7010,1861,607,2,38.45,1
7011,937,380,1,299.17,1
7012,364,505,1,29.83,1
7013,1452,198,1,247.95,2
7014,771,215,4,162.01,1
7015,1934,387,1,360.97,1
7016,1146,589,1,37.81,2
7017,2738,92,1,87.38,1
7018,814,258,1,120.18,1
7019,2533,582,1,35.45,1
7020,691,134,1,383.43,1
7021,594,41,3,138.0,1
7022,1053,498,2,16.62,1
7023,1084,527,1,19.29,1
7024,588,31,3,340.92,1
7025,1564,311,2,76.76,1
7026,505,646,3,121.31,1
7027,2593,642,1,41.29,1
7028,437,578,2,47.43,1
7029,2021,71,1,374.02,1
7030,200,341,3,184.46,1
7031,2038,87,1,86.3,1
7032,1303,49,1,220.43,1
7033,429,570,1,8.45,1
7034,285,427,2,123.74,1
7035,1836,583,1,22.95,3
7036,1536,283,1,264.19,1
7037,2925,277,2,126.86,1
7038,2937,234,1,125.19,1
7039,3258,610,2,40.1,1
7040,3436,91,2,80.46,1
7041,2976,328,2,114.92,3
7042,3405,60,2,290.58,1
7043,3247,600,2,16.6,1
7044,3430,85,2,339.88,1
7045,3438,95,2,561.92,1
7046,3266,618,2,33.15,1
7047,3143,495,2,27.06,1
7048,2988,340,2,107.42,1
7049,3505,46,1,33.45,1
7050,3461,2,4,257.07,1
7051,3898,4,1,25.07,4
7052,3520,415,1,105.31,1
7053,3749,644,3,14.94,1
7054,3533,428,1,87.29,2
7055,3742,637,1,28.13,1
7056,3838,512,1,39.13,1
7057,3708,603,1,14.4,1
7058,3651,547,1,21.69,1
7059,3870,577,1,28.54,1
7060,3853,539,1,23.69,1
7061,3924,30,3,26.27,1
7062,3860,552,1,39.38,1
7063,3620,515,1,31.72,1
7064,3694,589,3,37.81,1
7065,3637,532,1,36.15,1
7066,3966,548,1,50.11,1
7067,4065,177,4,28.52,2
7068,4700,22,1,422.72,1
7069,4080,192,4,276.57,1
7070,4667,616,2,15.27,1
7071,4770,454,2,160.06,1
7072,4922,183,3,247.9,1
7073,4871,132,3,494.65,1
7074,4120,327,3,378.42,1
7075,4123,553,2,38.87,1
7076,4128,598,2,39.37,1
7077,4131,94,1,303.96,1
7078,4208,329,1,113.12,1
7079,4198,317,2,394.12,2
7080,4191,310,3,30.04,2
7081,729,172,1,46.76,1
7082,2698,50,2,111.19,1
7083,2040,89,4,282.23,4
7084,567,10,1,141.81,2
7085,1758,505,1,29.83,1
7086,654,97,1,183.61,1
7087,2759,114,3,50.23,1
7088,450,591,3,14.56,1
7089,841,284,1,32.58,1
7090,1975,24,4,196.2,1
7091,2621,307,1,218.14,1
7092,594,42,2,10.44,1
7093,2572,623,1,43.67,1
7094,2197,246,2,130.88,1
7095,847,290,1,229.2,1
7096,2705,58,1,138.82,1
7097,302,443,2,276.3,1
7098,2376,425,1,611.6,7
7099,574,17,1,41.61,1
7100,2540,589,4,37.81,1
7101,994,439,1,196.39,1
7102,662,105,1,220.75,1
7103,2049,98,1,55.93,1
7104,2805,157,1,113.39,1
7105,605,49,1,220.43,1
7106,662,106,1,285.72,1
7107,1214,114,4,50.23,1
7108,2309,358,1,188.26,1
7109,2715,67,1,226.7,1
7110,849,292,1,276.36,1
7111,2511,560,1,3.06,1
7112,2815,167,1,329.05,2
7113,1615,362,1,223.11,1
7114,745,189,1,238.05,1
7115,2774,127,1,16.06,1
7116,940,384,1,124.75,1
7117,2593,643,1,28.48,1
7118,1157,600,1,16.6,4
7119,2279,329,1,113.12,1
7120,1646,392,2,31.65,1
7121,2090,139,4,101.33,1
7122,2208,257,1,73.53,2
7123,1040,484,1,36.09,2
7124,887,331,1,426.41,1
7125,79,255,2,50.21,1
7126,129,270,1,526.9,2
7127,1489,235,3,214.0,1
7128,2381,430,1,34.9,1
7129,2738,93,1,159.38,1
7130,392,533,2,10.8,1
7131,1484,230,3,243.16,1
7132,1513,259,1,280.8,1
7133,2682,34,1,250.78,1
7134,951,394,1,316.94,2
7135,2673,25,2,105.01,4
7136,774,217,1,376.71,1
7137,1446,195,1,93.66,1
7138,1391,137,2,191.57,2
7139,861,305,4,11.71,1
7140,1380,126,1,130.84,2
7141,2093,143,1,428.1,2
7142,2082,131,2,214.03,1
7143,896,339,1,189.44,4
7144,1907,48,2,266.82,1
7145,895,339,1,189.44,2
7146,1856,602,2,13.62,2
7147,2353,402,1,50.48,1
7148,698,141,3,348.57,1
7149,2597,646,2,121.31,1
7150,519,127,2,16.06,1
7151,2595,644,4,14.94,2
7152,2530,579,4,15.37,4
7153,2457,508,1,32.74,1
7154,2315,365,3,475.59,2
7155,475,615,1,20.24,1
7156,1524,270,3,526.9,2
7157,1895,641,1,17.23,1
7158,304,445,1,201.39,1
7159,2919,645,3,43.33,1
7160,2934,58,2,138.82,5
7161,3149,503,2,13.24,1
7162,3215,567,2,27.59,1
7163,3403,58,2,138.82,3
7164,3266,619,2,41.55,1
7165,3313,208,2,302.19,1
7166,3375,30,2,26.27,3
7167,3236,588,2,38.78,1
7168,3398,54,2,177.64,1
7169,3288,642,2,41.29,1
7170,3186,538,2,36.14,1
7171,3246,599,2,47.06,1
7172,3473,14,2,62.44,2
7173,3491,32,4,72.97,3
7174,3470,11,1,163.13,1
7175,3862,555,1,13.49,1
7176,3599,496,2,72.0,1
7177,3868,568,1,37.31,1
7178,3581,477,1,42.55,1
7179,3689,586,2,29.32,1
7180,4019,165,3,300.0,3
7181,4733,55,1,112.89,1
7182,4755,77,1,90.25,2
7183,4076,188,1,26.71,2
7184,4691,13,1,122.11,1
7185,4648,561,1,42.06,1
7186,4762,409,2,451.06,1
7187,4783,478,2,47.81,1
7188,4836,402,2,50.48,4
7189,629,73,1,75.84,1
7190,1099,542,1,14.77,2
7191,1397,143,1,428.1,2
7192,1478,224,1,176.81,1
7193,1297,43,1,231.72,2
7194,390,531,3,40.23,1
7195,890,333,2,74.38,2
7196,2155,205,3,393.17,2
7197,303,444,1,29.7,1
7198,842,287,1,395.96,1
7199,2197,247,2,21.06,1
7200,1453,199,1,282.16,1
7201,2144,193,1,69.29,1
7202,584,27,1,91.01,1
7203,2413,464,4,156.03,1
7204,2153,202,1,113.3,1
7205,1536,284,1,32.58,1
7206,1286,34,1,250.78,1
7207,1626,372,2,69.35,1
7208,1146,590,4,25.67,2
7209,404,544,1,29.4,1
7210,1198,642,2,41.29,1
7211,2469,518,1,48.49,1
7212,2056,106,1,285.72,1
7213,1515,266,2,78.47,1
7214,975,420,1,166.79,1
7215,2361,410,1,86.66,1
7216,2288,337,1,95.51,1
7217,2707,61,1,442.95,1
7218,1726,473,1,12.24,1
7219,826,270,4,526.9,1
7220,765,208,2,302.19,1
7221,2768,120,2,219.78,1
7222,658,103,2,36.46,1
7223,1725,471,1,29.72,3
7224,1047,492,1,22.36,1
7225,1592,339,1,189.44,1
7226,1978,28,1,90.46,1
7227,341,483,1,48.04,1
7228,1620,366,1,237.03,1
7229,640,83,2,56.63,1
7230,1747,493,1,21.64,1
7231,429,571,1,39.28,1
7232,1144,587,1,12.42,1
7233,311,453,1,75.15,2
7234,2809,162,1,149.56,1
7235,2082,132,2,494.65,1
7236,2597,647,2,410.61,1
7237,2878,562,1,33.09,1
7238,2917,601,1,9.84,1
7239,2940,628,2,40.46,1
7240,2949,633,2,34.22,2
7241,2953,619,1,41.55,1
7242,3149,504,2,37.3,1
7243,3141,493,2,21.64,1
7244,3301,38,2,211.05,1
7245,3133,485,2,23.01,4
7246,3214,566,2,37.51,1
7247,2985,337,2,95.51,1
7248,3377,32,2,72.97,1
7249,3392,47,2,154.45,1
7250,3138,492,2,22.36,1
7251,3092,445,2,201.39,1
7252,3176,529,2,20.02,1
7253,3367,22,2,422.72,1
7254,3390,45,2,399.11,1
7255,3182,534,2,21.04,1
7256,3270,623,2,43.67,1
7257,3098,451,2,211.16,1
7258,3017,369,2,281.92,4
7259,3464,5,1,46.51,1
7260,3696,591,2,14.56,1
7261,3919,25,3,105.01,1
7262,3605,502,1,48.34,1
7263,3561,456,2,84.96,2
7264,3579,475,2,17.35,1
7265,3534,431,2,276.1,1
7266,3751,646,2,121.31,1
7267,3535,430,1,34.9,1
7268,3617,512,1,39.13,1
7269,3559,455,2,439.82,1
7270,3941,47,2,154.45,2
7271,3652,547,1,21.69,1
7272,3849,532,1,36.15,1
7273,3968,550,1,7.88,8
7274,4021,522,4,48.21,6
7275,4686,8,1,283.78,1
7276,4060,171,1,243.48,1
7277,4684,6,2,111.68,8
7278,4077,189,2,238.05,1
7279,4766,304,1,36.33,3
7280,4805,496,1,72.0,1
7281,4821,578,1,47.43,1
7282,4821,580,1,31.72,1
7283,2,565,1,31.67,2
7284,26,167,1,329.05,1
7285,45,187,1,327.2,1
7286,132,273,2,182.46,1
7287,1363,109,1,68.55,3
7288,1350,96,1,131.44,1
7289,2303,353,1,345.94,1
7290,2035,84,4,305.85,1
7291,970,413,2,17.69,1
7292,765,209,1,164.36,1
7293,2575,625,3,27.74,2
7294,1761,508,1,32.74,1
7295,1296,43,1,231.72,1
7296,1554,300,3,135.27,1
7297,1956,6,1,111.68,2
7298,1382,129,1,580.11,1
7299,1453,200,1,296.99,1
7300,544,405,1,154.41,1
7301,1784,531,2,40.23,4
7302,2088,137,1,191.57,1
7303,2095,144,4,217.73,1
7304,800,243,2,410.05,5
7305,2407,456,2,84.96,1
7306,1884,630,3,27.55,1
7307,1930,329,1,113.12,1
7308,2793,145,2,421.82,1
7309,1943,461,1,27.52,1
7310,2724,76,1,126.17,1
7311,2518,569,4,37.37,1
7312,798,241,3,557.86,2
7313,255,396,3,201.34,1
7314,3,327,2,378.42,1
7315,87,262,1,628.61,1
7316,103,280,1,145.57,1
7317,86,261,2,222.43,1
7318,93,269,1,51.88,1
7319,129,271,1,197.16,2
7320,124,264,1,337.41,1
7321,124,265,1,59.21,1
7322,1329,629,1,27.56,1
7323,1365,114,1,50.23,1
7324,1364,110,3,253.04,2
7325,928,372,2,69.35,1
7326,475,616,3,15.27,1
7327,193,335,1,328.06,1
7328,1828,574,1,31.45,2
7329,2023,72,1,566.28,1
7330,2362,412,2,263.13,1
7331,591,34,1,250.78,1
7332,2179,228,1,97.57,1
7333,2397,446,2,255.94,2
7334,2581,630,1,27.55,1
7335,242,384,1,124.75,1
7336,1718,465,1,350.51,1
7337,1838,585,1,46.6,1
7338,1952,1,2,12.03,1
7339,2006,55,1,112.89,1
7340,733,177,2,28.52,1
7341,910,354,1,78.72,1
7342,4792,464,1,156.03,6
7343,4852,578,3,47.43,1
7344,4853,185,1,171.14,1
7345,4958,222,3,128.57,1
7346,4913,174,3,112.56,1
7347,4920,182,3,611.53,1
7348,4946,207,3,332.74,1
7349,4921,183,3,247.9,1
7350,4134,98,1,55.93,1
7351,4408,370,1,109.98,1
7352,4319,281,2,76.32,1
7353,4552,510,4,28.21,2
7354,4616,475,2,17.35,1
7355,4622,493,2,21.64,1
7356,4602,408,2,21.46,1
7357,11,333,3,74.38,1
7358,39,181,1,112.82,1
7359,85,260,1,431.64,1
7360,153,293,1,18.75,2
7361,8,304,1,36.33,2
7362,38,179,1,40.43,1
7363,40,180,1,71.2,4
7364,81,257,1,73.53,1
7365,84,259,3,280.8,1
7366,148,288,1,22.71,5
7367,687,130,1,33.81,1
7368,1431,178,1,59.31,1
7369,747,190,1,123.51,1
7370,1201,644,1,14.94,1
7371,2705,59,1,365.1,1
7372,791,234,1,125.19,2
7373,343,484,1,36.09,1
7374,1119,564,1,16.72,1
7375,1041,484,1,36.09,2
7376,413,553,1,38.87,1
7377,2470,519,4,37.38,1
7378,1480,226,1,55.74,1
7379,2257,306,2,34.12,2
7380,624,67,1,226.7,1
7381,760,203,2,394.7,1
7382,2768,121,2,297.83,1
7383,423,563,1,41.4,1
7384,1037,481,1,5.6,1
7385,2570,620,3,21.1,1
7386,1626,373,1,27.3,1
7387,2390,440,3,174.4,2
7388,2125,174,4,112.56,1
7389,1953,2,1,257.07,1
7390,1474,220,3,346.04,1
7391,2253,303,1,189.65,2
7392,1220,189,4,238.05,1
7393,2530,580,3,31.72,4
7394,1794,540,3,37.72,2
7395,2006,56,1,204.04,1
7396,2685,37,1,56.02,3
7397,2081,130,1,33.81,1
7398,1446,196,1,98.66,1
7399,300,440,1,174.4,1
7400,1449,196,2,98.66,1
7401,1527,275,3,20.02,1
7402,1625,372,1,69.35,2
7403,2145,196,2,98.66,1
7404,2144,194,1,490.71,1
7405,1236,376,2,107.25,1
7406,1439,187,1,327.2,1
7407,1668,415,1,105.31,1
7408,218,358,1,188.26,1
7409,222,362,2,223.11,3
7410,590,33,2,132.1,1
7411,692,135,1,205.78,1
7412,1999,48,1,266.82,1
7413,1901,647,2,410.61,2
7414,1876,622,2,41.08,1
7415,274,414,1,196.42,2
7416,1434,180,3,71.2,1
7417,397,537,2,28.69,9
7418,2546,595,1,27.0,2
7419,2675,27,1,91.01,1
7420,477,617,2,28.29,1
7421,1025,468,2,88.66,1
7422,1400,147,1,249.63,1
7423,734,179,1,40.43,1
7424,930,373,2,27.3,1
7425,1699,445,3,201.39,1
7426,676,119,1,74.86,1
7427,2031,80,1,170.35,2
7428,1869,616,2,15.27,1
7429,760,204,1,112.48,1
7430,736,179,1,40.43,1
7431,798,242,2,116.99,2
7432,677,121,1,297.83,1
7433,2820,173,1,338.35,1
7434,2337,406,1,28.1,1
7435,2863,302,2,325.71,1
7436,2881,235,2,214.0,1
7437,2899,134,3,383.43,4
7438,2954,618,2,33.15,1
7439,3158,510,2,28.21,4
7440,2975,327,2,378.42,1
7441,3187,539,2,23.69,1
7442,3367,23,2,9.91,1
7443,3431,88,2,15.17,1
7444,3466,9,2,29.61,1
7445,3602,497,1,11.77,1
7446,3799,320,1,139.5,1
7447,3696,592,1,20.28,1
7448,3587,484,3,36.09,1
7449,3681,577,1,28.54,1
7450,3789,232,1,165.54,1
7451,3788,228,1,97.57,1
7452,3640,535,1,47.58,2
7453,3682,578,4,47.43,1
7454,3670,567,1,27.59,1
7455,3730,625,1,27.74,2
7456,3863,555,2,13.49,1
7457,3756,3,1,162.66,2
7458,3939,45,3,399.11,1
7459,3596,492,1,22.36,1
7460,3520,416,1,211.5,1
7461,3651,548,1,50.11,1
7462,3878,597,2,31.55,1
7463,4045,542,1,14.77,1
7464,4664,608,1,49.49,1
7465,4649,565,2,31.67,1
7466,4821,584,1,40.32,1
7467,4971,233,3,72.1,1
7468,4944,205,3,393.17,1
7469,4113,170,3,40.77,1
7470,4197,317,1,394.12,2
7471,4174,294,4,115.89,1
7472,4245,84,1,305.85,1
7473,5000,38,3,211.05,1
7474,4450,412,1,263.13,2
7475,4399,362,1,223.11,1
7476,4352,315,2,94.67,2
7477,5,328,2,114.92,2
7478,29,170,1,40.77,2
7479,95,270,1,526.9,1
7480,92,268,4,139.52,1
7481,163,303,1,189.65,2
7482,1371,118,1,243.5,1
7483,2752,104,1,246.1,1
7484,1181,624,1,16.22,1
7485,647,91,1,80.46,2
7486,528,253,4,189.07,1
7487,1465,211,1,311.6,2
7488,1401,147,2,249.63,1
7489,1308,54,1,177.64,2
7490,1041,485,4,23.01,2
7491,241,381,1,28.1,1
7492,2110,159,4,289.02,1
7493,790,234,1,125.19,1
7494,988,432,2,182.37,1
7495,1309,55,3,112.89,1
7496,769,213,1,13.6,6
7497,2822,174,1,112.56,3
7498,1305,52,1,55.33,1
7499,1621,367,2,377.4,1
7500,2212,261,2,222.43,3
7501,2189,238,1,355.89,1
7502,1861,608,1,49.49,1
7503,2233,283,1,264.19,1
7504,2595,645,3,43.33,2
7505,1940,418,3,56.89,1
7506,2032,82,2,177.94,1
7507,1077,520,1,23.7,6
7508,494,636,1,31.43,1
7509,532,309,1,415.47,2
7510,1680,426,1,16.9,1
7511,1245,461,1,27.52,1
7512,1139,583,1,22.95,1
7513,1576,322,2,227.78,1
7514,860,305,1,11.71,2
7515,2050,99,4,304.95,1
7516,940,385,1,505.54,1
7517,1855,602,1,13.62,2
7518,1727,474,1,32.65,1
7519,2577,626,2,20.93,2
7520,2457,509,1,39.42,1
7521,1195,639,1,14.3,1
7522,439,579,1,15.37,1
7523,1888,634,1,32.83,5
7524,3730,626,1,20.93,2
7525,4077,190,2,123.51,1
7526,4795,56,3,204.04,1
7527,4820,559,1,22.77,3
7528,4847,409,3,451.06,1
7529,4899,160,3,257.65,4
7530,4093,189,1,238.05,1
7531,4220,340,1,107.42,1
7532,4201,321,2,80.04,2
7533,4991,112,1,109.74,1
7534,4324,287,1,395.96,5
7535,4313,275,1,20.02,1
7536,4377,339,3,189.44,2
7537,4390,352,1,252.44,3
7538,4375,339,3,189.44,1
7539,4381,343,1,360.65,1
7540,4310,272,1,92.8,3
7541,4295,257,1,73.53,1
7542,4554,512,4,39.13,1
7543,783,226,3,55.74,1
7544,193,336,3,94.0,1
7545,398,538,1,36.14,1
7546,1921,250,1,347.36,2
7547,2894,5,1,46.51,2
7548,3404,59,2,365.1,1
7549,3356,11,2,163.13,1
7550,3331,391,2,199.1,1
7551,3238,591,2,14.56,1
7552,3237,589,2,37.81,1
7553,3376,31,2,340.92,1
7554,3225,578,2,47.43,1
7555,3028,380,2,299.17,5
7556,3275,627,2,17.59,1
7557,3016,369,2,281.92,1
7558,3210,562,2,33.09,1
7559,3187,540,2,37.72,1
7560,3042,394,2,316.94,2
7561,3197,549,2,30.49,1
7562,3555,450,1,154.45,1
7563,3826,475,2,17.35,1
7564,3580,475,1,17.35,1
7565,3715,611,1,21.19,1
7566,3693,588,1,38.78,1
7567,3632,527,1,19.29,1
7568,3871,574,1,31.45,1
7569,3719,615,2,20.24,1
7570,3663,558,1,39.58,2
7571,3572,467,1,36.16,1
7572,3740,636,1,31.43,2
7573,3770,119,1,74.86,1
7574,3588,485,1,23.01,1
7575,3653,548,1,50.11,3
7576,3697,592,1,20.28,1
7577,3903,10,1,141.81,1
7578,3992,576,2,21.79,1
7579,3997,277,2,126.86,1
7580,4026,169,1,83.89,1
7581,4734,57,1,228.53,1
7582,4077,191,1,291.13,1
7583,4748,71,1,374.02,2
7584,2176,226,1,55.74,1
7585,394,534,1,21.04,1
7586,598,43,2,231.72,1
7587,2514,566,1,37.51,1
7588,2215,264,4,337.41,1
7589,393,533,1,10.8,1
7590,1114,557,1,22.13,1
7591,887,332,1,264.3,1
7592,2714,66,1,383.04,2
7593,1667,413,1,17.69,1
7594,1770,518,1,48.49,1
7595,2760,112,1,109.74,1
7596,217,357,2,207.92,1
7597,674,117,1,406.66,1
7598,573,17,2,41.61,1
7599,2672,25,1,105.01,1
7600,487,628,2,40.46,1
7601,2073,122,1,115.69,1
7602,2075,125,3,309.27,1
7603,980,423,2,271.6,1
7604,2274,324,1,113.49,1
7605,1131,575,4,37.13,1
7606,2534,583,1,22.95,1
7607,2177,227,2,325.52,1
7608,2237,286,2,280.07,4
7609,920,363,2,187.49,1
7610,1739,485,3,23.01,1
7611,1861,609,1,33.84,1
7612,1959,10,1,141.81,1
7613,1175,618,2,33.15,1
7614,1656,404,1,217.87,1
7615,240,380,1,299.17,1
7616,1430,176,1,239.68,1
7617,2064,114,1,50.23,1
7618,716,159,1,289.02,1
7619,182,324,1,113.49,1
7620,468,608,1,49.49,1
7621,761,205,4,393.17,1
7622,2215,265,3,59.21,1
7623,392,534,1,21.04,1
7624,2042,92,2,87.38,1
7625,2532,582,2,35.45,2
7626,1350,97,1,183.61,1
7627,1347,95,3,561.92,1
7628,1334,80,3,170.35,2
7629,2812,164,1,45.22,1
7630,2647,625,2,27.74,2
7631,1655,401,1,102.99,1
7632,292,434,1,76.18,1
7633,971,414,1,196.42,1
7634,933,376,3,107.25,2
7635,1197,640,1,17.08,1
7636,1747,494,1,42.4,1
7637,2756,108,1,106.76,1
7638,508,649,1,42.26,1
7639,336,476,1,14.64,1
7640,1601,347,2,62.4,6
7641,2768,122,1,115.69,1
7642,2484,534,1,21.04,1
7643,743,186,3,86.74,1
7644,1849,595,3,27.0,2
7645,2821,174,3,112.56,1
7646,2728,80,2,170.35,1
7647,700,143,2,428.1,3
7648,395,536,3,34.55,1
7649,843,287,2,395.96,1
7650,1166,610,4,40.1,1
7651,2447,496,2,72.0,1
7652,1739,486,2,34.36,1
7653,1529,275,3,20.02,2
7654,878,321,3,80.04,1
7655,2613,146,1,293.21,1
7656,2698,51,2,264.93,1
7657,1927,309,3,415.47,1
7658,752,195,1,93.66,1
7659,2506,555,1,13.49,2
7660,1065,508,2,32.74,1
7661,393,534,1,21.04,1
7662,548,461,2,27.52,2
7663,1602,348,1,57.74,2
7664,588,32,2,72.97,1
7665,2409,458,1,227.7,1
7666,1909,53,2,106.98,2
7667,975,421,1,204.49,1
7668,1220,208,2,302.19,1
7669,2043,94,4,303.96,1
7670,1027,470,1,323.1,1
7671,1635,381,1,28.1,1
7672,2592,641,2,17.23,1
7673,2149,199,1,282.16,1
7674,394,535,1,47.58,1
7675,2715,68,1,350.94,1
7676,439,580,1,31.72,1
7677,1961,10,1,141.81,1
7678,1281,27,2,91.01,1
7679,2867,514,1,17.82,1
7680,2872,556,1,36.03,1
7681,2925,278,2,184.2,1
7682,2936,577,2,28.54,1
7683,3047,399,2,45.7,1
7684,3021,373,2,27.3,2
7685,2987,339,2,189.44,1
7686,3430,86,2,86.04,1
7687,3055,407,2,120.06,1
7688,3258,611,2,21.19,1
7689,3117,470,2,323.1,1
7690,3134,487,2,23.05,1
7691,3318,297,2,255.96,1
7692,3175,527,2,19.29,1
7693,3135,487,2,23.05,1
7694,3015,367,2,377.4,1
7695,3019,372,2,69.35,1
7696,3360,15,2,477.9,1
7697,3453,510,1,28.21,2
7698,3873,581,1,36.33,1
7699,3619,514,3,17.82,1
7700,3695,590,1,25.67,2
7701,3637,533,4,10.8,1
7702,3901,7,2,172.1,1
7703,3519,414,3,196.42,4
7704,3814,408,1,21.46,1
7705,3617,513,4,21.09,1
7706,3545,441,1,521.82,1
7707,3838,515,1,31.72,1
7708,1141,584,1,40.32,1
7709,1933,373,1,27.3,1
7710,2825,177,1,28.52,1
7711,530,293,2,18.75,4
7712,1559,306,2,34.12,1
7713,2259,308,1,491.89,2
7714,1499,246,2,130.88,1
7715,2718,71,2,374.02,1
7716,573,18,2,77.98,1
7717,2167,217,2,376.71,1
7718,1500,249,1,125.59,1
7719,1614,362,2,223.11,1
7720,1236,379,2,255.13,1
7721,1000,444,1,29.7,1
7722,1648,394,1,316.94,1
7723,2666,18,1,77.98,1
7724,1429,175,3,375.39,1
7725,1964,13,1,122.11,1
7726,854,298,1,305.51,1
7727,1399,146,2,293.21,1
7728,1175,619,1,41.55,1
7729,2273,322,1,227.78,3
7730,2480,529,4,20.02,1
7731,1132,576,1,21.79,1
7732,2125,175,3,375.39,1
7733,924,368,1,82.89,1
7734,2322,336,3,94.0,1
7735,2858,297,2,255.96,1
7736,2865,101,2,315.16,2
7737,2891,243,2,410.05,2
7738,2908,196,1,98.66,1
7739,3421,77,2,90.25,1
7740,3273,626,2,20.93,1
7741,3148,502,2,48.34,1
7742,3046,398,2,41.17,1
7743,3256,609,2,33.84,1
7744,3390,46,2,33.45,1
7745,3042,395,2,125.62,2
7746,3012,365,2,475.59,1
7747,3950,56,1,204.04,1
7748,3896,2,2,257.07,1
7749,3639,536,2,34.55,1
7750,3912,18,1,77.98,1
7751,3697,593,4,21.21,1
7752,3813,407,3,120.06,1
7753,3921,27,2,91.01,1
7754,3560,457,1,420.93,2
7755,3766,79,3,69.22,1
7756,3580,476,1,14.64,1
7757,3738,633,1,34.22,2
7758,3932,38,1,211.05,1
7759,3967,549,3,30.49,1
7760,4048,503,1,13.24,2
7761,4711,33,1,132.1,1
7762,4064,176,1,239.68,2
7763,4880,141,3,348.57,1
7764,4876,139,3,101.33,1
7765,4921,184,3,227.34,1
7766,4896,157,3,113.39,1
7767,4958,223,3,157.02,1
7768,4980,414,1,196.42,1
7769,4096,191,2,291.13,1
7770,4124,27,1,91.01,1
7771,4211,330,3,199.0,1
7772,4424,389,1,186.17,1
7773,4381,344,1,132.89,1
7774,4279,241,2,557.86,1
7775,4280,244,3,132.69,1
7776,4370,334,3,55.25,1
7777,4514,193,1,69.29,1
7778,4524,482,4,19.0,1
7779,4530,489,4,21.61,1
7780,4579,401,2,102.99,2
7781,4613,467,2,36.16,1
7782,69,209,1,164.36,1
7783,118,294,1,115.89,2
7784,1369,115,3,362.61,1
7785,2652,4,1,25.07,1
7786,575,18,2,77.98,1
7787,1116,559,1,22.77,2
7788,1541,288,1,22.71,1
7789,1786,532,2,36.15,1
7790,2440,490,3,31.61,1
7791,1101,544,1,29.4,1
7792,1895,642,1,41.29,1
7793,2182,232,2,165.54,1
7794,2734,86,1,86.04,1
7795,451,591,1,14.56,1
7796,2065,114,4,50.23,1
7797,340,480,1,47.81,1
7798,1843,589,1,37.81,2
7799,980,424,1,98.04,1
7800,351,492,1,22.36,2
7801,1516,263,1,264.81,1
7802,1400,148,1,79.09,1
7803,1221,189,2,238.05,1
7804,712,157,1,113.39,1
7805,1863,609,1,33.84,2
7806,1734,480,3,47.81,1
7807,1308,55,1,112.89,2
7808,1532,278,1,184.2,3
7809,2232,281,2,76.32,1
7810,1756,502,2,48.34,2
7811,1944,486,2,34.36,1
7812,832,276,1,37.0,1
7813,2277,326,2,162.85,2
7814,2739,92,1,87.38,1
7815,1292,38,1,211.05,1
7816,2490,539,4,23.69,1
7817,767,211,1,311.6,1
7818,198,338,1,39.67,1
7819,2651,3,1,162.66,1
7820,2926,278,2,184.2,2
7821,3079,431,2,276.1,1
7822,3125,477,2,42.55,1
7823,3144,497,2,11.77,1
7824,3210,563,2,41.4,1
7825,3203,555,2,13.49,8
7826,3412,67,2,226.7,2
7827,3244,596,2,30.93,3
7828,3479,21,1,81.2,1
7829,3676,572,1,48.34,1
7830,3640,536,1,34.55,2
7831,3643,538,1,36.14,1
7832,3748,644,1,14.94,1
7833,3782,201,1,79.25,1
7834,3834,500,1,21.15,1
7835,4009,108,1,106.76,1
7836,4020,254,2,12.49,1
7837,4035,443,2,276.3,2
7838,4084,195,2,93.66,1
7839,4675,643,1,28.48,3
7840,4852,579,3,15.37,1
7841,4963,225,3,264.82,1
7842,4176,295,3,183.68,2
7843,4236,492,1,22.36,2
7844,4562,520,4,23.7,8
7845,23,199,1,282.16,1
7846,27,167,2,329.05,1
7847,67,207,2,332.74,1
7848,143,285,1,305.99,1
7849,141,281,1,76.32,1
7850,1117,562,1,33.09,1
7851,706,150,4,165.4,1
7852,2210,261,2,222.43,1
7853,1055,498,2,16.62,2
7854,2198,248,1,548.79,1
7855,1878,624,1,16.22,12
7856,4041,448,1,238.46,2
7857,4743,66,1,383.04,1
7858,4695,17,1,41.61,1
7859,4739,61,2,442.95,1
7860,4774,36,3,43.4,1
7861,4784,428,2,87.29,1
7862,4845,408,1,21.46,1
7863,4893,154,3,137.75,1
7864,4907,168,3,195.36,1
7865,4937,198,3,247.95,1
7866,4874,135,3,205.78,3
7867,4893,155,3,196.46,1
7868,4149,558,1,39.58,2
7869,4184,303,1,189.65,2
7870,4183,302,2,325.71,1
7871,4251,90,3,335.29,2
7872,4278,240,1,331.12,1
7873,4409,371,2,390.63,1
7874,4377,340,2,107.42,2
7875,4413,375,1,183.55,1
7876,4499,167,2,329.05,1
7877,4624,500,2,21.15,1
7878,11,334,2,55.25,1
7879,4334,296,2,148.93,1
7880,4461,424,1,98.04,1
7881,4308,271,1,197.16,1
7882,4274,237,1,152.7,1
7883,4311,275,1,20.02,1
7884,4300,263,1,264.81,1
7885,4467,430,2,34.9,1
7886,4309,273,1,182.46,1
7887,4505,39,1,88.58,1
7888,4510,189,1,238.05,1
7889,4546,505,4,29.83,1
7890,4582,309,2,415.47,2
7891,4598,395,2,125.62,1
7892,3165,517,2,25.54,1
7893,3209,561,2,42.06,1
7894,3048,400,2,214.91,1
7895,3052,405,2,154.41,1
7896,3445,100,2,63.48,1
7897,3214,567,2,27.59,1
7898,3191,543,2,32.18,1
7899,3497,39,1,88.58,1
7900,3716,611,2,21.19,1
7901,3813,408,2,21.46,1
7902,3617,514,3,17.82,1
7903,3927,33,1,132.1,2
7904,3548,445,1,201.39,1
7905,3950,57,1,228.53,1
7906,3891,643,1,28.48,1
7907,3646,541,2,38.63,6
7908,3960,414,2,196.42,1
7909,3992,577,1,28.54,1
7910,4671,634,1,32.83,1
7911,4079,190,2,123.51,1
7912,4739,62,1,52.96,1
7913,4671,637,1,28.13,1
7914,4705,27,1,91.01,1
7915,4746,68,1,350.94,1
7916,4901,162,3,149.56,1
7917,4888,149,3,301.18,3
7918,4981,415,1,105.31,1
7919,4098,193,1,69.29,1
7920,4135,97,1,183.61,1
7921,4152,110,4,253.04,1
7922,4214,334,4,55.25,1
7923,4225,190,1,123.51,1
7924,4248,87,2,86.3,1
7925,4997,117,2,406.66,1
7926,5000,39,2,88.58,1
7927,4479,441,2,521.82,1
7928,4329,291,2,370.4,3
7929,2747,99,1,304.95,1
7930,366,506,1,27.28,5
7931,1263,9,1,29.61,1
7932,1508,254,1,12.49,1
7933,1307,54,1,177.64,8
7934,631,74,1,89.61,1
7935,1387,134,1,383.43,1
7936,1169,614,1,47.38,4
7937,1926,307,4,218.14,1
7938,2630,373,2,27.3,1
7939,1996,47,1,154.45,1
7940,1791,537,2,28.69,1
7941,1695,442,1,53.44,1
7942,899,343,1,360.65,1
7943,468,609,1,33.84,1
7944,2466,516,1,29.34,2
7945,980,425,1,611.6,1
7946,2712,64,1,182.06,2
7947,705,150,1,165.4,1
7948,544,413,3,17.69,1
7949,2795,147,1,249.63,1
7950,2658,10,2,141.81,2
7951,1906,38,1,211.05,1
7952,1815,562,1,33.09,1
7953,380,520,1,23.7,1
7954,429,572,1,48.34,1
7955,2813,165,2,300.0,1
7956,2821,175,2,375.39,1
7957,1877,624,1,16.22,1
7958,2640,461,1,27.52,1
7959,2626,325,3,111.94,3
7960,398,539,1,23.69,1
7961,635,79,1,69.22,1
7962,890,334,1,55.25,2
7963,2256,305,1,11.71,2
7964,178,318,1,49.93,9
7965,1384,130,3,33.81,2
7966,1091,535,4,47.58,1
7967,24,200,2,296.99,1
7968,24,201,2,79.25,1
7969,26,168,1,195.36,1
7970,80,256,1,225.05,1
7971,107,285,2,305.99,1
7972,79,256,2,225.05,1
7973,117,292,1,276.36,1
7974,162,302,2,325.71,2
7975,1374,121,2,297.83,1
7976,1304,51,2,264.93,1
7977,2198,249,4,125.59,1
7978,2743,95,2,561.92,1
7979,900,345,1,462.19,1
7980,1435,183,1,247.9,1
7981,423,564,1,16.72,1
7982,783,227,2,325.52,1
7983,1011,454,1,160.06,1
7984,1995,44,4,201.84,1
7985,1446,197,1,369.09,1
7986,2360,409,4,451.06,1
7987,1841,587,2,12.42,4
7988,586,29,1,191.99,3
7989,436,576,1,21.79,1
7990,2473,522,1,48.21,1
7991,604,47,1,154.45,1
7992,2053,102,1,305.06,1
7993,2801,153,1,47.69,1
7994,1023,467,2,36.16,1
7995,2028,77,1,90.25,1
7996,1673,419,1,100.07,1
7997,2656,9,3,29.61,1
7998,272,412,2,263.13,1
7999,834,277,1,126.86,1
8000,817,260,1,431.64,4
8001,1819,566,2,37.51,1
8002,2423,472,1,13.2,1
8003,2266,315,1,94.67,1
8004,193,337,2,95.51,1
8005,2442,492,2,22.36,1
8006,632,75,1,31.88,1
8007,1617,363,1,187.49,1
8008,1978,29,4,191.99,1
8009,179,319,1,525.0,1
8010,2840,38,1,211.05,1
8011,2867,515,3,31.72,1
8012,2870,554,1,27.9,1
8013,2931,284,2,32.58,1
8014,3329,379,2,255.13,1
8015,3162,514,2,17.82,1
8016,3327,376,2,107.25,1
8017,2971,323,2,129.22,1
8018,3154,507,2,40.96,1
8019,3213,565,2,31.67,1
8020,3221,574,2,31.45,1
8021,3057,409,2,451.06,1
8022,3019,373,2,27.3,1
8023,2983,336,2,94.0,3
8024,3459,639,1,14.3,2
8025,3462,5,1,46.51,1
8026,3462,6,1,111.68,1
8027,3723,619,1,41.55,1
8028,3715,612,1,39.17,1
8029,3688,585,1,46.6,1
8030,3649,544,3,29.4,1
8031,3662,558,4,39.58,1
8032,3773,153,1,47.69,1
8033,3711,607,1,38.45,1
8034,3550,445,1,201.39,1
8035,4016,162,2,149.56,1
8036,4034,595,1,27.0,1
8037,4139,501,2,32.69,1
8038,4144,318,1,49.93,1
8039,4154,525,2,36.41,1
8040,4177,297,1,255.96,1
8041,4197,318,1,49.93,2
8042,4217,336,1,94.0,1
8043,4210,330,1,199.0,1
8044,4400,363,1,187.49,1
8045,4265,227,1,325.52,1
8046,4435,397,1,17.06,1
8047,4323,286,1,280.07,1
8048,4412,374,3,88.57,1
8049,4273,236,1,376.74,1
8050,4317,279,3,104.59,1
8051,4503,38,1,211.05,1
8052,4539,497,4,11.77,2
8053,4567,199,2,282.16,1
8054,4586,438,1,51.99,1
8055,980,426,1,16.9,1
8056,873,316,3,114.66,6
8057,2309,359,1,222.82,1
8058,2010,59,4,365.1,1
8059,1711,457,2,420.93,1
8060,1541,289,1,459.03,1
8061,451,592,1,20.28,1
8062,1297,44,1,201.84,2
8063,544,418,1,56.89,1
8064,423,565,1,31.67,1
8065,2541,590,1,25.67,1
8066,939,384,1,124.75,2
8067,1872,619,1,41.55,1
8068,823,266,3,78.47,1
8069,855,298,2,305.51,1
8070,1269,16,2,365.59,1
8071,569,13,1,122.11,3
8072,2608,111,3,257.63,1
8073,1303,50,1,111.19,1
8074,264,406,1,28.1,2
8075,360,500,1,21.15,1
8076,220,361,3,154.99,1
8077,339,479,1,47.3,1
8078,318,458,1,227.7,1
8079,2605,48,2,266.82,1
8080,1562,308,1,491.89,1
8081,1604,351,2,319.42,1
8082,26,169,1,83.89,1
8083,1323,623,1,43.67,1
8084,1861,610,1,40.1,1
8085,2097,146,2,293.21,4
8086,1758,506,1,27.28,1
8087,1997,46,2,33.45,2
8088,532,318,2,49.93,2
8089,822,267,1,354.98,1
8090,512,26,1,220.98,1
8091,1200,643,2,28.48,1
8092,668,112,2,109.74,1
8093,644,87,1,86.3,1
8094,1039,482,1,19.0,5
8095,2577,627,2,17.59,2
8096,2642,544,3,29.4,4
8097,2761,113,1,104.06,1
8098,1104,547,1,21.69,1
8099,1670,416,1,211.5,1
8100,937,381,1,28.1,1
8101,1679,427,2,123.74,1
8102,2545,596,2,30.93,1
8103,678,121,3,297.83,2
8104,1848,594,1,18.73,1
8105,2817,169,1,83.89,1
8106,1911,111,1,257.63,1
8107,988,433,2,244.8,1
8108,1615,363,1,187.49,1
8109,2786,139,3,101.33,3
8110,2763,116,2,65.4,1
8111,1397,144,1,217.73,2
8112,2759,115,2,362.61,1
8113,2398,447,1,69.64,14
8114,2151,200,1,296.99,2
8115,2814,166,1,83.04,1
8116,2023,73,1,75.84,1
8117,215,355,1,314.84,1
8118,1879,626,2,20.93,1
8119,1432,180,3,71.2,1
8120,2870,555,1,13.49,1
8121,2975,328,2,114.92,1
8122,2978,330,2,199.0,2
8123,3390,47,2,154.45,1
8124,3331,405,2,154.41,1
8125,3248,600,2,16.6,1
8126,3384,39,2,88.58,1
8127,3138,493,2,21.64,1
8128,3075,427,2,123.74,1
8129,3236,589,2,37.81,1
8130,2968,320,2,139.5,4
8131,3376,32,2,72.97,1
8132,3493,34,2,250.78,1
8133,3485,26,1,220.98,2
8134,3540,435,1,366.51,1
8135,3534,432,1,182.37,1
8136,3586,481,2,5.6,1
8137,3922,28,1,90.46,1
8138,3815,419,1,100.07,1
8139,3829,482,2,19.0,1
8140,3555,451,1,211.16,1
8141,3546,442,1,53.44,1
8142,3948,54,1,177.64,2
8143,3574,469,3,57.25,1
8144,3851,537,1,28.69,1
8145,3725,620,1,21.1,1
8146,3705,600,1,16.6,1
8147,3735,631,1,33.2,1
8148,3704,599,3,47.06,1
8149,3970,553,1,38.87,1
8150,4001,291,3,370.4,1
8151,4010,109,1,68.55,1
8152,4676,646,1,121.31,1
8153,4633,532,2,36.15,1
8154,4763,550,2,7.88,1
8155,4772,452,1,198.07,1
8156,4773,518,2,48.49,1
8157,4814,495,3,27.06,1
8158,4853,186,1,86.74,1
8159,4870,133,3,385.24,1
8160,4982,415,4,105.31,4
8161,1992,44,1,201.84,1
8162,2121,170,1,40.77,1
8163,591,35,4,72.37,1
8164,644,88,1,15.17,1
8165,1055,499,1,15.02,2
8166,1578,324,1,113.49,1
8167,1042,485,1,23.01,1
8168,477,618,2,33.15,1
8169,918,361,3,154.99,2
8170,2552,601,2,9.84,1
8171,1990,39,4,88.58,1
8172,2397,447,2,69.64,2
8173,1789,535,3,47.58,1
8174,2402,451,2,211.16,1
8175,1959,11,1,163.13,1
8176,1397,145,3,421.82,2
8177,2796,148,1,79.09,2
8178,1257,3,1,162.66,2
8179,1474,221,2,346.71,1
8180,425,565,1,31.67,4
8181,2389,438,1,51.99,1
8182,1579,325,3,111.94,4
8183,1471,217,2,376.71,1
8184,2149,200,1,296.99,1
8185,310,452,2,198.07,1
8186,2721,73,1,75.84,1
8187,2322,341,4,184.46,1
8188,2838,78,2,80.48,1
8189,2871,556,1,36.03,1
8190,2876,560,1,3.06,1
8191,2879,127,1,16.06,1
8192,2884,236,2,376.74,1
8193,3072,425,2,611.6,1
8194,3295,647,2,410.61,1
8195,3262,616,2,15.27,2
8196,3377,33,2,132.1,1
8197,3257,609,2,33.84,1
8198,3128,480,2,47.81,1
8199,3228,582,2,35.45,2
8200,3139,491,2,40.56,1
8201,3221,575,2,37.13,1
8202,3381,36,2,43.4,5
8203,3506,47,4,154.45,2
8204,3503,44,2,201.84,2
8205,3560,458,4,227.7,2
8206,3542,438,4,51.99,1
8207,3951,59,1,365.1,1
8208,3666,561,2,42.06,6
8209,3681,578,1,47.43,1
8210,3807,382,1,152.61,1
8211,3860,553,1,38.87,1
8212,3592,487,1,23.05,3
8213,3989,572,1,48.34,1
8214,3982,564,3,16.72,2
8215,4748,72,1,566.28,2
8216,4740,62,1,52.96,1
8217,4750,72,1,566.28,1
8218,4707,29,3,191.99,1
8219,4078,189,1,238.05,3
8220,4783,479,2,47.3,1
8221,4802,492,2,22.36,1
8222,4825,613,2,33.28,1
8223,4834,401,2,102.99,2
8224,4909,170,3,40.77,1
8225,4897,158,3,404.87,4
8226,4954,216,3,71.34,1
8227,4928,189,3,238.05,1
8228,4112,231,1,394.45,1
8229,4132,95,2,561.92,1
8230,4217,337,1,95.51,1
8231,4230,194,3,490.71,1
8232,4994,114,1,50.23,2
8233,4993,114,1,50.23,1
8234,4259,99,4,304.95,1
8235,4327,289,3,459.03,2
8236,4447,410,2,86.66,1
8237,4445,407,1,120.06,1
8238,4305,269,3,51.88,1
8239,4289,252,1,449.04,1
8240,4464,426,2,16.9,7
8241,4590,267,1,354.98,1
8242,4624,502,2,48.34,1
8243,45,188,1,26.71,1
8244,110,285,1,305.99,1
8245,102,278,4,184.2,1
8246,137,277,2,126.86,2
8247,2387,436,2,38.56,1
8248,1302,49,1,220.43,1
8249,1185,628,2,40.46,1
8250,271,411,1,85.27,3
8251,1176,620,4,21.1,3
8252,1977,26,2,220.98,1
8253,2481,530,1,42.66,1
8254,1202,645,1,43.33,1
8255,487,629,1,27.56,1
8256,1853,599,1,47.06,1
8257,72,23,1,9.91,1
8258,106,281,2,76.32,7
8259,117,293,4,18.75,1
8260,93,270,1,526.9,1
8261,127,267,2,354.98,2
8262,168,258,1,120.18,1
8263,1325,626,3,20.93,1
8264,1374,122,2,115.69,1
8265,1345,91,1,80.46,2
8266,1358,104,1,246.1,1
8267,272,413,2,17.69,1
8268,414,554,1,27.9,1
8269,2698,52,1,55.33,1
8270,1980,29,4,191.99,5
8271,498,638,1,18.44,1
8272,494,637,1,28.13,1
8273,2265,316,2,114.66,1
8274,316,456,1,84.96,2
8275,560,3,2,162.66,1
8276,1384,131,2,214.03,2
8277,612,55,1,112.89,1
8278,750,194,1,490.71,2
8279,2523,573,1,29.96,1
8280,2828,180,2,71.2,3
8281,1508,255,1,50.21,1
8282,1814,560,3,3.06,1
8283,1922,259,1,280.8,1
8284,1403,150,1,165.4,1
8285,1667,414,1,196.42,1
8286,2125,176,2,239.68,1
8287,331,472,1,13.2,1
8288,2829,181,1,112.82,1
8289,1538,284,1,32.58,1
8290,2681,34,3,250.78,1
8291,1448,194,1,490.71,1
8292,207,348,2,57.74,1
8293,1504,251,2,558.01,1
8294,1178,621,3,11.76,1
8295,2757,110,1,253.04,1
8296,658,104,1,246.1,1
8297,1500,250,3,347.36,1
8298,1513,260,1,431.64,1
8299,2104,153,1,47.69,1
8300,1300,46,1,33.45,1
8301,291,431,1,276.1,11
8302,412,553,2,38.87,1
8303,2004,53,1,106.98,1
8304,1924,293,1,18.75,1
8305,1284,30,3,26.27,4
8306,698,142,2,237.42,1
8307,693,136,3,211.59,1
8308,1056,499,1,15.02,1
8309,1599,345,3,462.19,1
8310,2383,432,1,182.37,2
8311,2502,551,2,33.78,1
8312,2680,33,1,132.1,1
8313,1184,629,1,27.56,1
8314,1710,458,1,227.7,1
8315,2056,107,1,114.54,1
8316,2572,624,1,16.22,1
8317,2179,229,1,101.05,1
8318,2647,648,2,66.5,2
8319,1470,216,1,71.34,1
8320,2182,233,1,72.1,1
8321,683,127,2,16.06,1
8322,752,196,1,98.66,1
8323,2342,410,1,86.66,2
8324,2863,303,2,189.65,1
8325,2965,261,2,222.43,1
8326,3138,494,2,42.4,1
8327,2978,331,2,426.41,2
8328,3043,395,2,125.62,1
8329,3054,406,2,28.1,1
8330,3413,70,2,90.22,1
8331,3395,51,2,264.93,1
8332,3213,566,2,37.51,1
8333,3236,590,2,25.67,1
8334,3393,48,2,266.82,7
8335,3097,451,2,211.16,1
8336,3315,250,2,347.36,1
8337,3419,74,2,89.61,1
8338,3088,440,2,174.4,1
8339,3260,612,2,39.17,1
8340,3237,590,2,25.67,1
8341,3342,591,2,14.56,1
8342,3146,499,2,15.02,1
8343,3353,8,2,283.78,1
8344,3185,539,2,23.69,1
8345,3302,48,2,266.82,1
8346,3487,28,1,90.46,1
8347,3502,43,1,231.72,1
8348,3809,395,3,125.62,1
8349,3598,493,1,21.64,1
8350,3727,622,1,41.08,2
8351,3633,528,1,20.72,1
8352,3899,5,3,46.51,1
8353,3711,608,1,49.49,1
8354,3869,571,2,39.28,1
8355,3724,619,3,41.55,1
8356,3960,415,1,105.31,1
8357,3977,560,2,3.06,1
8358,3970,554,3,27.9,1
8359,4026,170,1,40.77,1
8360,4050,9,3,29.61,1
8361,4671,640,1,17.08,1
8362,4715,37,1,56.02,1
8363,4066,177,1,28.52,1
8364,4643,551,1,33.78,1
8365,4073,184,1,227.34,1
8366,4077,192,1,276.57,1
8367,575,19,1,24.54,1
8368,2523,574,4,31.45,1
8369,725,168,2,195.36,2
8370,1769,515,3,31.72,1
8371,394,536,1,34.55,1
8372,1570,316,1,114.66,1
8373,994,440,4,174.4,1
8374,1480,227,1,325.52,1
8375,452,593,2,21.21,1
8376,1991,40,1,138.47,2
8377,1228,297,1,255.96,5
8378,859,304,1,36.33,1
8379,193,338,2,39.67,1
8380,1775,522,1,48.21,1
8381,1935,379,1,255.13,1
8382,1182,625,1,27.74,1
8383,431,571,1,39.28,1
8384,1013,456,3,84.96,2
8385,778,222,2,128.57,1
8386,2590,639,4,14.3,3
8387,2229,279,1,104.59,1
8388,796,239,1,66.78,1
8389,2038,88,1,15.17,1
8390,231,372,1,69.35,1
8391,230,372,2,69.35,1
8392,1516,264,1,337.41,1
8393,1050,493,2,21.64,1
8394,624,68,1,350.94,1
8395,2668,21,2,81.2,1
8396,2807,159,1,289.02,3
8397,2841,39,2,88.58,1
8398,2880,115,1,362.61,2
8399,2910,118,2,243.5,1
8400,2917,602,3,13.62,1
8401,2913,598,1,39.37,1
8402,3151,503,2,13.24,4
8403,3119,472,2,13.2,1
8404,4845,409,3,451.06,1
8405,4850,426,1,16.9,1
8406,4856,489,3,21.61,1
8407,4866,129,3,580.11,1
8408,4934,195,3,93.66,1
8409,4954,217,3,376.71,1
8410,4974,236,3,376.74,1
8411,4934,196,3,98.66,1
8412,4157,356,1,267.65,1
8413,4197,319,4,525.0,2
8414,4177,298,1,305.51,1
8415,4230,195,2,93.66,1
8416,4994,115,1,362.61,2
8417,4335,297,1,255.96,1
8418,4409,372,1,69.35,1
8419,4489,25,1,105.01,5
8420,4549,507,4,40.96,1
8421,4624,503,2,13.24,1
8422,3,328,2,114.92,1
8423,64,205,1,393.17,1
8424,31,172,1,46.76,1
8425,50,192,2,276.57,1
8426,46,187,1,327.2,2
8427,98,273,1,182.46,1
8428,141,282,1,265.94,1
8429,1339,86,2,86.04,1
8430,716,160,4,257.65,1
8431,509,649,1,42.26,1
8432,1779,525,3,36.41,1
8433,1204,647,1,410.61,2
8434,1997,47,2,154.45,2
8435,2176,227,1,325.52,1
8436,1098,542,2,14.77,1
8437,1194,638,1,18.44,1
8438,2049,99,1,304.95,1
8439,4169,289,4,459.03,1
8440,4247,87,1,86.3,1
8441,4458,421,1,204.49,1
8442,4418,380,1,299.17,1
8443,4326,290,1,229.2,1
8444,4311,276,1,37.0,1
8445,4404,367,1,377.4,1
8446,4491,29,1,191.99,2
8447,4493,186,4,86.74,3
8448,4588,441,2,521.82,1
8449,4620,491,2,40.56,1
8450,4,328,1,114.92,1
8451,72,41,1,138.0,1
8452,77,252,1,449.04,1
8453,4540,498,4,16.62,1
8454,4576,398,2,41.17,1
8455,4620,493,2,21.64,1
8456,4616,480,2,47.81,1
8457,3127,480,2,47.81,1
8458,3422,77,2,90.25,1
8459,3396,52,2,55.33,1
8460,3295,648,2,66.5,1
8461,3046,399,2,45.7,1
8462,3078,430,2,34.9,1
8463,3460,1,1,12.03,1
8464,3595,490,1,31.61,2
8465,3669,564,3,16.72,1
8466,3675,570,1,8.45,1
8467,3837,503,1,13.24,5
8468,3560,459,3,195.72,2
8469,3942,48,1,266.82,1
8470,3835,502,1,48.34,1
8471,3872,577,1,28.54,1
8472,4020,255,1,50.21,1
8473,4652,568,1,37.31,1
8474,4645,553,1,38.87,1
8475,4828,626,1,20.93,1
8476,4814,506,1,27.28,1
8477,4898,160,3,257.65,1
8478,4872,133,3,385.24,3
8479,4861,122,3,115.69,1
8480,4962,224,3,176.81,1
8481,4157,357,1,207.92,1
8482,4159,126,1,130.84,2
8483,4164,283,1,264.19,1
8484,5000,40,2,138.47,1
8485,4396,358,1,188.26,1
8486,4441,404,1,217.87,1
8487,4317,280,2,145.57,1
8488,4418,381,1,28.1,1
8489,4561,519,4,37.38,1
8490,2739,93,1,159.38,1
8491,1285,32,1,72.97,1
8492,2229,280,1,145.57,1
8493,1307,55,3,112.89,8
8494,1894,641,2,17.23,1
8495,448,589,1,37.81,1
8496,1163,606,3,22.71,1
8497,1006,449,1,39.29,2
8498,1935,387,4,360.97,1
8499,1180,625,1,27.74,1
8500,1801,547,2,21.69,1
