post_id,influencer_id,platform,external_post_id,post_text,posted_at,likes_count,shares_count,comments_count,views_count,sentiment_score,virality_score,detected_products,momentum_flag
1,1,threads,GOLD-SIGNAL-1-1,Gold supplier feed shows active demand for Velocityworks Baseball Glove 1 in Team Sports with current retail price $12.03.,2026-05-07T02:49:12,489,67,32,11469,0.2,78,1,rising
2,2,youtube,GOLD-SIGNAL-2-2,Gold supplier feed shows active demand for Trailforge Smart Scale 2 in Fitness Devices with current retail price $257.07.,2026-05-06T21:38:24,596,92,47,15504,0.25,83,2,viral
3,3,instagram,GOLD-SIGNAL-3-3,Gold supplier feed shows active demand for Velocityworks Training Hoodie 3 in Activewear with current retail price $162.66.,2026-05-06T16:27:36,2293,398,208,63111,0.3,99,3,mega_viral
4,4,tiktok,GOLD-SIGNAL-4-4,Gold supplier feed shows active demand for Hydrawave Bike Light Set 4 in Cycling with current retail price $25.07. Product 4 remains part of the PeakGear gold-data catalog.,2026-05-06T12:00:00,503,96,27,16290,0.35,87,4,viral
5,5,twitter,GOLD-SIGNAL-5-5,Gold supplier feed shows active demand for Trailforge Compression Shorts 5 in Activewear with current retail price $46.51.,2026-05-06T06:49:12,708,84,47,24564,0.4,67,5,rising
6,6,threads,GOLD-SIGNAL-6-6,Gold supplier feed shows active demand for Ironkinetic Repair Kit 6 in Cycling with current retail price $111.68. Product 6 remains part of the PeakGear gold-data catalog.,2026-05-06T01:38:24,992,136,78,36912,0.45,78,6,rising
7,7,youtube,GOLD-SIGNAL-7-7,Gold supplier feed shows active demand for Canyonridge Trail Runner 7 in Footwear with current retail price $172.1. Product 7 remains part of the PeakGear gold-data catalog.,2026-05-05T20:27:36,1097,171,99,43983,0.5,85,7,viral
8,8,instagram,GOLD-SIGNAL-8-8,Gold supplier feed shows active demand for Velocityworks Gps Fitness Watch 8 in Fitness Devices with current retail price $283.78.,2026-05-05T16:00:00,1076,187,59,46392,0.15,90,8,viral
9,9,tiktok,GOLD-SIGNAL-9-9,Gold supplier feed shows active demand for Trailforge Training Hoodie 9 in Uncategorized with current retail price $29.61.,2026-05-05T10:49:12,1202,230,80,22836,0.2,67,9,rising
10,10,twitter,GOLD-SIGNAL-10-10,Gold supplier feed shows active demand for Summitpulse Belay Device 10 in Climbing with current retail price $141.81. Product 10 remains part of the PeakGear gold-data catalog.,2026-05-05T05:38:24,1470,176,116,32070,0.25,77,10,rising
11,11,threads,GOLD-SIGNAL-11-11,Gold supplier feed shows active demand for Ironkinetic Kettlebell 11 in Strength Training with current retail price $163.13.,2026-05-05T00:27:36,2840,391,258,69360,0.3,99,11,mega_viral
12,12,youtube,GOLD-SIGNAL-12-12,Gold supplier feed shows active demand for Ironkinetic Daypack 12 in Outdoor with current retail price $274.41. Product 12 remains part of the PeakGear gold-data catalog.,2026-05-04T20:00:00,1293,201,71,36111,0.35,85,12,viral
13,13,instagram,GOLD-SIGNAL-13-13,Gold supplier feed shows active demand for Peakgear    Foam Roller   13 in Running with current retail price $122.11. Product 13 remains part of the PeakGear gold-data catalog.,2026-05-04T14:49:12,201,34,13,7230,0.4,60,13,normal
14,14,tiktok,GOLD-SIGNAL-14-14,Gold supplier feed shows active demand for Summitpulse Running Socks 14 in Running with current retail price $62.44. Product 14 remains part of the PeakGear gold-data catalog.,2026-05-04T09:38:24,369,70,29,13377,0.45,72,14,rising
15,15,twitter,GOLD-SIGNAL-15-15,Gold supplier feed shows active demand for Summitpulse Outdoor Jacket 15 in Outdoor with current retail price $477.9. Product 15 remains part of the PeakGear gold-data catalog.,2026-05-04T04:27:36,630,75,57,23880,0.5,85,15,viral
16,16,threads,GOLD-SIGNAL-16-16,Gold supplier feed shows active demand for Ironkinetic Snow Helmet 16 in Winter Sports with current retail price $365.59.,2026-05-04T00:00:00,1250,172,68,49950,0.15,99,16,mega_viral
17,17,youtube,GOLD-SIGNAL-17-17,Gold supplier feed shows active demand for Nordcrest Running Shoe 17 in Footwear with current retail price $41.61. Product 17 remains part of the PeakGear gold-data catalog.,2026-05-03T18:49:12,637,99,42,27954,0.2,92,17,viral
18,18,instagram,GOLD-SIGNAL-18-18,Gold supplier feed shows active demand for Nordcrest Carabiner Set 18 in Climbing with current retail price $77.98. Product 18 remains part of the PeakGear gold-data catalog.,2026-05-03T13:38:24,757,131,59,14826,0.25,69,18,rising
19,19,tiktok,GOLD-SIGNAL-19-19,Gold supplier feed shows active demand for Nordcrest Base Layer Top 19 in Activewear with current retail price $24.54. Product 19 remains part of the PeakGear gold-data catalog.,2026-05-03T08:27:36,730,140,66,16530,0.3,73,19,rising
20,20,twitter,GOLD-SIGNAL-20-20,Gold supplier feed shows active demand for Hydrawave Volleyball 20 in Uncategorized with current retail price $230.76. Product 20 remains part of the PeakGear gold-data catalog.,2026-05-03T04:00:00,1167,140,64,29208,0.35,87,20,viral
21,21,threads,GOLD-SIGNAL-21-21,Gold supplier feed shows active demand for Ironkinetic Bike Light Set 21 in Uncategorized with current retail price $81.2.,2026-05-02T22:49:12,1404,193,94,39108,0.4,96,21,mega_viral
22,22,youtube,GOLD-SIGNAL-22-22,Gold supplier feed shows active demand for Canyonridge Gps Fitness Watch 22 in Fitness Devices with current retail price $422.72.,2026-05-02T17:38:24,1290,201,101,39900,0.45,69,22,rising
23,23,instagram,GOLD-SIGNAL-23-23,Gold supplier feed shows active demand for Velocityworks Dry Bag 23 in Water Sports with current retail price $9.91. Product 23 remains part of the PeakGear gold-data catalog.,2026-05-02T12:27:36,2155,374,196,72315,0.5,88,23,viral
24,24,tiktok,GOLD-SIGNAL-24-24,Gold supplier feed shows active demand for Ironkinetic Trekking Poles 24 in Outdoor with current retail price $196.2. Product 24 remains part of the PeakGear gold-data catalog.,2026-05-02T08:00:00,1335,256,73,49260,0.15,81,24,rising
25,25,twitter,GOLD-SIGNAL-25-25,Gold supplier feed shows active demand for Summitpulse Basketball 25 in Team Sports with current retail price $105.01. Product 25 remains part of the PeakGear gold-data catalog.,2026-05-02T02:49:12,1603,192,107,63717,0.2,90,25,viral
26,26,threads,GOLD-SIGNAL-26-26,Gold supplier feed shows active demand for Ironkinetic Kettlebell 26 in Strength Training with current retail price $220.98.,2026-05-01T21:38:24,277,38,21,12834,0.25,66,26,rising
27,27,youtube,GOLD-SIGNAL-27-27,Gold supplier feed shows active demand for Nordcrest Base Layer Top 27 in Activewear with current retail price $91.01. Product 27 remains part of the PeakGear gold-data catalog.,2026-05-01T16:27:36,338,52,30,7284,0.3,71,27,rising
28,28,instagram,GOLD-SIGNAL-28-28,Gold supplier feed shows active demand for Nordcrest Performance Tee 28 in Activewear with current retail price $90.46. Product 28 remains part of the PeakGear gold-data catalog.,2026-05-01T12:00:00,473,82,26,11133,0.35,80,28,rising
29,29,tiktok,GOLD-SIGNAL-29-29,Gold supplier feed shows active demand for Trailforge Trail Runner 29 in Footwear with current retail price $191.99. Product 29 remains part of the PeakGear gold-data catalog.,2026-05-01T06:49:12,2474,475,165,60576,0.4,99,29,mega_viral
30,30,twitter,GOLD-SIGNAL-30-30,Gold supplier feed shows active demand for Hydrawave Training Hoodie 30 in Activewear with current retail price $26.27. Product 30 remains part of the PeakGear gold-data catalog.,2026-05-01T01:38:24,872,104,68,24744,0.45,69,30,rising
31,1,threads,GOLD-SIGNAL-31-31,Gold supplier feed shows active demand for Peakgear Repair Kit 31 in Cycling with current retail price $340.92. Product 31 remains part of the PeakGear gold-data catalog.,2026-04-30T20:27:36,768,105,69,24240,0.5,70,31,rising
32,2,youtube,GOLD-SIGNAL-32-32,Gold supplier feed shows active demand for Hydrawave Pickleball Paddle 32 in Racquet Sports with current retail price $72.97.,2026-04-30T16:00:00,607,94,33,21231,0.15,72,32,rising
33,3,instagram,GOLD-SIGNAL-33-33,Gold supplier feed shows active demand for Aerostride  Training   Hoodie  33 in Activewear with current retail price $132.1.,2026-04-30T10:49:12,786,136,52,29496,0.2,81,33,rising
34,4,tiktok,GOLD-SIGNAL-34-34,Gold supplier feed shows active demand for Velocityworks Reflective Vest 34 in Running with current retail price $250.78.,2026-05-07T05:38:24,1307,250,103,52173,0.25,95,34,mega_viral
35,5,twitter,GOLD-SIGNAL-35-35,Gold supplier feed shows active demand for Velocityworks Reflective Vest 35 in Running with current retail price $72.37.,2026-05-07T00:27:36,3079,369,280,130518,0.3,99,35,mega_viral
36,6,threads,GOLD-SIGNAL-36-36,Gold supplier feed shows active demand for Velocityworks Daypack 36 in Outdoor with current retail price $43.4. Product 36 remains part of the PeakGear gold-data catalog.,2026-05-06T20:00:00,1503,207,82,28254,0.35,79,36,rising
37,7,youtube,GOLD-SIGNAL-37-37,Gold supplier feed shows active demand for Trailforge Compression Shorts 37 in Activewear with current retail price $56.02.,2026-05-06T14:49:12,1149,179,76,25329,0.4,79,37,rising
38,8,instagram,GOLD-SIGNAL-38-38,Gold supplier feed shows active demand for Velocityworks Adjustable Dumbbells 38 in Strength Training with current retail price $211.05.,2026-05-06T09:38:24,1186,206,93,29664,0.45,86,38,viral
39,9,tiktok,GOLD-SIGNAL-39-39,Gold supplier feed shows active demand for Hydrawave Training Hoodie 39 in Activewear with current retail price $88.58. Product 39 remains part of the PeakGear gold-data catalog.,2026-05-06T04:27:36,288,55,26,8976,0.5,67,39,rising
40,10,twitter,GOLD-SIGNAL-40-40,Gold supplier feed shows active demand for Aerostride Foam Roller 40 in Running with current retail price $138.47. Product 40 remains part of the PeakGear gold-data catalog.,2026-05-06T00:00:00,738,88,40,23340,0.15,91,40,viral
41,11,threads,GOLD-SIGNAL-41-41,Gold supplier feed shows active demand for Velocityworks Dry Bag 41 in Water Sports with current retail price $138.0. Product 41 remains part of the PeakGear gold-data catalog.,2026-05-05T18:49:12,522,72,34,18426,0.2,82,41,viral
42,12,youtube,GOLD-SIGNAL-42-42,Gold supplier feed shows active demand for Ironkinetic Belay Device 42 in Climbing with current retail price $10.44. Product 42 remains part of the PeakGear gold-data catalog.,2026-05-05T13:38:24,840,131,66,31440,0.25,96,42,mega_viral
43,13,instagram,GOLD-SIGNAL-43-43,Gold supplier feed shows active demand for Nordcrest Bike Light Set 43 in Cycling with current retail price $231.72. Product 43 remains part of the PeakGear gold-data catalog.,2026-05-05T08:27:36,742,129,67,30138,0.3,66,43,rising
44,14,tiktok,GOLD-SIGNAL-44-44,Gold supplier feed shows active demand for Ironkinetic Cross-Training Shoe 44 in Footwear with current retail price $201.84.,2026-05-05T04:00:00,924,177,50,40008,0.35,75,44,rising
45,15,twitter,GOLD-SIGNAL-45-45,Gold supplier feed shows active demand for Canyonridge Tennis Racket 45 in Racquet Sports with current retail price $399.11.,2026-05-04T22:49:12,3170,380,212,58260,0.4,99,45,mega_viral
46,16,threads,GOLD-SIGNAL-46-46,Gold supplier feed shows active demand for Velocityworks Wetsuit 46 in Water Sports with current retail price $33.45. Product 46 remains part of the PeakGear gold-data catalog.,2026-05-04T17:38:24,788,108,62,17748,0.45,82,46,viral
47,17,youtube,GOLD-SIGNAL-47-47,Gold supplier feed shows active demand for Peakgear Paddle Leash 47 in Water Sports with current retail price $154.45. Product 47 remains part of the PeakGear gold-data catalog.,2026-05-04T12:27:36,1672,260,152,41328,0.5,99,47,mega_viral
48,18,instagram,GOLD-SIGNAL-48-48,Gold supplier feed shows active demand for Hydrawave Adjustable Dumbbells 48 in Strength Training with current retail price $266.82.,2026-05-04T08:00:00,1395,242,76,38865,0.15,73,48,rising
49,19,tiktok,GOLD-SIGNAL-49-49,Gold supplier feed shows active demand for Summitpulse Repair Kit 49 in Cycling with current retail price $220.43. Product 49 remains part of the PeakGear gold-data catalog.,2026-05-04T02:49:12,1819,349,121,55770,0.2,84,49,viral
50,20,twitter,GOLD-SIGNAL-50-50,Gold supplier feed shows active demand for Trailforge Climbing Harness 50 in Climbing with current retail price $111.19.,2026-05-03T21:38:24,1684,202,133,56772,0.25,87,50,viral
51,21,threads,GOLD-SIGNAL-51-51,Gold supplier feed shows active demand for Velocityworks Base Layer Pants 51 in Winter Sports with current retail price $264.93.,2026-05-03T16:27:36,1200,165,109,44400,0.3,87,51,viral
52,22,youtube,GOLD-SIGNAL-52-52,Gold supplier feed shows active demand for Canyonridge Foam Roller 52 in Running with current retail price $55.33. Product 52 remains part of the PeakGear gold-data catalog.,2026-05-03T12:00:00,198,30,10,8922,0.35,62,52,normal
53,23,instagram,GOLD-SIGNAL-53-53,Gold supplier feed shows active demand for Summitpulse Resistance Band Set 53 in Strength Training with current retail price $106.98.,2026-05-03T06:49:12,384,66,25,17328,0.4,74,53,rising
54,24,tiktok,GOLD-SIGNAL-54-54,Gold supplier feed shows active demand for Aerostride Cycling Jersey 54 in Cycling with current retail price $177.64. Product 54 remains part of the PeakGear gold-data catalog.,2026-05-03T01:38:24,632,121,49,12576,0.45,87,54,viral
55,25,twitter,GOLD-SIGNAL-55-55,Gold supplier feed shows active demand for Aerostride Snow Helmet 55 in Uncategorized with current retail price $112.89.,2026-05-02T20:27:36,738,88,67,16698,0.5,93,55,viral
56,26,threads,GOLD-SIGNAL-56-56,Gold supplier feed shows active demand for Ironkinetic Repair Kit 56 in Cycling with current retail price $204.04. Product 56 remains part of the PeakGear gold-data catalog.,2026-05-02T16:00:00,2079,286,114,51096,0.15,99,56,mega_viral
57,27,youtube,GOLD-SIGNAL-57-57,Gold supplier feed shows active demand for Trailforge Badminton Set 57 in Racquet Sports with current retail price $228.53.,2026-05-02T10:49:12,722,112,48,20694,0.2,71,57,rising
58,28,instagram,GOLD-SIGNAL-58-58,Gold supplier feed shows active demand for Velocityworks Trekking Poles 58 in Outdoor with current retail price $138.82.,2026-05-02T05:38:24,919,159,72,28770,0.25,80,58,rising
59,29,tiktok,GOLD-SIGNAL-59-59,Gold supplier feed shows active demand for Summitpulse Daypack 59 in Outdoor with current retail price $365.1. Product 59 remains part of the PeakGear gold-data catalog.,2026-05-02T00:27:36,2000,384,182,67200,0.3,99,59,mega_viral
60,30,twitter,GOLD-SIGNAL-60-60,Gold supplier feed shows active demand for Trailforge Daypack 60 in Outdoor with current retail price $290.58. Product 60 remains part of the PeakGear gold-data catalog.,2026-05-01T20:00:00,1065,127,58,39540,0.35,63,60,rising
61,1,threads,GOLD-SIGNAL-61-61,Gold supplier feed shows active demand for Hydrawave Smart Scale 61 in Fitness Devices with current retail price $442.95.,2026-05-01T14:49:12,1095,151,73,43905,0.4,69,61,rising
62,2,youtube,GOLD-SIGNAL-62-62,Gold supplier feed shows active demand for Canyonridge Training Hoodie 62 in Activewear with current retail price $52.96.,2026-05-01T09:38:24,1429,222,112,61218,0.45,79,62,rising
63,3,instagram,GOLD-SIGNAL-63-63,Gold supplier feed shows active demand for Canyonridge Daypack 63 in Outdoor with current retail price $343.2. Product 63 remains part of the PeakGear gold-data catalog.,2026-05-01T04:27:36,7988,1389,726,144984,0.5,99,63,mega_viral
64,4,tiktok,GOLD-SIGNAL-64-64,Gold supplier feed shows active demand for Peakgear Cross-Training Shoe 64 in Footwear with current retail price $182.06.,2026-05-01T00:00:00,2981,572,163,63801,0.15,99,64,mega_viral
65,5,twitter,GOLD-SIGNAL-65-65,Gold supplier feed shows active demand for Hydrawave Trekking Poles 65 in Outdoor with current retail price $535.63. Product 65 remains part of the PeakGear gold-data catalog.,2026-04-30T18:49:12,248,29,16,7152,0.2,65,65,rising
66,6,threads,GOLD-SIGNAL-66-66,Gold supplier feed shows active demand for Velocityworks Camping Stove 66 in Camping Hiking with current retail price $383.04.,2026-04-30T13:38:24,391,53,30,11757,0.25,75,66,rising
67,7,youtube,GOLD-SIGNAL-67-67,Gold supplier feed shows active demand for Aerostride Badminton Set 67 in Racquet Sports with current retail price $226.7.,2026-04-30T08:27:36,476,74,43,15480,0.3,82,67,viral
68,8,instagram,GOLD-SIGNAL-68-68,Gold supplier feed shows active demand for Velocityworks Baseball Glove 68 in Team Sports with current retail price $350.94.,2026-05-07T04:00:00,803,139,44,27699,0.35,96,68,mega_viral
69,9,tiktok,GOLD-SIGNAL-69-69,Gold supplier feed shows active demand for Summitpulse Outdoor Jacket 69 in Outdoor with current retail price $487.87. Product 69 remains part of the PeakGear gold-data catalog.,2026-05-06T22:49:12,951,182,63,35436,0.4,73,69,rising
70,10,twitter,GOLD-SIGNAL-70-70,Gold supplier feed shows active demand for Ironkinetic Swim Goggles 70 in Water Sports with current retail price $90.22.,2026-05-06T17:38:24,3186,382,251,125454,0.45,99,70,mega_viral
71,11,threads,GOLD-SIGNAL-71-71,Gold supplier feed shows active demand for Velocityworks Baseball Glove 71 in Team Sports with current retail price $374.02.,2026-05-06T12:27:36,1286,177,117,55212,0.5,89,71,viral
72,12,youtube,GOLD-SIGNAL-72-72,Gold supplier feed shows active demand for Peakgear Headlamp 72 in Outdoor with current retail price $566.28. Product 72 remains part of the PeakGear gold-data catalog.,2026-05-06T08:00:00,884,137,48,17112,0.15,85,72,viral
73,13,instagram,GOLD-SIGNAL-73-73,Gold supplier feed shows active demand for Hydrawave Reflective Vest 73 in Running with current retail price $75.84. Product 73 remains part of the PeakGear gold-data catalog.,2026-05-06T02:49:12,1241,215,83,27261,0.2,67,73,rising
74,14,tiktok,GOLD-SIGNAL-74-74,Gold supplier feed shows active demand for Canyonridge Hydration Belt 74 in Running with current retail price $89.61. Product 74 remains part of the PeakGear gold-data catalog.,2026-05-05T21:38:24,1402,269,110,34848,0.25,75,74,rising
75,15,twitter,GOLD-SIGNAL-75-75,Gold supplier feed shows active demand for Summitpulse Baseball Glove 75 in Team Sports with current retail price $31.88.,2026-05-05T16:27:36,1350,162,122,37650,0.3,79,75,rising
76,16,threads,GOLD-SIGNAL-76-76,Gold supplier feed shows active demand for Trailforge Running Shoe 76 in Uncategorized with current retail price $126.17.,2026-05-05T12:00:00,1426,196,78,43980,0.35,86,76,viral
77,17,youtube,GOLD-SIGNAL-77-77,Gold supplier feed shows active demand for Aerostride Basketball 77 in Team Sports with current retail price $90.25. Product 77 remains part of the PeakGear gold-data catalog.,2026-05-05T06:49:12,1723,268,115,58059,0.4,95,77,mega_viral
78,18,instagram,GOLD-SIGNAL-78-78,Gold supplier feed shows active demand for Hydrawave Training Hoodie 78 in Activewear with current retail price $80.48. Product 78 remains part of the PeakGear gold-data catalog.,2026-05-05T01:38:24,350,60,27,13800,0.45,72,78,rising
79,19,tiktok,GOLD-SIGNAL-79-79,Gold supplier feed shows active demand for Ironkinetic Training Hoodie 79 in Activewear with current retail price $69.22.,2026-05-04T20:27:36,1642,315,149,65238,0.5,99,79,mega_viral
80,20,twitter,GOLD-SIGNAL-80-80,Gold supplier feed shows active demand for Velocityworks Adjustable Dumbbells 80 in Strength Training with current retail price $170.35.,2026-05-04T16:00:00,387,46,21,17454,0.15,79,80,rising
81,21,threads,GOLD-SIGNAL-81-81,Gold supplier feed shows active demand for Aerostride Baseball Glove 81 in Team Sports with current retail price $413.9.,2026-05-04T10:49:12,575,79,38,11550,0.2,89,81,viral
82,22,youtube,GOLD-SIGNAL-82-82,Gold supplier feed shows active demand for Peakgear Water Filter 82 in Camping Hiking with current retail price $177.94.,2026-05-04T05:38:24,927,144,73,20667,0.25,73,82,rising
83,23,instagram,GOLD-SIGNAL-83-83,Gold supplier feed shows active demand for Ironkinetic Trekking Poles        83 in Outdoor with current retail price $56.63.,2026-05-04T00:27:36,2071,360,188,50904,0.3,99,83,mega_viral
84,24,tiktok,GOLD-SIGNAL-84-84,Gold supplier feed shows active demand for Canyonridge Sleeping Bag 84 in Camping Hiking with current retail price $305.85.,2026-05-03T20:00:00,950,182,52,26850,0.35,82,84,viral
85,25,twitter,GOLD-SIGNAL-85-85,Gold supplier feed shows active demand for Trailforge Bike Light Set 85 in Cycling with current retail price $339.88. Product 85 remains part of the PeakGear gold-data catalog.,2026-05-03T14:49:12,712,85,47,22560,0.4,83,85,viral
86,26,threads,GOLD-SIGNAL-86-86,Gold supplier feed shows active demand for Velocityworks Heart Rate Strap 86 in Fitness Devices with current retail price $86.04.,2026-05-03T09:38:24,866,119,68,29778,0.45,61,86,normal
87,27,youtube,GOLD-SIGNAL-87-87,Gold supplier feed shows active demand for Summitpulse Tennis Racket 87 in Racquet Sports with current retail price $86.3.,2026-05-03T04:27:36,1383,215,125,50988,0.5,75,87,rising
88,28,instagram,GOLD-SIGNAL-88-88,Gold supplier feed shows active demand for Trailforge Climbing Harness 88 in Climbing with current retail price $15.17. Product 88 remains part of the PeakGear gold-data catalog.,2026-05-03T00:00:00,2869,499,157,113091,0.15,99,88,mega_viral
89,29,tiktok,GOLD-SIGNAL-89-89,Gold supplier feed shows active demand for Aerostride Tent 89 in Camping Hiking with current retail price $282.23. Product 89 remains part of the PeakGear gold-data catalog.,2026-05-02T18:49:12,1635,313,109,69870,0.2,89,89,viral
90,30,twitter,GOLD-SIGNAL-90-90,Gold supplier feed shows active demand for Canyonridge Headlamp 90 in Outdoor with current retail price $335.29. Product 90 remains part of the PeakGear gold-data catalog.,2026-05-02T13:38:24,2054,246,162,38172,0.25,70,90,rising
91,1,threads,GOLD-SIGNAL-91-91,Gold supplier feed shows active demand for Trailforge Soccer Ball 91 in Team Sports with current retail price $80.46. Product 91 remains part of the PeakGear gold-data catalog.,2026-05-02T08:27:36,294,40,26,7374,0.3,69,91,rising
92,2,youtube,GOLD-SIGNAL-92-92,Gold supplier feed shows active demand for Trailforge Foam Roller 92 in Running with current retail price $87.38. Product 92 remains part of the PeakGear gold-data catalog.,2026-05-02T04:00:00,443,69,24,11832,0.35,79,92,rising
93,3,instagram,GOLD-SIGNAL-93-93,Gold supplier feed shows active demand for Velocityworks Bike Light Set 93 in Cycling with current retail price $159.38.,2026-05-01T22:49:12,542,94,36,15834,0.4,85,93,viral
94,4,tiktok,GOLD-SIGNAL-94-94,Gold supplier feed shows active demand for Summitpulse   Bike Light  Set 94 in Cycling with current retail price $303.96.,2026-05-01T17:38:24,569,109,44,18270,0.45,90,94,viral
95,5,twitter,GOLD-SIGNAL-95-95,Gold supplier feed shows active demand for Canyonridge Headlamp 95 in Outdoor with current retail price $561.92. Product 95 remains part of the PeakGear gold-data catalog.,2026-05-01T12:27:36,1277,153,116,43341,0.5,83,95,viral
96,6,threads,GOLD-SIGNAL-96-96,Gold supplier feed shows active demand for Aerostride Cycling Computer 96 in Fitness Devices with current retail price $131.44.,2026-05-01T08:00:00,985,135,54,36660,0.15,79,96,rising
97,7,youtube,GOLD-SIGNAL-97-97,Gold supplier feed shows active demand for Peakgear Soccer Ball 97 in Team Sports with current retail price $183.61. Product 97 remains part of the PeakGear gold-data catalog.,2026-05-01T02:49:12,1209,188,81,48351,0.2,88,97,viral
98,8,instagram,GOLD-SIGNAL-98-98,Gold supplier feed shows active demand for Velocityworks Repair Kit 98 in Cycling with current retail price $55.93. Product 98 remains part of the PeakGear gold-data catalog.,2026-04-30T21:38:24,1089,189,86,46938,0.25,91,98,viral
99,9,tiktok,GOLD-SIGNAL-99-99,Gold supplier feed shows active demand for Peakgear Tent 99 in Camping Hiking with current retail price $304.95. Product 99 remains part of the PeakGear gold-data catalog.,2026-04-30T16:27:36,816,156,74,15888,0.3,61,99,normal
100,10,twitter,GOLD-SIGNAL-100-100,Gold supplier feed shows active demand for Ironkinetic Performance Tee 100 in Uncategorized with current retail price $63.48.,2026-04-30T12:00:00,911,109,50,20331,0.35,69,100,rising
101,11,threads,GOLD-SIGNAL-101-101,Gold supplier feed shows active demand for Trailforge Repair Kit 101 in Cycling with current retail price $315.16. Product 101 remains part of the PeakGear gold-data catalog.,2026-05-07T06:49:12,1495,206,100,37080,0.4,83,101,viral
102,12,youtube,GOLD-SIGNAL-102-102,Gold supplier feed shows active demand for Velocityworks Badminton Set 102 in Uncategorized with current retail price $305.06.,2026-05-07T01:38:24,2004,312,158,55308,0.45,95,102,mega_viral
103,13,instagram,GOLD-SIGNAL-103-103,Gold supplier feed shows active demand for Aerostride Basketball 103 in Team Sports with current retail price $36.46. Product 103 remains part of the PeakGear gold-data catalog.,2026-05-06T20:27:36,1901,330,172,58230,0.5,69,103,rising
104,14,tiktok,GOLD-SIGNAL-104-104,Gold supplier feed shows active demand for Nordcrest Volleyball 104 in Team Sports with current retail price $246.1. Product 104 remains part of the PeakGear gold-data catalog.,2026-05-06T16:00:00,849,163,46,29217,0.15,99,104,mega_viral
105,15,twitter,GOLD-SIGNAL-105-105,Gold supplier feed shows active demand for Peakgear Repair Kit 105 in Cycling with current retail price $220.75. Product 105 remains part of the PeakGear gold-data catalog.,2026-05-06T10:49:12,326,39,21,12936,0.2,74,105,rising
106,16,threads,GOLD-SIGNAL-106-106,Gold supplier feed shows active demand for Hydrawave Grip Tape 106 in Racquet Sports with current retail price $285.72. Product 106 remains part of the PeakGear gold-data catalog.,2026-05-06T05:38:24,515,71,40,21285,0.25,85,106,viral
107,17,youtube,GOLD-SIGNAL-107-107,Gold supplier feed shows active demand for Summitpulse Smart Scale 107 in Fitness Devices with current retail price $114.54.,2026-05-06T00:27:36,1353,211,123,58026,0.3,99,107,mega_viral
108,18,instagram,GOLD-SIGNAL-108-108,Gold supplier feed shows active demand for Aerostride Base Layer Top 108 in Activewear with current retail price $106.76.,2026-05-05T20:00:00,809,140,44,15762,0.35,72,108,rising
109,19,tiktok,GOLD-SIGNAL-109-109,Gold supplier feed shows active demand for Hydrawave Base Layer Top 109 in Activewear with current retail price $68.55. Product 109 remains part of the PeakGear gold-data catalog.,2026-05-05T14:49:12,826,158,55,18546,0.4,76,109,rising
110,20,twitter,GOLD-SIGNAL-110-110,Gold supplier feed shows active demand for Trailforge Gps Fitness Watch 110 in Fitness Devices with current retail price $253.04.,2026-05-05T09:38:24,981,117,77,24744,0.45,85,110,viral
111,21,threads,GOLD-SIGNAL-111-111,Gold supplier feed shows active demand for Canyonridge Kettlebell 111 in Strength Training with current retail price $257.63.,2026-05-05T04:27:36,1209,166,110,33843,0.5,94,111,mega_viral
112,22,youtube,GOLD-SIGNAL-112-112,Gold supplier feed shows active demand for Nordcrest Running Shoe 112 in Footwear with current retail price $109.74. Product 112 remains part of the PeakGear gold-data catalog.,2026-05-05T00:00:00,2022,315,111,61860,0.15,82,112,viral
113,23,instagram,GOLD-SIGNAL-113-113,Gold supplier feed shows active demand for Ironkinetic Training Hoodie 113 in Activewear with current retail price $104.06.,2026-05-04T18:49:12,1029,179,68,35157,0.2,71,113,rising
114,24,tiktok,GOLD-SIGNAL-114-114,Gold supplier feed shows active demand for Summitpulse Resistance Band Set 114 in Strength Training with current retail price $50.23.,2026-05-04T13:38:24,1532,294,121,56352,0.25,84,114,viral
115,25,twitter,GOLD-SIGNAL-115-115,Gold supplier feed shows active demand for Aerostride Repair Kit 115 in Cycling with current retail price $362.61. Product 115 remains part of the PeakGear gold-data catalog.,2026-05-04T08:27:36,1572,188,143,62508,0.3,90,115,viral
116,26,threads,GOLD-SIGNAL-116-116,Gold supplier feed shows active demand for Canyonridge Kettlebell 116 in Strength Training with current retail price $65.4.,2026-05-04T04:00:00,2139,295,117,91038,0.35,73,116,rising
117,27,youtube,GOLD-SIGNAL-117-117,Gold supplier feed shows active demand for Hydrawave Helmet 117 in Cycling with current retail price $406.66. Product 117 remains part of the PeakGear gold-data catalog.,2026-05-03T22:49:12,421,65,28,8778,0.4,78,117,rising
118,28,instagram,GOLD-SIGNAL-118-118,Gold supplier feed shows active demand for Trailforge Heart Rate Strap 118 in Fitness Devices with current retail price $243.5.,2026-05-03T17:38:24,376,65,29,9096,0.45,77,118,rising
119,29,tiktok,GOLD-SIGNAL-119-119,Gold supplier feed shows active demand for Nordcrest Compression Shorts 119 in Activewear with current retail price $74.86.,2026-05-03T12:27:36,665,127,60,17160,0.5,91,119,viral
120,30,twitter,GOLD-SIGNAL-120-120,Gold supplier feed shows active demand for Hydrawave Headlamp 120 in Outdoor with current retail price $219.78. Product 120 remains part of the PeakGear gold-data catalog.,2026-05-03T08:00:00,577,69,31,16779,0.15,62,120,normal
121,1,threads,GOLD-SIGNAL-121-121,Gold supplier feed shows active demand for Hydrawave Gps Fitness Watch 121 in Fitness Devices with current retail price $297.83.,2026-05-03T02:49:12,921,127,61,28830,0.2,75,121,rising
122,2,youtube,GOLD-SIGNAL-122-122,Gold supplier feed shows active demand for Nordcrest Chalk Bag 122 in Climbing with current retail price $115.69. Product 122 remains part of the PeakGear gold-data catalog.,2026-05-02T21:38:24,1074,167,84,36642,0.25,83,122,viral
123,3,instagram,GOLD-SIGNAL-123-123,Gold supplier feed shows active demand for Canyonridge Smart Scale 123 in Fitness Devices with current retail price $644.2.,2026-05-02T16:27:36,4272,743,388,154992,0.3,99,123,mega_viral
124,4,tiktok,GOLD-SIGNAL-124-124,Gold supplier feed shows active demand for Summitpulse Daypack 124 in Outdoor with current retail price $85.93. Product 124 remains part of the PeakGear gold-data catalog.,2026-05-02T12:00:00,941,180,51,37899,0.35,90,124,viral
125,5,twitter,GOLD-SIGNAL-125-125,Gold supplier feed shows active demand for Ironkinetic Basketball 125 in Team Sports with current retail price $309.27. Product 125 remains part of the PeakGear gold-data catalog.,2026-05-02T06:49:12,1138,136,76,48996,0.4,68,125,rising
126,6,threads,GOLD-SIGNAL-126-126,Gold supplier feed shows active demand for Nordcrest Weightlifting Gloves 126 in Strength Training with current retail price $130.84.,2026-05-02T01:38:24,1352,186,106,25536,0.45,77,126,rising
127,7,youtube,GOLD-SIGNAL-127-127,Gold supplier feed shows active demand for Hydrawave Adjustable Dumbbells 127 in Strength Training with current retail price $16.06.,2026-05-01T20:27:36,1341,209,122,29361,0.5,82,127,viral
128,8,instagram,GOLD-SIGNAL-128-128,Gold supplier feed shows active demand for Trailforge Running Shoe 128 in Footwear with current retail price $68.39. Product 128 remains part of the PeakGear gold-data catalog.,2026-05-01T16:00:00,1308,227,71,32592,0.15,88,128,viral
129,9,tiktok,GOLD-SIGNAL-129-129,Gold supplier feed shows active demand for Peakgear Daypack 129 in Outdoor with current retail price $580.11. Product 129 remains part of the PeakGear gold-data catalog.,2026-05-01T10:49:12,1619,310,108,44913,0.2,67,129,rising
130,10,twitter,GOLD-SIGNAL-130-130,Gold supplier feed shows active demand for Aerostride Badminton Set 130 in Racquet Sports with current retail price $33.81.,2026-05-01T05:38:24,1693,203,133,51990,0.25,99,130,mega_viral
131,11,threads,GOLD-SIGNAL-131-131,Gold supplier feed shows active demand for Summitpulse Basketball 131 in Team Sports with current retail price $214.03. Product 131 remains part of the PeakGear gold-data catalog.,2026-05-01T00:27:36,1018,140,92,34794,0.3,99,131,mega_viral
132,12,youtube,GOLD-SIGNAL-132-132,Gold supplier feed shows active demand for Peakgear Camping Stove 132 in Camping Hiking with current retail price $494.65.,2026-04-30T20:00:00,493,76,27,18948,0.35,86,132,viral
133,13,instagram,GOLD-SIGNAL-133-133,Gold supplier feed shows active demand for Aerostride Trekking Poles 133 in Outdoor with current retail price $385.24. Product 133 remains part of the PeakGear gold-data catalog.,2026-04-30T14:49:12,433,75,29,18087,0.4,58,133,normal
134,14,tiktok,GOLD-SIGNAL-134-134,Gold supplier feed shows active demand for Velocityworks Water Filter 134 in Camping Hiking with current retail price $383.43.,2026-04-30T09:38:24,650,124,51,28500,0.45,69,134,rising
135,15,twitter,GOLD-SIGNAL-135-135,Gold supplier feed shows active demand for Canyonridge Swim Goggles 135 in Water Sports with current retail price $205.78.,2026-05-07T04:27:36,1081,129,98,20658,0.5,84,135,viral
136,16,threads,GOLD-SIGNAL-136-136,Gold supplier feed shows active demand for Aerostride Running Shoe 136 in Footwear with current retail price $211.59. Product 136 remains part of the PeakGear gold-data catalog.,2026-05-07T00:00:00,2172,299,119,46812,0.15,99,136,mega_viral
137,17,youtube,GOLD-SIGNAL-137-137,Gold supplier feed shows active demand for Canyonridge Helmet 137 in Cycling with current retail price $191.57. Product 137 remains part of the PeakGear gold-data catalog.,2026-05-06T18:49:12,1146,178,76,28704,0.2,94,137,mega_viral
138,18,instagram,GOLD-SIGNAL-138-138,Gold supplier feed shows active demand for Velocityworks Daypack 138 in Outdoor with current retail price $242.8. Product 138 remains part of the PeakGear gold-data catalog.,2026-05-06T13:38:24,1318,229,104,36786,0.25,72,138,rising
139,19,tiktok,GOLD-SIGNAL-139-139,Gold supplier feed shows active demand for Ironkinetic Performance Tee 139 in Activewear with current retail price $101.33.,2026-05-06T08:27:36,1043,200,94,32490,0.3,73,139,rising
140,20,twitter,GOLD-SIGNAL-140-140,Gold supplier feed shows active demand for Nordcrest Repair Kit 140 in Cycling with current retail price $212.83. Product 140 remains part of the PeakGear gold-data catalog.,2026-05-06T04:00:00,1463,175,80,49479,0.35,85,140,viral
141,21,threads,GOLD-SIGNAL-141-141,Gold supplier feed shows active demand for Hydrawave Outdoor Jacket 141 in Outdoor with current retail price $348.57. Product 141 remains part of the PeakGear gold-data catalog.,2026-05-05T22:49:12,1705,235,114,62580,0.4,94,141,mega_viral
142,22,youtube,GOLD-SIGNAL-142-142,Gold supplier feed shows active demand for Trailforge Running Socks 142 in Running with current retail price $237.42. Product 142 remains part of the PeakGear gold-data catalog.,2026-05-05T17:38:24,1642,256,129,65238,0.45,69,142,rising
143,23,instagram,GOLD-SIGNAL-143-143,Gold supplier feed shows active demand for Trailforge Snow Helmet 143 in Winter Sports with current retail price $428.1.,2026-05-05T12:27:36,639,111,58,28038,0.5,91,143,viral
144,24,tiktok,GOLD-SIGNAL-144-144,Gold supplier feed shows active demand for Peakgear Headlamp 144 in Outdoor with current retail price $217.73. Product 144 remains part of the PeakGear gold-data catalog.,2026-05-05T08:00:00,498,95,27,10164,0.15,84,144,viral
145,25,twitter,GOLD-SIGNAL-145-145,Gold supplier feed shows active demand for Peakgear Soccer Ball 145 in Team Sports with current retail price $421.82. Product 145 remains part of the PeakGear gold-data catalog.,2026-05-05T02:49:12,642,77,43,14682,0.2,92,145,viral
146,26,threads,GOLD-SIGNAL-146-146,Gold supplier feed shows active demand for Canyonridge Resistance Band Set 146 in Strength Training with current retail price $293.21.,2026-05-04T21:38:24,2497,344,197,61128,0.25,99,146,mega_viral
147,27,youtube,GOLD-SIGNAL-147-147,Gold supplier feed shows active demand for Canyonridge Headlamp 147 in Outdoor with current retail price $249.63. Product 147 remains part of the PeakGear gold-data catalog.,2026-05-04T16:27:36,581,90,52,16887,0.3,68,147,rising
148,28,instagram,GOLD-SIGNAL-148-148,Gold supplier feed shows active demand for Trailforge Running Socks 148 in Running with current retail price $79.09. Product 148 remains part of the PeakGear gold-data catalog.,2026-05-04T12:00:00,752,130,41,23760,0.35,77,148,rising
149,29,tiktok,GOLD-SIGNAL-149-149,Gold supplier feed shows active demand for Nordcrest Trekking Poles 149 in Outdoor with current retail price $301.18. Product 149 remains part of the PeakGear gold-data catalog.,2026-05-04T06:49:12,1186,227,79,40338,0.4,91,149,viral
150,30,twitter,GOLD-SIGNAL-150-150,Gold supplier feed shows active demand for Ironkinetic Protein Bar Box 150 in Nutrition with current retail price $165.4.,2026-05-04T01:38:24,1482,177,117,54552,0.45,71,150,rising
151,1,threads,GOLD-SIGNAL-151-151,Gold supplier feed shows active demand for Canyonridge Foam Roller 151 in Running with current retail price $280.25. Product 151 remains part of the PeakGear gold-data catalog.,2026-05-03T20:27:36,1305,180,118,52095,0.5,73,151,rising
152,2,youtube,GOLD-SIGNAL-152-152,Gold supplier feed shows active demand for Velocityworks Ski Goggles 152 in Winter Sports with current retail price $41.58.,2026-05-03T16:00:00,937,146,51,40554,0.15,73,152,rising
153,3,instagram,GOLD-SIGNAL-153-153,Gold supplier feed shows active demand for Peakgear Performance Tee 153 in Activewear with current retail price $47.69. Product 153 remains part of the PeakGear gold-data catalog.,2026-05-03T10:49:12,987,171,66,18966,0.2,79,153,rising
154,4,tiktok,GOLD-SIGNAL-154-154,Gold supplier feed shows active demand for Velocityworks Wetsuit 154 in Water Sports with current retail price $137.75. Product 154 remains part of the PeakGear gold-data catalog.,2026-05-03T05:38:24,1557,298,123,33897,0.25,93,154,viral
155,5,twitter,GOLD-SIGNAL-155-155,Gold supplier feed shows active demand for Peakgear Basketball 155 in Team Sports with current retail price $196.46. Product 155 remains part of the PeakGear gold-data catalog.,2026-05-03T00:27:36,615,73,55,15960,0.3,96,155,mega_viral
156,6,threads,GOLD-SIGNAL-156-156,Gold supplier feed shows active demand for Summitpulse Paddle Leash 156 in Water Sports with current retail price $190.27.,2026-05-02T20:00:00,426,58,23,12702,0.35,79,156,rising
157,7,youtube,GOLD-SIGNAL-157-157,Gold supplier feed shows active demand for Ironkinetic Energy Gel Pack 157 in Nutrition with current retail price $113.39.,2026-05-02T14:49:12,1513,236,101,46590,0.4,99,157,mega_viral
158,8,instagram,GOLD-SIGNAL-158-158,Gold supplier feed shows active demand for Aerostride Tent 158 in Camping Hiking with current retail price $404.87. Product 158 remains part of the PeakGear gold-data catalog.,2026-05-02T09:38:24,514,89,40,18162,0.45,88,158,viral
159,9,tiktok,GOLD-SIGNAL-159-159,Gold supplier feed shows active demand for Hydrawave Running Socks 159 in Running with current retail price $289.02. Product 159 remains part of the PeakGear gold-data catalog.,2026-05-02T04:27:36,693,133,63,26148,0.5,67,159,rising
160,10,twitter,GOLD-SIGNAL-160-160,Gold supplier feed shows active demand for Summitpulse Sleeping Bag 160 in Camping Hiking with current retail price $257.65.,2026-05-02T00:00:00,1344,161,73,53616,0.15,88,160,viral
161,11,threads,GOLD-SIGNAL-161-161,Gold supplier feed shows active demand for Hydrawave Cross-Training Shoe 161 in Footwear with current retail price $139.14.,2026-05-01T18:49:12,813,112,54,35346,0.2,79,161,rising
162,12,youtube,GOLD-SIGNAL-162-162,Gold supplier feed shows active demand for Ironkinetic    Recovery Powder   162 in Nutrition with current retail price $149.56.,2026-05-01T13:38:24,1301,202,102,24618,0.25,94,162,mega_viral
163,13,instagram,GOLD-SIGNAL-163-163,Gold supplier feed shows active demand for Nordcrest Carabiner Set 163 in Climbing with current retail price $26.95. Product 163 remains part of the PeakGear gold-data catalog.,2026-05-01T08:27:36,1226,213,111,26946,0.3,67,163,rising
164,14,tiktok,GOLD-SIGNAL-164-164,Gold supplier feed shows active demand for Nordcrest Headlamp 164 in Outdoor with current retail price $45.22. Product 164 remains part of the PeakGear gold-data catalog.,2026-05-01T04:00:00,1538,295,84,38112,0.35,78,164,rising
165,15,twitter,GOLD-SIGNAL-165-165,Gold supplier feed shows active demand for Summitpulse Heart Rate Strap 165 in Fitness Devices with current retail price $300.0.,2026-04-30T22:49:12,1441,172,96,40107,0.4,81,165,rising
166,16,threads,GOLD-SIGNAL-166-166,Gold supplier feed shows active demand for Trailforge Trail Runner 166 in Footwear with current retail price $83.04. Product 166 remains part of the PeakGear gold-data catalog.,2026-04-30T17:38:24,1063,146,83,33090,0.45,81,166,rising
167,17,youtube,GOLD-SIGNAL-167-167,Gold supplier feed shows active demand for Peakgear Basketball 167 in Team Sports with current retail price $329.05. Product 167 remains part of the PeakGear gold-data catalog.,2026-04-30T12:27:36,1910,297,173,64230,0.5,98,167,mega_viral
168,18,instagram,GOLD-SIGNAL-168-168,Gold supplier feed shows active demand for Ironkinetic Reflective Vest 168 in Running with current retail price $195.36.,2026-05-07T08:00:00,272,47,14,10992,0.15,70,168,rising
169,19,tiktok,GOLD-SIGNAL-169-169,Gold supplier feed shows active demand for Aerostride Baseball Glove 169 in Team Sports with current retail price $83.89.,2026-05-07T02:49:12,501,96,33,20739,0.2,84,169,viral
170,20,twitter,GOLD-SIGNAL-170-170,Gold supplier feed shows active demand for Canyonridge Trekking Poles 170 in Outdoor with current retail price $40.77. Product 170 remains part of the PeakGear gold-data catalog.,2026-05-06T21:38:24,607,72,47,26694,0.25,89,170,viral
171,21,threads,GOLD-SIGNAL-171-171,Gold supplier feed shows active demand for Aerostride Badminton Set 171 in Racquet Sports with current retail price $243.48.,2026-05-06T16:27:36,2328,321,211,43104,0.3,99,171,mega_viral
172,22,youtube,GOLD-SIGNAL-172-172,Gold supplier feed shows active demand for Trailforge Training Hoodie 172 in Activewear with current retail price $46.76.,2026-05-06T12:00:00,509,79,27,11889,0.35,63,172,normal
173,23,instagram,GOLD-SIGNAL-173-173,Gold supplier feed shows active demand for Peakgear Sleeping Bag 173 in Camping Hiking with current retail price $338.35.,2026-05-06T06:49:12,715,124,47,18360,0.4,73,173,rising
174,24,tiktok,GOLD-SIGNAL-174-174,Gold supplier feed shows active demand for Ironkinetic Hiking Boot 174 in Footwear with current retail price $112.56. Product 174 remains part of the PeakGear gold-data catalog.,2026-05-06T01:38:24,1001,192,79,28227,0.45,84,174,viral
175,25,twitter,GOLD-SIGNAL-175-175,Gold supplier feed shows active demand for Aerostride Tent 175 in Camping Hiking with current retail price $375.39. Product 175 remains part of the PeakGear gold-data catalog.,2026-05-05T20:27:36,1107,132,100,34410,0.5,91,175,viral
176,26,threads,GOLD-SIGNAL-176-176,Gold supplier feed shows active demand for Nordcrest Baseball Glove 176 in Team Sports with current retail price $239.68.,2026-05-05T16:00:00,1085,149,59,37005,0.15,66,176,rising
177,27,youtube,GOLD-SIGNAL-177-177,Gold supplier feed shows active demand for Nordcrest Training Hoodie 177 in Activewear with current retail price $28.52.,2026-05-05T10:49:12,1211,188,81,44796,0.2,73,177,rising
178,28,instagram,GOLD-SIGNAL-178-178,Gold supplier feed shows active demand for Peakgear Headlamp 178 in Outdoor with current retail price $59.31. Product 178 remains part of the PeakGear gold-data catalog.,2026-05-05T05:38:24,1480,257,116,58920,0.25,83,178,viral
179,29,tiktok,GOLD-SIGNAL-179-179,Gold supplier feed shows active demand for Nordcrest Compression     Shorts     179 in Activewear with current retail price $40.43.,2026-05-05T00:27:36,2857,548,259,121194,0.3,99,179,mega_viral
180,30,twitter,GOLD-SIGNAL-180-180,Gold supplier feed shows active demand for Trailforge Base Layer Top 180 in Activewear with current retail price $71.2. Product 180 remains part of the PeakGear gold-data catalog.,2026-05-04T20:00:00,1301,156,71,24618,0.35,61,180,rising
181,1,threads,GOLD-SIGNAL-181-181,Gold supplier feed shows active demand for Summitpulse Badminton Set 181 in Racquet Sports with current retail price $112.82.,2026-05-04T14:49:12,208,28,13,5568,0.4,66,181,rising
182,2,youtube,GOLD-SIGNAL-182-182,Gold supplier feed shows active demand for Summitpulse Smart Scale 182 in Fitness Devices with current retail price $611.53.,2026-05-04T09:38:24,378,58,29,10272,0.45,78,182,rising
183,3,instagram,GOLD-SIGNAL-183-183,Gold supplier feed shows active demand for Trailforge Headlamp 183 in Outdoor with current retail price $247.9. Product 183 remains part of the PeakGear gold-data catalog.,2026-05-04T04:27:36,641,111,58,18507,0.5,91,183,viral
184,4,tiktok,GOLD-SIGNAL-184-184,Gold supplier feed shows active demand for Hydrawave Volleyball 184 in Team Sports with current retail price $227.34. Product 184 remains part of the PeakGear gold-data catalog.,2026-05-04T00:00:00,1269,243,69,39270,0.15,99,184,mega_viral
185,5,twitter,GOLD-SIGNAL-185-185,Gold supplier feed shows active demand for Aerostride Resistance Band Set 185 in Strength Training with current retail price $171.14.,2026-05-03T18:49:12,645,77,43,22485,0.2,68,185,rising
186,6,threads,GOLD-SIGNAL-186-186,Gold supplier feed shows active demand for Trailforge Bike Light Set 186 in Cycling with current retail price $86.74. Product 186 remains part of the PeakGear gold-data catalog.,2026-05-03T13:38:24,765,105,60,28740,0.25,75,186,rising
187,7,youtube,GOLD-SIGNAL-187-187,Gold supplier feed shows active demand for Ironkinetic Repair Kit 187 in Cycling with current retail price $327.2. Product 187 remains part of the PeakGear gold-data catalog.,2026-05-03T08:27:36,738,115,67,29982,0.3,79,187,rising
188,8,instagram,GOLD-SIGNAL-188-188,Gold supplier feed shows active demand for Summitpulse Training Hoodie 188 in Activewear with current retail price $26.71.,2026-05-03T04:00:00,1177,204,64,50634,0.35,93,188,viral
189,9,tiktok,GOLD-SIGNAL-189-189,Gold supplier feed shows active demand for Hydrawave Kettlebell 189 in Strength Training with current retail price $238.05.,2026-05-02T22:49:12,1416,271,94,26688,0.4,72,189,rising
190,10,twitter,GOLD-SIGNAL-190-190,Gold supplier feed shows active demand for Summitpulse Compression Shorts 190 in Activewear with current retail price $123.51.,2026-05-02T17:38:24,1299,155,102,28479,0.45,75,190,rising
191,11,threads,GOLD-SIGNAL-191-191,Gold supplier feed shows active demand for Nordcrest Reflective Vest 191 in Running with current retail price $291.13. Product 191 remains part of the PeakGear gold-data catalog.,2026-05-02T12:27:36,2169,299,197,53256,0.5,94,191,mega_viral
192,12,youtube,GOLD-SIGNAL-192-192,Gold supplier feed shows active demand for Velocityworks      Water        Filter        192 in Uncategorized with current retail price $276.57.,2026-05-02T08:00:00,1343,209,73,37461,0.15,87,192,viral
193,13,instagram,GOLD-SIGNAL-193-193,Gold supplier feed shows active demand for Ironkinetic Performance Tee 193 in Activewear with current retail price $69.29.,2026-05-02T02:49:12,1612,280,108,49560,0.2,66,193,rising
194,14,tiktok,GOLD-SIGNAL-194-194,Gold supplier feed shows active demand for Trailforge Outdoor Jacket 194 in Outdoor with current retail price $490.71. Product 194 remains part of the PeakGear gold-data catalog.,2026-05-01T21:38:24,286,54,22,10638,0.25,72,194,rising
195,15,twitter,GOLD-SIGNAL-195-195,Gold supplier feed shows active demand for Peakgear Base Layer Top 195 in Activewear with current retail price $93.66. Product 195 remains part of the PeakGear gold-data catalog.,2026-05-01T16:27:36,345,41,31,13620,0.3,77,195,rising
196,16,threads,GOLD-SIGNAL-196-196,Gold supplier feed shows active demand for Velocityworks Carabiner Set 196 in Climbing with current retail price $98.66.,2026-05-01T12:00:00,481,66,26,19959,0.35,86,196,viral
197,17,youtube,GOLD-SIGNAL-197-197,Gold supplier feed shows active demand for Peakgear Hydration Belt 197 in Running with current retail price $369.09. Product 197 remains part of the PeakGear gold-data catalog.,2026-05-01T06:49:12,2511,391,168,106662,0.4,99,197,mega_viral
198,18,instagram,GOLD-SIGNAL-198-198,Gold supplier feed shows active demand for Hydrawave Baseball Glove 198 in Team Sports with current retail price $247.95.,2026-05-01T01:38:24,883,153,69,17094,0.45,75,198,rising
199,19,tiktok,GOLD-SIGNAL-199-199,Gold supplier feed shows active demand for Nordcrest Volleyball 199 in Team Sports with current retail price $282.16. Product 199 remains part of the PeakGear gold-data catalog.,2026-04-30T20:27:36,776,148,70,17496,0.5,76,199,rising
200,20,twitter,GOLD-SIGNAL-200-200,Gold supplier feed shows active demand for Aerostride Daypack 200 in Outdoor with current retail price $296.99. Product 200 remains part of the PeakGear gold-data catalog.,2026-04-30T16:00:00,613,73,33,15912,0.15,78,200,rising
201,21,threads,GOLD-SIGNAL-201-201,Gold supplier feed shows active demand for Peakgear Training Hoodie 201 in Activewear with current retail price $79.25. Product 201 remains part of the PeakGear gold-data catalog.,2026-04-30T10:49:12,793,109,53,22611,0.2,87,201,viral
202,22,youtube,GOLD-SIGNAL-202-202,Gold supplier feed shows active demand for Peakgear Hiking Boot 202 in Footwear with current retail price $113.3. Product 202 remains part of the PeakGear gold-data catalog.,2026-05-07T05:38:24,1317,205,104,40710,0.25,71,202,rising
203,23,instagram,GOLD-SIGNAL-203-203,Gold supplier feed shows active demand for Nordcrest Outdoor Jacket 203 in Outdoor with current retail price $394.7. Product 203 remains part of the PeakGear gold-data catalog.,2026-05-07T00:27:36,3101,539,282,103533,0.3,99,203,mega_viral
204,24,tiktok,GOLD-SIGNAL-204-204,Gold supplier feed shows active demand for Trailforge Soccer Ball 204 in Team Sports with current retail price $112.48. Product 204 remains part of the PeakGear gold-data catalog.,2026-05-06T20:00:00,1513,290,83,55668,0.35,85,204,viral
205,25,twitter,GOLD-SIGNAL-205-205,Gold supplier feed shows active demand for Hydrawave Cycling Jersey 205 in Cycling with current retail price $393.17. Product 205 remains part of the PeakGear gold-data catalog.,2026-05-06T14:49:12,1156,138,77,46284,0.4,85,205,viral
206,26,threads,GOLD-SIGNAL-206-206,Gold supplier feed shows active demand for Peakgear Base Layer Top 206 in Activewear with current retail price $132.08. Product 206 remains part of the PeakGear gold-data catalog.,2026-05-06T09:38:24,1193,164,94,51306,0.45,62,206,rising
207,27,youtube,GOLD-SIGNAL-207-207,Gold supplier feed shows active demand for Trailforge Water Filter 207 in Camping Hiking with current retail price $332.74.,2026-05-06T04:27:36,297,46,27,6546,0.5,73,207,rising
208,28,instagram,GOLD-SIGNAL-208-208,Gold supplier feed shows active demand for Nordcrest Adjustable Dumbbells 208 in Strength Training with current retail price $302.19.,2026-05-06T00:00:00,754,131,41,17034,0.15,97,208,mega_viral
209,29,tiktok,GOLD-SIGNAL-209-209,Gold supplier feed shows active demand for Canyonridge Foam Roller 209 in Running with current retail price $164.36. Product 209 remains part of the PeakGear gold-data catalog.,2026-05-05T18:49:12,531,101,35,13944,0.2,88,209,viral
210,30,twitter,GOLD-SIGNAL-210-210,Gold supplier feed shows active demand for Canyonridge Training Hoodie 210 in Activewear with current retail price $110.93.,2026-05-05T13:38:24,852,102,67,24204,0.25,72,210,rising
211,1,threads,GOLD-SIGNAL-211-211,Gold supplier feed shows active demand for Summitpulse Kettlebell 211 in Strength Training with current retail price $311.6.,2026-05-05T08:27:36,751,103,68,23730,0.3,72,211,rising
212,2,youtube,GOLD-SIGNAL-212-212,Gold supplier feed shows active demand for Velocityworks Reflective Vest 212 in Running with current retail price $299.61.,2026-05-05T04:00:00,934,145,51,32022,0.35,81,212,rising
213,3,instagram,GOLD-SIGNAL-213-213,Gold supplier feed shows active demand for Summitpulse Repair Kit 213 in Cycling with current retail price $13.6. Product 213 remains part of the PeakGear gold-data catalog.,2026-05-04T22:49:12,3200,556,214,116400,0.4,99,213,mega_viral
214,4,tiktok,GOLD-SIGNAL-214-214,Gold supplier feed shows active demand for Aerostride Volleyball 214 in Team Sports with current retail price $395.49. Product 214 remains part of the PeakGear gold-data catalog.,2026-05-04T17:38:24,795,152,62,32205,0.45,88,214,viral
215,5,twitter,GOLD-SIGNAL-215-215,Gold supplier feed shows active demand for Velocityworks Trail Runner 215 in Footwear with current retail price $162.01.,2026-05-04T12:27:36,1685,202,153,71970,0.5,79,215,rising
216,6,threads,GOLD-SIGNAL-216-216,Gold supplier feed shows active demand for Hydrawave Trail Runner 216 in Footwear with current retail price $71.34. Product 216 remains part of the PeakGear gold-data catalog.,2026-05-04T08:00:00,1405,193,77,26490,0.15,79,216,rising
217,7,youtube,GOLD-SIGNAL-217-217,Gold supplier feed shows active demand for Velocityworks Bike Light Set 217 in Cycling with current retail price $376.71.,2026-05-04T02:49:12,1831,285,122,39651,0.2,90,217,viral
218,8,instagram,GOLD-SIGNAL-218-218,Gold supplier feed shows active demand for Hydrawave Daypack 218 in Outdoor with current retail price $163.0. Product 218 remains part of the PeakGear gold-data catalog.,2026-05-03T21:38:24,1695,294,133,41880,0.25,93,218,viral
219,9,tiktok,GOLD-SIGNAL-219-219,Gold supplier feed shows active demand for Peakgear Base Layer Top 219 in Activewear with current retail price $20.54. Product 219 remains part of the PeakGear gold-data catalog.,2026-05-03T16:27:36,1207,231,109,33789,0.3,63,219,rising
220,10,twitter,GOLD-SIGNAL-220-220,Gold supplier feed shows active demand for Peakgear Trekking Poles 220 in Outdoor with current retail price $346.04. Product 220 remains part of the PeakGear gold-data catalog.,2026-05-03T12:00:00,204,24,11,7320,0.35,68,220,rising
221,11,threads,GOLD-SIGNAL-221-221,Gold supplier feed shows active demand for Canyonridge Camping Stove 221 in Uncategorized with current retail price $346.71.,2026-05-03T06:49:12,392,54,26,14136,0.4,80,221,rising
222,12,youtube,GOLD-SIGNAL-222-222,Gold supplier feed shows active demand for Hydrawave Training Hoodie 222 in Activewear with current retail price $128.57.,2026-05-03T01:38:24,643,100,50,24348,0.45,93,222,viral
223,13,instagram,GOLD-SIGNAL-223-223,Gold supplier feed shows active demand for Velocityworks Energy Gel Pack 223 in Nutrition with current retail price $157.02.,2026-05-02T20:27:36,748,130,68,30372,0.5,69,223,rising
224,14,tiktok,GOLD-SIGNAL-224-224,Gold supplier feed shows active demand for Canyonridge Headlamp 224 in Outdoor with current retail price $176.81. Product 224 remains part of the PeakGear gold-data catalog.,2026-05-02T16:00:00,2104,403,115,89568,0.15,99,224,mega_viral
225,15,twitter,GOLD-SIGNAL-225-225,Gold supplier feed shows active demand for Trailforge Soccer Ball 225 in Team Sports with current retail price $264.82. Product 225 remains part of the PeakGear gold-data catalog.,2026-05-02T10:49:12,729,87,48,14322,0.2,77,225,rising
226,16,threads,GOLD-SIGNAL-226-226,Gold supplier feed shows active demand for Ironkinetic Training Hoodie 226 in Activewear with current retail price $55.74.,2026-05-02T05:38:24,928,128,73,20688,0.25,86,226,viral
227,17,youtube,GOLD-SIGNAL-227-227,Gold supplier feed shows active demand for Trailforge Foam Roller 227 in Running with current retail price $325.52. Product 227 remains part of the PeakGear gold-data catalog.,2026-05-02T00:27:36,2017,314,183,49608,0.3,99,227,mega_viral
228,18,instagram,GOLD-SIGNAL-228-228,Gold supplier feed shows active demand for Hydrawave Compression Shorts 228 in Activewear with current retail price $97.57.,2026-05-01T20:00:00,1073,186,59,30171,0.35,69,228,rising
229,19,tiktok,GOLD-SIGNAL-229-229,Gold supplier feed shows active demand for Trailforge Hiking Boot 229 in Footwear with current retail price $101.05. Product 229 remains part of the PeakGear gold-data catalog.,2026-05-01T14:49:12,1103,211,73,34290,0.4,75,229,rising
230,20,twitter,GOLD-SIGNAL-230-230,Gold supplier feed shows active demand for Summitpulse Basketball 230 in Team Sports with current retail price $243.16. Product 230 remains part of the PeakGear gold-data catalog.,2026-05-01T09:38:24,1439,172,113,48687,0.45,85,230,viral
231,21,threads,GOLD-SIGNAL-231-231,Gold supplier feed shows active demand for Velocityworks Outdoor Jacket 231 in Outdoor with current retail price $394.45.,2026-05-01T04:27:36,8036,1108,731,290496,0.5,99,231,mega_viral
232,22,youtube,GOLD-SIGNAL-232-232,Gold supplier feed shows active demand for Hydrawave Performance  Tee   232 in Activewear with current retail price $165.54.,2026-05-01T00:00:00,2997,467,164,118083,0.15,86,232,viral
233,23,instagram,GOLD-SIGNAL-233-233,Gold supplier feed shows active demand for Aerostride Base Layer Top 233 in Activewear with current retail price $72.1. Product 233 remains part of the PeakGear gold-data catalog.,2026-04-30T18:49:12,255,44,17,11910,0.2,71,233,rising
234,24,tiktok,GOLD-SIGNAL-234-234,Gold supplier feed shows active demand for Trailforge Cross-Training Shoe 234 in Footwear with current retail price $125.19.,2026-04-30T13:38:24,399,76,31,8382,0.25,81,234,rising
235,25,twitter,GOLD-SIGNAL-235-235,Gold supplier feed shows active demand for Ironkinetic Bike Light Set 235 in Cycling with current retail price $214.0. Product 235 remains part of the PeakGear gold-data catalog.,2026-04-30T08:27:36,484,58,44,11364,0.3,88,235,viral
236,26,threads,GOLD-SIGNAL-236-236,Gold supplier feed shows active demand for Summitpulse Headlamp 236 in Outdoor with current retail price $376.74. Product 236 remains part of the PeakGear gold-data catalog.,2026-05-07T04:00:00,814,112,44,20736,0.35,72,236,rising
237,27,youtube,GOLD-SIGNAL-237-237,Gold supplier feed shows active demand for Nordcrest Compression Shorts 237 in Activewear with current retail price $152.7.,2026-05-06T22:49:12,962,150,64,27174,0.4,79,237,rising
238,28,instagram,GOLD-SIGNAL-238-238,Gold supplier feed shows active demand for Summitpulse Soccer Ball 238 in Team Sports with current retail price $355.89.,2026-05-06T17:38:24,3219,560,254,97770,0.45,99,238,mega_viral
239,29,tiktok,GOLD-SIGNAL-239-239,Gold supplier feed shows active demand for Aerostride Hiking Boot 239 in Footwear with current retail price $66.78. Product 239 remains part of the PeakGear gold-data catalog.,2026-05-06T12:27:36,1298,249,118,44034,0.5,95,239,mega_viral
240,30,twitter,GOLD-SIGNAL-240-240,Gold supplier feed shows active demand for Velocityworks Pickleball Paddle 240 in Racquet Sports with current retail price $331.12.,2026-05-06T08:00:00,892,107,49,33312,0.15,61,240,normal
241,1,threads,GOLD-SIGNAL-241-241,Gold supplier feed shows active demand for Summitpulse Trekking Poles 241 in Outdoor with current retail price $557.86. Product 241 remains part of the PeakGear gold-data catalog.,2026-05-06T02:49:12,1251,172,83,49989,0.2,73,241,rising
242,2,youtube,GOLD-SIGNAL-242-242,Gold supplier feed shows active demand for Hydrawave Pickleball Paddle 242 in Racquet Sports with current retail price $116.99.,2026-05-05T21:38:24,1411,220,111,60462,0.25,81,242,rising
243,3,instagram,GOLD-SIGNAL-243-243,Gold supplier feed shows active demand for Hydrawave Pickleball Paddle 243 in Racquet Sports with current retail price $410.05.,2026-05-05T16:27:36,1359,236,123,25662,0.3,85,243,viral
244,4,tiktok,GOLD-SIGNAL-244-244,Gold supplier feed shows active demand for Velocityworks     Outdoor     Jacket     244 in Outdoor with current retail price $132.69.,2026-05-05T12:00:00,1435,275,78,31335,0.35,92,244,viral
245,5,twitter,GOLD-SIGNAL-245-245,Gold supplier feed shows active demand for Trailforge Sleeping Bag 245 in Uncategorized with current retail price $308.01.,2026-05-05T06:49:12,1733,207,116,42792,0.4,71,245,rising
246,6,threads,GOLD-SIGNAL-246-246,Gold supplier feed shows active demand for Aerostride Base Layer Top 246 in Activewear with current retail price $130.88.,2026-05-05T01:38:24,359,49,28,10893,0.45,78,246,rising
247,7,youtube,GOLD-SIGNAL-247-247,Gold supplier feed shows active demand for Aerostride Climbing Harness 247 in Climbing with current retail price $21.06.,2026-05-04T20:27:36,1676,261,152,51480,0.5,99,247,mega_viral
248,8,instagram,GOLD-SIGNAL-248-248,Gold supplier feed shows active demand for Canyonridge Sleeping Bag 248 in Camping Hiking with current retail price $548.79.,2026-05-04T16:00:00,393,68,21,14169,0.15,85,248,viral
249,9,tiktok,GOLD-SIGNAL-249-249,Gold supplier feed shows active demand for Hydrawave Hiking Boot 249 in Footwear with current retail price $125.59. Product 249 remains part of the PeakGear gold-data catalog.,2026-05-04T10:49:12,583,111,39,22188,0.2,65,249,rising
250,10,twitter,GOLD-SIGNAL-250-250,Gold supplier feed shows active demand for Summitpulse Resistance Band Set 250 in Strength Training with current retail price $347.36.,2026-05-04T05:38:24,938,112,74,37782,0.25,79,250,rising
251,11,threads,GOLD-SIGNAL-251-251,Gold supplier feed shows active demand for Trailforge Sleeping Bag 251 in Camping Hiking with current retail price $558.01.,2026-05-04T00:27:36,2093,288,190,89106,0.3,99,251,mega_viral
252,12,youtube,GOLD-SIGNAL-252-252,Gold supplier feed shows active demand for Hydrawave Hydration Belt 252 in Running with current retail price $449.04. Product 252 remains part of the PeakGear gold-data catalog.,2026-05-03T20:00:00,959,149,52,18462,0.35,88,252,viral
253,13,instagram,GOLD-SIGNAL-253-253,Gold supplier feed shows active demand for Velocityworks Resistance Band Set 253 in Strength Training with current retail price $189.07.,2026-05-03T14:49:12,718,124,48,16278,0.4,59,253,normal
254,14,tiktok,GOLD-SIGNAL-254-254,Gold supplier feed shows active demand for Peakgear Running Socks 254 in Running with current retail price $12.49. Product 254 remains part of the PeakGear gold-data catalog.,2026-05-03T09:38:24,872,167,68,22128,0.45,67,254,rising
255,15,twitter,GOLD-SIGNAL-255-255,Gold supplier feed shows active demand for Trailforge Headlamp 255 in Outdoor with current retail price $50.21. Product 255 remains part of the PeakGear gold-data catalog.,2026-05-03T04:27:36,1393,167,126,38811,0.5,81,255,rising
256,16,threads,GOLD-SIGNAL-256-256,Gold supplier feed shows active demand for Nordcrest Outdoor Jacket 256 in Outdoor with current retail price $225.05. Product 256 remains part of the PeakGear gold-data catalog.,2026-05-03T00:00:00,2887,398,158,87810,0.15,99,256,mega_viral
257,17,youtube,GOLD-SIGNAL-257-257,Gold supplier feed shows active demand for Summitpulse  Performance Tee 257 in Activewear with current retail price $73.53.,2026-05-02T18:49:12,1644,256,110,55452,0.2,95,257,mega_viral
258,18,instagram,GOLD-SIGNAL-258-258,Gold supplier feed shows active demand for Nordcrest Chalk Bag 258 in Climbing with current retail price $120.18. Product 258 remains part of the PeakGear gold-data catalog.,2026-05-02T13:38:24,2066,359,163,75576,0.25,76,258,rising
259,19,tiktok,GOLD-SIGNAL-259-259,Gold supplier feed shows active demand for Summitpulse Weightlifting Gloves 259 in Strength Training with current retail price $280.8.,2026-05-02T08:27:36,302,57,27,12978,0.3,75,259,rising
260,20,twitter,GOLD-SIGNAL-260-260,Gold supplier feed shows active demand for Nordcrest Helmet 260 in Cycling with current retail price $431.64. Product 260 remains part of the PeakGear gold-data catalog.,2026-05-02T04:00:00,452,54,24,20184,0.35,85,260,viral
261,21,threads,GOLD-SIGNAL-261-261,Gold supplier feed shows active demand for Trailforge Adjustable Dumbbells 261 in Uncategorized with current retail price $222.43.,2026-05-01T22:49:12,551,76,36,11118,0.4,91,261,viral
262,22,youtube,GOLD-SIGNAL-262-262,Gold supplier feed shows active demand for Velocityworks Camping Stove 262 in Camping Hiking with current retail price $628.61.,2026-05-01T17:38:24,576,89,45,13296,0.45,66,262,rising
263,23,instagram,GOLD-SIGNAL-263-263,Gold supplier feed shows active demand for Peakgear Soccer Ball 263 in Team Sports with current retail price $264.81. Product 263 remains part of the PeakGear gold-data catalog.,2026-05-01T12:27:36,1292,224,117,32208,0.5,89,263,viral
264,24,tiktok,GOLD-SIGNAL-264-264,Gold supplier feed shows active demand for Velocityworks Headlamp 264 in Outdoor with current retail price $337.41. Product 264 remains part of the PeakGear gold-data catalog.,2026-05-01T08:00:00,996,191,54,28092,0.15,85,264,viral
265,25,twitter,GOLD-SIGNAL-265-265,Gold supplier feed shows active demand for Trailforge Training Hoodie 265 in Activewear with current retail price $59.21.,2026-05-01T02:49:12,1220,146,81,37800,0.2,94,265,mega_viral
266,26,threads,GOLD-SIGNAL-266-266,Gold supplier feed shows active demand for Ironkinetic Bike Light Set 266 in Cycling with current retail price $78.47. Product 266 remains part of the PeakGear gold-data catalog.,2026-04-30T21:38:24,1098,151,86,37434,0.25,67,266,rising
267,27,youtube,GOLD-SIGNAL-267-267,Gold supplier feed shows active demand for Hydrawave Reflective Vest 267 in Running with current retail price $354.98. Product 267 remains part of the PeakGear gold-data catalog.,2026-04-30T16:27:36,822,128,74,30792,0.3,67,267,rising
268,28,instagram,GOLD-SIGNAL-268-268,Gold supplier feed shows active demand for Hydrawave Running Shoe 268 in Footwear with current retail price $139.52. Product 268 remains part of the PeakGear gold-data catalog.,2026-04-30T12:00:00,918,159,50,37002,0.35,75,268,rising
269,29,tiktok,GOLD-SIGNAL-269-269,Gold supplier feed shows active demand for Hydrawave Heart Rate Strap 269 in Fitness Devices with current retail price $51.88.,2026-05-07T06:49:12,1505,288,100,64410,0.4,89,269,viral
270,30,twitter,GOLD-SIGNAL-270-270,Gold supplier feed shows active demand for Peakgear Daypack 270 in Outdoor with current retail price $526.9. Product 270 remains part of the PeakGear gold-data catalog.,2026-05-07T01:38:24,2016,241,159,37488,0.45,71,270,rising
271,1,threads,GOLD-SIGNAL-271-271,Gold supplier feed shows active demand for Hydrawave Running Shoe 271 in Footwear with current retail price $197.16. Product 271 remains part of the PeakGear gold-data catalog.,2026-05-06T20:27:36,1911,263,173,41331,0.5,75,271,rising
272,2,youtube,GOLD-SIGNAL-272-272,Gold supplier feed shows active demand for Hydrawave Volleyball 272 in Team Sports with current retail price $92.8. Product 272 remains part of the PeakGear gold-data catalog.,2026-05-06T16:00:00,871,135,47,22104,0.15,99,272,mega_viral
273,3,instagram,GOLD-SIGNAL-273-273,Gold supplier feed shows active demand for Trailforge Running Shoe 273 in Footwear with current retail price $182.46. Product 273 remains part of the PeakGear gold-data catalog.,2026-05-06T10:49:12,333,57,22,10191,0.2,80,273,rising
274,4,tiktok,GOLD-SIGNAL-274-274,Gold supplier feed shows active demand for Nordcrest Outdoor Jacket 274 in Outdoor with current retail price $229.96. Product 274 remains part of the PeakGear gold-data catalog.,2026-05-06T05:38:24,523,100,41,16890,0.25,91,274,viral
275,5,twitter,GOLD-SIGNAL-275-275,Gold supplier feed shows active demand for Aerostride Daypack 275 in Outdoor with current retail price $20.02. Product 275 remains part of the PeakGear gold-data catalog.,2026-05-06T00:27:36,1371,164,124,46443,0.3,91,275,viral
276,6,threads,GOLD-SIGNAL-276-276,Gold supplier feed shows active demand for Hydrawave Running Shoe 276 in Footwear with current retail price $37.0. Product 276 remains part of the PeakGear gold-data catalog.,2026-05-05T20:00:00,818,112,44,30648,0.35,78,276,rising
277,7,youtube,GOLD-SIGNAL-277-277,Gold supplier feed shows active demand for Trailforge    Performance  Tee  277 in Activewear with current retail price $126.86.,2026-05-05T14:49:12,835,130,55,33765,0.4,82,277,viral
278,8,instagram,GOLD-SIGNAL-278-278,Gold supplier feed shows active demand for Aerostride Running Socks 278 in Running with current retail price $184.2. Product 278 remains part of the PeakGear gold-data catalog.,2026-05-05T09:38:24,990,172,78,42780,0.45,91,278,viral
279,9,tiktok,GOLD-SIGNAL-279-279,Gold supplier feed shows active demand for Summitpulse Wetsuit 279 in Water Sports with current retail price $104.59. Product 279 remains part of the PeakGear gold-data catalog.,2026-05-05T04:27:36,1219,234,110,23142,0.5,70,279,rising
280,10,twitter,GOLD-SIGNAL-280-280,Gold supplier feed shows active demand for Velocityworks Volleyball 280 in Team Sports with current retail price $145.57.,2026-05-05T00:00:00,2037,244,112,43977,0.15,88,280,viral
281,11,threads,GOLD-SIGNAL-281-281,Gold supplier feed shows active demand for Velocityworks Chalk Bag 281 in Climbing with current retail price $76.32. Product 281 remains part of the PeakGear gold-data catalog.,2026-05-04T18:49:12,1036,142,69,26064,0.2,77,281,rising
282,12,youtube,GOLD-SIGNAL-282-282,Gold supplier feed shows active demand for Hydrawave Hiking Boot 282 in Footwear with current retail price $265.94. Product 282 remains part of the PeakGear gold-data catalog.,2026-05-04T13:38:24,1542,240,121,42834,0.25,90,282,viral
283,13,instagram,GOLD-SIGNAL-283-283,Gold supplier feed shows active demand for Hydrawave Volleyball 283 in Team Sports with current retail price $264.19. Product 283 remains part of the PeakGear gold-data catalog.,2026-05-04T08:27:36,1581,275,143,48630,0.3,66,283,rising
284,14,tiktok,GOLD-SIGNAL-284-284,Gold supplier feed shows active demand for Canyonridge Carabiner Set 284 in Climbing with current retail price $32.58. Product 284 remains part of the PeakGear gold-data catalog.,2026-05-04T04:00:00,2151,412,118,72183,0.35,79,284,rising
285,15,twitter,GOLD-SIGNAL-285-285,Gold supplier feed shows active demand for Ironkinetic Outdoor Jacket 285 in Outdoor with current retail price $305.99. Product 285 remains part of the PeakGear gold-data catalog.,2026-05-03T22:49:12,432,51,28,16752,0.4,84,285,viral
286,16,threads,GOLD-SIGNAL-286-286,Gold supplier feed shows active demand for Peakgear Cycling Computer 286 in Fitness Devices with current retail price $280.07.,2026-05-03T17:38:24,384,52,30,16176,0.45,83,286,viral
287,17,youtube,GOLD-SIGNAL-287-287,Gold supplier feed shows active demand for Aerostride Cycling Jersey 287 in Cycling with current retail price $395.96. Product 287 remains part of the PeakGear gold-data catalog.,2026-05-03T12:27:36,675,105,61,29550,0.5,97,287,mega_viral
288,18,instagram,GOLD-SIGNAL-288-288,Gold supplier feed shows active demand for Velocityworks Volleyball 288 in Team Sports with current retail price $22.71.,2026-05-03T08:00:00,585,101,32,11730,0.15,68,288,rising
289,19,tiktok,GOLD-SIGNAL-289-289,Gold supplier feed shows active demand for Peakgear Camping Stove 289 in Camping Hiking with current retail price $459.03.,2026-05-03T02:49:12,932,178,62,20772,0.2,81,289,rising
290,20,twitter,GOLD-SIGNAL-290-290,Gold supplier feed shows active demand for Peakgear Smart Scale 290 in Fitness Devices with current retail price $229.2.,2026-05-02T21:38:24,1085,130,85,27240,0.25,89,290,viral
291,21,threads,GOLD-SIGNAL-291-291,Gold supplier feed shows active demand for Peakgear Trekking Poles 291 in Outdoor with current retail price $370.4. Product 291 remains part of the PeakGear gold-data catalog.,2026-05-02T16:27:36,4311,594,392,117597,0.3,99,291,mega_viral
292,22,youtube,GOLD-SIGNAL-292-292,Gold supplier feed shows active demand for Summitpulse Pickleball Paddle 292 in Racquet Sports with current retail price $276.36.,2026-05-02T12:00:00,949,148,52,29670,0.35,66,292,rising
293,23,instagram,GOLD-SIGNAL-293-293,Gold supplier feed shows active demand for Nordcrest Adjustable Dumbbells 293 in Strength Training with current retail price $18.75.,2026-05-02T06:49:12,1147,199,76,39051,0.4,74,293,rising
294,24,tiktok,GOLD-SIGNAL-294-294,Gold supplier feed shows active demand for Hydrawave Badminton Set 294 in Racquet Sports with current retail price $115.89.,2026-05-02T01:38:24,1361,261,107,50196,0.45,83,294,viral
295,25,twitter,GOLD-SIGNAL-295-295,Gold supplier feed shows active demand for Canyonridge Climbing Harness 295 in Climbing with current retail price $183.68.,2026-05-01T20:27:36,1349,161,122,53811,0.5,88,295,viral
296,26,threads,GOLD-SIGNAL-296-296,Gold supplier feed shows active demand for Peakgear Trail Runner 296 in Footwear with current retail price $148.93. Product 296 remains part of the PeakGear gold-data catalog.,2026-05-01T16:00:00,1316,181,72,56472,0.15,64,296,rising
297,27,youtube,GOLD-SIGNAL-297-297,Gold supplier feed shows active demand for Aerostride Adjustable Dumbbells 297 in Strength Training with current retail price $255.96.,2026-05-01T10:49:12,1628,253,109,30504,0.2,73,297,rising
298,28,instagram,GOLD-SIGNAL-298-298,Gold supplier feed shows active demand for Nordcrest Tennis Racket 298 in Racquet Sports with current retail price $305.51.,2026-05-01T05:38:24,1735,301,137,37635,0.25,99,298,mega_viral
299,29,tiktok,GOLD-SIGNAL-299-299,Gold supplier feed shows active demand for Trailforge Foam Roller 299 in Running with current retail price $17.88. Product 299 remains part of the PeakGear gold-data catalog.,2026-05-01T00:27:36,1038,199,94,26112,0.3,99,299,mega_viral
300,30,twitter,GOLD-SIGNAL-300-300,Gold supplier feed shows active demand for Hydrawave Cycling Jersey 300 in Cycling with current retail price $135.27. Product 300 remains part of the PeakGear gold-data catalog.,2026-04-30T20:00:00,500,60,27,14700,0.35,62,300,normal
301,1,threads,GOLD-SIGNAL-301-301,Gold supplier feed shows active demand for Ironkinetic Baseball Glove 301 in Team Sports with current retail price $199.92.,2026-04-30T14:49:12,439,60,29,14370,0.4,64,301,rising
302,2,youtube,GOLD-SIGNAL-302-302,Gold supplier feed shows active demand for Canyonridge Daypack 302 in Outdoor with current retail price $325.71. Product 302 remains part of the PeakGear gold-data catalog.,2026-04-30T09:38:24,657,102,51,22881,0.45,75,302,rising
303,3,instagram,GOLD-SIGNAL-303-303,Gold supplier feed shows active demand for Ironkinetic Outdoor Jacket 303 in Outdoor with current retail price $189.65. Product 303 remains part of the PeakGear gold-data catalog.,2026-05-07T04:27:36,1092,190,99,40512,0.5,90,303,viral
304,4,tiktok,GOLD-SIGNAL-304-304,Gold supplier feed shows active demand for Hydrawave Compression Shorts 304 in Activewear with current retail price $36.33.,2026-05-07T00:00:00,2191,420,120,86649,0.15,99,304,mega_viral
305,5,twitter,GOLD-SIGNAL-305-305,Gold supplier feed shows active demand for Summitpulse Thermal Gloves 305 in Winter Sports with current retail price $11.71.,2026-05-06T18:49:12,1155,138,77,49710,0.2,70,305,rising
306,6,threads,GOLD-SIGNAL-306-306,Gold supplier feed shows active demand for Peakgear Daypack 306 in Outdoor with current retail price $34.12. Product 306 remains part of the PeakGear gold-data catalog.,2026-05-06T13:38:24,1328,183,104,25104,0.25,78,306,rising
307,7,youtube,GOLD-SIGNAL-307-307,Gold supplier feed shows active demand for Peakgear Kettlebell 307 in Strength Training with current retail price $218.14.,2026-05-06T08:27:36,1050,163,95,23250,0.3,79,307,rising
308,8,instagram,GOLD-SIGNAL-308-308,Gold supplier feed shows active demand for Hydrawave Smart Scale 308 in Fitness Devices with current retail price $491.89.,2026-05-06T04:00:00,1472,256,80,36528,0.35,91,308,viral
309,9,tiktok,GOLD-SIGNAL-309-309,Gold supplier feed shows active demand for Peakgear Adjustable Dumbbells 309 in Strength Training with current retail price $415.47.,2026-05-05T22:49:12,1715,329,114,47505,0.4,70,309,rising
310,10,twitter,GOLD-SIGNAL-310-310,Gold supplier feed shows active demand for Nordcrest Base Layer Top 310 in Uncategorized with current retail price $30.04.,2026-05-05T17:38:24,267,32,21,9210,0.45,75,310,rising
311,11,threads,GOLD-SIGNAL-311-311,Gold supplier feed shows active demand for Summitpulse Bike Light Set 311 in Cycling with current retail price $76.76. Product 311 remains part of the PeakGear gold-data catalog.,2026-05-05T12:27:36,655,90,59,22815,0.5,97,311,mega_viral
312,12,youtube,GOLD-SIGNAL-312-312,Gold supplier feed shows active demand for Summitpulse Climbing Harness 312 in Uncategorized with current retail price $191.81.,2026-05-05T08:00:00,508,79,27,19488,0.15,90,312,viral
313,13,instagram,GOLD-SIGNAL-313-313,Gold supplier feed shows active demand for Canyonridge Compression Shorts 313 in Activewear with current retail price $49.84.,2026-05-05T02:49:12,652,113,43,26628,0.2,68,313,rising
314,14,tiktok,GOLD-SIGNAL-314-314,Gold supplier feed shows active demand for Peakgear Swim Goggles 314 in Water Sports with current retail price $104.9. Product 314 remains part of the PeakGear gold-data catalog.,2026-05-04T21:38:24,2529,485,199,107418,0.25,99,314,mega_viral
315,15,twitter,GOLD-SIGNAL-315-315,Gold supplier feed shows active demand for Summitpulse Tennis    Racket   315 in Racquet Sports with current retail price $94.67.,2026-05-04T16:27:36,588,70,53,11784,0.3,74,315,rising
316,16,threads,GOLD-SIGNAL-316-316,Gold supplier feed shows active demand for Aerostride Training Hoodie 316 in Activewear with current retail price $114.66.,2026-05-04T12:00:00,759,104,41,17139,0.35,83,316,viral
317,17,youtube,GOLD-SIGNAL-317-317,Gold supplier feed shows active demand for Peakgear Camping Stove 317 in Camping Hiking with current retail price $394.12.,2026-05-04T06:49:12,1197,186,80,29928,0.4,97,317,mega_viral
318,18,instagram,GOLD-SIGNAL-318-318,Gold supplier feed shows active demand for Velocityworks Weightlifting Gloves 318 in Strength Training with current retail price $49.93.,2026-05-04T01:38:24,1494,259,118,41538,0.45,77,318,rising
319,19,tiktok,GOLD-SIGNAL-319-319,Gold supplier feed shows active demand for Canyonridge Camping Stove 319 in Camping Hiking with current retail price $525.0.,2026-05-03T20:27:36,1314,252,119,40620,0.5,79,319,rising
320,20,twitter,GOLD-SIGNAL-320-320,Gold supplier feed shows active demand for Summitpulse Base Layer Top 320 in Activewear with current retail price $139.5.,2026-05-03T16:00:00,943,113,51,32319,0.15,79,320,rising
321,21,threads,GOLD-SIGNAL-321-321,Gold supplier feed shows active demand for Nordcrest Chalk Bag 321 in Climbing with current retail price $80.04. Product 321 remains part of the PeakGear gold-data catalog.,2026-05-03T10:49:12,994,137,66,36984,0.2,85,321,viral
322,22,youtube,GOLD-SIGNAL-322-322,Gold supplier feed shows active demand for Canyonridge Gps Fitness Watch 322 in Fitness Devices with current retail price $227.78.,2026-05-03T05:38:24,1566,244,123,62274,0.25,69,322,rising
323,23,instagram,GOLD-SIGNAL-323-323,Gold supplier feed shows active demand for Trailforge Heart Rate Strap 323 in Fitness Devices with current retail price $129.22.,2026-05-03T00:27:36,636,110,57,27912,0.3,99,323,mega_viral
324,24,tiktok,GOLD-SIGNAL-324-324,Gold supplier feed shows active demand for Trailforge Performance Tee 324 in Activewear with current retail price $113.49.,2026-05-02T20:00:00,437,83,24,9066,0.35,85,324,viral
325,25,twitter,GOLD-SIGNAL-325-325,Gold supplier feed shows active demand for Nordcrest Adjustable Dumbbells 325 in Strength Training with current retail price $111.94.,2026-05-02T14:49:12,1541,184,103,33561,0.4,99,325,mega_viral
326,26,threads,GOLD-SIGNAL-326-326,Gold supplier feed shows active demand for Trailforge Training Hoodie 326 in Activewear with current retail price $162.85.,2026-05-02T09:38:24,522,72,41,13728,0.45,64,326,rising
327,27,youtube,GOLD-SIGNAL-327-327,Gold supplier feed shows active demand for Nordcrest Tent 327 in Camping Hiking with current retail price $378.42. Product 327 remains part of the PeakGear gold-data catalog.,2026-05-02T04:27:36,702,109,63,20154,0.5,73,327,rising
328,28,instagram,GOLD-SIGNAL-328-328,Gold supplier feed shows active demand for Peakgear Compression Shorts 328 in Activewear with current retail price $114.92.,2026-05-02T00:00:00,1359,236,74,41970,0.15,94,328,mega_viral
329,29,tiktok,GOLD-SIGNAL-329-329,Gold supplier feed shows active demand for Nordcrest Resistance Band Set 329 in Strength Training with current retail price $113.12.,2026-05-01T18:49:12,821,157,55,28293,0.2,85,329,viral
330,30,twitter,GOLD-SIGNAL-330-330,Gold supplier feed shows active demand for Peakgear Dry Bag 330 in Water Sports with current retail price $199.0. Product 330 remains part of the PeakGear gold-data catalog.,2026-05-01T13:38:24,1312,157,103,48432,0.25,70,330,rising
331,1,threads,GOLD-SIGNAL-331-331,Gold supplier feed shows active demand for Peakgear Trekking Poles 331 in Outdoor with current retail price $426.41. Product 331 remains part of the PeakGear gold-data catalog.,2026-05-01T08:27:36,1236,170,112,49404,0.3,73,331,rising
332,2,youtube,GOLD-SIGNAL-332-332,Gold supplier feed shows active demand for Aerostride Baseball Glove 332 in Team Sports with current retail price $264.3.,2026-05-01T04:00:00,1549,241,85,66258,0.35,84,332,viral
333,3,instagram,GOLD-SIGNAL-333-333,Gold supplier feed shows active demand for Peakgear Heart Rate Strap 333 in Fitness Devices with current retail price $74.38.,2026-04-30T22:49:12,1451,252,97,27318,0.4,87,333,viral
334,4,tiktok,GOLD-SIGNAL-334-334,Gold supplier feed shows active demand for Ironkinetic Adjustable Dumbbells 334 in Strength Training with current retail price $55.25.,2026-04-30T17:38:24,1069,205,84,23649,0.45,87,334,viral
335,5,twitter,GOLD-SIGNAL-335-335,Gold supplier feed shows active demand for Hydrawave Volleyball 335 in Team Sports with current retail price $328.06. Product 335 remains part of the PeakGear gold-data catalog.,2026-04-30T12:27:36,1921,230,174,47304,0.5,74,335,rising
336,6,threads,GOLD-SIGNAL-336-336,Gold supplier feed shows active demand for Trailforge Repair Kit 336 in Cycling with current retail price $94.0. Product 336 remains part of the PeakGear gold-data catalog.,2026-05-07T08:00:00,281,38,15,8787,0.15,76,336,rising
337,7,youtube,GOLD-SIGNAL-337-337,Gold supplier feed shows active demand for Aerostride Heart Rate Strap 337 in Fitness Devices with current retail price $95.51.,2026-05-07T02:49:12,513,80,34,16590,0.2,90,337,viral
338,8,instagram,GOLD-SIGNAL-338-338,Gold supplier feed shows active demand for Nordcrest Trail Runner 338 in Footwear with current retail price $39.67. Product 338 remains part of the PeakGear gold-data catalog.,2026-05-06T21:38:24,618,107,48,21594,0.25,95,338,mega_viral
339,9,tiktok,GOLD-SIGNAL-339-339,Gold supplier feed shows active demand for Aerostride Soccer Ball 339 in Uncategorized with current retail price $189.44.,2026-05-06T16:27:36,2363,453,215,86268,0.3,99,339,mega_viral
340,10,twitter,GOLD-SIGNAL-340-340,Gold supplier feed shows active demand for Trailforge Soccer Ball 340 in Team Sports with current retail price $107.42. Product 340 remains part of the PeakGear gold-data catalog.,2026-05-06T12:00:00,516,61,28,21324,0.35,69,340,rising
341,11,threads,GOLD-SIGNAL-341-341,Gold supplier feed shows active demand for Peakgear Repair Kit 341 in Cycling with current retail price $184.46. Product 341 remains part of the PeakGear gold-data catalog.,2026-05-06T06:49:12,723,99,48,31566,0.4,79,341,rising
342,12,youtube,GOLD-SIGNAL-342-342,Gold supplier feed shows active demand for Hydrawave Reflective Vest 342 in Running with current retail price $316.09. Product 342 remains part of the PeakGear gold-data catalog.,2026-05-06T01:38:24,1011,157,79,19398,0.45,90,342,viral
343,13,instagram,GOLD-SIGNAL-343-343,Gold supplier feed shows active demand for Ironkinetic Badminton Set 343 in Racquet Sports with current retail price $360.65.,2026-05-05T20:27:36,1116,194,101,24636,0.5,67,343,rising
344,14,tiktok,GOLD-SIGNAL-344-344,Gold supplier feed shows active demand for Velocityworks Hydration Belt 344 in Running with current retail price $132.89.,2026-05-05T16:00:00,1093,209,60,27432,0.15,72,344,rising
345,15,twitter,GOLD-SIGNAL-345-345,Gold supplier feed shows active demand for Nordcrest Soccer Ball 345 in Team Sports with current retail price $462.19. Product 345 remains part of the PeakGear gold-data catalog.,2026-05-05T10:49:12,1219,146,81,34113,0.2,79,345,rising
346,16,threads,GOLD-SIGNAL-346-346,Gold supplier feed shows active demand for Ironkinetic Cross-Training    Shoe 346 in Footwear with current retail price $256.37.,2026-05-05T05:38:24,1490,205,117,45900,0.25,89,346,viral
347,17,youtube,GOLD-SIGNAL-347-347,Gold supplier feed shows active demand for Peakgear Reflective Vest 347 in Running with current retail price $62.4. Product 347 remains part of the PeakGear gold-data catalog.,2026-05-05T00:27:36,2875,448,261,96075,0.3,99,347,mega_viral
348,18,instagram,GOLD-SIGNAL-348-348,Gold supplier feed shows active demand for Velocityworks Compression Shorts 348 in Activewear with current retail price $57.74.,2026-05-04T20:00:00,1308,227,71,48288,0.35,67,348,rising
349,19,tiktok,GOLD-SIGNAL-349-349,Gold supplier feed shows active demand for Canyonridge Badminton Set 349 in Racquet Sports with current retail price $260.62.,2026-05-04T14:49:12,214,41,14,9546,0.4,72,349,rising
350,20,twitter,GOLD-SIGNAL-350-350,Gold supplier feed shows active demand for Nordcrest Gps Fitness Watch 350 in Fitness Devices with current retail price $259.16.,2026-05-04T09:38:24,387,46,30,17454,0.45,84,350,viral
351,21,threads,GOLD-SIGNAL-351-351,Gold supplier feed shows active demand for Aerostride Volleyball 351 in Team Sports with current retail price $319.42. Product 351 remains part of the PeakGear gold-data catalog.,2026-05-04T04:27:36,653,90,59,12954,0.5,97,351,mega_viral
352,22,youtube,GOLD-SIGNAL-352-352,Gold supplier feed shows active demand for Aerostride Hydration Belt 352 in Running with current retail price $252.44. Product 352 remains part of the PeakGear gold-data catalog.,2026-05-04T00:00:00,1287,200,70,28227,0.15,90,352,viral
353,23,instagram,GOLD-SIGNAL-353-353,Gold supplier feed shows active demand for Peakgear Outdoor Jacket 353 in Outdoor with current retail price $345.94. Product 353 remains part of the PeakGear gold-data catalog.,2026-05-03T18:49:12,653,113,43,16872,0.2,74,353,rising
354,24,tiktok,GOLD-SIGNAL-354-354,Gold supplier feed shows active demand for Trailforge Carabiner Set 354 in Climbing with current retail price $78.72. Product 354 remains part of the PeakGear gold-data catalog.,2026-05-03T13:38:24,773,148,61,22071,0.25,81,354,rising
355,25,twitter,GOLD-SIGNAL-355-355,Gold supplier feed shows active demand for Canyonridge Trekking Poles 355 in Outdoor with current retail price $314.84. Product 355 remains part of the PeakGear gold-data catalog.,2026-05-03T08:27:36,745,89,67,23550,0.3,85,355,viral
356,26,threads,GOLD-SIGNAL-356-356,Gold supplier feed shows active demand for Nordcrest Camping Stove 356 in Camping Hiking with current retail price $267.65.,2026-05-03T04:00:00,1187,163,65,40371,0.35,69,356,rising
357,27,youtube,GOLD-SIGNAL-357-357,Gold supplier feed shows active demand for Ironkinetic Tennis Racket 357 in Racquet Sports with current retail price $207.92.,2026-05-02T22:49:12,1427,222,95,52572,0.4,78,357,rising
358,28,instagram,GOLD-SIGNAL-358-358,Gold supplier feed shows active demand for Trailforge Hiking Boot 358 in Footwear with current retail price $188.26. Product 358 remains part of the PeakGear gold-data catalog.,2026-05-02T17:38:24,1309,227,103,52251,0.45,81,358,rising
359,29,tiktok,GOLD-SIGNAL-359-359,Gold supplier feed shows active demand for Nordcrest Adjustable Dumbbells 359 in Strength Training with current retail price $222.82.,2026-05-02T12:27:36,2183,419,198,92886,0.5,99,359,mega_viral
360,30,twitter,GOLD-SIGNAL-360-360,Gold supplier feed shows active demand for Peakgear Volleyball 360 in Team Sports with current retail price $259.19. Product 360 remains part of the PeakGear gold-data catalog.,2026-05-02T08:00:00,1351,162,74,25518,0.15,63,360,rising
361,1,threads,GOLD-SIGNAL-361-361,Gold supplier feed shows active demand for Canyonridge Ski Goggles 361 in Winter Sports with current retail price $154.99.,2026-05-02T02:49:12,1621,223,108,35241,0.2,72,361,rising
362,2,youtube,GOLD-SIGNAL-362-362,Gold supplier feed shows active demand for Trailforge Trail Runner 362 in Footwear with current retail price $223.11. Product 362 remains part of the PeakGear gold-data catalog.,2026-05-01T21:38:24,294,45,23,8256,0.25,78,362,rising
363,3,instagram,GOLD-SIGNAL-363-363,Gold supplier feed shows active demand for Aerostride Cycling Jersey 363 in Cycling with current retail price $187.49. Product 363 remains part of the PeakGear gold-data catalog.,2026-05-01T16:27:36,353,61,32,10731,0.3,83,363,viral
364,4,tiktok,GOLD-SIGNAL-364-364,Gold supplier feed shows active demand for Hydrawave Smart Scale 364 in Uncategorized with current retail price $402.26.,2026-05-01T12:00:00,490,94,26,15900,0.35,92,364,viral
365,5,twitter,GOLD-SIGNAL-365-365,Gold supplier feed shows active demand for Trailforge Gps Fitness Watch 365 in Uncategorized with current retail price $475.59.,2026-05-01T06:49:12,2547,305,170,85251,0.4,99,365,mega_viral
366,6,threads,GOLD-SIGNAL-366-366,Gold supplier feed shows active demand for Hydrawave Foam Roller 366 in Running with current retail price $237.03. Product 366 remains part of the PeakGear gold-data catalog.,2026-05-01T01:38:24,894,123,70,33384,0.45,81,366,rising
367,7,youtube,GOLD-SIGNAL-367-367,Gold supplier feed shows active demand for Canyonridge Headlamp 367 in Outdoor with current retail price $377.4. Product 367 remains part of the PeakGear gold-data catalog.,2026-04-30T20:27:36,785,122,71,31815,0.5,82,367,viral
368,8,instagram,GOLD-SIGNAL-368-368,Gold supplier feed shows active demand for Summitpulse Outdoor Jacket 368 in Outdoor with current retail price $82.89. Product 368 remains part of the PeakGear gold-data catalog.,2026-04-30T16:00:00,619,107,34,27198,0.15,84,368,viral
369,9,tiktok,GOLD-SIGNAL-369-369,Gold supplier feed shows active demand for Hydrawave Hydration Belt 369 in Running with current retail price $281.92. Product 369 remains part of the PeakGear gold-data catalog.,2026-04-30T10:49:12,800,153,53,15600,0.2,63,369,normal
370,10,twitter,GOLD-SIGNAL-370-370,Gold supplier feed shows active demand for Canyonridge    Volleyball 370 in Team Sports with current retail price $109.98.,2026-05-07T05:38:24,1327,159,104,29067,0.25,77,370,rising
371,11,threads,GOLD-SIGNAL-371-371,Gold supplier feed shows active demand for Ironkinetic Trekking Poles 371 in Outdoor with current retail price $390.63. Product 371 remains part of the PeakGear gold-data catalog.,2026-05-07T00:27:36,3123,430,284,76152,0.3,99,371,mega_viral
372,12,youtube,GOLD-SIGNAL-372-372,Gold supplier feed shows active demand for Summitpulse Compression Shorts 372 in Activewear with current retail price $69.35.,2026-05-06T20:00:00,1523,237,83,42321,0.35,91,372,viral
373,13,instagram,GOLD-SIGNAL-373-373,Gold supplier feed shows active demand for Summitpulse Weightlifting Gloves 373 in Strength Training with current retail price $27.3.,2026-05-06T14:49:12,1163,202,77,36090,0.4,61,373,rising
374,14,tiktok,GOLD-SIGNAL-374-374,Gold supplier feed shows active demand for Canyonridge Chalk Bag 374 in Climbing with current retail price $88.57. Product 374 remains part of the PeakGear gold-data catalog.,2026-05-06T09:38:24,1200,230,94,40800,0.45,68,374,rising
375,15,twitter,GOLD-SIGNAL-375-375,Gold supplier feed shows active demand for Velocityworks Cycling Jersey 375 in Cycling with current retail price $183.55.,2026-05-06T04:27:36,306,36,27,12216,0.5,79,375,rising
376,16,threads,GOLD-SIGNAL-376-376,Gold supplier feed shows active demand for Trailforge Adjustable Dumbbells 376 in Strength Training with current retail price $107.25.,2026-05-06T00:00:00,771,106,42,31269,0.15,99,376,mega_viral
377,17,youtube,GOLD-SIGNAL-377-377,Gold supplier feed shows active demand for Canyonridge Trail Runner 377 in Footwear with current retail price $45.07. Product 377 remains part of the PeakGear gold-data catalog.,2026-05-05T18:49:12,540,84,36,23880,0.2,94,377,mega_viral
378,18,instagram,GOLD-SIGNAL-378-378,Gold supplier feed shows active demand for Trailforge Training    Hoodie 378 in Activewear with current retail price $109.14.,2026-05-05T13:38:24,864,150,68,16752,0.25,78,378,rising
379,19,tiktok,GOLD-SIGNAL-379-379,Gold supplier feed shows active demand for Velocityworks Weightlifting Gloves 379 in Strength Training with current retail price $255.13.,2026-05-05T08:27:36,760,145,69,17160,0.3,78,379,rising
380,20,twitter,GOLD-SIGNAL-380-380,Gold supplier feed shows active demand for Velocityworks Badminton Set 380 in Racquet Sports with current retail price $299.17.,2026-05-05T04:00:00,944,113,51,23856,0.35,87,380,viral
381,21,threads,GOLD-SIGNAL-381-381,Gold supplier feed shows active demand for Trailforge Base Layer Top 381 in Activewear with current retail price $28.1. Product 381 remains part of the PeakGear gold-data catalog.,2026-05-04T22:49:12,3230,445,216,88410,0.4,99,381,mega_viral
382,22,youtube,GOLD-SIGNAL-382-382,Gold supplier feed shows active demand for Nordcrest Training Hoodie 382 in Activewear with current retail price $152.61.,2026-05-04T17:38:24,802,125,63,25260,0.45,64,382,rising
383,23,instagram,GOLD-SIGNAL-383-383,Gold supplier feed shows active demand for Nordcrest Badminton Set 383 in Racquet Sports with current retail price $254.6.,2026-05-04T12:27:36,1698,295,154,57234,0.5,85,383,viral
384,24,tiktok,GOLD-SIGNAL-384-384,Gold supplier feed shows active demand for Velocityworks Heart Rate Strap 384 in Fitness Devices with current retail price $124.75.,2026-05-04T08:00:00,1414,271,77,52104,0.15,85,384,viral
385,25,twitter,GOLD-SIGNAL-385-385,Gold supplier feed shows active demand for Aerostride Tent 385 in Camping Hiking with current retail price $505.54. Product 385 remains part of the PeakGear gold-data catalog.,2026-05-04T02:49:12,1843,221,123,73077,0.2,96,385,mega_viral
386,26,threads,GOLD-SIGNAL-386-386,Gold supplier feed shows active demand for Nordcrest Outdoor Jacket 386 in Outdoor with current retail price $486.91. Product 386 remains part of the PeakGear gold-data catalog.,2026-05-03T21:38:24,1705,235,134,72810,0.25,69,386,rising
387,27,youtube,GOLD-SIGNAL-387-387,Gold supplier feed shows active demand for Velocityworks Adjustable Dumbbells 387 in Strength Training with current retail price $360.97.,2026-05-03T16:27:36,1214,189,110,23052,0.3,69,387,rising
388,28,instagram,GOLD-SIGNAL-388-388,Gold supplier feed shows active demand for Aerostride Smart Scale 388 in Fitness Devices with current retail price $272.88.,2026-05-03T12:00:00,210,36,11,5610,0.35,74,388,rising
389,29,tiktok,GOLD-SIGNAL-389-389,Gold supplier feed shows active demand for Trailforge Tennis Racket 389 in Racquet Sports with current retail price $186.17.,2026-05-03T06:49:12,400,76,26,10800,0.4,86,389,viral
390,30,twitter,GOLD-SIGNAL-390-390,Gold supplier feed shows active demand for Aerostride Wetsuit 390 in Water Sports with current retail price $17.48. Product 390 remains part of the PeakGear gold-data catalog.,2026-05-03T01:38:24,654,78,51,18858,0.45,69,390,rising
391,1,threads,GOLD-SIGNAL-391-391,Gold supplier feed shows active demand for Ironkinetic Kettlebell 391 in Strength Training with current retail price $199.1.,2026-05-02T20:27:36,759,104,69,23970,0.5,75,391,rising
392,2,youtube,GOLD-SIGNAL-392-392,Gold supplier feed shows active demand for Velocityworks Compression Shorts 392 in Activewear with current retail price $31.65.,2026-05-02T16:00:00,2130,332,117,71490,0.15,99,392,mega_viral
393,3,instagram,GOLD-SIGNAL-393-393,Gold supplier feed shows active demand for Trailforge Headlamp 393 in Outdoor with current retail price $87.95. Product 393 remains part of the PeakGear gold-data catalog.,2026-05-02T10:49:12,737,128,49,27732,0.2,83,393,viral
394,4,tiktok,GOLD-SIGNAL-394-394,Gold supplier feed shows active demand for Hydrawave Repair Kit 394 in Cycling with current retail price $316.94. Product 394 remains part of the PeakGear gold-data catalog.,2026-05-02T05:38:24,936,179,73,37704,0.25,92,394,viral
395,5,twitter,GOLD-SIGNAL-395-395,Gold supplier feed shows active demand for Hydrawave Compression Shorts 395 in Activewear with current retail price $125.62.,2026-05-02T00:27:36,2034,244,185,86628,0.3,88,395,viral
396,6,threads,GOLD-SIGNAL-396-396,Gold supplier feed shows active demand for Hydrawave Foam Roller 396 in Running with current retail price $201.34. Product 396 remains part of the PeakGear gold-data catalog.,2026-05-01T20:00:00,1081,149,59,20658,0.35,75,396,rising
397,7,youtube,GOLD-SIGNAL-397-397,Gold supplier feed shows active demand for Nordcrest Basketball 397 in Team Sports with current retail price $17.06. Product 397 remains part of the PeakGear gold-data catalog.,2026-05-01T14:49:12,1111,173,74,24531,0.4,81,397,rising
398,8,instagram,GOLD-SIGNAL-398-398,Gold supplier feed shows active demand for Canyonridge   Hiking Boot 398 in Footwear with current retail price $41.17. Product 398 remains part of the PeakGear gold-data catalog.,2026-05-01T09:38:24,1448,251,114,35952,0.45,91,398,viral
399,9,tiktok,GOLD-SIGNAL-399-399,Gold supplier feed shows active demand for Canyonridge Compression Shorts 399 in Activewear with current retail price $45.7.,2026-05-01T04:27:36,8084,1552,735,219468,0.5,99,399,mega_viral
400,10,twitter,GOLD-SIGNAL-400-400,Gold supplier feed shows active demand for Nordcrest Gps Fitness Watch 400 in Fitness Devices with current retail price $214.91.,2026-05-01T00:00:00,3014,361,165,91620,0.15,92,400,viral
401,11,threads,GOLD-SIGNAL-401-401,Gold supplier feed shows active demand for Aerostride Foam Roller 401 in Running with current retail price $102.99. Product 401 remains part of the PeakGear gold-data catalog.,2026-04-30T18:49:12,262,36,17,9846,0.2,77,401,rising
402,12,youtube,GOLD-SIGNAL-402-402,Gold supplier feed shows active demand for Ironkinetic Performance Tee 402 in Activewear with current retail price $50.48.,2026-04-30T13:38:24,407,63,32,15852,0.25,87,402,viral
403,13,instagram,GOLD-SIGNAL-403-403,Gold supplier feed shows active demand for Summitpulse Performance Tee 403 in Activewear with current retail price $124.99.,2026-04-30T08:27:36,492,85,44,20388,0.3,64,403,rising
404,14,tiktok,GOLD-SIGNAL-404-404,Gold supplier feed shows active demand for Hydrawave Running Socks 404 in Running with current retail price $217.87. Product 404 remains part of the PeakGear gold-data catalog.,2026-05-07T04:00:00,825,158,45,35850,0.35,78,404,rising
405,15,twitter,GOLD-SIGNAL-405-405,Gold supplier feed shows active demand for Nordcrest Weightlifting Gloves 405 in Strength Training with current retail price $154.41.,2026-05-06T22:49:12,974,116,65,18732,0.4,85,405,viral
406,16,threads,GOLD-SIGNAL-406-406,Gold supplier feed shows active demand for Aerostride Bike Light Set 406 in Cycling with current retail price $28.1. Product 406 remains part of the PeakGear gold-data catalog.,2026-05-06T17:38:24,3253,448,256,69513,0.45,99,406,mega_viral
407,17,youtube,GOLD-SIGNAL-407-407,Gold supplier feed shows active demand for Velocityworks Base Layer Top 407 in Activewear with current retail price $120.06.,2026-05-06T12:27:36,1311,204,119,32664,0.5,99,407,mega_viral
408,18,instagram,GOLD-SIGNAL-408-408,Gold supplier feed shows active demand for Trailforge Performance Tee 408 in Activewear with current retail price $21.46.,2026-05-06T08:00:00,899,156,49,25473,0.15,67,408,rising
409,19,tiktok,GOLD-SIGNAL-409-409,Gold supplier feed shows active demand for Trailforge Heart Rate Strap 409 in Fitness Devices with current retail price $451.06.,2026-05-06T02:49:12,1260,241,84,39000,0.2,79,409,rising
410,20,twitter,GOLD-SIGNAL-410-410,Gold supplier feed shows active demand for Nordcrest Climbing Harness 410 in Uncategorized with current retail price $86.66.,2026-05-05T21:38:24,1421,170,112,48093,0.25,87,410,viral
411,21,threads,GOLD-SIGNAL-411-411,Gold supplier feed shows active demand for Nordcrest Climbing Harness 411 in Climbing with current retail price $85.27. Product 411 remains part of the PeakGear gold-data catalog.,2026-05-05T16:27:36,1367,188,124,50412,0.3,91,411,viral
412,22,youtube,GOLD-SIGNAL-412-412,Gold supplier feed shows active demand for Summitpulse Hiking Boot 412 in Footwear with current retail price $263.13. Product 412 remains part of the PeakGear gold-data catalog.,2026-05-05T12:00:00,1443,225,79,57477,0.35,68,412,rising
413,23,instagram,GOLD-SIGNAL-413-413,Gold supplier feed shows active demand for Trailforge Resistance Band Set 413 in Strength Training with current retail price $17.69.,2026-05-05T06:49:12,1742,303,116,74364,0.4,77,413,rising
414,24,tiktok,GOLD-SIGNAL-414-414,Gold supplier feed shows active demand for Velocityworks Hydration Belt 414 in Running with current retail price $196.42.,2026-05-05T01:38:24,369,70,29,7842,0.45,84,414,viral
415,25,twitter,GOLD-SIGNAL-415-415,Gold supplier feed shows active demand for Hydrawave Base Layer Top 415 in Activewear with current retail price $105.31.,2026-05-04T20:27:36,1711,205,155,37131,0.5,99,415,mega_viral
416,26,threads,GOLD-SIGNAL-416-416,Gold supplier feed shows active demand for Hydrawave Running Socks 416 in Running with current retail price $211.5. Product 416 remains part of the PeakGear gold-data catalog.,2026-05-04T16:00:00,400,55,22,10800,0.15,61,416,normal
417,27,youtube,GOLD-SIGNAL-417-417,Gold supplier feed shows active demand for Summitpulse Foam Roller 417 in Running with current retail price $275.03. Product 417 remains part of the PeakGear gold-data catalog.,2026-05-04T10:49:12,591,92,39,17157,0.2,71,417,rising
418,28,instagram,GOLD-SIGNAL-418-418,Gold supplier feed shows active demand for Summitpulse Resistance Band Set 418 in Strength Training with current retail price $56.89.,2026-05-04T05:38:24,949,165,74,29670,0.25,85,418,viral
419,29,tiktok,GOLD-SIGNAL-419-419,Gold supplier feed shows active demand for Summitpulse Performance Tee 419 in Activewear with current retail price $100.07.,2026-05-04T00:27:36,2114,405,192,70962,0.3,99,419,mega_viral
420,30,twitter,GOLD-SIGNAL-420-420,Gold supplier feed shows active demand for Ironkinetic Hiking Boot 420 in Footwear with current retail price $166.79. Product 420 remains part of the PeakGear gold-data catalog.,2026-05-03T20:00:00,968,116,53,36048,0.35,64,420,rising
