connection_id,from_influencer,to_influencer,connection_type,strength,interaction_count,first_seen,last_interaction
1,1,2,follows,0.44,9,2026-04-24T16:30:00Z,2026-05-05T15:30:00Z
2,2,3,follows,0.57,16,2026-04-23T16:30:00Z,2026-05-05T14:30:00Z
3,3,4,follows,0.7,23,2026-04-22T16:30:00Z,2026-05-05T13:30:00Z
4,4,5,follows,0.83,30,2026-04-21T16:30:00Z,2026-05-05T12:30:00Z
5,5,6,follows,0.96,37,2026-04-20T16:30:00Z,2026-05-05T11:30:00Z
6,6,7,follows,0.43,44,2026-04-19T16:30:00Z,2026-05-05T10:30:00Z
7,7,8,follows,0.56,51,2026-04-18T16:30:00Z,2026-05-05T09:30:00Z
8,8,9,follows,0.69,58,2026-04-17T16:30:00Z,2026-05-05T08:30:00Z
9,9,10,follows,0.82,65,2026-04-16T16:30:00Z,2026-05-05T07:30:00Z
10,10,11,follows,0.95,72,2026-04-15T16:30:00Z,2026-05-05T06:30:00Z
11,11,12,follows,0.42,79,2026-04-14T16:30:00Z,2026-05-05T05:30:00Z
12,12,13,follows,0.55,86,2026-04-13T16:30:00Z,2026-05-05T04:30:00Z
13,13,14,follows,0.68,93,2026-04-12T16:30:00Z,2026-05-05T03:30:00Z
14,14,15,follows,0.81,100,2026-04-11T16:30:00Z,2026-05-05T02:30:00Z
15,15,16,follows,0.94,107,2026-04-10T16:30:00Z,2026-05-05T01:30:00Z
16,16,17,follows,0.41,114,2026-04-09T16:30:00Z,2026-05-05T00:30:00Z
17,17,18,follows,0.54,121,2026-04-08T16:30:00Z,2026-05-04T23:30:00Z
18,18,19,follows,0.67,128,2026-04-07T16:30:00Z,2026-05-04T22:30:00Z
19,19,20,follows,0.8,135,2026-04-06T16:30:00Z,2026-05-04T21:30:00Z
20,20,21,follows,0.93,142,2026-04-05T16:30:00Z,2026-05-04T20:30:00Z
21,21,22,follows,0.4,149,2026-04-04T16:30:00Z,2026-05-04T19:30:00Z
22,22,23,follows,0.53,156,2026-04-03T16:30:00Z,2026-05-04T18:30:00Z
23,23,24,follows,0.66,163,2026-04-02T16:30:00Z,2026-05-04T17:30:00Z
24,24,25,follows,0.79,170,2026-04-01T16:30:00Z,2026-05-04T16:30:00Z
25,25,26,follows,0.92,177,2026-03-31T16:30:00Z,2026-05-04T15:30:00Z
26,26,27,follows,0.39,184,2026-03-30T16:30:00Z,2026-05-04T14:30:00Z
27,27,28,follows,0.52,191,2026-03-29T16:30:00Z,2026-05-04T13:30:00Z
28,28,29,follows,0.65,198,2026-03-28T16:30:00Z,2026-05-04T12:30:00Z
29,29,30,follows,0.78,205,2026-03-27T16:30:00Z,2026-05-04T11:30:00Z
30,30,31,follows,0.91,212,2026-03-26T16:30:00Z,2026-05-04T10:30:00Z
31,31,32,follows,0.38,219,2026-03-25T16:30:00Z,2026-05-04T09:30:00Z
32,32,33,follows,0.51,6,2026-03-24T16:30:00Z,2026-05-04T08:30:00Z
33,33,34,follows,0.64,13,2026-03-23T16:30:00Z,2026-05-04T07:30:00Z
34,34,35,follows,0.77,20,2026-03-22T16:30:00Z,2026-05-04T06:30:00Z
35,35,36,follows,0.9,27,2026-03-21T16:30:00Z,2026-05-04T05:30:00Z
36,36,37,follows,0.37,34,2026-03-20T16:30:00Z,2026-05-04T04:30:00Z
37,37,38,follows,0.5,41,2026-03-19T16:30:00Z,2026-05-04T03:30:00Z
38,38,39,follows,0.63,48,2026-03-18T16:30:00Z,2026-05-04T02:30:00Z
39,39,40,follows,0.76,55,2026-03-17T16:30:00Z,2026-05-04T01:30:00Z
40,40,41,follows,0.89,62,2026-03-16T16:30:00Z,2026-05-04T00:30:00Z
41,41,42,follows,0.36,69,2026-03-15T16:30:00Z,2026-05-03T23:30:00Z
42,42,43,follows,0.49,76,2026-03-14T16:30:00Z,2026-05-03T22:30:00Z
43,43,44,follows,0.62,83,2026-03-13T16:30:00Z,2026-05-03T21:30:00Z
44,44,45,follows,0.75,90,2026-03-12T16:30:00Z,2026-05-03T20:30:00Z
45,45,46,follows,0.88,97,2026-03-11T16:30:00Z,2026-05-03T19:30:00Z
46,46,47,follows,0.35,104,2026-03-10T16:30:00Z,2026-05-03T18:30:00Z
47,47,48,follows,0.48,111,2026-03-09T16:30:00Z,2026-05-03T17:30:00Z
48,48,49,follows,0.61,118,2026-03-08T16:30:00Z,2026-05-03T16:30:00Z
49,49,50,follows,0.74,125,2026-03-07T16:30:00Z,2026-05-03T15:30:00Z
50,50,51,follows,0.87,132,2026-03-06T16:30:00Z,2026-05-03T14:30:00Z
51,51,52,follows,0.34,139,2026-03-05T16:30:00Z,2026-05-03T13:30:00Z
52,52,53,follows,0.47,146,2026-03-04T16:30:00Z,2026-05-03T12:30:00Z
53,53,54,follows,0.6,153,2026-03-03T16:30:00Z,2026-05-03T11:30:00Z
54,54,55,follows,0.73,160,2026-03-02T16:30:00Z,2026-05-03T10:30:00Z
55,55,56,follows,0.86,167,2026-03-01T16:30:00Z,2026-05-03T09:30:00Z
56,56,57,follows,0.33,174,2026-02-28T16:30:00Z,2026-05-03T08:30:00Z
57,57,58,follows,0.46,181,2026-02-27T16:30:00Z,2026-05-03T07:30:00Z
58,58,59,follows,0.59,188,2026-02-26T16:30:00Z,2026-05-03T06:30:00Z
59,59,60,follows,0.72,195,2026-02-25T16:30:00Z,2026-05-03T05:30:00Z
60,60,61,follows,0.85,202,2026-02-24T16:30:00Z,2026-05-03T04:30:00Z
61,61,62,follows,0.32,209,2026-02-23T16:30:00Z,2026-05-03T03:30:00Z
62,62,63,follows,0.45,216,2026-02-22T16:30:00Z,2026-05-03T02:30:00Z
63,63,64,follows,0.58,3,2026-02-21T16:30:00Z,2026-05-03T01:30:00Z
64,64,65,follows,0.71,10,2026-02-20T16:30:00Z,2026-05-03T00:30:00Z
65,65,66,follows,0.84,17,2026-02-19T16:30:00Z,2026-05-02T23:30:00Z
66,66,67,follows,0.31,24,2026-02-18T16:30:00Z,2026-05-02T22:30:00Z
67,67,68,follows,0.44,31,2026-02-17T16:30:00Z,2026-05-02T21:30:00Z
68,68,69,follows,0.57,38,2026-02-16T16:30:00Z,2026-05-02T20:30:00Z
69,69,70,follows,0.7,45,2026-02-15T16:30:00Z,2026-05-02T19:30:00Z
70,70,71,follows,0.83,52,2026-02-14T16:30:00Z,2026-05-02T18:30:00Z
71,71,72,follows,0.96,59,2026-02-13T16:30:00Z,2026-05-02T17:30:00Z
72,72,73,follows,0.43,66,2026-02-12T16:30:00Z,2026-05-02T16:30:00Z
73,73,74,follows,0.56,73,2026-02-11T16:30:00Z,2026-05-02T15:30:00Z
74,74,75,follows,0.69,80,2026-02-10T16:30:00Z,2026-05-02T14:30:00Z
75,75,76,follows,0.82,87,2026-02-09T16:30:00Z,2026-05-02T13:30:00Z
76,76,77,follows,0.95,94,2026-02-08T16:30:00Z,2026-05-02T12:30:00Z
77,77,78,follows,0.42,101,2026-02-07T16:30:00Z,2026-05-02T11:30:00Z
78,78,79,follows,0.55,108,2026-02-06T16:30:00Z,2026-05-02T10:30:00Z
79,79,80,follows,0.68,115,2026-02-05T16:30:00Z,2026-05-02T09:30:00Z
80,80,81,follows,0.81,122,2026-02-04T16:30:00Z,2026-05-02T08:30:00Z
81,81,82,follows,0.94,129,2026-02-03T16:30:00Z,2026-05-02T07:30:00Z
82,82,83,follows,0.41,136,2026-02-02T16:30:00Z,2026-05-02T06:30:00Z
83,83,84,follows,0.54,143,2026-02-01T16:30:00Z,2026-05-02T05:30:00Z
84,84,85,follows,0.67,150,2026-01-31T16:30:00Z,2026-05-02T04:30:00Z
85,85,86,follows,0.8,157,2026-01-30T16:30:00Z,2026-05-02T03:30:00Z
86,86,87,follows,0.93,164,2026-01-29T16:30:00Z,2026-05-02T02:30:00Z
87,87,88,follows,0.4,171,2026-01-28T16:30:00Z,2026-05-02T01:30:00Z
88,88,89,follows,0.53,178,2026-01-27T16:30:00Z,2026-05-02T00:30:00Z
89,89,90,follows,0.66,185,2026-01-26T16:30:00Z,2026-05-01T23:30:00Z
90,90,91,follows,0.79,192,2026-01-25T16:30:00Z,2026-05-01T22:30:00Z
91,91,92,follows,0.92,199,2026-01-24T16:30:00Z,2026-05-01T21:30:00Z
92,92,93,follows,0.39,206,2026-01-23T16:30:00Z,2026-05-01T20:30:00Z
93,93,94,follows,0.52,213,2026-01-22T16:30:00Z,2026-05-01T19:30:00Z
94,94,95,follows,0.65,220,2026-01-21T16:30:00Z,2026-05-01T18:30:00Z
95,95,96,follows,0.78,7,2026-01-20T16:30:00Z,2026-05-01T17:30:00Z
96,96,97,follows,0.91,14,2026-01-19T16:30:00Z,2026-05-01T16:30:00Z
97,97,98,follows,0.38,21,2026-01-18T16:30:00Z,2026-05-01T15:30:00Z
98,98,99,follows,0.51,28,2026-01-17T16:30:00Z,2026-05-01T14:30:00Z
99,99,100,follows,0.64,35,2026-01-16T16:30:00Z,2026-05-01T13:30:00Z
100,100,101,follows,0.77,42,2026-01-15T16:30:00Z,2026-05-01T12:30:00Z
101,101,102,follows,0.9,49,2026-01-14T16:30:00Z,2026-05-01T11:30:00Z
102,102,103,follows,0.37,56,2026-01-13T16:30:00Z,2026-05-01T10:30:00Z
103,103,104,follows,0.5,63,2026-01-12T16:30:00Z,2026-05-01T09:30:00Z
104,104,105,follows,0.63,70,2026-01-11T16:30:00Z,2026-05-01T08:30:00Z
105,105,106,follows,0.76,77,2026-01-10T16:30:00Z,2026-05-01T07:30:00Z
106,106,107,follows,0.89,84,2026-01-09T16:30:00Z,2026-05-01T06:30:00Z
107,107,108,follows,0.36,91,2026-01-08T16:30:00Z,2026-05-01T05:30:00Z
108,108,109,follows,0.49,98,2026-01-07T16:30:00Z,2026-05-01T04:30:00Z
109,109,110,follows,0.62,105,2026-01-06T16:30:00Z,2026-05-01T03:30:00Z
110,110,111,follows,0.75,112,2026-01-05T16:30:00Z,2026-05-01T02:30:00Z
111,111,112,follows,0.88,119,2026-01-04T16:30:00Z,2026-05-01T01:30:00Z
112,112,113,follows,0.35,126,2026-01-03T16:30:00Z,2026-05-01T00:30:00Z
113,113,114,follows,0.48,133,2026-01-02T16:30:00Z,2026-04-30T23:30:00Z
114,114,115,follows,0.61,140,2026-01-01T16:30:00Z,2026-04-30T22:30:00Z
115,115,116,follows,0.74,147,2025-12-31T16:30:00Z,2026-04-30T21:30:00Z
116,116,117,follows,0.87,154,2025-12-30T16:30:00Z,2026-04-30T20:30:00Z
117,117,118,follows,0.34,161,2025-12-29T16:30:00Z,2026-04-30T19:30:00Z
118,118,119,follows,0.47,168,2025-12-28T16:30:00Z,2026-04-30T18:30:00Z
119,119,120,follows,0.6,175,2025-12-27T16:30:00Z,2026-04-30T17:30:00Z
120,120,121,follows,0.73,182,2025-12-26T16:30:00Z,2026-05-05T16:30:00Z
121,121,122,follows,0.86,189,2025-12-25T16:30:00Z,2026-05-05T15:30:00Z
122,122,123,follows,0.33,196,2025-12-24T16:30:00Z,2026-05-05T14:30:00Z
123,123,124,follows,0.46,203,2025-12-23T16:30:00Z,2026-05-05T13:30:00Z
124,124,125,follows,0.59,210,2025-12-22T16:30:00Z,2026-05-05T12:30:00Z
125,125,126,follows,0.72,217,2025-12-21T16:30:00Z,2026-05-05T11:30:00Z
126,126,127,follows,0.85,4,2025-12-20T16:30:00Z,2026-05-05T10:30:00Z
127,127,128,follows,0.32,11,2025-12-19T16:30:00Z,2026-05-05T09:30:00Z
128,128,129,follows,0.45,18,2025-12-18T16:30:00Z,2026-05-05T08:30:00Z
129,129,130,follows,0.58,25,2025-12-17T16:30:00Z,2026-05-05T07:30:00Z
130,130,131,follows,0.71,32,2025-12-16T16:30:00Z,2026-05-05T06:30:00Z
131,131,132,follows,0.84,39,2025-12-15T16:30:00Z,2026-05-05T05:30:00Z
132,132,133,follows,0.31,46,2025-12-14T16:30:00Z,2026-05-05T04:30:00Z
133,133,134,follows,0.44,53,2025-12-13T16:30:00Z,2026-05-05T03:30:00Z
134,134,135,follows,0.57,60,2025-12-12T16:30:00Z,2026-05-05T02:30:00Z
135,135,136,follows,0.7,67,2025-12-11T16:30:00Z,2026-05-05T01:30:00Z
136,136,137,follows,0.83,74,2025-12-10T16:30:00Z,2026-05-05T00:30:00Z
137,137,138,follows,0.96,81,2025-12-09T16:30:00Z,2026-05-04T23:30:00Z
138,138,139,follows,0.43,88,2025-12-08T16:30:00Z,2026-05-04T22:30:00Z
139,139,140,follows,0.56,95,2025-12-07T16:30:00Z,2026-05-04T21:30:00Z
140,140,141,follows,0.69,102,2025-12-06T16:30:00Z,2026-05-04T20:30:00Z
141,141,142,follows,0.82,109,2025-12-05T16:30:00Z,2026-05-04T19:30:00Z
142,142,143,follows,0.95,116,2025-12-04T16:30:00Z,2026-05-04T18:30:00Z
143,143,144,follows,0.42,123,2025-12-03T16:30:00Z,2026-05-04T17:30:00Z
144,144,145,follows,0.55,130,2025-12-02T16:30:00Z,2026-05-04T16:30:00Z
145,145,146,follows,0.68,137,2025-12-01T16:30:00Z,2026-05-04T15:30:00Z
146,146,147,follows,0.81,144,2025-11-30T16:30:00Z,2026-05-04T14:30:00Z
147,147,148,follows,0.94,151,2025-11-29T16:30:00Z,2026-05-04T13:30:00Z
148,148,149,follows,0.41,158,2025-11-28T16:30:00Z,2026-05-04T12:30:00Z
149,149,150,follows,0.54,165,2025-11-27T16:30:00Z,2026-05-04T11:30:00Z
150,150,151,follows,0.67,172,2025-11-26T16:30:00Z,2026-05-04T10:30:00Z
151,151,152,follows,0.8,179,2025-11-25T16:30:00Z,2026-05-04T09:30:00Z
152,152,153,follows,0.93,186,2025-11-24T16:30:00Z,2026-05-04T08:30:00Z
153,153,154,follows,0.4,193,2025-11-23T16:30:00Z,2026-05-04T07:30:00Z
154,154,155,follows,0.53,200,2025-11-22T16:30:00Z,2026-05-04T06:30:00Z
155,155,156,follows,0.66,207,2025-11-21T16:30:00Z,2026-05-04T05:30:00Z
156,156,157,follows,0.79,214,2025-11-20T16:30:00Z,2026-05-04T04:30:00Z
157,157,158,follows,0.92,221,2025-11-19T16:30:00Z,2026-05-04T03:30:00Z
158,158,159,follows,0.39,8,2025-11-18T16:30:00Z,2026-05-04T02:30:00Z
159,159,160,follows,0.52,15,2025-11-17T16:30:00Z,2026-05-04T01:30:00Z
160,160,161,follows,0.65,22,2025-11-16T16:30:00Z,2026-05-04T00:30:00Z
161,161,162,follows,0.78,29,2025-11-15T16:30:00Z,2026-05-03T23:30:00Z
162,162,163,follows,0.91,36,2025-11-14T16:30:00Z,2026-05-03T22:30:00Z
163,163,164,follows,0.38,43,2025-11-13T16:30:00Z,2026-05-03T21:30:00Z
164,164,165,follows,0.51,50,2025-11-12T16:30:00Z,2026-05-03T20:30:00Z
165,165,166,follows,0.64,57,2025-11-11T16:30:00Z,2026-05-03T19:30:00Z
166,166,167,follows,0.77,64,2025-11-10T16:30:00Z,2026-05-03T18:30:00Z
167,167,168,follows,0.9,71,2025-11-09T16:30:00Z,2026-05-03T17:30:00Z
168,168,169,follows,0.37,78,2025-11-08T16:30:00Z,2026-05-03T16:30:00Z
169,169,170,follows,0.5,85,2025-11-07T16:30:00Z,2026-05-03T15:30:00Z
170,170,171,follows,0.63,92,2025-11-06T16:30:00Z,2026-05-03T14:30:00Z
171,171,172,follows,0.76,99,2025-11-05T16:30:00Z,2026-05-03T13:30:00Z
172,172,173,follows,0.89,106,2025-11-04T16:30:00Z,2026-05-03T12:30:00Z
173,173,174,follows,0.36,113,2025-11-03T16:30:00Z,2026-05-03T11:30:00Z
174,174,175,follows,0.49,120,2025-11-02T16:30:00Z,2026-05-03T10:30:00Z
175,175,176,follows,0.62,127,2025-11-01T16:30:00Z,2026-05-03T09:30:00Z
176,176,177,follows,0.75,134,2025-10-31T16:30:00Z,2026-05-03T08:30:00Z
177,177,178,follows,0.88,141,2025-10-30T16:30:00Z,2026-05-03T07:30:00Z
178,178,179,follows,0.35,148,2025-10-29T16:30:00Z,2026-05-03T06:30:00Z
179,179,180,follows,0.48,155,2025-10-28T16:30:00Z,2026-05-03T05:30:00Z
180,180,181,follows,0.61,162,2025-10-27T16:30:00Z,2026-05-03T04:30:00Z
181,181,182,follows,0.74,169,2025-10-26T16:30:00Z,2026-05-03T03:30:00Z
182,182,183,follows,0.87,176,2025-10-25T16:30:00Z,2026-05-03T02:30:00Z
183,183,184,follows,0.34,183,2025-10-24T16:30:00Z,2026-05-03T01:30:00Z
184,184,185,follows,0.47,190,2025-10-23T16:30:00Z,2026-05-03T00:30:00Z
185,185,186,follows,0.6,197,2025-10-22T16:30:00Z,2026-05-02T23:30:00Z
186,186,187,follows,0.73,204,2025-10-21T16:30:00Z,2026-05-02T22:30:00Z
187,187,188,follows,0.86,211,2025-10-20T16:30:00Z,2026-05-02T21:30:00Z
188,188,189,follows,0.33,218,2025-10-19T16:30:00Z,2026-05-02T20:30:00Z
189,189,190,follows,0.46,5,2025-10-18T16:30:00Z,2026-05-02T19:30:00Z
190,190,191,follows,0.59,12,2025-10-17T16:30:00Z,2026-05-02T18:30:00Z
191,191,192,follows,0.72,19,2025-10-16T16:30:00Z,2026-05-02T17:30:00Z
192,192,193,follows,0.85,26,2025-10-15T16:30:00Z,2026-05-02T16:30:00Z
193,193,194,follows,0.32,33,2025-10-14T16:30:00Z,2026-05-02T15:30:00Z
194,194,195,follows,0.45,40,2025-10-13T16:30:00Z,2026-05-02T14:30:00Z
195,195,196,follows,0.58,47,2025-10-12T16:30:00Z,2026-05-02T13:30:00Z
196,196,197,follows,0.71,54,2025-10-11T16:30:00Z,2026-05-02T12:30:00Z
197,197,198,follows,0.84,61,2025-10-10T16:30:00Z,2026-05-02T11:30:00Z
198,198,199,follows,0.31,68,2025-10-09T16:30:00Z,2026-05-02T10:30:00Z
199,199,200,follows,0.44,75,2025-10-08T16:30:00Z,2026-05-02T09:30:00Z
200,200,201,follows,0.57,82,2025-10-07T16:30:00Z,2026-05-02T08:30:00Z
201,201,202,follows,0.7,89,2025-10-06T16:30:00Z,2026-05-02T07:30:00Z
202,202,203,follows,0.83,96,2025-10-05T16:30:00Z,2026-05-02T06:30:00Z
203,203,204,follows,0.96,103,2025-10-04T16:30:00Z,2026-05-02T05:30:00Z
204,204,205,follows,0.43,110,2025-10-03T16:30:00Z,2026-05-02T04:30:00Z
205,205,206,follows,0.56,117,2025-10-02T16:30:00Z,2026-05-02T03:30:00Z
206,206,207,follows,0.69,124,2025-10-01T16:30:00Z,2026-05-02T02:30:00Z
207,207,208,follows,0.82,131,2025-09-30T16:30:00Z,2026-05-02T01:30:00Z
208,208,209,follows,0.95,138,2025-09-29T16:30:00Z,2026-05-02T00:30:00Z
209,209,210,follows,0.42,145,2025-09-28T16:30:00Z,2026-05-01T23:30:00Z
210,210,211,follows,0.55,152,2025-09-27T16:30:00Z,2026-05-01T22:30:00Z
211,211,212,follows,0.68,159,2025-09-26T16:30:00Z,2026-05-01T21:30:00Z
212,212,213,follows,0.81,166,2025-09-25T16:30:00Z,2026-05-01T20:30:00Z
213,213,214,follows,0.94,173,2025-09-24T16:30:00Z,2026-05-01T19:30:00Z
214,214,215,follows,0.41,180,2025-09-23T16:30:00Z,2026-05-01T18:30:00Z
215,215,216,follows,0.54,187,2025-09-22T16:30:00Z,2026-05-01T17:30:00Z
216,216,217,follows,0.67,194,2025-09-21T16:30:00Z,2026-05-01T16:30:00Z
217,217,218,follows,0.8,201,2025-09-20T16:30:00Z,2026-05-01T15:30:00Z
218,218,219,follows,0.93,208,2025-09-19T16:30:00Z,2026-05-01T14:30:00Z
219,219,220,follows,0.4,215,2025-09-18T16:30:00Z,2026-05-01T13:30:00Z
220,220,221,follows,0.53,2,2025-09-17T16:30:00Z,2026-05-01T12:30:00Z
221,221,222,follows,0.66,9,2025-09-16T16:30:00Z,2026-05-01T11:30:00Z
222,222,223,follows,0.79,16,2025-09-15T16:30:00Z,2026-05-01T10:30:00Z
223,223,224,follows,0.92,23,2025-09-14T16:30:00Z,2026-05-01T09:30:00Z
224,224,225,follows,0.39,30,2025-09-13T16:30:00Z,2026-05-01T08:30:00Z
225,225,226,follows,0.52,37,2025-09-12T16:30:00Z,2026-05-01T07:30:00Z
226,226,227,follows,0.65,44,2025-09-11T16:30:00Z,2026-05-01T06:30:00Z
227,227,228,follows,0.78,51,2025-09-10T16:30:00Z,2026-05-01T05:30:00Z
228,228,229,follows,0.91,58,2025-09-09T16:30:00Z,2026-05-01T04:30:00Z
229,229,230,follows,0.38,65,2025-09-08T16:30:00Z,2026-05-01T03:30:00Z
230,230,231,follows,0.51,72,2025-09-07T16:30:00Z,2026-05-01T02:30:00Z
231,231,232,follows,0.64,79,2025-09-06T16:30:00Z,2026-05-01T01:30:00Z
232,232,233,follows,0.77,86,2025-09-05T16:30:00Z,2026-05-01T00:30:00Z
233,233,234,follows,0.9,93,2025-09-04T16:30:00Z,2026-04-30T23:30:00Z
234,234,235,follows,0.37,100,2025-09-03T16:30:00Z,2026-04-30T22:30:00Z
235,235,236,follows,0.5,107,2025-09-02T16:30:00Z,2026-04-30T21:30:00Z
236,236,237,follows,0.63,114,2025-09-01T16:30:00Z,2026-04-30T20:30:00Z
237,237,238,follows,0.76,121,2025-08-31T16:30:00Z,2026-04-30T19:30:00Z
238,238,239,follows,0.89,128,2025-08-30T16:30:00Z,2026-04-30T18:30:00Z
239,239,240,follows,0.36,135,2025-08-29T16:30:00Z,2026-04-30T17:30:00Z
240,240,241,follows,0.49,142,2025-08-28T16:30:00Z,2026-05-05T16:30:00Z
241,241,242,follows,0.62,149,2025-08-27T16:30:00Z,2026-05-05T15:30:00Z
242,242,243,follows,0.75,156,2025-08-26T16:30:00Z,2026-05-05T14:30:00Z
243,243,244,follows,0.88,163,2025-08-25T16:30:00Z,2026-05-05T13:30:00Z
244,244,245,follows,0.35,170,2025-08-24T16:30:00Z,2026-05-05T12:30:00Z
245,245,246,follows,0.48,177,2025-08-23T16:30:00Z,2026-05-05T11:30:00Z
246,246,247,follows,0.61,184,2025-08-22T16:30:00Z,2026-05-05T10:30:00Z
247,247,248,follows,0.74,191,2025-08-21T16:30:00Z,2026-05-05T09:30:00Z
248,248,249,follows,0.87,198,2025-08-20T16:30:00Z,2026-05-05T08:30:00Z
249,249,250,follows,0.34,205,2025-08-19T16:30:00Z,2026-05-05T07:30:00Z
250,250,251,follows,0.47,212,2025-08-18T16:30:00Z,2026-05-05T06:30:00Z
251,251,252,follows,0.6,219,2025-08-17T16:30:00Z,2026-05-05T05:30:00Z
252,252,253,follows,0.73,6,2025-08-16T16:30:00Z,2026-05-05T04:30:00Z
253,253,254,follows,0.86,13,2025-08-15T16:30:00Z,2026-05-05T03:30:00Z
254,254,255,follows,0.33,20,2025-08-14T16:30:00Z,2026-05-05T02:30:00Z
255,255,256,follows,0.46,27,2025-08-13T16:30:00Z,2026-05-05T01:30:00Z
256,256,257,follows,0.59,34,2025-08-12T16:30:00Z,2026-05-05T00:30:00Z
257,257,258,follows,0.72,41,2025-08-11T16:30:00Z,2026-05-04T23:30:00Z
258,258,259,follows,0.85,48,2025-08-10T16:30:00Z,2026-05-04T22:30:00Z
259,259,260,follows,0.32,55,2025-08-09T16:30:00Z,2026-05-04T21:30:00Z
260,260,261,follows,0.45,62,2025-08-08T16:30:00Z,2026-05-04T20:30:00Z
261,261,262,follows,0.58,69,2025-08-07T16:30:00Z,2026-05-04T19:30:00Z
262,262,263,follows,0.71,76,2025-08-06T16:30:00Z,2026-05-04T18:30:00Z
263,263,264,follows,0.84,83,2025-08-05T16:30:00Z,2026-05-04T17:30:00Z
264,264,265,follows,0.31,90,2025-08-04T16:30:00Z,2026-05-04T16:30:00Z
265,265,266,follows,0.44,97,2025-08-03T16:30:00Z,2026-05-04T15:30:00Z
266,266,267,follows,0.57,104,2025-08-02T16:30:00Z,2026-05-04T14:30:00Z
267,267,268,follows,0.7,111,2025-08-01T16:30:00Z,2026-05-04T13:30:00Z
268,268,269,follows,0.83,118,2025-07-31T16:30:00Z,2026-05-04T12:30:00Z
269,269,270,follows,0.96,125,2025-07-30T16:30:00Z,2026-05-04T11:30:00Z
270,270,271,follows,0.43,132,2025-07-29T16:30:00Z,2026-05-04T10:30:00Z
271,271,272,follows,0.56,139,2025-07-28T16:30:00Z,2026-05-04T09:30:00Z
272,272,273,follows,0.69,146,2025-07-27T16:30:00Z,2026-05-04T08:30:00Z
273,273,274,follows,0.82,153,2025-07-26T16:30:00Z,2026-05-04T07:30:00Z
274,274,275,follows,0.95,160,2025-07-25T16:30:00Z,2026-05-04T06:30:00Z
275,275,276,follows,0.42,167,2025-07-24T16:30:00Z,2026-05-04T05:30:00Z
276,276,277,follows,0.55,174,2025-07-23T16:30:00Z,2026-05-04T04:30:00Z
277,277,278,follows,0.68,181,2025-07-22T16:30:00Z,2026-05-04T03:30:00Z
278,278,279,follows,0.81,188,2025-07-21T16:30:00Z,2026-05-04T02:30:00Z
279,279,280,follows,0.94,195,2025-07-20T16:30:00Z,2026-05-04T01:30:00Z
280,280,281,follows,0.41,202,2025-07-19T16:30:00Z,2026-05-04T00:30:00Z
281,281,282,follows,0.54,209,2025-07-18T16:30:00Z,2026-05-03T23:30:00Z
282,282,283,follows,0.67,216,2025-07-17T16:30:00Z,2026-05-03T22:30:00Z
283,283,284,follows,0.8,3,2025-07-16T16:30:00Z,2026-05-03T21:30:00Z
284,284,285,follows,0.93,10,2025-07-15T16:30:00Z,2026-05-03T20:30:00Z
285,285,286,follows,0.4,17,2025-07-14T16:30:00Z,2026-05-03T19:30:00Z
286,286,287,follows,0.53,24,2025-07-13T16:30:00Z,2026-05-03T18:30:00Z
287,287,288,follows,0.66,31,2025-07-12T16:30:00Z,2026-05-03T17:30:00Z
288,288,289,follows,0.79,38,2025-07-11T16:30:00Z,2026-05-03T16:30:00Z
289,289,290,follows,0.92,45,2025-07-10T16:30:00Z,2026-05-03T15:30:00Z
290,290,291,follows,0.39,52,2025-07-09T16:30:00Z,2026-05-03T14:30:00Z
291,291,292,follows,0.52,59,2025-07-08T16:30:00Z,2026-05-03T13:30:00Z
292,292,293,follows,0.65,66,2025-07-07T16:30:00Z,2026-05-03T12:30:00Z
293,293,294,follows,0.78,73,2025-07-06T16:30:00Z,2026-05-03T11:30:00Z
294,294,295,follows,0.91,80,2025-07-05T16:30:00Z,2026-05-03T10:30:00Z
295,295,296,follows,0.38,87,2025-07-04T16:30:00Z,2026-05-03T09:30:00Z
296,296,297,follows,0.51,94,2025-07-03T16:30:00Z,2026-05-03T08:30:00Z
297,297,298,follows,0.64,101,2025-07-02T16:30:00Z,2026-05-03T07:30:00Z
298,298,299,follows,0.77,108,2025-07-01T16:30:00Z,2026-05-03T06:30:00Z
299,299,300,follows,0.9,115,2025-06-30T16:30:00Z,2026-05-03T05:30:00Z
300,300,301,follows,0.37,122,2026-04-25T16:30:00Z,2026-05-03T04:30:00Z
301,301,302,follows,0.5,129,2026-04-24T16:30:00Z,2026-05-03T03:30:00Z
302,302,303,follows,0.63,136,2026-04-23T16:30:00Z,2026-05-03T02:30:00Z
303,303,304,follows,0.76,143,2026-04-22T16:30:00Z,2026-05-03T01:30:00Z
304,304,305,follows,0.89,150,2026-04-21T16:30:00Z,2026-05-03T00:30:00Z
305,305,306,follows,0.36,157,2026-04-20T16:30:00Z,2026-05-02T23:30:00Z
306,306,307,follows,0.49,164,2026-04-19T16:30:00Z,2026-05-02T22:30:00Z
307,307,308,follows,0.62,171,2026-04-18T16:30:00Z,2026-05-02T21:30:00Z
308,308,309,follows,0.75,178,2026-04-17T16:30:00Z,2026-05-02T20:30:00Z
309,309,310,follows,0.88,185,2026-04-16T16:30:00Z,2026-05-02T19:30:00Z
310,310,311,follows,0.35,192,2026-04-15T16:30:00Z,2026-05-02T18:30:00Z
311,311,312,follows,0.48,199,2026-04-14T16:30:00Z,2026-05-02T17:30:00Z
312,312,313,follows,0.61,206,2026-04-13T16:30:00Z,2026-05-02T16:30:00Z
313,313,314,follows,0.74,213,2026-04-12T16:30:00Z,2026-05-02T15:30:00Z
314,314,315,follows,0.87,220,2026-04-11T16:30:00Z,2026-05-02T14:30:00Z
315,315,316,follows,0.34,7,2026-04-10T16:30:00Z,2026-05-02T13:30:00Z
316,316,317,follows,0.47,14,2026-04-09T16:30:00Z,2026-05-02T12:30:00Z
317,317,318,follows,0.6,21,2026-04-08T16:30:00Z,2026-05-02T11:30:00Z
318,318,319,follows,0.73,28,2026-04-07T16:30:00Z,2026-05-02T10:30:00Z
319,319,320,follows,0.86,35,2026-04-06T16:30:00Z,2026-05-02T09:30:00Z
320,320,321,follows,0.33,42,2026-04-05T16:30:00Z,2026-05-02T08:30:00Z
321,321,322,follows,0.46,49,2026-04-04T16:30:00Z,2026-05-02T07:30:00Z
322,322,323,follows,0.59,56,2026-04-03T16:30:00Z,2026-05-02T06:30:00Z
323,323,324,follows,0.72,63,2026-04-02T16:30:00Z,2026-05-02T05:30:00Z
324,324,325,follows,0.85,70,2026-04-01T16:30:00Z,2026-05-02T04:30:00Z
325,325,326,follows,0.32,77,2026-03-31T16:30:00Z,2026-05-02T03:30:00Z
326,326,327,follows,0.45,84,2026-03-30T16:30:00Z,2026-05-02T02:30:00Z
327,327,328,follows,0.58,91,2026-03-29T16:30:00Z,2026-05-02T01:30:00Z
328,328,329,follows,0.71,98,2026-03-28T16:30:00Z,2026-05-02T00:30:00Z
329,329,330,follows,0.84,105,2026-03-27T16:30:00Z,2026-05-01T23:30:00Z
330,330,331,follows,0.31,112,2026-03-26T16:30:00Z,2026-05-01T22:30:00Z
331,331,332,follows,0.44,119,2026-03-25T16:30:00Z,2026-05-01T21:30:00Z
332,332,333,follows,0.57,126,2026-03-24T16:30:00Z,2026-05-01T20:30:00Z
333,333,334,follows,0.7,133,2026-03-23T16:30:00Z,2026-05-01T19:30:00Z
334,334,335,follows,0.83,140,2026-03-22T16:30:00Z,2026-05-01T18:30:00Z
335,335,336,follows,0.96,147,2026-03-21T16:30:00Z,2026-05-01T17:30:00Z
336,336,337,follows,0.43,154,2026-03-20T16:30:00Z,2026-05-01T16:30:00Z
337,337,338,follows,0.56,161,2026-03-19T16:30:00Z,2026-05-01T15:30:00Z
338,338,339,follows,0.69,168,2026-03-18T16:30:00Z,2026-05-01T14:30:00Z
339,339,340,follows,0.82,175,2026-03-17T16:30:00Z,2026-05-01T13:30:00Z
340,340,341,follows,0.95,182,2026-03-16T16:30:00Z,2026-05-01T12:30:00Z
341,341,342,follows,0.42,189,2026-03-15T16:30:00Z,2026-05-01T11:30:00Z
342,342,343,follows,0.55,196,2026-03-14T16:30:00Z,2026-05-01T10:30:00Z
343,343,344,follows,0.68,203,2026-03-13T16:30:00Z,2026-05-01T09:30:00Z
344,344,345,follows,0.81,210,2026-03-12T16:30:00Z,2026-05-01T08:30:00Z
345,345,346,follows,0.94,217,2026-03-11T16:30:00Z,2026-05-01T07:30:00Z
346,346,347,follows,0.41,4,2026-03-10T16:30:00Z,2026-05-01T06:30:00Z
347,347,348,follows,0.54,11,2026-03-09T16:30:00Z,2026-05-01T05:30:00Z
348,348,349,follows,0.67,18,2026-03-08T16:30:00Z,2026-05-01T04:30:00Z
349,349,350,follows,0.8,25,2026-03-07T16:30:00Z,2026-05-01T03:30:00Z
350,350,351,follows,0.93,32,2026-03-06T16:30:00Z,2026-05-01T02:30:00Z
351,351,352,follows,0.4,39,2026-03-05T16:30:00Z,2026-05-01T01:30:00Z
352,352,353,follows,0.53,46,2026-03-04T16:30:00Z,2026-05-01T00:30:00Z
353,353,354,follows,0.66,53,2026-03-03T16:30:00Z,2026-04-30T23:30:00Z
354,354,355,follows,0.79,60,2026-03-02T16:30:00Z,2026-04-30T22:30:00Z
355,355,356,follows,0.92,67,2026-03-01T16:30:00Z,2026-04-30T21:30:00Z
356,356,357,follows,0.39,74,2026-02-28T16:30:00Z,2026-04-30T20:30:00Z
357,357,358,follows,0.52,81,2026-02-27T16:30:00Z,2026-04-30T19:30:00Z
358,358,359,follows,0.65,88,2026-02-26T16:30:00Z,2026-04-30T18:30:00Z
359,359,360,follows,0.78,95,2026-02-25T16:30:00Z,2026-04-30T17:30:00Z
360,360,361,follows,0.91,102,2026-02-24T16:30:00Z,2026-05-05T16:30:00Z
361,361,362,follows,0.38,109,2026-02-23T16:30:00Z,2026-05-05T15:30:00Z
362,362,363,follows,0.51,116,2026-02-22T16:30:00Z,2026-05-05T14:30:00Z
363,363,364,follows,0.64,123,2026-02-21T16:30:00Z,2026-05-05T13:30:00Z
364,364,365,follows,0.77,130,2026-02-20T16:30:00Z,2026-05-05T12:30:00Z
365,365,366,follows,0.9,137,2026-02-19T16:30:00Z,2026-05-05T11:30:00Z
366,366,367,follows,0.37,144,2026-02-18T16:30:00Z,2026-05-05T10:30:00Z
367,367,368,follows,0.5,151,2026-02-17T16:30:00Z,2026-05-05T09:30:00Z
368,368,369,follows,0.63,158,2026-02-16T16:30:00Z,2026-05-05T08:30:00Z
369,369,370,follows,0.76,165,2026-02-15T16:30:00Z,2026-05-05T07:30:00Z
370,370,371,follows,0.89,172,2026-02-14T16:30:00Z,2026-05-05T06:30:00Z
371,371,372,follows,0.36,179,2026-02-13T16:30:00Z,2026-05-05T05:30:00Z
372,372,373,follows,0.49,186,2026-02-12T16:30:00Z,2026-05-05T04:30:00Z
373,373,374,follows,0.62,193,2026-02-11T16:30:00Z,2026-05-05T03:30:00Z
374,374,375,follows,0.75,200,2026-02-10T16:30:00Z,2026-05-05T02:30:00Z
375,375,376,follows,0.88,207,2026-02-09T16:30:00Z,2026-05-05T01:30:00Z
376,376,377,follows,0.35,214,2026-02-08T16:30:00Z,2026-05-05T00:30:00Z
377,377,378,follows,0.48,221,2026-02-07T16:30:00Z,2026-05-04T23:30:00Z
378,378,379,follows,0.61,8,2026-02-06T16:30:00Z,2026-05-04T22:30:00Z
379,379,380,follows,0.74,15,2026-02-05T16:30:00Z,2026-05-04T21:30:00Z
380,380,381,follows,0.87,22,2026-02-04T16:30:00Z,2026-05-04T20:30:00Z
381,381,382,follows,0.34,29,2026-02-03T16:30:00Z,2026-05-04T19:30:00Z
382,382,383,follows,0.47,36,2026-02-02T16:30:00Z,2026-05-04T18:30:00Z
383,383,384,follows,0.6,43,2026-02-01T16:30:00Z,2026-05-04T17:30:00Z
384,384,385,follows,0.73,50,2026-01-31T16:30:00Z,2026-05-04T16:30:00Z
385,385,386,follows,0.86,57,2026-01-30T16:30:00Z,2026-05-04T15:30:00Z
386,386,387,follows,0.33,64,2026-01-29T16:30:00Z,2026-05-04T14:30:00Z
387,387,388,follows,0.46,71,2026-01-28T16:30:00Z,2026-05-04T13:30:00Z
388,388,389,follows,0.59,78,2026-01-27T16:30:00Z,2026-05-04T12:30:00Z
389,389,390,follows,0.72,85,2026-01-26T16:30:00Z,2026-05-04T11:30:00Z
390,390,391,follows,0.85,92,2026-01-25T16:30:00Z,2026-05-04T10:30:00Z
391,391,392,follows,0.32,99,2026-01-24T16:30:00Z,2026-05-04T09:30:00Z
392,392,393,follows,0.45,106,2026-01-23T16:30:00Z,2026-05-04T08:30:00Z
393,393,394,follows,0.58,113,2026-01-22T16:30:00Z,2026-05-04T07:30:00Z
394,394,395,follows,0.71,120,2026-01-21T16:30:00Z,2026-05-04T06:30:00Z
395,395,396,follows,0.84,127,2026-01-20T16:30:00Z,2026-05-04T05:30:00Z
396,396,397,follows,0.31,134,2026-01-19T16:30:00Z,2026-05-04T04:30:00Z
397,397,398,follows,0.44,141,2026-01-18T16:30:00Z,2026-05-04T03:30:00Z
398,398,399,follows,0.57,148,2026-01-17T16:30:00Z,2026-05-04T02:30:00Z
399,399,400,follows,0.7,155,2026-01-16T16:30:00Z,2026-05-04T01:30:00Z
400,400,401,follows,0.83,162,2026-01-15T16:30:00Z,2026-05-04T00:30:00Z
401,401,402,follows,0.96,169,2026-01-14T16:30:00Z,2026-05-03T23:30:00Z
402,402,403,follows,0.43,176,2026-01-13T16:30:00Z,2026-05-03T22:30:00Z
403,403,404,follows,0.56,183,2026-01-12T16:30:00Z,2026-05-03T21:30:00Z
404,404,405,follows,0.69,190,2026-01-11T16:30:00Z,2026-05-03T20:30:00Z
405,405,406,follows,0.82,197,2026-01-10T16:30:00Z,2026-05-03T19:30:00Z
406,406,407,follows,0.95,204,2026-01-09T16:30:00Z,2026-05-03T18:30:00Z
407,407,408,follows,0.42,211,2026-01-08T16:30:00Z,2026-05-03T17:30:00Z
408,408,409,follows,0.55,218,2026-01-07T16:30:00Z,2026-05-03T16:30:00Z
409,409,410,follows,0.68,5,2026-01-06T16:30:00Z,2026-05-03T15:30:00Z
410,410,411,follows,0.81,12,2026-01-05T16:30:00Z,2026-05-03T14:30:00Z
411,411,412,follows,0.94,19,2026-01-04T16:30:00Z,2026-05-03T13:30:00Z
412,412,413,follows,0.41,26,2026-01-03T16:30:00Z,2026-05-03T12:30:00Z
413,413,414,follows,0.54,33,2026-01-02T16:30:00Z,2026-05-03T11:30:00Z
414,414,415,follows,0.67,40,2026-01-01T16:30:00Z,2026-05-03T10:30:00Z
415,415,416,follows,0.8,47,2025-12-31T16:30:00Z,2026-05-03T09:30:00Z
416,416,417,follows,0.93,54,2025-12-30T16:30:00Z,2026-05-03T08:30:00Z
417,417,418,follows,0.4,61,2025-12-29T16:30:00Z,2026-05-03T07:30:00Z
418,418,419,follows,0.53,68,2025-12-28T16:30:00Z,2026-05-03T06:30:00Z
419,419,420,follows,0.66,75,2025-12-27T16:30:00Z,2026-05-03T05:30:00Z
420,420,421,follows,0.79,82,2025-12-26T16:30:00Z,2026-05-03T04:30:00Z
421,421,422,follows,0.92,89,2025-12-25T16:30:00Z,2026-05-03T03:30:00Z
422,422,423,follows,0.39,96,2025-12-24T16:30:00Z,2026-05-03T02:30:00Z
423,423,424,follows,0.52,103,2025-12-23T16:30:00Z,2026-05-03T01:30:00Z
424,424,425,follows,0.65,110,2025-12-22T16:30:00Z,2026-05-03T00:30:00Z
425,425,426,follows,0.78,117,2025-12-21T16:30:00Z,2026-05-02T23:30:00Z
426,426,427,follows,0.91,124,2025-12-20T16:30:00Z,2026-05-02T22:30:00Z
427,427,428,follows,0.38,131,2025-12-19T16:30:00Z,2026-05-02T21:30:00Z
428,428,429,follows,0.51,138,2025-12-18T16:30:00Z,2026-05-02T20:30:00Z
429,429,430,follows,0.64,145,2025-12-17T16:30:00Z,2026-05-02T19:30:00Z
430,430,431,follows,0.77,152,2025-12-16T16:30:00Z,2026-05-02T18:30:00Z
431,431,432,follows,0.9,159,2025-12-15T16:30:00Z,2026-05-02T17:30:00Z
432,432,433,follows,0.37,166,2025-12-14T16:30:00Z,2026-05-02T16:30:00Z
433,433,434,follows,0.5,173,2025-12-13T16:30:00Z,2026-05-02T15:30:00Z
434,434,435,follows,0.63,180,2025-12-12T16:30:00Z,2026-05-02T14:30:00Z
435,435,436,follows,0.76,187,2025-12-11T16:30:00Z,2026-05-02T13:30:00Z
436,436,437,follows,0.89,194,2025-12-10T16:30:00Z,2026-05-02T12:30:00Z
437,437,438,follows,0.36,201,2025-12-09T16:30:00Z,2026-05-02T11:30:00Z
438,438,439,follows,0.49,208,2025-12-08T16:30:00Z,2026-05-02T10:30:00Z
439,439,440,follows,0.62,215,2025-12-07T16:30:00Z,2026-05-02T09:30:00Z
440,440,441,follows,0.75,2,2025-12-06T16:30:00Z,2026-05-02T08:30:00Z
441,441,442,follows,0.88,9,2025-12-05T16:30:00Z,2026-05-02T07:30:00Z
442,442,443,follows,0.35,16,2025-12-04T16:30:00Z,2026-05-02T06:30:00Z
443,443,444,follows,0.48,23,2025-12-03T16:30:00Z,2026-05-02T05:30:00Z
444,444,445,follows,0.61,30,2025-12-02T16:30:00Z,2026-05-02T04:30:00Z
445,445,446,follows,0.74,37,2025-12-01T16:30:00Z,2026-05-02T03:30:00Z
446,446,447,follows,0.87,44,2025-11-30T16:30:00Z,2026-05-02T02:30:00Z
447,447,448,follows,0.34,51,2025-11-29T16:30:00Z,2026-05-02T01:30:00Z
448,448,449,follows,0.47,58,2025-11-28T16:30:00Z,2026-05-02T00:30:00Z
449,449,450,follows,0.6,65,2025-11-27T16:30:00Z,2026-05-01T23:30:00Z
450,450,451,follows,0.73,72,2025-11-26T16:30:00Z,2026-05-01T22:30:00Z
451,451,452,follows,0.86,79,2025-11-25T16:30:00Z,2026-05-01T21:30:00Z
452,452,453,follows,0.33,86,2025-11-24T16:30:00Z,2026-05-01T20:30:00Z
453,453,454,follows,0.46,93,2025-11-23T16:30:00Z,2026-05-01T19:30:00Z
454,454,455,follows,0.59,100,2025-11-22T16:30:00Z,2026-05-01T18:30:00Z
455,455,456,follows,0.72,107,2025-11-21T16:30:00Z,2026-05-01T17:30:00Z
456,456,457,follows,0.85,114,2025-11-20T16:30:00Z,2026-05-01T16:30:00Z
457,457,458,follows,0.32,121,2025-11-19T16:30:00Z,2026-05-01T15:30:00Z
458,458,459,follows,0.45,128,2025-11-18T16:30:00Z,2026-05-01T14:30:00Z
459,459,460,follows,0.58,135,2025-11-17T16:30:00Z,2026-05-01T13:30:00Z
460,460,461,follows,0.71,142,2025-11-16T16:30:00Z,2026-05-01T12:30:00Z
461,461,462,follows,0.84,149,2025-11-15T16:30:00Z,2026-05-01T11:30:00Z
462,462,463,follows,0.31,156,2025-11-14T16:30:00Z,2026-05-01T10:30:00Z
463,463,464,follows,0.44,163,2025-11-13T16:30:00Z,2026-05-01T09:30:00Z
464,464,465,follows,0.57,170,2025-11-12T16:30:00Z,2026-05-01T08:30:00Z
465,465,466,follows,0.7,177,2025-11-11T16:30:00Z,2026-05-01T07:30:00Z
466,466,467,follows,0.83,184,2025-11-10T16:30:00Z,2026-05-01T06:30:00Z
467,467,468,follows,0.96,191,2025-11-09T16:30:00Z,2026-05-01T05:30:00Z
468,468,469,follows,0.43,198,2025-11-08T16:30:00Z,2026-05-01T04:30:00Z
469,469,470,follows,0.56,205,2025-11-07T16:30:00Z,2026-05-01T03:30:00Z
470,470,471,follows,0.69,212,2025-11-06T16:30:00Z,2026-05-01T02:30:00Z
471,471,472,follows,0.82,219,2025-11-05T16:30:00Z,2026-05-01T01:30:00Z
472,472,473,follows,0.95,6,2025-11-04T16:30:00Z,2026-05-01T00:30:00Z
473,473,474,follows,0.42,13,2025-11-03T16:30:00Z,2026-04-30T23:30:00Z
474,474,475,follows,0.55,20,2025-11-02T16:30:00Z,2026-04-30T22:30:00Z
475,475,476,follows,0.68,27,2025-11-01T16:30:00Z,2026-04-30T21:30:00Z
476,476,477,follows,0.81,34,2025-10-31T16:30:00Z,2026-04-30T20:30:00Z
477,477,478,follows,0.94,41,2025-10-30T16:30:00Z,2026-04-30T19:30:00Z
478,478,479,follows,0.41,48,2025-10-29T16:30:00Z,2026-04-30T18:30:00Z
479,479,480,follows,0.54,55,2025-10-28T16:30:00Z,2026-04-30T17:30:00Z
480,480,481,follows,0.67,62,2025-10-27T16:30:00Z,2026-05-05T16:30:00Z
481,481,482,follows,0.8,69,2025-10-26T16:30:00Z,2026-05-05T15:30:00Z
482,482,483,follows,0.93,76,2025-10-25T16:30:00Z,2026-05-05T14:30:00Z
483,483,1,follows,0.4,83,2025-10-24T16:30:00Z,2026-05-05T13:30:00Z
484,1,4,follows,0.53,90,2025-10-23T16:30:00Z,2026-05-05T12:30:00Z
485,2,5,follows,0.66,97,2025-10-22T16:30:00Z,2026-05-05T11:30:00Z
486,3,6,follows,0.79,104,2025-10-21T16:30:00Z,2026-05-05T10:30:00Z
487,4,7,follows,0.92,111,2025-10-20T16:30:00Z,2026-05-05T09:30:00Z
488,5,8,follows,0.39,118,2025-10-19T16:30:00Z,2026-05-05T08:30:00Z
489,6,9,follows,0.52,125,2025-10-18T16:30:00Z,2026-05-05T07:30:00Z
490,7,10,follows,0.65,132,2025-10-17T16:30:00Z,2026-05-05T06:30:00Z
491,8,11,follows,0.78,139,2025-10-16T16:30:00Z,2026-05-05T05:30:00Z
492,9,12,follows,0.91,146,2025-10-15T16:30:00Z,2026-05-05T04:30:00Z
493,10,13,follows,0.38,153,2025-10-14T16:30:00Z,2026-05-05T03:30:00Z
494,11,14,follows,0.51,160,2025-10-13T16:30:00Z,2026-05-05T02:30:00Z
495,12,15,follows,0.64,167,2025-10-12T16:30:00Z,2026-05-05T01:30:00Z
496,13,16,follows,0.77,174,2025-10-11T16:30:00Z,2026-05-05T00:30:00Z
497,14,17,follows,0.9,181,2025-10-10T16:30:00Z,2026-05-04T23:30:00Z
498,15,18,follows,0.37,188,2025-10-09T16:30:00Z,2026-05-04T22:30:00Z
499,16,19,follows,0.5,195,2025-10-08T16:30:00Z,2026-05-04T21:30:00Z
500,17,20,follows,0.63,202,2025-10-07T16:30:00Z,2026-05-04T20:30:00Z
501,18,21,follows,0.76,209,2025-10-06T16:30:00Z,2026-05-04T19:30:00Z
502,19,22,follows,0.89,216,2025-10-05T16:30:00Z,2026-05-04T18:30:00Z
503,20,23,follows,0.36,3,2025-10-04T16:30:00Z,2026-05-04T17:30:00Z
504,21,24,follows,0.49,10,2025-10-03T16:30:00Z,2026-05-04T16:30:00Z
505,22,25,follows,0.62,17,2025-10-02T16:30:00Z,2026-05-04T15:30:00Z
506,23,26,follows,0.75,24,2025-10-01T16:30:00Z,2026-05-04T14:30:00Z
507,24,27,follows,0.88,31,2025-09-30T16:30:00Z,2026-05-04T13:30:00Z
508,25,28,follows,0.35,38,2025-09-29T16:30:00Z,2026-05-04T12:30:00Z
509,26,29,follows,0.48,45,2025-09-28T16:30:00Z,2026-05-04T11:30:00Z
510,27,30,follows,0.61,52,2025-09-27T16:30:00Z,2026-05-04T10:30:00Z
511,28,31,follows,0.74,59,2025-09-26T16:30:00Z,2026-05-04T09:30:00Z
512,29,32,follows,0.87,66,2025-09-25T16:30:00Z,2026-05-04T08:30:00Z
513,30,33,follows,0.34,73,2025-09-24T16:30:00Z,2026-05-04T07:30:00Z
514,31,34,follows,0.47,80,2025-09-23T16:30:00Z,2026-05-04T06:30:00Z
515,32,35,follows,0.6,87,2025-09-22T16:30:00Z,2026-05-04T05:30:00Z
516,33,36,follows,0.73,94,2025-09-21T16:30:00Z,2026-05-04T04:30:00Z
517,34,37,follows,0.86,101,2025-09-20T16:30:00Z,2026-05-04T03:30:00Z
518,35,38,follows,0.33,108,2025-09-19T16:30:00Z,2026-05-04T02:30:00Z
519,36,39,follows,0.46,115,2025-09-18T16:30:00Z,2026-05-04T01:30:00Z
520,37,40,follows,0.59,122,2025-09-17T16:30:00Z,2026-05-04T00:30:00Z
521,38,41,follows,0.72,129,2025-09-16T16:30:00Z,2026-05-03T23:30:00Z
522,39,42,follows,0.85,136,2025-09-15T16:30:00Z,2026-05-03T22:30:00Z
523,40,43,follows,0.32,143,2025-09-14T16:30:00Z,2026-05-03T21:30:00Z
524,41,44,follows,0.45,150,2025-09-13T16:30:00Z,2026-05-03T20:30:00Z
525,42,45,follows,0.58,157,2025-09-12T16:30:00Z,2026-05-03T19:30:00Z
526,43,46,follows,0.71,164,2025-09-11T16:30:00Z,2026-05-03T18:30:00Z
527,44,47,follows,0.84,171,2025-09-10T16:30:00Z,2026-05-03T17:30:00Z
528,45,48,follows,0.31,178,2025-09-09T16:30:00Z,2026-05-03T16:30:00Z
529,46,49,follows,0.44,185,2025-09-08T16:30:00Z,2026-05-03T15:30:00Z
530,47,50,follows,0.57,192,2025-09-07T16:30:00Z,2026-05-03T14:30:00Z
531,48,51,follows,0.7,199,2025-09-06T16:30:00Z,2026-05-03T13:30:00Z
532,49,52,follows,0.83,206,2025-09-05T16:30:00Z,2026-05-03T12:30:00Z
533,50,53,follows,0.96,213,2025-09-04T16:30:00Z,2026-05-03T11:30:00Z
534,51,54,follows,0.43,220,2025-09-03T16:30:00Z,2026-05-03T10:30:00Z
535,52,55,follows,0.56,7,2025-09-02T16:30:00Z,2026-05-03T09:30:00Z
536,53,56,follows,0.69,14,2025-09-01T16:30:00Z,2026-05-03T08:30:00Z
537,54,57,follows,0.82,21,2025-08-31T16:30:00Z,2026-05-03T07:30:00Z
538,55,58,follows,0.95,28,2025-08-30T16:30:00Z,2026-05-03T06:30:00Z
539,56,59,follows,0.42,35,2025-08-29T16:30:00Z,2026-05-03T05:30:00Z
540,57,60,follows,0.55,42,2025-08-28T16:30:00Z,2026-05-03T04:30:00Z
541,58,61,follows,0.68,49,2025-08-27T16:30:00Z,2026-05-03T03:30:00Z
542,59,62,follows,0.81,56,2025-08-26T16:30:00Z,2026-05-03T02:30:00Z
543,60,63,follows,0.94,63,2025-08-25T16:30:00Z,2026-05-03T01:30:00Z
544,61,64,follows,0.41,70,2025-08-24T16:30:00Z,2026-05-03T00:30:00Z
545,62,65,follows,0.54,77,2025-08-23T16:30:00Z,2026-05-02T23:30:00Z
546,63,66,follows,0.67,84,2025-08-22T16:30:00Z,2026-05-02T22:30:00Z
547,64,67,follows,0.8,91,2025-08-21T16:30:00Z,2026-05-02T21:30:00Z
548,65,68,follows,0.93,98,2025-08-20T16:30:00Z,2026-05-02T20:30:00Z
549,66,69,follows,0.4,105,2025-08-19T16:30:00Z,2026-05-02T19:30:00Z
550,67,70,follows,0.53,112,2025-08-18T16:30:00Z,2026-05-02T18:30:00Z
551,68,71,follows,0.66,119,2025-08-17T16:30:00Z,2026-05-02T17:30:00Z
552,69,72,follows,0.79,126,2025-08-16T16:30:00Z,2026-05-02T16:30:00Z
553,70,73,follows,0.92,133,2025-08-15T16:30:00Z,2026-05-02T15:30:00Z
554,71,74,follows,0.39,140,2025-08-14T16:30:00Z,2026-05-02T14:30:00Z
555,72,75,follows,0.52,147,2025-08-13T16:30:00Z,2026-05-02T13:30:00Z
556,73,76,follows,0.65,154,2025-08-12T16:30:00Z,2026-05-02T12:30:00Z
557,74,77,follows,0.78,161,2025-08-11T16:30:00Z,2026-05-02T11:30:00Z
558,75,78,follows,0.91,168,2025-08-10T16:30:00Z,2026-05-02T10:30:00Z
559,76,79,follows,0.38,175,2025-08-09T16:30:00Z,2026-05-02T09:30:00Z
560,77,80,follows,0.51,182,2025-08-08T16:30:00Z,2026-05-02T08:30:00Z
561,78,81,follows,0.64,189,2025-08-07T16:30:00Z,2026-05-02T07:30:00Z
562,79,82,follows,0.77,196,2025-08-06T16:30:00Z,2026-05-02T06:30:00Z
563,80,83,follows,0.9,203,2025-08-05T16:30:00Z,2026-05-02T05:30:00Z
564,81,84,follows,0.37,210,2025-08-04T16:30:00Z,2026-05-02T04:30:00Z
565,82,85,follows,0.5,217,2025-08-03T16:30:00Z,2026-05-02T03:30:00Z
566,83,86,follows,0.63,4,2025-08-02T16:30:00Z,2026-05-02T02:30:00Z
567,84,87,follows,0.76,11,2025-08-01T16:30:00Z,2026-05-02T01:30:00Z
568,85,88,follows,0.89,18,2025-07-31T16:30:00Z,2026-05-02T00:30:00Z
569,86,89,follows,0.36,25,2025-07-30T16:30:00Z,2026-05-01T23:30:00Z
570,87,90,follows,0.49,32,2025-07-29T16:30:00Z,2026-05-01T22:30:00Z
571,88,91,follows,0.62,39,2025-07-28T16:30:00Z,2026-05-01T21:30:00Z
572,89,92,follows,0.75,46,2025-07-27T16:30:00Z,2026-05-01T20:30:00Z
573,90,93,follows,0.88,53,2025-07-26T16:30:00Z,2026-05-01T19:30:00Z
574,91,94,follows,0.35,60,2025-07-25T16:30:00Z,2026-05-01T18:30:00Z
575,92,95,follows,0.48,67,2025-07-24T16:30:00Z,2026-05-01T17:30:00Z
576,93,96,follows,0.61,74,2025-07-23T16:30:00Z,2026-05-01T16:30:00Z
577,94,97,follows,0.74,81,2025-07-22T16:30:00Z,2026-05-01T15:30:00Z
578,95,98,follows,0.87,88,2025-07-21T16:30:00Z,2026-05-01T14:30:00Z
579,96,99,follows,0.34,95,2025-07-20T16:30:00Z,2026-05-01T13:30:00Z
580,97,100,follows,0.47,102,2025-07-19T16:30:00Z,2026-05-01T12:30:00Z
581,98,101,follows,0.6,109,2025-07-18T16:30:00Z,2026-05-01T11:30:00Z
582,99,102,follows,0.73,116,2025-07-17T16:30:00Z,2026-05-01T10:30:00Z
583,100,103,follows,0.86,123,2025-07-16T16:30:00Z,2026-05-01T09:30:00Z
584,101,104,follows,0.33,130,2025-07-15T16:30:00Z,2026-05-01T08:30:00Z
585,102,105,follows,0.46,137,2025-07-14T16:30:00Z,2026-05-01T07:30:00Z
586,103,106,follows,0.59,144,2025-07-13T16:30:00Z,2026-05-01T06:30:00Z
587,104,107,follows,0.72,151,2025-07-12T16:30:00Z,2026-05-01T05:30:00Z
588,105,108,follows,0.85,158,2025-07-11T16:30:00Z,2026-05-01T04:30:00Z
589,106,109,follows,0.32,165,2025-07-10T16:30:00Z,2026-05-01T03:30:00Z
590,107,110,follows,0.45,172,2025-07-09T16:30:00Z,2026-05-01T02:30:00Z
591,108,111,follows,0.58,179,2025-07-08T16:30:00Z,2026-05-01T01:30:00Z
592,109,112,follows,0.71,186,2025-07-07T16:30:00Z,2026-05-01T00:30:00Z
593,110,113,follows,0.84,193,2025-07-06T16:30:00Z,2026-04-30T23:30:00Z
594,111,114,follows,0.31,200,2025-07-05T16:30:00Z,2026-04-30T22:30:00Z
595,112,115,follows,0.44,207,2025-07-04T16:30:00Z,2026-04-30T21:30:00Z
596,113,116,follows,0.57,214,2025-07-03T16:30:00Z,2026-04-30T20:30:00Z
597,114,117,follows,0.7,221,2025-07-02T16:30:00Z,2026-04-30T19:30:00Z
598,115,118,follows,0.83,8,2025-07-01T16:30:00Z,2026-04-30T18:30:00Z
599,116,119,follows,0.96,15,2025-06-30T16:30:00Z,2026-04-30T17:30:00Z
600,117,120,follows,0.43,22,2026-04-25T16:30:00Z,2026-05-05T16:30:00Z
601,118,121,follows,0.56,29,2026-04-24T16:30:00Z,2026-05-05T15:30:00Z
602,119,122,follows,0.69,36,2026-04-23T16:30:00Z,2026-05-05T14:30:00Z
603,120,123,follows,0.82,43,2026-04-22T16:30:00Z,2026-05-05T13:30:00Z
604,121,124,follows,0.95,50,2026-04-21T16:30:00Z,2026-05-05T12:30:00Z
605,122,125,follows,0.42,57,2026-04-20T16:30:00Z,2026-05-05T11:30:00Z
606,123,126,follows,0.55,64,2026-04-19T16:30:00Z,2026-05-05T10:30:00Z
607,124,127,follows,0.68,71,2026-04-18T16:30:00Z,2026-05-05T09:30:00Z
608,125,128,follows,0.81,78,2026-04-17T16:30:00Z,2026-05-05T08:30:00Z
609,126,129,follows,0.94,85,2026-04-16T16:30:00Z,2026-05-05T07:30:00Z
610,127,130,follows,0.41,92,2026-04-15T16:30:00Z,2026-05-05T06:30:00Z
611,128,131,follows,0.54,99,2026-04-14T16:30:00Z,2026-05-05T05:30:00Z
612,129,132,follows,0.67,106,2026-04-13T16:30:00Z,2026-05-05T04:30:00Z
613,130,133,follows,0.8,113,2026-04-12T16:30:00Z,2026-05-05T03:30:00Z
614,131,134,follows,0.93,120,2026-04-11T16:30:00Z,2026-05-05T02:30:00Z
615,132,135,follows,0.4,127,2026-04-10T16:30:00Z,2026-05-05T01:30:00Z
616,133,136,follows,0.53,134,2026-04-09T16:30:00Z,2026-05-05T00:30:00Z
617,134,137,follows,0.66,141,2026-04-08T16:30:00Z,2026-05-04T23:30:00Z
618,135,138,follows,0.79,148,2026-04-07T16:30:00Z,2026-05-04T22:30:00Z
619,136,139,follows,0.92,155,2026-04-06T16:30:00Z,2026-05-04T21:30:00Z
620,137,140,follows,0.39,162,2026-04-05T16:30:00Z,2026-05-04T20:30:00Z
621,138,141,follows,0.52,169,2026-04-04T16:30:00Z,2026-05-04T19:30:00Z
622,139,142,follows,0.65,176,2026-04-03T16:30:00Z,2026-05-04T18:30:00Z
623,140,143,follows,0.78,183,2026-04-02T16:30:00Z,2026-05-04T17:30:00Z
624,141,144,follows,0.91,190,2026-04-01T16:30:00Z,2026-05-04T16:30:00Z
625,142,145,follows,0.38,197,2026-03-31T16:30:00Z,2026-05-04T15:30:00Z
626,143,146,follows,0.51,204,2026-03-30T16:30:00Z,2026-05-04T14:30:00Z
627,144,147,follows,0.64,211,2026-03-29T16:30:00Z,2026-05-04T13:30:00Z
628,145,148,follows,0.77,218,2026-03-28T16:30:00Z,2026-05-04T12:30:00Z
629,146,149,follows,0.9,5,2026-03-27T16:30:00Z,2026-05-04T11:30:00Z
630,147,150,follows,0.37,12,2026-03-26T16:30:00Z,2026-05-04T10:30:00Z
631,148,151,follows,0.5,19,2026-03-25T16:30:00Z,2026-05-04T09:30:00Z
632,149,152,follows,0.63,26,2026-03-24T16:30:00Z,2026-05-04T08:30:00Z
633,150,153,follows,0.76,33,2026-03-23T16:30:00Z,2026-05-04T07:30:00Z
634,151,154,follows,0.89,40,2026-03-22T16:30:00Z,2026-05-04T06:30:00Z
635,152,155,follows,0.36,47,2026-03-21T16:30:00Z,2026-05-04T05:30:00Z
636,153,156,follows,0.49,54,2026-03-20T16:30:00Z,2026-05-04T04:30:00Z
637,154,157,follows,0.62,61,2026-03-19T16:30:00Z,2026-05-04T03:30:00Z
638,155,158,follows,0.75,68,2026-03-18T16:30:00Z,2026-05-04T02:30:00Z
639,156,159,follows,0.88,75,2026-03-17T16:30:00Z,2026-05-04T01:30:00Z
640,157,160,follows,0.35,82,2026-03-16T16:30:00Z,2026-05-04T00:30:00Z
641,158,161,follows,0.48,89,2026-03-15T16:30:00Z,2026-05-03T23:30:00Z
642,159,162,follows,0.61,96,2026-03-14T16:30:00Z,2026-05-03T22:30:00Z
643,160,163,follows,0.74,103,2026-03-13T16:30:00Z,2026-05-03T21:30:00Z
644,161,164,follows,0.87,110,2026-03-12T16:30:00Z,2026-05-03T20:30:00Z
645,162,165,follows,0.34,117,2026-03-11T16:30:00Z,2026-05-03T19:30:00Z
646,163,166,follows,0.47,124,2026-03-10T16:30:00Z,2026-05-03T18:30:00Z
647,164,167,follows,0.6,131,2026-03-09T16:30:00Z,2026-05-03T17:30:00Z
648,165,168,follows,0.73,138,2026-03-08T16:30:00Z,2026-05-03T16:30:00Z
649,166,169,follows,0.86,145,2026-03-07T16:30:00Z,2026-05-03T15:30:00Z
650,167,170,follows,0.33,152,2026-03-06T16:30:00Z,2026-05-03T14:30:00Z
651,168,171,follows,0.46,159,2026-03-05T16:30:00Z,2026-05-03T13:30:00Z
652,169,172,follows,0.59,166,2026-03-04T16:30:00Z,2026-05-03T12:30:00Z
653,170,173,follows,0.72,173,2026-03-03T16:30:00Z,2026-05-03T11:30:00Z
654,171,174,follows,0.85,180,2026-03-02T16:30:00Z,2026-05-03T10:30:00Z
655,172,175,follows,0.32,187,2026-03-01T16:30:00Z,2026-05-03T09:30:00Z
656,173,176,follows,0.45,194,2026-02-28T16:30:00Z,2026-05-03T08:30:00Z
657,174,177,follows,0.58,201,2026-02-27T16:30:00Z,2026-05-03T07:30:00Z
658,175,178,follows,0.71,208,2026-02-26T16:30:00Z,2026-05-03T06:30:00Z
659,176,179,follows,0.84,215,2026-02-25T16:30:00Z,2026-05-03T05:30:00Z
660,177,180,follows,0.31,2,2026-02-24T16:30:00Z,2026-05-03T04:30:00Z
661,178,181,follows,0.44,9,2026-02-23T16:30:00Z,2026-05-03T03:30:00Z
662,179,182,follows,0.57,16,2026-02-22T16:30:00Z,2026-05-03T02:30:00Z
663,180,183,follows,0.7,23,2026-02-21T16:30:00Z,2026-05-03T01:30:00Z
664,181,184,follows,0.83,30,2026-02-20T16:30:00Z,2026-05-03T00:30:00Z
665,182,185,follows,0.96,37,2026-02-19T16:30:00Z,2026-05-02T23:30:00Z
666,183,186,follows,0.43,44,2026-02-18T16:30:00Z,2026-05-02T22:30:00Z
667,184,187,follows,0.56,51,2026-02-17T16:30:00Z,2026-05-02T21:30:00Z
668,185,188,follows,0.69,58,2026-02-16T16:30:00Z,2026-05-02T20:30:00Z
669,186,189,follows,0.82,65,2026-02-15T16:30:00Z,2026-05-02T19:30:00Z
670,187,190,follows,0.95,72,2026-02-14T16:30:00Z,2026-05-02T18:30:00Z
671,188,191,follows,0.42,79,2026-02-13T16:30:00Z,2026-05-02T17:30:00Z
672,189,192,follows,0.55,86,2026-02-12T16:30:00Z,2026-05-02T16:30:00Z
673,190,193,follows,0.68,93,2026-02-11T16:30:00Z,2026-05-02T15:30:00Z
674,191,194,follows,0.81,100,2026-02-10T16:30:00Z,2026-05-02T14:30:00Z
675,192,195,follows,0.94,107,2026-02-09T16:30:00Z,2026-05-02T13:30:00Z
676,193,196,follows,0.41,114,2026-02-08T16:30:00Z,2026-05-02T12:30:00Z
677,194,197,follows,0.54,121,2026-02-07T16:30:00Z,2026-05-02T11:30:00Z
678,195,198,follows,0.67,128,2026-02-06T16:30:00Z,2026-05-02T10:30:00Z
679,196,199,follows,0.8,135,2026-02-05T16:30:00Z,2026-05-02T09:30:00Z
680,197,200,follows,0.93,142,2026-02-04T16:30:00Z,2026-05-02T08:30:00Z
681,198,201,follows,0.4,149,2026-02-03T16:30:00Z,2026-05-02T07:30:00Z
682,199,202,follows,0.53,156,2026-02-02T16:30:00Z,2026-05-02T06:30:00Z
683,200,203,follows,0.66,163,2026-02-01T16:30:00Z,2026-05-02T05:30:00Z
684,201,204,follows,0.79,170,2026-01-31T16:30:00Z,2026-05-02T04:30:00Z
685,202,205,follows,0.92,177,2026-01-30T16:30:00Z,2026-05-02T03:30:00Z
686,203,206,follows,0.39,184,2026-01-29T16:30:00Z,2026-05-02T02:30:00Z
687,204,207,follows,0.52,191,2026-01-28T16:30:00Z,2026-05-02T01:30:00Z
688,205,208,follows,0.65,198,2026-01-27T16:30:00Z,2026-05-02T00:30:00Z
689,206,209,follows,0.78,205,2026-01-26T16:30:00Z,2026-05-01T23:30:00Z
690,207,210,follows,0.91,212,2026-01-25T16:30:00Z,2026-05-01T22:30:00Z
691,208,211,follows,0.38,219,2026-01-24T16:30:00Z,2026-05-01T21:30:00Z
692,209,212,follows,0.51,6,2026-01-23T16:30:00Z,2026-05-01T20:30:00Z
693,210,213,follows,0.64,13,2026-01-22T16:30:00Z,2026-05-01T19:30:00Z
694,211,214,follows,0.77,20,2026-01-21T16:30:00Z,2026-05-01T18:30:00Z
695,212,215,follows,0.9,27,2026-01-20T16:30:00Z,2026-05-01T17:30:00Z
696,213,216,follows,0.37,34,2026-01-19T16:30:00Z,2026-05-01T16:30:00Z
697,214,217,follows,0.5,41,2026-01-18T16:30:00Z,2026-05-01T15:30:00Z
698,215,218,follows,0.63,48,2026-01-17T16:30:00Z,2026-05-01T14:30:00Z
699,216,219,follows,0.76,55,2026-01-16T16:30:00Z,2026-05-01T13:30:00Z
700,217,220,follows,0.89,62,2026-01-15T16:30:00Z,2026-05-01T12:30:00Z
701,218,221,follows,0.36,69,2026-01-14T16:30:00Z,2026-05-01T11:30:00Z
702,219,222,follows,0.49,76,2026-01-13T16:30:00Z,2026-05-01T10:30:00Z
703,220,223,follows,0.62,83,2026-01-12T16:30:00Z,2026-05-01T09:30:00Z
704,221,224,follows,0.75,90,2026-01-11T16:30:00Z,2026-05-01T08:30:00Z
705,222,225,follows,0.88,97,2026-01-10T16:30:00Z,2026-05-01T07:30:00Z
706,223,226,follows,0.35,104,2026-01-09T16:30:00Z,2026-05-01T06:30:00Z
707,224,227,follows,0.48,111,2026-01-08T16:30:00Z,2026-05-01T05:30:00Z
708,225,228,follows,0.61,118,2026-01-07T16:30:00Z,2026-05-01T04:30:00Z
709,226,229,follows,0.74,125,2026-01-06T16:30:00Z,2026-05-01T03:30:00Z
710,227,230,follows,0.87,132,2026-01-05T16:30:00Z,2026-05-01T02:30:00Z
711,228,231,follows,0.34,139,2026-01-04T16:30:00Z,2026-05-01T01:30:00Z
712,229,232,follows,0.47,146,2026-01-03T16:30:00Z,2026-05-01T00:30:00Z
713,230,233,follows,0.6,153,2026-01-02T16:30:00Z,2026-04-30T23:30:00Z
714,231,234,follows,0.73,160,2026-01-01T16:30:00Z,2026-04-30T22:30:00Z
715,232,235,follows,0.86,167,2025-12-31T16:30:00Z,2026-04-30T21:30:00Z
716,233,236,follows,0.33,174,2025-12-30T16:30:00Z,2026-04-30T20:30:00Z
717,234,237,follows,0.46,181,2025-12-29T16:30:00Z,2026-04-30T19:30:00Z
718,235,238,follows,0.59,188,2025-12-28T16:30:00Z,2026-04-30T18:30:00Z
719,236,239,follows,0.72,195,2025-12-27T16:30:00Z,2026-04-30T17:30:00Z
720,237,240,follows,0.85,202,2025-12-26T16:30:00Z,2026-05-05T16:30:00Z
721,238,241,follows,0.32,209,2025-12-25T16:30:00Z,2026-05-05T15:30:00Z
722,239,242,follows,0.45,216,2025-12-24T16:30:00Z,2026-05-05T14:30:00Z
723,240,243,follows,0.58,3,2025-12-23T16:30:00Z,2026-05-05T13:30:00Z
724,241,244,follows,0.71,10,2025-12-22T16:30:00Z,2026-05-05T12:30:00Z
725,242,245,follows,0.84,17,2025-12-21T16:30:00Z,2026-05-05T11:30:00Z
726,243,246,follows,0.31,24,2025-12-20T16:30:00Z,2026-05-05T10:30:00Z
727,244,247,follows,0.44,31,2025-12-19T16:30:00Z,2026-05-05T09:30:00Z
728,245,248,follows,0.57,38,2025-12-18T16:30:00Z,2026-05-05T08:30:00Z
729,246,249,follows,0.7,45,2025-12-17T16:30:00Z,2026-05-05T07:30:00Z
730,247,250,follows,0.83,52,2025-12-16T16:30:00Z,2026-05-05T06:30:00Z
731,248,251,follows,0.96,59,2025-12-15T16:30:00Z,2026-05-05T05:30:00Z
732,249,252,follows,0.43,66,2025-12-14T16:30:00Z,2026-05-05T04:30:00Z
733,250,253,follows,0.56,73,2025-12-13T16:30:00Z,2026-05-05T03:30:00Z
734,251,254,follows,0.69,80,2025-12-12T16:30:00Z,2026-05-05T02:30:00Z
735,252,255,follows,0.82,87,2025-12-11T16:30:00Z,2026-05-05T01:30:00Z
736,253,256,follows,0.95,94,2025-12-10T16:30:00Z,2026-05-05T00:30:00Z
737,254,257,follows,0.42,101,2025-12-09T16:30:00Z,2026-05-04T23:30:00Z
738,255,258,follows,0.55,108,2025-12-08T16:30:00Z,2026-05-04T22:30:00Z
739,256,259,follows,0.68,115,2025-12-07T16:30:00Z,2026-05-04T21:30:00Z
740,257,260,follows,0.81,122,2025-12-06T16:30:00Z,2026-05-04T20:30:00Z
741,258,261,follows,0.94,129,2025-12-05T16:30:00Z,2026-05-04T19:30:00Z
742,259,262,follows,0.41,136,2025-12-04T16:30:00Z,2026-05-04T18:30:00Z
743,260,263,follows,0.54,143,2025-12-03T16:30:00Z,2026-05-04T17:30:00Z
744,261,264,follows,0.67,150,2025-12-02T16:30:00Z,2026-05-04T16:30:00Z
745,262,265,follows,0.8,157,2025-12-01T16:30:00Z,2026-05-04T15:30:00Z
746,263,266,follows,0.93,164,2025-11-30T16:30:00Z,2026-05-04T14:30:00Z
747,264,267,follows,0.4,171,2025-11-29T16:30:00Z,2026-05-04T13:30:00Z
748,265,268,follows,0.53,178,2025-11-28T16:30:00Z,2026-05-04T12:30:00Z
749,266,269,follows,0.66,185,2025-11-27T16:30:00Z,2026-05-04T11:30:00Z
750,267,270,follows,0.79,192,2025-11-26T16:30:00Z,2026-05-04T10:30:00Z
751,268,271,follows,0.92,199,2025-11-25T16:30:00Z,2026-05-04T09:30:00Z
752,269,272,follows,0.39,206,2025-11-24T16:30:00Z,2026-05-04T08:30:00Z
753,270,273,follows,0.52,213,2025-11-23T16:30:00Z,2026-05-04T07:30:00Z
754,271,274,follows,0.65,220,2025-11-22T16:30:00Z,2026-05-04T06:30:00Z
755,272,275,follows,0.78,7,2025-11-21T16:30:00Z,2026-05-04T05:30:00Z
756,273,276,follows,0.91,14,2025-11-20T16:30:00Z,2026-05-04T04:30:00Z
757,274,277,follows,0.38,21,2025-11-19T16:30:00Z,2026-05-04T03:30:00Z
758,275,278,follows,0.51,28,2025-11-18T16:30:00Z,2026-05-04T02:30:00Z
759,276,279,follows,0.64,35,2025-11-17T16:30:00Z,2026-05-04T01:30:00Z
760,277,280,follows,0.77,42,2025-11-16T16:30:00Z,2026-05-04T00:30:00Z
761,278,281,follows,0.9,49,2025-11-15T16:30:00Z,2026-05-03T23:30:00Z
762,279,282,follows,0.37,56,2025-11-14T16:30:00Z,2026-05-03T22:30:00Z
763,280,283,follows,0.5,63,2025-11-13T16:30:00Z,2026-05-03T21:30:00Z
764,281,284,follows,0.63,70,2025-11-12T16:30:00Z,2026-05-03T20:30:00Z
765,282,285,follows,0.76,77,2025-11-11T16:30:00Z,2026-05-03T19:30:00Z
766,283,286,follows,0.89,84,2025-11-10T16:30:00Z,2026-05-03T18:30:00Z
767,284,287,follows,0.36,91,2025-11-09T16:30:00Z,2026-05-03T17:30:00Z
768,285,288,follows,0.49,98,2025-11-08T16:30:00Z,2026-05-03T16:30:00Z
769,286,289,follows,0.62,105,2025-11-07T16:30:00Z,2026-05-03T15:30:00Z
770,287,290,follows,0.75,112,2025-11-06T16:30:00Z,2026-05-03T14:30:00Z
771,288,291,follows,0.88,119,2025-11-05T16:30:00Z,2026-05-03T13:30:00Z
772,289,292,follows,0.35,126,2025-11-04T16:30:00Z,2026-05-03T12:30:00Z
773,290,293,follows,0.48,133,2025-11-03T16:30:00Z,2026-05-03T11:30:00Z
774,291,294,follows,0.61,140,2025-11-02T16:30:00Z,2026-05-03T10:30:00Z
775,292,295,follows,0.74,147,2025-11-01T16:30:00Z,2026-05-03T09:30:00Z
776,293,296,follows,0.87,154,2025-10-31T16:30:00Z,2026-05-03T08:30:00Z
777,294,297,follows,0.34,161,2025-10-30T16:30:00Z,2026-05-03T07:30:00Z
778,295,298,follows,0.47,168,2025-10-29T16:30:00Z,2026-05-03T06:30:00Z
779,296,299,follows,0.6,175,2025-10-28T16:30:00Z,2026-05-03T05:30:00Z
780,297,300,follows,0.73,182,2025-10-27T16:30:00Z,2026-05-03T04:30:00Z
781,298,301,follows,0.86,189,2025-10-26T16:30:00Z,2026-05-03T03:30:00Z
782,299,302,follows,0.33,196,2025-10-25T16:30:00Z,2026-05-03T02:30:00Z
783,300,303,follows,0.46,203,2025-10-24T16:30:00Z,2026-05-03T01:30:00Z
784,301,304,follows,0.59,210,2025-10-23T16:30:00Z,2026-05-03T00:30:00Z
785,302,305,follows,0.72,217,2025-10-22T16:30:00Z,2026-05-02T23:30:00Z
786,303,306,follows,0.85,4,2025-10-21T16:30:00Z,2026-05-02T22:30:00Z
787,304,307,follows,0.32,11,2025-10-20T16:30:00Z,2026-05-02T21:30:00Z
788,305,308,follows,0.45,18,2025-10-19T16:30:00Z,2026-05-02T20:30:00Z
789,306,309,follows,0.58,25,2025-10-18T16:30:00Z,2026-05-02T19:30:00Z
790,307,310,follows,0.71,32,2025-10-17T16:30:00Z,2026-05-02T18:30:00Z
791,308,311,follows,0.84,39,2025-10-16T16:30:00Z,2026-05-02T17:30:00Z
792,309,312,follows,0.31,46,2025-10-15T16:30:00Z,2026-05-02T16:30:00Z
793,310,313,follows,0.44,53,2025-10-14T16:30:00Z,2026-05-02T15:30:00Z
794,311,314,follows,0.57,60,2025-10-13T16:30:00Z,2026-05-02T14:30:00Z
795,312,315,follows,0.7,67,2025-10-12T16:30:00Z,2026-05-02T13:30:00Z
796,313,316,follows,0.83,74,2025-10-11T16:30:00Z,2026-05-02T12:30:00Z
797,314,317,follows,0.96,81,2025-10-10T16:30:00Z,2026-05-02T11:30:00Z
798,315,318,follows,0.43,88,2025-10-09T16:30:00Z,2026-05-02T10:30:00Z
799,316,319,follows,0.56,95,2025-10-08T16:30:00Z,2026-05-02T09:30:00Z
800,317,320,follows,0.69,102,2025-10-07T16:30:00Z,2026-05-02T08:30:00Z
801,318,321,follows,0.82,109,2025-10-06T16:30:00Z,2026-05-02T07:30:00Z
802,319,322,follows,0.95,116,2025-10-05T16:30:00Z,2026-05-02T06:30:00Z
803,320,323,follows,0.42,123,2025-10-04T16:30:00Z,2026-05-02T05:30:00Z
804,321,324,follows,0.55,130,2025-10-03T16:30:00Z,2026-05-02T04:30:00Z
805,322,325,follows,0.68,137,2025-10-02T16:30:00Z,2026-05-02T03:30:00Z
806,323,326,follows,0.81,144,2025-10-01T16:30:00Z,2026-05-02T02:30:00Z
807,324,327,follows,0.94,151,2025-09-30T16:30:00Z,2026-05-02T01:30:00Z
808,325,328,follows,0.41,158,2025-09-29T16:30:00Z,2026-05-02T00:30:00Z
809,326,329,follows,0.54,165,2025-09-28T16:30:00Z,2026-05-01T23:30:00Z
810,327,330,follows,0.67,172,2025-09-27T16:30:00Z,2026-05-01T22:30:00Z
811,328,331,follows,0.8,179,2025-09-26T16:30:00Z,2026-05-01T21:30:00Z
812,329,332,follows,0.93,186,2025-09-25T16:30:00Z,2026-05-01T20:30:00Z
813,330,333,follows,0.4,193,2025-09-24T16:30:00Z,2026-05-01T19:30:00Z
814,331,334,follows,0.53,200,2025-09-23T16:30:00Z,2026-05-01T18:30:00Z
815,332,335,follows,0.66,207,2025-09-22T16:30:00Z,2026-05-01T17:30:00Z
816,333,336,follows,0.79,214,2025-09-21T16:30:00Z,2026-05-01T16:30:00Z
817,334,337,follows,0.92,221,2025-09-20T16:30:00Z,2026-05-01T15:30:00Z
818,335,338,follows,0.39,8,2025-09-19T16:30:00Z,2026-05-01T14:30:00Z
819,336,339,follows,0.52,15,2025-09-18T16:30:00Z,2026-05-01T13:30:00Z
820,337,340,follows,0.65,22,2025-09-17T16:30:00Z,2026-05-01T12:30:00Z
821,338,341,follows,0.78,29,2025-09-16T16:30:00Z,2026-05-01T11:30:00Z
822,339,342,follows,0.91,36,2025-09-15T16:30:00Z,2026-05-01T10:30:00Z
823,340,343,follows,0.38,43,2025-09-14T16:30:00Z,2026-05-01T09:30:00Z
824,341,344,follows,0.51,50,2025-09-13T16:30:00Z,2026-05-01T08:30:00Z
825,342,345,follows,0.64,57,2025-09-12T16:30:00Z,2026-05-01T07:30:00Z
826,343,346,follows,0.77,64,2025-09-11T16:30:00Z,2026-05-01T06:30:00Z
827,344,347,follows,0.9,71,2025-09-10T16:30:00Z,2026-05-01T05:30:00Z
828,345,348,follows,0.37,78,2025-09-09T16:30:00Z,2026-05-01T04:30:00Z
829,346,349,follows,0.5,85,2025-09-08T16:30:00Z,2026-05-01T03:30:00Z
830,347,350,follows,0.63,92,2025-09-07T16:30:00Z,2026-05-01T02:30:00Z
831,348,351,follows,0.76,99,2025-09-06T16:30:00Z,2026-05-01T01:30:00Z
832,349,352,follows,0.89,106,2025-09-05T16:30:00Z,2026-05-01T00:30:00Z
833,350,353,follows,0.36,113,2025-09-04T16:30:00Z,2026-04-30T23:30:00Z
834,351,354,follows,0.49,120,2025-09-03T16:30:00Z,2026-04-30T22:30:00Z
835,352,355,follows,0.62,127,2025-09-02T16:30:00Z,2026-04-30T21:30:00Z
836,353,356,follows,0.75,134,2025-09-01T16:30:00Z,2026-04-30T20:30:00Z
837,354,357,follows,0.88,141,2025-08-31T16:30:00Z,2026-04-30T19:30:00Z
838,355,358,follows,0.35,148,2025-08-30T16:30:00Z,2026-04-30T18:30:00Z
839,356,359,follows,0.48,155,2025-08-29T16:30:00Z,2026-04-30T17:30:00Z
840,357,360,follows,0.61,162,2025-08-28T16:30:00Z,2026-05-05T16:30:00Z
841,358,361,follows,0.74,169,2025-08-27T16:30:00Z,2026-05-05T15:30:00Z
842,359,362,follows,0.87,176,2025-08-26T16:30:00Z,2026-05-05T14:30:00Z
843,360,363,follows,0.34,183,2025-08-25T16:30:00Z,2026-05-05T13:30:00Z
844,361,364,follows,0.47,190,2025-08-24T16:30:00Z,2026-05-05T12:30:00Z
845,362,365,follows,0.6,197,2025-08-23T16:30:00Z,2026-05-05T11:30:00Z
846,363,366,follows,0.73,204,2025-08-22T16:30:00Z,2026-05-05T10:30:00Z
847,364,367,follows,0.86,211,2025-08-21T16:30:00Z,2026-05-05T09:30:00Z
848,365,368,follows,0.33,218,2025-08-20T16:30:00Z,2026-05-05T08:30:00Z
849,366,369,follows,0.46,5,2025-08-19T16:30:00Z,2026-05-05T07:30:00Z
850,367,370,follows,0.59,12,2025-08-18T16:30:00Z,2026-05-05T06:30:00Z
851,368,371,follows,0.72,19,2025-08-17T16:30:00Z,2026-05-05T05:30:00Z
852,369,372,follows,0.85,26,2025-08-16T16:30:00Z,2026-05-05T04:30:00Z
853,370,373,follows,0.32,33,2025-08-15T16:30:00Z,2026-05-05T03:30:00Z
854,371,374,follows,0.45,40,2025-08-14T16:30:00Z,2026-05-05T02:30:00Z
855,372,375,follows,0.58,47,2025-08-13T16:30:00Z,2026-05-05T01:30:00Z
856,373,376,follows,0.71,54,2025-08-12T16:30:00Z,2026-05-05T00:30:00Z
857,374,377,follows,0.84,61,2025-08-11T16:30:00Z,2026-05-04T23:30:00Z
858,375,378,follows,0.31,68,2025-08-10T16:30:00Z,2026-05-04T22:30:00Z
859,376,379,follows,0.44,75,2025-08-09T16:30:00Z,2026-05-04T21:30:00Z
860,377,380,follows,0.57,82,2025-08-08T16:30:00Z,2026-05-04T20:30:00Z
861,378,381,follows,0.7,89,2025-08-07T16:30:00Z,2026-05-04T19:30:00Z
862,379,382,follows,0.83,96,2025-08-06T16:30:00Z,2026-05-04T18:30:00Z
863,380,383,follows,0.96,103,2025-08-05T16:30:00Z,2026-05-04T17:30:00Z
864,381,384,follows,0.43,110,2025-08-04T16:30:00Z,2026-05-04T16:30:00Z
865,382,385,follows,0.56,117,2025-08-03T16:30:00Z,2026-05-04T15:30:00Z
866,383,386,follows,0.69,124,2025-08-02T16:30:00Z,2026-05-04T14:30:00Z
867,384,387,follows,0.82,131,2025-08-01T16:30:00Z,2026-05-04T13:30:00Z
868,385,388,follows,0.95,138,2025-07-31T16:30:00Z,2026-05-04T12:30:00Z
869,386,389,follows,0.42,145,2025-07-30T16:30:00Z,2026-05-04T11:30:00Z
870,387,390,follows,0.55,152,2025-07-29T16:30:00Z,2026-05-04T10:30:00Z
871,388,391,follows,0.68,159,2025-07-28T16:30:00Z,2026-05-04T09:30:00Z
872,389,392,follows,0.81,166,2025-07-27T16:30:00Z,2026-05-04T08:30:00Z
873,390,393,follows,0.94,173,2025-07-26T16:30:00Z,2026-05-04T07:30:00Z
874,391,394,follows,0.41,180,2025-07-25T16:30:00Z,2026-05-04T06:30:00Z
875,392,395,follows,0.54,187,2025-07-24T16:30:00Z,2026-05-04T05:30:00Z
876,393,396,follows,0.67,194,2025-07-23T16:30:00Z,2026-05-04T04:30:00Z
877,394,397,follows,0.8,201,2025-07-22T16:30:00Z,2026-05-04T03:30:00Z
878,395,398,follows,0.93,208,2025-07-21T16:30:00Z,2026-05-04T02:30:00Z
879,396,399,follows,0.4,215,2025-07-20T16:30:00Z,2026-05-04T01:30:00Z
880,397,400,follows,0.53,2,2025-07-19T16:30:00Z,2026-05-04T00:30:00Z
881,398,401,follows,0.66,9,2025-07-18T16:30:00Z,2026-05-03T23:30:00Z
882,399,402,follows,0.79,16,2025-07-17T16:30:00Z,2026-05-03T22:30:00Z
883,400,403,follows,0.92,23,2025-07-16T16:30:00Z,2026-05-03T21:30:00Z
884,401,404,follows,0.39,30,2025-07-15T16:30:00Z,2026-05-03T20:30:00Z
885,402,405,follows,0.52,37,2025-07-14T16:30:00Z,2026-05-03T19:30:00Z
886,403,406,follows,0.65,44,2025-07-13T16:30:00Z,2026-05-03T18:30:00Z
887,404,407,follows,0.78,51,2025-07-12T16:30:00Z,2026-05-03T17:30:00Z
888,405,408,follows,0.91,58,2025-07-11T16:30:00Z,2026-05-03T16:30:00Z
889,406,409,follows,0.38,65,2025-07-10T16:30:00Z,2026-05-03T15:30:00Z
890,407,410,follows,0.51,72,2025-07-09T16:30:00Z,2026-05-03T14:30:00Z
891,408,411,follows,0.64,79,2025-07-08T16:30:00Z,2026-05-03T13:30:00Z
892,409,412,follows,0.77,86,2025-07-07T16:30:00Z,2026-05-03T12:30:00Z
893,410,413,follows,0.9,93,2025-07-06T16:30:00Z,2026-05-03T11:30:00Z
894,411,414,follows,0.37,100,2025-07-05T16:30:00Z,2026-05-03T10:30:00Z
895,412,415,follows,0.5,107,2025-07-04T16:30:00Z,2026-05-03T09:30:00Z
896,413,416,follows,0.63,114,2025-07-03T16:30:00Z,2026-05-03T08:30:00Z
897,414,417,follows,0.76,121,2025-07-02T16:30:00Z,2026-05-03T07:30:00Z
898,415,418,follows,0.89,128,2025-07-01T16:30:00Z,2026-05-03T06:30:00Z
899,416,419,follows,0.36,135,2025-06-30T16:30:00Z,2026-05-03T05:30:00Z
900,417,420,follows,0.49,142,2026-04-25T16:30:00Z,2026-05-03T04:30:00Z
901,418,421,follows,0.62,149,2026-04-24T16:30:00Z,2026-05-03T03:30:00Z
902,419,422,follows,0.75,156,2026-04-23T16:30:00Z,2026-05-03T02:30:00Z
903,420,423,follows,0.88,163,2026-04-22T16:30:00Z,2026-05-03T01:30:00Z
904,421,424,follows,0.35,170,2026-04-21T16:30:00Z,2026-05-03T00:30:00Z
905,422,425,follows,0.48,177,2026-04-20T16:30:00Z,2026-05-02T23:30:00Z
906,423,426,follows,0.61,184,2026-04-19T16:30:00Z,2026-05-02T22:30:00Z
907,424,427,follows,0.74,191,2026-04-18T16:30:00Z,2026-05-02T21:30:00Z
908,425,428,follows,0.87,198,2026-04-17T16:30:00Z,2026-05-02T20:30:00Z
909,426,429,follows,0.34,205,2026-04-16T16:30:00Z,2026-05-02T19:30:00Z
910,427,430,follows,0.47,212,2026-04-15T16:30:00Z,2026-05-02T18:30:00Z
911,428,431,follows,0.6,219,2026-04-14T16:30:00Z,2026-05-02T17:30:00Z
912,429,432,follows,0.73,6,2026-04-13T16:30:00Z,2026-05-02T16:30:00Z
913,430,433,follows,0.86,13,2026-04-12T16:30:00Z,2026-05-02T15:30:00Z
914,431,434,follows,0.33,20,2026-04-11T16:30:00Z,2026-05-02T14:30:00Z
915,432,435,follows,0.46,27,2026-04-10T16:30:00Z,2026-05-02T13:30:00Z
916,433,436,follows,0.59,34,2026-04-09T16:30:00Z,2026-05-02T12:30:00Z
917,434,437,follows,0.72,41,2026-04-08T16:30:00Z,2026-05-02T11:30:00Z
918,435,438,follows,0.85,48,2026-04-07T16:30:00Z,2026-05-02T10:30:00Z
919,436,439,follows,0.32,55,2026-04-06T16:30:00Z,2026-05-02T09:30:00Z
920,437,440,follows,0.45,62,2026-04-05T16:30:00Z,2026-05-02T08:30:00Z
921,438,441,follows,0.58,69,2026-04-04T16:30:00Z,2026-05-02T07:30:00Z
922,439,442,follows,0.71,76,2026-04-03T16:30:00Z,2026-05-02T06:30:00Z
923,440,443,follows,0.84,83,2026-04-02T16:30:00Z,2026-05-02T05:30:00Z
924,441,444,follows,0.31,90,2026-04-01T16:30:00Z,2026-05-02T04:30:00Z
925,442,445,follows,0.44,97,2026-03-31T16:30:00Z,2026-05-02T03:30:00Z
926,443,446,follows,0.57,104,2026-03-30T16:30:00Z,2026-05-02T02:30:00Z
927,444,447,follows,0.7,111,2026-03-29T16:30:00Z,2026-05-02T01:30:00Z
928,445,448,follows,0.83,118,2026-03-28T16:30:00Z,2026-05-02T00:30:00Z
929,446,449,follows,0.96,125,2026-03-27T16:30:00Z,2026-05-01T23:30:00Z
930,447,450,follows,0.43,132,2026-03-26T16:30:00Z,2026-05-01T22:30:00Z
931,448,451,follows,0.56,139,2026-03-25T16:30:00Z,2026-05-01T21:30:00Z
932,449,452,follows,0.69,146,2026-03-24T16:30:00Z,2026-05-01T20:30:00Z
933,450,453,follows,0.82,153,2026-03-23T16:30:00Z,2026-05-01T19:30:00Z
934,451,454,follows,0.95,160,2026-03-22T16:30:00Z,2026-05-01T18:30:00Z
935,452,455,follows,0.42,167,2026-03-21T16:30:00Z,2026-05-01T17:30:00Z
936,453,456,follows,0.55,174,2026-03-20T16:30:00Z,2026-05-01T16:30:00Z
937,454,457,follows,0.68,181,2026-03-19T16:30:00Z,2026-05-01T15:30:00Z
938,455,458,follows,0.81,188,2026-03-18T16:30:00Z,2026-05-01T14:30:00Z
939,456,459,follows,0.94,195,2026-03-17T16:30:00Z,2026-05-01T13:30:00Z
940,457,460,follows,0.41,202,2026-03-16T16:30:00Z,2026-05-01T12:30:00Z
941,458,461,follows,0.54,209,2026-03-15T16:30:00Z,2026-05-01T11:30:00Z
942,459,462,follows,0.67,216,2026-03-14T16:30:00Z,2026-05-01T10:30:00Z
943,460,463,follows,0.8,3,2026-03-13T16:30:00Z,2026-05-01T09:30:00Z
944,461,464,follows,0.93,10,2026-03-12T16:30:00Z,2026-05-01T08:30:00Z
945,462,465,follows,0.4,17,2026-03-11T16:30:00Z,2026-05-01T07:30:00Z
946,463,466,follows,0.53,24,2026-03-10T16:30:00Z,2026-05-01T06:30:00Z
947,464,467,follows,0.66,31,2026-03-09T16:30:00Z,2026-05-01T05:30:00Z
948,465,468,follows,0.79,38,2026-03-08T16:30:00Z,2026-05-01T04:30:00Z
949,466,469,follows,0.92,45,2026-03-07T16:30:00Z,2026-05-01T03:30:00Z
950,467,470,follows,0.39,52,2026-03-06T16:30:00Z,2026-05-01T02:30:00Z
951,468,471,follows,0.52,59,2026-03-05T16:30:00Z,2026-05-01T01:30:00Z
952,469,472,follows,0.65,66,2026-03-04T16:30:00Z,2026-05-01T00:30:00Z
953,470,473,follows,0.78,73,2026-03-03T16:30:00Z,2026-04-30T23:30:00Z
954,471,474,follows,0.91,80,2026-03-02T16:30:00Z,2026-04-30T22:30:00Z
955,472,475,follows,0.38,87,2026-03-01T16:30:00Z,2026-04-30T21:30:00Z
956,473,476,follows,0.51,94,2026-02-28T16:30:00Z,2026-04-30T20:30:00Z
957,474,477,follows,0.64,101,2026-02-27T16:30:00Z,2026-04-30T19:30:00Z
958,475,478,follows,0.77,108,2026-02-26T16:30:00Z,2026-04-30T18:30:00Z
959,476,479,follows,0.9,115,2026-02-25T16:30:00Z,2026-04-30T17:30:00Z
960,477,480,follows,0.37,122,2026-02-24T16:30:00Z,2026-05-05T16:30:00Z
961,478,481,follows,0.5,129,2026-02-23T16:30:00Z,2026-05-05T15:30:00Z
962,479,482,follows,0.63,136,2026-02-22T16:30:00Z,2026-05-05T14:30:00Z
963,480,483,follows,0.76,143,2026-02-21T16:30:00Z,2026-05-05T13:30:00Z
964,481,1,follows,0.89,150,2026-02-20T16:30:00Z,2026-05-05T12:30:00Z
965,482,2,follows,0.36,157,2026-02-19T16:30:00Z,2026-05-05T11:30:00Z
966,483,3,follows,0.49,164,2026-02-18T16:30:00Z,2026-05-05T10:30:00Z
967,1,8,follows,0.62,171,2026-02-17T16:30:00Z,2026-05-05T09:30:00Z
968,2,9,follows,0.75,178,2026-02-16T16:30:00Z,2026-05-05T08:30:00Z
969,3,10,follows,0.88,185,2026-02-15T16:30:00Z,2026-05-05T07:30:00Z
970,4,11,follows,0.35,192,2026-02-14T16:30:00Z,2026-05-05T06:30:00Z
971,5,12,follows,0.48,199,2026-02-13T16:30:00Z,2026-05-05T05:30:00Z
972,6,13,follows,0.61,206,2026-02-12T16:30:00Z,2026-05-05T04:30:00Z
973,7,14,follows,0.74,213,2026-02-11T16:30:00Z,2026-05-05T03:30:00Z
974,8,15,follows,0.87,220,2026-02-10T16:30:00Z,2026-05-05T02:30:00Z
975,9,16,follows,0.34,7,2026-02-09T16:30:00Z,2026-05-05T01:30:00Z
976,10,17,follows,0.47,14,2026-02-08T16:30:00Z,2026-05-05T00:30:00Z
977,11,18,follows,0.6,21,2026-02-07T16:30:00Z,2026-05-04T23:30:00Z
978,12,19,follows,0.73,28,2026-02-06T16:30:00Z,2026-05-04T22:30:00Z
979,13,20,follows,0.86,35,2026-02-05T16:30:00Z,2026-05-04T21:30:00Z
980,14,21,follows,0.33,42,2026-02-04T16:30:00Z,2026-05-04T20:30:00Z
981,15,22,follows,0.46,49,2026-02-03T16:30:00Z,2026-05-04T19:30:00Z
982,16,23,follows,0.59,56,2026-02-02T16:30:00Z,2026-05-04T18:30:00Z
983,17,24,follows,0.72,63,2026-02-01T16:30:00Z,2026-05-04T17:30:00Z
984,18,25,follows,0.85,70,2026-01-31T16:30:00Z,2026-05-04T16:30:00Z
985,19,26,follows,0.32,77,2026-01-30T16:30:00Z,2026-05-04T15:30:00Z
986,20,27,follows,0.45,84,2026-01-29T16:30:00Z,2026-05-04T14:30:00Z
987,21,28,follows,0.58,91,2026-01-28T16:30:00Z,2026-05-04T13:30:00Z
988,22,29,follows,0.71,98,2026-01-27T16:30:00Z,2026-05-04T12:30:00Z
989,23,30,follows,0.84,105,2026-01-26T16:30:00Z,2026-05-04T11:30:00Z
990,24,31,follows,0.31,112,2026-01-25T16:30:00Z,2026-05-04T10:30:00Z
991,25,32,follows,0.44,119,2026-01-24T16:30:00Z,2026-05-04T09:30:00Z
992,26,33,follows,0.57,126,2026-01-23T16:30:00Z,2026-05-04T08:30:00Z
993,27,34,follows,0.7,133,2026-01-22T16:30:00Z,2026-05-04T07:30:00Z
994,28,35,follows,0.83,140,2026-01-21T16:30:00Z,2026-05-04T06:30:00Z
995,29,36,follows,0.96,147,2026-01-20T16:30:00Z,2026-05-04T05:30:00Z
996,30,37,follows,0.43,154,2026-01-19T16:30:00Z,2026-05-04T04:30:00Z
997,31,38,follows,0.56,161,2026-01-18T16:30:00Z,2026-05-04T03:30:00Z
998,32,39,follows,0.69,168,2026-01-17T16:30:00Z,2026-05-04T02:30:00Z
999,33,40,follows,0.82,175,2026-01-16T16:30:00Z,2026-05-04T01:30:00Z
1000,34,41,follows,0.95,182,2026-01-15T16:30:00Z,2026-05-04T00:30:00Z
1001,35,42,follows,0.42,189,2026-01-14T16:30:00Z,2026-05-03T23:30:00Z
1002,36,43,follows,0.55,196,2026-01-13T16:30:00Z,2026-05-03T22:30:00Z
1003,37,44,follows,0.68,203,2026-01-12T16:30:00Z,2026-05-03T21:30:00Z
1004,38,45,follows,0.81,210,2026-01-11T16:30:00Z,2026-05-03T20:30:00Z
1005,39,46,follows,0.94,217,2026-01-10T16:30:00Z,2026-05-03T19:30:00Z
1006,40,47,follows,0.41,4,2026-01-09T16:30:00Z,2026-05-03T18:30:00Z
1007,41,48,follows,0.54,11,2026-01-08T16:30:00Z,2026-05-03T17:30:00Z
1008,42,49,follows,0.67,18,2026-01-07T16:30:00Z,2026-05-03T16:30:00Z
1009,43,50,follows,0.8,25,2026-01-06T16:30:00Z,2026-05-03T15:30:00Z
1010,44,51,follows,0.93,32,2026-01-05T16:30:00Z,2026-05-03T14:30:00Z
1011,45,52,follows,0.4,39,2026-01-04T16:30:00Z,2026-05-03T13:30:00Z
1012,46,53,follows,0.53,46,2026-01-03T16:30:00Z,2026-05-03T12:30:00Z
1013,47,54,follows,0.66,53,2026-01-02T16:30:00Z,2026-05-03T11:30:00Z
1014,48,55,follows,0.79,60,2026-01-01T16:30:00Z,2026-05-03T10:30:00Z
1015,49,56,follows,0.92,67,2025-12-31T16:30:00Z,2026-05-03T09:30:00Z
1016,50,57,follows,0.39,74,2025-12-30T16:30:00Z,2026-05-03T08:30:00Z
1017,51,58,follows,0.52,81,2025-12-29T16:30:00Z,2026-05-03T07:30:00Z
1018,52,59,follows,0.65,88,2025-12-28T16:30:00Z,2026-05-03T06:30:00Z
1019,53,60,follows,0.78,95,2025-12-27T16:30:00Z,2026-05-03T05:30:00Z
1020,54,61,follows,0.91,102,2025-12-26T16:30:00Z,2026-05-03T04:30:00Z
1021,55,62,follows,0.38,109,2025-12-25T16:30:00Z,2026-05-03T03:30:00Z
1022,56,63,follows,0.51,116,2025-12-24T16:30:00Z,2026-05-03T02:30:00Z
1023,57,64,follows,0.64,123,2025-12-23T16:30:00Z,2026-05-03T01:30:00Z
1024,58,65,follows,0.77,130,2025-12-22T16:30:00Z,2026-05-03T00:30:00Z
1025,59,66,follows,0.9,137,2025-12-21T16:30:00Z,2026-05-02T23:30:00Z
1026,60,67,follows,0.37,144,2025-12-20T16:30:00Z,2026-05-02T22:30:00Z
1027,61,68,follows,0.5,151,2025-12-19T16:30:00Z,2026-05-02T21:30:00Z
1028,62,69,follows,0.63,158,2025-12-18T16:30:00Z,2026-05-02T20:30:00Z
1029,63,70,follows,0.76,165,2025-12-17T16:30:00Z,2026-05-02T19:30:00Z
1030,64,71,follows,0.89,172,2025-12-16T16:30:00Z,2026-05-02T18:30:00Z
1031,65,72,follows,0.36,179,2025-12-15T16:30:00Z,2026-05-02T17:30:00Z
1032,66,73,follows,0.49,186,2025-12-14T16:30:00Z,2026-05-02T16:30:00Z
1033,67,74,follows,0.62,193,2025-12-13T16:30:00Z,2026-05-02T15:30:00Z
1034,68,75,follows,0.75,200,2025-12-12T16:30:00Z,2026-05-02T14:30:00Z
1035,69,76,follows,0.88,207,2025-12-11T16:30:00Z,2026-05-02T13:30:00Z
1036,70,77,follows,0.35,214,2025-12-10T16:30:00Z,2026-05-02T12:30:00Z
1037,71,78,follows,0.48,221,2025-12-09T16:30:00Z,2026-05-02T11:30:00Z
1038,72,79,follows,0.61,8,2025-12-08T16:30:00Z,2026-05-02T10:30:00Z
1039,73,80,follows,0.74,15,2025-12-07T16:30:00Z,2026-05-02T09:30:00Z
1040,74,81,follows,0.87,22,2025-12-06T16:30:00Z,2026-05-02T08:30:00Z
1041,75,82,follows,0.34,29,2025-12-05T16:30:00Z,2026-05-02T07:30:00Z
1042,76,83,follows,0.47,36,2025-12-04T16:30:00Z,2026-05-02T06:30:00Z
1043,77,84,follows,0.6,43,2025-12-03T16:30:00Z,2026-05-02T05:30:00Z
1044,78,85,follows,0.73,50,2025-12-02T16:30:00Z,2026-05-02T04:30:00Z
1045,79,86,follows,0.86,57,2025-12-01T16:30:00Z,2026-05-02T03:30:00Z
1046,80,87,follows,0.33,64,2025-11-30T16:30:00Z,2026-05-02T02:30:00Z
1047,81,88,follows,0.46,71,2025-11-29T16:30:00Z,2026-05-02T01:30:00Z
1048,82,89,follows,0.59,78,2025-11-28T16:30:00Z,2026-05-02T00:30:00Z
1049,83,90,follows,0.72,85,2025-11-27T16:30:00Z,2026-05-01T23:30:00Z
1050,84,91,follows,0.85,92,2025-11-26T16:30:00Z,2026-05-01T22:30:00Z
1051,85,92,follows,0.32,99,2025-11-25T16:30:00Z,2026-05-01T21:30:00Z
1052,86,93,follows,0.45,106,2025-11-24T16:30:00Z,2026-05-01T20:30:00Z
1053,87,94,follows,0.58,113,2025-11-23T16:30:00Z,2026-05-01T19:30:00Z
1054,88,95,follows,0.71,120,2025-11-22T16:30:00Z,2026-05-01T18:30:00Z
1055,89,96,follows,0.84,127,2025-11-21T16:30:00Z,2026-05-01T17:30:00Z
1056,90,97,follows,0.31,134,2025-11-20T16:30:00Z,2026-05-01T16:30:00Z
1057,91,98,follows,0.44,141,2025-11-19T16:30:00Z,2026-05-01T15:30:00Z
1058,92,99,follows,0.57,148,2025-11-18T16:30:00Z,2026-05-01T14:30:00Z
1059,93,100,follows,0.7,155,2025-11-17T16:30:00Z,2026-05-01T13:30:00Z
1060,94,101,follows,0.83,162,2025-11-16T16:30:00Z,2026-05-01T12:30:00Z
1061,95,102,follows,0.96,169,2025-11-15T16:30:00Z,2026-05-01T11:30:00Z
1062,96,103,follows,0.43,176,2025-11-14T16:30:00Z,2026-05-01T10:30:00Z
1063,97,104,follows,0.56,183,2025-11-13T16:30:00Z,2026-05-01T09:30:00Z
1064,98,105,follows,0.69,190,2025-11-12T16:30:00Z,2026-05-01T08:30:00Z
1065,99,106,follows,0.82,197,2025-11-11T16:30:00Z,2026-05-01T07:30:00Z
1066,100,107,follows,0.95,204,2025-11-10T16:30:00Z,2026-05-01T06:30:00Z
1067,101,108,follows,0.42,211,2025-11-09T16:30:00Z,2026-05-01T05:30:00Z
1068,102,109,follows,0.55,218,2025-11-08T16:30:00Z,2026-05-01T04:30:00Z
1069,103,110,follows,0.68,5,2025-11-07T16:30:00Z,2026-05-01T03:30:00Z
1070,104,111,follows,0.81,12,2025-11-06T16:30:00Z,2026-05-01T02:30:00Z
1071,105,112,follows,0.94,19,2025-11-05T16:30:00Z,2026-05-01T01:30:00Z
1072,106,113,follows,0.41,26,2025-11-04T16:30:00Z,2026-05-01T00:30:00Z
1073,107,114,follows,0.54,33,2025-11-03T16:30:00Z,2026-04-30T23:30:00Z
1074,108,115,follows,0.67,40,2025-11-02T16:30:00Z,2026-04-30T22:30:00Z
1075,109,116,follows,0.8,47,2025-11-01T16:30:00Z,2026-04-30T21:30:00Z
1076,110,117,follows,0.93,54,2025-10-31T16:30:00Z,2026-04-30T20:30:00Z
1077,111,118,follows,0.4,61,2025-10-30T16:30:00Z,2026-04-30T19:30:00Z
1078,112,119,follows,0.53,68,2025-10-29T16:30:00Z,2026-04-30T18:30:00Z
1079,113,120,follows,0.66,75,2025-10-28T16:30:00Z,2026-04-30T17:30:00Z
1080,114,121,follows,0.79,82,2025-10-27T16:30:00Z,2026-05-05T16:30:00Z
1081,115,122,follows,0.92,89,2025-10-26T16:30:00Z,2026-05-05T15:30:00Z
1082,116,123,follows,0.39,96,2025-10-25T16:30:00Z,2026-05-05T14:30:00Z
1083,117,124,follows,0.52,103,2025-10-24T16:30:00Z,2026-05-05T13:30:00Z
1084,118,125,follows,0.65,110,2025-10-23T16:30:00Z,2026-05-05T12:30:00Z
1085,119,126,follows,0.78,117,2025-10-22T16:30:00Z,2026-05-05T11:30:00Z
1086,120,127,follows,0.91,124,2025-10-21T16:30:00Z,2026-05-05T10:30:00Z
1087,121,128,follows,0.38,131,2025-10-20T16:30:00Z,2026-05-05T09:30:00Z
1088,122,129,follows,0.51,138,2025-10-19T16:30:00Z,2026-05-05T08:30:00Z
1089,123,130,follows,0.64,145,2025-10-18T16:30:00Z,2026-05-05T07:30:00Z
1090,124,131,follows,0.77,152,2025-10-17T16:30:00Z,2026-05-05T06:30:00Z
1091,125,132,follows,0.9,159,2025-10-16T16:30:00Z,2026-05-05T05:30:00Z
1092,126,133,follows,0.37,166,2025-10-15T16:30:00Z,2026-05-05T04:30:00Z
1093,127,134,follows,0.5,173,2025-10-14T16:30:00Z,2026-05-05T03:30:00Z
1094,128,135,follows,0.63,180,2025-10-13T16:30:00Z,2026-05-05T02:30:00Z
1095,129,136,follows,0.76,187,2025-10-12T16:30:00Z,2026-05-05T01:30:00Z
1096,130,137,follows,0.89,194,2025-10-11T16:30:00Z,2026-05-05T00:30:00Z
1097,131,138,follows,0.36,201,2025-10-10T16:30:00Z,2026-05-04T23:30:00Z
1098,132,139,follows,0.49,208,2025-10-09T16:30:00Z,2026-05-04T22:30:00Z
1099,133,140,follows,0.62,215,2025-10-08T16:30:00Z,2026-05-04T21:30:00Z
1100,134,141,follows,0.75,2,2025-10-07T16:30:00Z,2026-05-04T20:30:00Z
1101,135,142,follows,0.88,9,2025-10-06T16:30:00Z,2026-05-04T19:30:00Z
1102,136,143,follows,0.35,16,2025-10-05T16:30:00Z,2026-05-04T18:30:00Z
1103,137,144,follows,0.48,23,2025-10-04T16:30:00Z,2026-05-04T17:30:00Z
1104,138,145,follows,0.61,30,2025-10-03T16:30:00Z,2026-05-04T16:30:00Z
1105,139,146,follows,0.74,37,2025-10-02T16:30:00Z,2026-05-04T15:30:00Z
1106,140,147,follows,0.87,44,2025-10-01T16:30:00Z,2026-05-04T14:30:00Z
1107,141,148,follows,0.34,51,2025-09-30T16:30:00Z,2026-05-04T13:30:00Z
1108,142,149,follows,0.47,58,2025-09-29T16:30:00Z,2026-05-04T12:30:00Z
1109,143,150,follows,0.6,65,2025-09-28T16:30:00Z,2026-05-04T11:30:00Z
1110,144,151,follows,0.73,72,2025-09-27T16:30:00Z,2026-05-04T10:30:00Z
1111,145,152,follows,0.86,79,2025-09-26T16:30:00Z,2026-05-04T09:30:00Z
1112,146,153,follows,0.33,86,2025-09-25T16:30:00Z,2026-05-04T08:30:00Z
1113,147,154,follows,0.46,93,2025-09-24T16:30:00Z,2026-05-04T07:30:00Z
1114,148,155,follows,0.59,100,2025-09-23T16:30:00Z,2026-05-04T06:30:00Z
1115,149,156,follows,0.72,107,2025-09-22T16:30:00Z,2026-05-04T05:30:00Z
1116,150,157,follows,0.85,114,2025-09-21T16:30:00Z,2026-05-04T04:30:00Z
1117,151,158,follows,0.32,121,2025-09-20T16:30:00Z,2026-05-04T03:30:00Z
1118,152,159,follows,0.45,128,2025-09-19T16:30:00Z,2026-05-04T02:30:00Z
1119,153,160,follows,0.58,135,2025-09-18T16:30:00Z,2026-05-04T01:30:00Z
1120,154,161,follows,0.71,142,2025-09-17T16:30:00Z,2026-05-04T00:30:00Z
1121,155,162,follows,0.84,149,2025-09-16T16:30:00Z,2026-05-03T23:30:00Z
1122,156,163,follows,0.31,156,2025-09-15T16:30:00Z,2026-05-03T22:30:00Z
1123,157,164,follows,0.44,163,2025-09-14T16:30:00Z,2026-05-03T21:30:00Z
1124,158,165,follows,0.57,170,2025-09-13T16:30:00Z,2026-05-03T20:30:00Z
1125,159,166,follows,0.7,177,2025-09-12T16:30:00Z,2026-05-03T19:30:00Z
1126,160,167,follows,0.83,184,2025-09-11T16:30:00Z,2026-05-03T18:30:00Z
1127,161,168,follows,0.96,191,2025-09-10T16:30:00Z,2026-05-03T17:30:00Z
1128,162,169,follows,0.43,198,2025-09-09T16:30:00Z,2026-05-03T16:30:00Z
1129,163,170,follows,0.56,205,2025-09-08T16:30:00Z,2026-05-03T15:30:00Z
1130,164,171,follows,0.69,212,2025-09-07T16:30:00Z,2026-05-03T14:30:00Z
1131,165,172,follows,0.82,219,2025-09-06T16:30:00Z,2026-05-03T13:30:00Z
1132,166,173,follows,0.95,6,2025-09-05T16:30:00Z,2026-05-03T12:30:00Z
1133,167,174,follows,0.42,13,2025-09-04T16:30:00Z,2026-05-03T11:30:00Z
1134,168,175,follows,0.55,20,2025-09-03T16:30:00Z,2026-05-03T10:30:00Z
1135,169,176,follows,0.68,27,2025-09-02T16:30:00Z,2026-05-03T09:30:00Z
1136,170,177,follows,0.81,34,2025-09-01T16:30:00Z,2026-05-03T08:30:00Z
1137,171,178,follows,0.94,41,2025-08-31T16:30:00Z,2026-05-03T07:30:00Z
1138,172,179,follows,0.41,48,2025-08-30T16:30:00Z,2026-05-03T06:30:00Z
1139,173,180,follows,0.54,55,2025-08-29T16:30:00Z,2026-05-03T05:30:00Z
1140,174,181,follows,0.67,62,2025-08-28T16:30:00Z,2026-05-03T04:30:00Z
1141,175,182,follows,0.8,69,2025-08-27T16:30:00Z,2026-05-03T03:30:00Z
1142,176,183,follows,0.93,76,2025-08-26T16:30:00Z,2026-05-03T02:30:00Z
1143,177,184,follows,0.4,83,2025-08-25T16:30:00Z,2026-05-03T01:30:00Z
1144,178,185,follows,0.53,90,2025-08-24T16:30:00Z,2026-05-03T00:30:00Z
1145,179,186,follows,0.66,97,2025-08-23T16:30:00Z,2026-05-02T23:30:00Z
1146,180,187,follows,0.79,104,2025-08-22T16:30:00Z,2026-05-02T22:30:00Z
1147,181,188,follows,0.92,111,2025-08-21T16:30:00Z,2026-05-02T21:30:00Z
1148,182,189,follows,0.39,118,2025-08-20T16:30:00Z,2026-05-02T20:30:00Z
1149,183,190,follows,0.52,125,2025-08-19T16:30:00Z,2026-05-02T19:30:00Z
1150,184,191,follows,0.65,132,2025-08-18T16:30:00Z,2026-05-02T18:30:00Z
1151,185,192,follows,0.78,139,2025-08-17T16:30:00Z,2026-05-02T17:30:00Z
1152,186,193,follows,0.91,146,2025-08-16T16:30:00Z,2026-05-02T16:30:00Z
1153,187,194,follows,0.38,153,2025-08-15T16:30:00Z,2026-05-02T15:30:00Z
1154,188,195,follows,0.51,160,2025-08-14T16:30:00Z,2026-05-02T14:30:00Z
1155,189,196,follows,0.64,167,2025-08-13T16:30:00Z,2026-05-02T13:30:00Z
1156,190,197,follows,0.77,174,2025-08-12T16:30:00Z,2026-05-02T12:30:00Z
1157,191,198,follows,0.9,181,2025-08-11T16:30:00Z,2026-05-02T11:30:00Z
1158,192,199,follows,0.37,188,2025-08-10T16:30:00Z,2026-05-02T10:30:00Z
1159,193,200,follows,0.5,195,2025-08-09T16:30:00Z,2026-05-02T09:30:00Z
1160,194,201,follows,0.63,202,2025-08-08T16:30:00Z,2026-05-02T08:30:00Z
1161,195,202,follows,0.76,209,2025-08-07T16:30:00Z,2026-05-02T07:30:00Z
1162,196,203,follows,0.89,216,2025-08-06T16:30:00Z,2026-05-02T06:30:00Z
1163,197,204,follows,0.36,3,2025-08-05T16:30:00Z,2026-05-02T05:30:00Z
1164,198,205,follows,0.49,10,2025-08-04T16:30:00Z,2026-05-02T04:30:00Z
1165,199,206,follows,0.62,17,2025-08-03T16:30:00Z,2026-05-02T03:30:00Z
1166,200,207,follows,0.75,24,2025-08-02T16:30:00Z,2026-05-02T02:30:00Z
1167,201,208,follows,0.88,31,2025-08-01T16:30:00Z,2026-05-02T01:30:00Z
1168,202,209,follows,0.35,38,2025-07-31T16:30:00Z,2026-05-02T00:30:00Z
1169,203,210,follows,0.48,45,2025-07-30T16:30:00Z,2026-05-01T23:30:00Z
1170,204,211,follows,0.61,52,2025-07-29T16:30:00Z,2026-05-01T22:30:00Z
1171,205,212,follows,0.74,59,2025-07-28T16:30:00Z,2026-05-01T21:30:00Z
1172,206,213,follows,0.87,66,2025-07-27T16:30:00Z,2026-05-01T20:30:00Z
1173,207,214,follows,0.34,73,2025-07-26T16:30:00Z,2026-05-01T19:30:00Z
1174,208,215,follows,0.47,80,2025-07-25T16:30:00Z,2026-05-01T18:30:00Z
1175,209,216,follows,0.6,87,2025-07-24T16:30:00Z,2026-05-01T17:30:00Z
1176,210,217,follows,0.73,94,2025-07-23T16:30:00Z,2026-05-01T16:30:00Z
1177,211,218,follows,0.86,101,2025-07-22T16:30:00Z,2026-05-01T15:30:00Z
1178,212,219,follows,0.33,108,2025-07-21T16:30:00Z,2026-05-01T14:30:00Z
1179,213,220,follows,0.46,115,2025-07-20T16:30:00Z,2026-05-01T13:30:00Z
1180,214,221,follows,0.59,122,2025-07-19T16:30:00Z,2026-05-01T12:30:00Z
1181,215,222,follows,0.72,129,2025-07-18T16:30:00Z,2026-05-01T11:30:00Z
1182,216,223,follows,0.85,136,2025-07-17T16:30:00Z,2026-05-01T10:30:00Z
1183,217,224,follows,0.32,143,2025-07-16T16:30:00Z,2026-05-01T09:30:00Z
1184,218,225,follows,0.45,150,2025-07-15T16:30:00Z,2026-05-01T08:30:00Z
1185,219,226,follows,0.58,157,2025-07-14T16:30:00Z,2026-05-01T07:30:00Z
1186,220,227,follows,0.71,164,2025-07-13T16:30:00Z,2026-05-01T06:30:00Z
1187,221,228,follows,0.84,171,2025-07-12T16:30:00Z,2026-05-01T05:30:00Z
1188,222,229,follows,0.31,178,2025-07-11T16:30:00Z,2026-05-01T04:30:00Z
1189,223,230,follows,0.44,185,2025-07-10T16:30:00Z,2026-05-01T03:30:00Z
1190,224,231,follows,0.57,192,2025-07-09T16:30:00Z,2026-05-01T02:30:00Z
1191,225,232,follows,0.7,199,2025-07-08T16:30:00Z,2026-05-01T01:30:00Z
1192,226,233,follows,0.83,206,2025-07-07T16:30:00Z,2026-05-01T00:30:00Z
1193,227,234,follows,0.96,213,2025-07-06T16:30:00Z,2026-04-30T23:30:00Z
1194,228,235,follows,0.43,220,2025-07-05T16:30:00Z,2026-04-30T22:30:00Z
1195,229,236,follows,0.56,7,2025-07-04T16:30:00Z,2026-04-30T21:30:00Z
1196,230,237,follows,0.69,14,2025-07-03T16:30:00Z,2026-04-30T20:30:00Z
1197,231,238,follows,0.82,21,2025-07-02T16:30:00Z,2026-04-30T19:30:00Z
1198,232,239,follows,0.95,28,2025-07-01T16:30:00Z,2026-04-30T18:30:00Z
1199,233,240,follows,0.42,35,2025-06-30T16:30:00Z,2026-04-30T17:30:00Z
1200,234,241,follows,0.55,42,2026-04-25T16:30:00Z,2026-05-05T16:30:00Z
1201,235,242,follows,0.68,49,2026-04-24T16:30:00Z,2026-05-05T15:30:00Z
1202,236,243,follows,0.81,56,2026-04-23T16:30:00Z,2026-05-05T14:30:00Z
1203,237,244,follows,0.94,63,2026-04-22T16:30:00Z,2026-05-05T13:30:00Z
1204,238,245,follows,0.41,70,2026-04-21T16:30:00Z,2026-05-05T12:30:00Z
1205,239,246,follows,0.54,77,2026-04-20T16:30:00Z,2026-05-05T11:30:00Z
1206,240,247,follows,0.67,84,2026-04-19T16:30:00Z,2026-05-05T10:30:00Z
1207,241,248,follows,0.8,91,2026-04-18T16:30:00Z,2026-05-05T09:30:00Z
1208,242,249,follows,0.93,98,2026-04-17T16:30:00Z,2026-05-05T08:30:00Z
1209,243,250,follows,0.4,105,2026-04-16T16:30:00Z,2026-05-05T07:30:00Z
1210,244,251,follows,0.53,112,2026-04-15T16:30:00Z,2026-05-05T06:30:00Z
1211,245,252,follows,0.66,119,2026-04-14T16:30:00Z,2026-05-05T05:30:00Z
1212,246,253,follows,0.79,126,2026-04-13T16:30:00Z,2026-05-05T04:30:00Z
1213,247,254,follows,0.92,133,2026-04-12T16:30:00Z,2026-05-05T03:30:00Z
1214,248,255,follows,0.39,140,2026-04-11T16:30:00Z,2026-05-05T02:30:00Z
1215,249,256,follows,0.52,147,2026-04-10T16:30:00Z,2026-05-05T01:30:00Z
1216,250,257,follows,0.65,154,2026-04-09T16:30:00Z,2026-05-05T00:30:00Z
1217,251,258,follows,0.78,161,2026-04-08T16:30:00Z,2026-05-04T23:30:00Z
1218,252,259,follows,0.91,168,2026-04-07T16:30:00Z,2026-05-04T22:30:00Z
1219,253,260,follows,0.38,175,2026-04-06T16:30:00Z,2026-05-04T21:30:00Z
1220,254,261,follows,0.51,182,2026-04-05T16:30:00Z,2026-05-04T20:30:00Z
1221,255,262,follows,0.64,189,2026-04-04T16:30:00Z,2026-05-04T19:30:00Z
1222,256,263,follows,0.77,196,2026-04-03T16:30:00Z,2026-05-04T18:30:00Z
1223,257,264,follows,0.9,203,2026-04-02T16:30:00Z,2026-05-04T17:30:00Z
1224,258,265,follows,0.37,210,2026-04-01T16:30:00Z,2026-05-04T16:30:00Z
1225,259,266,follows,0.5,217,2026-03-31T16:30:00Z,2026-05-04T15:30:00Z
1226,260,267,follows,0.63,4,2026-03-30T16:30:00Z,2026-05-04T14:30:00Z
1227,261,268,follows,0.76,11,2026-03-29T16:30:00Z,2026-05-04T13:30:00Z
1228,262,269,follows,0.89,18,2026-03-28T16:30:00Z,2026-05-04T12:30:00Z
1229,263,270,follows,0.36,25,2026-03-27T16:30:00Z,2026-05-04T11:30:00Z
1230,264,271,follows,0.49,32,2026-03-26T16:30:00Z,2026-05-04T10:30:00Z
1231,265,272,follows,0.62,39,2026-03-25T16:30:00Z,2026-05-04T09:30:00Z
1232,266,273,follows,0.75,46,2026-03-24T16:30:00Z,2026-05-04T08:30:00Z
1233,267,274,follows,0.88,53,2026-03-23T16:30:00Z,2026-05-04T07:30:00Z
1234,268,275,follows,0.35,60,2026-03-22T16:30:00Z,2026-05-04T06:30:00Z
1235,269,276,follows,0.48,67,2026-03-21T16:30:00Z,2026-05-04T05:30:00Z
1236,270,277,follows,0.61,74,2026-03-20T16:30:00Z,2026-05-04T04:30:00Z
1237,271,278,follows,0.74,81,2026-03-19T16:30:00Z,2026-05-04T03:30:00Z
1238,272,279,follows,0.87,88,2026-03-18T16:30:00Z,2026-05-04T02:30:00Z
1239,273,280,follows,0.34,95,2026-03-17T16:30:00Z,2026-05-04T01:30:00Z
1240,274,281,follows,0.47,102,2026-03-16T16:30:00Z,2026-05-04T00:30:00Z
1241,275,282,follows,0.6,109,2026-03-15T16:30:00Z,2026-05-03T23:30:00Z
1242,276,283,follows,0.73,116,2026-03-14T16:30:00Z,2026-05-03T22:30:00Z
1243,277,284,follows,0.86,123,2026-03-13T16:30:00Z,2026-05-03T21:30:00Z
1244,278,285,follows,0.33,130,2026-03-12T16:30:00Z,2026-05-03T20:30:00Z
1245,279,286,follows,0.46,137,2026-03-11T16:30:00Z,2026-05-03T19:30:00Z
1246,280,287,follows,0.59,144,2026-03-10T16:30:00Z,2026-05-03T18:30:00Z
1247,281,288,follows,0.72,151,2026-03-09T16:30:00Z,2026-05-03T17:30:00Z
1248,282,289,follows,0.85,158,2026-03-08T16:30:00Z,2026-05-03T16:30:00Z
1249,283,290,follows,0.32,165,2026-03-07T16:30:00Z,2026-05-03T15:30:00Z
1250,284,291,follows,0.45,172,2026-03-06T16:30:00Z,2026-05-03T14:30:00Z
1251,285,292,follows,0.58,179,2026-03-05T16:30:00Z,2026-05-03T13:30:00Z
1252,286,293,follows,0.71,186,2026-03-04T16:30:00Z,2026-05-03T12:30:00Z
1253,287,294,follows,0.84,193,2026-03-03T16:30:00Z,2026-05-03T11:30:00Z
1254,288,295,follows,0.31,200,2026-03-02T16:30:00Z,2026-05-03T10:30:00Z
1255,289,296,follows,0.44,207,2026-03-01T16:30:00Z,2026-05-03T09:30:00Z
1256,290,297,follows,0.57,214,2026-02-28T16:30:00Z,2026-05-03T08:30:00Z
1257,291,298,follows,0.7,221,2026-02-27T16:30:00Z,2026-05-03T07:30:00Z
1258,292,299,follows,0.83,8,2026-02-26T16:30:00Z,2026-05-03T06:30:00Z
1259,293,300,follows,0.96,15,2026-02-25T16:30:00Z,2026-05-03T05:30:00Z
1260,294,301,follows,0.43,22,2026-02-24T16:30:00Z,2026-05-03T04:30:00Z
1261,295,302,follows,0.56,29,2026-02-23T16:30:00Z,2026-05-03T03:30:00Z
1262,296,303,follows,0.69,36,2026-02-22T16:30:00Z,2026-05-03T02:30:00Z
1263,297,304,follows,0.82,43,2026-02-21T16:30:00Z,2026-05-03T01:30:00Z
1264,298,305,follows,0.95,50,2026-02-20T16:30:00Z,2026-05-03T00:30:00Z
1265,299,306,follows,0.42,57,2026-02-19T16:30:00Z,2026-05-02T23:30:00Z
1266,300,307,follows,0.55,64,2026-02-18T16:30:00Z,2026-05-02T22:30:00Z
1267,301,308,follows,0.68,71,2026-02-17T16:30:00Z,2026-05-02T21:30:00Z
1268,302,309,follows,0.81,78,2026-02-16T16:30:00Z,2026-05-02T20:30:00Z
1269,303,310,follows,0.94,85,2026-02-15T16:30:00Z,2026-05-02T19:30:00Z
1270,304,311,follows,0.41,92,2026-02-14T16:30:00Z,2026-05-02T18:30:00Z
1271,305,312,follows,0.54,99,2026-02-13T16:30:00Z,2026-05-02T17:30:00Z
1272,306,313,follows,0.67,106,2026-02-12T16:30:00Z,2026-05-02T16:30:00Z
1273,307,314,follows,0.8,113,2026-02-11T16:30:00Z,2026-05-02T15:30:00Z
1274,308,315,follows,0.93,120,2026-02-10T16:30:00Z,2026-05-02T14:30:00Z
1275,309,316,follows,0.4,127,2026-02-09T16:30:00Z,2026-05-02T13:30:00Z
1276,310,317,follows,0.53,134,2026-02-08T16:30:00Z,2026-05-02T12:30:00Z
1277,311,318,follows,0.66,141,2026-02-07T16:30:00Z,2026-05-02T11:30:00Z
1278,312,319,follows,0.79,148,2026-02-06T16:30:00Z,2026-05-02T10:30:00Z
1279,313,320,follows,0.92,155,2026-02-05T16:30:00Z,2026-05-02T09:30:00Z
1280,314,321,follows,0.39,162,2026-02-04T16:30:00Z,2026-05-02T08:30:00Z
1281,315,322,follows,0.52,169,2026-02-03T16:30:00Z,2026-05-02T07:30:00Z
1282,316,323,follows,0.65,176,2026-02-02T16:30:00Z,2026-05-02T06:30:00Z
1283,317,324,follows,0.78,183,2026-02-01T16:30:00Z,2026-05-02T05:30:00Z
1284,318,325,follows,0.91,190,2026-01-31T16:30:00Z,2026-05-02T04:30:00Z
1285,319,326,follows,0.38,197,2026-01-30T16:30:00Z,2026-05-02T03:30:00Z
1286,320,327,follows,0.51,204,2026-01-29T16:30:00Z,2026-05-02T02:30:00Z
1287,321,328,follows,0.64,211,2026-01-28T16:30:00Z,2026-05-02T01:30:00Z
1288,322,329,follows,0.77,218,2026-01-27T16:30:00Z,2026-05-02T00:30:00Z
1289,323,330,follows,0.9,5,2026-01-26T16:30:00Z,2026-05-01T23:30:00Z
1290,324,331,follows,0.37,12,2026-01-25T16:30:00Z,2026-05-01T22:30:00Z
1291,325,332,follows,0.5,19,2026-01-24T16:30:00Z,2026-05-01T21:30:00Z
1292,326,333,follows,0.63,26,2026-01-23T16:30:00Z,2026-05-01T20:30:00Z
1293,327,334,follows,0.76,33,2026-01-22T16:30:00Z,2026-05-01T19:30:00Z
1294,328,335,follows,0.89,40,2026-01-21T16:30:00Z,2026-05-01T18:30:00Z
1295,329,336,follows,0.36,47,2026-01-20T16:30:00Z,2026-05-01T17:30:00Z
1296,330,337,follows,0.49,54,2026-01-19T16:30:00Z,2026-05-01T16:30:00Z
1297,331,338,follows,0.62,61,2026-01-18T16:30:00Z,2026-05-01T15:30:00Z
1298,332,339,follows,0.75,68,2026-01-17T16:30:00Z,2026-05-01T14:30:00Z
1299,333,340,follows,0.88,75,2026-01-16T16:30:00Z,2026-05-01T13:30:00Z
1300,334,341,follows,0.35,82,2026-01-15T16:30:00Z,2026-05-01T12:30:00Z
1301,335,342,follows,0.48,89,2026-01-14T16:30:00Z,2026-05-01T11:30:00Z
1302,336,343,follows,0.61,96,2026-01-13T16:30:00Z,2026-05-01T10:30:00Z
1303,337,344,follows,0.74,103,2026-01-12T16:30:00Z,2026-05-01T09:30:00Z
1304,338,345,follows,0.87,110,2026-01-11T16:30:00Z,2026-05-01T08:30:00Z
1305,339,346,follows,0.34,117,2026-01-10T16:30:00Z,2026-05-01T07:30:00Z
1306,340,347,follows,0.47,124,2026-01-09T16:30:00Z,2026-05-01T06:30:00Z
1307,341,348,follows,0.6,131,2026-01-08T16:30:00Z,2026-05-01T05:30:00Z
1308,342,349,follows,0.73,138,2026-01-07T16:30:00Z,2026-05-01T04:30:00Z
1309,343,350,follows,0.86,145,2026-01-06T16:30:00Z,2026-05-01T03:30:00Z
1310,344,351,follows,0.33,152,2026-01-05T16:30:00Z,2026-05-01T02:30:00Z
1311,345,352,follows,0.46,159,2026-01-04T16:30:00Z,2026-05-01T01:30:00Z
1312,346,353,follows,0.59,166,2026-01-03T16:30:00Z,2026-05-01T00:30:00Z
1313,347,354,follows,0.72,173,2026-01-02T16:30:00Z,2026-04-30T23:30:00Z
1314,348,355,follows,0.85,180,2026-01-01T16:30:00Z,2026-04-30T22:30:00Z
1315,349,356,follows,0.32,187,2025-12-31T16:30:00Z,2026-04-30T21:30:00Z
1316,350,357,follows,0.45,194,2025-12-30T16:30:00Z,2026-04-30T20:30:00Z
1317,351,358,follows,0.58,201,2025-12-29T16:30:00Z,2026-04-30T19:30:00Z
1318,352,359,follows,0.71,208,2025-12-28T16:30:00Z,2026-04-30T18:30:00Z
1319,353,360,follows,0.84,215,2025-12-27T16:30:00Z,2026-04-30T17:30:00Z
1320,354,361,follows,0.31,2,2025-12-26T16:30:00Z,2026-05-05T16:30:00Z
1321,355,362,follows,0.44,9,2025-12-25T16:30:00Z,2026-05-05T15:30:00Z
1322,356,363,follows,0.57,16,2025-12-24T16:30:00Z,2026-05-05T14:30:00Z
1323,357,364,follows,0.7,23,2025-12-23T16:30:00Z,2026-05-05T13:30:00Z
1324,358,365,follows,0.83,30,2025-12-22T16:30:00Z,2026-05-05T12:30:00Z
1325,359,366,follows,0.96,37,2025-12-21T16:30:00Z,2026-05-05T11:30:00Z
1326,360,367,follows,0.43,44,2025-12-20T16:30:00Z,2026-05-05T10:30:00Z
1327,361,368,follows,0.56,51,2025-12-19T16:30:00Z,2026-05-05T09:30:00Z
1328,362,369,follows,0.69,58,2025-12-18T16:30:00Z,2026-05-05T08:30:00Z
1329,363,370,follows,0.82,65,2025-12-17T16:30:00Z,2026-05-05T07:30:00Z
1330,364,371,follows,0.95,72,2025-12-16T16:30:00Z,2026-05-05T06:30:00Z
1331,365,372,follows,0.42,79,2025-12-15T16:30:00Z,2026-05-05T05:30:00Z
1332,366,373,follows,0.55,86,2025-12-14T16:30:00Z,2026-05-05T04:30:00Z
1333,367,374,follows,0.68,93,2025-12-13T16:30:00Z,2026-05-05T03:30:00Z
1334,368,375,follows,0.81,100,2025-12-12T16:30:00Z,2026-05-05T02:30:00Z
1335,369,376,follows,0.94,107,2025-12-11T16:30:00Z,2026-05-05T01:30:00Z
1336,370,377,follows,0.41,114,2025-12-10T16:30:00Z,2026-05-05T00:30:00Z
1337,371,378,follows,0.54,121,2025-12-09T16:30:00Z,2026-05-04T23:30:00Z
1338,372,379,follows,0.67,128,2025-12-08T16:30:00Z,2026-05-04T22:30:00Z
1339,373,380,follows,0.8,135,2025-12-07T16:30:00Z,2026-05-04T21:30:00Z
1340,374,381,follows,0.93,142,2025-12-06T16:30:00Z,2026-05-04T20:30:00Z
1341,375,382,follows,0.4,149,2025-12-05T16:30:00Z,2026-05-04T19:30:00Z
1342,376,383,follows,0.53,156,2025-12-04T16:30:00Z,2026-05-04T18:30:00Z
1343,377,384,follows,0.66,163,2025-12-03T16:30:00Z,2026-05-04T17:30:00Z
1344,378,385,follows,0.79,170,2025-12-02T16:30:00Z,2026-05-04T16:30:00Z
1345,379,386,follows,0.92,177,2025-12-01T16:30:00Z,2026-05-04T15:30:00Z
1346,380,387,follows,0.39,184,2025-11-30T16:30:00Z,2026-05-04T14:30:00Z
1347,381,388,follows,0.52,191,2025-11-29T16:30:00Z,2026-05-04T13:30:00Z
1348,382,389,follows,0.65,198,2025-11-28T16:30:00Z,2026-05-04T12:30:00Z
1349,383,390,follows,0.78,205,2025-11-27T16:30:00Z,2026-05-04T11:30:00Z
1350,384,391,follows,0.91,212,2025-11-26T16:30:00Z,2026-05-04T10:30:00Z
1351,385,392,follows,0.38,219,2025-11-25T16:30:00Z,2026-05-04T09:30:00Z
1352,386,393,follows,0.51,6,2025-11-24T16:30:00Z,2026-05-04T08:30:00Z
1353,387,394,follows,0.64,13,2025-11-23T16:30:00Z,2026-05-04T07:30:00Z
1354,388,395,follows,0.77,20,2025-11-22T16:30:00Z,2026-05-04T06:30:00Z
1355,389,396,follows,0.9,27,2025-11-21T16:30:00Z,2026-05-04T05:30:00Z
1356,390,397,follows,0.37,34,2025-11-20T16:30:00Z,2026-05-04T04:30:00Z
1357,391,398,follows,0.5,41,2025-11-19T16:30:00Z,2026-05-04T03:30:00Z
1358,392,399,follows,0.63,48,2025-11-18T16:30:00Z,2026-05-04T02:30:00Z
1359,393,400,follows,0.76,55,2025-11-17T16:30:00Z,2026-05-04T01:30:00Z
1360,394,401,follows,0.89,62,2025-11-16T16:30:00Z,2026-05-04T00:30:00Z
1361,395,402,follows,0.36,69,2025-11-15T16:30:00Z,2026-05-03T23:30:00Z
1362,396,403,follows,0.49,76,2025-11-14T16:30:00Z,2026-05-03T22:30:00Z
1363,397,404,follows,0.62,83,2025-11-13T16:30:00Z,2026-05-03T21:30:00Z
1364,398,405,follows,0.75,90,2025-11-12T16:30:00Z,2026-05-03T20:30:00Z
1365,399,406,follows,0.88,97,2025-11-11T16:30:00Z,2026-05-03T19:30:00Z
1366,400,407,follows,0.35,104,2025-11-10T16:30:00Z,2026-05-03T18:30:00Z
1367,401,408,follows,0.48,111,2025-11-09T16:30:00Z,2026-05-03T17:30:00Z
1368,402,409,follows,0.61,118,2025-11-08T16:30:00Z,2026-05-03T16:30:00Z
1369,403,410,follows,0.74,125,2025-11-07T16:30:00Z,2026-05-03T15:30:00Z
1370,404,411,follows,0.87,132,2025-11-06T16:30:00Z,2026-05-03T14:30:00Z
1371,405,412,follows,0.34,139,2025-11-05T16:30:00Z,2026-05-03T13:30:00Z
1372,406,413,follows,0.47,146,2025-11-04T16:30:00Z,2026-05-03T12:30:00Z
1373,407,414,follows,0.6,153,2025-11-03T16:30:00Z,2026-05-03T11:30:00Z
1374,408,415,follows,0.73,160,2025-11-02T16:30:00Z,2026-05-03T10:30:00Z
1375,409,416,follows,0.86,167,2025-11-01T16:30:00Z,2026-05-03T09:30:00Z
1376,410,417,follows,0.33,174,2025-10-31T16:30:00Z,2026-05-03T08:30:00Z
1377,411,418,follows,0.46,181,2025-10-30T16:30:00Z,2026-05-03T07:30:00Z
1378,412,419,follows,0.59,188,2025-10-29T16:30:00Z,2026-05-03T06:30:00Z
1379,413,420,follows,0.72,195,2025-10-28T16:30:00Z,2026-05-03T05:30:00Z
1380,414,421,follows,0.85,202,2025-10-27T16:30:00Z,2026-05-03T04:30:00Z
1381,415,422,follows,0.32,209,2025-10-26T16:30:00Z,2026-05-03T03:30:00Z
1382,416,423,follows,0.45,216,2025-10-25T16:30:00Z,2026-05-03T02:30:00Z
1383,417,424,follows,0.58,3,2025-10-24T16:30:00Z,2026-05-03T01:30:00Z
1384,418,425,follows,0.71,10,2025-10-23T16:30:00Z,2026-05-03T00:30:00Z
1385,419,426,follows,0.84,17,2025-10-22T16:30:00Z,2026-05-02T23:30:00Z
1386,420,427,follows,0.31,24,2025-10-21T16:30:00Z,2026-05-02T22:30:00Z
1387,421,428,follows,0.44,31,2025-10-20T16:30:00Z,2026-05-02T21:30:00Z
1388,422,429,follows,0.57,38,2025-10-19T16:30:00Z,2026-05-02T20:30:00Z
1389,423,430,follows,0.7,45,2025-10-18T16:30:00Z,2026-05-02T19:30:00Z
1390,424,431,follows,0.83,52,2025-10-17T16:30:00Z,2026-05-02T18:30:00Z
1391,425,432,follows,0.96,59,2025-10-16T16:30:00Z,2026-05-02T17:30:00Z
1392,426,433,follows,0.43,66,2025-10-15T16:30:00Z,2026-05-02T16:30:00Z
1393,427,434,follows,0.56,73,2025-10-14T16:30:00Z,2026-05-02T15:30:00Z
1394,428,435,follows,0.69,80,2025-10-13T16:30:00Z,2026-05-02T14:30:00Z
1395,429,436,follows,0.82,87,2025-10-12T16:30:00Z,2026-05-02T13:30:00Z
1396,430,437,follows,0.95,94,2025-10-11T16:30:00Z,2026-05-02T12:30:00Z
1397,431,438,follows,0.42,101,2025-10-10T16:30:00Z,2026-05-02T11:30:00Z
1398,432,439,follows,0.55,108,2025-10-09T16:30:00Z,2026-05-02T10:30:00Z
1399,433,440,follows,0.68,115,2025-10-08T16:30:00Z,2026-05-02T09:30:00Z
1400,434,441,follows,0.81,122,2025-10-07T16:30:00Z,2026-05-02T08:30:00Z
1401,435,442,follows,0.94,129,2025-10-06T16:30:00Z,2026-05-02T07:30:00Z
1402,436,443,follows,0.41,136,2025-10-05T16:30:00Z,2026-05-02T06:30:00Z
1403,437,444,follows,0.54,143,2025-10-04T16:30:00Z,2026-05-02T05:30:00Z
1404,438,445,follows,0.67,150,2025-10-03T16:30:00Z,2026-05-02T04:30:00Z
1405,439,446,follows,0.8,157,2025-10-02T16:30:00Z,2026-05-02T03:30:00Z
1406,440,447,follows,0.93,164,2025-10-01T16:30:00Z,2026-05-02T02:30:00Z
1407,441,448,follows,0.4,171,2025-09-30T16:30:00Z,2026-05-02T01:30:00Z
1408,442,449,follows,0.53,178,2025-09-29T16:30:00Z,2026-05-02T00:30:00Z
1409,443,450,follows,0.66,185,2025-09-28T16:30:00Z,2026-05-01T23:30:00Z
1410,444,451,follows,0.79,192,2025-09-27T16:30:00Z,2026-05-01T22:30:00Z
1411,445,452,follows,0.92,199,2025-09-26T16:30:00Z,2026-05-01T21:30:00Z
1412,446,453,follows,0.39,206,2025-09-25T16:30:00Z,2026-05-01T20:30:00Z
1413,447,454,follows,0.52,213,2025-09-24T16:30:00Z,2026-05-01T19:30:00Z
1414,448,455,follows,0.65,220,2025-09-23T16:30:00Z,2026-05-01T18:30:00Z
1415,449,456,follows,0.78,7,2025-09-22T16:30:00Z,2026-05-01T17:30:00Z
1416,450,457,follows,0.91,14,2025-09-21T16:30:00Z,2026-05-01T16:30:00Z
1417,451,458,follows,0.38,21,2025-09-20T16:30:00Z,2026-05-01T15:30:00Z
1418,452,459,follows,0.51,28,2025-09-19T16:30:00Z,2026-05-01T14:30:00Z
1419,453,460,follows,0.64,35,2025-09-18T16:30:00Z,2026-05-01T13:30:00Z
1420,454,461,follows,0.77,42,2025-09-17T16:30:00Z,2026-05-01T12:30:00Z
1421,455,462,follows,0.9,49,2025-09-16T16:30:00Z,2026-05-01T11:30:00Z
1422,456,463,follows,0.37,56,2025-09-15T16:30:00Z,2026-05-01T10:30:00Z
1423,457,464,follows,0.5,63,2025-09-14T16:30:00Z,2026-05-01T09:30:00Z
1424,458,465,follows,0.63,70,2025-09-13T16:30:00Z,2026-05-01T08:30:00Z
1425,459,466,follows,0.76,77,2025-09-12T16:30:00Z,2026-05-01T07:30:00Z
1426,460,467,follows,0.89,84,2025-09-11T16:30:00Z,2026-05-01T06:30:00Z
1427,461,468,follows,0.36,91,2025-09-10T16:30:00Z,2026-05-01T05:30:00Z
1428,462,469,follows,0.49,98,2025-09-09T16:30:00Z,2026-05-01T04:30:00Z
1429,463,470,follows,0.62,105,2025-09-08T16:30:00Z,2026-05-01T03:30:00Z
1430,464,471,follows,0.75,112,2025-09-07T16:30:00Z,2026-05-01T02:30:00Z
1431,465,472,follows,0.88,119,2025-09-06T16:30:00Z,2026-05-01T01:30:00Z
1432,466,473,follows,0.35,126,2025-09-05T16:30:00Z,2026-05-01T00:30:00Z
1433,467,474,follows,0.48,133,2025-09-04T16:30:00Z,2026-04-30T23:30:00Z
1434,468,475,follows,0.61,140,2025-09-03T16:30:00Z,2026-04-30T22:30:00Z
1435,469,476,follows,0.74,147,2025-09-02T16:30:00Z,2026-04-30T21:30:00Z
1436,470,477,follows,0.87,154,2025-09-01T16:30:00Z,2026-04-30T20:30:00Z
1437,471,478,follows,0.34,161,2025-08-31T16:30:00Z,2026-04-30T19:30:00Z
1438,472,479,follows,0.47,168,2025-08-30T16:30:00Z,2026-04-30T18:30:00Z
1439,473,480,follows,0.6,175,2025-08-29T16:30:00Z,2026-04-30T17:30:00Z
1440,474,481,follows,0.73,182,2025-08-28T16:30:00Z,2026-05-05T16:30:00Z
1441,475,482,follows,0.86,189,2025-08-27T16:30:00Z,2026-05-05T15:30:00Z
1442,476,483,follows,0.33,196,2025-08-26T16:30:00Z,2026-05-05T14:30:00Z
1443,477,1,follows,0.46,203,2025-08-25T16:30:00Z,2026-05-05T13:30:00Z
1444,478,2,follows,0.59,210,2025-08-24T16:30:00Z,2026-05-05T12:30:00Z
1445,479,3,follows,0.72,217,2025-08-23T16:30:00Z,2026-05-05T11:30:00Z
1446,480,4,follows,0.85,4,2025-08-22T16:30:00Z,2026-05-05T10:30:00Z
1447,481,5,follows,0.32,11,2025-08-21T16:30:00Z,2026-05-05T09:30:00Z
1448,482,6,follows,0.45,18,2025-08-20T16:30:00Z,2026-05-05T08:30:00Z
1449,483,7,follows,0.58,25,2025-08-19T16:30:00Z,2026-05-05T07:30:00Z
1450,1,12,follows,0.71,32,2025-08-18T16:30:00Z,2026-05-05T06:30:00Z
1451,2,13,follows,0.84,39,2025-08-17T16:30:00Z,2026-05-05T05:30:00Z
1452,3,14,follows,0.31,46,2025-08-16T16:30:00Z,2026-05-05T04:30:00Z
1453,4,15,follows,0.44,53,2025-08-15T16:30:00Z,2026-05-05T03:30:00Z
1454,5,16,follows,0.57,60,2025-08-14T16:30:00Z,2026-05-05T02:30:00Z
1455,6,17,follows,0.7,67,2025-08-13T16:30:00Z,2026-05-05T01:30:00Z
1456,7,18,follows,0.83,74,2025-08-12T16:30:00Z,2026-05-05T00:30:00Z
1457,8,19,follows,0.96,81,2025-08-11T16:30:00Z,2026-05-04T23:30:00Z
1458,9,20,follows,0.43,88,2025-08-10T16:30:00Z,2026-05-04T22:30:00Z
1459,10,21,follows,0.56,95,2025-08-09T16:30:00Z,2026-05-04T21:30:00Z
1460,11,22,follows,0.69,102,2025-08-08T16:30:00Z,2026-05-04T20:30:00Z
1461,12,23,follows,0.82,109,2025-08-07T16:30:00Z,2026-05-04T19:30:00Z
1462,13,24,follows,0.95,116,2025-08-06T16:30:00Z,2026-05-04T18:30:00Z
1463,14,25,follows,0.42,123,2025-08-05T16:30:00Z,2026-05-04T17:30:00Z
1464,15,26,follows,0.55,130,2025-08-04T16:30:00Z,2026-05-04T16:30:00Z
1465,16,27,follows,0.68,137,2025-08-03T16:30:00Z,2026-05-04T15:30:00Z
1466,17,28,follows,0.81,144,2025-08-02T16:30:00Z,2026-05-04T14:30:00Z
1467,18,29,follows,0.94,151,2025-08-01T16:30:00Z,2026-05-04T13:30:00Z
1468,19,30,follows,0.41,158,2025-07-31T16:30:00Z,2026-05-04T12:30:00Z
1469,20,31,follows,0.54,165,2025-07-30T16:30:00Z,2026-05-04T11:30:00Z
1470,21,32,follows,0.67,172,2025-07-29T16:30:00Z,2026-05-04T10:30:00Z
1471,22,33,follows,0.8,179,2025-07-28T16:30:00Z,2026-05-04T09:30:00Z
1472,23,34,follows,0.93,186,2025-07-27T16:30:00Z,2026-05-04T08:30:00Z
1473,24,35,follows,0.4,193,2025-07-26T16:30:00Z,2026-05-04T07:30:00Z
1474,25,36,follows,0.53,200,2025-07-25T16:30:00Z,2026-05-04T06:30:00Z
1475,26,37,follows,0.66,207,2025-07-24T16:30:00Z,2026-05-04T05:30:00Z
1476,27,38,follows,0.79,214,2025-07-23T16:30:00Z,2026-05-04T04:30:00Z
1477,28,39,follows,0.92,221,2025-07-22T16:30:00Z,2026-05-04T03:30:00Z
1478,29,40,follows,0.39,8,2025-07-21T16:30:00Z,2026-05-04T02:30:00Z
1479,30,41,follows,0.52,15,2025-07-20T16:30:00Z,2026-05-04T01:30:00Z
1480,31,42,follows,0.65,22,2025-07-19T16:30:00Z,2026-05-04T00:30:00Z
1481,32,43,follows,0.78,29,2025-07-18T16:30:00Z,2026-05-03T23:30:00Z
1482,33,44,follows,0.91,36,2025-07-17T16:30:00Z,2026-05-03T22:30:00Z
1483,34,45,follows,0.38,43,2025-07-16T16:30:00Z,2026-05-03T21:30:00Z
1484,35,46,follows,0.51,50,2025-07-15T16:30:00Z,2026-05-03T20:30:00Z
1485,36,47,follows,0.64,57,2025-07-14T16:30:00Z,2026-05-03T19:30:00Z
1486,37,48,follows,0.77,64,2025-07-13T16:30:00Z,2026-05-03T18:30:00Z
1487,38,49,follows,0.9,71,2025-07-12T16:30:00Z,2026-05-03T17:30:00Z
1488,39,50,follows,0.37,78,2025-07-11T16:30:00Z,2026-05-03T16:30:00Z
1489,40,51,follows,0.5,85,2025-07-10T16:30:00Z,2026-05-03T15:30:00Z
1490,41,52,follows,0.63,92,2025-07-09T16:30:00Z,2026-05-03T14:30:00Z
1491,42,53,follows,0.76,99,2025-07-08T16:30:00Z,2026-05-03T13:30:00Z
1492,43,54,follows,0.89,106,2025-07-07T16:30:00Z,2026-05-03T12:30:00Z
1493,44,55,follows,0.36,113,2025-07-06T16:30:00Z,2026-05-03T11:30:00Z
1494,45,56,follows,0.49,120,2025-07-05T16:30:00Z,2026-05-03T10:30:00Z
1495,46,57,follows,0.62,127,2025-07-04T16:30:00Z,2026-05-03T09:30:00Z
1496,47,58,follows,0.75,134,2025-07-03T16:30:00Z,2026-05-03T08:30:00Z
1497,48,59,follows,0.88,141,2025-07-02T16:30:00Z,2026-05-03T07:30:00Z
1498,49,60,follows,0.35,148,2025-07-01T16:30:00Z,2026-05-03T06:30:00Z
1499,50,61,follows,0.48,155,2025-06-30T16:30:00Z,2026-05-03T05:30:00Z
1500,51,62,follows,0.61,162,2026-04-25T16:30:00Z,2026-05-03T04:30:00Z
1501,52,63,follows,0.74,169,2026-04-24T16:30:00Z,2026-05-03T03:30:00Z
1502,53,64,follows,0.87,176,2026-04-23T16:30:00Z,2026-05-03T02:30:00Z
1503,54,65,follows,0.34,183,2026-04-22T16:30:00Z,2026-05-03T01:30:00Z
1504,55,66,follows,0.47,190,2026-04-21T16:30:00Z,2026-05-03T00:30:00Z
1505,56,67,follows,0.6,197,2026-04-20T16:30:00Z,2026-05-02T23:30:00Z
1506,57,68,follows,0.73,204,2026-04-19T16:30:00Z,2026-05-02T22:30:00Z
1507,58,69,follows,0.86,211,2026-04-18T16:30:00Z,2026-05-02T21:30:00Z
1508,59,70,follows,0.33,218,2026-04-17T16:30:00Z,2026-05-02T20:30:00Z
1509,60,71,follows,0.46,5,2026-04-16T16:30:00Z,2026-05-02T19:30:00Z
1510,61,72,follows,0.59,12,2026-04-15T16:30:00Z,2026-05-02T18:30:00Z
1511,62,73,follows,0.72,19,2026-04-14T16:30:00Z,2026-05-02T17:30:00Z
1512,63,74,follows,0.85,26,2026-04-13T16:30:00Z,2026-05-02T16:30:00Z
1513,64,75,follows,0.32,33,2026-04-12T16:30:00Z,2026-05-02T15:30:00Z
1514,65,76,follows,0.45,40,2026-04-11T16:30:00Z,2026-05-02T14:30:00Z
1515,66,77,follows,0.58,47,2026-04-10T16:30:00Z,2026-05-02T13:30:00Z
1516,67,78,follows,0.71,54,2026-04-09T16:30:00Z,2026-05-02T12:30:00Z
1517,68,79,follows,0.84,61,2026-04-08T16:30:00Z,2026-05-02T11:30:00Z
1518,69,80,follows,0.31,68,2026-04-07T16:30:00Z,2026-05-02T10:30:00Z
1519,70,81,follows,0.44,75,2026-04-06T16:30:00Z,2026-05-02T09:30:00Z
1520,71,82,follows,0.57,82,2026-04-05T16:30:00Z,2026-05-02T08:30:00Z
1521,72,83,follows,0.7,89,2026-04-04T16:30:00Z,2026-05-02T07:30:00Z
1522,73,84,follows,0.83,96,2026-04-03T16:30:00Z,2026-05-02T06:30:00Z
1523,74,85,follows,0.96,103,2026-04-02T16:30:00Z,2026-05-02T05:30:00Z
1524,75,86,follows,0.43,110,2026-04-01T16:30:00Z,2026-05-02T04:30:00Z
1525,76,87,follows,0.56,117,2026-03-31T16:30:00Z,2026-05-02T03:30:00Z
1526,77,88,follows,0.69,124,2026-03-30T16:30:00Z,2026-05-02T02:30:00Z
1527,78,89,follows,0.82,131,2026-03-29T16:30:00Z,2026-05-02T01:30:00Z
1528,79,90,follows,0.95,138,2026-03-28T16:30:00Z,2026-05-02T00:30:00Z
1529,80,91,follows,0.42,145,2026-03-27T16:30:00Z,2026-05-01T23:30:00Z
1530,81,92,follows,0.55,152,2026-03-26T16:30:00Z,2026-05-01T22:30:00Z
1531,82,93,follows,0.68,159,2026-03-25T16:30:00Z,2026-05-01T21:30:00Z
1532,83,94,follows,0.81,166,2026-03-24T16:30:00Z,2026-05-01T20:30:00Z
1533,84,95,follows,0.94,173,2026-03-23T16:30:00Z,2026-05-01T19:30:00Z
1534,85,96,follows,0.41,180,2026-03-22T16:30:00Z,2026-05-01T18:30:00Z
1535,86,97,follows,0.54,187,2026-03-21T16:30:00Z,2026-05-01T17:30:00Z
1536,87,98,follows,0.67,194,2026-03-20T16:30:00Z,2026-05-01T16:30:00Z
1537,88,99,follows,0.8,201,2026-03-19T16:30:00Z,2026-05-01T15:30:00Z
1538,89,100,follows,0.93,208,2026-03-18T16:30:00Z,2026-05-01T14:30:00Z
1539,90,101,follows,0.4,215,2026-03-17T16:30:00Z,2026-05-01T13:30:00Z
1540,91,102,follows,0.53,2,2026-03-16T16:30:00Z,2026-05-01T12:30:00Z
1541,92,103,follows,0.66,9,2026-03-15T16:30:00Z,2026-05-01T11:30:00Z
1542,93,104,follows,0.79,16,2026-03-14T16:30:00Z,2026-05-01T10:30:00Z
1543,94,105,follows,0.92,23,2026-03-13T16:30:00Z,2026-05-01T09:30:00Z
1544,95,106,follows,0.39,30,2026-03-12T16:30:00Z,2026-05-01T08:30:00Z
1545,96,107,follows,0.52,37,2026-03-11T16:30:00Z,2026-05-01T07:30:00Z
1546,97,108,follows,0.65,44,2026-03-10T16:30:00Z,2026-05-01T06:30:00Z
1547,98,109,follows,0.78,51,2026-03-09T16:30:00Z,2026-05-01T05:30:00Z
1548,99,110,follows,0.91,58,2026-03-08T16:30:00Z,2026-05-01T04:30:00Z
1549,100,111,follows,0.38,65,2026-03-07T16:30:00Z,2026-05-01T03:30:00Z
1550,101,112,follows,0.51,72,2026-03-06T16:30:00Z,2026-05-01T02:30:00Z
1551,102,113,follows,0.64,79,2026-03-05T16:30:00Z,2026-05-01T01:30:00Z
1552,103,114,follows,0.77,86,2026-03-04T16:30:00Z,2026-05-01T00:30:00Z
1553,104,115,follows,0.9,93,2026-03-03T16:30:00Z,2026-04-30T23:30:00Z
1554,105,116,follows,0.37,100,2026-03-02T16:30:00Z,2026-04-30T22:30:00Z
1555,106,117,follows,0.5,107,2026-03-01T16:30:00Z,2026-04-30T21:30:00Z
1556,107,118,follows,0.63,114,2026-02-28T16:30:00Z,2026-04-30T20:30:00Z
1557,108,119,follows,0.76,121,2026-02-27T16:30:00Z,2026-04-30T19:30:00Z
1558,109,120,follows,0.89,128,2026-02-26T16:30:00Z,2026-04-30T18:30:00Z
1559,110,121,follows,0.36,135,2026-02-25T16:30:00Z,2026-04-30T17:30:00Z
1560,111,122,follows,0.49,142,2026-02-24T16:30:00Z,2026-05-05T16:30:00Z
1561,112,123,follows,0.62,149,2026-02-23T16:30:00Z,2026-05-05T15:30:00Z
1562,113,124,follows,0.75,156,2026-02-22T16:30:00Z,2026-05-05T14:30:00Z
1563,114,125,follows,0.88,163,2026-02-21T16:30:00Z,2026-05-05T13:30:00Z
1564,115,126,follows,0.35,170,2026-02-20T16:30:00Z,2026-05-05T12:30:00Z
1565,116,127,follows,0.48,177,2026-02-19T16:30:00Z,2026-05-05T11:30:00Z
1566,117,128,follows,0.61,184,2026-02-18T16:30:00Z,2026-05-05T10:30:00Z
1567,118,129,follows,0.74,191,2026-02-17T16:30:00Z,2026-05-05T09:30:00Z
1568,119,130,follows,0.87,198,2026-02-16T16:30:00Z,2026-05-05T08:30:00Z
1569,120,131,follows,0.34,205,2026-02-15T16:30:00Z,2026-05-05T07:30:00Z
1570,121,132,follows,0.47,212,2026-02-14T16:30:00Z,2026-05-05T06:30:00Z
1571,122,133,follows,0.6,219,2026-02-13T16:30:00Z,2026-05-05T05:30:00Z
1572,123,134,follows,0.73,6,2026-02-12T16:30:00Z,2026-05-05T04:30:00Z
1573,124,135,follows,0.86,13,2026-02-11T16:30:00Z,2026-05-05T03:30:00Z
1574,125,136,follows,0.33,20,2026-02-10T16:30:00Z,2026-05-05T02:30:00Z
1575,126,137,follows,0.46,27,2026-02-09T16:30:00Z,2026-05-05T01:30:00Z
1576,127,138,follows,0.59,34,2026-02-08T16:30:00Z,2026-05-05T00:30:00Z
1577,128,139,follows,0.72,41,2026-02-07T16:30:00Z,2026-05-04T23:30:00Z
1578,129,140,follows,0.85,48,2026-02-06T16:30:00Z,2026-05-04T22:30:00Z
1579,130,141,follows,0.32,55,2026-02-05T16:30:00Z,2026-05-04T21:30:00Z
1580,131,142,follows,0.45,62,2026-02-04T16:30:00Z,2026-05-04T20:30:00Z
1581,132,143,follows,0.58,69,2026-02-03T16:30:00Z,2026-05-04T19:30:00Z
1582,133,144,follows,0.71,76,2026-02-02T16:30:00Z,2026-05-04T18:30:00Z
1583,134,145,follows,0.84,83,2026-02-01T16:30:00Z,2026-05-04T17:30:00Z
1584,135,146,follows,0.31,90,2026-01-31T16:30:00Z,2026-05-04T16:30:00Z
1585,136,147,follows,0.44,97,2026-01-30T16:30:00Z,2026-05-04T15:30:00Z
1586,137,148,follows,0.57,104,2026-01-29T16:30:00Z,2026-05-04T14:30:00Z
1587,138,149,follows,0.7,111,2026-01-28T16:30:00Z,2026-05-04T13:30:00Z
1588,139,150,follows,0.83,118,2026-01-27T16:30:00Z,2026-05-04T12:30:00Z
1589,140,151,follows,0.96,125,2026-01-26T16:30:00Z,2026-05-04T11:30:00Z
1590,141,152,follows,0.43,132,2026-01-25T16:30:00Z,2026-05-04T10:30:00Z
1591,142,153,follows,0.56,139,2026-01-24T16:30:00Z,2026-05-04T09:30:00Z
1592,143,154,follows,0.69,146,2026-01-23T16:30:00Z,2026-05-04T08:30:00Z
1593,144,155,follows,0.82,153,2026-01-22T16:30:00Z,2026-05-04T07:30:00Z
1594,145,156,follows,0.95,160,2026-01-21T16:30:00Z,2026-05-04T06:30:00Z
1595,146,157,follows,0.42,167,2026-01-20T16:30:00Z,2026-05-04T05:30:00Z
1596,147,158,follows,0.55,174,2026-01-19T16:30:00Z,2026-05-04T04:30:00Z
1597,148,159,follows,0.68,181,2026-01-18T16:30:00Z,2026-05-04T03:30:00Z
1598,149,160,follows,0.81,188,2026-01-17T16:30:00Z,2026-05-04T02:30:00Z
1599,150,161,follows,0.94,195,2026-01-16T16:30:00Z,2026-05-04T01:30:00Z
1600,151,162,follows,0.41,202,2026-01-15T16:30:00Z,2026-05-04T00:30:00Z
1601,152,163,follows,0.54,209,2026-01-14T16:30:00Z,2026-05-03T23:30:00Z
1602,153,164,follows,0.67,216,2026-01-13T16:30:00Z,2026-05-03T22:30:00Z
1603,154,165,follows,0.8,3,2026-01-12T16:30:00Z,2026-05-03T21:30:00Z
1604,155,166,follows,0.93,10,2026-01-11T16:30:00Z,2026-05-03T20:30:00Z
1605,156,167,follows,0.4,17,2026-01-10T16:30:00Z,2026-05-03T19:30:00Z
1606,157,168,follows,0.53,24,2026-01-09T16:30:00Z,2026-05-03T18:30:00Z
1607,158,169,follows,0.66,31,2026-01-08T16:30:00Z,2026-05-03T17:30:00Z
1608,159,170,follows,0.79,38,2026-01-07T16:30:00Z,2026-05-03T16:30:00Z
1609,160,171,follows,0.92,45,2026-01-06T16:30:00Z,2026-05-03T15:30:00Z
1610,161,172,follows,0.39,52,2026-01-05T16:30:00Z,2026-05-03T14:30:00Z
1611,162,173,follows,0.52,59,2026-01-04T16:30:00Z,2026-05-03T13:30:00Z
1612,163,174,follows,0.65,66,2026-01-03T16:30:00Z,2026-05-03T12:30:00Z
1613,164,175,follows,0.78,73,2026-01-02T16:30:00Z,2026-05-03T11:30:00Z
1614,165,176,follows,0.91,80,2026-01-01T16:30:00Z,2026-05-03T10:30:00Z
1615,166,177,follows,0.38,87,2025-12-31T16:30:00Z,2026-05-03T09:30:00Z
1616,167,178,follows,0.51,94,2025-12-30T16:30:00Z,2026-05-03T08:30:00Z
1617,168,179,follows,0.64,101,2025-12-29T16:30:00Z,2026-05-03T07:30:00Z
1618,169,180,follows,0.77,108,2025-12-28T16:30:00Z,2026-05-03T06:30:00Z
1619,170,181,follows,0.9,115,2025-12-27T16:30:00Z,2026-05-03T05:30:00Z
1620,171,182,follows,0.37,122,2025-12-26T16:30:00Z,2026-05-03T04:30:00Z
1621,172,183,follows,0.5,129,2025-12-25T16:30:00Z,2026-05-03T03:30:00Z
1622,173,184,follows,0.63,136,2025-12-24T16:30:00Z,2026-05-03T02:30:00Z
1623,174,185,follows,0.76,143,2025-12-23T16:30:00Z,2026-05-03T01:30:00Z
1624,175,186,follows,0.89,150,2025-12-22T16:30:00Z,2026-05-03T00:30:00Z
1625,176,187,follows,0.36,157,2025-12-21T16:30:00Z,2026-05-02T23:30:00Z
1626,177,188,follows,0.49,164,2025-12-20T16:30:00Z,2026-05-02T22:30:00Z
1627,178,189,follows,0.62,171,2025-12-19T16:30:00Z,2026-05-02T21:30:00Z
1628,179,190,follows,0.75,178,2025-12-18T16:30:00Z,2026-05-02T20:30:00Z
1629,180,191,follows,0.88,185,2025-12-17T16:30:00Z,2026-05-02T19:30:00Z
1630,181,192,follows,0.35,192,2025-12-16T16:30:00Z,2026-05-02T18:30:00Z
1631,182,193,follows,0.48,199,2025-12-15T16:30:00Z,2026-05-02T17:30:00Z
1632,183,194,follows,0.61,206,2025-12-14T16:30:00Z,2026-05-02T16:30:00Z
1633,184,195,follows,0.74,213,2025-12-13T16:30:00Z,2026-05-02T15:30:00Z
1634,185,196,follows,0.87,220,2025-12-12T16:30:00Z,2026-05-02T14:30:00Z
1635,186,197,follows,0.34,7,2025-12-11T16:30:00Z,2026-05-02T13:30:00Z
1636,187,198,follows,0.47,14,2025-12-10T16:30:00Z,2026-05-02T12:30:00Z
1637,188,199,follows,0.6,21,2025-12-09T16:30:00Z,2026-05-02T11:30:00Z
1638,189,200,follows,0.73,28,2025-12-08T16:30:00Z,2026-05-02T10:30:00Z
1639,190,201,follows,0.86,35,2025-12-07T16:30:00Z,2026-05-02T09:30:00Z
1640,191,202,follows,0.33,42,2025-12-06T16:30:00Z,2026-05-02T08:30:00Z
1641,192,203,follows,0.46,49,2025-12-05T16:30:00Z,2026-05-02T07:30:00Z
1642,193,204,follows,0.59,56,2025-12-04T16:30:00Z,2026-05-02T06:30:00Z
1643,194,205,follows,0.72,63,2025-12-03T16:30:00Z,2026-05-02T05:30:00Z
1644,195,206,follows,0.85,70,2025-12-02T16:30:00Z,2026-05-02T04:30:00Z
1645,196,207,follows,0.32,77,2025-12-01T16:30:00Z,2026-05-02T03:30:00Z
1646,197,208,follows,0.45,84,2025-11-30T16:30:00Z,2026-05-02T02:30:00Z
1647,198,209,follows,0.58,91,2025-11-29T16:30:00Z,2026-05-02T01:30:00Z
1648,199,210,follows,0.71,98,2025-11-28T16:30:00Z,2026-05-02T00:30:00Z
1649,200,211,follows,0.84,105,2025-11-27T16:30:00Z,2026-05-01T23:30:00Z
1650,201,212,follows,0.31,112,2025-11-26T16:30:00Z,2026-05-01T22:30:00Z
1651,202,213,follows,0.44,119,2025-11-25T16:30:00Z,2026-05-01T21:30:00Z
1652,203,214,follows,0.57,126,2025-11-24T16:30:00Z,2026-05-01T20:30:00Z
1653,204,215,follows,0.7,133,2025-11-23T16:30:00Z,2026-05-01T19:30:00Z
1654,205,216,follows,0.83,140,2025-11-22T16:30:00Z,2026-05-01T18:30:00Z
1655,206,217,follows,0.96,147,2025-11-21T16:30:00Z,2026-05-01T17:30:00Z
1656,207,218,follows,0.43,154,2025-11-20T16:30:00Z,2026-05-01T16:30:00Z
1657,208,219,follows,0.56,161,2025-11-19T16:30:00Z,2026-05-01T15:30:00Z
1658,209,220,follows,0.69,168,2025-11-18T16:30:00Z,2026-05-01T14:30:00Z
1659,210,221,follows,0.82,175,2025-11-17T16:30:00Z,2026-05-01T13:30:00Z
1660,211,222,follows,0.95,182,2025-11-16T16:30:00Z,2026-05-01T12:30:00Z
1661,212,223,follows,0.42,189,2025-11-15T16:30:00Z,2026-05-01T11:30:00Z
1662,213,224,follows,0.55,196,2025-11-14T16:30:00Z,2026-05-01T10:30:00Z
1663,214,225,follows,0.68,203,2025-11-13T16:30:00Z,2026-05-01T09:30:00Z
1664,215,226,follows,0.81,210,2025-11-12T16:30:00Z,2026-05-01T08:30:00Z
1665,216,227,follows,0.94,217,2025-11-11T16:30:00Z,2026-05-01T07:30:00Z
1666,217,228,follows,0.41,4,2025-11-10T16:30:00Z,2026-05-01T06:30:00Z
1667,218,229,follows,0.54,11,2025-11-09T16:30:00Z,2026-05-01T05:30:00Z
1668,219,230,follows,0.67,18,2025-11-08T16:30:00Z,2026-05-01T04:30:00Z
1669,220,231,follows,0.8,25,2025-11-07T16:30:00Z,2026-05-01T03:30:00Z
1670,221,232,follows,0.93,32,2025-11-06T16:30:00Z,2026-05-01T02:30:00Z
1671,222,233,follows,0.4,39,2025-11-05T16:30:00Z,2026-05-01T01:30:00Z
1672,223,234,follows,0.53,46,2025-11-04T16:30:00Z,2026-05-01T00:30:00Z
1673,224,235,follows,0.66,53,2025-11-03T16:30:00Z,2026-04-30T23:30:00Z
1674,225,236,follows,0.79,60,2025-11-02T16:30:00Z,2026-04-30T22:30:00Z
1675,226,237,follows,0.92,67,2025-11-01T16:30:00Z,2026-04-30T21:30:00Z
1676,227,238,follows,0.39,74,2025-10-31T16:30:00Z,2026-04-30T20:30:00Z
1677,228,239,follows,0.52,81,2025-10-30T16:30:00Z,2026-04-30T19:30:00Z
1678,229,240,follows,0.65,88,2025-10-29T16:30:00Z,2026-04-30T18:30:00Z
1679,230,241,follows,0.78,95,2025-10-28T16:30:00Z,2026-04-30T17:30:00Z
1680,231,242,follows,0.91,102,2025-10-27T16:30:00Z,2026-05-05T16:30:00Z
1681,232,243,follows,0.38,109,2025-10-26T16:30:00Z,2026-05-05T15:30:00Z
1682,233,244,follows,0.51,116,2025-10-25T16:30:00Z,2026-05-05T14:30:00Z
1683,234,245,follows,0.64,123,2025-10-24T16:30:00Z,2026-05-05T13:30:00Z
1684,235,246,follows,0.77,130,2025-10-23T16:30:00Z,2026-05-05T12:30:00Z
1685,236,247,follows,0.9,137,2025-10-22T16:30:00Z,2026-05-05T11:30:00Z
1686,237,248,follows,0.37,144,2025-10-21T16:30:00Z,2026-05-05T10:30:00Z
1687,238,249,follows,0.5,151,2025-10-20T16:30:00Z,2026-05-05T09:30:00Z
1688,239,250,follows,0.63,158,2025-10-19T16:30:00Z,2026-05-05T08:30:00Z
1689,240,251,follows,0.76,165,2025-10-18T16:30:00Z,2026-05-05T07:30:00Z
1690,241,252,follows,0.89,172,2025-10-17T16:30:00Z,2026-05-05T06:30:00Z
1691,242,253,follows,0.36,179,2025-10-16T16:30:00Z,2026-05-05T05:30:00Z
1692,243,254,follows,0.49,186,2025-10-15T16:30:00Z,2026-05-05T04:30:00Z
1693,244,255,follows,0.62,193,2025-10-14T16:30:00Z,2026-05-05T03:30:00Z
1694,245,256,follows,0.75,200,2025-10-13T16:30:00Z,2026-05-05T02:30:00Z
1695,246,257,follows,0.88,207,2025-10-12T16:30:00Z,2026-05-05T01:30:00Z
1696,247,258,follows,0.35,214,2025-10-11T16:30:00Z,2026-05-05T00:30:00Z
1697,248,259,follows,0.48,221,2025-10-10T16:30:00Z,2026-05-04T23:30:00Z
1698,249,260,follows,0.61,8,2025-10-09T16:30:00Z,2026-05-04T22:30:00Z
1699,250,261,follows,0.74,15,2025-10-08T16:30:00Z,2026-05-04T21:30:00Z
1700,251,262,follows,0.87,22,2025-10-07T16:30:00Z,2026-05-04T20:30:00Z
1701,252,263,follows,0.34,29,2025-10-06T16:30:00Z,2026-05-04T19:30:00Z
1702,253,264,follows,0.47,36,2025-10-05T16:30:00Z,2026-05-04T18:30:00Z
1703,254,265,follows,0.6,43,2025-10-04T16:30:00Z,2026-05-04T17:30:00Z
1704,255,266,follows,0.73,50,2025-10-03T16:30:00Z,2026-05-04T16:30:00Z
1705,256,267,follows,0.86,57,2025-10-02T16:30:00Z,2026-05-04T15:30:00Z
1706,257,268,follows,0.33,64,2025-10-01T16:30:00Z,2026-05-04T14:30:00Z
1707,258,269,follows,0.46,71,2025-09-30T16:30:00Z,2026-05-04T13:30:00Z
1708,259,270,follows,0.59,78,2025-09-29T16:30:00Z,2026-05-04T12:30:00Z
1709,260,271,follows,0.72,85,2025-09-28T16:30:00Z,2026-05-04T11:30:00Z
1710,261,272,follows,0.85,92,2025-09-27T16:30:00Z,2026-05-04T10:30:00Z
1711,262,273,follows,0.32,99,2025-09-26T16:30:00Z,2026-05-04T09:30:00Z
1712,263,274,follows,0.45,106,2025-09-25T16:30:00Z,2026-05-04T08:30:00Z
1713,264,275,follows,0.58,113,2025-09-24T16:30:00Z,2026-05-04T07:30:00Z
1714,265,276,follows,0.71,120,2025-09-23T16:30:00Z,2026-05-04T06:30:00Z
1715,266,277,follows,0.84,127,2025-09-22T16:30:00Z,2026-05-04T05:30:00Z
1716,267,278,follows,0.31,134,2025-09-21T16:30:00Z,2026-05-04T04:30:00Z
1717,268,279,follows,0.44,141,2025-09-20T16:30:00Z,2026-05-04T03:30:00Z
1718,269,280,follows,0.57,148,2025-09-19T16:30:00Z,2026-05-04T02:30:00Z
1719,270,281,follows,0.7,155,2025-09-18T16:30:00Z,2026-05-04T01:30:00Z
1720,271,282,follows,0.83,162,2025-09-17T16:30:00Z,2026-05-04T00:30:00Z
1721,272,283,follows,0.96,169,2025-09-16T16:30:00Z,2026-05-03T23:30:00Z
1722,273,284,follows,0.43,176,2025-09-15T16:30:00Z,2026-05-03T22:30:00Z
1723,274,285,follows,0.56,183,2025-09-14T16:30:00Z,2026-05-03T21:30:00Z
1724,275,286,follows,0.69,190,2025-09-13T16:30:00Z,2026-05-03T20:30:00Z
1725,276,287,follows,0.82,197,2025-09-12T16:30:00Z,2026-05-03T19:30:00Z
1726,277,288,follows,0.95,204,2025-09-11T16:30:00Z,2026-05-03T18:30:00Z
1727,278,289,follows,0.42,211,2025-09-10T16:30:00Z,2026-05-03T17:30:00Z
1728,279,290,follows,0.55,218,2025-09-09T16:30:00Z,2026-05-03T16:30:00Z
1729,280,291,follows,0.68,5,2025-09-08T16:30:00Z,2026-05-03T15:30:00Z
1730,281,292,follows,0.81,12,2025-09-07T16:30:00Z,2026-05-03T14:30:00Z
1731,282,293,follows,0.94,19,2025-09-06T16:30:00Z,2026-05-03T13:30:00Z
1732,283,294,follows,0.41,26,2025-09-05T16:30:00Z,2026-05-03T12:30:00Z
1733,284,295,follows,0.54,33,2025-09-04T16:30:00Z,2026-05-03T11:30:00Z
1734,285,296,follows,0.67,40,2025-09-03T16:30:00Z,2026-05-03T10:30:00Z
1735,286,297,follows,0.8,47,2025-09-02T16:30:00Z,2026-05-03T09:30:00Z
1736,287,298,follows,0.93,54,2025-09-01T16:30:00Z,2026-05-03T08:30:00Z
1737,288,299,follows,0.4,61,2025-08-31T16:30:00Z,2026-05-03T07:30:00Z
1738,289,300,follows,0.53,68,2025-08-30T16:30:00Z,2026-05-03T06:30:00Z
1739,290,301,follows,0.66,75,2025-08-29T16:30:00Z,2026-05-03T05:30:00Z
1740,291,302,follows,0.79,82,2025-08-28T16:30:00Z,2026-05-03T04:30:00Z
1741,292,303,follows,0.92,89,2025-08-27T16:30:00Z,2026-05-03T03:30:00Z
1742,293,304,follows,0.39,96,2025-08-26T16:30:00Z,2026-05-03T02:30:00Z
1743,294,305,follows,0.52,103,2025-08-25T16:30:00Z,2026-05-03T01:30:00Z
1744,295,306,follows,0.65,110,2025-08-24T16:30:00Z,2026-05-03T00:30:00Z
1745,296,307,follows,0.78,117,2025-08-23T16:30:00Z,2026-05-02T23:30:00Z
1746,297,308,follows,0.91,124,2025-08-22T16:30:00Z,2026-05-02T22:30:00Z
1747,298,309,follows,0.38,131,2025-08-21T16:30:00Z,2026-05-02T21:30:00Z
1748,299,310,follows,0.51,138,2025-08-20T16:30:00Z,2026-05-02T20:30:00Z
1749,300,311,follows,0.64,145,2025-08-19T16:30:00Z,2026-05-02T19:30:00Z
1750,301,312,follows,0.77,152,2025-08-18T16:30:00Z,2026-05-02T18:30:00Z
1751,302,313,follows,0.9,159,2025-08-17T16:30:00Z,2026-05-02T17:30:00Z
1752,303,314,follows,0.37,166,2025-08-16T16:30:00Z,2026-05-02T16:30:00Z
1753,304,315,follows,0.5,173,2025-08-15T16:30:00Z,2026-05-02T15:30:00Z
1754,305,316,follows,0.63,180,2025-08-14T16:30:00Z,2026-05-02T14:30:00Z
1755,306,317,follows,0.76,187,2025-08-13T16:30:00Z,2026-05-02T13:30:00Z
1756,307,318,follows,0.89,194,2025-08-12T16:30:00Z,2026-05-02T12:30:00Z
1757,308,319,follows,0.36,201,2025-08-11T16:30:00Z,2026-05-02T11:30:00Z
1758,309,320,follows,0.49,208,2025-08-10T16:30:00Z,2026-05-02T10:30:00Z
1759,310,321,follows,0.62,215,2025-08-09T16:30:00Z,2026-05-02T09:30:00Z
1760,311,322,follows,0.75,2,2025-08-08T16:30:00Z,2026-05-02T08:30:00Z
1761,312,323,follows,0.88,9,2025-08-07T16:30:00Z,2026-05-02T07:30:00Z
1762,313,324,follows,0.35,16,2025-08-06T16:30:00Z,2026-05-02T06:30:00Z
1763,314,325,follows,0.48,23,2025-08-05T16:30:00Z,2026-05-02T05:30:00Z
1764,315,326,follows,0.61,30,2025-08-04T16:30:00Z,2026-05-02T04:30:00Z
1765,316,327,follows,0.74,37,2025-08-03T16:30:00Z,2026-05-02T03:30:00Z
1766,317,328,follows,0.87,44,2025-08-02T16:30:00Z,2026-05-02T02:30:00Z
1767,318,329,follows,0.34,51,2025-08-01T16:30:00Z,2026-05-02T01:30:00Z
1768,319,330,follows,0.47,58,2025-07-31T16:30:00Z,2026-05-02T00:30:00Z
1769,320,331,follows,0.6,65,2025-07-30T16:30:00Z,2026-05-01T23:30:00Z
1770,321,332,follows,0.73,72,2025-07-29T16:30:00Z,2026-05-01T22:30:00Z
1771,322,333,follows,0.86,79,2025-07-28T16:30:00Z,2026-05-01T21:30:00Z
1772,323,334,follows,0.33,86,2025-07-27T16:30:00Z,2026-05-01T20:30:00Z
1773,324,335,follows,0.46,93,2025-07-26T16:30:00Z,2026-05-01T19:30:00Z
1774,325,336,follows,0.59,100,2025-07-25T16:30:00Z,2026-05-01T18:30:00Z
1775,326,337,follows,0.72,107,2025-07-24T16:30:00Z,2026-05-01T17:30:00Z
1776,327,338,follows,0.85,114,2025-07-23T16:30:00Z,2026-05-01T16:30:00Z
1777,328,339,follows,0.32,121,2025-07-22T16:30:00Z,2026-05-01T15:30:00Z
1778,329,340,follows,0.45,128,2025-07-21T16:30:00Z,2026-05-01T14:30:00Z
1779,330,341,follows,0.58,135,2025-07-20T16:30:00Z,2026-05-01T13:30:00Z
1780,331,342,follows,0.71,142,2025-07-19T16:30:00Z,2026-05-01T12:30:00Z
1781,332,343,follows,0.84,149,2025-07-18T16:30:00Z,2026-05-01T11:30:00Z
1782,333,344,follows,0.31,156,2025-07-17T16:30:00Z,2026-05-01T10:30:00Z
1783,334,345,follows,0.44,163,2025-07-16T16:30:00Z,2026-05-01T09:30:00Z
1784,335,346,follows,0.57,170,2025-07-15T16:30:00Z,2026-05-01T08:30:00Z
1785,336,347,follows,0.7,177,2025-07-14T16:30:00Z,2026-05-01T07:30:00Z
1786,337,348,follows,0.83,184,2025-07-13T16:30:00Z,2026-05-01T06:30:00Z
1787,338,349,follows,0.96,191,2025-07-12T16:30:00Z,2026-05-01T05:30:00Z
1788,339,350,follows,0.43,198,2025-07-11T16:30:00Z,2026-05-01T04:30:00Z
1789,340,351,follows,0.56,205,2025-07-10T16:30:00Z,2026-05-01T03:30:00Z
1790,341,352,follows,0.69,212,2025-07-09T16:30:00Z,2026-05-01T02:30:00Z
1791,342,353,follows,0.82,219,2025-07-08T16:30:00Z,2026-05-01T01:30:00Z
1792,343,354,follows,0.95,6,2025-07-07T16:30:00Z,2026-05-01T00:30:00Z
1793,344,355,follows,0.42,13,2025-07-06T16:30:00Z,2026-04-30T23:30:00Z
1794,345,356,follows,0.55,20,2025-07-05T16:30:00Z,2026-04-30T22:30:00Z
1795,346,357,follows,0.68,27,2025-07-04T16:30:00Z,2026-04-30T21:30:00Z
1796,347,358,follows,0.81,34,2025-07-03T16:30:00Z,2026-04-30T20:30:00Z
1797,348,359,follows,0.94,41,2025-07-02T16:30:00Z,2026-04-30T19:30:00Z
1798,349,360,follows,0.41,48,2025-07-01T16:30:00Z,2026-04-30T18:30:00Z
1799,350,361,follows,0.54,55,2025-06-30T16:30:00Z,2026-04-30T17:30:00Z
1800,351,362,follows,0.67,62,2026-04-25T16:30:00Z,2026-05-05T16:30:00Z
1801,352,363,follows,0.8,69,2026-04-24T16:30:00Z,2026-05-05T15:30:00Z
1802,353,364,follows,0.93,76,2026-04-23T16:30:00Z,2026-05-05T14:30:00Z
1803,354,365,follows,0.4,83,2026-04-22T16:30:00Z,2026-05-05T13:30:00Z
1804,355,366,follows,0.53,90,2026-04-21T16:30:00Z,2026-05-05T12:30:00Z
1805,356,367,follows,0.66,97,2026-04-20T16:30:00Z,2026-05-05T11:30:00Z
1806,357,368,follows,0.79,104,2026-04-19T16:30:00Z,2026-05-05T10:30:00Z
1807,358,369,follows,0.92,111,2026-04-18T16:30:00Z,2026-05-05T09:30:00Z
1808,359,370,follows,0.39,118,2026-04-17T16:30:00Z,2026-05-05T08:30:00Z
1809,360,371,follows,0.52,125,2026-04-16T16:30:00Z,2026-05-05T07:30:00Z
1810,361,372,follows,0.65,132,2026-04-15T16:30:00Z,2026-05-05T06:30:00Z
1811,362,373,follows,0.78,139,2026-04-14T16:30:00Z,2026-05-05T05:30:00Z
1812,363,374,follows,0.91,146,2026-04-13T16:30:00Z,2026-05-05T04:30:00Z
1813,364,375,follows,0.38,153,2026-04-12T16:30:00Z,2026-05-05T03:30:00Z
1814,365,376,follows,0.51,160,2026-04-11T16:30:00Z,2026-05-05T02:30:00Z
1815,366,377,follows,0.64,167,2026-04-10T16:30:00Z,2026-05-05T01:30:00Z
1816,367,378,follows,0.77,174,2026-04-09T16:30:00Z,2026-05-05T00:30:00Z
1817,368,379,follows,0.9,181,2026-04-08T16:30:00Z,2026-05-04T23:30:00Z
1818,369,380,follows,0.37,188,2026-04-07T16:30:00Z,2026-05-04T22:30:00Z
1819,370,381,follows,0.5,195,2026-04-06T16:30:00Z,2026-05-04T21:30:00Z
1820,371,382,follows,0.63,202,2026-04-05T16:30:00Z,2026-05-04T20:30:00Z
1821,372,383,follows,0.76,209,2026-04-04T16:30:00Z,2026-05-04T19:30:00Z
1822,373,384,follows,0.89,216,2026-04-03T16:30:00Z,2026-05-04T18:30:00Z
1823,374,385,follows,0.36,3,2026-04-02T16:30:00Z,2026-05-04T17:30:00Z
1824,375,386,follows,0.49,10,2026-04-01T16:30:00Z,2026-05-04T16:30:00Z
1825,376,387,follows,0.62,17,2026-03-31T16:30:00Z,2026-05-04T15:30:00Z
1826,377,388,follows,0.75,24,2026-03-30T16:30:00Z,2026-05-04T14:30:00Z
1827,378,389,follows,0.88,31,2026-03-29T16:30:00Z,2026-05-04T13:30:00Z
1828,379,390,follows,0.35,38,2026-03-28T16:30:00Z,2026-05-04T12:30:00Z
1829,380,391,follows,0.48,45,2026-03-27T16:30:00Z,2026-05-04T11:30:00Z
1830,381,392,follows,0.61,52,2026-03-26T16:30:00Z,2026-05-04T10:30:00Z
1831,382,393,follows,0.74,59,2026-03-25T16:30:00Z,2026-05-04T09:30:00Z
1832,383,394,follows,0.87,66,2026-03-24T16:30:00Z,2026-05-04T08:30:00Z
1833,384,395,follows,0.34,73,2026-03-23T16:30:00Z,2026-05-04T07:30:00Z
1834,385,396,follows,0.47,80,2026-03-22T16:30:00Z,2026-05-04T06:30:00Z
1835,386,397,follows,0.6,87,2026-03-21T16:30:00Z,2026-05-04T05:30:00Z
1836,387,398,follows,0.73,94,2026-03-20T16:30:00Z,2026-05-04T04:30:00Z
1837,388,399,follows,0.86,101,2026-03-19T16:30:00Z,2026-05-04T03:30:00Z
1838,389,400,follows,0.33,108,2026-03-18T16:30:00Z,2026-05-04T02:30:00Z
1839,390,401,follows,0.46,115,2026-03-17T16:30:00Z,2026-05-04T01:30:00Z
1840,391,402,follows,0.59,122,2026-03-16T16:30:00Z,2026-05-04T00:30:00Z
1841,392,403,follows,0.72,129,2026-03-15T16:30:00Z,2026-05-03T23:30:00Z
1842,393,404,follows,0.85,136,2026-03-14T16:30:00Z,2026-05-03T22:30:00Z
1843,394,405,follows,0.32,143,2026-03-13T16:30:00Z,2026-05-03T21:30:00Z
1844,395,406,follows,0.45,150,2026-03-12T16:30:00Z,2026-05-03T20:30:00Z
1845,396,407,follows,0.58,157,2026-03-11T16:30:00Z,2026-05-03T19:30:00Z
1846,397,408,follows,0.71,164,2026-03-10T16:30:00Z,2026-05-03T18:30:00Z
1847,398,409,follows,0.84,171,2026-03-09T16:30:00Z,2026-05-03T17:30:00Z
1848,399,410,follows,0.31,178,2026-03-08T16:30:00Z,2026-05-03T16:30:00Z
1849,400,411,follows,0.44,185,2026-03-07T16:30:00Z,2026-05-03T15:30:00Z
1850,401,412,follows,0.57,192,2026-03-06T16:30:00Z,2026-05-03T14:30:00Z
1851,402,413,follows,0.7,199,2026-03-05T16:30:00Z,2026-05-03T13:30:00Z
1852,403,414,follows,0.83,206,2026-03-04T16:30:00Z,2026-05-03T12:30:00Z
1853,404,415,follows,0.96,213,2026-03-03T16:30:00Z,2026-05-03T11:30:00Z
1854,405,416,follows,0.43,220,2026-03-02T16:30:00Z,2026-05-03T10:30:00Z
1855,406,417,follows,0.56,7,2026-03-01T16:30:00Z,2026-05-03T09:30:00Z
1856,407,418,follows,0.69,14,2026-02-28T16:30:00Z,2026-05-03T08:30:00Z
1857,408,419,follows,0.82,21,2026-02-27T16:30:00Z,2026-05-03T07:30:00Z
1858,409,420,follows,0.95,28,2026-02-26T16:30:00Z,2026-05-03T06:30:00Z
1859,410,421,follows,0.42,35,2026-02-25T16:30:00Z,2026-05-03T05:30:00Z
1860,411,422,follows,0.55,42,2026-02-24T16:30:00Z,2026-05-03T04:30:00Z
1861,412,423,follows,0.68,49,2026-02-23T16:30:00Z,2026-05-03T03:30:00Z
1862,413,424,follows,0.81,56,2026-02-22T16:30:00Z,2026-05-03T02:30:00Z
1863,414,425,follows,0.94,63,2026-02-21T16:30:00Z,2026-05-03T01:30:00Z
1864,415,426,follows,0.41,70,2026-02-20T16:30:00Z,2026-05-03T00:30:00Z
1865,416,427,follows,0.54,77,2026-02-19T16:30:00Z,2026-05-02T23:30:00Z
1866,417,428,follows,0.67,84,2026-02-18T16:30:00Z,2026-05-02T22:30:00Z
1867,418,429,follows,0.8,91,2026-02-17T16:30:00Z,2026-05-02T21:30:00Z
1868,419,430,follows,0.93,98,2026-02-16T16:30:00Z,2026-05-02T20:30:00Z
1869,420,431,follows,0.4,105,2026-02-15T16:30:00Z,2026-05-02T19:30:00Z
1870,421,432,follows,0.53,112,2026-02-14T16:30:00Z,2026-05-02T18:30:00Z
1871,422,433,follows,0.66,119,2026-02-13T16:30:00Z,2026-05-02T17:30:00Z
1872,423,434,follows,0.79,126,2026-02-12T16:30:00Z,2026-05-02T16:30:00Z
1873,424,435,follows,0.92,133,2026-02-11T16:30:00Z,2026-05-02T15:30:00Z
1874,425,436,follows,0.39,140,2026-02-10T16:30:00Z,2026-05-02T14:30:00Z
1875,426,437,follows,0.52,147,2026-02-09T16:30:00Z,2026-05-02T13:30:00Z
1876,427,438,follows,0.65,154,2026-02-08T16:30:00Z,2026-05-02T12:30:00Z
1877,428,439,follows,0.78,161,2026-02-07T16:30:00Z,2026-05-02T11:30:00Z
1878,429,440,follows,0.91,168,2026-02-06T16:30:00Z,2026-05-02T10:30:00Z
1879,430,441,follows,0.38,175,2026-02-05T16:30:00Z,2026-05-02T09:30:00Z
1880,431,442,follows,0.51,182,2026-02-04T16:30:00Z,2026-05-02T08:30:00Z
1881,432,443,follows,0.64,189,2026-02-03T16:30:00Z,2026-05-02T07:30:00Z
1882,433,444,follows,0.77,196,2026-02-02T16:30:00Z,2026-05-02T06:30:00Z
1883,434,445,follows,0.9,203,2026-02-01T16:30:00Z,2026-05-02T05:30:00Z
1884,435,446,follows,0.37,210,2026-01-31T16:30:00Z,2026-05-02T04:30:00Z
1885,436,447,follows,0.5,217,2026-01-30T16:30:00Z,2026-05-02T03:30:00Z
1886,437,448,follows,0.63,4,2026-01-29T16:30:00Z,2026-05-02T02:30:00Z
1887,438,449,follows,0.76,11,2026-01-28T16:30:00Z,2026-05-02T01:30:00Z
1888,439,450,follows,0.89,18,2026-01-27T16:30:00Z,2026-05-02T00:30:00Z
1889,440,451,follows,0.36,25,2026-01-26T16:30:00Z,2026-05-01T23:30:00Z
1890,441,452,follows,0.49,32,2026-01-25T16:30:00Z,2026-05-01T22:30:00Z
1891,442,453,follows,0.62,39,2026-01-24T16:30:00Z,2026-05-01T21:30:00Z
1892,443,454,follows,0.75,46,2026-01-23T16:30:00Z,2026-05-01T20:30:00Z
1893,444,455,follows,0.88,53,2026-01-22T16:30:00Z,2026-05-01T19:30:00Z
1894,445,456,follows,0.35,60,2026-01-21T16:30:00Z,2026-05-01T18:30:00Z
1895,446,457,follows,0.48,67,2026-01-20T16:30:00Z,2026-05-01T17:30:00Z
1896,447,458,follows,0.61,74,2026-01-19T16:30:00Z,2026-05-01T16:30:00Z
1897,448,459,follows,0.74,81,2026-01-18T16:30:00Z,2026-05-01T15:30:00Z
1898,449,460,follows,0.87,88,2026-01-17T16:30:00Z,2026-05-01T14:30:00Z
1899,450,461,follows,0.34,95,2026-01-16T16:30:00Z,2026-05-01T13:30:00Z
1900,451,462,follows,0.47,102,2026-01-15T16:30:00Z,2026-05-01T12:30:00Z
1901,452,463,follows,0.6,109,2026-01-14T16:30:00Z,2026-05-01T11:30:00Z
1902,453,464,follows,0.73,116,2026-01-13T16:30:00Z,2026-05-01T10:30:00Z
1903,454,465,follows,0.86,123,2026-01-12T16:30:00Z,2026-05-01T09:30:00Z
1904,455,466,follows,0.33,130,2026-01-11T16:30:00Z,2026-05-01T08:30:00Z
1905,456,467,follows,0.46,137,2026-01-10T16:30:00Z,2026-05-01T07:30:00Z
1906,457,468,follows,0.59,144,2026-01-09T16:30:00Z,2026-05-01T06:30:00Z
1907,458,469,follows,0.72,151,2026-01-08T16:30:00Z,2026-05-01T05:30:00Z
1908,459,470,follows,0.85,158,2026-01-07T16:30:00Z,2026-05-01T04:30:00Z
1909,460,471,follows,0.32,165,2026-01-06T16:30:00Z,2026-05-01T03:30:00Z
1910,461,472,follows,0.45,172,2026-01-05T16:30:00Z,2026-05-01T02:30:00Z
1911,462,473,follows,0.58,179,2026-01-04T16:30:00Z,2026-05-01T01:30:00Z
1912,463,474,follows,0.71,186,2026-01-03T16:30:00Z,2026-05-01T00:30:00Z
1913,464,475,follows,0.84,193,2026-01-02T16:30:00Z,2026-04-30T23:30:00Z
1914,465,476,follows,0.31,200,2026-01-01T16:30:00Z,2026-04-30T22:30:00Z
1915,466,477,follows,0.44,207,2025-12-31T16:30:00Z,2026-04-30T21:30:00Z
1916,467,478,follows,0.57,214,2025-12-30T16:30:00Z,2026-04-30T20:30:00Z
1917,468,479,follows,0.7,221,2025-12-29T16:30:00Z,2026-04-30T19:30:00Z
1918,469,480,follows,0.83,8,2025-12-28T16:30:00Z,2026-04-30T18:30:00Z
1919,470,481,follows,0.96,15,2025-12-27T16:30:00Z,2026-04-30T17:30:00Z
1920,471,482,follows,0.43,22,2025-12-26T16:30:00Z,2026-05-05T16:30:00Z
1921,472,483,follows,0.56,29,2025-12-25T16:30:00Z,2026-05-05T15:30:00Z
1922,473,1,follows,0.69,36,2025-12-24T16:30:00Z,2026-05-05T14:30:00Z
1923,474,2,follows,0.82,43,2025-12-23T16:30:00Z,2026-05-05T13:30:00Z
1924,475,3,follows,0.95,50,2025-12-22T16:30:00Z,2026-05-05T12:30:00Z
1925,476,4,follows,0.42,57,2025-12-21T16:30:00Z,2026-05-05T11:30:00Z
1926,477,5,follows,0.55,64,2025-12-20T16:30:00Z,2026-05-05T10:30:00Z
1927,478,6,follows,0.68,71,2025-12-19T16:30:00Z,2026-05-05T09:30:00Z
1928,479,7,follows,0.81,78,2025-12-18T16:30:00Z,2026-05-05T08:30:00Z
1929,480,8,follows,0.94,85,2025-12-17T16:30:00Z,2026-05-05T07:30:00Z
1930,481,9,follows,0.41,92,2025-12-16T16:30:00Z,2026-05-05T06:30:00Z
1931,482,10,follows,0.54,99,2025-12-15T16:30:00Z,2026-05-05T05:30:00Z
1932,483,11,follows,0.67,106,2025-12-14T16:30:00Z,2026-05-05T04:30:00Z
1933,1,18,follows,0.8,113,2025-12-13T16:30:00Z,2026-05-05T03:30:00Z
1934,2,19,follows,0.93,120,2025-12-12T16:30:00Z,2026-05-05T02:30:00Z
1935,3,20,follows,0.4,127,2025-12-11T16:30:00Z,2026-05-05T01:30:00Z
1936,4,21,follows,0.53,134,2025-12-10T16:30:00Z,2026-05-05T00:30:00Z
1937,5,22,follows,0.66,141,2025-12-09T16:30:00Z,2026-05-04T23:30:00Z
1938,6,23,follows,0.79,148,2025-12-08T16:30:00Z,2026-05-04T22:30:00Z
1939,7,24,follows,0.92,155,2025-12-07T16:30:00Z,2026-05-04T21:30:00Z
1940,8,25,follows,0.39,162,2025-12-06T16:30:00Z,2026-05-04T20:30:00Z
1941,9,26,follows,0.52,169,2025-12-05T16:30:00Z,2026-05-04T19:30:00Z
1942,10,27,follows,0.65,176,2025-12-04T16:30:00Z,2026-05-04T18:30:00Z
1943,11,28,follows,0.78,183,2025-12-03T16:30:00Z,2026-05-04T17:30:00Z
1944,12,29,follows,0.91,190,2025-12-02T16:30:00Z,2026-05-04T16:30:00Z
1945,13,30,follows,0.38,197,2025-12-01T16:30:00Z,2026-05-04T15:30:00Z
1946,14,31,follows,0.51,204,2025-11-30T16:30:00Z,2026-05-04T14:30:00Z
1947,15,32,follows,0.64,211,2025-11-29T16:30:00Z,2026-05-04T13:30:00Z
1948,16,33,follows,0.77,218,2025-11-28T16:30:00Z,2026-05-04T12:30:00Z
1949,17,34,follows,0.9,5,2025-11-27T16:30:00Z,2026-05-04T11:30:00Z
1950,18,35,follows,0.37,12,2025-11-26T16:30:00Z,2026-05-04T10:30:00Z
1951,19,36,follows,0.5,19,2025-11-25T16:30:00Z,2026-05-04T09:30:00Z
1952,20,37,follows,0.63,26,2025-11-24T16:30:00Z,2026-05-04T08:30:00Z
1953,21,38,follows,0.76,33,2025-11-23T16:30:00Z,2026-05-04T07:30:00Z
1954,22,39,follows,0.89,40,2025-11-22T16:30:00Z,2026-05-04T06:30:00Z
1955,23,40,follows,0.36,47,2025-11-21T16:30:00Z,2026-05-04T05:30:00Z
1956,24,41,follows,0.49,54,2025-11-20T16:30:00Z,2026-05-04T04:30:00Z
1957,25,42,follows,0.62,61,2025-11-19T16:30:00Z,2026-05-04T03:30:00Z
1958,26,43,follows,0.75,68,2025-11-18T16:30:00Z,2026-05-04T02:30:00Z
1959,27,44,follows,0.88,75,2025-11-17T16:30:00Z,2026-05-04T01:30:00Z
1960,28,45,follows,0.35,82,2025-11-16T16:30:00Z,2026-05-04T00:30:00Z
1961,29,46,follows,0.48,89,2025-11-15T16:30:00Z,2026-05-03T23:30:00Z
1962,30,47,follows,0.61,96,2025-11-14T16:30:00Z,2026-05-03T22:30:00Z
1963,31,48,follows,0.74,103,2025-11-13T16:30:00Z,2026-05-03T21:30:00Z
1964,32,49,follows,0.87,110,2025-11-12T16:30:00Z,2026-05-03T20:30:00Z
1965,33,50,follows,0.34,117,2025-11-11T16:30:00Z,2026-05-03T19:30:00Z
1966,34,51,follows,0.47,124,2025-11-10T16:30:00Z,2026-05-03T18:30:00Z
1967,35,52,follows,0.6,131,2025-11-09T16:30:00Z,2026-05-03T17:30:00Z
1968,36,53,follows,0.73,138,2025-11-08T16:30:00Z,2026-05-03T16:30:00Z
1969,37,54,follows,0.86,145,2025-11-07T16:30:00Z,2026-05-03T15:30:00Z
1970,38,55,follows,0.33,152,2025-11-06T16:30:00Z,2026-05-03T14:30:00Z
1971,39,56,follows,0.46,159,2025-11-05T16:30:00Z,2026-05-03T13:30:00Z
1972,40,57,follows,0.59,166,2025-11-04T16:30:00Z,2026-05-03T12:30:00Z
1973,41,58,follows,0.72,173,2025-11-03T16:30:00Z,2026-05-03T11:30:00Z
1974,42,59,follows,0.85,180,2025-11-02T16:30:00Z,2026-05-03T10:30:00Z
1975,43,60,follows,0.32,187,2025-11-01T16:30:00Z,2026-05-03T09:30:00Z
1976,44,61,follows,0.45,194,2025-10-31T16:30:00Z,2026-05-03T08:30:00Z
1977,45,62,follows,0.58,201,2025-10-30T16:30:00Z,2026-05-03T07:30:00Z
1978,46,63,follows,0.71,208,2025-10-29T16:30:00Z,2026-05-03T06:30:00Z
1979,47,64,follows,0.84,215,2025-10-28T16:30:00Z,2026-05-03T05:30:00Z
1980,48,65,follows,0.31,2,2025-10-27T16:30:00Z,2026-05-03T04:30:00Z
1981,49,66,follows,0.44,9,2025-10-26T16:30:00Z,2026-05-03T03:30:00Z
1982,50,67,follows,0.57,16,2025-10-25T16:30:00Z,2026-05-03T02:30:00Z
1983,51,68,follows,0.7,23,2025-10-24T16:30:00Z,2026-05-03T01:30:00Z
1984,52,69,follows,0.83,30,2025-10-23T16:30:00Z,2026-05-03T00:30:00Z
1985,53,70,follows,0.96,37,2025-10-22T16:30:00Z,2026-05-02T23:30:00Z
1986,54,71,follows,0.43,44,2025-10-21T16:30:00Z,2026-05-02T22:30:00Z
1987,55,72,follows,0.56,51,2025-10-20T16:30:00Z,2026-05-02T21:30:00Z
1988,56,73,follows,0.69,58,2025-10-19T16:30:00Z,2026-05-02T20:30:00Z
1989,57,74,follows,0.82,65,2025-10-18T16:30:00Z,2026-05-02T19:30:00Z
1990,58,75,follows,0.95,72,2025-10-17T16:30:00Z,2026-05-02T18:30:00Z
1991,59,76,follows,0.42,79,2025-10-16T16:30:00Z,2026-05-02T17:30:00Z
1992,60,77,follows,0.55,86,2025-10-15T16:30:00Z,2026-05-02T16:30:00Z
1993,61,78,follows,0.68,93,2025-10-14T16:30:00Z,2026-05-02T15:30:00Z
1994,62,79,follows,0.81,100,2025-10-13T16:30:00Z,2026-05-02T14:30:00Z
1995,63,80,follows,0.94,107,2025-10-12T16:30:00Z,2026-05-02T13:30:00Z
1996,64,81,follows,0.41,114,2025-10-11T16:30:00Z,2026-05-02T12:30:00Z
1997,65,82,follows,0.54,121,2025-10-10T16:30:00Z,2026-05-02T11:30:00Z
1998,66,83,follows,0.67,128,2025-10-09T16:30:00Z,2026-05-02T10:30:00Z
1999,67,84,follows,0.8,135,2025-10-08T16:30:00Z,2026-05-02T09:30:00Z
2000,68,85,follows,0.93,142,2025-10-07T16:30:00Z,2026-05-02T08:30:00Z
2001,69,86,follows,0.4,149,2025-10-06T16:30:00Z,2026-05-02T07:30:00Z
2002,70,87,follows,0.53,156,2025-10-05T16:30:00Z,2026-05-02T06:30:00Z
2003,71,88,follows,0.66,163,2025-10-04T16:30:00Z,2026-05-02T05:30:00Z
2004,72,89,follows,0.79,170,2025-10-03T16:30:00Z,2026-05-02T04:30:00Z
2005,73,90,follows,0.92,177,2025-10-02T16:30:00Z,2026-05-02T03:30:00Z
2006,74,91,follows,0.39,184,2025-10-01T16:30:00Z,2026-05-02T02:30:00Z
2007,75,92,follows,0.52,191,2025-09-30T16:30:00Z,2026-05-02T01:30:00Z
2008,76,93,follows,0.65,198,2025-09-29T16:30:00Z,2026-05-02T00:30:00Z
2009,77,94,follows,0.78,205,2025-09-28T16:30:00Z,2026-05-01T23:30:00Z
2010,78,95,follows,0.91,212,2025-09-27T16:30:00Z,2026-05-01T22:30:00Z
2011,79,96,follows,0.38,219,2025-09-26T16:30:00Z,2026-05-01T21:30:00Z
2012,80,97,follows,0.51,6,2025-09-25T16:30:00Z,2026-05-01T20:30:00Z
2013,81,98,follows,0.64,13,2025-09-24T16:30:00Z,2026-05-01T19:30:00Z
2014,82,99,follows,0.77,20,2025-09-23T16:30:00Z,2026-05-01T18:30:00Z
2015,83,100,follows,0.9,27,2025-09-22T16:30:00Z,2026-05-01T17:30:00Z
2016,84,101,follows,0.37,34,2025-09-21T16:30:00Z,2026-05-01T16:30:00Z
2017,85,102,follows,0.5,41,2025-09-20T16:30:00Z,2026-05-01T15:30:00Z
2018,86,103,follows,0.63,48,2025-09-19T16:30:00Z,2026-05-01T14:30:00Z
2019,87,104,follows,0.76,55,2025-09-18T16:30:00Z,2026-05-01T13:30:00Z
2020,88,105,follows,0.89,62,2025-09-17T16:30:00Z,2026-05-01T12:30:00Z
2021,89,106,follows,0.36,69,2025-09-16T16:30:00Z,2026-05-01T11:30:00Z
2022,90,107,follows,0.49,76,2025-09-15T16:30:00Z,2026-05-01T10:30:00Z
2023,91,108,follows,0.62,83,2025-09-14T16:30:00Z,2026-05-01T09:30:00Z
2024,92,109,follows,0.75,90,2025-09-13T16:30:00Z,2026-05-01T08:30:00Z
2025,93,110,follows,0.88,97,2025-09-12T16:30:00Z,2026-05-01T07:30:00Z
2026,94,111,follows,0.35,104,2025-09-11T16:30:00Z,2026-05-01T06:30:00Z
2027,95,112,follows,0.48,111,2025-09-10T16:30:00Z,2026-05-01T05:30:00Z
2028,96,113,follows,0.61,118,2025-09-09T16:30:00Z,2026-05-01T04:30:00Z
2029,97,114,follows,0.74,125,2025-09-08T16:30:00Z,2026-05-01T03:30:00Z
2030,98,115,follows,0.87,132,2025-09-07T16:30:00Z,2026-05-01T02:30:00Z
2031,99,116,follows,0.34,139,2025-09-06T16:30:00Z,2026-05-01T01:30:00Z
2032,100,117,follows,0.47,146,2025-09-05T16:30:00Z,2026-05-01T00:30:00Z
2033,101,118,follows,0.6,153,2025-09-04T16:30:00Z,2026-04-30T23:30:00Z
2034,102,119,follows,0.73,160,2025-09-03T16:30:00Z,2026-04-30T22:30:00Z
2035,103,120,follows,0.86,167,2025-09-02T16:30:00Z,2026-04-30T21:30:00Z
2036,104,121,follows,0.33,174,2025-09-01T16:30:00Z,2026-04-30T20:30:00Z
2037,105,122,follows,0.46,181,2025-08-31T16:30:00Z,2026-04-30T19:30:00Z
2038,106,123,follows,0.59,188,2025-08-30T16:30:00Z,2026-04-30T18:30:00Z
2039,107,124,follows,0.72,195,2025-08-29T16:30:00Z,2026-04-30T17:30:00Z
2040,108,125,follows,0.85,202,2025-08-28T16:30:00Z,2026-05-05T16:30:00Z
2041,109,126,follows,0.32,209,2025-08-27T16:30:00Z,2026-05-05T15:30:00Z
2042,110,127,follows,0.45,216,2025-08-26T16:30:00Z,2026-05-05T14:30:00Z
2043,111,128,follows,0.58,3,2025-08-25T16:30:00Z,2026-05-05T13:30:00Z
2044,112,129,follows,0.71,10,2025-08-24T16:30:00Z,2026-05-05T12:30:00Z
2045,113,130,follows,0.84,17,2025-08-23T16:30:00Z,2026-05-05T11:30:00Z
2046,114,131,follows,0.31,24,2025-08-22T16:30:00Z,2026-05-05T10:30:00Z
2047,115,132,follows,0.44,31,2025-08-21T16:30:00Z,2026-05-05T09:30:00Z
2048,116,133,follows,0.57,38,2025-08-20T16:30:00Z,2026-05-05T08:30:00Z
2049,117,134,follows,0.7,45,2025-08-19T16:30:00Z,2026-05-05T07:30:00Z
2050,118,135,follows,0.83,52,2025-08-18T16:30:00Z,2026-05-05T06:30:00Z
2051,119,136,follows,0.96,59,2025-08-17T16:30:00Z,2026-05-05T05:30:00Z
2052,120,137,follows,0.43,66,2025-08-16T16:30:00Z,2026-05-05T04:30:00Z
2053,121,138,follows,0.56,73,2025-08-15T16:30:00Z,2026-05-05T03:30:00Z
2054,122,139,follows,0.69,80,2025-08-14T16:30:00Z,2026-05-05T02:30:00Z
2055,123,140,follows,0.82,87,2025-08-13T16:30:00Z,2026-05-05T01:30:00Z
2056,124,141,follows,0.95,94,2025-08-12T16:30:00Z,2026-05-05T00:30:00Z
2057,125,142,follows,0.42,101,2025-08-11T16:30:00Z,2026-05-04T23:30:00Z
2058,126,143,follows,0.55,108,2025-08-10T16:30:00Z,2026-05-04T22:30:00Z
2059,127,144,follows,0.68,115,2025-08-09T16:30:00Z,2026-05-04T21:30:00Z
2060,128,145,follows,0.81,122,2025-08-08T16:30:00Z,2026-05-04T20:30:00Z
2061,129,146,follows,0.94,129,2025-08-07T16:30:00Z,2026-05-04T19:30:00Z
2062,130,147,follows,0.41,136,2025-08-06T16:30:00Z,2026-05-04T18:30:00Z
2063,131,148,follows,0.54,143,2025-08-05T16:30:00Z,2026-05-04T17:30:00Z
2064,132,149,follows,0.67,150,2025-08-04T16:30:00Z,2026-05-04T16:30:00Z
2065,133,150,follows,0.8,157,2025-08-03T16:30:00Z,2026-05-04T15:30:00Z
2066,134,151,follows,0.93,164,2025-08-02T16:30:00Z,2026-05-04T14:30:00Z
2067,135,152,follows,0.4,171,2025-08-01T16:30:00Z,2026-05-04T13:30:00Z
2068,136,153,follows,0.53,178,2025-07-31T16:30:00Z,2026-05-04T12:30:00Z
2069,137,154,follows,0.66,185,2025-07-30T16:30:00Z,2026-05-04T11:30:00Z
2070,138,155,follows,0.79,192,2025-07-29T16:30:00Z,2026-05-04T10:30:00Z
2071,139,156,follows,0.92,199,2025-07-28T16:30:00Z,2026-05-04T09:30:00Z
2072,140,157,follows,0.39,206,2025-07-27T16:30:00Z,2026-05-04T08:30:00Z
2073,141,158,follows,0.52,213,2025-07-26T16:30:00Z,2026-05-04T07:30:00Z
2074,142,159,follows,0.65,220,2025-07-25T16:30:00Z,2026-05-04T06:30:00Z
2075,143,160,follows,0.78,7,2025-07-24T16:30:00Z,2026-05-04T05:30:00Z
2076,144,161,follows,0.91,14,2025-07-23T16:30:00Z,2026-05-04T04:30:00Z
2077,145,162,follows,0.38,21,2025-07-22T16:30:00Z,2026-05-04T03:30:00Z
2078,146,163,follows,0.51,28,2025-07-21T16:30:00Z,2026-05-04T02:30:00Z
2079,147,164,follows,0.64,35,2025-07-20T16:30:00Z,2026-05-04T01:30:00Z
2080,148,165,follows,0.77,42,2025-07-19T16:30:00Z,2026-05-04T00:30:00Z
2081,149,166,follows,0.9,49,2025-07-18T16:30:00Z,2026-05-03T23:30:00Z
2082,150,167,follows,0.37,56,2025-07-17T16:30:00Z,2026-05-03T22:30:00Z
2083,151,168,follows,0.5,63,2025-07-16T16:30:00Z,2026-05-03T21:30:00Z
2084,152,169,follows,0.63,70,2025-07-15T16:30:00Z,2026-05-03T20:30:00Z
2085,153,170,follows,0.76,77,2025-07-14T16:30:00Z,2026-05-03T19:30:00Z
2086,154,171,follows,0.89,84,2025-07-13T16:30:00Z,2026-05-03T18:30:00Z
2087,155,172,follows,0.36,91,2025-07-12T16:30:00Z,2026-05-03T17:30:00Z
2088,156,173,follows,0.49,98,2025-07-11T16:30:00Z,2026-05-03T16:30:00Z
2089,157,174,follows,0.62,105,2025-07-10T16:30:00Z,2026-05-03T15:30:00Z
2090,158,175,follows,0.75,112,2025-07-09T16:30:00Z,2026-05-03T14:30:00Z
2091,159,176,follows,0.88,119,2025-07-08T16:30:00Z,2026-05-03T13:30:00Z
2092,160,177,follows,0.35,126,2025-07-07T16:30:00Z,2026-05-03T12:30:00Z
2093,161,178,follows,0.48,133,2025-07-06T16:30:00Z,2026-05-03T11:30:00Z
2094,162,179,follows,0.61,140,2025-07-05T16:30:00Z,2026-05-03T10:30:00Z
2095,163,180,follows,0.74,147,2025-07-04T16:30:00Z,2026-05-03T09:30:00Z
2096,164,181,follows,0.87,154,2025-07-03T16:30:00Z,2026-05-03T08:30:00Z
2097,165,182,follows,0.34,161,2025-07-02T16:30:00Z,2026-05-03T07:30:00Z
2098,166,183,follows,0.47,168,2025-07-01T16:30:00Z,2026-05-03T06:30:00Z
2099,167,184,follows,0.6,175,2025-06-30T16:30:00Z,2026-05-03T05:30:00Z
2100,168,185,follows,0.73,182,2026-04-25T16:30:00Z,2026-05-03T04:30:00Z
2101,169,186,follows,0.86,189,2026-04-24T16:30:00Z,2026-05-03T03:30:00Z
2102,170,187,follows,0.33,196,2026-04-23T16:30:00Z,2026-05-03T02:30:00Z
2103,171,188,follows,0.46,203,2026-04-22T16:30:00Z,2026-05-03T01:30:00Z
2104,172,189,follows,0.59,210,2026-04-21T16:30:00Z,2026-05-03T00:30:00Z
2105,173,190,follows,0.72,217,2026-04-20T16:30:00Z,2026-05-02T23:30:00Z
2106,174,191,follows,0.85,4,2026-04-19T16:30:00Z,2026-05-02T22:30:00Z
2107,175,192,follows,0.32,11,2026-04-18T16:30:00Z,2026-05-02T21:30:00Z
2108,176,193,follows,0.45,18,2026-04-17T16:30:00Z,2026-05-02T20:30:00Z
2109,177,194,follows,0.58,25,2026-04-16T16:30:00Z,2026-05-02T19:30:00Z
2110,178,195,follows,0.71,32,2026-04-15T16:30:00Z,2026-05-02T18:30:00Z
2111,179,196,follows,0.84,39,2026-04-14T16:30:00Z,2026-05-02T17:30:00Z
2112,180,197,follows,0.31,46,2026-04-13T16:30:00Z,2026-05-02T16:30:00Z
2113,181,198,follows,0.44,53,2026-04-12T16:30:00Z,2026-05-02T15:30:00Z
2114,182,199,follows,0.57,60,2026-04-11T16:30:00Z,2026-05-02T14:30:00Z
2115,183,200,follows,0.7,67,2026-04-10T16:30:00Z,2026-05-02T13:30:00Z
2116,184,201,follows,0.83,74,2026-04-09T16:30:00Z,2026-05-02T12:30:00Z
2117,185,202,follows,0.96,81,2026-04-08T16:30:00Z,2026-05-02T11:30:00Z
2118,186,203,follows,0.43,88,2026-04-07T16:30:00Z,2026-05-02T10:30:00Z
2119,187,204,follows,0.56,95,2026-04-06T16:30:00Z,2026-05-02T09:30:00Z
2120,188,205,follows,0.69,102,2026-04-05T16:30:00Z,2026-05-02T08:30:00Z
2121,189,206,follows,0.82,109,2026-04-04T16:30:00Z,2026-05-02T07:30:00Z
2122,190,207,follows,0.95,116,2026-04-03T16:30:00Z,2026-05-02T06:30:00Z
2123,191,208,follows,0.42,123,2026-04-02T16:30:00Z,2026-05-02T05:30:00Z
2124,192,209,follows,0.55,130,2026-04-01T16:30:00Z,2026-05-02T04:30:00Z
2125,193,210,follows,0.68,137,2026-03-31T16:30:00Z,2026-05-02T03:30:00Z
2126,194,211,follows,0.81,144,2026-03-30T16:30:00Z,2026-05-02T02:30:00Z
2127,195,212,follows,0.94,151,2026-03-29T16:30:00Z,2026-05-02T01:30:00Z
2128,196,213,follows,0.41,158,2026-03-28T16:30:00Z,2026-05-02T00:30:00Z
2129,197,214,follows,0.54,165,2026-03-27T16:30:00Z,2026-05-01T23:30:00Z
2130,198,215,follows,0.67,172,2026-03-26T16:30:00Z,2026-05-01T22:30:00Z
2131,199,216,follows,0.8,179,2026-03-25T16:30:00Z,2026-05-01T21:30:00Z
2132,200,217,follows,0.93,186,2026-03-24T16:30:00Z,2026-05-01T20:30:00Z
2133,201,218,follows,0.4,193,2026-03-23T16:30:00Z,2026-05-01T19:30:00Z
2134,202,219,follows,0.53,200,2026-03-22T16:30:00Z,2026-05-01T18:30:00Z
2135,203,220,follows,0.66,207,2026-03-21T16:30:00Z,2026-05-01T17:30:00Z
2136,204,221,follows,0.79,214,2026-03-20T16:30:00Z,2026-05-01T16:30:00Z
2137,205,222,follows,0.92,221,2026-03-19T16:30:00Z,2026-05-01T15:30:00Z
2138,206,223,follows,0.39,8,2026-03-18T16:30:00Z,2026-05-01T14:30:00Z
2139,207,224,follows,0.52,15,2026-03-17T16:30:00Z,2026-05-01T13:30:00Z
2140,208,225,follows,0.65,22,2026-03-16T16:30:00Z,2026-05-01T12:30:00Z
2141,209,226,follows,0.78,29,2026-03-15T16:30:00Z,2026-05-01T11:30:00Z
2142,210,227,follows,0.91,36,2026-03-14T16:30:00Z,2026-05-01T10:30:00Z
2143,211,228,follows,0.38,43,2026-03-13T16:30:00Z,2026-05-01T09:30:00Z
2144,212,229,follows,0.51,50,2026-03-12T16:30:00Z,2026-05-01T08:30:00Z
2145,213,230,follows,0.64,57,2026-03-11T16:30:00Z,2026-05-01T07:30:00Z
2146,214,231,follows,0.77,64,2026-03-10T16:30:00Z,2026-05-01T06:30:00Z
2147,215,232,follows,0.9,71,2026-03-09T16:30:00Z,2026-05-01T05:30:00Z
2148,216,233,follows,0.37,78,2026-03-08T16:30:00Z,2026-05-01T04:30:00Z
2149,217,234,follows,0.5,85,2026-03-07T16:30:00Z,2026-05-01T03:30:00Z
2150,218,235,follows,0.63,92,2026-03-06T16:30:00Z,2026-05-01T02:30:00Z
2151,219,236,follows,0.76,99,2026-03-05T16:30:00Z,2026-05-01T01:30:00Z
2152,220,237,follows,0.89,106,2026-03-04T16:30:00Z,2026-05-01T00:30:00Z
2153,221,238,follows,0.36,113,2026-03-03T16:30:00Z,2026-04-30T23:30:00Z
2154,222,239,follows,0.49,120,2026-03-02T16:30:00Z,2026-04-30T22:30:00Z
2155,223,240,follows,0.62,127,2026-03-01T16:30:00Z,2026-04-30T21:30:00Z
2156,224,241,follows,0.75,134,2026-02-28T16:30:00Z,2026-04-30T20:30:00Z
2157,225,242,follows,0.88,141,2026-02-27T16:30:00Z,2026-04-30T19:30:00Z
2158,226,243,follows,0.35,148,2026-02-26T16:30:00Z,2026-04-30T18:30:00Z
2159,227,244,follows,0.48,155,2026-02-25T16:30:00Z,2026-04-30T17:30:00Z
2160,228,245,follows,0.61,162,2026-02-24T16:30:00Z,2026-05-05T16:30:00Z
2161,229,246,follows,0.74,169,2026-02-23T16:30:00Z,2026-05-05T15:30:00Z
2162,230,247,follows,0.87,176,2026-02-22T16:30:00Z,2026-05-05T14:30:00Z
2163,231,248,follows,0.34,183,2026-02-21T16:30:00Z,2026-05-05T13:30:00Z
2164,232,249,follows,0.47,190,2026-02-20T16:30:00Z,2026-05-05T12:30:00Z
2165,233,250,follows,0.6,197,2026-02-19T16:30:00Z,2026-05-05T11:30:00Z
2166,234,251,follows,0.73,204,2026-02-18T16:30:00Z,2026-05-05T10:30:00Z
2167,235,252,follows,0.86,211,2026-02-17T16:30:00Z,2026-05-05T09:30:00Z
2168,236,253,follows,0.33,218,2026-02-16T16:30:00Z,2026-05-05T08:30:00Z
2169,237,254,follows,0.46,5,2026-02-15T16:30:00Z,2026-05-05T07:30:00Z
2170,238,255,follows,0.59,12,2026-02-14T16:30:00Z,2026-05-05T06:30:00Z
2171,239,256,follows,0.72,19,2026-02-13T16:30:00Z,2026-05-05T05:30:00Z
2172,240,257,follows,0.85,26,2026-02-12T16:30:00Z,2026-05-05T04:30:00Z
2173,241,258,follows,0.32,33,2026-02-11T16:30:00Z,2026-05-05T03:30:00Z
2174,242,259,follows,0.45,40,2026-02-10T16:30:00Z,2026-05-05T02:30:00Z
2175,243,260,follows,0.58,47,2026-02-09T16:30:00Z,2026-05-05T01:30:00Z
2176,244,261,follows,0.71,54,2026-02-08T16:30:00Z,2026-05-05T00:30:00Z
2177,245,262,follows,0.84,61,2026-02-07T16:30:00Z,2026-05-04T23:30:00Z
2178,246,263,follows,0.31,68,2026-02-06T16:30:00Z,2026-05-04T22:30:00Z
2179,247,264,follows,0.44,75,2026-02-05T16:30:00Z,2026-05-04T21:30:00Z
2180,248,265,follows,0.57,82,2026-02-04T16:30:00Z,2026-05-04T20:30:00Z
2181,249,266,follows,0.7,89,2026-02-03T16:30:00Z,2026-05-04T19:30:00Z
2182,250,267,follows,0.83,96,2026-02-02T16:30:00Z,2026-05-04T18:30:00Z
2183,251,268,follows,0.96,103,2026-02-01T16:30:00Z,2026-05-04T17:30:00Z
2184,252,269,follows,0.43,110,2026-01-31T16:30:00Z,2026-05-04T16:30:00Z
2185,253,270,follows,0.56,117,2026-01-30T16:30:00Z,2026-05-04T15:30:00Z
2186,254,271,follows,0.69,124,2026-01-29T16:30:00Z,2026-05-04T14:30:00Z
2187,255,272,follows,0.82,131,2026-01-28T16:30:00Z,2026-05-04T13:30:00Z
2188,256,273,follows,0.95,138,2026-01-27T16:30:00Z,2026-05-04T12:30:00Z
2189,257,274,follows,0.42,145,2026-01-26T16:30:00Z,2026-05-04T11:30:00Z
2190,258,275,follows,0.55,152,2026-01-25T16:30:00Z,2026-05-04T10:30:00Z
2191,259,276,follows,0.68,159,2026-01-24T16:30:00Z,2026-05-04T09:30:00Z
2192,260,277,follows,0.81,166,2026-01-23T16:30:00Z,2026-05-04T08:30:00Z
2193,261,278,follows,0.94,173,2026-01-22T16:30:00Z,2026-05-04T07:30:00Z
2194,262,279,follows,0.41,180,2026-01-21T16:30:00Z,2026-05-04T06:30:00Z
2195,263,280,follows,0.54,187,2026-01-20T16:30:00Z,2026-05-04T05:30:00Z
2196,264,281,follows,0.67,194,2026-01-19T16:30:00Z,2026-05-04T04:30:00Z
2197,265,282,follows,0.8,201,2026-01-18T16:30:00Z,2026-05-04T03:30:00Z
2198,266,283,follows,0.93,208,2026-01-17T16:30:00Z,2026-05-04T02:30:00Z
2199,267,284,follows,0.4,215,2026-01-16T16:30:00Z,2026-05-04T01:30:00Z
2200,268,285,follows,0.53,2,2026-01-15T16:30:00Z,2026-05-04T00:30:00Z
2201,269,286,follows,0.66,9,2026-01-14T16:30:00Z,2026-05-03T23:30:00Z
2202,270,287,follows,0.79,16,2026-01-13T16:30:00Z,2026-05-03T22:30:00Z
2203,271,288,follows,0.92,23,2026-01-12T16:30:00Z,2026-05-03T21:30:00Z
2204,272,289,follows,0.39,30,2026-01-11T16:30:00Z,2026-05-03T20:30:00Z
2205,273,290,follows,0.52,37,2026-01-10T16:30:00Z,2026-05-03T19:30:00Z
2206,274,291,follows,0.65,44,2026-01-09T16:30:00Z,2026-05-03T18:30:00Z
2207,275,292,follows,0.78,51,2026-01-08T16:30:00Z,2026-05-03T17:30:00Z
2208,276,293,follows,0.91,58,2026-01-07T16:30:00Z,2026-05-03T16:30:00Z
2209,277,294,follows,0.38,65,2026-01-06T16:30:00Z,2026-05-03T15:30:00Z
2210,278,295,follows,0.51,72,2026-01-05T16:30:00Z,2026-05-03T14:30:00Z
2211,279,296,follows,0.64,79,2026-01-04T16:30:00Z,2026-05-03T13:30:00Z
2212,280,297,follows,0.77,86,2026-01-03T16:30:00Z,2026-05-03T12:30:00Z
2213,281,298,follows,0.9,93,2026-01-02T16:30:00Z,2026-05-03T11:30:00Z
2214,282,299,follows,0.37,100,2026-01-01T16:30:00Z,2026-05-03T10:30:00Z
2215,283,300,follows,0.5,107,2025-12-31T16:30:00Z,2026-05-03T09:30:00Z
2216,284,301,follows,0.63,114,2025-12-30T16:30:00Z,2026-05-03T08:30:00Z
2217,285,302,follows,0.76,121,2025-12-29T16:30:00Z,2026-05-03T07:30:00Z
2218,286,303,follows,0.89,128,2025-12-28T16:30:00Z,2026-05-03T06:30:00Z
2219,287,304,follows,0.36,135,2025-12-27T16:30:00Z,2026-05-03T05:30:00Z
2220,288,305,follows,0.49,142,2025-12-26T16:30:00Z,2026-05-03T04:30:00Z
2221,289,306,follows,0.62,149,2025-12-25T16:30:00Z,2026-05-03T03:30:00Z
2222,290,307,follows,0.75,156,2025-12-24T16:30:00Z,2026-05-03T02:30:00Z
2223,291,308,follows,0.88,163,2025-12-23T16:30:00Z,2026-05-03T01:30:00Z
2224,292,309,follows,0.35,170,2025-12-22T16:30:00Z,2026-05-03T00:30:00Z
2225,293,310,follows,0.48,177,2025-12-21T16:30:00Z,2026-05-02T23:30:00Z
2226,294,311,follows,0.61,184,2025-12-20T16:30:00Z,2026-05-02T22:30:00Z
2227,295,312,follows,0.74,191,2025-12-19T16:30:00Z,2026-05-02T21:30:00Z
2228,296,313,follows,0.87,198,2025-12-18T16:30:00Z,2026-05-02T20:30:00Z
2229,297,314,follows,0.34,205,2025-12-17T16:30:00Z,2026-05-02T19:30:00Z
2230,298,315,follows,0.47,212,2025-12-16T16:30:00Z,2026-05-02T18:30:00Z
2231,299,316,follows,0.6,219,2025-12-15T16:30:00Z,2026-05-02T17:30:00Z
2232,300,317,follows,0.73,6,2025-12-14T16:30:00Z,2026-05-02T16:30:00Z
2233,301,318,follows,0.86,13,2025-12-13T16:30:00Z,2026-05-02T15:30:00Z
2234,302,319,follows,0.33,20,2025-12-12T16:30:00Z,2026-05-02T14:30:00Z
2235,303,320,follows,0.46,27,2025-12-11T16:30:00Z,2026-05-02T13:30:00Z
2236,304,321,follows,0.59,34,2025-12-10T16:30:00Z,2026-05-02T12:30:00Z
2237,305,322,follows,0.72,41,2025-12-09T16:30:00Z,2026-05-02T11:30:00Z
2238,306,323,follows,0.85,48,2025-12-08T16:30:00Z,2026-05-02T10:30:00Z
2239,307,324,follows,0.32,55,2025-12-07T16:30:00Z,2026-05-02T09:30:00Z
2240,308,325,follows,0.45,62,2025-12-06T16:30:00Z,2026-05-02T08:30:00Z
2241,309,326,follows,0.58,69,2025-12-05T16:30:00Z,2026-05-02T07:30:00Z
2242,310,327,follows,0.71,76,2025-12-04T16:30:00Z,2026-05-02T06:30:00Z
2243,311,328,follows,0.84,83,2025-12-03T16:30:00Z,2026-05-02T05:30:00Z
2244,312,329,follows,0.31,90,2025-12-02T16:30:00Z,2026-05-02T04:30:00Z
2245,313,330,follows,0.44,97,2025-12-01T16:30:00Z,2026-05-02T03:30:00Z
2246,314,331,follows,0.57,104,2025-11-30T16:30:00Z,2026-05-02T02:30:00Z
2247,315,332,follows,0.7,111,2025-11-29T16:30:00Z,2026-05-02T01:30:00Z
2248,316,333,follows,0.83,118,2025-11-28T16:30:00Z,2026-05-02T00:30:00Z
2249,317,334,follows,0.96,125,2025-11-27T16:30:00Z,2026-05-01T23:30:00Z
2250,318,335,follows,0.43,132,2025-11-26T16:30:00Z,2026-05-01T22:30:00Z
2251,319,336,follows,0.56,139,2025-11-25T16:30:00Z,2026-05-01T21:30:00Z
2252,320,337,follows,0.69,146,2025-11-24T16:30:00Z,2026-05-01T20:30:00Z
2253,321,338,follows,0.82,153,2025-11-23T16:30:00Z,2026-05-01T19:30:00Z
2254,322,339,follows,0.95,160,2025-11-22T16:30:00Z,2026-05-01T18:30:00Z
2255,323,340,follows,0.42,167,2025-11-21T16:30:00Z,2026-05-01T17:30:00Z
2256,324,341,follows,0.55,174,2025-11-20T16:30:00Z,2026-05-01T16:30:00Z
2257,325,342,follows,0.68,181,2025-11-19T16:30:00Z,2026-05-01T15:30:00Z
2258,326,343,follows,0.81,188,2025-11-18T16:30:00Z,2026-05-01T14:30:00Z
2259,327,344,follows,0.94,195,2025-11-17T16:30:00Z,2026-05-01T13:30:00Z
2260,328,345,follows,0.41,202,2025-11-16T16:30:00Z,2026-05-01T12:30:00Z
2261,329,346,follows,0.54,209,2025-11-15T16:30:00Z,2026-05-01T11:30:00Z
2262,330,347,follows,0.67,216,2025-11-14T16:30:00Z,2026-05-01T10:30:00Z
2263,331,348,follows,0.8,3,2025-11-13T16:30:00Z,2026-05-01T09:30:00Z
2264,332,349,follows,0.93,10,2025-11-12T16:30:00Z,2026-05-01T08:30:00Z
2265,333,350,follows,0.4,17,2025-11-11T16:30:00Z,2026-05-01T07:30:00Z
2266,334,351,follows,0.53,24,2025-11-10T16:30:00Z,2026-05-01T06:30:00Z
2267,335,352,follows,0.66,31,2025-11-09T16:30:00Z,2026-05-01T05:30:00Z
2268,336,353,follows,0.79,38,2025-11-08T16:30:00Z,2026-05-01T04:30:00Z
2269,337,354,follows,0.92,45,2025-11-07T16:30:00Z,2026-05-01T03:30:00Z
2270,338,355,follows,0.39,52,2025-11-06T16:30:00Z,2026-05-01T02:30:00Z
2271,339,356,follows,0.52,59,2025-11-05T16:30:00Z,2026-05-01T01:30:00Z
2272,340,357,follows,0.65,66,2025-11-04T16:30:00Z,2026-05-01T00:30:00Z
2273,341,358,follows,0.78,73,2025-11-03T16:30:00Z,2026-04-30T23:30:00Z
2274,342,359,follows,0.91,80,2025-11-02T16:30:00Z,2026-04-30T22:30:00Z
2275,343,360,follows,0.38,87,2025-11-01T16:30:00Z,2026-04-30T21:30:00Z
2276,344,361,follows,0.51,94,2025-10-31T16:30:00Z,2026-04-30T20:30:00Z
2277,345,362,follows,0.64,101,2025-10-30T16:30:00Z,2026-04-30T19:30:00Z
2278,346,363,follows,0.77,108,2025-10-29T16:30:00Z,2026-04-30T18:30:00Z
2279,347,364,follows,0.9,115,2025-10-28T16:30:00Z,2026-04-30T17:30:00Z
2280,348,365,follows,0.37,122,2025-10-27T16:30:00Z,2026-05-05T16:30:00Z
2281,349,366,follows,0.5,129,2025-10-26T16:30:00Z,2026-05-05T15:30:00Z
2282,350,367,follows,0.63,136,2025-10-25T16:30:00Z,2026-05-05T14:30:00Z
2283,351,368,follows,0.76,143,2025-10-24T16:30:00Z,2026-05-05T13:30:00Z
2284,352,369,follows,0.89,150,2025-10-23T16:30:00Z,2026-05-05T12:30:00Z
2285,353,370,follows,0.36,157,2025-10-22T16:30:00Z,2026-05-05T11:30:00Z
2286,354,371,follows,0.49,164,2025-10-21T16:30:00Z,2026-05-05T10:30:00Z
2287,355,372,follows,0.62,171,2025-10-20T16:30:00Z,2026-05-05T09:30:00Z
2288,356,373,follows,0.75,178,2025-10-19T16:30:00Z,2026-05-05T08:30:00Z
2289,357,374,follows,0.88,185,2025-10-18T16:30:00Z,2026-05-05T07:30:00Z
2290,358,375,follows,0.35,192,2025-10-17T16:30:00Z,2026-05-05T06:30:00Z
2291,359,376,follows,0.48,199,2025-10-16T16:30:00Z,2026-05-05T05:30:00Z
2292,360,377,follows,0.61,206,2025-10-15T16:30:00Z,2026-05-05T04:30:00Z
2293,361,378,follows,0.74,213,2025-10-14T16:30:00Z,2026-05-05T03:30:00Z
2294,362,379,follows,0.87,220,2025-10-13T16:30:00Z,2026-05-05T02:30:00Z
2295,363,380,follows,0.34,7,2025-10-12T16:30:00Z,2026-05-05T01:30:00Z
2296,364,381,follows,0.47,14,2025-10-11T16:30:00Z,2026-05-05T00:30:00Z
2297,365,382,follows,0.6,21,2025-10-10T16:30:00Z,2026-05-04T23:30:00Z
2298,366,383,follows,0.73,28,2025-10-09T16:30:00Z,2026-05-04T22:30:00Z
2299,367,384,follows,0.86,35,2025-10-08T16:30:00Z,2026-05-04T21:30:00Z
2300,368,385,follows,0.33,42,2025-10-07T16:30:00Z,2026-05-04T20:30:00Z
2301,369,386,follows,0.46,49,2025-10-06T16:30:00Z,2026-05-04T19:30:00Z
2302,370,387,follows,0.59,56,2025-10-05T16:30:00Z,2026-05-04T18:30:00Z
2303,371,388,follows,0.72,63,2025-10-04T16:30:00Z,2026-05-04T17:30:00Z
2304,372,389,follows,0.85,70,2025-10-03T16:30:00Z,2026-05-04T16:30:00Z
2305,373,390,follows,0.32,77,2025-10-02T16:30:00Z,2026-05-04T15:30:00Z
2306,374,391,follows,0.45,84,2025-10-01T16:30:00Z,2026-05-04T14:30:00Z
2307,375,392,follows,0.58,91,2025-09-30T16:30:00Z,2026-05-04T13:30:00Z
2308,376,393,follows,0.71,98,2025-09-29T16:30:00Z,2026-05-04T12:30:00Z
2309,377,394,follows,0.84,105,2025-09-28T16:30:00Z,2026-05-04T11:30:00Z
2310,378,395,follows,0.31,112,2025-09-27T16:30:00Z,2026-05-04T10:30:00Z
2311,379,396,follows,0.44,119,2025-09-26T16:30:00Z,2026-05-04T09:30:00Z
2312,380,397,follows,0.57,126,2025-09-25T16:30:00Z,2026-05-04T08:30:00Z
2313,381,398,follows,0.7,133,2025-09-24T16:30:00Z,2026-05-04T07:30:00Z
2314,382,399,follows,0.83,140,2025-09-23T16:30:00Z,2026-05-04T06:30:00Z
2315,383,400,follows,0.96,147,2025-09-22T16:30:00Z,2026-05-04T05:30:00Z
2316,384,401,follows,0.43,154,2025-09-21T16:30:00Z,2026-05-04T04:30:00Z
2317,385,402,follows,0.56,161,2025-09-20T16:30:00Z,2026-05-04T03:30:00Z
2318,386,403,follows,0.69,168,2025-09-19T16:30:00Z,2026-05-04T02:30:00Z
2319,387,404,follows,0.82,175,2025-09-18T16:30:00Z,2026-05-04T01:30:00Z
2320,388,405,follows,0.95,182,2025-09-17T16:30:00Z,2026-05-04T00:30:00Z
2321,389,406,follows,0.42,189,2025-09-16T16:30:00Z,2026-05-03T23:30:00Z
2322,390,407,follows,0.55,196,2025-09-15T16:30:00Z,2026-05-03T22:30:00Z
2323,391,408,follows,0.68,203,2025-09-14T16:30:00Z,2026-05-03T21:30:00Z
2324,392,409,follows,0.81,210,2025-09-13T16:30:00Z,2026-05-03T20:30:00Z
2325,393,410,follows,0.94,217,2025-09-12T16:30:00Z,2026-05-03T19:30:00Z
2326,394,411,follows,0.41,4,2025-09-11T16:30:00Z,2026-05-03T18:30:00Z
2327,395,412,follows,0.54,11,2025-09-10T16:30:00Z,2026-05-03T17:30:00Z
2328,396,413,follows,0.67,18,2025-09-09T16:30:00Z,2026-05-03T16:30:00Z
2329,397,414,follows,0.8,25,2025-09-08T16:30:00Z,2026-05-03T15:30:00Z
2330,398,415,follows,0.93,32,2025-09-07T16:30:00Z,2026-05-03T14:30:00Z
2331,399,416,follows,0.4,39,2025-09-06T16:30:00Z,2026-05-03T13:30:00Z
2332,400,417,follows,0.53,46,2025-09-05T16:30:00Z,2026-05-03T12:30:00Z
2333,401,418,follows,0.66,53,2025-09-04T16:30:00Z,2026-05-03T11:30:00Z
2334,402,419,follows,0.79,60,2025-09-03T16:30:00Z,2026-05-03T10:30:00Z
2335,403,420,follows,0.92,67,2025-09-02T16:30:00Z,2026-05-03T09:30:00Z
2336,404,421,follows,0.39,74,2025-09-01T16:30:00Z,2026-05-03T08:30:00Z
2337,405,422,follows,0.52,81,2025-08-31T16:30:00Z,2026-05-03T07:30:00Z
2338,406,423,follows,0.65,88,2025-08-30T16:30:00Z,2026-05-03T06:30:00Z
2339,407,424,follows,0.78,95,2025-08-29T16:30:00Z,2026-05-03T05:30:00Z
2340,408,425,follows,0.91,102,2025-08-28T16:30:00Z,2026-05-03T04:30:00Z
2341,409,426,follows,0.38,109,2025-08-27T16:30:00Z,2026-05-03T03:30:00Z
2342,410,427,follows,0.51,116,2025-08-26T16:30:00Z,2026-05-03T02:30:00Z
2343,411,428,follows,0.64,123,2025-08-25T16:30:00Z,2026-05-03T01:30:00Z
2344,412,429,follows,0.77,130,2025-08-24T16:30:00Z,2026-05-03T00:30:00Z
2345,413,430,follows,0.9,137,2025-08-23T16:30:00Z,2026-05-02T23:30:00Z
2346,414,431,follows,0.37,144,2025-08-22T16:30:00Z,2026-05-02T22:30:00Z
2347,415,432,follows,0.5,151,2025-08-21T16:30:00Z,2026-05-02T21:30:00Z
2348,416,433,follows,0.63,158,2025-08-20T16:30:00Z,2026-05-02T20:30:00Z
2349,417,434,follows,0.76,165,2025-08-19T16:30:00Z,2026-05-02T19:30:00Z
2350,418,435,follows,0.89,172,2025-08-18T16:30:00Z,2026-05-02T18:30:00Z
2351,419,436,follows,0.36,179,2025-08-17T16:30:00Z,2026-05-02T17:30:00Z
2352,420,437,follows,0.49,186,2025-08-16T16:30:00Z,2026-05-02T16:30:00Z
2353,421,438,follows,0.62,193,2025-08-15T16:30:00Z,2026-05-02T15:30:00Z
2354,422,439,follows,0.75,200,2025-08-14T16:30:00Z,2026-05-02T14:30:00Z
2355,423,440,follows,0.88,207,2025-08-13T16:30:00Z,2026-05-02T13:30:00Z
2356,424,441,follows,0.35,214,2025-08-12T16:30:00Z,2026-05-02T12:30:00Z
2357,425,442,follows,0.48,221,2025-08-11T16:30:00Z,2026-05-02T11:30:00Z
2358,426,443,follows,0.61,8,2025-08-10T16:30:00Z,2026-05-02T10:30:00Z
2359,427,444,follows,0.74,15,2025-08-09T16:30:00Z,2026-05-02T09:30:00Z
2360,428,445,follows,0.87,22,2025-08-08T16:30:00Z,2026-05-02T08:30:00Z
2361,429,446,follows,0.34,29,2025-08-07T16:30:00Z,2026-05-02T07:30:00Z
2362,430,447,follows,0.47,36,2025-08-06T16:30:00Z,2026-05-02T06:30:00Z
2363,431,448,follows,0.6,43,2025-08-05T16:30:00Z,2026-05-02T05:30:00Z
2364,432,449,follows,0.73,50,2025-08-04T16:30:00Z,2026-05-02T04:30:00Z
2365,433,450,follows,0.86,57,2025-08-03T16:30:00Z,2026-05-02T03:30:00Z
2366,434,451,follows,0.33,64,2025-08-02T16:30:00Z,2026-05-02T02:30:00Z
2367,435,452,follows,0.46,71,2025-08-01T16:30:00Z,2026-05-02T01:30:00Z
2368,436,453,follows,0.59,78,2025-07-31T16:30:00Z,2026-05-02T00:30:00Z
2369,437,454,follows,0.72,85,2025-07-30T16:30:00Z,2026-05-01T23:30:00Z
2370,438,455,follows,0.85,92,2025-07-29T16:30:00Z,2026-05-01T22:30:00Z
2371,439,456,follows,0.32,99,2025-07-28T16:30:00Z,2026-05-01T21:30:00Z
2372,440,457,follows,0.45,106,2025-07-27T16:30:00Z,2026-05-01T20:30:00Z
2373,441,458,follows,0.58,113,2025-07-26T16:30:00Z,2026-05-01T19:30:00Z
2374,442,459,follows,0.71,120,2025-07-25T16:30:00Z,2026-05-01T18:30:00Z
2375,443,460,follows,0.84,127,2025-07-24T16:30:00Z,2026-05-01T17:30:00Z
2376,444,461,follows,0.31,134,2025-07-23T16:30:00Z,2026-05-01T16:30:00Z
2377,445,462,follows,0.44,141,2025-07-22T16:30:00Z,2026-05-01T15:30:00Z
2378,446,463,follows,0.57,148,2025-07-21T16:30:00Z,2026-05-01T14:30:00Z
2379,447,464,follows,0.7,155,2025-07-20T16:30:00Z,2026-05-01T13:30:00Z
2380,448,465,follows,0.83,162,2025-07-19T16:30:00Z,2026-05-01T12:30:00Z
2381,449,466,follows,0.96,169,2025-07-18T16:30:00Z,2026-05-01T11:30:00Z
2382,450,467,follows,0.43,176,2025-07-17T16:30:00Z,2026-05-01T10:30:00Z
2383,451,468,follows,0.56,183,2025-07-16T16:30:00Z,2026-05-01T09:30:00Z
2384,452,469,follows,0.69,190,2025-07-15T16:30:00Z,2026-05-01T08:30:00Z
2385,453,470,follows,0.82,197,2025-07-14T16:30:00Z,2026-05-01T07:30:00Z
2386,454,471,follows,0.95,204,2025-07-13T16:30:00Z,2026-05-01T06:30:00Z
2387,455,472,follows,0.42,211,2025-07-12T16:30:00Z,2026-05-01T05:30:00Z
2388,456,473,follows,0.55,218,2025-07-11T16:30:00Z,2026-05-01T04:30:00Z
2389,457,474,follows,0.68,5,2025-07-10T16:30:00Z,2026-05-01T03:30:00Z
2390,458,475,follows,0.81,12,2025-07-09T16:30:00Z,2026-05-01T02:30:00Z
2391,459,476,follows,0.94,19,2025-07-08T16:30:00Z,2026-05-01T01:30:00Z
2392,460,477,follows,0.41,26,2025-07-07T16:30:00Z,2026-05-01T00:30:00Z
2393,461,478,follows,0.54,33,2025-07-06T16:30:00Z,2026-04-30T23:30:00Z
2394,462,479,follows,0.67,40,2025-07-05T16:30:00Z,2026-04-30T22:30:00Z
2395,463,480,follows,0.8,47,2025-07-04T16:30:00Z,2026-04-30T21:30:00Z
2396,464,481,follows,0.93,54,2025-07-03T16:30:00Z,2026-04-30T20:30:00Z
2397,465,482,follows,0.4,61,2025-07-02T16:30:00Z,2026-04-30T19:30:00Z
2398,466,483,follows,0.53,68,2025-07-01T16:30:00Z,2026-04-30T18:30:00Z
2399,467,1,follows,0.66,75,2025-06-30T16:30:00Z,2026-04-30T17:30:00Z
2400,468,2,follows,0.79,82,2026-04-25T16:30:00Z,2026-05-05T16:30:00Z
2401,469,3,follows,0.92,89,2026-04-24T16:30:00Z,2026-05-05T15:30:00Z
2402,470,4,follows,0.39,96,2026-04-23T16:30:00Z,2026-05-05T14:30:00Z
2403,471,5,follows,0.52,103,2026-04-22T16:30:00Z,2026-05-05T13:30:00Z
2404,472,6,follows,0.65,110,2026-04-21T16:30:00Z,2026-05-05T12:30:00Z
2405,473,7,follows,0.78,117,2026-04-20T16:30:00Z,2026-05-05T11:30:00Z
2406,474,8,follows,0.91,124,2026-04-19T16:30:00Z,2026-05-05T10:30:00Z
2407,475,9,follows,0.38,131,2026-04-18T16:30:00Z,2026-05-05T09:30:00Z
2408,476,10,follows,0.51,138,2026-04-17T16:30:00Z,2026-05-05T08:30:00Z
2409,477,11,follows,0.64,145,2026-04-16T16:30:00Z,2026-05-05T07:30:00Z
2410,478,12,follows,0.77,152,2026-04-15T16:30:00Z,2026-05-05T06:30:00Z
2411,479,13,follows,0.9,159,2026-04-14T16:30:00Z,2026-05-05T05:30:00Z
2412,480,14,follows,0.37,166,2026-04-13T16:30:00Z,2026-05-05T04:30:00Z
2413,481,15,follows,0.5,173,2026-04-12T16:30:00Z,2026-05-05T03:30:00Z
2414,482,16,follows,0.63,180,2026-04-11T16:30:00Z,2026-05-05T02:30:00Z
2415,483,17,follows,0.76,187,2026-04-10T16:30:00Z,2026-05-05T01:30:00Z
2416,1,30,follows,0.89,194,2026-04-09T16:30:00Z,2026-05-05T00:30:00Z
2417,2,31,follows,0.36,201,2026-04-08T16:30:00Z,2026-05-04T23:30:00Z
2418,3,32,follows,0.49,208,2026-04-07T16:30:00Z,2026-05-04T22:30:00Z
2419,4,33,follows,0.62,215,2026-04-06T16:30:00Z,2026-05-04T21:30:00Z
2420,5,34,follows,0.75,2,2026-04-05T16:30:00Z,2026-05-04T20:30:00Z
2421,6,35,follows,0.88,9,2026-04-04T16:30:00Z,2026-05-04T19:30:00Z
2422,7,36,follows,0.35,16,2026-04-03T16:30:00Z,2026-05-04T18:30:00Z
2423,8,37,follows,0.48,23,2026-04-02T16:30:00Z,2026-05-04T17:30:00Z
2424,9,38,follows,0.61,30,2026-04-01T16:30:00Z,2026-05-04T16:30:00Z
2425,10,39,follows,0.74,37,2026-03-31T16:30:00Z,2026-05-04T15:30:00Z
2426,11,40,follows,0.87,44,2026-03-30T16:30:00Z,2026-05-04T14:30:00Z
2427,12,41,follows,0.34,51,2026-03-29T16:30:00Z,2026-05-04T13:30:00Z
2428,13,42,follows,0.47,58,2026-03-28T16:30:00Z,2026-05-04T12:30:00Z
2429,14,43,follows,0.6,65,2026-03-27T16:30:00Z,2026-05-04T11:30:00Z
2430,15,44,follows,0.73,72,2026-03-26T16:30:00Z,2026-05-04T10:30:00Z
2431,16,45,follows,0.86,79,2026-03-25T16:30:00Z,2026-05-04T09:30:00Z
2432,17,46,follows,0.33,86,2026-03-24T16:30:00Z,2026-05-04T08:30:00Z
2433,18,47,follows,0.46,93,2026-03-23T16:30:00Z,2026-05-04T07:30:00Z
2434,19,48,follows,0.59,100,2026-03-22T16:30:00Z,2026-05-04T06:30:00Z
2435,20,49,follows,0.72,107,2026-03-21T16:30:00Z,2026-05-04T05:30:00Z
2436,21,50,follows,0.85,114,2026-03-20T16:30:00Z,2026-05-04T04:30:00Z
2437,22,51,follows,0.32,121,2026-03-19T16:30:00Z,2026-05-04T03:30:00Z
2438,23,52,follows,0.45,128,2026-03-18T16:30:00Z,2026-05-04T02:30:00Z
2439,24,53,follows,0.58,135,2026-03-17T16:30:00Z,2026-05-04T01:30:00Z
2440,25,54,follows,0.71,142,2026-03-16T16:30:00Z,2026-05-04T00:30:00Z
2441,26,55,follows,0.84,149,2026-03-15T16:30:00Z,2026-05-03T23:30:00Z
2442,27,56,follows,0.31,156,2026-03-14T16:30:00Z,2026-05-03T22:30:00Z
2443,28,57,follows,0.44,163,2026-03-13T16:30:00Z,2026-05-03T21:30:00Z
2444,29,58,follows,0.57,170,2026-03-12T16:30:00Z,2026-05-03T20:30:00Z
2445,30,59,follows,0.7,177,2026-03-11T16:30:00Z,2026-05-03T19:30:00Z
2446,31,60,follows,0.83,184,2026-03-10T16:30:00Z,2026-05-03T18:30:00Z
2447,32,61,follows,0.96,191,2026-03-09T16:30:00Z,2026-05-03T17:30:00Z
2448,33,62,follows,0.43,198,2026-03-08T16:30:00Z,2026-05-03T16:30:00Z
2449,34,63,follows,0.56,205,2026-03-07T16:30:00Z,2026-05-03T15:30:00Z
2450,35,64,follows,0.69,212,2026-03-06T16:30:00Z,2026-05-03T14:30:00Z
2451,36,65,follows,0.82,219,2026-03-05T16:30:00Z,2026-05-03T13:30:00Z
2452,37,66,follows,0.95,6,2026-03-04T16:30:00Z,2026-05-03T12:30:00Z
2453,38,67,follows,0.42,13,2026-03-03T16:30:00Z,2026-05-03T11:30:00Z
2454,39,68,follows,0.55,20,2026-03-02T16:30:00Z,2026-05-03T10:30:00Z
2455,40,69,follows,0.68,27,2026-03-01T16:30:00Z,2026-05-03T09:30:00Z
2456,41,70,follows,0.81,34,2026-02-28T16:30:00Z,2026-05-03T08:30:00Z
2457,42,71,follows,0.94,41,2026-02-27T16:30:00Z,2026-05-03T07:30:00Z
2458,43,72,follows,0.41,48,2026-02-26T16:30:00Z,2026-05-03T06:30:00Z
2459,44,73,follows,0.54,55,2026-02-25T16:30:00Z,2026-05-03T05:30:00Z
2460,45,74,follows,0.67,62,2026-02-24T16:30:00Z,2026-05-03T04:30:00Z
2461,46,75,follows,0.8,69,2026-02-23T16:30:00Z,2026-05-03T03:30:00Z
2462,47,76,follows,0.93,76,2026-02-22T16:30:00Z,2026-05-03T02:30:00Z
2463,48,77,follows,0.4,83,2026-02-21T16:30:00Z,2026-05-03T01:30:00Z
2464,49,78,follows,0.53,90,2026-02-20T16:30:00Z,2026-05-03T00:30:00Z
2465,50,79,follows,0.66,97,2026-02-19T16:30:00Z,2026-05-02T23:30:00Z
2466,51,80,follows,0.79,104,2026-02-18T16:30:00Z,2026-05-02T22:30:00Z
2467,52,81,follows,0.92,111,2026-02-17T16:30:00Z,2026-05-02T21:30:00Z
2468,53,82,follows,0.39,118,2026-02-16T16:30:00Z,2026-05-02T20:30:00Z
2469,54,83,follows,0.52,125,2026-02-15T16:30:00Z,2026-05-02T19:30:00Z
2470,55,84,follows,0.65,132,2026-02-14T16:30:00Z,2026-05-02T18:30:00Z
2471,56,85,follows,0.78,139,2026-02-13T16:30:00Z,2026-05-02T17:30:00Z
2472,57,86,follows,0.91,146,2026-02-12T16:30:00Z,2026-05-02T16:30:00Z
2473,58,87,follows,0.38,153,2026-02-11T16:30:00Z,2026-05-02T15:30:00Z
2474,59,88,follows,0.51,160,2026-02-10T16:30:00Z,2026-05-02T14:30:00Z
2475,60,89,follows,0.64,167,2026-02-09T16:30:00Z,2026-05-02T13:30:00Z
2476,61,90,follows,0.77,174,2026-02-08T16:30:00Z,2026-05-02T12:30:00Z
2477,62,91,follows,0.9,181,2026-02-07T16:30:00Z,2026-05-02T11:30:00Z
2478,63,92,follows,0.37,188,2026-02-06T16:30:00Z,2026-05-02T10:30:00Z
2479,64,93,follows,0.5,195,2026-02-05T16:30:00Z,2026-05-02T09:30:00Z
2480,65,94,follows,0.63,202,2026-02-04T16:30:00Z,2026-05-02T08:30:00Z
2481,66,95,follows,0.76,209,2026-02-03T16:30:00Z,2026-05-02T07:30:00Z
2482,67,96,follows,0.89,216,2026-02-02T16:30:00Z,2026-05-02T06:30:00Z
2483,68,97,follows,0.36,3,2026-02-01T16:30:00Z,2026-05-02T05:30:00Z
2484,69,98,follows,0.49,10,2026-01-31T16:30:00Z,2026-05-02T04:30:00Z
2485,70,99,follows,0.62,17,2026-01-30T16:30:00Z,2026-05-02T03:30:00Z
2486,71,100,follows,0.75,24,2026-01-29T16:30:00Z,2026-05-02T02:30:00Z
2487,72,101,follows,0.88,31,2026-01-28T16:30:00Z,2026-05-02T01:30:00Z
2488,73,102,follows,0.35,38,2026-01-27T16:30:00Z,2026-05-02T00:30:00Z
2489,74,103,follows,0.48,45,2026-01-26T16:30:00Z,2026-05-01T23:30:00Z
2490,75,104,follows,0.61,52,2026-01-25T16:30:00Z,2026-05-01T22:30:00Z
2491,76,105,follows,0.74,59,2026-01-24T16:30:00Z,2026-05-01T21:30:00Z
2492,77,106,follows,0.87,66,2026-01-23T16:30:00Z,2026-05-01T20:30:00Z
2493,78,107,follows,0.34,73,2026-01-22T16:30:00Z,2026-05-01T19:30:00Z
2494,79,108,follows,0.47,80,2026-01-21T16:30:00Z,2026-05-01T18:30:00Z
2495,80,109,follows,0.6,87,2026-01-20T16:30:00Z,2026-05-01T17:30:00Z
2496,81,110,follows,0.73,94,2026-01-19T16:30:00Z,2026-05-01T16:30:00Z
2497,82,111,follows,0.86,101,2026-01-18T16:30:00Z,2026-05-01T15:30:00Z
2498,83,112,follows,0.33,108,2026-01-17T16:30:00Z,2026-05-01T14:30:00Z
2499,84,113,follows,0.46,115,2026-01-16T16:30:00Z,2026-05-01T13:30:00Z
2500,85,114,follows,0.59,122,2026-01-15T16:30:00Z,2026-05-01T12:30:00Z
2501,86,115,follows,0.72,129,2026-01-14T16:30:00Z,2026-05-01T11:30:00Z
2502,87,116,follows,0.85,136,2026-01-13T16:30:00Z,2026-05-01T10:30:00Z
2503,88,117,follows,0.32,143,2026-01-12T16:30:00Z,2026-05-01T09:30:00Z
2504,89,118,follows,0.45,150,2026-01-11T16:30:00Z,2026-05-01T08:30:00Z
2505,90,119,follows,0.58,157,2026-01-10T16:30:00Z,2026-05-01T07:30:00Z
2506,91,120,follows,0.71,164,2026-01-09T16:30:00Z,2026-05-01T06:30:00Z
2507,92,121,follows,0.84,171,2026-01-08T16:30:00Z,2026-05-01T05:30:00Z
2508,93,122,follows,0.31,178,2026-01-07T16:30:00Z,2026-05-01T04:30:00Z
2509,94,123,follows,0.44,185,2026-01-06T16:30:00Z,2026-05-01T03:30:00Z
2510,95,124,follows,0.57,192,2026-01-05T16:30:00Z,2026-05-01T02:30:00Z
2511,96,125,follows,0.7,199,2026-01-04T16:30:00Z,2026-05-01T01:30:00Z
2512,97,126,follows,0.83,206,2026-01-03T16:30:00Z,2026-05-01T00:30:00Z
2513,98,127,follows,0.96,213,2026-01-02T16:30:00Z,2026-04-30T23:30:00Z
2514,99,128,follows,0.43,220,2026-01-01T16:30:00Z,2026-04-30T22:30:00Z
2515,100,129,follows,0.56,7,2025-12-31T16:30:00Z,2026-04-30T21:30:00Z
2516,101,130,follows,0.69,14,2025-12-30T16:30:00Z,2026-04-30T20:30:00Z
2517,102,131,follows,0.82,21,2025-12-29T16:30:00Z,2026-04-30T19:30:00Z
2518,103,132,follows,0.95,28,2025-12-28T16:30:00Z,2026-04-30T18:30:00Z
2519,104,133,follows,0.42,35,2025-12-27T16:30:00Z,2026-04-30T17:30:00Z
2520,105,134,follows,0.55,42,2025-12-26T16:30:00Z,2026-05-05T16:30:00Z
2521,106,135,follows,0.68,49,2025-12-25T16:30:00Z,2026-05-05T15:30:00Z
2522,107,136,follows,0.81,56,2025-12-24T16:30:00Z,2026-05-05T14:30:00Z
2523,108,137,follows,0.94,63,2025-12-23T16:30:00Z,2026-05-05T13:30:00Z
2524,109,138,follows,0.41,70,2025-12-22T16:30:00Z,2026-05-05T12:30:00Z
2525,110,139,follows,0.54,77,2025-12-21T16:30:00Z,2026-05-05T11:30:00Z
2526,111,140,follows,0.67,84,2025-12-20T16:30:00Z,2026-05-05T10:30:00Z
2527,112,141,follows,0.8,91,2025-12-19T16:30:00Z,2026-05-05T09:30:00Z
2528,113,142,follows,0.93,98,2025-12-18T16:30:00Z,2026-05-05T08:30:00Z
2529,114,143,follows,0.4,105,2025-12-17T16:30:00Z,2026-05-05T07:30:00Z
2530,115,144,follows,0.53,112,2025-12-16T16:30:00Z,2026-05-05T06:30:00Z
2531,116,145,follows,0.66,119,2025-12-15T16:30:00Z,2026-05-05T05:30:00Z
2532,117,146,follows,0.79,126,2025-12-14T16:30:00Z,2026-05-05T04:30:00Z
2533,118,147,follows,0.92,133,2025-12-13T16:30:00Z,2026-05-05T03:30:00Z
2534,119,148,follows,0.39,140,2025-12-12T16:30:00Z,2026-05-05T02:30:00Z
2535,120,149,follows,0.52,147,2025-12-11T16:30:00Z,2026-05-05T01:30:00Z
2536,121,150,follows,0.65,154,2025-12-10T16:30:00Z,2026-05-05T00:30:00Z
2537,122,151,follows,0.78,161,2025-12-09T16:30:00Z,2026-05-04T23:30:00Z
2538,123,152,follows,0.91,168,2025-12-08T16:30:00Z,2026-05-04T22:30:00Z
2539,124,153,follows,0.38,175,2025-12-07T16:30:00Z,2026-05-04T21:30:00Z
2540,125,154,follows,0.51,182,2025-12-06T16:30:00Z,2026-05-04T20:30:00Z
2541,126,155,follows,0.64,189,2025-12-05T16:30:00Z,2026-05-04T19:30:00Z
2542,127,156,follows,0.77,196,2025-12-04T16:30:00Z,2026-05-04T18:30:00Z
2543,128,157,follows,0.9,203,2025-12-03T16:30:00Z,2026-05-04T17:30:00Z
2544,129,158,follows,0.37,210,2025-12-02T16:30:00Z,2026-05-04T16:30:00Z
2545,130,159,follows,0.5,217,2025-12-01T16:30:00Z,2026-05-04T15:30:00Z
2546,131,160,follows,0.63,4,2025-11-30T16:30:00Z,2026-05-04T14:30:00Z
2547,132,161,follows,0.76,11,2025-11-29T16:30:00Z,2026-05-04T13:30:00Z
2548,133,162,follows,0.89,18,2025-11-28T16:30:00Z,2026-05-04T12:30:00Z
2549,134,163,follows,0.36,25,2025-11-27T16:30:00Z,2026-05-04T11:30:00Z
2550,135,164,follows,0.49,32,2025-11-26T16:30:00Z,2026-05-04T10:30:00Z
2551,136,165,follows,0.62,39,2025-11-25T16:30:00Z,2026-05-04T09:30:00Z
2552,137,166,follows,0.75,46,2025-11-24T16:30:00Z,2026-05-04T08:30:00Z
2553,138,167,follows,0.88,53,2025-11-23T16:30:00Z,2026-05-04T07:30:00Z
2554,139,168,follows,0.35,60,2025-11-22T16:30:00Z,2026-05-04T06:30:00Z
2555,140,169,follows,0.48,67,2025-11-21T16:30:00Z,2026-05-04T05:30:00Z
2556,141,170,follows,0.61,74,2025-11-20T16:30:00Z,2026-05-04T04:30:00Z
2557,142,171,follows,0.74,81,2025-11-19T16:30:00Z,2026-05-04T03:30:00Z
2558,143,172,follows,0.87,88,2025-11-18T16:30:00Z,2026-05-04T02:30:00Z
2559,144,173,follows,0.34,95,2025-11-17T16:30:00Z,2026-05-04T01:30:00Z
2560,145,174,follows,0.47,102,2025-11-16T16:30:00Z,2026-05-04T00:30:00Z
2561,146,175,follows,0.6,109,2025-11-15T16:30:00Z,2026-05-03T23:30:00Z
2562,147,176,follows,0.73,116,2025-11-14T16:30:00Z,2026-05-03T22:30:00Z
2563,148,177,follows,0.86,123,2025-11-13T16:30:00Z,2026-05-03T21:30:00Z
2564,149,178,follows,0.33,130,2025-11-12T16:30:00Z,2026-05-03T20:30:00Z
2565,150,179,follows,0.46,137,2025-11-11T16:30:00Z,2026-05-03T19:30:00Z
2566,151,180,follows,0.59,144,2025-11-10T16:30:00Z,2026-05-03T18:30:00Z
2567,152,181,follows,0.72,151,2025-11-09T16:30:00Z,2026-05-03T17:30:00Z
2568,153,182,follows,0.85,158,2025-11-08T16:30:00Z,2026-05-03T16:30:00Z
2569,154,183,follows,0.32,165,2025-11-07T16:30:00Z,2026-05-03T15:30:00Z
2570,155,184,follows,0.45,172,2025-11-06T16:30:00Z,2026-05-03T14:30:00Z
2571,156,185,follows,0.58,179,2025-11-05T16:30:00Z,2026-05-03T13:30:00Z
2572,157,186,follows,0.71,186,2025-11-04T16:30:00Z,2026-05-03T12:30:00Z
2573,158,187,follows,0.84,193,2025-11-03T16:30:00Z,2026-05-03T11:30:00Z
2574,159,188,follows,0.31,200,2025-11-02T16:30:00Z,2026-05-03T10:30:00Z
2575,160,189,follows,0.44,207,2025-11-01T16:30:00Z,2026-05-03T09:30:00Z
2576,161,190,follows,0.57,214,2025-10-31T16:30:00Z,2026-05-03T08:30:00Z
2577,162,191,follows,0.7,221,2025-10-30T16:30:00Z,2026-05-03T07:30:00Z
2578,163,192,follows,0.83,8,2025-10-29T16:30:00Z,2026-05-03T06:30:00Z
2579,164,193,follows,0.96,15,2025-10-28T16:30:00Z,2026-05-03T05:30:00Z
2580,165,194,follows,0.43,22,2025-10-27T16:30:00Z,2026-05-03T04:30:00Z
2581,166,195,follows,0.56,29,2025-10-26T16:30:00Z,2026-05-03T03:30:00Z
2582,167,196,follows,0.69,36,2025-10-25T16:30:00Z,2026-05-03T02:30:00Z
2583,168,197,follows,0.82,43,2025-10-24T16:30:00Z,2026-05-03T01:30:00Z
2584,169,198,follows,0.95,50,2025-10-23T16:30:00Z,2026-05-03T00:30:00Z
2585,170,199,follows,0.42,57,2025-10-22T16:30:00Z,2026-05-02T23:30:00Z
2586,171,200,follows,0.55,64,2025-10-21T16:30:00Z,2026-05-02T22:30:00Z
2587,172,201,follows,0.68,71,2025-10-20T16:30:00Z,2026-05-02T21:30:00Z
2588,173,202,follows,0.81,78,2025-10-19T16:30:00Z,2026-05-02T20:30:00Z
2589,174,203,follows,0.94,85,2025-10-18T16:30:00Z,2026-05-02T19:30:00Z
2590,175,204,follows,0.41,92,2025-10-17T16:30:00Z,2026-05-02T18:30:00Z
2591,176,205,follows,0.54,99,2025-10-16T16:30:00Z,2026-05-02T17:30:00Z
2592,177,206,follows,0.67,106,2025-10-15T16:30:00Z,2026-05-02T16:30:00Z
2593,178,207,follows,0.8,113,2025-10-14T16:30:00Z,2026-05-02T15:30:00Z
2594,179,208,follows,0.93,120,2025-10-13T16:30:00Z,2026-05-02T14:30:00Z
2595,180,209,follows,0.4,127,2025-10-12T16:30:00Z,2026-05-02T13:30:00Z
2596,181,210,follows,0.53,134,2025-10-11T16:30:00Z,2026-05-02T12:30:00Z
2597,182,211,follows,0.66,141,2025-10-10T16:30:00Z,2026-05-02T11:30:00Z
2598,183,212,follows,0.79,148,2025-10-09T16:30:00Z,2026-05-02T10:30:00Z
2599,184,213,follows,0.92,155,2025-10-08T16:30:00Z,2026-05-02T09:30:00Z
2600,185,214,follows,0.39,162,2025-10-07T16:30:00Z,2026-05-02T08:30:00Z
2601,186,215,follows,0.52,169,2025-10-06T16:30:00Z,2026-05-02T07:30:00Z
2602,187,216,follows,0.65,176,2025-10-05T16:30:00Z,2026-05-02T06:30:00Z
2603,188,217,follows,0.78,183,2025-10-04T16:30:00Z,2026-05-02T05:30:00Z
2604,189,218,follows,0.91,190,2025-10-03T16:30:00Z,2026-05-02T04:30:00Z
2605,190,219,follows,0.38,197,2025-10-02T16:30:00Z,2026-05-02T03:30:00Z
2606,191,220,follows,0.51,204,2025-10-01T16:30:00Z,2026-05-02T02:30:00Z
2607,192,221,follows,0.64,211,2025-09-30T16:30:00Z,2026-05-02T01:30:00Z
2608,193,222,follows,0.77,218,2025-09-29T16:30:00Z,2026-05-02T00:30:00Z
2609,194,223,follows,0.9,5,2025-09-28T16:30:00Z,2026-05-01T23:30:00Z
2610,195,224,follows,0.37,12,2025-09-27T16:30:00Z,2026-05-01T22:30:00Z
2611,196,225,follows,0.5,19,2025-09-26T16:30:00Z,2026-05-01T21:30:00Z
2612,197,226,follows,0.63,26,2025-09-25T16:30:00Z,2026-05-01T20:30:00Z
2613,198,227,follows,0.76,33,2025-09-24T16:30:00Z,2026-05-01T19:30:00Z
2614,199,228,follows,0.89,40,2025-09-23T16:30:00Z,2026-05-01T18:30:00Z
2615,200,229,follows,0.36,47,2025-09-22T16:30:00Z,2026-05-01T17:30:00Z
2616,201,230,follows,0.49,54,2025-09-21T16:30:00Z,2026-05-01T16:30:00Z
2617,202,231,follows,0.62,61,2025-09-20T16:30:00Z,2026-05-01T15:30:00Z
2618,203,232,follows,0.75,68,2025-09-19T16:30:00Z,2026-05-01T14:30:00Z
2619,204,233,follows,0.88,75,2025-09-18T16:30:00Z,2026-05-01T13:30:00Z
2620,205,234,follows,0.35,82,2025-09-17T16:30:00Z,2026-05-01T12:30:00Z
2621,206,235,follows,0.48,89,2025-09-16T16:30:00Z,2026-05-01T11:30:00Z
2622,207,236,follows,0.61,96,2025-09-15T16:30:00Z,2026-05-01T10:30:00Z
2623,208,237,follows,0.74,103,2025-09-14T16:30:00Z,2026-05-01T09:30:00Z
2624,209,238,follows,0.87,110,2025-09-13T16:30:00Z,2026-05-01T08:30:00Z
2625,210,239,follows,0.34,117,2025-09-12T16:30:00Z,2026-05-01T07:30:00Z
2626,211,240,follows,0.47,124,2025-09-11T16:30:00Z,2026-05-01T06:30:00Z
2627,212,241,follows,0.6,131,2025-09-10T16:30:00Z,2026-05-01T05:30:00Z
2628,213,242,follows,0.73,138,2025-09-09T16:30:00Z,2026-05-01T04:30:00Z
2629,214,243,follows,0.86,145,2025-09-08T16:30:00Z,2026-05-01T03:30:00Z
2630,215,244,follows,0.33,152,2025-09-07T16:30:00Z,2026-05-01T02:30:00Z
2631,216,245,follows,0.46,159,2025-09-06T16:30:00Z,2026-05-01T01:30:00Z
2632,217,246,follows,0.59,166,2025-09-05T16:30:00Z,2026-05-01T00:30:00Z
2633,218,247,follows,0.72,173,2025-09-04T16:30:00Z,2026-04-30T23:30:00Z
2634,219,248,follows,0.85,180,2025-09-03T16:30:00Z,2026-04-30T22:30:00Z
2635,220,249,follows,0.32,187,2025-09-02T16:30:00Z,2026-04-30T21:30:00Z
2636,221,250,follows,0.45,194,2025-09-01T16:30:00Z,2026-04-30T20:30:00Z
2637,222,251,follows,0.58,201,2025-08-31T16:30:00Z,2026-04-30T19:30:00Z
2638,223,252,follows,0.71,208,2025-08-30T16:30:00Z,2026-04-30T18:30:00Z
2639,224,253,follows,0.84,215,2025-08-29T16:30:00Z,2026-04-30T17:30:00Z
2640,225,254,follows,0.31,2,2025-08-28T16:30:00Z,2026-05-05T16:30:00Z
2641,226,255,follows,0.44,9,2025-08-27T16:30:00Z,2026-05-05T15:30:00Z
2642,227,256,follows,0.57,16,2025-08-26T16:30:00Z,2026-05-05T14:30:00Z
2643,228,257,follows,0.7,23,2025-08-25T16:30:00Z,2026-05-05T13:30:00Z
2644,229,258,follows,0.83,30,2025-08-24T16:30:00Z,2026-05-05T12:30:00Z
2645,230,259,follows,0.96,37,2025-08-23T16:30:00Z,2026-05-05T11:30:00Z
2646,231,260,follows,0.43,44,2025-08-22T16:30:00Z,2026-05-05T10:30:00Z
2647,232,261,follows,0.56,51,2025-08-21T16:30:00Z,2026-05-05T09:30:00Z
2648,233,262,follows,0.69,58,2025-08-20T16:30:00Z,2026-05-05T08:30:00Z
2649,234,263,follows,0.82,65,2025-08-19T16:30:00Z,2026-05-05T07:30:00Z
2650,235,264,follows,0.95,72,2025-08-18T16:30:00Z,2026-05-05T06:30:00Z
2651,236,265,follows,0.42,79,2025-08-17T16:30:00Z,2026-05-05T05:30:00Z
2652,237,266,follows,0.55,86,2025-08-16T16:30:00Z,2026-05-05T04:30:00Z
2653,238,267,follows,0.68,93,2025-08-15T16:30:00Z,2026-05-05T03:30:00Z
2654,239,268,follows,0.81,100,2025-08-14T16:30:00Z,2026-05-05T02:30:00Z
2655,240,269,follows,0.94,107,2025-08-13T16:30:00Z,2026-05-05T01:30:00Z
2656,241,270,follows,0.41,114,2025-08-12T16:30:00Z,2026-05-05T00:30:00Z
2657,242,271,follows,0.54,121,2025-08-11T16:30:00Z,2026-05-04T23:30:00Z
2658,243,272,follows,0.67,128,2025-08-10T16:30:00Z,2026-05-04T22:30:00Z
2659,244,273,follows,0.8,135,2025-08-09T16:30:00Z,2026-05-04T21:30:00Z
2660,245,274,follows,0.93,142,2025-08-08T16:30:00Z,2026-05-04T20:30:00Z
2661,246,275,follows,0.4,149,2025-08-07T16:30:00Z,2026-05-04T19:30:00Z
2662,247,276,follows,0.53,156,2025-08-06T16:30:00Z,2026-05-04T18:30:00Z
2663,248,277,follows,0.66,163,2025-08-05T16:30:00Z,2026-05-04T17:30:00Z
2664,249,278,follows,0.79,170,2025-08-04T16:30:00Z,2026-05-04T16:30:00Z
2665,250,279,follows,0.92,177,2025-08-03T16:30:00Z,2026-05-04T15:30:00Z
2666,251,280,follows,0.39,184,2025-08-02T16:30:00Z,2026-05-04T14:30:00Z
2667,252,281,follows,0.52,191,2025-08-01T16:30:00Z,2026-05-04T13:30:00Z
2668,253,282,follows,0.65,198,2025-07-31T16:30:00Z,2026-05-04T12:30:00Z
2669,254,283,follows,0.78,205,2025-07-30T16:30:00Z,2026-05-04T11:30:00Z
2670,255,284,follows,0.91,212,2025-07-29T16:30:00Z,2026-05-04T10:30:00Z
2671,256,285,follows,0.38,219,2025-07-28T16:30:00Z,2026-05-04T09:30:00Z
2672,257,286,follows,0.51,6,2025-07-27T16:30:00Z,2026-05-04T08:30:00Z
2673,258,287,follows,0.64,13,2025-07-26T16:30:00Z,2026-05-04T07:30:00Z
2674,259,288,follows,0.77,20,2025-07-25T16:30:00Z,2026-05-04T06:30:00Z
2675,260,289,follows,0.9,27,2025-07-24T16:30:00Z,2026-05-04T05:30:00Z
2676,261,290,follows,0.37,34,2025-07-23T16:30:00Z,2026-05-04T04:30:00Z
2677,262,291,follows,0.5,41,2025-07-22T16:30:00Z,2026-05-04T03:30:00Z
2678,263,292,follows,0.63,48,2025-07-21T16:30:00Z,2026-05-04T02:30:00Z
2679,264,293,follows,0.76,55,2025-07-20T16:30:00Z,2026-05-04T01:30:00Z
2680,265,294,follows,0.89,62,2025-07-19T16:30:00Z,2026-05-04T00:30:00Z
2681,266,295,follows,0.36,69,2025-07-18T16:30:00Z,2026-05-03T23:30:00Z
2682,267,296,follows,0.49,76,2025-07-17T16:30:00Z,2026-05-03T22:30:00Z
2683,268,297,follows,0.62,83,2025-07-16T16:30:00Z,2026-05-03T21:30:00Z
2684,269,298,follows,0.75,90,2025-07-15T16:30:00Z,2026-05-03T20:30:00Z
2685,270,299,follows,0.88,97,2025-07-14T16:30:00Z,2026-05-03T19:30:00Z
2686,271,300,follows,0.35,104,2025-07-13T16:30:00Z,2026-05-03T18:30:00Z
2687,272,301,follows,0.48,111,2025-07-12T16:30:00Z,2026-05-03T17:30:00Z
2688,273,302,follows,0.61,118,2025-07-11T16:30:00Z,2026-05-03T16:30:00Z
2689,274,303,follows,0.74,125,2025-07-10T16:30:00Z,2026-05-03T15:30:00Z
2690,275,304,follows,0.87,132,2025-07-09T16:30:00Z,2026-05-03T14:30:00Z
2691,276,305,follows,0.34,139,2025-07-08T16:30:00Z,2026-05-03T13:30:00Z
2692,277,306,follows,0.47,146,2025-07-07T16:30:00Z,2026-05-03T12:30:00Z
2693,278,307,follows,0.6,153,2025-07-06T16:30:00Z,2026-05-03T11:30:00Z
2694,279,308,follows,0.73,160,2025-07-05T16:30:00Z,2026-05-03T10:30:00Z
2695,280,309,follows,0.86,167,2025-07-04T16:30:00Z,2026-05-03T09:30:00Z
2696,281,310,follows,0.33,174,2025-07-03T16:30:00Z,2026-05-03T08:30:00Z
2697,282,311,follows,0.46,181,2025-07-02T16:30:00Z,2026-05-03T07:30:00Z
2698,283,312,follows,0.59,188,2025-07-01T16:30:00Z,2026-05-03T06:30:00Z
2699,284,313,follows,0.72,195,2025-06-30T16:30:00Z,2026-05-03T05:30:00Z
2700,285,314,follows,0.85,202,2026-04-25T16:30:00Z,2026-05-03T04:30:00Z
2701,286,315,follows,0.32,209,2026-04-24T16:30:00Z,2026-05-03T03:30:00Z
2702,287,316,follows,0.45,216,2026-04-23T16:30:00Z,2026-05-03T02:30:00Z
2703,288,317,follows,0.58,3,2026-04-22T16:30:00Z,2026-05-03T01:30:00Z
2704,289,318,follows,0.71,10,2026-04-21T16:30:00Z,2026-05-03T00:30:00Z
2705,290,319,follows,0.84,17,2026-04-20T16:30:00Z,2026-05-02T23:30:00Z
2706,291,320,follows,0.31,24,2026-04-19T16:30:00Z,2026-05-02T22:30:00Z
2707,292,321,follows,0.44,31,2026-04-18T16:30:00Z,2026-05-02T21:30:00Z
2708,293,322,follows,0.57,38,2026-04-17T16:30:00Z,2026-05-02T20:30:00Z
2709,294,323,follows,0.7,45,2026-04-16T16:30:00Z,2026-05-02T19:30:00Z
2710,295,324,follows,0.83,52,2026-04-15T16:30:00Z,2026-05-02T18:30:00Z
2711,296,325,follows,0.96,59,2026-04-14T16:30:00Z,2026-05-02T17:30:00Z
2712,297,326,follows,0.43,66,2026-04-13T16:30:00Z,2026-05-02T16:30:00Z
2713,298,327,follows,0.56,73,2026-04-12T16:30:00Z,2026-05-02T15:30:00Z
2714,299,328,follows,0.69,80,2026-04-11T16:30:00Z,2026-05-02T14:30:00Z
2715,300,329,follows,0.82,87,2026-04-10T16:30:00Z,2026-05-02T13:30:00Z
2716,301,330,follows,0.95,94,2026-04-09T16:30:00Z,2026-05-02T12:30:00Z
2717,302,331,follows,0.42,101,2026-04-08T16:30:00Z,2026-05-02T11:30:00Z
2718,303,332,follows,0.55,108,2026-04-07T16:30:00Z,2026-05-02T10:30:00Z
2719,304,333,follows,0.68,115,2026-04-06T16:30:00Z,2026-05-02T09:30:00Z
2720,305,334,follows,0.81,122,2026-04-05T16:30:00Z,2026-05-02T08:30:00Z
2721,306,335,follows,0.94,129,2026-04-04T16:30:00Z,2026-05-02T07:30:00Z
2722,307,336,follows,0.41,136,2026-04-03T16:30:00Z,2026-05-02T06:30:00Z
2723,308,337,follows,0.54,143,2026-04-02T16:30:00Z,2026-05-02T05:30:00Z
2724,309,338,follows,0.67,150,2026-04-01T16:30:00Z,2026-05-02T04:30:00Z
2725,310,339,follows,0.8,157,2026-03-31T16:30:00Z,2026-05-02T03:30:00Z
2726,311,340,follows,0.93,164,2026-03-30T16:30:00Z,2026-05-02T02:30:00Z
2727,312,341,follows,0.4,171,2026-03-29T16:30:00Z,2026-05-02T01:30:00Z
2728,313,342,follows,0.53,178,2026-03-28T16:30:00Z,2026-05-02T00:30:00Z
2729,314,343,follows,0.66,185,2026-03-27T16:30:00Z,2026-05-01T23:30:00Z
2730,315,344,follows,0.79,192,2026-03-26T16:30:00Z,2026-05-01T22:30:00Z
2731,316,345,follows,0.92,199,2026-03-25T16:30:00Z,2026-05-01T21:30:00Z
2732,317,346,follows,0.39,206,2026-03-24T16:30:00Z,2026-05-01T20:30:00Z
2733,318,347,follows,0.52,213,2026-03-23T16:30:00Z,2026-05-01T19:30:00Z
2734,319,348,follows,0.65,220,2026-03-22T16:30:00Z,2026-05-01T18:30:00Z
2735,320,349,follows,0.78,7,2026-03-21T16:30:00Z,2026-05-01T17:30:00Z
2736,321,350,follows,0.91,14,2026-03-20T16:30:00Z,2026-05-01T16:30:00Z
2737,322,351,follows,0.38,21,2026-03-19T16:30:00Z,2026-05-01T15:30:00Z
2738,323,352,follows,0.51,28,2026-03-18T16:30:00Z,2026-05-01T14:30:00Z
2739,324,353,follows,0.64,35,2026-03-17T16:30:00Z,2026-05-01T13:30:00Z
2740,325,354,follows,0.77,42,2026-03-16T16:30:00Z,2026-05-01T12:30:00Z
2741,326,355,follows,0.9,49,2026-03-15T16:30:00Z,2026-05-01T11:30:00Z
2742,327,356,follows,0.37,56,2026-03-14T16:30:00Z,2026-05-01T10:30:00Z
2743,328,357,follows,0.5,63,2026-03-13T16:30:00Z,2026-05-01T09:30:00Z
2744,329,358,follows,0.63,70,2026-03-12T16:30:00Z,2026-05-01T08:30:00Z
2745,330,359,follows,0.76,77,2026-03-11T16:30:00Z,2026-05-01T07:30:00Z
2746,331,360,follows,0.89,84,2026-03-10T16:30:00Z,2026-05-01T06:30:00Z
2747,332,361,follows,0.36,91,2026-03-09T16:30:00Z,2026-05-01T05:30:00Z
2748,333,362,follows,0.49,98,2026-03-08T16:30:00Z,2026-05-01T04:30:00Z
2749,334,363,follows,0.62,105,2026-03-07T16:30:00Z,2026-05-01T03:30:00Z
2750,335,364,follows,0.75,112,2026-03-06T16:30:00Z,2026-05-01T02:30:00Z
2751,336,365,follows,0.88,119,2026-03-05T16:30:00Z,2026-05-01T01:30:00Z
2752,337,366,follows,0.35,126,2026-03-04T16:30:00Z,2026-05-01T00:30:00Z
2753,338,367,follows,0.48,133,2026-03-03T16:30:00Z,2026-04-30T23:30:00Z
2754,339,368,follows,0.61,140,2026-03-02T16:30:00Z,2026-04-30T22:30:00Z
2755,340,369,follows,0.74,147,2026-03-01T16:30:00Z,2026-04-30T21:30:00Z
2756,341,370,follows,0.87,154,2026-02-28T16:30:00Z,2026-04-30T20:30:00Z
2757,342,371,follows,0.34,161,2026-02-27T16:30:00Z,2026-04-30T19:30:00Z
2758,343,372,follows,0.47,168,2026-02-26T16:30:00Z,2026-04-30T18:30:00Z
2759,344,373,follows,0.6,175,2026-02-25T16:30:00Z,2026-04-30T17:30:00Z
2760,345,374,follows,0.73,182,2026-02-24T16:30:00Z,2026-05-05T16:30:00Z
2761,346,375,follows,0.86,189,2026-02-23T16:30:00Z,2026-05-05T15:30:00Z
2762,347,376,follows,0.33,196,2026-02-22T16:30:00Z,2026-05-05T14:30:00Z
2763,348,377,follows,0.46,203,2026-02-21T16:30:00Z,2026-05-05T13:30:00Z
2764,349,378,follows,0.59,210,2026-02-20T16:30:00Z,2026-05-05T12:30:00Z
2765,350,379,follows,0.72,217,2026-02-19T16:30:00Z,2026-05-05T11:30:00Z
2766,351,380,follows,0.85,4,2026-02-18T16:30:00Z,2026-05-05T10:30:00Z
2767,352,381,follows,0.32,11,2026-02-17T16:30:00Z,2026-05-05T09:30:00Z
2768,353,382,follows,0.45,18,2026-02-16T16:30:00Z,2026-05-05T08:30:00Z
2769,354,383,follows,0.58,25,2026-02-15T16:30:00Z,2026-05-05T07:30:00Z
2770,355,384,follows,0.71,32,2026-02-14T16:30:00Z,2026-05-05T06:30:00Z
2771,356,385,follows,0.84,39,2026-02-13T16:30:00Z,2026-05-05T05:30:00Z
2772,357,386,follows,0.31,46,2026-02-12T16:30:00Z,2026-05-05T04:30:00Z
2773,358,387,follows,0.44,53,2026-02-11T16:30:00Z,2026-05-05T03:30:00Z
2774,359,388,follows,0.57,60,2026-02-10T16:30:00Z,2026-05-05T02:30:00Z
2775,360,389,follows,0.7,67,2026-02-09T16:30:00Z,2026-05-05T01:30:00Z
2776,361,390,follows,0.83,74,2026-02-08T16:30:00Z,2026-05-05T00:30:00Z
2777,362,391,follows,0.96,81,2026-02-07T16:30:00Z,2026-05-04T23:30:00Z
2778,363,392,follows,0.43,88,2026-02-06T16:30:00Z,2026-05-04T22:30:00Z
2779,364,393,follows,0.56,95,2026-02-05T16:30:00Z,2026-05-04T21:30:00Z
2780,365,394,follows,0.69,102,2026-02-04T16:30:00Z,2026-05-04T20:30:00Z
2781,366,395,follows,0.82,109,2026-02-03T16:30:00Z,2026-05-04T19:30:00Z
2782,367,396,follows,0.95,116,2026-02-02T16:30:00Z,2026-05-04T18:30:00Z
2783,368,397,follows,0.42,123,2026-02-01T16:30:00Z,2026-05-04T17:30:00Z
2784,369,398,follows,0.55,130,2026-01-31T16:30:00Z,2026-05-04T16:30:00Z
2785,370,399,follows,0.68,137,2026-01-30T16:30:00Z,2026-05-04T15:30:00Z
2786,371,400,follows,0.81,144,2026-01-29T16:30:00Z,2026-05-04T14:30:00Z
2787,372,401,follows,0.94,151,2026-01-28T16:30:00Z,2026-05-04T13:30:00Z
2788,373,402,follows,0.41,158,2026-01-27T16:30:00Z,2026-05-04T12:30:00Z
2789,374,403,follows,0.54,165,2026-01-26T16:30:00Z,2026-05-04T11:30:00Z
2790,375,404,follows,0.67,172,2026-01-25T16:30:00Z,2026-05-04T10:30:00Z
2791,376,405,follows,0.8,179,2026-01-24T16:30:00Z,2026-05-04T09:30:00Z
2792,377,406,follows,0.93,186,2026-01-23T16:30:00Z,2026-05-04T08:30:00Z
2793,378,407,follows,0.4,193,2026-01-22T16:30:00Z,2026-05-04T07:30:00Z
2794,379,408,follows,0.53,200,2026-01-21T16:30:00Z,2026-05-04T06:30:00Z
2795,380,409,follows,0.66,207,2026-01-20T16:30:00Z,2026-05-04T05:30:00Z
2796,381,410,follows,0.79,214,2026-01-19T16:30:00Z,2026-05-04T04:30:00Z
2797,382,411,follows,0.92,221,2026-01-18T16:30:00Z,2026-05-04T03:30:00Z
2798,383,412,follows,0.39,8,2026-01-17T16:30:00Z,2026-05-04T02:30:00Z
2799,384,413,follows,0.52,15,2026-01-16T16:30:00Z,2026-05-04T01:30:00Z
2800,385,414,follows,0.65,22,2026-01-15T16:30:00Z,2026-05-04T00:30:00Z
2801,386,415,follows,0.78,29,2026-01-14T16:30:00Z,2026-05-03T23:30:00Z
2802,387,416,follows,0.91,36,2026-01-13T16:30:00Z,2026-05-03T22:30:00Z
2803,388,417,follows,0.38,43,2026-01-12T16:30:00Z,2026-05-03T21:30:00Z
2804,389,418,follows,0.51,50,2026-01-11T16:30:00Z,2026-05-03T20:30:00Z
2805,390,419,follows,0.64,57,2026-01-10T16:30:00Z,2026-05-03T19:30:00Z
2806,391,420,follows,0.77,64,2026-01-09T16:30:00Z,2026-05-03T18:30:00Z
2807,392,421,follows,0.9,71,2026-01-08T16:30:00Z,2026-05-03T17:30:00Z
2808,393,422,follows,0.37,78,2026-01-07T16:30:00Z,2026-05-03T16:30:00Z
2809,394,423,follows,0.5,85,2026-01-06T16:30:00Z,2026-05-03T15:30:00Z
2810,395,424,follows,0.63,92,2026-01-05T16:30:00Z,2026-05-03T14:30:00Z
2811,396,425,follows,0.76,99,2026-01-04T16:30:00Z,2026-05-03T13:30:00Z
2812,397,426,follows,0.89,106,2026-01-03T16:30:00Z,2026-05-03T12:30:00Z
2813,398,427,follows,0.36,113,2026-01-02T16:30:00Z,2026-05-03T11:30:00Z
2814,399,428,follows,0.49,120,2026-01-01T16:30:00Z,2026-05-03T10:30:00Z
2815,400,429,follows,0.62,127,2025-12-31T16:30:00Z,2026-05-03T09:30:00Z
2816,401,430,follows,0.75,134,2025-12-30T16:30:00Z,2026-05-03T08:30:00Z
2817,402,431,follows,0.88,141,2025-12-29T16:30:00Z,2026-05-03T07:30:00Z
2818,403,432,follows,0.35,148,2025-12-28T16:30:00Z,2026-05-03T06:30:00Z
2819,404,433,follows,0.48,155,2025-12-27T16:30:00Z,2026-05-03T05:30:00Z
2820,405,434,follows,0.61,162,2025-12-26T16:30:00Z,2026-05-03T04:30:00Z
2821,406,435,follows,0.74,169,2025-12-25T16:30:00Z,2026-05-03T03:30:00Z
2822,407,436,follows,0.87,176,2025-12-24T16:30:00Z,2026-05-03T02:30:00Z
2823,408,437,follows,0.34,183,2025-12-23T16:30:00Z,2026-05-03T01:30:00Z
2824,409,438,follows,0.47,190,2025-12-22T16:30:00Z,2026-05-03T00:30:00Z
2825,410,439,follows,0.6,197,2025-12-21T16:30:00Z,2026-05-02T23:30:00Z
2826,411,440,follows,0.73,204,2025-12-20T16:30:00Z,2026-05-02T22:30:00Z
2827,412,441,follows,0.86,211,2025-12-19T16:30:00Z,2026-05-02T21:30:00Z
2828,413,442,follows,0.33,218,2025-12-18T16:30:00Z,2026-05-02T20:30:00Z
2829,414,443,follows,0.46,5,2025-12-17T16:30:00Z,2026-05-02T19:30:00Z
2830,415,444,follows,0.59,12,2025-12-16T16:30:00Z,2026-05-02T18:30:00Z
2831,416,445,follows,0.72,19,2025-12-15T16:30:00Z,2026-05-02T17:30:00Z
2832,417,446,follows,0.85,26,2025-12-14T16:30:00Z,2026-05-02T16:30:00Z
2833,418,447,follows,0.32,33,2025-12-13T16:30:00Z,2026-05-02T15:30:00Z
2834,419,448,follows,0.45,40,2025-12-12T16:30:00Z,2026-05-02T14:30:00Z
2835,420,449,follows,0.58,47,2025-12-11T16:30:00Z,2026-05-02T13:30:00Z
2836,421,450,follows,0.71,54,2025-12-10T16:30:00Z,2026-05-02T12:30:00Z
2837,422,451,follows,0.84,61,2025-12-09T16:30:00Z,2026-05-02T11:30:00Z
2838,423,452,follows,0.31,68,2025-12-08T16:30:00Z,2026-05-02T10:30:00Z
2839,424,453,follows,0.44,75,2025-12-07T16:30:00Z,2026-05-02T09:30:00Z
2840,425,454,follows,0.57,82,2025-12-06T16:30:00Z,2026-05-02T08:30:00Z
2841,426,455,follows,0.7,89,2025-12-05T16:30:00Z,2026-05-02T07:30:00Z
2842,427,456,follows,0.83,96,2025-12-04T16:30:00Z,2026-05-02T06:30:00Z
2843,428,457,follows,0.96,103,2025-12-03T16:30:00Z,2026-05-02T05:30:00Z
2844,429,458,follows,0.43,110,2025-12-02T16:30:00Z,2026-05-02T04:30:00Z
2845,430,459,follows,0.56,117,2025-12-01T16:30:00Z,2026-05-02T03:30:00Z
2846,431,460,follows,0.69,124,2025-11-30T16:30:00Z,2026-05-02T02:30:00Z
2847,432,461,follows,0.82,131,2025-11-29T16:30:00Z,2026-05-02T01:30:00Z
2848,433,462,follows,0.95,138,2025-11-28T16:30:00Z,2026-05-02T00:30:00Z
2849,434,463,follows,0.42,145,2025-11-27T16:30:00Z,2026-05-01T23:30:00Z
2850,435,464,follows,0.55,152,2025-11-26T16:30:00Z,2026-05-01T22:30:00Z
2851,436,465,follows,0.68,159,2025-11-25T16:30:00Z,2026-05-01T21:30:00Z
2852,437,466,follows,0.81,166,2025-11-24T16:30:00Z,2026-05-01T20:30:00Z
2853,438,467,follows,0.94,173,2025-11-23T16:30:00Z,2026-05-01T19:30:00Z
2854,439,468,follows,0.41,180,2025-11-22T16:30:00Z,2026-05-01T18:30:00Z
2855,440,469,follows,0.54,187,2025-11-21T16:30:00Z,2026-05-01T17:30:00Z
2856,441,470,follows,0.67,194,2025-11-20T16:30:00Z,2026-05-01T16:30:00Z
2857,442,471,follows,0.8,201,2025-11-19T16:30:00Z,2026-05-01T15:30:00Z
2858,443,472,follows,0.93,208,2025-11-18T16:30:00Z,2026-05-01T14:30:00Z
2859,444,473,follows,0.4,215,2025-11-17T16:30:00Z,2026-05-01T13:30:00Z
2860,445,474,follows,0.53,2,2025-11-16T16:30:00Z,2026-05-01T12:30:00Z
2861,446,475,follows,0.66,9,2025-11-15T16:30:00Z,2026-05-01T11:30:00Z
2862,447,476,follows,0.79,16,2025-11-14T16:30:00Z,2026-05-01T10:30:00Z
2863,448,477,follows,0.92,23,2025-11-13T16:30:00Z,2026-05-01T09:30:00Z
2864,449,478,follows,0.39,30,2025-11-12T16:30:00Z,2026-05-01T08:30:00Z
2865,450,479,follows,0.52,37,2025-11-11T16:30:00Z,2026-05-01T07:30:00Z
2866,451,480,follows,0.65,44,2025-11-10T16:30:00Z,2026-05-01T06:30:00Z
2867,452,481,follows,0.78,51,2025-11-09T16:30:00Z,2026-05-01T05:30:00Z
2868,453,482,follows,0.91,58,2025-11-08T16:30:00Z,2026-05-01T04:30:00Z
2869,454,483,follows,0.38,65,2025-11-07T16:30:00Z,2026-05-01T03:30:00Z
2870,455,1,follows,0.51,72,2025-11-06T16:30:00Z,2026-05-01T02:30:00Z
2871,456,2,follows,0.64,79,2025-11-05T16:30:00Z,2026-05-01T01:30:00Z
2872,457,3,follows,0.77,86,2025-11-04T16:30:00Z,2026-05-01T00:30:00Z
2873,458,4,follows,0.9,93,2025-11-03T16:30:00Z,2026-04-30T23:30:00Z
2874,459,5,follows,0.37,100,2025-11-02T16:30:00Z,2026-04-30T22:30:00Z
2875,460,6,follows,0.5,107,2025-11-01T16:30:00Z,2026-04-30T21:30:00Z
2876,461,7,follows,0.63,114,2025-10-31T16:30:00Z,2026-04-30T20:30:00Z
2877,462,8,follows,0.76,121,2025-10-30T16:30:00Z,2026-04-30T19:30:00Z
2878,463,9,follows,0.89,128,2025-10-29T16:30:00Z,2026-04-30T18:30:00Z
2879,464,10,follows,0.36,135,2025-10-28T16:30:00Z,2026-04-30T17:30:00Z
2880,465,11,follows,0.49,142,2025-10-27T16:30:00Z,2026-05-05T16:30:00Z
2881,466,12,follows,0.62,149,2025-10-26T16:30:00Z,2026-05-05T15:30:00Z
2882,467,13,follows,0.75,156,2025-10-25T16:30:00Z,2026-05-05T14:30:00Z
2883,468,14,follows,0.88,163,2025-10-24T16:30:00Z,2026-05-05T13:30:00Z
2884,469,15,follows,0.35,170,2025-10-23T16:30:00Z,2026-05-05T12:30:00Z
2885,470,16,follows,0.48,177,2025-10-22T16:30:00Z,2026-05-05T11:30:00Z
2886,471,17,follows,0.61,184,2025-10-21T16:30:00Z,2026-05-05T10:30:00Z
2887,472,18,follows,0.74,191,2025-10-20T16:30:00Z,2026-05-05T09:30:00Z
2888,473,19,follows,0.87,198,2025-10-19T16:30:00Z,2026-05-05T08:30:00Z
2889,474,20,follows,0.34,205,2025-10-18T16:30:00Z,2026-05-05T07:30:00Z
2890,475,21,follows,0.47,212,2025-10-17T16:30:00Z,2026-05-05T06:30:00Z
2891,476,22,follows,0.6,219,2025-10-16T16:30:00Z,2026-05-05T05:30:00Z
2892,477,23,follows,0.73,6,2025-10-15T16:30:00Z,2026-05-05T04:30:00Z
2893,478,24,follows,0.86,13,2025-10-14T16:30:00Z,2026-05-05T03:30:00Z
2894,479,25,follows,0.33,20,2025-10-13T16:30:00Z,2026-05-05T02:30:00Z
2895,480,26,follows,0.46,27,2025-10-12T16:30:00Z,2026-05-05T01:30:00Z
2896,481,27,follows,0.59,34,2025-10-11T16:30:00Z,2026-05-05T00:30:00Z
2897,482,28,follows,0.72,41,2025-10-10T16:30:00Z,2026-05-04T23:30:00Z
2898,483,29,follows,0.85,48,2025-10-09T16:30:00Z,2026-05-04T22:30:00Z
2899,1,48,follows,0.32,55,2025-10-08T16:30:00Z,2026-05-04T21:30:00Z
2900,2,49,follows,0.45,62,2025-10-07T16:30:00Z,2026-05-04T20:30:00Z
2901,3,50,follows,0.58,69,2025-10-06T16:30:00Z,2026-05-04T19:30:00Z
2902,4,51,follows,0.71,76,2025-10-05T16:30:00Z,2026-05-04T18:30:00Z
2903,5,52,follows,0.84,83,2025-10-04T16:30:00Z,2026-05-04T17:30:00Z
2904,6,53,follows,0.31,90,2025-10-03T16:30:00Z,2026-05-04T16:30:00Z
2905,7,54,follows,0.44,97,2025-10-02T16:30:00Z,2026-05-04T15:30:00Z
2906,8,55,follows,0.57,104,2025-10-01T16:30:00Z,2026-05-04T14:30:00Z
2907,9,56,follows,0.7,111,2025-09-30T16:30:00Z,2026-05-04T13:30:00Z
2908,10,57,follows,0.83,118,2025-09-29T16:30:00Z,2026-05-04T12:30:00Z
2909,11,58,follows,0.96,125,2025-09-28T16:30:00Z,2026-05-04T11:30:00Z
2910,12,59,follows,0.43,132,2025-09-27T16:30:00Z,2026-05-04T10:30:00Z
2911,13,60,follows,0.56,139,2025-09-26T16:30:00Z,2026-05-04T09:30:00Z
2912,14,61,follows,0.69,146,2025-09-25T16:30:00Z,2026-05-04T08:30:00Z
2913,15,62,follows,0.82,153,2025-09-24T16:30:00Z,2026-05-04T07:30:00Z
2914,16,63,follows,0.95,160,2025-09-23T16:30:00Z,2026-05-04T06:30:00Z
2915,17,64,follows,0.42,167,2025-09-22T16:30:00Z,2026-05-04T05:30:00Z
2916,18,65,follows,0.55,174,2025-09-21T16:30:00Z,2026-05-04T04:30:00Z
2917,19,66,follows,0.68,181,2025-09-20T16:30:00Z,2026-05-04T03:30:00Z
2918,20,67,follows,0.81,188,2025-09-19T16:30:00Z,2026-05-04T02:30:00Z
2919,21,68,follows,0.94,195,2025-09-18T16:30:00Z,2026-05-04T01:30:00Z
2920,22,69,follows,0.41,202,2025-09-17T16:30:00Z,2026-05-04T00:30:00Z
2921,23,70,follows,0.54,209,2025-09-16T16:30:00Z,2026-05-03T23:30:00Z
2922,24,71,follows,0.67,216,2025-09-15T16:30:00Z,2026-05-03T22:30:00Z
2923,25,72,follows,0.8,3,2025-09-14T16:30:00Z,2026-05-03T21:30:00Z
2924,26,73,follows,0.93,10,2025-09-13T16:30:00Z,2026-05-03T20:30:00Z
2925,27,74,follows,0.4,17,2025-09-12T16:30:00Z,2026-05-03T19:30:00Z
2926,28,75,follows,0.53,24,2025-09-11T16:30:00Z,2026-05-03T18:30:00Z
2927,29,76,follows,0.66,31,2025-09-10T16:30:00Z,2026-05-03T17:30:00Z
2928,30,77,follows,0.79,38,2025-09-09T16:30:00Z,2026-05-03T16:30:00Z
2929,31,78,follows,0.92,45,2025-09-08T16:30:00Z,2026-05-03T15:30:00Z
2930,32,79,follows,0.39,52,2025-09-07T16:30:00Z,2026-05-03T14:30:00Z
2931,33,80,follows,0.52,59,2025-09-06T16:30:00Z,2026-05-03T13:30:00Z
2932,34,81,follows,0.65,66,2025-09-05T16:30:00Z,2026-05-03T12:30:00Z
2933,35,82,follows,0.78,73,2025-09-04T16:30:00Z,2026-05-03T11:30:00Z
2934,36,83,follows,0.91,80,2025-09-03T16:30:00Z,2026-05-03T10:30:00Z
2935,37,84,follows,0.38,87,2025-09-02T16:30:00Z,2026-05-03T09:30:00Z
2936,38,85,follows,0.51,94,2025-09-01T16:30:00Z,2026-05-03T08:30:00Z
2937,39,86,follows,0.64,101,2025-08-31T16:30:00Z,2026-05-03T07:30:00Z
2938,40,87,follows,0.77,108,2025-08-30T16:30:00Z,2026-05-03T06:30:00Z
2939,41,88,follows,0.9,115,2025-08-29T16:30:00Z,2026-05-03T05:30:00Z
2940,42,89,follows,0.37,122,2025-08-28T16:30:00Z,2026-05-03T04:30:00Z
2941,43,90,follows,0.5,129,2025-08-27T16:30:00Z,2026-05-03T03:30:00Z
2942,44,91,follows,0.63,136,2025-08-26T16:30:00Z,2026-05-03T02:30:00Z
2943,45,92,follows,0.76,143,2025-08-25T16:30:00Z,2026-05-03T01:30:00Z
2944,46,93,follows,0.89,150,2025-08-24T16:30:00Z,2026-05-03T00:30:00Z
2945,47,94,follows,0.36,157,2025-08-23T16:30:00Z,2026-05-02T23:30:00Z
2946,48,95,follows,0.49,164,2025-08-22T16:30:00Z,2026-05-02T22:30:00Z
2947,49,96,follows,0.62,171,2025-08-21T16:30:00Z,2026-05-02T21:30:00Z
2948,50,97,follows,0.75,178,2025-08-20T16:30:00Z,2026-05-02T20:30:00Z
2949,51,98,follows,0.88,185,2025-08-19T16:30:00Z,2026-05-02T19:30:00Z
2950,52,99,follows,0.35,192,2025-08-18T16:30:00Z,2026-05-02T18:30:00Z
2951,53,100,follows,0.48,199,2025-08-17T16:30:00Z,2026-05-02T17:30:00Z
2952,54,101,follows,0.61,206,2025-08-16T16:30:00Z,2026-05-02T16:30:00Z
2953,55,102,follows,0.74,213,2025-08-15T16:30:00Z,2026-05-02T15:30:00Z
2954,56,103,follows,0.87,220,2025-08-14T16:30:00Z,2026-05-02T14:30:00Z
2955,57,104,follows,0.34,7,2025-08-13T16:30:00Z,2026-05-02T13:30:00Z
2956,58,105,follows,0.47,14,2025-08-12T16:30:00Z,2026-05-02T12:30:00Z
2957,59,106,follows,0.6,21,2025-08-11T16:30:00Z,2026-05-02T11:30:00Z
2958,60,107,follows,0.73,28,2025-08-10T16:30:00Z,2026-05-02T10:30:00Z
2959,61,108,follows,0.86,35,2025-08-09T16:30:00Z,2026-05-02T09:30:00Z
2960,62,109,follows,0.33,42,2025-08-08T16:30:00Z,2026-05-02T08:30:00Z
2961,63,110,follows,0.46,49,2025-08-07T16:30:00Z,2026-05-02T07:30:00Z
2962,64,111,follows,0.59,56,2025-08-06T16:30:00Z,2026-05-02T06:30:00Z
2963,65,112,follows,0.72,63,2025-08-05T16:30:00Z,2026-05-02T05:30:00Z
2964,66,113,follows,0.85,70,2025-08-04T16:30:00Z,2026-05-02T04:30:00Z
2965,67,114,follows,0.32,77,2025-08-03T16:30:00Z,2026-05-02T03:30:00Z
2966,68,115,follows,0.45,84,2025-08-02T16:30:00Z,2026-05-02T02:30:00Z
2967,69,116,follows,0.58,91,2025-08-01T16:30:00Z,2026-05-02T01:30:00Z
2968,70,117,follows,0.71,98,2025-07-31T16:30:00Z,2026-05-02T00:30:00Z
2969,71,118,follows,0.84,105,2025-07-30T16:30:00Z,2026-05-01T23:30:00Z
2970,72,119,follows,0.31,112,2025-07-29T16:30:00Z,2026-05-01T22:30:00Z
2971,73,120,follows,0.44,119,2025-07-28T16:30:00Z,2026-05-01T21:30:00Z
2972,74,121,follows,0.57,126,2025-07-27T16:30:00Z,2026-05-01T20:30:00Z
2973,75,122,follows,0.7,133,2025-07-26T16:30:00Z,2026-05-01T19:30:00Z
2974,76,123,follows,0.83,140,2025-07-25T16:30:00Z,2026-05-01T18:30:00Z
2975,77,124,follows,0.96,147,2025-07-24T16:30:00Z,2026-05-01T17:30:00Z
2976,78,125,follows,0.43,154,2025-07-23T16:30:00Z,2026-05-01T16:30:00Z
2977,79,126,follows,0.56,161,2025-07-22T16:30:00Z,2026-05-01T15:30:00Z
2978,80,127,follows,0.69,168,2025-07-21T16:30:00Z,2026-05-01T14:30:00Z
2979,81,128,follows,0.82,175,2025-07-20T16:30:00Z,2026-05-01T13:30:00Z
2980,82,129,follows,0.95,182,2025-07-19T16:30:00Z,2026-05-01T12:30:00Z
2981,83,130,follows,0.42,189,2025-07-18T16:30:00Z,2026-05-01T11:30:00Z
2982,84,131,follows,0.55,196,2025-07-17T16:30:00Z,2026-05-01T10:30:00Z
2983,85,132,follows,0.68,203,2025-07-16T16:30:00Z,2026-05-01T09:30:00Z
2984,86,133,follows,0.81,210,2025-07-15T16:30:00Z,2026-05-01T08:30:00Z
2985,87,134,follows,0.94,217,2025-07-14T16:30:00Z,2026-05-01T07:30:00Z
2986,88,135,follows,0.41,4,2025-07-13T16:30:00Z,2026-05-01T06:30:00Z
2987,89,136,follows,0.54,11,2025-07-12T16:30:00Z,2026-05-01T05:30:00Z
2988,90,137,follows,0.67,18,2025-07-11T16:30:00Z,2026-05-01T04:30:00Z
2989,91,138,follows,0.8,25,2025-07-10T16:30:00Z,2026-05-01T03:30:00Z
2990,92,139,follows,0.93,32,2025-07-09T16:30:00Z,2026-05-01T02:30:00Z
2991,93,140,follows,0.4,39,2025-07-08T16:30:00Z,2026-05-01T01:30:00Z
2992,94,141,follows,0.53,46,2025-07-07T16:30:00Z,2026-05-01T00:30:00Z
2993,95,142,follows,0.66,53,2025-07-06T16:30:00Z,2026-04-30T23:30:00Z
2994,96,143,follows,0.79,60,2025-07-05T16:30:00Z,2026-04-30T22:30:00Z
2995,97,144,follows,0.92,67,2025-07-04T16:30:00Z,2026-04-30T21:30:00Z
2996,98,145,follows,0.39,74,2025-07-03T16:30:00Z,2026-04-30T20:30:00Z
2997,99,146,follows,0.52,81,2025-07-02T16:30:00Z,2026-04-30T19:30:00Z
2998,100,147,follows,0.65,88,2025-07-01T16:30:00Z,2026-04-30T18:30:00Z
2999,101,148,follows,0.78,95,2025-06-30T16:30:00Z,2026-04-30T17:30:00Z
3000,102,149,follows,0.91,102,2026-04-25T16:30:00Z,2026-05-05T16:30:00Z
3001,103,150,follows,0.38,109,2026-04-24T16:30:00Z,2026-05-05T15:30:00Z
3002,104,151,follows,0.51,116,2026-04-23T16:30:00Z,2026-05-05T14:30:00Z
3003,105,152,follows,0.64,123,2026-04-22T16:30:00Z,2026-05-05T13:30:00Z
3004,106,153,follows,0.77,130,2026-04-21T16:30:00Z,2026-05-05T12:30:00Z
3005,107,154,follows,0.9,137,2026-04-20T16:30:00Z,2026-05-05T11:30:00Z
3006,108,155,follows,0.37,144,2026-04-19T16:30:00Z,2026-05-05T10:30:00Z
3007,109,156,follows,0.5,151,2026-04-18T16:30:00Z,2026-05-05T09:30:00Z
3008,110,157,follows,0.63,158,2026-04-17T16:30:00Z,2026-05-05T08:30:00Z
