shipment_id,order_id,center_id,carrier,tracking_number,ship_status,distance_km,estimated_hours,ship_cost,shipped_at,delivered_at,created_at
1,1,6,StreamOps,MEDIA0000000001,delivered,11.7,6.5,0,2026-05-04T15:30:00Z,2026-05-04T18:30:00Z,2026-05-05T16:30:00Z
2,2,11,TheatricalDesk,MEDIA0000000002,in_transit,15.4,12,0,2026-05-04T14:30:00Z,,2026-05-05T16:30:00Z
3,3,16,MarqueeOps,MEDIA0000000003,shipped,19.1,17.5,0,2026-05-04T13:30:00Z,,2026-05-05T16:30:00Z
4,4,21,RightsRunner,MEDIA0000000004,packed,22.8,23,0,2026-05-04T12:30:00Z,,2026-05-05T16:30:00Z
5,5,26,LiveEventDesk,MEDIA0000000005,preparing,26.5,28.5,0,,,2026-05-05T16:30:00Z
6,6,1,StreamOps,MEDIA0000000006,delivered,30.2,34,0,2026-05-04T10:30:00Z,2026-05-04T18:30:00Z,2026-05-05T16:30:00Z
7,7,6,TheatricalDesk,MEDIA0000000007,in_transit,33.9,3.5,0,2026-05-04T09:30:00Z,,2026-05-05T16:30:00Z
8,8,11,MarqueeOps,MEDIA0000000008,shipped,37.6,9,0,2026-05-04T08:30:00Z,,2026-05-05T16:30:00Z
9,9,16,RightsRunner,MEDIA0000000009,packed,41.3,14.5,0,2026-05-04T07:30:00Z,,2026-05-05T16:30:00Z
10,10,21,LiveEventDesk,MEDIA0000000010,preparing,45,20,0,,,2026-05-05T16:30:00Z
11,11,26,StreamOps,MEDIA0000000011,delivered,48.7,25.5,0,2026-05-04T05:30:00Z,2026-05-04T08:30:00Z,2026-05-05T16:30:00Z
12,12,1,TheatricalDesk,MEDIA0000000012,in_transit,52.4,31,0,2026-05-04T04:30:00Z,,2026-05-05T16:30:00Z
13,13,6,MarqueeOps,MEDIA0000000013,shipped,56.1,36.5,0,2026-05-04T03:30:00Z,,2026-05-05T16:30:00Z
14,14,11,RightsRunner,MEDIA0000000014,packed,59.8,6,0,2026-05-04T02:30:00Z,,2026-05-05T16:30:00Z
15,15,16,LiveEventDesk,MEDIA0000000015,preparing,63.5,11.5,0,,,2026-05-05T16:30:00Z
16,16,21,StreamOps,MEDIA0000000016,delivered,67.2,17,0,2026-05-04T00:30:00Z,2026-05-04T08:30:00Z,2026-05-05T16:30:00Z
17,17,26,TheatricalDesk,MEDIA0000000017,in_transit,70.9,22.5,0,2026-05-03T23:30:00Z,,2026-05-05T16:30:00Z
18,18,1,MarqueeOps,MEDIA0000000018,shipped,74.6,28,0,2026-05-03T22:30:00Z,,2026-05-05T16:30:00Z
19,19,6,RightsRunner,MEDIA0000000019,packed,78.3,33.5,0,2026-05-03T21:30:00Z,,2026-05-05T16:30:00Z
20,20,11,LiveEventDesk,MEDIA0000000020,preparing,82,3,0,,,2026-05-05T16:30:00Z
21,21,16,StreamOps,MEDIA0000000021,delivered,85.7,8.5,0,2026-05-03T19:30:00Z,2026-05-03T22:30:00Z,2026-05-05T16:30:00Z
22,22,21,TheatricalDesk,MEDIA0000000022,in_transit,89.4,14,0,2026-05-03T18:30:00Z,,2026-05-05T16:30:00Z
23,23,26,MarqueeOps,MEDIA0000000023,shipped,93.1,19.5,0,2026-05-03T17:30:00Z,,2026-05-05T16:30:00Z
24,24,1,RightsRunner,MEDIA0000000024,packed,96.8,25,0,2026-05-03T16:30:00Z,,2026-05-05T16:30:00Z
25,25,6,LiveEventDesk,MEDIA0000000025,preparing,100.5,30.5,0,,,2026-05-05T16:30:00Z
26,26,11,StreamOps,MEDIA0000000026,delivered,104.2,36,0,2026-05-03T14:30:00Z,2026-05-03T22:30:00Z,2026-05-05T16:30:00Z
27,27,16,TheatricalDesk,MEDIA0000000027,in_transit,107.9,5.5,0,2026-05-03T13:30:00Z,,2026-05-05T16:30:00Z
28,28,21,MarqueeOps,MEDIA0000000028,shipped,111.6,11,0,2026-05-03T12:30:00Z,,2026-05-05T16:30:00Z
29,29,26,RightsRunner,MEDIA0000000029,packed,115.3,16.5,0,2026-05-03T11:30:00Z,,2026-05-05T16:30:00Z
30,30,1,LiveEventDesk,MEDIA0000000030,preparing,119,22,0,,,2026-05-05T16:30:00Z
31,31,6,StreamOps,MEDIA0000000031,delivered,122.7,27.5,0,2026-05-03T09:30:00Z,2026-05-03T12:30:00Z,2026-05-05T16:30:00Z
32,32,11,TheatricalDesk,MEDIA0000000032,in_transit,126.4,33,0,2026-05-03T08:30:00Z,,2026-05-05T16:30:00Z
33,33,16,MarqueeOps,MEDIA0000000033,shipped,130.1,2.5,0,2026-05-03T07:30:00Z,,2026-05-05T16:30:00Z
34,34,21,RightsRunner,MEDIA0000000034,packed,133.8,8,0,2026-05-03T06:30:00Z,,2026-05-05T16:30:00Z
35,35,26,LiveEventDesk,MEDIA0000000035,preparing,137.5,13.5,0,,,2026-05-05T16:30:00Z
36,36,1,StreamOps,MEDIA0000000036,delivered,141.2,19,0,2026-05-03T04:30:00Z,2026-05-03T12:30:00Z,2026-05-05T16:30:00Z
37,37,6,TheatricalDesk,MEDIA0000000037,in_transit,144.9,24.5,0,2026-05-03T03:30:00Z,,2026-05-05T16:30:00Z
38,38,11,MarqueeOps,MEDIA0000000038,shipped,148.6,30,0,2026-05-03T02:30:00Z,,2026-05-05T16:30:00Z
39,39,16,RightsRunner,MEDIA0000000039,packed,152.3,35.5,0,2026-05-03T01:30:00Z,,2026-05-05T16:30:00Z
40,40,21,LiveEventDesk,MEDIA0000000040,preparing,156,5,0,,,2026-05-05T16:30:00Z
41,41,26,StreamOps,MEDIA0000000041,delivered,159.7,10.5,0,2026-05-02T23:30:00Z,2026-05-03T02:30:00Z,2026-05-05T16:30:00Z
42,42,1,TheatricalDesk,MEDIA0000000042,in_transit,163.4,16,0,2026-05-02T22:30:00Z,,2026-05-05T16:30:00Z
43,43,6,MarqueeOps,MEDIA0000000043,shipped,167.1,21.5,0,2026-05-02T21:30:00Z,,2026-05-05T16:30:00Z
44,44,11,RightsRunner,MEDIA0000000044,packed,170.8,27,0,2026-05-02T20:30:00Z,,2026-05-05T16:30:00Z
45,45,16,LiveEventDesk,MEDIA0000000045,preparing,174.5,32.5,0,,,2026-05-05T16:30:00Z
46,46,21,StreamOps,MEDIA0000000046,delivered,178.2,2,0,2026-05-02T18:30:00Z,2026-05-03T02:30:00Z,2026-05-05T16:30:00Z
47,47,26,TheatricalDesk,MEDIA0000000047,in_transit,181.9,7.5,0,2026-05-02T17:30:00Z,,2026-05-05T16:30:00Z
48,48,1,MarqueeOps,MEDIA0000000048,shipped,185.6,13,0,2026-05-02T16:30:00Z,,2026-05-05T16:30:00Z
49,49,6,RightsRunner,MEDIA0000000049,packed,189.3,18.5,0,2026-05-02T15:30:00Z,,2026-05-05T16:30:00Z
50,50,11,LiveEventDesk,MEDIA0000000050,preparing,193,24,0,,,2026-05-05T16:30:00Z
51,51,16,StreamOps,MEDIA0000000051,delivered,196.7,29.5,0,2026-05-02T13:30:00Z,2026-05-02T16:30:00Z,2026-05-05T16:30:00Z
52,52,21,TheatricalDesk,MEDIA0000000052,in_transit,200.4,35,0,2026-05-02T12:30:00Z,,2026-05-05T16:30:00Z
53,53,26,MarqueeOps,MEDIA0000000053,shipped,204.1,4.5,0,2026-05-02T11:30:00Z,,2026-05-05T16:30:00Z
54,54,1,RightsRunner,MEDIA0000000054,packed,207.8,10,0,2026-05-02T10:30:00Z,,2026-05-05T16:30:00Z
55,55,6,LiveEventDesk,MEDIA0000000055,preparing,211.5,15.5,0,,,2026-05-05T16:30:00Z
56,56,11,StreamOps,MEDIA0000000056,delivered,215.2,21,0,2026-05-02T08:30:00Z,2026-05-02T16:30:00Z,2026-05-05T16:30:00Z
57,57,16,TheatricalDesk,MEDIA0000000057,in_transit,218.9,26.5,0,2026-05-02T07:30:00Z,,2026-05-05T16:30:00Z
58,58,21,MarqueeOps,MEDIA0000000058,shipped,222.6,32,0,2026-05-02T06:30:00Z,,2026-05-05T16:30:00Z
59,59,26,RightsRunner,MEDIA0000000059,packed,226.3,1.5,0,2026-05-02T05:30:00Z,,2026-05-05T16:30:00Z
60,60,1,LiveEventDesk,MEDIA0000000060,preparing,230,7,0,,,2026-05-05T16:30:00Z
61,61,6,StreamOps,MEDIA0000000061,delivered,233.7,12.5,0,2026-05-02T03:30:00Z,2026-05-02T06:30:00Z,2026-05-05T16:30:00Z
62,62,11,TheatricalDesk,MEDIA0000000062,in_transit,237.4,18,0,2026-05-02T02:30:00Z,,2026-05-05T16:30:00Z
63,63,16,MarqueeOps,MEDIA0000000063,shipped,241.1,23.5,0,2026-05-02T01:30:00Z,,2026-05-05T16:30:00Z
64,64,21,RightsRunner,MEDIA0000000064,packed,244.8,29,0,2026-05-02T00:30:00Z,,2026-05-05T16:30:00Z
65,65,26,LiveEventDesk,MEDIA0000000065,preparing,8.5,34.5,0,,,2026-05-05T16:30:00Z
66,66,1,StreamOps,MEDIA0000000066,delivered,12.2,4,0,2026-05-01T22:30:00Z,2026-05-02T06:30:00Z,2026-05-05T16:30:00Z
67,67,6,TheatricalDesk,MEDIA0000000067,in_transit,15.9,9.5,0,2026-05-01T21:30:00Z,,2026-05-05T16:30:00Z
68,68,11,MarqueeOps,MEDIA0000000068,shipped,19.6,15,0,2026-05-01T20:30:00Z,,2026-05-05T16:30:00Z
69,69,16,RightsRunner,MEDIA0000000069,packed,23.3,20.5,0,2026-05-01T19:30:00Z,,2026-05-05T16:30:00Z
70,70,21,LiveEventDesk,MEDIA0000000070,preparing,27,26,0,,,2026-05-05T16:30:00Z
71,71,26,StreamOps,MEDIA0000000071,delivered,30.7,31.5,0,2026-05-01T17:30:00Z,2026-05-01T20:30:00Z,2026-05-05T16:30:00Z
72,72,1,TheatricalDesk,MEDIA0000000072,in_transit,34.4,1,0,2026-05-01T16:30:00Z,,2026-05-05T16:30:00Z
73,73,6,MarqueeOps,MEDIA0000000073,shipped,38.1,6.5,0,2026-05-01T15:30:00Z,,2026-05-05T16:30:00Z
74,74,11,RightsRunner,MEDIA0000000074,packed,41.8,12,0,2026-05-01T14:30:00Z,,2026-05-05T16:30:00Z
75,75,16,LiveEventDesk,MEDIA0000000075,preparing,45.5,17.5,0,,,2026-05-05T16:30:00Z
76,76,21,StreamOps,MEDIA0000000076,delivered,49.2,23,0,2026-05-01T12:30:00Z,2026-05-01T20:30:00Z,2026-05-05T16:30:00Z
77,77,26,TheatricalDesk,MEDIA0000000077,in_transit,52.9,28.5,0,2026-05-01T11:30:00Z,,2026-05-05T16:30:00Z
78,78,1,MarqueeOps,MEDIA0000000078,shipped,56.6,34,0,2026-05-01T10:30:00Z,,2026-05-05T16:30:00Z
79,79,6,RightsRunner,MEDIA0000000079,packed,60.3,3.5,0,2026-05-01T09:30:00Z,,2026-05-05T16:30:00Z
80,80,11,LiveEventDesk,MEDIA0000000080,preparing,64,9,0,,,2026-05-05T16:30:00Z
81,81,16,StreamOps,MEDIA0000000081,delivered,67.7,14.5,0,2026-05-01T07:30:00Z,2026-05-01T10:30:00Z,2026-05-05T16:30:00Z
82,82,21,TheatricalDesk,MEDIA0000000082,in_transit,71.4,20,0,2026-05-01T06:30:00Z,,2026-05-05T16:30:00Z
83,83,26,MarqueeOps,MEDIA0000000083,shipped,75.1,25.5,0,2026-05-01T05:30:00Z,,2026-05-05T16:30:00Z
84,84,1,RightsRunner,MEDIA0000000084,packed,78.8,31,0,2026-05-01T04:30:00Z,,2026-05-05T16:30:00Z
85,85,6,LiveEventDesk,MEDIA0000000085,preparing,82.5,36.5,0,,,2026-05-05T16:30:00Z
86,86,11,StreamOps,MEDIA0000000086,delivered,86.2,6,0,2026-05-01T02:30:00Z,2026-05-01T10:30:00Z,2026-05-05T16:30:00Z
87,87,16,TheatricalDesk,MEDIA0000000087,in_transit,89.9,11.5,0,2026-05-01T01:30:00Z,,2026-05-05T16:30:00Z
88,88,21,MarqueeOps,MEDIA0000000088,shipped,93.6,17,0,2026-05-01T00:30:00Z,,2026-05-05T16:30:00Z
89,89,26,RightsRunner,MEDIA0000000089,packed,97.3,22.5,0,2026-04-30T23:30:00Z,,2026-05-05T16:30:00Z
90,90,1,LiveEventDesk,MEDIA0000000090,preparing,101,28,0,,,2026-05-05T16:30:00Z
91,91,6,StreamOps,MEDIA0000000091,delivered,104.7,33.5,0,2026-04-30T21:30:00Z,2026-05-01T00:30:00Z,2026-05-05T16:30:00Z
92,92,11,TheatricalDesk,MEDIA0000000092,in_transit,108.4,3,0,2026-04-30T20:30:00Z,,2026-05-05T16:30:00Z
93,93,16,MarqueeOps,MEDIA0000000093,shipped,112.1,8.5,0,2026-04-30T19:30:00Z,,2026-05-05T16:30:00Z
94,94,21,RightsRunner,MEDIA0000000094,packed,115.8,14,0,2026-04-30T18:30:00Z,,2026-05-05T16:30:00Z
95,95,26,LiveEventDesk,MEDIA0000000095,preparing,119.5,19.5,0,,,2026-05-05T16:30:00Z
96,96,1,StreamOps,MEDIA0000000096,delivered,123.2,25,0,2026-05-04T16:30:00Z,2026-05-05T00:30:00Z,2026-05-05T16:30:00Z
97,97,6,TheatricalDesk,MEDIA0000000097,in_transit,126.9,30.5,0,2026-05-04T15:30:00Z,,2026-05-05T16:30:00Z
98,98,11,MarqueeOps,MEDIA0000000098,shipped,130.6,36,0,2026-05-04T14:30:00Z,,2026-05-05T16:30:00Z
99,99,16,RightsRunner,MEDIA0000000099,packed,134.3,5.5,0,2026-05-04T13:30:00Z,,2026-05-05T16:30:00Z
100,100,21,LiveEventDesk,MEDIA0000000100,preparing,138,11,0,,,2026-05-05T16:30:00Z
101,101,26,StreamOps,MEDIA0000000101,delivered,141.7,16.5,0,2026-05-04T11:30:00Z,2026-05-04T14:30:00Z,2026-05-05T16:30:00Z
102,102,1,TheatricalDesk,MEDIA0000000102,in_transit,145.4,22,0,2026-05-04T10:30:00Z,,2026-05-05T16:30:00Z
103,103,6,MarqueeOps,MEDIA0000000103,shipped,149.1,27.5,0,2026-05-04T09:30:00Z,,2026-05-05T16:30:00Z
104,104,11,RightsRunner,MEDIA0000000104,packed,152.8,33,0,2026-05-04T08:30:00Z,,2026-05-05T16:30:00Z
105,105,16,LiveEventDesk,MEDIA0000000105,preparing,156.5,2.5,0,,,2026-05-05T16:30:00Z
106,106,21,StreamOps,MEDIA0000000106,delivered,160.2,8,0,2026-05-04T06:30:00Z,2026-05-04T14:30:00Z,2026-05-05T16:30:00Z
107,107,26,TheatricalDesk,MEDIA0000000107,in_transit,163.9,13.5,0,2026-05-04T05:30:00Z,,2026-05-05T16:30:00Z
108,108,1,MarqueeOps,MEDIA0000000108,shipped,167.6,19,0,2026-05-04T04:30:00Z,,2026-05-05T16:30:00Z
109,109,6,RightsRunner,MEDIA0000000109,packed,171.3,24.5,0,2026-05-04T03:30:00Z,,2026-05-05T16:30:00Z
110,110,11,LiveEventDesk,MEDIA0000000110,preparing,175,30,0,,,2026-05-05T16:30:00Z
111,111,16,StreamOps,MEDIA0000000111,delivered,178.7,35.5,0,2026-05-04T01:30:00Z,2026-05-04T04:30:00Z,2026-05-05T16:30:00Z
112,112,21,TheatricalDesk,MEDIA0000000112,in_transit,182.4,5,0,2026-05-04T00:30:00Z,,2026-05-05T16:30:00Z
113,113,26,MarqueeOps,MEDIA0000000113,shipped,186.1,10.5,0,2026-05-03T23:30:00Z,,2026-05-05T16:30:00Z
114,114,1,RightsRunner,MEDIA0000000114,packed,189.8,16,0,2026-05-03T22:30:00Z,,2026-05-05T16:30:00Z
115,115,6,LiveEventDesk,MEDIA0000000115,preparing,193.5,21.5,0,,,2026-05-05T16:30:00Z
116,116,11,StreamOps,MEDIA0000000116,delivered,197.2,27,0,2026-05-03T20:30:00Z,2026-05-04T04:30:00Z,2026-05-05T16:30:00Z
117,117,16,TheatricalDesk,MEDIA0000000117,in_transit,200.9,32.5,0,2026-05-03T19:30:00Z,,2026-05-05T16:30:00Z
118,118,21,MarqueeOps,MEDIA0000000118,shipped,204.6,2,0,2026-05-03T18:30:00Z,,2026-05-05T16:30:00Z
119,119,26,RightsRunner,MEDIA0000000119,packed,208.3,7.5,0,2026-05-03T17:30:00Z,,2026-05-05T16:30:00Z
120,120,1,LiveEventDesk,MEDIA0000000120,preparing,212,13,0,,,2026-05-05T16:30:00Z
121,121,6,StreamOps,MEDIA0000000121,delivered,215.7,18.5,0,2026-05-03T15:30:00Z,2026-05-03T18:30:00Z,2026-05-05T16:30:00Z
122,122,11,TheatricalDesk,MEDIA0000000122,in_transit,219.4,24,0,2026-05-03T14:30:00Z,,2026-05-05T16:30:00Z
123,123,16,MarqueeOps,MEDIA0000000123,shipped,223.1,29.5,0,2026-05-03T13:30:00Z,,2026-05-05T16:30:00Z
124,124,21,RightsRunner,MEDIA0000000124,packed,226.8,35,0,2026-05-03T12:30:00Z,,2026-05-05T16:30:00Z
125,125,26,LiveEventDesk,MEDIA0000000125,preparing,230.5,4.5,0,,,2026-05-05T16:30:00Z
126,126,1,StreamOps,MEDIA0000000126,delivered,234.2,10,0,2026-05-03T10:30:00Z,2026-05-03T18:30:00Z,2026-05-05T16:30:00Z
127,127,6,TheatricalDesk,MEDIA0000000127,in_transit,237.9,15.5,0,2026-05-03T09:30:00Z,,2026-05-05T16:30:00Z
128,128,11,MarqueeOps,MEDIA0000000128,shipped,241.6,21,0,2026-05-03T08:30:00Z,,2026-05-05T16:30:00Z
129,129,16,RightsRunner,MEDIA0000000129,packed,245.3,26.5,0,2026-05-03T07:30:00Z,,2026-05-05T16:30:00Z
130,130,21,LiveEventDesk,MEDIA0000000130,preparing,9,32,0,,,2026-05-05T16:30:00Z
131,131,26,StreamOps,MEDIA0000000131,delivered,12.7,1.5,0,2026-05-03T05:30:00Z,2026-05-03T08:30:00Z,2026-05-05T16:30:00Z
132,132,1,TheatricalDesk,MEDIA0000000132,in_transit,16.4,7,0,2026-05-03T04:30:00Z,,2026-05-05T16:30:00Z
133,133,6,MarqueeOps,MEDIA0000000133,shipped,20.1,12.5,0,2026-05-03T03:30:00Z,,2026-05-05T16:30:00Z
134,134,11,RightsRunner,MEDIA0000000134,packed,23.8,18,0,2026-05-03T02:30:00Z,,2026-05-05T16:30:00Z
135,135,16,LiveEventDesk,MEDIA0000000135,preparing,27.5,23.5,0,,,2026-05-05T16:30:00Z
136,136,21,StreamOps,MEDIA0000000136,delivered,31.2,29,0,2026-05-03T00:30:00Z,2026-05-03T08:30:00Z,2026-05-05T16:30:00Z
137,137,26,TheatricalDesk,MEDIA0000000137,in_transit,34.9,34.5,0,2026-05-02T23:30:00Z,,2026-05-05T16:30:00Z
138,138,1,MarqueeOps,MEDIA0000000138,shipped,38.6,4,0,2026-05-02T22:30:00Z,,2026-05-05T16:30:00Z
139,139,6,RightsRunner,MEDIA0000000139,packed,42.3,9.5,0,2026-05-02T21:30:00Z,,2026-05-05T16:30:00Z
140,140,11,LiveEventDesk,MEDIA0000000140,preparing,46,15,0,,,2026-05-05T16:30:00Z
141,141,16,StreamOps,MEDIA0000000141,delivered,49.7,20.5,0,2026-05-02T19:30:00Z,2026-05-02T22:30:00Z,2026-05-05T16:30:00Z
142,142,21,TheatricalDesk,MEDIA0000000142,in_transit,53.4,26,0,2026-05-02T18:30:00Z,,2026-05-05T16:30:00Z
143,143,26,MarqueeOps,MEDIA0000000143,shipped,57.1,31.5,0,2026-05-02T17:30:00Z,,2026-05-05T16:30:00Z
144,144,1,RightsRunner,MEDIA0000000144,packed,60.8,1,0,2026-05-02T16:30:00Z,,2026-05-05T16:30:00Z
145,145,6,LiveEventDesk,MEDIA0000000145,preparing,64.5,6.5,0,,,2026-05-05T16:30:00Z
146,146,11,StreamOps,MEDIA0000000146,delivered,68.2,12,0,2026-05-02T14:30:00Z,2026-05-02T22:30:00Z,2026-05-05T16:30:00Z
147,147,16,TheatricalDesk,MEDIA0000000147,in_transit,71.9,17.5,0,2026-05-02T13:30:00Z,,2026-05-05T16:30:00Z
148,148,21,MarqueeOps,MEDIA0000000148,shipped,75.6,23,0,2026-05-02T12:30:00Z,,2026-05-05T16:30:00Z
149,149,26,RightsRunner,MEDIA0000000149,packed,79.3,28.5,0,2026-05-02T11:30:00Z,,2026-05-05T16:30:00Z
150,150,1,LiveEventDesk,MEDIA0000000150,preparing,83,34,0,,,2026-05-05T16:30:00Z
151,151,6,StreamOps,MEDIA0000000151,delivered,86.7,3.5,0,2026-05-02T09:30:00Z,2026-05-02T12:30:00Z,2026-05-05T16:30:00Z
152,152,11,TheatricalDesk,MEDIA0000000152,in_transit,90.4,9,0,2026-05-02T08:30:00Z,,2026-05-05T16:30:00Z
153,153,16,MarqueeOps,MEDIA0000000153,shipped,94.1,14.5,0,2026-05-02T07:30:00Z,,2026-05-05T16:30:00Z
154,154,21,RightsRunner,MEDIA0000000154,packed,97.8,20,0,2026-05-02T06:30:00Z,,2026-05-05T16:30:00Z
155,155,26,LiveEventDesk,MEDIA0000000155,preparing,101.5,25.5,0,,,2026-05-05T16:30:00Z
156,156,1,StreamOps,MEDIA0000000156,delivered,105.2,31,0,2026-05-02T04:30:00Z,2026-05-02T12:30:00Z,2026-05-05T16:30:00Z
157,157,6,TheatricalDesk,MEDIA0000000157,in_transit,108.9,36.5,0,2026-05-02T03:30:00Z,,2026-05-05T16:30:00Z
158,158,11,MarqueeOps,MEDIA0000000158,shipped,112.6,6,0,2026-05-02T02:30:00Z,,2026-05-05T16:30:00Z
159,159,16,RightsRunner,MEDIA0000000159,packed,116.3,11.5,0,2026-05-02T01:30:00Z,,2026-05-05T16:30:00Z
160,160,21,LiveEventDesk,MEDIA0000000160,preparing,120,17,0,,,2026-05-05T16:30:00Z
161,161,26,StreamOps,MEDIA0000000161,delivered,123.7,22.5,0,2026-05-01T23:30:00Z,2026-05-02T02:30:00Z,2026-05-05T16:30:00Z
162,162,1,TheatricalDesk,MEDIA0000000162,in_transit,127.4,28,0,2026-05-01T22:30:00Z,,2026-05-05T16:30:00Z
163,163,6,MarqueeOps,MEDIA0000000163,shipped,131.1,33.5,0,2026-05-01T21:30:00Z,,2026-05-05T16:30:00Z
164,164,11,RightsRunner,MEDIA0000000164,packed,134.8,3,0,2026-05-01T20:30:00Z,,2026-05-05T16:30:00Z
165,165,16,LiveEventDesk,MEDIA0000000165,preparing,138.5,8.5,0,,,2026-05-05T16:30:00Z
166,166,21,StreamOps,MEDIA0000000166,delivered,142.2,14,0,2026-05-01T18:30:00Z,2026-05-02T02:30:00Z,2026-05-05T16:30:00Z
167,167,26,TheatricalDesk,MEDIA0000000167,in_transit,145.9,19.5,0,2026-05-01T17:30:00Z,,2026-05-05T16:30:00Z
168,168,1,MarqueeOps,MEDIA0000000168,shipped,149.6,25,0,2026-05-01T16:30:00Z,,2026-05-05T16:30:00Z
169,169,6,RightsRunner,MEDIA0000000169,packed,153.3,30.5,0,2026-05-01T15:30:00Z,,2026-05-05T16:30:00Z
170,170,11,LiveEventDesk,MEDIA0000000170,preparing,157,36,0,,,2026-05-05T16:30:00Z
171,171,16,StreamOps,MEDIA0000000171,delivered,160.7,5.5,0,2026-05-01T13:30:00Z,2026-05-01T16:30:00Z,2026-05-05T16:30:00Z
172,172,21,TheatricalDesk,MEDIA0000000172,in_transit,164.4,11,0,2026-05-01T12:30:00Z,,2026-05-05T16:30:00Z
173,173,26,MarqueeOps,MEDIA0000000173,shipped,168.1,16.5,0,2026-05-01T11:30:00Z,,2026-05-05T16:30:00Z
174,174,1,RightsRunner,MEDIA0000000174,packed,171.8,22,0,2026-05-01T10:30:00Z,,2026-05-05T16:30:00Z
175,175,6,LiveEventDesk,MEDIA0000000175,preparing,175.5,27.5,0,,,2026-05-05T16:30:00Z
176,176,11,StreamOps,MEDIA0000000176,delivered,179.2,33,0,2026-05-01T08:30:00Z,2026-05-01T16:30:00Z,2026-05-05T16:30:00Z
177,177,16,TheatricalDesk,MEDIA0000000177,in_transit,182.9,2.5,0,2026-05-01T07:30:00Z,,2026-05-05T16:30:00Z
178,178,21,MarqueeOps,MEDIA0000000178,shipped,186.6,8,0,2026-05-01T06:30:00Z,,2026-05-05T16:30:00Z
179,179,26,RightsRunner,MEDIA0000000179,packed,190.3,13.5,0,2026-05-01T05:30:00Z,,2026-05-05T16:30:00Z
180,180,1,LiveEventDesk,MEDIA0000000180,preparing,194,19,0,,,2026-05-05T16:30:00Z
181,181,6,StreamOps,MEDIA0000000181,delivered,197.7,24.5,0,2026-05-01T03:30:00Z,2026-05-01T06:30:00Z,2026-05-05T16:30:00Z
182,182,11,TheatricalDesk,MEDIA0000000182,in_transit,201.4,30,0,2026-05-01T02:30:00Z,,2026-05-05T16:30:00Z
183,183,16,MarqueeOps,MEDIA0000000183,shipped,205.1,35.5,0,2026-05-01T01:30:00Z,,2026-05-05T16:30:00Z
184,184,21,RightsRunner,MEDIA0000000184,packed,208.8,5,0,2026-05-01T00:30:00Z,,2026-05-05T16:30:00Z
185,185,26,LiveEventDesk,MEDIA0000000185,preparing,212.5,10.5,0,,,2026-05-05T16:30:00Z
186,186,1,StreamOps,MEDIA0000000186,delivered,216.2,16,0,2026-04-30T22:30:00Z,2026-05-01T06:30:00Z,2026-05-05T16:30:00Z
187,187,6,TheatricalDesk,MEDIA0000000187,in_transit,219.9,21.5,0,2026-04-30T21:30:00Z,,2026-05-05T16:30:00Z
188,188,11,MarqueeOps,MEDIA0000000188,shipped,223.6,27,0,2026-04-30T20:30:00Z,,2026-05-05T16:30:00Z
189,189,16,RightsRunner,MEDIA0000000189,packed,227.3,32.5,0,2026-04-30T19:30:00Z,,2026-05-05T16:30:00Z
190,190,21,LiveEventDesk,MEDIA0000000190,preparing,231,2,0,,,2026-05-05T16:30:00Z
191,191,26,StreamOps,MEDIA0000000191,delivered,234.7,7.5,0,2026-04-30T17:30:00Z,2026-04-30T20:30:00Z,2026-05-05T16:30:00Z
192,192,1,TheatricalDesk,MEDIA0000000192,in_transit,238.4,13,0,2026-05-04T16:30:00Z,,2026-05-05T16:30:00Z
193,193,6,MarqueeOps,MEDIA0000000193,shipped,242.1,18.5,0,2026-05-04T15:30:00Z,,2026-05-05T16:30:00Z
194,194,11,RightsRunner,MEDIA0000000194,packed,245.8,24,0,2026-05-04T14:30:00Z,,2026-05-05T16:30:00Z
195,195,16,LiveEventDesk,MEDIA0000000195,preparing,9.5,29.5,0,,,2026-05-05T16:30:00Z
196,196,21,StreamOps,MEDIA0000000196,delivered,13.2,35,0,2026-05-04T12:30:00Z,2026-05-04T20:30:00Z,2026-05-05T16:30:00Z
197,197,26,TheatricalDesk,MEDIA0000000197,in_transit,16.9,4.5,0,2026-05-04T11:30:00Z,,2026-05-05T16:30:00Z
198,198,1,MarqueeOps,MEDIA0000000198,shipped,20.6,10,0,2026-05-04T10:30:00Z,,2026-05-05T16:30:00Z
199,199,6,RightsRunner,MEDIA0000000199,packed,24.3,15.5,0,2026-05-04T09:30:00Z,,2026-05-05T16:30:00Z
200,200,11,LiveEventDesk,MEDIA0000000200,preparing,28,21,0,,,2026-05-05T16:30:00Z
201,201,16,StreamOps,MEDIA0000000201,delivered,31.7,26.5,0,2026-05-04T07:30:00Z,2026-05-04T10:30:00Z,2026-05-05T16:30:00Z
202,202,21,TheatricalDesk,MEDIA0000000202,in_transit,35.4,32,0,2026-05-04T06:30:00Z,,2026-05-05T16:30:00Z
203,203,26,MarqueeOps,MEDIA0000000203,shipped,39.1,1.5,0,2026-05-04T05:30:00Z,,2026-05-05T16:30:00Z
204,204,1,RightsRunner,MEDIA0000000204,packed,42.8,7,0,2026-05-04T04:30:00Z,,2026-05-05T16:30:00Z
205,205,6,LiveEventDesk,MEDIA0000000205,preparing,46.5,12.5,0,,,2026-05-05T16:30:00Z
206,206,11,StreamOps,MEDIA0000000206,delivered,50.2,18,0,2026-05-04T02:30:00Z,2026-05-04T10:30:00Z,2026-05-05T16:30:00Z
207,207,16,TheatricalDesk,MEDIA0000000207,in_transit,53.9,23.5,0,2026-05-04T01:30:00Z,,2026-05-05T16:30:00Z
208,208,21,MarqueeOps,MEDIA0000000208,shipped,57.6,29,0,2026-05-04T00:30:00Z,,2026-05-05T16:30:00Z
209,209,26,RightsRunner,MEDIA0000000209,packed,61.3,34.5,0,2026-05-03T23:30:00Z,,2026-05-05T16:30:00Z
210,210,1,LiveEventDesk,MEDIA0000000210,preparing,65,4,0,,,2026-05-05T16:30:00Z
211,211,6,StreamOps,MEDIA0000000211,delivered,68.7,9.5,0,2026-05-03T21:30:00Z,2026-05-04T00:30:00Z,2026-05-05T16:30:00Z
212,212,11,TheatricalDesk,MEDIA0000000212,in_transit,72.4,15,0,2026-05-03T20:30:00Z,,2026-05-05T16:30:00Z
213,213,16,MarqueeOps,MEDIA0000000213,shipped,76.1,20.5,0,2026-05-03T19:30:00Z,,2026-05-05T16:30:00Z
214,214,21,RightsRunner,MEDIA0000000214,packed,79.8,26,0,2026-05-03T18:30:00Z,,2026-05-05T16:30:00Z
215,215,26,LiveEventDesk,MEDIA0000000215,preparing,83.5,31.5,0,,,2026-05-05T16:30:00Z
216,216,1,StreamOps,MEDIA0000000216,delivered,87.2,1,0,2026-05-03T16:30:00Z,2026-05-04T00:30:00Z,2026-05-05T16:30:00Z
217,217,6,TheatricalDesk,MEDIA0000000217,in_transit,90.9,6.5,0,2026-05-03T15:30:00Z,,2026-05-05T16:30:00Z
218,218,11,MarqueeOps,MEDIA0000000218,shipped,94.6,12,0,2026-05-03T14:30:00Z,,2026-05-05T16:30:00Z
219,219,16,RightsRunner,MEDIA0000000219,packed,98.3,17.5,0,2026-05-03T13:30:00Z,,2026-05-05T16:30:00Z
220,220,21,LiveEventDesk,MEDIA0000000220,preparing,102,23,0,,,2026-05-05T16:30:00Z
221,221,26,StreamOps,MEDIA0000000221,delivered,105.7,28.5,0,2026-05-03T11:30:00Z,2026-05-03T14:30:00Z,2026-05-05T16:30:00Z
222,222,1,TheatricalDesk,MEDIA0000000222,in_transit,109.4,34,0,2026-05-03T10:30:00Z,,2026-05-05T16:30:00Z
223,223,6,MarqueeOps,MEDIA0000000223,shipped,113.1,3.5,0,2026-05-03T09:30:00Z,,2026-05-05T16:30:00Z
224,224,11,RightsRunner,MEDIA0000000224,packed,116.8,9,0,2026-05-03T08:30:00Z,,2026-05-05T16:30:00Z
225,225,16,LiveEventDesk,MEDIA0000000225,preparing,120.5,14.5,0,,,2026-05-05T16:30:00Z
226,226,21,StreamOps,MEDIA0000000226,delivered,124.2,20,0,2026-05-03T06:30:00Z,2026-05-03T14:30:00Z,2026-05-05T16:30:00Z
227,227,26,TheatricalDesk,MEDIA0000000227,in_transit,127.9,25.5,0,2026-05-03T05:30:00Z,,2026-05-05T16:30:00Z
228,228,1,MarqueeOps,MEDIA0000000228,shipped,131.6,31,0,2026-05-03T04:30:00Z,,2026-05-05T16:30:00Z
229,229,6,RightsRunner,MEDIA0000000229,packed,135.3,36.5,0,2026-05-03T03:30:00Z,,2026-05-05T16:30:00Z
230,230,11,LiveEventDesk,MEDIA0000000230,preparing,139,6,0,,,2026-05-05T16:30:00Z
231,231,16,StreamOps,MEDIA0000000231,delivered,142.7,11.5,0,2026-05-03T01:30:00Z,2026-05-03T04:30:00Z,2026-05-05T16:30:00Z
232,232,21,TheatricalDesk,MEDIA0000000232,in_transit,146.4,17,0,2026-05-03T00:30:00Z,,2026-05-05T16:30:00Z
233,233,26,MarqueeOps,MEDIA0000000233,shipped,150.1,22.5,0,2026-05-02T23:30:00Z,,2026-05-05T16:30:00Z
234,234,1,RightsRunner,MEDIA0000000234,packed,153.8,28,0,2026-05-02T22:30:00Z,,2026-05-05T16:30:00Z
235,235,6,LiveEventDesk,MEDIA0000000235,preparing,157.5,33.5,0,,,2026-05-05T16:30:00Z
236,236,11,StreamOps,MEDIA0000000236,delivered,161.2,3,0,2026-05-02T20:30:00Z,2026-05-03T04:30:00Z,2026-05-05T16:30:00Z
237,237,16,TheatricalDesk,MEDIA0000000237,in_transit,164.9,8.5,0,2026-05-02T19:30:00Z,,2026-05-05T16:30:00Z
238,238,21,MarqueeOps,MEDIA0000000238,shipped,168.6,14,0,2026-05-02T18:30:00Z,,2026-05-05T16:30:00Z
239,239,26,RightsRunner,MEDIA0000000239,packed,172.3,19.5,0,2026-05-02T17:30:00Z,,2026-05-05T16:30:00Z
240,240,1,LiveEventDesk,MEDIA0000000240,preparing,176,25,0,,,2026-05-05T16:30:00Z
241,241,6,StreamOps,MEDIA0000000241,delivered,179.7,30.5,0,2026-05-02T15:30:00Z,2026-05-02T18:30:00Z,2026-05-05T16:30:00Z
242,242,11,TheatricalDesk,MEDIA0000000242,in_transit,183.4,36,0,2026-05-02T14:30:00Z,,2026-05-05T16:30:00Z
243,243,16,MarqueeOps,MEDIA0000000243,shipped,187.1,5.5,0,2026-05-02T13:30:00Z,,2026-05-05T16:30:00Z
244,244,21,RightsRunner,MEDIA0000000244,packed,190.8,11,0,2026-05-02T12:30:00Z,,2026-05-05T16:30:00Z
245,245,26,LiveEventDesk,MEDIA0000000245,preparing,194.5,16.5,0,,,2026-05-05T16:30:00Z
246,246,1,StreamOps,MEDIA0000000246,delivered,198.2,22,0,2026-05-02T10:30:00Z,2026-05-02T18:30:00Z,2026-05-05T16:30:00Z
247,247,6,TheatricalDesk,MEDIA0000000247,in_transit,201.9,27.5,0,2026-05-02T09:30:00Z,,2026-05-05T16:30:00Z
248,248,11,MarqueeOps,MEDIA0000000248,shipped,205.6,33,0,2026-05-02T08:30:00Z,,2026-05-05T16:30:00Z
249,249,16,RightsRunner,MEDIA0000000249,packed,209.3,2.5,0,2026-05-02T07:30:00Z,,2026-05-05T16:30:00Z
250,250,21,LiveEventDesk,MEDIA0000000250,preparing,213,8,0,,,2026-05-05T16:30:00Z
251,251,26,StreamOps,MEDIA0000000251,delivered,216.7,13.5,0,2026-05-02T05:30:00Z,2026-05-02T08:30:00Z,2026-05-05T16:30:00Z
252,252,1,TheatricalDesk,MEDIA0000000252,in_transit,220.4,19,0,2026-05-02T04:30:00Z,,2026-05-05T16:30:00Z
253,253,6,MarqueeOps,MEDIA0000000253,shipped,224.1,24.5,0,2026-05-02T03:30:00Z,,2026-05-05T16:30:00Z
254,254,11,RightsRunner,MEDIA0000000254,packed,227.8,30,0,2026-05-02T02:30:00Z,,2026-05-05T16:30:00Z
255,255,16,LiveEventDesk,MEDIA0000000255,preparing,231.5,35.5,0,,,2026-05-05T16:30:00Z
256,256,21,StreamOps,MEDIA0000000256,delivered,235.2,5,0,2026-05-02T00:30:00Z,2026-05-02T08:30:00Z,2026-05-05T16:30:00Z
257,257,26,TheatricalDesk,MEDIA0000000257,in_transit,238.9,10.5,0,2026-05-01T23:30:00Z,,2026-05-05T16:30:00Z
258,258,1,MarqueeOps,MEDIA0000000258,shipped,242.6,16,0,2026-05-01T22:30:00Z,,2026-05-05T16:30:00Z
259,259,6,RightsRunner,MEDIA0000000259,packed,246.3,21.5,0,2026-05-01T21:30:00Z,,2026-05-05T16:30:00Z
260,260,11,LiveEventDesk,MEDIA0000000260,preparing,10,27,0,,,2026-05-05T16:30:00Z
261,261,16,StreamOps,MEDIA0000000261,delivered,13.7,32.5,0,2026-05-01T19:30:00Z,2026-05-01T22:30:00Z,2026-05-05T16:30:00Z
262,262,21,TheatricalDesk,MEDIA0000000262,in_transit,17.4,2,0,2026-05-01T18:30:00Z,,2026-05-05T16:30:00Z
263,263,26,MarqueeOps,MEDIA0000000263,shipped,21.1,7.5,0,2026-05-01T17:30:00Z,,2026-05-05T16:30:00Z
264,264,1,RightsRunner,MEDIA0000000264,packed,24.8,13,0,2026-05-01T16:30:00Z,,2026-05-05T16:30:00Z
265,265,6,LiveEventDesk,MEDIA0000000265,preparing,28.5,18.5,0,,,2026-05-05T16:30:00Z
266,266,11,StreamOps,MEDIA0000000266,delivered,32.2,24,0,2026-05-01T14:30:00Z,2026-05-01T22:30:00Z,2026-05-05T16:30:00Z
267,267,16,TheatricalDesk,MEDIA0000000267,in_transit,35.9,29.5,0,2026-05-01T13:30:00Z,,2026-05-05T16:30:00Z
268,268,21,MarqueeOps,MEDIA0000000268,shipped,39.6,35,0,2026-05-01T12:30:00Z,,2026-05-05T16:30:00Z
269,269,26,RightsRunner,MEDIA0000000269,packed,43.3,4.5,0,2026-05-01T11:30:00Z,,2026-05-05T16:30:00Z
270,270,1,LiveEventDesk,MEDIA0000000270,preparing,47,10,0,,,2026-05-05T16:30:00Z
271,271,6,StreamOps,MEDIA0000000271,delivered,50.7,15.5,0,2026-05-01T09:30:00Z,2026-05-01T12:30:00Z,2026-05-05T16:30:00Z
272,272,11,TheatricalDesk,MEDIA0000000272,in_transit,54.4,21,0,2026-05-01T08:30:00Z,,2026-05-05T16:30:00Z
273,273,16,MarqueeOps,MEDIA0000000273,shipped,58.1,26.5,0,2026-05-01T07:30:00Z,,2026-05-05T16:30:00Z
274,274,21,RightsRunner,MEDIA0000000274,packed,61.8,32,0,2026-05-01T06:30:00Z,,2026-05-05T16:30:00Z
275,275,26,LiveEventDesk,MEDIA0000000275,preparing,65.5,1.5,0,,,2026-05-05T16:30:00Z
276,276,1,StreamOps,MEDIA0000000276,delivered,69.2,7,0,2026-05-01T04:30:00Z,2026-05-01T12:30:00Z,2026-05-05T16:30:00Z
277,277,6,TheatricalDesk,MEDIA0000000277,in_transit,72.9,12.5,0,2026-05-01T03:30:00Z,,2026-05-05T16:30:00Z
278,278,11,MarqueeOps,MEDIA0000000278,shipped,76.6,18,0,2026-05-01T02:30:00Z,,2026-05-05T16:30:00Z
279,279,16,RightsRunner,MEDIA0000000279,packed,80.3,23.5,0,2026-05-01T01:30:00Z,,2026-05-05T16:30:00Z
280,280,21,LiveEventDesk,MEDIA0000000280,preparing,84,29,0,,,2026-05-05T16:30:00Z
281,281,26,StreamOps,MEDIA0000000281,delivered,87.7,34.5,0,2026-04-30T23:30:00Z,2026-05-01T02:30:00Z,2026-05-05T16:30:00Z
282,282,1,TheatricalDesk,MEDIA0000000282,in_transit,91.4,4,0,2026-04-30T22:30:00Z,,2026-05-05T16:30:00Z
283,283,6,MarqueeOps,MEDIA0000000283,shipped,95.1,9.5,0,2026-04-30T21:30:00Z,,2026-05-05T16:30:00Z
284,284,11,RightsRunner,MEDIA0000000284,packed,98.8,15,0,2026-04-30T20:30:00Z,,2026-05-05T16:30:00Z
285,285,16,LiveEventDesk,MEDIA0000000285,preparing,102.5,20.5,0,,,2026-05-05T16:30:00Z
286,286,21,StreamOps,MEDIA0000000286,delivered,106.2,26,0,2026-04-30T18:30:00Z,2026-05-01T02:30:00Z,2026-05-05T16:30:00Z
287,287,26,TheatricalDesk,MEDIA0000000287,in_transit,109.9,31.5,0,2026-04-30T17:30:00Z,,2026-05-05T16:30:00Z
288,288,1,MarqueeOps,MEDIA0000000288,shipped,113.6,1,0,2026-05-04T16:30:00Z,,2026-05-05T16:30:00Z
289,289,6,RightsRunner,MEDIA0000000289,packed,117.3,6.5,0,2026-05-04T15:30:00Z,,2026-05-05T16:30:00Z
290,290,11,LiveEventDesk,MEDIA0000000290,preparing,121,12,0,,,2026-05-05T16:30:00Z
291,291,16,StreamOps,MEDIA0000000291,delivered,124.7,17.5,0,2026-05-04T13:30:00Z,2026-05-04T16:30:00Z,2026-05-05T16:30:00Z
292,292,21,TheatricalDesk,MEDIA0000000292,in_transit,128.4,23,0,2026-05-04T12:30:00Z,,2026-05-05T16:30:00Z
293,293,26,MarqueeOps,MEDIA0000000293,shipped,132.1,28.5,0,2026-05-04T11:30:00Z,,2026-05-05T16:30:00Z
294,294,1,RightsRunner,MEDIA0000000294,packed,135.8,34,0,2026-05-04T10:30:00Z,,2026-05-05T16:30:00Z
295,295,6,LiveEventDesk,MEDIA0000000295,preparing,139.5,3.5,0,,,2026-05-05T16:30:00Z
296,296,11,StreamOps,MEDIA0000000296,delivered,143.2,9,0,2026-05-04T08:30:00Z,2026-05-04T16:30:00Z,2026-05-05T16:30:00Z
297,297,16,TheatricalDesk,MEDIA0000000297,in_transit,146.9,14.5,0,2026-05-04T07:30:00Z,,2026-05-05T16:30:00Z
298,298,21,MarqueeOps,MEDIA0000000298,shipped,150.6,20,0,2026-05-04T06:30:00Z,,2026-05-05T16:30:00Z
299,299,26,RightsRunner,MEDIA0000000299,packed,154.3,25.5,0,2026-05-04T05:30:00Z,,2026-05-05T16:30:00Z
300,300,1,LiveEventDesk,MEDIA0000000300,preparing,158,31,0,,,2026-05-05T16:30:00Z
301,301,6,StreamOps,MEDIA0000000301,delivered,161.7,36.5,0,2026-05-04T03:30:00Z,2026-05-04T06:30:00Z,2026-05-05T16:30:00Z
302,302,11,TheatricalDesk,MEDIA0000000302,in_transit,165.4,6,0,2026-05-04T02:30:00Z,,2026-05-05T16:30:00Z
303,303,16,MarqueeOps,MEDIA0000000303,shipped,169.1,11.5,0,2026-05-04T01:30:00Z,,2026-05-05T16:30:00Z
304,304,21,RightsRunner,MEDIA0000000304,packed,172.8,17,0,2026-05-04T00:30:00Z,,2026-05-05T16:30:00Z
305,305,26,LiveEventDesk,MEDIA0000000305,preparing,176.5,22.5,0,,,2026-05-05T16:30:00Z
306,306,1,StreamOps,MEDIA0000000306,delivered,180.2,28,0,2026-05-03T22:30:00Z,2026-05-04T06:30:00Z,2026-05-05T16:30:00Z
307,307,6,TheatricalDesk,MEDIA0000000307,in_transit,183.9,33.5,0,2026-05-03T21:30:00Z,,2026-05-05T16:30:00Z
308,308,11,MarqueeOps,MEDIA0000000308,shipped,187.6,3,0,2026-05-03T20:30:00Z,,2026-05-05T16:30:00Z
309,309,16,RightsRunner,MEDIA0000000309,packed,191.3,8.5,0,2026-05-03T19:30:00Z,,2026-05-05T16:30:00Z
310,310,21,LiveEventDesk,MEDIA0000000310,preparing,195,14,0,,,2026-05-05T16:30:00Z
311,311,26,StreamOps,MEDIA0000000311,delivered,198.7,19.5,0,2026-05-03T17:30:00Z,2026-05-03T20:30:00Z,2026-05-05T16:30:00Z
312,312,1,TheatricalDesk,MEDIA0000000312,in_transit,202.4,25,0,2026-05-03T16:30:00Z,,2026-05-05T16:30:00Z
313,313,6,MarqueeOps,MEDIA0000000313,shipped,206.1,30.5,0,2026-05-03T15:30:00Z,,2026-05-05T16:30:00Z
314,314,11,RightsRunner,MEDIA0000000314,packed,209.8,36,0,2026-05-03T14:30:00Z,,2026-05-05T16:30:00Z
315,315,16,LiveEventDesk,MEDIA0000000315,preparing,213.5,5.5,0,,,2026-05-05T16:30:00Z
316,316,21,StreamOps,MEDIA0000000316,delivered,217.2,11,0,2026-05-03T12:30:00Z,2026-05-03T20:30:00Z,2026-05-05T16:30:00Z
317,317,26,TheatricalDesk,MEDIA0000000317,in_transit,220.9,16.5,0,2026-05-03T11:30:00Z,,2026-05-05T16:30:00Z
318,318,1,MarqueeOps,MEDIA0000000318,shipped,224.6,22,0,2026-05-03T10:30:00Z,,2026-05-05T16:30:00Z
319,319,6,RightsRunner,MEDIA0000000319,packed,228.3,27.5,0,2026-05-03T09:30:00Z,,2026-05-05T16:30:00Z
320,320,11,LiveEventDesk,MEDIA0000000320,preparing,232,33,0,,,2026-05-05T16:30:00Z
321,321,16,StreamOps,MEDIA0000000321,delivered,235.7,2.5,0,2026-05-03T07:30:00Z,2026-05-03T10:30:00Z,2026-05-05T16:30:00Z
322,322,21,TheatricalDesk,MEDIA0000000322,in_transit,239.4,8,0,2026-05-03T06:30:00Z,,2026-05-05T16:30:00Z
323,323,26,MarqueeOps,MEDIA0000000323,shipped,243.1,13.5,0,2026-05-03T05:30:00Z,,2026-05-05T16:30:00Z
324,324,1,RightsRunner,MEDIA0000000324,packed,246.8,19,0,2026-05-03T04:30:00Z,,2026-05-05T16:30:00Z
325,325,6,LiveEventDesk,MEDIA0000000325,preparing,10.5,24.5,0,,,2026-05-05T16:30:00Z
326,326,11,StreamOps,MEDIA0000000326,delivered,14.2,30,0,2026-05-03T02:30:00Z,2026-05-03T10:30:00Z,2026-05-05T16:30:00Z
327,327,16,TheatricalDesk,MEDIA0000000327,in_transit,17.9,35.5,0,2026-05-03T01:30:00Z,,2026-05-05T16:30:00Z
328,328,21,MarqueeOps,MEDIA0000000328,shipped,21.6,5,0,2026-05-03T00:30:00Z,,2026-05-05T16:30:00Z
329,329,26,RightsRunner,MEDIA0000000329,packed,25.3,10.5,0,2026-05-02T23:30:00Z,,2026-05-05T16:30:00Z
330,330,1,LiveEventDesk,MEDIA0000000330,preparing,29,16,0,,,2026-05-05T16:30:00Z
331,331,6,StreamOps,MEDIA0000000331,delivered,32.7,21.5,0,2026-05-02T21:30:00Z,2026-05-03T00:30:00Z,2026-05-05T16:30:00Z
332,332,11,TheatricalDesk,MEDIA0000000332,in_transit,36.4,27,0,2026-05-02T20:30:00Z,,2026-05-05T16:30:00Z
333,333,16,MarqueeOps,MEDIA0000000333,shipped,40.1,32.5,0,2026-05-02T19:30:00Z,,2026-05-05T16:30:00Z
334,334,21,RightsRunner,MEDIA0000000334,packed,43.8,2,0,2026-05-02T18:30:00Z,,2026-05-05T16:30:00Z
335,335,26,LiveEventDesk,MEDIA0000000335,preparing,47.5,7.5,0,,,2026-05-05T16:30:00Z
336,336,1,StreamOps,MEDIA0000000336,delivered,51.2,13,0,2026-05-02T16:30:00Z,2026-05-03T00:30:00Z,2026-05-05T16:30:00Z
337,337,6,TheatricalDesk,MEDIA0000000337,in_transit,54.9,18.5,0,2026-05-02T15:30:00Z,,2026-05-05T16:30:00Z
338,338,11,MarqueeOps,MEDIA0000000338,shipped,58.6,24,0,2026-05-02T14:30:00Z,,2026-05-05T16:30:00Z
339,339,16,RightsRunner,MEDIA0000000339,packed,62.3,29.5,0,2026-05-02T13:30:00Z,,2026-05-05T16:30:00Z
340,340,21,LiveEventDesk,MEDIA0000000340,preparing,66,35,0,,,2026-05-05T16:30:00Z
341,341,26,StreamOps,MEDIA0000000341,delivered,69.7,4.5,0,2026-05-02T11:30:00Z,2026-05-02T14:30:00Z,2026-05-05T16:30:00Z
342,342,1,TheatricalDesk,MEDIA0000000342,in_transit,73.4,10,0,2026-05-02T10:30:00Z,,2026-05-05T16:30:00Z
343,343,6,MarqueeOps,MEDIA0000000343,shipped,77.1,15.5,0,2026-05-02T09:30:00Z,,2026-05-05T16:30:00Z
344,344,11,RightsRunner,MEDIA0000000344,packed,80.8,21,0,2026-05-02T08:30:00Z,,2026-05-05T16:30:00Z
345,345,16,LiveEventDesk,MEDIA0000000345,preparing,84.5,26.5,0,,,2026-05-05T16:30:00Z
346,346,21,StreamOps,MEDIA0000000346,delivered,88.2,32,0,2026-05-02T06:30:00Z,2026-05-02T14:30:00Z,2026-05-05T16:30:00Z
347,347,26,TheatricalDesk,MEDIA0000000347,in_transit,91.9,1.5,0,2026-05-02T05:30:00Z,,2026-05-05T16:30:00Z
348,348,1,MarqueeOps,MEDIA0000000348,shipped,95.6,7,0,2026-05-02T04:30:00Z,,2026-05-05T16:30:00Z
349,349,6,RightsRunner,MEDIA0000000349,packed,99.3,12.5,0,2026-05-02T03:30:00Z,,2026-05-05T16:30:00Z
350,350,11,LiveEventDesk,MEDIA0000000350,preparing,103,18,0,,,2026-05-05T16:30:00Z
351,351,16,StreamOps,MEDIA0000000351,delivered,106.7,23.5,0,2026-05-02T01:30:00Z,2026-05-02T04:30:00Z,2026-05-05T16:30:00Z
352,352,21,TheatricalDesk,MEDIA0000000352,in_transit,110.4,29,0,2026-05-02T00:30:00Z,,2026-05-05T16:30:00Z
353,353,26,MarqueeOps,MEDIA0000000353,shipped,114.1,34.5,0,2026-05-01T23:30:00Z,,2026-05-05T16:30:00Z
354,354,1,RightsRunner,MEDIA0000000354,packed,117.8,4,0,2026-05-01T22:30:00Z,,2026-05-05T16:30:00Z
355,355,6,LiveEventDesk,MEDIA0000000355,preparing,121.5,9.5,0,,,2026-05-05T16:30:00Z
356,356,11,StreamOps,MEDIA0000000356,delivered,125.2,15,0,2026-05-01T20:30:00Z,2026-05-02T04:30:00Z,2026-05-05T16:30:00Z
357,357,16,TheatricalDesk,MEDIA0000000357,in_transit,128.9,20.5,0,2026-05-01T19:30:00Z,,2026-05-05T16:30:00Z
358,358,21,MarqueeOps,MEDIA0000000358,shipped,132.6,26,0,2026-05-01T18:30:00Z,,2026-05-05T16:30:00Z
359,359,26,RightsRunner,MEDIA0000000359,packed,136.3,31.5,0,2026-05-01T17:30:00Z,,2026-05-05T16:30:00Z
360,360,1,LiveEventDesk,MEDIA0000000360,preparing,140,1,0,,,2026-05-05T16:30:00Z
361,361,6,StreamOps,MEDIA0000000361,delivered,143.7,6.5,0,2026-05-01T15:30:00Z,2026-05-01T18:30:00Z,2026-05-05T16:30:00Z
362,362,11,TheatricalDesk,MEDIA0000000362,in_transit,147.4,12,0,2026-05-01T14:30:00Z,,2026-05-05T16:30:00Z
363,363,16,MarqueeOps,MEDIA0000000363,shipped,151.1,17.5,0,2026-05-01T13:30:00Z,,2026-05-05T16:30:00Z
364,364,21,RightsRunner,MEDIA0000000364,packed,154.8,23,0,2026-05-01T12:30:00Z,,2026-05-05T16:30:00Z
365,365,26,LiveEventDesk,MEDIA0000000365,preparing,158.5,28.5,0,,,2026-05-05T16:30:00Z
366,366,1,StreamOps,MEDIA0000000366,delivered,162.2,34,0,2026-05-01T10:30:00Z,2026-05-01T18:30:00Z,2026-05-05T16:30:00Z
367,367,6,TheatricalDesk,MEDIA0000000367,in_transit,165.9,3.5,0,2026-05-01T09:30:00Z,,2026-05-05T16:30:00Z
368,368,11,MarqueeOps,MEDIA0000000368,shipped,169.6,9,0,2026-05-01T08:30:00Z,,2026-05-05T16:30:00Z
369,369,16,RightsRunner,MEDIA0000000369,packed,173.3,14.5,0,2026-05-01T07:30:00Z,,2026-05-05T16:30:00Z
370,370,21,LiveEventDesk,MEDIA0000000370,preparing,177,20,0,,,2026-05-05T16:30:00Z
371,371,26,StreamOps,MEDIA0000000371,delivered,180.7,25.5,0,2026-05-01T05:30:00Z,2026-05-01T08:30:00Z,2026-05-05T16:30:00Z
372,372,1,TheatricalDesk,MEDIA0000000372,in_transit,184.4,31,0,2026-05-01T04:30:00Z,,2026-05-05T16:30:00Z
373,373,6,MarqueeOps,MEDIA0000000373,shipped,188.1,36.5,0,2026-05-01T03:30:00Z,,2026-05-05T16:30:00Z
374,374,11,RightsRunner,MEDIA0000000374,packed,191.8,6,0,2026-05-01T02:30:00Z,,2026-05-05T16:30:00Z
375,375,16,LiveEventDesk,MEDIA0000000375,preparing,195.5,11.5,0,,,2026-05-05T16:30:00Z
376,376,21,StreamOps,MEDIA0000000376,delivered,199.2,17,0,2026-05-01T00:30:00Z,2026-05-01T08:30:00Z,2026-05-05T16:30:00Z
377,377,26,TheatricalDesk,MEDIA0000000377,in_transit,202.9,22.5,0,2026-04-30T23:30:00Z,,2026-05-05T16:30:00Z
378,378,1,MarqueeOps,MEDIA0000000378,shipped,206.6,28,0,2026-04-30T22:30:00Z,,2026-05-05T16:30:00Z
379,379,6,RightsRunner,MEDIA0000000379,packed,210.3,33.5,0,2026-04-30T21:30:00Z,,2026-05-05T16:30:00Z
380,380,11,LiveEventDesk,MEDIA0000000380,preparing,214,3,0,,,2026-05-05T16:30:00Z
381,381,16,StreamOps,MEDIA0000000381,delivered,217.7,8.5,0,2026-04-30T19:30:00Z,2026-04-30T22:30:00Z,2026-05-05T16:30:00Z
382,382,21,TheatricalDesk,MEDIA0000000382,in_transit,221.4,14,0,2026-04-30T18:30:00Z,,2026-05-05T16:30:00Z
383,383,26,MarqueeOps,MEDIA0000000383,shipped,225.1,19.5,0,2026-04-30T17:30:00Z,,2026-05-05T16:30:00Z
384,384,1,RightsRunner,MEDIA0000000384,packed,228.8,25,0,2026-05-04T16:30:00Z,,2026-05-05T16:30:00Z
385,385,6,LiveEventDesk,MEDIA0000000385,preparing,232.5,30.5,0,,,2026-05-05T16:30:00Z
386,386,11,StreamOps,MEDIA0000000386,delivered,236.2,36,0,2026-05-04T14:30:00Z,2026-05-04T22:30:00Z,2026-05-05T16:30:00Z
387,387,16,TheatricalDesk,MEDIA0000000387,in_transit,239.9,5.5,0,2026-05-04T13:30:00Z,,2026-05-05T16:30:00Z
388,388,21,MarqueeOps,MEDIA0000000388,shipped,243.6,11,0,2026-05-04T12:30:00Z,,2026-05-05T16:30:00Z
389,389,26,RightsRunner,MEDIA0000000389,packed,247.3,16.5,0,2026-05-04T11:30:00Z,,2026-05-05T16:30:00Z
390,390,1,LiveEventDesk,MEDIA0000000390,preparing,11,22,0,,,2026-05-05T16:30:00Z
391,391,6,StreamOps,MEDIA0000000391,delivered,14.7,27.5,0,2026-05-04T09:30:00Z,2026-05-04T12:30:00Z,2026-05-05T16:30:00Z
392,392,11,TheatricalDesk,MEDIA0000000392,in_transit,18.4,33,0,2026-05-04T08:30:00Z,,2026-05-05T16:30:00Z
393,393,16,MarqueeOps,MEDIA0000000393,shipped,22.1,2.5,0,2026-05-04T07:30:00Z,,2026-05-05T16:30:00Z
394,394,21,RightsRunner,MEDIA0000000394,packed,25.8,8,0,2026-05-04T06:30:00Z,,2026-05-05T16:30:00Z
395,395,26,LiveEventDesk,MEDIA0000000395,preparing,29.5,13.5,0,,,2026-05-05T16:30:00Z
396,396,1,StreamOps,MEDIA0000000396,delivered,33.2,19,0,2026-05-04T04:30:00Z,2026-05-04T12:30:00Z,2026-05-05T16:30:00Z
397,397,6,TheatricalDesk,MEDIA0000000397,in_transit,36.9,24.5,0,2026-05-04T03:30:00Z,,2026-05-05T16:30:00Z
398,398,11,MarqueeOps,MEDIA0000000398,shipped,40.6,30,0,2026-05-04T02:30:00Z,,2026-05-05T16:30:00Z
399,399,16,RightsRunner,MEDIA0000000399,packed,44.3,35.5,0,2026-05-04T01:30:00Z,,2026-05-05T16:30:00Z
400,400,21,LiveEventDesk,MEDIA0000000400,preparing,48,5,0,,,2026-05-05T16:30:00Z
401,401,26,StreamOps,MEDIA0000000401,delivered,51.7,10.5,0,2026-05-03T23:30:00Z,2026-05-04T02:30:00Z,2026-05-05T16:30:00Z
402,402,1,TheatricalDesk,MEDIA0000000402,in_transit,55.4,16,0,2026-05-03T22:30:00Z,,2026-05-05T16:30:00Z
403,403,6,MarqueeOps,MEDIA0000000403,shipped,59.1,21.5,0,2026-05-03T21:30:00Z,,2026-05-05T16:30:00Z
404,404,11,RightsRunner,MEDIA0000000404,packed,62.8,27,0,2026-05-03T20:30:00Z,,2026-05-05T16:30:00Z
405,405,16,LiveEventDesk,MEDIA0000000405,preparing,66.5,32.5,0,,,2026-05-05T16:30:00Z
406,406,21,StreamOps,MEDIA0000000406,delivered,70.2,2,0,2026-05-03T18:30:00Z,2026-05-04T02:30:00Z,2026-05-05T16:30:00Z
407,407,26,TheatricalDesk,MEDIA0000000407,in_transit,73.9,7.5,0,2026-05-03T17:30:00Z,,2026-05-05T16:30:00Z
408,408,1,MarqueeOps,MEDIA0000000408,shipped,77.6,13,0,2026-05-03T16:30:00Z,,2026-05-05T16:30:00Z
409,409,6,RightsRunner,MEDIA0000000409,packed,81.3,18.5,0,2026-05-03T15:30:00Z,,2026-05-05T16:30:00Z
410,410,11,LiveEventDesk,MEDIA0000000410,preparing,85,24,0,,,2026-05-05T16:30:00Z
411,411,16,StreamOps,MEDIA0000000411,delivered,88.7,29.5,0,2026-05-03T13:30:00Z,2026-05-03T16:30:00Z,2026-05-05T16:30:00Z
412,412,21,TheatricalDesk,MEDIA0000000412,in_transit,92.4,35,0,2026-05-03T12:30:00Z,,2026-05-05T16:30:00Z
413,413,26,MarqueeOps,MEDIA0000000413,shipped,96.1,4.5,0,2026-05-03T11:30:00Z,,2026-05-05T16:30:00Z
414,414,1,RightsRunner,MEDIA0000000414,packed,99.8,10,0,2026-05-03T10:30:00Z,,2026-05-05T16:30:00Z
415,415,6,LiveEventDesk,MEDIA0000000415,preparing,103.5,15.5,0,,,2026-05-05T16:30:00Z
416,416,11,StreamOps,MEDIA0000000416,delivered,107.2,21,0,2026-05-03T08:30:00Z,2026-05-03T16:30:00Z,2026-05-05T16:30:00Z
417,417,16,TheatricalDesk,MEDIA0000000417,in_transit,110.9,26.5,0,2026-05-03T07:30:00Z,,2026-05-05T16:30:00Z
418,418,21,MarqueeOps,MEDIA0000000418,shipped,114.6,32,0,2026-05-03T06:30:00Z,,2026-05-05T16:30:00Z
419,419,26,RightsRunner,MEDIA0000000419,packed,118.3,1.5,0,2026-05-03T05:30:00Z,,2026-05-05T16:30:00Z
420,420,1,LiveEventDesk,MEDIA0000000420,preparing,122,7,0,,,2026-05-05T16:30:00Z
421,421,6,StreamOps,MEDIA0000000421,delivered,125.7,12.5,0,2026-05-03T03:30:00Z,2026-05-03T06:30:00Z,2026-05-05T16:30:00Z
422,422,11,TheatricalDesk,MEDIA0000000422,in_transit,129.4,18,0,2026-05-03T02:30:00Z,,2026-05-05T16:30:00Z
423,423,16,MarqueeOps,MEDIA0000000423,shipped,133.1,23.5,0,2026-05-03T01:30:00Z,,2026-05-05T16:30:00Z
424,424,21,RightsRunner,MEDIA0000000424,packed,136.8,29,0,2026-05-03T00:30:00Z,,2026-05-05T16:30:00Z
425,425,26,LiveEventDesk,MEDIA0000000425,preparing,140.5,34.5,0,,,2026-05-05T16:30:00Z
426,426,1,StreamOps,MEDIA0000000426,delivered,144.2,4,0,2026-05-02T22:30:00Z,2026-05-03T06:30:00Z,2026-05-05T16:30:00Z
427,427,6,TheatricalDesk,MEDIA0000000427,in_transit,147.9,9.5,0,2026-05-02T21:30:00Z,,2026-05-05T16:30:00Z
428,428,11,MarqueeOps,MEDIA0000000428,shipped,151.6,15,0,2026-05-02T20:30:00Z,,2026-05-05T16:30:00Z
429,429,16,RightsRunner,MEDIA0000000429,packed,155.3,20.5,0,2026-05-02T19:30:00Z,,2026-05-05T16:30:00Z
430,430,21,LiveEventDesk,MEDIA0000000430,preparing,159,26,0,,,2026-05-05T16:30:00Z
431,431,26,StreamOps,MEDIA0000000431,delivered,162.7,31.5,0,2026-05-02T17:30:00Z,2026-05-02T20:30:00Z,2026-05-05T16:30:00Z
432,432,1,TheatricalDesk,MEDIA0000000432,in_transit,166.4,1,0,2026-05-02T16:30:00Z,,2026-05-05T16:30:00Z
433,433,6,MarqueeOps,MEDIA0000000433,shipped,170.1,6.5,0,2026-05-02T15:30:00Z,,2026-05-05T16:30:00Z
434,434,11,RightsRunner,MEDIA0000000434,packed,173.8,12,0,2026-05-02T14:30:00Z,,2026-05-05T16:30:00Z
435,435,16,LiveEventDesk,MEDIA0000000435,preparing,177.5,17.5,0,,,2026-05-05T16:30:00Z
436,436,21,StreamOps,MEDIA0000000436,delivered,181.2,23,0,2026-05-02T12:30:00Z,2026-05-02T20:30:00Z,2026-05-05T16:30:00Z
437,437,26,TheatricalDesk,MEDIA0000000437,in_transit,184.9,28.5,0,2026-05-02T11:30:00Z,,2026-05-05T16:30:00Z
438,438,1,MarqueeOps,MEDIA0000000438,shipped,188.6,34,0,2026-05-02T10:30:00Z,,2026-05-05T16:30:00Z
439,439,6,RightsRunner,MEDIA0000000439,packed,192.3,3.5,0,2026-05-02T09:30:00Z,,2026-05-05T16:30:00Z
440,440,11,LiveEventDesk,MEDIA0000000440,preparing,196,9,0,,,2026-05-05T16:30:00Z
441,441,16,StreamOps,MEDIA0000000441,delivered,199.7,14.5,0,2026-05-02T07:30:00Z,2026-05-02T10:30:00Z,2026-05-05T16:30:00Z
442,442,21,TheatricalDesk,MEDIA0000000442,in_transit,203.4,20,0,2026-05-02T06:30:00Z,,2026-05-05T16:30:00Z
443,443,26,MarqueeOps,MEDIA0000000443,shipped,207.1,25.5,0,2026-05-02T05:30:00Z,,2026-05-05T16:30:00Z
444,444,1,RightsRunner,MEDIA0000000444,packed,210.8,31,0,2026-05-02T04:30:00Z,,2026-05-05T16:30:00Z
445,445,6,LiveEventDesk,MEDIA0000000445,preparing,214.5,36.5,0,,,2026-05-05T16:30:00Z
446,446,11,StreamOps,MEDIA0000000446,delivered,218.2,6,0,2026-05-02T02:30:00Z,2026-05-02T10:30:00Z,2026-05-05T16:30:00Z
447,447,16,TheatricalDesk,MEDIA0000000447,in_transit,221.9,11.5,0,2026-05-02T01:30:00Z,,2026-05-05T16:30:00Z
448,448,21,MarqueeOps,MEDIA0000000448,shipped,225.6,17,0,2026-05-02T00:30:00Z,,2026-05-05T16:30:00Z
449,449,26,RightsRunner,MEDIA0000000449,packed,229.3,22.5,0,2026-05-01T23:30:00Z,,2026-05-05T16:30:00Z
450,450,1,LiveEventDesk,MEDIA0000000450,preparing,233,28,0,,,2026-05-05T16:30:00Z
451,451,6,StreamOps,MEDIA0000000451,delivered,236.7,33.5,0,2026-05-01T21:30:00Z,2026-05-02T00:30:00Z,2026-05-05T16:30:00Z
452,452,11,TheatricalDesk,MEDIA0000000452,in_transit,240.4,3,0,2026-05-01T20:30:00Z,,2026-05-05T16:30:00Z
453,453,16,MarqueeOps,MEDIA0000000453,shipped,244.1,8.5,0,2026-05-01T19:30:00Z,,2026-05-05T16:30:00Z
454,454,21,RightsRunner,MEDIA0000000454,packed,247.8,14,0,2026-05-01T18:30:00Z,,2026-05-05T16:30:00Z
455,455,26,LiveEventDesk,MEDIA0000000455,preparing,11.5,19.5,0,,,2026-05-05T16:30:00Z
456,456,1,StreamOps,MEDIA0000000456,delivered,15.2,25,0,2026-05-01T16:30:00Z,2026-05-02T00:30:00Z,2026-05-05T16:30:00Z
457,457,6,TheatricalDesk,MEDIA0000000457,in_transit,18.9,30.5,0,2026-05-01T15:30:00Z,,2026-05-05T16:30:00Z
458,458,11,MarqueeOps,MEDIA0000000458,shipped,22.6,36,0,2026-05-01T14:30:00Z,,2026-05-05T16:30:00Z
459,459,16,RightsRunner,MEDIA0000000459,packed,26.3,5.5,0,2026-05-01T13:30:00Z,,2026-05-05T16:30:00Z
460,460,21,LiveEventDesk,MEDIA0000000460,preparing,30,11,0,,,2026-05-05T16:30:00Z
461,461,26,StreamOps,MEDIA0000000461,delivered,33.7,16.5,0,2026-05-01T11:30:00Z,2026-05-01T14:30:00Z,2026-05-05T16:30:00Z
462,462,1,TheatricalDesk,MEDIA0000000462,in_transit,37.4,22,0,2026-05-01T10:30:00Z,,2026-05-05T16:30:00Z
463,463,6,MarqueeOps,MEDIA0000000463,shipped,41.1,27.5,0,2026-05-01T09:30:00Z,,2026-05-05T16:30:00Z
464,464,11,RightsRunner,MEDIA0000000464,packed,44.8,33,0,2026-05-01T08:30:00Z,,2026-05-05T16:30:00Z
465,465,16,LiveEventDesk,MEDIA0000000465,preparing,48.5,2.5,0,,,2026-05-05T16:30:00Z
466,466,21,StreamOps,MEDIA0000000466,delivered,52.2,8,0,2026-05-01T06:30:00Z,2026-05-01T14:30:00Z,2026-05-05T16:30:00Z
467,467,26,TheatricalDesk,MEDIA0000000467,in_transit,55.9,13.5,0,2026-05-01T05:30:00Z,,2026-05-05T16:30:00Z
468,468,1,MarqueeOps,MEDIA0000000468,shipped,59.6,19,0,2026-05-01T04:30:00Z,,2026-05-05T16:30:00Z
469,469,6,RightsRunner,MEDIA0000000469,packed,63.3,24.5,0,2026-05-01T03:30:00Z,,2026-05-05T16:30:00Z
470,470,11,LiveEventDesk,MEDIA0000000470,preparing,67,30,0,,,2026-05-05T16:30:00Z
471,471,16,StreamOps,MEDIA0000000471,delivered,70.7,35.5,0,2026-05-01T01:30:00Z,2026-05-01T04:30:00Z,2026-05-05T16:30:00Z
472,472,21,TheatricalDesk,MEDIA0000000472,in_transit,74.4,5,0,2026-05-01T00:30:00Z,,2026-05-05T16:30:00Z
473,473,26,MarqueeOps,MEDIA0000000473,shipped,78.1,10.5,0,2026-04-30T23:30:00Z,,2026-05-05T16:30:00Z
474,474,1,RightsRunner,MEDIA0000000474,packed,81.8,16,0,2026-04-30T22:30:00Z,,2026-05-05T16:30:00Z
475,475,6,LiveEventDesk,MEDIA0000000475,preparing,85.5,21.5,0,,,2026-05-05T16:30:00Z
476,476,11,StreamOps,MEDIA0000000476,delivered,89.2,27,0,2026-04-30T20:30:00Z,2026-05-01T04:30:00Z,2026-05-05T16:30:00Z
477,477,16,TheatricalDesk,MEDIA0000000477,in_transit,92.9,32.5,0,2026-04-30T19:30:00Z,,2026-05-05T16:30:00Z
478,478,21,MarqueeOps,MEDIA0000000478,shipped,96.6,2,0,2026-04-30T18:30:00Z,,2026-05-05T16:30:00Z
479,479,26,RightsRunner,MEDIA0000000479,packed,100.3,7.5,0,2026-04-30T17:30:00Z,,2026-05-05T16:30:00Z
480,480,1,LiveEventDesk,MEDIA0000000480,preparing,104,13,0,,,2026-05-05T16:30:00Z
481,481,6,StreamOps,MEDIA0000000481,delivered,107.7,18.5,0,2026-05-04T15:30:00Z,2026-05-04T18:30:00Z,2026-05-05T16:30:00Z
482,482,11,TheatricalDesk,MEDIA0000000482,in_transit,111.4,24,0,2026-05-04T14:30:00Z,,2026-05-05T16:30:00Z
483,483,16,MarqueeOps,MEDIA0000000483,shipped,115.1,29.5,0,2026-05-04T13:30:00Z,,2026-05-05T16:30:00Z
484,484,21,RightsRunner,MEDIA0000000484,packed,118.8,35,0,2026-05-04T12:30:00Z,,2026-05-05T16:30:00Z
485,485,26,LiveEventDesk,MEDIA0000000485,preparing,122.5,4.5,0,,,2026-05-05T16:30:00Z
486,486,1,StreamOps,MEDIA0000000486,delivered,126.2,10,0,2026-05-04T10:30:00Z,2026-05-04T18:30:00Z,2026-05-05T16:30:00Z
487,487,6,TheatricalDesk,MEDIA0000000487,in_transit,129.9,15.5,0,2026-05-04T09:30:00Z,,2026-05-05T16:30:00Z
488,488,11,MarqueeOps,MEDIA0000000488,shipped,133.6,21,0,2026-05-04T08:30:00Z,,2026-05-05T16:30:00Z
489,489,16,RightsRunner,MEDIA0000000489,packed,137.3,26.5,0,2026-05-04T07:30:00Z,,2026-05-05T16:30:00Z
490,490,21,LiveEventDesk,MEDIA0000000490,preparing,141,32,0,,,2026-05-05T16:30:00Z
491,491,26,StreamOps,MEDIA0000000491,delivered,144.7,1.5,0,2026-05-04T05:30:00Z,2026-05-04T08:30:00Z,2026-05-05T16:30:00Z
492,492,1,TheatricalDesk,MEDIA0000000492,in_transit,148.4,7,0,2026-05-04T04:30:00Z,,2026-05-05T16:30:00Z
493,493,6,MarqueeOps,MEDIA0000000493,shipped,152.1,12.5,0,2026-05-04T03:30:00Z,,2026-05-05T16:30:00Z
494,494,11,RightsRunner,MEDIA0000000494,packed,155.8,18,0,2026-05-04T02:30:00Z,,2026-05-05T16:30:00Z
495,495,16,LiveEventDesk,MEDIA0000000495,preparing,159.5,23.5,0,,,2026-05-05T16:30:00Z
496,496,21,StreamOps,MEDIA0000000496,delivered,163.2,29,0,2026-05-04T00:30:00Z,2026-05-04T08:30:00Z,2026-05-05T16:30:00Z
497,497,26,TheatricalDesk,MEDIA0000000497,in_transit,166.9,34.5,0,2026-05-03T23:30:00Z,,2026-05-05T16:30:00Z
498,498,1,MarqueeOps,MEDIA0000000498,shipped,170.6,4,0,2026-05-03T22:30:00Z,,2026-05-05T16:30:00Z
499,499,6,RightsRunner,MEDIA0000000499,packed,174.3,9.5,0,2026-05-03T21:30:00Z,,2026-05-05T16:30:00Z
500,500,11,LiveEventDesk,MEDIA0000000500,preparing,178,15,0,,,2026-05-05T16:30:00Z
501,501,16,StreamOps,MEDIA0000000501,delivered,181.7,20.5,0,2026-05-03T19:30:00Z,2026-05-03T22:30:00Z,2026-05-05T16:30:00Z
502,502,21,TheatricalDesk,MEDIA0000000502,in_transit,185.4,26,0,2026-05-03T18:30:00Z,,2026-05-05T16:30:00Z
503,503,26,MarqueeOps,MEDIA0000000503,shipped,189.1,31.5,0,2026-05-03T17:30:00Z,,2026-05-05T16:30:00Z
504,504,1,RightsRunner,MEDIA0000000504,packed,192.8,1,0,2026-05-03T16:30:00Z,,2026-05-05T16:30:00Z
505,505,6,LiveEventDesk,MEDIA0000000505,preparing,196.5,6.5,0,,,2026-05-05T16:30:00Z
506,506,11,StreamOps,MEDIA0000000506,delivered,200.2,12,0,2026-05-03T14:30:00Z,2026-05-03T22:30:00Z,2026-05-05T16:30:00Z
507,507,16,TheatricalDesk,MEDIA0000000507,in_transit,203.9,17.5,0,2026-05-03T13:30:00Z,,2026-05-05T16:30:00Z
508,508,21,MarqueeOps,MEDIA0000000508,shipped,207.6,23,0,2026-05-03T12:30:00Z,,2026-05-05T16:30:00Z
509,509,26,RightsRunner,MEDIA0000000509,packed,211.3,28.5,0,2026-05-03T11:30:00Z,,2026-05-05T16:30:00Z
510,510,1,LiveEventDesk,MEDIA0000000510,preparing,215,34,0,,,2026-05-05T16:30:00Z
511,511,6,StreamOps,MEDIA0000000511,delivered,218.7,3.5,0,2026-05-03T09:30:00Z,2026-05-03T12:30:00Z,2026-05-05T16:30:00Z
512,512,11,TheatricalDesk,MEDIA0000000512,in_transit,222.4,9,0,2026-05-03T08:30:00Z,,2026-05-05T16:30:00Z
513,513,16,MarqueeOps,MEDIA0000000513,shipped,226.1,14.5,0,2026-05-03T07:30:00Z,,2026-05-05T16:30:00Z
514,514,21,RightsRunner,MEDIA0000000514,packed,229.8,20,0,2026-05-03T06:30:00Z,,2026-05-05T16:30:00Z
515,515,26,LiveEventDesk,MEDIA0000000515,preparing,233.5,25.5,0,,,2026-05-05T16:30:00Z
516,516,1,StreamOps,MEDIA0000000516,delivered,237.2,31,0,2026-05-03T04:30:00Z,2026-05-03T12:30:00Z,2026-05-05T16:30:00Z
517,517,6,TheatricalDesk,MEDIA0000000517,in_transit,240.9,36.5,0,2026-05-03T03:30:00Z,,2026-05-05T16:30:00Z
518,518,11,MarqueeOps,MEDIA0000000518,shipped,244.6,6,0,2026-05-03T02:30:00Z,,2026-05-05T16:30:00Z
519,519,16,RightsRunner,MEDIA0000000519,packed,8.3,11.5,0,2026-05-03T01:30:00Z,,2026-05-05T16:30:00Z
520,520,21,LiveEventDesk,MEDIA0000000520,preparing,12,17,0,,,2026-05-05T16:30:00Z
521,521,26,StreamOps,MEDIA0000000521,delivered,15.7,22.5,0,2026-05-02T23:30:00Z,2026-05-03T02:30:00Z,2026-05-05T16:30:00Z
522,522,1,TheatricalDesk,MEDIA0000000522,in_transit,19.4,28,0,2026-05-02T22:30:00Z,,2026-05-05T16:30:00Z
523,523,6,MarqueeOps,MEDIA0000000523,shipped,23.1,33.5,0,2026-05-02T21:30:00Z,,2026-05-05T16:30:00Z
524,524,11,RightsRunner,MEDIA0000000524,packed,26.8,3,0,2026-05-02T20:30:00Z,,2026-05-05T16:30:00Z
525,525,16,LiveEventDesk,MEDIA0000000525,preparing,30.5,8.5,0,,,2026-05-05T16:30:00Z
526,526,21,StreamOps,MEDIA0000000526,delivered,34.2,14,0,2026-05-02T18:30:00Z,2026-05-03T02:30:00Z,2026-05-05T16:30:00Z
527,527,26,TheatricalDesk,MEDIA0000000527,in_transit,37.9,19.5,0,2026-05-02T17:30:00Z,,2026-05-05T16:30:00Z
528,528,1,MarqueeOps,MEDIA0000000528,shipped,41.6,25,0,2026-05-02T16:30:00Z,,2026-05-05T16:30:00Z
529,529,6,RightsRunner,MEDIA0000000529,packed,45.3,30.5,0,2026-05-02T15:30:00Z,,2026-05-05T16:30:00Z
530,530,11,LiveEventDesk,MEDIA0000000530,preparing,49,36,0,,,2026-05-05T16:30:00Z
531,531,16,StreamOps,MEDIA0000000531,delivered,52.7,5.5,0,2026-05-02T13:30:00Z,2026-05-02T16:30:00Z,2026-05-05T16:30:00Z
532,532,21,TheatricalDesk,MEDIA0000000532,in_transit,56.4,11,0,2026-05-02T12:30:00Z,,2026-05-05T16:30:00Z
533,533,26,MarqueeOps,MEDIA0000000533,shipped,60.1,16.5,0,2026-05-02T11:30:00Z,,2026-05-05T16:30:00Z
534,534,1,RightsRunner,MEDIA0000000534,packed,63.8,22,0,2026-05-02T10:30:00Z,,2026-05-05T16:30:00Z
535,535,6,LiveEventDesk,MEDIA0000000535,preparing,67.5,27.5,0,,,2026-05-05T16:30:00Z
536,536,11,StreamOps,MEDIA0000000536,delivered,71.2,33,0,2026-05-02T08:30:00Z,2026-05-02T16:30:00Z,2026-05-05T16:30:00Z
537,537,16,TheatricalDesk,MEDIA0000000537,in_transit,74.9,2.5,0,2026-05-02T07:30:00Z,,2026-05-05T16:30:00Z
538,538,21,MarqueeOps,MEDIA0000000538,shipped,78.6,8,0,2026-05-02T06:30:00Z,,2026-05-05T16:30:00Z
539,539,26,RightsRunner,MEDIA0000000539,packed,82.3,13.5,0,2026-05-02T05:30:00Z,,2026-05-05T16:30:00Z
540,540,1,LiveEventDesk,MEDIA0000000540,preparing,86,19,0,,,2026-05-05T16:30:00Z
541,541,6,StreamOps,MEDIA0000000541,delivered,89.7,24.5,0,2026-05-02T03:30:00Z,2026-05-02T06:30:00Z,2026-05-05T16:30:00Z
542,542,11,TheatricalDesk,MEDIA0000000542,in_transit,93.4,30,0,2026-05-02T02:30:00Z,,2026-05-05T16:30:00Z
543,543,16,MarqueeOps,MEDIA0000000543,shipped,97.1,35.5,0,2026-05-02T01:30:00Z,,2026-05-05T16:30:00Z
544,544,21,RightsRunner,MEDIA0000000544,packed,100.8,5,0,2026-05-02T00:30:00Z,,2026-05-05T16:30:00Z
545,545,26,LiveEventDesk,MEDIA0000000545,preparing,104.5,10.5,0,,,2026-05-05T16:30:00Z
546,546,1,StreamOps,MEDIA0000000546,delivered,108.2,16,0,2026-05-01T22:30:00Z,2026-05-02T06:30:00Z,2026-05-05T16:30:00Z
547,547,6,TheatricalDesk,MEDIA0000000547,in_transit,111.9,21.5,0,2026-05-01T21:30:00Z,,2026-05-05T16:30:00Z
548,548,11,MarqueeOps,MEDIA0000000548,shipped,115.6,27,0,2026-05-01T20:30:00Z,,2026-05-05T16:30:00Z
549,549,16,RightsRunner,MEDIA0000000549,packed,119.3,32.5,0,2026-05-01T19:30:00Z,,2026-05-05T16:30:00Z
550,550,21,LiveEventDesk,MEDIA0000000550,preparing,123,2,0,,,2026-05-05T16:30:00Z
551,551,26,StreamOps,MEDIA0000000551,delivered,126.7,7.5,0,2026-05-01T17:30:00Z,2026-05-01T20:30:00Z,2026-05-05T16:30:00Z
552,552,1,TheatricalDesk,MEDIA0000000552,in_transit,130.4,13,0,2026-05-01T16:30:00Z,,2026-05-05T16:30:00Z
553,553,6,MarqueeOps,MEDIA0000000553,shipped,134.1,18.5,0,2026-05-01T15:30:00Z,,2026-05-05T16:30:00Z
554,554,11,RightsRunner,MEDIA0000000554,packed,137.8,24,0,2026-05-01T14:30:00Z,,2026-05-05T16:30:00Z
555,555,16,LiveEventDesk,MEDIA0000000555,preparing,141.5,29.5,0,,,2026-05-05T16:30:00Z
556,556,21,StreamOps,MEDIA0000000556,delivered,145.2,35,0,2026-05-01T12:30:00Z,2026-05-01T20:30:00Z,2026-05-05T16:30:00Z
557,557,26,TheatricalDesk,MEDIA0000000557,in_transit,148.9,4.5,0,2026-05-01T11:30:00Z,,2026-05-05T16:30:00Z
558,558,1,MarqueeOps,MEDIA0000000558,shipped,152.6,10,0,2026-05-01T10:30:00Z,,2026-05-05T16:30:00Z
559,559,6,RightsRunner,MEDIA0000000559,packed,156.3,15.5,0,2026-05-01T09:30:00Z,,2026-05-05T16:30:00Z
560,560,11,LiveEventDesk,MEDIA0000000560,preparing,160,21,0,,,2026-05-05T16:30:00Z
561,561,16,StreamOps,MEDIA0000000561,delivered,163.7,26.5,0,2026-05-01T07:30:00Z,2026-05-01T10:30:00Z,2026-05-05T16:30:00Z
562,562,21,TheatricalDesk,MEDIA0000000562,in_transit,167.4,32,0,2026-05-01T06:30:00Z,,2026-05-05T16:30:00Z
563,563,26,MarqueeOps,MEDIA0000000563,shipped,171.1,1.5,0,2026-05-01T05:30:00Z,,2026-05-05T16:30:00Z
564,564,1,RightsRunner,MEDIA0000000564,packed,174.8,7,0,2026-05-01T04:30:00Z,,2026-05-05T16:30:00Z
565,565,6,LiveEventDesk,MEDIA0000000565,preparing,178.5,12.5,0,,,2026-05-05T16:30:00Z
566,566,11,StreamOps,MEDIA0000000566,delivered,182.2,18,0,2026-05-01T02:30:00Z,2026-05-01T10:30:00Z,2026-05-05T16:30:00Z
567,567,16,TheatricalDesk,MEDIA0000000567,in_transit,185.9,23.5,0,2026-05-01T01:30:00Z,,2026-05-05T16:30:00Z
568,568,21,MarqueeOps,MEDIA0000000568,shipped,189.6,29,0,2026-05-01T00:30:00Z,,2026-05-05T16:30:00Z
569,569,26,RightsRunner,MEDIA0000000569,packed,193.3,34.5,0,2026-04-30T23:30:00Z,,2026-05-05T16:30:00Z
570,570,1,LiveEventDesk,MEDIA0000000570,preparing,197,4,0,,,2026-05-05T16:30:00Z
571,571,6,StreamOps,MEDIA0000000571,delivered,200.7,9.5,0,2026-04-30T21:30:00Z,2026-05-01T00:30:00Z,2026-05-05T16:30:00Z
572,572,11,TheatricalDesk,MEDIA0000000572,in_transit,204.4,15,0,2026-04-30T20:30:00Z,,2026-05-05T16:30:00Z
573,573,16,MarqueeOps,MEDIA0000000573,shipped,208.1,20.5,0,2026-04-30T19:30:00Z,,2026-05-05T16:30:00Z
574,574,21,RightsRunner,MEDIA0000000574,packed,211.8,26,0,2026-04-30T18:30:00Z,,2026-05-05T16:30:00Z
575,575,26,LiveEventDesk,MEDIA0000000575,preparing,215.5,31.5,0,,,2026-05-05T16:30:00Z
576,576,1,StreamOps,MEDIA0000000576,delivered,219.2,1,0,2026-05-04T16:30:00Z,2026-05-05T00:30:00Z,2026-05-05T16:30:00Z
577,577,6,TheatricalDesk,MEDIA0000000577,in_transit,222.9,6.5,0,2026-05-04T15:30:00Z,,2026-05-05T16:30:00Z
578,578,11,MarqueeOps,MEDIA0000000578,shipped,226.6,12,0,2026-05-04T14:30:00Z,,2026-05-05T16:30:00Z
579,579,16,RightsRunner,MEDIA0000000579,packed,230.3,17.5,0,2026-05-04T13:30:00Z,,2026-05-05T16:30:00Z
580,580,21,LiveEventDesk,MEDIA0000000580,preparing,234,23,0,,,2026-05-05T16:30:00Z
581,581,26,StreamOps,MEDIA0000000581,delivered,237.7,28.5,0,2026-05-04T11:30:00Z,2026-05-04T14:30:00Z,2026-05-05T16:30:00Z
582,582,1,TheatricalDesk,MEDIA0000000582,in_transit,241.4,34,0,2026-05-04T10:30:00Z,,2026-05-05T16:30:00Z
583,583,6,MarqueeOps,MEDIA0000000583,shipped,245.1,3.5,0,2026-05-04T09:30:00Z,,2026-05-05T16:30:00Z
584,584,11,RightsRunner,MEDIA0000000584,packed,8.8,9,0,2026-05-04T08:30:00Z,,2026-05-05T16:30:00Z
585,585,16,LiveEventDesk,MEDIA0000000585,preparing,12.5,14.5,0,,,2026-05-05T16:30:00Z
586,586,21,StreamOps,MEDIA0000000586,delivered,16.2,20,0,2026-05-04T06:30:00Z,2026-05-04T14:30:00Z,2026-05-05T16:30:00Z
587,587,26,TheatricalDesk,MEDIA0000000587,in_transit,19.9,25.5,0,2026-05-04T05:30:00Z,,2026-05-05T16:30:00Z
588,588,1,MarqueeOps,MEDIA0000000588,shipped,23.6,31,0,2026-05-04T04:30:00Z,,2026-05-05T16:30:00Z
589,589,6,RightsRunner,MEDIA0000000589,packed,27.3,36.5,0,2026-05-04T03:30:00Z,,2026-05-05T16:30:00Z
590,590,11,LiveEventDesk,MEDIA0000000590,preparing,31,6,0,,,2026-05-05T16:30:00Z
591,591,16,StreamOps,MEDIA0000000591,delivered,34.7,11.5,0,2026-05-04T01:30:00Z,2026-05-04T04:30:00Z,2026-05-05T16:30:00Z
592,592,21,TheatricalDesk,MEDIA0000000592,in_transit,38.4,17,0,2026-05-04T00:30:00Z,,2026-05-05T16:30:00Z
593,593,26,MarqueeOps,MEDIA0000000593,shipped,42.1,22.5,0,2026-05-03T23:30:00Z,,2026-05-05T16:30:00Z
594,594,1,RightsRunner,MEDIA0000000594,packed,45.8,28,0,2026-05-03T22:30:00Z,,2026-05-05T16:30:00Z
595,595,6,LiveEventDesk,MEDIA0000000595,preparing,49.5,33.5,0,,,2026-05-05T16:30:00Z
596,596,11,StreamOps,MEDIA0000000596,delivered,53.2,3,0,2026-05-03T20:30:00Z,2026-05-04T04:30:00Z,2026-05-05T16:30:00Z
597,597,16,TheatricalDesk,MEDIA0000000597,in_transit,56.9,8.5,0,2026-05-03T19:30:00Z,,2026-05-05T16:30:00Z
598,598,21,MarqueeOps,MEDIA0000000598,shipped,60.6,14,0,2026-05-03T18:30:00Z,,2026-05-05T16:30:00Z
599,599,26,RightsRunner,MEDIA0000000599,packed,64.3,19.5,0,2026-05-03T17:30:00Z,,2026-05-05T16:30:00Z
600,600,1,LiveEventDesk,MEDIA0000000600,preparing,68,25,0,,,2026-05-05T16:30:00Z
601,601,6,StreamOps,MEDIA0000000601,delivered,71.7,30.5,0,2026-05-03T15:30:00Z,2026-05-03T18:30:00Z,2026-05-05T16:30:00Z
602,602,11,TheatricalDesk,MEDIA0000000602,in_transit,75.4,36,0,2026-05-03T14:30:00Z,,2026-05-05T16:30:00Z
603,603,16,MarqueeOps,MEDIA0000000603,shipped,79.1,5.5,0,2026-05-03T13:30:00Z,,2026-05-05T16:30:00Z
604,604,21,RightsRunner,MEDIA0000000604,packed,82.8,11,0,2026-05-03T12:30:00Z,,2026-05-05T16:30:00Z
605,605,26,LiveEventDesk,MEDIA0000000605,preparing,86.5,16.5,0,,,2026-05-05T16:30:00Z
606,606,1,StreamOps,MEDIA0000000606,delivered,90.2,22,0,2026-05-03T10:30:00Z,2026-05-03T18:30:00Z,2026-05-05T16:30:00Z
607,607,6,TheatricalDesk,MEDIA0000000607,in_transit,93.9,27.5,0,2026-05-03T09:30:00Z,,2026-05-05T16:30:00Z
608,608,11,MarqueeOps,MEDIA0000000608,shipped,97.6,33,0,2026-05-03T08:30:00Z,,2026-05-05T16:30:00Z
609,609,16,RightsRunner,MEDIA0000000609,packed,101.3,2.5,0,2026-05-03T07:30:00Z,,2026-05-05T16:30:00Z
610,610,21,LiveEventDesk,MEDIA0000000610,preparing,105,8,0,,,2026-05-05T16:30:00Z
611,611,26,StreamOps,MEDIA0000000611,delivered,108.7,13.5,0,2026-05-03T05:30:00Z,2026-05-03T08:30:00Z,2026-05-05T16:30:00Z
612,612,1,TheatricalDesk,MEDIA0000000612,in_transit,112.4,19,0,2026-05-03T04:30:00Z,,2026-05-05T16:30:00Z
613,613,6,MarqueeOps,MEDIA0000000613,shipped,116.1,24.5,0,2026-05-03T03:30:00Z,,2026-05-05T16:30:00Z
614,614,11,RightsRunner,MEDIA0000000614,packed,119.8,30,0,2026-05-03T02:30:00Z,,2026-05-05T16:30:00Z
615,615,16,LiveEventDesk,MEDIA0000000615,preparing,123.5,35.5,0,,,2026-05-05T16:30:00Z
616,616,21,StreamOps,MEDIA0000000616,delivered,127.2,5,0,2026-05-03T00:30:00Z,2026-05-03T08:30:00Z,2026-05-05T16:30:00Z
617,617,26,TheatricalDesk,MEDIA0000000617,in_transit,130.9,10.5,0,2026-05-02T23:30:00Z,,2026-05-05T16:30:00Z
618,618,1,MarqueeOps,MEDIA0000000618,shipped,134.6,16,0,2026-05-02T22:30:00Z,,2026-05-05T16:30:00Z
619,619,6,RightsRunner,MEDIA0000000619,packed,138.3,21.5,0,2026-05-02T21:30:00Z,,2026-05-05T16:30:00Z
620,620,11,LiveEventDesk,MEDIA0000000620,preparing,142,27,0,,,2026-05-05T16:30:00Z
621,621,16,StreamOps,MEDIA0000000621,delivered,145.7,32.5,0,2026-05-02T19:30:00Z,2026-05-02T22:30:00Z,2026-05-05T16:30:00Z
622,622,21,TheatricalDesk,MEDIA0000000622,in_transit,149.4,2,0,2026-05-02T18:30:00Z,,2026-05-05T16:30:00Z
623,623,26,MarqueeOps,MEDIA0000000623,shipped,153.1,7.5,0,2026-05-02T17:30:00Z,,2026-05-05T16:30:00Z
624,624,1,RightsRunner,MEDIA0000000624,packed,156.8,13,0,2026-05-02T16:30:00Z,,2026-05-05T16:30:00Z
625,625,6,LiveEventDesk,MEDIA0000000625,preparing,160.5,18.5,0,,,2026-05-05T16:30:00Z
626,626,11,StreamOps,MEDIA0000000626,delivered,164.2,24,0,2026-05-02T14:30:00Z,2026-05-02T22:30:00Z,2026-05-05T16:30:00Z
627,627,16,TheatricalDesk,MEDIA0000000627,in_transit,167.9,29.5,0,2026-05-02T13:30:00Z,,2026-05-05T16:30:00Z
628,628,21,MarqueeOps,MEDIA0000000628,shipped,171.6,35,0,2026-05-02T12:30:00Z,,2026-05-05T16:30:00Z
629,629,26,RightsRunner,MEDIA0000000629,packed,175.3,4.5,0,2026-05-02T11:30:00Z,,2026-05-05T16:30:00Z
630,630,1,LiveEventDesk,MEDIA0000000630,preparing,179,10,0,,,2026-05-05T16:30:00Z
631,631,6,StreamOps,MEDIA0000000631,delivered,182.7,15.5,0,2026-05-02T09:30:00Z,2026-05-02T12:30:00Z,2026-05-05T16:30:00Z
632,632,11,TheatricalDesk,MEDIA0000000632,in_transit,186.4,21,0,2026-05-02T08:30:00Z,,2026-05-05T16:30:00Z
633,633,16,MarqueeOps,MEDIA0000000633,shipped,190.1,26.5,0,2026-05-02T07:30:00Z,,2026-05-05T16:30:00Z
634,634,21,RightsRunner,MEDIA0000000634,packed,193.8,32,0,2026-05-02T06:30:00Z,,2026-05-05T16:30:00Z
635,635,26,LiveEventDesk,MEDIA0000000635,preparing,197.5,1.5,0,,,2026-05-05T16:30:00Z
636,636,1,StreamOps,MEDIA0000000636,delivered,201.2,7,0,2026-05-02T04:30:00Z,2026-05-02T12:30:00Z,2026-05-05T16:30:00Z
637,637,6,TheatricalDesk,MEDIA0000000637,in_transit,204.9,12.5,0,2026-05-02T03:30:00Z,,2026-05-05T16:30:00Z
638,638,11,MarqueeOps,MEDIA0000000638,shipped,208.6,18,0,2026-05-02T02:30:00Z,,2026-05-05T16:30:00Z
639,639,16,RightsRunner,MEDIA0000000639,packed,212.3,23.5,0,2026-05-02T01:30:00Z,,2026-05-05T16:30:00Z
640,640,21,LiveEventDesk,MEDIA0000000640,preparing,216,29,0,,,2026-05-05T16:30:00Z
641,641,26,StreamOps,MEDIA0000000641,delivered,219.7,34.5,0,2026-05-01T23:30:00Z,2026-05-02T02:30:00Z,2026-05-05T16:30:00Z
642,642,1,TheatricalDesk,MEDIA0000000642,in_transit,223.4,4,0,2026-05-01T22:30:00Z,,2026-05-05T16:30:00Z
643,643,6,MarqueeOps,MEDIA0000000643,shipped,227.1,9.5,0,2026-05-01T21:30:00Z,,2026-05-05T16:30:00Z
644,644,11,RightsRunner,MEDIA0000000644,packed,230.8,15,0,2026-05-01T20:30:00Z,,2026-05-05T16:30:00Z
645,645,16,LiveEventDesk,MEDIA0000000645,preparing,234.5,20.5,0,,,2026-05-05T16:30:00Z
646,646,21,StreamOps,MEDIA0000000646,delivered,238.2,26,0,2026-05-01T18:30:00Z,2026-05-02T02:30:00Z,2026-05-05T16:30:00Z
647,647,26,TheatricalDesk,MEDIA0000000647,in_transit,241.9,31.5,0,2026-05-01T17:30:00Z,,2026-05-05T16:30:00Z
648,648,1,MarqueeOps,MEDIA0000000648,shipped,245.6,1,0,2026-05-01T16:30:00Z,,2026-05-05T16:30:00Z
649,649,6,RightsRunner,MEDIA0000000649,packed,9.3,6.5,0,2026-05-01T15:30:00Z,,2026-05-05T16:30:00Z
650,650,11,LiveEventDesk,MEDIA0000000650,preparing,13,12,0,,,2026-05-05T16:30:00Z
651,651,16,StreamOps,MEDIA0000000651,delivered,16.7,17.5,0,2026-05-01T13:30:00Z,2026-05-01T16:30:00Z,2026-05-05T16:30:00Z
652,652,21,TheatricalDesk,MEDIA0000000652,in_transit,20.4,23,0,2026-05-01T12:30:00Z,,2026-05-05T16:30:00Z
653,653,26,MarqueeOps,MEDIA0000000653,shipped,24.1,28.5,0,2026-05-01T11:30:00Z,,2026-05-05T16:30:00Z
654,654,1,RightsRunner,MEDIA0000000654,packed,27.8,34,0,2026-05-01T10:30:00Z,,2026-05-05T16:30:00Z
655,655,6,LiveEventDesk,MEDIA0000000655,preparing,31.5,3.5,0,,,2026-05-05T16:30:00Z
656,656,11,StreamOps,MEDIA0000000656,delivered,35.2,9,0,2026-05-01T08:30:00Z,2026-05-01T16:30:00Z,2026-05-05T16:30:00Z
657,657,16,TheatricalDesk,MEDIA0000000657,in_transit,38.9,14.5,0,2026-05-01T07:30:00Z,,2026-05-05T16:30:00Z
658,658,21,MarqueeOps,MEDIA0000000658,shipped,42.6,20,0,2026-05-01T06:30:00Z,,2026-05-05T16:30:00Z
659,659,26,RightsRunner,MEDIA0000000659,packed,46.3,25.5,0,2026-05-01T05:30:00Z,,2026-05-05T16:30:00Z
660,660,1,LiveEventDesk,MEDIA0000000660,preparing,50,31,0,,,2026-05-05T16:30:00Z
661,661,6,StreamOps,MEDIA0000000661,delivered,53.7,36.5,0,2026-05-01T03:30:00Z,2026-05-01T06:30:00Z,2026-05-05T16:30:00Z
662,662,11,TheatricalDesk,MEDIA0000000662,in_transit,57.4,6,0,2026-05-01T02:30:00Z,,2026-05-05T16:30:00Z
663,663,16,MarqueeOps,MEDIA0000000663,shipped,61.1,11.5,0,2026-05-01T01:30:00Z,,2026-05-05T16:30:00Z
664,664,21,RightsRunner,MEDIA0000000664,packed,64.8,17,0,2026-05-01T00:30:00Z,,2026-05-05T16:30:00Z
665,665,26,LiveEventDesk,MEDIA0000000665,preparing,68.5,22.5,0,,,2026-05-05T16:30:00Z
666,666,1,StreamOps,MEDIA0000000666,delivered,72.2,28,0,2026-04-30T22:30:00Z,2026-05-01T06:30:00Z,2026-05-05T16:30:00Z
667,667,6,TheatricalDesk,MEDIA0000000667,in_transit,75.9,33.5,0,2026-04-30T21:30:00Z,,2026-05-05T16:30:00Z
668,668,11,MarqueeOps,MEDIA0000000668,shipped,79.6,3,0,2026-04-30T20:30:00Z,,2026-05-05T16:30:00Z
669,669,16,RightsRunner,MEDIA0000000669,packed,83.3,8.5,0,2026-04-30T19:30:00Z,,2026-05-05T16:30:00Z
670,670,21,LiveEventDesk,MEDIA0000000670,preparing,87,14,0,,,2026-05-05T16:30:00Z
671,671,26,StreamOps,MEDIA0000000671,delivered,90.7,19.5,0,2026-04-30T17:30:00Z,2026-04-30T20:30:00Z,2026-05-05T16:30:00Z
672,672,1,TheatricalDesk,MEDIA0000000672,in_transit,94.4,25,0,2026-05-04T16:30:00Z,,2026-05-05T16:30:00Z
673,673,6,MarqueeOps,MEDIA0000000673,shipped,98.1,30.5,0,2026-05-04T15:30:00Z,,2026-05-05T16:30:00Z
674,674,11,RightsRunner,MEDIA0000000674,packed,101.8,36,0,2026-05-04T14:30:00Z,,2026-05-05T16:30:00Z
675,675,16,LiveEventDesk,MEDIA0000000675,preparing,105.5,5.5,0,,,2026-05-05T16:30:00Z
676,676,21,StreamOps,MEDIA0000000676,delivered,109.2,11,0,2026-05-04T12:30:00Z,2026-05-04T20:30:00Z,2026-05-05T16:30:00Z
677,677,26,TheatricalDesk,MEDIA0000000677,in_transit,112.9,16.5,0,2026-05-04T11:30:00Z,,2026-05-05T16:30:00Z
678,678,1,MarqueeOps,MEDIA0000000678,shipped,116.6,22,0,2026-05-04T10:30:00Z,,2026-05-05T16:30:00Z
679,679,6,RightsRunner,MEDIA0000000679,packed,120.3,27.5,0,2026-05-04T09:30:00Z,,2026-05-05T16:30:00Z
680,680,11,LiveEventDesk,MEDIA0000000680,preparing,124,33,0,,,2026-05-05T16:30:00Z
681,681,16,StreamOps,MEDIA0000000681,delivered,127.7,2.5,0,2026-05-04T07:30:00Z,2026-05-04T10:30:00Z,2026-05-05T16:30:00Z
682,682,21,TheatricalDesk,MEDIA0000000682,in_transit,131.4,8,0,2026-05-04T06:30:00Z,,2026-05-05T16:30:00Z
683,683,26,MarqueeOps,MEDIA0000000683,shipped,135.1,13.5,0,2026-05-04T05:30:00Z,,2026-05-05T16:30:00Z
684,684,1,RightsRunner,MEDIA0000000684,packed,138.8,19,0,2026-05-04T04:30:00Z,,2026-05-05T16:30:00Z
685,685,6,LiveEventDesk,MEDIA0000000685,preparing,142.5,24.5,0,,,2026-05-05T16:30:00Z
686,686,11,StreamOps,MEDIA0000000686,delivered,146.2,30,0,2026-05-04T02:30:00Z,2026-05-04T10:30:00Z,2026-05-05T16:30:00Z
687,687,16,TheatricalDesk,MEDIA0000000687,in_transit,149.9,35.5,0,2026-05-04T01:30:00Z,,2026-05-05T16:30:00Z
688,688,21,MarqueeOps,MEDIA0000000688,shipped,153.6,5,0,2026-05-04T00:30:00Z,,2026-05-05T16:30:00Z
689,689,26,RightsRunner,MEDIA0000000689,packed,157.3,10.5,0,2026-05-03T23:30:00Z,,2026-05-05T16:30:00Z
690,690,1,LiveEventDesk,MEDIA0000000690,preparing,161,16,0,,,2026-05-05T16:30:00Z
691,691,6,StreamOps,MEDIA0000000691,delivered,164.7,21.5,0,2026-05-03T21:30:00Z,2026-05-04T00:30:00Z,2026-05-05T16:30:00Z
692,692,11,TheatricalDesk,MEDIA0000000692,in_transit,168.4,27,0,2026-05-03T20:30:00Z,,2026-05-05T16:30:00Z
693,693,16,MarqueeOps,MEDIA0000000693,shipped,172.1,32.5,0,2026-05-03T19:30:00Z,,2026-05-05T16:30:00Z
694,694,21,RightsRunner,MEDIA0000000694,packed,175.8,2,0,2026-05-03T18:30:00Z,,2026-05-05T16:30:00Z
695,695,26,LiveEventDesk,MEDIA0000000695,preparing,179.5,7.5,0,,,2026-05-05T16:30:00Z
696,696,1,StreamOps,MEDIA0000000696,delivered,183.2,13,0,2026-05-03T16:30:00Z,2026-05-04T00:30:00Z,2026-05-05T16:30:00Z
697,697,6,TheatricalDesk,MEDIA0000000697,in_transit,186.9,18.5,0,2026-05-03T15:30:00Z,,2026-05-05T16:30:00Z
698,698,11,MarqueeOps,MEDIA0000000698,shipped,190.6,24,0,2026-05-03T14:30:00Z,,2026-05-05T16:30:00Z
699,699,16,RightsRunner,MEDIA0000000699,packed,194.3,29.5,0,2026-05-03T13:30:00Z,,2026-05-05T16:30:00Z
700,700,21,LiveEventDesk,MEDIA0000000700,preparing,198,35,0,,,2026-05-05T16:30:00Z
701,701,26,StreamOps,MEDIA0000000701,delivered,201.7,4.5,0,2026-05-03T11:30:00Z,2026-05-03T14:30:00Z,2026-05-05T16:30:00Z
702,702,1,TheatricalDesk,MEDIA0000000702,in_transit,205.4,10,0,2026-05-03T10:30:00Z,,2026-05-05T16:30:00Z
703,703,6,MarqueeOps,MEDIA0000000703,shipped,209.1,15.5,0,2026-05-03T09:30:00Z,,2026-05-05T16:30:00Z
704,704,11,RightsRunner,MEDIA0000000704,packed,212.8,21,0,2026-05-03T08:30:00Z,,2026-05-05T16:30:00Z
705,705,16,LiveEventDesk,MEDIA0000000705,preparing,216.5,26.5,0,,,2026-05-05T16:30:00Z
706,706,21,StreamOps,MEDIA0000000706,delivered,220.2,32,0,2026-05-03T06:30:00Z,2026-05-03T14:30:00Z,2026-05-05T16:30:00Z
707,707,26,TheatricalDesk,MEDIA0000000707,in_transit,223.9,1.5,0,2026-05-03T05:30:00Z,,2026-05-05T16:30:00Z
708,708,1,MarqueeOps,MEDIA0000000708,shipped,227.6,7,0,2026-05-03T04:30:00Z,,2026-05-05T16:30:00Z
709,709,6,RightsRunner,MEDIA0000000709,packed,231.3,12.5,0,2026-05-03T03:30:00Z,,2026-05-05T16:30:00Z
710,710,11,LiveEventDesk,MEDIA0000000710,preparing,235,18,0,,,2026-05-05T16:30:00Z
711,711,16,StreamOps,MEDIA0000000711,delivered,238.7,23.5,0,2026-05-03T01:30:00Z,2026-05-03T04:30:00Z,2026-05-05T16:30:00Z
712,712,21,TheatricalDesk,MEDIA0000000712,in_transit,242.4,29,0,2026-05-03T00:30:00Z,,2026-05-05T16:30:00Z
713,713,26,MarqueeOps,MEDIA0000000713,shipped,246.1,34.5,0,2026-05-02T23:30:00Z,,2026-05-05T16:30:00Z
714,714,1,RightsRunner,MEDIA0000000714,packed,9.8,4,0,2026-05-02T22:30:00Z,,2026-05-05T16:30:00Z
715,715,6,LiveEventDesk,MEDIA0000000715,preparing,13.5,9.5,0,,,2026-05-05T16:30:00Z
716,716,11,StreamOps,MEDIA0000000716,delivered,17.2,15,0,2026-05-02T20:30:00Z,2026-05-03T04:30:00Z,2026-05-05T16:30:00Z
717,717,16,TheatricalDesk,MEDIA0000000717,in_transit,20.9,20.5,0,2026-05-02T19:30:00Z,,2026-05-05T16:30:00Z
718,718,21,MarqueeOps,MEDIA0000000718,shipped,24.6,26,0,2026-05-02T18:30:00Z,,2026-05-05T16:30:00Z
719,719,26,RightsRunner,MEDIA0000000719,packed,28.3,31.5,0,2026-05-02T17:30:00Z,,2026-05-05T16:30:00Z
720,720,1,LiveEventDesk,MEDIA0000000720,preparing,32,1,0,,,2026-05-05T16:30:00Z
721,721,6,StreamOps,MEDIA0000000721,delivered,35.7,6.5,0,2026-05-02T15:30:00Z,2026-05-02T18:30:00Z,2026-05-05T16:30:00Z
722,722,11,TheatricalDesk,MEDIA0000000722,in_transit,39.4,12,0,2026-05-02T14:30:00Z,,2026-05-05T16:30:00Z
723,723,16,MarqueeOps,MEDIA0000000723,shipped,43.1,17.5,0,2026-05-02T13:30:00Z,,2026-05-05T16:30:00Z
724,724,21,RightsRunner,MEDIA0000000724,packed,46.8,23,0,2026-05-02T12:30:00Z,,2026-05-05T16:30:00Z
725,725,26,LiveEventDesk,MEDIA0000000725,preparing,50.5,28.5,0,,,2026-05-05T16:30:00Z
726,726,1,StreamOps,MEDIA0000000726,delivered,54.2,34,0,2026-05-02T10:30:00Z,2026-05-02T18:30:00Z,2026-05-05T16:30:00Z
727,727,6,TheatricalDesk,MEDIA0000000727,in_transit,57.9,3.5,0,2026-05-02T09:30:00Z,,2026-05-05T16:30:00Z
728,728,11,MarqueeOps,MEDIA0000000728,shipped,61.6,9,0,2026-05-02T08:30:00Z,,2026-05-05T16:30:00Z
729,729,16,RightsRunner,MEDIA0000000729,packed,65.3,14.5,0,2026-05-02T07:30:00Z,,2026-05-05T16:30:00Z
730,730,21,LiveEventDesk,MEDIA0000000730,preparing,69,20,0,,,2026-05-05T16:30:00Z
731,731,26,StreamOps,MEDIA0000000731,delivered,72.7,25.5,0,2026-05-02T05:30:00Z,2026-05-02T08:30:00Z,2026-05-05T16:30:00Z
732,732,1,TheatricalDesk,MEDIA0000000732,in_transit,76.4,31,0,2026-05-02T04:30:00Z,,2026-05-05T16:30:00Z
733,733,6,MarqueeOps,MEDIA0000000733,shipped,80.1,36.5,0,2026-05-02T03:30:00Z,,2026-05-05T16:30:00Z
734,734,11,RightsRunner,MEDIA0000000734,packed,83.8,6,0,2026-05-02T02:30:00Z,,2026-05-05T16:30:00Z
735,735,16,LiveEventDesk,MEDIA0000000735,preparing,87.5,11.5,0,,,2026-05-05T16:30:00Z
736,736,21,StreamOps,MEDIA0000000736,delivered,91.2,17,0,2026-05-02T00:30:00Z,2026-05-02T08:30:00Z,2026-05-05T16:30:00Z
737,737,26,TheatricalDesk,MEDIA0000000737,in_transit,94.9,22.5,0,2026-05-01T23:30:00Z,,2026-05-05T16:30:00Z
738,738,1,MarqueeOps,MEDIA0000000738,shipped,98.6,28,0,2026-05-01T22:30:00Z,,2026-05-05T16:30:00Z
739,739,6,RightsRunner,MEDIA0000000739,packed,102.3,33.5,0,2026-05-01T21:30:00Z,,2026-05-05T16:30:00Z
740,740,11,LiveEventDesk,MEDIA0000000740,preparing,106,3,0,,,2026-05-05T16:30:00Z
741,741,16,StreamOps,MEDIA0000000741,delivered,109.7,8.5,0,2026-05-01T19:30:00Z,2026-05-01T22:30:00Z,2026-05-05T16:30:00Z
742,742,21,TheatricalDesk,MEDIA0000000742,in_transit,113.4,14,0,2026-05-01T18:30:00Z,,2026-05-05T16:30:00Z
743,743,26,MarqueeOps,MEDIA0000000743,shipped,117.1,19.5,0,2026-05-01T17:30:00Z,,2026-05-05T16:30:00Z
744,744,1,RightsRunner,MEDIA0000000744,packed,120.8,25,0,2026-05-01T16:30:00Z,,2026-05-05T16:30:00Z
745,745,6,LiveEventDesk,MEDIA0000000745,preparing,124.5,30.5,0,,,2026-05-05T16:30:00Z
746,746,11,StreamOps,MEDIA0000000746,delivered,128.2,36,0,2026-05-01T14:30:00Z,2026-05-01T22:30:00Z,2026-05-05T16:30:00Z
747,747,16,TheatricalDesk,MEDIA0000000747,in_transit,131.9,5.5,0,2026-05-01T13:30:00Z,,2026-05-05T16:30:00Z
748,748,21,MarqueeOps,MEDIA0000000748,shipped,135.6,11,0,2026-05-01T12:30:00Z,,2026-05-05T16:30:00Z
749,749,26,RightsRunner,MEDIA0000000749,packed,139.3,16.5,0,2026-05-01T11:30:00Z,,2026-05-05T16:30:00Z
750,750,1,LiveEventDesk,MEDIA0000000750,preparing,143,22,0,,,2026-05-05T16:30:00Z
751,751,6,StreamOps,MEDIA0000000751,delivered,146.7,27.5,0,2026-05-01T09:30:00Z,2026-05-01T12:30:00Z,2026-05-05T16:30:00Z
752,752,11,TheatricalDesk,MEDIA0000000752,in_transit,150.4,33,0,2026-05-01T08:30:00Z,,2026-05-05T16:30:00Z
753,753,16,MarqueeOps,MEDIA0000000753,shipped,154.1,2.5,0,2026-05-01T07:30:00Z,,2026-05-05T16:30:00Z
754,754,21,RightsRunner,MEDIA0000000754,packed,157.8,8,0,2026-05-01T06:30:00Z,,2026-05-05T16:30:00Z
755,755,26,LiveEventDesk,MEDIA0000000755,preparing,161.5,13.5,0,,,2026-05-05T16:30:00Z
756,756,1,StreamOps,MEDIA0000000756,delivered,165.2,19,0,2026-05-01T04:30:00Z,2026-05-01T12:30:00Z,2026-05-05T16:30:00Z
757,757,6,TheatricalDesk,MEDIA0000000757,in_transit,168.9,24.5,0,2026-05-01T03:30:00Z,,2026-05-05T16:30:00Z
758,758,11,MarqueeOps,MEDIA0000000758,shipped,172.6,30,0,2026-05-01T02:30:00Z,,2026-05-05T16:30:00Z
759,759,16,RightsRunner,MEDIA0000000759,packed,176.3,35.5,0,2026-05-01T01:30:00Z,,2026-05-05T16:30:00Z
760,760,21,LiveEventDesk,MEDIA0000000760,preparing,180,5,0,,,2026-05-05T16:30:00Z
761,761,26,StreamOps,MEDIA0000000761,delivered,183.7,10.5,0,2026-04-30T23:30:00Z,2026-05-01T02:30:00Z,2026-05-05T16:30:00Z
762,762,1,TheatricalDesk,MEDIA0000000762,in_transit,187.4,16,0,2026-04-30T22:30:00Z,,2026-05-05T16:30:00Z
763,763,6,MarqueeOps,MEDIA0000000763,shipped,191.1,21.5,0,2026-04-30T21:30:00Z,,2026-05-05T16:30:00Z
764,764,11,RightsRunner,MEDIA0000000764,packed,194.8,27,0,2026-04-30T20:30:00Z,,2026-05-05T16:30:00Z
765,765,16,LiveEventDesk,MEDIA0000000765,preparing,198.5,32.5,0,,,2026-05-05T16:30:00Z
766,766,21,StreamOps,MEDIA0000000766,delivered,202.2,2,0,2026-04-30T18:30:00Z,2026-05-01T02:30:00Z,2026-05-05T16:30:00Z
767,767,26,TheatricalDesk,MEDIA0000000767,in_transit,205.9,7.5,0,2026-04-30T17:30:00Z,,2026-05-05T16:30:00Z
768,768,1,MarqueeOps,MEDIA0000000768,shipped,209.6,13,0,2026-05-04T16:30:00Z,,2026-05-05T16:30:00Z
769,769,6,RightsRunner,MEDIA0000000769,packed,213.3,18.5,0,2026-05-04T15:30:00Z,,2026-05-05T16:30:00Z
770,770,11,LiveEventDesk,MEDIA0000000770,preparing,217,24,0,,,2026-05-05T16:30:00Z
771,771,16,StreamOps,MEDIA0000000771,delivered,220.7,29.5,0,2026-05-04T13:30:00Z,2026-05-04T16:30:00Z,2026-05-05T16:30:00Z
772,772,21,TheatricalDesk,MEDIA0000000772,in_transit,224.4,35,0,2026-05-04T12:30:00Z,,2026-05-05T16:30:00Z
773,773,26,MarqueeOps,MEDIA0000000773,shipped,228.1,4.5,0,2026-05-04T11:30:00Z,,2026-05-05T16:30:00Z
774,774,1,RightsRunner,MEDIA0000000774,packed,231.8,10,0,2026-05-04T10:30:00Z,,2026-05-05T16:30:00Z
775,775,6,LiveEventDesk,MEDIA0000000775,preparing,235.5,15.5,0,,,2026-05-05T16:30:00Z
776,776,11,StreamOps,MEDIA0000000776,delivered,239.2,21,0,2026-05-04T08:30:00Z,2026-05-04T16:30:00Z,2026-05-05T16:30:00Z
777,777,16,TheatricalDesk,MEDIA0000000777,in_transit,242.9,26.5,0,2026-05-04T07:30:00Z,,2026-05-05T16:30:00Z
778,778,21,MarqueeOps,MEDIA0000000778,shipped,246.6,32,0,2026-05-04T06:30:00Z,,2026-05-05T16:30:00Z
779,779,26,RightsRunner,MEDIA0000000779,packed,10.3,1.5,0,2026-05-04T05:30:00Z,,2026-05-05T16:30:00Z
780,780,1,LiveEventDesk,MEDIA0000000780,preparing,14,7,0,,,2026-05-05T16:30:00Z
781,781,6,StreamOps,MEDIA0000000781,delivered,17.7,12.5,0,2026-05-04T03:30:00Z,2026-05-04T06:30:00Z,2026-05-05T16:30:00Z
782,782,11,TheatricalDesk,MEDIA0000000782,in_transit,21.4,18,0,2026-05-04T02:30:00Z,,2026-05-05T16:30:00Z
783,783,16,MarqueeOps,MEDIA0000000783,shipped,25.1,23.5,0,2026-05-04T01:30:00Z,,2026-05-05T16:30:00Z
784,784,21,RightsRunner,MEDIA0000000784,packed,28.8,29,0,2026-05-04T00:30:00Z,,2026-05-05T16:30:00Z
785,785,26,LiveEventDesk,MEDIA0000000785,preparing,32.5,34.5,0,,,2026-05-05T16:30:00Z
786,786,1,StreamOps,MEDIA0000000786,delivered,36.2,4,0,2026-05-03T22:30:00Z,2026-05-04T06:30:00Z,2026-05-05T16:30:00Z
787,787,6,TheatricalDesk,MEDIA0000000787,in_transit,39.9,9.5,0,2026-05-03T21:30:00Z,,2026-05-05T16:30:00Z
788,788,11,MarqueeOps,MEDIA0000000788,shipped,43.6,15,0,2026-05-03T20:30:00Z,,2026-05-05T16:30:00Z
789,789,16,RightsRunner,MEDIA0000000789,packed,47.3,20.5,0,2026-05-03T19:30:00Z,,2026-05-05T16:30:00Z
790,790,21,LiveEventDesk,MEDIA0000000790,preparing,51,26,0,,,2026-05-05T16:30:00Z
791,791,26,StreamOps,MEDIA0000000791,delivered,54.7,31.5,0,2026-05-03T17:30:00Z,2026-05-03T20:30:00Z,2026-05-05T16:30:00Z
792,792,1,TheatricalDesk,MEDIA0000000792,in_transit,58.4,1,0,2026-05-03T16:30:00Z,,2026-05-05T16:30:00Z
793,793,6,MarqueeOps,MEDIA0000000793,shipped,62.1,6.5,0,2026-05-03T15:30:00Z,,2026-05-05T16:30:00Z
794,794,11,RightsRunner,MEDIA0000000794,packed,65.8,12,0,2026-05-03T14:30:00Z,,2026-05-05T16:30:00Z
795,795,16,LiveEventDesk,MEDIA0000000795,preparing,69.5,17.5,0,,,2026-05-05T16:30:00Z
796,796,21,StreamOps,MEDIA0000000796,delivered,73.2,23,0,2026-05-03T12:30:00Z,2026-05-03T20:30:00Z,2026-05-05T16:30:00Z
797,797,26,TheatricalDesk,MEDIA0000000797,in_transit,76.9,28.5,0,2026-05-03T11:30:00Z,,2026-05-05T16:30:00Z
798,798,1,MarqueeOps,MEDIA0000000798,shipped,80.6,34,0,2026-05-03T10:30:00Z,,2026-05-05T16:30:00Z
799,799,6,RightsRunner,MEDIA0000000799,packed,84.3,3.5,0,2026-05-03T09:30:00Z,,2026-05-05T16:30:00Z
800,800,11,LiveEventDesk,MEDIA0000000800,preparing,88,9,0,,,2026-05-05T16:30:00Z
801,801,16,StreamOps,MEDIA0000000801,delivered,91.7,14.5,0,2026-05-03T07:30:00Z,2026-05-03T10:30:00Z,2026-05-05T16:30:00Z
802,802,21,TheatricalDesk,MEDIA0000000802,in_transit,95.4,20,0,2026-05-03T06:30:00Z,,2026-05-05T16:30:00Z
803,803,26,MarqueeOps,MEDIA0000000803,shipped,99.1,25.5,0,2026-05-03T05:30:00Z,,2026-05-05T16:30:00Z
804,804,1,RightsRunner,MEDIA0000000804,packed,102.8,31,0,2026-05-03T04:30:00Z,,2026-05-05T16:30:00Z
805,805,6,LiveEventDesk,MEDIA0000000805,preparing,106.5,36.5,0,,,2026-05-05T16:30:00Z
806,806,11,StreamOps,MEDIA0000000806,delivered,110.2,6,0,2026-05-03T02:30:00Z,2026-05-03T10:30:00Z,2026-05-05T16:30:00Z
807,807,16,TheatricalDesk,MEDIA0000000807,in_transit,113.9,11.5,0,2026-05-03T01:30:00Z,,2026-05-05T16:30:00Z
808,808,21,MarqueeOps,MEDIA0000000808,shipped,117.6,17,0,2026-05-03T00:30:00Z,,2026-05-05T16:30:00Z
809,809,26,RightsRunner,MEDIA0000000809,packed,121.3,22.5,0,2026-05-02T23:30:00Z,,2026-05-05T16:30:00Z
810,810,1,LiveEventDesk,MEDIA0000000810,preparing,125,28,0,,,2026-05-05T16:30:00Z
811,811,6,StreamOps,MEDIA0000000811,delivered,128.7,33.5,0,2026-05-02T21:30:00Z,2026-05-03T00:30:00Z,2026-05-05T16:30:00Z
812,812,11,TheatricalDesk,MEDIA0000000812,in_transit,132.4,3,0,2026-05-02T20:30:00Z,,2026-05-05T16:30:00Z
813,813,16,MarqueeOps,MEDIA0000000813,shipped,136.1,8.5,0,2026-05-02T19:30:00Z,,2026-05-05T16:30:00Z
814,814,21,RightsRunner,MEDIA0000000814,packed,139.8,14,0,2026-05-02T18:30:00Z,,2026-05-05T16:30:00Z
815,815,26,LiveEventDesk,MEDIA0000000815,preparing,143.5,19.5,0,,,2026-05-05T16:30:00Z
816,816,1,StreamOps,MEDIA0000000816,delivered,147.2,25,0,2026-05-02T16:30:00Z,2026-05-03T00:30:00Z,2026-05-05T16:30:00Z
817,817,6,TheatricalDesk,MEDIA0000000817,in_transit,150.9,30.5,0,2026-05-02T15:30:00Z,,2026-05-05T16:30:00Z
818,818,11,MarqueeOps,MEDIA0000000818,shipped,154.6,36,0,2026-05-02T14:30:00Z,,2026-05-05T16:30:00Z
819,819,16,RightsRunner,MEDIA0000000819,packed,158.3,5.5,0,2026-05-02T13:30:00Z,,2026-05-05T16:30:00Z
820,820,21,LiveEventDesk,MEDIA0000000820,preparing,162,11,0,,,2026-05-05T16:30:00Z
821,821,26,StreamOps,MEDIA0000000821,delivered,165.7,16.5,0,2026-05-02T11:30:00Z,2026-05-02T14:30:00Z,2026-05-05T16:30:00Z
822,822,1,TheatricalDesk,MEDIA0000000822,in_transit,169.4,22,0,2026-05-02T10:30:00Z,,2026-05-05T16:30:00Z
823,823,6,MarqueeOps,MEDIA0000000823,shipped,173.1,27.5,0,2026-05-02T09:30:00Z,,2026-05-05T16:30:00Z
824,824,11,RightsRunner,MEDIA0000000824,packed,176.8,33,0,2026-05-02T08:30:00Z,,2026-05-05T16:30:00Z
825,825,16,LiveEventDesk,MEDIA0000000825,preparing,180.5,2.5,0,,,2026-05-05T16:30:00Z
826,826,21,StreamOps,MEDIA0000000826,delivered,184.2,8,0,2026-05-02T06:30:00Z,2026-05-02T14:30:00Z,2026-05-05T16:30:00Z
827,827,26,TheatricalDesk,MEDIA0000000827,in_transit,187.9,13.5,0,2026-05-02T05:30:00Z,,2026-05-05T16:30:00Z
828,828,1,MarqueeOps,MEDIA0000000828,shipped,191.6,19,0,2026-05-02T04:30:00Z,,2026-05-05T16:30:00Z
829,829,6,RightsRunner,MEDIA0000000829,packed,195.3,24.5,0,2026-05-02T03:30:00Z,,2026-05-05T16:30:00Z
830,830,11,LiveEventDesk,MEDIA0000000830,preparing,199,30,0,,,2026-05-05T16:30:00Z
831,831,16,StreamOps,MEDIA0000000831,delivered,202.7,35.5,0,2026-05-02T01:30:00Z,2026-05-02T04:30:00Z,2026-05-05T16:30:00Z
832,832,21,TheatricalDesk,MEDIA0000000832,in_transit,206.4,5,0,2026-05-02T00:30:00Z,,2026-05-05T16:30:00Z
833,833,26,MarqueeOps,MEDIA0000000833,shipped,210.1,10.5,0,2026-05-01T23:30:00Z,,2026-05-05T16:30:00Z
834,834,1,RightsRunner,MEDIA0000000834,packed,213.8,16,0,2026-05-01T22:30:00Z,,2026-05-05T16:30:00Z
835,835,6,LiveEventDesk,MEDIA0000000835,preparing,217.5,21.5,0,,,2026-05-05T16:30:00Z
836,836,11,StreamOps,MEDIA0000000836,delivered,221.2,27,0,2026-05-01T20:30:00Z,2026-05-02T04:30:00Z,2026-05-05T16:30:00Z
837,837,16,TheatricalDesk,MEDIA0000000837,in_transit,224.9,32.5,0,2026-05-01T19:30:00Z,,2026-05-05T16:30:00Z
838,838,21,MarqueeOps,MEDIA0000000838,shipped,228.6,2,0,2026-05-01T18:30:00Z,,2026-05-05T16:30:00Z
839,839,26,RightsRunner,MEDIA0000000839,packed,232.3,7.5,0,2026-05-01T17:30:00Z,,2026-05-05T16:30:00Z
840,840,1,LiveEventDesk,MEDIA0000000840,preparing,236,13,0,,,2026-05-05T16:30:00Z
841,841,6,StreamOps,MEDIA0000000841,delivered,239.7,18.5,0,2026-05-01T15:30:00Z,2026-05-01T18:30:00Z,2026-05-05T16:30:00Z
842,842,11,TheatricalDesk,MEDIA0000000842,in_transit,243.4,24,0,2026-05-01T14:30:00Z,,2026-05-05T16:30:00Z
843,843,16,MarqueeOps,MEDIA0000000843,shipped,247.1,29.5,0,2026-05-01T13:30:00Z,,2026-05-05T16:30:00Z
844,844,21,RightsRunner,MEDIA0000000844,packed,10.8,35,0,2026-05-01T12:30:00Z,,2026-05-05T16:30:00Z
845,845,26,LiveEventDesk,MEDIA0000000845,preparing,14.5,4.5,0,,,2026-05-05T16:30:00Z
846,846,1,StreamOps,MEDIA0000000846,delivered,18.2,10,0,2026-05-01T10:30:00Z,2026-05-01T18:30:00Z,2026-05-05T16:30:00Z
847,847,6,TheatricalDesk,MEDIA0000000847,in_transit,21.9,15.5,0,2026-05-01T09:30:00Z,,2026-05-05T16:30:00Z
848,848,11,MarqueeOps,MEDIA0000000848,shipped,25.6,21,0,2026-05-01T08:30:00Z,,2026-05-05T16:30:00Z
849,849,16,RightsRunner,MEDIA0000000849,packed,29.3,26.5,0,2026-05-01T07:30:00Z,,2026-05-05T16:30:00Z
850,850,21,LiveEventDesk,MEDIA0000000850,preparing,33,32,0,,,2026-05-05T16:30:00Z
851,851,26,StreamOps,MEDIA0000000851,delivered,36.7,1.5,0,2026-05-01T05:30:00Z,2026-05-01T08:30:00Z,2026-05-05T16:30:00Z
852,852,1,TheatricalDesk,MEDIA0000000852,in_transit,40.4,7,0,2026-05-01T04:30:00Z,,2026-05-05T16:30:00Z
853,853,6,MarqueeOps,MEDIA0000000853,shipped,44.1,12.5,0,2026-05-01T03:30:00Z,,2026-05-05T16:30:00Z
854,854,11,RightsRunner,MEDIA0000000854,packed,47.8,18,0,2026-05-01T02:30:00Z,,2026-05-05T16:30:00Z
855,855,16,LiveEventDesk,MEDIA0000000855,preparing,51.5,23.5,0,,,2026-05-05T16:30:00Z
856,856,21,StreamOps,MEDIA0000000856,delivered,55.2,29,0,2026-05-01T00:30:00Z,2026-05-01T08:30:00Z,2026-05-05T16:30:00Z
857,857,26,TheatricalDesk,MEDIA0000000857,in_transit,58.9,34.5,0,2026-04-30T23:30:00Z,,2026-05-05T16:30:00Z
858,858,1,MarqueeOps,MEDIA0000000858,shipped,62.6,4,0,2026-04-30T22:30:00Z,,2026-05-05T16:30:00Z
859,859,6,RightsRunner,MEDIA0000000859,packed,66.3,9.5,0,2026-04-30T21:30:00Z,,2026-05-05T16:30:00Z
860,860,11,LiveEventDesk,MEDIA0000000860,preparing,70,15,0,,,2026-05-05T16:30:00Z
861,861,16,StreamOps,MEDIA0000000861,delivered,73.7,20.5,0,2026-04-30T19:30:00Z,2026-04-30T22:30:00Z,2026-05-05T16:30:00Z
862,862,21,TheatricalDesk,MEDIA0000000862,in_transit,77.4,26,0,2026-04-30T18:30:00Z,,2026-05-05T16:30:00Z
863,863,26,MarqueeOps,MEDIA0000000863,shipped,81.1,31.5,0,2026-04-30T17:30:00Z,,2026-05-05T16:30:00Z
864,864,1,RightsRunner,MEDIA0000000864,packed,84.8,1,0,2026-05-04T16:30:00Z,,2026-05-05T16:30:00Z
865,865,6,LiveEventDesk,MEDIA0000000865,preparing,88.5,6.5,0,,,2026-05-05T16:30:00Z
866,866,11,StreamOps,MEDIA0000000866,delivered,92.2,12,0,2026-05-04T14:30:00Z,2026-05-04T22:30:00Z,2026-05-05T16:30:00Z
867,867,16,TheatricalDesk,MEDIA0000000867,in_transit,95.9,17.5,0,2026-05-04T13:30:00Z,,2026-05-05T16:30:00Z
868,868,21,MarqueeOps,MEDIA0000000868,shipped,99.6,23,0,2026-05-04T12:30:00Z,,2026-05-05T16:30:00Z
869,869,26,RightsRunner,MEDIA0000000869,packed,103.3,28.5,0,2026-05-04T11:30:00Z,,2026-05-05T16:30:00Z
870,870,1,LiveEventDesk,MEDIA0000000870,preparing,107,34,0,,,2026-05-05T16:30:00Z
871,871,6,StreamOps,MEDIA0000000871,delivered,110.7,3.5,0,2026-05-04T09:30:00Z,2026-05-04T12:30:00Z,2026-05-05T16:30:00Z
872,872,11,TheatricalDesk,MEDIA0000000872,in_transit,114.4,9,0,2026-05-04T08:30:00Z,,2026-05-05T16:30:00Z
873,873,16,MarqueeOps,MEDIA0000000873,shipped,118.1,14.5,0,2026-05-04T07:30:00Z,,2026-05-05T16:30:00Z
874,874,21,RightsRunner,MEDIA0000000874,packed,121.8,20,0,2026-05-04T06:30:00Z,,2026-05-05T16:30:00Z
875,875,26,LiveEventDesk,MEDIA0000000875,preparing,125.5,25.5,0,,,2026-05-05T16:30:00Z
876,876,1,StreamOps,MEDIA0000000876,delivered,129.2,31,0,2026-05-04T04:30:00Z,2026-05-04T12:30:00Z,2026-05-05T16:30:00Z
877,877,6,TheatricalDesk,MEDIA0000000877,in_transit,132.9,36.5,0,2026-05-04T03:30:00Z,,2026-05-05T16:30:00Z
878,878,11,MarqueeOps,MEDIA0000000878,shipped,136.6,6,0,2026-05-04T02:30:00Z,,2026-05-05T16:30:00Z
879,879,16,RightsRunner,MEDIA0000000879,packed,140.3,11.5,0,2026-05-04T01:30:00Z,,2026-05-05T16:30:00Z
880,880,21,LiveEventDesk,MEDIA0000000880,preparing,144,17,0,,,2026-05-05T16:30:00Z
881,881,26,StreamOps,MEDIA0000000881,delivered,147.7,22.5,0,2026-05-03T23:30:00Z,2026-05-04T02:30:00Z,2026-05-05T16:30:00Z
882,882,1,TheatricalDesk,MEDIA0000000882,in_transit,151.4,28,0,2026-05-03T22:30:00Z,,2026-05-05T16:30:00Z
883,883,6,MarqueeOps,MEDIA0000000883,shipped,155.1,33.5,0,2026-05-03T21:30:00Z,,2026-05-05T16:30:00Z
884,884,11,RightsRunner,MEDIA0000000884,packed,158.8,3,0,2026-05-03T20:30:00Z,,2026-05-05T16:30:00Z
885,885,16,LiveEventDesk,MEDIA0000000885,preparing,162.5,8.5,0,,,2026-05-05T16:30:00Z
886,886,21,StreamOps,MEDIA0000000886,delivered,166.2,14,0,2026-05-03T18:30:00Z,2026-05-04T02:30:00Z,2026-05-05T16:30:00Z
887,887,26,TheatricalDesk,MEDIA0000000887,in_transit,169.9,19.5,0,2026-05-03T17:30:00Z,,2026-05-05T16:30:00Z
888,888,1,MarqueeOps,MEDIA0000000888,shipped,173.6,25,0,2026-05-03T16:30:00Z,,2026-05-05T16:30:00Z
889,889,6,RightsRunner,MEDIA0000000889,packed,177.3,30.5,0,2026-05-03T15:30:00Z,,2026-05-05T16:30:00Z
890,890,11,LiveEventDesk,MEDIA0000000890,preparing,181,36,0,,,2026-05-05T16:30:00Z
891,891,16,StreamOps,MEDIA0000000891,delivered,184.7,5.5,0,2026-05-03T13:30:00Z,2026-05-03T16:30:00Z,2026-05-05T16:30:00Z
892,892,21,TheatricalDesk,MEDIA0000000892,in_transit,188.4,11,0,2026-05-03T12:30:00Z,,2026-05-05T16:30:00Z
893,893,26,MarqueeOps,MEDIA0000000893,shipped,192.1,16.5,0,2026-05-03T11:30:00Z,,2026-05-05T16:30:00Z
894,894,1,RightsRunner,MEDIA0000000894,packed,195.8,22,0,2026-05-03T10:30:00Z,,2026-05-05T16:30:00Z
895,895,6,LiveEventDesk,MEDIA0000000895,preparing,199.5,27.5,0,,,2026-05-05T16:30:00Z
896,896,11,StreamOps,MEDIA0000000896,delivered,203.2,33,0,2026-05-03T08:30:00Z,2026-05-03T16:30:00Z,2026-05-05T16:30:00Z
897,897,16,TheatricalDesk,MEDIA0000000897,in_transit,206.9,2.5,0,2026-05-03T07:30:00Z,,2026-05-05T16:30:00Z
898,898,21,MarqueeOps,MEDIA0000000898,shipped,210.6,8,0,2026-05-03T06:30:00Z,,2026-05-05T16:30:00Z
899,899,26,RightsRunner,MEDIA0000000899,packed,214.3,13.5,0,2026-05-03T05:30:00Z,,2026-05-05T16:30:00Z
900,900,1,LiveEventDesk,MEDIA0000000900,preparing,218,19,0,,,2026-05-05T16:30:00Z
901,901,6,StreamOps,MEDIA0000000901,delivered,221.7,24.5,0,2026-05-03T03:30:00Z,2026-05-03T06:30:00Z,2026-05-05T16:30:00Z
902,902,11,TheatricalDesk,MEDIA0000000902,in_transit,225.4,30,0,2026-05-03T02:30:00Z,,2026-05-05T16:30:00Z
903,903,16,MarqueeOps,MEDIA0000000903,shipped,229.1,35.5,0,2026-05-03T01:30:00Z,,2026-05-05T16:30:00Z
904,904,21,RightsRunner,MEDIA0000000904,packed,232.8,5,0,2026-05-03T00:30:00Z,,2026-05-05T16:30:00Z
905,905,26,LiveEventDesk,MEDIA0000000905,preparing,236.5,10.5,0,,,2026-05-05T16:30:00Z
906,906,1,StreamOps,MEDIA0000000906,delivered,240.2,16,0,2026-05-02T22:30:00Z,2026-05-03T06:30:00Z,2026-05-05T16:30:00Z
907,907,6,TheatricalDesk,MEDIA0000000907,in_transit,243.9,21.5,0,2026-05-02T21:30:00Z,,2026-05-05T16:30:00Z
908,908,11,MarqueeOps,MEDIA0000000908,shipped,247.6,27,0,2026-05-02T20:30:00Z,,2026-05-05T16:30:00Z
909,909,16,RightsRunner,MEDIA0000000909,packed,11.3,32.5,0,2026-05-02T19:30:00Z,,2026-05-05T16:30:00Z
910,910,21,LiveEventDesk,MEDIA0000000910,preparing,15,2,0,,,2026-05-05T16:30:00Z
911,911,26,StreamOps,MEDIA0000000911,delivered,18.7,7.5,0,2026-05-02T17:30:00Z,2026-05-02T20:30:00Z,2026-05-05T16:30:00Z
912,912,1,TheatricalDesk,MEDIA0000000912,in_transit,22.4,13,0,2026-05-02T16:30:00Z,,2026-05-05T16:30:00Z
913,913,6,MarqueeOps,MEDIA0000000913,shipped,26.1,18.5,0,2026-05-02T15:30:00Z,,2026-05-05T16:30:00Z
914,914,11,RightsRunner,MEDIA0000000914,packed,29.8,24,0,2026-05-02T14:30:00Z,,2026-05-05T16:30:00Z
915,915,16,LiveEventDesk,MEDIA0000000915,preparing,33.5,29.5,0,,,2026-05-05T16:30:00Z
916,916,21,StreamOps,MEDIA0000000916,delivered,37.2,35,0,2026-05-02T12:30:00Z,2026-05-02T20:30:00Z,2026-05-05T16:30:00Z
917,917,26,TheatricalDesk,MEDIA0000000917,in_transit,40.9,4.5,0,2026-05-02T11:30:00Z,,2026-05-05T16:30:00Z
918,918,1,MarqueeOps,MEDIA0000000918,shipped,44.6,10,0,2026-05-02T10:30:00Z,,2026-05-05T16:30:00Z
919,919,6,RightsRunner,MEDIA0000000919,packed,48.3,15.5,0,2026-05-02T09:30:00Z,,2026-05-05T16:30:00Z
920,920,11,LiveEventDesk,MEDIA0000000920,preparing,52,21,0,,,2026-05-05T16:30:00Z
921,921,16,StreamOps,MEDIA0000000921,delivered,55.7,26.5,0,2026-05-02T07:30:00Z,2026-05-02T10:30:00Z,2026-05-05T16:30:00Z
922,922,21,TheatricalDesk,MEDIA0000000922,in_transit,59.4,32,0,2026-05-02T06:30:00Z,,2026-05-05T16:30:00Z
923,923,26,MarqueeOps,MEDIA0000000923,shipped,63.1,1.5,0,2026-05-02T05:30:00Z,,2026-05-05T16:30:00Z
924,924,1,RightsRunner,MEDIA0000000924,packed,66.8,7,0,2026-05-02T04:30:00Z,,2026-05-05T16:30:00Z
925,925,6,LiveEventDesk,MEDIA0000000925,preparing,70.5,12.5,0,,,2026-05-05T16:30:00Z
926,926,11,StreamOps,MEDIA0000000926,delivered,74.2,18,0,2026-05-02T02:30:00Z,2026-05-02T10:30:00Z,2026-05-05T16:30:00Z
927,927,16,TheatricalDesk,MEDIA0000000927,in_transit,77.9,23.5,0,2026-05-02T01:30:00Z,,2026-05-05T16:30:00Z
928,928,21,MarqueeOps,MEDIA0000000928,shipped,81.6,29,0,2026-05-02T00:30:00Z,,2026-05-05T16:30:00Z
929,929,26,RightsRunner,MEDIA0000000929,packed,85.3,34.5,0,2026-05-01T23:30:00Z,,2026-05-05T16:30:00Z
930,930,1,LiveEventDesk,MEDIA0000000930,preparing,89,4,0,,,2026-05-05T16:30:00Z
931,931,6,StreamOps,MEDIA0000000931,delivered,92.7,9.5,0,2026-05-01T21:30:00Z,2026-05-02T00:30:00Z,2026-05-05T16:30:00Z
932,932,11,TheatricalDesk,MEDIA0000000932,in_transit,96.4,15,0,2026-05-01T20:30:00Z,,2026-05-05T16:30:00Z
933,933,16,MarqueeOps,MEDIA0000000933,shipped,100.1,20.5,0,2026-05-01T19:30:00Z,,2026-05-05T16:30:00Z
934,934,21,RightsRunner,MEDIA0000000934,packed,103.8,26,0,2026-05-01T18:30:00Z,,2026-05-05T16:30:00Z
935,935,26,LiveEventDesk,MEDIA0000000935,preparing,107.5,31.5,0,,,2026-05-05T16:30:00Z
936,936,1,StreamOps,MEDIA0000000936,delivered,111.2,1,0,2026-05-01T16:30:00Z,2026-05-02T00:30:00Z,2026-05-05T16:30:00Z
937,937,6,TheatricalDesk,MEDIA0000000937,in_transit,114.9,6.5,0,2026-05-01T15:30:00Z,,2026-05-05T16:30:00Z
938,938,11,MarqueeOps,MEDIA0000000938,shipped,118.6,12,0,2026-05-01T14:30:00Z,,2026-05-05T16:30:00Z
939,939,16,RightsRunner,MEDIA0000000939,packed,122.3,17.5,0,2026-05-01T13:30:00Z,,2026-05-05T16:30:00Z
940,940,21,LiveEventDesk,MEDIA0000000940,preparing,126,23,0,,,2026-05-05T16:30:00Z
941,941,26,StreamOps,MEDIA0000000941,delivered,129.7,28.5,0,2026-05-01T11:30:00Z,2026-05-01T14:30:00Z,2026-05-05T16:30:00Z
942,942,1,TheatricalDesk,MEDIA0000000942,in_transit,133.4,34,0,2026-05-01T10:30:00Z,,2026-05-05T16:30:00Z
943,943,6,MarqueeOps,MEDIA0000000943,shipped,137.1,3.5,0,2026-05-01T09:30:00Z,,2026-05-05T16:30:00Z
944,944,11,RightsRunner,MEDIA0000000944,packed,140.8,9,0,2026-05-01T08:30:00Z,,2026-05-05T16:30:00Z
945,945,16,LiveEventDesk,MEDIA0000000945,preparing,144.5,14.5,0,,,2026-05-05T16:30:00Z
946,946,21,StreamOps,MEDIA0000000946,delivered,148.2,20,0,2026-05-01T06:30:00Z,2026-05-01T14:30:00Z,2026-05-05T16:30:00Z
947,947,26,TheatricalDesk,MEDIA0000000947,in_transit,151.9,25.5,0,2026-05-01T05:30:00Z,,2026-05-05T16:30:00Z
948,948,1,MarqueeOps,MEDIA0000000948,shipped,155.6,31,0,2026-05-01T04:30:00Z,,2026-05-05T16:30:00Z
949,949,6,RightsRunner,MEDIA0000000949,packed,159.3,36.5,0,2026-05-01T03:30:00Z,,2026-05-05T16:30:00Z
950,950,11,LiveEventDesk,MEDIA0000000950,preparing,163,6,0,,,2026-05-05T16:30:00Z
951,951,16,StreamOps,MEDIA0000000951,delivered,166.7,11.5,0,2026-05-01T01:30:00Z,2026-05-01T04:30:00Z,2026-05-05T16:30:00Z
952,952,21,TheatricalDesk,MEDIA0000000952,in_transit,170.4,17,0,2026-05-01T00:30:00Z,,2026-05-05T16:30:00Z
953,953,26,MarqueeOps,MEDIA0000000953,shipped,174.1,22.5,0,2026-04-30T23:30:00Z,,2026-05-05T16:30:00Z
954,954,1,RightsRunner,MEDIA0000000954,packed,177.8,28,0,2026-04-30T22:30:00Z,,2026-05-05T16:30:00Z
955,955,6,LiveEventDesk,MEDIA0000000955,preparing,181.5,33.5,0,,,2026-05-05T16:30:00Z
956,956,11,StreamOps,MEDIA0000000956,delivered,185.2,3,0,2026-04-30T20:30:00Z,2026-05-01T04:30:00Z,2026-05-05T16:30:00Z
957,957,16,TheatricalDesk,MEDIA0000000957,in_transit,188.9,8.5,0,2026-04-30T19:30:00Z,,2026-05-05T16:30:00Z
958,958,21,MarqueeOps,MEDIA0000000958,shipped,192.6,14,0,2026-04-30T18:30:00Z,,2026-05-05T16:30:00Z
959,959,26,RightsRunner,MEDIA0000000959,packed,196.3,19.5,0,2026-04-30T17:30:00Z,,2026-05-05T16:30:00Z
960,960,1,LiveEventDesk,MEDIA0000000960,preparing,200,25,0,,,2026-05-05T16:30:00Z
961,961,6,StreamOps,MEDIA0000000961,delivered,203.7,30.5,0,2026-05-04T15:30:00Z,2026-05-04T18:30:00Z,2026-05-05T16:30:00Z
962,962,11,TheatricalDesk,MEDIA0000000962,in_transit,207.4,36,0,2026-05-04T14:30:00Z,,2026-05-05T16:30:00Z
963,963,16,MarqueeOps,MEDIA0000000963,shipped,211.1,5.5,0,2026-05-04T13:30:00Z,,2026-05-05T16:30:00Z
964,964,21,RightsRunner,MEDIA0000000964,packed,214.8,11,0,2026-05-04T12:30:00Z,,2026-05-05T16:30:00Z
965,965,26,LiveEventDesk,MEDIA0000000965,preparing,218.5,16.5,0,,,2026-05-05T16:30:00Z
966,966,1,StreamOps,MEDIA0000000966,delivered,222.2,22,0,2026-05-04T10:30:00Z,2026-05-04T18:30:00Z,2026-05-05T16:30:00Z
967,967,6,TheatricalDesk,MEDIA0000000967,in_transit,225.9,27.5,0,2026-05-04T09:30:00Z,,2026-05-05T16:30:00Z
968,968,11,MarqueeOps,MEDIA0000000968,shipped,229.6,33,0,2026-05-04T08:30:00Z,,2026-05-05T16:30:00Z
969,969,16,RightsRunner,MEDIA0000000969,packed,233.3,2.5,0,2026-05-04T07:30:00Z,,2026-05-05T16:30:00Z
970,970,21,LiveEventDesk,MEDIA0000000970,preparing,237,8,0,,,2026-05-05T16:30:00Z
971,971,26,StreamOps,MEDIA0000000971,delivered,240.7,13.5,0,2026-05-04T05:30:00Z,2026-05-04T08:30:00Z,2026-05-05T16:30:00Z
972,972,1,TheatricalDesk,MEDIA0000000972,in_transit,244.4,19,0,2026-05-04T04:30:00Z,,2026-05-05T16:30:00Z
973,973,6,MarqueeOps,MEDIA0000000973,shipped,8.1,24.5,0,2026-05-04T03:30:00Z,,2026-05-05T16:30:00Z
974,974,11,RightsRunner,MEDIA0000000974,packed,11.8,30,0,2026-05-04T02:30:00Z,,2026-05-05T16:30:00Z
975,975,16,LiveEventDesk,MEDIA0000000975,preparing,15.5,35.5,0,,,2026-05-05T16:30:00Z
976,976,21,StreamOps,MEDIA0000000976,delivered,19.2,5,0,2026-05-04T00:30:00Z,2026-05-04T08:30:00Z,2026-05-05T16:30:00Z
977,977,26,TheatricalDesk,MEDIA0000000977,in_transit,22.9,10.5,0,2026-05-03T23:30:00Z,,2026-05-05T16:30:00Z
978,978,1,MarqueeOps,MEDIA0000000978,shipped,26.6,16,0,2026-05-03T22:30:00Z,,2026-05-05T16:30:00Z
979,979,6,RightsRunner,MEDIA0000000979,packed,30.3,21.5,0,2026-05-03T21:30:00Z,,2026-05-05T16:30:00Z
980,980,11,LiveEventDesk,MEDIA0000000980,preparing,34,27,0,,,2026-05-05T16:30:00Z
981,981,16,StreamOps,MEDIA0000000981,delivered,37.7,32.5,0,2026-05-03T19:30:00Z,2026-05-03T22:30:00Z,2026-05-05T16:30:00Z
982,982,21,TheatricalDesk,MEDIA0000000982,in_transit,41.4,2,0,2026-05-03T18:30:00Z,,2026-05-05T16:30:00Z
983,983,26,MarqueeOps,MEDIA0000000983,shipped,45.1,7.5,0,2026-05-03T17:30:00Z,,2026-05-05T16:30:00Z
984,984,1,RightsRunner,MEDIA0000000984,packed,48.8,13,0,2026-05-03T16:30:00Z,,2026-05-05T16:30:00Z
985,985,6,LiveEventDesk,MEDIA0000000985,preparing,52.5,18.5,0,,,2026-05-05T16:30:00Z
986,986,11,StreamOps,MEDIA0000000986,delivered,56.2,24,0,2026-05-03T14:30:00Z,2026-05-03T22:30:00Z,2026-05-05T16:30:00Z
987,987,16,TheatricalDesk,MEDIA0000000987,in_transit,59.9,29.5,0,2026-05-03T13:30:00Z,,2026-05-05T16:30:00Z
988,988,21,MarqueeOps,MEDIA0000000988,shipped,63.6,35,0,2026-05-03T12:30:00Z,,2026-05-05T16:30:00Z
989,989,26,RightsRunner,MEDIA0000000989,packed,67.3,4.5,0,2026-05-03T11:30:00Z,,2026-05-05T16:30:00Z
990,990,1,LiveEventDesk,MEDIA0000000990,preparing,71,10,0,,,2026-05-05T16:30:00Z
991,991,6,StreamOps,MEDIA0000000991,delivered,74.7,15.5,0,2026-05-03T09:30:00Z,2026-05-03T12:30:00Z,2026-05-05T16:30:00Z
992,992,11,TheatricalDesk,MEDIA0000000992,in_transit,78.4,21,0,2026-05-03T08:30:00Z,,2026-05-05T16:30:00Z
993,993,16,MarqueeOps,MEDIA0000000993,shipped,82.1,26.5,0,2026-05-03T07:30:00Z,,2026-05-05T16:30:00Z
994,994,21,RightsRunner,MEDIA0000000994,packed,85.8,32,0,2026-05-03T06:30:00Z,,2026-05-05T16:30:00Z
995,995,26,LiveEventDesk,MEDIA0000000995,preparing,89.5,1.5,0,,,2026-05-05T16:30:00Z
996,996,1,StreamOps,MEDIA0000000996,delivered,93.2,7,0,2026-05-03T04:30:00Z,2026-05-03T12:30:00Z,2026-05-05T16:30:00Z
997,997,6,TheatricalDesk,MEDIA0000000997,in_transit,96.9,12.5,0,2026-05-03T03:30:00Z,,2026-05-05T16:30:00Z
998,998,11,MarqueeOps,MEDIA0000000998,shipped,100.6,18,0,2026-05-03T02:30:00Z,,2026-05-05T16:30:00Z
999,999,16,RightsRunner,MEDIA0000000999,packed,104.3,23.5,0,2026-05-03T01:30:00Z,,2026-05-05T16:30:00Z
1000,1000,21,LiveEventDesk,MEDIA0000001000,preparing,108,29,0,,,2026-05-05T16:30:00Z
1001,1001,26,StreamOps,MEDIA0000001001,delivered,111.7,34.5,0,2026-05-02T23:30:00Z,2026-05-03T02:30:00Z,2026-05-05T16:30:00Z
1002,1002,1,TheatricalDesk,MEDIA0000001002,in_transit,115.4,4,0,2026-05-02T22:30:00Z,,2026-05-05T16:30:00Z
1003,1003,6,MarqueeOps,MEDIA0000001003,shipped,119.1,9.5,0,2026-05-02T21:30:00Z,,2026-05-05T16:30:00Z
1004,1004,11,RightsRunner,MEDIA0000001004,packed,122.8,15,0,2026-05-02T20:30:00Z,,2026-05-05T16:30:00Z
1005,1005,16,LiveEventDesk,MEDIA0000001005,preparing,126.5,20.5,0,,,2026-05-05T16:30:00Z
1006,1006,21,StreamOps,MEDIA0000001006,delivered,130.2,26,0,2026-05-02T18:30:00Z,2026-05-03T02:30:00Z,2026-05-05T16:30:00Z
1007,1007,26,TheatricalDesk,MEDIA0000001007,in_transit,133.9,31.5,0,2026-05-02T17:30:00Z,,2026-05-05T16:30:00Z
1008,1008,1,MarqueeOps,MEDIA0000001008,shipped,137.6,1,0,2026-05-02T16:30:00Z,,2026-05-05T16:30:00Z
1009,1009,6,RightsRunner,MEDIA0000001009,packed,141.3,6.5,0,2026-05-02T15:30:00Z,,2026-05-05T16:30:00Z
1010,1010,11,LiveEventDesk,MEDIA0000001010,preparing,145,12,0,,,2026-05-05T16:30:00Z
1011,1011,16,StreamOps,MEDIA0000001011,delivered,148.7,17.5,0,2026-05-02T13:30:00Z,2026-05-02T16:30:00Z,2026-05-05T16:30:00Z
1012,1012,21,TheatricalDesk,MEDIA0000001012,in_transit,152.4,23,0,2026-05-02T12:30:00Z,,2026-05-05T16:30:00Z
1013,1013,26,MarqueeOps,MEDIA0000001013,shipped,156.1,28.5,0,2026-05-02T11:30:00Z,,2026-05-05T16:30:00Z
1014,1014,1,RightsRunner,MEDIA0000001014,packed,159.8,34,0,2026-05-02T10:30:00Z,,2026-05-05T16:30:00Z
1015,1015,6,LiveEventDesk,MEDIA0000001015,preparing,163.5,3.5,0,,,2026-05-05T16:30:00Z
1016,1016,11,StreamOps,MEDIA0000001016,delivered,167.2,9,0,2026-05-02T08:30:00Z,2026-05-02T16:30:00Z,2026-05-05T16:30:00Z
1017,1017,16,TheatricalDesk,MEDIA0000001017,in_transit,170.9,14.5,0,2026-05-02T07:30:00Z,,2026-05-05T16:30:00Z
1018,1018,21,MarqueeOps,MEDIA0000001018,shipped,174.6,20,0,2026-05-02T06:30:00Z,,2026-05-05T16:30:00Z
1019,1019,26,RightsRunner,MEDIA0000001019,packed,178.3,25.5,0,2026-05-02T05:30:00Z,,2026-05-05T16:30:00Z
1020,1020,1,LiveEventDesk,MEDIA0000001020,preparing,182,31,0,,,2026-05-05T16:30:00Z
1021,1021,6,StreamOps,MEDIA0000001021,delivered,185.7,36.5,0,2026-05-02T03:30:00Z,2026-05-02T06:30:00Z,2026-05-05T16:30:00Z
1022,1022,11,TheatricalDesk,MEDIA0000001022,in_transit,189.4,6,0,2026-05-02T02:30:00Z,,2026-05-05T16:30:00Z
1023,1023,16,MarqueeOps,MEDIA0000001023,shipped,193.1,11.5,0,2026-05-02T01:30:00Z,,2026-05-05T16:30:00Z
1024,1024,21,RightsRunner,MEDIA0000001024,packed,196.8,17,0,2026-05-02T00:30:00Z,,2026-05-05T16:30:00Z
1025,1025,26,LiveEventDesk,MEDIA0000001025,preparing,200.5,22.5,0,,,2026-05-05T16:30:00Z
1026,1026,1,StreamOps,MEDIA0000001026,delivered,204.2,28,0,2026-05-01T22:30:00Z,2026-05-02T06:30:00Z,2026-05-05T16:30:00Z
1027,1027,6,TheatricalDesk,MEDIA0000001027,in_transit,207.9,33.5,0,2026-05-01T21:30:00Z,,2026-05-05T16:30:00Z
1028,1028,11,MarqueeOps,MEDIA0000001028,shipped,211.6,3,0,2026-05-01T20:30:00Z,,2026-05-05T16:30:00Z
1029,1029,16,RightsRunner,MEDIA0000001029,packed,215.3,8.5,0,2026-05-01T19:30:00Z,,2026-05-05T16:30:00Z
1030,1030,21,LiveEventDesk,MEDIA0000001030,preparing,219,14,0,,,2026-05-05T16:30:00Z
1031,1031,26,StreamOps,MEDIA0000001031,delivered,222.7,19.5,0,2026-05-01T17:30:00Z,2026-05-01T20:30:00Z,2026-05-05T16:30:00Z
1032,1032,1,TheatricalDesk,MEDIA0000001032,in_transit,226.4,25,0,2026-05-01T16:30:00Z,,2026-05-05T16:30:00Z
1033,1033,6,MarqueeOps,MEDIA0000001033,shipped,230.1,30.5,0,2026-05-01T15:30:00Z,,2026-05-05T16:30:00Z
1034,1034,11,RightsRunner,MEDIA0000001034,packed,233.8,36,0,2026-05-01T14:30:00Z,,2026-05-05T16:30:00Z
1035,1035,16,LiveEventDesk,MEDIA0000001035,preparing,237.5,5.5,0,,,2026-05-05T16:30:00Z
1036,1036,21,StreamOps,MEDIA0000001036,delivered,241.2,11,0,2026-05-01T12:30:00Z,2026-05-01T20:30:00Z,2026-05-05T16:30:00Z
1037,1037,26,TheatricalDesk,MEDIA0000001037,in_transit,244.9,16.5,0,2026-05-01T11:30:00Z,,2026-05-05T16:30:00Z
1038,1038,1,MarqueeOps,MEDIA0000001038,shipped,8.6,22,0,2026-05-01T10:30:00Z,,2026-05-05T16:30:00Z
1039,1039,6,RightsRunner,MEDIA0000001039,packed,12.3,27.5,0,2026-05-01T09:30:00Z,,2026-05-05T16:30:00Z
1040,1040,11,LiveEventDesk,MEDIA0000001040,preparing,16,33,0,,,2026-05-05T16:30:00Z
1041,1041,16,StreamOps,MEDIA0000001041,delivered,19.7,2.5,0,2026-05-01T07:30:00Z,2026-05-01T10:30:00Z,2026-05-05T16:30:00Z
1042,1042,21,TheatricalDesk,MEDIA0000001042,in_transit,23.4,8,0,2026-05-01T06:30:00Z,,2026-05-05T16:30:00Z
1043,1043,26,MarqueeOps,MEDIA0000001043,shipped,27.1,13.5,0,2026-05-01T05:30:00Z,,2026-05-05T16:30:00Z
1044,1044,1,RightsRunner,MEDIA0000001044,packed,30.8,19,0,2026-05-01T04:30:00Z,,2026-05-05T16:30:00Z
1045,1045,6,LiveEventDesk,MEDIA0000001045,preparing,34.5,24.5,0,,,2026-05-05T16:30:00Z
1046,1046,11,StreamOps,MEDIA0000001046,delivered,38.2,30,0,2026-05-01T02:30:00Z,2026-05-01T10:30:00Z,2026-05-05T16:30:00Z
1047,1047,16,TheatricalDesk,MEDIA0000001047,in_transit,41.9,35.5,0,2026-05-01T01:30:00Z,,2026-05-05T16:30:00Z
1048,1048,21,MarqueeOps,MEDIA0000001048,shipped,45.6,5,0,2026-05-01T00:30:00Z,,2026-05-05T16:30:00Z
1049,1049,26,RightsRunner,MEDIA0000001049,packed,49.3,10.5,0,2026-04-30T23:30:00Z,,2026-05-05T16:30:00Z
1050,1050,1,LiveEventDesk,MEDIA0000001050,preparing,53,16,0,,,2026-05-05T16:30:00Z
1051,1051,6,StreamOps,MEDIA0000001051,delivered,56.7,21.5,0,2026-04-30T21:30:00Z,2026-05-01T00:30:00Z,2026-05-05T16:30:00Z
1052,1052,11,TheatricalDesk,MEDIA0000001052,in_transit,60.4,27,0,2026-04-30T20:30:00Z,,2026-05-05T16:30:00Z
1053,1053,16,MarqueeOps,MEDIA0000001053,shipped,64.1,32.5,0,2026-04-30T19:30:00Z,,2026-05-05T16:30:00Z
1054,1054,21,RightsRunner,MEDIA0000001054,packed,67.8,2,0,2026-04-30T18:30:00Z,,2026-05-05T16:30:00Z
1055,1055,26,LiveEventDesk,MEDIA0000001055,preparing,71.5,7.5,0,,,2026-05-05T16:30:00Z
1056,1056,1,StreamOps,MEDIA0000001056,delivered,75.2,13,0,2026-05-04T16:30:00Z,2026-05-05T00:30:00Z,2026-05-05T16:30:00Z
1057,1057,6,TheatricalDesk,MEDIA0000001057,in_transit,78.9,18.5,0,2026-05-04T15:30:00Z,,2026-05-05T16:30:00Z
1058,1058,11,MarqueeOps,MEDIA0000001058,shipped,82.6,24,0,2026-05-04T14:30:00Z,,2026-05-05T16:30:00Z
1059,1059,16,RightsRunner,MEDIA0000001059,packed,86.3,29.5,0,2026-05-04T13:30:00Z,,2026-05-05T16:30:00Z
1060,1060,21,LiveEventDesk,MEDIA0000001060,preparing,90,35,0,,,2026-05-05T16:30:00Z
1061,1061,26,StreamOps,MEDIA0000001061,delivered,93.7,4.5,0,2026-05-04T11:30:00Z,2026-05-04T14:30:00Z,2026-05-05T16:30:00Z
1062,1062,1,TheatricalDesk,MEDIA0000001062,in_transit,97.4,10,0,2026-05-04T10:30:00Z,,2026-05-05T16:30:00Z
1063,1063,6,MarqueeOps,MEDIA0000001063,shipped,101.1,15.5,0,2026-05-04T09:30:00Z,,2026-05-05T16:30:00Z
1064,1064,11,RightsRunner,MEDIA0000001064,packed,104.8,21,0,2026-05-04T08:30:00Z,,2026-05-05T16:30:00Z
1065,1065,16,LiveEventDesk,MEDIA0000001065,preparing,108.5,26.5,0,,,2026-05-05T16:30:00Z
1066,1066,21,StreamOps,MEDIA0000001066,delivered,112.2,32,0,2026-05-04T06:30:00Z,2026-05-04T14:30:00Z,2026-05-05T16:30:00Z
1067,1067,26,TheatricalDesk,MEDIA0000001067,in_transit,115.9,1.5,0,2026-05-04T05:30:00Z,,2026-05-05T16:30:00Z
1068,1068,1,MarqueeOps,MEDIA0000001068,shipped,119.6,7,0,2026-05-04T04:30:00Z,,2026-05-05T16:30:00Z
1069,1069,6,RightsRunner,MEDIA0000001069,packed,123.3,12.5,0,2026-05-04T03:30:00Z,,2026-05-05T16:30:00Z
1070,1070,11,LiveEventDesk,MEDIA0000001070,preparing,127,18,0,,,2026-05-05T16:30:00Z
1071,1071,16,StreamOps,MEDIA0000001071,delivered,130.7,23.5,0,2026-05-04T01:30:00Z,2026-05-04T04:30:00Z,2026-05-05T16:30:00Z
1072,1072,21,TheatricalDesk,MEDIA0000001072,in_transit,134.4,29,0,2026-05-04T00:30:00Z,,2026-05-05T16:30:00Z
1073,1073,26,MarqueeOps,MEDIA0000001073,shipped,138.1,34.5,0,2026-05-03T23:30:00Z,,2026-05-05T16:30:00Z
1074,1074,1,RightsRunner,MEDIA0000001074,packed,141.8,4,0,2026-05-03T22:30:00Z,,2026-05-05T16:30:00Z
1075,1075,6,LiveEventDesk,MEDIA0000001075,preparing,145.5,9.5,0,,,2026-05-05T16:30:00Z
1076,1076,11,StreamOps,MEDIA0000001076,delivered,149.2,15,0,2026-05-03T20:30:00Z,2026-05-04T04:30:00Z,2026-05-05T16:30:00Z
1077,1077,16,TheatricalDesk,MEDIA0000001077,in_transit,152.9,20.5,0,2026-05-03T19:30:00Z,,2026-05-05T16:30:00Z
1078,1078,21,MarqueeOps,MEDIA0000001078,shipped,156.6,26,0,2026-05-03T18:30:00Z,,2026-05-05T16:30:00Z
1079,1079,26,RightsRunner,MEDIA0000001079,packed,160.3,31.5,0,2026-05-03T17:30:00Z,,2026-05-05T16:30:00Z
1080,1080,1,LiveEventDesk,MEDIA0000001080,preparing,164,1,0,,,2026-05-05T16:30:00Z
1081,1081,6,StreamOps,MEDIA0000001081,delivered,167.7,6.5,0,2026-05-03T15:30:00Z,2026-05-03T18:30:00Z,2026-05-05T16:30:00Z
1082,1082,11,TheatricalDesk,MEDIA0000001082,in_transit,171.4,12,0,2026-05-03T14:30:00Z,,2026-05-05T16:30:00Z
1083,1083,16,MarqueeOps,MEDIA0000001083,shipped,175.1,17.5,0,2026-05-03T13:30:00Z,,2026-05-05T16:30:00Z
1084,1084,21,RightsRunner,MEDIA0000001084,packed,178.8,23,0,2026-05-03T12:30:00Z,,2026-05-05T16:30:00Z
1085,1085,26,LiveEventDesk,MEDIA0000001085,preparing,182.5,28.5,0,,,2026-05-05T16:30:00Z
1086,1086,1,StreamOps,MEDIA0000001086,delivered,186.2,34,0,2026-05-03T10:30:00Z,2026-05-03T18:30:00Z,2026-05-05T16:30:00Z
1087,1087,6,TheatricalDesk,MEDIA0000001087,in_transit,189.9,3.5,0,2026-05-03T09:30:00Z,,2026-05-05T16:30:00Z
1088,1088,11,MarqueeOps,MEDIA0000001088,shipped,193.6,9,0,2026-05-03T08:30:00Z,,2026-05-05T16:30:00Z
1089,1089,16,RightsRunner,MEDIA0000001089,packed,197.3,14.5,0,2026-05-03T07:30:00Z,,2026-05-05T16:30:00Z
1090,1090,21,LiveEventDesk,MEDIA0000001090,preparing,201,20,0,,,2026-05-05T16:30:00Z
1091,1091,26,StreamOps,MEDIA0000001091,delivered,204.7,25.5,0,2026-05-03T05:30:00Z,2026-05-03T08:30:00Z,2026-05-05T16:30:00Z
1092,1092,1,TheatricalDesk,MEDIA0000001092,in_transit,208.4,31,0,2026-05-03T04:30:00Z,,2026-05-05T16:30:00Z
1093,1093,6,MarqueeOps,MEDIA0000001093,shipped,212.1,36.5,0,2026-05-03T03:30:00Z,,2026-05-05T16:30:00Z
1094,1094,11,RightsRunner,MEDIA0000001094,packed,215.8,6,0,2026-05-03T02:30:00Z,,2026-05-05T16:30:00Z
1095,1095,16,LiveEventDesk,MEDIA0000001095,preparing,219.5,11.5,0,,,2026-05-05T16:30:00Z
1096,1096,21,StreamOps,MEDIA0000001096,delivered,223.2,17,0,2026-05-03T00:30:00Z,2026-05-03T08:30:00Z,2026-05-05T16:30:00Z
1097,1097,26,TheatricalDesk,MEDIA0000001097,in_transit,226.9,22.5,0,2026-05-02T23:30:00Z,,2026-05-05T16:30:00Z
1098,1098,1,MarqueeOps,MEDIA0000001098,shipped,230.6,28,0,2026-05-02T22:30:00Z,,2026-05-05T16:30:00Z
1099,1099,6,RightsRunner,MEDIA0000001099,packed,234.3,33.5,0,2026-05-02T21:30:00Z,,2026-05-05T16:30:00Z
1100,1100,11,LiveEventDesk,MEDIA0000001100,preparing,238,3,0,,,2026-05-05T16:30:00Z
1101,1101,16,StreamOps,MEDIA0000001101,delivered,241.7,8.5,0,2026-05-02T19:30:00Z,2026-05-02T22:30:00Z,2026-05-05T16:30:00Z
1102,1102,21,TheatricalDesk,MEDIA0000001102,in_transit,245.4,14,0,2026-05-02T18:30:00Z,,2026-05-05T16:30:00Z
1103,1103,26,MarqueeOps,MEDIA0000001103,shipped,9.1,19.5,0,2026-05-02T17:30:00Z,,2026-05-05T16:30:00Z
1104,1104,1,RightsRunner,MEDIA0000001104,packed,12.8,25,0,2026-05-02T16:30:00Z,,2026-05-05T16:30:00Z
1105,1105,6,LiveEventDesk,MEDIA0000001105,preparing,16.5,30.5,0,,,2026-05-05T16:30:00Z
1106,1106,11,StreamOps,MEDIA0000001106,delivered,20.2,36,0,2026-05-02T14:30:00Z,2026-05-02T22:30:00Z,2026-05-05T16:30:00Z
1107,1107,16,TheatricalDesk,MEDIA0000001107,in_transit,23.9,5.5,0,2026-05-02T13:30:00Z,,2026-05-05T16:30:00Z
1108,1108,21,MarqueeOps,MEDIA0000001108,shipped,27.6,11,0,2026-05-02T12:30:00Z,,2026-05-05T16:30:00Z
1109,1109,26,RightsRunner,MEDIA0000001109,packed,31.3,16.5,0,2026-05-02T11:30:00Z,,2026-05-05T16:30:00Z
1110,1110,1,LiveEventDesk,MEDIA0000001110,preparing,35,22,0,,,2026-05-05T16:30:00Z
1111,1111,6,StreamOps,MEDIA0000001111,delivered,38.7,27.5,0,2026-05-02T09:30:00Z,2026-05-02T12:30:00Z,2026-05-05T16:30:00Z
1112,1112,11,TheatricalDesk,MEDIA0000001112,in_transit,42.4,33,0,2026-05-02T08:30:00Z,,2026-05-05T16:30:00Z
1113,1113,16,MarqueeOps,MEDIA0000001113,shipped,46.1,2.5,0,2026-05-02T07:30:00Z,,2026-05-05T16:30:00Z
1114,1114,21,RightsRunner,MEDIA0000001114,packed,49.8,8,0,2026-05-02T06:30:00Z,,2026-05-05T16:30:00Z
1115,1115,26,LiveEventDesk,MEDIA0000001115,preparing,53.5,13.5,0,,,2026-05-05T16:30:00Z
1116,1116,1,StreamOps,MEDIA0000001116,delivered,57.2,19,0,2026-05-02T04:30:00Z,2026-05-02T12:30:00Z,2026-05-05T16:30:00Z
1117,1117,6,TheatricalDesk,MEDIA0000001117,in_transit,60.9,24.5,0,2026-05-02T03:30:00Z,,2026-05-05T16:30:00Z
1118,1118,11,MarqueeOps,MEDIA0000001118,shipped,64.6,30,0,2026-05-02T02:30:00Z,,2026-05-05T16:30:00Z
1119,1119,16,RightsRunner,MEDIA0000001119,packed,68.3,35.5,0,2026-05-02T01:30:00Z,,2026-05-05T16:30:00Z
1120,1120,21,LiveEventDesk,MEDIA0000001120,preparing,72,5,0,,,2026-05-05T16:30:00Z
1121,1121,26,StreamOps,MEDIA0000001121,delivered,75.7,10.5,0,2026-05-01T23:30:00Z,2026-05-02T02:30:00Z,2026-05-05T16:30:00Z
1122,1122,1,TheatricalDesk,MEDIA0000001122,in_transit,79.4,16,0,2026-05-01T22:30:00Z,,2026-05-05T16:30:00Z
1123,1123,6,MarqueeOps,MEDIA0000001123,shipped,83.1,21.5,0,2026-05-01T21:30:00Z,,2026-05-05T16:30:00Z
1124,1124,11,RightsRunner,MEDIA0000001124,packed,86.8,27,0,2026-05-01T20:30:00Z,,2026-05-05T16:30:00Z
1125,1125,16,LiveEventDesk,MEDIA0000001125,preparing,90.5,32.5,0,,,2026-05-05T16:30:00Z
1126,1126,21,StreamOps,MEDIA0000001126,delivered,94.2,2,0,2026-05-01T18:30:00Z,2026-05-02T02:30:00Z,2026-05-05T16:30:00Z
1127,1127,26,TheatricalDesk,MEDIA0000001127,in_transit,97.9,7.5,0,2026-05-01T17:30:00Z,,2026-05-05T16:30:00Z
1128,1128,1,MarqueeOps,MEDIA0000001128,shipped,101.6,13,0,2026-05-01T16:30:00Z,,2026-05-05T16:30:00Z
1129,1129,6,RightsRunner,MEDIA0000001129,packed,105.3,18.5,0,2026-05-01T15:30:00Z,,2026-05-05T16:30:00Z
1130,1130,11,LiveEventDesk,MEDIA0000001130,preparing,109,24,0,,,2026-05-05T16:30:00Z
1131,1131,16,StreamOps,MEDIA0000001131,delivered,112.7,29.5,0,2026-05-01T13:30:00Z,2026-05-01T16:30:00Z,2026-05-05T16:30:00Z
1132,1132,21,TheatricalDesk,MEDIA0000001132,in_transit,116.4,35,0,2026-05-01T12:30:00Z,,2026-05-05T16:30:00Z
1133,1133,26,MarqueeOps,MEDIA0000001133,shipped,120.1,4.5,0,2026-05-01T11:30:00Z,,2026-05-05T16:30:00Z
1134,1134,1,RightsRunner,MEDIA0000001134,packed,123.8,10,0,2026-05-01T10:30:00Z,,2026-05-05T16:30:00Z
1135,1135,6,LiveEventDesk,MEDIA0000001135,preparing,127.5,15.5,0,,,2026-05-05T16:30:00Z
1136,1136,11,StreamOps,MEDIA0000001136,delivered,131.2,21,0,2026-05-01T08:30:00Z,2026-05-01T16:30:00Z,2026-05-05T16:30:00Z
1137,1137,16,TheatricalDesk,MEDIA0000001137,in_transit,134.9,26.5,0,2026-05-01T07:30:00Z,,2026-05-05T16:30:00Z
1138,1138,21,MarqueeOps,MEDIA0000001138,shipped,138.6,32,0,2026-05-01T06:30:00Z,,2026-05-05T16:30:00Z
1139,1139,26,RightsRunner,MEDIA0000001139,packed,142.3,1.5,0,2026-05-01T05:30:00Z,,2026-05-05T16:30:00Z
1140,1140,1,LiveEventDesk,MEDIA0000001140,preparing,146,7,0,,,2026-05-05T16:30:00Z
1141,1141,6,StreamOps,MEDIA0000001141,delivered,149.7,12.5,0,2026-05-01T03:30:00Z,2026-05-01T06:30:00Z,2026-05-05T16:30:00Z
1142,1142,11,TheatricalDesk,MEDIA0000001142,in_transit,153.4,18,0,2026-05-01T02:30:00Z,,2026-05-05T16:30:00Z
1143,1143,16,MarqueeOps,MEDIA0000001143,shipped,157.1,23.5,0,2026-05-01T01:30:00Z,,2026-05-05T16:30:00Z
1144,1144,21,RightsRunner,MEDIA0000001144,packed,160.8,29,0,2026-05-01T00:30:00Z,,2026-05-05T16:30:00Z
1145,1145,26,LiveEventDesk,MEDIA0000001145,preparing,164.5,34.5,0,,,2026-05-05T16:30:00Z
1146,1146,1,StreamOps,MEDIA0000001146,delivered,168.2,4,0,2026-04-30T22:30:00Z,2026-05-01T06:30:00Z,2026-05-05T16:30:00Z
1147,1147,6,TheatricalDesk,MEDIA0000001147,in_transit,171.9,9.5,0,2026-04-30T21:30:00Z,,2026-05-05T16:30:00Z
1148,1148,11,MarqueeOps,MEDIA0000001148,shipped,175.6,15,0,2026-04-30T20:30:00Z,,2026-05-05T16:30:00Z
1149,1149,16,RightsRunner,MEDIA0000001149,packed,179.3,20.5,0,2026-04-30T19:30:00Z,,2026-05-05T16:30:00Z
1150,1150,21,LiveEventDesk,MEDIA0000001150,preparing,183,26,0,,,2026-05-05T16:30:00Z
1151,1151,26,StreamOps,MEDIA0000001151,delivered,186.7,31.5,0,2026-04-30T17:30:00Z,2026-04-30T20:30:00Z,2026-05-05T16:30:00Z
1152,1152,1,TheatricalDesk,MEDIA0000001152,in_transit,190.4,1,0,2026-05-04T16:30:00Z,,2026-05-05T16:30:00Z
1153,1153,6,MarqueeOps,MEDIA0000001153,shipped,194.1,6.5,0,2026-05-04T15:30:00Z,,2026-05-05T16:30:00Z
1154,1154,11,RightsRunner,MEDIA0000001154,packed,197.8,12,0,2026-05-04T14:30:00Z,,2026-05-05T16:30:00Z
1155,1155,16,LiveEventDesk,MEDIA0000001155,preparing,201.5,17.5,0,,,2026-05-05T16:30:00Z
1156,1156,21,StreamOps,MEDIA0000001156,delivered,205.2,23,0,2026-05-04T12:30:00Z,2026-05-04T20:30:00Z,2026-05-05T16:30:00Z
1157,1157,26,TheatricalDesk,MEDIA0000001157,in_transit,208.9,28.5,0,2026-05-04T11:30:00Z,,2026-05-05T16:30:00Z
1158,1158,1,MarqueeOps,MEDIA0000001158,shipped,212.6,34,0,2026-05-04T10:30:00Z,,2026-05-05T16:30:00Z
1159,1159,6,RightsRunner,MEDIA0000001159,packed,216.3,3.5,0,2026-05-04T09:30:00Z,,2026-05-05T16:30:00Z
1160,1160,11,LiveEventDesk,MEDIA0000001160,preparing,220,9,0,,,2026-05-05T16:30:00Z
1161,1161,16,StreamOps,MEDIA0000001161,delivered,223.7,14.5,0,2026-05-04T07:30:00Z,2026-05-04T10:30:00Z,2026-05-05T16:30:00Z
1162,1162,21,TheatricalDesk,MEDIA0000001162,in_transit,227.4,20,0,2026-05-04T06:30:00Z,,2026-05-05T16:30:00Z
1163,1163,26,MarqueeOps,MEDIA0000001163,shipped,231.1,25.5,0,2026-05-04T05:30:00Z,,2026-05-05T16:30:00Z
1164,1164,1,RightsRunner,MEDIA0000001164,packed,234.8,31,0,2026-05-04T04:30:00Z,,2026-05-05T16:30:00Z
1165,1165,6,LiveEventDesk,MEDIA0000001165,preparing,238.5,36.5,0,,,2026-05-05T16:30:00Z
1166,1166,11,StreamOps,MEDIA0000001166,delivered,242.2,6,0,2026-05-04T02:30:00Z,2026-05-04T10:30:00Z,2026-05-05T16:30:00Z
1167,1167,16,TheatricalDesk,MEDIA0000001167,in_transit,245.9,11.5,0,2026-05-04T01:30:00Z,,2026-05-05T16:30:00Z
1168,1168,21,MarqueeOps,MEDIA0000001168,shipped,9.6,17,0,2026-05-04T00:30:00Z,,2026-05-05T16:30:00Z
1169,1169,26,RightsRunner,MEDIA0000001169,packed,13.3,22.5,0,2026-05-03T23:30:00Z,,2026-05-05T16:30:00Z
1170,1170,1,LiveEventDesk,MEDIA0000001170,preparing,17,28,0,,,2026-05-05T16:30:00Z
1171,1171,6,StreamOps,MEDIA0000001171,delivered,20.7,33.5,0,2026-05-03T21:30:00Z,2026-05-04T00:30:00Z,2026-05-05T16:30:00Z
1172,1172,11,TheatricalDesk,MEDIA0000001172,in_transit,24.4,3,0,2026-05-03T20:30:00Z,,2026-05-05T16:30:00Z
1173,1173,16,MarqueeOps,MEDIA0000001173,shipped,28.1,8.5,0,2026-05-03T19:30:00Z,,2026-05-05T16:30:00Z
1174,1174,21,RightsRunner,MEDIA0000001174,packed,31.8,14,0,2026-05-03T18:30:00Z,,2026-05-05T16:30:00Z
1175,1175,26,LiveEventDesk,MEDIA0000001175,preparing,35.5,19.5,0,,,2026-05-05T16:30:00Z
1176,1176,1,StreamOps,MEDIA0000001176,delivered,39.2,25,0,2026-05-03T16:30:00Z,2026-05-04T00:30:00Z,2026-05-05T16:30:00Z
1177,1177,6,TheatricalDesk,MEDIA0000001177,in_transit,42.9,30.5,0,2026-05-03T15:30:00Z,,2026-05-05T16:30:00Z
1178,1178,11,MarqueeOps,MEDIA0000001178,shipped,46.6,36,0,2026-05-03T14:30:00Z,,2026-05-05T16:30:00Z
1179,1179,16,RightsRunner,MEDIA0000001179,packed,50.3,5.5,0,2026-05-03T13:30:00Z,,2026-05-05T16:30:00Z
1180,1180,21,LiveEventDesk,MEDIA0000001180,preparing,54,11,0,,,2026-05-05T16:30:00Z
1181,1181,26,StreamOps,MEDIA0000001181,delivered,57.7,16.5,0,2026-05-03T11:30:00Z,2026-05-03T14:30:00Z,2026-05-05T16:30:00Z
1182,1182,1,TheatricalDesk,MEDIA0000001182,in_transit,61.4,22,0,2026-05-03T10:30:00Z,,2026-05-05T16:30:00Z
1183,1183,6,MarqueeOps,MEDIA0000001183,shipped,65.1,27.5,0,2026-05-03T09:30:00Z,,2026-05-05T16:30:00Z
1184,1184,11,RightsRunner,MEDIA0000001184,packed,68.8,33,0,2026-05-03T08:30:00Z,,2026-05-05T16:30:00Z
1185,1185,16,LiveEventDesk,MEDIA0000001185,preparing,72.5,2.5,0,,,2026-05-05T16:30:00Z
1186,1186,21,StreamOps,MEDIA0000001186,delivered,76.2,8,0,2026-05-03T06:30:00Z,2026-05-03T14:30:00Z,2026-05-05T16:30:00Z
1187,1187,26,TheatricalDesk,MEDIA0000001187,in_transit,79.9,13.5,0,2026-05-03T05:30:00Z,,2026-05-05T16:30:00Z
1188,1188,1,MarqueeOps,MEDIA0000001188,shipped,83.6,19,0,2026-05-03T04:30:00Z,,2026-05-05T16:30:00Z
1189,1189,6,RightsRunner,MEDIA0000001189,packed,87.3,24.5,0,2026-05-03T03:30:00Z,,2026-05-05T16:30:00Z
1190,1190,11,LiveEventDesk,MEDIA0000001190,preparing,91,30,0,,,2026-05-05T16:30:00Z
1191,1191,16,StreamOps,MEDIA0000001191,delivered,94.7,35.5,0,2026-05-03T01:30:00Z,2026-05-03T04:30:00Z,2026-05-05T16:30:00Z
1192,1192,21,TheatricalDesk,MEDIA0000001192,in_transit,98.4,5,0,2026-05-03T00:30:00Z,,2026-05-05T16:30:00Z
1193,1193,26,MarqueeOps,MEDIA0000001193,shipped,102.1,10.5,0,2026-05-02T23:30:00Z,,2026-05-05T16:30:00Z
1194,1194,1,RightsRunner,MEDIA0000001194,packed,105.8,16,0,2026-05-02T22:30:00Z,,2026-05-05T16:30:00Z
1195,1195,6,LiveEventDesk,MEDIA0000001195,preparing,109.5,21.5,0,,,2026-05-05T16:30:00Z
1196,1196,11,StreamOps,MEDIA0000001196,delivered,113.2,27,0,2026-05-02T20:30:00Z,2026-05-03T04:30:00Z,2026-05-05T16:30:00Z
1197,1197,16,TheatricalDesk,MEDIA0000001197,in_transit,116.9,32.5,0,2026-05-02T19:30:00Z,,2026-05-05T16:30:00Z
1198,1198,21,MarqueeOps,MEDIA0000001198,shipped,120.6,2,0,2026-05-02T18:30:00Z,,2026-05-05T16:30:00Z
1199,1199,26,RightsRunner,MEDIA0000001199,packed,124.3,7.5,0,2026-05-02T17:30:00Z,,2026-05-05T16:30:00Z
1200,1200,1,LiveEventDesk,MEDIA0000001200,preparing,128,13,0,,,2026-05-05T16:30:00Z
1201,1201,6,StreamOps,MEDIA0000001201,delivered,131.7,18.5,0,2026-05-02T15:30:00Z,2026-05-02T18:30:00Z,2026-05-05T16:30:00Z
1202,1202,11,TheatricalDesk,MEDIA0000001202,in_transit,135.4,24,0,2026-05-02T14:30:00Z,,2026-05-05T16:30:00Z
1203,1203,16,MarqueeOps,MEDIA0000001203,shipped,139.1,29.5,0,2026-05-02T13:30:00Z,,2026-05-05T16:30:00Z
1204,1204,21,RightsRunner,MEDIA0000001204,packed,142.8,35,0,2026-05-02T12:30:00Z,,2026-05-05T16:30:00Z
1205,1205,26,LiveEventDesk,MEDIA0000001205,preparing,146.5,4.5,0,,,2026-05-05T16:30:00Z
1206,1206,1,StreamOps,MEDIA0000001206,delivered,150.2,10,0,2026-05-02T10:30:00Z,2026-05-02T18:30:00Z,2026-05-05T16:30:00Z
1207,1207,6,TheatricalDesk,MEDIA0000001207,in_transit,153.9,15.5,0,2026-05-02T09:30:00Z,,2026-05-05T16:30:00Z
1208,1208,11,MarqueeOps,MEDIA0000001208,shipped,157.6,21,0,2026-05-02T08:30:00Z,,2026-05-05T16:30:00Z
1209,1209,16,RightsRunner,MEDIA0000001209,packed,161.3,26.5,0,2026-05-02T07:30:00Z,,2026-05-05T16:30:00Z
1210,1210,21,LiveEventDesk,MEDIA0000001210,preparing,165,32,0,,,2026-05-05T16:30:00Z
1211,1211,26,StreamOps,MEDIA0000001211,delivered,168.7,1.5,0,2026-05-02T05:30:00Z,2026-05-02T08:30:00Z,2026-05-05T16:30:00Z
1212,1212,1,TheatricalDesk,MEDIA0000001212,in_transit,172.4,7,0,2026-05-02T04:30:00Z,,2026-05-05T16:30:00Z
1213,1213,6,MarqueeOps,MEDIA0000001213,shipped,176.1,12.5,0,2026-05-02T03:30:00Z,,2026-05-05T16:30:00Z
1214,1214,11,RightsRunner,MEDIA0000001214,packed,179.8,18,0,2026-05-02T02:30:00Z,,2026-05-05T16:30:00Z
1215,1215,16,LiveEventDesk,MEDIA0000001215,preparing,183.5,23.5,0,,,2026-05-05T16:30:00Z
1216,1216,21,StreamOps,MEDIA0000001216,delivered,187.2,29,0,2026-05-02T00:30:00Z,2026-05-02T08:30:00Z,2026-05-05T16:30:00Z
1217,1217,26,TheatricalDesk,MEDIA0000001217,in_transit,190.9,34.5,0,2026-05-01T23:30:00Z,,2026-05-05T16:30:00Z
1218,1218,1,MarqueeOps,MEDIA0000001218,shipped,194.6,4,0,2026-05-01T22:30:00Z,,2026-05-05T16:30:00Z
1219,1219,6,RightsRunner,MEDIA0000001219,packed,198.3,9.5,0,2026-05-01T21:30:00Z,,2026-05-05T16:30:00Z
1220,1220,11,LiveEventDesk,MEDIA0000001220,preparing,202,15,0,,,2026-05-05T16:30:00Z
1221,1221,16,StreamOps,MEDIA0000001221,delivered,205.7,20.5,0,2026-05-01T19:30:00Z,2026-05-01T22:30:00Z,2026-05-05T16:30:00Z
1222,1222,21,TheatricalDesk,MEDIA0000001222,in_transit,209.4,26,0,2026-05-01T18:30:00Z,,2026-05-05T16:30:00Z
1223,1223,26,MarqueeOps,MEDIA0000001223,shipped,213.1,31.5,0,2026-05-01T17:30:00Z,,2026-05-05T16:30:00Z
1224,1224,1,RightsRunner,MEDIA0000001224,packed,216.8,1,0,2026-05-01T16:30:00Z,,2026-05-05T16:30:00Z
1225,1225,6,LiveEventDesk,MEDIA0000001225,preparing,220.5,6.5,0,,,2026-05-05T16:30:00Z
1226,1226,11,StreamOps,MEDIA0000001226,delivered,224.2,12,0,2026-05-01T14:30:00Z,2026-05-01T22:30:00Z,2026-05-05T16:30:00Z
1227,1227,16,TheatricalDesk,MEDIA0000001227,in_transit,227.9,17.5,0,2026-05-01T13:30:00Z,,2026-05-05T16:30:00Z
1228,1228,21,MarqueeOps,MEDIA0000001228,shipped,231.6,23,0,2026-05-01T12:30:00Z,,2026-05-05T16:30:00Z
1229,1229,26,RightsRunner,MEDIA0000001229,packed,235.3,28.5,0,2026-05-01T11:30:00Z,,2026-05-05T16:30:00Z
1230,1230,1,LiveEventDesk,MEDIA0000001230,preparing,239,34,0,,,2026-05-05T16:30:00Z
1231,1231,6,StreamOps,MEDIA0000001231,delivered,242.7,3.5,0,2026-05-01T09:30:00Z,2026-05-01T12:30:00Z,2026-05-05T16:30:00Z
1232,1232,11,TheatricalDesk,MEDIA0000001232,in_transit,246.4,9,0,2026-05-01T08:30:00Z,,2026-05-05T16:30:00Z
1233,1233,16,MarqueeOps,MEDIA0000001233,shipped,10.1,14.5,0,2026-05-01T07:30:00Z,,2026-05-05T16:30:00Z
1234,1234,21,RightsRunner,MEDIA0000001234,packed,13.8,20,0,2026-05-01T06:30:00Z,,2026-05-05T16:30:00Z
1235,1235,26,LiveEventDesk,MEDIA0000001235,preparing,17.5,25.5,0,,,2026-05-05T16:30:00Z
1236,1236,1,StreamOps,MEDIA0000001236,delivered,21.2,31,0,2026-05-01T04:30:00Z,2026-05-01T12:30:00Z,2026-05-05T16:30:00Z
1237,1237,6,TheatricalDesk,MEDIA0000001237,in_transit,24.9,36.5,0,2026-05-01T03:30:00Z,,2026-05-05T16:30:00Z
1238,1238,11,MarqueeOps,MEDIA0000001238,shipped,28.6,6,0,2026-05-01T02:30:00Z,,2026-05-05T16:30:00Z
1239,1239,16,RightsRunner,MEDIA0000001239,packed,32.3,11.5,0,2026-05-01T01:30:00Z,,2026-05-05T16:30:00Z
1240,1240,21,LiveEventDesk,MEDIA0000001240,preparing,36,17,0,,,2026-05-05T16:30:00Z
1241,1241,26,StreamOps,MEDIA0000001241,delivered,39.7,22.5,0,2026-04-30T23:30:00Z,2026-05-01T02:30:00Z,2026-05-05T16:30:00Z
1242,1242,1,TheatricalDesk,MEDIA0000001242,in_transit,43.4,28,0,2026-04-30T22:30:00Z,,2026-05-05T16:30:00Z
1243,1243,6,MarqueeOps,MEDIA0000001243,shipped,47.1,33.5,0,2026-04-30T21:30:00Z,,2026-05-05T16:30:00Z
1244,1244,11,RightsRunner,MEDIA0000001244,packed,50.8,3,0,2026-04-30T20:30:00Z,,2026-05-05T16:30:00Z
1245,1245,16,LiveEventDesk,MEDIA0000001245,preparing,54.5,8.5,0,,,2026-05-05T16:30:00Z
1246,1246,21,StreamOps,MEDIA0000001246,delivered,58.2,14,0,2026-04-30T18:30:00Z,2026-05-01T02:30:00Z,2026-05-05T16:30:00Z
1247,1247,26,TheatricalDesk,MEDIA0000001247,in_transit,61.9,19.5,0,2026-04-30T17:30:00Z,,2026-05-05T16:30:00Z
1248,1248,1,MarqueeOps,MEDIA0000001248,shipped,65.6,25,0,2026-05-04T16:30:00Z,,2026-05-05T16:30:00Z
1249,1249,6,RightsRunner,MEDIA0000001249,packed,69.3,30.5,0,2026-05-04T15:30:00Z,,2026-05-05T16:30:00Z
1250,1250,11,LiveEventDesk,MEDIA0000001250,preparing,73,36,0,,,2026-05-05T16:30:00Z
1251,1251,16,StreamOps,MEDIA0000001251,delivered,76.7,5.5,0,2026-05-04T13:30:00Z,2026-05-04T16:30:00Z,2026-05-05T16:30:00Z
1252,1252,21,TheatricalDesk,MEDIA0000001252,in_transit,80.4,11,0,2026-05-04T12:30:00Z,,2026-05-05T16:30:00Z
1253,1253,26,MarqueeOps,MEDIA0000001253,shipped,84.1,16.5,0,2026-05-04T11:30:00Z,,2026-05-05T16:30:00Z
1254,1254,1,RightsRunner,MEDIA0000001254,packed,87.8,22,0,2026-05-04T10:30:00Z,,2026-05-05T16:30:00Z
1255,1255,6,LiveEventDesk,MEDIA0000001255,preparing,91.5,27.5,0,,,2026-05-05T16:30:00Z
1256,1256,11,StreamOps,MEDIA0000001256,delivered,95.2,33,0,2026-05-04T08:30:00Z,2026-05-04T16:30:00Z,2026-05-05T16:30:00Z
1257,1257,16,TheatricalDesk,MEDIA0000001257,in_transit,98.9,2.5,0,2026-05-04T07:30:00Z,,2026-05-05T16:30:00Z
1258,1258,21,MarqueeOps,MEDIA0000001258,shipped,102.6,8,0,2026-05-04T06:30:00Z,,2026-05-05T16:30:00Z
1259,1259,26,RightsRunner,MEDIA0000001259,packed,106.3,13.5,0,2026-05-04T05:30:00Z,,2026-05-05T16:30:00Z
1260,1260,1,LiveEventDesk,MEDIA0000001260,preparing,110,19,0,,,2026-05-05T16:30:00Z
1261,1261,6,StreamOps,MEDIA0000001261,delivered,113.7,24.5,0,2026-05-04T03:30:00Z,2026-05-04T06:30:00Z,2026-05-05T16:30:00Z
1262,1262,11,TheatricalDesk,MEDIA0000001262,in_transit,117.4,30,0,2026-05-04T02:30:00Z,,2026-05-05T16:30:00Z
1263,1263,16,MarqueeOps,MEDIA0000001263,shipped,121.1,35.5,0,2026-05-04T01:30:00Z,,2026-05-05T16:30:00Z
1264,1264,21,RightsRunner,MEDIA0000001264,packed,124.8,5,0,2026-05-04T00:30:00Z,,2026-05-05T16:30:00Z
1265,1265,26,LiveEventDesk,MEDIA0000001265,preparing,128.5,10.5,0,,,2026-05-05T16:30:00Z
1266,1266,1,StreamOps,MEDIA0000001266,delivered,132.2,16,0,2026-05-03T22:30:00Z,2026-05-04T06:30:00Z,2026-05-05T16:30:00Z
1267,1267,6,TheatricalDesk,MEDIA0000001267,in_transit,135.9,21.5,0,2026-05-03T21:30:00Z,,2026-05-05T16:30:00Z
1268,1268,11,MarqueeOps,MEDIA0000001268,shipped,139.6,27,0,2026-05-03T20:30:00Z,,2026-05-05T16:30:00Z
1269,1269,16,RightsRunner,MEDIA0000001269,packed,143.3,32.5,0,2026-05-03T19:30:00Z,,2026-05-05T16:30:00Z
1270,1270,21,LiveEventDesk,MEDIA0000001270,preparing,147,2,0,,,2026-05-05T16:30:00Z
1271,1271,26,StreamOps,MEDIA0000001271,delivered,150.7,7.5,0,2026-05-03T17:30:00Z,2026-05-03T20:30:00Z,2026-05-05T16:30:00Z
1272,1272,1,TheatricalDesk,MEDIA0000001272,in_transit,154.4,13,0,2026-05-03T16:30:00Z,,2026-05-05T16:30:00Z
1273,1273,6,MarqueeOps,MEDIA0000001273,shipped,158.1,18.5,0,2026-05-03T15:30:00Z,,2026-05-05T16:30:00Z
1274,1274,11,RightsRunner,MEDIA0000001274,packed,161.8,24,0,2026-05-03T14:30:00Z,,2026-05-05T16:30:00Z
1275,1275,16,LiveEventDesk,MEDIA0000001275,preparing,165.5,29.5,0,,,2026-05-05T16:30:00Z
1276,1276,21,StreamOps,MEDIA0000001276,delivered,169.2,35,0,2026-05-03T12:30:00Z,2026-05-03T20:30:00Z,2026-05-05T16:30:00Z
1277,1277,26,TheatricalDesk,MEDIA0000001277,in_transit,172.9,4.5,0,2026-05-03T11:30:00Z,,2026-05-05T16:30:00Z
1278,1278,1,MarqueeOps,MEDIA0000001278,shipped,176.6,10,0,2026-05-03T10:30:00Z,,2026-05-05T16:30:00Z
1279,1279,6,RightsRunner,MEDIA0000001279,packed,180.3,15.5,0,2026-05-03T09:30:00Z,,2026-05-05T16:30:00Z
1280,1280,11,LiveEventDesk,MEDIA0000001280,preparing,184,21,0,,,2026-05-05T16:30:00Z
1281,1281,16,StreamOps,MEDIA0000001281,delivered,187.7,26.5,0,2026-05-03T07:30:00Z,2026-05-03T10:30:00Z,2026-05-05T16:30:00Z
1282,1282,21,TheatricalDesk,MEDIA0000001282,in_transit,191.4,32,0,2026-05-03T06:30:00Z,,2026-05-05T16:30:00Z
1283,1283,26,MarqueeOps,MEDIA0000001283,shipped,195.1,1.5,0,2026-05-03T05:30:00Z,,2026-05-05T16:30:00Z
1284,1284,1,RightsRunner,MEDIA0000001284,packed,198.8,7,0,2026-05-03T04:30:00Z,,2026-05-05T16:30:00Z
1285,1285,6,LiveEventDesk,MEDIA0000001285,preparing,202.5,12.5,0,,,2026-05-05T16:30:00Z
1286,1286,11,StreamOps,MEDIA0000001286,delivered,206.2,18,0,2026-05-03T02:30:00Z,2026-05-03T10:30:00Z,2026-05-05T16:30:00Z
1287,1287,16,TheatricalDesk,MEDIA0000001287,in_transit,209.9,23.5,0,2026-05-03T01:30:00Z,,2026-05-05T16:30:00Z
1288,1288,21,MarqueeOps,MEDIA0000001288,shipped,213.6,29,0,2026-05-03T00:30:00Z,,2026-05-05T16:30:00Z
1289,1289,26,RightsRunner,MEDIA0000001289,packed,217.3,34.5,0,2026-05-02T23:30:00Z,,2026-05-05T16:30:00Z
1290,1290,1,LiveEventDesk,MEDIA0000001290,preparing,221,4,0,,,2026-05-05T16:30:00Z
1291,1291,6,StreamOps,MEDIA0000001291,delivered,224.7,9.5,0,2026-05-02T21:30:00Z,2026-05-03T00:30:00Z,2026-05-05T16:30:00Z
1292,1292,11,TheatricalDesk,MEDIA0000001292,in_transit,228.4,15,0,2026-05-02T20:30:00Z,,2026-05-05T16:30:00Z
1293,1293,16,MarqueeOps,MEDIA0000001293,shipped,232.1,20.5,0,2026-05-02T19:30:00Z,,2026-05-05T16:30:00Z
1294,1294,21,RightsRunner,MEDIA0000001294,packed,235.8,26,0,2026-05-02T18:30:00Z,,2026-05-05T16:30:00Z
1295,1295,26,LiveEventDesk,MEDIA0000001295,preparing,239.5,31.5,0,,,2026-05-05T16:30:00Z
1296,1296,1,StreamOps,MEDIA0000001296,delivered,243.2,1,0,2026-05-02T16:30:00Z,2026-05-03T00:30:00Z,2026-05-05T16:30:00Z
1297,1297,6,TheatricalDesk,MEDIA0000001297,in_transit,246.9,6.5,0,2026-05-02T15:30:00Z,,2026-05-05T16:30:00Z
1298,1298,11,MarqueeOps,MEDIA0000001298,shipped,10.6,12,0,2026-05-02T14:30:00Z,,2026-05-05T16:30:00Z
1299,1299,16,RightsRunner,MEDIA0000001299,packed,14.3,17.5,0,2026-05-02T13:30:00Z,,2026-05-05T16:30:00Z
1300,1300,21,LiveEventDesk,MEDIA0000001300,preparing,18,23,0,,,2026-05-05T16:30:00Z
1301,1301,26,StreamOps,MEDIA0000001301,delivered,21.7,28.5,0,2026-05-02T11:30:00Z,2026-05-02T14:30:00Z,2026-05-05T16:30:00Z
1302,1302,1,TheatricalDesk,MEDIA0000001302,in_transit,25.4,34,0,2026-05-02T10:30:00Z,,2026-05-05T16:30:00Z
1303,1303,6,MarqueeOps,MEDIA0000001303,shipped,29.1,3.5,0,2026-05-02T09:30:00Z,,2026-05-05T16:30:00Z
1304,1304,11,RightsRunner,MEDIA0000001304,packed,32.8,9,0,2026-05-02T08:30:00Z,,2026-05-05T16:30:00Z
1305,1305,16,LiveEventDesk,MEDIA0000001305,preparing,36.5,14.5,0,,,2026-05-05T16:30:00Z
1306,1306,21,StreamOps,MEDIA0000001306,delivered,40.2,20,0,2026-05-02T06:30:00Z,2026-05-02T14:30:00Z,2026-05-05T16:30:00Z
1307,1307,26,TheatricalDesk,MEDIA0000001307,in_transit,43.9,25.5,0,2026-05-02T05:30:00Z,,2026-05-05T16:30:00Z
1308,1308,1,MarqueeOps,MEDIA0000001308,shipped,47.6,31,0,2026-05-02T04:30:00Z,,2026-05-05T16:30:00Z
1309,1309,6,RightsRunner,MEDIA0000001309,packed,51.3,36.5,0,2026-05-02T03:30:00Z,,2026-05-05T16:30:00Z
1310,1310,11,LiveEventDesk,MEDIA0000001310,preparing,55,6,0,,,2026-05-05T16:30:00Z
1311,1311,16,StreamOps,MEDIA0000001311,delivered,58.7,11.5,0,2026-05-02T01:30:00Z,2026-05-02T04:30:00Z,2026-05-05T16:30:00Z
1312,1312,21,TheatricalDesk,MEDIA0000001312,in_transit,62.4,17,0,2026-05-02T00:30:00Z,,2026-05-05T16:30:00Z
1313,1313,26,MarqueeOps,MEDIA0000001313,shipped,66.1,22.5,0,2026-05-01T23:30:00Z,,2026-05-05T16:30:00Z
1314,1314,1,RightsRunner,MEDIA0000001314,packed,69.8,28,0,2026-05-01T22:30:00Z,,2026-05-05T16:30:00Z
1315,1315,6,LiveEventDesk,MEDIA0000001315,preparing,73.5,33.5,0,,,2026-05-05T16:30:00Z
1316,1316,11,StreamOps,MEDIA0000001316,delivered,77.2,3,0,2026-05-01T20:30:00Z,2026-05-02T04:30:00Z,2026-05-05T16:30:00Z
1317,1317,16,TheatricalDesk,MEDIA0000001317,in_transit,80.9,8.5,0,2026-05-01T19:30:00Z,,2026-05-05T16:30:00Z
1318,1318,21,MarqueeOps,MEDIA0000001318,shipped,84.6,14,0,2026-05-01T18:30:00Z,,2026-05-05T16:30:00Z
1319,1319,26,RightsRunner,MEDIA0000001319,packed,88.3,19.5,0,2026-05-01T17:30:00Z,,2026-05-05T16:30:00Z
1320,1320,1,LiveEventDesk,MEDIA0000001320,preparing,92,25,0,,,2026-05-05T16:30:00Z
1321,1321,6,StreamOps,MEDIA0000001321,delivered,95.7,30.5,0,2026-05-01T15:30:00Z,2026-05-01T18:30:00Z,2026-05-05T16:30:00Z
1322,1322,11,TheatricalDesk,MEDIA0000001322,in_transit,99.4,36,0,2026-05-01T14:30:00Z,,2026-05-05T16:30:00Z
1323,1323,16,MarqueeOps,MEDIA0000001323,shipped,103.1,5.5,0,2026-05-01T13:30:00Z,,2026-05-05T16:30:00Z
1324,1324,21,RightsRunner,MEDIA0000001324,packed,106.8,11,0,2026-05-01T12:30:00Z,,2026-05-05T16:30:00Z
1325,1325,26,LiveEventDesk,MEDIA0000001325,preparing,110.5,16.5,0,,,2026-05-05T16:30:00Z
1326,1326,1,StreamOps,MEDIA0000001326,delivered,114.2,22,0,2026-05-01T10:30:00Z,2026-05-01T18:30:00Z,2026-05-05T16:30:00Z
1327,1327,6,TheatricalDesk,MEDIA0000001327,in_transit,117.9,27.5,0,2026-05-01T09:30:00Z,,2026-05-05T16:30:00Z
1328,1328,11,MarqueeOps,MEDIA0000001328,shipped,121.6,33,0,2026-05-01T08:30:00Z,,2026-05-05T16:30:00Z
1329,1329,16,RightsRunner,MEDIA0000001329,packed,125.3,2.5,0,2026-05-01T07:30:00Z,,2026-05-05T16:30:00Z
1330,1330,21,LiveEventDesk,MEDIA0000001330,preparing,129,8,0,,,2026-05-05T16:30:00Z
1331,1331,26,StreamOps,MEDIA0000001331,delivered,132.7,13.5,0,2026-05-01T05:30:00Z,2026-05-01T08:30:00Z,2026-05-05T16:30:00Z
1332,1332,1,TheatricalDesk,MEDIA0000001332,in_transit,136.4,19,0,2026-05-01T04:30:00Z,,2026-05-05T16:30:00Z
1333,1333,6,MarqueeOps,MEDIA0000001333,shipped,140.1,24.5,0,2026-05-01T03:30:00Z,,2026-05-05T16:30:00Z
1334,1334,11,RightsRunner,MEDIA0000001334,packed,143.8,30,0,2026-05-01T02:30:00Z,,2026-05-05T16:30:00Z
1335,1335,16,LiveEventDesk,MEDIA0000001335,preparing,147.5,35.5,0,,,2026-05-05T16:30:00Z
1336,1336,21,StreamOps,MEDIA0000001336,delivered,151.2,5,0,2026-05-01T00:30:00Z,2026-05-01T08:30:00Z,2026-05-05T16:30:00Z
1337,1337,26,TheatricalDesk,MEDIA0000001337,in_transit,154.9,10.5,0,2026-04-30T23:30:00Z,,2026-05-05T16:30:00Z
1338,1338,1,MarqueeOps,MEDIA0000001338,shipped,158.6,16,0,2026-04-30T22:30:00Z,,2026-05-05T16:30:00Z
1339,1339,6,RightsRunner,MEDIA0000001339,packed,162.3,21.5,0,2026-04-30T21:30:00Z,,2026-05-05T16:30:00Z
1340,1340,11,LiveEventDesk,MEDIA0000001340,preparing,166,27,0,,,2026-05-05T16:30:00Z
1341,1341,16,StreamOps,MEDIA0000001341,delivered,169.7,32.5,0,2026-04-30T19:30:00Z,2026-04-30T22:30:00Z,2026-05-05T16:30:00Z
1342,1342,21,TheatricalDesk,MEDIA0000001342,in_transit,173.4,2,0,2026-04-30T18:30:00Z,,2026-05-05T16:30:00Z
1343,1343,26,MarqueeOps,MEDIA0000001343,shipped,177.1,7.5,0,2026-04-30T17:30:00Z,,2026-05-05T16:30:00Z
1344,1344,1,RightsRunner,MEDIA0000001344,packed,180.8,13,0,2026-05-04T16:30:00Z,,2026-05-05T16:30:00Z
1345,1345,6,LiveEventDesk,MEDIA0000001345,preparing,184.5,18.5,0,,,2026-05-05T16:30:00Z
1346,1346,11,StreamOps,MEDIA0000001346,delivered,188.2,24,0,2026-05-04T14:30:00Z,2026-05-04T22:30:00Z,2026-05-05T16:30:00Z
1347,1347,16,TheatricalDesk,MEDIA0000001347,in_transit,191.9,29.5,0,2026-05-04T13:30:00Z,,2026-05-05T16:30:00Z
1348,1348,21,MarqueeOps,MEDIA0000001348,shipped,195.6,35,0,2026-05-04T12:30:00Z,,2026-05-05T16:30:00Z
1349,1349,26,RightsRunner,MEDIA0000001349,packed,199.3,4.5,0,2026-05-04T11:30:00Z,,2026-05-05T16:30:00Z
1350,1350,1,LiveEventDesk,MEDIA0000001350,preparing,203,10,0,,,2026-05-05T16:30:00Z
1351,1351,6,StreamOps,MEDIA0000001351,delivered,206.7,15.5,0,2026-05-04T09:30:00Z,2026-05-04T12:30:00Z,2026-05-05T16:30:00Z
1352,1352,11,TheatricalDesk,MEDIA0000001352,in_transit,210.4,21,0,2026-05-04T08:30:00Z,,2026-05-05T16:30:00Z
1353,1353,16,MarqueeOps,MEDIA0000001353,shipped,214.1,26.5,0,2026-05-04T07:30:00Z,,2026-05-05T16:30:00Z
1354,1354,21,RightsRunner,MEDIA0000001354,packed,217.8,32,0,2026-05-04T06:30:00Z,,2026-05-05T16:30:00Z
1355,1355,26,LiveEventDesk,MEDIA0000001355,preparing,221.5,1.5,0,,,2026-05-05T16:30:00Z
1356,1356,1,StreamOps,MEDIA0000001356,delivered,225.2,7,0,2026-05-04T04:30:00Z,2026-05-04T12:30:00Z,2026-05-05T16:30:00Z
1357,1357,6,TheatricalDesk,MEDIA0000001357,in_transit,228.9,12.5,0,2026-05-04T03:30:00Z,,2026-05-05T16:30:00Z
1358,1358,11,MarqueeOps,MEDIA0000001358,shipped,232.6,18,0,2026-05-04T02:30:00Z,,2026-05-05T16:30:00Z
1359,1359,16,RightsRunner,MEDIA0000001359,packed,236.3,23.5,0,2026-05-04T01:30:00Z,,2026-05-05T16:30:00Z
1360,1360,21,LiveEventDesk,MEDIA0000001360,preparing,240,29,0,,,2026-05-05T16:30:00Z
1361,1361,26,StreamOps,MEDIA0000001361,delivered,243.7,34.5,0,2026-05-03T23:30:00Z,2026-05-04T02:30:00Z,2026-05-05T16:30:00Z
1362,1362,1,TheatricalDesk,MEDIA0000001362,in_transit,247.4,4,0,2026-05-03T22:30:00Z,,2026-05-05T16:30:00Z
1363,1363,6,MarqueeOps,MEDIA0000001363,shipped,11.1,9.5,0,2026-05-03T21:30:00Z,,2026-05-05T16:30:00Z
1364,1364,11,RightsRunner,MEDIA0000001364,packed,14.8,15,0,2026-05-03T20:30:00Z,,2026-05-05T16:30:00Z
1365,1365,16,LiveEventDesk,MEDIA0000001365,preparing,18.5,20.5,0,,,2026-05-05T16:30:00Z
1366,1366,21,StreamOps,MEDIA0000001366,delivered,22.2,26,0,2026-05-03T18:30:00Z,2026-05-04T02:30:00Z,2026-05-05T16:30:00Z
1367,1367,26,TheatricalDesk,MEDIA0000001367,in_transit,25.9,31.5,0,2026-05-03T17:30:00Z,,2026-05-05T16:30:00Z
1368,1368,1,MarqueeOps,MEDIA0000001368,shipped,29.6,1,0,2026-05-03T16:30:00Z,,2026-05-05T16:30:00Z
1369,1369,6,RightsRunner,MEDIA0000001369,packed,33.3,6.5,0,2026-05-03T15:30:00Z,,2026-05-05T16:30:00Z
1370,1370,11,LiveEventDesk,MEDIA0000001370,preparing,37,12,0,,,2026-05-05T16:30:00Z
1371,1371,16,StreamOps,MEDIA0000001371,delivered,40.7,17.5,0,2026-05-03T13:30:00Z,2026-05-03T16:30:00Z,2026-05-05T16:30:00Z
1372,1372,21,TheatricalDesk,MEDIA0000001372,in_transit,44.4,23,0,2026-05-03T12:30:00Z,,2026-05-05T16:30:00Z
1373,1373,26,MarqueeOps,MEDIA0000001373,shipped,48.1,28.5,0,2026-05-03T11:30:00Z,,2026-05-05T16:30:00Z
1374,1374,1,RightsRunner,MEDIA0000001374,packed,51.8,34,0,2026-05-03T10:30:00Z,,2026-05-05T16:30:00Z
1375,1375,6,LiveEventDesk,MEDIA0000001375,preparing,55.5,3.5,0,,,2026-05-05T16:30:00Z
1376,1376,11,StreamOps,MEDIA0000001376,delivered,59.2,9,0,2026-05-03T08:30:00Z,2026-05-03T16:30:00Z,2026-05-05T16:30:00Z
1377,1377,16,TheatricalDesk,MEDIA0000001377,in_transit,62.9,14.5,0,2026-05-03T07:30:00Z,,2026-05-05T16:30:00Z
1378,1378,21,MarqueeOps,MEDIA0000001378,shipped,66.6,20,0,2026-05-03T06:30:00Z,,2026-05-05T16:30:00Z
1379,1379,26,RightsRunner,MEDIA0000001379,packed,70.3,25.5,0,2026-05-03T05:30:00Z,,2026-05-05T16:30:00Z
1380,1380,1,LiveEventDesk,MEDIA0000001380,preparing,74,31,0,,,2026-05-05T16:30:00Z
1381,1381,6,StreamOps,MEDIA0000001381,delivered,77.7,36.5,0,2026-05-03T03:30:00Z,2026-05-03T06:30:00Z,2026-05-05T16:30:00Z
1382,1382,11,TheatricalDesk,MEDIA0000001382,in_transit,81.4,6,0,2026-05-03T02:30:00Z,,2026-05-05T16:30:00Z
1383,1383,16,MarqueeOps,MEDIA0000001383,shipped,85.1,11.5,0,2026-05-03T01:30:00Z,,2026-05-05T16:30:00Z
1384,1384,21,RightsRunner,MEDIA0000001384,packed,88.8,17,0,2026-05-03T00:30:00Z,,2026-05-05T16:30:00Z
1385,1385,26,LiveEventDesk,MEDIA0000001385,preparing,92.5,22.5,0,,,2026-05-05T16:30:00Z
1386,1386,1,StreamOps,MEDIA0000001386,delivered,96.2,28,0,2026-05-02T22:30:00Z,2026-05-03T06:30:00Z,2026-05-05T16:30:00Z
1387,1387,6,TheatricalDesk,MEDIA0000001387,in_transit,99.9,33.5,0,2026-05-02T21:30:00Z,,2026-05-05T16:30:00Z
1388,1388,11,MarqueeOps,MEDIA0000001388,shipped,103.6,3,0,2026-05-02T20:30:00Z,,2026-05-05T16:30:00Z
1389,1389,16,RightsRunner,MEDIA0000001389,packed,107.3,8.5,0,2026-05-02T19:30:00Z,,2026-05-05T16:30:00Z
1390,1390,21,LiveEventDesk,MEDIA0000001390,preparing,111,14,0,,,2026-05-05T16:30:00Z
1391,1391,26,StreamOps,MEDIA0000001391,delivered,114.7,19.5,0,2026-05-02T17:30:00Z,2026-05-02T20:30:00Z,2026-05-05T16:30:00Z
1392,1392,1,TheatricalDesk,MEDIA0000001392,in_transit,118.4,25,0,2026-05-02T16:30:00Z,,2026-05-05T16:30:00Z
1393,1393,6,MarqueeOps,MEDIA0000001393,shipped,122.1,30.5,0,2026-05-02T15:30:00Z,,2026-05-05T16:30:00Z
1394,1394,11,RightsRunner,MEDIA0000001394,packed,125.8,36,0,2026-05-02T14:30:00Z,,2026-05-05T16:30:00Z
1395,1395,16,LiveEventDesk,MEDIA0000001395,preparing,129.5,5.5,0,,,2026-05-05T16:30:00Z
1396,1396,21,StreamOps,MEDIA0000001396,delivered,133.2,11,0,2026-05-02T12:30:00Z,2026-05-02T20:30:00Z,2026-05-05T16:30:00Z
1397,1397,26,TheatricalDesk,MEDIA0000001397,in_transit,136.9,16.5,0,2026-05-02T11:30:00Z,,2026-05-05T16:30:00Z
1398,1398,1,MarqueeOps,MEDIA0000001398,shipped,140.6,22,0,2026-05-02T10:30:00Z,,2026-05-05T16:30:00Z
1399,1399,6,RightsRunner,MEDIA0000001399,packed,144.3,27.5,0,2026-05-02T09:30:00Z,,2026-05-05T16:30:00Z
1400,1400,11,LiveEventDesk,MEDIA0000001400,preparing,148,33,0,,,2026-05-05T16:30:00Z
1401,1401,16,StreamOps,MEDIA0000001401,delivered,151.7,2.5,0,2026-05-02T07:30:00Z,2026-05-02T10:30:00Z,2026-05-05T16:30:00Z
1402,1402,21,TheatricalDesk,MEDIA0000001402,in_transit,155.4,8,0,2026-05-02T06:30:00Z,,2026-05-05T16:30:00Z
1403,1403,26,MarqueeOps,MEDIA0000001403,shipped,159.1,13.5,0,2026-05-02T05:30:00Z,,2026-05-05T16:30:00Z
1404,1404,1,RightsRunner,MEDIA0000001404,packed,162.8,19,0,2026-05-02T04:30:00Z,,2026-05-05T16:30:00Z
1405,1405,6,LiveEventDesk,MEDIA0000001405,preparing,166.5,24.5,0,,,2026-05-05T16:30:00Z
1406,1406,11,StreamOps,MEDIA0000001406,delivered,170.2,30,0,2026-05-02T02:30:00Z,2026-05-02T10:30:00Z,2026-05-05T16:30:00Z
1407,1407,16,TheatricalDesk,MEDIA0000001407,in_transit,173.9,35.5,0,2026-05-02T01:30:00Z,,2026-05-05T16:30:00Z
1408,1408,21,MarqueeOps,MEDIA0000001408,shipped,177.6,5,0,2026-05-02T00:30:00Z,,2026-05-05T16:30:00Z
1409,1409,26,RightsRunner,MEDIA0000001409,packed,181.3,10.5,0,2026-05-01T23:30:00Z,,2026-05-05T16:30:00Z
1410,1410,1,LiveEventDesk,MEDIA0000001410,preparing,185,16,0,,,2026-05-05T16:30:00Z
1411,1411,6,StreamOps,MEDIA0000001411,delivered,188.7,21.5,0,2026-05-01T21:30:00Z,2026-05-02T00:30:00Z,2026-05-05T16:30:00Z
1412,1412,11,TheatricalDesk,MEDIA0000001412,in_transit,192.4,27,0,2026-05-01T20:30:00Z,,2026-05-05T16:30:00Z
1413,1413,16,MarqueeOps,MEDIA0000001413,shipped,196.1,32.5,0,2026-05-01T19:30:00Z,,2026-05-05T16:30:00Z
1414,1414,21,RightsRunner,MEDIA0000001414,packed,199.8,2,0,2026-05-01T18:30:00Z,,2026-05-05T16:30:00Z
1415,1415,26,LiveEventDesk,MEDIA0000001415,preparing,203.5,7.5,0,,,2026-05-05T16:30:00Z
1416,1416,1,StreamOps,MEDIA0000001416,delivered,207.2,13,0,2026-05-01T16:30:00Z,2026-05-02T00:30:00Z,2026-05-05T16:30:00Z
1417,1417,6,TheatricalDesk,MEDIA0000001417,in_transit,210.9,18.5,0,2026-05-01T15:30:00Z,,2026-05-05T16:30:00Z
1418,1418,11,MarqueeOps,MEDIA0000001418,shipped,214.6,24,0,2026-05-01T14:30:00Z,,2026-05-05T16:30:00Z
1419,1419,16,RightsRunner,MEDIA0000001419,packed,218.3,29.5,0,2026-05-01T13:30:00Z,,2026-05-05T16:30:00Z
1420,1420,21,LiveEventDesk,MEDIA0000001420,preparing,222,35,0,,,2026-05-05T16:30:00Z
1421,1421,26,StreamOps,MEDIA0000001421,delivered,225.7,4.5,0,2026-05-01T11:30:00Z,2026-05-01T14:30:00Z,2026-05-05T16:30:00Z
1422,1422,1,TheatricalDesk,MEDIA0000001422,in_transit,229.4,10,0,2026-05-01T10:30:00Z,,2026-05-05T16:30:00Z
1423,1423,6,MarqueeOps,MEDIA0000001423,shipped,233.1,15.5,0,2026-05-01T09:30:00Z,,2026-05-05T16:30:00Z
1424,1424,11,RightsRunner,MEDIA0000001424,packed,236.8,21,0,2026-05-01T08:30:00Z,,2026-05-05T16:30:00Z
1425,1425,16,LiveEventDesk,MEDIA0000001425,preparing,240.5,26.5,0,,,2026-05-05T16:30:00Z
1426,1426,21,StreamOps,MEDIA0000001426,delivered,244.2,32,0,2026-05-01T06:30:00Z,2026-05-01T14:30:00Z,2026-05-05T16:30:00Z
1427,1427,26,TheatricalDesk,MEDIA0000001427,in_transit,247.9,1.5,0,2026-05-01T05:30:00Z,,2026-05-05T16:30:00Z
1428,1428,1,MarqueeOps,MEDIA0000001428,shipped,11.6,7,0,2026-05-01T04:30:00Z,,2026-05-05T16:30:00Z
1429,1429,6,RightsRunner,MEDIA0000001429,packed,15.3,12.5,0,2026-05-01T03:30:00Z,,2026-05-05T16:30:00Z
1430,1430,11,LiveEventDesk,MEDIA0000001430,preparing,19,18,0,,,2026-05-05T16:30:00Z
1431,1431,16,StreamOps,MEDIA0000001431,delivered,22.7,23.5,0,2026-05-01T01:30:00Z,2026-05-01T04:30:00Z,2026-05-05T16:30:00Z
1432,1432,21,TheatricalDesk,MEDIA0000001432,in_transit,26.4,29,0,2026-05-01T00:30:00Z,,2026-05-05T16:30:00Z
1433,1433,26,MarqueeOps,MEDIA0000001433,shipped,30.1,34.5,0,2026-04-30T23:30:00Z,,2026-05-05T16:30:00Z
1434,1434,1,RightsRunner,MEDIA0000001434,packed,33.8,4,0,2026-04-30T22:30:00Z,,2026-05-05T16:30:00Z
1435,1435,6,LiveEventDesk,MEDIA0000001435,preparing,37.5,9.5,0,,,2026-05-05T16:30:00Z
1436,1436,11,StreamOps,MEDIA0000001436,delivered,41.2,15,0,2026-04-30T20:30:00Z,2026-05-01T04:30:00Z,2026-05-05T16:30:00Z
1437,1437,16,TheatricalDesk,MEDIA0000001437,in_transit,44.9,20.5,0,2026-04-30T19:30:00Z,,2026-05-05T16:30:00Z
1438,1438,21,MarqueeOps,MEDIA0000001438,shipped,48.6,26,0,2026-04-30T18:30:00Z,,2026-05-05T16:30:00Z
1439,1439,26,RightsRunner,MEDIA0000001439,packed,52.3,31.5,0,2026-04-30T17:30:00Z,,2026-05-05T16:30:00Z
1440,1440,1,LiveEventDesk,MEDIA0000001440,preparing,56,1,0,,,2026-05-05T16:30:00Z
1441,1441,6,StreamOps,MEDIA0000001441,delivered,59.7,6.5,0,2026-05-04T15:30:00Z,2026-05-04T18:30:00Z,2026-05-05T16:30:00Z
1442,1442,11,TheatricalDesk,MEDIA0000001442,in_transit,63.4,12,0,2026-05-04T14:30:00Z,,2026-05-05T16:30:00Z
1443,1443,16,MarqueeOps,MEDIA0000001443,shipped,67.1,17.5,0,2026-05-04T13:30:00Z,,2026-05-05T16:30:00Z
1444,1444,21,RightsRunner,MEDIA0000001444,packed,70.8,23,0,2026-05-04T12:30:00Z,,2026-05-05T16:30:00Z
1445,1445,26,LiveEventDesk,MEDIA0000001445,preparing,74.5,28.5,0,,,2026-05-05T16:30:00Z
1446,1446,1,StreamOps,MEDIA0000001446,delivered,78.2,34,0,2026-05-04T10:30:00Z,2026-05-04T18:30:00Z,2026-05-05T16:30:00Z
1447,1447,6,TheatricalDesk,MEDIA0000001447,in_transit,81.9,3.5,0,2026-05-04T09:30:00Z,,2026-05-05T16:30:00Z
1448,1448,11,MarqueeOps,MEDIA0000001448,shipped,85.6,9,0,2026-05-04T08:30:00Z,,2026-05-05T16:30:00Z
1449,1449,16,RightsRunner,MEDIA0000001449,packed,89.3,14.5,0,2026-05-04T07:30:00Z,,2026-05-05T16:30:00Z
1450,1450,21,LiveEventDesk,MEDIA0000001450,preparing,93,20,0,,,2026-05-05T16:30:00Z
1451,1451,26,StreamOps,MEDIA0000001451,delivered,96.7,25.5,0,2026-05-04T05:30:00Z,2026-05-04T08:30:00Z,2026-05-05T16:30:00Z
1452,1452,1,TheatricalDesk,MEDIA0000001452,in_transit,100.4,31,0,2026-05-04T04:30:00Z,,2026-05-05T16:30:00Z
1453,1453,6,MarqueeOps,MEDIA0000001453,shipped,104.1,36.5,0,2026-05-04T03:30:00Z,,2026-05-05T16:30:00Z
1454,1454,11,RightsRunner,MEDIA0000001454,packed,107.8,6,0,2026-05-04T02:30:00Z,,2026-05-05T16:30:00Z
1455,1455,16,LiveEventDesk,MEDIA0000001455,preparing,111.5,11.5,0,,,2026-05-05T16:30:00Z
1456,1456,21,StreamOps,MEDIA0000001456,delivered,115.2,17,0,2026-05-04T00:30:00Z,2026-05-04T08:30:00Z,2026-05-05T16:30:00Z
1457,1457,26,TheatricalDesk,MEDIA0000001457,in_transit,118.9,22.5,0,2026-05-03T23:30:00Z,,2026-05-05T16:30:00Z
1458,1458,1,MarqueeOps,MEDIA0000001458,shipped,122.6,28,0,2026-05-03T22:30:00Z,,2026-05-05T16:30:00Z
1459,1459,6,RightsRunner,MEDIA0000001459,packed,126.3,33.5,0,2026-05-03T21:30:00Z,,2026-05-05T16:30:00Z
1460,1460,11,LiveEventDesk,MEDIA0000001460,preparing,130,3,0,,,2026-05-05T16:30:00Z
1461,1461,16,StreamOps,MEDIA0000001461,delivered,133.7,8.5,0,2026-05-03T19:30:00Z,2026-05-03T22:30:00Z,2026-05-05T16:30:00Z
1462,1462,21,TheatricalDesk,MEDIA0000001462,in_transit,137.4,14,0,2026-05-03T18:30:00Z,,2026-05-05T16:30:00Z
1463,1463,26,MarqueeOps,MEDIA0000001463,shipped,141.1,19.5,0,2026-05-03T17:30:00Z,,2026-05-05T16:30:00Z
1464,1464,1,RightsRunner,MEDIA0000001464,packed,144.8,25,0,2026-05-03T16:30:00Z,,2026-05-05T16:30:00Z
1465,1465,6,LiveEventDesk,MEDIA0000001465,preparing,148.5,30.5,0,,,2026-05-05T16:30:00Z
1466,1466,11,StreamOps,MEDIA0000001466,delivered,152.2,36,0,2026-05-03T14:30:00Z,2026-05-03T22:30:00Z,2026-05-05T16:30:00Z
1467,1467,16,TheatricalDesk,MEDIA0000001467,in_transit,155.9,5.5,0,2026-05-03T13:30:00Z,,2026-05-05T16:30:00Z
1468,1468,21,MarqueeOps,MEDIA0000001468,shipped,159.6,11,0,2026-05-03T12:30:00Z,,2026-05-05T16:30:00Z
1469,1469,26,RightsRunner,MEDIA0000001469,packed,163.3,16.5,0,2026-05-03T11:30:00Z,,2026-05-05T16:30:00Z
1470,1470,1,LiveEventDesk,MEDIA0000001470,preparing,167,22,0,,,2026-05-05T16:30:00Z
1471,1471,6,StreamOps,MEDIA0000001471,delivered,170.7,27.5,0,2026-05-03T09:30:00Z,2026-05-03T12:30:00Z,2026-05-05T16:30:00Z
1472,1472,11,TheatricalDesk,MEDIA0000001472,in_transit,174.4,33,0,2026-05-03T08:30:00Z,,2026-05-05T16:30:00Z
1473,1473,16,MarqueeOps,MEDIA0000001473,shipped,178.1,2.5,0,2026-05-03T07:30:00Z,,2026-05-05T16:30:00Z
1474,1474,21,RightsRunner,MEDIA0000001474,packed,181.8,8,0,2026-05-03T06:30:00Z,,2026-05-05T16:30:00Z
1475,1475,26,LiveEventDesk,MEDIA0000001475,preparing,185.5,13.5,0,,,2026-05-05T16:30:00Z
1476,1476,1,StreamOps,MEDIA0000001476,delivered,189.2,19,0,2026-05-03T04:30:00Z,2026-05-03T12:30:00Z,2026-05-05T16:30:00Z
1477,1477,6,TheatricalDesk,MEDIA0000001477,in_transit,192.9,24.5,0,2026-05-03T03:30:00Z,,2026-05-05T16:30:00Z
1478,1478,11,MarqueeOps,MEDIA0000001478,shipped,196.6,30,0,2026-05-03T02:30:00Z,,2026-05-05T16:30:00Z
1479,1479,16,RightsRunner,MEDIA0000001479,packed,200.3,35.5,0,2026-05-03T01:30:00Z,,2026-05-05T16:30:00Z
1480,1480,21,LiveEventDesk,MEDIA0000001480,preparing,204,5,0,,,2026-05-05T16:30:00Z
1481,1481,26,StreamOps,MEDIA0000001481,delivered,207.7,10.5,0,2026-05-02T23:30:00Z,2026-05-03T02:30:00Z,2026-05-05T16:30:00Z
1482,1482,1,TheatricalDesk,MEDIA0000001482,in_transit,211.4,16,0,2026-05-02T22:30:00Z,,2026-05-05T16:30:00Z
1483,1483,6,MarqueeOps,MEDIA0000001483,shipped,215.1,21.5,0,2026-05-02T21:30:00Z,,2026-05-05T16:30:00Z
1484,1484,11,RightsRunner,MEDIA0000001484,packed,218.8,27,0,2026-05-02T20:30:00Z,,2026-05-05T16:30:00Z
1485,1485,16,LiveEventDesk,MEDIA0000001485,preparing,222.5,32.5,0,,,2026-05-05T16:30:00Z
1486,1486,21,StreamOps,MEDIA0000001486,delivered,226.2,2,0,2026-05-02T18:30:00Z,2026-05-03T02:30:00Z,2026-05-05T16:30:00Z
1487,1487,26,TheatricalDesk,MEDIA0000001487,in_transit,229.9,7.5,0,2026-05-02T17:30:00Z,,2026-05-05T16:30:00Z
1488,1488,1,MarqueeOps,MEDIA0000001488,shipped,233.6,13,0,2026-05-02T16:30:00Z,,2026-05-05T16:30:00Z
1489,1489,6,RightsRunner,MEDIA0000001489,packed,237.3,18.5,0,2026-05-02T15:30:00Z,,2026-05-05T16:30:00Z
1490,1490,11,LiveEventDesk,MEDIA0000001490,preparing,241,24,0,,,2026-05-05T16:30:00Z
1491,1491,16,StreamOps,MEDIA0000001491,delivered,244.7,29.5,0,2026-05-02T13:30:00Z,2026-05-02T16:30:00Z,2026-05-05T16:30:00Z
1492,1492,21,TheatricalDesk,MEDIA0000001492,in_transit,8.4,35,0,2026-05-02T12:30:00Z,,2026-05-05T16:30:00Z
1493,1493,26,MarqueeOps,MEDIA0000001493,shipped,12.1,4.5,0,2026-05-02T11:30:00Z,,2026-05-05T16:30:00Z
1494,1494,1,RightsRunner,MEDIA0000001494,packed,15.8,10,0,2026-05-02T10:30:00Z,,2026-05-05T16:30:00Z
1495,1495,6,LiveEventDesk,MEDIA0000001495,preparing,19.5,15.5,0,,,2026-05-05T16:30:00Z
1496,1496,11,StreamOps,MEDIA0000001496,delivered,23.2,21,0,2026-05-02T08:30:00Z,2026-05-02T16:30:00Z,2026-05-05T16:30:00Z
1497,1497,16,TheatricalDesk,MEDIA0000001497,in_transit,26.9,26.5,0,2026-05-02T07:30:00Z,,2026-05-05T16:30:00Z
1498,1498,21,MarqueeOps,MEDIA0000001498,shipped,30.6,32,0,2026-05-02T06:30:00Z,,2026-05-05T16:30:00Z
1499,1499,26,RightsRunner,MEDIA0000001499,packed,34.3,1.5,0,2026-05-02T05:30:00Z,,2026-05-05T16:30:00Z
1500,1500,1,LiveEventDesk,MEDIA0000001500,preparing,38,7,0,,,2026-05-05T16:30:00Z
