link_id,brand_id,influencer_id,relationship_type,post_count,avg_engagement,revenue_attributed,first_mention,last_mention
1,27,16,organic,45,0.0306,39288.36,2026-02-28T19:31:12Z,2026-03-19T04:39:20Z
2,41,80,sponsored,37,0.0487,47848.05,2025-12-09T23:39:52Z,2026-04-06T21:05:06Z
3,35,349,affiliate,76,0.0428,7656.85,2025-10-20T00:39:24Z,2026-03-22T13:59:39Z
4,32,223,ambassador,14,0.1091,48510.46,2026-01-15T10:03:52Z,2026-04-02T06:29:24Z
5,22,263,organic,7,0.0612,40442.27,2025-09-17T09:34:00Z,2026-04-12T00:46:00Z
6,21,431,sponsored,75,0.0307,9422.05,2025-06-16T21:55:01Z,2026-03-29T01:54:21Z
7,4,49,affiliate,84,0.0177,38469.07,2025-06-16T01:46:09Z,2026-04-11T08:54:58Z
9,1,323,ambassador,56,0.0336,27302.44,2025-05-16T08:47:52Z,2026-04-05T03:22:59Z
10,49,468,organic,40,0.0511,5518.65,2025-04-24T02:43:21Z,2026-03-18T02:45:25Z
13,17,442,sponsored,90,0.099,7582.9,2025-08-24T08:13:13Z,2026-03-25T10:58:37Z
14,19,340,affiliate,46,0.0265,35347.07,2025-05-14T14:02:58Z,2026-03-30T20:50:25Z
15,11,420,ambassador,94,0.0791,19202.63,2025-05-25T00:03:33Z,2026-04-01T10:38:29Z
16,6,256,organic,48,0.0125,36790.68,2025-10-29T06:14:59Z,2026-04-09T05:38:47Z
17,19,444,sponsored,42,0.1065,37558.54,2026-01-13T13:30:43Z,2026-03-21T06:23:39Z
18,3,520,affiliate,1,0.0634,31028.71,2025-11-20T21:20:07Z,2026-04-13T03:27:04Z
19,15,373,ambassador,68,0.0904,18586.35,2025-08-09T12:32:12Z,2026-03-19T15:48:12Z
20,17,439,organic,54,0.1031,39305.25,2025-07-29T09:30:00Z,2026-04-02T18:20:06Z
21,30,162,sponsored,94,0.067,22838.31,2026-02-25T18:49:43Z,2026-04-05T19:40:47Z
22,21,334,affiliate,92,0.0934,45330.68,2025-10-13T00:11:10Z,2026-03-23T17:34:41Z
23,22,148,ambassador,63,0.0832,29562.22,2026-02-15T20:33:07Z,2026-03-19T11:05:46Z
24,44,65,organic,84,0.0175,12509.77,2025-07-31T11:37:48Z,2026-04-06T23:38:14Z
25,32,52,sponsored,23,0.047,24432.3,2025-07-16T17:02:49Z,2026-03-27T07:10:55Z
26,23,28,affiliate,73,0.0127,49022.47,2025-05-07T08:05:19Z,2026-04-12T05:00:43Z
27,32,71,ambassador,42,0.0979,46594.06,2025-10-11T05:58:38Z,2026-03-14T11:17:45Z
28,22,320,organic,68,0.0813,40228.88,2026-01-06T01:58:00Z,2026-03-24T18:54:44Z
29,29,324,sponsored,73,0.0206,7435.51,2025-10-03T06:39:21Z,2026-03-22T04:12:56Z
30,7,333,affiliate,33,0.0499,25433.62,2025-10-22T18:39:00Z,2026-03-30T20:17:28Z
31,14,294,ambassador,70,0.0335,10757.15,2025-12-20T17:07:58Z,2026-03-24T13:25:48Z
32,3,160,organic,7,0.0854,14474.2,2025-05-19T22:30:53Z,2026-04-04T17:55:10Z
33,46,225,sponsored,98,0.0154,17026.67,2025-12-03T10:30:31Z,2026-03-27T19:05:54Z
34,11,115,affiliate,76,0.0222,28367.69,2025-11-11T10:36:10Z,2026-03-14T19:55:50Z
35,33,440,ambassador,25,0.0317,1222.88,2025-07-22T08:15:34Z,2026-03-24T22:25:01Z
36,42,483,organic,31,0.1047,25392.04,2025-07-16T17:46:03Z,2026-04-06T00:29:00Z
37,46,324,sponsored,39,0.0158,45825.18,2025-07-12T17:59:37Z,2026-04-08T00:15:09Z
38,49,328,affiliate,91,0.0882,32341.69,2025-12-31T23:59:14Z,2026-04-02T02:45:43Z
39,7,38,ambassador,20,0.1046,4721.39,2025-05-13T04:31:46Z,2026-04-05T19:18:15Z
41,48,369,organic,30,0.0377,46199.49,2025-05-04T07:21:34Z,2026-04-05T17:42:35Z
42,7,258,sponsored,29,0.0701,49803.88,2025-05-16T10:19:36Z,2026-04-02T17:05:43Z
44,2,115,affiliate,12,0.1023,24251.26,2025-09-01T08:01:19Z,2026-04-12T10:42:13Z
45,23,511,ambassador,81,0.1043,21924.94,2025-10-06T17:00:24Z,2026-04-06T10:36:16Z
46,28,444,organic,96,0.0963,35552.41,2025-08-03T09:17:03Z,2026-03-24T00:48:31Z
47,4,52,sponsored,22,0.0745,18862.77,2025-06-10T21:42:06Z,2026-03-29T18:14:53Z
48,27,94,affiliate,81,0.1024,40867.01,2025-05-24T10:55:25Z,2026-03-20T23:55:17Z
49,10,455,ambassador,29,0.0501,45961.27,2026-02-18T09:39:45Z,2026-03-14T13:11:08Z
51,9,124,organic,83,0.1025,47342.85,2025-05-15T00:00:04Z,2026-03-26T03:47:51Z
52,30,489,sponsored,33,0.0127,37996.43,2025-06-05T14:07:28Z,2026-04-04T23:12:12Z
53,40,361,affiliate,64,0.0795,17369.37,2025-09-22T20:58:01Z,2026-03-16T20:25:01Z
54,39,20,ambassador,78,0.0809,21464.4,2025-10-12T09:43:11Z,2026-03-25T21:17:55Z
55,43,280,organic,86,0.071,3178.39,2025-11-26T11:19:02Z,2026-04-01T23:30:02Z
56,7,373,sponsored,45,0.0556,40797,2026-02-06T17:30:17Z,2026-04-06T20:19:00Z
57,32,65,affiliate,64,0.089,38281.85,2025-08-14T22:35:11Z,2026-03-27T10:18:57Z
58,6,153,ambassador,47,0.0681,17985.49,2026-02-23T23:00:01Z,2026-03-19T17:36:00Z
59,34,152,organic,46,0.0982,22158.59,2025-10-08T02:31:11Z,2026-04-08T19:51:58Z
60,1,338,sponsored,41,0.1076,27832.61,2025-07-13T11:06:12Z,2026-04-06T23:20:46Z
61,26,387,affiliate,85,0.1179,31981.15,2025-09-06T16:07:52Z,2026-03-29T15:38:15Z
62,41,214,ambassador,21,0.0694,37492.74,2026-02-14T08:42:45Z,2026-04-01T21:32:32Z
63,45,477,organic,38,0.0904,30669.31,2025-06-06T20:23:00Z,2026-03-16T12:08:55Z
64,8,477,sponsored,57,0.1,37767.45,2025-08-17T16:23:47Z,2026-03-28T18:05:09Z
65,35,195,affiliate,93,0.0403,18711.26,2025-10-26T08:42:29Z,2026-04-10T15:00:37Z
66,47,16,ambassador,2,0.0279,23261.9,2026-03-03T19:51:14Z,2026-04-07T03:38:41Z
67,3,282,organic,19,0.0474,19319.51,2025-09-18T10:02:50Z,2026-03-22T09:22:27Z
68,14,127,sponsored,81,0.0887,32254.9,2025-06-25T21:41:23Z,2026-04-03T13:06:14Z
70,40,325,affiliate,63,0.0851,5699.56,2025-10-30T16:03:39Z,2026-04-11T13:50:02Z
71,20,213,ambassador,93,0.082,18912.65,2026-02-04T03:33:31Z,2026-03-29T09:57:33Z
72,16,50,organic,55,0.0119,43270.55,2025-11-21T04:30:46Z,2026-04-01T11:43:45Z
73,1,371,sponsored,60,0.106,44388,2025-08-27T08:03:00Z,2026-04-05T18:34:49Z
74,49,231,affiliate,24,0.0375,32812.97,2025-06-05T22:22:46Z,2026-03-22T16:09:40Z
75,33,306,ambassador,40,0.0945,46804.1,2025-08-01T05:19:42Z,2026-03-16T21:11:36Z
76,32,485,organic,22,0.1143,43777.87,2025-05-23T19:58:56Z,2026-03-28T21:44:00Z
77,17,437,sponsored,72,0.1151,6789.46,2025-07-28T16:49:06Z,2026-03-24T16:11:20Z
78,26,118,affiliate,93,0.0189,42226.04,2025-12-03T01:41:11Z,2026-03-25T10:22:08Z
79,4,406,ambassador,38,0.0136,35054.05,2025-05-16T22:42:56Z,2026-04-11T05:31:43Z
80,2,117,organic,93,0.0635,13442.7,2025-08-21T17:17:23Z,2026-03-15T08:56:09Z
81,30,252,sponsored,39,0.0349,21711.51,2025-04-23T00:09:57Z,2026-03-16T16:48:56Z
82,29,481,affiliate,90,0.0286,3333.95,2025-08-05T05:17:33Z,2026-03-22T07:18:41Z
83,22,366,ambassador,40,0.01,22561.27,2025-12-05T13:01:23Z,2026-03-24T18:35:14Z
84,32,60,organic,3,0.1097,5132.12,2025-10-14T11:30:07Z,2026-03-19T15:49:03Z
85,6,171,sponsored,92,0.0896,8277.64,2026-02-27T01:37:43Z,2026-03-22T05:36:30Z
86,34,473,affiliate,1,0.0565,11358.81,2025-09-14T23:03:44Z,2026-04-06T09:38:16Z
87,43,21,ambassador,77,0.0246,30151.14,2025-10-07T04:38:00Z,2026-04-12T10:46:38Z
88,34,120,organic,14,0.1091,36255.54,2025-04-17T13:57:49Z,2026-03-29T13:01:52Z
89,30,437,sponsored,5,0.0697,14988,2025-06-04T02:28:23Z,2026-04-04T07:46:14Z
91,47,489,affiliate,24,0.0427,16676.18,2025-10-23T17:18:59Z,2026-03-21T10:47:32Z
92,36,257,ambassador,93,0.0955,33997.95,2025-04-25T10:07:28Z,2026-04-13T02:14:10Z
93,3,474,organic,22,0.0926,44242.7,2025-06-23T04:45:35Z,2026-04-07T06:29:15Z
94,11,442,sponsored,72,0.0449,24553.75,2026-01-26T11:26:54Z,2026-03-27T04:34:41Z
95,31,265,affiliate,98,0.0687,20557.32,2025-12-15T20:41:31Z,2026-03-15T05:43:46Z
96,29,293,ambassador,66,0.0587,24001.45,2025-10-20T10:24:17Z,2026-04-02T12:04:04Z
97,26,8,organic,55,0.0489,37792.75,2025-09-20T21:54:56Z,2026-03-19T03:28:32Z
98,42,362,sponsored,93,0.0953,29496.23,2025-09-01T10:39:49Z,2026-04-05T22:49:53Z
99,22,194,affiliate,87,0.1134,46610.32,2025-07-05T17:13:09Z,2026-04-05T20:51:21Z
100,46,106,ambassador,75,0.0367,26338.77,2025-07-31T04:24:25Z,2026-03-29T12:14:27Z
101,20,339,organic,12,0.0544,40144.23,2025-07-03T20:39:10Z,2026-03-27T13:29:46Z
102,31,128,sponsored,16,0.0461,41792.13,2025-09-26T09:04:28Z,2026-04-01T22:25:59Z
103,5,295,affiliate,78,0.1025,31863.96,2025-06-05T09:15:58Z,2026-03-29T07:11:23Z
104,25,217,ambassador,69,0.0522,31742.68,2026-02-04T23:42:34Z,2026-03-21T12:35:58Z
105,28,119,organic,85,0.0261,8611.6,2025-04-28T08:42:54Z,2026-04-06T03:33:22Z
106,25,358,sponsored,34,0.0315,41226.75,2025-10-29T03:20:11Z,2026-03-21T15:13:02Z
107,11,195,affiliate,32,0.0135,15843.42,2026-03-03T17:19:22Z,2026-03-22T00:59:27Z
108,42,308,ambassador,74,0.0124,4596.68,2026-01-10T03:30:13Z,2026-03-21T04:00:31Z
109,15,118,organic,17,0.0478,49247.14,2025-10-28T00:29:56Z,2026-03-21T20:02:54Z
110,21,60,sponsored,57,0.0468,9630.16,2025-07-16T21:17:44Z,2026-04-04T13:02:47Z
112,37,377,affiliate,13,0.0622,35113.7,2025-09-25T05:30:14Z,2026-03-27T12:07:16Z
113,17,20,ambassador,92,0.0604,9041.55,2025-10-28T22:44:55Z,2026-03-19T02:35:36Z
114,34,389,organic,94,0.0367,26043.37,2025-11-24T11:09:31Z,2026-03-28T02:01:30Z
115,29,21,sponsored,33,0.0878,10989.54,2025-11-19T00:10:41Z,2026-03-23T19:39:33Z
117,47,351,affiliate,90,0.0436,22403.09,2025-08-01T07:52:42Z,2026-03-18T02:19:08Z
118,15,509,ambassador,18,0.1052,23206.6,2025-12-23T07:36:10Z,2026-03-25T09:51:53Z
119,36,483,organic,39,0.0962,43203,2025-06-01T18:27:21Z,2026-03-31T04:03:21Z
121,48,428,sponsored,22,0.022,4060.43,2025-07-06T09:11:24Z,2026-03-15T01:04:18Z
122,10,322,affiliate,12,0.0997,15255.41,2025-07-15T23:52:43Z,2026-03-31T09:33:31Z
124,22,209,ambassador,27,0.1044,18777.61,2025-05-10T00:59:06Z,2026-03-31T06:29:18Z
125,38,10,organic,45,0.054,24724.2,2026-02-10T10:17:52Z,2026-04-01T06:39:58Z
126,3,482,sponsored,84,0.0824,43052.31,2025-07-05T17:24:55Z,2026-03-28T15:30:41Z
127,12,58,affiliate,22,0.0504,21040.79,2025-06-26T01:01:14Z,2026-03-18T04:37:36Z
128,38,123,ambassador,10,0.0664,25570.31,2025-10-27T11:23:52Z,2026-03-20T02:24:47Z
129,10,73,organic,55,0.1017,38333.88,2025-10-21T18:42:52Z,2026-03-26T13:41:52Z
130,6,112,sponsored,22,0.05,32349.97,2025-12-11T16:55:37Z,2026-04-08T12:34:54Z
131,22,48,affiliate,45,0.0655,9263.77,2025-06-16T19:44:01Z,2026-03-20T07:42:20Z
132,42,25,ambassador,73,0.0233,7772.72,2025-09-15T07:33:10Z,2026-04-05T10:26:07Z
133,27,449,organic,21,0.0862,11744.54,2025-04-30T07:25:43Z,2026-03-17T15:16:54Z
134,35,142,sponsored,25,0.1172,48266.41,2025-07-08T02:10:42Z,2026-03-26T12:05:13Z
135,38,257,affiliate,53,0.1035,43545.05,2025-11-25T00:50:19Z,2026-04-05T21:16:22Z
136,22,473,ambassador,32,0.0466,22895.05,2025-09-14T06:08:48Z,2026-04-03T19:41:35Z
137,15,44,organic,10,0.0425,14548.19,2025-06-18T09:17:58Z,2026-03-20T04:47:30Z
138,23,88,sponsored,26,0.0474,27452.61,2025-10-26T13:47:38Z,2026-04-01T06:30:34Z
139,3,103,affiliate,11,0.1137,15052.69,2025-11-23T04:03:09Z,2026-03-24T05:46:16Z
140,46,30,ambassador,37,0.0733,22275.03,2025-09-01T01:41:10Z,2026-03-18T12:52:19Z
141,17,390,organic,2,0.0683,1643.27,2025-04-16T16:04:04Z,2026-03-14T17:29:16Z
142,29,29,sponsored,78,0.0556,45656.93,2025-06-02T06:41:55Z,2026-04-10T11:16:18Z
143,3,491,affiliate,26,0.112,26194.15,2025-11-16T19:02:42Z,2026-04-02T12:08:09Z
144,11,337,ambassador,1,0.0513,29913.08,2025-07-26T09:25:53Z,2026-03-18T06:22:39Z
145,27,353,organic,16,0.0772,27639.44,2025-06-13T10:05:19Z,2026-03-15T00:31:17Z
146,11,128,sponsored,33,0.0224,23481.45,2026-01-11T12:36:54Z,2026-03-30T06:34:47Z
148,30,376,affiliate,93,0.082,11351.44,2025-05-28T06:00:30Z,2026-03-23T12:43:36Z
149,18,365,ambassador,40,0.0718,33439.26,2026-01-24T13:14:43Z,2026-04-08T03:38:08Z
150,31,312,organic,39,0.0226,4811.66,2025-10-22T16:43:46Z,2026-04-08T17:46:56Z
151,21,229,sponsored,40,0.0798,15155.27,2025-10-30T14:27:22Z,2026-03-27T19:27:29Z
152,47,484,affiliate,22,0.0298,20560.99,2025-06-16T07:43:25Z,2026-04-07T21:13:33Z
153,46,13,ambassador,31,0.1091,25945.94,2025-11-07T07:08:18Z,2026-03-21T11:29:59Z
156,2,178,organic,21,0.0265,39797.8,2025-05-12T01:47:53Z,2026-03-28T13:16:29Z
157,6,110,sponsored,74,0.0732,8451.44,2025-10-04T07:04:22Z,2026-03-29T02:51:55Z
158,6,402,affiliate,87,0.0111,45020.97,2025-10-17T09:25:49Z,2026-03-29T15:24:49Z
159,12,136,ambassador,86,0.0487,43396.05,2026-02-25T08:05:17Z,2026-03-25T23:50:39Z
160,15,240,organic,40,0.058,7497.02,2025-11-03T13:55:31Z,2026-04-11T17:06:53Z
161,41,115,sponsored,43,0.0794,29452.93,2025-09-24T23:00:14Z,2026-03-29T17:40:07Z
163,19,489,affiliate,18,0.0745,25126.26,2026-02-16T22:17:25Z,2026-04-02T02:24:30Z
164,11,135,ambassador,76,0.0199,18752.64,2025-05-09T00:48:41Z,2026-03-27T22:28:32Z
165,18,71,organic,63,0.1187,35080.01,2025-05-04T07:21:49Z,2026-03-21T22:09:12Z
166,19,202,sponsored,50,0.0698,10477.9,2026-02-16T05:33:44Z,2026-04-09T16:56:16Z
167,45,502,affiliate,41,0.0357,49551.52,2025-06-21T05:05:47Z,2026-03-17T23:45:08Z
169,30,184,ambassador,18,0.1144,32218.21,2026-02-02T16:16:01Z,2026-03-25T10:25:21Z
170,24,273,organic,65,0.1197,24571.77,2025-09-08T18:44:22Z,2026-03-17T02:07:57Z
171,8,135,sponsored,71,0.054,2009.2,2025-06-24T00:48:03Z,2026-03-31T02:35:06Z
172,13,291,affiliate,97,0.0472,19754.56,2025-11-13T14:21:19Z,2026-03-22T20:07:05Z
173,40,234,ambassador,89,0.0427,14481.75,2025-05-07T09:08:42Z,2026-04-04T01:53:14Z
174,2,321,organic,18,0.0847,30110.95,2025-06-28T15:56:05Z,2026-03-17T13:03:30Z
175,23,503,sponsored,15,0.0255,2703.45,2025-08-29T05:20:58Z,2026-04-02T12:03:04Z
176,26,312,affiliate,80,0.1087,18844.59,2025-05-23T22:44:45Z,2026-03-16T08:45:55Z
177,38,281,ambassador,67,0.0571,28389.09,2025-09-18T03:18:40Z,2026-03-21T09:12:29Z
178,41,301,organic,31,0.0675,8705.02,2026-02-13T17:01:52Z,2026-03-19T12:39:41Z
179,44,251,sponsored,30,0.0645,37653.99,2025-08-29T21:58:52Z,2026-04-01T16:41:29Z
180,31,291,affiliate,70,0.1098,47945.74,2025-09-21T07:58:00Z,2026-03-23T22:38:22Z
181,42,404,ambassador,23,0.014,23426.27,2025-04-21T00:18:15Z,2026-03-30T14:01:41Z
182,10,367,organic,45,0.0558,17514.51,2026-01-05T11:36:25Z,2026-03-15T00:35:52Z
183,8,120,sponsored,96,0.1107,3475.18,2025-08-06T05:35:36Z,2026-04-13T03:46:39Z
184,18,202,affiliate,29,0.1188,21863.88,2025-08-13T14:47:45Z,2026-03-24T18:19:45Z
186,3,149,ambassador,98,0.0495,39518.97,2025-12-12T11:31:13Z,2026-04-05T01:18:37Z
187,42,259,organic,47,0.1084,40796.54,2025-11-14T02:22:10Z,2026-03-28T13:20:01Z
188,32,187,sponsored,91,0.0441,45366.59,2025-04-23T22:05:32Z,2026-03-19T22:31:55Z
189,11,451,affiliate,69,0.1164,8188.49,2025-09-04T11:04:27Z,2026-03-27T00:33:55Z
190,1,231,ambassador,27,0.0536,24393.72,2025-04-26T03:36:33Z,2026-03-29T09:16:47Z
191,1,127,organic,20,0.1091,7711.37,2025-10-03T20:33:55Z,2026-04-06T00:28:31Z
193,5,41,sponsored,21,0.0671,43238.16,2025-09-13T23:38:23Z,2026-04-12T23:07:43Z
194,23,288,affiliate,93,0.0981,35912.85,2025-09-13T00:55:00Z,2026-04-06T13:05:18Z
195,50,227,ambassador,40,0.1019,30138.91,2025-07-15T18:27:27Z,2026-03-28T12:40:59Z
196,26,207,organic,56,0.0222,30736.7,2025-11-23T08:39:14Z,2026-04-05T00:37:26Z
197,43,135,sponsored,77,0.0383,32416.76,2025-06-23T12:48:41Z,2026-03-28T12:20:28Z
198,16,421,affiliate,41,0.1131,25749.94,2025-10-18T17:59:38Z,2026-03-19T18:37:10Z
199,49,384,ambassador,13,0.0253,45930.67,2025-08-12T02:08:13Z,2026-04-12T04:52:17Z
200,13,124,organic,59,0.0656,48270.66,2025-11-12T00:05:51Z,2026-04-07T05:45:25Z
201,35,281,sponsored,79,0.0897,40053.65,2025-06-22T08:49:02Z,2026-03-23T04:32:24Z
202,11,378,affiliate,33,0.013,17620.45,2025-08-12T08:10:31Z,2026-03-16T17:37:15Z
203,48,433,ambassador,65,0.0721,22955.67,2025-08-06T03:46:42Z,2026-03-24T20:05:52Z
204,16,102,organic,15,0.105,28458.03,2025-05-26T02:54:45Z,2026-04-02T09:52:18Z
205,12,75,sponsored,46,0.0476,16394.57,2025-11-24T22:35:44Z,2026-04-12T09:14:06Z
206,31,106,affiliate,64,0.0888,8153.19,2026-01-23T03:27:53Z,2026-03-14T17:16:33Z
208,35,131,ambassador,16,0.0409,28046.25,2025-11-15T08:02:06Z,2026-03-27T16:21:36Z
209,6,349,organic,9,0.0129,46671.32,2026-01-16T17:36:28Z,2026-03-28T02:22:58Z
210,3,342,sponsored,6,0.1158,42047.24,2025-09-06T01:25:25Z,2026-03-24T08:24:57Z
211,50,420,affiliate,55,0.0704,21256.87,2025-07-18T16:24:40Z,2026-04-07T19:47:15Z
212,34,440,ambassador,68,0.0393,6178.93,2025-09-20T01:22:16Z,2026-03-29T05:07:57Z
213,36,426,organic,89,0.0581,49837.78,2026-01-31T20:35:38Z,2026-03-25T07:55:20Z
214,7,423,sponsored,26,0.0338,40314.7,2026-02-25T21:32:56Z,2026-04-11T19:57:12Z
215,31,326,affiliate,54,0.0613,25084.02,2025-11-11T07:51:14Z,2026-04-05T23:59:11Z
216,34,453,ambassador,47,0.0351,10072.2,2025-12-25T22:06:13Z,2026-04-02T02:57:36Z
217,40,320,organic,53,0.08,49351.09,2025-10-17T13:49:34Z,2026-03-29T16:04:49Z
219,31,314,sponsored,60,0.0137,16930.29,2025-07-15T01:46:39Z,2026-04-09T09:04:30Z
220,18,24,affiliate,51,0.098,19672.21,2025-04-22T18:52:39Z,2026-03-16T10:43:32Z
221,1,69,ambassador,81,0.0969,36895.38,2026-01-17T10:15:43Z,2026-03-21T05:21:59Z
222,40,365,organic,70,0.0605,11675.56,2025-08-09T02:17:50Z,2026-03-26T20:02:30Z
223,1,242,sponsored,68,0.0225,48510.11,2025-06-03T11:35:27Z,2026-03-23T02:00:28Z
225,1,262,affiliate,57,0.0107,28688.2,2025-12-02T18:33:36Z,2026-03-31T01:59:21Z
227,42,130,ambassador,62,0.0477,9422.51,2025-06-15T14:25:48Z,2026-03-30T12:46:12Z
228,1,188,organic,51,0.0762,8072.07,2025-12-06T05:22:51Z,2026-03-27T07:55:49Z
229,21,365,sponsored,39,0.092,33540.27,2025-11-20T10:50:23Z,2026-03-20T05:01:15Z
230,14,6,affiliate,90,0.0271,20622.93,2025-11-22T15:42:15Z,2026-04-07T22:59:33Z
231,5,310,ambassador,19,0.0987,4866.78,2025-11-24T04:19:58Z,2026-03-27T20:32:44Z
232,19,90,organic,2,0.0423,12371.46,2026-02-07T17:30:17Z,2026-03-26T02:26:05Z
233,34,448,sponsored,57,0.1184,189.56,2025-06-10T05:27:48Z,2026-03-24T08:41:11Z
234,22,47,affiliate,98,0.1092,46412.15,2025-04-21T21:36:15Z,2026-03-14T14:58:54Z
236,23,437,ambassador,16,0.0693,23300.91,2025-09-01T05:41:15Z,2026-03-23T05:23:50Z
237,48,254,organic,36,0.047,10056.42,2025-11-06T19:23:36Z,2026-04-05T14:22:10Z
238,1,380,sponsored,82,0.1032,21105.47,2026-01-18T09:59:45Z,2026-03-14T12:51:07Z
239,27,84,affiliate,80,0.0936,14068.78,2026-02-17T11:45:47Z,2026-03-24T14:34:20Z
240,30,343,ambassador,12,0.0875,47119.5,2025-07-01T21:34:03Z,2026-04-07T05:58:14Z
241,17,81,organic,69,0.1147,15733.78,2026-03-06T22:02:42Z,2026-03-21T06:25:00Z
242,15,190,sponsored,17,0.1136,35237.66,2025-06-14T06:24:15Z,2026-03-29T02:30:10Z
243,19,358,affiliate,28,0.1124,40403.83,2025-08-18T15:09:08Z,2026-04-06T21:14:29Z
244,7,119,ambassador,20,0.0151,11910.8,2025-06-12T10:03:37Z,2026-03-24T19:33:33Z
245,22,62,organic,54,0.0681,26764.94,2025-04-30T01:14:14Z,2026-03-15T10:00:31Z
246,3,440,sponsored,62,0.0883,26402.83,2026-01-20T20:54:59Z,2026-03-30T09:36:56Z
247,44,320,affiliate,27,0.0821,38085.29,2025-05-04T22:04:28Z,2026-03-29T01:18:02Z
248,24,383,ambassador,92,0.0169,49505.59,2025-10-30T06:42:04Z,2026-04-02T04:38:44Z
249,20,266,organic,60,0.0919,6987.25,2025-11-30T02:49:22Z,2026-03-19T20:24:27Z
250,45,59,sponsored,90,0.0925,33038.88,2026-01-30T18:59:29Z,2026-04-10T19:07:24Z
251,11,226,affiliate,40,0.0841,11705.19,2025-10-02T15:31:38Z,2026-03-21T02:25:04Z
252,50,70,ambassador,56,0.0875,27818.44,2025-09-03T05:29:35Z,2026-03-29T14:44:01Z
253,6,491,organic,90,0.1121,23085.41,2025-09-04T12:37:02Z,2026-03-20T17:01:31Z
254,50,484,sponsored,53,0.057,13436.91,2025-11-09T01:47:02Z,2026-03-25T22:38:45Z
255,14,207,affiliate,74,0.1175,18444.46,2025-05-14T02:21:37Z,2026-04-09T04:29:08Z
256,49,212,ambassador,84,0.1177,26886.85,2025-05-06T18:04:45Z,2026-04-10T10:58:46Z
257,4,93,organic,24,0.0372,12758.18,2025-07-16T11:17:12Z,2026-03-19T13:39:45Z
259,36,402,sponsored,29,0.066,44100.5,2025-09-21T17:13:36Z,2026-03-15T09:31:56Z
261,25,433,affiliate,3,0.0682,37370.93,2026-03-05T15:40:37Z,2026-04-06T09:50:44Z
262,10,130,ambassador,26,0.1027,42583.32,2026-01-21T22:15:54Z,2026-03-16T18:21:09Z
263,23,187,organic,62,0.0178,33981.53,2025-10-22T00:02:43Z,2026-03-30T00:45:53Z
264,15,186,sponsored,94,0.0145,19785.86,2025-05-02T14:51:14Z,2026-03-26T13:41:50Z
266,12,294,affiliate,87,0.0364,43243.84,2025-05-17T18:42:15Z,2026-03-28T01:21:52Z
267,32,230,ambassador,43,0.0468,43832.88,2025-08-29T23:57:52Z,2026-03-27T03:55:05Z
268,8,142,organic,1,0.0397,34431.95,2026-03-03T12:28:58Z,2026-03-28T16:55:53Z
269,12,504,sponsored,13,0.1096,29711.12,2025-09-05T13:00:55Z,2026-03-16T18:11:08Z
270,40,56,affiliate,94,0.0184,35925.88,2025-06-19T14:55:04Z,2026-03-23T14:34:25Z
271,12,269,ambassador,61,0.0433,43482.24,2025-05-14T04:34:48Z,2026-03-25T16:26:41Z
272,12,277,organic,61,0.0695,10777.73,2025-08-25T22:07:21Z,2026-03-31T13:10:42Z
273,13,191,sponsored,26,0.0956,41054.09,2025-12-28T11:19:09Z,2026-04-09T11:09:14Z
274,8,232,affiliate,16,0.0831,238.68,2025-10-01T05:57:18Z,2026-03-23T09:31:35Z
275,9,120,ambassador,3,0.021,5174.26,2026-01-09T23:49:08Z,2026-03-30T22:56:03Z
276,8,475,organic,89,0.1115,28213.31,2026-01-27T04:44:00Z,2026-03-21T08:16:47Z
277,10,376,sponsored,34,0.1036,46664.42,2026-01-12T22:10:34Z,2026-03-27T01:31:13Z
278,47,90,affiliate,21,0.1065,12228.2,2025-06-01T07:53:51Z,2026-03-17T18:15:49Z
279,27,55,ambassador,1,0.0133,6844.97,2025-08-08T12:04:12Z,2026-04-03T08:58:54Z
280,32,419,organic,98,0.0494,25549.35,2025-11-26T21:01:32Z,2026-04-08T00:06:41Z
281,47,207,sponsored,55,0.0105,47420.57,2025-10-09T19:47:47Z,2026-04-13T01:58:34Z
282,19,178,affiliate,24,0.1127,33110.8,2025-05-14T12:24:15Z,2026-04-12T06:04:00Z
283,24,459,ambassador,98,0.0788,14716.22,2025-10-14T15:33:27Z,2026-04-08T05:09:03Z
284,3,283,organic,26,0.032,47114.37,2025-07-03T22:24:38Z,2026-03-28T03:05:24Z
285,12,341,sponsored,4,0.1051,28894.26,2026-02-01T00:59:37Z,2026-03-16T09:15:17Z
286,7,350,affiliate,88,0.0785,9782.2,2026-01-30T01:07:45Z,2026-03-30T17:27:02Z
287,39,473,ambassador,7,0.0771,26565.95,2025-11-26T20:02:46Z,2026-04-05T13:29:13Z
288,5,229,organic,53,0.0717,43216.72,2025-10-19T09:46:09Z,2026-04-09T11:22:03Z
289,17,158,sponsored,55,0.0299,5946.17,2026-02-28T19:10:46Z,2026-04-06T02:32:20Z
290,46,190,affiliate,86,0.0961,28942.69,2025-05-08T07:32:14Z,2026-04-10T11:46:34Z
291,4,61,ambassador,9,0.0168,17965.11,2025-12-23T23:44:47Z,2026-03-24T14:13:30Z
292,4,301,organic,46,0.0145,9753.03,2026-02-18T02:24:14Z,2026-03-20T14:08:07Z
294,40,483,sponsored,86,0.0227,24731.97,2025-11-26T12:32:44Z,2026-03-27T21:08:59Z
295,25,517,affiliate,70,0.0769,21886.09,2025-11-19T22:22:50Z,2026-04-08T13:49:14Z
296,40,401,ambassador,22,0.1133,658.39,2025-08-28T10:56:10Z,2026-04-01T23:10:17Z
297,25,323,organic,97,0.0802,25336.75,2025-12-24T21:35:36Z,2026-03-19T06:29:52Z
298,40,181,sponsored,9,0.0507,42697.15,2025-04-26T00:00:06Z,2026-04-07T15:09:37Z
299,31,210,affiliate,61,0.1032,11658.57,2025-11-11T13:25:29Z,2026-03-23T21:48:07Z
300,1,418,ambassador,20,0.1192,42152.74,2026-03-09T20:31:16Z,2026-03-30T15:33:11Z
301,24,305,organic,30,0.1116,4971.31,2025-12-11T19:42:43Z,2026-03-31T12:44:45Z
302,22,54,sponsored,95,0.0414,33439.69,2025-08-13T16:32:00Z,2026-03-18T15:42:09Z
303,43,348,affiliate,80,0.0154,37223.3,2025-06-28T17:01:34Z,2026-03-25T00:40:46Z
304,1,306,ambassador,62,0.0131,19644.86,2025-08-31T09:17:23Z,2026-03-29T16:09:03Z
305,24,514,organic,10,0.1185,41134.56,2026-01-28T00:02:39Z,2026-03-22T22:36:48Z
306,23,188,sponsored,80,0.0418,3271.85,2026-01-25T01:05:46Z,2026-03-17T11:18:20Z
307,4,129,affiliate,70,0.0188,1792.31,2025-10-03T19:23:00Z,2026-04-11T11:04:59Z
308,28,507,ambassador,64,0.1031,30022.31,2026-02-15T17:06:14Z,2026-03-29T03:46:46Z
309,49,458,organic,41,0.0718,13214.84,2025-09-19T17:58:21Z,2026-03-31T18:02:26Z
310,47,46,sponsored,1,0.0227,49798.52,2025-08-06T16:27:24Z,2026-04-09T07:14:58Z
311,37,491,affiliate,94,0.0998,944.98,2025-11-16T23:06:36Z,2026-04-10T20:47:01Z
312,32,55,ambassador,10,0.1133,27782.03,2026-01-30T07:27:36Z,2026-04-04T02:43:01Z
313,30,92,organic,49,0.0981,792.24,2026-01-30T05:18:23Z,2026-04-13T03:31:24Z
314,32,168,sponsored,71,0.119,11612.32,2025-05-17T14:20:30Z,2026-04-07T18:54:06Z
315,13,188,affiliate,22,0.0948,21317.18,2026-03-10T21:47:32Z,2026-04-02T12:12:41Z
316,50,515,ambassador,93,0.0346,9180.95,2025-08-25T08:28:26Z,2026-03-16T20:30:39Z
317,22,283,organic,87,0.1038,34984.39,2025-05-11T21:36:32Z,2026-03-22T13:59:43Z
318,6,68,sponsored,13,0.0783,48909.64,2025-06-03T20:36:51Z,2026-03-22T14:40:03Z
319,9,439,affiliate,1,0.0388,35579.1,2025-12-03T17:29:28Z,2026-04-01T14:08:37Z
320,27,54,ambassador,30,0.0703,5861.5,2025-12-24T00:17:45Z,2026-03-20T00:54:00Z
321,18,49,organic,72,0.0597,33573.72,2025-05-23T23:09:47Z,2026-03-30T01:04:03Z
322,2,326,sponsored,72,0.047,1371.05,2025-11-30T15:34:22Z,2026-03-18T11:11:15Z
323,17,33,affiliate,50,0.0763,42724.15,2025-11-12T00:13:44Z,2026-04-05T18:21:51Z
324,36,121,ambassador,62,0.0885,35147.23,2025-12-30T18:27:53Z,2026-03-14T20:43:41Z
325,33,58,organic,66,0.0165,435.15,2025-10-16T03:15:21Z,2026-03-27T17:13:04Z
326,41,1,sponsored,10,0.01,23571.68,2025-10-16T16:42:04Z,2026-03-29T00:25:26Z
327,44,163,affiliate,13,0.0156,18163.54,2025-05-20T09:04:37Z,2026-04-09T09:33:32Z
328,48,348,ambassador,80,0.0999,23560.11,2025-10-21T23:23:09Z,2026-04-11T04:44:26Z
329,40,489,organic,44,0.0464,49483.4,2026-01-25T16:04:35Z,2026-04-10T23:08:02Z
330,32,86,sponsored,89,0.1011,15578.16,2025-04-25T15:27:37Z,2026-04-03T04:50:11Z
331,27,489,affiliate,12,0.0899,33883.95,2025-11-07T04:45:24Z,2026-03-21T20:30:48Z
332,30,264,ambassador,84,0.0826,44353.79,2025-06-23T23:53:01Z,2026-03-30T01:37:04Z
333,30,49,organic,14,0.0986,19200.96,2025-04-16T04:50:46Z,2026-04-09T09:59:35Z
334,50,126,sponsored,9,0.0216,30369.02,2025-10-30T01:17:01Z,2026-03-23T09:18:37Z
335,32,47,affiliate,39,0.1087,41488.13,2025-12-21T08:31:19Z,2026-03-23T21:16:57Z
336,18,95,ambassador,57,0.0172,46706.53,2025-05-10T05:28:30Z,2026-03-30T16:12:55Z
337,42,116,organic,81,0.0729,11744.97,2026-01-02T05:18:52Z,2026-03-31T05:01:10Z
338,28,460,sponsored,96,0.0433,10262.06,2025-10-24T12:20:54Z,2026-03-25T04:52:30Z
339,28,270,affiliate,43,0.0432,23434.71,2026-01-26T00:21:05Z,2026-03-29T15:00:07Z
340,17,50,ambassador,35,0.0355,48402.67,2026-02-27T00:47:19Z,2026-03-24T22:53:58Z
341,2,27,organic,26,0.0331,10689.66,2025-05-03T03:48:27Z,2026-03-27T11:45:07Z
342,24,153,sponsored,54,0.027,14362.75,2025-08-05T00:55:28Z,2026-03-16T13:47:33Z
343,15,422,affiliate,54,0.0515,38337.21,2026-02-05T18:34:18Z,2026-03-24T23:42:57Z
344,33,370,ambassador,56,0.0397,731.8,2025-06-19T04:09:18Z,2026-04-11T15:46:29Z
345,10,445,organic,22,0.0388,13199.22,2025-07-22T07:11:24Z,2026-03-21T16:08:36Z
346,5,469,sponsored,86,0.085,35697.8,2026-01-11T18:32:59Z,2026-03-23T07:29:09Z
347,41,46,affiliate,23,0.0939,47613.33,2026-03-04T16:02:45Z,2026-03-22T23:49:49Z
348,44,236,ambassador,87,0.078,37788.22,2026-01-04T12:36:19Z,2026-04-04T11:47:11Z
349,4,33,organic,27,0.0544,39772.35,2025-06-25T04:44:59Z,2026-03-22T05:45:40Z
350,28,129,sponsored,91,0.0523,28125.11,2025-06-21T14:06:15Z,2026-03-15T02:23:16Z
351,27,375,affiliate,8,0.073,9799.73,2025-05-25T03:51:53Z,2026-03-31T23:35:03Z
352,34,306,ambassador,98,0.1064,12676.6,2025-05-04T17:05:41Z,2026-03-20T02:56:20Z
353,31,221,organic,56,0.0463,38244.57,2026-03-06T05:20:42Z,2026-03-29T08:28:47Z
354,35,338,sponsored,42,0.0399,21507.21,2025-08-20T12:15:55Z,2026-04-07T16:08:39Z
355,33,12,affiliate,74,0.0625,37494.34,2025-06-21T17:59:50Z,2026-03-31T08:31:07Z
356,33,393,ambassador,4,0.056,39618.55,2025-12-10T17:31:12Z,2026-03-16T02:48:19Z
357,16,106,organic,22,0.0546,10381.44,2025-12-05T03:34:32Z,2026-03-17T18:12:37Z
358,1,487,sponsored,88,0.0386,22122.31,2025-11-01T13:57:42Z,2026-03-20T12:01:10Z
359,8,362,affiliate,76,0.103,44870.66,2026-01-22T05:49:04Z,2026-04-09T04:59:59Z
360,17,404,ambassador,31,0.1093,34516.84,2025-06-05T16:59:20Z,2026-04-12T12:58:48Z
361,11,436,organic,27,0.019,11397.34,2025-07-18T05:00:55Z,2026-04-10T07:12:04Z
362,43,373,sponsored,16,0.0585,27549.3,2026-02-16T23:01:30Z,2026-03-17T02:51:41Z
363,24,71,affiliate,28,0.1091,24366.02,2026-01-07T03:24:09Z,2026-03-29T13:32:12Z
365,45,28,ambassador,43,0.0567,6690.74,2026-01-19T18:06:50Z,2026-04-10T14:33:13Z
366,9,312,organic,36,0.0429,5642.87,2025-04-28T09:40:02Z,2026-03-26T14:50:20Z
367,13,437,sponsored,75,0.0498,14415.24,2025-10-27T04:20:34Z,2026-04-06T06:12:05Z
368,14,265,affiliate,40,0.0476,1276.31,2025-08-30T06:22:07Z,2026-04-02T23:51:31Z
369,45,274,ambassador,30,0.0234,38382.35,2025-09-15T13:42:43Z,2026-04-04T22:30:48Z
370,43,166,organic,53,0.0887,33765.06,2025-12-13T10:18:31Z,2026-03-21T11:27:08Z
371,13,119,sponsored,49,0.0906,1850.15,2025-12-21T05:43:38Z,2026-04-12T23:38:47Z
372,24,505,affiliate,37,0.0451,38056.75,2025-08-20T03:50:35Z,2026-04-06T07:36:22Z
373,4,11,ambassador,77,0.013,34272.54,2025-11-02T14:54:22Z,2026-04-04T19:11:18Z
374,19,468,organic,58,0.1159,13712.55,2026-01-31T02:31:17Z,2026-03-15T13:33:30Z
375,26,14,sponsored,13,0.069,32050.3,2025-07-12T13:39:48Z,2026-03-14T12:09:38Z
376,28,336,affiliate,36,0.0648,27761.64,2025-07-18T11:56:49Z,2026-04-07T00:36:35Z
377,15,477,ambassador,36,0.1032,27803.67,2026-02-24T15:02:05Z,2026-03-18T01:41:27Z
378,1,483,organic,1,0.0147,8543.73,2025-11-19T00:36:19Z,2026-04-07T00:56:09Z
379,26,323,sponsored,69,0.0707,13691.59,2026-01-26T19:41:50Z,2026-04-13T02:13:38Z
380,31,51,affiliate,32,0.0437,13015.72,2025-08-28T11:22:19Z,2026-03-27T01:18:41Z
381,29,252,ambassador,24,0.1169,15479.3,2025-08-10T17:27:56Z,2026-04-06T23:16:15Z
382,23,330,organic,84,0.0407,2673.9,2025-04-26T00:09:28Z,2026-03-27T16:18:32Z
384,46,257,sponsored,51,0.0283,40529.07,2025-09-18T20:44:54Z,2026-03-26T14:23:18Z
386,12,336,affiliate,26,0.0789,48904.52,2026-02-25T00:03:02Z,2026-03-20T22:36:53Z
387,34,341,ambassador,11,0.0617,30449.39,2025-07-03T09:29:14Z,2026-03-21T18:01:57Z
388,23,3,organic,40,0.0297,4245.67,2026-02-13T13:23:29Z,2026-03-22T04:03:49Z
391,23,417,sponsored,92,0.0125,17257.02,2026-01-04T14:36:32Z,2026-04-01T17:17:14Z
392,6,139,affiliate,92,0.0384,26561.33,2025-04-14T16:08:12Z,2026-04-02T17:22:17Z
393,2,266,ambassador,87,0.1016,44108.07,2025-09-14T01:06:41Z,2026-03-22T16:42:57Z
394,12,466,organic,22,0.0264,420.87,2026-03-02T02:00:47Z,2026-03-15T11:46:14Z
395,14,480,sponsored,30,0.0163,27923.23,2025-07-29T16:29:46Z,2026-03-30T06:19:57Z
396,18,317,affiliate,57,0.0307,17628.01,2025-08-04T21:50:12Z,2026-03-27T18:52:34Z
397,15,292,ambassador,84,0.0788,7457.06,2025-10-12T05:00:11Z,2026-04-13T06:31:26Z
398,42,415,organic,2,0.103,35394.86,2026-03-02T14:29:28Z,2026-03-26T11:08:55Z
399,41,501,sponsored,98,0.0769,6346.38,2025-07-28T21:47:12Z,2026-04-08T13:57:03Z
400,42,313,affiliate,73,0.1069,30236.3,2025-05-09T03:00:50Z,2026-04-06T17:58:57Z
401,44,277,ambassador,39,0.0297,5116.19,2025-09-06T05:57:50Z,2026-03-18T12:08:05Z
402,3,349,organic,16,0.1032,41664.21,2025-04-21T05:52:45Z,2026-04-10T03:07:57Z
403,32,171,sponsored,65,0.0504,32080.65,2025-10-12T06:36:07Z,2026-03-15T15:31:12Z
404,37,130,affiliate,35,0.0295,13068.51,2025-12-09T19:05:13Z,2026-04-08T01:14:31Z
406,45,301,ambassador,71,0.0927,35239.09,2025-07-05T22:44:45Z,2026-03-24T17:06:13Z
407,40,501,organic,71,0.0932,517.33,2025-06-14T11:30:20Z,2026-04-07T14:56:42Z
409,40,348,sponsored,36,0.0395,16467.22,2025-07-19T19:05:00Z,2026-04-11T16:47:33Z
410,33,283,affiliate,86,0.0905,27723.42,2025-06-13T21:47:17Z,2026-04-01T22:44:43Z
411,2,211,ambassador,3,0.058,20994.03,2025-07-31T05:26:12Z,2026-03-29T15:05:10Z
412,14,85,organic,37,0.0654,23421.75,2026-03-08T20:40:11Z,2026-03-29T04:59:40Z
413,47,217,sponsored,6,0.0962,2902.39,2025-11-08T16:51:08Z,2026-04-08T09:04:56Z
414,46,217,affiliate,80,0.05,14673.98,2025-09-20T21:05:39Z,2026-03-28T13:34:40Z
415,26,278,ambassador,14,0.0148,10984.07,2026-01-01T07:54:03Z,2026-03-24T00:38:19Z
416,31,268,organic,83,0.0576,36615.77,2025-10-27T21:40:42Z,2026-04-04T11:29:52Z
417,7,195,sponsored,77,0.0394,6260.57,2026-02-05T18:21:34Z,2026-03-31T02:43:24Z
418,31,125,affiliate,90,0.0608,11669.97,2026-01-09T23:12:00Z,2026-04-01T11:23:43Z
419,35,283,ambassador,96,0.1131,10428.2,2025-08-15T10:39:00Z,2026-04-04T06:43:03Z
420,20,305,organic,19,0.0182,26513.07,2025-11-21T02:54:05Z,2026-04-02T06:21:20Z
421,8,242,sponsored,8,0.0314,37441.68,2025-05-03T04:00:42Z,2026-04-08T03:47:04Z
422,28,478,affiliate,80,0.1084,38060.7,2025-10-22T12:25:42Z,2026-03-15T00:22:23Z
423,39,171,ambassador,44,0.111,37949.01,2025-08-11T00:48:36Z,2026-03-28T02:13:28Z
424,37,241,organic,73,0.0226,49757.84,2025-10-04T23:35:06Z,2026-04-07T01:16:43Z
425,46,59,sponsored,64,0.0401,28640.11,2025-09-20T07:23:48Z,2026-03-20T12:21:00Z
426,50,437,affiliate,63,0.0953,5332.33,2026-01-05T05:25:43Z,2026-03-26T14:21:10Z
427,16,204,ambassador,91,0.1173,47836.89,2025-07-08T02:57:05Z,2026-04-04T08:45:09Z
428,18,429,organic,62,0.0378,39997.06,2026-02-06T10:19:32Z,2026-04-05T11:48:36Z
429,23,291,sponsored,41,0.0818,2653.62,2025-06-15T08:19:41Z,2026-03-19T21:55:45Z
430,25,172,affiliate,69,0.0925,13326.86,2025-08-20T08:03:42Z,2026-03-28T02:40:14Z
431,22,335,ambassador,51,0.017,1674.71,2025-10-11T12:05:41Z,2026-03-23T10:53:52Z
433,46,388,organic,54,0.0135,4081.1,2026-01-05T20:13:30Z,2026-03-25T03:07:36Z
434,45,234,sponsored,59,0.0756,26624.4,2025-12-09T12:52:47Z,2026-04-11T17:21:49Z
435,33,277,affiliate,52,0.0529,19402.3,2025-06-15T09:44:57Z,2026-04-01T03:39:10Z
436,43,40,ambassador,95,0.034,29400.36,2025-07-30T00:11:47Z,2026-03-20T11:03:16Z
437,44,122,organic,81,0.1162,27857.51,2025-11-16T07:45:10Z,2026-03-28T17:44:39Z
438,21,464,sponsored,39,0.0276,3158.72,2026-01-28T12:26:40Z,2026-04-12T11:19:50Z
439,9,414,affiliate,12,0.086,49532.33,2026-01-01T03:08:06Z,2026-03-20T02:47:26Z
440,44,119,ambassador,74,0.0278,45275.39,2026-02-06T14:09:02Z,2026-04-09T11:16:03Z
441,17,113,organic,83,0.1139,21807.3,2025-10-14T06:06:13Z,2026-03-18T15:19:39Z
442,1,491,sponsored,12,0.1137,8746.88,2025-10-15T10:04:06Z,2026-03-19T21:08:29Z
443,30,339,affiliate,42,0.0721,30308.25,2025-09-18T17:31:06Z,2026-03-27T22:03:35Z
444,4,87,ambassador,3,0.0602,45310.61,2025-09-13T01:31:48Z,2026-04-12T15:44:38Z
447,49,295,organic,51,0.0744,43378.03,2025-12-27T08:33:04Z,2026-03-31T09:21:19Z
448,42,143,sponsored,71,0.117,13644.67,2026-01-20T10:09:04Z,2026-03-20T16:36:21Z
452,2,134,affiliate,89,0.0914,40914.63,2025-07-11T03:19:00Z,2026-04-09T23:52:45Z
453,10,132,ambassador,68,0.0858,36189.17,2025-11-26T01:25:28Z,2026-03-17T06:18:37Z
454,11,506,organic,96,0.0748,30888.16,2025-10-25T12:06:53Z,2026-03-30T05:21:47Z
455,43,179,sponsored,25,0.0757,39985.75,2026-02-03T01:54:18Z,2026-04-01T02:47:06Z
457,10,366,affiliate,69,0.0712,10388.99,2025-09-02T13:41:19Z,2026-04-07T08:27:49Z
458,10,324,ambassador,41,0.0652,40335.73,2025-08-16T09:43:29Z,2026-04-03T19:30:40Z
459,10,53,organic,5,0.1148,19939.99,2025-05-16T16:06:13Z,2026-03-25T11:05:42Z
460,3,4,sponsored,15,0.0306,25112.13,2025-07-09T21:58:04Z,2026-03-29T12:31:09Z
461,34,188,affiliate,55,0.1107,1348.65,2025-08-27T14:40:28Z,2026-03-21T09:06:56Z
462,9,281,ambassador,79,0.0992,1944.21,2025-05-23T21:09:27Z,2026-04-02T14:10:52Z
463,8,455,organic,91,0.1186,10949.95,2025-10-12T10:54:10Z,2026-04-03T17:57:26Z
464,9,274,sponsored,93,0.062,34353.75,2026-03-10T22:11:43Z,2026-04-02T00:51:11Z
465,11,223,affiliate,6,0.1065,46771.43,2025-07-05T10:47:51Z,2026-04-10T03:31:06Z
466,33,1,ambassador,27,0.1185,8315.01,2026-02-05T15:04:41Z,2026-03-14T10:43:13Z
467,8,482,organic,31,0.0703,38773.12,2025-09-12T02:10:16Z,2026-04-12T01:17:13Z
468,12,315,sponsored,51,0.0835,13251.37,2025-10-20T09:31:40Z,2026-04-09T02:56:51Z
469,3,292,affiliate,30,0.0356,1065.65,2025-06-13T03:11:02Z,2026-04-11T16:20:56Z
470,24,283,ambassador,91,0.0856,43974.55,2025-08-15T20:53:13Z,2026-04-09T07:44:46Z
471,3,14,organic,98,0.0496,19156.39,2025-08-14T01:00:25Z,2026-03-22T23:19:27Z
472,16,252,sponsored,52,0.1105,30785.89,2025-05-21T09:46:30Z,2026-03-18T03:57:12Z
473,35,252,affiliate,2,0.1181,15664.99,2025-10-30T19:47:56Z,2026-03-17T22:52:19Z
474,2,46,ambassador,5,0.0805,32618.98,2025-05-11T08:53:10Z,2026-03-19T13:18:50Z
475,41,490,organic,68,0.0998,28660.98,2026-03-04T10:35:34Z,2026-03-26T19:28:37Z
476,50,74,sponsored,38,0.0723,45863.06,2025-08-05T12:21:56Z,2026-03-15T13:51:55Z
477,9,94,affiliate,11,0.0886,15162.35,2026-02-16T21:09:52Z,2026-03-30T16:02:21Z
478,43,167,ambassador,57,0.1091,35781.15,2026-01-13T12:21:12Z,2026-03-23T21:59:51Z
479,34,469,organic,19,0.0308,28742.74,2025-11-01T08:12:29Z,2026-04-09T20:04:05Z
480,3,285,sponsored,50,0.0765,1425.24,2025-12-18T14:09:58Z,2026-04-05T14:14:24Z
481,21,353,affiliate,94,0.0639,29092.81,2025-04-17T09:39:51Z,2026-03-22T07:22:33Z
482,20,63,ambassador,10,0.0659,11830.52,2025-11-01T17:08:13Z,2026-03-23T04:02:22Z
483,33,449,organic,50,0.0377,46570.32,2025-06-28T09:25:28Z,2026-04-08T01:18:19Z
484,36,406,sponsored,68,0.1172,10309.7,2025-10-11T10:52:40Z,2026-03-20T22:49:08Z
485,11,189,affiliate,97,0.0876,37736.8,2025-10-31T09:46:00Z,2026-04-03T00:00:08Z
486,46,290,ambassador,64,0.0217,14905.7,2025-06-25T19:21:50Z,2026-04-07T18:48:00Z
487,7,304,organic,89,0.0355,12959.54,2025-08-19T14:26:22Z,2026-04-04T02:33:17Z
488,24,142,sponsored,78,0.092,1765.01,2025-05-01T20:04:43Z,2026-04-02T02:00:06Z
489,45,210,affiliate,27,0.097,17550.49,2025-07-19T12:28:03Z,2026-04-10T12:29:06Z
490,44,260,ambassador,85,0.0252,47617.8,2025-11-19T00:02:25Z,2026-03-21T12:08:14Z
491,9,146,organic,44,0.0177,17821.63,2026-02-17T12:16:36Z,2026-03-15T22:29:20Z
492,2,158,sponsored,29,0.0853,36591.17,2025-09-06T17:24:05Z,2026-03-15T18:22:10Z
493,20,478,affiliate,9,0.0803,40105.11,2025-08-19T11:06:16Z,2026-03-23T14:39:05Z
494,46,181,ambassador,20,0.0289,13963.66,2026-02-28T12:59:04Z,2026-04-05T01:53:02Z
495,27,126,organic,99,0.0561,44851.12,2025-07-06T21:05:13Z,2026-03-27T22:42:25Z
496,32,446,sponsored,69,0.0181,12367.09,2025-08-04T22:24:22Z,2026-03-27T07:24:14Z
497,7,435,affiliate,74,0.0924,31452.49,2026-01-13T22:53:23Z,2026-03-28T23:26:43Z
500,10,17,ambassador,24,0.0497,20969.79,2025-08-09T09:35:01Z,2026-03-30T05:27:16Z
501,9,387,organic,21,0.113,22615.82,2025-10-18T22:48:14Z,2026-03-24T16:30:09Z
504,9,331,sponsored,53,0.0591,34655.86,2025-06-18T19:03:45Z,2026-03-29T13:11:43Z
505,13,204,affiliate,22,0.0975,46016.42,2025-07-15T08:39:28Z,2026-04-06T06:54:29Z
506,47,140,ambassador,52,0.0835,17169.04,2026-03-08T06:08:57Z,2026-04-09T05:18:57Z
507,50,237,organic,29,0.0373,45049.39,2026-01-03T05:06:22Z,2026-03-24T17:19:45Z
508,13,67,sponsored,88,0.075,14194.58,2026-03-13T06:00:33Z,2026-03-25T23:50:01Z
509,22,6,affiliate,43,0.0877,41471.56,2025-05-24T06:46:10Z,2026-03-21T05:41:47Z
510,15,213,ambassador,81,0.0582,18818.2,2025-05-12T23:24:02Z,2026-03-26T08:56:20Z
511,16,401,organic,59,0.0343,17472.94,2025-06-16T14:23:49Z,2026-03-31T19:27:12Z
512,27,386,sponsored,11,0.1148,46447.87,2025-11-08T10:15:55Z,2026-03-19T00:59:21Z
513,34,117,affiliate,41,0.0492,36651.97,2025-08-02T20:21:20Z,2026-03-25T11:02:05Z
514,5,206,ambassador,44,0.0807,21333.36,2025-04-28T08:49:10Z,2026-03-31T10:37:50Z
515,42,104,organic,84,0.0323,48975.98,2025-12-20T12:14:56Z,2026-03-29T23:18:15Z
516,24,359,sponsored,1,0.1003,37213.9,2025-07-17T17:33:23Z,2026-04-01T17:21:48Z
517,47,420,affiliate,55,0.0656,5130.22,2026-01-13T00:50:09Z,2026-03-24T17:08:58Z
518,8,252,ambassador,7,0.0621,15296.05,2026-02-28T23:35:11Z,2026-03-16T01:08:31Z
519,10,287,organic,65,0.0299,372.82,2025-12-14T18:54:51Z,2026-03-22T04:27:46Z
520,37,184,sponsored,43,0.0546,3287.5,2025-06-01T00:05:48Z,2026-03-29T11:15:47Z
521,49,65,affiliate,74,0.084,23696.35,2026-01-12T09:16:24Z,2026-03-26T06:52:44Z
523,26,462,ambassador,15,0.0294,40027.37,2026-01-28T20:55:14Z,2026-03-24T16:04:15Z
524,35,145,organic,56,0.0611,3401.69,2025-06-12T00:06:23Z,2026-04-03T00:46:55Z
525,44,212,sponsored,1,0.0179,15202.68,2025-10-31T02:15:37Z,2026-03-19T23:13:01Z
526,48,131,affiliate,8,0.0983,32985.19,2025-12-22T22:30:50Z,2026-03-21T10:38:04Z
527,50,80,ambassador,49,0.0664,7786.21,2025-05-21T01:32:15Z,2026-03-17T11:42:05Z
528,8,295,organic,7,0.0939,6617.84,2026-02-22T20:23:59Z,2026-03-31T09:03:31Z
529,10,295,sponsored,2,0.0481,29407.89,2025-08-23T07:20:20Z,2026-03-27T08:01:27Z
530,47,364,affiliate,38,0.0536,37578.88,2025-11-06T05:08:56Z,2026-04-04T03:38:37Z
531,28,204,ambassador,94,0.0969,14285.55,2026-01-25T11:22:59Z,2026-04-07T02:16:43Z
532,22,234,organic,36,0.0343,19409,2025-10-28T17:08:26Z,2026-03-25T07:49:23Z
533,27,32,sponsored,51,0.0646,48402.28,2025-06-08T18:32:17Z,2026-04-04T06:25:12Z
534,42,356,affiliate,37,0.0742,47124.83,2026-01-24T04:42:29Z,2026-04-01T19:29:20Z
535,46,452,ambassador,82,0.0874,13908.3,2025-06-06T18:31:50Z,2026-03-16T02:23:01Z
536,43,108,organic,97,0.0722,25346.05,2025-06-21T01:47:01Z,2026-03-31T23:48:21Z
537,48,222,sponsored,98,0.0239,33370.32,2026-02-17T17:24:41Z,2026-03-31T19:04:25Z
538,34,112,affiliate,70,0.075,3311,2025-07-29T22:02:18Z,2026-04-09T10:39:32Z
539,17,46,ambassador,18,0.0309,570.59,2026-03-04T07:31:37Z,2026-04-09T06:42:41Z
540,37,104,organic,17,0.0364,30692.03,2025-08-22T16:37:16Z,2026-04-10T06:24:31Z
541,29,157,sponsored,91,0.1116,12868.46,2025-12-08T16:36:42Z,2026-03-15T09:52:20Z
542,18,232,affiliate,1,0.0771,18028.64,2026-02-13T10:16:22Z,2026-03-29T12:42:06Z
543,47,260,ambassador,83,0.0772,46275.55,2026-02-02T16:54:48Z,2026-04-12T03:03:34Z
544,11,2,organic,70,0.0357,49696.93,2025-09-01T23:48:18Z,2026-04-07T12:36:07Z
545,2,307,sponsored,23,0.0359,18689.1,2025-11-24T05:06:38Z,2026-03-26T15:53:50Z
546,24,513,affiliate,56,0.0559,6190.36,2026-01-28T07:05:46Z,2026-03-16T02:17:28Z
547,23,137,ambassador,68,0.1141,26471.15,2025-04-22T18:17:16Z,2026-04-03T05:52:21Z
548,7,147,organic,28,0.1014,30539.78,2025-06-17T05:23:24Z,2026-03-20T07:58:51Z
549,15,253,sponsored,12,0.0427,43769.01,2026-01-07T14:06:13Z,2026-03-26T18:58:05Z
550,41,173,affiliate,20,0.1015,3636.06,2026-02-24T23:44:14Z,2026-04-02T19:56:48Z
551,32,505,ambassador,55,0.0511,19021.93,2025-07-13T17:27:36Z,2026-04-08T11:42:25Z
552,27,351,organic,57,0.023,42994.52,2025-10-05T11:01:45Z,2026-03-18T06:25:08Z
553,11,20,sponsored,4,0.0835,40766,2025-07-19T16:08:29Z,2026-03-21T08:19:16Z
554,44,392,affiliate,1,0.1137,23332.9,2026-01-25T05:27:19Z,2026-04-04T23:36:15Z
555,17,384,ambassador,30,0.0268,47086.34,2025-05-19T10:20:18Z,2026-03-29T10:24:48Z
556,34,5,organic,99,0.0257,24046.68,2025-11-09T05:51:06Z,2026-04-01T00:15:30Z
557,18,311,sponsored,17,0.0183,11671.97,2025-08-17T09:20:55Z,2026-03-29T19:01:30Z
558,8,474,affiliate,60,0.1128,40251.66,2025-11-15T05:55:51Z,2026-03-27T10:05:10Z
559,22,364,ambassador,65,0.0887,23232.07,2025-10-10T21:28:06Z,2026-03-23T20:15:09Z
560,31,242,organic,62,0.0675,24337.15,2025-05-28T14:15:11Z,2026-04-03T01:57:57Z
561,26,214,sponsored,8,0.0278,15288.67,2025-05-04T23:34:51Z,2026-03-16T06:14:19Z
562,50,327,affiliate,43,0.0775,2703.61,2025-05-23T15:49:42Z,2026-04-05T07:32:21Z
563,28,340,ambassador,72,0.0516,29525.21,2026-01-22T07:24:33Z,2026-04-02T00:59:37Z
564,24,237,organic,82,0.0207,41886.12,2026-03-04T13:02:37Z,2026-03-18T07:25:00Z
565,5,17,sponsored,42,0.0927,1738,2025-09-05T11:32:22Z,2026-04-04T02:46:40Z
566,11,279,affiliate,87,0.0971,49165.03,2025-04-15T06:18:28Z,2026-04-11T20:59:16Z
567,38,278,ambassador,98,0.0108,5734.26,2025-10-30T10:01:14Z,2026-03-14T13:22:54Z
568,3,401,organic,90,0.1157,16031.8,2026-01-16T00:37:38Z,2026-03-25T22:24:35Z
569,13,58,sponsored,4,0.0528,48406.18,2025-11-14T19:23:28Z,2026-03-22T05:57:57Z
570,34,518,affiliate,92,0.0397,20749.71,2026-01-26T03:27:49Z,2026-04-03T08:52:04Z
571,32,371,ambassador,43,0.0477,34314.96,2025-11-12T23:32:15Z,2026-03-29T22:59:07Z
572,29,120,organic,10,0.1082,39935.32,2025-06-29T07:38:43Z,2026-04-12T01:50:55Z
573,18,308,sponsored,37,0.0412,33834.17,2025-11-20T12:09:51Z,2026-03-26T05:50:15Z
574,26,120,affiliate,53,0.081,49506.74,2025-04-22T06:33:04Z,2026-04-12T17:12:12Z
575,48,66,ambassador,34,0.0927,5771.24,2025-10-23T17:54:14Z,2026-04-01T11:11:42Z
576,23,138,organic,44,0.108,20092.58,2025-07-20T16:40:56Z,2026-04-09T03:45:42Z
577,46,417,sponsored,43,0.0453,47378.51,2026-02-07T09:38:36Z,2026-03-16T00:18:41Z
578,34,137,affiliate,87,0.111,18495.52,2025-05-29T03:25:01Z,2026-04-04T21:51:17Z
579,36,210,ambassador,37,0.0799,24382.88,2025-06-12T01:37:45Z,2026-04-03T17:36:25Z
580,18,268,organic,29,0.038,1692.8,2025-10-02T19:02:05Z,2026-04-06T01:30:28Z
581,50,38,sponsored,43,0.0744,7060.05,2026-03-01T22:44:10Z,2026-03-19T15:30:31Z
582,9,330,affiliate,59,0.0829,11824.04,2025-05-17T19:14:01Z,2026-03-18T08:55:54Z
583,25,107,ambassador,4,0.1,41239.3,2025-07-02T00:01:35Z,2026-04-10T15:56:41Z
584,38,138,organic,22,0.0923,11039.7,2025-10-21T02:13:57Z,2026-04-08T12:02:19Z
585,42,478,sponsored,56,0.1134,8873.51,2025-11-10T09:12:09Z,2026-04-05T15:48:09Z
586,21,475,affiliate,74,0.0701,24867.89,2025-05-25T13:56:47Z,2026-04-02T10:19:20Z
587,32,137,ambassador,50,0.1181,1307.24,2025-11-15T04:36:39Z,2026-04-08T11:05:54Z
588,17,28,organic,35,0.0964,37444.99,2025-10-12T08:35:53Z,2026-03-22T04:12:44Z
589,15,445,sponsored,75,0.1174,47741.85,2025-11-03T16:23:34Z,2026-04-09T21:24:04Z
591,36,473,affiliate,19,0.061,1230.94,2025-08-27T17:25:49Z,2026-03-22T08:48:51Z
593,34,12,ambassador,68,0.0618,11262.75,2026-03-12T11:59:09Z,2026-04-01T23:18:06Z
594,44,70,organic,66,0.044,41785.81,2025-12-08T18:48:56Z,2026-04-05T00:17:39Z
595,4,59,sponsored,3,0.0901,13194.37,2025-11-17T23:45:34Z,2026-03-20T07:38:13Z
596,4,488,affiliate,52,0.0142,1263.93,2025-08-07T19:50:55Z,2026-03-18T18:38:33Z
597,17,134,ambassador,60,0.0784,20621.92,2025-06-20T10:06:32Z,2026-04-04T21:43:35Z
598,10,482,organic,3,0.0844,37166.8,2025-07-21T09:54:50Z,2026-04-13T01:46:27Z
600,42,135,sponsored,36,0.0715,22299.93,2026-01-26T18:39:27Z,2026-03-23T05:32:24Z
601,3,174,affiliate,33,0.0719,13078.41,2025-04-21T02:22:28Z,2026-03-29T17:40:04Z
602,28,240,ambassador,59,0.0125,10558.82,2025-12-03T18:22:04Z,2026-03-21T22:48:57Z
603,43,379,organic,74,0.0108,40807.25,2025-09-12T22:05:44Z,2026-04-08T04:46:22Z
604,33,145,sponsored,6,0.1043,45595.7,2026-01-01T02:25:21Z,2026-03-17T11:09:31Z
605,36,383,affiliate,33,0.0606,6487.09,2025-08-22T19:32:09Z,2026-03-21T21:13:30Z
606,10,520,ambassador,17,0.0418,8208.92,2025-08-24T17:55:50Z,2026-03-21T09:26:37Z
607,34,23,organic,84,0.0717,24354.08,2025-07-04T05:19:22Z,2026-03-19T04:26:38Z
608,4,472,sponsored,73,0.0198,20823.1,2025-07-02T08:37:18Z,2026-03-17T05:32:12Z
609,13,282,affiliate,46,0.116,35628.14,2025-06-14T08:46:56Z,2026-04-13T05:14:39Z
610,30,104,ambassador,77,0.0538,14927.77,2025-05-12T17:01:12Z,2026-04-09T01:05:00Z
611,45,177,organic,77,0.0646,29371.46,2026-03-08T16:21:54Z,2026-04-07T05:51:01Z
612,39,423,sponsored,70,0.1186,6128.38,2025-08-15T09:35:14Z,2026-03-20T15:25:12Z
613,8,46,affiliate,37,0.0512,7421.18,2026-01-02T19:53:27Z,2026-04-08T20:39:29Z
614,36,510,ambassador,30,0.0929,40053.64,2025-09-14T18:27:03Z,2026-04-11T00:49:36Z
615,18,394,organic,70,0.0518,4792.54,2025-08-20T15:17:51Z,2026-03-27T05:41:18Z
616,25,390,sponsored,30,0.0299,28653.66,2025-08-24T10:00:57Z,2026-04-06T10:01:27Z
617,34,47,affiliate,75,0.1051,45144.98,2025-11-10T04:02:32Z,2026-03-15T11:11:43Z
618,18,512,ambassador,55,0.011,44603.01,2025-10-18T05:32:29Z,2026-03-24T23:42:29Z
619,8,163,organic,57,0.1122,38680.08,2025-05-13T07:12:28Z,2026-04-09T01:17:50Z
620,46,163,sponsored,56,0.0778,18963.16,2026-02-13T15:38:07Z,2026-04-03T09:34:41Z
621,34,504,affiliate,61,0.0993,15048.84,2025-05-14T22:20:23Z,2026-03-27T03:01:02Z
622,45,346,ambassador,72,0.0264,26124.82,2025-08-16T01:40:12Z,2026-04-02T20:49:59Z
623,33,76,organic,3,0.0361,46373.05,2026-01-24T10:49:11Z,2026-03-31T16:45:04Z
624,27,107,sponsored,33,0.0629,45738.22,2025-06-22T05:31:27Z,2026-04-04T23:36:36Z
625,24,438,affiliate,20,0.072,16944.46,2025-09-04T04:06:15Z,2026-04-08T14:34:05Z
626,15,237,ambassador,58,0.0952,5231.23,2025-11-12T08:01:32Z,2026-04-04T16:34:33Z
627,42,106,organic,28,0.0564,2795.89,2026-01-16T01:57:55Z,2026-04-09T01:05:31Z
628,12,367,sponsored,4,0.1093,14539.32,2025-08-05T21:14:09Z,2026-04-09T03:15:06Z
629,45,208,affiliate,10,0.0948,37329.46,2025-06-28T11:12:26Z,2026-03-30T23:53:26Z
630,1,151,ambassador,31,0.0987,4152.74,2025-05-05T01:29:06Z,2026-03-31T16:35:21Z
632,14,259,organic,62,0.027,24840.05,2025-11-27T05:45:14Z,2026-04-02T05:29:15Z
633,7,445,sponsored,70,0.0344,48454.55,2025-12-20T05:59:10Z,2026-04-11T17:44:39Z
634,11,186,affiliate,22,0.022,32641.77,2025-08-26T02:33:51Z,2026-03-25T02:36:50Z
635,15,112,ambassador,84,0.0436,28101.61,2025-08-01T09:21:38Z,2026-04-13T07:25:39Z
636,3,386,organic,84,0.0707,7728.41,2025-06-30T09:31:18Z,2026-04-12T06:40:37Z
637,45,215,sponsored,15,0.1066,31431.92,2026-01-22T11:28:08Z,2026-04-06T14:34:17Z
639,3,65,affiliate,41,0.0797,45848.79,2025-06-22T12:01:55Z,2026-03-27T09:16:09Z
640,3,155,ambassador,16,0.0705,3095.15,2025-12-30T20:12:42Z,2026-03-23T21:20:24Z
642,50,194,organic,34,0.1101,7849.45,2025-09-26T10:35:00Z,2026-03-27T06:45:16Z
643,26,255,sponsored,66,0.0766,39820.39,2025-10-28T13:41:02Z,2026-03-23T18:29:48Z
644,33,332,affiliate,12,0.0334,3209.67,2026-01-08T12:34:56Z,2026-03-31T00:31:14Z
645,24,189,ambassador,56,0.0803,31234.63,2025-10-03T00:29:08Z,2026-04-09T17:35:53Z
646,12,31,organic,37,0.0407,849.92,2025-07-25T01:05:18Z,2026-03-15T18:13:53Z
647,15,474,sponsored,21,0.0567,14011.3,2025-12-26T22:54:22Z,2026-03-24T11:02:14Z
648,5,294,affiliate,24,0.0893,42891.99,2025-06-18T20:02:31Z,2026-04-06T16:31:44Z
649,27,236,ambassador,31,0.025,27975.43,2025-08-11T12:56:59Z,2026-03-25T15:09:54Z
650,50,427,organic,4,0.0517,28174.04,2025-05-05T03:43:37Z,2026-03-20T18:55:25Z
651,26,187,sponsored,56,0.0186,15927.85,2025-05-19T21:50:51Z,2026-04-10T21:07:53Z
652,46,182,affiliate,87,0.0273,37934.83,2025-07-28T13:09:04Z,2026-04-07T13:13:39Z
654,31,4,ambassador,90,0.0116,25654.21,2025-04-17T22:17:07Z,2026-03-24T13:33:34Z
655,24,73,organic,21,0.0965,29457.81,2025-12-29T05:53:28Z,2026-04-08T05:41:59Z
656,45,67,sponsored,80,0.0954,7559.17,2026-02-08T17:41:19Z,2026-03-23T13:10:59Z
657,11,517,affiliate,33,0.0957,217.9,2025-10-02T02:46:16Z,2026-04-08T14:39:34Z
658,38,242,ambassador,73,0.03,47059.9,2025-07-25T22:52:38Z,2026-03-28T18:05:07Z
659,44,285,organic,74,0.0971,1488.39,2025-12-05T16:17:39Z,2026-03-23T05:28:49Z
660,47,53,sponsored,33,0.0807,40583.78,2025-04-13T17:20:10Z,2026-03-14T11:57:42Z
661,26,501,affiliate,85,0.0263,21213.06,2025-07-26T11:16:01Z,2026-04-01T10:39:23Z
662,1,204,ambassador,18,0.0397,22506.01,2025-11-01T00:52:12Z,2026-03-24T17:06:54Z
663,4,470,organic,31,0.0606,38540.99,2025-05-13T08:34:13Z,2026-03-24T02:41:19Z
664,8,52,sponsored,48,0.0199,10096.48,2026-03-06T09:17:12Z,2026-03-18T18:52:37Z
665,41,172,affiliate,77,0.067,22502,2026-03-09T05:33:46Z,2026-03-17T06:02:05Z
666,45,222,ambassador,58,0.1147,4123.12,2025-07-24T14:25:30Z,2026-04-09T03:58:40Z
667,50,72,organic,45,0.0221,9830.3,2026-03-09T23:42:47Z,2026-04-01T10:02:14Z
668,44,125,sponsored,32,0.1167,4906.41,2025-10-05T06:46:16Z,2026-03-26T06:20:25Z
669,9,458,affiliate,1,0.0352,961.49,2026-01-15T04:05:16Z,2026-03-28T12:19:37Z
671,50,2,ambassador,60,0.0944,2374.68,2026-01-31T21:58:22Z,2026-04-05T08:14:48Z
672,15,258,organic,49,0.0182,13185.8,2026-01-15T22:29:25Z,2026-03-21T03:39:05Z
673,22,132,sponsored,13,0.0776,44772.97,2025-05-14T22:19:49Z,2026-04-09T21:16:50Z
674,23,393,affiliate,48,0.1117,44202.43,2025-11-28T22:15:07Z,2026-04-03T08:17:54Z
675,49,356,ambassador,15,0.0299,793.25,2025-04-13T10:03:56Z,2026-03-25T04:39:10Z
676,15,230,organic,24,0.0533,48635.11,2026-02-11T06:17:35Z,2026-04-06T05:19:35Z
677,8,90,sponsored,1,0.0592,21369.77,2025-08-08T01:12:25Z,2026-03-30T16:45:08Z
678,5,42,affiliate,46,0.0398,49502.64,2025-09-23T16:16:23Z,2026-03-17T03:08:01Z
681,12,113,ambassador,85,0.0143,3933.13,2026-02-02T05:27:38Z,2026-03-17T14:12:31Z
682,10,69,organic,38,0.1166,19737.53,2025-06-22T22:19:18Z,2026-04-06T10:04:12Z
684,13,337,sponsored,87,0.0632,29081.83,2025-04-29T04:37:27Z,2026-03-23T13:00:02Z
685,40,9,affiliate,27,0.0819,43365.39,2025-11-30T14:54:53Z,2026-04-09T16:05:32Z
687,16,464,ambassador,24,0.063,3181.86,2025-09-05T16:02:51Z,2026-03-31T23:42:38Z
688,21,238,organic,84,0.105,33015.72,2025-07-25T09:14:07Z,2026-03-23T02:19:24Z
689,40,420,sponsored,73,0.1051,6784.76,2026-01-18T23:56:28Z,2026-03-19T07:59:07Z
690,50,359,affiliate,10,0.0709,18201.32,2025-11-01T17:42:07Z,2026-03-19T00:30:05Z
692,36,228,ambassador,89,0.1185,20436.31,2025-09-13T16:40:58Z,2026-03-24T21:40:50Z
693,34,501,organic,36,0.0831,5801.14,2025-05-30T23:20:21Z,2026-04-12T16:20:12Z
694,36,170,sponsored,1,0.081,48954.99,2025-04-30T19:19:38Z,2026-03-18T11:17:44Z
695,13,332,affiliate,33,0.0499,47241.46,2026-01-15T23:14:39Z,2026-03-25T11:16:45Z
696,5,201,ambassador,59,0.0509,6474.54,2025-08-23T06:37:51Z,2026-03-20T21:21:47Z
697,11,144,organic,51,0.0993,6204.95,2026-01-06T21:16:38Z,2026-03-24T10:54:53Z
699,18,368,sponsored,9,0.1078,8761.66,2026-02-22T15:09:26Z,2026-04-11T03:52:09Z
700,20,36,affiliate,62,0.0648,46388.37,2025-12-22T13:44:53Z,2026-04-11T22:52:12Z
701,5,505,ambassador,45,0.0464,6719.81,2025-09-15T04:33:01Z,2026-03-28T17:20:59Z
702,23,107,organic,31,0.0964,44925.18,2025-10-17T17:34:06Z,2026-04-03T11:43:52Z
703,18,94,sponsored,31,0.0433,43875.38,2025-07-15T23:41:58Z,2026-03-15T00:45:41Z
704,29,340,affiliate,45,0.0662,33716.71,2025-10-31T10:52:50Z,2026-03-22T23:49:38Z
705,11,395,ambassador,86,0.0337,8409.16,2026-02-04T19:51:23Z,2026-04-09T06:29:41Z
706,5,60,organic,60,0.0289,2862.17,2025-12-19T09:38:24Z,2026-04-09T02:24:15Z
707,31,277,sponsored,22,0.0688,11923.92,2025-11-06T15:55:26Z,2026-03-23T20:38:50Z
708,48,176,affiliate,48,0.0637,44898.36,2025-09-30T00:27:14Z,2026-03-26T07:28:44Z
709,33,441,ambassador,5,0.0472,14824.54,2025-11-06T12:03:03Z,2026-03-24T10:06:25Z
710,19,220,organic,92,0.1182,27777.71,2025-05-08T01:10:45Z,2026-03-28T10:29:28Z
711,12,292,sponsored,45,0.063,12569.6,2026-01-07T05:10:43Z,2026-04-10T12:40:35Z
712,45,431,affiliate,20,0.0782,36848.89,2026-01-09T19:38:52Z,2026-03-23T14:35:50Z
713,33,184,ambassador,81,0.0993,47981.95,2026-01-12T15:10:23Z,2026-03-31T16:21:31Z
714,21,509,organic,83,0.0574,33762.31,2026-02-20T11:45:24Z,2026-03-26T17:54:40Z
715,5,76,sponsored,7,0.0623,47101.53,2026-01-29T23:50:23Z,2026-03-31T13:21:46Z
716,30,351,affiliate,58,0.0969,16037.07,2025-06-20T01:29:50Z,2026-04-05T11:16:57Z
717,30,122,ambassador,4,0.1148,36749.96,2025-10-03T11:06:46Z,2026-04-07T19:43:44Z
718,20,54,organic,41,0.1164,45228.85,2025-11-10T15:13:18Z,2026-03-24T08:49:53Z
719,12,266,sponsored,7,0.0472,17146.62,2026-01-19T06:10:12Z,2026-04-02T08:42:47Z
720,39,170,affiliate,5,0.0458,43195.32,2025-12-11T19:47:41Z,2026-03-30T23:37:17Z
721,34,321,ambassador,8,0.0699,20763.31,2025-10-13T01:17:30Z,2026-04-02T10:57:41Z
722,36,167,organic,61,0.0162,8460,2025-04-15T02:09:53Z,2026-04-11T18:58:59Z
723,3,227,sponsored,15,0.0296,32010.78,2025-09-28T14:59:12Z,2026-03-16T14:20:07Z
724,1,388,affiliate,16,0.0199,6149.81,2025-11-30T01:25:08Z,2026-03-17T02:02:50Z
725,5,160,ambassador,40,0.055,4958.63,2025-12-16T18:17:05Z,2026-03-16T15:02:16Z
726,26,449,organic,33,0.078,34526.14,2025-12-09T11:24:36Z,2026-04-04T14:42:38Z
727,34,34,sponsored,39,0.0532,29864.44,2025-09-24T13:05:05Z,2026-03-15T23:18:36Z
728,49,284,affiliate,25,0.1069,1078.68,2025-08-23T21:56:27Z,2026-03-21T11:17:28Z
729,37,202,ambassador,45,0.0664,38112.58,2025-07-01T09:41:37Z,2026-04-09T17:18:12Z
730,22,457,organic,98,0.0857,42827.08,2025-11-05T15:00:42Z,2026-03-24T08:29:44Z
731,7,222,sponsored,47,0.0452,28142.35,2025-11-28T02:36:56Z,2026-04-01T02:04:49Z
732,18,348,affiliate,4,0.0197,42838.15,2026-01-19T03:33:35Z,2026-03-15T00:32:25Z
733,17,3,ambassador,18,0.1022,32453.53,2025-11-07T05:55:39Z,2026-04-12T10:06:27Z
734,32,50,organic,74,0.0222,8045.54,2025-12-12T12:23:27Z,2026-04-02T08:11:11Z
735,47,404,sponsored,7,0.0896,46790.58,2025-10-25T11:06:14Z,2026-04-04T19:50:40Z
737,13,321,affiliate,49,0.02,38415.94,2025-12-05T13:00:20Z,2026-04-05T15:19:28Z
738,27,188,ambassador,72,0.0628,23983.03,2025-10-28T19:12:51Z,2026-04-06T06:36:45Z
739,30,388,organic,69,0.0633,4627.15,2025-10-07T17:03:38Z,2026-04-11T09:42:16Z
740,31,237,sponsored,37,0.1161,36550.59,2025-12-14T00:07:20Z,2026-03-23T14:09:13Z
741,14,507,affiliate,66,0.1083,49780.58,2025-09-19T19:44:20Z,2026-03-22T22:18:53Z
742,44,19,ambassador,37,0.0856,31777.16,2026-02-12T16:20:46Z,2026-04-01T07:49:57Z
746,18,128,organic,20,0.0478,22137.08,2025-08-23T08:05:00Z,2026-04-05T03:46:04Z
747,20,405,sponsored,88,0.0482,46953.38,2026-03-05T11:07:44Z,2026-04-09T14:33:57Z
748,31,181,affiliate,56,0.0532,1573,2026-02-01T00:48:54Z,2026-04-08T20:05:11Z
749,12,451,ambassador,11,0.0477,14287.79,2025-09-27T22:46:34Z,2026-03-17T03:24:58Z
750,16,153,organic,11,0.1192,16661.66,2025-08-26T04:05:00Z,2026-03-26T10:33:05Z
751,46,295,sponsored,79,0.0697,37528.57,2025-10-04T21:32:59Z,2026-04-13T02:41:36Z
752,36,238,affiliate,1,0.106,27387.94,2025-06-30T12:20:13Z,2026-03-22T04:39:04Z
753,40,473,ambassador,20,0.0648,39445.95,2025-09-20T07:56:43Z,2026-03-23T09:32:53Z
754,27,362,organic,25,0.0921,44924.93,2025-11-06T10:48:06Z,2026-04-02T04:54:18Z
755,6,252,sponsored,94,0.1035,29665.65,2025-05-09T05:21:47Z,2026-04-08T14:09:58Z
756,5,20,affiliate,40,0.0905,29014.29,2026-01-22T02:20:46Z,2026-04-10T07:36:27Z
757,21,453,ambassador,9,0.0187,20391.93,2026-02-07T10:27:58Z,2026-03-20T07:40:50Z
758,5,328,organic,69,0.105,14656.28,2025-06-02T18:01:53Z,2026-03-24T15:41:37Z
759,24,93,sponsored,91,0.1047,48159.05,2025-04-28T12:01:07Z,2026-03-27T20:36:28Z
760,3,481,affiliate,4,0.081,40171.23,2026-01-25T23:02:11Z,2026-03-28T15:02:20Z
761,25,182,ambassador,60,0.0323,19594.51,2025-06-25T09:09:31Z,2026-03-26T02:38:45Z
762,6,185,organic,55,0.1178,601.58,2026-02-20T16:02:52Z,2026-03-15T04:11:15Z
763,39,414,sponsored,51,0.0164,5082.91,2026-02-17T03:34:25Z,2026-03-15T15:09:37Z
764,50,186,affiliate,29,0.0793,3870.97,2026-01-28T03:28:43Z,2026-04-11T14:53:26Z
767,10,510,ambassador,83,0.0914,37513.78,2026-02-22T15:45:07Z,2026-04-10T03:03:17Z
768,2,57,organic,60,0.0984,24913.29,2025-06-16T13:14:54Z,2026-04-09T19:46:38Z
769,22,383,sponsored,26,0.0171,307.69,2026-01-01T21:08:44Z,2026-03-14T09:40:30Z
771,1,372,affiliate,50,0.0422,2781.11,2025-06-21T17:32:03Z,2026-03-22T04:18:31Z
772,6,178,ambassador,74,0.0214,12155.66,2025-08-04T07:47:51Z,2026-03-30T02:33:20Z
773,37,215,organic,2,0.1068,6929.86,2025-09-12T21:20:26Z,2026-04-10T18:52:34Z
774,25,357,sponsored,40,0.0116,7916.86,2025-07-20T02:00:42Z,2026-04-06T15:22:32Z
775,26,147,affiliate,91,0.0926,38673.24,2025-08-21T07:55:32Z,2026-04-03T19:59:49Z
776,9,207,ambassador,54,0.0766,7524.23,2025-05-31T00:12:28Z,2026-03-28T11:36:25Z
777,49,481,organic,54,0.0901,31307.3,2026-03-09T13:51:43Z,2026-03-23T16:42:06Z
778,5,421,sponsored,12,0.0121,6635.84,2025-09-04T14:08:20Z,2026-04-12T22:03:36Z
779,44,111,affiliate,52,0.0732,3700.5,2025-08-07T04:33:03Z,2026-03-18T15:29:10Z
780,6,183,ambassador,42,0.0547,2993.53,2026-03-07T20:34:05Z,2026-04-03T13:26:42Z
781,29,454,organic,41,0.0229,23440.6,2025-08-16T05:32:39Z,2026-04-07T02:56:06Z
782,16,214,sponsored,70,0.0374,25826.45,2025-11-18T14:42:24Z,2026-03-28T05:26:12Z
783,21,252,affiliate,76,0.0811,41196.88,2025-06-07T09:31:42Z,2026-03-22T05:28:42Z
784,24,103,ambassador,46,0.0393,10452.21,2025-04-29T11:37:35Z,2026-04-01T19:37:52Z
785,50,292,organic,6,0.0308,44355.19,2026-02-08T20:20:01Z,2026-04-07T03:41:59Z
786,14,389,sponsored,23,0.059,48989.06,2025-07-16T04:00:58Z,2026-04-09T17:44:58Z
787,37,449,affiliate,12,0.0637,6897.29,2025-08-17T02:36:21Z,2026-03-21T12:44:34Z
788,9,134,ambassador,15,0.0684,10864.79,2025-06-22T10:59:42Z,2026-03-19T12:17:24Z
789,5,189,organic,50,0.0598,9373.99,2025-12-15T16:02:24Z,2026-03-29T08:03:59Z
790,15,419,sponsored,46,0.0973,4682.5,2025-06-30T11:48:04Z,2026-03-18T14:56:41Z
791,24,254,affiliate,77,0.0708,34936.23,2025-06-01T21:28:36Z,2026-03-15T14:59:07Z
793,39,441,ambassador,2,0.1166,23124.48,2025-07-19T06:27:50Z,2026-03-22T11:53:47Z
794,47,257,organic,94,0.0405,26232.46,2025-09-01T18:15:47Z,2026-03-28T17:32:26Z
795,48,458,sponsored,35,0.0761,5571.58,2025-09-17T21:41:53Z,2026-03-22T13:31:45Z
796,48,519,affiliate,49,0.0708,43941.23,2025-05-31T07:08:07Z,2026-03-30T09:46:46Z
797,29,18,ambassador,96,0.1161,5584.01,2025-09-21T03:08:31Z,2026-04-05T09:35:25Z
798,14,87,organic,52,0.0132,12993.01,2025-06-17T12:33:53Z,2026-03-22T04:06:00Z
799,1,180,sponsored,8,0.0821,36633.28,2025-12-02T02:51:35Z,2026-03-16T06:33:59Z
800,10,290,affiliate,12,0.0283,26433.17,2026-03-12T21:45:53Z,2026-04-03T11:19:36Z
801,37,456,ambassador,44,0.0138,37244.08,2025-07-23T19:37:54Z,2026-03-17T08:56:54Z
803,8,80,organic,34,0.0235,43786.35,2025-06-18T20:30:25Z,2026-03-26T00:52:44Z
804,37,414,sponsored,49,0.0186,20730.6,2025-09-01T21:28:44Z,2026-03-22T05:59:43Z
805,29,506,affiliate,30,0.1021,19781.5,2025-07-22T12:23:07Z,2026-04-04T08:10:57Z
806,46,115,ambassador,93,0.1051,13624.52,2025-12-09T06:50:13Z,2026-03-20T07:02:54Z
807,5,62,organic,64,0.106,22868.55,2025-12-10T22:14:44Z,2026-04-03T17:16:39Z
808,22,475,sponsored,77,0.0385,39965.84,2025-06-12T11:20:05Z,2026-03-20T06:27:21Z
809,15,7,affiliate,77,0.0438,33457.87,2026-01-07T18:25:31Z,2026-03-31T03:00:32Z
810,44,128,ambassador,10,0.0823,13274.37,2025-05-11T17:19:22Z,2026-04-13T05:46:48Z
811,22,326,organic,92,0.1164,46040.46,2025-12-19T17:10:58Z,2026-03-26T06:55:35Z
813,39,61,sponsored,64,0.0854,35678.18,2026-02-17T15:24:24Z,2026-04-06T19:04:43Z
814,45,66,affiliate,31,0.0249,26417.49,2025-05-18T02:34:56Z,2026-03-21T22:24:44Z
815,20,290,ambassador,87,0.107,45237.6,2025-12-21T06:19:55Z,2026-04-01T09:07:38Z
816,42,16,organic,86,0.0157,29488.66,2026-01-04T21:55:12Z,2026-04-09T05:53:21Z
817,26,150,sponsored,13,0.0584,15596.69,2026-02-14T11:22:56Z,2026-03-27T22:31:49Z
818,48,87,affiliate,87,0.0271,2047.11,2025-11-30T01:10:41Z,2026-03-27T14:20:38Z
819,8,428,ambassador,71,0.0436,40462.28,2025-10-04T05:10:21Z,2026-04-09T08:38:15Z
820,34,338,organic,25,0.0457,27293.32,2025-07-28T06:30:05Z,2026-03-19T16:50:04Z
821,36,440,sponsored,82,0.0338,18085.59,2025-11-17T10:52:06Z,2026-04-03T11:41:10Z
822,22,203,affiliate,68,0.0635,3173.78,2025-08-16T20:39:22Z,2026-03-28T04:38:31Z
824,42,179,ambassador,19,0.039,42650.06,2025-11-05T00:02:20Z,2026-03-19T13:05:09Z
825,42,423,organic,27,0.012,46449.78,2025-11-09T18:17:47Z,2026-04-08T03:23:50Z
826,27,118,sponsored,49,0.0626,35068.51,2025-12-22T23:59:13Z,2026-03-25T04:07:27Z
827,45,178,affiliate,84,0.0547,33520.1,2025-09-02T11:43:00Z,2026-03-22T09:41:50Z
828,36,190,ambassador,46,0.0524,1363.04,2026-03-11T11:41:28Z,2026-03-15T07:14:57Z
829,35,110,organic,5,0.0315,8115.77,2025-08-27T15:35:22Z,2026-03-30T17:31:14Z
830,16,29,sponsored,66,0.0752,42576.49,2026-03-06T01:36:09Z,2026-04-11T02:40:32Z
831,45,356,affiliate,70,0.1152,22811.67,2025-04-18T11:18:57Z,2026-04-05T23:57:06Z
833,43,142,ambassador,98,0.079,29099.29,2025-12-30T18:55:18Z,2026-03-22T15:48:55Z
834,20,41,organic,93,0.0122,14913.64,2025-12-03T07:31:53Z,2026-03-30T01:05:28Z
835,10,453,sponsored,48,0.0717,13017.66,2025-10-20T15:02:51Z,2026-03-24T03:12:13Z
836,41,234,affiliate,63,0.0145,38514.28,2025-04-24T19:26:12Z,2026-04-05T06:24:04Z
838,32,459,ambassador,32,0.0364,5157.03,2026-03-11T05:11:59Z,2026-03-17T01:24:01Z
839,50,1,organic,43,0.0813,42747.49,2025-07-13T05:36:17Z,2026-03-27T03:25:24Z
840,2,223,sponsored,25,0.0727,37076.46,2025-06-02T07:40:23Z,2026-03-17T22:35:21Z
843,49,256,affiliate,47,0.0367,21659.63,2026-02-05T18:47:13Z,2026-03-30T08:01:29Z
844,16,188,ambassador,61,0.0971,19721.62,2025-09-21T22:28:32Z,2026-03-28T11:54:14Z
845,4,139,organic,88,0.1098,19781.28,2025-06-04T08:07:50Z,2026-04-08T00:16:33Z
846,22,237,sponsored,63,0.0151,19277.93,2025-05-24T07:42:52Z,2026-03-16T20:02:11Z
847,10,119,affiliate,8,0.1011,11040.17,2026-02-26T16:54:37Z,2026-04-05T10:22:30Z
848,44,186,ambassador,4,0.015,10576.15,2025-09-28T18:53:11Z,2026-03-19T08:28:01Z
849,18,217,organic,8,0.0799,20221.17,2025-12-12T01:36:56Z,2026-03-18T20:42:00Z
851,44,182,sponsored,16,0.0779,16901.47,2025-09-11T10:31:15Z,2026-04-09T10:00:36Z
852,30,345,affiliate,6,0.0382,43706.17,2025-09-05T03:14:58Z,2026-04-09T15:42:56Z
854,43,472,ambassador,89,0.0273,34479.4,2026-03-03T06:44:14Z,2026-03-20T06:17:02Z
855,24,75,organic,84,0.0208,19831.49,2025-10-22T10:34:52Z,2026-03-30T00:40:46Z
856,35,306,sponsored,18,0.0972,7996.1,2025-05-19T14:34:36Z,2026-03-26T06:35:12Z
857,15,333,affiliate,76,0.107,32862.18,2025-08-27T20:38:24Z,2026-03-28T22:31:46Z
858,4,191,ambassador,69,0.0221,48503.89,2025-05-11T02:24:01Z,2026-04-12T08:12:18Z
859,2,102,organic,42,0.0999,34656.6,2025-04-19T22:48:33Z,2026-03-23T23:52:28Z
860,3,252,sponsored,73,0.0725,7761.93,2025-12-03T02:25:05Z,2026-04-05T06:53:35Z
861,28,330,affiliate,35,0.0706,44509.45,2025-06-08T02:50:41Z,2026-03-22T03:30:10Z
862,29,255,ambassador,67,0.0939,19931.69,2025-09-28T11:59:29Z,2026-03-26T17:25:15Z
864,15,83,organic,47,0.0341,18799.9,2025-11-20T23:39:20Z,2026-03-18T14:59:24Z
865,40,33,sponsored,15,0.0319,11315.31,2025-05-29T15:44:00Z,2026-03-25T15:58:17Z
866,13,275,affiliate,85,0.0687,20364.81,2025-07-20T12:41:07Z,2026-03-20T07:59:22Z
867,30,478,ambassador,41,0.0988,37288.37,2025-06-15T01:30:11Z,2026-03-29T12:40:58Z
868,6,330,organic,8,0.0579,23035.16,2025-07-08T14:38:44Z,2026-03-21T13:32:35Z
869,1,357,sponsored,41,0.0853,44803.81,2025-05-19T06:49:31Z,2026-03-21T12:03:35Z
870,36,278,affiliate,39,0.082,1290.75,2025-10-18T00:07:48Z,2026-03-24T22:36:04Z
871,9,437,ambassador,24,0.0336,40944.18,2025-05-11T06:38:29Z,2026-04-10T18:08:15Z
872,46,149,organic,71,0.063,48647.13,2025-05-03T23:57:44Z,2026-04-06T11:23:37Z
873,27,465,sponsored,95,0.036,27367.32,2026-03-02T23:46:48Z,2026-03-16T04:04:30Z
874,22,387,affiliate,30,0.0236,12056.77,2026-01-10T07:59:04Z,2026-04-05T22:58:27Z
875,48,440,ambassador,46,0.111,32656.2,2025-07-11T19:07:56Z,2026-04-03T18:40:19Z
876,23,519,organic,52,0.0501,1407.88,2025-10-06T04:48:59Z,2026-03-29T15:36:12Z
877,33,182,sponsored,91,0.0561,39347.19,2025-07-15T09:19:49Z,2026-03-15T19:36:30Z
878,5,219,affiliate,59,0.0594,9201.85,2025-05-01T19:15:39Z,2026-04-04T11:57:28Z
879,5,222,ambassador,46,0.094,38110.74,2025-09-13T10:42:28Z,2026-03-19T17:02:43Z
880,47,233,organic,80,0.0569,46747.72,2025-07-04T20:47:50Z,2026-03-17T17:56:29Z
881,47,227,sponsored,72,0.0326,19123.36,2025-05-31T16:12:47Z,2026-03-19T02:21:48Z
882,27,11,affiliate,8,0.0455,30433.3,2025-06-05T03:27:32Z,2026-04-01T13:11:20Z
883,2,209,ambassador,22,0.0908,7957.62,2025-06-25T04:25:15Z,2026-04-06T20:52:17Z
884,38,35,organic,19,0.1164,46136.04,2025-12-06T05:15:06Z,2026-04-10T20:19:22Z
885,15,348,sponsored,31,0.088,7856.97,2025-07-29T17:49:42Z,2026-04-04T18:30:02Z
886,41,235,affiliate,29,0.0887,48213.55,2025-11-09T16:33:42Z,2026-04-01T06:27:03Z
887,2,159,ambassador,16,0.0971,47177.05,2026-03-01T21:45:13Z,2026-03-24T04:37:08Z
888,31,304,organic,64,0.0863,41014.53,2026-02-17T03:29:10Z,2026-03-17T17:08:29Z
889,18,11,sponsored,29,0.0832,26246.83,2026-01-23T02:13:48Z,2026-04-06T04:18:29Z
890,9,393,affiliate,61,0.0553,14661.84,2025-07-27T05:25:01Z,2026-03-22T01:10:59Z
891,19,306,ambassador,14,0.0313,4380.67,2025-11-08T12:26:53Z,2026-03-27T20:58:48Z
892,1,117,organic,64,0.0682,43877.64,2025-07-13T10:54:07Z,2026-03-15T01:48:02Z
895,30,440,sponsored,54,0.0439,31209.45,2025-06-15T12:26:48Z,2026-03-20T08:52:41Z
896,34,10,affiliate,25,0.1013,14998.93,2025-09-18T03:45:04Z,2026-03-17T18:43:10Z
897,45,10,ambassador,64,0.0116,26633.43,2025-06-06T11:32:46Z,2026-03-23T15:45:36Z
899,36,80,organic,64,0.0854,11063.19,2026-02-13T08:04:26Z,2026-04-03T20:06:49Z
900,43,235,sponsored,33,0.0705,37368.75,2025-12-30T07:26:46Z,2026-04-03T19:05:37Z
901,35,67,affiliate,40,0.0757,29809.04,2026-02-04T23:07:55Z,2026-03-14T16:30:13Z
902,49,413,ambassador,83,0.0741,10054.18,2025-11-24T22:58:03Z,2026-03-18T09:00:13Z
903,49,123,organic,81,0.0473,48182.7,2025-10-17T17:53:07Z,2026-04-02T15:35:39Z
904,13,173,sponsored,15,0.0264,49027.82,2025-12-31T17:43:09Z,2026-03-30T23:05:33Z
905,39,450,affiliate,34,0.0337,48292.74,2026-02-11T09:30:51Z,2026-04-11T19:13:39Z
906,40,516,ambassador,26,0.0215,24686.52,2025-11-21T11:41:02Z,2026-04-04T10:59:42Z
907,18,503,organic,55,0.0316,16145.5,2026-01-29T04:51:02Z,2026-04-07T18:10:12Z
908,21,401,sponsored,90,0.1187,27595.47,2025-10-08T11:58:21Z,2026-03-19T10:44:00Z
909,6,322,affiliate,5,0.0498,48788.01,2025-11-25T20:28:17Z,2026-04-07T16:08:56Z
910,38,481,ambassador,63,0.1183,15936.39,2026-01-31T04:55:55Z,2026-04-10T23:35:31Z
911,37,79,organic,64,0.0449,20376.92,2025-05-13T07:06:09Z,2026-03-31T06:41:04Z
912,33,146,sponsored,34,0.0535,49377.62,2025-11-15T10:35:10Z,2026-03-21T18:32:30Z
913,21,418,affiliate,5,0.0181,35543.84,2026-02-09T13:59:41Z,2026-04-09T00:23:02Z
914,49,304,ambassador,30,0.0379,13058.87,2025-05-05T16:23:17Z,2026-04-03T06:02:15Z
915,15,353,organic,28,0.0158,14125.79,2025-06-11T07:28:29Z,2026-03-22T10:14:00Z
916,9,426,sponsored,43,0.0326,37441.71,2026-01-17T04:25:40Z,2026-03-29T06:40:57Z
917,31,209,affiliate,12,0.0531,6315.82,2025-12-25T00:06:48Z,2026-03-19T09:12:29Z
918,32,382,ambassador,13,0.0415,35437.9,2025-11-08T14:09:06Z,2026-03-14T21:16:18Z
920,29,84,organic,13,0.0282,8667.92,2026-01-13T13:20:01Z,2026-03-25T17:45:15Z
921,28,112,sponsored,58,0.0448,24902.62,2025-12-16T17:50:51Z,2026-04-02T14:24:12Z
922,36,277,affiliate,9,0.1086,33359.56,2025-10-08T13:10:10Z,2026-03-27T05:21:53Z
923,20,340,ambassador,4,0.0864,19700.07,2025-11-04T20:16:18Z,2026-03-18T05:56:04Z
924,21,72,organic,91,0.0443,16416.26,2025-08-14T21:18:52Z,2026-03-21T05:39:14Z
925,29,154,sponsored,2,0.0845,22561.47,2025-10-27T18:34:46Z,2026-03-15T19:57:27Z
926,12,204,affiliate,64,0.056,45393.26,2026-02-18T20:51:19Z,2026-04-04T03:30:33Z
927,12,64,ambassador,27,0.1175,18280.59,2025-07-08T13:54:43Z,2026-04-05T15:59:37Z
928,28,268,organic,4,0.0739,15845.77,2025-09-16T14:20:53Z,2026-03-18T11:53:51Z
929,28,109,sponsored,9,0.0179,27807.63,2025-11-09T11:40:58Z,2026-04-01T18:53:42Z
930,50,259,affiliate,84,0.1089,43006.49,2025-12-31T06:49:04Z,2026-03-20T05:23:03Z
931,28,56,ambassador,1,0.0794,25477.42,2026-01-27T15:47:49Z,2026-04-01T20:17:55Z
932,26,341,organic,57,0.1071,7288.13,2025-06-16T10:31:52Z,2026-04-08T17:58:10Z
933,31,285,sponsored,54,0.1193,30973.62,2026-02-28T20:57:32Z,2026-04-04T06:52:29Z
934,48,10,affiliate,80,0.1081,28392.12,2026-01-21T02:28:40Z,2026-04-09T07:18:16Z
935,50,252,ambassador,78,0.1118,42454.42,2025-12-17T09:30:32Z,2026-04-07T19:36:51Z
936,2,91,organic,96,0.1003,9426.96,2025-10-20T14:05:48Z,2026-03-31T14:56:12Z
937,18,467,sponsored,23,0.0284,45990.88,2025-05-07T18:52:49Z,2026-03-15T01:32:58Z
938,6,462,affiliate,21,0.0989,11858.19,2025-08-22T01:04:14Z,2026-03-30T20:16:09Z
939,34,83,ambassador,76,0.0642,30995.44,2026-01-17T10:09:23Z,2026-03-31T12:02:33Z
940,26,432,organic,7,0.0287,49119.94,2026-02-02T01:13:47Z,2026-03-31T10:01:55Z
941,37,506,sponsored,42,0.1171,46881.97,2025-09-18T00:14:50Z,2026-04-09T21:58:11Z
942,47,381,affiliate,87,0.0853,2223.14,2025-11-21T00:28:03Z,2026-03-20T15:35:56Z
943,37,205,ambassador,38,0.0676,20903.67,2025-04-29T04:39:25Z,2026-03-28T21:23:47Z
944,40,70,organic,25,0.0862,13055.74,2025-09-29T21:26:50Z,2026-03-28T15:51:59Z
945,44,181,sponsored,60,0.0821,44995.94,2025-11-01T11:46:31Z,2026-04-10T15:44:03Z
946,42,381,affiliate,92,0.0294,17085.27,2025-11-27T02:25:53Z,2026-04-02T14:40:20Z
947,11,55,ambassador,29,0.0475,27969.48,2025-06-17T05:14:43Z,2026-04-12T13:40:00Z
948,13,12,organic,68,0.0953,12663.27,2025-07-28T16:56:35Z,2026-03-31T13:07:39Z
949,12,475,sponsored,50,0.0999,43801.32,2025-07-17T15:52:08Z,2026-03-26T13:31:34Z
950,32,139,affiliate,77,0.1058,3511.15,2025-07-17T19:17:28Z,2026-03-17T11:48:07Z
951,37,363,ambassador,88,0.0783,2919.49,2025-06-19T07:09:34Z,2026-04-09T08:48:37Z
952,35,30,organic,72,0.0659,25767.72,2026-01-02T21:27:07Z,2026-03-24T17:14:37Z
953,30,147,sponsored,9,0.0247,15500.72,2025-08-29T00:32:25Z,2026-03-25T02:03:11Z
954,31,333,affiliate,77,0.1171,29290.49,2026-01-28T02:30:55Z,2026-04-11T04:27:46Z
955,9,520,ambassador,24,0.0423,25185.08,2025-05-13T15:02:37Z,2026-03-18T08:24:04Z
956,4,253,organic,91,0.114,36972.03,2026-01-23T21:46:18Z,2026-03-22T03:05:12Z
957,22,369,sponsored,47,0.0623,49905.84,2025-07-30T10:43:35Z,2026-03-21T10:09:59Z
958,29,190,affiliate,51,0.0846,17735.98,2025-08-03T02:23:00Z,2026-03-23T03:57:26Z
959,15,10,ambassador,69,0.0358,39959.74,2025-11-10T02:44:25Z,2026-03-14T19:35:26Z
960,29,328,organic,38,0.0755,34846.53,2025-09-05T22:39:43Z,2026-03-28T00:38:43Z
961,2,121,sponsored,87,0.0913,14884.17,2026-02-03T10:05:34Z,2026-04-10T21:02:00Z
962,32,233,affiliate,74,0.0278,25015.41,2025-08-29T16:00:01Z,2026-03-18T18:29:59Z
963,18,470,ambassador,1,0.0965,46369.52,2025-09-07T01:20:10Z,2026-04-03T23:15:18Z
964,15,147,organic,93,0.043,38857.05,2026-02-02T21:26:42Z,2026-04-12T16:10:39Z
965,21,20,sponsored,3,0.0122,45423.05,2025-08-11T14:21:15Z,2026-04-03T23:01:19Z
966,34,328,affiliate,76,0.1192,5699.66,2025-10-15T21:58:22Z,2026-03-31T01:17:57Z
968,28,488,ambassador,90,0.1181,42317.79,2025-10-05T18:02:01Z,2026-04-03T17:30:12Z
969,1,517,organic,76,0.0873,7738.12,2026-02-07T06:22:04Z,2026-03-24T15:42:30Z
971,1,233,sponsored,23,0.059,42185.02,2025-10-30T17:24:05Z,2026-03-31T05:31:43Z
973,45,259,affiliate,34,0.1108,31738.7,2026-02-16T16:46:20Z,2026-04-02T09:46:50Z
974,40,451,ambassador,65,0.0617,41306.59,2025-05-10T04:07:08Z,2026-03-23T22:53:24Z
975,25,366,organic,50,0.0421,21675.42,2025-09-01T14:50:01Z,2026-04-13T07:42:14Z
976,40,162,sponsored,42,0.0542,19711.16,2025-04-23T17:32:51Z,2026-04-03T02:56:16Z
977,3,362,affiliate,10,0.0144,30126.32,2025-04-13T11:28:14Z,2026-04-05T05:02:25Z
978,1,288,ambassador,53,0.0103,24109.06,2025-04-14T16:11:13Z,2026-03-29T18:20:25Z
979,14,79,organic,13,0.0477,5281.38,2025-05-04T08:23:53Z,2026-03-18T23:13:49Z
980,18,118,sponsored,34,0.1022,12187.83,2025-06-16T06:44:55Z,2026-04-04T19:00:50Z
981,45,162,affiliate,26,0.0853,38594.01,2025-10-12T05:14:24Z,2026-03-19T15:38:03Z
982,24,338,ambassador,74,0.1025,23617.59,2026-01-02T23:16:29Z,2026-03-29T08:21:40Z
983,10,258,organic,78,0.0877,36480.91,2026-01-30T06:58:08Z,2026-04-09T15:40:04Z
984,21,187,sponsored,25,0.092,9737.15,2025-07-30T03:42:38Z,2026-03-17T18:16:41Z
985,47,469,affiliate,33,0.0644,15541.85,2025-09-17T09:23:41Z,2026-03-23T09:54:05Z
986,17,513,ambassador,82,0.1146,32300.29,2025-12-27T08:57:50Z,2026-04-09T23:12:21Z
987,32,176,organic,84,0.0421,21622.9,2025-08-16T10:48:17Z,2026-04-11T15:37:32Z
988,48,242,sponsored,96,0.0826,8393.35,2025-09-16T00:14:02Z,2026-03-25T06:23:42Z
989,26,488,affiliate,57,0.0882,17886.8,2026-01-22T22:49:44Z,2026-03-15T11:31:49Z
990,49,143,ambassador,54,0.0976,9826.03,2025-11-24T11:03:11Z,2026-04-09T06:33:12Z
991,8,5,organic,82,0.0488,23265.07,2025-04-23T23:37:56Z,2026-03-23T03:27:52Z
992,40,456,sponsored,80,0.0265,7155.63,2025-06-02T16:39:40Z,2026-03-26T09:45:47Z
993,4,448,affiliate,14,0.0998,23420.36,2025-12-13T13:59:54Z,2026-04-12T08:03:48Z
994,18,509,ambassador,91,0.0767,25184.63,2025-08-07T07:14:30Z,2026-03-31T18:48:44Z
995,27,90,organic,43,0.0731,31797.52,2025-05-24T02:12:24Z,2026-04-04T03:13:19Z
997,5,220,sponsored,31,0.0569,602.61,2026-02-10T10:55:04Z,2026-03-21T01:34:10Z
998,38,422,affiliate,83,0.0695,15277.61,2026-02-24T23:36:09Z,2026-03-21T22:54:45Z
1000,26,355,ambassador,46,0.0181,39025.87,2025-04-24T04:19:35Z,2026-04-12T13:37:13Z
1002,50,6,organic,39,0.037,23251.63,2025-12-20T01:57:18Z,2026-04-11T04:10:39Z
1004,4,263,sponsored,33,0.1115,6120.16,2026-02-04T02:50:35Z,2026-04-08T18:49:23Z
1005,11,145,affiliate,45,0.0413,33386.1,2025-12-20T16:04:11Z,2026-04-04T15:53:56Z
1006,26,92,ambassador,31,0.0425,3104.89,2026-01-29T05:35:16Z,2026-03-21T14:53:41Z
1007,47,13,organic,8,0.078,30859.64,2025-07-27T15:33:53Z,2026-03-24T13:42:33Z
1008,2,281,sponsored,1,0.1037,23644.57,2025-11-16T21:00:04Z,2026-04-07T12:39:50Z
1010,34,330,affiliate,54,0.1166,21420.51,2025-11-05T13:50:01Z,2026-03-21T05:00:02Z
1011,28,236,ambassador,90,0.0422,5330.51,2026-03-14T02:41:42Z,2026-03-23T17:08:09Z
1012,7,5,organic,58,0.0273,32715.75,2026-01-21T09:17:36Z,2026-04-11T18:29:28Z
1013,38,419,sponsored,48,0.0499,41833.03,2025-04-15T19:01:02Z,2026-04-01T10:03:49Z
1014,40,278,affiliate,57,0.0914,38288.68,2025-12-05T08:49:23Z,2026-03-17T03:08:04Z
1015,23,238,ambassador,39,0.0276,6941.01,2025-09-05T00:07:50Z,2026-04-03T13:21:51Z
1016,33,2,organic,54,0.0755,18002.09,2025-06-26T14:00:23Z,2026-03-18T19:46:03Z
1017,13,446,sponsored,94,0.0511,1390.44,2025-07-04T18:32:31Z,2026-04-12T04:11:38Z
1018,24,276,affiliate,37,0.0351,45943.24,2025-11-19T21:37:15Z,2026-04-04T21:48:37Z
1019,11,106,ambassador,20,0.0716,22877.96,2026-02-15T16:31:02Z,2026-04-04T22:08:57Z
1020,8,79,organic,49,0.0431,7892.54,2025-08-27T04:54:09Z,2026-04-03T00:08:11Z
1021,9,135,sponsored,22,0.0186,42502.6,2025-11-17T20:33:55Z,2026-04-08T04:05:51Z
1022,29,169,affiliate,78,0.036,41255.41,2025-12-11T19:35:35Z,2026-03-23T22:30:07Z
1023,19,381,ambassador,44,0.0493,38583.4,2025-09-18T04:22:53Z,2026-04-07T04:30:02Z
1024,24,323,organic,87,0.0659,46501.75,2025-11-21T11:20:09Z,2026-03-28T02:58:57Z
1025,1,283,sponsored,72,0.0311,627.08,2025-12-18T22:51:29Z,2026-03-27T22:27:24Z
1026,19,373,affiliate,40,0.0629,33247.92,2026-02-21T07:03:33Z,2026-03-30T17:31:36Z
1028,47,8,ambassador,51,0.078,10748.58,2025-12-29T13:30:10Z,2026-03-24T05:10:23Z
1030,17,19,organic,78,0.0325,49598.63,2026-02-14T07:30:50Z,2026-03-18T16:30:11Z
1031,20,263,sponsored,81,0.098,330.14,2025-10-15T05:34:20Z,2026-04-04T14:04:01Z
1032,22,313,affiliate,2,0.1039,17549.09,2026-02-25T17:29:10Z,2026-03-25T09:25:56Z
1033,38,491,ambassador,86,0.0321,40335.76,2026-01-17T01:06:20Z,2026-04-06T01:05:03Z
1034,31,154,organic,24,0.0101,4917.79,2025-12-23T23:48:00Z,2026-04-06T09:24:11Z
1035,24,170,sponsored,69,0.033,11496.51,2025-11-27T16:07:42Z,2026-03-22T16:29:03Z
1037,46,349,affiliate,50,0.0815,41861.91,2025-08-19T03:19:36Z,2026-03-28T06:47:10Z
1039,31,28,ambassador,4,0.0624,38680.4,2025-04-19T00:44:35Z,2026-03-25T03:10:19Z
1040,42,173,organic,58,0.0509,279.67,2025-09-12T23:23:54Z,2026-04-01T05:01:42Z
1041,39,287,sponsored,25,0.088,41886.07,2025-07-08T11:45:23Z,2026-04-05T16:20:49Z
1043,36,407,affiliate,61,0.1017,18568.92,2025-07-03T21:57:05Z,2026-03-29T11:37:45Z
1044,37,466,ambassador,29,0.0823,929.33,2025-08-19T06:20:46Z,2026-04-05T03:52:20Z
1046,40,101,organic,85,0.0664,47289.6,2025-05-04T23:36:29Z,2026-03-28T01:27:15Z
1047,13,373,sponsored,54,0.0627,38241.95,2025-12-20T21:38:31Z,2026-03-24T10:08:36Z
1048,36,174,affiliate,86,0.0909,21952.72,2025-07-24T12:18:49Z,2026-03-31T14:50:24Z
1049,29,448,ambassador,98,0.0664,39287.34,2025-11-29T15:56:38Z,2026-03-22T05:07:33Z
1050,2,165,organic,49,0.1182,43747.56,2025-05-08T16:58:24Z,2026-04-06T20:04:22Z
1051,37,283,sponsored,38,0.0779,23625.36,2026-02-28T11:20:32Z,2026-04-07T03:17:50Z
1052,33,280,affiliate,32,0.0895,47572.89,2026-01-25T16:11:24Z,2026-04-01T01:56:04Z
1053,25,391,ambassador,4,0.0912,32030.87,2025-09-16T03:26:23Z,2026-04-04T06:44:22Z
1054,49,88,organic,25,0.1166,12630.43,2026-03-02T06:33:25Z,2026-04-06T12:07:46Z
1056,41,474,sponsored,94,0.0208,11679.66,2025-07-06T18:31:44Z,2026-04-04T15:21:09Z
1057,41,66,affiliate,92,0.0394,3175.06,2025-06-29T06:07:15Z,2026-03-21T12:51:56Z
1058,48,15,ambassador,29,0.1038,4642.53,2025-10-07T17:56:03Z,2026-03-23T11:49:50Z
1059,40,216,organic,84,0.017,25537.39,2025-05-15T01:09:22Z,2026-04-08T20:03:25Z
1060,17,191,sponsored,5,0.0933,2610.26,2025-11-15T22:28:56Z,2026-03-26T23:29:34Z
1061,50,406,affiliate,3,0.0598,33052.06,2025-12-28T11:31:05Z,2026-04-06T00:22:32Z
1062,12,12,ambassador,73,0.0331,3158.55,2025-09-22T08:29:05Z,2026-03-31T01:40:07Z
1063,29,88,organic,19,0.0746,22868.61,2026-01-17T07:11:26Z,2026-03-18T07:35:04Z
1064,22,442,sponsored,25,0.0721,5696.77,2025-11-22T05:19:47Z,2026-03-27T07:07:49Z
1065,9,144,affiliate,84,0.0153,27504.21,2025-06-22T03:34:18Z,2026-04-01T01:29:30Z
1066,35,268,ambassador,10,0.0457,24666.46,2025-10-22T07:12:19Z,2026-04-13T05:04:47Z
1068,42,110,organic,62,0.062,10122.44,2025-06-09T04:54:11Z,2026-03-27T22:14:35Z
1069,45,190,sponsored,3,0.1023,25161.37,2026-02-11T01:15:56Z,2026-04-04T23:43:58Z
1070,29,272,affiliate,62,0.0926,1512.25,2025-09-13T14:04:50Z,2026-03-17T18:44:55Z
1072,47,308,ambassador,48,0.1131,27274.85,2026-01-07T18:51:57Z,2026-03-24T20:36:51Z
1073,24,353,organic,60,0.0588,7832.1,2025-10-20T03:11:19Z,2026-03-28T13:38:06Z
1074,1,101,sponsored,60,0.0173,47477.22,2025-08-16T08:33:43Z,2026-04-06T12:48:48Z
1075,20,26,affiliate,96,0.0908,47818.82,2025-09-23T22:53:47Z,2026-03-21T15:40:46Z
1076,38,2,ambassador,96,0.0237,21050.28,2026-03-03T23:24:41Z,2026-03-19T11:14:11Z
1077,46,114,organic,49,0.1181,38588.12,2025-05-24T17:33:40Z,2026-04-12T21:27:56Z
1078,34,29,sponsored,28,0.0152,36750.09,2025-09-30T17:06:52Z,2026-03-22T13:39:38Z
1079,29,115,affiliate,17,0.1116,21309.26,2025-10-13T15:08:43Z,2026-03-24T16:40:12Z
1080,28,517,ambassador,69,0.0415,9912.65,2025-08-19T16:36:05Z,2026-03-26T06:39:43Z
1081,5,327,organic,28,0.0174,32609.61,2026-03-08T13:01:56Z,2026-03-14T09:48:17Z
1082,49,251,sponsored,9,0.0791,34083.46,2025-09-25T13:31:05Z,2026-03-31T04:08:02Z
1083,40,235,affiliate,46,0.0674,36609.57,2025-05-09T22:12:08Z,2026-03-24T10:34:03Z
1084,22,218,ambassador,78,0.1165,1261.63,2025-09-19T07:58:30Z,2026-04-07T11:25:37Z
1085,21,56,organic,59,0.1058,25215.76,2025-12-07T00:57:20Z,2026-03-22T00:05:47Z
1086,36,154,sponsored,5,0.0869,48642.9,2025-06-16T02:11:45Z,2026-04-07T13:33:47Z
1088,37,321,affiliate,95,0.079,1803.81,2025-11-05T13:11:37Z,2026-04-11T08:52:39Z
1089,33,416,ambassador,27,0.0176,6230.1,2025-08-30T08:04:25Z,2026-03-19T08:01:37Z
1090,50,195,organic,38,0.0527,40144.43,2025-10-02T06:10:27Z,2026-03-29T20:47:46Z
1091,22,142,sponsored,71,0.0798,29535.91,2026-03-04T15:18:05Z,2026-03-25T04:40:36Z
1092,17,468,affiliate,4,0.0927,7061.76,2026-01-23T15:04:50Z,2026-04-12T01:48:07Z
1093,8,505,ambassador,93,0.0273,4515.07,2026-03-10T23:48:12Z,2026-03-21T02:35:47Z
1094,22,329,organic,53,0.1154,9150.53,2025-09-04T20:32:53Z,2026-04-04T15:58:43Z
1095,24,443,sponsored,69,0.0461,19467.45,2025-06-24T12:26:40Z,2026-04-02T13:36:23Z
1096,11,510,affiliate,27,0.0495,14174.86,2026-02-07T12:54:11Z,2026-04-01T06:00:31Z
1097,48,215,ambassador,12,0.0395,27788.28,2025-06-28T07:58:21Z,2026-04-09T02:23:56Z
1098,24,201,organic,17,0.0346,5932.52,2026-03-08T07:16:33Z,2026-04-01T21:50:38Z
1099,23,149,sponsored,92,0.017,44013.91,2025-11-22T05:07:31Z,2026-03-24T20:07:13Z
1100,15,428,affiliate,12,0.0482,6457.39,2025-11-30T10:20:21Z,2026-03-29T07:23:57Z
1101,13,22,ambassador,56,0.0134,21135.56,2025-05-20T16:01:08Z,2026-03-23T17:38:19Z
1102,10,160,organic,11,0.0811,47678.89,2025-10-12T21:17:23Z,2026-03-23T11:58:00Z
1103,49,371,sponsored,71,0.1028,3465.1,2025-12-08T16:30:28Z,2026-04-05T06:54:29Z
1104,44,313,affiliate,2,0.0729,46275.44,2025-09-22T06:21:36Z,2026-04-04T17:29:14Z
1105,28,221,ambassador,77,0.0991,40777.35,2025-07-21T07:21:43Z,2026-03-29T13:04:40Z
1106,41,28,organic,91,0.0437,16280.52,2025-10-03T06:38:30Z,2026-04-10T08:38:29Z
1108,45,207,sponsored,62,0.1189,45587.85,2025-09-23T07:54:46Z,2026-03-19T14:42:32Z
1109,49,41,affiliate,32,0.1161,15589.71,2025-10-11T16:12:04Z,2026-03-14T11:14:55Z
1110,7,420,ambassador,14,0.0937,25423.13,2025-08-22T16:07:26Z,2026-04-05T02:36:14Z
1112,33,195,organic,70,0.0998,45734.32,2025-05-14T19:18:10Z,2026-03-28T10:24:31Z
1113,17,148,sponsored,63,0.0962,39166.12,2025-06-14T12:04:23Z,2026-03-21T05:27:24Z
1114,19,193,affiliate,31,0.0593,14499.3,2025-12-23T06:47:54Z,2026-03-14T09:46:18Z
1115,45,192,ambassador,13,0.0196,27862.02,2026-02-16T17:02:15Z,2026-04-07T10:30:57Z
1116,4,337,organic,70,0.0717,44353.18,2025-09-17T23:37:49Z,2026-03-20T20:45:49Z
1117,50,118,sponsored,50,0.0811,37144.65,2025-08-14T09:03:12Z,2026-03-17T04:44:32Z
1120,47,406,affiliate,2,0.1176,27680.27,2025-12-26T09:30:58Z,2026-03-17T12:02:48Z
1121,9,86,ambassador,57,0.0954,2032.31,2025-12-14T13:06:35Z,2026-04-13T00:52:53Z
1122,6,487,organic,36,0.1067,9894.5,2025-09-17T00:40:15Z,2026-03-21T12:30:09Z
1123,18,367,sponsored,57,0.0146,13169.25,2025-09-26T04:15:27Z,2026-03-25T20:01:53Z
1124,3,280,affiliate,30,0.1,15498.51,2025-06-19T20:18:51Z,2026-03-15T05:35:43Z
1125,39,380,ambassador,54,0.1105,39901.01,2025-10-06T17:03:21Z,2026-04-02T09:45:03Z
1126,50,417,organic,88,0.0202,25778.09,2025-06-05T04:19:24Z,2026-04-02T11:05:59Z
1127,20,437,sponsored,32,0.0919,27120.3,2025-11-30T04:10:59Z,2026-03-15T04:56:18Z
1128,3,271,affiliate,60,0.0759,38544.48,2026-01-08T09:05:24Z,2026-03-14T17:17:11Z
1129,24,191,ambassador,75,0.1002,49859.49,2025-09-09T15:27:57Z,2026-04-12T13:25:29Z
1130,37,431,organic,25,0.0314,16684.56,2025-08-09T12:33:34Z,2026-03-31T05:10:05Z
1131,12,217,sponsored,41,0.0813,17216.73,2025-05-05T02:21:50Z,2026-03-20T16:51:44Z
1132,5,317,affiliate,79,0.0489,15915.33,2025-09-04T21:06:22Z,2026-04-02T00:51:41Z
1133,25,384,ambassador,90,0.04,41982.2,2026-02-04T01:24:02Z,2026-03-19T21:12:58Z
1134,40,229,organic,12,0.0375,33548.94,2025-08-22T04:36:02Z,2026-03-27T00:26:00Z
1135,9,502,sponsored,19,0.094,36399.83,2025-11-07T11:27:36Z,2026-03-23T15:10:39Z
1137,35,165,affiliate,20,0.0647,14564.87,2025-05-06T16:19:36Z,2026-04-13T03:56:42Z
1139,5,9,ambassador,23,0.0669,44966.46,2025-04-22T11:08:17Z,2026-03-19T01:43:49Z
1140,17,89,organic,5,0.0301,5038.03,2025-06-30T14:29:26Z,2026-04-02T20:21:38Z
1141,27,355,sponsored,11,0.0676,21574.55,2026-03-09T05:10:35Z,2026-04-04T12:28:50Z
1142,37,27,affiliate,26,0.0473,48467.38,2025-08-28T17:23:11Z,2026-04-04T05:37:19Z
1143,3,387,ambassador,24,0.0997,19725.34,2025-05-10T14:18:53Z,2026-04-01T22:45:54Z
1144,22,188,organic,69,0.0254,47431.87,2025-05-25T10:32:22Z,2026-03-18T09:19:14Z
1145,21,502,sponsored,84,0.1014,30634.92,2026-02-05T17:18:00Z,2026-04-07T14:55:57Z
1146,40,14,affiliate,43,0.1,30468.14,2025-07-13T12:16:40Z,2026-03-31T13:46:39Z
1147,50,425,ambassador,82,0.1145,35765.36,2026-02-16T06:57:37Z,2026-04-08T19:13:07Z
1148,29,502,organic,56,0.0685,6378.78,2026-02-26T19:36:50Z,2026-03-23T23:46:05Z
1149,32,508,sponsored,39,0.1034,49031.58,2026-01-25T04:08:57Z,2026-03-27T12:34:46Z
1150,34,191,affiliate,53,0.0937,30827.74,2025-07-11T21:36:42Z,2026-03-18T07:36:18Z
1151,18,501,ambassador,25,0.0517,36789.02,2026-01-05T04:14:58Z,2026-04-01T22:20:53Z
1152,4,403,organic,29,0.0664,41941.2,2025-10-21T06:27:01Z,2026-03-15T21:16:22Z
1153,5,466,sponsored,51,0.0368,4298.04,2025-08-31T04:24:24Z,2026-03-25T04:01:34Z
1155,22,289,affiliate,82,0.0174,1998.33,2025-11-01T18:43:01Z,2026-03-16T02:04:59Z
1157,41,427,ambassador,80,0.0181,1938.2,2026-02-17T21:16:57Z,2026-03-17T04:29:11Z
1158,23,60,organic,40,0.0786,15221.49,2025-12-20T23:37:38Z,2026-03-25T15:50:30Z
1159,3,105,sponsored,13,0.0286,37937.23,2026-01-05T22:57:34Z,2026-04-09T02:00:12Z
1160,41,359,affiliate,46,0.0693,9870.27,2025-05-28T22:27:05Z,2026-04-04T11:38:47Z
1161,36,252,ambassador,39,0.1091,20172.21,2025-10-17T23:54:31Z,2026-04-10T23:16:56Z
1162,31,236,organic,18,0.0702,3623.55,2026-01-24T03:48:19Z,2026-04-11T16:03:03Z
1163,43,36,sponsored,69,0.0206,29862.5,2026-02-19T10:19:13Z,2026-03-18T07:15:35Z
1164,27,60,affiliate,35,0.0796,33072.83,2025-08-25T16:41:41Z,2026-04-02T18:11:24Z
1165,1,345,ambassador,37,0.0928,27846.51,2025-12-06T01:15:44Z,2026-04-02T18:26:33Z
1166,26,438,organic,70,0.1106,35103.21,2025-06-18T06:29:06Z,2026-03-26T06:21:39Z
1167,14,142,sponsored,23,0.078,13483.93,2025-06-07T18:00:41Z,2026-03-17T02:14:47Z
1168,15,273,affiliate,41,0.0896,48966.99,2025-08-10T14:44:29Z,2026-04-02T23:23:56Z
1169,8,513,ambassador,26,0.0564,5167.28,2025-10-14T09:53:27Z,2026-04-02T11:30:09Z
1171,39,258,organic,70,0.1058,17033.73,2026-02-10T04:50:02Z,2026-04-09T01:24:59Z
1172,20,95,sponsored,54,0.1142,6168.73,2025-07-01T20:58:57Z,2026-03-22T03:23:45Z
1173,33,8,affiliate,10,0.0872,13974.43,2025-08-22T04:40:00Z,2026-03-16T05:08:29Z
1174,48,81,ambassador,28,0.0883,13798.98,2025-09-26T02:33:17Z,2026-03-18T11:19:11Z
1175,14,514,organic,39,0.0144,16468.1,2025-08-21T20:37:52Z,2026-04-08T16:10:34Z
1176,44,263,sponsored,86,0.0501,41310.74,2025-05-20T09:57:39Z,2026-04-10T14:33:32Z
1177,6,10,affiliate,17,0.0921,23244.22,2025-10-10T00:10:35Z,2026-03-23T00:29:07Z
1178,38,266,ambassador,53,0.1126,45822.48,2026-02-24T16:45:12Z,2026-03-29T21:50:26Z
1179,39,108,organic,73,0.0761,4209.95,2025-09-15T12:08:57Z,2026-03-31T15:11:32Z
1180,26,80,sponsored,11,0.1187,13361.51,2025-08-22T07:59:51Z,2026-04-13T04:12:45Z
1181,43,515,affiliate,79,0.0528,31392.01,2026-02-08T03:41:56Z,2026-03-23T16:00:28Z
1182,31,386,ambassador,43,0.0131,805.12,2025-11-02T18:35:43Z,2026-04-07T14:12:54Z
1183,46,232,organic,52,0.021,40830.08,2025-05-19T13:10:26Z,2026-03-30T09:45:53Z
1184,30,211,sponsored,79,0.0471,2120.31,2026-01-07T08:00:04Z,2026-04-10T10:57:18Z
1185,15,402,affiliate,75,0.0436,22676.26,2025-09-25T12:27:43Z,2026-04-09T03:47:41Z
1186,7,329,ambassador,62,0.069,39751.5,2025-05-14T14:03:58Z,2026-03-20T10:12:02Z
1187,12,67,organic,79,0.1188,49122.98,2025-04-30T20:50:37Z,2026-03-26T01:02:14Z
1188,49,519,sponsored,45,0.1042,683.99,2025-06-20T13:31:56Z,2026-04-08T01:01:53Z
1189,2,516,affiliate,49,0.1105,43720.31,2025-10-16T17:29:27Z,2026-03-16T15:11:23Z
1190,10,485,ambassador,17,0.027,1204.75,2025-06-13T19:48:20Z,2026-03-31T03:52:43Z
1191,13,224,organic,89,0.0143,994.41,2025-12-17T05:33:56Z,2026-03-27T01:29:46Z
1192,20,384,sponsored,94,0.0113,9686.62,2025-09-10T11:05:11Z,2026-04-09T03:25:00Z
1193,40,286,affiliate,48,0.0634,24954.63,2025-08-16T04:38:04Z,2026-04-11T19:49:59Z
1194,26,35,ambassador,46,0.119,41912.32,2025-04-24T04:15:17Z,2026-04-02T01:54:28Z
1195,8,318,organic,43,0.0345,18868.8,2025-09-24T11:45:27Z,2026-04-13T03:17:31Z
1197,10,21,sponsored,6,0.0826,49666.97,2025-10-28T12:25:59Z,2026-03-23T22:40:44Z
1198,22,415,affiliate,21,0.0683,44190.56,2025-05-16T03:23:46Z,2026-04-06T10:43:58Z
1199,14,451,ambassador,42,0.0289,43546.71,2026-03-12T00:18:20Z,2026-03-26T02:04:06Z
1200,6,239,organic,3,0.0331,13325.89,2025-09-02T19:09:07Z,2026-04-07T18:55:34Z
1201,5,318,sponsored,53,0.0853,33297.45,2026-02-06T14:03:13Z,2026-04-08T09:48:25Z
1202,4,453,affiliate,67,0.0396,38215.01,2025-08-30T20:45:20Z,2026-03-23T22:29:20Z
1203,25,173,ambassador,45,0.081,18830.99,2025-10-23T08:18:50Z,2026-04-07T17:43:47Z
1204,30,230,organic,2,0.0813,29327.54,2026-02-20T20:07:43Z,2026-04-01T12:12:21Z
1205,16,328,sponsored,84,0.0184,963.38,2026-01-02T16:08:22Z,2026-04-09T22:14:54Z
1206,24,164,affiliate,69,0.1139,38608.81,2025-05-15T17:13:03Z,2026-03-28T06:58:57Z
1207,32,520,ambassador,85,0.0502,16945.95,2026-02-20T20:06:15Z,2026-03-21T14:12:32Z
1208,42,232,organic,40,0.1037,769.61,2026-01-07T06:47:34Z,2026-03-22T10:26:28Z
1209,10,309,sponsored,8,0.1168,36830.98,2026-03-10T02:00:48Z,2026-04-09T06:28:51Z
1210,45,460,affiliate,39,0.0349,44862.87,2025-11-07T23:40:01Z,2026-03-31T05:14:32Z
1211,6,187,ambassador,18,0.0108,21166.59,2026-02-28T09:42:17Z,2026-03-15T20:35:37Z
1212,39,40,organic,41,0.0565,25429.34,2025-06-21T06:27:30Z,2026-04-08T16:15:21Z
1213,33,24,sponsored,81,0.0338,40255.29,2026-01-07T16:33:23Z,2026-03-31T09:12:34Z
1214,3,369,affiliate,9,0.0828,39337.59,2025-05-09T23:56:15Z,2026-03-18T15:51:05Z
1215,45,121,ambassador,80,0.0587,21106.22,2025-05-02T23:23:01Z,2026-03-19T02:06:08Z
1216,44,229,organic,80,0.0974,13618.54,2026-01-26T12:14:14Z,2026-03-25T19:05:24Z
1217,6,456,sponsored,13,0.052,2853.87,2025-05-01T14:31:52Z,2026-04-10T05:08:46Z
1218,35,302,affiliate,66,0.1142,4290.97,2025-09-21T00:16:02Z,2026-03-21T10:11:22Z
1219,8,54,ambassador,86,0.0452,13626.33,2025-07-04T07:46:02Z,2026-04-06T17:11:25Z
1222,39,15,organic,76,0.0623,25035.76,2025-09-21T22:42:41Z,2026-03-19T01:32:47Z
1223,16,169,sponsored,21,0.0723,2190.11,2025-07-20T03:00:09Z,2026-04-07T18:16:07Z
1224,36,291,affiliate,2,0.0946,24483.49,2025-05-21T18:08:00Z,2026-03-30T00:33:10Z
1225,6,46,ambassador,82,0.0511,44697.01,2025-05-02T19:48:40Z,2026-03-26T12:06:14Z
1226,33,116,organic,38,0.1037,27386.08,2025-09-16T23:38:49Z,2026-03-25T19:07:05Z
1228,20,507,sponsored,56,0.1142,25910.47,2025-10-12T06:04:53Z,2026-04-10T19:15:21Z
1229,22,376,affiliate,39,0.0299,32461.06,2025-12-19T09:27:36Z,2026-04-09T05:00:40Z
1230,47,369,ambassador,8,0.0267,36965.35,2025-12-29T11:54:22Z,2026-04-08T08:18:51Z
1231,44,386,organic,19,0.0811,4545.82,2025-11-16T15:07:40Z,2026-04-04T07:57:12Z
1233,31,145,sponsored,46,0.0465,33183.58,2025-04-19T05:20:57Z,2026-03-19T09:55:29Z
1234,44,330,affiliate,99,0.0616,12082.63,2025-07-25T22:42:16Z,2026-03-21T17:35:08Z
1235,7,202,ambassador,75,0.1148,8577.66,2025-12-20T13:44:30Z,2026-04-12T04:14:30Z
1236,4,476,organic,25,0.0273,45247.67,2025-05-10T08:14:05Z,2026-04-03T18:00:45Z
1237,30,224,sponsored,24,0.0381,26627.02,2025-08-25T16:36:08Z,2026-04-05T19:04:06Z
1238,19,28,affiliate,98,0.0771,42837.09,2026-01-20T05:33:07Z,2026-04-03T03:21:18Z
1239,50,457,ambassador,40,0.0334,36953.04,2026-02-22T15:01:41Z,2026-03-26T15:10:28Z
1240,31,44,organic,92,0.1117,47884.93,2025-12-01T20:05:18Z,2026-03-21T11:56:23Z
1242,9,307,sponsored,72,0.0776,37232.19,2025-07-09T13:58:40Z,2026-03-22T10:10:51Z
1243,13,477,affiliate,30,0.0269,6370.22,2025-10-17T05:33:48Z,2026-04-05T01:15:17Z
1244,33,161,ambassador,75,0.0677,155.61,2025-12-22T09:30:22Z,2026-03-29T05:17:09Z
1245,20,283,organic,2,0.0888,48922.45,2025-05-14T19:19:56Z,2026-03-25T20:35:41Z
1246,24,29,sponsored,73,0.0125,37421.29,2026-02-21T02:46:54Z,2026-03-26T11:28:05Z
1247,32,74,affiliate,94,0.1182,48740.13,2025-05-21T10:01:17Z,2026-03-21T04:22:51Z
1248,11,191,ambassador,21,0.0773,30711.01,2025-09-23T23:06:46Z,2026-03-23T03:25:35Z
1249,20,467,organic,75,0.0978,30729.19,2026-01-25T01:02:53Z,2026-03-17T22:12:06Z
1250,29,327,sponsored,23,0.0331,39737.44,2025-10-08T12:32:49Z,2026-04-05T09:12:44Z
1251,34,187,affiliate,75,0.0924,29194.48,2025-12-29T18:01:44Z,2026-03-25T06:11:29Z
1252,15,331,ambassador,30,0.0336,30527.2,2025-07-20T07:00:43Z,2026-03-14T10:14:52Z
1253,8,276,organic,43,0.0497,40205.03,2025-11-11T02:32:09Z,2026-04-05T11:29:31Z
1254,34,458,sponsored,90,0.0448,34581.95,2025-06-09T15:59:31Z,2026-03-19T10:21:12Z
1255,47,215,affiliate,25,0.0803,12231.55,2025-09-19T16:12:02Z,2026-03-15T13:54:16Z
1256,48,221,ambassador,25,0.1087,7346.32,2026-03-12T09:27:26Z,2026-03-26T11:45:07Z
1257,26,239,organic,79,0.095,33713.12,2025-12-01T16:56:31Z,2026-03-16T12:18:44Z
1259,3,302,sponsored,58,0.0672,31801.1,2025-05-20T23:52:33Z,2026-03-16T17:28:38Z
1260,44,428,affiliate,18,0.0716,6636.71,2025-12-21T05:20:53Z,2026-04-11T17:20:15Z
1261,34,224,ambassador,95,0.0444,41306.6,2026-02-22T02:49:43Z,2026-03-31T02:38:30Z
1262,28,110,organic,25,0.0236,21453.67,2025-12-02T01:40:06Z,2026-04-01T08:44:21Z
1263,39,220,sponsored,62,0.0424,5228.46,2025-09-14T00:50:12Z,2026-03-30T06:54:33Z
1264,4,72,affiliate,82,0.0129,41413.9,2025-06-29T03:11:12Z,2026-04-11T07:50:39Z
1265,30,24,ambassador,83,0.0486,36845.7,2025-05-21T08:55:57Z,2026-03-22T01:02:26Z
1266,22,278,organic,90,0.1094,19115.94,2025-12-28T11:15:09Z,2026-04-08T04:13:53Z
1267,1,461,sponsored,92,0.0538,15456.77,2025-09-13T20:41:56Z,2026-04-08T03:48:18Z
1268,47,373,affiliate,3,0.0313,19279.05,2025-05-25T09:54:00Z,2026-03-23T06:39:01Z
1269,13,379,ambassador,38,0.0559,5283.16,2025-12-13T14:42:57Z,2026-03-17T05:02:45Z
1270,48,69,organic,86,0.1041,41975.48,2025-12-01T07:35:35Z,2026-03-24T10:10:45Z
1271,41,441,sponsored,47,0.0225,21393.87,2025-11-03T09:45:03Z,2026-03-30T14:48:31Z
1274,32,93,affiliate,81,0.0463,17949.07,2026-02-28T04:51:46Z,2026-03-18T10:55:02Z
1275,37,119,ambassador,7,0.0224,19419.91,2025-08-11T04:34:17Z,2026-04-12T04:02:58Z
1276,8,220,organic,65,0.1015,11774.33,2025-05-15T07:31:25Z,2026-04-12T23:18:06Z
1278,38,518,sponsored,70,0.0627,24277.95,2025-10-06T08:10:59Z,2026-04-09T08:48:44Z
1279,11,266,affiliate,97,0.0269,30984.26,2025-09-20T09:18:30Z,2026-03-27T14:34:16Z
1280,38,439,ambassador,79,0.0793,26001.32,2025-10-18T21:02:31Z,2026-04-05T12:04:25Z
1282,8,401,organic,28,0.0217,1848.68,2025-09-06T20:02:25Z,2026-04-07T05:28:01Z
1283,36,280,sponsored,25,0.0753,7641.13,2026-03-08T03:00:05Z,2026-04-04T11:05:37Z
1284,3,92,affiliate,39,0.1183,37405.8,2025-06-16T03:48:52Z,2026-03-19T00:46:13Z
1285,1,333,ambassador,80,0.1104,46008.57,2025-04-29T03:09:54Z,2026-03-27T01:34:46Z
1286,31,387,organic,65,0.0801,12239.33,2025-10-28T18:37:03Z,2026-04-04T00:44:18Z
1287,28,282,sponsored,36,0.0467,3027.19,2025-06-17T07:47:41Z,2026-04-03T02:08:27Z
1288,50,424,affiliate,92,0.0717,30623.1,2025-08-07T05:53:29Z,2026-03-16T16:31:34Z
1290,35,118,ambassador,68,0.0801,15303.85,2025-05-30T01:12:05Z,2026-04-02T20:06:22Z
1291,40,341,organic,90,0.087,27981.25,2025-08-06T09:27:46Z,2026-04-02T03:25:18Z
1292,12,103,sponsored,33,0.0919,31205.11,2025-06-28T11:59:43Z,2026-03-27T13:23:25Z
1293,13,236,affiliate,83,0.0791,38604.51,2025-12-19T19:05:09Z,2026-04-07T04:25:45Z
1294,22,328,ambassador,70,0.1128,31730.18,2025-04-14T20:51:43Z,2026-04-07T20:02:58Z
1295,43,115,organic,68,0.1028,23039.25,2025-12-20T23:05:51Z,2026-03-23T11:48:42Z
1296,19,304,sponsored,93,0.1033,42583.67,2025-12-20T04:30:00Z,2026-03-30T19:51:50Z
1297,23,233,affiliate,17,0.1129,21434.31,2025-05-16T22:36:12Z,2026-04-03T20:20:18Z
1298,50,487,ambassador,84,0.0906,24572.95,2026-02-24T13:36:14Z,2026-03-22T20:22:23Z
1299,15,469,organic,88,0.0547,43830.6,2026-02-22T03:50:29Z,2026-04-11T00:17:27Z
1300,33,301,sponsored,44,0.1198,17856.71,2025-09-29T00:13:01Z,2026-04-10T09:36:58Z
1301,16,46,affiliate,8,0.0337,35022.88,2025-11-09T04:03:20Z,2026-04-02T12:33:25Z
1302,3,313,ambassador,26,0.0797,46589.83,2026-03-04T12:52:20Z,2026-03-26T23:38:17Z
1303,36,385,organic,56,0.0925,7519.03,2025-08-31T11:51:14Z,2026-03-20T23:09:23Z
1304,24,518,sponsored,92,0.0661,41421.98,2025-05-19T07:05:11Z,2026-03-31T03:28:54Z
1305,41,346,affiliate,4,0.0907,49341.1,2025-11-01T03:35:21Z,2026-04-06T23:04:08Z
1306,32,114,ambassador,10,0.0706,32729.59,2025-04-23T03:22:43Z,2026-03-16T16:54:35Z
1307,42,476,organic,98,0.0747,39957.28,2025-08-11T19:06:20Z,2026-04-01T03:17:13Z
1308,37,12,sponsored,78,0.1,24635.94,2026-03-05T09:43:14Z,2026-03-19T22:29:00Z
1309,46,506,affiliate,66,0.0656,1874.02,2025-11-01T11:03:13Z,2026-03-20T14:13:06Z
1311,20,277,ambassador,67,0.1182,24822.92,2025-06-30T07:12:21Z,2026-04-11T22:02:40Z
1313,8,32,organic,55,0.1092,18514.04,2025-05-26T15:37:15Z,2026-04-09T02:53:02Z
1314,13,256,sponsored,35,0.0367,31078.12,2025-06-29T07:04:40Z,2026-04-01T08:06:35Z
1315,9,345,affiliate,85,0.0312,8643.45,2026-02-15T05:23:41Z,2026-03-23T01:21:14Z
1316,26,285,ambassador,86,0.0417,29732.86,2025-07-11T17:33:07Z,2026-03-30T05:54:44Z
1317,45,457,organic,13,0.0313,22914.18,2025-11-19T20:52:40Z,2026-03-29T16:08:35Z
1318,2,374,sponsored,71,0.0653,8359.14,2025-08-23T06:30:33Z,2026-03-25T07:14:13Z
1319,8,231,affiliate,39,0.0825,21467.02,2025-05-17T03:41:06Z,2026-03-14T18:07:20Z
1320,38,520,ambassador,27,0.0578,38332.69,2025-10-01T04:10:55Z,2026-03-31T01:20:58Z
1321,33,147,organic,37,0.0384,37391.65,2025-12-13T15:05:42Z,2026-03-30T21:37:31Z
1322,48,357,sponsored,73,0.0807,24448.13,2026-02-04T18:13:49Z,2026-03-24T10:10:59Z
1323,42,238,affiliate,83,0.0459,26212.97,2026-02-10T04:06:50Z,2026-04-08T01:17:16Z
1325,33,322,ambassador,64,0.0226,31191.99,2025-05-28T22:13:37Z,2026-04-05T00:14:29Z
1326,24,511,organic,95,0.0229,14609.78,2025-11-10T14:53:14Z,2026-03-20T11:53:01Z
1327,47,259,sponsored,33,0.0384,17789.14,2025-06-13T21:27:09Z,2026-04-11T08:43:09Z
1328,27,189,affiliate,61,0.0917,12820.62,2025-07-16T04:27:47Z,2026-03-14T15:23:13Z
1329,1,59,ambassador,58,0.0531,44490.31,2026-02-12T23:39:04Z,2026-04-11T10:42:58Z
1330,16,311,organic,92,0.1151,4696.6,2025-08-19T07:41:02Z,2026-03-15T23:46:53Z
1331,38,104,sponsored,13,0.0602,29682.03,2025-09-27T06:11:15Z,2026-04-06T08:42:35Z
1332,7,48,affiliate,40,0.0382,5068.27,2025-05-05T06:00:58Z,2026-04-01T19:22:50Z
1333,44,187,ambassador,11,0.0802,48796.35,2025-05-30T07:14:02Z,2026-03-18T15:38:11Z
1334,44,22,organic,19,0.0762,48339.68,2025-07-16T19:31:58Z,2026-03-17T18:17:50Z
1335,30,490,sponsored,21,0.0215,726.25,2026-01-09T13:09:38Z,2026-03-14T23:38:55Z
1336,48,60,affiliate,97,0.0516,40602.61,2025-11-02T06:48:33Z,2026-04-05T06:09:15Z
1337,11,269,ambassador,77,0.0942,22300.55,2026-01-16T05:29:10Z,2026-03-15T22:32:44Z
1338,29,407,organic,81,0.1162,32928.49,2026-01-30T07:08:28Z,2026-04-02T20:46:57Z
1339,9,438,sponsored,35,0.0304,22204.8,2025-10-18T06:58:04Z,2026-04-06T14:09:09Z
1340,6,309,affiliate,24,0.0164,2443.61,2025-11-12T23:17:24Z,2026-04-05T18:36:04Z
1341,9,261,ambassador,91,0.0308,18771.27,2025-08-13T13:38:47Z,2026-03-25T06:58:57Z
1342,25,184,organic,55,0.0694,24991.36,2025-07-22T16:02:57Z,2026-03-27T16:24:52Z
1343,31,174,sponsored,46,0.0297,1590.29,2025-11-25T20:56:51Z,2026-04-09T03:11:52Z
1344,28,217,affiliate,60,0.111,49385.9,2025-09-25T09:56:48Z,2026-04-05T05:55:22Z
1345,29,73,ambassador,2,0.0778,33545.35,2025-05-31T00:46:48Z,2026-03-21T12:19:59Z
1346,8,234,organic,60,0.026,24067.17,2025-05-16T14:26:28Z,2026-03-23T05:41:29Z
1348,32,292,sponsored,20,0.0768,38899.74,2025-05-30T17:15:28Z,2026-04-10T17:15:15Z
1350,2,213,affiliate,30,0.0823,7455.13,2026-01-20T05:51:46Z,2026-03-22T00:16:58Z
1351,41,186,ambassador,88,0.051,18422.52,2025-05-22T09:13:59Z,2026-03-26T07:02:06Z
1352,10,150,organic,21,0.0774,3383.64,2025-10-07T12:44:57Z,2026-04-08T05:50:17Z
1353,46,457,sponsored,70,0.0275,13734.22,2025-12-29T17:02:39Z,2026-04-10T11:31:06Z
1354,12,134,affiliate,25,0.0655,15439.18,2026-03-11T21:11:22Z,2026-03-14T10:42:15Z
1355,10,469,ambassador,79,0.0746,1895.78,2026-01-16T06:49:50Z,2026-03-14T10:40:30Z
1356,47,44,organic,21,0.1163,7275.64,2025-12-06T00:56:19Z,2026-04-10T08:37:35Z
1357,25,485,sponsored,12,0.0862,26644.49,2025-06-16T16:50:07Z,2026-04-07T21:51:14Z
1358,35,274,affiliate,75,0.051,20793.13,2025-04-15T12:18:58Z,2026-04-03T18:56:56Z
1359,34,464,ambassador,37,0.0718,39201.42,2025-11-02T10:51:38Z,2026-03-21T02:39:29Z
1361,2,520,organic,26,0.0935,7730.67,2026-01-03T16:06:20Z,2026-03-16T21:18:28Z
1362,40,30,sponsored,69,0.1191,26643.92,2025-07-05T12:16:34Z,2026-03-27T09:31:00Z
1363,16,408,affiliate,90,0.0873,3117.99,2025-11-10T18:49:25Z,2026-03-29T15:53:12Z
1364,44,315,ambassador,74,0.0617,33433.91,2025-07-18T21:47:48Z,2026-03-29T22:57:38Z
1365,25,257,organic,58,0.0712,40341.26,2025-10-17T04:44:13Z,2026-03-31T03:07:23Z
1366,35,501,sponsored,29,0.0327,2474.5,2026-03-11T21:41:25Z,2026-03-24T16:45:21Z
1367,22,64,affiliate,13,0.021,8910.01,2025-07-28T10:49:12Z,2026-04-12T13:28:03Z
1368,22,510,ambassador,49,0.0564,49286.54,2025-08-16T14:32:24Z,2026-03-29T14:07:03Z
1369,34,506,organic,24,0.0805,35049.68,2025-09-29T23:26:44Z,2026-04-03T00:07:07Z
1370,44,68,sponsored,43,0.0334,35690.8,2025-05-31T17:39:12Z,2026-03-28T17:14:09Z
1372,40,222,affiliate,50,0.0217,34590.3,2025-04-24T00:37:38Z,2026-03-17T03:07:21Z
1373,24,106,ambassador,5,0.0622,20702.57,2025-07-28T20:46:20Z,2026-04-03T18:09:16Z
1374,34,408,organic,55,0.1103,6863.73,2026-02-12T09:08:03Z,2026-03-25T06:09:03Z
1375,42,512,sponsored,62,0.0113,29916.42,2025-11-04T21:00:19Z,2026-03-16T15:33:48Z
1376,24,56,affiliate,39,0.0945,2585.25,2025-04-16T09:22:54Z,2026-03-21T04:16:03Z
1377,34,109,ambassador,55,0.0298,34855.2,2025-11-01T23:13:42Z,2026-04-03T06:39:28Z
1378,28,61,organic,53,0.0514,31938.6,2026-02-17T11:43:19Z,2026-03-22T00:09:11Z
1379,3,234,sponsored,13,0.0461,30166.98,2025-08-28T14:06:42Z,2026-03-20T13:22:23Z
1380,2,460,affiliate,4,0.028,3736.3,2025-12-04T08:53:08Z,2026-04-05T23:43:24Z
1381,13,21,ambassador,25,0.0185,44533.04,2025-05-26T18:02:50Z,2026-03-19T02:38:27Z
1383,32,363,organic,76,0.0816,41762.75,2026-02-25T19:51:18Z,2026-03-20T09:18:15Z
1385,15,442,sponsored,43,0.1147,21776.71,2025-08-30T10:32:27Z,2026-03-25T17:49:27Z
1386,1,211,affiliate,22,0.0231,1082.13,2025-04-15T00:21:43Z,2026-03-22T09:13:54Z
1387,33,155,ambassador,54,0.0349,14369.13,2025-09-10T08:07:08Z,2026-03-24T03:44:22Z
1388,36,42,organic,96,0.0963,13950.22,2025-06-16T09:37:38Z,2026-04-03T11:15:58Z
1389,46,28,sponsored,90,0.0291,35932.56,2025-12-14T08:20:23Z,2026-03-31T09:59:09Z
1390,20,434,affiliate,30,0.0332,28802,2025-10-20T10:43:45Z,2026-03-22T03:09:21Z
1391,36,392,ambassador,39,0.0638,17291.97,2025-11-19T22:40:45Z,2026-03-16T07:20:15Z
1392,14,60,organic,75,0.0754,44227.83,2025-06-22T14:29:52Z,2026-04-11T08:28:31Z
1393,7,123,sponsored,28,0.0486,31861.86,2025-09-19T04:21:33Z,2026-04-07T23:41:04Z
1394,7,254,affiliate,55,0.0545,41459.3,2026-03-02T07:22:57Z,2026-03-18T10:38:41Z
1395,44,507,ambassador,96,0.0107,15279.49,2026-02-22T20:30:56Z,2026-04-07T03:08:33Z
1396,22,159,organic,72,0.0702,46180.01,2026-02-15T10:20:28Z,2026-03-29T01:37:41Z
1397,47,362,sponsored,24,0.103,25195.22,2025-07-17T20:01:28Z,2026-03-22T08:46:56Z
1398,24,431,affiliate,39,0.0869,46037.2,2025-12-06T04:13:35Z,2026-04-09T16:39:53Z
1399,30,219,ambassador,36,0.034,15796.14,2025-05-15T12:29:36Z,2026-04-05T04:08:55Z
1400,22,421,organic,80,0.0442,4772.18,2025-06-23T06:48:14Z,2026-03-24T04:02:40Z
1401,8,189,sponsored,86,0.0732,11044.96,2025-10-24T03:01:21Z,2026-03-15T07:41:59Z
1402,50,139,affiliate,14,0.0431,43234.91,2025-12-18T16:02:39Z,2026-03-27T05:43:54Z
1403,45,136,ambassador,13,0.1077,23915.13,2025-09-07T01:04:25Z,2026-03-25T01:22:46Z
1404,32,325,organic,82,0.0478,44432.94,2025-11-29T03:34:05Z,2026-04-05T23:06:56Z
1405,40,16,sponsored,52,0.0829,3913.74,2025-08-26T18:50:35Z,2026-04-12T00:35:40Z
1406,3,423,affiliate,67,0.1104,27978.69,2025-12-16T18:01:38Z,2026-03-17T21:37:10Z
1407,15,317,ambassador,79,0.0332,8264.51,2025-10-30T10:29:02Z,2026-04-04T03:19:58Z
1408,15,191,organic,95,0.0888,20651.42,2025-09-29T16:57:15Z,2026-03-29T07:24:06Z
1409,13,92,sponsored,82,0.0112,22586.06,2025-10-01T17:17:15Z,2026-03-24T17:56:53Z
1410,18,382,affiliate,35,0.1106,3432.61,2025-12-24T02:51:43Z,2026-03-20T03:40:27Z
1411,42,204,ambassador,77,0.0939,8589,2025-10-19T22:23:33Z,2026-03-19T10:16:53Z
1412,40,117,organic,65,0.0293,33993.66,2026-01-05T14:31:09Z,2026-03-29T04:24:18Z
1413,23,8,sponsored,17,0.0463,38588.45,2025-05-27T22:54:36Z,2026-04-11T13:30:24Z
1414,14,82,affiliate,57,0.1095,49797.28,2025-12-27T18:17:37Z,2026-04-07T10:02:50Z
1415,34,16,ambassador,2,0.1185,39673.76,2026-02-15T21:16:18Z,2026-04-11T21:38:37Z
1416,27,203,organic,55,0.0323,35901.62,2026-01-21T13:06:15Z,2026-03-31T13:50:08Z
1417,43,13,sponsored,52,0.1084,25140.93,2025-06-12T17:29:56Z,2026-03-24T03:25:04Z
1418,26,111,affiliate,97,0.0466,19808.48,2025-11-08T17:03:43Z,2026-03-22T15:15:00Z
1419,20,520,ambassador,96,0.1035,23183.88,2025-06-02T09:38:03Z,2026-03-21T02:32:27Z
1420,1,381,organic,23,0.0339,29570.29,2026-02-23T22:02:37Z,2026-03-25T00:07:14Z
1421,37,167,sponsored,75,0.079,44542.97,2025-09-01T11:31:33Z,2026-04-08T14:35:16Z
1422,33,202,affiliate,58,0.0652,22077.91,2026-01-15T02:33:27Z,2026-04-13T01:05:44Z
1423,22,205,ambassador,71,0.0298,3934.02,2026-03-10T13:23:01Z,2026-04-01T18:16:31Z
1424,43,208,organic,97,0.0908,44299.64,2025-08-08T01:57:20Z,2026-04-11T04:34:36Z
1426,6,289,sponsored,49,0.0161,38119.5,2025-12-02T12:15:08Z,2026-03-17T17:27:16Z
1427,23,71,affiliate,86,0.1078,12230.65,2025-10-02T04:37:47Z,2026-04-07T11:26:25Z
1428,41,123,ambassador,60,0.0589,22709.43,2025-08-16T23:46:57Z,2026-03-30T08:50:55Z
1429,11,213,organic,70,0.0657,7599.12,2025-07-22T20:05:34Z,2026-03-17T13:14:33Z
1430,27,6,sponsored,63,0.07,36391.56,2025-09-26T14:37:01Z,2026-03-29T22:48:31Z
1431,8,8,affiliate,7,0.0672,7366.75,2025-12-21T00:20:40Z,2026-03-22T02:58:46Z
1433,2,87,ambassador,70,0.048,42036.69,2025-06-07T20:00:11Z,2026-03-26T02:11:16Z
1434,36,101,organic,95,0.0418,15755.83,2025-09-19T17:01:16Z,2026-03-14T19:05:15Z
1435,44,190,sponsored,37,0.0541,25118.6,2025-12-15T08:59:25Z,2026-04-03T11:52:08Z
1436,20,444,affiliate,19,0.0208,4560.71,2025-10-31T15:24:06Z,2026-03-17T07:54:35Z
1439,17,309,ambassador,51,0.0112,30702.59,2026-02-04T15:44:01Z,2026-04-12T01:10:42Z
1440,49,103,organic,3,0.0398,26592.67,2025-12-22T01:51:27Z,2026-04-09T15:07:53Z
1441,13,53,sponsored,25,0.0251,10668.15,2026-01-14T14:28:39Z,2026-03-17T19:57:26Z
1443,4,417,affiliate,84,0.1016,42941.28,2025-06-07T08:23:52Z,2026-04-01T13:15:01Z
1444,24,156,ambassador,15,0.0166,29845.92,2025-05-07T15:42:15Z,2026-03-27T08:32:58Z
1445,46,422,organic,31,0.0236,34924.74,2026-02-01T22:44:27Z,2026-03-14T17:11:48Z
1446,35,172,sponsored,32,0.0931,48909.4,2025-08-22T14:57:49Z,2026-03-29T11:17:41Z
1447,30,337,affiliate,31,0.0843,45721.84,2025-05-19T19:15:58Z,2026-03-20T08:23:17Z
1448,3,449,ambassador,66,0.12,27228.49,2025-12-14T17:20:31Z,2026-04-03T21:08:11Z
1449,35,92,organic,70,0.0237,49339.72,2026-01-09T20:02:31Z,2026-04-07T22:21:05Z
1450,13,148,sponsored,16,0.0846,23602.32,2025-08-19T22:35:06Z,2026-03-19T21:17:33Z
1451,39,237,affiliate,33,0.0591,24179.98,2025-07-21T21:25:13Z,2026-04-09T01:59:38Z
1452,11,18,ambassador,86,0.0819,39457.28,2025-12-26T05:22:36Z,2026-03-17T01:47:40Z
1454,16,265,organic,93,0.0346,44570.75,2025-08-07T14:37:33Z,2026-04-05T09:43:19Z
1455,6,481,sponsored,49,0.0864,17312.65,2026-01-29T10:46:45Z,2026-03-29T07:02:28Z
1456,18,192,affiliate,15,0.0934,15069.83,2026-01-13T19:24:33Z,2026-04-02T19:52:08Z
1457,49,488,ambassador,4,0.0477,38094.77,2025-08-18T01:10:42Z,2026-03-25T02:42:50Z
1458,29,442,organic,49,0.0968,6240.37,2025-07-04T22:39:57Z,2026-04-13T06:41:06Z
1460,19,516,sponsored,16,0.0248,30096.43,2026-02-24T10:59:14Z,2026-04-09T23:22:02Z
1461,44,322,affiliate,75,0.0387,31610.77,2025-06-05T06:01:50Z,2026-03-24T14:02:39Z
1462,14,291,ambassador,86,0.0618,25144.01,2025-07-05T10:55:41Z,2026-03-17T02:42:34Z
1463,3,128,organic,70,0.0862,5707.04,2026-01-01T02:30:16Z,2026-03-15T22:21:35Z
1465,28,46,sponsored,46,0.0799,11990.26,2025-11-03T06:03:26Z,2026-03-19T04:42:23Z
1466,25,171,affiliate,45,0.0535,15618.57,2025-05-27T01:09:01Z,2026-03-19T21:03:09Z
1467,25,242,ambassador,51,0.0845,44079.48,2025-08-23T10:51:01Z,2026-04-11T04:59:36Z
1468,6,194,organic,9,0.0758,41619.14,2025-06-26T07:01:50Z,2026-03-27T17:41:48Z
1469,40,134,sponsored,36,0.029,46510.19,2026-02-03T08:35:03Z,2026-03-17T05:00:44Z
1472,34,142,affiliate,75,0.0404,44039.84,2026-01-12T13:01:01Z,2026-04-09T05:36:26Z
1473,47,123,ambassador,19,0.013,32446.63,2026-01-06T17:34:17Z,2026-03-24T18:05:04Z
1474,13,295,organic,30,0.0222,6358.84,2026-01-30T17:56:52Z,2026-03-30T06:19:25Z
1475,28,453,sponsored,13,0.0584,8673.95,2025-08-31T08:09:17Z,2026-03-23T04:45:31Z
1477,7,282,affiliate,31,0.1036,17617.15,2026-02-10T02:19:54Z,2026-03-19T14:20:30Z
1478,46,265,ambassador,64,0.0472,46227.69,2025-07-07T11:35:28Z,2026-03-24T07:27:03Z
1479,35,332,organic,8,0.0348,16598.59,2025-06-20T20:35:18Z,2026-04-10T09:05:31Z
1480,23,175,sponsored,98,0.1127,36269.98,2025-10-27T22:58:56Z,2026-03-31T23:45:24Z
1481,15,260,affiliate,10,0.0966,36993.81,2025-04-25T00:24:09Z,2026-04-10T02:49:07Z
1482,46,207,ambassador,93,0.0137,31827.29,2026-02-05T11:54:16Z,2026-03-17T21:10:02Z
1483,40,452,organic,11,0.1055,10955.92,2025-06-27T01:43:43Z,2026-04-05T01:01:53Z
1484,44,36,sponsored,59,0.0645,32261.63,2026-02-26T18:02:25Z,2026-04-11T05:33:13Z
1485,14,375,affiliate,27,0.0803,29791.78,2025-05-10T19:32:31Z,2026-03-23T13:50:48Z
1486,13,315,ambassador,45,0.1027,7177.52,2025-08-23T05:00:53Z,2026-03-22T12:45:39Z
1487,14,95,organic,11,0.024,33181.87,2026-01-03T06:41:08Z,2026-04-03T23:45:19Z
1488,28,395,sponsored,21,0.0761,23882.29,2026-03-12T06:25:32Z,2026-03-20T22:03:16Z
1489,8,73,affiliate,86,0.0107,34318.2,2025-11-09T11:59:24Z,2026-03-27T16:02:57Z
1490,50,445,ambassador,73,0.1074,35737.64,2025-11-23T11:36:21Z,2026-03-25T05:35:57Z
1491,1,373,organic,60,0.0642,47897.92,2025-11-04T17:59:44Z,2026-04-13T06:54:11Z
1492,37,418,sponsored,81,0.0321,40313.29,2025-12-09T09:44:05Z,2026-03-18T08:42:50Z
1493,10,141,affiliate,42,0.0915,2831.05,2025-09-10T05:26:11Z,2026-04-05T17:26:46Z
1494,15,427,ambassador,40,0.0251,23096.01,2025-10-12T16:50:39Z,2026-04-08T14:42:44Z
1495,45,229,organic,76,0.0843,46239.75,2025-05-13T12:10:02Z,2026-04-11T22:46:56Z
1496,36,312,sponsored,60,0.033,40435.05,2025-08-28T08:34:21Z,2026-04-03T00:40:57Z
1497,48,75,affiliate,87,0.1074,32147.26,2025-04-20T14:17:46Z,2026-03-22T08:51:24Z
1498,46,146,ambassador,14,0.0106,7570.75,2026-03-01T11:08:33Z,2026-04-08T22:20:08Z
1499,9,28,organic,65,0.1039,41344.09,2025-06-29T16:05:08Z,2026-04-01T04:46:13Z
1500,37,374,sponsored,25,0.0676,44109.21,2025-10-07T07:11:31Z,2026-04-01T03:56:18Z
1501,4,7,affiliate,9,0.0102,34765.08,2026-01-30T04:25:22Z,2026-04-08T02:29:55Z
1503,30,419,ambassador,82,0.0212,48136.18,2025-07-23T00:34:44Z,2026-03-27T06:02:35Z
1504,22,195,organic,61,0.0689,15504.8,2025-08-27T11:16:13Z,2026-03-30T07:54:15Z
1505,2,180,sponsored,29,0.0894,49541.43,2025-06-12T18:46:51Z,2026-03-16T23:37:00Z
1506,49,141,affiliate,19,0.0776,20859.17,2026-03-07T21:12:39Z,2026-03-27T20:16:26Z
1509,17,354,ambassador,47,0.0892,23725.05,2025-10-08T09:46:11Z,2026-04-07T20:00:30Z
1510,19,360,organic,29,0.0882,28505.57,2026-02-14T12:04:38Z,2026-04-07T04:55:48Z
1511,12,439,sponsored,65,0.0926,32570.07,2025-11-25T02:50:28Z,2026-03-19T01:47:08Z
1513,10,164,affiliate,34,0.0445,24964.41,2025-11-05T22:53:45Z,2026-03-23T12:37:03Z
1514,38,339,ambassador,80,0.0965,35500.13,2025-06-06T09:28:58Z,2026-03-29T09:39:50Z
1515,27,436,organic,62,0.0975,3658.92,2025-10-03T13:41:30Z,2026-03-31T09:39:16Z
1516,30,220,sponsored,15,0.0973,43367.44,2025-04-20T02:07:05Z,2026-04-03T23:02:15Z
1517,12,18,affiliate,6,0.0832,39174.11,2025-09-20T15:29:52Z,2026-03-23T21:43:45Z
1518,10,349,ambassador,41,0.0446,36683.2,2026-03-12T10:08:16Z,2026-04-13T03:14:49Z
1519,28,257,organic,25,0.0291,8220.97,2025-10-08T14:39:24Z,2026-03-22T02:07:43Z
1520,46,442,sponsored,43,0.0256,49235.73,2025-10-03T06:14:15Z,2026-03-14T20:27:36Z
1521,10,165,affiliate,63,0.0893,20844.99,2025-07-06T19:56:05Z,2026-04-01T01:57:33Z
1522,22,168,ambassador,47,0.109,25477.23,2025-05-14T21:52:33Z,2026-03-19T06:59:33Z
1524,30,323,organic,54,0.0964,41415.17,2025-07-09T21:08:44Z,2026-04-02T12:02:29Z
1525,1,279,sponsored,65,0.1162,41906.23,2025-11-30T11:12:09Z,2026-03-17T01:37:59Z
1526,5,81,affiliate,72,0.0284,16364.98,2025-10-05T08:29:10Z,2026-03-30T19:05:11Z
1527,1,82,ambassador,1,0.091,4904.83,2025-09-12T01:07:16Z,2026-03-28T01:14:39Z
1528,42,57,organic,91,0.0727,5170.8,2025-09-20T20:16:20Z,2026-03-15T08:30:42Z
1529,8,191,sponsored,9,0.0579,14222.63,2026-02-22T04:12:09Z,2026-04-01T09:32:50Z
1530,8,406,affiliate,81,0.0757,3012.67,2025-09-07T08:41:27Z,2026-03-22T04:51:04Z
1531,48,147,ambassador,8,0.1175,41994.95,2025-06-25T04:42:37Z,2026-04-03T17:30:37Z
1532,36,44,organic,33,0.0817,42341.38,2025-12-11T13:56:15Z,2026-03-26T17:32:40Z
1533,32,90,sponsored,93,0.1181,33826.51,2025-04-15T07:56:50Z,2026-03-28T16:52:00Z
1534,22,409,affiliate,57,0.0636,12862.52,2025-12-16T02:19:56Z,2026-03-26T09:52:56Z
1536,48,363,ambassador,89,0.1003,30242.63,2025-12-04T15:32:34Z,2026-03-20T11:32:03Z
1537,11,188,organic,3,0.1117,11575.93,2025-11-22T19:18:24Z,2026-04-09T02:40:53Z
1538,23,419,sponsored,12,0.0649,17317.84,2025-12-01T15:29:19Z,2026-03-31T01:24:26Z
1539,27,179,affiliate,58,0.0162,17688.03,2025-06-20T03:38:17Z,2026-03-21T04:40:47Z
1541,39,121,ambassador,78,0.1079,17740.13,2025-09-12T07:48:18Z,2026-04-02T11:46:28Z
1542,1,469,organic,63,0.0885,3412.49,2025-07-16T11:09:30Z,2026-03-22T21:53:57Z
1543,46,407,sponsored,50,0.0505,48341.43,2025-11-07T20:25:41Z,2026-04-13T06:00:23Z
1544,3,359,affiliate,59,0.0669,12580.44,2025-12-20T14:38:38Z,2026-04-13T03:36:23Z
1545,17,263,ambassador,39,0.0108,28213.09,2025-05-09T09:56:13Z,2026-04-03T00:20:28Z
1546,8,347,organic,86,0.0499,10348.86,2026-02-17T17:19:02Z,2026-04-05T19:37:33Z
1547,21,154,sponsored,77,0.0398,29011.05,2025-12-12T23:43:57Z,2026-04-04T23:04:52Z
1548,47,433,affiliate,80,0.0127,8531.15,2026-02-23T23:37:25Z,2026-04-04T13:47:32Z
1549,25,16,ambassador,89,0.0858,2541.09,2025-07-06T15:18:52Z,2026-04-12T15:52:54Z
1550,24,287,organic,6,0.0351,19281.34,2025-09-01T17:34:12Z,2026-04-04T23:22:29Z
1553,34,229,sponsored,30,0.0152,47609.66,2025-12-22T21:04:42Z,2026-03-18T22:08:34Z
1554,36,318,affiliate,39,0.0839,31264.63,2025-11-30T01:53:18Z,2026-03-25T05:14:28Z
1555,35,183,ambassador,55,0.0727,42311.47,2025-05-16T12:16:38Z,2026-04-04T10:11:43Z
1557,6,367,organic,5,0.0898,9436.82,2025-11-25T08:37:01Z,2026-03-29T00:55:43Z
1558,26,158,sponsored,8,0.0213,9442.13,2025-08-02T18:08:32Z,2026-03-24T13:21:19Z
1560,36,364,affiliate,47,0.0744,19171.77,2025-07-21T02:11:44Z,2026-04-09T21:56:38Z
1561,19,205,ambassador,70,0.0169,47401.38,2025-05-17T20:29:53Z,2026-03-31T02:15:12Z
1562,40,371,organic,19,0.0242,30687.25,2025-07-17T16:41:02Z,2026-03-20T20:36:30Z
1563,27,114,sponsored,23,0.0149,41638.72,2025-11-28T15:06:24Z,2026-03-18T14:39:43Z
1564,36,115,affiliate,28,0.0798,39595.47,2026-01-31T03:00:08Z,2026-03-23T11:57:33Z
1565,5,392,ambassador,84,0.0706,35950.4,2026-01-01T18:40:03Z,2026-03-27T09:04:47Z
1566,13,507,organic,55,0.1187,19007.01,2025-06-04T14:27:20Z,2026-04-03T13:13:58Z
1567,28,381,sponsored,14,0.0834,4634.13,2026-02-18T18:07:36Z,2026-03-21T15:30:59Z
1568,27,410,affiliate,45,0.0196,46259.62,2025-11-01T14:47:25Z,2026-03-14T11:31:14Z
1569,10,431,ambassador,76,0.014,32539.04,2025-12-09T00:40:31Z,2026-04-02T21:05:33Z
1570,22,207,organic,69,0.1051,34458.15,2025-11-23T17:56:34Z,2026-03-28T13:19:33Z
1571,30,39,sponsored,37,0.0516,2407.71,2025-04-13T23:10:21Z,2026-04-02T06:23:10Z
1572,16,183,affiliate,39,0.0457,45644.71,2026-01-26T04:46:47Z,2026-04-08T03:00:04Z
1573,34,124,ambassador,55,0.1095,2103.5,2025-11-25T01:44:01Z,2026-04-04T18:56:16Z
1574,32,432,organic,34,0.0993,12050.78,2026-03-06T08:47:51Z,2026-04-01T02:24:16Z
1576,42,231,sponsored,46,0.0361,37372.79,2025-11-03T19:34:44Z,2026-03-29T02:13:46Z
1577,38,469,affiliate,21,0.0463,26127.06,2025-05-17T14:07:07Z,2026-04-03T07:18:54Z
1578,22,12,ambassador,15,0.0445,8045.87,2025-05-28T04:02:02Z,2026-04-01T01:18:28Z
1579,16,207,organic,78,0.0617,23380.89,2025-09-06T00:20:52Z,2026-04-13T06:00:48Z
1580,25,273,sponsored,24,0.0923,29185.45,2025-08-14T05:28:54Z,2026-03-16T21:21:02Z
1581,50,488,affiliate,42,0.0962,11326.82,2025-09-28T12:05:54Z,2026-03-15T18:20:12Z
1582,18,123,ambassador,15,0.0848,2317.45,2025-09-07T16:34:16Z,2026-03-22T07:54:44Z
1583,32,32,organic,11,0.0607,26373.94,2025-07-23T10:47:16Z,2026-04-04T05:54:58Z
1585,25,440,sponsored,25,0.0659,41765.7,2025-07-06T00:39:34Z,2026-04-06T17:16:30Z
1586,13,338,affiliate,27,0.0666,5141.96,2025-09-08T03:57:51Z,2026-03-14T12:17:07Z
1587,23,181,ambassador,21,0.0208,31310.89,2026-02-06T07:54:55Z,2026-03-15T15:42:00Z
1588,3,486,organic,6,0.0644,32825.94,2026-01-20T04:24:16Z,2026-04-06T12:10:38Z
1589,43,83,sponsored,27,0.0882,17151.75,2026-01-06T06:52:13Z,2026-03-18T13:18:14Z
1590,4,468,affiliate,90,0.0425,10459.08,2026-03-13T09:42:19Z,2026-04-09T01:19:55Z
1593,26,211,ambassador,73,0.0855,45465.47,2025-09-29T17:29:23Z,2026-03-15T14:30:06Z
1596,49,293,organic,50,0.0437,25434.7,2025-10-20T23:49:59Z,2026-03-19T22:13:29Z
1597,42,424,sponsored,69,0.1029,30266.32,2025-08-25T23:09:28Z,2026-03-21T15:32:52Z
1598,41,207,affiliate,26,0.0321,23546.52,2025-09-21T08:00:22Z,2026-04-03T05:36:25Z
1600,6,321,ambassador,98,0.0823,5180.13,2025-10-04T08:57:11Z,2026-03-20T03:59:34Z
1601,46,88,organic,50,0.0921,15411.48,2025-08-09T07:23:17Z,2026-03-19T07:06:01Z
1602,4,507,sponsored,93,0.0391,14736.25,2025-04-15T17:05:03Z,2026-03-21T15:18:06Z
1604,14,392,affiliate,74,0.0791,2378,2025-06-18T20:48:08Z,2026-03-29T13:14:29Z
1606,36,470,ambassador,4,0.0699,24651.2,2025-12-13T13:54:43Z,2026-04-01T21:14:38Z
1607,33,366,organic,36,0.0536,620.89,2025-09-05T03:54:18Z,2026-04-13T03:29:52Z
1608,20,373,sponsored,24,0.0522,11688.35,2025-09-10T05:32:27Z,2026-03-28T03:07:09Z
1609,11,158,affiliate,24,0.0348,40860.79,2025-10-01T20:39:19Z,2026-03-26T14:46:23Z
1611,13,208,ambassador,27,0.0562,21624.47,2025-05-01T20:02:40Z,2026-03-24T02:21:36Z
1612,39,163,organic,63,0.0577,25914.7,2025-07-11T02:41:32Z,2026-04-04T08:46:14Z
1613,21,107,sponsored,7,0.1181,28124.55,2025-06-21T05:52:37Z,2026-03-16T11:19:40Z
1614,36,274,affiliate,14,0.0356,23157.34,2026-01-05T21:11:33Z,2026-03-24T21:39:39Z
1615,30,82,ambassador,62,0.0394,48365.92,2025-12-10T14:18:41Z,2026-03-20T04:50:09Z
1617,42,508,organic,53,0.0342,34630.87,2025-08-07T12:40:34Z,2026-03-22T17:16:18Z
1618,38,319,sponsored,93,0.0777,16069.32,2025-11-13T20:50:33Z,2026-03-29T18:02:58Z
1621,4,125,affiliate,63,0.0522,38518.03,2025-10-12T08:56:42Z,2026-03-16T04:23:30Z
1622,11,411,ambassador,95,0.0339,40703.8,2025-09-01T05:10:10Z,2026-04-06T23:38:09Z
1623,24,510,organic,75,0.1013,37670.72,2025-05-25T03:16:44Z,2026-04-08T00:05:27Z
1624,15,185,sponsored,4,0.0261,4713.25,2025-05-20T05:58:04Z,2026-03-29T17:18:04Z
1625,45,462,affiliate,62,0.0939,44616.94,2025-11-15T16:43:48Z,2026-04-09T05:38:03Z
1626,20,202,ambassador,56,0.0694,7484.57,2025-10-16T23:15:49Z,2026-04-10T23:25:39Z
1627,15,338,organic,25,0.074,13765.03,2025-06-23T10:42:43Z,2026-04-10T01:44:52Z
1628,34,61,sponsored,84,0.033,35796.57,2025-10-19T20:33:20Z,2026-04-06T21:11:45Z
1629,17,272,affiliate,87,0.0834,17169.54,2025-09-06T21:46:14Z,2026-03-14T22:48:04Z
1630,35,161,ambassador,36,0.0317,48325.89,2025-06-29T16:52:17Z,2026-04-12T19:53:07Z
1631,7,104,organic,91,0.0145,26209.46,2025-10-23T16:10:04Z,2026-03-18T07:08:31Z
1632,32,427,sponsored,26,0.094,275.78,2025-11-21T21:19:21Z,2026-04-10T05:20:21Z
1633,31,30,affiliate,97,0.0348,43816.22,2026-03-10T16:10:19Z,2026-04-11T21:19:56Z
1634,37,62,ambassador,52,0.1015,37627.52,2025-10-19T04:04:42Z,2026-03-29T20:25:12Z
1635,31,7,organic,60,0.0545,49299.81,2026-03-07T10:20:13Z,2026-03-23T01:42:19Z
1636,32,141,sponsored,8,0.0481,12720.92,2025-10-06T17:06:08Z,2026-04-10T11:20:04Z
1637,27,109,affiliate,77,0.1141,30977.32,2025-04-26T10:50:38Z,2026-03-17T03:35:13Z
1638,10,191,ambassador,25,0.0866,44382.02,2025-09-14T16:11:15Z,2026-03-15T13:19:39Z
1639,48,181,organic,53,0.0253,21791.15,2025-10-08T00:22:05Z,2026-04-12T07:54:05Z
1640,41,145,sponsored,47,0.081,30289.76,2026-01-11T18:19:09Z,2026-03-15T21:44:19Z
1641,16,236,affiliate,32,0.0544,10979.22,2025-06-11T21:12:40Z,2026-03-24T02:22:56Z
1642,37,251,ambassador,74,0.1132,40183.38,2025-07-12T08:17:44Z,2026-04-04T00:32:11Z
1643,46,73,organic,37,0.113,18376.71,2025-12-25T07:58:29Z,2026-03-21T00:12:38Z
1644,36,286,sponsored,38,0.0166,37564.39,2025-09-03T22:15:21Z,2026-04-08T04:51:55Z
1646,30,37,affiliate,37,0.0788,1063.71,2025-07-22T13:53:32Z,2026-03-17T17:09:43Z
1647,8,134,ambassador,45,0.047,30466.65,2025-10-31T03:50:54Z,2026-03-22T02:34:02Z
1649,11,466,organic,58,0.0137,38940.79,2025-09-03T21:53:21Z,2026-03-24T07:41:46Z
1650,45,505,sponsored,53,0.0529,40039.99,2025-07-27T20:14:54Z,2026-03-28T14:30:58Z
1651,9,35,affiliate,82,0.067,24645.57,2025-12-27T00:35:35Z,2026-04-12T02:59:37Z
1652,8,408,ambassador,80,0.0536,14093.86,2025-08-26T06:50:14Z,2026-04-09T14:38:12Z
1655,3,72,organic,86,0.0947,23351.07,2025-09-04T23:34:19Z,2026-04-08T11:49:11Z
1656,11,341,sponsored,36,0.1079,5706.78,2026-01-14T19:41:17Z,2026-03-26T08:26:02Z
1657,9,91,affiliate,16,0.0614,39914.81,2025-04-22T22:22:18Z,2026-03-28T22:10:45Z
1658,5,362,ambassador,2,0.0814,31491.38,2025-06-12T12:03:05Z,2026-04-11T00:50:42Z
1659,37,127,organic,6,0.0706,18390.09,2025-05-15T09:59:32Z,2026-03-16T13:18:03Z
1660,13,194,sponsored,56,0.0634,12638.5,2025-10-04T17:38:33Z,2026-03-27T00:50:53Z
1662,38,139,affiliate,43,0.0944,5580.55,2025-09-10T11:09:19Z,2026-03-23T04:28:22Z
1663,39,356,ambassador,85,0.0325,40561.64,2025-12-30T00:23:24Z,2026-03-21T18:28:02Z
1664,2,135,organic,81,0.05,27313.41,2026-01-19T12:40:32Z,2026-03-24T13:07:39Z
1665,22,333,sponsored,5,0.0253,22448.49,2025-07-10T21:52:51Z,2026-04-01T11:38:37Z
1666,2,412,affiliate,96,0.051,4327.31,2025-09-24T02:05:29Z,2026-03-29T05:47:02Z
1667,18,318,ambassador,26,0.0248,29363.2,2025-06-27T07:46:15Z,2026-03-30T17:58:26Z
1668,10,407,organic,24,0.0404,36880.44,2025-11-01T18:17:15Z,2026-03-23T05:51:47Z
1670,36,88,sponsored,17,0.0261,17178.08,2025-08-01T12:48:08Z,2026-04-09T04:52:45Z
1671,39,188,affiliate,71,0.0282,41643.41,2026-03-10T15:02:27Z,2026-04-08T15:41:54Z
1672,43,309,ambassador,82,0.0902,47118.44,2025-05-16T18:15:25Z,2026-03-23T07:16:50Z
1673,19,230,organic,84,0.062,5842.29,2025-11-14T01:14:39Z,2026-03-20T07:53:24Z
1674,11,170,sponsored,26,0.0982,34002.37,2025-08-02T09:42:10Z,2026-03-29T08:37:47Z
1675,48,483,affiliate,28,0.0492,6810.33,2026-01-18T08:20:29Z,2026-04-02T22:26:46Z
1676,31,131,ambassador,43,0.0741,49485.92,2025-09-20T02:35:33Z,2026-03-21T19:21:13Z
1677,17,449,organic,47,0.0976,40154.1,2025-07-14T04:18:49Z,2026-04-07T18:09:36Z
1678,15,272,sponsored,94,0.071,49855.62,2025-11-02T07:17:32Z,2026-03-27T06:12:32Z
1680,37,512,affiliate,8,0.0713,7532.62,2026-01-27T15:23:20Z,2026-03-15T14:10:38Z
1681,22,191,ambassador,23,0.0584,11103.77,2025-12-13T07:50:57Z,2026-04-13T03:29:32Z
1682,7,511,organic,98,0.1162,9578.03,2025-10-14T21:10:44Z,2026-03-29T02:34:19Z
1683,47,348,sponsored,92,0.0294,27130.18,2026-03-09T08:45:48Z,2026-04-01T08:00:42Z
1684,10,451,affiliate,78,0.0892,25299.46,2025-06-09T08:04:11Z,2026-03-17T23:27:45Z
1685,1,316,ambassador,75,0.0358,4655.96,2025-10-27T00:23:54Z,2026-03-22T14:39:26Z
1686,38,115,organic,56,0.0239,18754.94,2025-09-07T17:59:08Z,2026-04-13T05:17:16Z
1687,29,61,sponsored,30,0.1052,4996.15,2026-01-29T23:08:34Z,2026-03-17T04:49:41Z
1688,27,49,affiliate,95,0.0475,101.45,2025-07-07T21:09:30Z,2026-04-08T20:26:25Z
1689,44,29,ambassador,32,0.0359,43913.1,2025-07-01T05:45:42Z,2026-04-02T11:34:01Z
1690,4,210,organic,69,0.113,33472.44,2026-02-18T04:25:41Z,2026-04-11T20:01:51Z
1691,3,254,sponsored,18,0.0224,6543.24,2025-07-23T10:20:18Z,2026-04-11T17:23:40Z
1692,49,476,affiliate,62,0.0134,46115.81,2025-06-06T08:31:58Z,2026-04-02T18:15:43Z
1693,31,261,ambassador,39,0.1163,23421.22,2026-02-26T19:33:47Z,2026-03-14T23:13:45Z
1694,5,171,organic,49,0.0594,48116.75,2025-07-23T21:19:25Z,2026-03-29T04:37:43Z
1695,40,192,sponsored,91,0.0258,30867.42,2026-02-12T22:42:02Z,2026-03-25T06:01:56Z
1696,12,342,affiliate,40,0.1164,32966.82,2025-06-27T01:24:02Z,2026-03-17T06:03:19Z
1697,49,83,ambassador,59,0.0635,13299.28,2025-07-06T10:02:56Z,2026-04-12T04:21:10Z
1698,44,384,organic,91,0.0945,19989.51,2025-09-14T00:59:32Z,2026-03-29T14:46:47Z
1699,23,457,sponsored,62,0.1108,3361.75,2025-04-22T14:18:14Z,2026-04-10T03:03:26Z
1700,27,372,affiliate,67,0.026,24793.56,2025-07-06T01:10:11Z,2026-03-27T02:38:01Z
1701,9,85,ambassador,87,0.0591,10299.91,2025-09-04T07:09:14Z,2026-03-26T19:57:09Z
1702,30,125,organic,49,0.1016,21747.79,2025-10-23T10:53:29Z,2026-03-27T18:57:50Z
1703,39,239,sponsored,63,0.0174,48329.59,2025-12-18T08:47:26Z,2026-04-09T04:56:07Z
1704,37,192,affiliate,8,0.031,24545.76,2025-09-03T04:50:45Z,2026-04-09T16:34:58Z
1705,33,177,ambassador,7,0.0569,45596.24,2025-05-13T05:41:55Z,2026-04-03T21:12:27Z
1707,16,23,organic,47,0.1019,21547.56,2025-07-08T01:30:16Z,2026-03-26T09:46:48Z
1708,35,482,sponsored,29,0.0342,5942.11,2025-08-07T23:26:54Z,2026-04-02T19:53:14Z
1709,33,232,affiliate,57,0.1048,45523.17,2025-08-09T08:53:27Z,2026-04-12T18:43:17Z
1710,8,209,ambassador,15,0.0517,45565.66,2025-05-14T18:43:14Z,2026-03-21T12:39:43Z
1711,12,321,organic,35,0.0408,14969.52,2025-08-22T10:44:11Z,2026-03-27T14:00:52Z
1712,40,427,sponsored,79,0.0288,24983.49,2025-10-28T16:30:52Z,2026-03-18T02:56:44Z
1713,23,372,affiliate,78,0.0722,17764.75,2025-05-21T13:12:17Z,2026-03-20T05:26:36Z
1714,20,1,ambassador,2,0.1124,19084.46,2025-10-20T09:35:06Z,2026-03-23T14:38:02Z
1716,12,465,organic,78,0.111,23614.53,2026-01-25T15:49:00Z,2026-03-19T15:16:38Z
1717,48,509,sponsored,73,0.0506,18120.53,2025-06-19T18:33:17Z,2026-03-22T21:33:23Z
1718,38,19,affiliate,19,0.044,45358.47,2025-06-27T14:09:58Z,2026-04-08T07:23:53Z
1719,50,408,ambassador,97,0.0379,49223.43,2026-01-20T11:23:33Z,2026-03-30T07:35:48Z
1720,10,385,organic,14,0.0898,15084.69,2025-08-06T17:58:20Z,2026-04-02T01:38:58Z
1721,10,479,sponsored,39,0.0429,43172.29,2025-09-13T18:09:17Z,2026-03-21T08:42:55Z
1722,19,423,affiliate,65,0.0251,23431.39,2025-05-24T15:51:09Z,2026-04-05T11:40:43Z
1723,15,195,ambassador,84,0.0496,36651.17,2025-05-05T16:03:47Z,2026-03-30T00:37:23Z
1724,44,488,organic,39,0.0819,44138.61,2025-04-27T19:04:34Z,2026-03-24T07:31:02Z
1725,14,205,sponsored,74,0.0704,35997.13,2026-02-06T13:50:54Z,2026-04-11T17:50:41Z
1726,45,378,affiliate,8,0.0398,29395,2025-06-13T22:02:39Z,2026-04-09T07:22:55Z
1727,13,442,ambassador,52,0.0394,26565.63,2025-12-01T06:53:07Z,2026-03-28T02:59:22Z
1728,24,35,organic,21,0.0298,29687.58,2025-07-01T05:32:48Z,2026-03-19T03:48:12Z
1729,41,181,sponsored,96,0.0257,46733.28,2025-09-23T04:08:27Z,2026-03-17T00:12:47Z
1730,27,393,affiliate,19,0.0505,30160.2,2025-11-20T10:05:38Z,2026-03-27T18:53:12Z
1731,49,341,ambassador,50,0.1183,39155.02,2025-04-14T22:43:15Z,2026-04-09T00:33:51Z
1732,24,362,organic,20,0.0492,1123.08,2025-05-25T23:33:48Z,2026-03-30T14:54:02Z
1733,50,266,sponsored,39,0.0676,22724.81,2026-03-06T14:18:58Z,2026-04-12T03:11:51Z
1734,34,308,affiliate,19,0.0232,28512.96,2025-11-24T13:28:22Z,2026-03-25T19:01:57Z
1735,23,446,ambassador,82,0.0642,48141.95,2026-03-01T12:55:06Z,2026-03-30T15:21:07Z
1736,43,104,organic,33,0.0169,22989.12,2026-03-01T23:18:52Z,2026-04-08T14:06:19Z
1737,19,438,sponsored,60,0.1113,1266.8,2025-12-02T22:28:34Z,2026-04-11T16:51:31Z
1738,11,112,affiliate,41,0.0391,46556.54,2025-07-10T16:47:25Z,2026-04-10T22:36:10Z
1739,12,429,ambassador,60,0.036,42609.65,2025-04-24T17:51:52Z,2026-03-15T12:38:06Z
1740,33,122,organic,81,0.1058,3596.42,2025-06-24T17:06:32Z,2026-04-11T21:41:58Z
1741,49,223,sponsored,68,0.1007,43229.35,2025-08-10T22:21:40Z,2026-03-26T22:15:22Z
1742,31,253,affiliate,18,0.0957,27147.88,2026-03-04T12:18:30Z,2026-03-22T20:58:09Z
1743,40,290,ambassador,57,0.0307,43123.64,2026-02-21T07:18:35Z,2026-04-10T20:26:48Z
1744,3,152,organic,3,0.023,13576.69,2025-04-21T23:56:14Z,2026-04-06T03:41:28Z
1745,46,201,sponsored,97,0.1196,36506.98,2025-07-09T12:20:31Z,2026-04-12T09:31:35Z
1746,4,28,affiliate,84,0.0702,11113.52,2025-12-18T00:00:48Z,2026-04-13T06:22:46Z
1747,19,330,ambassador,95,0.0804,26156.66,2025-09-15T19:10:18Z,2026-03-19T00:02:58Z
1748,5,457,organic,95,0.0236,3771.87,2026-02-17T09:26:51Z,2026-04-10T17:20:23Z
1749,35,343,sponsored,7,0.0956,1430.87,2025-09-10T08:47:48Z,2026-03-26T00:10:16Z
1750,11,477,affiliate,81,0.0785,4115.43,2025-09-06T15:53:48Z,2026-04-03T07:48:22Z
1751,39,433,ambassador,20,0.0353,34855.18,2026-03-01T19:41:47Z,2026-03-23T15:26:25Z
1752,41,292,organic,96,0.0505,42577.96,2026-01-07T12:27:06Z,2026-04-12T07:01:44Z
1753,24,24,sponsored,9,0.0572,19899.52,2026-02-09T08:09:21Z,2026-03-18T15:50:25Z
1754,5,208,affiliate,16,0.0582,8707.95,2025-06-14T02:57:06Z,2026-03-14T16:39:57Z
1755,36,269,ambassador,97,0.0433,18401.39,2026-03-01T12:52:03Z,2026-04-03T14:12:11Z
1756,29,517,organic,81,0.1079,31793.87,2026-02-24T17:24:07Z,2026-04-11T08:48:43Z
1757,26,137,sponsored,81,0.0638,29861.3,2025-07-23T14:38:28Z,2026-03-25T00:52:31Z
1758,16,474,affiliate,48,0.028,48095.62,2025-09-29T09:59:55Z,2026-04-06T20:36:10Z
1759,1,5,ambassador,22,0.0555,27694.28,2025-08-02T22:36:23Z,2026-04-09T21:06:20Z
1760,47,2,organic,69,0.0569,9482.77,2025-06-02T06:23:57Z,2026-04-02T20:41:44Z
1761,35,72,sponsored,50,0.1098,18046.17,2025-08-01T07:29:30Z,2026-03-27T06:10:43Z
1762,50,447,affiliate,9,0.0637,36302.17,2025-10-07T22:46:17Z,2026-03-17T23:30:25Z
1764,28,251,ambassador,1,0.0722,2749.78,2025-07-02T00:26:24Z,2026-03-16T07:40:45Z
1765,23,347,organic,84,0.0406,41787.54,2026-01-26T01:13:19Z,2026-04-06T17:30:39Z
1766,14,80,sponsored,73,0.1153,17666.29,2025-12-03T13:55:08Z,2026-03-29T13:12:35Z
1767,37,359,affiliate,30,0.0135,6899.35,2025-08-13T00:08:31Z,2026-04-04T06:48:38Z
1768,3,126,ambassador,41,0.091,16637.4,2025-11-14T13:56:37Z,2026-04-06T00:10:27Z
1769,10,135,organic,84,0.0994,16863.87,2025-10-27T14:20:49Z,2026-04-05T04:08:08Z
1770,35,117,sponsored,71,0.1197,31102.47,2025-08-20T08:52:17Z,2026-03-31T07:22:23Z
1771,42,427,affiliate,86,0.0958,11752.25,2025-12-09T23:48:14Z,2026-03-27T00:19:58Z
1772,31,335,ambassador,86,0.0214,152.94,2025-11-17T07:50:13Z,2026-04-07T17:33:19Z
1773,50,103,organic,52,0.0132,19994.41,2026-02-20T14:01:25Z,2026-04-10T20:43:20Z
1774,25,76,sponsored,23,0.0152,26276.22,2026-01-04T18:00:34Z,2026-03-22T10:46:27Z
1775,16,473,affiliate,47,0.1159,22896.05,2026-01-15T17:33:34Z,2026-03-19T12:33:02Z
1777,14,101,ambassador,1,0.0469,30463.72,2025-06-20T02:46:45Z,2026-03-22T17:13:27Z
1778,32,404,organic,9,0.0223,38051.08,2025-08-02T18:39:54Z,2026-03-18T05:57:24Z
1779,18,39,sponsored,51,0.0701,9528.86,2026-02-26T13:23:41Z,2026-03-26T22:17:25Z
1780,6,22,affiliate,93,0.0627,2254.25,2025-09-26T11:42:00Z,2026-03-15T20:53:31Z
1781,10,333,ambassador,33,0.0828,12884.72,2026-02-13T18:05:49Z,2026-03-19T15:25:24Z
1782,38,16,organic,77,0.0265,49015.39,2025-06-15T03:27:11Z,2026-03-31T16:55:24Z
1783,34,71,sponsored,83,0.0985,12283.16,2025-11-20T09:21:05Z,2026-04-12T17:19:28Z
1784,45,189,affiliate,53,0.0213,7764.95,2025-12-27T17:47:00Z,2026-03-22T04:06:35Z
1785,12,263,ambassador,29,0.099,21821.11,2026-02-26T12:06:02Z,2026-04-04T19:20:17Z
1787,3,169,organic,96,0.1046,9144.73,2025-10-26T04:32:41Z,2026-03-17T04:53:08Z
1788,15,142,sponsored,50,0.1124,43354.79,2025-10-02T23:05:49Z,2026-04-04T07:30:19Z
1789,40,289,affiliate,40,0.0645,29550.45,2026-02-05T06:36:43Z,2026-03-27T11:13:41Z
1790,24,425,ambassador,44,0.0115,48977.1,2025-11-14T03:28:00Z,2026-04-07T19:14:31Z
1793,19,401,organic,11,0.0353,30065.69,2025-07-26T21:06:53Z,2026-03-28T12:45:13Z
1794,38,25,sponsored,8,0.0279,22861.65,2025-05-05T23:29:19Z,2026-04-11T08:49:49Z
1795,16,171,affiliate,5,0.0117,44482.54,2026-01-04T00:49:35Z,2026-03-26T19:25:45Z
1796,47,256,ambassador,68,0.0554,21733.61,2025-11-29T23:28:27Z,2026-04-06T07:40:08Z
1797,3,335,organic,66,0.116,44080.32,2025-07-31T05:43:35Z,2026-03-23T12:06:29Z
1798,21,65,sponsored,54,0.0911,20296.28,2025-12-15T02:52:48Z,2026-03-14T12:51:10Z
1799,47,122,affiliate,37,0.1165,15961.54,2025-06-21T16:00:10Z,2026-03-27T13:14:07Z
1800,42,113,ambassador,3,0.0582,36690.22,2025-06-03T15:46:08Z,2026-03-20T19:41:20Z
1801,11,220,organic,47,0.0822,16583.72,2026-01-08T18:15:40Z,2026-03-22T17:46:46Z
1802,47,393,sponsored,86,0.1063,2834.68,2025-08-22T07:05:48Z,2026-04-12T03:39:53Z
1803,37,163,affiliate,2,0.1003,22025.03,2025-04-29T05:21:52Z,2026-03-17T05:30:27Z
1805,19,266,ambassador,75,0.0196,4892.18,2026-01-19T03:05:17Z,2026-04-11T03:32:39Z
1806,23,383,organic,46,0.0468,1091.99,2025-06-01T09:39:31Z,2026-03-20T04:31:51Z
1807,15,508,sponsored,1,0.0158,5311.31,2025-09-03T21:50:25Z,2026-03-24T13:43:27Z
1808,33,510,affiliate,35,0.07,15904.53,2025-07-02T21:52:51Z,2026-03-29T23:56:08Z
1809,48,380,ambassador,15,0.088,35213.51,2025-10-07T16:43:27Z,2026-04-12T21:58:21Z
1810,43,11,organic,95,0.0664,17203.73,2025-09-27T20:33:26Z,2026-04-11T07:59:41Z
1811,17,450,sponsored,63,0.0904,46438.71,2025-05-12T00:27:00Z,2026-03-18T10:44:02Z
1812,29,284,affiliate,93,0.0303,12172.68,2025-06-06T19:10:45Z,2026-03-16T16:56:28Z
1813,42,265,ambassador,57,0.0153,44550.27,2025-12-28T23:26:55Z,2026-04-08T10:34:02Z
1814,22,484,organic,35,0.1063,43714.72,2025-07-03T23:21:52Z,2026-03-20T07:21:21Z
1815,17,265,sponsored,13,0.0585,21782.75,2025-12-07T20:51:51Z,2026-04-01T18:21:16Z
1816,46,135,affiliate,41,0.1085,15264.11,2025-10-26T14:24:50Z,2026-04-09T07:52:41Z
1817,49,514,ambassador,63,0.0687,48976.48,2025-08-31T06:19:41Z,2026-03-17T08:02:18Z
1818,46,91,organic,68,0.0962,21488.14,2025-10-25T03:03:45Z,2026-04-07T02:07:57Z
1820,50,116,sponsored,57,0.0268,4792.52,2025-11-22T22:53:12Z,2026-03-22T15:21:05Z
1821,41,511,affiliate,19,0.105,10657.4,2025-06-20T12:14:56Z,2026-03-15T04:50:17Z
1822,46,485,ambassador,77,0.0965,46571.07,2025-10-04T13:39:09Z,2026-04-10T06:53:35Z
1823,47,281,organic,65,0.0291,33609.27,2025-05-09T22:30:08Z,2026-04-08T15:32:17Z
1824,35,207,sponsored,91,0.0415,31851.98,2025-07-20T10:38:23Z,2026-04-09T15:15:41Z
1825,5,502,affiliate,26,0.0973,28174.74,2026-02-13T17:44:07Z,2026-03-21T03:11:50Z
1827,16,7,ambassador,35,0.0499,26327.57,2025-08-02T02:36:01Z,2026-04-08T17:26:02Z
1828,45,257,organic,31,0.0956,36441.82,2025-08-12T09:11:52Z,2026-04-10T08:47:05Z
1829,31,464,sponsored,98,0.0427,38052.39,2025-12-26T20:22:13Z,2026-03-23T07:14:39Z
1830,25,449,affiliate,56,0.0451,47703.96,2025-05-30T12:08:47Z,2026-04-05T01:02:30Z
1831,45,332,ambassador,70,0.1186,46707.15,2025-09-24T11:21:57Z,2026-04-12T00:42:17Z
1832,47,304,organic,44,0.0685,10002.49,2025-10-19T11:35:17Z,2026-03-18T12:41:18Z
1833,35,467,sponsored,89,0.03,48829.98,2025-07-01T13:35:51Z,2026-03-23T19:58:07Z
1834,12,514,affiliate,5,0.1032,42450.23,2026-02-13T19:22:06Z,2026-03-25T08:03:35Z
1835,49,111,ambassador,64,0.056,15361.12,2025-06-01T09:50:28Z,2026-03-17T21:47:41Z
1836,22,427,organic,82,0.0817,11110.93,2025-09-13T14:35:23Z,2026-04-08T21:14:26Z
1837,5,221,sponsored,16,0.06,6444.63,2025-08-26T08:15:39Z,2026-03-24T01:17:48Z
1838,42,169,affiliate,1,0.0308,42341.54,2025-11-27T05:15:50Z,2026-03-22T05:02:30Z
1839,25,408,ambassador,62,0.1092,36087.32,2025-07-27T10:33:04Z,2026-04-03T03:46:58Z
1840,45,154,organic,42,0.079,12811.48,2025-07-27T20:08:47Z,2026-04-03T01:00:19Z
1841,6,228,sponsored,33,0.0175,9385.13,2025-06-04T14:27:30Z,2026-03-23T16:56:28Z
1842,6,333,affiliate,53,0.0857,20499,2025-08-12T01:56:54Z,2026-04-08T16:30:21Z
1844,28,266,ambassador,99,0.0224,41910.99,2025-09-06T05:28:33Z,2026-03-22T20:15:39Z
1845,35,439,organic,80,0.0373,1703.94,2026-03-11T05:50:23Z,2026-03-17T04:30:26Z
1846,26,442,sponsored,87,0.116,47941.88,2025-12-15T18:27:09Z,2026-04-08T03:32:23Z
1847,10,137,affiliate,6,0.0958,32373.85,2025-09-28T10:05:30Z,2026-03-23T20:22:41Z
1848,47,479,ambassador,95,0.0979,9745.35,2025-11-21T08:42:50Z,2026-04-06T09:52:55Z
1849,14,467,organic,78,0.1055,34416.22,2025-10-01T17:57:15Z,2026-04-02T10:32:02Z
1850,34,279,sponsored,59,0.1115,24426.95,2026-03-02T14:43:09Z,2026-04-12T17:43:48Z
1851,46,220,affiliate,96,0.1014,38387.83,2025-11-04T19:37:05Z,2026-04-03T17:01:29Z
1852,8,256,ambassador,79,0.0948,24228.9,2025-07-31T17:54:59Z,2026-03-30T00:25:41Z
1853,2,71,organic,48,0.044,45283.17,2025-07-25T10:00:59Z,2026-04-01T23:25:09Z
1854,27,191,sponsored,33,0.0795,39961.21,2025-06-29T17:09:18Z,2026-04-09T21:47:17Z
1855,38,49,affiliate,80,0.0724,46018.75,2025-08-07T13:38:47Z,2026-03-21T11:20:54Z
1856,35,178,ambassador,13,0.0487,41417.38,2026-03-04T08:39:42Z,2026-04-11T23:58:07Z
1857,20,239,organic,35,0.09,31248.53,2025-06-03T23:40:18Z,2026-03-14T22:03:39Z
1858,23,150,sponsored,30,0.0128,20106.54,2025-11-17T05:25:37Z,2026-03-27T20:00:56Z
1859,12,384,affiliate,94,0.0671,24008.57,2026-01-31T17:49:32Z,2026-03-22T15:36:14Z
1860,21,235,ambassador,53,0.0289,789.83,2025-08-25T07:35:18Z,2026-04-01T15:38:05Z
1861,49,266,organic,36,0.0415,7590.75,2025-07-13T17:38:58Z,2026-04-05T10:47:26Z
1862,50,91,sponsored,61,0.0364,2807.27,2025-10-25T03:08:04Z,2026-03-21T02:05:29Z
1863,25,79,affiliate,12,0.0256,19548,2025-07-19T07:33:46Z,2026-04-07T04:40:06Z
1864,42,128,ambassador,8,0.0364,24027.29,2025-08-31T16:40:11Z,2026-03-27T19:02:07Z
1866,22,16,organic,29,0.0533,26191.97,2026-01-17T19:47:09Z,2026-03-30T13:31:24Z
1867,40,191,sponsored,30,0.1173,13788.82,2025-06-04T18:00:55Z,2026-03-27T19:11:16Z
1868,43,128,affiliate,38,0.1022,42288.48,2025-10-08T16:09:52Z,2026-04-07T06:01:05Z
1871,34,149,ambassador,60,0.0303,3810.15,2025-09-27T06:58:02Z,2026-03-20T10:38:16Z
1872,27,479,organic,79,0.0454,41336.8,2025-05-06T05:44:03Z,2026-04-03T23:38:56Z
1873,40,305,sponsored,79,0.0483,13721.16,2025-09-05T14:28:25Z,2026-04-11T09:55:31Z
1874,36,351,affiliate,97,0.016,5885.47,2025-10-22T06:19:32Z,2026-04-04T17:18:22Z
1875,41,189,ambassador,86,0.1146,6434.32,2026-01-21T09:05:04Z,2026-04-12T14:13:58Z
1876,17,458,organic,63,0.0504,19405.8,2025-04-14T08:24:20Z,2026-04-03T23:27:28Z
1877,39,402,sponsored,94,0.0614,48478.33,2025-11-08T09:17:24Z,2026-03-18T00:01:50Z
1878,12,278,affiliate,56,0.0269,37016.33,2025-05-28T10:51:11Z,2026-03-22T11:32:23Z
1879,21,16,ambassador,47,0.1079,43203,2025-08-04T03:17:50Z,2026-03-30T05:08:24Z
1881,49,412,organic,66,0.0142,16897.13,2026-03-12T08:00:07Z,2026-04-08T05:29:29Z
1883,6,381,sponsored,68,0.0685,9241.16,2025-09-27T19:47:28Z,2026-04-07T00:29:00Z
1884,38,156,affiliate,84,0.0581,47248.24,2025-08-04T13:01:09Z,2026-03-17T00:42:11Z
1885,30,463,ambassador,63,0.1138,8379.4,2025-09-13T22:39:24Z,2026-04-05T11:07:25Z
1886,44,295,organic,33,0.0522,10872.71,2025-08-03T17:54:06Z,2026-03-21T23:39:48Z
1887,50,169,sponsored,85,0.1163,19711.13,2026-01-21T21:34:29Z,2026-03-26T23:23:47Z
1888,7,442,affiliate,36,0.0712,12473.06,2025-04-13T12:48:03Z,2026-04-01T00:54:17Z
1889,37,169,ambassador,95,0.1114,44809.55,2025-06-19T14:13:26Z,2026-03-26T18:35:25Z
1891,48,180,organic,28,0.0292,41173.79,2026-02-18T21:24:52Z,2026-03-23T01:14:11Z
1892,35,517,sponsored,2,0.0185,25549.28,2025-12-13T01:17:18Z,2026-04-09T04:11:55Z
1893,7,327,affiliate,36,0.1094,43297.37,2026-01-01T17:55:01Z,2026-03-20T14:40:04Z
1894,24,65,ambassador,97,0.0911,7031.16,2025-11-15T12:50:13Z,2026-03-19T18:13:14Z
1896,34,225,organic,27,0.1138,49638.97,2025-10-21T14:57:06Z,2026-03-19T23:09:16Z
1898,18,428,sponsored,62,0.1067,20857.16,2025-10-12T12:35:21Z,2026-03-23T19:53:19Z
1899,25,330,affiliate,99,0.0719,11032.91,2026-01-18T12:39:12Z,2026-04-12T07:02:15Z
1900,25,456,ambassador,39,0.0302,35174.57,2025-10-28T14:32:39Z,2026-04-10T21:32:46Z
1901,31,409,organic,72,0.0871,21811.57,2025-06-01T03:02:51Z,2026-03-29T10:11:11Z
1902,28,475,sponsored,16,0.0631,8836.19,2025-10-16T10:58:31Z,2026-03-25T19:31:12Z
1903,29,473,affiliate,3,0.1185,24567.08,2025-12-02T22:46:48Z,2026-04-06T07:47:24Z
1904,33,225,ambassador,98,0.0634,15256.75,2026-01-06T17:35:41Z,2026-04-12T19:55:57Z
1907,41,229,organic,19,0.0967,3632.58,2026-02-20T21:14:39Z,2026-03-30T00:30:05Z
1909,5,477,sponsored,72,0.0498,16239.8,2025-08-19T13:13:23Z,2026-03-26T11:20:32Z
1910,33,158,affiliate,53,0.0578,46136.03,2025-04-14T07:10:01Z,2026-03-28T07:32:32Z
1911,14,455,ambassador,95,0.0431,37144.47,2025-10-25T11:08:46Z,2026-03-31T04:35:42Z
1912,26,23,organic,96,0.084,44333.33,2025-10-18T22:27:11Z,2026-04-04T23:02:57Z
1913,16,95,sponsored,16,0.0999,2936.37,2025-07-01T18:30:45Z,2026-03-25T18:40:52Z
1914,41,518,affiliate,56,0.0111,7407.99,2025-09-29T14:07:29Z,2026-04-06T01:15:03Z
1915,19,94,ambassador,33,0.0486,46889.71,2025-10-19T23:43:08Z,2026-03-24T08:07:58Z
1916,22,435,organic,79,0.0479,5346.38,2026-02-19T00:08:13Z,2026-03-21T12:18:31Z
1917,41,82,sponsored,64,0.0799,39947.63,2025-07-06T13:42:24Z,2026-03-30T15:11:46Z
1918,19,151,affiliate,6,0.0898,49643.19,2026-02-08T13:32:34Z,2026-04-04T17:27:10Z
1919,2,235,ambassador,54,0.0216,29861.57,2025-07-01T11:23:56Z,2026-03-18T17:26:16Z
1920,50,208,organic,34,0.0449,13673.74,2026-02-17T00:28:12Z,2026-03-24T18:00:21Z
1921,15,116,sponsored,58,0.1049,45999.88,2025-12-16T04:41:48Z,2026-03-31T05:54:58Z
1922,40,164,affiliate,47,0.066,39188.83,2025-12-04T00:00:51Z,2026-04-10T17:34:21Z
1923,9,222,ambassador,64,0.1156,44205.51,2026-01-01T19:19:32Z,2026-03-28T07:09:04Z
1924,22,291,organic,20,0.0198,23412.36,2026-02-07T19:39:13Z,2026-04-09T18:10:41Z
1925,22,374,sponsored,29,0.0196,48503.2,2026-03-01T11:20:33Z,2026-04-06T16:23:26Z
1926,11,166,affiliate,17,0.0966,20744.02,2025-07-03T15:54:32Z,2026-03-28T11:00:08Z
1927,12,440,ambassador,20,0.0947,9447.64,2025-09-29T13:27:21Z,2026-03-16T03:26:58Z
1928,15,289,organic,85,0.0878,31724.22,2025-06-01T05:43:06Z,2026-04-02T01:39:24Z
1929,35,356,sponsored,98,0.0485,49097.96,2025-07-13T15:18:20Z,2026-03-17T22:16:32Z
1930,15,264,affiliate,73,0.1192,30904.55,2025-12-19T21:54:12Z,2026-03-15T14:12:38Z
1931,42,207,ambassador,49,0.023,2937.56,2025-07-12T16:15:40Z,2026-04-07T06:59:09Z
1932,38,362,organic,3,0.0926,32879.5,2025-04-21T22:06:50Z,2026-04-09T06:18:46Z
1933,18,75,sponsored,47,0.0826,36091.81,2026-01-04T01:57:49Z,2026-03-27T14:35:20Z
1935,24,233,affiliate,73,0.0132,44602.69,2025-10-20T16:29:43Z,2026-04-01T08:53:43Z
1938,12,489,ambassador,55,0.111,7172.41,2025-08-15T14:43:35Z,2026-03-28T05:21:31Z
1939,34,393,organic,35,0.0674,8841.03,2025-05-05T22:44:19Z,2026-03-21T02:08:22Z
1940,30,241,sponsored,15,0.0398,27927.29,2026-02-26T10:07:49Z,2026-03-22T07:48:10Z
1941,35,454,affiliate,10,0.0169,8241.27,2026-02-26T13:53:16Z,2026-03-25T07:41:39Z
1942,39,9,ambassador,64,0.0643,10154.1,2025-06-26T14:48:22Z,2026-04-01T22:29:39Z
1943,30,187,organic,57,0.0709,9300.85,2025-07-07T19:29:09Z,2026-04-09T08:01:45Z
1944,39,439,sponsored,16,0.0249,43482.38,2025-08-28T03:29:50Z,2026-03-26T00:54:49Z
1945,26,279,affiliate,7,0.072,10938.46,2026-02-27T17:34:16Z,2026-04-04T15:09:38Z
1946,6,312,ambassador,55,0.1097,32257.33,2026-01-12T15:39:08Z,2026-04-08T17:18:50Z
1947,48,64,organic,90,0.0943,14564.77,2025-11-19T01:37:50Z,2026-04-09T04:09:06Z
1948,33,467,sponsored,41,0.0451,44525.51,2025-05-18T20:09:49Z,2026-03-19T13:04:18Z
1949,38,360,affiliate,67,0.0849,29136.9,2025-07-20T20:29:39Z,2026-04-03T14:05:59Z
1950,12,357,ambassador,78,0.0438,18876.5,2025-05-04T22:31:56Z,2026-03-29T12:13:19Z
1951,1,390,organic,71,0.0257,43394.04,2026-03-01T10:38:41Z,2026-03-28T13:30:40Z
1952,7,262,sponsored,28,0.067,24405.45,2026-03-08T13:05:44Z,2026-03-19T07:26:48Z
1953,22,502,affiliate,39,0.1157,36779.98,2025-04-24T17:17:58Z,2026-03-20T19:36:40Z
1954,10,136,ambassador,24,0.1068,43377.94,2025-05-03T02:34:51Z,2026-04-05T10:47:03Z
1955,26,437,organic,26,0.0425,4659.13,2025-06-02T17:22:44Z,2026-03-20T15:30:05Z
1956,39,232,sponsored,84,0.0127,19859.35,2026-02-07T13:01:49Z,2026-04-05T14:20:54Z
1957,9,360,affiliate,52,0.011,33538.42,2025-07-16T15:08:17Z,2026-04-07T12:39:27Z
1958,22,391,ambassador,10,0.0715,9787.54,2025-07-13T06:43:57Z,2026-03-17T21:01:59Z
1959,31,339,organic,41,0.0505,43893.32,2025-06-22T17:47:37Z,2026-03-31T12:13:57Z
1960,30,66,sponsored,31,0.0378,23094.37,2025-07-28T16:09:35Z,2026-03-30T20:45:41Z
1961,19,258,affiliate,22,0.1107,32896.81,2025-12-02T22:22:48Z,2026-04-07T16:00:47Z
1964,17,332,ambassador,45,0.1193,11484.68,2025-09-04T19:59:09Z,2026-03-31T10:01:32Z
1965,8,104,organic,46,0.0136,10736.02,2025-10-26T04:37:35Z,2026-04-03T06:20:04Z
1966,21,206,sponsored,75,0.0239,34005.51,2025-04-27T03:55:21Z,2026-03-17T05:00:48Z
1968,32,265,affiliate,39,0.0963,15977.94,2025-05-15T08:10:44Z,2026-04-02T17:28:56Z
1969,37,411,ambassador,35,0.0993,25138.56,2025-08-08T13:55:43Z,2026-03-15T11:33:13Z
1970,9,256,organic,63,0.0213,37678.27,2025-06-16T02:18:37Z,2026-04-08T12:56:19Z
1971,34,72,sponsored,61,0.1028,48225.93,2025-09-07T14:02:10Z,2026-04-06T07:57:41Z
1972,21,33,affiliate,30,0.1041,3856.15,2025-06-13T15:23:07Z,2026-03-16T06:01:10Z
1973,26,190,ambassador,39,0.1135,10225.84,2025-07-27T19:34:27Z,2026-04-06T17:55:51Z
1974,45,209,organic,9,0.1031,22478.91,2025-09-16T21:47:36Z,2026-03-31T00:10:23Z
1975,26,124,sponsored,8,0.0598,37281.42,2025-05-09T16:22:39Z,2026-03-30T07:22:01Z
1977,44,86,affiliate,75,0.0124,715.09,2025-11-16T15:41:48Z,2026-04-10T04:31:03Z
1978,35,163,ambassador,33,0.0817,10501.01,2025-12-20T01:36:40Z,2026-03-28T20:37:23Z
1979,30,78,organic,29,0.0632,39925.46,2025-11-30T16:06:23Z,2026-03-18T06:30:07Z
1981,17,23,sponsored,52,0.0178,42515,2025-04-23T04:15:16Z,2026-03-16T18:12:08Z
1982,21,230,affiliate,95,0.0259,42245.21,2025-06-29T10:53:37Z,2026-04-08T06:00:00Z
1983,23,170,ambassador,97,0.0466,3494.65,2025-07-03T04:33:39Z,2026-03-15T16:44:11Z
1984,38,172,organic,61,0.0951,43766.8,2025-05-14T20:03:18Z,2026-03-31T21:42:04Z
1985,47,368,sponsored,28,0.0479,19696.25,2025-08-15T21:23:38Z,2026-03-21T09:51:10Z
1986,9,154,affiliate,57,0.0787,34662.77,2025-10-07T18:46:42Z,2026-03-22T10:13:56Z
1987,50,31,ambassador,65,0.0371,31786.61,2025-06-05T18:47:10Z,2026-04-09T04:13:24Z
1989,46,223,organic,49,0.0956,33873.17,2026-01-06T07:12:43Z,2026-03-21T14:29:09Z
1990,42,303,sponsored,91,0.0108,3234.45,2025-07-08T00:09:02Z,2026-04-11T05:07:07Z
1991,1,230,affiliate,7,0.017,40910.8,2025-08-21T16:40:20Z,2026-03-14T16:11:31Z
1992,49,234,ambassador,91,0.0283,49488.61,2025-05-09T09:39:43Z,2026-03-31T08:39:49Z
1993,50,76,organic,45,0.0443,2809.77,2025-12-19T18:19:20Z,2026-03-16T04:13:39Z
1994,49,403,sponsored,39,0.0682,2584.27,2025-08-11T02:07:31Z,2026-04-13T08:49:42Z
1995,7,208,affiliate,32,0.0821,14057.62,2026-01-04T15:23:20Z,2026-04-02T18:30:02Z
1996,46,61,ambassador,50,0.0376,15694.2,2026-03-08T00:18:23Z,2026-04-10T20:55:16Z
1997,21,213,organic,21,0.0837,17237.07,2026-01-03T08:42:30Z,2026-04-08T23:16:41Z
1998,32,85,sponsored,94,0.0141,25893.64,2025-10-12T11:47:31Z,2026-03-27T22:37:52Z
1999,25,368,affiliate,7,0.1137,507.5,2025-11-30T18:38:25Z,2026-03-25T19:00:29Z
2000,37,63,ambassador,52,0.1081,1980.98,2025-05-06T10:44:32Z,2026-04-06T01:44:46Z
